rows,duration,AccelX_mean,AccelX_std,AccelX_max,AccelX_min,AccelX_range,AccelX_median,AccelY_mean,AccelY_std,AccelY_max,AccelY_min,AccelY_range,AccelY_median,AccelZ_mean,AccelZ_std,AccelZ_max,AccelZ_min,AccelZ_range,AccelZ_median,GyroX_mean,GyroX_std,GyroX_max,GyroX_min,GyroX_range,GyroX_median,GyroY_mean,GyroY_std,GyroY_max,GyroY_min,GyroY_range,GyroY_median,GyroZ_mean,GyroZ_std,GyroZ_max,GyroZ_min,GyroZ_range,GyroZ_median,Total_A_mean,Total_A_std,Total_A_max,Total_A_min,Total_A_range,Total_A_median,A_peak,A_mean,A_std,A_range,A_min,A_peak_index_ratio,gyro_abs_peak,gyro_abs_mean,accel_abs_peak,AccelX_first,AccelX_last,AccelX_delta,AccelY_first,AccelY_last,AccelY_delta,AccelZ_first,AccelZ_last,AccelZ_delta,GyroX_first,GyroX_last,GyroX_delta,GyroY_first,GyroY_last,GyroY_delta,GyroZ_first,GyroZ_last,GyroZ_delta,label,label_name
25,2.4850704669952393,0.2708,0.111949393328712,0.42,0.02,0.39999999999999997,0.31,-0.8648,0.30240866389705173,-0.26,-1.6,1.34,-0.79,0.3488,0.1608135566424672,0.63,0.08,0.55,0.37,0.7939999999999998,89.30742498993762,150.7,-193.92,344.62,32.7,-50.42,126.87937076215346,186.92,-272.63,459.54999999999995,-64.72,12.229999999999997,102.13098840051762,223.66,-231.94,455.6,20.37,0.9884000000000001,0.306725718952074,1.67,0.31,1.3599999999999999,0.93,1.67,0.9884000000000001,0.306725718952074,1.3599999999999999,0.31,0.7083333333333334,272.63,154.174,1.6,0.31,0.24,-0.07,-0.85,-0.73,0.12,0.33,0.4,0.07,128.75,-193.92,-322.66999999999996,-272.63,70.4,343.03,56.98,-8.58,-65.56,0,normal
24,2.3747007846832275,-0.27458333333333335,0.27814571043229136,0.25,-0.83,1.08,-0.365,-0.8804166666666666,0.1233404326198047,-0.73,-1.25,0.52,-0.86,0.105,0.12600897138523598,0.47,-0.1,0.57,0.08,-1.6875000000000024,88.4970258036221,320.9,-179.95,500.84999999999997,-7.545,-25.263333333333335,48.26189870556967,37.25,-224.86,262.11,-17.130000000000003,11.58083333333333,103.48138487992256,322.53,-239.39,561.92,-12.61,0.9704166666666666,0.16198441059361954,1.42,0.74,0.6799999999999999,0.925,1.42,0.9704166666666666,0.16198441059361954,0.6799999999999999,0.74,0.5217391304347826,322.53,80.95041666666667,1.25,-0.14,-0.38,-0.24,-0.84,-0.91,-0.07000000000000006,0.25,0.14,-0.10999999999999999,-2.6,5.68,8.28,-1.05,-45.02,-43.970000000000006,-29.88,-52.0,-22.12,0,normal
25,2.475275754928589,0.09160000000000001,0.1429067294893188,0.44,-0.18,0.62,0.04,-0.97,0.1456594201096059,-0.77,-1.45,0.6799999999999999,-0.96,0.0264,0.13567362799502833,0.42,-0.29,0.71,0.03,-10.1456,62.116099636084684,149.73,-194.41,344.14,-0.26,-22.8164,38.977593550654206,81.57,-136.0,217.57,-18.52,-4.881199999999999,27.911075209194887,27.59,-118.67,146.26,-2.05,0.9932,0.15868522300453813,1.51,0.78,0.73,0.98,1.51,0.9932,0.15868522300453813,0.73,0.78,0.5833333333333334,194.41,47.9176,1.45,0.1,0.18,0.07999999999999999,-0.96,-0.96,0.0,0.03,-0.04,-0.07,2.35,4.96,2.61,-16.6,-14.57,2.030000000000001,-3.02,15.21,18.23,0,normal
25,2.418802499771118,-0.28359999999999996,0.4789300575240606,0.66,-1.15,1.81,-0.06,0.4391999999999999,0.6905608831474118,1.01,-2.0,3.01,0.35,0.3632,0.5992684429090746,2.0,-0.39,2.39,0.25,-43.6632,106.25536467711485,103.47,-501.91,605.38,-35.28,9.206000000000001,178.083082904207,314.84,-510.57,825.41,-17.41,-40.249199999999995,109.16907899064948,141.3,-320.08,461.38,-10.41,1.1072,0.45885291761086144,2.9,0.43,2.4699999999999998,1.0,2.9,1.1072,0.45885291761086144,2.4699999999999998,0.43,0.5833333333333334,510.57,145.6336,2.0,0.1,-0.63,-0.73,1.01,0.2,-0.81,-0.08,0.74,0.82,0.67,-22.52,-23.19,-17.25,-75.33,-58.08,4.64,-36.9,-41.54,1,fall
20,1.9663891792297363,-0.126,0.09287229488870583,-0.01,-0.36,0.35,-0.11,-0.9175000000000001,0.14260268691644445,-0.64,-1.12,0.4800000000000001,-0.95,0.277,0.09364546803882463,0.43,0.1,0.32999999999999996,0.29500000000000004,-11.8965,47.73502060718547,65.08,-82.27,147.35,-32.355,-50.907999999999994,81.6569459835991,119.68,-243.01,362.69,-58.224999999999994,9.664,37.95988525300166,88.09,-64.15,152.24,24.33,0.9760000000000002,0.1399774417916198,1.15,0.68,0.46999999999999986,0.995,1.15,0.9760000000000002,0.1399774417916198,0.46999999999999986,0.68,0.42105263157894735,243.01,87.36699999999999,1.12,-0.12,-0.21,-0.09,-1.01,-1.05,-0.040000000000000036,0.23,0.31,0.07999999999999999,-31.02,-82.27,-51.25,-50.79,-92.31,-41.52,24.49,-21.8,-46.29,0,normal
18,1.7568328380584717,-0.9794444444444443,0.02817429412910291,-0.89,-1.02,0.13,-0.985,-0.08333333333333334,0.0715377317142746,-0.03,-0.34,0.31000000000000005,-0.06,-0.19,0.049705012174770836,-0.08,-0.24,0.15999999999999998,-0.21,-0.26888888888888873,31.998294603249406,123.48,-35.16,158.64,-5.16,-7.95111111111111,12.927753951178921,22.03,-28.31,50.34,-12.035,4.138888888888888,15.392603223201984,40.58,-14.47,55.05,-0.20499999999999996,1.0055555555555555,0.020065253028182028,1.04,0.96,0.08000000000000007,1.01,1.04,1.0055555555555555,0.020065253028182028,0.08000000000000007,0.96,0.23529411764705882,123.48,22.138888888888893,1.02,-0.89,-0.94,-0.04999999999999993,-0.34,-0.06,0.28,-0.09,-0.19,-0.1,123.48,-7.01,-130.49,-28.31,-13.91,14.399999999999999,14.32,-4.98,-19.3,0,normal
25,2.4508445262908936,-0.48200000000000004,0.6041109169680681,0.16,-2.0,2.16,-0.22,-0.7971999999999998,0.35331194903842883,-0.31,-2.0,1.69,-0.89,0.11280000000000001,0.4263656490228389,2.0,-0.45,2.45,0.04,17.5784,116.67191263253265,498.63,-157.15,655.78,-3.4,14.4276,99.89914031495299,238.79,-325.83,564.62,3.45,25.6928,91.02209322100505,206.75,-157.54,364.28999999999996,39.94,1.0972000000000002,0.5784715492859899,3.46,0.38,3.08,0.96,3.46,1.0972000000000002,0.5784715492859899,3.08,0.38,0.625,498.63,112.70919999999998,2.0,0.08,-0.63,-0.71,-0.95,-0.66,0.2899999999999999,0.04,0.16,0.12,22.21,-34.11,-56.32,-3.95,-16.38,-12.43,-20.72,-64.99,-44.269999999999996,1,fall
25,2.4872820377349854,0.23120000000000002,0.09225508116087698,0.35,0.07,0.27999999999999997,0.27,-0.056399999999999985,0.1577677618104113,0.39,-0.31,0.7,-0.08,0.9032000000000001,0.1646136891836966,1.28,0.71,0.5700000000000001,0.85,0.4631999999999994,51.53479016806673,84.79,-122.12,206.91000000000003,-2.52,-12.201199999999998,27.027610469049364,43.77,-76.5,120.27000000000001,-8.31,32.9868,75.58669325791854,188.44,-108.58,297.02,25.1,0.9508000000000001,0.16948254580732888,1.34,0.79,0.55,0.9,1.34,0.9508000000000001,0.16948254580732888,0.55,0.79,0.5833333333333334,188.44,76.10560000000001,1.28,0.3,0.32,0.020000000000000018,0.07,-0.15,-0.22,1.05,0.85,-0.20000000000000007,30.32,20.43,-9.89,-21.34,18.29,39.629999999999995,188.44,-27.99,-216.43,0,normal
25,2.4701554775238037,0.27240000000000003,0.1429533723515002,0.63,0.02,0.61,0.26,-0.9188,0.3337079561532808,-0.43,-1.71,1.28,-0.88,0.2484,0.14831498013799324,0.63,-0.15,0.78,0.23,15.796799999999998,89.26029691861886,174.31,-146.86,321.17,6.06,-70.63759999999999,110.43646628567336,209.22,-212.02,421.24,-90.92,29.887200000000004,110.20787757385283,279.37,-204.72,484.09000000000003,37.79,1.0064,0.34842359277178686,1.76,0.54,1.22,0.96,1.76,1.0064,0.34842359277178686,1.22,0.54,0.625,279.37,144.924,1.71,0.26,0.22,-0.04000000000000001,-1.01,-0.8,0.20999999999999996,0.24,0.05,-0.19,159.98,2.9,-157.07999999999998,-90.92,-35.77,55.15,-55.97,39.22,95.19,0,normal
25,2.4878480434417725,0.061200000000000004,0.15969554366564734,0.46,-0.21,0.67,0.01,-0.9688,0.1507846145997661,-0.85,-1.66,0.8099999999999999,-0.96,0.031599999999999996,0.13230898180647702,0.21,-0.34,0.55,0.04,-5.888,36.96075576427878,99.95,-112.9,212.85000000000002,-2.44,-13.966000000000001,36.31640113869582,99.92,-73.37,173.29000000000002,-7.88,-13.357599999999998,33.23492418626326,26.55,-118.57,145.12,-5.77,0.99,0.16327379867367983,1.74,0.87,0.87,0.97,1.74,0.99,0.16327379867367983,0.87,0.87,0.7916666666666666,118.57,36.4788,1.66,0.02,0.28,0.26,-0.98,-0.89,0.08999999999999997,0.04,0.13,0.09,1.74,-10.38,-12.120000000000001,-21.18,-13.65,7.529999999999999,2.99,26.55,23.560000000000002,0,normal
23,2.1581039428710938,-0.418695652173913,0.6682562406457985,1.01,-2.0,3.01,-0.22,0.22478260869565214,0.42819780438927346,0.8,-0.67,1.4700000000000002,0.1,0.7200000000000001,0.2422995891640985,1.58,0.35,1.23,0.64,-65.12478260869565,140.4836507430205,132.35,-501.91,634.26,-33.8,82.34608695652175,170.37929325582888,489.97,-304.08,794.05,39.88,5.684782608695655,205.5022976175375,417.04,-502.2,919.24,16.04,1.104782608695652,0.43815594531064755,2.57,0.66,1.9099999999999997,0.97,2.57,1.104782608695652,0.43815594531064755,1.9099999999999997,0.66,0.6363636363636364,502.2,170.44,2.0,-0.1,-0.78,-0.68,0.72,0.1,-0.62,0.6,0.58,-0.020000000000000018,-7.42,-30.73,-23.310000000000002,-8.96,89.42,98.38,-4.35,64.95,69.3,1,fall
23,2.269745349884033,-0.3647826086956521,0.38231198070801464,0.21,-1.43,1.64,-0.35,0.33478260869565213,0.527195578382077,2.0,-0.79,2.79,0.18,0.7039130434782608,0.46652232851595915,1.87,-0.2,2.0700000000000003,0.71,-27.18521739130435,155.34452768164192,287.33,-501.91,789.24,-13.8,21.433478260869574,168.33792411825294,489.97,-172.75,662.72,-28.31,-16.11826086956522,122.04398881521716,201.86,-372.69,574.55,-5.91,1.0382608695652173,0.5356020586381193,3.09,0.23,2.86,0.95,3.09,1.0382608695652173,0.5356020586381193,2.86,0.23,0.4090909090909091,501.91,137.01260869565218,2.0,-0.05,-0.34,-0.29000000000000004,0.61,0.1,-0.51,0.71,0.86,0.15000000000000002,-27.56,-9.59,17.97,-3.53,-28.82,-25.29,-6.25,7.63,13.879999999999999,1,fall
25,2.5271177291870117,0.26880000000000004,0.4104603107081934,2.0,-0.05,2.05,0.19,-0.38839999999999997,0.2726517925853414,0.2,-0.85,1.05,-0.45,0.7056,0.31808122652345683,1.41,-0.12,1.5299999999999998,0.73,-15.6868,114.09513635266549,92.35,-501.91,594.26,-1.65,-43.037600000000005,142.19979902939386,271.95,-510.57,782.52,-10.31,25.0256,102.16256755289581,498.34,-80.38,578.72,6.87,0.9432,0.4095599264251,2.51,0.0,2.51,0.89,2.51,0.9432,0.4095599264251,2.51,0.0,0.625,510.57,95.47039999999998,2.0,0.13,0.23,0.1,-0.64,-0.1,0.54,0.71,0.85,0.14,-4.84,9.13,13.97,-25.79,-12.96,12.829999999999998,5.51,12.12,6.609999999999999,1,fall
18,1.7500383853912354,-0.16833333333333333,0.1015902959701079,-0.05,-0.46,0.41000000000000003,-0.135,-0.8411111111111111,0.11811703512587887,-0.62,-1.05,0.43000000000000005,-0.845,0.4538888888888888,0.11677725850770415,0.67,0.25,0.42000000000000004,0.44,5.3633333333333315,34.55392886489176,76.66,-78.53,155.19,5.0600000000000005,72.24666666666667,46.07943384558247,130.06,-32.75,162.81,82.83500000000001,-50.91722222222223,29.981969445486154,0.18,-116.83,117.01,-44.864999999999995,0.9783333333333333,0.15123997292966138,1.25,0.71,0.54,0.985,1.25,0.9783333333333333,0.15123997292966138,0.54,0.71,0.29411764705882354,130.06,89.61333333333333,1.05,-0.12,-0.21,-0.09,-0.8,-1.01,-0.20999999999999996,0.25,0.62,0.37,14.14,-19.42,-33.56,82.69,121.57,38.879999999999995,-43.97,-33.88,10.089999999999996,0,normal
25,2.470993995666504,-0.0027999999999999982,0.1527394295306007,0.64,-0.17,0.81,-0.04,-0.99,0.2599358895317587,-0.45,-2.0,1.55,-0.96,-0.0444,0.1430058273870917,0.14,-0.49,0.63,-0.02,-11.799199999999995,39.650971291171835,114.09,-100.35,214.44,-8.86,-25.4936,45.310867246905204,84.75,-101.34,186.09,-36.21,3.1351999999999998,41.30551376834171,133.51,-99.68,233.19,2.79,1.008,0.270755116910712,2.1,0.56,1.54,0.97,2.1,1.008,0.270755116910712,1.54,0.56,1.0,133.51,57.0952,2.0,-0.06,0.64,0.7,-1.0,-2.0,-1.0,0.02,-0.02,-0.04,13.44,114.09,100.65,49.69,84.75,35.06,3.27,133.51,130.23999999999998,0,normal
22,2.1730194091796875,-0.9918181818181817,0.03862350180621758,-0.93,-1.09,0.16000000000000003,-0.99,0.020000000000000004,0.20816659994661327,0.8,-0.3,1.1,-0.02,-0.1440909090909091,0.07525569688349125,0.12,-0.31,0.43,-0.15,-8.981363636363637,37.36453963133324,58.24,-156.41,214.65,-5.325,8.036363636363637,79.09069396497588,318.72,-55.02,373.74,-13.635,-8.775909090909092,43.178585263121754,58.21,-164.35,222.56,-3.3600000000000003,1.0240909090909094,0.059494624879987176,1.23,0.97,0.26,1.01,1.23,1.0240909090909094,0.059494624879987176,0.26,0.97,0.0,318.72,47.65227272727273,1.09,-0.93,-1.0,-0.06999999999999995,0.8,-0.02,-0.8200000000000001,0.12,-0.16,-0.28,-156.41,-9.76,146.65,318.72,-16.03,-334.75,-82.31,-6.44,75.87,0,normal
25,2.469770669937134,-0.242,0.2006240264773888,0.07,-0.58,0.6499999999999999,-0.23,-0.8320000000000001,0.10428326807307103,-0.6,-1.0,0.4,-0.83,0.3732,0.14305360300717118,0.67,0.18,0.49000000000000005,0.38,12.993200000000003,65.25438546692986,129.33,-139.51,268.84000000000003,32.46,26.3492,94.05159882213593,179.5,-160.69,340.19,16.76,-26.976399999999998,58.79496817188809,67.69,-116.41,184.1,-20.11,0.9688000000000001,0.1397712416772492,1.18,0.67,0.5099999999999999,0.97,1.18,0.9688000000000001,0.1397712416772492,0.5099999999999999,0.67,0.25,179.5,100.94120000000001,1.0,-0.44,-0.06,0.38,-0.82,-0.74,0.07999999999999996,0.23,0.18,-0.05000000000000002,74.98,-44.81,-119.79,107.82,-130.31,-238.13,-20.11,26.58,46.69,0,normal
25,2.49121356010437,-0.036399999999999995,0.1396686555148768,0.29,-0.58,0.8699999999999999,-0.04,-0.934,0.39088574630787787,-0.21,-2.0,1.79,-0.97,-0.05720000000000001,0.24179054296367064,0.13,-0.91,1.04,0.06,-13.578000000000001,85.73969418147777,134.05,-181.37,315.42,-2.76,-10.136400000000002,34.09116709647823,98.38,-98.61,196.99,-10.79,-11.6024,53.86835839030801,56.58,-232.96,289.54,-5.39,0.9632,0.41988808032617453,2.22,0.23,1.9900000000000002,0.97,2.22,0.9632,0.41988808032617453,1.9900000000000002,0.23,1.0,232.96,69.84120000000001,2.0,0.01,0.29,0.27999999999999997,-0.92,-2.0,-1.08,-0.31,-0.91,-0.6000000000000001,106.66,-19.04,-125.69999999999999,-39.94,-98.61,-58.67,32.76,-232.96,-265.72,0,normal
25,2.467236042022705,-0.10680000000000002,0.21786310686606242,0.16,-0.43,0.59,-0.1,-0.41960000000000003,0.5229601641935391,0.85,-1.0,1.85,-0.68,0.5456,0.5352264318336056,2.0,-0.03,2.03,0.55,53.992,119.29559093556922,405.37,-122.92,528.29,20.46,5.6892000000000005,80.52989185803409,326.24,-116.23,442.47,-16.89,-15.485999999999997,65.89444728756234,253.63,-146.43,400.06,-13.3,0.9876,0.30654363474063523,2.21,0.64,1.5699999999999998,0.93,2.21,0.9876,0.30654363474063523,1.5699999999999998,0.64,0.5416666666666666,405.37,100.27480000000001,2.0,0.14,-0.29,-0.43,-0.94,-0.12,0.82,0.03,0.87,0.84,20.46,-12.82,-33.28,-19.13,-17.73,1.3999999999999986,-25.44,-25.57,-0.129999999999999,1,fall
22,2.160207986831665,-0.6254545454545455,0.5015663776299516,-0.04,-2.0,1.96,-0.605,0.3145454545454545,0.7829415064980287,1.91,-1.16,3.07,0.615,-0.19818181818181815,0.3580454395695284,0.27,-0.78,1.05,0.02,22.431818181818183,144.30491341126273,498.63,-171.08,669.71,-12.265,4.202727272727279,128.27818647588188,390.66,-165.51,556.1700000000001,-9.33,-74.07590909090908,142.04197373141204,150.67,-452.84,603.51,-64.66499999999999,1.1268181818181817,0.464823431542368,2.6,0.68,1.92,0.995,2.6,1.1268181818181817,0.464823431542368,1.92,0.68,0.47619047619047616,498.63,154.88636363636368,2.0,-0.13,-0.95,-0.82,1.01,-0.2,-1.21,0.06,-0.26,-0.32,-7.44,9.62,17.06,-8.84,-165.51,-156.67,-34.25,37.14,71.39,1,fall
25,2.4355878829956055,0.022400000000000003,0.06372336044706577,0.15,-0.1,0.25,0.01,-0.9712,0.33758110136676783,0.11,-2.0,2.11,-0.96,0.1388,0.10509202316700032,0.31,-0.06,0.37,0.14,-14.431599999999998,32.42040608423446,53.45,-106.18,159.63,-16.43,-51.9948,43.21175410309869,24.7,-152.28,176.98,-44.84,11.3484,48.613800825142924,118.63,-157.74,276.37,6.15,0.9976,0.30582238854167193,2.02,0.16,1.86,0.98,2.02,0.9976,0.30582238854167193,1.86,0.16,0.9583333333333334,157.74,67.19120000000001,2.0,0.09,-0.1,-0.19,-0.84,-0.74,0.09999999999999998,0.29,0.08,-0.20999999999999996,-12.93,24.63,37.56,-24.89,-28.35,-3.460000000000001,10.43,80.67,70.24000000000001,0,normal
24,2.3829352855682373,0.015416666666666667,0.13490670420916714,0.29,-0.25,0.54,0.02,-0.9958333333333335,0.37339705719092187,-0.45,-1.68,1.23,-1.04,0.08125,0.06428959615608923,0.26,-0.03,0.29000000000000004,0.08499999999999999,-4.835833333333333,28.065379867399788,62.0,-62.53,124.53,-1.5950000000000002,-2.4104166666666678,52.55708991010481,97.28,-92.37,189.65,-6.640000000000001,-1.8683333333333316,66.09852650246525,116.69,-158.89,275.58,-2.91,1.0104166666666667,0.36884637035971524,1.68,0.45,1.23,1.05,1.68,1.0104166666666667,0.36884637035971524,1.23,0.45,0.43478260869565216,158.89,63.67499999999999,1.68,-0.15,0.25,0.4,-0.96,-0.72,0.24,0.04,0.03,-0.010000000000000002,-2.08,-10.78,-8.7,-2.78,18.95,21.73,-8.32,39.36,47.68,0,normal
25,2.4621942043304443,0.2184,0.09637945839233586,0.5,0.03,0.47,0.22,0.006,0.1700245080373219,0.4,-0.21,0.61,-0.05,0.8992,0.11838918869558994,1.14,0.72,0.41999999999999993,0.9,-7.2296,43.52676882103701,58.87,-99.86,158.73,-6.61,-15.438000000000002,25.64139248038868,29.83,-58.95,88.78,-15.63,-11.308799999999998,44.88254832708737,107.85,-92.79,200.64,-10.87,0.9440000000000001,0.1282900359861721,1.24,0.77,0.47,0.93,1.24,0.9440000000000001,0.1282900359861721,0.47,0.77,0.0,107.85,50.577999999999996,1.14,0.29,0.2,-0.08999999999999997,0.39,-0.1,-0.49,1.14,0.91,-0.22999999999999987,-47.92,12.4,60.32,-38.98,14.78,53.76,-30.7,-5.71,24.99,0,normal
25,2.485245704650879,0.0916,0.3048316475258652,1.05,-0.35,1.4,0.0,-0.782,0.40408332474049624,0.58,-1.87,2.45,-0.87,-0.027599999999999993,0.515608701762619,0.36,-2.0,2.36,0.19,-8.9412,58.34009736879088,142.34,-132.55,274.89,-16.29,-41.6068,123.60800252950185,76.63,-510.57,587.2,-1.99,-15.245200000000002,55.559035877763996,89.31,-185.68,274.99,-0.83,0.9972,0.3611384775955063,2.13,0.48,1.65,0.94,2.13,0.9972,0.3611384775955063,1.65,0.48,0.6666666666666666,510.57,92.16679999999998,2.0,0.07,0.79,0.72,-0.84,-1.87,-1.0300000000000002,0.35,-0.58,-0.9299999999999999,-29.02,11.82,40.84,0.84,76.63,75.78999999999999,5.74,-81.68,-87.42,1,fall
25,3.3375890254974365,-0.07800000000000001,0.15016657417681206,0.2,-0.37,0.5700000000000001,-0.09,-0.9292,0.18511077764409073,-0.65,-1.53,0.88,-0.89,0.2676,0.21710750025429032,1.07,0.02,1.05,0.23,-27.637600000000003,35.5604265394366,61.18,-91.71,152.89,-33.66,-108.7208,56.37445778896681,-20.46,-224.57,204.10999999999999,-108.55,17.994,28.072768388600366,73.1,-26.73,99.83,13.22,0.992,0.24336187047275915,1.9,0.65,1.25,0.94,1.9,0.992,0.24336187047275915,1.25,0.65,0.08333333333333333,224.57,110.41239999999999,1.53,0.09,-0.13,-0.22,-0.65,-0.99,-0.33999999999999997,0.09,0.13,0.04000000000000001,61.18,-22.27,-83.45,-29.88,-40.98,-11.099999999999998,2.29,1.5,-0.79,0,normal
25,2.3914380073547363,0.298,0.4551831133364535,1.23,-0.5,1.73,0.41,0.7972,0.422024090939526,2.0,-0.13,2.13,0.88,-0.03919999999999999,0.574890714252138,1.12,-1.88,3.0,-0.03,-1.2524000000000017,156.06638481428345,446.17,-210.14,656.31,-54.37,-39.017199999999995,107.48899658879817,232.78,-247.42,480.2,-21.3,-13.935200000000002,135.16783441090314,418.27,-226.89,645.16,-20.26,1.11,0.4306197084822446,2.84,0.56,2.28,0.99,2.84,1.11,0.4306197084822446,2.28,0.56,0.5,446.17,166.9752,2.0,-0.12,0.52,0.64,0.96,1.15,0.18999999999999995,0.07,0.39,0.32,-30.47,-101.36,-70.89,-10.32,17.94,28.26,14.38,24.59,10.209999999999999,1,fall
25,2.48252534866333,-0.13119999999999998,0.15856964820965372,0.14,-0.41,0.55,-0.16,-0.8232,0.13186862148871253,-0.42,-1.02,0.6000000000000001,-0.83,0.4548,0.1319760079206318,0.8,0.22,0.5800000000000001,0.43,-18.841600000000003,38.24047045561373,70.12,-87.76,157.88,-19.1,-62.71280000000001,59.610730334395335,63.33,-138.58,201.91000000000003,-64.96,34.7404,49.378070662322706,88.64,-73.86,162.5,57.37,0.9712000000000001,0.151033108952971,1.32,0.58,0.7400000000000001,1.0,1.32,0.9712000000000001,0.151033108952971,0.7400000000000001,0.58,0.5,138.58,88.27,1.02,0.12,0.02,-0.09999999999999999,-0.74,-0.92,-0.18000000000000005,0.52,0.58,0.05999999999999994,1.98,-27.85,-29.830000000000002,-37.16,-99.51,-62.35000000000001,57.37,-13.13,-70.5,0,normal
25,2.4557905197143555,0.1396,0.20927414237470113,0.75,-0.21,0.96,0.09,-0.9584,0.44766691486714383,-0.03,-1.96,1.93,-0.96,-0.0208,0.26250269839882917,0.37,-0.72,1.0899999999999999,-0.02,-13.121200000000002,64.84561867235134,110.15,-212.31,322.46000000000004,-4.79,-43.628399999999985,95.67863361621897,177.83,-203.92,381.75,-71.91,-6.393600000000001,99.05478668730082,268.23,-262.63,530.86,7.13,1.016,0.46449793684507723,2.1,0.23,1.87,0.98,2.1,1.016,0.46449793684507723,1.87,0.23,0.8333333333333334,268.23,111.98360000000001,1.96,-0.07,-0.21,-0.13999999999999999,-0.99,-1.67,-0.6799999999999999,0.13,0.29,0.15999999999999998,23.22,0.46,-22.759999999999998,-203.92,23.14,227.06,23.22,-10.86,-34.08,0,normal
25,3.240701198577881,0.0684,0.46449506635341853,0.66,-2.0,2.66,0.11,-0.3892,0.36042706150713305,0.04,-2.0,2.04,-0.32,0.8136,0.3558192425000836,2.0,-0.29,2.29,0.83,-1.253600000000001,153.63319015000198,498.63,-501.91,1000.54,12.99,8.420399999999999,105.88097454531984,425.62,-83.22,508.84000000000003,-18.2,-49.6588,133.98731952813046,73.98,-502.2,576.18,-9.37,1.0255999999999998,0.4781568780222658,2.93,0.56,2.37,0.92,2.93,1.0255999999999998,0.4781568780222658,2.37,0.56,0.6666666666666666,502.2,88.39280000000001,2.0,0.12,0.25,0.13,-0.39,-0.34,0.04999999999999999,0.86,0.83,-0.030000000000000027,21.3,-8.24,-29.54,-27.85,-17.89,9.96,-29.91,1.75,31.66,1,fall
25,2.46880841255188,-0.1368,0.11078206834441515,0.1,-0.4,0.5,-0.13,-0.9408,0.08543613599252564,-0.75,-1.11,0.3600000000000001,-0.93,0.2148,0.10087616170334793,0.37,0.01,0.36,0.19,-5.053200000000001,37.71863616746148,113.89,-70.72,184.61,-8.99,16.8416,70.04641554474195,177.47,-145.07,322.53999999999996,15.48,-13.224,32.00961587294251,49.82,-75.25,125.07,-12.23,0.9832000000000001,0.09276852914647296,1.14,0.76,0.3799999999999999,0.99,1.14,0.9832000000000001,0.09276852914647296,0.3799999999999999,0.76,0.4166666666666667,177.47,62.62480000000001,1.11,0.05,-0.16,-0.21000000000000002,-1.0,-0.8,0.19999999999999996,0.26,0.34,0.08000000000000002,6.41,-31.02,-37.43,-145.07,39.88,184.95,14.76,-66.9,-81.66000000000001,0,normal
25,2.470646858215332,0.1324,0.17227110417401212,0.59,-0.21,0.7999999999999999,0.1,-0.9323999999999998,0.3001149779667786,-0.33,-1.76,1.43,-0.95,0.1616,0.10439029329077171,0.37,-0.01,0.38,0.14,-6.745599999999999,67.2857340674827,149.36,-155.42,304.78,-5.6,-26.3216,94.69692016639189,160.53,-182.46,342.99,-46.75,-0.9296000000000006,79.46330743808741,168.23,-200.05,368.28,-3.42,0.9732000000000001,0.30096677557497936,1.79,0.35,1.44,0.98,1.79,0.9732000000000001,0.30096677557497936,1.44,0.35,0.7916666666666666,200.05,111.63040000000001,1.76,0.09,-0.12,-0.21,-0.98,-1.15,-0.16999999999999993,0.07,0.14,0.07,-6.55,34.12,40.669999999999995,-46.75,-182.46,-135.71,2.78,-54.26,-57.04,0,normal
22,2.088596820831299,-0.022272727272727277,0.3918203161822523,1.06,-0.59,1.65,0.05,-0.4313636363636364,0.7738050416120604,1.31,-2.0,3.31,-0.75,-0.5259090909090909,0.6286467634902396,0.5,-2.0,2.5,-0.36,-53.50045454545455,83.19851500948529,74.0,-311.79,385.79,-49.565,-44.084090909090904,117.63384213652492,173.31,-267.83,441.14,-5.98,24.41363636363636,142.4611089300366,498.34,-335.27,833.6099999999999,1.4649999999999999,1.1813636363636364,0.416473808180578,2.32,0.81,1.5099999999999998,1.0350000000000001,2.32,1.1813636363636364,0.416473808180578,1.5099999999999998,0.81,0.5714285714285714,498.34,132.79636363636362,2.0,0.06,-0.25,-0.31,-0.95,-0.04,0.9099999999999999,0.15,-0.82,-0.97,-11.59,25.89,37.480000000000004,3.5,5.45,1.9500000000000002,-11.13,-50.44,-39.309999999999995,1,fall
25,2.446662425994873,0.214,0.13441230102437304,0.53,0.03,0.5,0.2,-0.0176,0.13261095982861548,0.33,-0.31,0.64,-0.04,0.9068,0.20245822614389697,1.32,0.59,0.7300000000000001,0.9,1.0924000000000011,61.76138385485438,142.0,-117.57,259.57,-0.32,-6.592800000000002,37.6451718373906,97.71,-61.41,159.12,-6.86,2.8360000000000003,48.25166327012296,121.04,-77.5,198.54000000000002,4.2,0.9472,0.21151280497092056,1.34,0.66,0.68,0.94,1.34,0.9472,0.21151280497092056,0.68,0.66,0.9583333333333334,142.0,61.4772,1.32,0.21,0.48,0.27,0.13,0.33,0.2,0.89,0.92,0.030000000000000027,-26.76,-74.56,-47.8,-35.25,97.71,132.95999999999998,4.2,-50.15,-54.35,0,normal
25,3.148275136947632,-0.132,0.13425721582097552,0.07,-0.44,0.51,-0.1,-0.934,0.11789826122551596,-0.74,-1.33,0.5900000000000001,-0.92,0.25639999999999996,0.11849331908030371,0.49,0.03,0.45999999999999996,0.27,-17.852400000000003,48.91921795845337,63.6,-108.06,171.66,-19.85,-16.5244,35.315836990411725,45.94,-101.1,147.04,-13.33,-9.311599999999999,54.36394084317288,106.9,-127.02,233.92000000000002,3.89,0.9948,0.10638452268383156,1.35,0.83,0.5200000000000001,0.98,1.35,0.9948,0.10638452268383156,0.5200000000000001,0.83,0.16666666666666666,127.02,64.9712,1.33,-0.44,-0.07,0.37,-0.84,-0.87,-0.030000000000000027,0.49,0.31,-0.18,-91.3,-19.85,71.44999999999999,-0.21,-8.23,-8.02,19.39,23.37,3.9800000000000004,0,normal
25,2.4833791255950928,4.440892098500626e-18,0.23883397301612402,0.47,-0.58,1.0499999999999998,0.04,-0.9648,0.25803940267589626,-0.5,-1.57,1.07,-0.97,0.17559999999999998,0.20754678187499478,0.85,-0.05,0.9,0.13,10.2904,47.64756722366141,104.53,-87.42,191.95,9.69,20.292800000000003,143.60473586433932,268.32,-254.89,523.21,55.66,3.9439999999999986,58.42936868561905,166.23,-108.81,275.03999999999996,-2.38,1.0204,0.290953604548904,1.76,0.53,1.23,0.99,1.76,1.0204,0.290953604548904,1.23,0.53,0.6666666666666666,268.32,129.90239999999997,1.57,0.04,-0.38,-0.42,-0.97,-1.1,-0.13000000000000012,0.18,0.35,0.16999999999999998,64.7,99.47,34.769999999999996,150.14,65.62,-84.51999999999998,-26.7,-48.18,-21.48,0,normal
25,2.4691858291625977,-0.12760000000000002,0.3915916240166534,0.68,-0.98,1.6600000000000001,0.0,0.4536,0.648150445498574,1.02,-2.0,3.02,0.48,0.4336,0.6135068595106876,2.0,-0.71,2.71,0.18,-46.67360000000001,114.63960175553066,103.21,-501.91,605.12,-19.05,7.1279999999999974,173.141675779307,489.97,-510.57,1000.54,-5.86,-2.7720000000000016,118.96902713171468,293.1,-310.31,603.4100000000001,-5.3,1.0304,0.5205324197396354,2.91,0.0,2.91,0.99,2.91,1.0304,0.5205324197396354,2.91,0.0,0.5416666666666666,510.57,127.464,2.0,0.1,-0.25,-0.35,0.98,0.2,-0.78,0.18,0.82,0.6399999999999999,-17.48,-3.24,14.24,-7.85,-72.95,-65.10000000000001,8.7,61.22,52.519999999999996,1,fall
25,2.477468252182007,-0.4604,0.5788456904334119,0.09,-2.0,2.09,-0.16,-0.6572,0.29855931850583173,0.18,-0.93,1.11,-0.77,0.017600000000000008,0.44926124545376345,0.87,-1.17,2.04,0.22,-14.956400000000004,73.25843073667357,136.18,-253.83,390.01,-9.24,26.263999999999996,76.29456386270256,260.67,-73.5,334.17,14.92,38.93879999999999,73.16284868474345,270.4,-152.93,423.33,26.53,1.052,0.3804164384811291,2.27,0.38,1.8900000000000001,0.96,2.27,1.052,0.3804164384811291,1.8900000000000001,0.38,0.625,270.4,78.5192,2.0,-0.06,-0.85,-0.79,-0.92,-0.58,0.3400000000000001,0.42,-0.26,-0.6799999999999999,-7.65,27.95,35.6,4.14,-49.19,-53.33,21.31,16.35,-4.959999999999997,1,fall
25,2.476839303970337,0.38239999999999996,0.5496307851640044,1.33,-0.17,1.5,0.04,0.086,0.24787429609918546,0.56,-0.2,0.76,-0.03,0.61,0.4463836167841886,1.04,-0.39,1.4300000000000002,0.87,15.387600000000003,124.97851789674363,356.96,-158.99,515.95,-17.79,-63.296800000000005,158.13415340357903,190.18,-498.86,689.04,-27.83,-15.490800000000004,72.91140868204371,87.97,-166.76,254.73,-6.34,1.0056,0.23869576172748994,1.46,0.4,1.06,0.95,1.46,1.0056,0.23869576172748994,1.06,0.4,0.75,498.86,137.65879999999999,1.33,0.23,0.84,0.61,-0.2,0.25,0.45,0.89,-0.39,-1.28,-56.15,-148.64,-92.48999999999998,-45.42,190.18,235.60000000000002,-12.32,78.35,90.66999999999999,1,fall
24,2.3713667392730713,-0.17833333333333334,0.1948392127898789,0.07,-0.64,0.71,-0.135,-0.8983333333333334,0.13166712529731167,-0.62,-1.15,0.5299999999999999,-0.89,0.31125,0.09900867331352516,0.48,0.1,0.38,0.325,3.610833333333334,39.954626647982955,90.4,-43.82,134.22,-0.16500000000000004,39.32666666666667,52.56184495361189,119.3,-29.44,148.74,12.475000000000001,-23.551666666666666,41.38620875801888,63.8,-81.73,145.53,-25.59,0.9891666666666667,0.14625518695124945,1.28,0.72,0.56,0.97,1.28,0.9891666666666667,0.14625518695124945,0.56,0.72,0.043478260869565216,119.3,69.10833333333333,1.15,-0.06,-0.01,0.049999999999999996,-0.88,-0.92,-0.040000000000000036,0.3,0.41,0.10999999999999999,11.65,-30.26,-41.910000000000004,3.36,119.3,115.94,63.8,-61.36,-125.16,0,normal
18,1.7471745014190674,-0.21833333333333332,0.6446909884496876,1.53,-2.0,3.5300000000000002,-0.13,-0.17666666666666667,0.27991595377268264,0.72,-0.62,1.3399999999999999,-0.20500000000000002,0.8283333333333334,0.47381120588640513,2.0,-0.52,2.52,0.825,-9.186666666666667,66.72545356114993,168.63,-107.1,275.73,-2.16,-7.567222222222219,64.62269077048944,178.59,-133.5,312.09000000000003,-25.58,18.84722222222222,150.29347904939604,232.12,-461.8,693.9200000000001,59.06,1.0922222222222222,0.5162370130034956,2.92,0.6,2.32,0.92,2.92,1.0922222222222222,0.5162370130034956,2.32,0.6,0.8823529411764706,461.8,113.29111111111112,2.0,-0.13,-0.96,-0.83,-0.14,-0.17,-0.03,0.91,0.78,-0.13,83.71,-107.1,-190.81,-47.04,178.59,225.63,44.73,232.12,187.39000000000001,1,fall
25,2.4415698051452637,-0.4808,0.5576507270087016,0.14,-1.61,1.75,-0.15,-0.5952,0.41016378842278767,0.21,-1.02,1.23,-0.77,-0.05279999999999999,0.25092362715907535,0.72,-0.54,1.26,0.0,14.6984,104.05306669675815,454.67,-122.11,576.78,-2.5,7.900400000000001,75.91335348496557,209.77,-128.57,338.34000000000003,-4.58,48.494400000000006,103.65797280318898,439.16,-65.48,504.64000000000004,20.43,1.0191999999999999,0.26919509653780843,1.64,0.47,1.17,0.97,1.64,1.0191999999999999,0.26919509653780843,1.17,0.47,0.6666666666666666,454.67,102.51640000000002,1.61,0.1,-1.03,-1.1300000000000001,-0.93,-0.5,0.43000000000000005,0.07,-0.13,-0.2,-30.99,5.01,36.0,-18.2,-29.73,-11.530000000000001,3.02,-65.48,-68.5,1,fall
25,2.462458610534668,0.0019999999999999996,0.0917877987534291,0.2,-0.18,0.38,0.01,-0.9468,0.13634270546433108,-0.69,-1.32,0.6300000000000001,-0.93,0.16879999999999998,0.1201499063670047,0.35,-0.11,0.45999999999999996,0.2,-5.3988,22.8986885213979,48.9,-61.42,110.32,-6.86,-56.0308,37.994199000198265,13.19,-133.86,147.05,-45.28,9.446,31.112021658302226,86.11,-64.32,150.43,0.3,0.9708000000000001,0.14430638701503595,1.36,0.7,0.6600000000000001,0.97,1.36,0.9708000000000001,0.14430638701503595,0.6600000000000001,0.7,0.8333333333333334,133.86,60.377199999999995,1.32,0.03,-0.18,-0.21,-0.98,-0.97,0.010000000000000009,0.21,0.2,-0.009999999999999981,22.26,-14.66,-36.92,-41.48,-53.27,-11.790000000000006,-1.94,-14.21,-12.270000000000001,0,normal
22,2.1777169704437256,-0.08272727272727272,0.4344145684896137,0.64,-1.45,2.09,-0.02,-0.4136363636363637,0.6953077116304793,1.41,-1.85,3.26,-0.435,-0.604090909090909,0.5339846537023423,-0.08,-2.0,1.92,-0.41,-66.02272727272727,122.46512709384886,94.05,-460.63,554.68,-37.945,-19.23409090909091,141.5186561034434,368.43,-491.31,859.74,-13.305,-19.679090909090913,98.6103457292818,230.5,-315.21,545.71,-7.855,1.1018181818181818,0.5000917664706898,2.64,0.59,2.0500000000000003,0.98,2.64,1.1018181818181818,0.5000917664706898,2.0500000000000003,0.59,0.5714285714285714,491.31,123.03681818181818,2.0,-0.03,-0.32,-0.29000000000000004,-1.0,-0.3,0.7,-0.08,-0.81,-0.7300000000000001,-24.4,23.21,47.61,2.37,12.52,10.149999999999999,6.21,-24.61,-30.82,1,fall
25,2.481898784637451,-0.0304,0.11024518130059019,0.14,-0.31,0.45,-0.02,-0.8715999999999999,0.14343058716094464,-0.57,-1.06,0.4900000000000001,-0.91,0.37800000000000006,0.11807483502705673,0.65,0.13,0.52,0.35,-10.93,54.84355902625819,71.22,-108.31,179.53,-10.46,-41.553999999999995,83.11904244315298,144.47,-239.3,383.77,-47.66,10.9192,48.698613765349286,92.67,-95.88,188.55,14.63,0.9620000000000001,0.15898113095584648,1.21,0.62,0.59,0.99,1.21,0.9620000000000001,0.15898113095584648,0.59,0.62,0.375,239.3,92.0244,1.06,0.06,0.09,0.03,-0.75,-0.74,0.010000000000000009,0.32,0.31,-0.010000000000000009,-0.73,-24.43,-23.7,-48.09,-80.53,-32.44,34.56,88.34,53.78,0,normal
25,3.2441089153289795,-0.14800000000000002,0.14730919862656236,0.1,-0.37,0.47,-0.17,-0.9176000000000001,0.13242230426429932,-0.64,-1.26,0.62,-0.93,0.33039999999999997,0.12228654872879519,0.56,0.07,0.49000000000000005,0.35,-8.920000000000002,38.53721469783029,65.1,-77.04,142.14,-15.8,-5.7356,41.57549038395899,69.72,-102.84,172.56,-11.53,-8.5012,30.66901249904644,42.73,-63.15,105.88,-11.34,1.0036,0.13689655461941572,1.3,0.73,0.5700000000000001,0.99,1.3,1.0036,0.13689655461941572,0.5700000000000001,0.73,0.4166666666666667,102.84,52.50840000000001,1.26,-0.33,-0.13,0.2,-0.86,-0.91,-0.050000000000000044,0.35,0.19,-0.15999999999999998,-69.89,17.86,87.75,-26.37,45.18,71.55,6.76,-30.11,-36.87,0,normal
25,2.3727102279663086,-0.132,0.17958284996067972,0.15,-0.56,0.7100000000000001,-0.11,-0.8652,0.1729431505823036,-0.48,-1.16,0.6799999999999999,-0.87,0.3716,0.165546569480212,0.7,0.0,0.7,0.34,-1.2707999999999993,58.98601514483468,81.65,-101.6,183.25,1.6,38.142799999999994,75.19298197083732,161.71,-163.33,325.04,48.53,-34.506,53.87534508783524,70.0,-129.39,199.39,-28.02,0.976,0.1952135582723017,1.26,0.52,0.74,0.97,1.26,0.976,0.1952135582723017,0.74,0.52,0.4583333333333333,163.33,87.368,1.16,-0.28,0.09,0.37,-0.87,-0.87,0.0,0.32,0.18,-0.14,24.26,43.19,18.929999999999996,70.7,8.66,-62.040000000000006,-106.87,-39.97,66.9,0,normal
18,1.755187749862671,0.25277777777777777,0.19643306165821042,0.73,-0.02,0.75,0.22,-0.9083333333333334,0.23835835601537642,-0.54,-1.38,0.8399999999999999,-0.925,0.1322222222222222,0.09607322915087806,0.33,-0.02,0.35000000000000003,0.12,-1.8738888888888876,50.40742990739838,92.53,-141.89,234.42,-6.460000000000001,-7.77888888888889,53.54216918509888,113.68,-176.4,290.08000000000004,-7.475,-26.970555555555553,141.71488848148687,265.5,-502.2,767.7,-16.925,0.9783333333333335,0.2217112589674714,1.38,0.58,0.7999999999999999,1.0,1.38,0.9783333333333335,0.2217112589674714,0.7999999999999999,0.58,0.6470588235294118,502.2,86.27222222222223,1.38,-0.02,0.2,0.22,-0.85,-0.92,-0.07000000000000006,0.17,0.23,0.06,12.18,-7.48,-19.66,10.58,-8.43,-19.009999999999998,-45.74,-1.71,44.03,0,normal
25,2.4658524990081787,0.1944,0.25575183283800723,0.76,-0.34,1.1,0.26,-0.2708,0.14946906034360422,0.13,-0.46,0.5900000000000001,-0.32,0.8535999999999998,0.27681040442873533,2.0,0.51,1.49,0.83,0.5503999999999984,76.86587737091148,191.37,-145.1,336.47,-13.8,-30.773600000000002,69.8786360341986,99.37,-280.18,379.55,-18.15,33.4876,73.74464247658943,253.83,-77.88,331.71000000000004,4.81,0.9596000000000001,0.2886243232993367,2.18,0.57,1.6100000000000003,0.94,2.18,0.9596000000000001,0.2886243232993367,1.6100000000000003,0.57,0.7083333333333334,280.18,81.5632,2.0,0.27,-0.15,-0.42000000000000004,-0.35,-0.13,0.21999999999999997,0.83,0.79,-0.039999999999999925,-13.88,128.17,142.04999999999998,-18.15,-30.86,-12.71,4.27,18.7,14.43,1,fall
23,2.203789234161377,-0.1073913043478261,0.08119658475264875,0.02,-0.27,0.29000000000000004,-0.12,-0.9239130434782609,0.11590509952052007,-0.73,-1.26,0.53,-0.92,0.10304347826086956,0.19868739225702578,0.49,-0.25,0.74,0.05,9.022608695652174,68.99824650060394,158.99,-104.34,263.33000000000004,-2.87,-22.37608695652174,28.776587032947845,54.79,-86.46,141.25,-23.48,5.670869565217392,62.63651214551255,148.04,-157.73,305.77,11.3,0.9565217391304348,0.13949938727959846,1.38,0.74,0.6399999999999999,0.93,1.38,0.9565217391304348,0.13949938727959846,0.6399999999999999,0.74,0.5,158.99,71.74043478260869,1.26,-0.17,-0.14,0.03,-0.94,-0.9,0.039999999999999925,0.05,0.36,0.31,-2.0,-2.87,-0.8700000000000001,-10.49,-11.3,-0.8100000000000005,-36.64,13.59,50.230000000000004,0,normal
25,3.3066658973693848,0.0011999999999999997,0.07114070564732965,0.12,-0.21,0.32999999999999996,0.02,-0.9684,0.13215142829345433,-0.62,-1.29,0.67,-0.96,0.046799999999999994,0.1189089287367998,0.26,-0.12,0.38,0.0,-15.0088,33.40921334003541,80.2,-60.69,140.89,-18.41,-40.9176,96.57135890452545,133.28,-174.46,307.74,-63.91,2.6996,29.39362310093807,85.71,-52.09,137.8,3.69,0.9812000000000001,0.12326529654908286,1.29,0.66,0.63,0.97,1.29,0.9812000000000001,0.12326529654908286,0.63,0.66,0.375,174.46,96.6476,1.29,0.05,0.04,-0.010000000000000002,-0.94,-0.92,0.019999999999999907,0.23,0.26,0.03,-40.5,-6.44,34.06,-106.44,-164.81,-58.370000000000005,6.47,7.75,1.2800000000000002,0,normal
25,2.321758508682251,-0.04,0.1254657987926059,0.23,-0.21,0.44,-0.04,-0.9644000000000001,0.1688954311598353,-0.71,-1.3,0.5900000000000001,-0.93,0.11400000000000002,0.1521238530496341,0.4,-0.27,0.67,0.13,-6.208799999999999,25.919538691882618,45.33,-66.06,111.39,-9.01,-40.2108,23.344120051953126,11.62,-95.18,106.80000000000001,-39.27,0.7839999999999996,40.59327653688478,132.67,-91.13,223.79999999999998,1.16,0.9888000000000001,0.1757915432171487,1.32,0.71,0.6100000000000001,0.96,1.32,0.9888000000000001,0.1757915432171487,0.6100000000000001,0.71,0.7916666666666666,132.67,49.62879999999999,1.3,-0.21,0.01,0.22,-0.93,-0.96,-0.029999999999999916,-0.09,0.28,0.37,-5.1,-9.01,-3.91,-1.57,-20.05,-18.48,-29.8,23.37,53.17,0,normal
24,2.341621160507202,-0.24875000000000003,0.4866684658493643,1.38,-0.93,2.31,-0.33499999999999996,0.4054166666666667,0.6272575170961471,1.27,-2.0,3.27,0.405,0.6254166666666666,0.47402971074255107,2.0,-0.12,2.12,0.615,-42.388333333333335,145.69912728892245,211.63,-501.91,713.54,-25.345,6.961666666666666,162.68237259648996,489.97,-510.57,1000.54,-10.2,-23.075000000000003,145.55726245080976,302.18,-502.2,804.38,-21.18,1.0666666666666667,0.5574294002220228,3.15,0.13,3.02,0.96,3.15,1.0666666666666667,0.5574294002220228,3.02,0.13,0.43478260869565216,510.57,137.93125,2.0,-0.08,-0.44,-0.36,0.92,0.26,-0.66,0.43,0.82,0.38999999999999996,1.42,-34.14,-35.56,6.63,-9.7,-16.33,21.72,-2.75,-24.47,1,fall
25,2.41231107711792,-0.2604,0.635311472166737,0.87,-2.0,2.87,0.07,-0.5548000000000001,0.6117741958162887,1.3,-1.31,2.6100000000000003,-0.79,-0.3836,0.4763566590976416,0.85,-1.3,2.15,-0.3,-37.0796,164.42859330319246,365.56,-490.11,855.6700000000001,-40.76,-73.91,157.63322368185374,106.98,-510.57,617.55,-15.41,30.433199999999996,139.94932933386997,498.34,-174.08,672.42,-9.36,1.1556,0.39217428098572027,2.53,0.66,1.8699999999999997,1.05,2.53,1.1556,0.39217428098572027,1.8699999999999997,0.66,0.5416666666666666,510.57,152.202,2.0,0.08,-0.29,-0.37,-0.92,-0.2,0.72,0.13,-1.04,-1.17,-24.53,33.1,57.63,-13.63,74.79,88.42,-23.88,57.92,81.8,1,fall
23,2.272055149078369,0.1391304347826087,0.12500592871315638,0.36,-0.02,0.38,0.1,-0.98,0.2379648560760028,-0.65,-1.45,0.7999999999999999,-0.92,0.061739130434782616,0.15775850859960966,0.45,-0.15,0.6,0.04,-3.741739130434782,78.19180744415235,182.15,-137.16,319.31,1.48,-36.3295652173913,120.59350496901341,181.97,-209.97,391.94,-62.14,-1.3334782608695634,83.28728979800718,170.11,-144.29,314.4,-8.54,1.0121739130434781,0.23616166500050398,1.45,0.7,0.75,0.93,1.45,1.0121739130434781,0.23616166500050398,0.75,0.7,0.4090909090909091,209.97,128.92391304347825,1.45,-0.0,0.08,0.08,-0.96,-0.83,0.13,0.05,0.04,-0.010000000000000002,10.76,1.48,-9.28,-62.14,-87.94,-25.799999999999997,-98.08,54.17,152.25,0,normal
20,1.9529459476470947,0.253,0.07189905203972112,0.4,0.13,0.27,0.255,-0.013999999999999999,0.1270060089751248,0.29,-0.22,0.51,-0.06,0.8995000000000001,0.13732309193630676,1.16,0.69,0.47,0.885,-6.390500000000001,29.860287564272596,32.4,-76.26,108.66,4.54,-10.763500000000002,15.901930460432188,10.46,-51.76,62.22,-9.155000000000001,-3.1295000000000006,29.19706518686965,61.08,-49.16,110.24,-2.6799999999999997,0.9465,0.14191454062958192,1.21,0.77,0.43999999999999995,0.94,1.21,0.9465,0.14191454062958192,0.43999999999999995,0.77,0.05263157894736842,76.26,34.50899999999999,1.16,0.24,0.27,0.030000000000000027,-0.05,-0.08,-0.03,1.01,0.85,-0.16000000000000003,-26.49,-45.19,-18.7,-25.22,0.64,25.86,-23.13,-35.89,-12.760000000000002,0,normal
25,2.435035467147827,-0.07840000000000001,0.11047925898858423,0.01,-0.5,0.51,-0.04,-0.9664,0.14340734523261586,-0.77,-1.57,0.8,-0.97,0.1616,0.07898734075787081,0.41,0.08,0.32999999999999996,0.13,-1.4188,21.097584443090476,56.11,-40.79,96.9,-0.34,-42.683600000000006,28.032843665957255,53.79,-86.82,140.60999999999999,-42.84,7.528799999999999,17.09188216668954,55.62,-19.25,74.87,5.05,0.99,0.1510794492973813,1.6,0.81,0.79,0.97,1.6,0.99,0.1510794492973813,0.79,0.81,1.0,86.82,48.158,1.57,-0.03,0.01,0.04,-0.99,-1.57,-0.5800000000000001,0.12,0.32,0.2,-40.79,56.11,96.9,-28.41,53.79,82.2,-12.03,-2.18,9.85,0,normal
16,1.5520093441009521,-0.09562499999999999,0.1253777625152616,0.04,-0.42,0.45999999999999996,-0.08,-0.85375,0.16003645418049814,-0.58,-1.12,0.5400000000000001,-0.875,0.330625,0.14507325735641285,0.54,0.06,0.48000000000000004,0.33499999999999996,-21.230625,53.01422720600575,91.34,-97.98,189.32,-28.465,-52.13250000000001,112.97176871531518,140.32,-233.16,373.48,-54.16,13.162499999999998,64.971654075707,143.66,-93.42,237.07999999999998,5.065,0.936875,0.15789104893353942,1.21,0.67,0.5399999999999999,0.97,1.21,0.936875,0.15789104893353942,0.5399999999999999,0.67,0.8,233.16,116.599375,1.12,0.04,-0.16,-0.2,-0.92,-0.7,0.22000000000000008,0.53,0.23,-0.30000000000000004,-65.56,-21.62,43.94,-140.67,-132.32,8.349999999999994,63.65,-17.77,-81.42,0,normal
25,2.467832565307617,0.1632,0.10687687620185513,0.35,-0.01,0.36,0.18,-0.0216,0.15512575543732252,0.4,-0.19,0.5900000000000001,-0.07,0.9208,0.15364786580576598,1.21,0.7,0.51,0.91,-1.9571999999999985,38.64520976352265,83.34,-86.46,169.8,2.89,-17.6412,25.227757417839054,40.35,-57.73,98.08,-27.51,4.640800000000002,55.9224573196374,159.75,-63.31,223.06,-14.89,0.9516,0.1641818097922747,1.27,0.72,0.55,0.94,1.27,0.9516,0.1641818097922747,0.55,0.72,0.5416666666666666,159.75,54.1988,1.21,0.25,0.22,-0.03,0.3,-0.13,-0.43,1.13,1.07,-0.05999999999999983,28.27,18.76,-9.509999999999998,40.35,15.28,-25.07,135.8,-20.03,-155.83,0,normal
25,3.2284793853759766,-0.055600000000000004,0.14224626532883033,0.15,-0.3,0.44999999999999996,-0.07,-0.9316000000000001,0.15399350635659934,-0.7,-1.46,0.76,-0.95,0.24960000000000002,0.13151299048636475,0.53,-0.08,0.61,0.25,-10.5756,35.13970606498201,64.95,-70.26,135.21,-14.87,-66.28439999999999,60.181298664950724,57.71,-202.14,259.84999999999997,-65.01,17.9712,37.84735760481393,72.79,-62.57,135.36,29.69,0.9843999999999999,0.15567273364337122,1.47,0.74,0.73,0.97,1.47,0.9843999999999999,0.15567273364337122,0.73,0.74,0.7916666666666666,202.14,81.81280000000001,1.46,0.02,0.02,0.0,-0.97,-0.87,0.09999999999999998,0.34,0.18,-0.16000000000000003,-39.65,45.11,84.75999999999999,-202.14,8.27,210.41,72.79,55.19,-17.60000000000001,0,normal
23,2.27047061920166,-0.13347826086956524,0.17966151749766898,0.07,-0.58,0.6499999999999999,-0.07,-0.9147826086956521,0.1695949603994334,-0.32,-1.16,0.8399999999999999,-0.93,0.23521739130434782,0.15117327701612632,0.56,0.01,0.55,0.18,3.3347826086956522,37.99839971146694,66.99,-112.24,179.23,-1.85,-3.644347826086957,19.638304830121935,19.95,-51.12,71.07,-2.05,-4.305652173913045,38.05447253920561,49.72,-72.12,121.84,-4.26,0.9739130434782608,0.20513275369944264,1.37,0.34,1.03,0.97,1.37,0.9739130434782608,0.20513275369944264,1.03,0.34,0.5,112.24,44.022608695652174,1.16,0.02,-0.02,-0.04,-0.97,-0.97,0.0,0.09,0.22,0.13,40.26,-7.69,-47.949999999999996,-17.56,-11.48,6.079999999999998,-1.1,-11.21,-10.110000000000001,0,normal
25,2.395841598510742,-0.07039999999999999,0.13330666399946653,0.15,-0.3,0.44999999999999996,-0.02,-0.8704000000000001,0.13550768735881127,-0.62,-1.11,0.4900000000000001,-0.87,0.3712,0.10513166348282836,0.63,0.21,0.42000000000000004,0.34,1.1591999999999991,39.04812702721263,93.69,-60.46,154.15,4.52,-9.7404,48.422376583558965,92.99,-142.86,235.85000000000002,-5.18,-5.929599999999999,49.210576647708564,145.91,-89.25,235.16,-14.11,0.9620000000000001,0.14071247279470286,1.26,0.72,0.54,0.97,1.26,0.9620000000000001,0.14071247279470286,0.54,0.72,0.5833333333333334,145.91,58.281600000000005,1.11,-0.14,0.1,0.24000000000000002,-0.82,-0.69,0.13,0.33,0.32,-0.010000000000000009,44.99,-56.05,-101.03999999999999,-61.99,-26.08,35.910000000000004,-24.76,145.91,170.67,0,normal
25,2.4948596954345703,0.019199999999999984,0.4937857160077976,1.68,-0.64,2.32,0.1,-0.46759999999999996,0.6916904413584639,1.36,-1.63,2.99,-0.8,-0.46,0.5645721093595278,0.14,-1.47,1.6099999999999999,-0.08,-62.383200000000016,144.92367490395304,169.1,-501.91,671.01,-19.74,-40.941599999999994,84.06242133478352,131.25,-236.86,368.11,-22.06,38.2408,114.5249151538651,358.69,-142.17,500.86,-10.63,1.1444,0.3569906628097342,2.31,0.77,1.54,0.99,2.31,1.1444,0.3569906628097342,1.54,0.77,0.5,501.91,135.84240000000003,1.68,0.08,-0.34,-0.42000000000000004,-0.96,0.06,1.02,0.09,-0.99,-1.08,-28.18,-46.17,-17.990000000000002,-0.24,1.33,1.57,-7.74,-40.87,-33.129999999999995,1,fall
23,2.2680320739746094,0.08000000000000002,0.21332859843230328,0.64,-0.38,1.02,0.07,-0.417391304347826,0.6080237539566148,1.09,-1.44,2.5300000000000002,-0.48,-0.6634782608695652,0.506014810200544,-0.09,-2.0,1.91,-0.61,-58.081304347826105,82.58655125516104,110.81,-200.75,311.56,-56.12,-41.090869565217396,111.68902985574984,68.4,-510.57,578.97,-13.63,-36.453913043478266,101.28935880298268,42.23,-463.76,505.99,-7.1,1.067391304347826,0.3603813307557875,2.37,0.57,1.8000000000000003,1.02,2.37,1.067391304347826,0.3603813307557875,1.8000000000000003,0.57,0.5454545454545454,510.57,105.69565217391302,2.0,-0.03,0.1,0.13,-1.02,-0.03,0.99,-0.09,-1.09,-1.0,-43.1,33.37,76.47,2.5,-18.43,-20.93,-7.1,3.53,10.629999999999999,1,fall
25,2.502582550048828,0.001200000000000001,0.1330200486142346,0.38,-0.21,0.59,0.01,-0.9612,0.233029325765378,-0.63,-1.45,0.82,-0.92,0.134,0.1447123583757333,0.36,-0.22,0.58,0.15,-2.22,34.270078542853284,79.14,-62.7,141.84,-6.95,-6.681199999999999,23.691655232732618,38.17,-46.64,84.81,-6.9,-6.6164,41.87063150148721,98.96,-69.83,168.79,-8.38,0.9867999999999999,0.24105186163977244,1.5,0.64,0.86,0.95,1.5,0.9867999999999999,0.24105186163977244,0.86,0.64,0.375,98.96,44.1156,1.45,0.04,0.07,0.030000000000000006,-0.94,-0.92,0.019999999999999907,0.17,0.23,0.06,-21.69,-30.56,-8.869999999999997,-26.12,-46.64,-20.52,24.29,18.24,-6.050000000000001,0,normal
16,1.5648338794708252,0.140625,0.20824564821383423,0.75,-0.25,1.0,0.10500000000000001,-1.0656249999999998,0.2438023448068811,-0.69,-1.52,0.8300000000000001,-1.045,0.10437500000000001,0.17866052539196603,0.45,-0.09,0.54,0.07,-6.23875,85.73878918941337,137.44,-150.82,288.26,-14.365,-12.441875,28.039623444630397,32.23,-55.36,87.59,-11.575,-31.154375,68.08568914426878,51.45,-170.55,222.0,-19.015,1.110625,0.25386265971977845,1.52,0.7,0.8200000000000001,1.1099999999999999,1.52,1.110625,0.25386265971977845,0.8200000000000001,0.7,0.3333333333333333,170.55,81.359375,1.52,0.16,0.03,-0.13,-0.69,-1.48,-0.79,-0.07,0.06,0.13,-28.47,-31.19,-2.7200000000000024,-2.75,32.23,34.98,-30.4,-29.86,0.5399999999999991,0,normal
25,2.4209980964660645,0.3796000000000001,0.4946166866035422,2.0,-0.83,2.83,0.37,-0.1464,0.45926462959823067,1.01,-0.92,1.9300000000000002,-0.15,0.6704000000000001,0.3184268623509434,1.14,-0.13,1.27,0.79,-13.3016,159.6190529218447,498.63,-501.91,1000.54,-16.47,14.738399999999999,129.32014033913407,489.97,-122.96,612.9300000000001,-17.8,19.244,93.47715884107731,375.39,-194.29,569.68,12.76,1.0228,0.3272934463138546,2.24,0.53,1.7100000000000002,0.95,2.24,1.0228,0.3272934463138546,1.7100000000000002,0.53,0.5833333333333334,501.91,109.44319999999999,2.0,0.34,0.48,0.13999999999999996,-0.1,-0.29,-0.18999999999999997,0.85,0.78,-0.06999999999999995,-22.17,-27.92,-5.75,-0.37,-27.77,-27.4,28.88,8.23,-20.65,1,fall
22,2.1613824367523193,-0.05318181818181819,0.1043522589089184,0.18,-0.16,0.33999999999999997,-0.10500000000000001,-0.9563636363636363,0.13978028522838312,-0.62,-1.27,0.65,-0.96,-0.056363636363636366,0.16649168303395975,0.1,-0.47,0.57,0.01,6.505000000000001,43.50899783788571,108.15,-58.72,166.87,-5.3,-19.595454545454547,22.647589323468893,25.94,-47.37,73.31,-21.13,9.131363636363638,23.68583327755112,64.29,-27.44,91.73,1.7349999999999999,0.9745454545454545,0.15945524145030174,1.35,0.63,0.7200000000000001,0.975,1.35,0.9745454545454545,0.15945524145030174,0.7200000000000001,0.63,0.0,108.15,44.49000000000001,1.27,0.18,-0.09,-0.27,-1.27,-0.85,0.42000000000000004,-0.44,-0.08,0.36,-35.73,-58.72,-22.990000000000002,-19.02,-18.17,0.8499999999999979,-17.31,-27.44,-10.130000000000003,0,normal
25,2.4821012020111084,-0.42,0.5961962764056817,0.91,-2.0,2.91,-0.17,-0.7308000000000001,0.36505616006307856,-0.21,-2.0,1.79,-0.69,-0.1492,0.2119929244102265,0.17,-0.7,0.87,-0.03,-1.1215999999999997,120.30590625844879,498.63,-209.5,708.13,-14.82,35.546800000000005,100.52806804237974,417.51,-64.67,482.18,6.53,42.3652,77.49324062566146,256.79,-105.68,362.47,45.3,1.0556,0.36890694400259433,2.26,0.53,1.7299999999999998,0.99,2.26,1.0556,0.36890694400259433,1.7299999999999998,0.53,0.5,498.63,93.6764,2.0,0.15,-0.85,-1.0,-0.95,-0.57,0.38,0.04,-0.32,-0.36,-8.32,-51.66,-43.339999999999996,13.68,-21.68,-35.36,-9.89,-14.96,-5.07,1,fall
25,2.485635280609131,-0.1928,0.14718242648722255,0.07,-0.4,0.47000000000000003,-0.19,-0.8084,0.11624973118248488,-0.55,-0.99,0.43999999999999995,-0.81,0.45520000000000005,0.1622528890343713,0.93,0.24,0.6900000000000001,0.44,-7.216,47.217589854488196,79.14,-88.11,167.25,-7.42,-8.042,81.09960717126398,121.77,-145.08,266.85,16.21,-16.548,59.47584958059308,70.56,-121.86,192.42000000000002,-8.47,0.9668000000000001,0.15385924303293144,1.39,0.66,0.7299999999999999,0.98,1.39,0.9668000000000001,0.15385924303293144,0.7299999999999999,0.66,0.7916666666666666,145.08,86.76280000000001,0.99,-0.38,-0.28,0.09999999999999998,-0.82,-0.93,-0.1100000000000001,0.27,0.26,-0.010000000000000009,41.04,-61.51,-102.55,47.07,-44.17,-91.24000000000001,-95.96,-3.83,92.13,0,normal
25,2.481396198272705,0.1592,0.3201161247630824,0.76,-0.36,1.12,0.06,-0.9148000000000001,0.7666328978070274,0.26,-2.0,2.26,-0.91,0.035600000000000014,0.4955643247853904,0.72,-0.84,1.56,0.21,-10.485199999999999,74.66705348411708,102.87,-167.1,269.97,14.46,-43.7188,271.7158064859925,438.2,-510.57,948.77,-53.5,33.8292,97.88916223293909,213.16,-140.64,353.79999999999995,37.88,1.212,0.5540758070878027,2.15,0.38,1.77,1.06,2.15,1.212,0.5540758070878027,1.77,0.38,0.6666666666666666,510.57,238.09120000000001,2.0,0.05,-0.12,-0.16999999999999998,-0.82,-0.91,-0.09000000000000008,0.32,-0.18,-0.5,102.87,-86.47,-189.34,-172.55,37.34,209.89000000000001,-140.64,213.16,353.79999999999995,0,normal
25,2.4378232955932617,-0.0472,0.12276400123814799,0.17,-0.28,0.45000000000000007,-0.04,-0.9,0.09013878188659974,-0.65,-1.09,0.44000000000000006,-0.9,0.34800000000000003,0.10210288928331068,0.54,0.15,0.39,0.34,1.0868000000000004,32.991566058615646,62.85,-62.76,125.61,-1.76,7.8755999999999995,110.828891242311,186.06,-167.27,353.33000000000004,19.82,-8.888400000000003,48.35600166818317,89.75,-88.75,178.5,-14.2,0.9764,0.09982818573262095,1.16,0.71,0.44999999999999996,0.99,1.16,0.9764,0.09982818573262095,0.44999999999999996,0.71,0.6666666666666666,186.06,95.06200000000001,1.09,-0.28,-0.19,0.09000000000000002,-0.87,-0.88,-0.010000000000000009,0.2,0.44,0.24,20.9,-31.04,-51.94,127.8,-55.12,-182.92,-88.75,14.53,103.28,0,normal
25,2.4839022159576416,-0.15719999999999998,0.17465489782234372,0.09,-0.45,0.54,-0.19,-0.84,0.0786871442274192,-0.57,-0.93,0.3600000000000001,-0.86,0.3868,0.12944496900227526,0.63,0.17,0.45999999999999996,0.36,-15.63,45.259931690919146,54.34,-107.25,161.59,-24.29,-88.55879999999999,39.30045910673309,0.18,-171.12,171.3,-86.41,48.05799999999999,28.816980237353114,114.52,-11.33,125.85,48.75,0.9595999999999999,0.10651603948075924,1.16,0.63,0.5299999999999999,0.97,1.16,0.9595999999999999,0.10651603948075924,0.5299999999999999,0.63,0.9583333333333334,171.12,99.13519999999998,0.93,0.02,-0.36,-0.38,-0.86,-0.93,-0.07000000000000006,0.34,0.34,0.0,2.55,-71.56,-74.11,-80.73,0.18,80.91000000000001,47.88,8.04,-39.84,0,normal
25,3.316113233566284,0.6052000000000001,0.3411514815054059,1.5,0.15,1.35,0.51,-0.7304,0.256782657773716,-0.3,-1.37,1.07,-0.72,0.21320000000000003,0.14351887216204937,0.52,-0.08,0.6,0.19,38.5164,70.03139586880539,218.76,-83.36,302.12,46.92,-67.2924,78.25688363119673,97.94,-221.51,319.45,-72.43,20.0916,66.51849339845273,157.89,-120.66,278.54999999999995,19.16,1.0076,0.3586697645467206,1.81,0.45,1.36,0.98,1.81,1.0076,0.3586697645467206,1.36,0.45,0.875,221.51,107.17039999999999,1.5,0.39,0.47,0.07999999999999996,-0.87,-0.67,0.19999999999999996,0.2,0.19,-0.010000000000000009,-28.53,-83.36,-54.83,-16.29,40.11,56.4,-33.7,32.95,66.65,0,normal
25,2.4810876846313477,-0.10719999999999999,0.15672481190502882,0.22,-0.31,0.53,-0.12,-0.964,0.13307266185559427,-0.72,-1.5,0.78,-0.95,0.022000000000000006,0.07494442385305705,0.14,-0.15,0.29000000000000004,0.04,-10.8996,25.176943400659262,25.3,-65.37,90.67,-5.28,-3.5183999999999975,33.80119656166036,88.53,-69.82,158.35,1.3,-3.3691999999999998,30.95682220448346,34.09,-82.83,116.92,7.89,0.9863999999999998,0.13130371916540165,1.53,0.76,0.77,0.96,1.53,0.9863999999999998,0.13130371916540165,0.77,0.76,0.8333333333333334,88.53,37.842800000000004,1.5,0.03,0.17,0.14,-1.0,-1.02,-0.020000000000000018,0.02,0.11,0.09,-16.61,2.78,19.39,1.3,-3.02,-4.32,19.13,-16.96,-36.09,0,normal
25,2.4487662315368652,-0.0356,0.12629594873418018,0.16,-0.32,0.48,-0.04,-0.9535999999999999,0.12392470832458448,-0.69,-1.25,0.56,-0.95,0.18960000000000002,0.09378521560814725,0.4,0.01,0.39,0.19,-7.7139999999999995,47.6062964147951,102.2,-77.36,179.56,-22.23,-4.5516000000000005,58.54195743794929,111.1,-94.66,205.76,-6.72,-1.0243999999999998,31.569812067860017,52.4,-54.37,106.77,-1.99,0.9856,0.10901376059929317,1.25,0.8,0.44999999999999996,0.98,1.25,0.9856,0.10901376059929317,0.44999999999999996,0.8,0.75,111.1,62.58559999999999,1.25,0.08,-0.04,-0.12,-0.93,-1.11,-0.18000000000000005,0.21,0.11,-0.09999999999999999,30.11,-56.73,-86.84,-30.0,-25.15,4.850000000000001,4.0,-43.21,-47.21,0,normal
25,2.4664227962493896,0.0892,0.170096051296515,0.57,-0.18,0.75,0.05,-0.9876,0.44022039934560053,-0.08,-2.0,1.92,-0.96,0.16399999999999998,0.1205197079319395,0.48,-0.12,0.6,0.14,-6.193199999999999,61.499598489204246,139.4,-87.37,226.77,-14.58,-19.7212,88.48654070535248,177.57,-121.66,299.23,-57.01,-11.645999999999997,90.48441712066595,142.08,-281.53,423.61,-2.54,1.0256,0.43746504622274296,2.11,0.22,1.89,0.97,2.11,1.0256,0.43746504622274296,1.89,0.22,0.75,281.53,104.90720000000002,2.0,0.04,-0.04,-0.08,-0.96,-1.86,-0.9000000000000001,0.14,0.33,0.19,-9.45,109.42,118.87,-118.64,-85.18,33.459999999999994,-20.83,27.85,48.68,0,normal
25,2.4539389610290527,-0.07840000000000001,0.1052647456020612,0.1,-0.36,0.45999999999999996,-0.09,-0.8860000000000001,0.13095800853708794,-0.64,-1.12,0.4800000000000001,-0.89,0.33160000000000006,0.11621388327849073,0.58,0.11,0.47,0.36,-9.056799999999999,43.27885961220944,95.48,-98.86,194.34,-19.3,-9.986800000000002,93.7691471433968,206.79,-189.82,396.61,-12.84,-2.5112,46.03018405713074,100.23,-113.5,213.73000000000002,0.27,0.9600000000000002,0.14600228308717184,1.23,0.65,0.58,0.97,1.23,0.9600000000000002,0.14600228308717184,0.58,0.65,0.9583333333333334,206.79,84.05519999999999,1.12,-0.16,-0.1,0.06,-0.87,-0.66,0.20999999999999996,0.39,0.15,-0.24000000000000002,-0.89,95.48,96.37,4.56,-12.84,-17.4,-2.29,-97.47,-95.17999999999999,0,normal
25,3.2112064361572266,-0.056799999999999996,0.17343874999549552,0.21,-0.45,0.66,-0.03,-0.9700000000000002,0.11514483632943918,-0.69,-1.31,0.6200000000000001,-0.97,0.0536,0.08138795979750323,0.32,-0.06,0.38,0.05,1.6864000000000008,16.277439366599815,31.04,-34.93,65.97,6.47,-0.23799999999999932,39.627639659712266,100.15,-68.53,168.68,-5.59,0.9468000000000001,34.3538110112983,50.11,-66.08,116.19,11.53,0.9896,0.1332128622418521,1.42,0.69,0.73,0.99,1.42,0.9896,0.1332128622418521,0.73,0.69,0.5833333333333334,100.15,41.26240000000001,1.31,0.21,0.07,-0.13999999999999999,-0.96,-1.05,-0.09000000000000008,-0.05,0.03,0.08,-12.14,9.74,21.880000000000003,-16.15,-2.58,13.569999999999999,0.78,28.67,27.89,0,normal
25,2.4991416931152344,0.03360000000000001,0.16640512812610875,0.38,-0.19,0.5700000000000001,-0.04,-0.9552,0.34318508126082636,-0.41,-1.64,1.23,-0.96,0.09480000000000001,0.1053612832116238,0.31,-0.07,0.38,0.06,-2.2292,40.86351917460528,77.42,-77.77,155.19,9.91,-22.3668,81.19125741728601,130.17,-187.3,317.47,-36.29,-9.069199999999999,66.44412200739305,89.54,-163.01,252.55,-1.36,0.9792000000000002,0.3454697285339677,1.68,0.42,1.26,0.97,1.68,0.9792000000000002,0.3454697285339677,1.26,0.42,0.7916666666666666,187.3,85.7684,1.64,0.01,-0.19,-0.2,-1.02,-1.08,-0.06000000000000005,0.11,0.09,-0.020000000000000004,28.15,-37.74,-65.89,-36.29,-183.18,-146.89000000000001,-41.74,-67.45,-25.71,0,normal
25,2.472132682800293,-0.10400000000000001,0.0939858145324779,0.11,-0.25,0.36,-0.1,-0.9588,0.11673759748541458,-0.78,-1.11,0.33000000000000007,-0.96,0.09160000000000001,0.11939709655878013,0.25,-0.15,0.4,0.11,-9.3444,29.366987287315215,56.03,-59.85,115.88,-12.46,-17.5468,34.34207983897694,55.47,-66.63,122.1,-25.41,-1.0968,21.98381956500432,38.96,-48.06,87.02000000000001,-1.59,0.9792000000000001,0.11937057147108468,1.14,0.78,0.3599999999999999,0.99,1.14,0.9792000000000001,0.11937057147108468,0.3599999999999999,0.78,0.7916666666666666,66.63,39.1144,1.11,-0.03,-0.25,-0.22,-1.11,-0.95,0.16000000000000014,0.04,0.14,0.1,13.65,-17.5,-31.15,-14.73,3.11,17.84,3.54,-18.46,-22.0,0,normal
18,1.7584493160247803,-0.019444444444444462,0.5868607633464309,2.0,-0.53,2.5300000000000002,-0.12,0.09166666666666665,0.781275352529816,2.0,-0.87,2.87,0.185,0.6511111111111112,0.412850761939453,2.0,0.01,1.99,0.655,45.61222222222222,123.6203056114857,221.24,-270.69,491.93,43.975,23.31111111111111,105.9727186251747,418.4,-51.44,469.84,-9.305,-29.121666666666677,85.81429993613776,84.12,-268.54,352.66,-10.525,1.086666666666667,0.5768678103241983,2.83,0.5,2.33,0.92,2.83,1.086666666666667,0.5768678103241983,2.33,0.5,0.47058823529411764,418.4,128.4361111111111,2.0,0.06,-0.34,-0.4,-0.87,0.15,1.02,0.35,0.83,0.48,48.53,-38.09,-86.62,-34.92,-39.15,-4.229999999999997,6.79,-15.6,-22.39,1,fall
20,1.9243614673614502,0.3085,0.4478636423123261,1.11,-0.35,1.46,0.22,-0.8150000000000001,0.6096979407439133,0.16,-1.94,2.1,-0.8049999999999999,-0.09450000000000003,0.3364595072218944,0.63,-0.91,1.54,-0.07500000000000001,-13.907000000000005,133.11059968470227,245.11,-264.47,509.58000000000004,-2.775,59.744500000000016,213.83957246582872,489.97,-284.72,774.69,-3.0999999999999996,-12.443000000000001,134.95558018142586,258.38,-235.31,493.69,10.504999999999999,1.0399999999999998,0.5962161388376922,2.24,0.13,2.1100000000000003,0.99,2.24,1.0399999999999998,0.5962161388376922,2.1100000000000003,0.13,0.42105263157894735,489.97,217.60999999999999,1.94,0.14,-0.03,-0.17,-0.71,-0.18,0.53,-0.0,-0.12,-0.12,-76.17,63.24,139.41,-56.89,240.87,297.76,-47.77,38.87,86.64,0,normal
25,2.470651149749756,0.1632,0.09952889027814989,0.38,0.02,0.36,0.15,-0.05159999999999999,0.13075677165383573,0.28,-0.25,0.53,-0.08,0.9215999999999999,0.14164744967700618,1.16,0.72,0.43999999999999995,0.87,-6.2112,38.32067298034661,63.16,-85.76,148.92000000000002,-4.2,-11.634400000000001,24.611875703949643,33.07,-62.49,95.56,-7.83,3.0944,37.0789877693553,73.54,-75.96,149.5,-0.7,0.95,0.14436643192469178,1.2,0.75,0.44999999999999996,0.9,1.2,0.95,0.14436643192469178,0.44999999999999996,0.75,0.0,85.76,44.864000000000004,1.16,0.2,0.09,-0.11000000000000001,0.28,-0.2,-0.48000000000000004,1.15,1.13,-0.020000000000000018,-14.96,-33.33,-18.369999999999997,9.72,33.07,23.35,53.68,39.14,-14.54,0,normal
25,3.282085418701172,-0.12480000000000002,0.16505352667140036,0.2,-0.38,0.5800000000000001,-0.15,-0.9396000000000001,0.1305590543266405,-0.69,-1.21,0.52,-0.92,0.2884,0.14019866856238922,0.5,-0.07,0.5700000000000001,0.31,-17.5252,37.51964597825163,96.5,-74.03,170.53,-20.38,-72.66640000000001,107.58203884633035,87.08,-265.22,352.3,-47.24,16.077999999999996,53.369955577397036,109.31,-89.41,198.72,14.55,1.0131999999999999,0.1360367597379473,1.34,0.77,0.5700000000000001,1.01,1.34,1.0131999999999999,0.1360367597379473,0.5700000000000001,0.77,0.8333333333333334,265.22,109.45360000000001,1.21,-0.18,-0.1,0.07999999999999999,-0.92,-0.97,-0.04999999999999993,0.29,0.31,0.020000000000000018,-12.24,16.89,29.130000000000003,-186.34,25.16,211.5,40.34,2.4,-37.940000000000005,0,normal
25,2.4752159118652344,0.1476,0.2425949985744416,0.66,-0.18,0.8400000000000001,0.09,-0.9244,0.3423701700401677,-0.39,-1.56,1.17,-0.91,0.13879999999999998,0.22807747221795782,0.55,-0.39,0.9400000000000001,0.13,-7.8288,73.02730444384028,141.77,-143.15,284.92,-10.79,1.5380000000000005,53.36883914482933,112.08,-97.13,209.20999999999998,-9.16,-4.0648,50.71790406421254,114.9,-102.75,217.65,-4.79,0.9904,0.3766793508188806,1.66,0.43,1.23,1.01,1.66,0.9904,0.3766793508188806,1.23,0.43,0.625,143.15,76.3588,1.56,0.25,0.03,-0.22,-0.63,-0.56,0.06999999999999995,0.1,0.05,-0.05,-39.37,-52.78,-13.410000000000004,19.59,-49.85,-69.44,-88.08,7.08,95.16,0,normal
17,1.654672384262085,-0.15294117647058825,0.12819734327796897,-0.0,-0.47,0.47,-0.1,-0.9617647058823531,0.12269042821862915,-0.72,-1.16,0.43999999999999995,-0.93,0.15941176470588236,0.10573969147364284,0.32,-0.04,0.36,0.15,4.5,55.774087621403545,122.72,-66.38,189.1,-21.97,-3.534117647058824,68.47207177554432,92.99,-96.61,189.6,-16.38,-5.034117647058824,32.79362343863962,52.5,-65.91,118.41,-1.42,0.9947058823529412,0.14577884135990138,1.26,0.72,0.54,0.98,1.26,0.9947058823529412,0.14577884135990138,0.54,0.72,0.0,122.72,74.32764705882354,1.16,-0.47,-0.27,0.19999999999999996,-1.13,-1.02,0.10999999999999988,0.32,0.28,-0.03999999999999998,-53.98,-32.43,21.549999999999997,58.9,-32.43,-91.33,52.5,-59.44,-111.94,0,normal
25,2.483046770095825,-0.08439999999999999,0.12977801560099975,0.27,-0.28,0.55,-0.07,-0.8744000000000001,0.10832358930537707,-0.58,-1.09,0.5100000000000001,-0.88,0.36119999999999997,0.1482486649743149,0.85,0.13,0.72,0.32,-4.174800000000001,37.98355489770101,75.37,-92.93,168.3,-10.5,-33.106,60.77731381856227,70.01,-172.06,242.07,-31.33,-0.19480000000000047,52.138447835226806,112.9,-120.4,233.3,-5.13,0.9672,0.1269356792500307,1.27,0.7,0.5700000000000001,0.98,1.27,0.9672,0.1269356792500307,0.5700000000000001,0.7,0.8333333333333334,172.06,69.30120000000001,1.09,-0.28,-0.07,0.21000000000000002,-0.86,-0.94,-0.07999999999999996,0.36,0.42,0.06,6.18,-12.49,-18.67,20.73,24.5,3.7699999999999996,-35.44,-8.43,27.009999999999998,0,normal
24,2.3228936195373535,0.50875,0.6970765817824934,2.0,-0.26,2.26,0.48,-0.4533333333333333,0.5949984776499828,1.48,-1.12,2.6,-0.45999999999999996,0.2870833333333333,0.3624731374354779,1.31,-0.16,1.47,0.29000000000000004,-5.993750000000001,186.15238093777998,498.63,-501.91,1000.54,-28.395,-29.859166666666667,98.24291977660214,300.9,-246.15,547.05,-20.91,-49.69291666666666,163.17265112062094,285.62,-502.2,787.8199999999999,-12.004999999999999,1.0845833333333332,0.5658312789444253,2.82,0.44,2.38,0.99,2.82,1.0845833333333332,0.5658312789444253,2.38,0.44,0.5217391304347826,502.2,147.96416666666667,2.0,0.04,0.67,0.63,-1.01,-0.42,0.5900000000000001,0.05,0.45,0.4,-26.78,-40.86,-14.079999999999998,-5.54,-7.77,-2.2299999999999995,28.61,7.37,-21.24,1,fall
25,2.466954469680786,0.23200000000000004,0.10766460266339474,0.43,0.07,0.36,0.23,-0.014400000000000001,0.15519020587653076,0.44,-0.2,0.64,-0.07,0.9103999999999999,0.14330852498484986,1.22,0.68,0.5399999999999999,0.88,-6.2788,35.37016201546156,53.56,-89.36,142.92000000000002,2.26,-15.3348,21.40234374237239,22.55,-51.68,74.23,-11.91,2.8503999999999996,25.061033910568547,36.7,-48.08,84.78,15.62,0.9551999999999999,0.15286486406845318,1.26,0.75,0.51,0.92,1.26,0.9551999999999999,0.15286486406845318,0.51,0.75,0.9166666666666666,89.36,37.703599999999994,1.22,0.34,0.33,-0.010000000000000009,-0.08,-0.05,0.03,0.85,0.72,-0.13,-26.31,53.02,79.33,-1.13,-2.72,-1.5900000000000003,-15.94,36.7,52.64,0,normal
25,2.373544216156006,-0.0196,0.11374239901344324,0.33,-0.28,0.6100000000000001,-0.03,-0.9475999999999999,0.09170968687476078,-0.7,-1.1,0.40000000000000013,-0.97,0.0692,0.07438189743927394,0.15,-0.16,0.31,0.09,5.139600000000001,33.27831870252262,103.56,-40.17,143.73000000000002,-6.69,-55.8456,80.12970865415649,0.17,-223.53,223.7,-10.73,6.737599999999999,27.488890222536572,70.92,-53.45,124.37,-3.16,0.9603999999999999,0.08565823564219226,1.11,0.71,0.40000000000000013,0.98,1.11,0.9603999999999999,0.08565823564219226,0.40000000000000013,0.71,0.875,223.53,65.6808,1.1,0.0,0.15,0.15,-0.81,-0.83,-0.019999999999999907,-0.16,0.1,0.26,103.56,-8.31,-111.87,-34.4,-206.11,-171.71,18.66,44.01,25.349999999999998,0,normal
25,3.2785985469818115,-0.09880000000000001,0.1669660644162959,0.17,-0.52,0.6900000000000001,-0.07,-0.9516,0.09758244377619026,-0.75,-1.14,0.3899999999999999,-0.96,0.16400000000000003,0.10230672835481872,0.35,-0.03,0.38,0.19,4.902800000000001,60.371945093174965,148.66,-88.61,237.26999999999998,0.76,12.992,50.27502602353048,130.87,-69.66,200.53,12.58,-6.667200000000001,22.80392190684167,42.3,-63.05,105.35,-9.04,0.9871999999999999,0.10994392510123815,1.17,0.77,0.3999999999999999,1.0,1.17,0.9871999999999999,0.10994392510123815,0.3999999999999999,0.77,0.25,148.66,53.8772,1.14,-0.08,-0.43,-0.35,-0.98,-0.93,0.04999999999999993,0.31,0.28,-0.02999999999999997,17.34,148.66,131.32,-22.96,106.03,128.99,39.74,4.67,-35.07,0,normal
25,2.450608968734741,0.23200000000000004,0.20816659994661327,0.8,-0.04,0.8400000000000001,0.2,-0.912,0.3337539013504811,-0.4,-1.42,1.02,-0.91,0.19080000000000003,0.11828355760628778,0.4,-0.12,0.52,0.19,1.6884000000000003,56.71341593779494,122.98,-109.91,232.89,-9.25,-41.388000000000005,47.77723394393331,40.85,-130.34,171.19,-39.37,0.31640000000000074,41.833260877759294,106.99,-60.73,167.72,-13.02,0.9796,0.3527449503536514,1.46,0.44,1.02,0.96,1.46,0.9796,0.3527449503536514,1.02,0.44,0.125,130.34,68.35520000000001,1.42,0.11,0.23,0.12000000000000001,-0.94,-1.05,-0.1100000000000001,0.19,0.28,0.09000000000000002,-28.73,-56.86,-28.13,38.23,-61.15,-99.38,-20.7,-59.63,-38.93000000000001,0,normal
25,2.4883124828338623,0.18600000000000003,0.5843657530462693,1.54,-0.54,2.08,0.03,-0.7312000000000001,0.20461997295800166,-0.29,-1.01,0.72,-0.66,-0.3164,0.5974730119427991,0.95,-2.0,2.95,-0.33,-15.2432,67.77818870649564,130.55,-219.47,350.02,-7.22,-83.41879999999999,123.2401914055097,171.42,-366.17,537.59,-62.47,43.47120000000001,137.98527386162144,431.04,-160.83,591.87,-11.85,1.1064,0.40347325396693484,2.49,0.67,1.8200000000000003,0.99,2.49,1.1064,0.40347325396693484,1.8200000000000003,0.67,0.5,431.04,137.88639999999998,2.0,0.02,-0.35,-0.37,-0.95,-0.61,0.33999999999999997,0.25,-0.87,-1.12,6.53,-61.3,-67.83,-32.78,-62.47,-29.689999999999998,-11.85,-6.23,5.619999999999999,1,fall
25,2.4505858421325684,-0.11320000000000002,0.1425283597510802,0.16,-0.41,0.57,-0.09,-0.884,0.13756816492197604,-0.52,-1.1,0.5800000000000001,-0.92,0.3428000000000001,0.11189727431890376,0.57,0.18,0.38999999999999996,0.34,6.679600000000002,40.16201464900219,88.15,-59.94,148.09,3.22,28.101999999999997,79.96079862449265,197.88,-74.43,272.31,2.38,-16.56,40.15084681547825,50.56,-105.41,155.97,-8.17,0.9676,0.15226840337596856,1.23,0.6,0.63,0.98,1.23,0.9676,0.15226840337596856,0.63,0.6,0.75,197.88,72.30760000000001,1.1,-0.08,-0.22,-0.14,-0.91,-0.89,0.020000000000000018,0.21,0.47,0.26,-5.19,11.21,16.400000000000002,-26.46,197.88,224.34,-8.17,-105.41,-97.24,0,normal
25,2.479285955429077,-0.0872,0.3559204030866078,0.77,-0.96,1.73,-0.09,0.1276,0.20747047982785405,0.57,-0.32,0.8899999999999999,0.09,0.9148,0.21641241492422134,1.29,0.45,0.8400000000000001,0.95,-15.558800000000002,108.13273199021037,192.95,-306.66,499.61,-14.18,-2.4616,125.87809333107435,338.44,-241.88,580.3199999999999,2.08,61.431999999999995,85.86274099786628,308.72,-77.01,385.73,48.99,0.9987999999999999,0.2674154071851508,1.61,0.49,1.12,0.97,1.61,0.9987999999999999,0.2674154071851508,1.12,0.49,0.9166666666666666,338.44,131.7092,1.29,-0.45,-0.14,0.31,0.09,0.03,-0.06,1.08,1.06,-0.020000000000000018,30.0,-34.11,-64.11,-69.94,1.22,71.16,43.27,34.08,-9.190000000000005,1,fall
25,2.483701705932617,-0.48080000000000006,0.577919544573464,0.07,-2.0,2.07,-0.24,-0.6312,0.5080872628463211,0.48,-2.0,2.48,-0.84,-0.05760000000000001,0.4600659373031943,0.5,-0.97,1.47,0.22,-55.16120000000001,145.9845590385047,109.21,-501.91,611.12,-11.01,47.17240000000001,146.9874596771212,489.97,-92.96,582.9300000000001,-1.77,51.4068,69.88214118070509,272.27,-39.53,311.79999999999995,32.26,1.0808,0.49893987613739593,2.85,0.41,2.44,0.97,2.85,1.0808,0.49893987613739593,2.44,0.41,0.625,501.91,113.3928,2.0,0.04,-0.81,-0.8500000000000001,-0.95,-0.13,0.82,0.24,-0.65,-0.89,-2.61,-101.74,-99.13,0.78,0.95,0.16999999999999993,27.95,32.26,4.309999999999999,1,fall
25,2.4783356189727783,-0.035199999999999995,0.1930915154359024,0.25,-0.42,0.6699999999999999,0.02,-0.944,0.10136567466356645,-0.66,-1.12,0.4600000000000001,-0.96,0.1192,0.1297086478741234,0.44,-0.05,0.49,0.08,-0.9343999999999995,35.06339557145029,72.4,-79.25,151.65,0.53,-8.9124,33.10915498770695,52.53,-61.13,113.66,-5.37,-1.9555999999999996,44.59464411787586,44.55,-106.35,150.89999999999998,17.42,0.9767999999999999,0.12249897958758674,1.23,0.67,0.5599999999999999,0.98,1.23,0.9767999999999999,0.12249897958758674,0.5599999999999999,0.67,0.5,106.35,50.02440000000001,1.12,0.17,0.03,-0.14,-0.96,-1.06,-0.10000000000000009,-0.02,0.06,0.08,12.0,-11.77,-23.77,-2.67,-23.16,-20.490000000000002,17.42,20.76,3.34,0,normal
15,1.4477102756500244,-0.05466666666666667,0.1276080307966921,0.22,-0.29,0.51,-0.03,-0.9293333333333335,0.11919172230766142,-0.7,-1.12,0.42000000000000015,-0.94,0.22333333333333333,0.08482474930843058,0.41,0.11,0.3,0.22,-24.514666666666667,59.99697574124248,92.69,-103.51,196.2,-41.51,-14.365333333333338,96.10392959608636,132.93,-180.06,312.99,0.78,-14.705999999999998,50.18487077083804,85.19,-116.47,201.66,-25.36,0.9666666666666667,0.11623047711131454,1.14,0.75,0.3899999999999999,0.99,1.14,0.9666666666666667,0.11623047711131454,0.3899999999999999,0.75,0.8571428571428571,180.06,97.72333333333334,1.12,-0.16,0.02,0.18,-0.96,-0.8,0.15999999999999992,0.41,0.11,-0.3,-89.01,-103.51,-14.5,21.62,49.33,27.709999999999997,-56.25,-52.64,3.6099999999999994,0,normal
25,2.429516553878784,-0.1268,0.09965440281292143,0.11,-0.28,0.39,-0.13,-0.8948,0.09849365461794989,-0.63,-1.06,0.43000000000000005,-0.91,0.26520000000000005,0.09929417572714591,0.62,0.14,0.48,0.25,-10.608399999999996,31.50927425378122,32.95,-76.15,109.10000000000001,-5.25,-84.25200000000001,89.58580346982066,53.18,-207.42,260.59999999999997,-86.11,33.973600000000005,36.79636257838538,110.52,-40.79,151.31,32.46,0.9520000000000001,0.09105858919765157,1.1,0.75,0.3500000000000001,0.96,1.1,0.9520000000000001,0.09105858919765157,0.3500000000000001,0.75,0.3333333333333333,207.42,103.046,1.06,-0.02,-0.02,0.0,-0.93,-0.7,0.2300000000000001,0.15,0.25,0.1,-15.51,-76.15,-60.64000000000001,53.18,-86.11,-139.29,12.84,59.37,46.53,0,normal
20,1.9723961353302002,0.217,0.27526255409010963,0.82,-0.06,0.8799999999999999,0.07,-0.4640000000000001,0.526431881933256,0.55,-1.31,1.86,-0.43500000000000005,-0.693,0.6147836589959277,-0.08,-1.88,1.7999999999999998,-0.5650000000000001,-91.59500000000003,106.06909379218214,56.32,-391.39,447.71,-75.84,41.98199999999999,135.97980359326584,440.08,-77.91,517.99,-9.575,20.2485,93.53619633033709,361.59,-92.79,454.38,-8.024999999999999,1.1215000000000002,0.43680990686663934,2.17,0.47,1.7,1.0,2.17,1.1215000000000002,0.43680990686663934,1.7,0.47,0.5263157894736842,440.08,139.68200000000002,1.88,0.03,0.06,0.03,-0.91,-0.23,0.68,-0.15,-0.82,-0.6699999999999999,-36.11,-83.63,-47.519999999999996,-42.55,38.69,81.24,-1.18,47.5,48.68,1,fall
25,2.404132127761841,-0.03559999999999999,0.1619948558854056,0.27,-0.44,0.71,-0.02,-0.9152000000000001,0.1724364617281778,-0.5,-1.2,0.7,-0.94,0.2868,0.13492961127936298,0.57,0.07,0.49999999999999994,0.24,-4.018,41.41740827639187,89.86,-66.9,156.76,-1.91,-0.3547999999999988,87.31808304125784,124.41,-172.63,297.03999999999996,-12.78,-7.1808000000000005,40.69437869861963,79.07,-84.05,163.12,1.28,0.98,0.18241436346954698,1.33,0.61,0.7200000000000001,1.0,1.33,0.98,0.18241436346954698,0.7200000000000001,0.61,0.625,172.63,78.4608,1.2,-0.22,0.14,0.36,-0.95,-0.75,0.19999999999999996,0.33,0.24,-0.09000000000000002,-10.2,15.5,25.7,122.17,-46.21,-168.38,-84.05,2.15,86.2,0,normal
23,2.2363765239715576,0.23565217391304347,0.1786776194703879,0.69,-0.14,0.83,0.2,-0.9365217391304349,0.3237649076336405,-0.33,-1.65,1.3199999999999998,-0.89,0.13608695652173913,0.15753034716104652,0.66,-0.22,0.88,0.13,7.908260869565216,98.17119863937941,208.63,-147.28,355.90999999999997,-7.04,-49.098260869565216,146.89000085568588,210.88,-462.79,673.6700000000001,-46.78,7.06,111.69310274139582,236.7,-258.37,495.07,18.38,1.002608695652174,0.32423640913977825,1.68,0.34,1.3399999999999999,0.97,1.68,1.002608695652174,0.32423640913977825,1.3399999999999999,0.34,0.5454545454545454,462.79,160.50130434782608,1.65,0.08,0.2,0.12000000000000001,-0.89,-0.72,0.17000000000000004,0.22,0.24,0.01999999999999999,0.43,5.74,5.3100000000000005,-36.02,-110.93,-74.91,-136.75,18.38,155.13,0,normal
20,1.9330942630767822,-0.09399999999999999,0.14808958881632928,0.14,-0.38,0.52,-0.095,-0.9670000000000002,0.14974012576179405,-0.53,-1.25,0.72,-0.98,0.11250000000000002,0.08650372672227542,0.33,-0.01,0.34,0.11499999999999999,-2.2465,22.496492656458813,36.43,-54.58,91.00999999999999,-5.78,-18.4065,31.753119908874606,33.34,-105.53,138.87,-14.870000000000001,2.842,33.10380747699099,44.85,-61.25,106.1,1.9449999999999998,0.9919999999999998,0.15902995414634777,1.27,0.55,0.72,0.98,1.27,0.9919999999999998,0.15902995414634777,0.72,0.55,0.8947368421052632,105.53,39.077999999999996,1.25,0.07,-0.03,-0.1,-0.98,-1.03,-0.050000000000000044,0.02,0.04,0.02,-3.94,-54.58,-50.64,-20.38,-21.24,-0.8599999999999994,-3.71,-0.93,2.78,0,normal
24,2.383173942565918,0.16958333333333334,0.5062692114801706,1.82,-1.28,3.1,0.09,-0.41250000000000003,0.7210273467647456,1.36,-2.0,3.3600000000000003,-0.54,-0.55375,0.5187678755432454,0.05,-2.0,2.05,-0.31,-60.75791666666667,106.40475553197253,345.28,-208.41,553.6899999999999,-74.555,-35.5775,97.66392379415014,31.45,-450.72,482.17,-11.06,-15.726250000000002,93.6403076909539,173.59,-386.46,560.05,-7.565,1.1079166666666667,0.5415836614216132,3.02,0.39,2.63,0.995,3.02,1.1079166666666667,0.5415836614216132,2.63,0.39,0.6086956521739131,450.72,121.70291666666667,2.0,0.06,0.11,0.05,-1.01,-0.01,1.0,0.03,-1.02,-1.05,-22.9,-69.15,-46.25000000000001,-16.21,-10.35,5.860000000000001,27.54,5.8,-21.74,1,fall
25,2.4706931114196777,-0.15,0.1819340539866025,0.21,-0.36,0.57,-0.18,-0.9123999999999998,0.12464215445292441,-0.55,-1.16,0.6099999999999999,-0.92,0.2552,0.12017764628526664,0.49,0.02,0.47,0.25,-8.994399999999999,48.66691493201516,56.27,-126.35,182.62,2.34,44.7704,89.0656160965985,211.91,-85.53,297.44,25.14,-31.955999999999996,62.64433740038547,70.93,-166.63,237.56,-27.01,0.9843999999999999,0.10610843510296436,1.21,0.65,0.5599999999999999,1.0,1.21,0.9843999999999999,0.10610843510296436,0.5599999999999999,0.65,0.375,211.91,94.0552,1.16,0.07,0.17,0.1,-0.87,-0.83,0.040000000000000036,0.32,0.13,-0.19,-13.83,-0.89,12.94,-66.99,-40.4,26.589999999999996,41.42,-11.54,-52.96,0,normal
23,2.278294801712036,-0.3247826086956522,0.33876607060460673,0.18,-0.97,1.15,-0.19,-0.5873913043478262,0.5515615632934974,0.75,-1.56,2.31,-0.62,-0.07260869565217391,0.5480313311490034,1.26,-1.26,2.52,0.06,60.81086956521739,92.4431692699035,334.96,-52.79,387.75,45.71,34.95782608695651,128.40285036331136,460.14,-123.5,583.64,7.45,58.74260869565218,148.33335624431734,498.34,-184.03,682.37,39.68,0.9930434782608696,0.40933909906545135,2.01,0.0,2.01,0.96,2.01,0.9930434782608696,0.40933909906545135,2.01,0.0,0.5909090909090909,498.34,133.75739130434783,1.56,-0.0,-0.71,-0.71,-0.0,-0.52,-0.52,-0.0,-0.21,-0.21,-1.65,45.71,47.36,-10.31,-81.18,-70.87,-1.94,46.43,48.37,1,fall
25,2.4698290824890137,0.0248,0.27106456795383643,0.42,-0.84,1.26,0.03,-0.5424,0.48819634028397496,0.97,-1.01,1.98,-0.72,-0.5516000000000001,0.5426453722275718,0.14,-2.0,2.14,-0.64,-45.44519999999999,114.07724415646328,118.41,-374.6,493.01,-56.14,-21.4628,110.40017257383856,325.25,-304.55,629.8,-11.82,-27.084400000000006,89.18642862379154,176.64,-269.71,446.34999999999997,-11.66,1.0432000000000001,0.30990213508998826,2.38,0.69,1.69,1.0,2.38,1.0432000000000001,0.30990213508998826,1.69,0.69,0.5416666666666666,374.6,120.60640000000001,2.0,-0.06,0.11,0.16999999999999998,-0.97,-0.63,0.33999999999999997,0.14,-0.78,-0.92,-56.14,-6.61,49.53,-11.82,13.22,25.04,0.63,3.54,2.91,1,fall
24,2.3303489685058594,-0.43875,0.3859073159733294,0.01,-1.31,1.32,-0.26,-0.6745833333333334,0.292515018814221,0.19,-1.08,1.27,-0.765,0.11958333333333333,0.33476116296829306,0.77,-0.55,1.32,0.215,-15.500416666666672,155.3046862441184,498.63,-362.67,861.3,-30.060000000000002,22.78708333333334,126.1710224941137,379.56,-299.71,679.27,3.6050000000000004,33.6875,76.6781628258517,218.93,-198.49,417.42,28.130000000000003,0.9691666666666667,0.23496376532242744,1.54,0.51,1.03,0.95,1.54,0.9691666666666667,0.23496376532242744,1.03,0.51,0.6521739130434783,498.63,114.81625000000001,1.31,0.01,-0.73,-0.74,-0.88,-0.56,0.31999999999999995,0.35,-0.06,-0.41,-17.91,31.19,49.1,5.07,-6.93,-12.0,14.75,-10.46,-25.21,1,fall
25,2.47395658493042,0.35,0.15821925715074425,0.76,-0.02,0.78,0.36,-0.18600000000000003,0.27862758896658696,0.85,-0.52,1.37,-0.27,0.8044,0.130673894357927,1.24,0.6,0.64,0.8,-31.266399999999997,105.34172590036043,154.56,-341.66,496.22,-4.66,15.920399999999999,103.11573435061531,230.0,-233.8,463.8,-1.8,-53.19839999999999,82.45608809542205,76.98,-215.37,292.35,-9.77,0.9416,0.18006202635018112,1.68,0.74,0.94,0.92,1.68,0.9416,0.18006202635018112,0.94,0.74,0.6666666666666666,341.66,98.87200000000001,1.24,0.41,0.24,-0.16999999999999998,-0.29,-0.52,-0.23000000000000004,0.8,0.7,-0.10000000000000009,-84.46,-4.66,79.8,-41.68,-5.48,36.2,76.98,-75.82,-152.8,1,fall
25,2.470142126083374,-0.0436,0.16484538210092511,0.31,-0.25,0.56,-0.1,-0.4596,0.322690253958808,0.26,-0.8,1.06,-0.62,0.7492,0.21307119311003386,1.2,0.4,0.7999999999999999,0.67,24.551199999999994,98.36630183147072,302.78,-123.76,426.53999999999996,-3.18,-21.584400000000002,71.8345758252946,203.27,-134.6,337.87,-20.99,-6.3804,65.10568712229883,127.5,-143.96,271.46000000000004,-12.57,0.9644000000000001,0.11881638495314242,1.23,0.79,0.43999999999999995,0.94,1.23,0.9644000000000001,0.11881638495314242,0.43999999999999995,0.79,0.7916666666666666,302.78,101.6172,1.2,-0.15,0.2,0.35,-0.69,0.15,0.84,0.62,1.02,0.4,-57.24,-123.76,-66.52000000000001,-52.72,203.27,255.99,20.3,50.98,30.679999999999996,1,fall
25,2.4840939044952393,0.45640000000000003,0.3283656498478487,1.21,0.04,1.17,0.38,-0.8072,0.38924628022200375,-0.36,-1.82,1.46,-0.59,0.16160000000000005,0.15550133975842995,0.45,-0.16,0.61,0.14,-1.910399999999999,47.66660531581134,129.86,-71.34,201.20000000000002,-11.05,-18.2264,78.76784442694029,120.24,-162.75,282.99,-39.56,7.5691999999999995,58.72316691618962,119.28,-118.73,238.01,2.43,0.9748,0.4613939025749401,1.88,0.39,1.4899999999999998,0.9,1.88,0.9748,0.4613939025749401,1.4899999999999998,0.39,0.625,162.75,79.5124,1.82,0.16,0.18,0.01999999999999999,-0.44,-0.58,-0.13999999999999996,0.13,0.17,0.04000000000000001,-18.72,-32.32,-13.600000000000001,56.85,16.84,-40.010000000000005,-15.16,-15.65,-0.4900000000000002,0,normal
25,2.4803364276885986,0.0368,0.1610827944464171,0.49,-0.2,0.69,-0.03,-0.8775999999999999,0.3870215325620354,-0.08,-2.0,1.92,-0.95,-0.16799999999999998,0.4764276790167982,0.19,-1.64,1.8299999999999998,0.1,-49.4024,76.60818071415957,76.32,-237.1,313.41999999999996,-9.62,-12.0372,50.461244495156876,67.42,-179.41,246.82999999999998,-9.37,-27.1496,62.94207254028633,19.79,-278.31,298.1,-5.15,0.9919999999999999,0.4564172068038919,2.61,0.11,2.5,0.97,2.61,0.9919999999999999,0.4564172068038919,2.5,0.11,0.75,278.31,68.1572,2.0,-0.03,0.15,0.18,-0.9,-0.65,0.25,0.14,-0.5,-0.64,-7.8,-31.25,-23.45,-6.38,30.44,36.82,6.87,-10.6,-17.47,0,normal
20,1.949479103088379,-0.1545,0.3869105023672855,0.27,-1.07,1.34,0.035,-0.4255000000000001,0.5416492844714382,0.95,-1.57,2.52,-0.39,0.649,0.4234432789953287,1.49,0.1,1.39,0.66,27.729000000000003,170.72193874065638,416.46,-251.56,668.02,16.13,-9.204500000000003,136.16313943884413,295.48,-277.25,572.73,4.1,29.681999999999995,121.67689598622292,328.69,-182.57,511.26,10.605,1.0425,0.3714817414228138,2.1,0.51,1.59,0.975,2.1,1.0425,0.3714817414228138,1.59,0.51,0.3684210526315789,416.46,165.9475,1.57,0.05,0.11,0.06,-0.91,-0.14,0.77,0.14,1.0,0.86,54.99,-47.13,-102.12,10.7,-2.5,-13.2,31.94,50.56,18.62,1,fall
25,2.4803638458251953,0.1476,0.1041345283755585,0.38,-0.1,0.48,0.13,-0.936,0.31489416211377014,-0.44,-1.77,1.33,-0.87,0.126,0.11357816691600547,0.38,-0.06,0.44,0.14,8.335999999999999,57.53527302157057,107.51,-84.67,192.18,13.68,-93.52960000000002,101.3995157565689,83.43,-291.45,374.88,-85.68,13.365199999999998,75.99786220238917,162.17,-125.13,287.29999999999995,29.11,0.9688,0.31623198235894273,1.84,0.47,1.37,0.93,1.84,0.9688,0.31623198235894273,1.37,0.47,0.625,291.45,128.9964,1.77,0.1,0.2,0.1,-0.97,-0.8,0.16999999999999993,0.03,0.32,0.29000000000000004,107.51,38.05,-69.46000000000001,-291.45,-85.68,205.76999999999998,57.16,-103.45,-160.61,0,normal
25,3.294105291366577,-0.0692,0.12542992731667618,0.15,-0.32,0.47,-0.09,-0.9244000000000001,0.10348429832588132,-0.72,-1.12,0.40000000000000013,-0.92,0.25920000000000004,0.11891593669479293,0.46,-0.03,0.49,0.27,-14.4284,26.806514083956035,37.89,-60.89,98.78,-20.99,-70.1168,78.50523579779038,67.31,-197.13,264.44,-82.4,19.0512,38.906176707561485,84.23,-51.57,135.8,13.11,0.978,0.10515861036231573,1.15,0.73,0.41999999999999993,0.98,1.15,0.978,0.10515861036231573,0.41999999999999993,0.73,0.8333333333333334,197.13,91.5992,1.12,-0.05,-0.12,-0.06999999999999999,-0.77,-1.03,-0.26,0.24,0.19,-0.04999999999999999,-47.56,-27.56,20.000000000000004,-98.93,67.31,166.24,13.11,-29.65,-42.76,0,normal
24,2.3241074085235596,0.31375000000000003,0.31112436350311334,0.81,-0.33,1.1400000000000001,0.315,-0.88125,0.5180172273448895,-0.11,-2.0,1.89,-0.835,0.16333333333333336,0.3713157178451251,0.68,-0.5,1.1800000000000002,0.22499999999999998,7.849166666666666,79.87459061154755,120.58,-209.02,329.6,11.595,-62.84708333333333,243.1678577601179,470.85,-435.39,906.24,-93.955,29.435,101.88409988165795,207.71,-212.28,419.99,64.465,1.0808333333333333,0.4730742810197135,2.19,0.48,1.71,0.98,2.19,1.0808333333333333,0.4730742810197135,1.71,0.48,0.43478260869565216,470.85,224.17708333333334,2.0,0.44,-0.23,-0.67,-0.99,-0.22,0.77,-0.01,-0.43,-0.42,120.58,-18.69,-139.27,-194.4,-49.13,145.27,112.34,73.5,-38.84,0,normal
23,2.2709765434265137,-0.05565217391304348,0.11317026942365616,0.1,-0.23,0.33,-0.07,-0.9621739130434783,0.18850986281743096,-0.69,-1.48,0.79,-0.93,0.14608695652173911,0.11236058555281184,0.31,-0.07,0.38,0.16,-2.0178260869565214,25.20133202766035,76.61,-36.53,113.14,-9.69,12.547391304347824,28.897691668963223,54.43,-56.09,110.52000000000001,11.43,-7.265652173913042,29.825664486400566,54.93,-76.02,130.95,-5.66,0.9869565217391303,0.1873847471867998,1.49,0.7,0.79,0.97,1.49,0.9869565217391303,0.1873847471867998,0.79,0.7,0.09090909090909091,76.61,37.39304347826087,1.48,-0.16,-0.1,0.06,-0.84,-0.76,0.07999999999999996,0.17,-0.07,-0.24000000000000002,9.69,-15.88,-25.57,0.3,17.02,16.72,-41.04,-18.46,22.58,0,normal
23,2.1265079975128174,0.4373913043478262,0.5359631719989074,1.33,-0.47,1.8,0.24,-0.788695652173913,0.6958663948817271,0.43,-2.0,2.43,-0.71,0.12347826086956518,0.3290704358927677,0.93,-0.48,1.4100000000000001,0.15,-3.244782608695652,145.07623976471396,189.73,-327.34,517.0699999999999,39.44,-32.782608695652186,266.5053384458895,358.08,-510.57,868.65,-110.18,46.74130434782607,200.1864302072706,414.75,-355.92,770.6700000000001,60.79,1.1008695652173912,0.692465378481305,2.41,0.24,2.17,0.92,2.41,1.1008695652173912,0.692465378481305,2.17,0.24,0.36363636363636365,510.57,277.8352173913043,2.0,1.29,0.13,-1.1600000000000001,-0.91,0.43,1.34,0.35,0.24,-0.10999999999999999,47.05,29.07,-17.979999999999997,181.69,-177.82,-359.51,24.58,-22.67,-47.25,0,normal
22,2.169691562652588,0.5313636363636364,0.5796903562169281,2.0,-0.08,2.08,0.415,-0.775,0.44699792265416943,0.03,-2.0,2.03,-0.8200000000000001,0.07272727272727272,0.36752948463752133,0.82,-1.19,2.01,0.055,56.83363636363637,110.94914212614776,498.63,-33.25,531.88,29.515,-6.0009090909090865,125.02132065444604,359.85,-217.92,577.77,-5.545,-28.230909090909098,87.54741076963688,269.5,-168.21,437.71000000000004,-47.025000000000006,1.1022727272727273,0.5725210066279691,2.89,0.26,2.63,0.975,2.89,1.1022727272727273,0.5725210066279691,2.63,0.26,0.5714285714285714,498.63,109.94272727272727,2.0,-0.08,0.92,1.0,-0.99,-0.44,0.55,-0.06,0.29,0.35,3.11,22.18,19.07,-3.5,-106.87,-103.37,3.42,-64.2,-67.62,1,fall
25,2.3866896629333496,-0.1232,0.32405915097915894,0.73,-0.99,1.72,-0.06,-0.8772,0.30772715187321387,-0.24,-1.74,1.5,-0.86,0.40399999999999997,0.26056029372616746,0.98,-0.03,1.01,0.38,-13.323999999999998,78.15631889574466,194.93,-141.85,336.78,-0.14,-37.67320000000001,158.4181276380116,449.45,-322.31,771.76,-55.57,35.1328,62.9172554179959,175.11,-112.63,287.74,34.75,1.0368,0.371603731592315,2.18,0.51,1.6700000000000002,0.96,2.18,1.0368,0.371603731592315,1.6700000000000002,0.51,0.9583333333333334,449.45,138.34199999999998,1.74,-0.03,0.04,0.07,-0.88,-0.64,0.24,0.41,0.31,-0.09999999999999998,-0.14,194.93,195.07,-10.95,149.31,160.26,20.58,9.86,-10.719999999999999,0,normal
25,3.2148802280426025,-0.16520000000000004,0.2007095745930755,0.2,-0.45,0.65,-0.17,-0.9184,0.08168435182660957,-0.81,-1.08,0.27,-0.9,0.2552,0.0891683800458436,0.45,0.11,0.34,0.24,1.2384000000000008,46.05824127124265,89.69,-86.63,176.32,9.13,64.84719999999999,64.20912522894753,182.49,-99.88,282.37,58.37,-35.082,48.033212294550246,86.27,-106.75,193.01999999999998,-34.92,0.9908,0.08265994596336648,1.18,0.86,0.31999999999999995,0.98,1.18,0.9908,0.08265994596336648,0.31999999999999995,0.86,0.7916666666666666,182.49,90.81039999999999,1.08,-0.03,0.02,0.05,-0.96,-1.03,-0.07000000000000006,0.29,0.25,-0.03999999999999998,39.63,-67.05,-106.68,53.57,105.85,52.279999999999994,-25.22,-62.58,-37.36,0,normal
25,2.4641671180725098,-0.1152,0.09764391088712768,0.08,-0.3,0.38,-0.11,-0.9456,0.13913662350366274,-0.65,-1.22,0.57,-0.95,0.2052,0.09708758932015976,0.41,0.02,0.38999999999999996,0.21,0.929999999999999,44.39163106187171,90.95,-80.84,171.79000000000002,-11.13,71.9744,79.10663236417034,204.03,-109.51,313.54,71.05,-30.3852,38.456957770993796,31.85,-103.74,135.59,-28.14,0.986,0.1265240425110316,1.23,0.73,0.5,0.98,1.23,0.986,0.1265240425110316,0.5,0.73,0.5416666666666666,204.03,98.3812,1.22,-0.12,0.04,0.16,-0.97,-0.91,0.05999999999999994,0.12,0.41,0.29,16.76,-25.51,-42.27,-109.51,167.1,276.61,26.69,-67.96,-94.64999999999999,0,normal
25,2.4692976474761963,-0.114,0.1326021618727739,0.07,-0.42,0.49,-0.08,-0.8244000000000001,0.14465706573364007,-0.59,-1.15,0.5599999999999999,-0.82,0.452,0.14997221964972937,0.74,0.12,0.62,0.43,-2.765199999999999,49.80106927566917,102.41,-123.27,225.68,6.14,-2.9947999999999992,99.30533781054605,176.38,-190.93,367.31,-12.98,-6.7360000000000015,63.26971313353649,111.3,-159.37,270.67,2.12,0.9643999999999999,0.16279025359850838,1.33,0.65,0.68,0.95,1.33,0.9643999999999999,0.16279025359850838,0.68,0.65,0.16666666666666666,190.93,98.99599999999998,1.15,0.06,-0.03,-0.09,-0.8,-0.69,0.1100000000000001,0.42,0.4,-0.019999999999999962,13.5,-79.24,-92.74,-125.68,-14.89,110.79,58.5,69.05,10.549999999999997,0,normal
25,2.432264804840088,-0.10239999999999999,0.6716973524834926,0.99,-1.71,2.7,0.08,-0.6192,0.3983917669832046,0.1,-1.59,1.6900000000000002,-0.61,0.25880000000000003,0.37535893932785636,0.91,-0.73,1.6400000000000001,0.29,6.119199999999999,43.90537437869461,79.69,-69.95,149.64,7.4,-65.186,69.00971060896671,88.72,-154.5,243.22,-85.15,6.3424000000000005,108.06668254986516,299.02,-193.73,492.75,11.1,1.034,0.34481879299133333,1.79,0.65,1.1400000000000001,0.93,1.79,1.034,0.34481879299133333,1.1400000000000001,0.65,0.5416666666666666,299.02,120.1996,1.71,0.4,0.08,-0.32,-0.76,-0.96,-0.19999999999999996,0.36,-0.01,-0.37,7.05,-9.66,-16.71,-61.59,-1.94,59.650000000000006,11.1,-105.18,-116.28,1,fall
22,2.0924885272979736,0.31681818181818183,0.11740797261954589,0.49,0.09,0.4,0.335,-0.8490909090909091,0.29430966993658536,-0.34,-1.46,1.1199999999999999,-0.765,0.38090909090909086,0.1896590698346978,0.78,0.04,0.74,0.4,-15.675909090909089,82.09406327697926,110.41,-182.23,292.64,11.755,-9.514090909090909,118.80795494687217,214.06,-190.06,404.12,-28.705000000000002,-8.758636363636361,95.61368099435376,149.02,-171.91,320.93,-27.055,1.005909090909091,0.30412496007725404,1.68,0.48,1.2,0.975,1.68,1.005909090909091,0.30412496007725404,1.2,0.48,0.6666666666666666,214.06,136.88500000000002,1.46,0.24,0.35,0.10999999999999999,-0.97,-0.8,0.16999999999999993,0.43,0.17,-0.26,26.21,-81.95,-108.16,-24.14,-115.37,-91.23,-159.36,130.0,289.36,0,normal
25,2.3595056533813477,0.0944,0.1605220649422793,0.57,-0.15,0.72,0.04,-0.9671999999999998,0.16957102739953347,-0.69,-1.66,0.97,-0.96,0.016000000000000004,0.09119576013536301,0.16,-0.31,0.47,0.02,-5.617600000000001,45.34259019582656,123.66,-164.52,288.18,-3.65,-25.683199999999996,39.235587345334,95.27,-143.22,238.49,-19.15,-6.2132000000000005,36.231379898277865,50.09,-143.34,193.43,-4.06,0.9872,0.17824421449236438,1.76,0.73,1.03,0.97,1.76,0.9872,0.17824421449236438,1.03,0.73,0.7083333333333334,164.52,44.1744,1.66,0.08,0.18,0.09999999999999999,-0.98,-0.99,-0.010000000000000009,0.01,0.02,0.01,-6.44,-10.67,-4.2299999999999995,-12.6,-3.04,9.559999999999999,-4.06,-14.26,-10.2,0,normal
25,2.4847445487976074,0.2584,0.35672912225758446,0.94,-0.34,1.28,0.22,-0.8443999999999999,0.6832220234545526,0.27,-2.0,2.27,-0.82,0.1784,0.380938315216519,0.74,-0.52,1.26,0.34,1.7899999999999991,64.84126547449034,99.82,-134.21,234.03,-2.23,-50.47,223.7318430994271,383.14,-353.34,736.48,-98.63,22.433600000000006,115.1180109308125,242.06,-201.48,443.53999999999996,1.33,1.102,0.5648672410398747,2.24,0.47,1.7700000000000002,0.95,2.24,1.102,0.5648672410398747,1.7700000000000002,0.47,0.75,383.14,205.3948,2.0,0.14,0.22,0.07999999999999999,-0.98,0.09,1.07,0.13,0.45,0.32,65.85,32.6,-33.24999999999999,-98.63,-99.54,-0.9100000000000108,-46.7,114.29,160.99,0,normal
25,2.486382484436035,-0.061599999999999995,0.11286717857729943,0.13,-0.31,0.44,-0.07,-0.8747999999999999,0.16588449796972188,-0.48,-1.23,0.75,-0.91,0.3984,0.12876593752490084,0.79,0.19,0.6000000000000001,0.39,-6.394400000000001,37.47765857592138,58.56,-105.1,163.66,-3.74,-18.0852,44.08282215708669,85.4,-133.56,218.96,-14.81,-1.0167999999999997,37.44726511153162,63.17,-60.95,124.12,5.14,0.9772,0.17254274832632058,1.47,0.63,0.84,0.96,1.47,0.9772,0.17254274832632058,0.84,0.63,0.7916666666666666,133.56,52.382799999999996,1.23,-0.0,-0.15,-0.15,-0.77,-0.96,-0.18999999999999995,0.37,0.53,0.16000000000000003,22.82,-54.76,-77.58,-44.81,35.91,80.72,27.25,-43.48,-70.72999999999999,0,normal
25,2.485898971557617,-0.046799999999999994,0.09503157370053386,0.13,-0.22,0.35,-0.04,-0.9699999999999999,0.1456021977856104,-0.63,-1.26,0.63,-0.99,0.1024,0.09505612377257275,0.37,-0.04,0.41,0.09,-3.9744,46.09664540216927,84.11,-104.14,188.25,-11.73,-27.336799999999997,62.39528746361112,103.18,-151.5,254.68,-9.04,0.6988000000000011,25.81615697581652,44.76,-71.63,116.38999999999999,4.56,0.9852,0.13973546436034057,1.26,0.73,0.53,1.0,1.26,0.9852,0.13973546436034057,0.53,0.73,0.9166666666666666,151.5,68.4588,1.26,0.08,0.13,0.05,-0.94,-1.02,-0.08000000000000007,0.12,0.02,-0.09999999999999999,15.3,-89.02,-104.32,-150.79,-57.1,93.69,13.62,31.83,18.21,0,normal
25,2.474210739135742,-0.0732,0.18510627578051841,0.26,-0.4,0.66,-0.09,-0.9059999999999999,0.13130752707543716,-0.61,-1.13,0.5199999999999999,-0.93,0.2956,0.13345036530485782,0.55,0.06,0.49000000000000005,0.29,-15.109200000000001,37.640373151710385,39.91,-87.56,127.47,-17.02,1.1684000000000003,48.0945511189504,149.22,-94.87,244.09,-0.24,-19.070800000000002,49.707206546603146,70.59,-103.76,174.35000000000002,-15.15,0.9804,0.13587616911487213,1.26,0.69,0.5700000000000001,0.98,1.26,0.9804,0.13587616911487213,0.5700000000000001,0.69,0.20833333333333334,149.22,60.605199999999996,1.13,-0.4,-0.04,0.36000000000000004,-0.86,-1.02,-0.16000000000000003,0.51,0.28,-0.22999999999999998,33.83,-17.18,-51.01,44.87,149.22,104.35,70.59,-67.73,-138.32,0,normal
25,3.237795352935791,-0.14,0.14124446891825534,0.21,-0.43,0.64,-0.13,-0.9039999999999999,0.15094148976783467,-0.54,-1.29,0.75,-0.92,0.32360000000000005,0.09966109237477448,0.49,0.13,0.36,0.33,-2.9344000000000006,40.78616494188522,69.76,-71.48,141.24,-9.63,10.636,67.38784688898535,179.79,-76.78,256.57,9.76,-19.9808,40.108432396858056,44.93,-101.66,146.59,-18.67,0.9864000000000002,0.1471926175684999,1.32,0.6,0.7200000000000001,1.0,1.32,0.9864000000000002,0.1471926175684999,0.7200000000000001,0.6,0.0,179.79,66.7276,1.29,0.09,-0.12,-0.21,-1.29,-0.81,0.48,0.28,0.46,0.18,-71.48,51.69,123.17,-56.64,65.48,122.12,-18.67,-53.68,-35.01,0,normal
20,1.9637796878814697,-0.0225,0.11525144136557298,0.22,-0.25,0.47,-0.04,-0.9695000000000003,0.15968637024525686,-0.78,-1.34,0.56,-0.925,0.1065,0.15564044258617699,0.29,-0.24,0.53,0.14,-10.199,18.83682253348199,36.82,-39.83,76.65,-12.125,-15.577000000000004,25.43597206196064,43.31,-54.84,98.15,-14.58,-4.466499999999999,27.087446942118877,40.9,-57.12,98.02,-1.92,0.9935,0.16480530778371252,1.36,0.79,0.5700000000000001,0.96,1.36,0.9935,0.16480530778371252,0.5700000000000001,0.79,0.5789473684210527,57.12,32.334,1.34,0.04,-0.04,-0.08,-0.79,-1.01,-0.21999999999999997,0.12,-0.16,-0.28,-4.72,-9.57,-4.8500000000000005,-8.66,3.69,12.35,7.42,-12.96,-20.380000000000003,0,normal
25,2.4850807189941406,0.4368000000000001,0.4956201502494964,1.22,-0.31,1.53,0.16,-0.5068,0.7408200411255985,2.0,-1.66,3.66,-0.64,0.10120000000000001,0.3770424379297376,1.43,-0.62,2.05,-0.03,11.643599999999998,149.40590893267913,358.93,-435.36,794.29,13.8,13.6852,134.79965560415945,489.97,-197.6,687.57,7.69,-21.042800000000003,116.3134332138812,304.93,-385.62,690.55,-19.73,1.0924,0.4142893513797654,2.22,0.33,1.8900000000000001,1.0,2.22,1.0924,0.4142893513797654,1.8900000000000001,0.33,0.5833333333333334,489.97,131.76,2.0,-0.07,0.8,0.8700000000000001,-0.98,-0.25,0.73,-0.13,0.3,0.43,-12.05,154.7,166.75,22.14,-197.6,-219.74,-33.97,27.91,61.879999999999995,1,fall
18,1.7437341213226318,0.24555555555555555,0.35658877654176885,0.96,-0.45,1.41,0.16,-0.8938888888888888,0.8128608801372572,0.21,-2.0,2.21,-0.8400000000000001,0.07166666666666667,0.43307722446804015,0.69,-0.71,1.4,0.155,0.9711111111111106,93.03996540948785,153.83,-225.56,379.39,-9.43,-47.712777777777774,269.27203025948563,437.11,-460.92,898.03,-90.375,18.116666666666667,134.93209398892205,289.89,-307.18,597.0699999999999,44.79,1.168888888888889,0.6673026378319783,2.18,0.38,1.8000000000000003,0.9450000000000001,2.18,1.168888888888889,0.6673026378319783,1.8000000000000003,0.38,0.6470588235294118,460.92,252.31888888888892,2.0,0.37,0.16,-0.21,-2.0,-0.06,1.94,-0.19,0.47,0.6599999999999999,-22.78,-11.3,11.48,-460.92,-108.64,352.28000000000003,-34.75,89.16,123.91,0,normal
25,2.4572155475616455,-0.1616,0.13097964218406868,0.1,-0.42,0.52,-0.15,-0.8687999999999999,0.10544824955082627,-0.63,-1.04,0.41000000000000003,-0.87,0.35,0.07560864148142503,0.51,0.22,0.29000000000000004,0.35,-13.348799999999999,37.03943172710222,50.69,-113.65,164.34,-7.98,-80.39240000000001,58.476109885433836,44.69,-190.84,235.53,-91.53,32.187599999999996,38.03888419323925,81.36,-49.73,131.09,37.34,0.9616,0.09919173352653941,1.09,0.73,0.3600000000000001,0.99,1.09,0.9616,0.09919173352653941,0.3600000000000001,0.73,1.0,190.84,91.836,1.04,-0.04,-0.23,-0.19,-1.02,-0.96,0.06000000000000005,0.28,0.47,0.18999999999999995,8.9,50.69,41.79,43.14,-38.89,-82.03,-37.53,-49.73,-12.199999999999996,0,normal
25,3.2168028354644775,0.6628000000000001,0.4065968519307546,1.4,0.11,1.2899999999999998,0.57,-0.7064,0.2730213666852224,-0.18,-1.34,1.1600000000000001,-0.7,0.1588,0.12400672024800376,0.43,-0.21,0.64,0.15,-7.533600000000002,52.298576532572405,117.1,-97.92,215.01999999999998,-11.11,-6.0748,50.51626983127977,86.08,-91.48,177.56,-4.84,-10.948000000000002,60.67444402986593,102.34,-151.63,253.97,-6.67,1.0188,0.42047909183057686,1.73,0.34,1.39,0.98,1.73,1.0188,0.42047909183057686,1.39,0.34,0.25,151.63,72.68880000000001,1.4,0.77,0.83,0.05999999999999994,-1.34,-0.75,0.5900000000000001,0.15,0.14,-0.009999999999999981,-11.51,12.56,24.07,-81.31,63.39,144.7,34.79,29.01,-5.779999999999998,0,normal
23,2.271209478378296,0.2343478260869565,0.09490790210210595,0.39,0.01,0.38,0.27,-0.0391304347826087,0.12518760625115125,0.34,-0.26,0.6000000000000001,-0.04,0.9126086956521738,0.1292361260816223,1.17,0.75,0.41999999999999993,0.9,0.307391304347827,42.86950910690713,82.41,-78.41,160.82,3.85,-9.833913043478262,19.821020003826614,27.07,-53.33,80.4,-8.92,7.078695652173915,27.59127436253383,49.04,-59.25,108.28999999999999,6.7,0.9543478260869565,0.13456414783077594,1.22,0.79,0.42999999999999994,0.92,1.22,0.9543478260869565,0.13456414783077594,0.42999999999999994,0.79,0.7272727272727273,82.41,39.81173913043478,1.17,0.22,0.3,0.07999999999999999,-0.07,-0.04,0.030000000000000006,0.75,1.15,0.3999999999999999,-5.19,47.08,52.269999999999996,-2.96,-17.12,-14.16,0.32,49.04,48.72,0,normal
25,2.4596188068389893,0.12239999999999998,0.23197126258799097,0.95,-0.12,1.0699999999999998,0.04,-0.5084,0.4579818045876204,0.14,-1.84,1.98,-0.43,-0.6772,0.5904060749461623,0.13,-1.95,2.08,-0.95,-63.5896,98.24575815609886,67.69,-334.95,402.64,-50.32,-3.0944000000000007,81.57715377073004,238.26,-140.12,378.38,-26.95,6.7048000000000005,68.02055780669058,266.11,-64.35,330.46000000000004,-6.2,1.0936000000000001,0.35717502712255794,2.17,0.53,1.64,1.04,2.17,1.0936000000000001,0.35717502712255794,1.64,0.53,0.5,334.95,109.2616,1.95,0.0,0.13,0.13,-0.92,-0.18,0.74,0.08,-1.08,-1.1600000000000001,-45.57,24.79,70.36,8.47,-66.29,-74.76,-19.62,-48.76,-29.139999999999997,1,fall
25,2.4243719577789307,0.382,0.6331205782997948,2.0,-1.43,3.4299999999999997,0.36,-0.544,0.35835271265426,0.45,-0.99,1.44,-0.53,0.3588,0.2879716421223914,1.07,0.02,1.05,0.29,-18.044400000000003,75.82488631049834,109.53,-265.33,374.86,-7.77,-36.092000000000006,145.04479161624522,489.97,-246.72,736.69,-37.08,-44.55919999999999,150.50300780272354,122.43,-502.2,624.63,8.26,1.0208,0.35016567507395696,2.29,0.52,1.77,0.95,2.29,1.0208,0.35016567507395696,1.77,0.52,0.5416666666666666,502.2,128.81719999999999,2.0,0.09,0.64,0.55,-0.99,-0.51,0.48,0.16,0.47,0.30999999999999994,0.75,-9.4,-10.15,-15.63,-8.08,7.550000000000001,6.78,-2.86,-9.64,1,fall
25,2.4750542640686035,-0.1252,0.1535990451359209,0.12,-0.47,0.59,-0.13,-0.8964000000000002,0.10823893322953008,-0.6,-1.08,0.4800000000000001,-0.89,0.32919999999999994,0.07989159321647471,0.46,0.15,0.31000000000000005,0.32,-19.157600000000002,28.878944359746484,36.15,-75.97,112.12,-16.95,-95.3644,87.31385027970457,32.99,-266.69,299.68,-77.86,41.8644,50.59557301780463,123.5,-65.45,188.95,40.96,0.9792000000000001,0.09869650449737317,1.25,0.74,0.51,0.97,1.25,0.9792000000000001,0.09869650449737317,0.51,0.74,0.8333333333333334,266.69,109.88199999999999,1.08,0.05,0.12,0.06999999999999999,-0.91,-1.03,-0.12,0.38,0.27,-0.10999999999999999,17.82,36.15,18.33,-18.26,-27.77,-9.509999999999998,36.35,-3.34,-39.69,0,normal
16,1.561225414276123,0.21749999999999997,0.39087082265116696,0.93,-0.32,1.25,0.11499999999999999,-0.8200000000000001,0.7121984742097294,0.19,-2.0,2.19,-0.635,0.16375,0.4529293543147761,1.11,-0.46,1.57,0.245,-23.091250000000006,94.09391300716534,152.79,-193.31,346.1,6.91,-49.663749999999986,197.74791106777,336.09,-352.78,688.8699999999999,-18.305,33.640625,87.06885677200162,176.34,-167.8,344.14,46.285,1.0731249999999999,0.6576495393951605,2.28,0.42,1.8599999999999999,0.8,2.28,1.0731249999999999,0.6576495393951605,1.8599999999999999,0.42,0.4,352.78,192.60062499999998,2.0,-0.01,-0.3,-0.29,-0.39,-0.5,-0.10999999999999999,-0.31,-0.29,0.020000000000000018,-112.21,-166.26,-54.05,8.44,-48.57,-57.01,57.39,176.34,118.95,0,normal
25,3.361572504043579,-0.038,0.18108469473333927,0.18,-0.52,0.7,0.04,-0.9479999999999998,0.14100827398891647,-0.52,-1.2,0.6799999999999999,-0.97,0.13079999999999997,0.11206099529571682,0.35,-0.05,0.39999999999999997,0.1,-4.6575999999999995,27.574227743794868,37.37,-66.76,104.13,-4.58,-7.2192,21.377999773910872,46.23,-50.43,96.66,-10.46,-3.5240000000000005,41.47258080145644,46.14,-95.48,141.62,6.0,0.9788,0.16143419712068444,1.29,0.52,0.77,0.98,1.29,0.9788,0.16143419712068444,0.77,0.52,0.4583333333333333,95.48,39.536,1.2,0.18,0.03,-0.15,-0.96,-0.97,-0.010000000000000009,-0.05,-0.04,0.010000000000000002,-10.7,-54.55,-43.849999999999994,-17.24,-22.15,-4.91,3.89,-6.21,-10.1,0,normal
25,2.48099422454834,-0.010800000000000002,0.08999629622008527,0.21,-0.11,0.32,-0.05,-0.9675999999999999,0.09963600420196171,-0.69,-1.21,0.52,-0.97,-0.1472,0.1912572438715285,0.03,-0.59,0.62,-0.08,-0.8188000000000004,47.62982804223981,117.91,-102.46,220.37,1.95,-15.948,17.55090572211778,22.87,-42.44,65.31,-20.95,3.3408,30.748692779802308,75.17,-56.73,131.9,-1.66,1.0,0.11782755761422425,1.34,0.75,0.5900000000000001,0.98,1.34,1.0,0.11782755761422425,0.5900000000000001,0.75,0.16666666666666666,117.91,47.33040000000001,1.21,-0.01,-0.06,-0.049999999999999996,-0.97,-0.95,0.020000000000000018,-0.03,0.02,0.05,-58.5,-6.87,51.63,7.21,-42.44,-49.65,-28.96,15.16,44.120000000000005,0,normal
25,2.4704551696777344,-0.053200000000000004,0.12191937226435073,0.1,-0.42,0.52,-0.04,-0.9383999999999999,0.14851150348261466,-0.68,-1.44,0.7599999999999999,-0.94,0.192,0.09349688051837167,0.37,-0.08,0.45,0.18,-6.410400000000001,44.830059156775604,105.02,-94.26,199.28,-4.72,-19.0052,38.46007595762997,106.55,-66.23,172.78,-30.09,-1.5411999999999997,39.00887049975513,62.11,-134.18,196.29000000000002,-2.15,0.9703999999999999,0.1493731345769156,1.44,0.72,0.72,0.96,1.44,0.9703999999999999,0.1493731345769156,0.72,0.72,0.6666666666666666,134.18,50.45719999999999,1.44,-0.1,-0.02,0.08,-0.93,-0.99,-0.05999999999999994,0.15,0.16,0.010000000000000009,-1.25,-23.68,-22.43,-10.92,-34.29,-23.369999999999997,-7.34,-2.15,5.1899999999999995,0,normal
22,2.1462879180908203,-0.08500000000000002,0.5106275317591837,1.03,-2.0,3.0300000000000002,-0.095,-0.5086363636363637,0.594236568688851,0.9,-1.21,2.11,-0.755,-0.5627272727272727,0.7015098127011604,0.15,-2.0,2.15,-0.135,-83.42863636363636,120.50345603798908,113.5,-501.91,615.4100000000001,-49.83,13.205000000000002,112.61371284807447,489.97,-115.63,605.6,-9.655,14.458636363636366,71.94113766495592,269.31,-56.08,325.39,0.22999999999999998,1.1572727272727272,0.5634517921507768,2.96,0.57,2.39,0.975,2.96,1.1572727272727272,0.5634517921507768,2.39,0.57,0.6666666666666666,501.91,114.63000000000001,2.0,0.01,-0.08,-0.09,-0.95,-0.26,0.69,0.15,-1.0,-1.15,-48.29,-15.54,32.75,-6.96,43.85,50.81,-13.53,4.87,18.4,1,fall
25,2.3809618949890137,-0.1624,0.18063037765927784,0.2,-0.45,0.65,-0.08,-0.8231999999999999,0.12562245022288016,-0.61,-1.13,0.5199999999999999,-0.8,0.43519999999999986,0.12890952899869995,0.69,0.2,0.48999999999999994,0.41,3.6256000000000004,37.631531224936005,65.95,-51.39,117.34,8.81,24.6692,95.74783787463123,210.63,-185.79,396.41999999999996,21.91,-43.3496,57.382027781643735,96.93,-120.66,217.59,-47.74,0.9692000000000001,0.1331953452640144,1.27,0.74,0.53,0.98,1.27,0.9692000000000001,0.1331953452640144,0.53,0.74,0.9166666666666666,210.63,92.6992,1.13,-0.3,0.2,0.5,-0.74,-0.61,0.13,0.55,0.37,-0.18000000000000005,65.95,-32.75,-98.7,210.63,-128.69,-339.32,-98.44,96.93,195.37,0,normal
21,2.019711971282959,-0.3928571428571428,0.7148925993262405,0.78,-1.93,2.71,0.03,0.6195238095238095,0.5051185622255056,2.0,-0.25,2.25,0.68,0.24666666666666665,0.6089937054956589,2.0,-0.51,2.51,0.06,-15.55238095238095,117.13006795459319,218.35,-400.21,618.56,-17.66,57.25761904761904,105.07980975928542,288.34,-118.99,407.33,25.59,-9.709523809523809,155.89179745824313,140.59,-426.44,567.03,13.75,1.17,0.5731579189019376,3.43,0.48,2.95,1.01,3.43,1.17,0.5731579189019376,2.95,0.48,0.5,426.44,145.72190476190477,2.0,0.1,-1.0,-1.1,1.0,0.32,-0.6799999999999999,-0.03,0.11,0.14,-17.66,5.73,23.39,-12.64,25.59,38.230000000000004,6.0,56.93,50.93,1,fall
25,2.4505906105041504,-0.06799999999999999,0.19295940851208404,0.16,-0.46,0.62,0.0,-0.9359999999999999,0.11113055385446435,-0.6,-1.09,0.4900000000000001,-0.95,0.1984,0.1293792873685738,0.5,0.05,0.45,0.16,-3.9364000000000003,27.866888487952867,37.25,-49.94,87.19,-1.89,-4.199600000000001,16.91814717987759,40.27,-30.86,71.13,-5.57,-6.9860000000000015,42.25677647825652,58.55,-93.28,151.82999999999998,-1.05,0.9811999999999999,0.1404255437352241,1.27,0.63,0.64,0.98,1.27,0.9811999999999999,0.1404255437352241,0.64,0.63,0.375,93.28,38.7716,1.09,0.09,0.08,-0.009999999999999995,-1.06,-0.97,0.09000000000000008,0.06,0.09,0.03,18.11,-20.49,-38.599999999999994,2.95,-11.31,-14.260000000000002,6.88,-3.31,-10.19,0,normal
25,2.5042333602905273,0.0728,0.22328083960190884,0.59,-0.55,1.1400000000000001,0.09,-0.9680000000000001,0.33858775327330826,-0.46,-1.79,1.33,-0.89,0.2024,0.1610455422129612,0.55,-0.08,0.63,0.17,-2.133999999999999,64.07611957664103,101.62,-158.98,260.6,-3.15,-10.372800000000005,101.99795265592344,206.18,-140.64,346.82,-25.62,-3.532799999999998,86.59361266475337,174.55,-147.5,322.05,-8.64,1.0212,0.3636999679222788,1.9,0.47,1.43,0.94,1.9,1.0212,0.3636999679222788,1.43,0.47,1.0,206.18,110.92119999999998,1.79,0.11,-0.3,-0.41,-0.88,-1.79,-0.91,0.3,0.55,0.25000000000000006,10.37,63.22,52.85,-29.54,170.49,200.03,-87.08,26.49,113.57,0,normal
16,1.5495951175689697,-0.04625,0.09625487000666512,0.06,-0.32,0.38,-0.030000000000000002,-0.9668749999999999,0.08459462157844318,-0.84,-1.1,0.2600000000000001,-0.9550000000000001,0.14875,0.11848347282778866,0.37,-0.0,0.37,0.12,-6.876250000000001,21.230058839610724,38.06,-44.76,82.82,-3.91,-48.89812499999999,48.75037903698801,21.39,-140.73,162.12,-44.845,5.131875000000001,25.79086122867297,47.21,-49.47,96.68,10.594999999999999,0.99,0.09763879010584542,1.18,0.84,0.33999999999999997,0.99,1.18,0.99,0.09763879010584542,0.33999999999999997,0.84,0.3333333333333333,140.73,60.035624999999996,1.1,-0.09,0.02,0.11,-1.02,-0.84,0.18000000000000005,0.29,0.03,-0.26,-17.22,-0.14,17.08,-57.62,-82.0,-24.380000000000003,31.4,33.62,2.219999999999999,0,normal
25,3.2672667503356934,0.14400000000000002,0.16484841521834537,0.56,-0.06,0.6200000000000001,0.07,-1.0004,0.31082524564992037,-0.53,-1.58,1.05,-1.03,-0.07839999999999998,0.19182631032612116,0.26,-0.48,0.74,-0.1,0.41160000000000196,35.785432403889345,68.81,-72.17,140.98000000000002,-0.63,-4.666,39.29031888816039,70.4,-116.15,186.55,-6.28,-3.4084000000000003,48.133589768476654,107.02,-85.94,192.95999999999998,1.57,1.034,0.34083231458690455,1.75,0.54,1.21,1.05,1.75,1.034,0.34083231458690455,1.21,0.54,0.875,116.15,52.1944,1.58,-0.02,0.04,0.06,-1.01,-0.6,0.41000000000000003,0.13,-0.02,-0.15,-23.44,6.47,29.91,0.21,-116.15,-116.36,-23.76,21.21,44.97,0,normal
25,2.4699275493621826,-0.078,0.5640109337001663,1.51,-1.11,2.62,0.09,-0.5988,0.5062552057345517,1.29,-1.22,2.51,-0.74,-0.4312,0.4688400580155241,0.18,-1.19,1.3699999999999999,-0.35,-39.3172,135.90068431027123,210.95,-484.06,695.01,-32.61,-44.574000000000005,127.71489775407305,137.86,-325.54,463.40000000000003,-20.31,22.030000000000005,149.794899835297,498.34,-328.52,826.8599999999999,-9.44,1.1004,0.3278017693667928,2.08,0.62,1.46,1.0,2.08,1.1004,0.3278017693667928,1.46,0.62,0.625,498.34,138.4452,1.51,0.09,0.05,-0.039999999999999994,-0.96,-0.44,0.52,0.15,-0.98,-1.13,-22.35,-63.76,-41.41,-3.21,1.77,4.98,5.4,-18.41,-23.810000000000002,1,fall
25,2.4802238941192627,-0.10800000000000001,0.30317761570846,0.56,-0.87,1.4300000000000002,-0.07,-0.8568000000000001,0.35830294444785127,-0.14,-1.53,1.3900000000000001,-0.83,0.3924,0.21775904114410496,0.84,0.01,0.83,0.4,-0.14079999999999984,69.39823202118816,110.63,-120.06,230.69,-9.31,22.137200000000004,130.8286564085509,246.95,-296.38,543.3299999999999,18.9,-27.054800000000004,79.84799935502456,146.09,-151.89,297.98,-31.66,1.0055999999999998,0.3874282729314765,1.92,0.39,1.5299999999999998,0.96,1.92,1.0055999999999998,0.3874282729314765,1.5299999999999998,0.39,0.9166666666666666,296.38,122.7632,1.53,-0.3,0.13,0.43,-0.73,-0.51,0.21999999999999997,0.16,0.4,0.24000000000000002,49.5,-13.89,-63.39,97.59,2.75,-94.84,-132.55,-52.69,79.86000000000001,0,normal
24,2.377377986907959,-0.03541666666666667,0.133936362782339,0.13,-0.38,0.51,-0.009999999999999998,-0.9508333333333333,0.21292817051085902,-0.47,-1.47,1.0,-0.955,-0.06583333333333334,0.14376661844708646,0.12,-0.47,0.59,-0.025,-1.667083333333333,55.08162958019802,103.5,-111.86,215.36,-4.785,-4.402083333333333,62.35912617420281,99.76,-95.28,195.04000000000002,-3.0949999999999998,-0.035833333333334196,45.12688400659774,114.03,-150.44,264.47,3.3449999999999998,0.9700000000000001,0.2217323102105427,1.55,0.52,1.03,0.96,1.55,0.9700000000000001,0.2217323102105427,1.03,0.52,0.782608695652174,150.44,68.81333333333333,1.47,0.03,-0.15,-0.18,-0.81,-1.0,-0.18999999999999995,-0.18,-0.06,0.12,103.5,-9.27,-112.77,26.78,-8.28,-35.06,14.24,-15.92,-30.16,0,normal
23,2.2769970893859863,-0.5656521739130436,0.5650247467384747,0.24,-1.68,1.92,-0.63,0.5169565217391304,0.49049543397567746,2.0,-0.57,2.57,0.61,0.37999999999999995,0.34668560554327765,1.19,-0.14,1.33,0.44,39.8795652173913,92.73320874610039,284.05,-86.09,370.14,19.79,83.65565217391305,131.34039490873556,489.97,-132.24,622.21,60.24,67.85782608695652,184.71778552839416,498.34,-502.2,1000.54,48.21,1.0895652173913042,0.4517690304978818,2.59,0.34,2.25,0.97,2.59,1.0895652173913042,0.4517690304978818,2.25,0.34,0.45454545454545453,502.2,168.97782608695653,2.0,-0.08,-0.63,-0.55,0.73,0.74,0.010000000000000009,0.55,-0.14,-0.6900000000000001,-9.82,-9.94,-0.11999999999999922,-5.19,38.01,43.199999999999996,25.8,83.04,57.24000000000001,1,fall
25,2.4477059841156006,0.33440000000000003,0.1315953393298309,0.65,0.07,0.5800000000000001,0.33,-0.866,0.20738450601077535,-0.57,-1.36,0.7900000000000001,-0.81,0.21359999999999998,0.17303371540444556,0.49,-0.11,0.6,0.22,14.643999999999998,87.3649838798894,230.29,-121.59,351.88,-9.19,-109.33760000000001,140.81474707572357,133.18,-324.9,458.08,-120.35,24.096,106.10933661401651,260.35,-152.38,412.73,8.63,0.972,0.22847319317591724,1.4,0.68,0.7199999999999999,0.9,1.4,0.972,0.22847319317591724,0.7199999999999999,0.68,0.6666666666666666,324.9,180.0596,1.36,0.12,0.23,0.11000000000000001,-0.67,-0.64,0.030000000000000027,-0.07,0.18,0.25,-38.63,-93.19,-54.559999999999995,-59.53,76.58,136.11,188.15,45.28,-142.87,0,normal
25,2.4885106086730957,-0.5956,0.591657840309752,0.11,-2.0,2.11,-0.76,-0.6524,0.41454070970171314,0.23,-2.0,2.23,-0.6,0.0924,0.287377220159613,1.01,-0.42,1.43,0.11,-18.910399999999996,49.07959347495318,78.7,-154.53,233.23000000000002,-24.27,25.468400000000003,123.14022936879728,166.58,-510.57,677.15,23.6,24.0284,81.63968901418802,209.89,-121.22,331.11,22.34,1.0828,0.4465751149956,2.53,0.45,2.0799999999999996,0.98,2.53,1.0828,0.4465751149956,2.0799999999999996,0.45,0.5416666666666666,510.57,100.9032,2.0,0.05,-0.82,-0.87,-0.86,-0.49,0.37,0.41,-0.42,-0.83,0.02,-56.21,-56.230000000000004,-7.86,25.08,32.94,18.43,-46.31,-64.74000000000001,1,fall
25,2.473454236984253,-0.04159999999999999,0.16826764394856192,0.18,-0.46,0.64,-0.02,-0.9523999999999999,0.1526237203058555,-0.69,-1.56,0.8700000000000001,-0.96,0.1276,0.13137985639612593,0.36,-0.27,0.63,0.14,-13.8464,24.737373695146648,34.03,-76.44,110.47,-9.02,-18.12,26.316633523306127,25.18,-83.39,108.57,-16.53,-5.82,41.44336356201477,49.42,-98.7,148.12,6.35,0.9847999999999999,0.15422170188833131,1.57,0.77,0.8,0.97,1.57,0.9847999999999999,0.15422170188833131,0.8,0.77,0.625,98.7,40.7836,1.56,-0.0,0.09,0.09,-0.96,-0.99,-0.030000000000000027,0.17,-0.01,-0.18000000000000002,-7.13,-18.96,-11.830000000000002,-6.72,-25.5,-18.78,-12.7,2.34,15.04,0,normal
18,1.7517740726470947,0.07777777777777779,0.17903517746868025,0.43,-0.42,0.85,0.08,-0.9827777777777779,0.22488704499489506,-0.64,-1.45,0.8099999999999999,-0.95,0.09444444444444444,0.21124900897010068,0.65,-0.22,0.87,0.105,2.3138888888888896,103.92687146931102,194.58,-120.2,314.78000000000003,-29.95,-56.83833333333334,68.69936571759598,77.71,-158.5,236.20999999999998,-51.725,1.526111111111111,72.56221518271215,116.73,-207.65,324.38,18.91,1.018888888888889,0.25457898090050535,1.51,0.64,0.87,0.995,1.51,1.018888888888889,0.25457898090050535,0.87,0.64,0.47058823529411764,207.65,114.20333333333332,1.45,0.09,-0.02,-0.11,-0.7,-1.0,-0.30000000000000004,0.05,0.23,0.18,-34.4,62.23,96.63,-76.73,-12.08,64.65,57.1,-12.06,-69.16,0,normal
25,2.4495928287506104,-0.10520000000000002,0.17246062352510114,0.11,-0.54,0.65,-0.05,-0.9316,0.15447977213862013,-0.42,-1.18,0.76,-0.95,0.226,0.16181264886693295,0.68,-0.06,0.74,0.18,4.543600000000001,40.19658970609323,77.79,-82.21,160.0,8.58,0.7879999999999991,32.377364263736276,72.41,-61.99,134.4,-7.76,-3.930000000000001,40.47121785911563,92.61,-91.89,184.5,-5.65,0.9867999999999999,0.189356806056714,1.43,0.43,1.0,0.99,1.43,0.9867999999999999,0.189356806056714,1.0,0.43,0.4166666666666667,92.61,44.54600000000001,1.18,0.0,-0.02,-0.02,-0.98,-0.95,0.030000000000000027,0.12,0.37,0.25,1.42,4.12,2.7,-10.58,23.37,33.95,-15.73,-5.65,10.08,0,normal
16,1.5489766597747803,-0.26,0.18804254837669057,-0.01,-0.64,0.63,-0.265,-0.8787499999999999,0.1239287429668087,-0.57,-1.1,0.5300000000000001,-0.91,0.304375,0.0885414215682882,0.47,0.18,0.29,0.28500000000000003,-8.34,37.00486598633572,71.95,-82.73,154.68,-3.6100000000000003,-9.606875,28.675491909468615,44.23,-50.37,94.6,-4.515000000000001,-10.064374999999998,43.32031993860772,54.11,-89.44,143.55,-0.4600000000000002,0.983125,0.16119217309369172,1.36,0.62,0.7400000000000001,0.975,1.36,0.983125,0.16119217309369172,0.7400000000000001,0.62,0.26666666666666666,89.44,51.568749999999994,1.1,-0.17,-0.13,0.04000000000000001,-0.88,-0.97,-0.08999999999999997,0.27,0.2,-0.07,13.73,-24.84,-38.57,18.21,-37.66,-55.87,32.52,13.72,-18.800000000000004,0,normal
25,2.4834771156311035,0.13080000000000003,0.10746782464223109,0.38,-0.03,0.41000000000000003,0.11,-0.9575999999999999,0.3110503710548073,-0.23,-1.57,1.34,-0.94,0.1548,0.12413433583555088,0.41,-0.1,0.51,0.13,-3.0268000000000006,63.684744622763986,110.84,-143.19,254.03,-2.89,-15.3176,98.15223894882207,174.06,-194.89,368.95,-16.64,4.432799999999999,111.6537831692236,196.27,-268.93,465.20000000000005,0.69,0.9904000000000002,0.31655015400406933,1.61,0.26,1.35,0.96,1.61,0.9904000000000002,0.31655015400406933,1.35,0.26,0.6666666666666666,268.93,117.37919999999998,1.57,0.01,0.12,0.11,-1.04,-0.84,0.20000000000000007,0.08,0.09,0.009999999999999995,-2.89,-59.6,-56.71,-91.13,17.27,108.39999999999999,-41.33,144.58,185.91000000000003,0,normal
25,2.4682908058166504,0.20640000000000003,0.10598270299125859,0.42,0.02,0.39999999999999997,0.2,-0.0048,0.1798870015685773,0.48,-0.27,0.75,-0.06,0.9156,0.13994284547628721,1.23,0.64,0.59,0.89,-13.0036,43.07093189147409,72.55,-102.49,175.04,-17.37,-11.6528,23.829863707821186,26.24,-52.2,78.44,-12.34,-25.492400000000004,31.06170140220912,20.52,-103.45,123.97,-15.77,0.9584,0.1567556484894032,1.34,0.7,0.6400000000000001,0.93,1.34,0.9584,0.1567556484894032,0.6400000000000001,0.7,0.125,103.45,51.56199999999999,1.23,0.31,0.28,-0.02999999999999997,-0.15,0.0,0.15,0.89,0.64,-0.25,-1.33,-30.56,-29.229999999999997,16.58,-14.78,-31.36,-103.45,-55.1,48.35,0,normal
25,2.4035942554473877,-0.053200000000000004,0.1002796090937734,0.12,-0.3,0.42,-0.03,-0.9655999999999999,0.1013278507288758,-0.81,-1.13,0.31999999999999984,-0.96,0.11639999999999999,0.08976264999059093,0.32,-0.07,0.39,0.13,-9.1348,27.992327389244835,43.05,-69.47,112.52,-5.25,-7.2476,53.23491298637264,79.54,-132.09,211.63,11.48,-9.4132,24.51145101784062,29.91,-75.01,104.92,-6.57,0.9848,0.10099999999999999,1.14,0.85,0.2899999999999999,0.97,1.14,0.9848,0.10099999999999999,0.2899999999999999,0.85,0.5833333333333334,132.09,53.5036,1.13,0.01,0.12,0.11,-1.0,-0.81,0.18999999999999995,0.32,0.21,-0.11000000000000001,-20.64,9.74,30.380000000000003,12.55,-132.09,-144.64000000000001,-8.92,19.48,28.4,0,normal
16,1.5505805015563965,0.701875,0.4412288710710879,1.42,0.19,1.23,0.585,-0.6812499999999999,0.27649894514566714,-0.32,-1.22,0.8999999999999999,-0.685,0.06875,0.1489462990476769,0.33,-0.18,0.51,0.065,-23.99875,60.633800790758066,86.21,-123.22,209.43,-11.33,21.24375,80.79470146612339,163.76,-135.34,299.1,32.55,6.625624999999998,61.0388786450898,124.96,-105.65,230.61,2.28,1.020625,0.45308525687777573,1.65,0.41,1.24,1.03,1.65,1.020625,0.45308525687777573,1.24,0.41,0.13333333333333333,163.76,88.43937500000001,1.42,0.43,0.19,-0.24,-0.7,-0.39,0.30999999999999994,0.16,0.05,-0.11,-10.69,49.33,60.019999999999996,12.47,-54.5,-66.97,53.33,124.96,71.63,0,normal
25,2.479922294616699,0.4040000000000001,0.5258485206470269,1.75,-0.08,1.83,0.08,-0.6991999999999998,0.5759696172542437,0.5,-2.0,2.5,-0.83,0.03919999999999999,0.31592351395023865,1.26,-0.23,1.49,-0.09,27.093200000000003,73.94980210250735,173.08,-164.6,337.68,5.8,-53.61120000000001,154.31890728077792,117.19,-510.57,627.76,2.35,-69.93159999999999,125.89578314621978,159.94,-502.2,662.14,-34.87,1.0244000000000002,0.54305524580838,2.67,0.35,2.32,0.95,2.67,1.0244000000000002,0.54305524580838,2.32,0.35,0.625,510.57,118.03519999999999,2.0,-0.08,0.91,0.99,-0.96,-0.22,0.74,-0.06,0.1,0.16,-2.34,-22.9,-20.56,-23.82,39.19,63.01,-3.02,-19.82,-16.8,1,fall
25,2.479721784591675,0.1388,0.31583645556943973,0.99,-0.35,1.3399999999999999,0.13,-0.888,0.6563218214666745,0.08,-2.0,2.08,-0.88,0.08799999999999997,0.3857784338192067,0.83,-0.62,1.45,0.17,-3.1916000000000007,79.41854378753953,188.78,-191.05,379.83000000000004,9.25,-37.977199999999996,233.4331772606456,443.82,-407.97,851.79,-54.76,0.4908000000000007,88.99447192194955,192.26,-244.61,436.87,2.17,1.0768,0.5675144638391754,2.32,0.4,1.92,0.95,2.32,1.0768,0.5675144638391754,1.92,0.4,0.875,443.82,204.8228,2.0,0.02,-0.03,-0.05,-1.02,-0.41,0.6100000000000001,-0.02,-0.29,-0.26999999999999996,18.78,90.93,72.15,-169.51,-227.97,-58.46000000000001,60.79,-32.52,-93.31,0,normal
19,1.8646292686462402,0.2610526315789473,0.5068628429076922,1.44,-0.57,2.01,0.29,-0.9152631578947369,0.7516379774351527,0.27,-2.0,2.27,-0.77,0.07,0.46410008499125366,0.69,-0.6,1.29,0.21,-8.78263157894737,97.42533653134392,156.11,-254.26,410.37,16.61,-40.03105263157894,280.68455811728774,445.01,-510.57,955.5799999999999,-58.75,12.631052631578948,122.82013619266984,254.15,-194.46,448.61,19.07,1.2236842105263157,0.6492748992043679,2.49,0.32,2.1700000000000004,0.98,2.49,1.2236842105263157,0.6492748992043679,2.1700000000000004,0.32,0.5,510.57,252.9284210526316,2.0,0.35,-0.45,-0.8,-0.76,-0.1,0.66,0.21,-0.59,-0.7999999999999999,115.8,-21.77,-137.57,-231.79,-16.64,215.14999999999998,-194.46,116.93,311.39,0,normal
25,2.377967119216919,0.048400000000000006,0.1384340998453777,0.41,-0.13,0.54,0.05,-0.9904000000000001,0.23631687765935525,-0.66,-1.43,0.7699999999999999,-0.93,0.0912,0.17469783436932848,0.35,-0.26,0.61,0.11,-6.9072000000000005,26.466176609652805,38.11,-54.44,92.55,-11.07,-2.7755999999999994,33.12034031125486,91.62,-58.46,150.08,-3.57,-3.9827999999999997,36.20150992707349,66.5,-64.02,130.51999999999998,-5.88,1.0168,0.24994532735513716,1.51,0.67,0.84,0.97,1.51,1.0168,0.24994532735513716,0.84,0.67,0.875,91.62,40.3236,1.43,0.06,0.05,-0.009999999999999995,-0.85,-0.85,0.0,0.23,0.16,-0.07,-30.0,-11.07,18.93,-3.57,-9.16,-5.59,-20.6,26.69,47.290000000000006,0,normal
25,2.4829342365264893,0.074,0.152452178294266,0.42,-0.18,0.6,0.08,-0.9576,0.2330286105467166,-0.56,-1.38,0.8199999999999998,-0.96,0.068,0.15127238126417306,0.33,-0.39,0.72,0.09,-8.4132,36.805595217756405,115.11,-66.0,181.11,-17.4,-25.198800000000002,46.09072179951188,48.0,-112.5,160.5,-12.73,-5.1764,37.17360475749785,120.37,-58.44,178.81,-5.68,0.9848,0.24211085615202524,1.44,0.57,0.87,0.97,1.44,0.9848,0.24211085615202524,0.87,0.57,0.875,120.37,58.26880000000001,1.38,-0.14,-0.04,0.1,-0.94,-0.82,0.12,0.13,0.01,-0.12000000000000001,23.39,-57.25,-80.64,-67.34,7.18,74.52000000000001,7.75,14.88,7.130000000000001,0,normal
25,2.3909573554992676,-0.06,0.25847308048099193,0.33,-0.59,0.9199999999999999,0.0,-0.3936,0.6538659393688179,2.0,-1.01,3.01,-0.25,0.5444,0.5347045913399285,2.0,-0.0,2.0,0.52,6.434000000000001,100.66060947560372,221.07,-350.82,571.89,0.78,10.6172,70.39182756305355,297.53,-62.29,359.82,-10.29,-37.9748,116.48192016789557,71.17,-502.2,573.37,-10.72,1.0056,0.44794047223561595,2.85,0.0,2.85,0.96,2.85,1.0056,0.44794047223561595,2.85,0.0,0.5416666666666666,502.2,85.37039999999999,2.0,0.19,-0.33,-0.52,-0.96,-0.23,0.73,0.08,0.85,0.77,-1.63,11.65,13.280000000000001,-10.29,-30.18,-19.89,-1.92,-40.89,-38.97,1,fall
25,2.4791066646575928,0.35080000000000006,0.53777256654959,2.0,-0.22,2.22,0.04,-0.6140000000000001,0.4764976390287784,0.42,-1.41,1.8299999999999998,-0.88,0.0708,0.24591529707062415,0.9,-0.4,1.3,-0.01,23.3032,124.69355298490777,490.82,-244.26,735.0799999999999,1.74,-56.5968,147.34770871762254,207.86,-400.95,608.81,-8.89,-40.6048,84.43515939859809,128.88,-329.79,458.67,-19.12,0.9780000000000001,0.3289503508636726,2.19,0.36,1.83,0.97,2.19,0.9780000000000001,0.3289503508636726,1.83,0.36,0.7083333333333334,490.82,113.7552,2.0,0.03,0.97,0.94,-0.96,-0.39,0.57,0.02,-0.11,-0.13,-31.63,52.55,84.17999999999999,-8.89,-59.44,-50.55,20.59,6.46,-14.129999999999999,1,fall
25,2.4729740619659424,0.23360000000000003,0.13111318265783445,0.49,0.01,0.48,0.22,0.1428,0.2740669018080561,1.03,-0.19,1.22,0.07,0.9108000000000002,0.2390069733989645,1.35,0.53,0.8200000000000001,0.84,-14.786,57.33866896199574,67.3,-146.02,213.32,-19.1,-12.677999999999999,30.410768377884395,36.63,-78.47,115.1,-11.19,-1.217599999999998,56.552865848395925,114.41,-98.03,212.44,-8.14,0.9892,0.26982895816918295,1.59,0.58,1.0100000000000002,0.92,1.59,0.9892,0.26982895816918295,1.0100000000000002,0.58,0.7916666666666666,146.02,65.83239999999999,1.35,0.18,0.24,0.06,0.01,0.47,0.45999999999999996,0.94,1.08,0.14000000000000012,-34.82,-146.02,-111.20000000000002,-46.9,-29.01,17.889999999999997,-52.29,63.37,115.66,0,normal
25,2.4749319553375244,-0.1176,0.23065630997944397,0.15,-0.59,0.74,-0.02,-0.9431999999999999,0.08716459525900791,-0.77,-1.16,0.3899999999999999,-0.95,0.08920000000000002,0.1402058011163114,0.39,-0.13,0.52,0.08,1.2639999999999996,26.700037765266675,46.93,-44.27,91.2,5.71,-22.5392,39.622091472645245,53.42,-96.87,150.29000000000002,-9.74,2.8528,46.64407469693588,109.28,-80.93,190.21,5.95,0.9868000000000001,0.11778228502905971,1.23,0.79,0.43999999999999995,0.97,1.23,0.9868000000000001,0.11778228502905971,0.43999999999999995,0.79,0.4583333333333333,109.28,53.15600000000001,1.16,0.02,-0.06,-0.08,-1.03,-0.97,0.06000000000000005,-0.1,-0.03,0.07,-24.53,-12.05,12.48,-9.74,-72.93,-63.190000000000005,-20.02,-4.43,15.59,0,normal
25,2.453702211380005,0.4764,0.397606170307588,1.4,0.03,1.3699999999999999,0.32,-0.9100000000000001,0.4054729748495371,-0.11,-1.66,1.5499999999999998,-0.85,0.07160000000000001,0.2604592098582809,0.54,-0.52,1.06,0.1,-13.6292,102.70689841810368,186.23,-194.79,381.02,-4.37,-11.358400000000001,108.49013010715153,223.92,-253.22,477.14,-3.13,-24.962000000000003,82.14973863825334,180.09,-242.03,422.12,-17.66,1.0932000000000002,0.5015203551867726,1.91,0.19,1.72,1.1,1.91,1.0932000000000002,0.5015203551867726,1.72,0.19,1.0,253.22,123.9496,1.66,0.1,0.94,0.84,-0.78,-1.66,-0.8799999999999999,0.31,0.09,-0.22,-4.37,115.77,120.14,-98.37,-96.86,1.5100000000000051,5.21,-19.36,-24.57,0,normal
25,3.245743751525879,-0.06480000000000001,0.1237982229274718,0.15,-0.35,0.5,-0.05,-0.9192,0.10016320016186916,-0.72,-1.15,0.42999999999999994,-0.92,0.2888,0.08048395285189879,0.52,0.17,0.35,0.3,-0.29679999999999934,49.10524961074257,112.87,-124.06,236.93,8.26,17.52,72.51868276520196,136.73,-85.04,221.76999999999998,14.0,-14.034399999999998,46.063749402322856,65.77,-83.22,148.99,-11.3,0.9756,0.09665574650962733,1.19,0.82,0.37,0.96,1.19,0.9756,0.09665574650962733,0.37,0.82,1.0,136.73,74.4476,1.15,-0.02,-0.17,-0.15000000000000002,-0.96,-1.12,-0.16000000000000014,0.32,0.37,0.04999999999999999,15.86,11.16,-4.699999999999999,-45.8,-23.66,22.139999999999997,-11.3,25.56,36.86,0,normal
20,1.978658676147461,-0.1025,0.1498727530449186,0.08,-0.44,0.52,-0.09,-0.954,0.18181540667738577,-0.69,-1.35,0.6600000000000001,-0.9,0.07100000000000001,0.1328988535058068,0.5,-0.11,0.61,0.06,-12.487999999999998,32.24835901169807,41.91,-66.52,108.42999999999999,-8.48,20.223000000000003,82.33221158338046,160.63,-134.66,295.28999999999996,20.55,-3.9730000000000003,41.74782592511476,107.88,-92.02,199.89999999999998,-11.065000000000001,0.978,0.2092744357863239,1.49,0.7,0.79,0.92,1.49,0.978,0.2092744357863239,0.79,0.7,0.3157894736842105,160.63,76.96849999999999,1.35,-0.05,-0.23,-0.18,-0.92,-0.89,0.030000000000000027,0.04,0.1,0.060000000000000005,-66.52,-59.91,6.609999999999999,5.05,85.89,80.84,-10.92,-92.02,-81.1,0,normal
22,2.159330368041992,0.08681818181818181,0.47983515387242615,2.0,-0.4,2.4,0.009999999999999998,-0.3418181818181818,0.43489064157540813,0.96,-0.96,1.92,-0.28,-0.7940909090909091,0.49372885455296395,0.03,-1.5,1.53,-0.995,-58.23727272727272,117.37753201008795,120.37,-333.92,454.29,-37.23,-13.129545454545456,46.35599375405955,138.21,-83.31,221.52,-25.94,14.297727272727274,137.570975411026,484.98,-311.79,796.77,-10.870000000000001,1.1104545454545454,0.4044217185153716,2.68,0.63,2.0500000000000003,1.0750000000000002,2.68,1.1104545454545454,0.4044217185153716,2.0500000000000003,0.63,0.42857142857142855,484.98,144.17863636363637,2.0,-0.03,-0.12,-0.09,-0.95,-0.18,0.77,0.03,-1.08,-1.11,-94.58,-12.23,82.35,-16.6,-27.22,-10.619999999999997,-8.09,7.51,15.6,1,fall
25,2.4816997051239014,-0.37799999999999995,0.5109712973021739,0.14,-2.0,2.14,-0.18,-0.7764,0.49254339910306383,0.1,-2.0,2.1,-0.92,-0.1328,0.5442542298105423,1.18,-1.5,2.6799999999999997,0.08,-36.8504,108.34500409494355,175.89,-357.07,532.96,-10.84,56.7748,154.604309748036,489.97,-123.18,613.1500000000001,5.79,44.97599999999999,127.12945262605356,391.1,-258.63,649.73,28.99,1.1260000000000003,0.5254125363305803,2.5,0.44,2.06,0.98,2.5,1.1260000000000003,0.5254125363305803,2.06,0.44,0.6666666666666666,489.97,105.1732,2.0,0.0,-0.87,-0.87,-0.96,-0.23,0.73,0.14,-0.63,-0.77,-6.2,-58.5,-52.3,-15.77,-38.44,-22.669999999999998,11.24,-25.28,-36.52,1,fall
25,3.170271158218384,0.000800000000000003,0.14980320423809365,0.19,-0.33,0.52,0.03,-0.9676,0.07166356582438993,-0.86,-1.14,0.2799999999999999,-0.95,0.1108,0.10041248262375883,0.28,-0.08,0.36000000000000004,0.1,-2.3632000000000004,33.10067354803122,62.5,-76.35,138.85,-3.13,-65.7384,86.65744244245077,67.45,-222.26,289.71,-63.99,5.4996,21.78137382413393,50.73,-44.34,95.07,10.23,0.9896,0.07351190379795643,1.15,0.88,0.2699999999999999,0.98,1.15,0.9896,0.07351190379795643,0.2699999999999999,0.88,0.08333333333333333,222.26,88.33319999999999,1.14,0.14,-0.19,-0.33,-0.98,-0.95,0.030000000000000027,0.03,0.09,0.06,-8.49,-11.18,-2.6899999999999995,-70.18,-13.63,56.550000000000004,4.98,-6.57,-11.55,0,normal
25,3.159325122833252,-0.13,0.2083266665599966,0.19,-0.57,0.76,-0.07,-0.9131999999999999,0.12368373646792316,-0.66,-1.15,0.4899999999999999,-0.9,0.29480000000000006,0.2062183309019836,0.74,-0.11,0.85,0.28,7.296799999999999,42.181521499348506,87.59,-57.47,145.06,-0.52,-19.4388,49.94548338939168,51.54,-138.5,190.04,-7.97,12.167200000000001,45.17444857807711,64.9,-90.49,155.39,26.95,1.0072,0.14979207811719106,1.25,0.69,0.56,1.01,1.25,1.0072,0.14979207811719106,0.56,0.69,0.25,138.5,62.0576,1.15,-0.03,-0.51,-0.48,-0.93,-0.79,0.14,0.33,0.56,0.23000000000000004,-23.28,-0.52,22.76,-138.5,-48.0,90.5,49.92,15.08,-34.84,0,normal
25,2.4693288803100586,0.039999999999999994,0.11105554165971789,0.3,-0.15,0.44999999999999996,0.05,-0.9752,0.1161579384573722,-0.62,-1.3,0.68,-0.97,0.046000000000000006,0.099079092984679,0.37,-0.1,0.47,0.05,-1.6548000000000005,32.09517813213276,112.82,-52.12,164.94,0.08,-24.608,39.71209314134256,43.25,-112.5,155.75,-14.92,4.0268,26.908794987265164,80.37,-39.21,119.58000000000001,1.86,0.9875999999999999,0.11913857477744143,1.36,0.64,0.7200000000000001,0.98,1.36,0.9875999999999999,0.11913857477744143,0.7200000000000001,0.64,0.4166666666666667,112.82,41.471199999999996,1.3,0.05,-0.07,-0.12000000000000001,-0.93,-0.93,0.0,-0.06,0.03,0.09,24.44,13.74,-10.700000000000001,-48.0,-4.58,43.42,-4.7,34.75,39.45,0,normal
17,1.6521973609924316,-0.04588235294117647,0.1024120856838569,0.1,-0.23,0.33,-0.04,-0.9894117647058822,0.1401548513357321,-0.79,-1.28,0.49,-0.93,0.09999999999999999,0.14870272357963052,0.33,-0.22,0.55,0.13,-3.6852941176470595,20.518237045871853,50.23,-29.89,80.12,-8.27,23.31647058823529,30.800492070171636,75.27,-21.63,96.89999999999999,28.88,-3.9464705882352953,35.28868195703412,83.3,-82.09,165.39,-6.66,1.0094117647058825,0.14587968451069935,1.3,0.79,0.51,0.98,1.3,1.0094117647058825,0.14587968451069935,0.51,0.79,0.0625,83.3,42.39176470588236,1.28,-0.09,-0.07,0.01999999999999999,-1.14,-0.91,0.22999999999999987,0.29,0.09,-0.19999999999999998,5.91,5.65,-0.2599999999999998,3.36,2.21,-1.15,13.54,-40.0,-53.54,0,normal
25,2.377218008041382,-0.1332,0.1352380617035505,0.12,-0.43,0.55,-0.12,-0.9211999999999999,0.1390239787470732,-0.67,-1.44,0.7699999999999999,-0.89,0.2364,0.11157508682497182,0.54,-0.07,0.6100000000000001,0.23,-17.689999999999998,34.723356932570134,84.78,-117.11,201.89,-20.55,-46.635600000000004,56.83293448638152,85.94,-136.69,222.63,-49.07,8.2168,46.522724440141445,71.21,-106.78,177.99,18.64,0.9739999999999999,0.1486887128646063,1.55,0.75,0.8,0.94,1.55,0.9739999999999999,0.1486887128646063,0.8,0.75,0.7916666666666666,136.69,75.43400000000001,1.44,-0.14,0.12,0.26,-0.82,-0.93,-0.1100000000000001,0.32,0.15,-0.17,-20.55,18.11,38.66,-136.69,-24.95,111.74,34.93,53.07,18.14,0,normal
19,1.8582730293273926,-0.16105263157894736,0.5743488558246935,0.94,-1.12,2.06,-0.02,-0.5831578947368422,0.32532125373030113,0.13,-1.12,1.25,-0.53,-0.308421052631579,0.6502329766911304,0.86,-1.87,2.73,-0.37,-26.46526315789474,168.68202905560446,237.36,-501.91,739.27,0.41,-33.79526315789473,173.29684200393848,279.72,-510.57,790.29,-2.18,48.40052631578948,191.24658685331076,362.46,-402.93,765.39,30.3,1.0942105263157895,0.281648239820795,1.89,0.79,1.0999999999999999,0.97,1.89,1.0942105263157895,0.281648239820795,1.0999999999999999,0.79,0.6666666666666666,510.57,188.92105263157896,1.87,0.15,-0.9,-1.05,-0.9,-0.46,0.44,0.08,-0.39,-0.47000000000000003,-21.34,39.91,61.25,2.52,-3.68,-6.2,-24.08,-23.8,0.2799999999999976,1,fall
25,3.0941431522369385,0.5704,0.4218064326994868,1.36,0.09,1.27,0.46,-0.7972000000000001,0.33514325295312153,-0.21,-1.32,1.11,-0.73,0.1588,0.14689338537410956,0.43,-0.12,0.55,0.14,-14.1988,58.32270643582995,124.78,-124.0,248.78,-7.02,-5.454800000000002,89.37062777743778,156.67,-198.81,355.48,-24.82,-5.7016,46.36329930379559,112.64,-139.85,252.49,-7.66,1.0348,0.4729527812935805,1.77,0.28,1.49,1.07,1.77,1.0348,0.4729527812935805,1.49,0.28,0.041666666666666664,198.81,89.34519999999999,1.36,0.46,0.33,-0.13,-1.11,-0.42,0.6900000000000002,0.31,0.1,-0.21,-61.42,-118.72,-57.3,-87.65,82.32,169.97,-26.35,8.98,35.33,0,normal
25,2.425774574279785,0.2036,0.10684412322007546,0.38,0.01,0.37,0.19,0.007199999999999995,0.12581467852891146,0.34,-0.26,0.6000000000000001,-0.01,0.9043999999999999,0.1114704744166215,1.15,0.74,0.4099999999999999,0.89,-5.2856000000000005,47.733552148008705,67.89,-110.06,177.95,2.29,-21.017599999999998,21.992553148736505,26.5,-52.67,79.17,-24.03,28.4996,68.56012795835977,193.75,-79.74,273.49,24.2,0.9412,0.11373653766490344,1.19,0.76,0.42999999999999994,0.9,1.19,0.9412,0.11373653766490344,0.42999999999999994,0.76,0.875,193.75,72.5656,1.15,0.16,0.12,-0.04000000000000001,0.27,-0.1,-0.37,1.02,0.74,-0.28,23.71,4.92,-18.79,-18.82,3.36,22.18,193.75,-70.93,-264.68,0,normal
25,3.197927713394165,-0.03400000000000001,0.12175795661885921,0.37,-0.2,0.5700000000000001,-0.06,-0.9895999999999999,0.17950116062763125,-0.84,-1.81,0.9700000000000001,-0.96,0.0632,0.1078857420298592,0.29,-0.29,0.58,0.06,-4.144400000000001,36.311771745996275,116.93,-89.42,206.35000000000002,-2.87,-14.091600000000001,35.77378575623963,78.21,-85.91,164.12,-17.94,-15.282800000000002,32.35392525387505,25.22,-125.34,150.56,-7.65,1.0028,0.18893385085791273,1.87,0.85,1.02,0.98,1.87,1.0028,0.18893385085791273,1.02,0.85,0.875,125.34,35.84400000000001,1.81,-0.11,0.08,0.19,-0.97,-1.12,-0.15000000000000013,0.02,0.16,0.14,6.7,-11.1,-17.8,11.45,78.21,66.75999999999999,25.22,-76.54,-101.76,0,normal
20,1.966296672821045,0.44300000000000006,0.5705131577430049,1.7,-0.81,2.51,0.175,-0.6725,0.4148160657701828,0.11,-1.83,1.9400000000000002,-0.69,0.2045,0.5576876601788759,2.0,-1.05,3.05,0.1,33.306,86.00893523961699,226.4,-152.76,379.15999999999997,19.405,-57.4865,67.78873088112569,18.76,-223.45,242.20999999999998,-21.05,-59.71750000000001,130.24182794345535,187.07,-452.7,639.77,-44.595,1.106,0.49880277718384425,2.71,0.56,2.15,0.99,2.71,1.106,0.49880277718384425,2.15,0.56,0.5263157894736842,452.7,115.37750000000001,2.0,0.19,0.89,0.7,-0.94,-0.22,0.72,0.0,0.49,0.49,-4.31,39.5,43.81,-24.6,-89.02,-64.41999999999999,-16.41,16.56,32.97,1,fall
25,2.448223352432251,-0.28040000000000004,0.4252301337707226,1.27,-0.92,2.19,-0.34,0.4456,0.7952100351479475,1.19,-2.0,3.19,0.75,0.3784,0.6091912671731268,2.0,-0.44,2.44,0.28,3.817199999999996,156.2425610901204,265.36,-501.91,767.27,26.38,28.150799999999993,176.95097447033174,259.51,-510.57,770.0799999999999,37.86,35.1468,164.85548299242785,464.55,-262.78,727.3299999999999,21.69,1.1196,0.5645904120097448,3.1,0.39,2.71,1.02,3.1,1.1196,0.5645904120097448,2.71,0.39,0.4583333333333333,510.57,155.14520000000002,2.0,-0.05,-0.38,-0.33,0.72,0.84,0.12,0.57,-0.43,-1.0,15.54,30.58,15.04,-9.82,14.66,24.48,11.51,-5.33,-16.84,1,fall
23,2.1566781997680664,-0.3417391304347826,0.506114002374178,0.55,-2.0,2.55,-0.34,0.4930434782608696,0.476954684169249,2.0,-0.14,2.14,0.54,0.7013043478260869,0.43335167691994464,2.0,0.05,1.95,0.58,-21.52347826086957,120.44184913772877,92.46,-501.91,594.37,-2.38,31.69434782608696,163.06843936397007,322.67,-510.57,833.24,35.18,47.50913043478262,142.5043384000847,498.34,-168.37,666.71,25.62,1.0882608695652178,0.5684560602985235,3.46,0.44,3.02,0.96,3.46,1.0882608695652178,0.5684560602985235,3.02,0.44,0.4090909090909091,510.57,131.8504347826087,2.0,-0.04,-0.65,-0.61,0.75,0.54,-0.20999999999999996,0.68,0.58,-0.10000000000000009,0.32,-5.08,-5.4,-20.43,-11.94,8.49,25.62,38.0,12.379999999999999,1,fall
25,2.485429048538208,0.16240000000000002,0.2440846847578384,0.78,-0.06,0.8400000000000001,0.06,-0.6048,0.548164513018978,0.93,-2.0,2.93,-0.72,-0.5788,0.5351115148577289,0.09,-2.0,2.09,-0.56,-28.397599999999997,114.93895054477107,217.88,-316.27,534.15,-43.13,-9.597999999999999,98.21728547799856,176.93,-291.68,468.61,-5.1,-18.400400000000005,108.39974175399743,112.3,-502.2,614.5,-1.86,1.0992,0.3771927005302904,2.2,0.68,1.52,0.98,2.2,1.0992,0.3771927005302904,1.52,0.68,0.5416666666666666,502.2,123.2412,2.0,-0.04,0.1,0.14,-0.97,-0.72,0.25,0.09,-0.64,-0.73,-19.4,22.82,42.22,12.9,6.11,-6.79,-0.72,17.34,18.06,1,fall
21,1.9568963050842285,0.25000000000000006,0.2693696345173301,0.89,-0.05,0.9400000000000001,0.12,-0.37666666666666665,0.6706290579249704,0.92,-1.44,2.36,-0.6,-0.6361904761904762,0.5971053189385955,0.02,-1.78,1.8,-0.34,-92.89285714285715,79.1120600883871,36.76,-256.76,293.52,-73.13,10.929047619047617,87.93539963545751,318.29,-71.07,389.36,-19.28,20.138571428571428,38.920093304836044,115.34,-37.77,153.11,9.77,1.1266666666666665,0.4294919479260738,2.23,0.5,1.73,0.99,2.23,1.1266666666666665,0.4294919479260738,1.73,0.5,0.55,318.29,112.92761904761905,1.78,0.12,0.29,0.16999999999999998,-1.01,0.16,1.17,0.02,-1.18,-1.2,-54.99,-13.44,41.550000000000004,-1.12,0.72,1.84,26.88,25.4,-1.4800000000000004,1,fall
25,3.1517698764801025,0.58,0.2704625667259704,1.43,0.25,1.18,0.58,-0.7092000000000002,0.26705055701121466,-0.34,-1.31,0.97,-0.69,0.20199999999999999,0.14335271186831453,0.46,-0.1,0.56,0.21,0.7635999999999993,77.93277738324657,113.57,-169.74,283.31,-7.1,-14.795600000000002,70.41864461206279,160.5,-112.75,273.25,-20.31,-2.445200000000001,38.214621451306655,70.78,-72.81,143.59,-6.23,0.9660000000000001,0.33417809623013894,1.56,0.48,1.08,1.06,1.56,0.9660000000000001,0.33417809623013894,1.08,0.48,0.4166666666666667,169.74,79.2284,1.43,0.37,0.26,-0.10999999999999999,-0.47,-0.53,-0.06000000000000005,0.11,0.21,0.09999999999999999,-69.57,56.43,126.0,54.47,-24.2,-78.67,-10.9,-44.4,-33.5,0,normal
25,3.31396746635437,0.06680000000000001,0.22713285392768115,0.29,-0.32,0.61,0.13,-0.9676,0.06043453758682478,-0.84,-1.09,0.2500000000000001,-0.96,0.0796,0.15417738701465486,0.4,-0.13,0.53,0.03,2.1415999999999995,28.95659879889211,87.21,-67.34,154.55,3.08,0.7988000000000003,15.082605135276422,44.84,-26.03,70.87,-3.33,5.426,30.009657056798677,58.17,-57.79,115.96000000000001,0.63,1.0084,0.07414400402819726,1.18,0.88,0.29999999999999993,0.99,1.18,1.0084,0.07414400402819726,0.29999999999999993,0.88,0.875,87.21,33.458,1.09,0.25,-0.18,-0.43,-0.84,-0.86,-0.020000000000000018,0.07,0.32,0.25,-67.34,-16.4,50.940000000000005,-4.79,3.02,7.8100000000000005,-30.4,-57.79,-27.39,0,normal
21,2.06455659866333,0.2671428571428572,0.40185996139380264,1.18,-0.48,1.66,0.23,-0.9319047619047618,0.7227421327667223,0.37,-2.0,2.37,-0.65,0.15714285714285714,0.49166190473884447,1.01,-0.51,1.52,0.12,-20.60047619047619,74.91138975324048,107.16,-252.4,359.56,-21.77,-96.72095238095237,270.56557053521726,469.85,-510.41,980.26,-113.92,35.72952380952381,89.5916410429115,183.28,-154.9,338.18,63.22,1.22,0.6151666440892256,2.26,0.52,1.7399999999999998,0.94,2.26,1.22,0.6151666440892256,1.7399999999999998,0.52,0.0,510.41,258.77476190476193,2.0,0.61,0.01,-0.6,-1.92,-0.34,1.5799999999999998,1.01,0.5,-0.51,-2.9,-21.77,-18.87,-55.53,-235.77,-180.24,-106.64,5.98,112.62,0,normal
23,2.2795538902282715,0.5373913043478261,0.5760067659901255,2.0,-0.09,2.09,0.16,-0.7278260869565218,0.4556808743940627,0.34,-2.0,2.34,-0.85,-0.022173913043478252,0.5783515486570361,1.57,-2.0,3.5700000000000003,-0.03,29.26826086956521,90.07476322236555,201.94,-214.11,416.05,21.56,-15.885652173913039,154.01990697268167,236.15,-510.57,746.72,7.36,-49.02565217391305,73.66789912882908,220.34,-175.96,396.3,-50.28,1.147391304347826,0.5926076226867177,3.46,0.49,2.9699999999999998,0.98,3.46,1.147391304347826,0.5926076226867177,2.9699999999999998,0.49,0.5909090909090909,510.57,116.23565217391302,2.0,-0.09,0.89,0.98,-0.99,-0.42,0.5700000000000001,-0.08,0.2,0.28,-1.95,-37.16,-35.209999999999994,31.22,41.22,10.0,-34.32,24.81,59.129999999999995,1,fall
19,1.8020830154418945,0.09210526315789475,0.23639841481345808,0.66,-0.15,0.81,0.0,-0.94,0.2046134567096374,-0.62,-1.4,0.7799999999999999,-0.88,0.09947368421052633,0.13894338112301263,0.33,-0.13,0.46,0.06,14.804210526315789,61.621103826871725,113.86,-82.14,196.0,20.63,-4.536315789473684,37.267986143982476,90.35,-82.82,173.17,-15.02,-24.80263157894737,140.7855391817287,246.11,-440.6,686.71,-23.13,0.9805263157894736,0.23305873566336413,1.46,0.62,0.84,0.91,1.46,0.9805263157894736,0.23305873566336413,0.84,0.62,0.3888888888888889,440.6,101.7942105263158,1.4,-0.04,-0.03,0.010000000000000002,-0.88,-1.02,-0.14,-0.0,0.21,0.21,61.14,72.69,11.549999999999997,26.73,23.1,-3.629999999999999,-53.01,-19.99,33.019999999999996,0,normal
25,2.4866716861724854,-0.0192,0.11803671745125187,0.14,-0.26,0.4,0.01,-0.9144,0.03708998067762596,-0.86,-1.02,0.16000000000000003,-0.92,0.29200000000000004,0.04252450274057692,0.37,0.22,0.15,0.3,-12.8776,27.58472588831242,47.16,-59.1,106.25999999999999,-20.21,-81.5748,74.52022310084693,67.59,-198.38,265.97,-66.43,25.090799999999998,30.906670520563463,70.32,-50.05,120.36999999999999,27.54,0.9683999999999999,0.04058735435247453,1.07,0.9,0.17000000000000004,0.97,1.07,0.9683999999999999,0.04058735435247453,0.17000000000000004,0.9,0.375,198.38,95.1612,1.02,0.01,0.01,0.0,-0.93,-0.92,0.010000000000000009,0.32,0.34,0.020000000000000018,-5.68,-12.79,-7.109999999999999,67.59,-149.02,-216.61,-50.05,43.28,93.33,0,normal
25,2.4862146377563477,-0.2612,0.13562571044360774,0.04,-0.57,0.61,-0.27,-0.7971999999999998,0.13217791040866098,-0.5,-0.98,0.48,-0.83,0.45559999999999995,0.15636708946151892,0.75,0.14,0.61,0.48,8.4952,61.412927257486544,106.23,-123.22,229.45,16.24,5.3576,58.60601947752466,128.58,-100.9,229.48000000000002,8.32,-8.86,36.69020498261991,73.54,-60.83,134.37,-13.6,0.9700000000000002,0.17561795656101534,1.23,0.54,0.69,0.97,1.23,0.9700000000000002,0.17561795656101534,0.69,0.54,0.25,128.58,66.8676,0.98,-0.37,-0.21,0.16,-0.83,-0.84,-0.010000000000000009,0.31,0.35,0.03999999999999998,16.12,50.38,34.260000000000005,26.47,40.12,13.649999999999999,-4.61,-34.96,-30.35,0,normal
25,2.4819018840789795,-0.08280000000000001,0.11678042073338608,0.09,-0.38,0.47,-0.08,-0.9528,0.1335889216963742,-0.67,-1.3,0.63,-0.95,0.1432,0.08620324819866129,0.33,-0.01,0.34,0.14,-5.478399999999999,43.333420385809994,68.96,-123.79,192.75,-10.4,7.1564,47.410175321337924,110.49,-66.66,177.14999999999998,1.79,-5.5964,26.86884547823619,49.95,-64.83,114.78,-5.45,0.9783999999999999,0.14305243793798134,1.32,0.68,0.64,0.98,1.32,0.9783999999999999,0.14305243793798134,0.64,0.68,0.8333333333333334,123.79,53.142799999999994,1.3,-0.03,0.09,0.12,-0.91,-0.8,0.10999999999999999,0.14,0.02,-0.12000000000000001,-10.4,56.11,66.51,24.55,-16.35,-40.900000000000006,-29.48,-21.63,7.850000000000001,0,normal
