time,AccelX,AccelY,AccelZ,GyroX,GyroY,GyroZ,Total_A
1773564486.1656682,0.06,-0.88,0.4,-11.57,32.17,-7.16,0.97
1773564486.181589,0.07,-0.84,0.35,-29.02,0.84,5.74,0.91
1773564486.2951832,0.14,-1.01,0.07,-40.69,27.82,23.57,1.02
1773564486.393576,-0.13,-0.83,0.27,0.11,47.82,-0.78,0.88
1773564486.4935682,-0.18,-0.77,0.34,-0.87,-41.42,-2.61,0.86
1773564486.6056094,0.05,-0.9,0.33,14.29,-1.99,-10.69,0.96
1773564486.7010815,-0.03,-0.89,0.31,0.99,-4.46,-5.71,0.94
1773564486.810187,-0.0,-0.93,0.3,-12.09,-17.68,-0.83,0.97
1773564486.9082563,-0.02,-0.94,0.29,-17.18,-7.01,-0.54,0.99
1773564487.019823,-0.03,-0.94,0.27,-25.97,-7.3,3.53,0.98
1773564487.12347,-0.0,-0.91,0.24,-28.82,9.33,5.21,0.94
1773564487.2336292,-0.07,-0.93,0.19,-31.92,23.65,3.22,0.95
1773564487.3294325,-0.1,-0.89,0.17,-47.89,23.62,-9.07,0.91
1773564487.4296715,-0.03,-0.97,0.11,-42.75,20.12,-9.41,0.97
1773564487.530254,0.18,-0.82,-0.04,-38.34,11.27,-35.12,0.84
1773564487.6403685,-0.06,-0.72,0.36,-98.53,42.47,-22.18,0.8
1773564487.7310758,0.24,-0.94,0.25,-132.55,17.14,4.03,1.0
1773564487.8435264,0.45,0.58,-2.0,109.48,-107.73,-132.57,2.13
1773564487.9454186,1.05,-0.32,-0.19,-16.29,-510.57,-59.7,1.12
1773564488.049284,0.32,-0.52,-0.36,-69.95,-127.68,89.31,0.71
1773564488.161184,0.21,-0.24,-0.36,57.27,-222.35,9.08,0.48
1773564488.260518,-0.21,-0.68,-0.72,15.24,76.63,53.43,1.01
1773564488.360139,-0.35,-0.73,-0.27,-5.89,-142.15,32.47,0.85
1773564488.4492617,-0.07,-0.87,-0.21,63.68,-164.28,-54.15,0.9
1773564488.565633,0.07,-0.67,0.19,142.34,-62.89,-185.68,0.7
1773564488.6668346,0.79,-1.87,-0.58,11.82,76.63,-81.68,2.11
0.0,0.0,0.0,0.0,0.0,0.0,0.0,0.0
1773564510.647925,0.42,-0.76,0.41,-8.12,7.08,-24.43,0.96
1773564510.724124,0.45,-0.77,0.35,-18.99,-4.35,-9.07,0.96
1773564510.82641,0.39,-0.78,0.36,-17.62,-8.53,-6.03,0.94
1773564510.9236553,0.43,-0.79,0.37,-6.98,-14.78,-12.5,0.97
1773564511.024129,0.48,-0.74,0.35,-4.79,-6.29,-5.57,0.95
1773564511.1310198,0.5,-0.82,0.36,-7.19,1.4,-9.25,1.02
1773564511.24295,0.49,-0.78,0.35,-3.25,7.97,-1.97,0.98
1773564511.347043,0.46,-0.76,0.36,-7.53,16.59,2.85,0.96
1773564511.4415045,0.42,-0.85,0.5,49.14,40.09,-38.25,1.07
1773564511.5517962,0.41,-0.68,0.56,13.5,70.09,-23.88,0.97
1773564511.6582289,0.34,-0.57,0.52,3.98,17.88,-0.75,0.84
1773564511.7561083,0.24,-0.61,0.54,-4.15,-7.5,0.81,0.85
1773564511.860879,0.27,-0.65,0.6,-16.67,-6.26,-6.05,0.92
1773564511.9591804,0.32,-0.64,0.6,-27.51,-13.42,-16.47,0.93
1773564512.0667458,0.35,-0.7,0.57,-19.89,-9.97,-25.62,0.97
1773564512.1574016,0.39,-0.73,0.55,-25.59,2.11,-16.14,0.99
1773564512.2804608,0.35,-0.78,0.5,-21.97,12.06,-0.46,0.99
1773564512.3902154,0.33,-0.72,0.44,-12.7,-4.34,-9.22,0.91
1773564512.473627,0.3,-0.7,0.41,-22.49,-14.87,3.8,0.86
1773564512.5886896,0.37,-0.79,0.45,-15.82,-27.59,5.91,0.98
1773564512.6906977,0.36,-0.76,0.44,-16.78,-16.67,13.75,0.95
1773564512.7895126,0.36,-0.78,0.42,-12.34,-22.92,16.58,0.96
1773564512.890267,0.3,-0.79,0.39,-4.63,-23.65,11.1,0.93
0.0,0.0,0.0,0.0,0.0,0.0,0.0,0.0
1773564522.63139,0.4,-0.76,0.36,7.05,-61.59,11.1,0.93
1773564522.6933904,0.39,-0.8,0.29,7.4,-85.15,10.24,0.94
1773564522.7925673,0.41,-0.71,0.19,2.87,-109.22,13.92,0.84
1773564522.890112,0.51,-0.62,0.1,20.37,-124.86,30.95,0.81
1773564523.0049052,0.56,-0.64,0.14,44.43,-134.32,63.77,0.86
1773564523.105293,0.54,-0.6,0.2,52.31,-137.08,69.69,0.84
1773564523.209339,0.38,-0.61,0.22,32.29,-138.67,55.02,0.75
1773564523.3135822,0.36,-0.48,0.25,41.97,-131.13,33.82,0.65
1773564523.4072187,0.45,-0.43,0.36,56.99,-117.05,45.37,0.72
1773564523.5119953,0.99,-1.07,0.55,55.79,-154.5,-41.36,1.56
1773564523.6216369,-0.48,-1.44,0.91,-37.82,-116.37,-69.94,1.77
1773564523.725386,0.56,-1.59,0.49,-34.18,-123.54,299.02,1.75
1773564523.8243153,0.24,-0.08,-0.73,13.45,43.36,250.03,0.77
1773564523.938506,-1.71,0.1,-0.51,-64.23,-81.74,99.59,1.79
1773564524.0234077,-0.54,-0.37,-0.18,-12.08,-50.08,70.26,0.68
1773564524.13742,-0.91,-0.3,0.49,-67.37,-94.98,-15.13,1.08
1773564524.236309,-0.95,-0.55,0.29,23.44,-86.31,11.66,1.13
1773564524.3443632,-0.77,-0.01,0.21,39.14,31.07,-23.73,0.8
1773564524.4515886,-0.95,-0.14,0.52,-29.98,-32.15,-93.7,1.09
1773564524.555442,-0.77,-0.58,0.33,79.69,-40.29,-85.33,1.02
1773564524.6567364,-0.7,-0.41,0.77,66.95,-22.6,-193.73,1.12
1773564524.7489605,-0.31,-0.91,0.91,-22.03,88.72,-89.41,1.33
1773564524.8650725,-0.2,-0.69,0.36,-69.95,52.72,-89.12,0.81
1773564524.9705217,-0.14,-0.83,-0.04,-43.86,-1.95,-99.25,0.85
1773564525.063655,0.08,-0.96,-0.01,-9.66,-1.94,-105.18,0.96
1773564525.163267,0.27,-0.73,0.06,8.63,-36.99,-103.13,0.78
1773564525.278002,0.39,-0.73,-0.01,15.59,-67.76,-39.66,0.83
0.0,0.0,0.0,0.0,0.0,0.0,0.0,0.0
1773564628.5745697,0.08,-0.87,0.46,-4.61,-17.71,22.3,0.99
1773564628.6632504,-0.04,-0.93,0.29,-28.98,-48.96,10.27,0.97
1773564628.7801328,-0.1,-0.89,0.25,-43.1,-82.69,-1.82,0.93
1773564628.8811555,0.06,-0.94,-0.0,-70.79,-130.7,4.5,0.94
1773564628.986483,0.24,-0.97,-0.13,-25.86,-185.19,-18.98,1.01
1773564629.088688,0.58,-0.69,0.17,-28.82,-193.18,-45.39,0.92
1773564629.2011025,0.48,-0.89,0.33,-8.69,-190.08,-40.73,1.06
1773564629.2974167,0.38,-0.51,0.08,28.31,-131.97,81.95,0.64
1773564629.4011958,-0.46,0.03,0.38,123.34,-79.3,-29.19,0.6
1773564629.5014763,-0.6,-2.0,1.51,-97.5,-323.27,-4.41,2.58
1773564629.6014855,-1.4,-1.41,-2.0,-340.15,285.28,152.66,2.82
1773564629.711886,0.45,0.16,-1.08,94.98,-229.97,-14.41,1.19
1773564629.8017983,0.55,-0.98,-0.04,-16.55,-215.36,-19.15,1.12
1773564629.9163067,-0.39,-0.75,-0.39,-22.69,-126.06,82.41,0.93
1773564630.013143,-0.83,-0.34,-0.73,-60.61,-22.55,87.11,1.15
1773564630.111317,-1.14,-0.27,-0.82,18.18,-53.15,-19.88,1.43
1773564630.2159245,-0.56,-0.62,-0.64,116.73,-53.18,-8.6,1.05
1773564630.3200786,-0.51,-0.77,-0.29,30.14,-16.72,4.87,0.97
1773564630.4233923,-0.81,-0.67,-0.26,11.22,-4.67,-28.4,1.08
1773564630.5263586,-0.61,-0.6,-0.16,26.92,-31.44,-77.15,0.87
0.0,0.0,0.0,0.0,0.0,0.0,0.0,0.0
1773564646.7618706,0.02,-0.95,0.25,6.53,-32.78,-11.85,0.98
1773564646.8631754,0.05,-0.93,0.22,4.09,-27.28,-5.48,0.96
1773564646.975115,-0.04,-0.96,0.17,5.65,-38.76,-14.11,0.98
1773564647.086397,0.03,-0.99,0.15,-2.55,-55.73,-29.57,1.0
1773564647.180108,0.06,-0.96,0.15,-18.72,-73.92,-12.55,0.97
1773564647.2774818,-0.02,-0.91,0.13,-2.12,-88.53,4.67,0.92
1773564647.3841996,0.04,-0.74,0.11,-30.34,-119.79,-21.96,0.75
1773564647.493617,0.27,-0.92,-0.15,-7.22,-137.54,-31.77,0.97
1773564647.5937438,0.4,-0.62,-0.07,10.32,-178.6,-19.88,0.74
1773564647.69369,0.59,-0.29,0.13,81.6,-160.73,-109.15,0.67
1773564647.7966983,0.31,-0.83,0.13,-26.93,-138.52,126.61,0.89
1773564647.9095523,1.54,-0.64,0.95,-26.31,21.51,-160.83,1.92
1773564648.015547,1.08,-1.01,-2.0,130.55,171.42,243.19,2.49
1773564648.1139894,1.35,-0.32,-0.58,35.45,-366.17,278.79,1.5
1773564648.209305,1.27,-0.76,-0.33,-105.62,-293.94,73.62,1.51
1773564648.3153014,0.49,-0.97,-0.96,-219.47,-184.05,207.5,1.45
1773564648.4247503,-0.06,-0.66,-0.8,-116.46,-314.63,431.04,1.04
1773564648.5269225,-0.01,-0.57,-0.42,66.89,-132.66,197.86,0.71
1773564648.6285174,-0.22,-0.66,-0.47,-27.15,17.68,143.13,0.84
1773564648.728897,-0.54,-0.62,-0.56,36.75,15.85,25.68,1.0
1773564648.838235,-0.54,-0.53,-0.64,0.15,32.66,-43.41,0.99
1773564648.930214,-0.47,-0.59,-0.75,-50.96,46.0,-32.76,1.07
1773564649.0435405,-0.31,-0.62,-0.87,-44.4,9.24,-104.75,1.11
1773564649.1443594,-0.29,-0.62,-0.83,-19.51,6.27,-41.01,1.08
1773564649.250183,-0.35,-0.61,-0.87,-61.3,-62.47,-6.23,1.12
0.0,0.0,0.0,0.0,0.0,0.0,0.0,0.0
1773564666.8786273,-0.13,-0.14,0.91,83.71,-47.04,44.73,0.93
1773564666.9731164,-0.13,-0.03,0.99,-77.68,-41.21,-8.63,1.0
1773564667.078114,-0.04,-0.07,1.01,3.34,17.39,-0.63,1.02
1773564667.2083323,-0.06,-0.08,0.94,-9.71,-0.72,-0.73,0.94
1773564667.2902987,-0.13,-0.19,0.94,13.08,-17.91,35.31,0.96
1773564667.3896415,-0.12,-0.27,0.81,-7.66,-35.13,62.79,0.86
1773564667.4914975,-0.19,-0.29,0.83,11.16,21.66,66.76,0.9
1773564667.5937114,-0.1,-0.24,0.87,-24.52,23.95,55.33,0.91
1773564667.694515,-0.21,-0.33,0.81,15.04,4.2,99.16,0.9
1773564667.8016105,-0.34,-0.2,0.82,-35.76,-37.22,92.4,0.91
1773564667.8922985,-0.31,-0.21,0.76,-7.95,-59.19,77.17,0.85
1773564667.993668,-0.22,-0.34,0.69,5.53,-41.48,99.17,0.8
1773564668.109585,-0.01,-0.5,0.33,3.54,-133.5,102.87,0.6
1773564668.223833,-0.49,-0.33,0.64,-103.04,-39.82,124.76,0.87
1773564668.315797,-0.02,0.11,1.3,8.43,-33.25,-461.8,1.31
1773564668.4248097,-2.0,0.72,2.0,-104.4,33.25,-75.45,2.92
1773564668.5258584,1.53,-0.62,-0.52,168.63,71.22,-206.08,1.73
1773564668.6258018,-0.96,-0.17,0.78,-107.1,178.59,232.12,1.25
0.0,0.0,0.0,0.0,0.0,0.0,0.0,0.0
1773564711.7622964,-0.08,0.92,0.43,1.42,6.63,21.72,1.02
1773564711.8493662,-0.02,0.93,0.28,-8.05,-14.46,-1.05,0.97
1773564711.9449625,-0.01,0.91,0.3,-52.09,-10.26,-22.63,0.96
1773564712.044968,-0.04,0.91,0.26,-62.05,-6.0,-22.28,0.94
1773564712.1394124,-0.06,0.93,0.36,-40.29,48.12,1.57,1.0
1773564712.2551744,-0.22,0.92,0.16,-119.08,111.71,-46.09,0.96
1773564712.3549197,-0.07,0.8,0.08,-116.14,222.9,25.36,0.81
1773564712.4529035,0.06,0.48,0.16,63.94,-12.89,200.2,0.51
1773564712.555197,-0.04,0.02,-0.12,211.63,-72.99,172.17,0.13
1773564712.6576123,-0.93,0.64,0.79,-31.24,46.21,-135.45,1.37
1773564712.7706122,1.38,-2.0,2.0,-501.91,-510.57,302.18,3.15
1773564712.8714817,0.55,1.27,0.8,-139.18,489.97,-502.2,1.6
1773564712.971269,-0.67,0.44,0.62,-348.95,42.08,-77.25,1.02
1773564713.0701234,-0.35,0.14,0.36,96.24,127.88,-146.64,0.52
1773564713.1864438,-0.79,-0.06,1.17,-103.79,-10.14,-73.77,1.41
1773564713.2886674,-0.32,0.22,0.68,121.31,-14.87,-20.08,0.78
1773564713.3863988,-0.59,0.25,0.69,2.2,-68.7,-100.64,0.94
1773564713.4864728,-0.75,0.01,1.57,101.59,-73.36,-115.07,1.74
1773564713.5892448,-0.53,0.42,0.47,44.85,-36.44,-43.48,0.83
1773564713.688122,-0.67,0.39,0.86,-16.56,29.22,41.91,1.15
1773564713.804268,-0.37,0.38,0.61,-19.45,-23.44,-52.12,0.81
1773564713.9056313,-0.43,0.24,0.83,-59.85,-67.41,9.54,0.96
1773564714.0039954,-0.58,0.31,0.83,-7.73,-26.41,33.05,1.06
1773564714.1039176,-0.44,0.26,0.82,-34.14,-9.7,-2.75,0.96
0.0,0.0,0.0,0.0,0.0,0.0,0.0,0.0
1773564763.4632497,-0.04,0.75,0.68,0.32,-20.43,25.62,1.01
1773564763.474508,0.0,0.78,0.54,-10.5,3.69,2.21,0.95
1773564763.5547447,0.01,0.81,0.53,-25.82,9.3,3.37,0.97
1773564763.6601596,0.06,0.89,0.41,0.2,-4.28,31.56,0.98
1773564763.7555032,-0.18,0.99,0.34,-27.31,83.47,-27.5,1.06
1773564763.8649838,-0.29,0.81,0.31,23.71,35.18,58.82,0.92
1773564763.9612086,-0.2,0.39,0.05,84.38,59.91,143.56,0.44
1773564764.068068,0.55,-0.03,0.07,32.43,322.67,112.38,0.56
1773564764.1781735,0.12,0.08,1.22,-119.18,-267.77,242.3,1.23
1773564764.2732227,-2.0,2.0,2.0,-501.91,-510.57,498.34,3.46
1773564764.382454,0.45,0.72,1.24,-52.15,253.97,28.12,1.5
1773564764.4866216,-0.25,0.25,0.71,-114.17,81.56,-168.37,0.79
1773564764.5883548,-0.43,-0.09,0.81,-104.6,57.88,-129.86,0.92
1773564764.6874695,-0.61,-0.14,1.31,5.04,0.59,-130.57,1.45
1773564764.7966807,-0.51,0.11,0.72,58.38,49.24,-53.76,0.89
1773564764.8984113,-0.52,0.0,0.98,88.32,14.73,-6.17,1.11
1773564764.9960346,-0.9,0.04,0.88,78.93,103.95,67.57,1.26
1773564765.095513,-0.51,0.25,0.65,92.46,190.06,220.63,0.87
1773564765.2226515,-0.34,0.54,0.49,21.69,104.88,171.62,0.8
1773564765.313114,-0.54,0.57,0.52,-3.94,153.71,-47.59,0.94
1773564765.4142218,-0.48,0.59,0.58,-13.86,-1.79,1.71,0.96
1773564765.529743,-0.6,0.49,0.51,-2.38,20.96,10.72,0.93
1773564765.619928,-0.65,0.54,0.58,-5.08,-11.94,38.0,1.03
0.0,0.0,0.0,0.0,0.0,0.0,0.0,0.0
1773564771.603483,-0.08,0.73,0.55,-9.82,-5.19,25.8,0.91
1773564771.71021,-0.07,0.77,0.5,-39.83,4.53,29.57,0.92
1773564771.8077035,-0.05,0.78,0.5,-53.65,22.0,23.56,0.93
1773564771.9167454,-0.17,0.77,0.57,-44.29,78.43,47.04,0.97
1773564772.0212502,-0.15,0.83,0.46,-64.67,168.88,42.21,0.96
1773564772.1156576,-0.34,0.94,0.31,-30.26,61.95,87.31,1.05
1773564772.2306828,-0.24,0.77,0.25,57.54,104.88,186.53,0.84
1773564772.317973,-0.19,0.08,0.27,109.95,55.98,242.03,0.34
1773564772.4304774,0.13,-0.57,0.63,100.53,119.92,222.93,0.86
1773564772.5320778,-1.68,0.19,1.02,284.05,305.4,-83.34,1.97
1773564772.6376617,-1.54,2.0,0.59,31.57,489.97,498.34,2.59
1773564772.7317042,0.24,0.19,1.19,53.6,-7.59,272.96,1.23
1773564772.8502526,0.05,0.28,0.82,205.97,247.05,48.21,0.87
1773564772.9474256,-0.79,0.2,-0.0,209.08,151.3,-502.2,0.82
1773564773.0490148,-1.67,-0.19,-0.07,68.99,-83.57,-165.92,1.69
1773564773.1470509,-0.76,0.11,0.44,61.04,-132.24,147.68,0.89
1773564773.2635927,-0.84,0.61,0.44,10.41,-13.22,-0.05,1.13
1773564773.365008,-0.92,0.44,0.25,-86.09,90.56,184.32,1.05
1773564773.4684806,-0.64,0.49,0.15,19.79,129.47,58.95,0.82
1773564773.571283,-0.79,0.61,0.13,-3.18,60.24,-59.5,1.01
1773564773.6646056,-1.16,0.45,-0.05,36.7,8.44,43.4,1.24
1773564773.7802129,-0.72,0.67,-0.07,9.74,28.88,127.86,0.99
1773564773.88048,-0.63,0.74,-0.14,-9.94,38.01,83.04,0.98
0.0,0.0,0.0,0.0,0.0,0.0,0.0,0.0
1773564782.5154696,-0.05,0.72,0.57,15.54,-9.82,11.51,0.92
1773564782.5993536,-0.1,0.75,0.51,22.24,-5.42,21.92,0.91
1773564782.6959243,-0.06,0.73,0.63,-31.59,19.14,23.79,0.97
1773564782.795905,-0.08,0.8,0.46,-14.18,31.71,32.46,0.92
1773564782.9015958,-0.09,0.77,0.42,-37.33,34.59,38.2,0.88
1773564782.9977338,0.03,0.81,0.6,-8.7,54.75,29.56,1.02
1773564783.0963273,-0.1,0.87,0.53,-11.3,135.5,-42.61,1.02
1773564783.1986525,-0.4,0.81,0.22,48.84,34.37,38.38,0.93
1773564783.2958708,-0.15,0.34,0.09,-172.58,202.18,194.5,0.39
1773564783.413802,0.17,-0.44,0.28,107.02,41.31,464.55,0.55
1773564783.5128815,-0.29,-0.3,1.21,-182.7,170.17,-262.78,1.28
1773564783.6153946,1.27,-2.0,2.0,-501.91,-510.57,-208.98,3.1
1773564783.714892,-0.52,-1.78,1.85,-276.47,-510.57,430.08,2.62
1773564783.822955,-0.71,0.13,0.73,162.53,30.69,-146.46,1.03
1773564783.9294543,-0.34,1.19,0.46,265.36,259.51,188.2,1.32
1773564784.0207307,-0.49,0.43,0.27,178.73,100.66,-181.63,0.71
1773564784.1333704,-0.67,0.57,0.14,155.22,22.79,-29.6,0.89
1773564784.2316418,-0.92,0.82,0.02,104.56,179.56,-29.83,1.24
1773564784.34343,-0.74,0.74,0.03,43.1,107.74,140.15,1.05
1773564784.4462442,-0.45,0.95,0.12,56.53,72.64,107.1,1.06
1773564784.54773,-0.74,0.75,-0.26,-1.11,127.25,7.88,1.08
1773564784.64973,-0.42,0.89,-0.23,26.38,82.81,20.04,1.01
1773564784.7487984,-0.33,0.86,-0.32,64.21,37.86,21.69,0.98
1773564784.8628142,-0.45,0.89,-0.44,52.46,-19.74,15.88,1.09
1773564784.963693,-0.38,0.84,-0.43,30.58,14.66,-5.33,1.02
1773564785.0624216,-0.46,0.81,-0.54,56.06,69.05,46.15,1.07
1773564785.168722,-0.43,0.84,-0.63,25.14,3.21,39.16,1.14
0.0,0.0,0.0,0.0,0.0,0.0,0.0,0.0
1773564790.9117684,-0.1,0.72,0.6,-7.42,-8.96,-4.35,0.94
1773564790.9117684,-0.11,0.73,0.63,-31.1,-4.49,-1.36,0.97
1773564791.0082724,-0.09,0.7,0.61,-19.24,-1.33,15.01,0.93
1773564791.0983942,-0.06,0.66,0.59,-53.6,1.91,8.84,0.89
1773564791.2120278,-0.08,0.65,0.65,-57.47,17.91,-4.12,0.92
1773564791.3129246,-0.17,0.66,0.77,-52.56,39.88,47.22,1.03
1773564791.4131744,-0.11,0.61,0.66,-52.61,62.59,45.62,0.9
1773564791.511634,-0.22,0.64,0.59,-49.92,90.75,39.79,0.9
1773564791.6141558,-0.83,0.8,0.56,-8.7,228.14,165.46,1.28
1773564791.730596,-0.57,0.17,0.72,-74.09,344.46,417.04,0.94
1773564791.8204763,0.58,0.06,0.62,-28.09,426.47,291.11,0.85
1773564791.9518173,1.01,0.09,0.55,-45.48,227.54,238.21,1.15
1773564792.0300684,-0.05,-0.67,0.35,132.35,-304.08,-282.6,0.76
1773564792.1310563,-2.0,0.1,0.94,-501.91,489.97,-502.2,2.21
1773564792.2481246,-2.0,-0.32,1.58,-462.6,-7.76,-334.58,2.57
1773564792.3493838,-0.18,0.32,0.55,-120.78,37.54,240.24,0.66
1773564792.4453864,-0.37,-0.06,0.8,-33.8,-62.34,-87.82,0.89
1773564792.5467527,-0.75,-0.41,1.07,-72.41,-46.28,-236.47,1.38
1773564792.6495073,-0.99,-0.19,0.64,-9.22,98.56,-85.96,1.2
1773564792.7619617,-0.56,-0.07,0.85,30.96,62.26,16.04,1.02
1773564792.8633454,-0.61,-0.01,0.83,30.37,-8.17,27.51,1.02
1773564792.967815,-0.59,-0.11,0.82,20.18,119.97,53.17,1.02
1773564793.0698724,-0.78,0.1,0.58,-30.73,89.42,64.95,0.98
0.0,0.0,0.0,0.0,0.0,0.0,0.0,0.0
1773564811.8604262,0.03,0.5,0.8,-5.54,-9.59,2.76,0.94
1773564811.9627063,0.02,0.49,0.84,-8.78,-3.24,8.92,0.97
1773564812.0762105,0.02,0.51,0.81,-15.82,3.3,13.91,0.96
1773564812.178271,0.02,0.52,0.82,-27.24,16.06,25.65,0.97
1773564812.2772186,0.04,0.5,0.77,-24.05,11.01,26.43,0.92
1773564812.3772788,0.07,0.53,0.73,-8.35,17.33,21.74,0.9
1773564812.4847028,0.04,0.57,0.65,-15.89,3.51,10.79,0.86
1773564812.59551,-0.11,0.67,0.62,32.47,-38.96,24.5,0.92
1773564812.6847174,-0.24,0.65,0.57,29.66,10.52,-19.22,0.9
1773564812.7928815,0.06,0.5,0.11,64.85,83.37,141.25,0.52
1773564812.8978517,0.3,0.08,0.16,146.38,-24.21,201.94,0.35
1773564812.99464,0.02,-0.21,1.87,-120.4,-44.46,-43.63,1.88
1773564813.1045136,-0.44,0.22,2.0,-501.91,-510.57,498.34,2.06
1773564813.2096562,0.42,1.07,0.83,-330.67,484.52,-93.04,1.41
1773564813.3016968,1.32,0.79,1.0,40.43,295.54,-353.02,1.84
1773564813.4180334,-0.98,0.18,0.64,-300.99,-252.0,-3.1,1.18
1773564813.518979,0.07,-0.12,1.42,75.47,-118.2,136.32,1.42
1773564813.6261148,0.21,0.07,1.02,-24.0,-110.64,11.45,1.04
1773564813.718115,0.03,0.16,0.78,9.21,-26.12,6.0,0.8
1773564813.8261106,-0.08,0.09,0.89,-14.14,-17.07,-10.89,0.9
1773564813.9290242,-0.16,0.09,1.01,8.41,-20.34,1.17,1.03
1773564814.03724,-0.17,0.07,1.01,-4.03,-51.41,5.22,1.03
0.0,0.0,0.0,0.0,0.0,0.0,0.0,0.0
1773564822.2425203,-0.05,0.61,0.71,-27.56,-3.53,-6.25,0.94
1773564822.344746,-0.0,0.65,0.75,-37.54,5.21,-14.83,0.99
1773564822.4448748,0.01,0.69,0.68,-34.09,24.82,-5.91,0.97
1773564822.54437,-0.08,0.74,0.66,-40.17,23.91,-34.87,1.0
1773564822.6433284,-0.28,0.75,0.62,-24.35,55.42,-38.52,1.01
1773564822.7591662,-0.07,0.88,0.29,44.76,-39.37,124.14,0.93
1773564822.8598518,-0.13,0.6,0.11,131.34,-18.61,152.75,0.62
1773564822.9586177,0.21,-0.02,-0.09,192.79,-108.64,201.86,0.23
1773564823.0667286,0.2,-0.79,1.57,-219.74,214.29,-93.36,1.77
1773564823.1762643,-1.43,2.0,1.87,-501.91,489.97,-372.69,3.09
1773564823.2670012,-0.4,0.59,0.16,287.33,236.56,73.63,0.73
1773564823.379817,-0.45,0.29,-0.2,-232.09,432.9,-215.18,0.57
1773564823.4771748,-0.86,-0.03,1.17,-154.44,-172.75,-42.9,1.45
1773564823.5769136,-0.89,-0.1,0.9,32.72,-77.12,-202.98,1.27
1773564823.676235,-0.51,0.2,0.62,77.37,-144.05,-26.34,0.82
1773564823.7962418,-0.77,0.05,0.7,-13.8,-91.21,12.63,1.04
1773564823.900085,-0.25,0.18,0.75,-17.42,-89.57,12.95,0.81
1773564823.9955556,-0.61,0.05,0.61,-125.27,-35.21,-28.14,0.86
1773564824.1027524,-0.35,0.06,0.88,45.71,-94.98,74.78,0.95
1773564824.2012525,-0.56,0.01,0.85,5.3,-28.31,6.24,1.01
1773564824.3090189,-0.38,0.11,0.85,-1.21,-38.69,34.52,0.93
1773564824.4122927,-0.4,0.08,0.87,-3.4,-19.25,10.12,0.96
1773564824.5122657,-0.34,0.1,0.86,-9.59,-28.82,7.63,0.93
0.0,0.0,0.0,0.0,0.0,0.0,0.0,0.0
1773564833.3074791,0.1,1.0,-0.03,-17.66,-12.64,6.0,1.0
1773564833.375121,0.05,1.01,-0.01,-63.21,-1.77,-25.04,1.01
1773564833.4755032,0.11,1.0,0.01,-39.47,-4.58,13.75,1.01
1773564833.581607,0.03,0.98,-0.0,-52.24,22.29,6.59,0.98
1773564833.6826072,0.05,0.96,0.01,-53.01,35.91,-9.01,0.96
1773564833.7901258,0.04,0.9,0.06,-14.66,55.98,15.57,0.91
1773564833.8816774,0.13,0.85,-0.07,-22.66,122.98,9.11,0.86
1773564833.9940927,0.08,0.83,-0.51,95.47,120.93,90.66,0.97
1773564834.098303,0.22,0.18,-0.38,218.35,174.61,140.59,0.48
1773564834.1931343,0.68,-0.07,1.69,-400.21,-9.65,-50.49,1.82
1773564834.293702,-1.93,2.0,2.0,-149.25,288.34,-408.92,3.43
1773564834.408224,-0.61,0.68,0.74,138.99,245.07,124.3,1.18
1773564834.5071025,0.78,0.71,0.58,33.22,-9.25,130.49,1.2
1773564834.6088717,-0.76,0.62,0.29,-26.02,67.76,-426.44,1.02
1773564834.7195995,-1.3,0.08,0.51,23.62,-46.41,-35.1,1.4
1773564834.8118806,-1.18,-0.25,-0.01,51.57,230.26,-182.32,1.2
1773564834.9239323,-1.07,0.02,-0.3,-9.95,-118.99,125.36,1.11
1773564835.0249133,-0.84,0.33,0.25,-29.36,3.19,133.19,0.94
1773564835.1271696,-0.98,0.41,0.16,-44.43,62.49,30.32,1.07
1773564835.2324808,-0.85,0.45,0.08,28.58,-49.7,50.56,0.96
1773564835.327191,-1.0,0.32,0.11,5.73,25.59,56.93,1.06
0.0,0.0,0.0,0.0,0.0,0.0,0.0,0.0
1773564844.8876402,0.1,0.98,0.18,-17.48,-7.85,8.7,1.0
1773564844.9919071,0.05,1.0,0.12,-19.05,3.28,-11.24,1.0
1773564845.088168,0.0,0.95,0.12,9.27,-1.18,4.99,0.95
1773564845.194897,0.07,1.02,0.03,-32.31,3.63,-17.36,1.02
1773564845.2846308,0.07,0.93,0.1,-33.04,-5.51,-5.3,0.94
1773564845.3959217,0.06,0.97,0.1,-64.75,-7.76,-29.47,0.98
1773564845.4959228,0.05,0.94,0.11,-51.19,-5.86,-19.77,0.95
1773564845.5954394,0.0,0.92,0.19,-19.48,-24.66,0.81,0.94
1773564845.695475,0.02,1.0,0.06,-36.78,64.4,-26.03,1.0
1773564845.8113165,-0.16,1.01,-0.23,9.59,100.66,15.13,1.05
1773564845.9087095,-0.0,0.48,-0.38,54.81,235.86,123.6,0.61
1773564846.004406,0.31,-0.31,0.13,103.21,125.68,242.75,0.46
1773564846.1214168,-0.98,0.69,1.34,-173.83,192.23,-310.31,1.8
1773564846.2266357,0.68,-2.0,2.0,-501.91,-510.57,293.1,2.91
1773564846.326758,0.46,0.52,-0.71,-160.5,489.97,-54.15,0.99
1773564846.4272406,-0.98,0.1,1.39,-171.27,161.53,-213.08,1.71
1773564846.528767,-0.0,-0.0,-0.0,-1.65,-10.31,-1.94,0.0
1773564846.6400473,-0.53,0.02,0.97,15.01,-68.69,42.9,1.11
1773564846.7422223,-0.46,0.45,0.57,-12.61,-78.29,-12.28,0.86
1773564846.8418007,-0.53,0.27,0.97,44.49,-171.57,51.72,1.13
1773564846.9440536,-0.2,0.34,0.78,7.76,-76.14,-50.57,0.87
1773564847.0413778,-0.56,0.35,0.79,-46.09,28.27,-103.33,1.03
1773564847.1430984,-0.39,0.26,0.89,-13.66,-72.73,37.39,1.01
1773564847.256656,-0.02,0.25,0.5,-52.14,-113.24,-96.78,0.56
1773564847.356826,-0.25,0.2,0.82,-3.24,-72.95,61.22,0.88
1773564847.473294,-0.36,0.22,0.78,-14.46,-16.95,9.22,0.89
1773564847.558677,-0.34,0.18,0.76,-17.31,-6.73,47.39,0.85
1773564847.6732645,-0.03,0.1,1.08,26.84,-48.93,50.11,1.09
1773564847.7735295,-0.26,0.17,0.87,-29.88,-38.24,-11.3,0.93
0.0,0.0,0.0,0.0,0.0,0.0,0.0,0.0
1773564854.9035473,0.1,1.01,-0.08,0.67,-17.25,4.64,1.02
1773564854.956143,0.07,0.98,-0.08,-15.77,-9.66,-2.14,0.99
1773564855.0588095,0.07,1.01,-0.07,-19.37,-12.7,-9.3,1.01
1773564855.160879,0.07,0.99,-0.07,-20.18,-23.18,-6.87,1.0
1773564855.2608924,0.05,0.99,-0.04,-37.69,-17.41,-8.49,0.99
1773564855.366984,0.04,1.01,-0.03,-36.03,-22.18,-9.07,1.01
1773564855.472863,0.05,0.98,-0.05,-41.25,-22.79,-10.41,0.99
1773564855.5722468,0.05,1.0,-0.11,-52.35,-56.06,-15.83,1.01
1773564855.674716,0.02,0.96,-0.0,-69.51,55.92,-30.79,0.96
1773564855.7726357,-0.06,0.98,-0.19,7.16,98.95,24.82,1.0
1773564855.888133,-0.06,1.0,-0.39,-37.74,314.84,-3.62,1.07
1773564855.9753983,-0.0,0.32,-0.29,46.55,280.44,133.42,0.43
1773564856.08893,0.26,-0.39,0.3,-134.08,284.69,47.16,0.55
1773564856.191288,-0.81,-0.4,1.55,-47.31,179.86,-320.08,1.8
1773564856.2913578,0.66,-2.0,2.0,-501.91,-510.57,-42.02,2.9
1773564856.3897755,-0.38,0.13,1.05,103.47,-210.12,-198.14,1.13
1773564856.4917626,-0.7,0.67,0.25,-1.6,226.01,-244.99,1.0
1773564856.6068048,-0.77,0.35,0.45,-114.87,135.56,-267.39,0.96
1773564856.7054696,-1.13,0.34,0.73,-50.92,-77.44,-50.08,1.38
1773564856.8054693,-0.9,0.32,0.45,0.55,-44.32,141.3,1.05
1773564856.9219153,-1.15,-0.15,1.12,15.07,125.74,-65.59,1.61
1773564857.0221202,-0.78,0.16,0.39,-35.28,-172.82,-25.08,0.88
1773564857.1246812,-0.59,0.26,0.68,9.02,-101.21,-20.15,0.94
1773564857.2235067,-0.57,0.26,0.77,-35.69,-98.82,9.37,1.0
1773564857.3223498,-0.63,0.2,0.74,-22.52,-75.33,-36.9,1.0
1773564857.4229455,-0.52,0.17,0.8,-11.04,-67.28,-9.44,0.97
1773564857.524993,-0.51,0.17,0.86,-38.53,-81.21,2.21,1.02
0.0,0.0,0.0,0.0,0.0,0.0,0.0,0.0
1773564869.2808008,-0.08,0.98,-0.13,-95.33,45.24,-20.14,0.99
1773564869.3735964,-0.12,0.86,0.04,-126.56,107.24,10.35,0.87
1773564869.4713478,-0.1,0.84,0.39,-198.23,-3.18,-5.68,0.93
1773564869.5875506,-0.0,0.86,0.29,-148.06,-19.53,-33.59,0.91
1773564869.679883,0.0,0.55,-0.03,-241.76,-66.47,57.39,0.55
1773564869.787841,-0.23,0.53,-0.18,-267.56,222.58,-29.94,0.6
1773564869.8888476,0.51,0.28,0.19,-241.5,-64.64,-0.72,0.61
1773564869.9886546,-2.0,0.29,2.0,226.99,-510.57,-502.2,2.84
1773564870.0878656,-0.63,-1.73,1.88,-501.91,438.61,-502.2,2.63
1773564870.2026007,-0.15,-0.5,0.67,75.76,122.38,281.69,0.85
1773564870.3217545,0.02,-0.74,0.51,89.28,263.18,209.31,0.9
1773564870.4131002,-0.77,-0.53,0.7,-82.96,396.78,145.19,1.17
1773564870.5079596,-0.75,-0.43,0.08,-166.95,489.97,125.66,0.87
1773564870.6085985,-0.81,-0.2,-0.14,-122.27,443.13,-109.28,0.85
1773564870.714475,-1.07,-0.11,-0.56,-156.08,160.18,86.73,1.21
1773564870.8213935,-0.85,-0.14,-0.46,-102.89,-34.86,42.5,0.98
1773564870.9219298,-0.79,-0.04,-0.59,-59.08,82.32,23.63,0.99
1773564871.0270207,-0.77,-0.02,-0.71,-83.89,-10.55,84.59,1.05
0.0,0.0,0.0,0.0,0.0,0.0,0.0,0.0
1773564877.0144196,-0.16,1.01,0.02,-5.24,-20.21,-12.43,1.02
1773564877.1177435,-0.09,0.99,-0.03,-0.82,-4.47,-31.08,0.99
1773564877.2237084,-0.01,1.0,-0.01,-3.11,-39.95,-51.63,1.0
1773564877.320295,-0.07,0.93,-0.02,-28.14,-44.29,-53.76,0.93
1773564877.4230807,-0.21,0.86,0.01,-45.62,-23.31,-72.03,0.89
1773564877.536881,-0.4,0.94,0.04,-64.27,12.7,-85.82,1.02
1773564877.6391346,-0.45,0.88,0.16,-61.8,56.66,-81.74,1.0
1773564877.7394807,-0.42,0.75,0.14,-31.92,77.69,-92.72,0.88
1773564877.837663,-0.32,0.66,0.13,-42.98,63.47,-90.66,0.74
1773564877.943105,-0.27,0.59,0.17,-65.85,93.05,-105.41,0.68
1773564878.0527954,-0.24,0.57,0.18,-130.64,56.2,-174.35,0.64
1773564878.1515925,-0.92,0.34,0.5,-164.26,33.62,-184.99,1.1
1773564878.2547562,-1.66,0.17,0.02,-137.01,-108.63,296.81,1.67
1773564878.353531,-0.57,-0.73,-0.61,337.4,113.05,-147.39,1.11
1773564878.4539552,-0.57,-0.42,-0.17,253.42,-73.95,-135.92,0.73
1773564878.5601933,-1.27,0.14,-0.3,30.72,240.49,-70.46,1.31
1773564878.6748748,-1.08,0.1,-0.61,63.82,135.51,-67.31,1.24
1773564878.772729,-0.85,-0.01,-0.55,50.29,62.38,-4.92,1.01
1773564878.87159,-0.84,0.08,-0.61,42.55,13.66,-38.05,1.04
1773564878.970408,-0.9,-0.06,-0.63,29.95,-20.43,-3.41,1.1
0.0,0.0,0.0,0.0,0.0,0.0,0.0,0.0
1773564885.1090653,-0.13,1.01,0.06,-7.44,-8.84,-34.25,1.02
1773564885.203548,-0.04,1.0,0.02,-8.67,-40.46,-59.37,1.0
1773564885.3027456,-0.06,0.98,0.05,-20.78,-36.78,-69.36,0.98
1773564885.4036005,-0.17,0.97,0.03,-15.86,-23.73,-75.04,0.99
1773564885.519296,-0.27,0.91,0.03,-18.27,-9.82,-59.97,0.95
1773564885.622028,-0.39,0.87,0.08,-30.15,24.63,-75.34,0.96
1773564885.720344,-0.3,0.84,0.05,-18.06,44.32,-74.98,0.89
1773564885.819286,-0.2,0.73,0.02,-34.23,51.53,-114.81,0.75
1773564885.9202404,-0.17,0.65,0.08,-144.95,75.08,-202.84,0.68
1773564886.0202253,-0.74,0.82,0.19,-162.73,137.07,-178.86,1.12
1773564886.1439767,-1.59,1.91,-0.78,180.15,-117.15,-71.91,2.6
1773564886.236658,-0.32,0.58,0.27,272.81,-136.31,-452.84,0.72
1773564886.3350391,-2.0,-1.16,0.19,498.63,390.66,150.67,2.32
1773564886.451609,-0.53,-1.1,-0.63,11.82,-161.45,-397.15,1.37
1773564886.5525978,-0.83,-0.52,-0.16,-171.08,60.46,-157.74,0.99
1773564886.6459658,-1.14,-0.38,-0.73,-29.45,228.78,-6.89,1.41
1773564886.7535956,-0.83,-0.17,-0.45,-22.5,-6.7,77.92,0.96
1773564886.854047,-0.68,-0.21,-0.73,61.13,16.17,26.47,1.02
1773564886.952578,-0.79,-0.13,-0.67,33.33,-65.08,33.88,1.04
1773564887.0692186,-0.8,-0.17,-0.67,58.49,-90.53,25.31,1.06
1773564887.1717083,-0.83,-0.31,-0.35,51.69,-73.88,50.29,0.96
1773564887.2692733,-0.95,-0.2,-0.26,9.62,-165.51,37.14,1.0
0.0,0.0,0.0,0.0,0.0,0.0,0.0,0.0
1773564892.0724795,-0.04,1.0,-0.06,-36.73,-27.45,-51.54,1.0
1773564892.1825726,-0.05,1.0,0.03,-44.79,-42.93,-54.0,1.01
1773564892.2875369,-0.04,0.98,0.02,-35.3,-38.32,-62.21,0.98
1773564892.388518,-0.1,0.95,0.02,-19.28,-19.71,-78.47,0.95
1773564892.5018485,-0.25,0.88,-0.01,-35.44,4.69,-91.68,0.92
1773564892.5884056,-0.32,0.88,0.01,-48.81,26.37,-91.59,0.94
1773564892.6990738,-0.41,0.79,0.08,-30.03,67.71,-96.06,0.89
1773564892.800492,-0.31,0.71,0.11,-17.54,81.48,-77.21,0.78
1773564892.8946767,-0.2,0.68,0.15,-10.55,85.82,-112.81,0.72
1773564893.014248,-0.31,0.79,0.1,-85.8,40.73,-164.93,0.86
1773564893.1147182,-1.18,2.0,-0.94,30.55,36.2,-109.19,2.5
1773564893.2192714,-1.29,1.08,-0.67,130.98,-190.76,-502.2,1.81
1773564893.318459,-1.91,-1.89,-0.7,436.84,416.7,-502.2,2.78
1773564893.418438,-0.82,-0.26,-0.46,-35.42,98.85,-72.76,0.98
1773564893.5170517,-0.47,0.08,-0.27,55.71,-98.17,-85.01,0.55
1773564893.620343,-1.33,-0.11,-0.79,58.03,164.47,-90.6,1.55
1773564893.736031,-0.87,-0.13,-0.49,0.03,1.3,26.18,1.01
1773564893.839928,-0.78,-0.12,-0.59,38.2,19.42,72.26,0.98
0.0,0.0,0.0,0.0,0.0,0.0,0.0,0.0
1773564904.16099,-0.07,1.02,-0.09,-15.05,-5.73,-5.54,1.02
1773564904.193213,-0.16,0.99,-0.13,-31.1,-25.36,11.53,1.01
1773564904.373381,-0.18,0.96,-0.05,-65.97,-39.3,36.03,0.98
1773564904.3974004,-0.1,0.88,0.04,-76.37,-41.57,26.09,0.89
1773564904.567386,-0.01,0.89,0.13,-79.08,-56.41,3.83,0.9
1773564904.600919,0.05,0.89,0.25,-84.95,-135.82,-22.79,0.93
1773564904.7826445,0.03,0.91,0.31,-39.91,-173.59,-7.54,0.96
1773564904.8113155,-0.07,0.72,0.37,0.55,-195.02,43.98,0.81
1773564904.9826496,-0.12,0.5,0.31,-62.35,-202.43,68.72,0.6
1773564905.0194485,0.16,0.64,0.29,-87.5,-290.17,75.46,0.72
1773564905.1918428,0.86,2.0,-1.04,-39.24,-270.38,321.3,2.41
1773564905.217907,-0.01,0.34,1.04,51.56,-191.95,417.25,1.09
1773564905.3836403,0.5,0.52,0.14,374.93,-297.04,241.19,0.74
1773564905.4244845,1.13,-1.41,-0.55,386.0,195.08,-48.05,1.89
1773564905.6003325,1.39,-0.19,-0.53,93.22,63.39,99.75,1.5
1773564905.6367657,1.07,-0.22,-0.44,16.81,-88.32,109.43,1.18
1773564905.7336268,0.97,0.04,-0.8,3.48,-56.53,-107.82,1.26
1773564905.8450007,0.73,0.3,-0.7,-55.08,-1.92,-93.34,1.06
1773564905.936013,0.73,0.3,-0.46,-4.41,2.92,36.61,0.91
1773564906.0336616,0.86,0.21,-0.5,-3.62,61.76,73.1,1.02
1773564906.1514993,0.96,0.07,-0.25,31.27,69.71,98.09,0.99
1773564906.2502744,1.12,0.08,-0.15,1.74,39.37,77.16,1.14
1773564906.3502424,1.08,-0.02,-0.13,6.52,-15.31,31.62,1.09
1773564906.451979,0.93,-0.01,-0.19,37.86,-19.45,-6.81,0.95
1773564906.550262,1.0,-0.08,-0.33,-28.02,-29.76,18.29,1.05
1773564906.6669784,1.01,-0.13,-0.3,-2.11,-7.76,-26.7,1.06
0.0,0.0,0.0,0.0,0.0,0.0,0.0,0.0
1773564911.5419807,-0.12,0.96,0.07,-30.47,-10.32,14.38,0.97
1773564911.5664048,-0.16,0.99,-0.11,-54.37,-13.19,19.69,1.01
1773564911.7330916,-0.16,0.94,-0.05,-62.78,-19.36,36.09,0.95
1773564911.7679448,-0.05,0.88,0.06,-78.32,-50.89,22.72,0.88
1773564911.9485874,0.03,0.96,0.26,-109.98,-100.5,-25.86,0.99
1773564911.974122,0.1,0.87,0.32,-81.71,-189.95,-32.49,0.93
1773564912.1551666,-0.03,0.91,0.28,-38.02,-211.12,2.43,0.95
1773564912.1829305,-0.1,0.92,0.43,-15.11,-167.53,11.79,1.02
1773564912.3484228,-0.06,0.75,0.42,-12.15,-152.46,-20.26,0.86
1773564912.389083,-0.03,0.51,0.23,-145.69,-247.42,-226.89,0.56
1773564912.566374,-0.32,1.21,1.12,103.63,-151.02,-19.39,1.68
1773564912.595296,-0.5,1.09,0.72,249.07,-41.37,142.75,1.4
1773564912.7684915,0.75,2.0,-1.88,446.17,8.11,215.36,2.84
1773564912.8022518,0.44,-0.13,-0.52,350.31,23.34,418.27,0.69
1773564912.9701092,1.23,-0.0,-0.87,144.24,232.78,-74.29,1.51
1773564913.0026417,1.05,0.08,-0.12,-65.48,118.35,82.15,1.06
1773564913.177153,0.89,0.63,-0.28,59.56,-71.59,-195.56,1.13
1773564913.2192,0.69,0.56,-0.37,-2.82,46.09,-190.6,0.96
1773564913.3161955,0.54,0.77,-0.49,47.6,66.64,-94.75,1.06
1773564913.4197817,0.61,0.63,-0.46,-60.14,-21.3,-51.45,0.99
1773564913.5189035,0.68,0.61,-0.23,-103.54,-36.06,-60.06,0.94
1773564913.618141,0.54,0.73,-0.1,-150.24,-21.68,-80.69,0.91
1773564913.7172115,0.5,0.95,-0.03,-109.57,-15.15,-147.99,1.07
1773564913.8331716,0.41,0.96,0.23,-210.14,32.23,-118.32,1.07
1773564913.9334188,0.52,1.15,0.39,-101.36,17.94,24.59,1.32
1773564914.0337262,0.52,0.85,0.32,-36.46,-23.86,-4.5,1.05
1773564914.1349435,0.52,0.96,0.3,-33.01,-62.44,-107.47,1.13
1773564914.2391946,0.32,0.76,0.18,-28.27,-142.89,-106.78,0.84
1773564914.3338678,0.19,0.9,0.32,-49.07,-79.66,-41.28,0.98
0.0,0.0,0.0,0.0,0.0,0.0,0.0,0.0
1773564975.9443438,0.08,-0.95,0.04,22.21,-3.95,-20.72,0.95
1773564976.0280526,0.09,-1.0,0.05,17.01,-14.73,8.26,1.0
1773564976.1286705,0.14,-1.01,0.06,1.89,-15.41,14.87,1.02
1773564976.2276578,0.16,-1.0,0.04,-15.85,-26.99,39.86,1.01
1773564976.328688,0.13,-0.95,0.06,-25.45,-34.53,38.52,0.96
1773564976.4309988,0.08,-0.92,-0.02,-18.9,-29.21,49.5,0.93
1773564976.5303197,-0.06,-0.94,-0.01,20.61,-18.61,67.46,0.94
1773564976.6441803,-0.22,-0.99,0.06,24.7,-17.13,74.93,1.02
1773564976.7484255,-0.22,-0.97,0.04,11.92,-35.39,91.08,1.0
1773564976.8446424,-0.26,-0.94,0.05,-19.51,13.57,65.94,0.98
1773564976.9476051,-0.22,-0.89,0.01,-3.4,17.66,59.95,0.92
1773564977.0526073,-0.1,-0.78,-0.02,5.73,12.73,58.29,0.79
1773564977.1505806,-0.06,-0.62,0.07,17.48,32.24,92.08,0.63
1773564977.2600574,-0.11,-0.36,0.04,15.63,3.45,86.44,0.38
1773564977.3608794,-0.7,-0.32,0.21,-5.59,100.67,169.88,0.8
1773564977.46489,-2.0,-2.0,2.0,498.63,-325.83,-157.54,3.46
1773564977.5684836,-1.86,-0.98,0.27,-157.15,21.45,206.75,2.12
1773564977.6691098,-1.26,-0.75,0.27,-95.24,238.79,39.94,1.49
1773564977.769652,-0.82,-0.38,-0.08,-26.34,181.11,128.81,0.91
1773564977.8792565,-0.88,-0.31,0.02,-10.52,155.18,-52.99,0.93
1773564977.9799123,-0.89,-0.34,-0.29,-17.25,72.0,-27.65,1.0
1773564978.0839922,-0.64,-0.52,-0.45,173.95,-6.41,-48.58,0.94
1773564978.1801226,-0.76,-0.75,-0.12,111.76,20.21,-140.55,1.07
1773564978.2946205,-1.04,-0.6,0.36,-52.75,36.2,-137.22,1.26
1773564978.3951883,-0.63,-0.66,0.16,-34.11,-16.38,-64.99,0.92
1773564978.4941444,-0.59,-0.68,-0.15,-61.05,67.92,-71.8,0.91
1773564978.5931473,-0.73,-0.61,-0.28,40.23,9.37,-8.35,0.99
1773564978.7020094,-0.69,-0.71,-0.23,13.92,-2.75,13.37,1.01
1773564978.796861,-0.77,-0.75,-0.13,-28.29,-17.21,6.66,1.08
0.0,0.0,0.0,0.0,0.0,0.0,0.0,0.0
1773564987.6263485,0.1,-0.93,0.07,-30.99,-18.2,3.02,0.94
1773564987.6939087,0.14,-0.95,0.03,-13.94,-12.35,15.05,0.96
1773564987.785172,0.09,-0.98,0.07,-15.22,-4.58,17.62,0.98
1773564987.89315,0.0,-1.02,0.04,-30.03,16.0,7.42,1.02
1773564988.0108106,0.02,-0.88,0.01,-23.8,9.8,20.43,0.88
1773564988.0964408,0.05,-0.97,-0.02,-30.69,11.36,69.14,0.97
1773564988.2125638,-0.05,-0.99,0.05,23.21,-27.63,43.75,0.99
1773564988.313174,-0.08,-1.0,0.05,-34.87,-11.65,59.37,1.0
1773564988.4121983,-0.15,-0.92,-0.0,-13.69,-20.11,50.41,0.93
1773564988.5122838,-0.14,-0.92,-0.0,-42.03,6.46,71.8,0.93
1773564988.6149662,-0.11,-0.77,-0.04,-24.95,9.48,64.85,0.78
1773564988.7207224,-0.03,-0.58,0.03,12.03,14.63,72.41,0.58
1773564988.827434,0.05,-0.46,-0.0,146.35,-47.07,88.15,0.47
1773564988.9280496,-0.28,-0.88,-0.05,-2.5,71.79,171.85,0.93
1773564989.0275948,-1.29,0.02,0.72,454.67,-128.57,199.01,1.48
1773564989.1343424,-1.19,-1.01,0.38,12.81,160.67,-14.9,1.6
1773564989.2305236,-1.61,0.13,-0.3,-122.11,209.77,439.16,1.64
1773564989.344062,-1.36,0.21,-0.19,0.52,50.53,80.49,1.39
1773564989.4478197,-0.87,-0.02,-0.29,5.63,97.28,-12.2,0.92
1773564989.54348,-0.97,-0.18,-0.38,-75.04,87.88,-39.83,1.06
1773564989.644621,-0.76,-0.15,-0.54,64.03,-29.24,-52.21,0.95
1773564989.7466214,-0.72,-0.39,-0.31,39.54,-12.72,-31.74,0.87
1773564989.85966,-0.86,-0.44,-0.28,45.63,-85.86,0.21,1.01
1773564989.9616213,-0.97,-0.3,-0.24,17.89,-120.43,-45.42,1.05
1773564990.0679183,-1.03,-0.5,-0.13,5.01,-29.73,-65.48,1.15
1773564990.17301,-0.89,-0.66,0.09,35.53,-70.53,-39.92,1.11
1773564990.2665813,-0.68,-0.38,0.02,126.7,-211.65,-67.96,0.78
1773564990.371525,-0.65,-0.54,0.16,12.89,-98.67,-20.26,0.86
1773564990.47644,-0.9,-0.69,0.38,26.67,-100.2,-74.31,1.19
1773564990.5779135,-0.66,-0.61,0.19,39.94,-121.57,-53.54,0.91
1773564990.692942,-0.47,-0.8,0.21,-6.89,-50.2,13.75,0.95
1773564990.7929058,-0.32,-0.56,0.33,74.24,-91.45,-23.51,0.73
1773564990.8928878,-0.57,-0.74,0.69,-28.38,-74.84,-54.06,1.17
1773564990.9928875,-0.5,-0.73,0.48,-26.21,-11.74,-60.14,1.01
1773564991.0937915,-0.48,-0.65,0.47,73.8,-46.93,-87.66,0.94
1773564991.1900554,-0.45,-0.66,0.41,-79.63,91.97,-11.07,0.9
1773564991.2964044,-0.29,-0.63,0.41,22.24,46.23,-28.02,0.81
1773564991.4071865,-0.48,-0.72,0.49,-27.92,77.89,-40.93,0.99
1773564991.5095131,-0.43,-0.77,0.39,-20.7,34.47,-59.74,0.96
1773564991.6094854,-0.39,-0.78,0.31,3.77,19.53,-98.32,0.92
1773564991.7134483,-0.4,-0.93,0.34,76.96,-25.99,-137.5,1.06
1773564991.811242,-0.35,-1.06,0.53,36.95,-42.26,-126.89,1.23
1773564991.9267266,-0.21,-1.06,0.9,38.66,-61.41,-121.65,1.41
1773564992.0181725,-0.03,-0.75,0.98,-65.4,-37.56,-79.48,1.23
1773564992.1361084,-0.1,-0.73,0.75,-27.33,-39.83,-51.66,1.05
1773564992.238182,-0.11,-0.69,0.37,-84.12,8.5,-53.74,0.79
1773564992.3361783,0.27,-0.81,0.11,-27.79,-8.75,8.32,0.86
1773564992.4436083,0.29,-0.8,0.29,-40.96,55.24,-5.94,0.9
1773564992.5434089,0.19,-0.94,0.19,-0.93,15.28,10.2,0.98
1773564992.6427336,0.17,-0.98,0.19,-4.23,51.31,15.43,1.01
1773564992.7532334,0.12,-0.79,0.25,-29.33,2.52,19.22,0.84
1773564992.8457048,0.06,-0.75,0.29,-0.06,-61.37,27.6,0.8
0.0,0.0,0.0,0.0,0.0,0.0,0.0,0.0
1773564996.6255977,0.05,-0.92,-0.0,-25.05,-15.83,4.23,0.92
1773564996.7095428,0.07,-0.99,-0.0,-7.16,0.34,16.82,1.0
1773564996.8161128,0.04,-0.98,0.01,-1.42,2.41,22.03,0.98
1773564996.920233,0.01,-0.98,0.03,-5.42,-3.94,36.21,0.98
1773564997.0110717,-0.03,-0.97,0.03,-20.93,-2.95,45.11,0.97
1773564997.112229,-0.09,-0.98,-0.03,-18.35,-10.26,47.69,0.99
1773564997.227347,-0.08,-0.97,-0.02,0.09,-13.22,37.79,0.98
1773564997.327979,-0.09,-0.95,-0.01,-13.62,-5.24,42.53,0.96
1773564997.437466,-0.09,-0.87,-0.01,-13.25,2.0,53.66,0.87
1773564997.5272498,-0.1,-0.64,0.03,-28.0,12.82,64.2,0.65
1773564997.6282794,-0.1,-0.45,0.07,-7.13,-4.98,83.72,0.46
1773564997.743944,-0.21,-0.76,0.27,37.74,66.49,72.98,0.83
1773564997.86017,-0.41,-1.44,-0.14,4.47,-93.21,290.29,1.5
1773564997.9520266,0.4,-0.46,-1.2,308.4,-143.16,441.71,1.35
1773564998.045308,-1.63,0.15,0.13,-273.71,426.56,-141.31,1.65
1773564998.1603923,-1.1,0.3,-0.58,212.34,-128.84,369.63,1.28
1773564998.2606466,-0.71,-0.23,-0.69,52.79,73.71,59.62,1.02
1773564998.362359,-0.84,-0.12,-0.29,-103.1,65.62,-91.3,0.89
1773564998.4689755,-0.77,-0.19,-0.62,-73.01,-4.96,-17.59,1.01
1773564998.5612702,-0.98,-0.38,-0.32,-41.16,-4.06,-86.32,1.1
1773564998.675361,-0.88,-0.41,-0.36,-20.95,-70.43,-9.41,1.03
1773564998.7754333,-0.95,-0.48,-0.21,22.27,-33.95,-33.66,1.08
1773564998.875512,-1.01,-0.36,-0.19,-13.97,-20.58,-12.47,1.09
1773564998.9756274,-0.9,-0.41,-0.3,4.35,2.35,3.85,1.03
0.0,0.0,0.0,0.0,0.0,0.0,0.0,0.0
1773565006.7928162,0.15,-0.95,0.04,-8.32,13.68,-9.89,0.96
1773565006.9011312,0.08,-0.95,0.02,-6.38,10.14,14.93,0.96
1773565007.0074615,0.04,-1.0,0.02,-3.91,6.53,25.27,1.0
1773565007.108009,-0.01,-0.97,0.04,-12.31,2.41,29.97,0.97
1773565007.209562,-0.02,-0.98,-0.02,-14.82,-7.89,45.3,0.98
1773565007.3164833,-0.03,-0.99,-0.02,-29.89,-3.08,54.21,0.99
1773565007.4102564,-0.04,-0.96,-0.0,-24.2,-2.23,51.56,0.96
1773565007.525009,-0.04,-0.88,-0.03,-19.63,-6.69,61.53,0.88
1773565007.625842,-0.08,-0.85,-0.02,-29.39,26.63,71.5,0.85
1773565007.7259758,0.03,-0.69,-0.03,36.89,-4.81,83.62,0.7
1773565007.8336663,-0.05,-0.53,0.01,49.47,7.85,61.21,0.53
1773565007.9244282,-0.17,-0.54,0.17,-34.55,130.84,101.37,0.59
1773565008.0291295,0.91,-2.0,-0.54,498.63,417.51,256.79,2.26
1773565008.141182,-0.51,-0.87,0.09,-209.5,81.88,116.01,1.01
1773565008.2469962,-2.0,-0.25,-0.24,-147.79,26.01,88.04,2.03
1773565008.34298,-1.12,-0.21,-0.7,91.91,147.39,196.24,1.34
1773565008.4421802,-0.94,-0.51,-0.13,-32.35,200.69,-4.47,1.08
1773565008.558312,-0.87,-0.32,-0.31,0.23,25.71,-105.68,0.98
1773565008.6584098,-0.9,-0.32,-0.27,-96.7,-55.92,-81.71,0.99
1773565008.7606697,-0.79,-0.52,-0.38,-30.52,-64.67,-27.24,1.02
1773565008.8589792,-0.94,-0.72,-0.19,34.6,-44.67,61.92,1.2
1773565008.9649343,-0.74,-0.53,-0.3,27.27,32.92,-33.24,0.96
1773565009.0649805,-0.81,-0.6,-0.29,4.79,-8.0,9.69,1.05
1773565009.1744697,-0.8,-0.56,-0.33,-19.91,-21.88,7.16,1.03
1773565009.2749174,-0.85,-0.57,-0.32,-51.66,-21.68,-14.96,1.07
0.0,0.0,0.0,0.0,0.0,0.0,0.0,0.0
1773565018.2551267,0.11,-0.94,0.13,-2.5,-10.66,-14.26,0.95
1773565018.3576102,0.11,-0.95,0.12,-6.18,-20.09,27.3,0.96
1773565018.4592862,0.05,-0.96,0.14,8.24,-16.06,12.01,0.97
1773565018.5582085,0.02,-0.97,0.14,-2.75,-6.12,29.46,0.98
1773565018.661712,-0.03,-0.97,0.09,-30.03,10.29,44.38,0.98
1773565018.7731378,-0.07,-0.98,0.1,-9.74,2.14,24.84,0.99
1773565018.867569,-0.05,-0.97,0.09,-7.3,3.95,30.27,0.97
1773565018.9740305,-0.07,-0.96,0.12,-7.94,-3.8,46.59,0.97
1773565019.0740654,-0.1,-0.94,0.11,-9.05,-20.52,62.87,0.95
1773565019.1802166,-0.19,-0.95,0.11,-38.37,-8.84,73.04,0.98
1773565019.2901742,-0.17,-0.88,0.06,-3.02,-9.28,62.92,0.9
1773565019.386927,-0.19,-0.86,0.03,-43.74,31.68,82.06,0.88
1773565019.4912057,-0.19,-0.68,-0.01,-16.5,41.86,58.58,0.71
1773565019.5954337,-0.1,-0.47,-0.04,16.85,58.66,82.85,0.48
1773565019.690956,0.06,-0.5,0.06,117.63,85.1,112.67,0.51
1773565019.79844,-0.73,-1.02,0.03,-98.32,38.61,212.87,1.26
1773565019.9039004,-1.26,-1.1,-1.0,498.63,-431.92,-147.02,1.95
1773565020.00998,-2.0,-0.82,-0.31,-70.87,64.5,194.11,2.18
1773565020.1091692,-1.71,-0.18,-0.22,-12.82,38.72,140.98,1.74
1773565020.2100875,-1.0,-0.23,-0.11,17.63,13.76,20.43,1.03
1773565020.3192973,-0.98,-0.31,-0.06,-53.86,68.7,-68.6,1.03
1773565020.4234724,-0.96,-0.29,-0.2,-95.21,-7.51,-31.16,1.02
1773565020.5254931,-0.89,-0.37,-0.11,-35.18,28.53,-52.31,0.97
1773565020.6306858,-0.8,-0.64,-0.24,57.6,39.83,-88.7,1.05
1773565020.7243786,-0.92,-0.6,-0.07,96.5,46.03,-101.08,1.1
1773565020.8357022,-0.88,-0.58,-0.11,-10.93,75.07,-86.18,1.06
1773565020.9481804,-0.75,-0.6,-0.33,-12.73,50.26,-74.38,1.01
1773565021.0368087,-0.64,-0.69,-0.33,43.14,32.93,-80.41,1.0
1773565021.145743,-0.56,-0.73,-0.4,-33.77,55.05,-53.27,1.0
0.0,0.0,0.0,0.0,0.0,0.0,0.0,0.0
1773565029.294308,0.01,-0.88,0.35,-17.91,5.07,14.75,0.95
1773565029.3494928,-0.04,-0.88,0.35,-30.93,2.14,13.63,0.95
1773565029.442756,-0.07,-0.91,0.33,-38.32,9.42,17.8,0.97
1773565029.5463867,-0.1,-0.94,0.29,-42.78,19.51,19.11,0.99
1773565029.6582346,-0.07,-0.92,0.25,-37.42,16.21,30.69,0.95
1773565029.7626946,-0.1,-0.95,0.26,-29.19,11.71,51.1,0.99
1773565029.8652537,-0.13,-0.88,0.26,-33.16,-1.33,65.95,0.93
1773565029.9627657,-0.19,-0.88,0.19,-50.32,10.18,87.79,0.92
1773565030.072847,-0.21,-0.86,0.14,-31.66,5.45,94.34,0.89
1773565030.1729743,-0.28,-0.86,0.16,-18.7,2.0,87.51,0.91
1773565030.2771149,-0.18,-0.59,0.13,-24.89,-22.84,71.5,0.63
1773565030.3781838,-0.24,-0.48,0.13,30.93,-17.79,58.93,0.55
1773565030.4849715,-0.1,-0.28,0.41,164.26,-68.99,39.37,0.51
1773565030.582204,-0.72,-1.08,0.53,111.24,-21.95,152.93,1.41
1773565030.68037,-0.63,0.19,0.77,498.63,-299.71,-198.49,1.01
1773565030.7891858,-1.31,-0.72,0.37,-277.05,341.34,218.93,1.54
1773565030.8960285,-1.3,-0.4,0.24,-362.67,379.56,24.61,1.38
1773565030.9948385,-0.57,-0.35,-0.46,-172.81,117.39,50.92,0.81
1773565031.1052315,-0.77,-0.34,-0.32,-74.09,68.56,25.57,0.9
1773565031.207294,-0.75,-0.54,-0.55,0.73,-24.28,-60.03,1.07
1773565031.3130026,-0.64,-0.57,-0.43,-81.68,-8.31,-20.25,0.95
1773565031.4121044,-0.71,-0.7,-0.33,31.89,-11.47,-12.72,1.05
1773565031.5142574,-0.7,-0.81,-0.14,82.7,41.95,-14.98,1.08
1773565031.624657,-0.73,-0.56,-0.06,31.19,-6.93,-10.46,0.92
0.0,0.0,0.0,0.0,0.0,0.0,0.0,0.0
1773565044.3600526,-0.06,-0.92,0.42,-7.65,4.14,21.31,1.01
1773565044.4662175,0.09,-0.93,0.41,-9.24,-41.86,71.05,1.02
1773565044.5732162,0.07,-0.9,0.23,-16.7,-44.9,64.21,0.93
1773565044.6803102,0.02,-0.91,0.34,-22.69,-41.51,17.08,0.97
1773565044.7762094,0.09,-0.92,0.24,-3.89,-2.96,10.85,0.96
1773565044.8776152,-0.04,-0.9,0.24,-24.9,9.6,12.27,0.93
1773565044.9823585,-0.04,-0.91,0.19,-11.57,22.72,27.14,0.93
1773565045.0836573,-0.11,-0.92,0.23,12.69,14.92,19.53,0.96
1773565045.1884196,-0.16,-0.91,0.28,12.41,43.39,26.53,0.96
1773565045.2889328,-0.12,-0.87,0.2,-18.76,23.34,83.08,0.91
1773565045.3889472,-0.15,-0.88,0.22,-41.76,41.59,84.61,0.92
1773565045.5047324,-0.18,-0.84,0.24,-52.76,54.46,77.3,0.89
1773565045.5995324,-0.12,-0.65,0.1,-43.16,51.13,46.75,0.67
1773565045.704398,0.07,-0.35,0.14,11.83,55.5,55.27,0.38
1773565045.8102677,-0.52,-0.77,0.24,-50.23,67.22,84.08,0.96
1773565045.912786,-2.0,-0.62,0.87,29.65,-17.25,149.17,2.27
1773565046.0120056,-1.56,-0.34,0.25,-142.08,168.72,-152.93,1.62
1773565046.1219027,-1.59,-0.18,-1.17,-253.83,260.67,270.4,1.98
1773565046.2051554,-0.48,0.18,-0.7,136.18,77.05,24.58,0.87
1773565046.3216262,-0.77,-0.27,-0.55,13.08,134.55,-22.44,0.98
1773565046.4208477,-0.79,-0.37,-0.49,109.8,-49.15,-11.16,1.0
1773565046.5271382,-0.83,-0.5,-0.5,-64.46,-4.66,-18.03,1.09
1773565046.6372142,-0.74,-0.65,-0.46,41.65,-73.5,-17.3,1.09
1773565046.7368538,-0.74,-0.52,-0.27,-5.47,-47.42,33.77,0.94
1773565046.8375208,-0.85,-0.58,-0.26,27.95,-49.19,16.35,1.06
0.0,0.0,0.0,0.0,0.0,0.0,0.0,0.0
1773565053.722541,0.05,-0.86,0.41,0.02,-7.86,18.43,0.95
1773565053.8290594,0.07,-0.9,0.35,-37.59,-2.2,46.82,0.96
1773565053.9357214,-0.01,-0.94,0.32,-36.87,10.06,22.34,0.99
1773565054.0308387,-0.01,-0.93,0.23,-32.05,8.44,17.5,0.95
1773565054.1412694,-0.1,-0.95,0.2,-36.44,13.02,23.74,0.98
1773565054.2414644,-0.18,-0.93,0.23,-31.54,2.64,41.86,0.97
1773565054.352317,-0.17,-0.89,0.18,-11.66,1.74,59.16,0.92
1773565054.4521558,-0.18,-0.91,0.2,-15.11,22.99,64.78,0.94
1773565054.5522585,-0.22,-0.83,0.16,7.24,42.59,49.68,0.88
1773565054.665547,0.11,-0.68,0.02,52.69,94.2,82.15,0.69
1773565054.7598538,-0.06,-0.6,0.11,78.7,2.11,141.24,0.61
1773565054.8655386,-0.09,-0.44,0.06,-39.71,90.49,120.84,0.45
1773565054.9688632,-0.82,-0.59,0.18,77.1,141.37,120.99,1.02
1773565055.068804,-1.55,-2.0,0.11,-58.6,-510.57,-35.89,2.53
1773565055.1854494,-2.0,0.23,1.01,-154.53,17.36,209.89,2.25
1773565055.285742,-1.28,-0.61,0.16,29.36,139.02,118.21,1.43
1773565055.382622,-1.53,-0.09,0.03,-22.92,50.59,2.59,1.53
1773565055.485844,-0.94,-0.16,-0.22,-86.02,117.77,9.3,0.97
1773565055.5908484,-0.97,-0.24,-0.16,-2.53,166.58,-89.76,1.01
1773565055.6925292,-0.94,-0.44,-0.07,-24.27,108.63,-121.22,1.04
1773565055.8087554,-0.9,-0.42,-0.09,11.37,47.05,-97.57,1.0
1773565055.9063897,-0.79,-0.57,-0.12,1.83,23.6,-69.62,0.98
1773565056.0083866,-0.8,-0.57,-0.21,-50.23,23.98,-38.87,1.0
1773565056.1225374,-0.76,-0.5,-0.36,-34.79,8.03,-49.57,0.98
1773565056.2110517,-0.82,-0.49,-0.42,-56.21,25.08,-46.31,1.04
1773565056.31453,-0.66,-0.55,-0.47,-30.0,0.01,-31.13,0.98
0.0,0.0,0.0,0.0,0.0,0.0,0.0,0.0
1773565079.7023685,0.19,-0.94,0.0,-4.31,-24.6,-16.41,0.95
1773565079.8092449,0.15,-0.99,-0.04,-4.64,-15.44,-4.93,1.01
1773565079.91424,0.14,-0.95,-0.0,20.72,-17.5,-20.58,0.96
1773565080.0179667,0.16,-0.96,-0.01,3.04,-10.44,-16.99,0.97
1773565080.1702952,0.16,-0.94,0.0,7.91,-8.9,-18.46,0.96
1773565080.2279372,0.13,-0.93,-0.0,15.18,-2.49,-34.29,0.94
1773565080.3308306,0.08,-0.77,0.01,18.09,2.24,-46.93,0.77
1773565080.4349012,-0.01,-0.67,0.08,50.05,6.88,-50.61,0.67
1773565080.534005,-0.06,-0.55,0.03,91.88,-13.18,-74.2,0.56
1773565080.6384802,0.11,-0.71,0.24,125.45,-94.61,-47.15,0.76
1773565080.7403932,1.7,-1.83,-1.05,201.45,-151.73,122.37,2.71
1773565080.842742,0.55,-0.85,0.28,226.4,18.76,-81.89,1.05
1773565080.933409,-0.81,0.11,2.0,-152.76,-32.28,187.07,2.16
1773565081.0461807,0.71,-0.28,1.01,-110.99,-223.45,-452.7,1.26
1773565081.1513505,1.12,-0.52,0.12,34.11,-82.15,-119.47,1.24
1773565081.2662444,0.53,-0.49,0.17,13.16,-156.35,-240.31,0.74
1773565081.3556287,1.11,-0.35,0.23,55.97,-136.02,-200.28,1.19
1773565081.4629505,1.07,-0.32,0.29,37.8,-16.23,-42.26,1.16
1773565081.5729122,0.94,-0.29,0.24,-1.89,-103.22,-52.89,1.02
1773565081.6686652,0.89,-0.22,0.49,39.5,-89.02,16.56,1.04
0.0,0.0,0.0,0.0,0.0,0.0,0.0,0.0
1773565105.3821733,-0.08,-0.99,-0.06,3.11,-3.5,3.42,0.99
1773565105.4881735,-0.05,-0.99,-0.1,1.54,-19.27,-10.49,1.0
1773565105.5864174,0.01,-0.99,-0.06,23.13,-11.77,-40.35,1.0
1773565105.68734,0.07,-0.98,0.0,39.89,-24.6,-59.94,0.98
1773565105.7964702,0.09,-0.94,0.01,20.66,-7.59,-51.62,0.94
1773565105.900481,0.08,-0.94,0.03,27.24,6.93,-51.53,0.94
1773565105.9995308,0.11,-0.92,0.08,36.85,8.34,-50.49,0.93
1773565106.0994294,0.12,-0.86,0.06,40.85,-0.24,-53.56,0.87
1773565106.2097137,0.0,-0.66,0.05,68.61,2.29,-70.78,0.66
1773565106.313975,-0.05,-0.25,0.06,123.77,-83.39,-52.79,0.26
1773565106.417928,0.01,-0.38,0.12,192.06,-155.39,-16.2,0.4
1773565106.5208008,1.06,-1.26,0.82,47.11,-217.92,149.24,1.84
1773565106.6198626,2.0,-2.0,0.59,498.63,359.85,-124.87,2.89
1773565106.7192469,1.36,-1.43,-1.19,83.36,246.34,269.5,2.3
1773565106.8296857,1.24,0.03,-0.09,-17.51,55.13,-19.66,1.25
1773565106.9331632,0.77,-0.78,0.22,-33.25,-144.34,-20.38,1.12
1773565107.0345793,0.84,-0.32,-0.11,-28.64,-131.82,-168.21,0.91
1773565107.1321876,0.84,-0.49,0.01,4.09,-21.6,-82.47,0.97
1773565107.2393672,0.8,-0.53,0.1,-4.05,56.98,-43.56,0.96
1773565107.3540976,0.71,-0.57,0.32,31.79,10.88,-32.9,0.96
1773565107.4484818,0.84,-0.36,0.45,68.92,49.54,-29.24,1.02
1773565107.5518649,0.92,-0.44,0.29,22.18,-106.87,-64.2,1.06
0.0,0.0,0.0,0.0,0.0,0.0,0.0,0.0
1773565112.909871,-0.03,-0.96,-0.08,-5.48,-21.05,-21.27,0.97
1773565112.9989974,0.06,-0.98,-0.1,3.88,-29.31,-26.89,0.99
1773565113.096775,0.08,-0.99,-0.03,18.98,-30.57,-26.43,1.0
1773565113.2119796,0.11,-0.93,-0.0,13.88,-18.87,-21.31,0.94
1773565113.3088624,-0.01,-1.01,0.06,22.0,-22.09,-1.01,1.01
1773565113.4130309,0.06,-0.98,0.0,38.14,-23.89,-33.92,0.99
1773565113.5146885,0.05,-0.96,0.05,15.01,6.01,-35.68,0.96
1773565113.6157084,0.06,-0.93,0.09,29.48,0.59,-42.6,0.94
1773565113.7193718,0.03,-0.87,0.07,28.29,10.9,-52.78,0.87
1773565113.81578,0.04,-0.73,0.02,54.14,-8.93,-81.08,0.73
1773565113.9295666,0.03,-0.42,-0.05,86.67,-18.55,-45.63,0.42
1773565114.029894,0.35,-0.52,-0.03,231.83,-27.28,-36.14,0.62
1773565114.1299932,0.44,-1.45,0.69,-3.21,-337.31,-134.54,1.66
1773565114.2386408,1.3,-1.25,0.47,-33.04,-286.03,-155.27,1.86
1773565114.3386145,1.85,-0.33,0.65,204.49,-440.75,-502.2,1.99
1773565114.4578433,0.33,0.61,0.26,-51.19,-101.68,-199.31,0.74
1773565114.5475805,1.24,-1.07,0.47,85.59,-50.26,-102.2,1.7
1773565114.653002,0.99,-0.08,-0.15,-124.64,234.85,42.93,1.0
1773565114.7503245,1.17,-0.48,-0.04,-66.75,2.35,-27.21,1.26
1773565114.8533638,0.93,-0.12,-0.01,-31.8,48.08,-24.0,0.94
1773565114.9631536,1.13,-0.37,-0.09,32.0,-37.24,-12.92,1.19
1773565115.0641465,0.85,-0.33,0.18,-20.99,-65.05,-32.89,0.93
1773565115.1628146,0.95,-0.38,0.27,17.92,-32.14,11.53,1.05
1773565115.2706935,0.91,-0.22,0.35,8.76,-13.04,-7.25,1.0
1773565115.3720446,0.98,-0.29,0.19,-4.96,-70.32,-36.09,1.04
1773565115.478674,1.0,-0.28,0.18,-54.67,-53.02,12.75,1.05
0.0,0.0,0.0,0.0,0.0,0.0,0.0,0.0
1773565121.72655,0.03,-0.96,0.02,-31.63,-8.89,20.59,0.97
1773565121.8298943,0.0,-0.98,-0.05,-8.95,-14.37,7.83,0.98
1773565121.9362972,-0.05,-1.01,-0.01,8.05,2.56,-5.45,1.01
1773565122.0399623,0.02,-0.99,-0.01,1.63,-8.96,-14.28,0.99
1773565122.1421723,0.02,-0.98,0.03,8.75,-4.75,-24.06,0.98
1773565122.2433617,0.02,-0.97,0.04,-10.76,-3.45,-15.65,0.97
1773565122.3475318,0.04,-0.97,0.01,0.93,-6.12,-10.14,0.97
1773565122.4516366,0.03,-0.97,0.02,-1.13,-6.72,-19.12,0.97
1773565122.5509813,0.06,-0.96,-0.02,1.74,-10.57,-14.03,0.96
1773565122.6550448,-0.01,-0.95,-0.01,0.43,-2.35,-22.54,0.95
1773565122.760022,-0.04,-0.9,-0.01,19.66,3.72,-21.18,0.91
1773565122.8533285,-0.03,-0.74,-0.03,37.59,-17.3,-15.91,0.74
1773565122.962017,-0.11,-0.54,-0.05,33.6,4.34,-7.88,0.55
1773565123.0720894,-0.22,-0.26,0.13,155.97,-41.57,-53.53,0.36
1773565123.1759772,0.2,-0.5,0.4,199.37,-22.53,-42.47,0.67
1773565123.275237,0.19,-1.41,0.43,490.82,-400.95,-87.01,1.49
1773565123.3867595,0.55,0.25,0.9,12.41,-355.82,-128.69,1.09
1773565123.4785712,2.0,-0.88,-0.06,-244.26,-282.98,-215.28,2.19
1773565123.5843549,0.37,0.42,0.33,19.79,-291.6,-329.79,0.65
1773565123.691568,1.04,-0.03,0.32,-39.25,-290.69,-41.79,1.09
1773565123.7904692,0.9,-0.01,-0.4,-98.78,207.86,128.88,0.99
1773565123.8951328,0.93,0.05,-0.05,-45.44,65.28,-66.72,0.93
1773565123.9982588,0.95,-0.2,-0.07,-12.2,37.8,-45.6,0.97
1773565124.1017914,0.91,-0.47,0.02,31.69,92.58,2.24,1.02
1773565124.2056568,0.97,-0.39,-0.11,52.55,-59.44,6.46,1.05
1773565124.3095577,0.88,-0.48,0.14,90.96,-32.57,-15.68,1.02
1773565124.4274788,0.99,-0.14,0.22,-16.46,60.38,-42.98,1.02
1773565124.5213468,0.89,-0.13,0.23,-35.31,108.76,-38.31,0.93
1773565124.6177688,0.88,-0.2,0.45,-35.97,21.8,-42.7,1.01
1773565124.7237906,1.07,-0.0,0.41,-55.98,13.83,-22.25,1.15
1773565124.8228836,0.89,-0.06,0.34,-22.29,-37.25,11.6,0.95
0.0,0.0,0.0,0.0,0.0,0.0,0.0,0.0
1773565130.246153,-0.07,-0.98,-0.13,-12.05,22.14,-33.97,0.99
1773565130.3531249,-0.02,-0.94,-0.14,1.05,15.62,-36.25,0.95
1773565130.4611533,0.09,-0.98,-0.12,23.68,7.19,-40.83,0.99
1773565130.564754,0.16,-0.98,-0.05,27.42,7.69,-28.67,1.0
1773565130.6671436,0.16,-0.98,-0.07,6.38,8.21,-19.73,1.0
1773565130.7662425,0.13,-0.99,-0.06,13.8,-5.76,-16.44,1.0
1773565130.8721309,0.06,-0.96,-0.03,1.89,-4.63,-19.71,0.96
1773565130.9743834,0.06,-0.94,-0.05,10.47,8.72,-26.67,0.94
1773565131.0764046,-0.01,-0.84,-0.03,11.48,1.86,-26.41,0.84
1773565131.1777706,-0.1,-0.46,-0.08,31.3,-14.9,-37.04,0.48
1773565131.2796702,-0.18,-0.28,-0.05,79.07,15.34,6.03,0.33
1773565131.382846,0.27,-0.93,0.02,283.95,-169.45,-75.54,0.97
1773565131.4843462,0.72,-1.66,-0.07,358.93,-64.2,-47.39,1.81
1773565131.5834472,-0.31,-0.2,1.43,-249.02,-29.54,-385.62,1.48
1773565131.7026331,0.73,2.0,0.63,-435.36,489.97,304.93,2.22
1773565131.795581,1.12,1.04,-0.14,83.05,41.53,35.4,1.53
1773565131.8974204,1.22,-1.18,-0.62,26.56,-190.46,98.49,1.81
1773565132.013885,0.14,-0.31,0.48,-147.5,-14.95,51.86,0.59
1773565132.1168556,1.01,-0.38,0.12,-87.37,75.6,-123.39,1.09
1773565132.21564,0.99,-0.17,0.01,-27.5,187.91,-16.81,1.0
1773565132.3143256,0.98,-0.64,0.43,34.05,106.87,-196.9,1.25
1773565132.418035,1.07,-0.2,0.11,-3.57,19.02,-7.62,1.09
1773565132.5256505,0.97,-0.41,0.27,36.89,-119.48,-4.05,1.09
1773565132.631665,0.93,-0.05,0.37,68.79,145.43,92.35,1.01
1773565132.7312338,0.8,-0.25,0.3,154.7,-197.6,27.91,0.89
1773565132.8457704,0.83,-0.33,0.48,44.38,-21.79,29.74,1.01
1773565132.939873,0.84,-0.37,0.3,-6.41,86.5,-19.63,0.96
1773565133.039509,0.91,-0.34,0.44,-2.52,7.95,-17.3,1.06
1773565133.1446404,0.81,-0.24,0.5,-31.19,-29.76,-19.71,0.98
0.0,0.0,0.0,0.0,0.0,0.0,0.0,0.0
1773565139.778205,-0.08,-0.96,-0.06,-2.34,-23.82,-3.02,0.96
1773565139.8802009,-0.07,-1.0,-0.16,-12.03,-20.67,-9.8,1.02
1773565139.9823167,-0.01,-0.95,-0.1,20.31,-29.63,-42.64,0.96
1773565140.08348,0.03,-1.01,-0.1,-7.57,-17.15,-30.25,1.01
1773565140.1846015,0.07,-1.0,-0.13,6.84,-4.32,-34.76,1.01
1773565140.292575,0.06,-1.01,-0.1,-5.92,2.35,-29.37,1.01
1773565140.38422,0.09,-0.96,-0.1,-3.07,8.15,-24.49,0.97
1773565140.4997797,0.08,-0.96,-0.08,-1.56,9.66,-34.87,0.96
1773565140.593737,0.03,-0.94,-0.1,5.8,12.85,-34.87,0.95
1773565140.6970556,0.02,-0.83,-0.16,34.75,22.44,-31.47,0.85
1773565140.807358,-0.07,-0.78,-0.16,56.66,13.45,-46.99,0.8
1773565140.911728,-0.02,-0.43,-0.23,118.52,17.3,-103.07,0.48
1773565141.015958,-0.06,-0.32,0.14,173.08,-44.24,-51.66,0.35
1773565141.1144404,-0.04,-0.55,0.58,162.18,-117.51,-44.32,0.8
1773565141.214489,1.2,-2.0,1.26,90.03,-205.21,-271.74,2.65
1773565141.3273091,1.75,-2.0,0.28,135.31,-510.57,-502.2,2.67
1773565141.4303255,0.33,0.5,0.32,127.47,-468.05,-309.3,0.68
1773565141.5275166,1.22,-1.02,-0.09,-5.28,-263.89,-77.73,1.6
1773565141.635188,0.47,0.17,0.13,-164.6,72.93,159.94,0.52
1773565141.7305632,0.8,-0.08,-0.09,-37.02,23.5,-59.85,0.8
1773565141.8440392,0.79,-0.33,-0.14,29.37,-74.95,-134.15,0.86
1773565141.9564247,0.82,-0.29,-0.16,-13.5,117.19,18.72,0.89
1773565142.0518963,0.9,-0.19,0.01,22.63,30.35,-23.45,0.92
1773565142.156063,0.88,-0.32,0.12,-29.83,70.37,-7.13,0.95
1773565142.2581272,0.91,-0.22,0.1,-22.9,39.19,-19.82,0.94
1773565142.3626564,1.07,-0.08,0.01,-38.35,64.17,-38.47,1.07
0.0,0.0,0.0,0.0,0.0,0.0,0.0,0.0
1773565147.485467,0.0,-0.98,-0.0,44.38,6.99,-2.95,0.98
1773565147.5779014,-0.06,-0.98,0.11,-12.72,33.66,8.9,0.99
1773565147.692945,-0.15,-0.94,0.08,-44.56,4.46,37.72,0.95
1773565147.790977,-0.26,-0.96,0.02,-40.89,-20.81,17.59,0.99
1773565147.8944144,-0.3,-1.0,-0.1,-39.53,6.29,-19.63,1.05
1773565148.0022588,-0.23,-0.95,-0.09,27.07,-30.29,-61.37,0.99
1773565148.1044767,-0.06,-0.96,0.01,19.79,-44.49,-62.93,0.96
1773565148.2048454,0.05,-1.0,0.09,2.05,-57.39,-12.98,1.01
1773565148.3095338,0.03,-0.96,0.14,-5.53,-47.1,-35.05,0.97
1773565148.4147837,0.13,-0.91,0.06,-25.24,-43.53,-32.63,0.92
1773565148.511689,-0.06,-1.04,0.1,3.18,4.53,-28.43,1.05
1773565148.6122775,0.03,-0.99,0.0,17.95,11.07,-43.41,0.99
1773565148.7104218,0.1,-0.89,0.02,3.54,-8.92,-49.36,0.89
1773565148.8289087,0.09,-1.0,0.06,7.3,-7.73,-38.5,1.0
1773565148.9190493,0.08,-0.96,0.19,1.42,-0.95,-23.71,0.98
1773565149.0265777,0.06,-0.93,0.15,-1.51,1.97,-26.55,0.94
1773565149.1356893,0.01,-0.88,0.14,1.39,-13.74,-29.83,0.89
1773565149.2265904,-0.05,-0.78,0.07,19.63,-14.75,-53.89,0.78
1773565149.3425772,-0.08,-0.65,0.02,53.83,-38.43,-39.53,0.66
1773565149.442824,-0.19,-0.33,-0.03,179.3,-154.98,-71.68,0.38
1773565149.5485077,0.34,-0.51,0.11,42.89,-272.96,-72.18,0.62
1773565149.6497204,-0.77,-0.07,1.98,-156.32,-440.98,-59.66,2.12
1773565149.749187,1.21,-2.0,-2.0,-4.84,-510.57,-213.76,3.08
1773565149.8602638,1.99,0.67,-1.04,-47.63,-327.28,-374.34,2.34
1773565149.9632876,0.7,-0.66,0.1,-7.79,-118.72,11.17,0.96
1773565150.0569308,0.62,-0.28,0.05,-129.08,-28.58,57.75,0.68
1773565150.1616364,0.83,-0.34,-0.39,-81.74,61.42,-29.6,0.97
1773565150.2658622,0.83,-0.16,-0.35,-109.3,-72.43,-87.91,0.92
1773565150.36759,1.07,-0.22,-0.19,21.59,97.62,8.78,1.11
1773565150.4665344,0.92,-0.33,-0.13,-18.92,79.18,-17.25,0.99
1773565150.5856814,0.95,-0.26,0.01,-44.61,90.0,23.59,0.99
1773565150.6787694,0.78,-0.3,0.35,-12.43,14.96,-8.17,0.91
0.0,0.0,0.0,0.0,0.0,0.0,0.0,0.0
1773565168.0429351,-0.09,-0.99,-0.08,-1.95,31.22,-34.32,0.99
1773565168.1451235,-0.01,-0.98,-0.14,5.85,12.05,-36.08,0.99
1773565168.2401967,0.05,-0.97,-0.1,14.35,8.87,-41.76,0.98
1773565168.3548205,0.11,-0.98,-0.05,21.56,7.3,-41.92,0.98
1773565168.4479096,0.12,-0.96,-0.05,7.19,7.36,-44.06,0.97
1773565168.5617013,0.14,-0.95,-0.03,21.66,0.15,-43.59,0.96
1773565168.6588068,0.16,-0.95,0.03,24.75,-2.06,-40.18,0.97
1773565168.757477,0.13,-0.93,0.01,20.02,-4.15,-50.28,0.94
1773565168.873129,0.06,-0.7,-0.0,15.18,-22.05,-69.51,0.7
1773565168.978283,0.04,-0.49,-0.03,32.75,20.06,-71.27,0.49
1773565169.0741725,0.02,-0.57,0.15,87.24,35.54,-94.64,0.59
1773565169.181594,0.14,-0.83,0.48,184.76,-86.37,-175.96,0.97
1773565169.277923,1.51,-1.12,-0.45,189.04,-315.5,-106.69,1.93
1773565169.3773575,2.0,-2.0,-2.0,201.94,-510.57,-102.05,3.46
1773565169.4921646,0.59,0.34,1.57,-214.11,158.58,-75.53,1.71
1773565169.5980415,1.24,-0.14,-0.43,38.24,236.15,220.34,1.32
1773565169.6982026,0.81,-0.86,-0.14,86.67,-91.13,-44.29,1.19
1773565169.7982194,0.64,-0.48,0.08,-114.96,204.69,-96.35,0.81
1773565169.9043872,1.16,-0.33,0.09,-25.44,-109.22,-97.85,1.21
1773565169.9986415,1.15,-0.15,-0.13,71.45,62.12,-69.71,1.16
1773565170.110021,0.74,-0.85,0.26,33.24,33.04,44.34,1.16
1773565170.2095456,0.76,-0.43,0.25,10.9,-82.67,-81.04,0.91
1773565170.322489,0.89,-0.42,0.2,-37.16,41.22,24.81,1.0
0.0,0.0,0.0,0.0,0.0,0.0,0.0,0.0
1773565199.4024174,-0.04,-0.93,-0.06,-43.68,-22.23,4.93,0.93
1773565199.506529,-0.03,-0.97,-0.0,-28.43,-21.63,-15.82,0.97
1773565199.6062157,0.02,-0.97,-0.04,-49.16,-22.86,-11.07,0.97
1773565199.7078147,-0.02,-0.93,-0.07,-75.34,-11.3,-6.61,0.93
1773565199.8155894,-0.05,-0.91,-0.12,-102.31,-12.44,3.59,0.91
1773565199.9108653,-0.02,-0.84,-0.19,-116.15,4.5,-3.73,0.86
1773565200.0231771,0.05,-0.84,-0.2,-121.91,8.41,-0.5,0.86
1773565200.112046,0.04,-0.76,-0.24,-186.24,69.65,-35.34,0.8
1773565200.229045,0.02,-0.56,-0.25,-229.11,50.92,-57.25,0.62
1773565200.3377793,-0.1,-0.56,-0.56,-321.44,4.38,48.43,0.8
1773565200.4368858,0.26,-1.11,-1.43,-139.1,55.59,-131.04,1.83
1773565200.5409856,1.42,0.81,-1.84,-115.31,-375.08,-79.65,2.46
1773565200.6395705,-0.78,1.07,-0.88,-205.73,-32.99,-52.15,1.59
1773565200.7410612,0.16,0.33,-0.86,184.93,-50.29,-87.25,0.94
1773565200.840517,0.37,0.01,-1.17,65.1,-44.05,-55.99,1.23
1773565200.9486463,0.3,0.06,-1.1,-9.4,-191.5,-93.91,1.15
1773565201.0398226,0.21,-0.05,-1.11,89.04,-119.85,-37.76,1.13
1773565201.1561933,0.21,-0.05,-1.13,70.38,-110.98,-25.37,1.15
1773565201.2598104,0.03,-0.3,-1.05,69.77,-75.77,31.62,1.1
1773565201.371152,-0.3,-0.56,-0.72,-13.15,10.88,-7.16,0.96
1773565201.4637306,-0.16,-0.63,-1.16,-3.28,85.79,34.34,1.33
1773565201.570015,0.12,-0.42,-1.15,-61.28,121.86,12.4,1.23
1773565201.6720867,0.49,-0.43,-0.98,82.87,-93.95,-84.64,1.18
0.0,0.0,0.0,0.0,0.0,0.0,0.0,0.0
1773565210.1360078,-0.04,-0.97,0.09,-19.4,12.9,-0.72,0.97
1773565210.2486467,-0.02,-0.99,0.05,-39.25,-7.57,19.17,0.99
1773565210.3457506,-0.05,-1.0,0.04,-43.13,4.03,6.67,1.0
1773565210.4543753,-0.04,-1.0,0.01,-46.56,-7.65,-5.71,1.0
1773565210.6372132,0.0,-0.97,-0.02,-58.35,-25.21,-7.73,0.97
1773565210.6537466,-0.04,-0.98,-0.04,-77.01,-30.89,-12.89,0.98
1773565210.8541846,-0.06,-0.93,-0.09,-107.33,-29.18,-29.07,0.94
1773565210.8705344,-0.03,-0.86,-0.14,-140.92,-18.58,-5.6,0.87
1773565211.045362,-0.04,-0.74,-0.24,-155.95,4.24,-1.86,0.78
1773565211.077194,0.07,-0.58,-0.35,-155.1,35.71,-1.99,0.68
1773565211.2538111,0.06,-0.6,-0.33,-137.69,85.3,18.9,0.69
1773565211.2812748,-0.01,-0.78,-1.21,-316.27,176.93,112.3,1.44
1773565211.470194,0.24,-2.0,-0.56,175.1,48.44,-110.17,2.09
1773565211.4888418,-0.05,0.93,-2.0,-100.61,-291.68,-502.2,2.2
1773565211.6703663,0.31,0.08,-0.66,60.89,51.72,-39.6,0.73
1773565211.696757,0.36,-0.18,-0.84,-67.92,25.27,-37.88,0.93
1773565211.7970035,0.78,-0.24,-1.26,7.91,-253.16,12.18,1.5
1773565211.8978565,0.62,-0.07,-1.23,-44.24,-5.1,-6.32,1.38
1773565212.0038056,0.55,-0.08,-1.04,98.29,-61.39,-35.34,1.18
1773565212.1063693,0.39,-0.07,-0.99,95.13,-3.25,8.64,1.07
1773565212.198712,0.15,-0.29,-0.83,49.22,164.49,31.71,0.89
1773565212.3066103,0.31,-0.52,-0.92,217.88,-52.52,68.88,1.09
1773565212.4054842,0.05,-0.85,-0.43,23.56,-32.96,10.81,0.95
1773565212.5061836,0.45,-0.71,-0.84,48.99,-35.95,30.47,1.19
1773565212.6214368,0.1,-0.72,-0.64,22.82,6.11,17.34,0.97
1773565212.723513,0.28,-0.58,-0.84,153.8,-30.96,35.4,1.05
0.0,0.0,0.0,0.0,0.0,0.0,0.0,0.0
1773565219.2863476,-0.06,-0.97,0.14,-56.14,-11.82,0.63,0.98
1773565219.3886745,-0.08,-0.99,0.11,-40.98,-6.29,-6.96,1.0
1773565219.484422,0.03,-0.99,0.14,-25.08,-15.62,-25.76,1.0
1773565219.5968566,0.09,-0.92,0.04,-83.45,-23.59,-12.78,0.93
1773565219.6891403,-0.02,-1.01,-0.02,-89.79,-1.63,-10.41,1.01
1773565219.8029022,0.02,-0.93,-0.1,-91.22,-2.46,-1.42,0.93
1773565219.906736,-0.01,-0.94,-0.08,-74.12,-14.26,-13.45,0.94
1773565220.0108914,0.01,-0.86,-0.06,-84.23,-18.93,-13.28,0.86
1773565220.106709,0.03,-0.77,-0.11,-116.72,-23.85,-11.15,0.78
1773565220.212762,0.15,-0.64,-0.28,-162.75,-3.08,-11.66,0.71
1773565220.3225338,0.03,-0.67,-0.19,-206.72,-6.18,-29.13,0.69
1773565220.4253094,-0.14,-0.86,-0.39,-190.46,-83.56,-19.1,0.95
1773565220.524208,-0.39,-0.68,-0.84,-74.6,-289.91,-249.68,1.15
1773565220.6342764,-0.84,0.97,-2.0,-374.6,-304.55,-269.71,2.38
1773565220.736781,-0.38,0.24,-0.93,-58.79,325.25,176.64,1.04
1773565220.831321,-0.12,0.01,-0.93,-2.72,28.75,66.38,0.94
1773565220.9372025,0.36,-0.03,-1.1,77.02,-32.99,-104.9,1.15
1773565221.0474384,0.42,-0.14,-1.14,82.21,-25.62,-114.43,1.22
1773565221.1453333,0.36,-0.2,-0.97,62.17,-3.42,-87.02,1.05
1773565221.2516158,0.24,-0.09,-1.11,38.2,-19.36,-20.67,1.14
1773565221.352971,0.19,-0.24,-0.9,112.85,-1.95,52.34,0.95
1773565221.4529505,0.33,-0.77,-0.91,118.41,-78.96,27.65,1.24
1773565221.554849,0.2,-0.73,-0.64,94.75,11.34,-8.92,0.99
1773565221.655701,0.09,-0.72,-0.74,17.24,52.9,6.14,1.04
1773565221.7561767,0.11,-0.63,-0.78,-6.61,13.22,3.54,1.01
0.0,0.0,0.0,0.0,0.0,0.0,0.0,0.0
1773565238.0235758,-0.03,-0.95,0.03,-94.58,-16.6,-8.09,0.95
1773565238.119858,-0.02,-0.96,0.02,-72.05,-27.1,-20.89,0.96
1773565238.2179034,-0.03,-0.93,-0.01,-108.67,-24.78,-25.04,0.93
1773565238.3326771,0.03,-0.83,-0.12,-150.58,-28.66,-27.44,0.84
1773565238.434518,0.09,-0.77,-0.19,-197.76,-34.73,-14.49,0.8
1773565238.5396008,0.13,-0.6,-0.31,-215.77,-30.81,-13.65,0.69
1773565238.6357894,-0.01,-0.56,-0.28,-244.58,-18.43,5.43,0.63
1773565238.7356887,0.06,-0.59,-1.01,-333.92,16.84,-23.31,1.17
1773565238.8393495,-0.4,-0.48,-1.37,-118.58,-13.79,-311.79,1.51
1773565238.9511783,2.0,0.96,-1.5,39.65,138.21,484.98,2.68
1773565239.0544908,-0.4,-0.01,-0.98,-19.73,-43.5,220.64,1.06
1773565239.1525826,-0.25,-0.06,-1.06,50.08,29.11,44.84,1.09
1773565239.2523084,0.33,-0.19,-1.13,18.03,65.66,92.09,1.2
1773565239.3686025,0.53,0.02,-1.19,120.37,-30.38,-35.34,1.3
1773565239.4685948,0.17,-0.16,-1.1,30.93,-9.74,-65.28,1.13
1773565239.5701957,0.2,-0.26,-1.13,21.91,-27.88,-15.89,1.17
1773565239.667652,0.1,-0.3,-1.18,63.16,-79.86,23.51,1.22
1773565239.7706892,0.07,-0.31,-1.11,94.21,-83.31,-27.92,1.16
1773565239.8688648,-0.2,-0.15,-0.92,-54.73,-1.66,17.17,0.95
1773565239.9852245,-0.19,-0.13,-0.87,-10.12,-38.63,7.02,0.9
1773565240.085226,-0.15,-0.08,-0.98,-86.26,-1.59,0.49,0.99
1773565240.1829062,-0.12,-0.18,-1.08,-12.23,-27.22,7.51,1.1
0.0,0.0,0.0,0.0,0.0,0.0,0.0,0.0
1773565245.16791,0.06,-1.01,0.03,-22.9,-16.21,27.54,1.01
1773565245.2659085,0.07,-1.02,0.05,-15.51,-28.5,-9.53,1.02
1773565245.367879,0.02,-0.97,0.0,-62.9,5.8,-24.06,0.97
1773565245.482705,-0.04,-1.0,-0.11,-79.13,22.11,11.28,1.01
1773565245.584639,-0.06,-0.96,-0.15,-75.66,2.14,-3.68,0.98
1773565245.6825626,-0.02,-0.98,-0.15,-49.92,-11.74,3.82,0.99
1773565245.7845123,-0.02,-0.95,-0.17,-78.92,-14.18,0.4,0.97
1773565245.8846269,-0.05,-0.93,-0.19,-107.92,-4.47,-6.66,0.95
1773565245.9872527,-0.04,-0.9,-0.22,-106.76,-10.38,-24.06,0.93
1773565246.1011746,-0.04,-0.78,-0.23,-143.74,-21.73,-36.35,0.81
1773565246.2017984,0.04,-0.55,-0.33,-184.63,3.31,-40.64,0.65
1773565246.3011298,0.13,-0.53,-0.28,-184.08,31.45,-65.82,0.62
1773565246.41794,0.18,-0.01,-0.34,-208.41,18.66,-68.4,0.39
1773565246.5107129,-1.28,-2.0,-0.29,-73.45,30.87,173.59,2.39
1773565246.6189373,1.82,1.36,-2.0,-95.82,-450.72,-386.46,3.02
1773565246.715869,0.24,0.63,-0.97,345.28,-141.7,106.26,1.18
1773565246.8178244,0.44,0.15,-0.88,-124.79,-5.54,-23.53,1.0
1773565246.9182782,0.8,0.18,-1.29,-85.02,-27.8,-27.41,1.53
1773565247.0276897,0.42,0.24,-0.97,-54.79,27.05,-0.58,1.09
1773565247.1367755,0.45,0.16,-0.95,-0.17,-57.31,-8.47,1.07
1773565247.2370777,0.44,0.04,-0.91,48.5,-88.82,23.74,1.01
1773565247.3390522,0.26,-0.02,-0.94,11.62,-93.37,-20.29,0.98
1773565247.45113,0.14,-0.04,-0.98,-39.92,-12.43,16.08,0.99
1773565247.551084,0.11,-0.01,-1.02,-69.15,-10.35,5.8,1.03
0.0,0.0,0.0,0.0,0.0,0.0,0.0,0.0
1773565256.9333577,-0.03,-1.02,-0.09,-43.1,2.5,-7.1,1.02
1773565257.0195596,-0.02,-0.95,-0.1,-35.6,-5.68,-8.86,0.96
1773565257.133382,0.01,-0.98,-0.14,-44.05,-7.31,-0.86,0.99
1773565257.226088,-0.0,-0.98,-0.13,-56.12,-15.22,-6.79,0.99
1773565257.3351204,-0.01,-0.96,-0.14,-74.58,-9.65,-7.97,0.97
1773565257.43531,0.0,-0.86,-0.18,-98.47,-13.63,3.43,0.88
1773565257.5324662,-0.06,-0.88,-0.19,-115.89,6.58,-6.92,0.9
1773565257.654259,0.07,-0.84,-0.23,-141.08,-2.37,-22.5,0.87
1773565257.7501867,0.06,-0.66,-0.28,-161.37,-27.63,-59.66,0.72
1773565257.8670354,0.09,-0.48,-0.29,-200.75,68.4,-22.11,0.57
1773565257.9511013,0.03,-0.58,-0.56,-179.21,-3.6,18.15,0.81
1773565258.065885,-0.38,-1.44,-1.02,-93.98,-164.37,-144.35,1.8
1773565258.1726267,0.64,1.09,-2.0,-199.82,-510.57,-463.76,2.37
1773565258.2724118,-0.35,0.83,-0.61,110.81,-11.1,42.23,1.09
1773565258.373035,0.33,0.03,-0.84,-57.82,48.53,-58.2,0.9
1773565258.4833596,0.09,-0.24,-1.06,14.21,-34.72,28.96,1.09
1773565258.5850165,0.3,0.02,-1.16,-61.68,-23.07,-78.17,1.2
1773565258.6853986,0.27,-0.02,-1.04,-17.33,16.61,-50.21,1.08
1773565258.7816458,0.33,-0.1,-1.03,32.34,-54.23,7.11,1.08
1773565258.885102,0.18,-0.26,-0.99,36.5,-57.66,15.65,1.04
1773565258.9887488,0.1,-0.18,-1.0,4.5,-56.58,-13.99,1.02
1773565259.086776,0.09,-0.11,-1.09,13.25,-71.89,-6.05,1.1
1773565259.2013898,0.1,-0.03,-1.09,33.37,-18.43,3.53,1.1
0.0,0.0,0.0,0.0,0.0,0.0,0.0,0.0
1773565276.7933173,-0.02,-0.93,0.24,-30.23,-33.15,-11.42,0.96
1773565276.8857143,0.01,-0.96,0.21,-49.73,-46.31,5.66,0.98
1773565276.981656,-0.02,-0.95,0.17,-70.37,-48.99,-0.75,0.96
1773565277.0829604,-0.06,-0.93,0.15,-90.73,-48.0,-0.89,0.94
1773565277.1862776,-0.07,-0.89,0.09,-92.7,-39.68,-18.05,0.89
1773565277.2959182,-0.02,-0.85,-0.03,-92.09,-69.44,-31.19,0.85
1773565277.3864276,0.11,-0.86,-0.04,-90.27,-74.24,-25.8,0.86
1773565277.4960332,0.07,-0.78,0.07,-145.19,-35.51,-15.16,0.79
1773565277.5975645,0.1,-0.58,-0.06,-189.4,-8.6,56.76,0.59
1773565277.6998796,-0.0,-0.67,-0.57,-196.31,-15.83,78.79,0.88
1773565277.8125448,-0.4,-0.64,-0.96,-149.79,-40.44,108.88,1.22
1773565277.905191,-1.13,0.74,-1.33,-432.87,210.05,3.53,1.9
1773565278.019004,-0.09,0.41,-1.39,-206.81,277.74,-29.74,1.45
1773565278.120484,0.13,0.36,-1.08,155.66,-93.37,-56.31,1.15
1773565278.2307637,0.13,-0.14,-0.95,103.94,-4.2,-23.7,0.97
1773565278.3387794,0.24,-0.17,-1.02,34.52,69.25,-44.18,1.07
1773565278.4302664,0.26,-0.11,-1.06,-87.94,68.53,0.21,1.09
1773565278.530867,0.37,-0.13,-1.0,-51.88,-1.22,5.25,1.08
1773565278.6377037,0.24,-0.14,-1.04,9.08,-103.74,21.74,1.08
1773565278.7482996,0.03,-0.22,-1.07,-61.74,5.97,61.43,1.1
1773565278.839808,0.03,-0.17,-1.03,8.78,-58.67,-22.25,1.04
1773565278.948297,0.01,-0.1,-1.05,16.24,-69.3,-10.87,1.05
0.0,0.0,0.0,0.0,0.0,0.0,0.0,0.0
1773565287.2401834,-0.03,-1.0,-0.08,-24.4,2.37,6.21,1.0
1773565287.3479805,-0.01,-0.99,-0.13,-25.88,-18.95,8.7,1.0
1773565287.4454274,-0.03,-0.97,-0.11,-30.58,-19.89,5.19,0.98
1773565287.544827,-0.04,-0.99,-0.09,-37.8,-14.67,3.85,0.99
1773565287.653953,-0.02,-0.98,-0.09,-49.45,-11.94,-8.72,0.98
1773565287.7532823,-0.02,-0.95,-0.09,-73.69,-2.17,-2.87,0.95
1773565287.869217,0.0,-0.93,-0.11,-103.89,-10.63,-1.54,0.94
1773565287.9654405,0.02,-0.79,-0.15,-140.37,-16.58,-6.03,0.8
1773565288.0639262,0.06,-0.63,-0.25,-172.21,-32.03,-0.61,0.68
1773565288.179845,0.16,-0.45,-0.37,-175.15,-52.34,-7.3,0.6
1773565288.28178,-0.1,-0.42,-0.41,-235.36,45.18,-10.9,0.59
1773565288.3771403,-1.45,-1.85,-0.57,-124.49,368.43,230.5,2.41
1773565288.480714,-1.0,1.41,-2.0,-460.63,-491.31,-315.21,2.64
1773565288.5806272,-0.41,0.53,-0.41,0.03,69.98,139.07,0.79
1773565288.6821954,-0.06,0.16,-0.95,76.27,74.46,-41.1,0.97
1773565288.7953076,0.64,-0.18,-1.11,-57.34,-76.99,-111.54,1.29
1773565288.9001076,0.37,0.19,-1.08,56.12,-104.66,-95.19,1.16
1773565289.0037496,0.3,0.09,-1.13,-1.34,3.63,-114.06,1.17
1773565289.097665,0.17,-0.01,-1.05,94.05,-115.24,-54.93,1.06
1773565289.2121978,-0.14,0.02,-0.95,-38.09,22.43,-23.44,0.96
1773565289.3129516,0.09,-0.06,-1.35,48.49,-54.75,-8.41,1.36
1773565289.4179003,-0.32,-0.3,-0.81,23.21,12.52,-24.61,0.92
0.0,0.0,0.0,0.0,0.0,0.0,0.0,0.0
1773565294.9154768,0.12,-1.01,0.02,-54.99,-1.12,26.88,1.02
1773565294.9154768,0.11,-1.01,-0.05,-22.6,-42.28,-13.34,1.01
1773565295.0153906,0.02,-0.98,-0.01,-66.27,2.26,4.41,0.98
1773565295.1139252,0.05,-0.99,-0.09,-65.97,-36.61,4.15,0.99
1773565295.2124124,0.03,-0.96,-0.08,-73.13,-22.23,-6.05,0.97
1773565295.3144886,-0.01,-0.97,-0.1,-93.47,-31.45,9.02,0.98
1773565295.4290946,0.0,-0.93,-0.13,-117.19,-18.09,10.3,0.94
1773565295.5182977,0.05,-0.83,-0.21,-131.66,-8.0,-3.97,0.86
1773565295.6271622,0.08,-0.72,-0.18,-152.2,-19.28,9.77,0.74
1773565295.7268834,0.18,-0.6,-0.22,-192.72,-31.8,-1.44,0.66
1773565295.8442798,0.1,-0.35,-0.34,-248.12,54.12,42.3,0.5
1773565295.945572,0.89,-1.44,-1.45,-16.9,157.39,115.34,2.23
1773565296.047829,0.29,0.13,-1.78,-256.76,-34.63,30.23,1.81
1773565296.1631885,0.78,0.92,-1.66,-201.39,318.29,106.18,2.05
1773565296.2449768,-0.05,0.4,-0.91,-78.12,57.72,62.72,1.0
1773565296.356046,0.61,0.57,-1.09,-54.03,80.24,22.29,1.37
1773565296.4631512,0.49,0.18,-0.95,36.76,-33.05,-37.77,1.08
1773565296.5644815,0.41,0.11,-0.84,-20.4,-30.81,-18.98,0.94
1773565296.6646428,0.44,0.22,-0.86,-40.26,-60.81,-19.45,0.99
1773565296.7606895,0.37,0.19,-1.25,-87.89,-71.07,54.92,1.31
1773565296.872373,0.29,0.16,-1.18,-13.44,0.72,25.4,1.23
0.0,0.0,0.0,0.0,0.0,0.0,0.0,0.0
1773565304.0333395,0.01,-0.95,0.15,-48.29,-6.96,-13.53,0.97
1773565304.113549,-0.01,-0.99,0.12,-46.87,-12.35,-11.31,1.0
1773565304.2168145,0.0,-0.96,0.06,-46.29,-29.99,-22.47,0.96
1773565304.3135688,-0.08,-0.96,0.03,-46.76,-39.91,-4.41,0.96
1773565304.428912,-0.1,-0.93,0.01,-51.88,-33.62,11.71,0.94
1773565304.5269043,-0.1,-0.97,-0.0,-45.22,-37.85,7.62,0.98
1773565304.630507,-0.12,-0.95,-0.02,-51.89,-28.2,13.07,0.96
1773565304.7279286,-0.12,-0.96,-0.01,-68.14,-19.82,18.67,0.97
1773565304.8369694,-0.09,-0.91,-0.05,-87.47,-37.01,23.33,0.92
1773565304.9289515,-0.09,-0.84,-0.08,-111.22,-31.48,27.1,0.85
1773565305.0455472,-0.13,-0.67,-0.12,-147.57,-29.1,23.5,0.69
1773565305.145542,-0.14,-0.59,-0.15,-187.59,26.99,-4.98,0.62
1773565305.251169,-0.18,-0.46,-0.3,-213.1,28.7,-19.16,0.57
1773565305.3425586,0.6,-1.21,-1.71,-212.11,41.56,136.11,2.18
1773565305.4439828,-2.0,0.86,-2.0,-501.91,489.97,-38.86,2.96
1773565305.5521717,1.03,0.9,-1.7,113.5,6.06,269.31,2.18
1773565305.6628408,-0.15,0.11,-1.09,31.53,6.73,87.4,1.11
1773565305.7629163,-0.11,0.09,-1.03,-6.63,29.21,-49.42,1.04
1773565305.871518,-0.1,-0.16,-1.16,-51.37,-115.63,-50.52,1.18
1773565305.968858,0.14,-0.12,-1.17,-10.03,11.01,-33.86,1.19
1773565306.064461,-0.05,-0.26,-1.16,-30.58,28.35,-56.08,1.19
1773565306.1796274,-0.08,-0.26,-1.0,-15.54,43.85,4.87,1.04
0.0,0.0,0.0,0.0,0.0,0.0,0.0,0.0
1773565327.520573,0.0,-0.92,0.08,-45.57,8.47,-19.62,0.93
1773565327.6042428,-0.08,-0.96,0.12,-37.02,-17.88,-6.49,0.97
1773565327.697497,-0.07,-0.98,0.13,-50.32,-27.48,-4.38,0.99
1773565327.808684,-0.07,-0.98,0.1,-77.3,-33.53,-6.2,0.98
1773565327.909284,-0.06,-0.92,0.06,-89.8,-32.23,3.65,0.93
1773565328.0150585,-0.05,-0.88,0.01,-99.74,-32.49,-5.56,0.88
1773565328.1091852,-0.03,-0.81,-0.06,-109.68,-35.01,-8.76,0.82
1773565328.225375,-0.02,-0.74,-0.13,-156.69,-26.95,-5.48,0.75
1773565328.3324854,0.04,-0.63,-0.27,-191.5,4.88,-8.92,0.68
1773565328.4159598,-0.02,-0.43,-0.3,-192.31,70.81,-2.63,0.53
1773565328.5289888,0.4,-1.84,-0.73,-180.35,238.26,266.11,2.01
1773565328.6347792,0.18,-0.51,-1.37,-334.95,-74.03,99.4,1.47
1773565328.7420266,0.95,0.04,-1.95,-130.38,47.36,-64.35,2.17
1773565328.8423307,0.31,0.14,-1.05,-86.21,181.88,-33.1,1.1
1773565328.9407222,0.31,0.1,-1.11,18.15,-0.14,-32.05,1.16
1773565329.048381,0.37,-0.08,-1.23,67.69,-38.35,-50.14,1.29
1773565329.1524389,0.24,-0.16,-1.0,64.17,-38.82,-50.43,1.04
1773565329.2550623,0.21,-0.14,-1.04,45.04,-0.35,20.08,1.07
1773565329.3614645,0.2,-0.21,-1.11,-25.11,16.81,55.16,1.15
1773565329.4622564,0.12,-0.44,-0.95,-63.37,-98.66,74.61,1.05
1773565329.5614002,-0.12,-0.1,-1.1,-13.65,-90.58,31.86,1.11
1773565329.665649,0.04,-0.4,-1.14,-32.96,59.4,50.35,1.21
1773565329.7751868,-0.07,-0.32,-0.85,49.13,47.68,-24.29,0.91
1773565329.880169,0.15,-0.36,-0.96,58.2,-140.12,-62.44,1.04
1773565329.9801917,0.13,-0.18,-1.08,24.79,-66.29,-48.76,1.1
0.0,0.0,0.0,0.0,0.0,0.0,0.0,0.0
1773565334.1304882,0.03,-0.91,-0.15,-36.11,-42.55,-1.18,0.92
1773565334.2339537,-0.06,-1.02,-0.15,-59.79,-0.11,19.39,1.04
1773565334.3421156,0.01,-1.0,-0.11,-23.89,-19.97,-22.92,1.01
1773565334.4427354,0.01,-0.93,-0.08,-42.93,-17.39,-14.92,0.93
1773565334.54803,-0.03,-0.98,-0.1,-74.31,-9.85,-0.29,0.99
1773565334.6436038,0.0,-0.91,-0.16,-83.98,-12.49,-16.55,0.93
1773565334.761041,-0.02,-0.88,-0.15,-108.61,-9.3,-14.06,0.89
1773565334.862862,0.0,-0.76,-0.13,-132.26,-30.18,-35.56,0.77
1773565334.9637442,0.08,-0.54,-0.23,-164.72,-8.61,-26.02,0.6
1773565335.0651438,0.09,-0.33,-0.32,-224.86,63.4,31.25,0.47
1773565335.1660602,0.43,-1.31,-1.68,-244.92,363.24,361.59,2.17
1773565335.2653458,0.82,-0.18,-1.72,-391.39,-51.63,-10.29,1.91
1773565335.3748224,0.42,0.28,-1.88,-77.37,440.08,145.11,1.95
1773565335.4825082,0.58,-0.05,-0.83,39.05,-77.91,8.69,1.01
1773565335.588594,0.3,-0.16,-1.11,-141.19,98.55,76.64,1.16
1773565335.680616,0.58,0.13,-1.14,-36.15,-42.7,-92.79,1.28
1773565335.7906263,0.42,0.16,-1.09,-36.73,17.28,-5.76,1.19
1773565335.892686,-0.0,0.55,-0.81,56.32,173.21,-31.13,0.98
1773565335.9959495,0.62,-0.21,-1.2,35.57,-32.12,-13.73,1.37
1773565336.1028843,0.06,-0.23,-0.82,-83.63,38.69,47.5,0.86
0.0,0.0,0.0,0.0,0.0,0.0,0.0,0.0
1773565343.462067,0.04,-0.95,0.24,-2.61,0.78,27.95,0.98
1773565343.5542965,0.03,-0.95,0.26,5.25,-15.15,14.98,0.98
1773565343.669185,0.01,-0.93,0.23,6.49,-18.9,14.47,0.96
1773565343.7729676,0.02,-0.94,0.23,16.37,-24.84,7.08,0.97
1773565343.8744218,-0.01,-0.92,0.25,3.66,-10.6,21.17,0.96
1773565343.977321,-0.12,-0.96,0.22,-8.09,3.39,31.62,0.99
1773565344.0724752,-0.14,-0.93,0.22,-2.64,-4.2,36.73,0.97
1773565344.193972,-0.18,-0.9,0.25,-11.01,-12.9,56.95,0.95
1773565344.2793827,-0.2,-0.88,0.22,-11.47,-14.95,57.95,0.92
1773565344.394934,-0.24,-0.89,0.2,-14.43,1.07,65.71,0.94
1773565344.4969065,-0.29,-0.84,0.25,-17.85,16.41,60.17,0.93
1773565344.6035194,-0.14,-0.69,0.19,-10.11,-1.77,80.63,0.73
1773565344.6928847,-0.14,-0.63,0.25,5.3,19.65,86.44,0.69
1773565344.8081124,0.07,-0.33,0.22,109.21,-10.53,61.63,0.41
1773565344.9054067,-0.75,-0.15,0.35,-78.98,202.35,162.35,0.84
1773565345.015664,-2.0,-2.0,-0.34,-501.91,489.97,132.44,2.85
1773565345.1236427,-2.0,-1.14,0.5,-501.91,489.97,153.71,2.36
1773565345.2084017,-0.62,0.48,-0.01,-161.07,34.03,272.27,0.79
1773565345.3236744,-1.36,-0.01,-0.54,-30.18,181.86,-39.53,1.46
1773565345.4282396,-0.64,0.03,-0.97,75.74,47.5,-35.6,1.17
1773565345.5303247,-0.58,-0.22,-0.72,70.96,-25.94,25.89,0.95
1773565345.629003,-0.59,-0.38,-0.8,-56.72,-7.25,-11.82,1.07
1773565345.7372234,-0.67,-0.32,-0.76,-78.31,-92.96,-22.31,1.06
1773565345.8427706,-0.71,-0.2,-0.73,-82.98,-68.63,-7.97,1.04
1773565345.9457686,-0.81,-0.13,-0.65,-101.74,0.95,32.26,1.05
1773565346.044887,-0.85,-0.08,-0.68,-25.53,-17.88,-16.84,1.09
1773565346.1431737,-0.72,0.03,-0.7,5.56,-12.11,-12.28,1.01
1773565346.2560124,-0.76,-0.01,-0.83,-11.82,11.6,-0.18,1.13
0.0,0.0,0.0,0.0,0.0,0.0,0.0,0.0
1773565351.855552,0.0,-0.96,0.14,-6.2,-15.77,11.24,0.97
1773565351.9577365,-0.03,-0.97,0.08,-19.18,-34.29,10.69,0.98
1773565352.064645,-0.06,-0.94,0.11,-2.58,-29.59,-17.24,0.95
1773565352.1685288,-0.08,-0.95,0.1,-2.14,11.85,-5.05,0.96
1773565352.272604,-0.11,-0.94,0.1,-24.26,10.64,19.46,0.96
1773565352.3764064,-0.17,-0.98,0.08,-7.47,28.7,36.04,1.0
1773565352.4744678,-0.19,-0.97,0.18,8.35,-7.89,24.47,1.0
1773565352.5740256,-0.17,-0.95,0.09,-33.27,4.93,39.83,0.96
1773565352.671512,-0.25,-0.96,0.11,-14.4,-5.45,27.43,1.0
1773565352.7869003,-0.21,-0.92,0.1,-10.84,-28.24,36.52,0.94
1773565352.8907402,-0.2,-0.92,0.07,-12.81,-1.74,28.99,0.95
1773565352.992471,-0.18,-0.89,0.11,9.47,-14.23,40.46,0.92
1773565353.0909066,-0.12,-0.81,0.11,-45.68,8.09,56.58,0.83
1773565353.1907964,-0.07,-0.67,0.01,-51.01,39.31,48.85,0.68
1773565353.2962651,0.04,-0.51,0.06,2.78,5.79,36.11,0.52
1773565353.4087162,0.05,-0.42,0.13,58.2,-35.89,40.75,0.44
1773565353.5049102,0.14,-2.0,-1.5,175.89,397.45,391.1,2.5
1773565353.6102586,-1.38,-2.0,-0.08,-357.07,489.97,390.78,2.43
1773565353.7212503,-2.0,-0.51,1.18,-120.18,41.19,-258.63,2.38
1773565353.8222382,-1.02,-0.38,-0.27,-310.7,351.62,168.63,1.12
1773565353.9253385,-0.97,0.1,-0.81,-169.88,325.5,108.59,1.27
1773565354.03033,-0.58,-0.15,-0.88,33.69,25.91,26.01,1.07
1773565354.129386,-0.52,-0.28,-0.96,-7.01,13.13,-39.39,1.12
1773565354.236609,-0.5,-0.2,-0.95,43.54,-123.18,-72.54,1.1
1773565354.3372517,-0.87,-0.23,-0.63,-58.5,-38.44,-25.28,1.1
1773565354.4435976,-0.61,-0.31,-0.81,-66.32,-40.28,-68.25,1.06
1773565354.548003,-0.7,-0.35,-0.67,-52.89,-7.91,-37.76,1.02
1773565354.6513536,-0.79,-0.32,-0.67,-60.03,-14.86,16.4,1.08
1773565354.7642322,-0.75,-0.18,-0.73,-51.82,-6.21,-42.2,1.06
1773565354.8665187,-0.82,-0.21,-0.72,-45.73,9.27,7.1,1.12
1773565354.9577303,-0.74,-0.15,-0.71,-0.93,-3.73,-11.76,1.04
1773565355.0667884,-0.7,-0.14,-0.73,-9.82,0.66,4.69,1.02
1773565355.169174,-0.78,-0.11,-0.71,23.92,38.34,14.5,1.06
1773565355.275478,-0.78,-0.2,-0.86,33.19,55.42,-36.6,1.18
1773565355.3738458,-0.78,-0.23,-0.76,79.56,39.59,-4.5,1.11
1773565355.4790697,-0.69,-0.21,-0.82,92.34,38.78,-2.06,1.09
1773565355.5811234,-0.66,-0.28,-0.77,123.62,67.1,-21.91,1.05
1773565355.6775377,-0.54,-0.39,-0.8,117.89,76.21,9.42,1.04
1773565355.7898057,-0.44,-0.5,-0.87,123.01,98.0,11.57,1.09
1773565355.8789485,-0.38,-0.45,-0.92,122.89,164.11,71.92,1.09
1773565355.9973805,-0.32,-0.52,-0.68,211.92,41.14,28.58,0.91
1773565356.0906754,-0.19,-0.67,-0.57,280.64,-166.14,-87.96,0.9
1773565356.1895845,-0.24,-0.82,-0.47,140.52,-95.92,-33.18,0.97
1773565356.3002543,-0.41,-0.95,-0.26,187.79,-141.01,-17.19,1.07
1773565356.4073389,-0.36,-0.93,0.16,153.37,-62.4,97.68,1.01
1773565356.508978,-0.31,-0.8,0.23,177.21,-96.17,66.69,0.89
1773565356.6093588,-0.41,-0.46,0.46,63.11,-81.97,107.46,0.77
1773565356.7185328,-0.56,-0.61,0.56,-3.54,-120.57,59.45,1.0
1773565356.821622,-0.54,-0.84,0.67,49.42,-150.37,46.03,1.2
1773565356.9222283,-0.47,-0.66,0.85,144.02,-196.0,-17.82,1.17
1773565357.0295906,-0.26,-0.42,0.71,23.73,-32.31,7.4,0.86
1773565357.1209488,-0.28,-0.5,0.68,17.73,-41.22,42.41,0.89
1773565357.235832,-0.31,-0.45,0.83,7.36,6.34,1.02,1.0
1773565357.3424037,-0.37,-0.74,0.72,-107.08,-2.49,-15.66,1.1
1773565357.4393983,-0.52,-0.56,0.58,-109.08,64.73,-111.22,0.96
1773565357.546064,-0.32,-0.8,0.35,-19.45,14.47,8.66,0.93
1773565357.643937,-0.19,-0.78,0.46,6.27,-27.37,-128.09,0.92
1773565357.752706,-0.15,-0.61,0.59,-12.55,-51.66,-36.31,0.87
1773565357.9073105,-0.15,-0.75,0.54,15.22,-2.49,-27.91,0.94
1773565357.956873,-0.27,-0.85,0.52,-35.86,83.6,5.51,1.03
1773565358.055378,-0.23,-0.81,0.37,-0.61,-22.93,13.13,0.92
1773565358.1670067,-0.18,-0.76,0.34,8.21,-65.82,22.08,0.85
1773565358.261356,-0.3,-0.75,0.76,-2.79,-15.7,7.01,1.11
1773565358.37451,-0.21,-0.66,0.63,-5.05,-58.61,56.56,0.93
1773565358.4762702,-0.54,-0.77,0.8,-68.9,-1.86,74.82,1.24
1773565358.5725138,-0.35,-0.6,0.6,-0.92,0.06,55.01,0.92
1773565358.6744568,-0.42,-0.44,0.67,87.76,-8.98,-0.26,0.91
1773565358.7880847,-0.36,-0.49,0.67,93.45,2.3,18.7,0.9
1773565358.889238,-0.47,-0.89,0.85,0.84,-44.64,47.24,1.31
1773565358.9948435,-0.43,-0.56,0.79,-64.34,-72.99,9.07,1.06
1773565359.0923972,-0.19,-0.51,0.75,-75.94,-130.78,58.52,0.93
1773565359.2129662,-0.42,-0.48,0.95,-132.63,-98.52,101.71,1.14
1773565359.301024,-0.29,-0.43,0.47,-17.97,-249.27,57.28,0.7
1773565359.4057584,-0.17,-0.4,0.61,-62.2,20.24,-12.64,0.75
1773565359.5143368,0.15,-0.61,0.23,-167.63,57.47,11.65,0.67
1773565359.6114078,0.04,-0.79,0.27,-120.5,84.84,-75.68,0.84
1773565359.724688,-0.1,-0.93,0.42,-31.54,-32.09,-112.81,1.03
1773565359.8196764,-0.01,-0.86,0.34,-105.16,-93.76,30.85,0.92
1773565359.9243436,-0.03,-0.97,0.31,-58.67,-93.77,-5.28,1.02
1773565360.027953,-0.1,-1.0,0.21,-68.0,-58.35,-36.05,1.03
1773565360.1400478,-0.03,-0.97,0.13,-64.81,-33.24,-25.97,0.98
1773565360.243651,-0.11,-1.0,0.11,-57.59,6.17,2.21,1.01
1773565360.3355944,-0.13,-0.93,0.13,-44.2,-4.08,-25.27,0.95
1773565360.439008,-0.13,-0.95,0.07,-18.78,8.35,-52.23,0.96
1773565360.547527,-0.02,-0.95,0.04,-33.97,37.28,-13.8,0.95
1773565360.6434195,-0.01,-1.04,0.08,-19.74,13.68,-2.0,1.04
1773565360.7549975,0.04,-0.99,0.02,-21.04,-32.14,29.16,1.0
1773565360.850883,0.0,-1.01,0.08,-10.0,-67.74,20.4,1.01
1773565360.9557035,0.03,-0.94,0.07,-21.82,-48.53,30.38,0.94
1773565361.0594442,0.01,-0.95,0.06,1.63,-46.06,-10.2,0.95
1773565361.1627102,0.04,-0.99,0.09,13.02,-17.7,-8.11,0.99
1773565361.2669322,0.03,-0.99,0.07,1.34,-16.31,-4.5,1.0
1773565361.3660738,0.06,-0.98,0.04,-2.9,-4.03,8.69,0.98
0.0,0.0,0.0,0.0,0.0,0.0,0.0,0.0
1773565364.7734606,-0.9,-0.13,-0.67,27.14,55.37,-10.72,1.13
1773565364.8796744,-0.84,-0.15,-0.77,97.77,66.14,1.71,1.15
1773565364.9711185,-1.01,-0.09,-0.69,165.51,-15.02,-70.38,1.23
1773565365.081827,-0.63,-0.15,-0.93,241.1,28.24,-70.41,1.13
1773565365.1848128,-0.55,-0.35,-0.61,200.21,102.98,-59.59,0.89
1773565365.289155,-0.67,-0.74,-0.17,255.77,-37.22,4.24,1.01
1773565365.3886642,-0.71,-0.8,0.0,229.05,-14.28,10.49,1.07
1773565365.4968543,-0.51,-0.76,0.15,208.4,-90.26,12.98,0.93
1773565365.5998423,-0.63,-0.71,0.28,84.06,-62.96,-17.36,0.98
1773565365.706883,-0.55,-0.71,0.37,140.34,-99.57,-16.26,0.98
1773565365.8072822,-0.44,-0.62,0.54,122.72,-89.25,-38.03,0.93
1773565365.9076872,-0.52,-0.58,0.7,69.6,-115.24,-32.98,1.05
1773565366.017355,-0.51,-0.62,0.64,69.4,-124.32,-53.6,1.03
1773565366.1121497,-0.33,-0.66,0.57,14.41,-53.65,-52.78,0.93
1773565366.2290988,-0.19,-0.66,0.75,82.23,-47.18,-5.28,1.02
1773565366.320696,0.15,-0.69,0.51,103.14,-153.54,-31.85,0.87
1773565366.4213586,0.06,-0.56,0.6,19.88,-29.82,36.12,0.82
1773565366.5207322,-0.17,-0.45,0.66,11.59,40.14,69.31,0.81
1773565366.6446872,-0.2,-0.32,0.72,98.09,39.22,66.56,0.81
1773565366.735787,-0.43,-0.15,1.18,136.58,-82.63,49.13,1.27
1773565366.8373778,-0.34,-0.11,1.09,52.5,-41.22,28.21,1.15
1773565366.938113,-0.41,-0.14,1.14,16.84,-22.69,-4.67,1.22
1773565367.044597,-0.28,-0.0,1.12,68.41,-55.88,-66.17,1.15
1773565367.1456482,-0.07,-0.13,1.18,-72.99,66.52,-48.99,1.19
1773565367.252164,-0.08,-0.03,0.94,-58.98,-92.41,-25.45,0.95
1773565367.354575,0.13,-0.22,0.55,-95.62,-32.31,20.78,0.61
1773565367.4611695,0.15,-0.28,0.79,-36.73,-43.12,10.04,0.85
1773565367.5566037,0.28,-0.29,0.88,-74.93,-64.21,17.53,0.97
1773565367.6564066,0.09,-0.35,0.94,-123.44,-29.39,-17.51,1.01
1773565367.770641,-0.01,-0.42,0.58,-107.83,-82.67,27.83,0.71
1773565367.8706374,-0.01,-0.5,0.52,-85.04,-37.76,17.8,0.73
1773565367.9731045,-0.07,-0.65,0.75,-12.7,-35.02,-10.61,1.0
1773565368.0711174,-0.06,-0.49,0.66,-45.19,-88.28,51.17,0.82
1773565368.17161,-0.22,-0.78,0.73,-93.95,32.32,24.66,1.09
1773565368.2737267,-0.13,-0.78,0.57,-54.17,-35.5,44.41,0.98
1773565368.3791256,0.06,-0.83,0.59,-96.49,-139.66,107.11,1.02
1773565368.49002,-0.1,-0.94,0.68,-138.99,-109.65,143.59,1.17
1773565368.594409,-0.05,-0.76,0.54,-145.13,-90.66,54.78,0.93
1773565368.7030363,-0.04,-0.84,0.26,-126.02,-102.96,-52.23,0.88
1773565368.80417,0.09,-0.9,0.11,-80.34,-95.95,-7.34,0.91
1773565368.9081385,-0.06,-0.97,0.1,-27.19,10.82,15.83,0.98
1773565369.0103796,-0.11,-1.0,0.07,-61.69,-3.79,-16.12,1.01
1773565369.1583064,-0.02,-1.01,0.01,-67.56,0.82,-40.12,1.01
1773565369.221352,-0.05,-1.0,0.01,-67.74,23.16,-21.54,1.0
1773565369.3127067,-0.02,-0.98,-0.07,-41.91,-5.48,-0.31,0.98
1773565369.4229734,-0.02,-0.93,-0.06,-30.12,4.82,9.5,0.93
1773565369.5255,-0.01,-0.92,-0.07,-6.55,-11.02,12.09,0.92
1773565369.6272948,0.02,-0.95,-0.07,20.49,-14.58,18.0,0.96
1773565369.7371728,0.0,-1.03,-0.06,14.99,-14.96,9.6,1.03
1773565369.8270068,0.05,-1.01,-0.08,9.51,-17.92,-11.7,1.01
1773565369.93752,0.05,-1.0,-0.03,4.69,-21.28,-8.96,1.0
1773565370.039545,0.04,-1.0,-0.03,-29.3,-81.51,-9.68,1.0
0.0,0.0,0.0,0.0,0.0,0.0,0.0,0.0
1773565372.737936,-0.85,-0.52,-0.65,14.15,35.07,-32.26,1.19
1773565372.838054,-0.81,-0.45,-0.78,32.34,105.85,-53.27,1.21
1773565372.9386144,-0.48,-0.48,-0.86,51.6,126.15,-6.83,1.1
1773565373.03894,-0.45,-0.57,-0.88,107.83,133.13,-11.42,1.15
1773565373.1579218,-0.43,-0.53,-0.8,149.48,111.42,-69.5,1.05
1773565373.2461789,-0.29,-0.57,-0.87,203.88,125.8,-85.57,1.08
1773565373.3540392,-0.07,-0.64,-0.74,245.79,121.05,-52.78,0.98
1773565373.4543393,0.25,-0.74,-0.44,268.18,28.03,-30.5,0.9
1773565373.5710373,0.11,-0.84,0.01,283.4,-28.5,-13.19,0.85
1773565373.656987,0.05,-0.92,0.41,246.49,-66.5,2.21,1.01
1773565373.7706935,0.05,-0.84,0.56,119.16,32.96,27.33,1.01
1773565373.8709354,-0.03,-0.82,0.66,48.85,0.08,101.56,1.05
1773565373.9706414,-0.12,-0.74,0.67,-12.61,-26.9,89.46,1.01
1773565374.0716512,-0.24,-0.63,0.63,7.95,-61.95,39.92,0.92
1773565374.179315,-0.28,-0.59,0.39,14.49,-54.09,33.71,0.76
1773565374.2900586,-0.38,-0.72,0.49,62.67,-37.15,16.27,0.95
1773565374.3907075,-0.22,-0.66,0.41,83.42,-21.24,-13.12,0.8
1773565374.4971166,-0.26,-0.66,0.71,94.34,7.5,-4.55,1.0
1773565374.6038144,-0.19,-0.61,0.79,77.56,-8.49,-10.63,1.02
1773565374.704358,-0.19,-0.63,0.78,5.97,30.66,31.19,1.02
1773565374.8039882,-0.35,-0.53,0.78,-10.55,-10.82,2.73,1.01
1773565374.904042,-0.31,-0.45,0.64,3.02,-43.68,-3.02,0.84
1773565375.0045898,-0.31,-0.57,0.74,-3.19,8.27,20.27,0.99
1773565375.1206453,-0.33,-0.69,0.87,-7.94,-28.26,-52.0,1.16
1773565375.2206872,-0.13,-0.65,0.61,-49.13,-29.97,-5.66,0.91
1773565375.322872,-0.15,-0.69,0.62,-57.24,-52.72,20.3,0.94
1773565375.422201,-0.18,-0.55,0.62,-7.34,-125.59,-8.98,0.85
1773565375.5249631,-0.22,-0.48,0.7,6.69,-96.9,-31.83,0.88
1773565375.6331012,-0.15,-0.47,0.66,27.57,-69.19,-3.13,0.83
1773565375.7379196,-0.02,-0.72,0.65,-28.41,55.22,124.09,0.97
1773565375.8273163,-0.25,-0.71,0.87,11.08,-7.42,24.75,1.15
1773565375.937349,-0.11,-0.61,0.62,0.23,-47.92,-12.57,0.87
1773565376.0458975,-0.08,-0.66,0.67,-3.18,-29.15,-0.11,0.94
1773565376.1541705,-0.16,-0.64,0.7,-28.35,-20.9,-23.41,0.97
1773565376.255516,-0.08,-0.65,0.64,7.71,-44.29,-12.78,0.92
1773565376.357093,-0.14,-0.62,0.68,-29.8,-0.73,10.26,0.93
1773565376.4571614,-0.11,-0.7,0.66,-23.74,1.18,2.37,0.96
1773565376.5606542,-0.11,-0.7,0.75,-7.36,9.07,-70.12,1.03
1773565376.6703644,-0.1,-0.8,0.64,-102.09,47.21,-31.89,1.03
1773565376.764592,-0.08,-0.68,0.44,-28.27,-19.25,-85.12,0.81
1773565376.8708415,-0.14,-0.69,0.4,-12.82,58.46,-48.35,0.81
1773565376.9623172,-0.24,-0.68,0.49,201.39,15.07,-57.07,0.87
1773565377.0814571,-0.09,-0.47,0.63,302.78,-69.79,-143.96,0.79
1773565377.178021,0.11,-0.22,0.87,89.76,34.26,-50.57,0.9
1773565377.287235,-0.0,-0.29,1.2,113.95,-65.07,-33.36,1.23
1773565377.3873055,0.28,-0.1,1.12,227.01,-129.5,-72.17,1.16
1773565377.4938934,0.31,0.15,1.01,82.47,-134.6,42.29,1.07
1773565377.5914562,0.22,0.08,1.02,25.36,-29.34,123.37,1.05
1773565377.68842,0.2,0.26,1.05,-29.86,-20.99,127.5,1.1
1773565377.793014,0.2,0.15,1.02,-123.76,203.27,50.98,1.05
1773565377.906411,-0.01,-0.11,1.38,-109.15,184.79,95.27,1.38
1773565378.0105047,0.03,-0.26,0.92,-190.24,155.33,157.59,0.95
1773565378.112417,-0.24,-0.38,0.91,-150.26,12.26,49.46,1.02
1773565378.204614,-0.14,-0.36,0.57,-60.55,-33.88,-4.06,0.69
1773565378.3120458,-0.16,-0.52,0.46,-151.73,-71.21,28.95,0.71
1773565378.422707,-0.14,-0.56,0.52,-118.12,-215.36,71.11,0.78
1773565378.5212986,-0.18,-0.57,0.94,-126.18,-131.08,177.83,1.11
1773565378.6256475,-0.05,-0.6,0.7,-138.99,-134.55,78.32,0.92
1773565378.7237885,-0.03,-0.66,0.45,-151.45,-114.17,66.76,0.8
1773565378.8368795,0.08,-0.85,0.36,-77.98,-103.68,-15.41,0.92
1773565378.937703,0.02,-0.85,0.31,-70.93,-26.47,51.07,0.91
1773565379.0416512,0.05,-0.91,0.28,-36.84,-71.24,11.31,0.95
1773565379.1378288,-0.15,-0.93,0.24,-67.91,7.51,32.56,0.97
1773565379.237605,-0.06,-1.02,0.17,12.21,9.19,-5.13,1.03
1773565379.3544853,-0.03,-0.98,0.2,-33.6,43.16,-43.79,1.01
1773565379.4566648,-0.18,-0.98,0.19,-51.71,26.34,-34.26,1.02
1773565379.5540931,-0.12,-0.87,0.17,-53.45,7.34,-46.25,0.89
1773565379.654086,-0.08,-0.88,0.16,-31.5,-22.75,-4.86,0.9
1773565379.7590857,-0.03,-0.94,0.22,-41.66,-3.83,28.78,0.97
1773565379.8567123,0.06,-0.96,0.12,-29.34,-70.0,21.53,0.96
1773565379.9718633,-0.05,-1.02,0.15,-2.06,-80.78,9.08,1.03
1773565380.0733843,-0.01,-0.96,0.0,-60.7,-15.95,4.88,0.96
1773565380.173407,-0.06,-1.0,0.05,-5.4,-46.15,-9.44,1.01
1773565380.2784598,0.05,-0.95,-0.0,-16.27,-13.02,-19.99,0.95
0.0,0.0,0.0,0.0,0.0,0.0,0.0,0.0
1773565383.70299,-0.77,-0.25,-0.76,8.41,30.47,-57.76,1.11
1773565383.705446,-0.71,-0.27,-0.78,56.06,27.37,-21.77,1.08
1773565383.809689,-1.0,-0.32,-0.97,136.32,-10.43,-90.83,1.43
1773565383.903481,-0.75,-0.23,-1.01,294.75,15.47,-177.21,1.28
1773565384.007581,-0.22,-0.41,-0.78,414.44,-53.91,-116.79,0.91
1773565384.104728,-0.21,-0.72,-0.1,362.98,-90.93,-123.56,0.76
1773565384.2044387,-0.32,-0.63,0.71,399.88,22.11,-52.12,1.0
1773565384.305791,-0.35,-0.56,0.72,88.4,32.34,119.56,0.97
1773565384.4234717,-0.39,-0.53,0.63,55.02,-38.72,114.2,0.91
1773565384.5242214,-0.33,-0.41,0.7,145.05,-117.7,97.3,0.88
1773565384.6298275,-0.29,-0.4,1.06,123.51,-159.47,72.04,1.17
1773565384.720967,-0.26,-0.28,0.95,136.6,-165.8,71.37,1.02
1773565384.8367558,-0.42,-0.26,1.11,-81.28,54.38,86.66,1.21
1773565384.938879,-0.31,-0.25,0.82,19.25,-95.85,48.17,0.91
1773565385.0396202,-0.15,-0.08,0.83,-19.21,-22.66,17.69,0.85
1773565385.150764,-0.21,-0.23,0.92,-36.79,-48.57,5.85,0.97
1773565385.252811,-0.19,-0.16,0.84,29.97,-56.12,-10.93,0.88
1773565385.3536663,-0.31,-0.18,1.01,12.6,-16.21,14.32,1.07
1773565385.4575083,-0.27,-0.15,0.88,-14.99,50.81,-7.92,0.93
1773565385.557281,-0.34,-0.32,0.88,-99.6,85.02,25.57,1.0
1773565385.6677265,-0.24,-0.27,0.84,-27.08,-14.66,-105.15,0.92
1773565385.7701375,-0.22,-0.18,0.83,1.98,-13.51,-104.46,0.88
1773565385.8716888,-0.22,-0.26,0.82,-16.75,4.58,21.33,0.89
1773565385.972124,-0.24,-0.38,0.76,-25.24,15.22,2.96,0.88
1773565386.0762725,-0.25,-0.37,0.8,14.03,-39.07,-21.15,0.92
1773565386.181711,-0.28,-0.39,0.8,-5.98,-12.98,-3.54,0.93
1773565386.287076,-0.31,-0.39,0.84,-1.25,-11.73,1.82,0.98
1773565386.3931932,-0.32,-0.41,0.87,-10.27,-22.66,-16.21,1.02
1773565386.4893954,-0.35,-0.36,0.91,-40.9,3.91,-47.51,1.04
1773565386.5904803,-0.23,-0.39,0.72,-19.3,-58.47,-51.53,0.85
1773565386.690167,-0.17,-0.39,0.71,14.95,0.88,-39.22,0.83
1773565386.8033142,-0.17,-0.39,0.81,31.63,10.14,8.84,0.91
1773565386.9035008,-0.18,-0.43,0.87,11.48,-14.46,-10.4,0.98
1773565387.0088449,-0.24,-0.3,0.86,22.17,-43.73,-3.48,0.94
1773565387.1080987,-0.3,-0.29,0.95,-12.21,22.67,11.43,1.04
1773565387.212515,-0.27,-0.44,0.81,-35.85,28.24,26.04,0.97
1773565387.3196635,-0.23,-0.37,0.81,-13.39,10.78,-42.6,0.92
1773565387.4212272,-0.31,-0.35,0.88,-62.18,-16.05,-37.85,1.0
1773565387.5235066,-0.24,-0.36,0.74,-49.57,-34.58,-44.38,0.86
1773565387.626211,-0.21,-0.43,0.8,-50.09,-20.46,-22.23,0.94
1773565387.7326746,-0.23,-0.57,0.79,-34.38,-14.21,-27.3,1.0
1773565387.8277924,-0.19,-0.67,0.78,-4.34,-14.02,-34.83,1.04
1773565387.9351823,-0.14,-0.78,0.7,-25.21,36.32,-48.11,1.06
1773565388.0399077,-0.13,-0.66,0.61,117.42,-61.08,-62.81,0.9
1773565388.1428802,-0.16,-0.37,0.53,197.27,-35.88,18.24,0.66
1773565388.2445097,-0.34,-0.05,0.73,135.05,140.06,-37.48,0.8
1773565388.353868,-0.34,-0.24,0.81,98.15,32.27,108.63,0.91
1773565388.4635737,-0.13,-0.19,0.9,12.56,-167.05,94.59,0.93
1773565388.557985,-0.4,0.11,1.12,-52.17,-80.61,-22.5,1.19
1773565388.661985,-0.45,0.09,1.08,30.0,-69.94,43.27,1.17
1773565388.768493,-0.3,0.08,0.98,79.59,-4.9,19.98,1.03
1773565388.8698852,-0.13,0.04,1.09,74.05,-122.84,25.72,1.09
1773565388.9713523,0.46,0.27,0.97,192.95,-196.98,-53.15,1.11
1773565389.0691967,0.77,0.49,1.13,-11.15,-172.78,-77.01,1.45
1773565389.177708,0.42,0.57,1.2,35.01,-86.15,45.8,1.39
1773565389.274509,0.28,0.37,1.06,66.85,42.01,4.69,1.16
1773565389.3858333,0.06,0.25,0.84,29.89,40.4,75.82,0.88
1773565389.474126,-0.07,0.29,0.62,-37.4,20.64,72.58,0.68
1773565389.5901291,0.04,0.18,0.45,-69.86,56.61,81.5,0.49
1773565389.686151,0.0,0.22,0.69,-142.23,58.49,48.99,0.72
1773565389.786932,0.01,0.32,0.86,-24.61,15.59,15.01,0.92
1773565389.8887577,0.09,0.08,0.81,22.63,55.71,101.04,0.82
1773565390.002632,0.09,-0.18,0.51,-21.86,30.59,308.72,0.55
1773565390.1058369,-0.11,-0.09,1.15,-49.45,219.13,219.3,1.15
1773565390.2028637,-0.38,0.08,1.15,106.98,-241.88,110.3,1.21
1773565390.302879,0.04,0.34,0.73,20.75,-31.66,40.44,0.81
1773565390.417091,-0.09,0.14,0.95,-195.73,338.44,108.61,0.96
1773565390.519477,-0.59,-0.32,0.97,-306.66,177.07,205.14,1.18
1773565390.6211083,-0.37,0.01,0.72,-14.18,-53.79,50.7,0.81
1773565390.7198193,-0.32,-0.05,0.86,-27.16,-57.15,68.61,0.92
1773565390.8274083,-0.26,-0.05,0.77,-163.33,2.08,65.02,0.82
1773565390.926091,-0.96,0.12,1.29,-87.24,17.25,-46.29,1.61
1773565391.037816,-0.27,-0.09,0.93,137.3,-98.7,-33.07,0.97
1773565391.1412709,-0.14,0.03,1.06,-34.11,1.22,34.08,1.07
1773565391.2350855,-0.21,0.15,1.02,-79.22,-149.63,33.56,1.05
1773565391.3375802,-0.38,-0.08,1.08,-55.73,-93.8,36.96,1.15
1773565391.4528432,-0.14,-0.11,0.85,-47.37,-89.3,75.68,0.87
1773565391.5524857,-0.09,0.01,0.69,23.34,-129.8,132.26,0.69
1773565391.6553345,-0.1,0.02,0.74,-29.53,-14.53,192.47,0.74
1773565391.7535026,-0.08,0.13,0.82,91.57,72.11,277.65,0.84
1773565391.855901,-0.29,0.05,0.99,29.04,-41.34,95.62,1.03
1773565391.9540398,-0.11,-0.04,0.96,-91.18,-69.33,21.92,0.97
1773565392.069379,-0.18,-0.3,1.12,87.01,-13.16,62.01,1.17
1773565392.1695058,-0.08,0.02,1.03,60.12,-24.12,-1.85,1.04
1773565392.2718415,-0.06,-0.05,1.07,-20.96,-30.29,23.95,1.07
1773565392.370119,-0.07,-0.03,1.0,-75.19,-122.81,-23.3,1.01
1773565392.4861002,-0.11,-0.11,0.9,-4.08,-73.25,76.14,0.92
1773565392.5878825,-0.19,0.08,0.92,30.29,-91.62,88.2,0.94
1773565392.6858191,-0.33,0.07,0.94,-23.59,-9.62,-49.19,1.0
1773565392.791531,-0.12,-0.05,0.91,-8.34,-55.19,-9.79,0.92
1773565392.885684,-0.08,-0.0,0.92,-59.22,-74.53,-20.05,0.92
1773565393.0093408,-0.01,-0.05,0.98,-40.5,-86.7,19.94,0.98
1773565393.1027594,0.33,-0.01,0.74,35.92,-39.31,-28.44,0.81
1773565393.2025805,0.16,-0.15,0.84,4.23,-32.02,8.78,0.87
1773565393.3086324,0.14,0.01,0.97,44.18,57.05,-11.13,0.98
1773565393.4015388,0.23,-0.08,0.95,-71.16,-57.15,-15.71,0.99
1773565393.5189767,0.12,-0.02,0.88,-29.05,-58.5,-69.41,0.88
1773565393.6197703,0.38,-0.07,0.85,-73.85,-67.99,-18.28,0.94
1773565393.7248878,0.07,-0.13,1.11,101.04,63.95,33.82,1.12
1773565393.8270648,0.17,0.04,0.98,10.52,89.48,2.08,0.99
1773565393.926326,0.13,0.0,1.0,33.73,27.14,-6.26,1.0
1773565394.0234566,0.18,0.05,0.85,32.64,-35.57,2.73,0.87
1773565394.1356957,0.2,0.02,0.98,-2.02,17.25,39.27,1.0
1773565394.2371037,0.21,-0.09,0.92,0.06,-43.19,18.09,0.95
1773565394.3378637,-0.28,0.16,1.24,-84.2,88.56,4.14,1.28
1773565394.4383955,0.33,-0.03,0.73,-38.7,2.53,32.49,0.8
1773565394.5393224,0.07,0.12,0.88,-11.27,14.21,-28.14,0.89
1773565394.6587944,0.23,-0.2,0.89,-56.15,-45.42,-12.32,0.94
1773565394.7688932,-0.17,0.03,1.01,-36.66,-27.83,-6.34,1.03
1773565394.853184,0.06,0.08,1.04,17.54,24.09,-5.89,1.04
1773565394.9523883,0.03,-0.07,0.84,-7.88,28.92,-18.89,0.85
1773565395.0511944,0.06,-0.07,0.95,11.95,24.61,58.72,0.95
1773565395.169025,-0.03,-0.03,0.91,-30.84,-3.68,74.21,0.91
1773565395.276005,-0.13,0.04,0.9,6.75,55.07,10.69,0.91
1773565395.3732643,0.02,-0.03,0.92,-11.04,-20.05,49.95,0.92
1773565395.4769745,0.02,-0.09,0.96,-9.77,-59.88,-31.12,0.96
1773565395.5745158,0.02,-0.05,0.91,-50.35,-22.15,-68.2,0.91
1773565395.6742382,0.01,-0.05,0.94,-52.24,-20.64,-114.78,0.94
1773565395.7901225,0.04,-0.16,1.01,-73.01,-62.23,8.95,1.02
1773565395.8909464,-0.01,-0.14,0.93,-32.78,80.23,-89.54,0.94
1773565395.990731,-0.07,-0.2,0.87,-17.79,-37.18,-59.63,0.9
1773565396.0910478,-0.07,-0.19,0.63,-30.41,-73.01,-166.76,0.66
1773565396.2041953,0.01,-0.15,0.37,78.99,-159.16,-98.67,0.4
1773565396.3068843,0.38,0.15,0.61,204.09,-379.8,-154.72,0.73
1773565396.403782,1.18,0.37,0.61,215.83,-498.86,-66.75,1.38
1773565396.505895,1.33,0.44,0.4,356.96,-284.43,-42.2,1.46
1773565396.618833,1.12,0.54,0.29,245.57,-210.89,15.43,1.28
1773565396.7202885,1.26,0.56,0.16,130.89,-214.92,44.66,1.39
1773565396.817974,1.18,0.42,-0.04,-61.83,-101.45,57.95,1.25
1773565396.9281654,1.19,0.35,-0.16,-105.5,62.56,61.66,1.25
1773565397.0255885,1.06,0.35,-0.31,-158.99,173.5,87.97,1.16
1773565397.1356337,0.84,0.25,-0.39,-148.64,190.18,78.35,0.96
1773565397.2409434,0.54,0.05,-0.28,-53.05,41.47,8.55,0.61
1773565397.34915,0.62,0.1,-0.14,110.93,-71.74,-72.6,0.65
1773565397.4373453,0.99,0.48,-0.07,224.76,-203.16,-117.91,1.1
1773565397.5357392,1.26,0.61,-0.17,82.58,-245.59,-58.25,1.41
1773565397.6497903,1.08,0.31,-0.13,-19.34,-18.6,-37.79,1.13
1773565397.754539,1.15,0.51,-0.33,-81.18,-46.9,62.88,1.3
1773565397.8551722,0.86,0.46,-0.28,-66.87,82.52,41.4,1.01
1773565397.9556923,0.94,0.47,-0.41,-4.81,136.7,31.71,1.12
1773565398.0690477,1.08,0.45,-0.23,103.79,114.09,24.38,1.19
1773565398.1725705,1.33,0.86,0.37,-85.73,180.12,62.04,1.63
1773565398.2697456,0.67,0.26,0.67,-319.97,432.46,-26.75,0.98
1773565398.3782148,0.52,-0.05,0.26,-246.69,282.29,-41.94,0.59
1773565398.479458,0.64,-0.16,0.51,-145.24,61.74,-49.62,0.83
1773565398.571072,0.41,-0.02,0.76,-16.24,83.28,-55.86,0.86
1773565398.685339,0.41,-0.16,0.78,-17.34,-12.53,-17.16,0.89
0.0,0.0,0.0,0.0,0.0,0.0,0.0,0.0
1773565429.773605,0.42,-0.31,0.8,4.47,-1.44,-1.56,0.96
1773565429.8677404,0.42,-0.32,0.79,-6.46,-2.86,-6.15,0.95
1773565429.9820166,0.41,-0.29,0.8,-1.28,8.49,-20.76,0.95
1773565430.084334,0.42,-0.3,0.81,-9.22,6.06,-14.44,0.96
1773565430.1844287,0.37,-0.24,0.77,-14.46,3.76,10.12,0.89
1773565430.28362,0.41,-0.26,0.79,13.19,16.79,-14.92,0.93
1773565430.3819585,0.42,-0.28,0.81,-0.14,17.08,-7.51,0.96
1773565430.4986806,0.44,-0.31,0.8,3.48,58.92,16.17,0.97
1773565430.6002667,0.36,-0.33,0.77,12.18,74.93,32.14,0.91
1773565430.7017915,0.29,-0.33,0.77,-3.01,75.88,38.21,0.89
1773565430.8013003,0.16,-0.32,0.77,12.14,78.58,50.08,0.85
1773565430.898949,0.18,-0.31,0.61,5.86,90.2,10.85,0.71
1773565431.017272,0.18,-0.25,0.4,-27.5,87.43,29.21,0.5
1773565431.1166818,0.06,-0.01,-0.14,-50.79,157.83,35.48,0.15
1773565431.2144704,0.02,-0.04,0.09,-320.27,91.33,164.69,0.1
1773565431.316885,-0.27,-0.61,1.86,119.86,161.3,96.93,1.98
1773565431.4180646,-2.0,2.0,-0.46,498.63,489.97,498.34,2.87
1773565431.5310533,-0.35,1.91,-1.94,-129.97,333.4,-502.2,2.74
1773565431.632202,-0.76,-0.99,0.57,-172.72,-235.13,88.76,1.37
1773565431.738344,0.14,0.89,1.1,169.56,-510.57,498.34,1.42
1773565431.8395886,-0.57,1.09,0.65,-86.96,-191.71,26.01,1.39
1773565431.9327557,0.64,-0.17,0.87,-16.15,80.27,-84.2,1.1
1773565432.0359273,-0.91,0.36,0.78,132.75,49.24,49.21,1.25
1773565432.14875,-0.16,0.09,0.73,169.08,153.62,-205.44,0.75
1773565432.255481,-0.27,0.3,0.45,133.21,263.37,-192.05,0.6
1773565432.3501835,-0.73,-0.08,0.59,113.98,182.78,-282.52,0.94
1773565432.450926,-1.06,-0.14,0.93,135.24,-52.81,-114.18,1.42
1773565432.5665712,-0.41,-0.15,0.93,41.66,-210.99,44.96,1.02
1773565432.6684847,-0.74,0.28,0.73,4.84,-148.93,80.4,1.08
1773565432.771831,-0.73,0.56,0.76,-37.54,-127.22,56.38,1.19
0.0,0.0,0.0,0.0,0.0,0.0,0.0,0.0
1773565445.1962368,0.23,-0.1,0.81,-20.26,-27.04,29.82,0.84
1773565445.3011858,0.44,-0.18,0.77,35.47,27.19,-22.17,0.9
1773565445.401059,0.52,-0.21,0.77,14.37,61.56,22.24,0.96
1773565445.5148678,0.33,-0.21,0.78,20.15,48.67,32.04,0.87
1773565445.6172044,0.22,-0.21,0.93,25.13,48.69,21.01,0.98
1773565445.7195945,0.21,-0.16,0.94,-23.1,2.7,31.97,0.98
1773565445.8271632,0.14,-0.16,0.88,-26.55,-21.33,-1.48,0.91
1773565445.9302447,0.21,-0.14,0.91,2.09,-1.31,-4.26,0.95
1773565446.0319605,0.17,-0.15,0.89,-10.03,23.8,-2.75,0.92
1773565446.1316326,0.18,-0.18,0.88,0.87,58.66,-13.36,0.91
1773565446.2309463,0.21,-0.23,0.82,-3.47,82.81,5.36,0.87
1773565446.3358018,0.17,-0.23,0.79,7.33,80.43,36.03,0.84
1773565446.4327865,0.18,-0.2,0.68,-12.41,85.16,55.91,0.73
1773565446.548865,0.15,-0.18,0.45,4.34,102.09,-0.17,0.51
1773565446.6470082,-0.16,-0.0,0.23,10.06,221.59,55.72,0.28
1773565446.7470713,-0.85,1.51,-0.01,-38.05,489.97,405.83,1.74
1773565446.8515477,-2.0,2.0,-2.0,498.63,-510.57,498.34,3.46
1773565446.963707,-2.0,0.91,-1.45,146.24,107.66,-502.2,2.63
1773565447.0639927,-0.94,0.08,0.21,59.73,-23.25,-297.12,0.97
1773565447.1646638,-1.22,0.09,0.04,127.77,99.37,112.85,1.23
1773565447.2637086,-1.38,-0.03,-0.13,-5.02,75.95,-121.1,1.39
1773565447.3777509,-0.81,-0.03,-0.01,13.5,-91.7,-50.7,0.81
1773565447.4803605,-0.77,0.01,0.06,46.02,-50.34,-17.91,0.77
1773565447.5819817,-0.93,-0.04,0.13,8.0,-76.11,2.14,0.94
1773565447.680323,-0.83,-0.04,0.24,15.05,-89.34,8.26,0.87
1773565447.7833884,-0.77,-0.0,0.27,-6.11,-120.17,74.59,0.82
1773565447.8810956,-0.85,0.08,0.48,-15.3,-133.79,111.01,0.98
1773565447.998427,-0.91,0.11,0.44,-24.23,-98.11,100.4,1.01
1773565448.096985,-0.76,0.22,0.69,48.66,-178.73,119.21,1.05
1773565448.1905382,-0.53,0.28,0.69,46.12,-116.75,38.59,0.92
1773565448.2973878,-0.56,0.5,0.61,27.18,-48.29,59.77,0.96
1773565448.405791,-0.68,0.38,0.61,-1.1,-18.84,19.08,0.99
1773565448.5149794,-0.7,0.41,0.61,6.6,-14.52,2.17,1.02
1773565448.614614,-0.65,0.41,0.59,-18.58,-27.07,10.3,0.97
0.0,0.0,0.0,0.0,0.0,0.0,0.0,0.0
1773565463.4403946,-0.0,-0.0,-0.0,-1.65,-10.31,-1.94,0.0
1773565463.5540216,0.18,-1.01,0.08,-1.63,-10.29,-1.92,1.03
1773565463.6596615,0.09,-0.79,0.19,57.79,-36.44,51.28,0.82
1773565463.7616494,-0.11,-1.08,0.29,67.62,-34.21,54.72,1.13
1773565463.8793082,-0.33,-0.98,0.28,-9.83,-7.97,12.75,1.07
1773565464.00475,-0.19,-0.94,0.28,-10.32,20.56,16.88,1.0
1773565464.0664563,-0.22,-0.91,0.19,-11.22,24.3,11.24,0.96
1773565464.2020044,-0.19,-0.91,0.2,-0.99,17.66,39.68,0.95
1773565464.2691247,-0.19,-0.89,0.15,-1.83,21.89,72.32,0.93
1773565464.394181,-0.18,-0.86,0.09,-7.31,18.55,68.32,0.89
1773565464.478635,-0.13,-0.62,0.06,11.36,33.51,77.62,0.64
1773565464.6266425,0.07,-0.17,0.02,97.13,-55.89,63.37,0.19
1773565464.6879067,-0.14,-0.5,0.64,109.68,214.38,147.8,0.82
1773565464.7855873,-0.15,-1.56,1.26,144.9,111.63,498.34,2.01
1773565464.8816383,-0.89,0.69,-1.26,134.18,250.15,430.49,1.69
1773565464.9949543,-0.45,0.75,-0.09,334.96,460.14,100.63,0.89
1773565465.095495,-0.5,-0.31,-0.92,252.34,123.27,-184.03,1.09
1773565465.2774756,-0.12,-1.23,-0.64,-7.25,7.45,-175.97,1.39
1773565465.2961416,-0.84,-0.45,-0.88,-52.79,-0.24,38.64,1.3
1773565465.4413695,-0.97,-0.21,-0.56,126.32,-37.15,26.35,1.14
1773565465.5129075,-0.72,-0.42,-0.44,64.2,-123.5,-24.06,0.95
1773565465.6558182,-0.78,-0.59,-0.4,57.28,-102.28,-17.86,1.05
1773565465.7186894,-0.71,-0.52,-0.21,45.71,-81.18,46.43,0.9
0.0,0.0,0.0,0.0,0.0,0.0,0.0,0.0
1773565483.1297612,0.16,-0.53,0.71,-7.6,-20.64,26.43,0.9
1773565483.1826751,0.13,-0.64,0.71,-4.84,-25.79,5.51,0.97
1773565483.2842984,0.18,-0.54,0.77,-5.63,-1.74,-3.8,0.96
1773565483.3849049,0.16,-0.53,0.73,-15.4,0.14,7.27,0.92
1773565483.48965,0.22,-0.45,0.84,-23.08,-28.34,12.23,0.97
1773565483.5972228,0.21,-0.5,0.75,-90.24,-4.69,5.34,0.93
1773565483.6928566,0.2,-0.65,0.56,-40.49,-24.47,20.14,0.88
1773565483.7970524,0.19,-0.71,0.54,59.68,-2.2,31.71,0.91
1773565483.9094732,0.13,-0.62,0.66,61.3,-4.23,41.14,0.91
1773565483.997614,0.07,-0.56,0.69,60.55,-6.96,27.85,0.89
1773565484.109759,0.11,-0.54,0.68,67.51,-14.76,11.33,0.87
1773565484.213631,0.1,-0.49,0.69,72.27,-15.39,1.79,0.85
1773565484.3105192,0.12,-0.45,0.66,92.35,-4.72,-2.79,0.8
1773565484.4106302,0.02,-0.33,0.52,18.06,-68.6,25.25,0.62
1773565484.5265152,0.2,-0.39,0.35,-45.48,-168.69,19.83,0.56
1773565484.627108,0.1,-0.85,-0.12,-101.98,271.95,-80.38,0.87
1773565484.7319148,2.0,-0.78,1.31,-501.91,-390.72,-1.76,2.51
1773565484.874981,-0.0,-0.0,-0.0,-1.65,-10.31,-1.94,0.0
1773565484.977495,1.01,0.2,0.76,-101.95,-510.57,498.34,1.28
1773565485.0771446,-0.05,-0.23,1.41,41.01,30.96,-23.54,1.43
1773565485.1931622,0.21,-0.1,0.83,-9.19,-79.1,62.27,0.86
1773565485.2963505,0.43,-0.1,0.87,28.23,0.88,6.87,0.98
1773565485.3951876,0.19,-0.07,0.83,19.1,-26.47,-33.19,0.86
1773565485.4957404,0.27,-0.1,0.81,23.44,3.59,-16.9,0.86
1773565485.5957012,0.29,-0.18,0.94,-2.96,17.25,0.95,1.0
1773565485.7097929,0.23,-0.1,0.85,9.13,-12.96,12.12,0.89
1773565485.8093622,0.32,-0.12,0.89,8.18,-3.8,-4.9,0.95
1773565485.911998,0.26,-0.06,0.89,-1.76,-14.05,-10.73,0.93
1773565486.0220003,0.26,-0.08,0.89,-6.29,-6.38,-6.12,0.93
1773565486.1111212,0.26,-0.08,0.88,-7.21,-38.26,-0.89,0.92
1773565486.213746,0.28,-0.1,0.87,11.74,-27.21,1.05,0.92
1773565486.3268847,0.46,-0.02,0.81,3.48,-15.39,-4.32,0.93
1773565486.4308598,0.35,-0.01,0.86,7.07,-11.5,1.05,0.93
1773565486.5259824,0.39,-0.06,0.93,-7.37,-19.44,0.87,1.01
0.0,0.0,0.0,0.0,0.0,0.0,0.0,0.0
1773565500.1244762,-0.01,-0.87,0.32,23.73,-17.57,12.47,0.92
1773565500.1887658,0.05,-0.82,0.28,37.92,-19.25,24.75,0.87
1773565500.283135,0.06,-0.74,0.38,97.45,-56.89,-0.93,0.83
1773565500.3940084,-0.03,-0.72,0.46,189.66,-23.89,6.06,0.85
1773565500.491587,-0.05,-0.66,0.45,254.52,-33.53,7.27,0.8
1773565500.5921977,-0.0,-0.17,0.1,297.18,56.11,1.91,0.2
1773565500.6921663,-1.09,-0.77,2.0,498.63,-261.74,-124.98,2.4
1773565500.8088894,0.47,1.11,-1.18,81.91,278.87,230.3,1.69
1773565500.9087343,0.23,0.06,1.02,-59.65,117.65,35.37,1.05
1773565501.012354,0.09,0.95,0.57,-28.61,100.35,89.89,1.12
1773565501.1243849,-0.16,0.7,0.68,-109.37,9.63,-15.31,0.99
1773565501.2241356,-0.17,0.32,0.84,-82.23,-25.86,-15.94,0.92
1773565501.328469,0.09,-0.02,1.02,-51.1,-16.76,-35.5,1.02
1773565501.4263878,-0.12,0.34,0.9,14.84,13.74,-1.39,0.97
1773565501.5326903,-0.22,0.22,0.99,19.24,14.01,-26.2,1.04
1773565501.6285362,-0.19,0.48,1.08,31.54,-37.1,-30.99,1.2
0.0,0.0,0.0,0.0,0.0,0.0,0.0,0.0
1773565518.1815329,0.06,-0.87,0.35,48.53,-34.92,6.79,0.94
1773565518.2731476,0.04,-0.84,0.35,70.98,-17.62,10.53,0.91
1773565518.3894012,0.02,-0.79,0.38,94.05,-2.17,13.22,0.88
1773565518.493179,-0.01,-0.7,0.43,116.75,13.72,17.51,0.82
1773565518.5922773,-0.04,-0.55,0.51,160.35,14.98,9.51,0.75
1773565518.7007906,-0.11,-0.4,0.56,192.2,41.89,20.29,0.7
1773565518.8046837,-0.37,-0.23,0.24,172.76,40.17,13.53,0.5
1773565518.9059474,0.79,0.02,2.0,221.24,-31.02,84.12,2.15
1773565519.006363,2.0,2.0,0.01,-270.69,418.4,-231.3,2.83
1773565519.1070826,0.03,1.63,0.67,-56.61,-51.44,-268.54,1.76
1773565519.2234306,-0.13,0.44,0.64,201.74,66.01,-5.45,0.78
1773565519.3269176,-0.18,0.26,0.84,2.24,59.22,-19.89,0.9
1773565519.4250395,-0.46,0.34,0.77,39.42,57.05,-22.76,0.96
1773565519.52397,-0.53,0.43,0.69,-2.86,-16.44,-50.96,0.97
1773565519.6227193,-0.35,0.26,0.82,-41.5,-50.44,-41.02,0.93
1773565519.7317965,-0.34,0.28,0.82,-46.41,-18.69,-22.12,0.93
1773565519.833666,-0.43,0.22,0.81,-43.08,-29.95,-22.05,0.94
1773565519.9399822,-0.34,0.15,0.83,-38.09,-39.15,-15.6,0.91
0.0,0.0,0.0,0.0,0.0,0.0,0.0,0.0
1773565532.028187,0.12,-0.39,0.86,21.3,-27.85,-29.91,0.95
1773565532.1241064,0.05,-0.32,0.92,28.38,-36.4,-8.86,0.98
1773565532.2298782,0.05,-0.26,0.91,-16.9,-11.95,-16.11,0.95
1773565532.329104,0.13,-0.32,0.85,-2.2,-25.86,-0.6,0.92
1773565532.4431312,0.1,-0.28,0.87,6.35,-19.19,3.59,0.92
1773565532.5387526,0.11,-0.28,0.87,-1.13,-22.58,-2.49,0.92
1773565532.639584,0.1,-0.3,0.85,18.09,-18.2,-5.62,0.91
1773565532.7517488,0.1,-0.28,0.87,13.27,-14.98,-15.13,0.92
1773565532.8558457,0.1,-0.29,0.84,19.95,-12.72,-17.88,0.89
1773565532.960218,0.09,-0.27,0.83,40.15,-22.06,-14.86,0.88
1773565533.060995,0.11,-0.27,0.82,52.58,-19.01,-8.96,0.87
1773565533.1706536,0.11,-0.26,0.79,37.24,-34.63,-3.05,0.84
1773565533.2716122,0.03,-0.3,0.61,40.72,-15.1,-12.12,0.68
1773565533.371138,0.22,-0.46,0.25,-100.43,13.5,-106.83,0.56
1773565533.4740465,-0.39,-0.76,-0.29,-204.99,425.62,-463.05,0.9
1773565533.5742433,0.66,-0.43,2.0,-501.91,256.01,-41.71,2.15
1773565533.6888976,-2.0,-2.0,0.76,498.63,-83.22,-502.2,2.93
1773565533.7924976,0.11,-0.16,0.92,43.27,47.74,-66.23,0.94
1773565533.895562,0.29,0.04,0.81,12.99,-74.18,73.98,0.86
1773565534.0005994,0.32,-0.37,0.83,-34.29,-35.74,17.59,0.96
1773565534.0960984,0.24,-0.38,0.83,-6.4,-22.72,-11.68,0.94
1773565534.9626596,0.27,-0.38,0.82,19.73,3.37,-9.37,0.94
1773565535.0539508,0.27,-0.32,0.86,6.38,-3.3,-5.99,0.96
1773565535.1715417,0.27,-0.35,0.83,-13.88,-18.15,4.27,0.94
1773565535.2688882,0.25,-0.34,0.83,-8.24,-17.89,1.75,0.93
1773565535.3758454,0.27,-0.34,0.84,-3.15,-11.91,-3.63,0.94
1773565535.4716136,0.26,-0.31,0.83,-8.17,-10.35,-0.4,0.93
1773565535.5736322,0.25,-0.34,0.86,-13.8,-9.33,0.08,0.96
1773565535.6738148,0.26,-0.31,0.82,-14.47,-9.02,9.21,0.92
1773565535.7807226,0.42,-0.35,0.91,12.37,-24.0,-77.88,1.06
1773565535.8861835,0.37,-0.25,0.75,-11.16,-49.71,-53.04,0.87
1773565535.9859085,0.23,-0.28,0.87,-23.6,-77.59,2.76,0.94
1773565536.092918,0.46,-0.34,0.76,-16.43,-59.66,4.2,0.95
1773565536.1877544,0.34,-0.39,0.69,-69.57,-31.94,4.81,0.87
1773565536.2899914,0.31,-0.45,0.78,-31.44,-2.03,-41.02,0.95
1773565536.4037087,0.39,-0.39,0.72,-57.4,2.12,31.48,0.91
1773565536.506612,0.28,-0.46,0.72,-18.11,38.17,45.77,0.91
1773565536.6047616,0.3,-0.32,0.86,5.51,-40.38,107.69,0.97
1773565536.6999435,-0.08,-0.33,0.92,120.17,-31.15,253.83,0.98
1773565536.8100498,-0.34,0.09,0.89,180.67,-41.16,94.76,0.96
1773565536.9208157,0.76,-0.4,2.0,191.37,-280.18,212.21,2.18
1773565537.0250545,0.01,-0.11,1.2,-48.38,-155.24,66.98,1.21
1773565537.1218853,0.41,0.13,1.03,-56.93,37.88,77.21,1.11
1773565537.303706,0.11,-0.08,0.7,-145.1,99.37,27.31,0.71
1773565537.3317738,-0.11,-0.23,0.51,-57.97,22.18,55.89,0.57
1773565537.4891071,-0.2,-0.19,0.53,-13.57,2.44,-5.73,0.6
1773565537.543602,-0.21,-0.3,0.7,-13.13,-70.95,-0.02,0.8
1773565537.6373942,-0.15,-0.13,0.79,128.17,-30.86,18.7,0.82
1773565537.7467363,-0.15,-0.04,0.92,70.72,-75.92,-38.17,0.93
1773565537.8399904,0.09,-0.02,0.99,7.07,-65.04,-51.56,1.0
1773565537.954481,0.15,-0.01,0.95,0.53,-89.86,-2.87,0.97
1773565538.1191566,0.2,-0.04,0.93,-13.5,-48.35,-30.23,0.95
1773565538.1600215,0.11,0.08,0.83,-94.32,-89.82,-13.51,0.84
1773565538.3146217,0.24,-0.04,0.89,24.61,-1.36,-42.43,0.92
1773565538.3703487,0.21,-0.0,0.93,5.36,-25.99,-38.09,0.95
1773565538.5181992,0.2,0.02,0.89,-1.11,-13.54,-46.76,0.91
0.0,0.0,0.0,0.0,0.0,0.0,0.0,0.0
1773565546.1069307,0.34,-0.1,0.85,-22.17,-0.37,28.88,0.92
1773565546.1613848,0.34,-0.11,0.83,-31.63,-18.67,-1.97,0.9
1773565546.2682972,0.35,-0.13,0.84,3.36,-10.76,-13.22,0.92
1773565546.371395,0.36,-0.11,0.85,2.0,-5.95,-12.63,0.93
1773565546.4716485,0.44,-0.05,0.88,-7.59,-5.59,17.77,0.98
1773565546.57271,0.39,-0.15,0.8,-34.66,-1.56,69.25,0.9
1773565546.6725693,0.37,-0.22,0.79,17.05,-46.34,69.17,0.9
1773565546.7823386,0.31,-0.17,0.78,58.58,-46.52,51.01,0.85
1773565546.872992,0.27,-0.15,0.9,103.36,-60.0,12.76,0.95
1773565546.987429,0.29,-0.29,0.87,44.4,-58.99,22.06,0.96
1773565547.0864675,0.27,-0.67,0.71,-117.8,-96.9,45.53,1.01
1773565547.203373,0.2,-0.82,0.2,-152.18,-10.17,21.27,0.87
1773565547.303058,-0.24,-0.46,-0.13,-157.18,193.72,-194.29,0.53
1773565547.3915715,-0.83,0.87,1.14,150.64,250.38,95.77,1.66
1773565547.504382,2.0,1.01,-0.1,-501.91,489.97,22.63,2.24
1773565547.606115,-0.37,0.58,0.28,498.63,-21.71,375.39,0.74
1773565547.7037385,1.05,-0.85,0.46,-66.64,-122.96,-0.06,1.43
1773565547.8115425,0.91,0.16,0.33,45.85,106.41,-66.92,0.98
1773565547.9196494,0.42,-0.92,0.58,-27.24,-63.28,58.67,1.17
1773565548.0081558,0.41,-0.17,0.88,-39.63,-91.65,-27.62,0.98
1773565548.1193209,0.4,-0.08,0.82,-42.08,64.72,-49.83,0.91
1773565548.224515,0.41,-0.41,0.79,-1.31,-17.8,-50.29,0.98
1773565548.3202906,0.43,-0.04,0.85,-16.47,-20.18,-2.61,0.96
1773565548.4360278,0.49,-0.09,0.78,-10.0,-9.57,2.15,0.93
1773565548.5279288,0.48,-0.29,0.78,-27.92,-27.77,8.23,0.97
1773565548.6362653,0.38,-0.2,0.84,-32.02,-9.12,-11.5,0.94
1773565548.7453294,0.55,-0.28,0.8,5.83,4.14,-27.94,1.01
1773565548.8459058,0.46,-0.18,0.82,21.92,18.44,-22.75,0.95
1773565548.9527442,0.41,-0.09,0.9,-8.9,7.13,-19.56,0.99
1773565549.0524096,0.44,-0.22,0.76,-50.15,-3.92,6.12,0.91
1773565549.1528995,0.41,-0.29,0.8,-84.46,-41.68,76.98,0.94
1773565549.2600868,0.46,-0.33,0.81,-9.6,1.79,-4.61,0.98
1773565549.3638563,0.45,-0.21,0.71,6.98,-5.33,-4.23,0.86
1773565549.4556422,0.38,-0.28,0.81,17.16,-10.57,-0.87,0.94
1773565549.561056,0.41,-0.27,0.78,5.05,-9.25,-2.25,0.92
1773565549.668864,0.41,-0.28,0.8,1.02,-1.8,-3.02,0.94
1773565549.7762148,0.36,-0.27,0.8,1.34,3.22,2.4,0.92
1773565549.8783069,0.39,-0.18,0.8,31.27,22.99,7.65,0.91
1773565549.9841657,0.32,-0.31,0.85,0.38,-4.93,-9.77,0.96
1773565550.0879283,0.29,-0.26,0.87,0.47,-12.75,-10.75,0.96
1773565550.1944654,0.36,-0.17,0.88,-7.16,-0.02,3.6,0.96
1773565550.304087,0.37,-0.22,0.72,-48.86,-14.67,26.27,0.84
1773565550.3989148,0.31,-0.12,0.76,-10.58,62.08,19.16,0.83
1773565550.4960654,0.21,-0.11,0.85,53.5,88.59,5.8,0.89
1773565550.6039662,-0.02,-0.33,0.73,40.99,55.27,-33.37,0.8
1773565550.7095912,0.5,0.3,1.05,99.08,-233.8,-117.24,1.2
1773565550.813555,0.76,0.85,1.24,154.56,-204.44,-87.94,1.68
1773565550.91125,0.31,0.12,0.79,-341.66,33.13,-138.6,0.86
1773565551.0191689,0.3,-0.06,0.67,-259.76,189.74,-93.02,0.74
1773565551.1091332,0.06,-0.09,0.88,-196.84,199.21,-215.37,0.89
1773565551.22446,0.42,-0.31,0.88,-103.53,230.0,-213.45,1.02
1773565551.327822,0.61,-0.44,0.67,-13.34,124.14,-190.44,1.0
1773565551.4354076,0.17,-0.4,0.6,-80.32,-34.7,-187.56,0.74
1773565551.5374694,0.27,-0.47,0.66,-32.69,-32.73,-83.51,0.85
1773565551.626856,0.24,-0.52,0.7,-4.66,-5.48,-75.82,0.91
1773565551.7381904,0.28,-0.53,0.75,31.5,-14.9,-80.78,0.96
1773565551.84473,0.31,-0.45,0.81,12.52,-27.42,-46.0,0.98
1773565551.952602,0.27,-0.42,0.75,-23.85,-48.14,-14.86,0.9
1773565552.0541034,0.31,-0.37,0.73,-8.47,-48.69,-0.89,0.88
0.0,0.0,0.0,0.0,0.0,0.0,0.0,0.0
1773565570.886032,-0.31,-0.15,0.95,66.31,16.79,53.5,1.01
1773565570.967307,-0.5,0.14,0.89,47.19,-80.32,-23.5,1.03
1773565571.0845163,-0.35,0.11,1.02,25.5,-101.04,-5.83,1.08
1773565571.1839347,-0.19,0.44,1.23,-59.05,-150.41,39.05,1.32
1773565571.2889192,0.16,0.37,1.06,-209.5,-105.21,-14.73,1.13
1773565571.3862438,0.03,-0.35,0.49,-269.73,-284.2,-61.27,0.61
1773565571.484238,0.08,-0.71,0.26,-104.38,-144.93,59.98,0.76
1773565571.605044,0.15,-0.68,0.33,-76.27,-61.24,113.89,0.77
1773565571.700243,0.06,-0.76,0.39,3.79,-28.24,115.56,0.86
1773565571.8025987,-0.0,-0.78,0.39,-39.01,-9.04,67.6,0.87
1773565571.9034648,-0.08,-0.77,0.43,-65.47,-22.6,10.85,0.89
1773565572.0040543,-0.08,-0.87,0.48,-21.74,-24.35,39.95,1.0
1773565572.1006246,-0.15,-0.89,0.48,-37.16,1.33,62.96,1.02
1773565572.2151463,-0.09,-0.89,0.49,-28.95,0.17,38.96,1.02
1773565572.3255565,-0.1,-0.82,0.44,-41.44,-8.67,12.17,0.93
0.0,0.0,0.0,0.0,0.0,0.0,0.0,0.0
1773565581.3259375,0.19,-0.96,0.08,-1.63,-10.29,-1.92,0.98
1773565581.345643,0.13,-0.93,0.04,7.07,-10.86,9.08,0.94
1773565581.4494112,0.07,-0.98,0.03,-4.08,-18.18,13.43,0.98
1773565581.538209,0.09,-1.01,0.07,-6.84,-22.0,-0.15,1.01
1773565581.6497726,0.15,-0.94,0.04,8.82,-32.46,-36.29,0.96
1773565581.7492857,0.12,-0.91,0.09,13.79,-30.34,-1.3,0.93
1773565581.851754,0.15,-1.0,0.01,14.92,-41.02,-34.08,1.01
1773565581.9520066,0.16,-0.82,-0.0,39.47,-28.44,-18.7,0.84
1773565582.0581417,0.15,-0.82,0.01,89.82,5.79,0.9,0.83
1773565582.1688323,0.13,-0.84,0.12,117.91,44.73,27.33,0.86
1773565582.2746737,-0.0,-0.87,0.2,167.25,80.27,71.17,0.89
1773565582.3688953,-0.0,-0.0,-0.0,-1.65,-10.31,-1.94,0.0
1773565582.4800396,0.24,-0.22,0.94,221.07,18.73,-20.7,1.0
1773565582.584679,0.33,2.0,2.0,-350.82,297.53,-502.2,2.85
1773565582.6854005,0.0,0.39,0.52,34.23,21.69,-294.58,0.66
1773565582.7912276,-0.2,-0.57,1.04,-38.63,-7.7,48.24,1.2
1773565582.899335,-0.32,0.02,0.97,73.62,100.46,-17.8,1.02
1773565582.9993644,-0.59,0.09,1.15,-77.66,47.25,-37.89,1.29
1773565583.1007602,-0.56,-0.17,1.02,-34.27,-0.02,39.01,1.17
1773565583.2013848,-0.33,-0.25,0.88,-36.46,-62.29,-48.15,0.97
1773565583.309838,-0.21,-0.21,0.89,0.78,-26.38,-6.4,0.94
1773565583.4027965,-0.2,-0.17,0.85,-39.15,-20.09,-45.28,0.89
1773565583.5162356,-0.39,-0.22,0.95,-42.92,3.68,-10.72,1.05
1773565583.6208134,-0.28,-0.22,0.86,-5.44,-4.14,-39.54,0.93
1773565583.7168949,-0.33,-0.23,0.85,11.65,-30.18,-40.89,0.94
1773565583.8240252,-0.36,-0.41,0.73,70.32,-39.66,17.17,0.91
1773565583.9162896,-0.24,-0.35,1.03,-13.05,-106.38,-55.96,1.12
1773565584.0197089,-0.12,-0.44,0.94,34.63,10.08,75.48,1.05
1773565584.1329305,-0.2,-0.01,0.87,34.5,22.66,-2.35,0.89
1773565584.233528,-0.35,-0.1,0.92,-10.23,-10.95,-9.25,0.99
1773565584.3382037,-0.33,-0.11,0.83,10.96,-2.81,17.45,0.9
1773565584.433776,-0.32,-0.23,0.86,-52.31,-45.39,-22.2,0.94
0.0,0.0,0.0,0.0,0.0,0.0,0.0,0.0
1773565599.0975993,0.14,-0.94,0.03,20.46,-19.13,-25.44,0.95
1773565599.2011473,0.07,-0.97,0.05,8.7,-12.6,22.23,0.97
1773565599.2994072,0.16,-0.97,-0.02,-0.98,-20.96,-13.3,0.98
1773565599.4087036,0.12,-0.97,-0.02,6.32,-24.17,-4.66,0.98
1773565599.5148082,0.12,-1.0,-0.01,18.26,-10.86,-2.06,1.0
1773565599.6019762,0.15,-0.97,-0.03,41.88,-10.28,-2.34,0.99
1773565599.71907,0.12,-0.92,0.01,84.32,-16.89,-7.13,0.93
1773565599.8145676,0.13,-0.82,0.02,85.88,-16.84,4.09,0.83
1773565599.9192348,0.14,-0.68,0.1,97.13,4.01,-8.63,0.7
1773565600.029075,0.15,-0.74,0.27,151.5,24.34,-1.8,0.8
1773565600.1325357,-0.1,-0.85,0.36,184.72,96.18,-7.68,0.92
1773565600.2332318,-0.23,-0.74,0.13,337.68,107.34,-27.07,0.79
1773565600.3327367,-0.04,-0.7,1.37,405.37,-27.45,253.63,1.54
1773565600.4398756,-0.43,0.85,2.0,139.88,326.24,-80.44,2.21
1773565600.5474072,-0.08,0.31,0.55,-122.92,-116.23,-74.52,0.64
1773565600.64948,-0.32,-0.07,0.79,-42.81,70.81,-146.43,0.85
1773565600.7636511,-0.28,0.34,0.79,67.18,-37.5,-26.81,0.9
1773565600.8640404,-0.41,-0.05,1.08,22.08,10.88,-39.01,1.16
1773565600.9610522,-0.21,0.03,0.7,45.18,-11.39,-47.73,0.73
1773565601.0639694,-0.42,0.0,0.99,-14.37,-32.93,-27.89,1.07
1773565601.1649885,-0.27,-0.13,0.87,-64.44,-26.57,-45.08,0.92
1773565601.2653215,-0.32,-0.19,0.93,-43.5,-24.63,-45.5,1.0
1773565601.3640833,-0.32,-0.12,0.93,-18.44,-42.92,0.46,0.99
1773565601.4736044,-0.25,-0.07,0.88,-46.46,-28.49,-8.47,0.92
1773565601.5648353,-0.29,-0.12,0.87,-12.82,-17.73,-25.57,0.92
1773565601.6682403,-0.32,0.02,0.9,60.35,-76.37,-53.36,0.95
1773565601.7821105,-0.41,-0.43,1.1,24.69,80.52,17.33,1.25
1773565601.880674,-0.11,-0.15,0.72,-28.02,-16.14,27.28,0.74
1773565601.9845924,-0.21,0.0,0.91,14.44,-10.76,2.01,0.93
1773565602.0834324,-0.24,0.03,0.93,-16.55,-0.05,-4.38,0.96
1773565602.1832414,-0.29,-0.09,0.82,-31.11,7.82,-11.71,0.87
0.0,0.0,0.0,0.0,0.0,0.0,0.0,0.0
1773565641.0742953,-0.11,-0.93,0.22,-9.37,-40.53,-43.31,0.96
1773565641.1758752,-0.08,-0.9,0.17,-27.51,-19.3,-85.47,0.92
1773565641.276407,0.0,-0.94,0.2,-47.13,-117.91,-118.38,0.96
1773565641.3783104,0.39,-0.92,0.21,-25.39,-65.21,-18.72,1.02
1773565641.4783645,0.34,-0.84,0.1,-16.95,-5.02,-66.31,0.91
1773565641.592618,0.33,-0.9,0.15,14.27,15.65,-63.19,0.97
1773565641.6963058,0.29,-0.88,0.13,24.78,36.82,-95.13,0.94
1773565641.802576,0.26,-0.78,0.15,15.13,53.71,-131.01,0.83
1773565641.9088144,0.19,-0.61,0.11,-7.28,85.72,-187.33,0.65
1773565642.0032897,0.09,-0.39,-0.05,45.31,181.07,-183.5,0.4
1773565642.1087368,0.87,-0.4,-0.1,43.69,476.12,-125.39,0.96
1773565642.211954,1.21,-2.0,2.0,-70.81,489.97,103.11,3.08
1773565642.3097289,0.29,1.26,-0.24,156.58,199.79,-16.78,1.31
1773565642.4136045,0.2,0.39,0.33,142.73,379.95,-74.49,0.55
1773565642.5210774,-0.71,0.34,1.9,323.54,234.85,-196.06,2.06
1773565642.6247766,-0.69,0.56,0.42,37.28,32.43,125.94,0.98
1773565642.7261195,-0.62,0.22,0.72,-57.15,44.37,-21.83,0.98
1773565642.8317091,-0.52,0.15,0.71,-30.46,-43.45,-7.83,0.89
1773565642.9340265,-0.44,0.06,0.84,-45.82,-72.9,-35.18,0.95
1773565643.0355165,-0.4,-0.19,0.87,-37.01,-82.82,-63.34,0.97
1773565643.1424952,-0.33,-0.13,0.86,-18.93,-78.32,-44.34,0.93
1773565643.2375484,-0.26,-0.11,0.85,-16.31,-93.15,16.67,0.9
1773565643.3472395,-0.14,-0.34,0.95,-19.45,-132.84,61.28,1.02
0.0,0.0,0.0,0.0,0.0,0.0,0.0,0.0
1773565653.33314,-0.08,-0.96,0.09,-20.89,-23.95,-51.91,0.97
1773565653.42833,0.1,-1.11,0.23,26.09,-36.82,-69.37,1.14
1773565653.5279655,0.09,-0.83,0.15,21.08,2.11,-50.41,0.84
1773565653.6417866,0.13,-0.91,0.15,6.49,-22.95,-35.22,0.93
1773565653.7407374,0.09,-0.97,0.21,14.76,-10.86,-67.44,1.0
1773565653.8532522,0.27,-0.96,0.17,-33.47,6.82,-94.06,1.01
1773565653.9426005,0.22,-0.92,0.14,-18.03,18.26,-68.12,0.96
1773565654.054952,0.08,-0.8,0.14,5.05,1.05,-70.98,0.82
1773565654.162133,0.22,-0.73,0.13,10.31,-13.71,-105.65,0.77
1773565654.2634287,0.17,-0.65,0.13,21.02,63.1,-96.18,0.69
1773565654.3625853,-0.23,-0.77,0.11,24.27,296.15,66.03,0.81
1773565654.465795,0.21,0.03,-0.04,264.75,-152.4,-300.75,0.21
1773565654.576275,1.66,1.06,0.77,-332.73,52.41,-291.07,2.12
1773565654.6802013,1.07,0.52,-1.34,-245.01,476.7,498.34,1.79
1773565654.778567,0.37,-0.45,0.06,-252.52,489.97,262.15,0.59
1773565654.888469,-0.18,-0.47,0.7,44.98,489.97,-84.87,0.87
1773565654.983207,-0.02,0.29,1.34,-48.43,149.39,-97.21,1.37
1773565655.0941496,-0.29,0.01,0.72,-143.95,195.37,-123.33,0.77
1773565655.1944697,-0.4,-0.05,0.96,-221.5,256.34,28.53,1.04
1773565655.2935958,-0.47,-0.02,0.99,-17.5,102.11,141.28,1.09
1773565655.3936534,-0.24,0.13,0.89,-58.05,4.78,30.47,0.93
1773565655.5074425,-0.38,0.07,0.93,-51.11,-33.28,-61.82,1.01
1773565655.610232,-0.28,-0.12,0.98,-16.93,7.69,16.27,1.03
1773565655.712355,-0.43,-0.25,0.96,-22.9,-18.05,47.02,1.08
1773565655.808497,-0.22,-0.15,0.89,-11.13,-56.76,67.34,0.93
1773565655.9142315,-0.11,-0.32,0.66,48.18,-75.04,188.37,0.74
1773565656.0135996,0.03,-0.03,0.96,-37.5,55.68,-1.73,0.96
1773565656.1227026,-0.61,-0.1,1.09,114.2,71.97,-101.51,1.26
1773565656.2147937,-0.57,0.18,0.78,61.97,52.78,-31.3,0.99
1773565656.3236325,-0.52,-0.01,0.77,29.16,-52.29,-32.96,0.93
0.0,0.0,0.0,0.0,0.0,0.0,0.0,0.0
1773565697.1576023,0.08,-0.95,0.17,-24.5,-4.11,8.47,0.97
1773565697.2562964,0.03,-0.91,0.17,-36.37,-17.92,-28.47,0.93
1773565697.368886,0.06,-0.9,0.17,-44.9,-16.98,-44.87,0.92
1773565697.4726827,0.12,-0.99,0.11,-44.12,-24.87,-42.49,1.0
1773565697.5744607,0.14,-0.93,0.03,-46.99,-36.96,-22.12,0.94
1773565697.6735308,0.13,-0.9,-0.07,-52.14,-83.76,-42.75,0.91
1773565697.7728062,0.26,-0.81,-0.13,-78.79,-129.05,-53.91,0.86
1773565697.877989,0.23,-0.77,-0.17,-65.37,-154.61,-44.31,0.82
1773565697.9881425,0.57,-0.68,-0.2,-80.75,-181.47,21.88,0.91
1773565698.0933294,0.64,-0.92,-0.24,-44.53,-272.18,-58.49,1.14
1773565698.1956458,0.62,-1.76,-0.31,-113.53,-95.79,273.37,1.89
1773565698.286707,-0.44,-1.47,-0.03,-469.33,-113.36,498.34,1.53
1773565698.3944333,-0.59,0.68,-1.51,-55.56,-110.43,498.34,1.76
1773565698.4914937,-1.68,1.98,-1.12,-501.91,-61.16,391.85,2.83
1773565698.6051035,-0.56,0.9,-0.42,308.41,-164.69,-350.5,1.14
1773565698.707281,-0.93,-0.41,-0.38,30.67,-130.76,-81.88,1.08
1773565698.8079636,-0.93,-0.49,-0.55,-30.31,-23.13,166.24,1.19
1773565698.9044938,-0.94,0.02,-0.55,-50.69,88.56,-62.31,1.1
1773565699.0124843,-0.94,-0.2,-0.83,-23.28,5.68,16.63,1.27
1773565699.1061108,-0.65,-0.12,-0.8,3.79,70.64,38.38,1.04
1773565699.2213452,-0.53,-0.06,-0.85,27.1,38.14,42.79,1.01
1773565699.325063,-0.6,-0.03,-0.87,-8.09,38.81,92.72,1.05
1773565699.4247203,-0.54,-0.02,-0.77,37.8,54.66,14.12,0.94
1773565699.5242596,-0.5,-0.12,-1.07,-60.43,-52.46,102.08,1.19
0.0,0.0,0.0,0.0,0.0,0.0,0.0,0.0
1773565708.6101716,0.08,-0.92,0.13,-24.53,-13.63,-23.88,0.94
1773565708.6558871,0.07,-0.99,0.09,-40.76,-10.92,-29.73,0.99
1773565708.8188117,0.1,-0.94,0.1,-44.17,-15.41,-44.09,0.95
1773565708.8652155,0.14,-0.89,0.1,-68.95,-17.45,-50.38,0.91
1773565708.9544263,0.21,-0.96,-0.02,-64.15,-11.31,-37.82,0.98
1773565709.0702002,0.2,-1.05,-0.15,-39.98,-9.68,12.44,1.08
1773565709.1765563,0.28,-1.1,-0.3,-58.35,-30.09,-25.88,1.17
1773565709.2723236,0.19,-0.79,-0.23,-37.65,-49.04,-1.44,0.84
1773565709.3802807,0.24,-0.91,-0.27,-79.59,-81.04,-25.7,0.98
1773565709.4712598,0.2,-0.82,-0.24,-50.76,-106.73,-83.82,0.87
1773565709.5743089,0.16,-0.62,-0.17,-40.9,-140.58,-122.93,0.66
1773565709.692501,0.16,-0.66,-0.29,9.04,-238.61,-9.36,0.73
1773565709.787043,0.87,-0.95,-0.42,63.6,-315.99,103.69,1.35
1773565709.888965,-2.0,-1.3,0.85,-272.02,-454.92,113.79,2.53
1773565709.9923866,-0.04,-1.31,-1.06,-490.11,-510.57,498.34,1.68
1773565710.103424,-0.39,1.3,-0.65,365.56,-1.8,292.87,1.5
1773565710.2059364,-0.98,0.68,-1.3,-276.18,-184.87,244.46,1.77
1773565710.3059392,-1.11,-0.23,-0.55,294.23,-29.77,-174.08,1.26
1773565710.403477,-0.95,0.05,-0.35,-140.89,-2.29,13.86,1.01
1773565710.5042362,-1.06,-0.15,-0.81,74.11,47.48,23.66,1.34
1773565710.6206446,-0.85,-0.23,-0.57,47.28,6.49,-30.14,1.05
1773565710.72478,-0.66,-0.16,-0.61,20.38,102.46,-42.86,0.91
1773565710.8253877,-0.68,-0.16,-0.89,-95.8,106.98,17.71,1.13
1773565710.922454,-0.4,-0.56,-0.94,-9.5,38.75,84.2,1.16
1773565711.0224826,-0.29,-0.2,-1.04,33.1,74.79,57.92,1.1
1773565711.1370878,-0.44,-0.28,-0.91,20.43,9.71,-64.78,1.05
1773565711.2278836,-0.3,-0.21,-0.95,-83.65,-99.04,-3.13,1.02
1773565711.3407135,-0.55,-0.21,-0.92,1.37,-58.72,-20.58,1.09
0.0,0.0,0.0,0.0,0.0,0.0,0.0,0.0
1773565717.3158393,0.09,-0.96,0.15,-22.35,-3.21,5.4,0.98
1773565717.412701,0.08,-0.91,0.18,-20.46,-12.67,-20.57,0.93
1773565717.5172253,0.13,-0.98,0.12,-41.92,-20.31,-25.63,1.0
1773565717.6193776,0.13,-0.94,0.14,-36.81,-29.31,-9.44,0.96
1773565717.7218869,0.14,-0.95,0.08,-35.28,-10.37,12.06,0.97
1773565717.8197386,0.09,-0.97,-0.01,-51.44,-12.37,3.86,0.98
1773565717.9202473,0.13,-0.96,-0.06,-54.0,-39.22,-43.82,0.97
1773565718.0303583,0.18,-0.93,-0.13,-60.29,-71.89,-32.87,0.96
1773565718.135875,0.17,-0.8,-0.13,-41.18,-128.09,-54.26,0.83
1773565718.239206,0.19,-0.59,0.07,-60.18,-178.87,-129.04,0.62
1773565718.343599,0.41,-0.74,-0.14,-102.69,-227.83,-86.09,0.86
1773565718.4508216,0.46,-0.89,-0.2,7.73,-127.8,-78.25,1.02
1773565718.5566535,0.49,-0.8,-0.35,89.51,-149.68,191.21,1.0
1773565718.6523046,1.51,-1.22,-0.57,-377.71,-256.41,236.87,2.02
1773565718.7573757,-0.59,-0.63,-0.87,-484.06,-325.54,498.34,1.22
1773565718.8626645,-1.11,1.29,-1.19,107.69,125.54,10.01,2.08
1773565718.9759915,-1.06,0.2,-1.1,59.54,-173.68,146.21,1.54
1773565719.0692244,-0.63,-0.3,-0.99,210.95,98.88,-328.52,1.21
1773565719.1635969,-0.77,-0.45,-0.53,-1.28,-90.81,188.0,1.04
1773565719.2708778,-0.68,-0.24,-0.73,19.39,56.76,-18.37,1.03
1773565719.383979,-0.49,-0.55,-0.84,19.56,83.13,48.29,1.12
1773565719.475236,-0.43,-0.4,-0.89,15.83,127.83,-21.02,1.06
1773565719.586322,-0.31,-0.4,-0.96,-27.11,137.86,60.88,1.09
1773565719.6919267,-0.13,-0.41,-0.85,-32.61,111.94,15.91,0.95
1773565719.7857668,0.05,-0.44,-0.98,-63.76,1.77,-18.41,1.07
0.0,0.0,0.0,0.0,0.0,0.0,0.0,0.0
1773565727.554546,-0.03,-0.96,0.08,7.79,-25.28,-18.47,0.96
1773565727.6217873,-0.01,-0.98,0.08,12.56,-44.55,-24.37,0.98
1773565727.7226896,-0.01,-0.99,0.06,21.83,-20.44,2.87,0.99
1773565727.8181586,-0.01,-0.91,0.1,33.88,-22.38,-15.94,0.92
1773565727.9207537,0.04,-0.99,-0.02,-34.31,-37.51,-15.12,0.99
1773565728.0222974,0.07,-0.92,-0.02,34.58,-21.97,-66.44,0.92
1773565728.135825,0.08,-0.94,0.18,76.26,-21.6,-42.47,0.96
1773565728.2370896,0.17,-0.83,0.34,87.94,15.66,-89.7,0.91
1773565728.3418217,0.23,-0.82,0.32,21.07,69.71,-62.72,0.91
1773565728.4372091,0.26,-0.84,0.21,-6.32,109.57,-40.78,0.91
1773565728.5381668,0.24,-0.66,0.13,20.69,178.2,-68.06,0.71
1773565728.652536,0.34,-0.58,0.07,80.41,161.68,-32.57,0.67
1773565728.7521443,0.43,-1.16,0.46,145.79,268.44,-11.88,1.32
1773565728.8592238,1.05,-2.0,0.1,-318.93,114.43,2.34,2.26
1773565728.9555538,-1.16,-0.0,1.54,-501.91,45.71,92.11,1.93
1773565729.0664103,-0.93,0.41,0.58,498.63,-118.53,158.41,1.17
1773565729.167244,0.09,0.38,0.32,85.25,-163.39,-224.47,0.5
1773565729.2717705,-0.6,-0.25,0.87,346.61,94.26,268.21,1.09
1773565729.3755276,-0.96,0.35,0.91,153.25,51.11,19.82,1.37
1773565729.4691834,-0.67,-0.03,0.66,-142.35,-84.02,-70.18,0.94
1773565729.5704174,-0.46,-0.35,0.59,-165.36,-252.02,35.39,0.82
1773565729.684538,-0.28,-0.38,0.58,-0.69,-127.22,9.71,0.75
1773565729.787959,-0.15,-0.22,1.06,50.34,-90.35,-109.44,1.09
1773565729.8849175,0.32,-0.08,1.03,-24.41,-54.86,-110.35,1.08
1773565729.9945388,0.14,-0.72,0.87,-156.87,-28.67,48.9,1.14
0.0,0.0,0.0,0.0,0.0,0.0,0.0,0.0
1773565735.434075,0.04,-1.01,0.02,-16.27,-20.5,9.59,1.01
1773565735.509842,0.05,-0.99,0.01,19.8,-10.64,-7.07,0.99
1773565735.604839,0.05,-0.94,0.02,0.23,-3.83,-54.49,0.95
1773565735.7173908,0.05,-0.93,0.19,50.35,8.18,0.44,0.95
1773565735.8177958,0.05,-0.94,0.22,23.82,-0.4,-27.08,0.97
1773565735.9183414,0.12,-0.98,0.25,15.56,5.39,-26.79,1.02
1773565736.0228183,0.15,-0.94,0.25,27.98,38.01,-31.85,0.98
1773565736.1177475,0.16,-0.87,0.21,-25.53,58.18,-6.25,0.91
1773565736.2183976,0.07,-0.86,0.14,-35.3,61.59,-27.02,0.87
1773565736.3352103,0.07,-0.67,0.05,-6.64,106.63,-67.94,0.68
1773565736.4351113,0.06,-0.43,-0.01,87.95,117.07,-37.85,0.44
1773565736.5342257,0.23,-0.44,0.04,215.45,83.68,-127.05,0.5
1773565736.6356928,0.74,-0.88,0.95,292.05,313.74,-152.09,1.49
1773565736.734006,0.86,-2.0,0.46,-119.85,423.91,-502.2,2.23
1773565736.850886,-1.4,-0.28,0.76,-139.1,-99.6,498.34,1.61
1773565736.9527,-0.18,0.59,0.94,50.11,-105.99,196.87,1.12
1773565737.0530877,-0.17,1.08,0.5,20.35,-263.44,-47.91,1.2
1773565737.15371,-0.56,-0.24,0.71,161.71,9.3,85.69,0.93
1773565737.2540362,-0.79,0.11,1.02,77.77,-87.68,29.56,1.3
1773565737.3781383,-0.52,0.13,1.0,43.14,-259.3,-17.94,1.13
1773565737.4698298,-0.0,-0.23,0.89,-122.12,-307.25,56.61,0.92
1773565737.56728,0.0,-0.47,0.68,-41.44,-103.77,-28.54,0.83
1773565737.6683133,0.41,-0.12,0.86,34.35,-170.44,97.3,0.96
1773565737.7696812,0.61,-0.09,0.62,44.75,-240.81,2.78,0.88
1773565737.8853226,0.45,-0.33,1.08,-72.78,-261.57,5.5,1.22
1773565737.976326,1.21,-0.4,0.52,-103.47,-6.32,-4.02,1.38
1773565738.0871596,0.5,-0.29,0.59,45.89,29.28,-76.06,0.83
0.0,0.0,0.0,0.0,0.0,0.0,0.0,0.0
1773565748.3427997,0.04,-0.95,0.1,-5.77,-19.51,35.45,0.96
1773565748.4052117,-0.01,-1.0,0.07,-3.57,-37.37,-18.03,1.01
1773565748.5084183,-0.03,-0.94,0.16,45.59,-21.7,11.39,0.95
1773565748.5977566,0.01,-0.95,0.24,28.44,-8.14,9.21,0.97
1773565748.708701,-0.09,-0.92,0.18,0.5,1.65,25.04,0.95
1773565748.8186488,-0.02,-0.97,0.16,36.49,-13.56,-27.82,0.99
1773565748.9163835,0.08,-0.91,0.29,82.43,-19.3,-16.58,0.96
1773565749.020153,0.02,-0.87,0.36,57.94,-11.1,-27.6,0.94
1773565749.1211455,0.08,-0.81,0.36,44.0,13.05,-35.56,0.89
1773565749.2187805,0.11,-0.83,0.28,6.15,54.67,-31.13,0.88
1773565749.3338404,0.06,-0.77,0.18,17.18,64.15,-28.25,0.8
1773565749.4342449,-0.03,-0.64,0.22,96.89,79.76,-63.28,0.67
1773565749.5341926,0.27,-0.55,0.22,110.0,148.27,-106.43,0.65
1773565749.63627,0.45,-1.41,1.07,211.28,263.14,98.04,1.82
1773565749.7346065,-0.82,-1.92,-0.01,262.66,-110.43,-202.15,2.08
1773565749.8525488,-1.9,-0.56,1.02,-501.91,139.74,-12.9,2.23
1773565749.949238,-0.08,0.55,0.55,131.65,-18.08,196.38,0.78
1773565750.0535903,0.06,0.47,0.12,184.92,-272.03,210.04,0.48
1773565750.1518023,-0.24,0.33,0.79,165.83,32.17,-20.09,0.89
1773565750.2518084,-0.61,0.51,0.76,-14.6,69.18,49.36,1.1
1773565750.3664286,-0.77,0.25,0.7,-48.47,-56.31,-20.64,1.07
1773565750.4686038,-0.6,0.04,0.81,-125.19,-95.36,-40.03,1.01
1773565750.5672274,-0.38,-0.05,0.75,-96.69,-134.46,-29.13,0.84
1773565750.6686273,-0.23,-0.16,0.75,-73.05,-148.67,75.17,0.8
1773565750.769317,-0.17,-0.05,0.8,-116.86,-173.34,56.17,0.82
1773565750.8852382,0.08,-0.13,1.09,-6.24,-79.16,-103.44,1.1
1773565750.9909737,0.06,-0.35,1.23,-120.89,-82.44,-128.32,1.28
1773565751.0873764,0.48,-0.39,0.69,-31.39,-24.76,68.75,0.92
0.0,0.0,0.0,0.0,0.0,0.0,0.0,0.0
1773565762.3738196,0.09,-0.99,0.16,0.75,-15.63,6.78,1.01
1773565762.427087,0.03,-0.98,0.12,4.23,-37.08,8.7,0.99
1773565762.5292747,0.07,-0.99,0.08,-7.77,-62.47,15.22,0.99
1773565762.6325126,0.0,-0.98,0.05,-30.76,-64.95,44.53,0.98
1773565762.742251,0.03,-0.95,0.14,-28.18,-73.25,25.11,0.96
1773565762.8361454,-0.12,-0.88,0.13,-31.92,-140.82,82.0,0.9
1773565762.9366057,-0.01,-0.85,0.14,52.05,-81.12,-214.29,0.86
1773565763.033317,0.01,-0.82,0.22,-3.94,-126.93,-127.86,0.85
1773565763.136972,-0.06,-0.71,0.21,26.7,-145.92,-108.61,0.74
1773565763.2498868,-0.07,-0.51,0.02,18.81,-219.45,-35.65,0.52
1773565763.3543422,0.13,-0.64,0.08,94.95,-172.63,-123.42,0.66
1773565763.4531057,1.11,-0.33,1.07,109.53,223.97,-435.63,1.58
1773565763.5499206,-1.43,-0.29,0.29,-146.69,489.97,-502.2,1.49
1773565763.6633146,2.0,0.45,1.01,-265.33,-246.72,122.43,2.29
1773565763.767156,0.36,-0.66,0.02,-95.5,-5.48,88.67,0.76
1773565763.8694046,0.72,-0.11,0.51,-4.4,-156.17,-33.25,0.89
1773565763.9671173,1.26,0.04,0.59,29.59,-48.26,-121.7,1.39
1773565764.071647,0.7,-0.38,0.5,58.34,31.48,99.97,0.94
1773565764.1825974,0.69,-0.31,0.58,-8.69,18.3,28.81,0.95
1773565764.281989,0.71,-0.29,0.57,-71.48,-4.86,26.23,0.95
1773565764.3843832,0.67,-0.45,0.54,-38.55,3.39,15.97,0.97
1773565764.4832718,0.61,-0.53,0.48,-67.25,-20.35,20.37,0.94
1773565764.5816195,0.76,-0.53,0.46,6.5,-11.39,-1.56,1.04
1773565764.6941142,0.65,-0.4,0.53,-42.7,-27.85,8.26,0.93
1773565764.7981915,0.64,-0.51,0.47,-9.4,-8.08,-2.86,0.94
1773565764.899572,0.67,-0.44,0.49,2.7,-26.4,6.08,0.94
1773565764.998298,0.68,-0.5,0.47,-27.01,-11.65,7.56,0.97
0.0,0.0,0.0,0.0,0.0,0.0,0.0,0.0
1773565772.8112395,0.04,-1.01,0.05,-26.78,-5.54,28.61,1.02
1773565772.8650265,-0.06,-0.98,0.04,7.53,-3.18,-6.93,0.99
1773565773.0230334,-0.05,-0.99,0.02,-28.58,-19.44,-31.37,0.99
1773565773.0800138,-0.01,-1.05,-0.06,-29.02,-44.11,43.36,1.05
1773565773.1724691,-0.06,-1.05,-0.05,-19.53,-22.38,-21.82,1.06
1773565773.2828054,0.0,-0.88,-0.03,42.43,-43.83,-17.08,0.88
1773565773.3832204,-0.22,-0.71,-0.07,-28.21,-115.21,3.59,0.75
1773565773.481048,-0.26,-0.68,-0.16,10.27,-205.02,-120.26,0.75
1773565773.5808866,-0.07,-0.48,-0.13,121.57,-246.15,-147.33,0.51
1773565773.696067,-0.15,-0.42,-0.01,217.8,-132.06,-286.5,0.45
1773565773.7984128,2.0,-0.85,0.18,498.63,0.2,-502.2,2.18
1773565773.8977003,2.0,-1.12,-0.05,-501.91,300.9,127.25,2.29
1773565773.9996283,2.0,1.48,1.31,196.18,-23.3,-320.83,2.82
1773565774.0975273,0.01,0.17,0.4,-281.02,37.43,285.62,0.44
1773565774.2124498,0.74,0.53,0.71,248.52,24.43,-285.79,1.15
1773565774.3141675,1.05,0.25,0.47,-100.93,25.21,-48.54,1.18
1773565774.414539,0.75,-0.34,0.62,-136.09,-6.95,17.92,1.03
1773565774.5205998,0.61,-0.34,0.53,-103.27,-9.18,94.49,0.88
1773565774.6141508,0.65,-0.38,0.58,-52.24,-43.97,26.99,0.95
1773565774.7286465,0.38,-0.29,0.59,-31.74,-39.85,20.56,0.76
1773565774.8327556,0.81,-0.49,0.53,-43.94,-73.34,-25.27,1.09
1773565774.9321115,0.58,-0.39,0.51,-2.14,-16.98,-5.89,0.87
1773565775.0326383,0.8,-0.44,0.46,-60.52,-46.53,-28.58,1.03
1773565775.134133,0.67,-0.42,0.45,-40.86,-7.77,7.37,0.91
0.0,0.0,0.0,0.0,0.0,0.0,0.0,0.0
1773565786.0764506,0.15,-0.9,0.08,-21.34,2.52,-24.08,0.92
1773565786.1817334,0.18,-0.95,0.02,-15.54,22.73,-21.31,0.97
1773565786.2820275,0.28,-0.78,0.06,-24.27,17.14,-27.71,0.83
1773565786.3829286,0.14,-0.77,0.12,33.14,6.67,30.3,0.79
1773565786.4828088,0.42,-0.71,0.07,54.61,55.66,22.81,0.83
1773565786.5830967,0.25,-0.88,0.22,-44.17,84.88,38.18,0.94
1773565786.6944911,-0.47,-0.51,0.65,237.36,279.72,-260.37,0.95
1773565786.797344,0.42,-1.12,0.86,6.53,-510.57,-402.93,1.47
1773565786.8979712,0.2,-1.01,-0.46,-501.91,144.43,110.69,1.13
1773565787.0032978,0.94,-0.51,-0.67,-337.82,-150.84,344.67,1.26
1773565787.1095078,-0.02,-0.15,-0.9,-17.33,99.18,284.35,0.91
1773565787.2031703,-0.17,-0.39,-1.28,-180.34,-2.18,255.17,1.35
1773565787.3146162,-0.2,-0.22,-1.87,155.05,-43.08,86.21,1.89
1773565787.4109197,-0.84,-0.53,-0.89,-89.48,-302.49,362.46,1.33
1773565787.511015,-0.56,0.13,-0.57,19.05,-248.63,148.01,0.81
1773565787.626737,-1.12,-0.65,-0.17,0.41,-43.79,138.0,1.3
1773565787.7313173,-0.97,-0.34,-0.37,169.47,-10.99,-89.65,1.09
1773565787.8363218,-0.79,-0.33,-0.37,13.83,-38.79,-51.39,0.94
1773565787.9347236,-0.9,-0.46,-0.39,39.91,-3.68,-23.8,1.08
0.0,0.0,0.0,0.0,0.0,0.0,0.0,0.0
1773565798.2102716,0.06,-0.95,0.15,-11.59,3.5,-11.13,0.96
1773565798.2473438,0.04,-0.92,0.17,-17.74,-5.7,-29.6,0.94
1773565798.5094993,0.09,-0.94,0.13,-49.44,-6.26,-25.56,0.96
1773565798.5094993,0.12,-0.95,0.07,-63.88,-21.36,-19.3,0.96
1773565798.549404,0.14,-0.93,-0.01,-49.69,-41.47,1.42,0.94
1773565798.6524775,0.09,-0.86,-0.05,-53.48,-79.44,-10.58,0.86
1773565798.761611,0.09,-0.78,-0.18,-120.95,-177.12,25.8,0.81
1773565798.9119046,0.18,-0.72,-0.33,-60.55,-250.61,28.67,0.81
1773565798.9705188,0.48,-0.81,-0.39,6.9,-267.83,1.51,1.02
1773565799.0621142,0.3,-1.35,-0.17,-71.8,-252.26,110.99,1.4
1773565799.1660194,1.06,-2.0,-0.18,-311.79,-208.53,-335.27,2.27
1773565799.2676928,0.37,-0.84,0.5,-167.63,130.76,-72.29,1.05
1773565799.3785405,-0.08,1.17,-2.0,-57.57,15.19,498.34,2.32
1773565799.4765322,-0.03,1.31,-1.01,-99.07,173.31,185.34,1.66
1773565799.5791614,-0.59,0.03,-1.25,-159.71,-41.44,78.72,1.39
1773565799.6869605,-0.5,0.3,-0.97,-14.96,14.41,14.55,1.13
1773565799.7804148,-0.56,0.05,-1.04,9.11,-5.21,51.25,1.18
1773565799.8949804,-0.44,-0.0,-0.93,21.11,9.95,-16.28,1.03
1773565799.987172,-0.42,-0.07,-1.07,74.0,44.67,-4.76,1.15
1773565800.1007977,-0.29,-0.01,-1.0,-31.02,-16.26,105.16,1.04
1773565800.2074876,-0.35,-0.18,-1.19,26.85,6.4,10.56,1.25
1773565800.2988684,-0.25,-0.04,-0.82,25.89,5.45,-50.44,0.86
0.0,0.0,0.0,0.0,0.0,0.0,0.0,0.0
1773565807.1930249,0.08,-0.96,0.09,-28.18,-0.24,-7.74,0.97
1773565807.3097825,0.1,-0.96,0.07,-15.65,3.47,-13.07,0.96
1773565807.4131594,0.08,-0.94,0.11,-16.35,6.3,-14.28,0.95
1773565807.498626,0.11,-0.97,0.09,-32.9,-16.5,-36.9,0.98
1773565807.6197786,0.19,-0.9,0.08,-19.74,-32.15,-34.43,0.93
1773565807.711301,0.16,-0.9,0.04,-32.67,-57.6,-32.57,0.92
1773565807.814574,0.15,-0.85,-0.01,-7.4,-94.05,-25.53,0.87
1773565807.9171474,0.29,-0.8,-0.08,-2.03,-150.38,-10.95,0.85
1773565808.025457,0.18,-0.8,-0.03,29.97,-134.84,37.11,0.82
1773565808.144361,0.28,-0.71,0.09,27.54,-157.59,54.4,0.77
1773565808.2350812,0.47,-1.02,0.05,-51.44,-195.28,125.6,1.13
1773565808.342935,0.48,-1.63,0.14,-102.75,28.12,247.21,1.71
1773565808.4439442,1.68,-1.38,-0.78,-501.91,92.09,-142.17,2.31
1773565808.5346076,0.15,-0.89,0.01,-422.08,-49.59,-29.62,0.9
1773565808.6605806,0.46,-0.46,-1.47,-255.91,-236.86,358.69,1.61
1773565808.7664382,-0.34,1.36,-0.66,-71.11,131.25,234.82,1.55
1773565808.853324,-0.54,0.63,-1.33,-190.35,-78.5,218.4,1.57
1773565808.9605725,-0.29,0.53,-0.99,169.1,14.08,-62.95,1.16
1773565809.0596309,-0.64,0.08,-1.19,-96.31,-25.27,33.72,1.35
1773565809.1664228,-0.56,-0.03,-0.99,1.25,-19.51,-19.65,1.14
1773565809.263898,-0.4,-0.03,-0.91,-0.76,-33.39,41.72,0.99
1773565809.375784,-0.51,-0.04,-1.0,60.9,-7.3,38.79,1.12
1773565809.4797957,-0.37,0.01,-0.99,45.14,-22.06,46.92,1.06
1773565809.5779352,-0.39,-0.09,-0.85,0.23,10.93,-10.63,0.94
1773565809.6878846,-0.34,0.06,-0.99,-46.17,1.33,-40.87,1.05
1773565809.780658,-0.35,0.0,-1.04,-32.98,-12.64,-0.98,1.09
0.0,0.0,0.0,0.0,0.0,0.0,0.0,0.0
1773565822.5968015,0.26,-1.03,0.02,-17.18,16.09,-20.69,1.06
1773565822.6939905,0.1,-0.94,0.18,-46.24,17.47,-23.05,0.96
1773565822.8091571,0.14,-0.92,0.11,-72.63,4.32,-65.97,0.94
1773565822.9094083,0.22,-1.01,0.03,-81.01,8.2,-76.75,1.03
1773565822.99955,0.25,-0.94,-0.06,-37.63,-16.72,-35.39,0.98
1773565823.109514,0.23,-0.94,-0.1,-43.34,-49.1,-3.47,0.98
1773565823.208845,0.21,-0.89,-0.16,-72.99,-76.86,6.12,0.93
1773565823.3112135,0.28,-0.87,-0.21,-74.93,-109.15,-24.11,0.94
1773565823.4093404,0.29,-0.69,-0.17,-76.95,-132.76,-76.47,0.77
1773565823.5236106,0.27,-0.73,-0.21,-103.74,-168.21,-43.36,0.81
1773565823.6298182,0.19,-0.67,-0.31,-40.23,-233.22,60.37,0.76
1773565823.7235875,0.18,-1.18,-0.95,-122.99,-300.24,157.75,1.52
1773565823.8410554,1.44,-1.7,-0.68,-246.18,-286.32,-180.64,2.33
1773565823.9255264,-0.08,-1.56,-0.25,-136.05,85.83,14.41,1.58
1773565824.040933,0.05,0.04,-1.6,-501.91,-286.6,498.34,1.6
1773565824.1444955,-0.21,1.62,-0.75,-32.9,139.42,252.2,1.8
1773565824.2446656,0.13,0.88,-0.99,-106.5,2.9,93.82,1.33
1773565824.35166,-0.04,0.35,-1.26,7.65,-71.19,-14.87,1.3
1773565824.4429944,-0.25,0.13,-1.41,-106.09,-120.03,71.37,1.43
1773565824.5591242,-0.2,0.21,-0.94,137.33,-3.47,6.37,0.98
1773565824.6529896,-0.43,0.11,-0.96,-63.8,-55.7,51.79,1.06
1773565824.7623563,-0.39,0.05,-1.1,3.86,-97.86,51.17,1.17
1773565824.872922,-0.42,-0.01,-0.94,43.97,-15.57,-25.13,1.03
1773565824.9754293,-0.35,0.05,-0.9,0.43,-5.41,-3.7,0.97
1773565825.0758996,-0.34,0.02,-1.05,-48.03,-8.61,35.8,1.1
1773565825.1735454,-0.37,0.08,-1.07,7.91,18.41,6.03,1.13
0.0,0.0,0.0,0.0,0.0,0.0,0.0,0.0
1773565834.3610644,0.15,-1.0,0.02,-22.23,12.5,29.27,1.01
1773565834.380235,0.12,-0.94,0.01,5.28,3.1,-27.53,0.95
1773565834.53045,0.13,-0.93,0.14,27.42,32.38,-71.99,0.95
1773565834.5859928,0.21,-0.89,0.22,-9.95,61.02,-62.25,0.94
1773565834.6930237,0.26,-0.94,0.17,-31.27,108.5,-50.92,0.99
1773565834.7790313,0.32,-0.9,0.1,-7.74,133.01,-44.57,0.97
1773565834.8927288,0.35,-0.81,0.05,-14.9,134.05,-7.37,0.88
1773565834.99202,0.33,-0.63,0.02,15.69,14.64,-45.24,0.71
1773565835.09085,0.28,-0.58,-0.05,92.23,113.34,-94.11,0.65
1773565835.1937551,0.95,-1.52,0.36,316.18,262.98,85.86,1.83
1773565835.2976274,0.24,-2.0,-0.06,180.47,181.47,-165.59,2.01
1773565835.411117,-0.03,-0.09,-0.16,65.62,-32.73,498.34,0.19
1773565835.5165608,-2.0,-0.96,2.0,75.27,-295.76,-134.55,2.99
1773565835.608566,0.59,0.78,0.43,-382.2,-175.34,315.19,1.07
1773565835.7175827,-0.15,0.21,0.46,-27.19,-153.22,186.88,0.53
1773565835.8242683,-0.23,-0.14,0.89,107.16,-73.08,-88.5,0.92
1773565835.9269228,-0.01,0.46,1.42,128.58,-115.22,-66.52,1.5
1773565836.023932,-0.08,0.08,0.9,-197.89,-104.41,73.22,0.91
1773565836.1232753,-0.08,-0.3,0.82,-144.02,-91.94,-41.74,0.88
1773565836.238068,0.06,-0.45,0.91,-111.37,-41.82,25.39,1.02
1773565836.340936,0.2,-0.51,0.97,-60.63,-113.02,-52.06,1.11
1773565836.4446895,0.16,-0.41,0.81,46.05,66.82,72.92,0.92
1773565836.5432904,-0.2,-0.29,0.85,22.15,136.73,12.47,0.92
0.0,0.0,0.0,0.0,0.0,0.0,0.0,0.0
1773565851.5921814,0.02,-0.9,0.07,40.84,-0.24,-6.0,0.91
1773565851.6968608,0.06,-0.89,0.16,9.56,-10.41,-102.78,0.91
1773565851.7966547,0.09,-0.9,0.37,93.36,27.94,-33.18,0.97
1773565851.8905666,0.1,-0.7,0.39,-19.16,58.27,-83.7,0.81
1773565852.0077536,0.11,-0.89,0.25,-49.02,122.05,-73.12,0.93
1773565852.1113374,0.45,-0.95,0.19,38.96,188.96,-24.26,1.06
1773565852.2097836,0.38,-0.86,0.13,68.09,128.93,-55.74,0.95
1773565852.3174062,0.32,-0.75,0.09,48.41,136.0,-0.99,0.82
1773565852.4211428,0.27,-1.11,0.57,-5.45,196.05,-18.73,1.27
1773565852.522826,0.35,-2.0,0.46,41.98,237.98,-148.38,2.08
1773565852.627591,-0.51,-0.13,0.31,133.48,-16.46,498.34,0.61
1773565852.7228007,-1.94,-0.4,0.54,-86.5,190.11,-13.88,2.05
1773565852.8275774,-0.48,0.95,0.8,335.89,13.85,296.17,1.33
1773565852.924666,-0.15,0.36,0.47,-36.58,-184.86,188.64,0.61
1773565853.0254197,-0.29,0.17,0.86,114.43,-38.11,-89.31,0.93
1773565853.143922,-0.6,0.13,1.05,-120.56,-128.17,9.01,1.22
1773565853.244707,-0.39,-0.23,0.84,-165.85,-130.84,-81.76,0.95
1773565853.3501048,-0.12,-0.34,0.73,-137.13,-126.81,-23.42,0.82
1773565853.4455278,-0.12,-0.6,0.88,-125.8,-193.05,-52.34,1.07
1773565853.5462344,0.33,-0.69,0.74,-149.92,-119.12,43.53,1.06
1773565853.656139,0.41,-0.74,0.9,64.15,-42.75,-41.92,1.23
1773565853.75545,0.29,-0.27,0.83,85.79,22.43,133.66,0.92
1773565853.863628,0.01,-0.43,0.74,2.34,2.84,-26.37,0.85
0.0,0.0,0.0,0.0,0.0,0.0,0.0,0.0
1773565868.9389164,-0.07,-0.94,-0.06,56.02,-13.74,-36.75,0.95
1773565869.0537145,0.01,-0.95,-0.0,-1.22,28.11,-69.01,0.95
1773565869.1546578,0.02,-0.98,-0.03,11.11,82.43,1.94,0.98
1773565869.2545989,0.04,-0.87,-0.01,37.53,94.15,-5.15,0.87
1773565869.364054,0.0,-0.85,0.01,41.57,100.21,1.68,0.85
1773565869.4624605,0.06,-0.65,-0.04,107.45,61.22,-51.57,0.65
1773565869.5703266,0.13,-0.68,0.03,207.27,72.84,-9.07,0.69
1773565869.6703207,0.38,-0.96,0.41,244.98,93.71,176.2,1.11
1773565869.7785697,-0.53,-1.92,1.21,292.43,145.13,-25.51,2.33
1773565869.8895917,0.81,0.3,0.18,457.89,193.43,420.75,0.88
1773565869.973014,-0.84,0.08,0.29,-33.86,114.9,485.5,0.89
1773565870.0889647,-0.12,-0.07,1.11,361.27,-89.27,-336.64,1.12
1773565870.187347,0.06,0.44,0.7,-7.5,-90.5,359.48,0.83
1773565870.2878492,-0.2,0.46,0.52,-87.47,-199.1,178.61,0.72
1773565870.3960755,-0.36,0.19,1.3,71.01,-188.6,-245.71,1.36
1773565870.503739,0.03,0.33,1.02,-251.4,-136.43,20.43,1.07
1773565870.6036482,-0.03,-0.43,0.68,-179.15,-103.7,25.79,0.81
1773565870.703553,-0.24,-0.62,0.86,-57.79,12.37,-10.23,1.09
1773565870.804087,0.23,-0.36,0.99,-35.65,-110.96,-61.04,1.08
1773565870.9036212,0.26,-0.49,0.89,-28.18,-32.14,7.75,1.05
1773565871.022656,0.04,-0.29,0.89,-4.14,17.02,7.69,0.94
0.0,0.0,0.0,0.0,0.0,0.0,0.0,0.0
1773565882.386118,0.05,-0.91,0.14,54.99,10.7,31.94,0.92
1773565882.4700377,0.02,-0.91,0.23,47.08,20.08,-12.87,0.94
1773565882.5690038,0.08,-0.85,0.24,3.36,42.06,-28.52,0.88
1773565882.6768577,0.05,-0.79,0.19,18.52,63.47,-8.61,0.81
1773565882.7853365,0.06,-0.65,0.16,51.37,58.55,-51.53,0.67
1773565882.884379,0.07,-0.64,0.1,115.62,62.2,11.13,0.65
1773565882.9856677,0.27,-0.99,0.22,215.83,130.3,67.83,1.05
1773565883.0871458,-0.68,-1.57,1.21,415.05,-93.31,-182.57,2.1
1773565883.187108,0.11,-0.23,0.91,416.46,155.48,328.69,0.95
1773565883.287327,-1.07,-0.25,0.96,-56.03,117.92,292.04,1.46
1773565883.395214,0.26,-0.18,0.4,13.74,295.48,10.08,0.51
1773565883.4883883,-0.16,0.95,0.68,-199.22,-88.89,58.29,1.18
1773565883.6036391,-0.67,0.32,0.51,-251.56,-277.25,185.27,0.9
1773565883.705268,-0.81,0.07,1.49,57.25,-253.33,-108.26,1.7
1773565883.818965,-0.48,-0.16,1.15,-144.69,-129.59,26.84,1.26
1773565883.9218507,-0.02,-0.3,0.64,-115.83,-39.92,59.42,0.71
1773565884.0088203,-0.32,-0.48,0.96,-86.98,-81.08,-44.12,1.12
1773565884.1188731,-0.16,-0.59,0.83,38.44,-95.8,-57.88,1.03
1773565884.2200902,0.2,-0.21,0.96,8.31,-78.66,-34.09,1.0
1773565884.335597,0.11,-0.14,1.0,-47.13,-2.5,50.56,1.01
0.0,0.0,0.0,0.0,0.0,0.0,0.0,0.0
1800420000.0,-0.09,0.81,-0.69,-8.59,-13.92,-33.07,1.07
1800420000.0966122,0.01,0.83,-0.51,-9.82,12.87,-1.24,0.97
1800420000.1932244,-0.03,0.91,-0.5,-20.02,14.47,-9.41,1.04
1800420000.2898364,0.02,0.94,-0.35,0.21,-13.35,-47.11,1.0
1800420000.3864486,-0.17,1.07,-0.28,-37.42,89.81,29.49,1.12
1800420000.4830608,-0.21,0.85,-0.28,17.27,41.03,-53.67,0.92
1800420000.579673,-0.23,0.44,0.06,82.74,77.48,-160.24,0.5
1800420000.6762853,0.49,-0.06,-0.03,31.65,356.36,-122.84,0.49
1800420000.7728972,0.12,0.11,-1.21,-112.59,-306.86,-252.65,1.22
1800420000.8695095,-1.91,2.15,-2.05,-502.67,-520.0,-520.0,3.53
1800420000.9661217,0.41,0.8,-1.24,-51.27,283.28,-30.07,1.53
1800420001.062734,-0.23,0.27,-0.67,-114.1,108.48,171.83,0.76
1800420001.159346,-0.4,-0.15,-0.8,-112.83,70.75,135.19,0.91
1800420001.255958,-0.6,-0.17,-1.33,16.6,12.25,137.03,1.47
1800420001.3525703,-0.44,0.09,-0.66,71.12,50.19,48.66,0.8
1800420001.4491825,-0.56,-0.01,-0.96,82.14,18.19,-7.05,1.12
1800420001.5457947,-0.84,0.07,-0.84,85.18,118.8,-84.99,1.19
1800420001.642407,-0.51,0.25,-0.59,85.6,218.91,-226.74,0.82
1800420001.739019,-0.34,0.53,-0.49,38.46,144.93,-178.82,0.8
1800420001.8356311,-0.55,0.63,-0.48,-11.23,158.89,49.46,0.96
1800420001.9322433,-0.44,0.61,-0.54,-19.8,-0.4,-9.18,0.93
1800420002.0288556,-0.56,0.51,-0.46,-2.87,36.76,-12.46,0.88
1800420002.1254678,-0.65,0.56,-0.56,-5.73,-16.66,-55.67,1.02
0.0,0.0,0.0,0.0,0.0,0.0,0.0,0.0
1800420005.0,-0.02,-0.92,0.23,18.89,-18.46,-14.91,0.94
1800420005.0994465,0.05,-0.96,0.12,-1.98,-10.12,26.13,0.96
1800420005.198893,0.02,-0.94,0.18,10.43,-8.04,-1.18,0.96
1800420005.2983396,0.01,-0.94,0.21,-4.8,-32.59,12.85,0.96
1800420005.3977861,-0.01,-1.02,0.11,15.88,-7.15,-8.36,1.03
1800420005.4972324,0.02,-0.89,0.18,45.87,-6.8,-3.53,0.91
1800420005.596679,-0.01,-0.85,0.11,79.02,-14.64,1.57,0.86
1800420005.6961255,-0.02,-0.78,0.15,82.08,-17.53,8.98,0.79
1800420005.795572,0.09,-0.67,0.18,97.39,14.97,-20.7,0.7
1800420005.8950186,0.31,-0.72,0.2,151.07,24.02,8.2,0.81
1800420005.994465,0.28,-0.83,-0.08,184.69,77.13,3.29,0.88
1800420006.0939116,0.08,-0.75,-0.19,361.27,89.56,-9.43,0.78
1800420006.1933582,1.38,-0.73,0.0,415.53,-27.32,221.53,1.56
1800420006.2928047,1.95,0.85,-0.33,138.15,321.17,-58.51,2.16
1800420006.392251,0.56,0.37,-0.04,-119.84,-102.15,-54.47,0.67
1800420006.4916975,0.75,-0.06,-0.25,-36.06,70.48,-114.45,0.79
1800420006.591144,0.78,0.32,-0.22,62.51,-35.89,-21.7,0.87
1800420006.6905906,1.07,0.05,-0.28,25.69,0.33,-20.56,1.11
1800420006.7900372,0.66,0.04,-0.21,40.38,-2.13,-28.47,0.69
1800420006.8894837,0.95,0.03,-0.32,-5.74,-26.21,-29.64,1.0
1800420006.9889302,0.83,-0.14,-0.29,-73.14,-35.36,-36.29,0.89
1800420007.0883768,0.91,-0.21,-0.28,-38.64,-19.03,-38.11,0.97
1800420007.1878233,0.88,-0.11,-0.32,-32.66,-41.33,-1.92,0.95
1800420007.2872696,0.81,0.02,-0.24,-59.19,-25.32,9.22,0.85
1800420007.3867161,0.81,-0.04,-0.13,-13.81,-35.88,-12.59,0.83
1800420007.4861627,0.84,0.02,-0.25,58.33,-70.21,-26.48,0.88
1800420007.5856092,1.14,-0.45,-0.36,3.99,71.5,27.34,1.28
1800420007.6850557,0.73,-0.12,-0.08,-47.22,-4.22,34.29,0.75
1800420007.7845023,0.89,-0.03,-0.17,16.56,-15.46,15.68,0.9
1800420007.8839488,0.9,0.05,-0.21,-14.03,1.19,5.44,0.93
1800420007.9833953,0.82,-0.04,-0.23,-35.63,-0.07,-4.05,0.85
0.0,0.0,0.0,0.0,0.0,0.0,0.0,0.0
1800420010.0,0.1,-0.94,-0.1,-18.01,-21.69,-37.01,0.95
1800420010.101331,-0.03,-0.81,0.15,-64.84,-25.36,-30.63,0.82
1800420010.2026622,0.05,-0.85,-0.02,-75.78,12.37,-66.66,0.86
1800420010.3039932,0.12,-0.9,-0.02,-89.13,-4.27,-90.95,0.9
1800420010.4053242,0.17,-0.82,-0.11,-42.31,19.62,-35.97,0.84
1800420010.5066555,0.14,-0.8,-0.2,-48.2,59.38,-13.96,0.84
1800420010.6079865,0.1,-0.77,-0.22,-73.73,99.71,7.81,0.81
1800420010.7093174,0.17,-0.74,-0.31,-64.17,112.3,-23.52,0.82
1800420010.8106487,0.19,-0.58,-0.33,-78.01,134.07,-93.62,0.69
1800420010.9119797,0.12,-0.7,-0.39,-99.68,164.45,-44.61,0.81
1800420011.0133107,0.07,-0.57,-0.43,-33.84,239.91,65.09,0.71
1800420011.114642,0.09,-0.98,-1.09,-117.86,302.25,185.0,1.47
1800420011.215973,1.32,-1.41,-0.83,-253.69,287.96,-221.12,2.1
1800420011.317304,-0.2,-1.36,-0.4,-145.91,-74.61,22.56,1.43
1800420011.4186351,-0.08,-0.01,-1.84,-488.82,278.91,520.0,1.85
1800420011.5199661,-0.24,1.28,-0.9,-39.87,-120.32,287.81,1.58
1800420011.6212971,-0.0,0.72,-1.19,-110.23,2.03,92.72,1.39
1800420011.7226284,-0.2,0.29,-1.51,0.79,73.99,-18.4,1.55
1800420011.8239594,-0.36,0.04,-1.68,-99.04,125.32,85.17,1.72
1800420011.9252903,-0.28,0.14,-1.12,121.41,11.93,19.34,1.16
1800420012.0266216,-0.51,0.11,-1.16,-72.77,50.44,68.36,1.27
1800420012.1279526,-0.53,0.05,-1.32,-1.98,111.38,53.43,1.42
1800420012.2292838,-0.47,-0.03,-1.13,49.47,18.03,-27.25,1.23
1800420012.3306148,-0.43,0.08,-1.01,8.8,3.81,-12.61,1.1
1800420012.4319458,-0.43,-0.01,-1.21,-53.55,13.56,27.07,1.29
1800420012.533277,-0.49,0.05,-1.28,8.52,-21.68,15.11,1.37
0.0,0.0,0.0,0.0,0.0,0.0,0.0,0.0
1800420015.0,-0.17,-1.02,0.13,-17.82,-0.69,-20.96,1.04
1800420015.1080413,-0.16,-1.04,0.13,-25.8,3.59,2.24,1.06
1800420015.2160826,-0.12,-1.0,0.11,-13.58,-2.16,-15.93,1.01
1800420015.3241239,-0.16,-1.02,0.06,-30.95,-33.75,-27.97,1.03
1800420015.4321651,-0.27,-0.95,0.07,-36.71,-19.16,-19.16,0.99
1800420015.5402064,-0.23,-1.01,0.11,-18.53,-65.6,-24.39,1.04
1800420015.648248,-0.18,-0.92,0.03,-22.81,-96.41,-5.54,0.93
1800420015.7562892,-0.47,-0.9,-0.06,-2.18,-142.56,-15.79,1.01
1800420015.8643305,-0.3,-0.83,0.07,32.42,-133.25,23.02,0.89
1800420015.9723718,-0.42,-0.8,0.12,47.89,-160.08,10.71,0.91
1800420016.080413,-0.54,-1.12,0.08,118.24,-184.42,-66.04,1.24
1800420016.1884544,-0.54,-1.74,0.12,233.11,22.28,-96.15,1.83
1800420016.2964957,-2.02,-1.45,-0.7,-143.75,84.16,-437.13,2.58
1800420016.404537,-0.21,-1.01,0.06,-10.08,-46.22,-366.93,1.03
1800420016.5125782,-0.6,-0.47,-1.43,328.57,-210.99,-219.54,1.62
1800420016.6206195,0.32,1.31,-0.59,225.38,108.42,-66.22,1.47
1800420016.7286608,0.59,0.5,-1.25,196.36,-69.18,-155.16,1.47
1800420016.8367023,0.25,0.47,-0.99,-63.63,4.12,150.09,1.12
1800420016.9447436,0.71,-0.01,-1.18,27.46,-20.16,-102.82,1.38
1800420017.052785,0.63,-0.08,-0.96,-26.54,-28.87,-17.95,1.15
1800420017.1608262,0.47,-0.11,-0.86,29.11,-42.38,-2.76,0.98
1800420017.2688675,0.55,-0.12,-0.93,43.02,-13.62,44.59,1.09
1800420017.3769088,0.36,-0.07,-0.89,41.17,-16.5,31.23,0.96
1800420017.48495,0.37,-0.24,-0.75,-18.87,9.16,-2.05,0.86
1800420017.5929914,0.44,-0.02,-1.01,-34.37,-4.03,-35.29,1.1
1800420017.7010326,0.35,-0.07,-0.99,-10.94,-16.54,-31.04,1.06
0.0,0.0,0.0,0.0,0.0,0.0,0.0,0.0
1800420020.0,0.15,0.93,0.11,14.53,-13.89,9.43,0.94
1800420020.1046338,0.15,1.02,0.17,-19.94,-20.54,12.63,1.05
1800420020.2092676,0.03,0.97,0.21,-7.26,-14.87,-9.55,0.99
1800420020.3139012,0.17,0.99,0.16,-13.31,-18.12,-5.15,1.02
1800420020.418535,0.04,0.95,0.18,-6.45,-22.17,11.9,0.97
1800420020.5231688,-0.07,1.06,0.23,6.05,9.48,45.02,1.09
1800420020.6278026,-0.02,0.93,0.2,0.38,5.59,36.11,0.95
1800420020.7324364,-0.08,0.95,0.24,25.7,-19.23,58.67,0.98
1800420020.8370702,-0.1,0.94,0.19,15.06,4.86,65.51,0.96
1800420020.9417038,-0.15,0.86,0.15,9.52,3.46,64.17,0.88
1800420021.0463376,-0.23,0.82,0.25,14.78,18.56,61.34,0.89
1800420021.1509714,0.0,0.76,0.14,12.97,-7.07,85.84,0.77
1800420021.2556052,-0.01,0.65,0.2,-1.7,-0.92,94.74,0.68
1800420021.360239,0.11,0.35,0.17,-119.75,-27.62,62.2,0.4
1800420021.4648726,-0.72,0.15,0.29,82.2,194.62,177.87,0.79
1800420021.5695064,-1.86,2.11,-0.39,505.48,489.08,134.3,2.84
1800420021.6741402,-1.92,1.18,0.43,515.85,494.57,153.84,2.29
1800420021.778774,-0.58,-0.52,-0.09,171.69,29.69,274.55,0.78
1800420021.8834078,-1.33,0.02,-0.57,15.7,179.26,-48.13,1.44
1800420021.9880414,-0.62,-0.04,-0.97,-78.32,42.65,-40.32,1.16
1800420022.0926752,-0.46,0.26,-0.76,-65.0,-40.62,14.77,0.93
1800420022.197309,-0.54,0.35,-0.83,49.9,-10.43,-6.54,1.05
1800420022.3019428,-0.58,0.37,-0.76,77.39,-119.82,-41.44,1.02
1800420022.4065766,-0.64,0.16,-0.78,78.97,-79.56,-15.62,1.02
1800420022.5112104,-0.72,0.12,-0.71,105.23,-6.91,39.41,1.02
1800420022.615844,-0.76,0.06,-0.74,21.18,-30.44,-18.08,1.07
1800420022.7204778,-0.63,-0.05,-0.73,-17.65,-14.57,-16.17,0.97
1800420022.8251116,-0.67,-0.04,-0.89,11.32,19.11,-8.93,1.11
0.0,0.0,0.0,0.0,0.0,0.0,0.0,0.0
1800420025.0,0.12,1.01,-0.07,-9.61,-7.42,1.18,1.01
1800420025.0926762,0.12,0.98,-0.12,-25.56,-28.95,-12.28,1.0
1800420025.1853526,0.16,0.99,0.01,-63.17,-48.97,-30.88,1.01
1800420025.2780287,0.09,0.9,-0.0,-80.73,-54.48,-41.01,0.9
1800420025.3707051,-0.0,0.92,0.15,-87.64,-54.81,-12.95,0.93
1800420025.4633813,-0.04,0.92,0.25,-88.11,-125.14,18.14,0.95
1800420025.5560577,0.01,0.91,0.28,-37.31,-162.43,5.35,0.96
1800420025.6487339,0.07,0.62,0.36,-15.76,-188.83,-67.68,0.72
1800420025.7414103,-0.03,0.44,0.31,-62.25,-192.94,-66.2,0.54
1800420025.8340864,-0.13,0.6,0.25,-78.49,-274.01,-85.2,0.66
1800420025.9267628,-0.69,1.95,-0.89,-35.27,-261.19,-322.96,2.25
1800420026.019439,0.0,0.36,1.03,60.62,-187.48,-410.86,1.09
1800420026.1121154,-0.43,0.49,0.13,385.37,-289.75,-236.38,0.66
1800420026.2047915,-0.97,-1.4,-0.52,396.74,182.71,34.16,1.78
1800420026.297468,-1.21,-0.14,-0.49,88.01,53.42,-100.74,1.31
1800420026.390144,-0.92,-0.2,-0.4,9.92,-81.81,-124.54,1.03
1800420026.4828205,-0.81,0.02,-0.78,2.44,-54.46,118.6,1.12
1800420026.5754967,-0.59,0.3,-0.7,-66.2,7.92,86.0,0.96
1800420026.668173,-0.61,0.33,-0.48,-0.62,1.66,-39.43,0.84
1800420026.7608492,-0.73,0.25,-0.45,-4.34,67.82,-82.53,0.89
1800420026.8535256,-0.8,0.04,-0.22,41.25,58.53,-103.93,0.83
1800420026.9462018,-0.97,0.08,-0.11,-6.26,38.72,-71.31,0.98
1800420027.038878,-0.87,0.06,-0.07,6.53,-18.05,-47.0,0.88
1800420027.1315544,-0.8,0.02,-0.15,37.03,-33.12,-7.6,0.81
1800420027.2242305,-0.85,-0.06,-0.28,-25.99,-19.55,-2.5,0.9
1800420027.316907,-0.87,-0.13,-0.29,-6.28,2.12,21.22,0.92
0.0,0.0,0.0,0.0,0.0,0.0,0.0,0.0
1800420030.0,-0.01,-0.93,0.02,-53.18,16.23,-17.68,0.93
1800420030.1114008,-0.1,-1.03,0.07,-55.32,-9.19,-13.48,1.04
1800420030.2228017,-0.07,-0.98,0.16,-54.65,-26.8,-15.85,0.99
1800420030.3342025,-0.12,-1.05,0.07,-92.57,-30.52,-1.87,1.06
1800420030.4456036,-0.1,-0.94,0.08,-105.22,-19.75,11.74,0.95
1800420030.5570045,-0.1,-0.89,-0.05,-117.32,-26.29,9.38,0.9
1800420030.6684053,-0.05,-0.83,-0.12,-110.76,-44.92,-16.9,0.84
1800420030.7798061,-0.06,-0.76,-0.18,-167.41,-34.59,-16.59,0.79
1800420030.891207,0.08,-0.65,-0.33,-222.32,12.67,-10.48,0.73
1800420031.0026078,-0.13,-0.47,-0.36,-224.54,77.29,-8.68,0.6
1800420031.1140087,0.39,-1.85,-0.82,-212.93,287.31,284.64,2.06
1800420031.2254097,0.22,-0.52,-1.5,-372.6,-82.44,103.82,1.61
1800420031.3368106,1.04,0.05,-2.07,-155.42,35.37,-79.52,2.32
1800420031.4482114,0.24,0.09,-1.18,-114.54,188.31,-44.89,1.21
1800420031.5596123,0.32,0.14,-1.21,27.86,3.36,-23.89,1.26
1800420031.671013,0.37,-0.04,-1.32,76.24,-32.55,-60.62,1.37
1800420031.782414,0.24,-0.12,-1.1,73.19,-33.5,-58.33,1.13
1800420031.8938148,0.19,-0.11,-1.15,51.97,8.01,16.72,1.17
1800420032.005216,0.19,-0.15,-1.31,-40.35,13.11,59.05,1.33
1800420032.1166167,0.05,-0.49,-1.07,-71.77,-112.28,79.21,1.17
1800420032.2280176,-0.18,-0.14,-1.25,-13.92,-92.0,46.04,1.27
1800420032.3394184,-0.02,-0.32,-1.19,-29.98,61.97,66.72,1.24
1800420032.4508193,-0.13,-0.33,-0.99,47.84,65.3,-25.43,1.05
1800420032.56222,0.07,-0.37,-1.1,58.99,-166.54,-67.84,1.16
1800420032.673621,0.11,-0.23,-1.22,12.25,-62.17,-39.81,1.25
0.0,0.0,0.0,0.0,0.0,0.0,0.0,0.0
1800420035.0,0.26,1.0,-0.13,-24.82,0.89,-6.02,1.04
1800420035.0994077,0.17,1.1,-0.06,-16.71,3.27,-8.33,1.11
1800420035.1988156,0.18,1.03,-0.1,0.05,11.83,14.24,1.05
1800420035.2982233,0.02,1.09,-0.09,-31.23,-5.41,-10.6,1.09
1800420035.397631,0.17,0.92,-0.1,-36.51,-16.6,-5.82,0.94
1800420035.4970386,0.24,1.04,-0.08,-73.41,-1.89,-27.47,1.07
1800420035.5964465,0.16,0.96,-0.15,-58.36,7.63,-9.75,0.99
1800420035.6958542,0.27,0.99,-0.08,-47.04,-28.22,-1.06,1.02
1800420035.7952619,0.1,1.0,-0.08,-58.08,77.04,-15.59,1.01
1800420035.8946698,-0.18,0.98,0.17,0.74,120.49,6.71,1.01
1800420035.9940774,-0.31,0.48,-0.11,56.23,284.41,114.1,0.59
1800420036.093485,0.16,-0.3,-0.45,121.14,131.48,248.02,0.56
1800420036.1928928,1.46,0.67,1.03,-197.35,221.18,-294.6,1.91
1800420036.2923007,2.14,-2.1,-0.72,-520.0,-520.0,278.99,3.09
1800420036.3917084,-0.62,0.53,-0.49,-188.43,520.0,-57.29,0.95
1800420036.491116,1.47,0.13,0.98,-193.66,189.54,-200.4,1.77
1800420036.590524,0.04,-0.01,-0.08,-3.6,-5.15,-5.74,0.09
1800420036.6899316,1.09,0.04,0.54,33.53,-88.64,50.85,1.22
1800420036.7893393,0.61,0.46,0.48,-5.23,-93.9,5.49,0.9
1800420036.888747,1.02,0.23,0.56,57.66,-186.12,49.48,1.18
1800420036.988155,0.89,0.36,0.25,5.59,-86.3,-46.08,0.99
1800420037.0875626,0.91,0.38,0.66,-43.59,36.37,-107.27,1.18
1800420037.1869702,0.99,0.23,0.4,-10.79,-73.35,40.7,1.09
1800420037.2863781,0.6,0.23,-0.04,-55.82,-129.27,-101.11,0.65
1800420037.3857858,1.0,0.21,0.21,-12.31,-94.06,60.29,1.05
1800420037.4851935,0.91,0.22,0.34,-18.98,-20.38,-15.3,1.0
1800420037.5846012,0.88,0.13,0.34,-31.58,3.81,39.77,0.95
1800420037.684009,1.26,0.11,-0.01,32.22,-64.6,59.21,1.27
1800420037.7834167,0.96,0.15,0.24,-37.25,-38.91,7.2,1.0
0.0,0.0,0.0,0.0,0.0,0.0,0.0,0.0
1800420040.0,-0.02,-1.11,0.11,-2.04,-11.78,25.31,1.12
1800420040.09747,-0.06,-1.16,0.05,32.04,-13.53,-18.57,1.17
1800420040.19494,-0.05,-1.02,-0.01,-16.76,-21.27,-22.11,1.02
1800420040.2924101,-0.02,-1.1,-0.02,-23.25,-52.79,34.14,1.1
1800420040.3898802,-0.04,-1.16,-0.02,-5.37,-39.23,-22.11,1.16
1800420040.4873502,0.03,-1.01,0.02,45.71,-40.58,-6.55,1.01
1800420040.5848203,-0.27,-0.78,-0.04,-11.18,-111.56,5.82,0.83
1800420040.6822903,-0.29,-0.76,-0.16,16.99,-195.19,-109.0,0.83
1800420040.7797604,-0.11,-0.56,-0.15,115.42,-230.86,-123.39,0.59
1800420040.8772302,-0.14,-0.52,0.04,210.19,-135.68,-243.79,0.54
1800420040.9747002,2.04,-0.96,0.18,447.3,-5.98,-429.01,2.26
1800420041.0721703,2.12,-1.22,-0.04,-434.4,240.99,110.95,2.45
1800420041.1696403,2.09,1.5,1.33,193.75,-46.73,-270.66,2.9
1800420041.2671103,0.08,0.16,0.42,-220.78,22.23,250.88,0.46
1800420041.3645804,0.79,0.58,0.66,225.5,11.27,-256.35,1.18
1800420041.4620504,1.03,0.25,0.47,-92.13,20.44,-47.87,1.16
1800420041.5595205,0.83,-0.41,0.58,-107.66,-25.98,5.7,1.09
1800420041.6569905,0.59,-0.49,0.54,-76.8,-22.65,85.65,0.94
1800420041.7544606,0.67,-0.45,0.64,-27.33,-44.31,26.67,1.03
1800420041.8519306,0.44,-0.35,0.54,-0.46,-51.86,18.81,0.78
1800420041.9494007,0.86,-0.54,0.56,-14.65,-62.13,-31.42,1.16
1800420042.0468707,0.64,-0.49,0.6,10.21,-12.69,0.64,1.01
1800420042.1443408,0.8,-0.48,0.42,-36.6,-50.83,-25.95,1.02
1800420042.2418108,0.67,-0.43,0.46,-18.73,-17.62,7.6,0.92
0.0,0.0,0.0,0.0,0.0,0.0,0.0,0.0
1800420045.0,-0.12,-1.01,0.02,1.48,-34.33,-6.72,1.01
1800420045.1016676,-0.2,-1.09,0.07,-11.52,-34.9,3.93,1.11
1800420045.2033353,-0.22,-1.01,-0.06,21.97,-50.03,49.32,1.04
1800420045.305003,-0.15,-1.15,-0.01,-19.63,-31.96,43.95,1.16
1800420045.4066706,-0.2,-1.05,-0.06,13.79,-12.86,25.55,1.07
1800420045.5083382,-0.19,-1.12,0.0,-11.17,-6.29,27.99,1.13
1800420045.610006,-0.15,-1.06,-0.08,-5.05,-1.24,21.1,1.07
1800420045.7116737,-0.2,-1.03,-0.12,-14.47,-3.59,40.5,1.06
1800420045.8133414,-0.14,-1.02,0.07,-7.13,2.26,26.62,1.03
1800420045.915009,-0.27,-0.91,0.06,31.25,10.4,41.61,0.95
1800420046.0166767,-0.19,-0.87,0.08,54.5,-6.11,50.65,0.9
1800420046.1183443,-0.3,-0.46,0.0,100.97,3.68,103.78,0.55
1800420046.220012,0.07,-0.4,0.07,153.26,-47.0,43.75,0.42
1800420046.3216796,0.55,-0.61,-0.01,142.25,-133.74,38.09,0.82
1800420046.4233472,1.27,-2.16,-1.1,89.84,-212.44,283.33,2.73
1800420046.5250149,0.21,-2.23,-1.6,140.71,-520.0,500.28,2.75
1800420046.6266825,0.24,0.59,-0.31,105.97,-490.36,302.1,0.71
1800420046.7283504,-0.14,-1.13,-1.08,-14.8,-285.42,74.81,1.57
1800420046.830018,0.06,0.21,-0.43,-162.16,71.47,-168.64,0.49
1800420046.9316857,-0.21,-0.14,-0.73,-12.97,10.97,58.7,0.77
1800420047.0333533,-0.25,-0.34,-0.72,15.06,-71.66,141.25,0.84
1800420047.135021,-0.15,-0.38,-0.72,-11.51,98.87,-18.63,0.83
1800420047.2366886,-0.1,-0.22,-0.8,10.27,33.23,28.26,0.83
1800420047.3383563,-0.02,-0.34,-0.72,-28.09,42.65,-2.38,0.79
1800420047.440024,0.02,-0.23,-0.77,-17.0,40.2,27.03,0.81
1800420047.5416915,-0.06,-0.11,-1.03,-49.4,58.26,44.9,1.04
0.0,0.0,0.0,0.0,0.0,0.0,0.0,0.0
1800420050.0,-0.01,-0.89,0.01,52.87,-2.77,0.5,0.89
1800420050.1063614,-0.08,-0.86,0.12,-8.85,-5.17,68.86,0.87
1800420050.2127228,-0.07,-0.9,0.23,100.66,11.07,25.85,0.93
1800420050.3190842,-0.07,-0.65,0.34,-16.07,41.7,52.96,0.74
1800420050.4254456,-0.14,-0.86,0.21,-74.25,97.16,48.91,0.89
1800420050.531807,-0.41,-0.97,0.11,27.03,156.76,10.75,1.06
1800420050.6381683,-0.37,-0.85,0.02,62.76,100.39,48.19,0.92
1800420050.7445297,-0.32,-0.72,0.02,54.61,109.48,0.62,0.79
1800420050.850891,-0.27,-1.11,0.55,-18.53,159.1,11.09,1.27
1800420050.9572525,-0.39,-2.01,0.39,38.98,196.07,107.73,2.09
1800420051.063614,0.56,-0.17,0.19,147.11,-7.75,-428.44,0.62
1800420051.1699753,1.94,-0.39,0.43,-88.56,129.68,1.09,2.03
1800420051.2763367,0.49,0.98,0.71,373.09,9.68,-254.56,1.31
1800420051.382698,0.17,0.36,0.42,-52.11,-139.47,-171.9,0.58
1800420051.4890594,0.32,0.16,0.79,131.19,-30.03,57.02,0.86
1800420051.5954208,0.66,0.15,0.93,-140.08,-110.2,-5.42,1.15
1800420051.7017822,0.43,-0.26,0.82,-179.19,-117.97,57.27,0.96
1800420051.8081434,0.16,-0.32,0.67,-160.48,-90.62,2.87,0.76
1800420051.9145048,0.12,-0.57,0.8,-128.32,-154.54,27.59,0.99
1800420052.0208662,-0.33,-0.65,0.65,-173.01,-101.19,-50.26,0.98
1800420052.1272275,-0.44,-0.77,0.79,67.8,-43.15,11.08,1.19
1800420052.233589,-0.36,-0.23,0.82,87.72,4.7,-118.42,0.93
1800420052.3399503,0.04,-0.48,0.7,-7.98,-3.61,32.05,0.85
0.0,0.0,0.0,0.0,0.0,0.0,0.0,0.0
1800420055.0,-0.05,-0.6,0.78,38.31,10.08,11.68,0.99
1800420055.099366,-0.04,-0.62,0.7,34.37,-15.67,-19.99,0.93
1800420055.1987321,0.03,-0.63,0.71,42.46,-21.82,-2.51,0.95
1800420055.298098,-0.07,-0.76,0.68,34.01,-18.69,-41.4,1.02
1800420055.3974643,-0.29,-0.78,0.63,37.13,-35.98,-32.23,1.04
1800420055.4968302,-0.06,-0.91,0.28,-33.61,39.56,109.18,0.95
1800420055.5961964,-0.17,-0.58,0.15,-125.95,12.34,140.02,0.63
1800420055.6955624,0.23,0.07,-0.07,-166.16,120.47,202.58,0.25
1800420055.7949286,0.23,0.83,1.58,212.37,-231.75,-80.99,1.8
1800420055.8942945,-1.5,-1.95,1.86,484.6,-520.0,-363.02,3.08
1800420055.9936607,-0.43,-0.57,0.19,-273.14,-265.67,58.52,0.74
1800420056.0930266,-0.51,-0.24,-0.18,224.56,-465.94,-217.95,0.59
1800420056.1923928,-0.92,0.09,1.2,152.07,187.93,-56.69,1.52
1800420056.2917588,-0.96,0.18,0.94,-34.08,87.51,-192.65,1.35
1800420056.391125,-0.52,-0.13,0.64,-78.71,157.78,-15.09,0.84
1800420056.490491,-0.79,-0.06,0.74,23.98,98.71,11.04,1.08
1800420056.589857,-0.23,-0.17,0.74,16.19,101.44,16.65,0.79
1800420056.689223,-0.62,-0.04,0.58,129.47,40.06,-18.48,0.85
1800420056.7885892,-0.41,-0.03,0.8,-38.43,109.82,82.43,0.9
1800420056.8879552,-0.57,-0.01,0.91,-6.95,17.09,20.89,1.07
1800420056.9873214,-0.4,-0.07,0.85,7.77,29.05,30.44,0.94
1800420057.0866873,-0.4,-0.04,0.87,13.98,19.54,8.23,0.96
1800420057.1860535,-0.31,-0.12,0.88,24.94,23.73,3.51,0.94
0.0,0.0,0.0,0.0,0.0,0.0,0.0,0.0
1800420060.0,0.34,-1.09,0.04,5.45,-30.97,-3.59,1.14
1800420060.1119359,0.2,-1.06,0.07,3.08,-22.06,5.79,1.08
1800420060.2238717,0.2,-1.07,0.02,18.51,-26.86,-17.69,1.09
1800420060.3358076,0.15,-1.13,0.13,-0.25,-59.78,-27.16,1.15
1800420060.4477437,0.17,-1.11,0.04,-22.41,-91.89,-8.44,1.12
1800420060.5596795,0.1,-0.99,-0.02,-6.06,-95.49,1.85,1.0
1800420060.6716154,0.12,-0.83,0.08,-38.13,-128.9,-17.48,0.84
1800420060.7835512,-0.18,-1.08,0.28,-0.6,-132.93,-26.38,1.13
1800420060.895487,-0.05,-0.67,0.37,16.93,-204.49,-26.88,0.77
1800420061.007423,0.16,-0.32,0.56,100.0,-183.48,-115.08,0.66
1800420061.1193588,0.1,-0.89,0.33,-26.09,-152.23,124.12,0.95
1800420061.2312946,0.99,-0.67,1.58,-27.57,35.46,-165.37,1.98
1800420061.3432307,-2.09,-1.17,1.02,127.21,199.09,253.0,2.61
1800420061.4551666,-0.62,-0.37,1.29,34.28,-416.14,279.05,1.48
1800420061.5671024,-0.38,-0.84,1.23,-108.23,-314.21,69.54,1.54
1800420061.6790383,-0.96,-1.08,0.5,-227.12,-196.5,193.97,1.53
1800420061.7909741,-0.82,-0.66,-0.04,-110.81,-355.89,441.41,1.06
1800420061.90291,-0.49,-0.66,-0.06,73.98,-136.34,207.69,0.83
1800420062.0148458,-0.48,-0.74,-0.22,-45.02,15.11,149.13,0.9
1800420062.126782,-0.5,-0.67,-0.48,39.03,23.18,35.73,0.96
1800420062.2387178,-0.68,-0.61,-0.51,7.32,36.25,-55.12,1.05
1800420062.3506536,-0.76,-0.71,-0.45,-54.46,56.06,-38.32,1.13
1800420062.4625895,-0.88,-0.69,-0.31,-38.93,19.31,-101.27,1.17
1800420062.5745254,-0.86,-0.69,-0.26,-42.55,-1.47,-22.83,1.14
1800420062.6864612,-0.86,-0.64,-0.33,-65.97,-83.2,7.08,1.12
0.0,0.0,0.0,0.0,0.0,0.0,0.0,0.0
1800420065.0,-0.16,0.86,-0.07,-15.54,-17.74,-23.13,0.88
1800420065.0927854,-0.02,0.99,-0.05,-0.9,-55.76,22.26,0.99
1800420065.1855707,0.06,0.88,-0.11,33.84,-22.7,-17.29,0.88
1800420065.2783558,-0.02,0.92,-0.22,21.21,-15.81,-9.67,0.95
1800420065.3711412,0.11,0.86,-0.17,-1.75,1.74,-26.2,0.88
1800420065.4639266,0.02,0.97,-0.15,46.14,-15.18,19.95,0.98
1800420065.556712,-0.1,0.88,-0.23,75.9,-36.07,17.61,0.92
1800420065.6494973,-0.04,0.72,-0.31,56.25,-34.07,21.04,0.78
1800420065.7422824,-0.19,0.8,-0.33,38.37,20.48,18.96,0.88
1800420065.8350677,-0.12,0.73,-0.31,-2.65,56.33,39.4,0.8
1800420065.927853,-0.08,0.71,-0.18,13.62,51.41,30.85,0.73
1800420066.0206385,0.02,0.68,-0.17,78.23,56.42,55.58,0.7
1800420066.1134238,-0.31,0.53,-0.15,121.95,132.98,97.95,0.63
1800420066.206209,-0.57,1.24,-1.02,216.8,262.56,-93.75,1.7
1800420066.2989943,1.0,1.75,0.02,257.41,-94.98,172.16,2.02
1800420066.3917797,2.25,0.56,-0.94,-475.4,120.21,12.75,2.5
1800420066.484565,0.1,-0.51,-0.52,128.6,-29.4,-186.58,0.73
1800420066.5773504,-0.08,-0.5,-0.18,184.39,-255.27,-192.2,0.54
1800420066.6701357,0.28,-0.32,-0.7,164.24,30.62,10.71,0.82
1800420066.7629209,0.77,-0.44,-0.75,-5.31,67.81,-23.96,1.16
1800420066.8557062,0.9,-0.24,-0.57,-47.07,-61.75,25.14,1.09
1800420066.9484916,0.76,-0.02,-0.78,-111.88,-99.5,33.42,1.09
1800420067.041277,0.41,0.06,-0.74,-86.48,-139.03,23.44,0.85
1800420067.1340623,0.25,0.13,-0.65,-67.18,-137.95,-73.13,0.71
1800420067.2268474,0.17,-0.06,-0.74,-125.1,-184.71,-61.06,0.76
1800420067.3196328,-0.14,0.11,-1.04,-13.63,-81.05,84.9,1.05
1800420067.4124181,-0.1,0.34,-1.22,-119.89,-89.13,113.56,1.27
1800420067.5052035,-0.62,0.37,-0.67,-16.93,-22.79,-62.32,0.98
0.0,0.0,0.0,0.0,0.0,0.0,0.0,0.0
1800420070.0,0.07,-1.09,0.16,-1.96,12.85,3.45,1.1
1800420070.1016796,0.15,-1.08,-0.02,-22.98,55.91,8.7,1.09
1800420070.2033591,0.08,-1.0,0.11,-6.67,33.47,-29.81,1.01
1800420070.3050387,0.13,-1.02,0.09,9.52,-20.36,-6.38,1.03
1800420070.4067185,0.19,-1.01,0.13,-16.11,-10.69,13.16,1.04
1800420070.508398,0.22,-1.05,0.04,-7.76,-33.75,23.21,1.08
1800420070.6100776,0.21,-1.01,0.17,4.37,18.11,16.19,1.05
1800420070.7117572,0.24,-1.05,0.04,-39.93,-11.72,40.15,1.08
1800420070.8134367,0.29,-1.01,0.11,-9.37,8.12,17.75,1.06
1800420070.9151163,0.19,-1.03,0.14,-6.63,23.14,26.19,1.05
1800420071.016796,0.23,-1.08,0.11,-5.43,6.62,13.41,1.11
1800420071.1184757,0.25,-0.99,0.07,2.24,14.0,45.74,1.02
1800420071.2201552,0.2,-0.92,0.13,-61.37,-8.78,35.91,0.95
1800420071.3218348,0.13,-0.74,-0.02,-56.45,-47.69,36.37,0.76
1800420071.4235144,-0.01,-0.55,0.0,-1.87,-8.46,23.6,0.55
1800420071.525194,-0.07,-0.46,0.13,46.11,42.8,38.22,0.49
1800420071.6268737,-0.08,-2.16,-1.71,182.22,-444.44,360.35,2.76
1800420071.7285533,1.46,-2.17,-0.14,-351.96,-520.0,357.74,2.62
1800420071.8302329,2.05,-0.51,1.21,-121.46,-32.07,-230.78,2.43
1800420071.9319124,1.09,-0.5,-0.34,-324.32,-362.59,143.78,1.24
1800420072.033592,1.0,-0.0,-0.92,-162.38,-346.53,87.31,1.36
1800420072.1352715,0.61,-0.27,-0.98,37.25,-31.14,22.93,1.19
1800420072.2369514,0.61,-0.28,-1.09,-5.54,-6.89,-41.71,1.28
1800420072.338631,0.55,-0.2,-1.03,41.81,139.74,-68.5,1.19
1800420072.4403105,0.96,-0.32,-0.73,-53.01,34.0,-37.56,1.24
1800420072.54199,0.67,-0.43,-0.92,-71.23,36.34,-62.86,1.22
1800420072.6436696,0.83,-0.39,-0.73,-45.45,5.06,-29.35,1.17
1800420072.7453492,0.84,-0.38,-0.77,-49.45,15.76,2.98,1.2
1800420072.8470287,0.77,-0.26,-0.8,-39.58,3.97,-43.92,1.14
1800420072.9487085,0.91,-0.3,-0.8,-48.82,-19.4,-10.84,1.25
1800420073.050388,0.78,-0.19,-0.81,3.75,-4.49,7.85,1.14
1800420073.1520677,0.78,-0.18,-0.8,-18.89,-13.03,2.75,1.13
1800420073.2537472,0.84,-0.13,-0.85,35.77,-43.21,12.37,1.2
1800420073.3554268,0.9,-0.23,-0.97,18.06,-67.61,-48.31,1.34
1800420073.4571064,0.77,-0.31,-0.84,64.0,-44.14,-27.82,1.18
1800420073.5587862,0.75,-0.33,-0.91,81.36,-48.5,-14.26,1.22
1800420073.6604657,0.69,-0.29,-0.89,126.38,-72.38,-18.91,1.16
1800420073.7621453,0.59,-0.41,-0.96,123.5,-75.55,3.05,1.2
1800420073.8638248,0.45,-0.58,-0.97,125.03,-104.15,6.2,1.22
1800420073.9655044,0.38,-0.58,-1.03,119.31,-182.41,54.64,1.24
1800420074.067184,0.34,-0.61,-0.86,214.87,-47.5,15.58,1.1
1800420074.1688638,0.21,-0.75,-0.64,274.9,167.75,-79.65,1.01
1800420074.2705433,0.25,-0.85,-0.58,140.74,94.58,-30.07,1.07
1800420074.372223,0.43,-1.0,-0.32,182.89,139.0,-13.51,1.13
1800420074.4739025,0.38,-1.04,0.19,148.66,61.96,85.46,1.12
1800420074.575582,0.4,-0.92,0.22,185.93,101.92,46.73,1.03
1800420074.6772616,0.46,-0.56,0.47,67.07,82.52,109.33,0.87
1800420074.7789414,0.6,-0.65,0.63,-3.93,110.26,52.45,1.09
1800420074.880621,0.57,-0.94,0.73,64.59,172.98,51.76,1.32
1800420074.9823005,0.49,-0.72,0.9,135.45,217.02,-28.04,1.26
1800420075.08398,0.27,-0.52,0.8,25.14,22.5,-3.97,0.99
1800420075.1856596,0.32,-0.51,0.7,11.94,49.51,40.15,0.92
1800420075.2873392,0.36,-0.43,0.85,9.19,-19.92,-7.24,1.02
1800420075.3890188,0.35,-0.78,0.73,-113.4,7.39,-10.83,1.13
1800420075.4906986,0.56,-0.66,0.62,-100.98,-78.31,-131.02,1.06
1800420075.5923781,0.33,-0.9,0.37,-33.96,-6.53,-0.85,1.02
1800420075.6940577,0.2,-0.89,0.46,-0.12,40.49,-114.67,1.03
1800420075.7957373,0.14,-0.7,0.62,-12.73,51.27,-40.51,0.95
1800420075.8974168,0.18,-0.85,0.56,16.66,13.24,-28.26,1.03
1800420075.9990964,0.29,-0.92,0.59,-30.42,-83.32,-9.93,1.13
1800420076.1007762,0.26,-0.89,0.37,5.05,20.19,-13.61,0.99
1800420076.2024558,0.23,-0.79,0.36,-9.2,60.79,19.09,0.9
1800420076.3041353,0.28,-0.82,0.85,-2.26,16.2,16.43,1.22
1800420076.405815,0.24,-0.71,0.64,-15.58,60.91,49.33,0.98
1800420076.5074944,0.53,-0.85,0.79,-75.15,-0.02,51.08,1.28
1800420076.609174,0.38,-0.63,0.56,9.98,-7.77,61.71,0.93
1800420076.7108538,0.42,-0.54,0.71,87.1,15.68,-6.36,0.98
1800420076.8125334,0.39,-0.51,0.74,92.8,-9.42,12.65,0.98
1800420076.914213,0.53,-0.98,0.92,3.0,39.75,37.23,1.45
1800420077.0158925,0.44,-0.61,0.8,-69.59,95.08,2.02,1.1
1800420077.117572,0.26,-0.54,0.8,-63.94,137.62,50.8,1.0
1800420077.2192516,0.46,-0.54,0.92,-143.55,100.72,90.56,1.16
1800420077.3209314,0.34,-0.5,0.48,-5.66,269.11,58.64,0.78
1800420077.422611,0.24,-0.47,0.6,-57.44,-11.13,-17.92,0.8
1800420077.5242906,-0.12,-0.69,0.22,-148.85,-68.29,-0.99,0.73
1800420077.6259701,0.01,-0.84,0.23,-130.53,-75.36,-69.51,0.87
1800420077.7276497,0.15,-0.99,0.37,-34.58,42.44,-105.08,1.06
1800420077.8293293,0.06,-0.98,0.33,-89.79,86.77,20.87,1.03
1800420077.9310088,0.04,-1.08,0.37,-62.74,83.37,-2.12,1.14
1800420078.0326886,0.1,-1.15,0.15,-70.53,66.77,-20.33,1.16
1800420078.1343682,0.13,-1.09,0.11,-68.0,30.33,-28.89,1.1
1800420078.2360477,0.14,-1.14,0.08,-50.06,-13.46,-8.68,1.15
1800420078.3377273,0.26,-0.98,0.08,-36.11,5.19,-45.55,1.02
1800420078.4394069,0.19,-1.08,-0.02,-28.96,0.72,-51.04,1.1
1800420078.5410864,0.1,-1.01,0.04,-40.44,-43.94,-18.42,1.02
1800420078.6427662,0.03,-1.15,0.08,-14.23,-27.92,-14.28,1.16
1800420078.7444458,0.01,-1.11,-0.07,-19.23,31.71,26.0,1.11
1800420078.8461254,0.04,-1.08,0.01,-20.21,73.86,22.01,1.08
1800420078.947805,0.03,-1.03,0.07,-18.3,51.34,21.79,1.03
1800420079.0494845,0.06,-1.08,-0.03,-5.43,46.98,-5.1,1.08
1800420079.151164,-0.02,-1.06,0.04,11.69,9.77,-17.17,1.06
1800420079.2528439,-0.01,-1.16,0.1,2.57,12.4,-5.99,1.16
1800420079.3545234,0.01,-1.06,0.04,0.9,9.21,13.78,1.06
0.0,0.0,0.0,0.0,0.0,0.0,0.0,0.0
1800420075.0,0.85,0.49,-0.65,21.58,-33.49,-33.71,1.17
1800420075.1017408,0.84,0.45,-0.81,42.66,-94.11,-65.01,1.25
1800420075.203482,0.41,0.46,-0.86,63.59,-107.8,5.44,1.06
1800420075.3052227,0.42,0.56,-0.91,137.8,-110.78,8.67,1.15
1800420075.4069638,0.4,0.54,-0.8,184.71,-94.84,-73.48,1.05
1800420075.5087047,0.24,0.57,-0.9,238.21,-115.43,-100.61,1.09
1800420075.6104455,0.09,0.71,-0.79,302.08,-108.93,-59.85,1.07
1800420075.7121866,-0.23,0.75,-0.39,332.64,-15.47,-38.05,0.87
1800420075.8139274,-0.16,0.92,-0.02,336.96,38.46,-11.77,0.94
1800420075.9156685,0.01,0.98,0.39,284.89,61.66,0.09,1.05
1800420076.0174093,-0.08,0.9,0.61,150.2,-19.61,28.31,1.09
1800420076.1191502,0.02,0.86,0.71,63.74,3.72,101.26,1.11
1800420076.2208912,0.11,0.73,0.66,-17.26,28.06,93.23,0.99
1800420076.322632,0.24,0.7,0.71,-5.42,56.82,40.16,1.02
1800420076.4243731,0.3,0.63,0.43,15.31,50.83,36.87,0.82
1800420076.526114,0.34,0.75,0.48,67.12,24.27,11.25,0.95
1800420076.6278548,0.16,0.7,0.43,106.92,36.23,-11.63,0.84
1800420076.729596,0.27,0.71,0.74,102.25,-5.44,-6.52,1.06
1800420076.8313367,0.2,0.64,0.83,95.15,15.37,-22.52,1.07
1800420076.9330778,0.15,0.67,0.83,7.79,-21.42,36.84,1.08
1800420077.0348186,0.31,0.56,0.78,-19.12,10.43,-22.3,1.01
1800420077.1365597,0.28,0.44,0.7,-1.26,39.08,-15.07,0.87
1800420077.2383006,0.34,0.62,0.83,-2.46,-4.73,0.3,1.09
1800420077.3400414,0.31,0.83,0.89,-7.8,21.73,-56.22,1.25
1800420077.4417825,0.13,0.67,0.64,-69.52,30.96,-12.05,0.93
1800420077.5435233,0.17,0.72,0.7,-66.64,52.55,16.37,1.02
1800420077.6452644,0.18,0.59,0.61,-21.09,106.44,-18.06,0.86
1800420077.7470052,0.22,0.5,0.7,8.08,87.13,-33.2,0.89
1800420077.848746,0.11,0.59,0.67,31.12,58.91,-9.26,0.9
1800420077.9504871,-0.04,0.73,0.67,-32.44,-44.67,146.14,0.99
1800420078.052228,0.26,0.76,0.92,8.09,9.49,26.65,1.22
1800420078.153969,0.08,0.65,0.61,0.15,43.15,-29.68,0.9
1800420078.25571,0.05,0.66,0.65,-7.86,21.38,-17.57,0.93
1800420078.3574507,0.19,0.7,0.76,-40.54,14.04,-24.39,1.04
1800420078.4591918,0.07,0.71,0.6,14.18,36.6,-19.6,0.93
1800420078.5609326,0.16,0.66,0.72,-50.79,-0.0,10.7,0.99
1800420078.6626737,0.11,0.7,0.63,-22.01,-3.5,7.35,0.95
1800420078.7644145,0.07,0.75,0.8,-20.95,-15.0,-74.1,1.1
1800420078.8661554,0.04,0.8,0.63,-109.86,-35.99,-38.59,1.02
1800420078.9678965,0.06,0.66,0.4,-51.64,4.73,-95.03,0.78
1800420079.0696373,0.1,0.73,0.37,-18.28,-59.08,-55.62,0.82
1800420079.1713784,0.22,0.75,0.46,244.2,-2.96,-64.52,0.91
1800420079.2731192,0.07,0.53,0.63,375.55,67.24,-160.89,0.83
1800420079.37486,-0.14,0.28,0.89,116.98,-35.91,-36.04,0.94
1800420079.4766011,0.03,0.33,1.23,140.68,65.9,-35.66,1.27
1800420079.578342,-0.28,0.13,1.19,289.23,128.18,-94.85,1.23
1800420079.680083,-0.34,-0.13,1.04,110.89,123.78,43.14,1.1
1800420079.7818239,-0.21,-0.1,1.09,20.46,34.35,125.12,1.11
1800420079.8835647,-0.2,-0.29,1.13,-35.2,20.23,150.22,1.18
1800420079.9853058,-0.13,-0.1,1.1,-133.54,-182.43,52.23,1.12
1800420080.0870466,0.0,0.07,1.36,-134.74,-157.04,97.19,1.36
1800420080.1887877,-0.03,0.26,0.92,-233.06,-131.09,163.18,0.96
1800420080.2905285,0.23,0.43,0.89,-181.7,-20.59,55.71,1.01
1800420080.3922694,0.11,0.44,0.55,-57.53,40.07,3.65,0.71
1800420080.4940104,0.18,0.53,0.49,-189.95,70.37,20.25,0.75
1800420080.5957513,0.17,0.62,0.57,-144.41,206.62,74.4,0.85
1800420080.6974924,0.13,0.64,0.94,-163.62,112.76,178.42,1.14
1800420080.7992332,0.05,0.64,0.74,-163.86,142.97,92.31,0.98
1800420080.900974,0.03,0.66,0.42,-198.01,119.17,76.35,0.78
1800420081.002715,-0.06,0.89,0.41,-106.47,95.77,-11.61,0.98
1800420081.104456,-0.03,0.84,0.35,-81.19,17.04,56.71,0.91
1800420081.206197,-0.08,0.96,0.26,-61.53,66.72,17.75,1.0
1800420081.3079379,0.2,0.94,0.23,-81.8,-7.58,38.83,0.98
1800420081.409679,0.05,1.02,0.19,22.61,5.35,-2.21,1.04
1800420081.5114198,0.07,1.0,0.22,-31.86,-30.36,-49.06,1.03
1800420081.6131606,0.07,1.02,0.18,-61.67,-22.73,-50.54,1.04
1800420081.7149017,0.08,0.94,0.16,-72.13,-5.69,-51.93,0.96
1800420081.8166425,0.06,0.9,0.1,-26.45,23.78,-0.89,0.91
1800420081.9183836,-0.02,1.01,0.15,-41.61,4.94,32.37,1.02
1800420082.0201244,-0.1,0.98,0.18,-37.32,77.94,24.83,1.01
1800420082.1218653,0.06,1.04,0.2,-11.95,78.53,19.41,1.06
1800420082.2236063,-0.03,1.03,-0.05,-74.69,21.47,6.03,1.03
1800420082.3253472,0.09,1.02,0.01,-14.75,49.62,-25.04,1.03
1800420082.4270883,-0.07,1.0,-0.02,-24.59,23.81,-22.49,1.0
0.0,0.0,0.0,0.0,0.0,0.0,0.0,0.0
1800420080.0,-0.02,1.15,0.02,23.28,-7.55,-37.23,1.15
1800420080.103693,-0.02,1.14,0.05,-19.87,-27.06,-37.85,1.15
1800420080.207386,0.04,1.07,-0.02,-23.55,15.9,-80.47,1.07
1800420080.3110788,0.19,1.15,-0.09,9.35,18.37,-89.99,1.17
1800420080.4147718,0.19,1.04,-0.12,-14.12,-3.87,-80.4,1.06
1800420080.5184648,0.21,1.03,-0.01,-1.76,7.34,-60.29,1.05
1800420080.6221578,0.18,1.05,-0.02,-12.24,-1.13,-87.34,1.06
1800420080.7258506,0.23,1.0,-0.04,-6.41,6.99,-129.32,1.03
1800420080.8295436,0.24,0.96,-0.07,-31.46,-9.03,-133.16,0.99
1800420080.9332366,0.3,0.93,-0.03,-45.42,-6.8,-161.38,0.97
1800420081.0369296,0.31,0.63,0.05,-58.57,-8.24,-194.68,0.7
1800420081.1406224,0.32,0.62,0.13,-74.9,23.41,-209.59,0.71
1800420081.2443154,0.35,-0.0,0.1,-88.69,28.89,-237.16,0.37
1800420081.3480084,0.32,2.22,-1.31,187.46,28.5,-74.96,2.6
1800420081.4517014,1.95,-1.47,1.93,-407.87,-382.35,-105.11,3.11
1800420081.5553944,0.98,-0.69,0.24,111.0,-118.65,369.72,1.22
1800420081.6590872,0.96,-0.2,0.44,-14.57,-10.72,-142.52,1.08
1800420081.7627802,1.27,-0.21,0.8,-33.83,-19.53,-102.49,1.51
1800420081.8664732,1.03,-0.2,0.43,-3.34,23.43,-78.65,1.13
1800420081.9701662,0.95,-0.08,0.43,-14.04,-57.12,-20.12,1.04
1800420082.073859,0.9,-0.1,0.48,20.7,-71.71,51.2,1.03
1800420082.177552,0.98,0.11,0.2,-21.96,-95.02,-4.24,1.01
1800420082.281245,1.04,0.05,0.15,27.38,-17.81,-44.84,1.05
1800420082.384938,0.97,0.07,0.12,-4.67,-6.99,-86.76,0.98
0.0,0.0,0.0,0.0,0.0,0.0,0.0,0.0
1800420085.0,-0.13,-0.63,0.68,22.68,0.28,-12.99,0.94
1800420085.1000297,-0.06,-0.65,0.72,50.91,-1.88,-32.43,0.97
1800420085.2000594,-0.05,-0.69,0.65,42.84,24.56,-32.14,0.95
1800420085.300089,-0.11,-0.74,0.62,47.5,9.4,-50.99,0.97
1800420085.4001186,-0.35,-0.77,0.61,41.43,70.17,-56.48,1.04
1800420085.5001483,-0.11,-0.86,0.29,-32.65,-38.4,115.65,0.91
1800420085.600178,-0.18,-0.57,0.15,-109.92,-21.9,139.85,0.62
1800420085.7002075,0.17,0.01,-0.02,-162.89,-101.88,160.38,0.18
1800420085.8002372,0.14,0.8,1.46,200.67,200.36,-105.15,1.67
1800420085.900267,-1.4,-2.0,1.75,456.3,487.53,-353.69,3.0
1800420086.0002966,-0.33,-0.6,0.16,-248.82,234.03,57.8,0.7
1800420086.100326,-0.5,-0.31,-0.12,220.73,410.14,-214.32,0.59
1800420086.2003558,-0.89,0.01,1.03,146.02,-172.24,-47.52,1.36
1800420086.3003855,-0.92,0.04,0.86,-17.31,-78.74,-200.77,1.26
1800420086.4004152,-0.44,-0.21,0.52,-60.59,-133.7,-41.52,0.71
1800420086.5004447,-0.75,-0.08,0.7,20.86,-88.85,12.32,1.03
1800420086.6004744,-0.3,-0.2,0.69,22.13,-81.02,9.98,0.78
1800420086.700504,-0.6,-0.06,0.55,118.64,-36.29,-39.93,0.82
1800420086.8005338,-0.39,-0.11,0.83,-32.9,-87.24,58.29,0.93
1800420086.9005635,-0.65,-0.03,0.82,6.48,-36.74,-13.73,1.04
1800420087.000593,-0.4,-0.09,0.79,27.46,-39.49,13.57,0.89
1800420087.1006227,-0.39,-0.05,0.82,23.68,-16.47,2.17,0.91
1800420087.2006524,-0.34,-0.08,0.78,16.56,-30.79,-6.08,0.86
0.0,0.0,0.0,0.0,0.0,0.0,0.0,0.0
1800420090.0,-0.07,1.02,-0.05,16.36,-11.89,-16.9,1.02
1800420090.1062536,0.0,1.0,0.09,3.78,-17.26,-0.62,1.0
1800420090.2125075,0.01,1.03,0.08,1.86,8.38,-0.51,1.04
1800420090.318761,-0.03,0.98,-0.03,-4.11,-12.31,4.63,0.98
1800420090.4250147,-0.08,1.0,-0.02,-17.95,-7.12,14.79,1.0
1800420090.5312684,-0.03,0.93,0.03,-1.82,0.72,15.94,0.93
1800420090.6375222,-0.03,1.02,0.01,12.14,-8.73,10.52,1.02
1800420090.7437758,0.02,0.95,0.01,3.18,-5.94,23.73,0.95
1800420090.8500295,-0.02,0.95,-0.03,3.9,-4.67,10.28,0.95
1800420090.956283,-0.02,0.91,-0.0,-3.8,-11.01,14.99,0.91
1800420091.062537,-0.08,0.87,0.1,-25.91,-3.73,23.5,0.88
1800420091.1687906,-0.04,0.7,0.13,-30.0,-20.47,16.61,0.71
1800420091.2750442,0.02,0.55,0.16,-43.7,3.37,0.21,0.58
1800420091.3812978,-0.1,0.21,0.24,-157.81,-39.96,62.74,0.33
1800420091.4875517,-0.43,0.59,-0.21,-209.7,-22.99,32.77,0.76
1800420091.5938053,-0.43,1.38,-0.2,-508.67,-343.09,92.7,1.46
1800420091.700059,-0.78,-0.16,-0.51,4.51,-299.17,132.71,0.95
1800420091.8063126,0.0,0.8,-1.91,250.86,-242.85,221.24,2.07
1800420091.9125664,-0.32,-0.44,-0.31,-11.74,-251.29,352.68,0.63
1800420092.01882,-0.28,0.04,-0.98,45.8,-239.6,43.43,1.02
1800420092.1250737,0.32,0.04,-0.83,101.28,196.68,-133.05,0.89
1800420092.2313273,0.07,-0.02,-0.91,44.17,59.39,70.34,0.92
1800420092.3375812,0.01,0.18,-0.92,15.08,24.35,33.81,0.94
1800420092.4438348,0.0,0.49,-0.81,-40.54,75.61,-10.26,0.94
1800420092.5500884,0.11,0.4,-0.86,-50.04,-51.58,-8.06,0.96
1800420092.656342,-0.12,0.49,-0.76,-104.84,-30.31,18.79,0.91
1800420092.762596,-0.2,0.13,-0.95,21.37,49.24,44.63,0.98
1800420092.8688495,-0.19,0.18,-0.83,53.8,97.4,32.79,0.87
1800420092.9751031,-0.37,0.13,-0.82,35.5,21.88,41.83,0.91
1800420093.0813568,-0.38,-0.02,-0.92,57.44,2.6,13.43,0.99
1800420093.1876106,-0.32,0.05,-0.82,21.48,-32.05,-19.67,0.89
0.0,0.0,0.0,0.0,0.0,0.0,0.0,0.0
1800420095.0,0.04,-0.94,-0.13,-94.16,19.47,-5.35,0.95
1800420095.0989723,0.03,-0.95,-0.07,-59.59,40.44,-20.29,0.95
1800420095.1979446,0.09,-0.96,-0.12,-105.5,35.24,11.6,0.97
1800420095.296917,-0.11,-0.84,-0.21,-148.33,37.41,-6.87,0.87
1800420095.395889,-0.1,-0.72,-0.23,-213.37,47.53,9.61,0.77
1800420095.4948614,-0.13,-0.61,-0.34,-217.91,28.82,-8.74,0.71
1800420095.5938337,0.02,-0.59,-0.41,-234.68,32.8,5.22,0.72
1800420095.692806,-0.07,-0.57,-0.96,-342.76,-11.42,-11.55,1.12
1800420095.7917783,0.45,-0.51,-1.42,-107.32,33.38,-275.5,1.58
1800420095.8907506,-2.14,0.82,-1.48,32.42,-143.97,456.23,2.73
1800420095.989723,0.48,-0.03,-1.02,-28.15,54.1,211.84,1.12
1800420096.088695,0.3,-0.08,-1.11,44.59,-27.91,47.34,1.16
1800420096.1876674,-0.28,-0.22,-1.13,25.09,-49.29,96.31,1.18
1800420096.2866397,-0.65,0.03,-1.16,125.85,36.27,-34.05,1.33
1800420096.385612,-0.17,-0.16,-1.1,30.11,24.02,-50.26,1.13
1800420096.4845843,-0.23,-0.26,-1.18,8.21,33.35,2.0,1.23
1800420096.5835567,-0.12,-0.28,-1.17,67.64,82.44,47.37,1.2
1800420096.682529,-0.09,-0.35,-1.16,98.39,100.44,-15.48,1.21
1800420096.781501,0.26,-0.21,-0.94,-55.96,6.51,39.68,1.0
1800420096.8804734,0.25,-0.16,-0.87,0.43,57.41,18.0,0.92
1800420096.9794457,0.16,-0.12,-1.04,-93.15,22.48,0.65,1.06
1800420097.078418,0.18,-0.23,-1.09,-7.48,25.84,-2.49,1.13
0.0,0.0,0.0,0.0,0.0,0.0,0.0,0.0
1800420100.0,-0.19,1.19,0.13,3.35,-46.8,-3.77,1.21
1800420100.098598,-0.21,1.12,-0.02,-6.99,-11.32,-14.55,1.14
1800420100.1971962,-0.08,1.22,-0.04,-11.4,-55.06,-48.89,1.23
1800420100.2957942,-0.12,1.12,-0.0,-28.6,-58.24,-62.48,1.12
1800420100.3943923,-0.33,1.05,0.05,-57.15,-19.87,-66.86,1.1
1800420100.4929905,-0.46,1.1,0.05,-66.15,9.99,-85.99,1.19
1800420100.5915885,-0.54,1.04,0.17,-53.75,62.09,-80.34,1.19
1800420100.6901865,-0.53,0.84,0.12,-27.1,82.47,-92.1,1.0
1800420100.7887847,-0.4,0.78,0.15,-47.37,71.58,-83.29,0.88
1800420100.8873827,-0.34,0.68,0.23,-54.68,108.93,-118.57,0.79
1800420100.9859807,-0.33,0.66,0.21,-136.69,63.36,-165.47,0.77
1800420101.084579,-1.07,0.39,0.58,-172.56,36.37,-176.47,1.28
1800420101.183177,-1.81,0.27,0.07,-141.07,-134.44,279.55,1.83
1800420101.281775,-0.67,-0.76,-0.63,375.27,123.96,-139.1,1.19
1800420101.3803732,-0.67,-0.39,-0.21,251.13,-88.53,-136.34,0.8
1800420101.4789712,-1.37,0.17,-0.32,26.22,287.39,-62.17,1.42
1800420101.5775692,-1.13,0.15,-0.72,68.99,141.83,-48.22,1.34
1800420101.6761675,-0.97,0.05,-0.54,40.73,82.53,5.23,1.11
1800420101.7747655,-0.91,0.12,-0.65,46.78,6.37,-33.57,1.12
1800420101.8733635,-0.99,-0.03,-0.73,25.19,-26.51,-3.48,1.23
0.0,0.0,0.0,0.0,0.0,0.0,0.0,0.0
1800420105.0,-0.1,0.7,0.61,-2.81,-19.97,8.41,0.93
1800420105.107803,-0.2,0.75,0.67,-2.22,13.88,35.47,1.03
1800420105.2156062,-0.11,0.68,0.66,-24.26,8.94,5.23,0.96
1800420105.3234093,-0.13,0.62,0.58,-22.68,8.93,34.72,0.86
1800420105.4312127,-0.03,0.67,0.6,-2.9,17.23,56.8,0.89
1800420105.5390158,-0.23,0.64,0.77,-60.27,55.05,51.06,1.03
1800420105.6468189,-0.17,0.66,0.7,-38.91,78.86,44.81,0.97
1800420105.754622,-0.21,0.6,0.64,-46.52,101.72,51.42,0.9
1800420105.862425,-0.81,0.78,0.61,-159.87,296.47,0.53,1.28
1800420105.9702282,-0.61,0.18,0.75,-407.04,411.17,74.89,0.98
1800420106.0780313,0.57,-0.03,0.61,-281.56,513.39,34.27,0.84
1800420106.1858346,0.89,0.05,0.58,-239.02,283.89,47.89,1.06
1800420106.2936378,-0.08,-0.81,0.34,263.31,-362.05,-121.11,0.88
1800420106.4014409,-1.9,0.03,0.93,466.63,520.0,510.09,2.12
1800420106.509244,-1.85,-0.4,1.62,327.34,1.8,469.97,2.49
1800420106.617047,-0.21,0.29,0.58,-231.92,50.92,117.4,0.68
1800420106.7248502,-0.43,-0.07,0.82,83.41,-67.43,33.21,0.92
1800420106.8326533,-0.7,-0.52,1.08,219.01,-47.89,73.29,1.39
1800420106.9404566,-0.98,-0.22,0.68,76.04,116.68,19.59,1.21
1800420107.0482597,-0.53,-0.09,0.91,-30.26,81.84,-38.12,1.06
1800420107.1560628,-0.57,-0.12,0.82,-18.74,-13.01,-40.83,1.01
1800420107.263866,-0.61,-0.15,0.85,-65.09,149.99,-35.38,1.05
1800420107.371669,-0.8,0.04,0.55,-72.41,93.66,30.23,0.98
0.0,0.0,0.0,0.0,0.0,0.0,0.0,0.0
1800420110.0,-0.02,-1.07,0.07,-6.54,25.83,45.86,1.07
1800420110.102851,-0.06,-1.11,0.17,4.14,25.68,-9.4,1.12
1800420110.2057016,-0.19,-1.05,0.19,47.74,16.61,-35.31,1.08
1800420110.3085525,-0.28,-1.04,0.15,17.11,-12.68,-40.72,1.08
1800420110.4114032,-0.41,-1.09,-0.02,-22.99,-10.67,-46.44,1.16
1800420110.514254,-0.31,-1.02,-0.06,-62.43,-36.24,28.15,1.07
1800420110.6171048,-0.08,-1.01,0.08,-66.36,-63.69,10.79,1.01
1800420110.7199557,-0.05,-1.12,0.17,-12.04,-54.04,15.43,1.14
1800420110.8228066,-0.0,-1.14,0.25,-34.6,-33.65,-3.66,1.17
1800420110.9256573,0.11,-1.02,0.16,-27.68,-44.43,-21.61,1.04
1800420111.0285082,-0.12,-1.15,0.18,-29.39,3.31,2.39,1.17
1800420111.1313589,0.06,-1.02,0.08,-45.37,15.29,20.91,1.03
1800420111.2342098,0.09,-0.94,0.04,-47.18,-8.0,3.93,0.95
1800420111.3370607,0.08,-1.11,0.14,-39.99,-7.61,3.0,1.13
1800420111.4399114,0.04,-1.03,0.26,-26.24,-15.56,-0.16,1.06
1800420111.5427623,-0.08,-1.01,0.24,-16.9,-5.72,20.25,1.04
1800420111.645613,-0.01,-0.96,0.26,-17.54,-2.71,9.04,1.0
1800420111.7484639,-0.08,-0.84,0.17,-33.17,-20.27,-1.49,0.86
1800420111.8513145,-0.11,-0.75,-0.0,-37.61,-29.07,50.79,0.75
1800420111.9541655,-0.26,-0.35,0.02,-63.06,-119.25,164.85,0.43
1800420112.0570164,0.36,-0.56,0.22,-59.36,-234.8,31.03,0.7
1800420112.159867,-0.87,-0.08,2.04,-40.68,-365.28,-143.36,2.22
1800420112.262718,1.32,-2.21,-1.93,-208.21,-428.77,-8.56,3.22
1800420112.3655686,2.14,0.74,-0.95,-369.45,-284.17,-42.72,2.45
1800420112.4684196,0.71,-0.7,0.19,10.45,-91.01,-3.19,1.01
1800420112.5712705,0.62,-0.31,0.16,62.55,-31.35,-114.98,0.71
1800420112.6741211,0.92,-0.36,-0.32,-21.51,54.68,-72.42,1.04
1800420112.776972,0.86,-0.17,-0.28,-72.39,-61.56,-89.98,0.92
1800420112.8798227,1.12,-0.29,-0.08,8.95,64.35,22.89,1.16
1800420112.9826736,0.92,-0.39,-0.06,-6.61,68.22,-12.11,1.0
1800420113.0855243,1.06,-0.31,0.05,24.46,66.11,-34.05,1.1
1800420113.1883752,0.78,-0.28,0.31,-0.18,6.08,-0.8,0.89
0.0,0.0,0.0,0.0,0.0,0.0,0.0,0.0
1800420115.0,-0.04,-0.94,0.13,-2.16,16.42,-3.65,0.95
1800420115.1041865,0.03,-0.91,0.09,22.32,11.24,2.34,0.92
1800420115.208373,-0.01,-0.99,0.04,13.64,22.18,1.68,0.99
1800420115.3125596,-0.03,-0.97,0.01,41.7,-8.93,-7.42,0.97
1800420115.4167461,0.06,-1.01,-0.05,46.56,1.24,-10.29,1.01
1800420115.5209327,-0.02,-0.95,-0.01,66.66,-9.83,-20.92,0.95
1800420115.6251194,0.04,-1.0,0.03,56.05,6.68,-28.0,1.0
1800420115.729306,0.03,-0.87,-0.0,57.17,-24.63,-18.03,0.87
1800420115.8334925,0.0,-0.86,-0.06,70.88,18.82,-22.78,0.86
1800420115.937679,0.15,-0.68,0.09,73.03,-14.89,44.12,0.7
1800420116.0418656,0.05,-0.52,-0.07,70.62,10.25,36.26,0.52
1800420116.1460521,-0.12,-0.59,-0.1,94.09,150.2,-21.26,0.61
1800420116.2502387,0.58,-2.05,0.9,264.21,517.47,397.84,2.31
1800420116.3544252,-0.05,-0.87,-0.47,114.69,99.57,-159.23,0.99
1800420116.4586117,0.23,-0.3,-1.97,91.83,47.28,-122.87,2.01
1800420116.5627983,0.74,-0.23,-1.05,196.6,189.27,65.49,1.31
1800420116.6669848,0.12,-0.5,-0.92,-1.53,240.59,-20.99,1.05
1800420116.7711713,0.28,-0.37,-0.85,-107.4,35.38,11.41,0.97
1800420116.875358,0.36,-0.31,-0.94,-67.3,-76.28,-68.44,1.05
1800420116.9795446,0.3,-0.49,-0.77,-25.68,-82.69,-0.56,0.97
1800420117.0837312,0.25,-0.75,-0.91,68.84,-65.04,34.19,1.2
1800420117.1879177,0.36,-0.55,-0.74,-35.12,29.85,18.73,0.98
1800420117.2921042,0.32,-0.58,-0.79,13.82,-3.16,14.24,1.03
1800420117.3962908,0.39,-0.58,-0.83,19.1,-36.44,-13.88,1.08
1800420117.5004773,0.42,-0.59,-0.85,-4.38,-32.43,-36.41,1.12
0.0,0.0,0.0,0.0,0.0,0.0,0.0,0.0
1800420120.0,0.11,0.9,0.46,6.81,2.48,29.02,1.01
1800420120.0989144,0.03,0.91,0.34,-10.28,-31.04,13.93,0.98
1800420120.1978285,0.04,0.88,0.39,-68.21,-8.91,-22.41,0.96
1800420120.296743,0.05,0.86,0.3,-64.63,-11.06,-18.52,0.91
1800420120.395657,0.08,0.98,0.39,-57.16,57.88,-2.84,1.05
1800420120.4945714,0.23,0.94,0.16,-130.33,138.82,-43.28,0.98
1800420120.5934856,0.03,0.85,0.17,-124.66,276.25,28.81,0.87
1800420120.6924,-0.02,0.54,0.24,54.31,-17.51,222.55,0.59
1800420120.7913144,0.07,-0.01,-0.02,206.27,-84.78,195.32,0.08
1800420120.8902285,0.81,0.64,0.81,-48.19,42.89,-148.95,1.31
1800420120.989143,-1.12,-2.06,2.07,-520.0,-520.0,345.83,3.13
1800420121.088057,-0.47,1.3,0.83,-155.55,520.0,-520.0,1.61
1800420121.1869714,0.57,0.42,0.66,-356.17,47.75,-94.39,0.97
1800420121.2858856,0.37,0.2,0.42,90.26,145.45,-157.85,0.59
1800420121.3848,0.67,-0.02,1.26,-115.56,-3.37,-86.22,1.43
1800420121.483714,0.25,0.22,0.66,111.53,-21.26,-43.65,0.74
1800420121.5826285,0.55,0.33,0.74,-2.38,-84.37,-106.62,0.98
1800420121.6815429,0.57,0.04,1.59,84.7,-79.36,-122.87,1.68
1800420121.780457,0.44,0.45,0.52,52.03,-44.38,-40.85,0.82
1800420121.8793714,0.56,0.38,0.91,-32.29,41.23,40.85,1.13
1800420121.9782856,0.31,0.35,0.64,-36.67,-37.21,-58.63,0.8
1800420122.0772,0.39,0.24,0.83,-71.19,-78.44,-3.83,0.94
1800420122.176114,0.53,0.22,0.86,-28.54,-20.84,44.29,1.04
1800420122.2750285,0.36,0.27,0.89,-46.81,-11.61,4.98,0.99
0.0,0.0,0.0,0.0,0.0,0.0,0.0,0.0
1800420125.0,-0.15,-0.76,0.03,-4.43,27.46,-15.57,0.77
1800420125.097461,-0.03,-0.81,0.01,-26.23,7.11,2.88,0.81
1800420125.194922,0.01,-0.79,-0.01,-37.38,44.86,1.15,0.79
1800420125.292383,-0.09,-0.78,0.0,-44.51,31.42,-30.32,0.79
1800420125.389844,-0.2,-0.68,0.08,-51.46,17.38,-42.18,0.71
1800420125.4873052,-0.43,-0.79,0.02,-60.26,-15.65,-60.82,0.9
1800420125.5847661,-0.37,-0.71,0.21,-79.58,-45.87,-59.16,0.83
1800420125.6822271,-0.46,-0.61,0.19,-79.01,-71.65,-24.75,0.79
1800420125.7796881,-0.32,-0.5,0.24,-84.46,-71.71,-36.61,0.64
1800420125.877149,-0.29,-0.51,0.17,-96.2,-116.65,-62.77,0.61
1800420125.97461,-0.17,-0.42,0.21,-167.33,-45.44,-122.62,0.5
1800420126.072071,-0.92,-0.3,0.59,-172.64,-38.63,-171.16,1.14
1800420126.169532,-1.7,-0.14,0.07,274.98,134.7,-112.25,1.71
1800420126.266993,-0.57,0.61,-0.63,-124.54,-122.89,318.17,1.05
1800420126.3644543,-0.54,0.42,-0.14,-127.31,104.13,240.15,0.7
1800420126.4619153,-1.26,-0.11,-0.32,-41.7,-254.0,15.68,1.3
1800420126.5593762,-1.07,-0.06,-0.68,-61.02,-152.71,60.49,1.27
1800420126.6568372,-0.87,0.02,-0.58,1.99,-41.34,39.62,1.04
1800420126.7542982,-0.79,-0.04,-0.58,-26.58,-5.71,40.86,0.98
1800420126.8517592,-0.9,0.07,-0.68,4.77,19.25,29.73,1.13
0.0,0.0,0.0,0.0,0.0,0.0,0.0,0.0
1800420130.0,-0.32,-0.78,0.03,-7.49,-8.85,37.22,0.85
1800420130.106927,-0.28,-0.8,0.11,-38.53,6.21,38.7,0.85
1800420130.213854,-0.2,-0.85,-0.07,-38.93,12.64,24.67,0.87
1800420130.320781,-0.09,-0.86,0.04,-39.73,-0.53,24.82,0.86
1800420130.427708,-0.1,-0.89,-0.09,-28.62,22.96,37.25,0.9
1800420130.5346348,-0.13,-0.88,-0.12,-31.99,-2.77,50.75,0.9
1800420130.641562,-0.15,-0.85,-0.07,-6.73,-9.11,48.02,0.87
1800420130.748489,-0.13,-0.86,-0.18,-12.08,20.15,61.39,0.89
1800420130.8554158,-0.06,-0.8,-0.19,15.77,48.69,57.97,0.82
1800420130.962343,0.08,-0.65,0.14,38.91,100.08,83.57,0.67
1800420131.06927,-0.0,-0.51,-0.04,69.15,-6.09,127.13,0.52
1800420131.1761968,0.13,-0.36,-0.06,-41.37,107.09,130.76,0.39
1800420131.2831237,-0.12,-0.54,-0.67,73.19,152.93,119.19,0.87
1800420131.390051,0.03,-1.86,-1.34,-58.05,-520.0,-31.11,2.29
1800420131.4969778,-0.9,0.27,-1.82,-147.23,24.34,190.26,2.05
1800420131.6039047,-0.13,-0.55,-1.11,36.51,153.33,114.61,1.25
1800420131.7108319,0.08,-0.04,-1.34,-15.07,52.72,4.43,1.34
1800420131.8177588,0.24,-0.13,-0.88,-88.64,107.22,8.52,0.92
1800420131.9246857,0.15,-0.18,-0.88,-8.3,166.3,-72.98,0.91
1800420132.0316129,0.17,-0.36,-0.85,-21.49,113.31,-118.7,0.94
1800420132.1385398,0.17,-0.4,-0.86,13.84,55.34,-98.45,0.96
1800420132.2454667,0.19,-0.54,-0.71,1.53,29.17,-80.9,0.91
1800420132.3523936,0.33,-0.58,-0.69,-52.93,19.2,-37.43,0.96
1800420132.4593208,0.37,-0.42,-0.66,-40.45,6.61,-31.08,0.86
1800420132.5662477,0.47,-0.48,-0.75,-61.26,26.15,-27.43,1.0
1800420132.6731746,0.54,-0.44,-0.56,-35.87,11.41,-29.0,0.89
0.0,0.0,0.0,0.0,0.0,0.0,0.0,0.0
1800420135.0,0.05,-0.89,-0.44,5.29,-21.91,-26.41,0.99
1800420135.1012888,-0.08,-1.0,-0.34,-39.2,-36.47,-21.34,1.06
1800420135.2025776,-0.08,-0.88,-0.25,-53.78,-75.48,-16.18,0.92
1800420135.3038661,0.1,-1.01,0.06,-68.64,-117.05,-0.29,1.02
1800420135.405155,0.22,-0.96,0.12,-24.3,-171.0,6.87,0.99
1800420135.5064437,0.56,-0.69,-0.13,-33.18,-184.5,44.98,0.89
1800420135.6077325,0.41,-0.9,-0.39,-3.17,-162.18,39.53,1.06
1800420135.7090213,0.38,-0.48,-0.03,39.01,-125.53,-86.71,0.62
1800420135.8103101,-0.45,0.08,-0.36,141.33,-80.17,27.47,0.58
1800420135.9115987,-0.62,-2.02,-1.64,-117.1,-297.56,6.28,2.68
1800420136.0128875,-1.33,-1.48,2.29,-371.98,233.98,-146.36,3.03
1800420136.1141763,0.39,0.18,1.23,101.66,-208.75,22.27,1.3
1800420136.215465,0.55,-1.01,0.04,-11.92,-189.74,30.81,1.16
1800420136.3167539,-0.36,-0.72,0.53,-30.86,-125.87,-89.11,0.97
1800420136.4180427,-0.83,-0.32,0.8,-69.53,-46.27,-89.57,1.2
1800420136.5193312,-1.04,-0.29,0.91,15.97,-47.93,19.07,1.41
1800420136.62062,-0.54,-0.62,0.75,125.36,-49.51,11.06,1.11
1800420136.7219088,-0.46,-0.78,0.29,27.51,-26.28,-25.64,0.95
1800420136.8231976,-0.73,-0.68,0.35,3.84,-17.73,25.14,1.06
1800420136.9244864,-0.6,-0.66,0.19,22.5,-39.32,62.21,0.91
0.0,0.0,0.0,0.0,0.0,0.0,0.0,0.0
1800420140.0,0.07,-0.78,0.13,12.84,-2.01,-18.84,0.8
1800420140.104285,0.14,-0.81,0.05,-18.88,7.23,-9.47,0.83
1800420140.2085698,0.06,-0.93,0.15,-16.49,11.83,-2.66,0.94
1800420140.3128548,-0.04,-0.88,0.11,13.69,22.44,-25.86,0.89
1800420140.4171395,0.04,-0.8,0.07,-22.1,-0.39,-18.71,0.81
1800420140.5214245,0.11,-0.78,0.07,-57.82,20.7,-23.18,0.79
1800420140.6257093,-0.04,-0.89,0.13,-49.0,-20.38,38.46,0.91
1800420140.7299943,-0.08,-0.85,0.09,-53.55,-5.24,-33.88,0.86
1800420140.8342793,-0.15,-0.79,0.07,-40.9,-39.9,-3.35,0.81
1800420140.938564,-0.12,-0.82,0.01,-49.13,-0.94,-36.57,0.83
1800420141.042849,-0.05,-0.58,0.03,-62.66,10.37,-9.34,0.58
1800420141.1471338,-0.08,-0.52,0.11,-66.54,20.33,25.59,0.54
1800420141.2514188,0.1,-0.43,0.05,-86.26,-15.75,154.24,0.45
1800420141.3557038,-0.27,-0.73,-0.01,-170.35,61.28,0.39,0.78
1800420141.4599886,-1.33,0.06,0.84,-190.49,-131.52,442.94,1.57
1800420141.5642736,-1.18,-0.86,0.43,19.15,172.79,20.33,1.52
1800420141.6685584,-1.62,0.17,-0.24,-447.71,194.94,-110.8,1.65
1800420141.7728434,-1.33,0.26,-0.18,-73.28,39.94,16.82,1.36
1800420141.8771281,-0.88,0.01,-0.26,22.25,108.93,17.51,0.92
1800420141.9814131,-0.93,-0.15,-0.37,49.59,94.86,-60.58,1.01
1800420142.0856981,-0.75,-0.11,-0.47,42.46,-35.77,65.13,0.89
1800420142.189983,-0.7,-0.31,-0.25,35.05,-4.51,49.22,0.8
1800420142.294268,-0.86,-0.4,-0.22,12.39,-69.91,45.71,0.97
1800420142.3985527,-0.97,-0.19,-0.14,51.98,-119.66,23.55,1.0
1800420142.5028377,-1.0,-0.41,-0.08,73.14,-51.51,31.51,1.08
1800420142.6071227,-0.92,-0.57,0.15,48.98,-68.88,58.05,1.1
1800420142.7114074,-0.66,-0.3,0.11,70.32,-200.96,129.56,0.74
1800420142.8156924,-0.67,-0.48,0.27,37.58,-92.45,21.27,0.87
1800420142.9199772,-0.86,-0.61,0.45,89.22,-88.43,33.37,1.15
1800420143.0242622,-0.66,-0.52,0.27,67.25,-93.68,49.56,0.88
1800420143.128547,-0.38,-0.68,0.3,-9.45,-42.88,10.85,0.84
1800420143.232832,-0.38,-0.49,0.44,22.89,-86.78,68.89,0.76
1800420143.337117,-0.55,-0.79,0.8,49.43,-72.47,-21.49,1.25
1800420143.4414017,-0.43,-0.7,0.61,79.26,-2.37,-26.18,1.02
1800420143.5456867,-0.57,-0.52,0.54,87.4,-30.05,89.77,0.95
1800420143.6499715,-0.53,-0.55,0.52,15.2,91.15,-63.1,0.92
1800420143.7542565,-0.27,-0.52,0.47,24.34,53.12,47.57,0.75
1800420143.8585415,-0.54,-0.6,0.63,47.12,74.72,-17.3,1.02
1800420143.9628263,-0.39,-0.73,0.41,60.94,27.34,-7.78,0.92
1800420144.0671113,-0.42,-0.73,0.38,113.06,21.41,7.97,0.92
1800420144.171396,-0.38,-0.86,0.44,136.45,-21.79,79.4,1.03
1800420144.275681,-0.32,-0.94,0.6,125.22,-21.35,47.77,1.16
1800420144.3799658,-0.28,-0.93,0.99,132.53,-48.13,51.91,1.39
1800420144.4842508,-0.02,-0.63,1.08,81.56,-29.71,-60.08,1.25
1800420144.5885358,-0.11,-0.62,0.87,59.95,-31.38,-23.06,1.07
1800420144.6928205,-0.11,-0.58,0.43,47.94,14.29,-78.21,0.73
1800420144.7971056,0.24,-0.68,0.15,-19.96,0.32,-12.73,0.74
1800420144.9013903,0.3,-0.69,0.35,29.96,55.66,-37.89,0.83
1800420145.0056753,0.18,-0.83,0.2,-15.63,21.41,7.92,0.87
1800420145.1099603,0.18,-0.84,0.28,-18.59,53.55,-12.81,0.91
1800420145.214245,0.1,-0.62,0.3,-8.56,1.11,-22.27,0.69
1800420145.31853,0.03,-0.68,0.3,-35.95,-59.82,4.93,0.74
0.0,0.0,0.0,0.0,0.0,0.0,0.0,0.0
1800420145.0,0.14,1.08,0.0,14.82,-44.93,12.64,1.09
1800420145.1078527,0.08,1.12,0.08,-20.5,-13.44,25.48,1.12
1800420145.2157056,0.16,1.11,0.14,-35.6,-19.68,-21.07,1.13
1800420145.3235583,0.1,1.08,0.01,-14.91,-38.64,-3.39,1.09
1800420145.4314113,0.11,1.07,-0.0,-45.23,-24.28,-17.46,1.07
1800420145.539264,0.1,1.15,0.05,-26.14,-39.14,-17.62,1.15
1800420145.647117,0.06,1.07,0.03,-29.16,-37.09,7.66,1.07
1800420145.7549696,0.1,1.15,0.11,-44.58,-80.21,-13.13,1.16
1800420145.8628225,0.11,1.08,-0.03,-72.6,63.86,-22.36,1.09
1800420145.9706752,-0.01,1.13,0.25,13.7,98.27,23.58,1.16
1800420146.0785282,0.0,1.1,0.4,-27.56,341.81,-4.67,1.17
1800420146.1863809,0.04,0.41,0.31,51.89,298.81,110.1,0.52
1800420146.2942338,0.3,-0.42,-0.37,-151.89,319.99,42.35,0.63
1800420146.4020865,-0.79,-0.43,-1.68,-43.07,170.7,-280.61,1.91
1800420146.5099394,0.67,-2.18,-2.27,-520.0,-520.0,-34.48,3.21
1800420146.6177921,-0.33,0.19,-1.13,116.18,-263.45,-168.48,1.19
1800420146.725645,-0.67,0.75,-0.31,4.43,239.73,-225.58,1.06
1800420146.8334978,-0.73,0.4,-0.52,-136.13,142.68,-225.02,0.98
1800420146.9413507,-1.1,0.39,-0.84,-51.13,-108.85,-41.35,1.44
1800420147.0492034,-0.89,0.41,-0.43,4.46,-53.76,133.23,1.07
1800420147.1570563,-1.17,-0.2,-1.3,-2.74,134.25,-65.08,1.76
1800420147.264909,-0.76,0.21,-0.44,-46.61,-206.17,-17.46,0.9
1800420147.372762,-0.56,0.31,-0.8,1.25,-118.79,-10.22,1.03
1800420147.4806147,-0.56,0.29,-0.93,-35.32,-128.69,2.3,1.12
1800420147.5884676,-0.65,0.18,-0.82,-12.74,-107.51,-22.82,1.06
1800420147.6963203,-0.49,0.21,-0.97,-9.41,-87.17,-20.39,1.11
1800420147.8041732,-0.54,0.21,-1.07,-40.05,-97.1,-6.98,1.22
0.0,0.0,0.0,0.0,0.0,0.0,0.0,0.0
1800420150.0,-0.1,-0.76,0.06,-45.95,-10.41,-11.25,0.77
1800420150.1061435,-0.14,-0.8,0.1,-5.22,4.49,-104.64,0.82
1800420150.2122867,-0.08,-0.8,0.36,-84.48,24.51,-39.24,0.88
1800420150.3184302,-0.18,-0.65,0.34,17.61,63.03,-87.97,0.76
1800420150.4245734,-0.13,-0.8,0.2,71.69,118.48,-81.52,0.84
1800420150.530717,-0.5,-0.82,0.23,-32.05,193.82,-39.01,0.99
1800420150.6368604,-0.42,-0.74,0.14,-58.92,126.85,-69.95,0.86
1800420150.7430036,-0.42,-0.69,0.05,-60.27,132.94,9.65,0.81
1800420150.849147,-0.37,-0.95,0.52,27.84,196.57,-5.53,1.15
1800420150.9552903,-0.4,-1.87,0.49,-37.01,243.03,-165.86,1.97
1800420151.0614338,0.42,-0.04,0.23,-139.39,-22.93,520.0,0.48
1800420151.167577,1.84,-0.42,0.5,112.09,182.69,-22.37,1.96
1800420151.2737205,0.38,0.82,0.67,-362.84,10.98,335.39,1.12
1800420151.379864,0.12,0.36,0.49,64.74,-198.19,201.49,0.61
1800420151.4860072,0.21,0.17,0.72,-123.02,-31.13,-95.71,0.77
1800420151.5921507,0.53,0.11,0.96,133.4,-127.97,5.12,1.1
1800420151.698294,0.37,-0.16,0.72,200.22,-126.83,-84.43,0.83
1800420151.8044374,0.1,-0.3,0.64,135.02,-127.74,-9.67,0.71
1800420151.9105809,0.04,-0.55,0.85,154.75,-207.82,-60.29,1.01
1800420152.016724,-0.38,-0.6,0.65,160.52,-105.87,48.44,0.96
1800420152.1228676,-0.38,-0.61,0.78,-66.7,-43.37,-67.31,1.06
1800420152.2290108,-0.36,-0.24,0.75,-92.56,21.44,151.29,0.86
1800420152.3351543,-0.09,-0.36,0.71,-9.48,-1.38,-21.46,0.8
0.0,0.0,0.0,0.0,0.0,0.0,0.0,0.0
1800420155.0,-0.06,-1.11,0.03,5.99,-21.0,3.43,1.11
1800420155.1059563,-0.06,-1.02,-0.08,26.38,-21.75,-15.46,1.02
1800420155.2119126,0.0,-1.01,0.02,27.31,0.0,-35.99,1.01
1800420155.317869,0.09,-1.02,0.04,19.48,-21.67,-42.43,1.02
1800420155.4238253,0.1,-1.03,0.09,24.07,-18.16,-52.59,1.04
1800420155.5297816,0.07,-0.95,0.07,14.88,15.67,-62.4,0.96
1800420155.635738,0.12,-0.96,0.14,34.53,0.38,-58.11,0.98
1800420155.7416942,0.12,-0.92,0.15,49.49,-0.64,-61.22,0.94
1800420155.8476505,-0.01,-0.73,0.11,53.9,-13.87,-83.64,0.73
1800420155.9536068,-0.0,-0.31,0.18,114.53,-77.98,-60.47,0.36
1800420156.0595632,0.02,-0.45,0.18,188.81,-164.61,-22.01,0.48
1800420156.1655192,0.97,-1.36,0.95,34.71,-214.38,158.92,1.92
1800420156.2714756,1.94,-2.08,0.69,443.23,361.08,-116.56,2.92
1800420156.3774319,1.34,-1.45,-1.24,65.01,253.23,269.85,2.33
1800420156.4833882,1.15,-0.04,0.01,-15.28,59.11,-9.41,1.15
1800420156.5893445,0.75,-0.85,0.32,-14.75,-148.15,-28.46,1.18
1800420156.6953008,0.84,-0.4,-0.07,-33.47,-127.14,-180.15,0.93
1800420156.8012571,0.84,-0.59,0.06,1.88,-22.31,-89.12,1.03
1800420156.9072134,0.73,-0.62,0.14,-1.32,77.1,-47.91,0.97
1800420157.0131698,0.7,-0.64,0.39,25.82,17.94,-34.57,1.02
1800420157.119126,0.81,-0.46,0.57,74.86,50.36,-34.88,1.09
1800420157.2250824,0.92,-0.5,0.37,6.22,-122.6,-81.86,1.11
0.0,0.0,0.0,0.0,0.0,0.0,0.0,0.0
1800420160.0,-0.05,0.95,-0.1,34.94,18.27,-38.48,0.96
1800420160.0988076,-0.08,1.0,0.07,22.75,20.1,-57.66,1.0
1800420160.1976151,-0.16,0.95,0.06,44.99,12.49,-70.44,0.96
1800420160.2964227,-0.05,0.87,-0.07,29.17,43.83,-88.74,0.87
1800420160.3952303,0.1,1.05,-0.37,-16.19,99.75,-116.53,1.12
1800420160.4940379,0.17,0.87,-0.41,-14.51,207.18,-95.63,0.98
1800420160.5928454,-0.05,0.95,-0.36,15.49,222.93,-56.4,1.02
1800420160.691653,-0.07,0.93,-0.57,24.0,176.36,-1.18,1.09
1800420160.7904606,0.0,0.74,-0.51,-1.16,164.6,-16.75,0.9
1800420160.8892682,0.08,0.6,-0.37,-214.24,253.5,-176.0,0.71
1800420160.9880757,-0.35,1.23,-1.32,-18.95,156.97,88.69,1.84
1800420161.0868833,-0.59,1.12,-0.87,142.76,36.87,259.93,1.53
1800420161.1856909,0.99,1.96,2.1,213.05,-17.35,487.01,3.04
1800420161.2844985,0.51,-0.1,0.55,422.72,-35.56,369.78,0.76
1800420161.383306,1.52,0.03,0.92,-66.06,-263.57,142.97,1.78
1800420161.4821136,1.22,0.13,0.11,95.74,-137.12,-84.75,1.23
1800420161.580921,1.07,0.65,0.22,-185.16,72.45,42.45,1.27
1800420161.6797285,0.83,0.66,0.36,-180.27,-48.72,-5.12,1.12
1800420161.778536,0.64,0.79,0.44,-68.07,-67.87,56.98,1.1
1800420161.8773437,0.72,0.71,0.45,-21.02,23.23,-68.96,1.11
1800420161.9761512,0.9,0.64,0.2,-44.08,28.64,-115.99,1.13
1800420162.0749588,0.7,0.67,0.06,-77.29,20.76,-172.19,0.97
1800420162.1737664,0.63,1.02,0.01,-143.63,13.82,-124.42,1.2
1800420162.272574,0.48,1.02,-0.33,-124.45,-52.33,-240.45,1.18
1800420162.3713815,0.62,1.17,-0.5,24.12,-21.93,-112.76,1.41
1800420162.470189,0.71,0.89,-0.41,11.16,25.95,-36.27,1.2
1800420162.5689967,0.68,1.02,-0.37,-93.52,63.3,-32.34,1.28
1800420162.6678042,0.47,0.81,-0.25,-90.35,151.57,-25.88,0.97
1800420162.7666118,0.31,0.92,-0.42,-52.21,77.91,-60.83,1.05
0.0,0.0,0.0,0.0,0.0,0.0,0.0,0.0
1800420165.0,0.02,0.73,-0.45,-4.79,-4.31,29.13,0.86
1800420165.1102679,-0.09,0.79,-0.31,-29.03,-45.89,21.58,0.85
1800420165.2205355,-0.19,0.77,-0.32,-48.53,-76.82,-7.75,0.85
1800420165.3308034,0.02,0.79,0.02,-60.16,-115.36,1.46,0.79
1800420165.4410713,0.23,0.87,0.06,-27.48,-163.0,-17.76,0.9
1800420165.5513391,0.58,0.57,-0.21,-33.8,-179.43,-38.77,0.84
1800420165.6616068,0.52,0.82,-0.37,-12.25,-175.06,-47.63,1.04
1800420165.7718747,0.35,0.47,-0.08,28.26,-121.08,80.0,0.59
1800420165.8821425,-0.65,0.0,-0.36,124.31,-66.7,-20.08,0.74
1800420165.9924104,-0.82,1.61,-1.41,-93.82,-292.09,-6.09,2.29
1800420166.102678,-1.64,1.17,1.81,-349.38,247.58,151.61,2.71
1800420166.212946,0.47,-0.03,0.95,88.06,-206.23,-19.02,1.06
1800420166.3232138,0.56,0.85,0.07,-30.53,-187.41,-19.71,1.02
1800420166.4334817,-0.48,0.7,0.31,-30.09,-123.12,86.41,0.91
1800420166.5437493,-1.03,0.33,0.64,-50.33,-25.32,85.88,1.26
1800420166.6540172,-1.4,0.33,0.76,26.08,-63.85,-0.89,1.62
1800420166.764285,-0.71,0.58,0.57,135.66,-71.05,-6.42,1.08
1800420166.8745527,-0.62,0.63,0.24,23.72,-19.01,4.14,0.91
1800420166.9848206,-0.99,0.62,0.19,17.03,-7.05,-32.21,1.18
1800420167.0950885,-0.85,0.51,0.12,24.87,-25.9,-81.89,0.99
0.0,0.0,0.0,0.0,0.0,0.0,0.0,0.0
1800420170.0,0.09,-0.85,-0.49,-20.37,-17.64,3.6,0.99
1800420170.1100287,0.14,-0.85,-0.44,-49.31,-3.04,20.81,0.97
1800420170.2200572,0.12,-0.97,-0.33,-9.23,19.98,29.75,1.03
1800420170.330086,0.03,-0.91,-0.31,-26.68,21.31,22.49,0.96
1800420170.4401145,-0.05,-0.9,-0.21,-31.75,-0.21,24.42,0.93
1800420170.5501432,-0.09,-0.93,-0.28,-50.44,-2.12,30.89,0.97
1800420170.660172,-0.15,-0.91,-0.28,-56.97,4.75,0.26,0.96
1800420170.7702005,-0.15,-0.88,-0.33,-58.38,39.85,6.53,0.95
1800420170.8802292,-0.18,-0.76,-0.18,-42.58,32.78,0.25,0.8
1800420170.990258,0.18,-0.72,-0.06,-77.95,108.54,-56.09,0.74
1800420171.1002865,-0.07,-0.55,-0.17,-121.05,7.67,-83.43,0.58
1800420171.2103152,0.04,-0.49,-0.08,-99.32,90.12,38.92,0.5
1800420171.3203437,-0.87,-0.59,-0.29,-111.3,153.04,-81.99,1.09
1800420171.4303725,-1.68,-1.94,-0.1,29.77,-520.0,52.63,2.57
1800420171.5404012,-2.18,0.2,-1.13,-185.78,14.18,141.36,2.47
1800420171.6504297,-1.44,-0.55,-0.24,-104.67,142.82,-33.96,1.56
1800420171.7604585,-1.63,-0.07,-0.07,-12.41,72.57,25.22,1.63
1800420171.8704872,-1.01,-0.13,0.18,-8.07,134.55,60.87,1.04
1800420171.9805157,-1.05,-0.21,0.11,56.14,173.83,-13.66,1.08
1800420172.0905445,-1.03,-0.41,0.02,102.3,117.11,25.39,1.11
1800420172.200573,-0.94,-0.43,-0.0,74.35,53.24,-15.72,1.03
1800420172.3106017,-0.77,-0.51,0.1,61.73,20.97,4.29,0.93
1800420172.4206305,-0.85,-0.57,0.21,31.16,39.73,36.37,1.05
1800420172.530659,-0.81,-0.51,0.39,47.31,8.11,25.4,1.03
1800420172.6406877,-0.87,-0.42,0.33,43.57,24.31,27.08,1.02
1800420172.7507164,-0.66,-0.47,0.44,0.69,10.25,33.31,0.92
0.0,0.0,0.0,0.0,0.0,0.0,0.0,0.0
1800420175.0,-0.15,-0.92,-0.06,67.3,10.56,41.95,0.94
1800420175.101787,-0.2,-0.95,-0.01,54.11,12.51,-23.96,0.97
1800420175.203574,-0.24,-0.85,-0.1,7.6,39.34,-43.69,0.89
1800420175.305361,-0.2,-0.77,-0.03,9.76,56.77,-11.95,0.8
1800420175.407148,-0.17,-0.65,-0.03,63.46,65.98,-47.08,0.67
1800420175.508935,-0.14,-0.65,0.0,139.68,71.06,13.33,0.66
1800420175.6107218,-0.26,-1.01,-0.26,258.38,142.2,78.08,1.08
1800420175.712509,-1.13,-1.59,0.6,471.23,-95.53,-209.28,2.04
1800420175.8142958,-0.88,-0.27,-0.11,464.44,157.28,355.79,0.92
1800420175.9160829,-0.98,-0.29,1.02,-58.24,96.3,334.45,1.44
1800420176.0178697,-0.42,-0.16,-0.23,18.88,294.49,17.69,0.51
1800420176.1196568,-0.63,0.93,0.17,-213.06,-77.96,49.89,1.13
1800420176.2214437,-0.5,0.41,0.64,-254.32,-267.21,203.19,0.91
1800420176.3232307,-1.45,0.1,0.82,80.29,-261.58,-128.34,1.67
1800420176.4250176,-1.16,-0.19,0.44,-143.45,-144.72,29.21,1.26
1800420176.5268047,-0.64,-0.31,-0.0,-118.75,-25.3,48.42,0.71
1800420176.6285915,-0.88,-0.53,0.3,-78.15,-86.26,-58.03,1.07
1800420176.7303786,-0.77,-0.6,0.14,38.25,-105.05,-66.58,0.98
1800420176.8321655,-0.97,-0.22,-0.18,5.73,-73.47,-48.57,1.01
1800420176.9339526,-0.96,-0.19,-0.04,-56.55,-8.25,53.89,0.98
0.0,0.0,0.0,0.0,0.0,0.0,0.0,0.0
1800420180.0,0.18,-0.85,0.02,2.61,-25.37,22.58,0.87
1800420180.098326,0.15,-0.9,-0.06,-9.82,-5.65,9.53,0.92
1800420180.1966522,0.13,-0.79,-0.05,26.49,7.98,20.79,0.81
1800420180.2949781,0.17,-0.84,0.01,7.07,13.39,17.73,0.86
1800420180.393304,0.19,-0.82,-0.04,-0.9,2.84,26.54,0.84
1800420180.4916303,0.13,-0.82,0.03,11.13,5.71,21.57,0.83
1800420180.5899563,0.07,-0.67,-0.04,20.86,14.25,49.83,0.68
1800420180.6882823,-0.07,-0.54,0.01,54.14,12.6,50.36,0.54
1800420180.7866085,-0.03,-0.49,0.0,82.15,6.86,83.3,0.49
1800420180.8849344,0.13,-0.68,0.25,104.41,-69.79,55.65,0.73
1800420180.9832604,1.63,-1.7,-0.94,184.95,-130.28,-112.1,2.53
1800420181.0815864,0.55,-0.73,0.25,212.63,39.14,85.26,0.94
1800420181.1799126,-0.78,0.27,1.75,-154.14,-6.59,-168.27,1.94
1800420181.2782385,0.75,-0.14,0.8,-105.56,-209.97,436.08,1.1
1800420181.3765645,1.17,-0.43,0.13,30.81,-71.54,114.0,1.25
1800420181.4748907,0.5,-0.35,0.1,-1.7,-128.75,234.29,0.62
1800420181.5732167,1.09,-0.25,0.23,36.62,-111.28,194.06,1.14
1800420181.6715426,1.04,-0.18,0.15,36.85,-2.24,36.29,1.07
1800420181.7698689,0.9,-0.17,0.19,-10.73,-86.92,53.07,0.93
1800420181.8681948,0.89,-0.13,0.4,35.5,-70.51,-17.19,0.98
0.0,0.0,0.0,0.0,0.0,0.0,0.0,0.0
1800420185.0,-0.57,-0.72,-0.05,17.95,-15.26,35.61,0.92
1800420185.104543,-0.53,-0.8,-0.12,9.81,-2.34,25.65,0.97
1800420185.2090862,-0.65,-0.76,-0.06,-44.85,-4.98,26.42,1.0
1800420185.3136292,-0.48,-0.78,-0.07,-24.96,16.0,49.04,0.92
1800420185.4181724,-0.44,-0.83,-0.04,-47.39,25.41,44.65,0.94
1800420185.5227153,-0.63,-0.82,0.01,-26.35,42.12,41.4,1.04
1800420185.6272585,-0.57,-0.82,-0.07,-24.65,129.24,-29.57,1.0
1800420185.7318015,-0.22,-0.82,-0.41,36.19,40.32,44.28,0.94
1800420185.8363447,-0.1,-0.37,-0.16,-205.67,208.73,245.91,0.42
1800420185.9408877,-0.31,0.4,0.17,103.8,40.67,520.0,0.53
1800420186.045431,-1.24,0.23,-0.29,-221.91,171.75,-287.9,1.29
1800420186.1499739,-2.11,1.87,1.3,-520.0,-518.56,-233.93,3.11
1800420186.254517,-1.96,1.71,-0.59,-334.39,-519.41,506.75,2.67
1800420186.35906,-0.79,-0.12,-0.78,164.66,42.76,-167.55,1.11
1800420186.4636033,-0.49,-1.22,-0.34,278.73,266.59,221.85,1.36
1800420186.5681462,-0.26,-0.43,-0.51,183.96,106.37,-206.69,0.71
1800420186.6726892,-0.15,-0.61,-0.74,148.7,21.81,-30.78,0.97
1800420186.7772324,0.02,-0.8,-1.0,116.72,171.49,-19.47,1.28
1800420186.8817754,-0.04,-0.76,-0.83,49.72,96.74,171.17,1.12
1800420186.9863186,-0.12,-0.97,-0.52,53.68,61.12,135.88,1.1
1800420187.0908616,0.21,-0.82,-0.8,-15.84,121.36,17.01,1.16
1800420187.1954048,0.23,-0.93,-0.43,17.34,79.6,26.18,1.05
1800420187.2999477,0.32,-0.85,-0.36,54.73,31.78,32.56,0.98
1800420187.404491,0.42,-0.89,-0.53,42.49,-23.05,11.54,1.12
1800420187.509034,0.46,-0.88,-0.38,15.63,6.98,-5.82,1.06
1800420187.6135771,0.54,-0.78,-0.53,63.07,64.49,63.2,1.09
1800420187.71812,0.62,-0.83,-0.42,11.51,-2.51,43.81,1.12
0.0,0.0,0.0,0.0,0.0,0.0,0.0,0.0
1800420190.0,0.34,0.69,0.42,11.11,-60.12,5.77,0.87
1800420190.100475,0.36,0.77,0.34,11.41,-78.42,-11.02,0.91
1800420190.2009501,0.32,0.72,0.2,8.45,-104.33,2.72,0.82
1800420190.3014252,0.52,0.61,0.16,33.36,-121.48,31.07,0.82
1800420190.4019003,0.56,0.54,0.15,64.68,-118.19,43.64,0.79
1800420190.5023754,0.55,0.53,0.22,44.85,-118.06,58.01,0.8
1800420190.6028504,0.34,0.53,0.26,32.96,-118.73,36.27,0.69
1800420190.7033255,0.31,0.44,0.26,46.85,-117.15,14.08,0.6
1800420190.8038006,0.48,0.4,0.4,66.94,-100.0,35.67,0.74
1800420190.9042757,1.04,1.05,0.65,76.39,-133.26,-48.48,1.62
1800420191.0047507,-0.62,1.42,1.03,-61.78,-116.94,-69.63,1.86
1800420191.1052258,0.51,1.52,0.53,-51.23,-117.15,278.04,1.69
1800420191.2057009,0.17,0.02,-0.88,28.64,30.69,223.57,0.89
1800420191.306176,-2.11,-0.13,-0.57,-74.39,-74.2,84.34,2.19
1800420191.406651,-0.74,0.35,-0.22,-4.58,-54.98,58.62,0.84
1800420191.507126,-1.1,0.27,0.56,-74.09,-92.1,-16.87,1.27
1800420191.6076012,-1.18,0.47,0.32,29.76,-74.8,3.46,1.31
1800420191.7080762,-1.02,-0.02,0.2,49.94,19.2,-36.82,1.04
1800420191.8085513,-1.17,0.07,0.57,-24.12,-27.41,-106.53,1.31
1800420191.9090264,-0.96,0.58,0.34,95.81,-58.79,-94.97,1.17
1800420192.0095015,-0.9,0.39,0.9,87.15,-24.92,-192.58,1.33
1800420192.1099765,-0.5,0.84,1.1,-48.75,72.87,-91.56,1.48
1800420192.2104516,-0.33,0.59,0.38,-76.94,51.39,-95.67,0.77
1800420192.3109267,-0.35,0.81,-0.02,-51.47,-16.04,-105.26,0.88
1800420192.4114017,-0.03,0.91,0.02,-20.24,-20.16,-117.95,0.91
1800420192.5118768,0.16,0.65,0.06,23.32,-39.0,-105.56,0.68
1800420192.612352,0.34,0.69,-0.06,15.28,-78.79,-39.44,0.77
0.0,0.0,0.0,0.0,0.0,0.0,0.0,0.0
1800420195.0,-0.2,0.88,0.03,10.46,-56.63,-21.67,0.9
1800420195.1026847,-0.16,0.96,-0.03,18.94,-5.37,-62.96,0.97
1800420195.2053695,-0.15,1.01,0.02,-22.83,-9.9,-25.58,1.02
1800420195.3080544,-0.16,0.83,0.08,2.62,-22.86,-41.04,0.85
1800420195.4107392,-0.14,0.95,0.1,5.52,-28.67,-70.35,0.97
1800420195.513424,-0.21,0.82,0.01,-16.6,-23.37,-72.88,0.85
1800420195.6161087,-0.25,0.82,-0.02,-3.78,-29.71,-99.03,0.86
1800420195.7187934,-0.21,0.67,0.07,-24.14,-37.57,-124.41,0.7
1800420195.8214784,-0.29,0.49,0.13,-17.32,-26.67,-149.28,0.58
1800420195.924163,-0.38,0.3,0.14,32.54,35.01,-229.72,0.5
1800420196.0268478,-1.83,1.28,0.49,322.81,252.2,-259.65,2.29
1800420196.1295326,-1.88,0.14,0.92,-8.04,-38.4,-392.64,2.09
1800420196.2322173,-2.07,-0.3,0.47,127.39,323.95,-67.44,2.14
1800420196.3349023,-0.96,-0.01,0.61,11.38,-69.69,50.03,1.13
1800420196.437587,-1.25,0.07,0.31,64.6,61.58,-137.18,1.29
1800420196.5402718,-1.26,-0.12,0.64,-86.21,-43.96,-33.07,1.41
1800420196.6429565,-1.3,-0.17,0.43,9.46,-13.04,-34.3,1.38
1800420196.7456412,-0.9,-0.58,0.01,-24.18,124.18,64.97,1.07
1800420196.848326,-1.33,0.17,0.71,8.83,-29.36,40.5,1.52
1800420196.951011,-0.93,0.23,0.11,48.41,14.64,-73.04,0.96
0.0,0.0,0.0,0.0,0.0,0.0,0.0,0.0
1800420200.0,-0.13,1.01,0.06,5.24,-7.53,-31.69,1.02
1800420200.103405,-0.17,1.03,-0.03,12.03,9.15,-49.2,1.05
1800420200.2068102,-0.14,0.99,-0.01,29.2,12.87,-76.57,1.0
1800420200.3102152,-0.06,0.89,0.01,13.91,39.15,-79.9,0.89
1800420200.4136205,0.03,0.95,0.23,-36.29,104.64,-104.48,0.97
1800420200.5170255,0.08,0.87,0.32,-42.92,165.64,-76.4,0.93
1800420200.6204307,-0.02,0.85,0.24,-9.76,206.88,-42.8,0.89
1800420200.7238357,-0.14,0.94,0.42,-1.01,164.64,-18.3,1.04
1800420200.827241,-0.04,0.73,0.4,-42.89,162.45,-23.49,0.83
1800420200.930646,-0.04,0.47,0.24,-259.79,233.87,-134.64,0.53
1800420201.0340512,-0.28,1.26,1.03,-34.59,139.2,88.97,1.65
1800420201.1374562,-0.45,1.08,0.7,134.76,55.05,221.88,1.37
1800420201.2408614,0.75,2.02,-1.85,227.62,-11.24,400.76,2.84
1800420201.3442664,0.44,-0.14,-0.5,440.4,-35.24,314.79,0.68
1800420201.4476717,1.31,-0.05,-0.83,-96.17,-209.9,118.36,1.55
1800420201.5510767,1.03,0.05,-0.08,73.01,-119.14,-52.01,1.04
1800420201.654482,0.96,0.61,-0.29,-232.07,70.69,58.38,1.17
1800420201.757887,0.66,0.61,-0.31,-220.88,-55.19,-17.25,0.95
1800420201.8612921,0.55,0.73,-0.5,-108.34,-73.54,42.83,1.04
1800420201.9646971,0.63,0.65,-0.5,-67.1,22.04,-54.9,1.04
1800420202.0681024,0.68,0.67,-0.22,-84.87,25.06,-92.58,0.98
1800420202.1715074,0.6,0.76,-0.13,-104.93,-2.62,-135.75,0.98
1800420202.2749126,0.5,0.95,-0.06,-181.55,16.99,-92.66,1.08
1800420202.3783176,0.39,1.02,0.18,-140.78,-23.21,-194.4,1.11
1800420202.4817228,0.57,1.15,0.36,27.58,-26.27,-96.38,1.33
1800420202.5851278,0.55,0.84,0.32,-11.45,19.9,-27.84,1.05
1800420202.688533,0.46,0.98,0.2,-132.54,74.16,-16.93,1.1
1800420202.791938,0.32,0.79,0.19,-126.08,137.48,-20.04,0.88
1800420202.8953433,0.16,0.87,0.28,-66.43,63.26,-38.52,0.92
0.0,0.0,0.0,0.0,0.0,0.0,0.0,0.0
1800420205.0,0.01,-0.91,0.36,36.21,28.49,1.47,0.98
1800420205.1045537,-0.05,-0.86,0.35,67.2,20.89,13.61,0.93
1800420205.2091074,0.01,-0.8,0.39,114.21,4.32,20.5,0.9
1800420205.313661,0.06,-0.71,0.51,112.5,-24.83,12.94,0.88
1800420205.4182148,0.05,-0.57,0.52,150.71,-12.58,1.71,0.77
1800420205.5227687,0.12,-0.4,0.58,180.26,-25.75,14.18,0.71
1800420205.6273224,0.36,-0.28,0.32,163.02,-30.73,6.05,0.56
1800420205.7318761,-0.68,0.02,1.95,234.16,27.5,76.49,2.06
1800420205.8364298,-1.65,1.86,0.02,-272.22,-411.91,-221.08,2.49
1800420205.9409835,-0.02,1.5,0.65,-57.93,58.04,-257.63,1.63
1800420206.0455372,0.16,0.39,0.65,207.2,-64.94,-18.22,0.78
1800420206.150091,0.17,0.2,0.91,7.45,-56.66,-24.07,0.95
1800420206.2546446,0.4,0.25,0.82,50.7,-66.24,-10.41,0.94
1800420206.3591983,0.48,0.46,0.69,-2.71,21.31,-54.27,0.96
1800420206.4637523,0.36,0.26,0.82,-55.17,51.69,-38.72,0.93
1800420206.568306,0.29,0.26,0.86,-41.42,19.44,-40.48,0.94
1800420206.6728597,0.35,0.14,0.74,-55.78,48.71,-31.61,0.83
1800420206.7774134,0.34,0.1,0.84,-26.95,34.03,-18.03,0.91
0.0,0.0,0.0,0.0,0.0,0.0,0.0,0.0
1800420210.0,-0.01,-1.01,0.05,13.71,8.09,34.98,1.01
1800420210.1065981,-0.0,-1.03,0.05,-10.09,-4.85,-1.19,1.03
1800420210.2131963,-0.1,-0.92,0.0,14.44,-10.85,-17.79,0.93
1800420210.3197944,-0.03,-1.05,-0.02,36.61,-34.76,34.19,1.05
1800420210.4263928,-0.05,-1.01,-0.04,15.72,-1.73,-26.3,1.01
1800420210.532991,-0.03,-0.94,-0.0,-47.84,-28.84,-9.72,0.95
1800420210.639589,-0.27,-0.71,-0.1,42.6,-116.9,-2.09,0.77
1800420210.7461872,-0.27,-0.73,-0.13,-5.65,-209.8,-118.48,0.79
1800420210.8527853,-0.15,-0.5,-0.07,-126.46,-232.79,-138.82,0.52
1800420210.9593835,-0.16,-0.37,0.07,-217.81,-130.99,-271.93,0.4
1800420211.0659816,1.8,-0.8,0.16,-468.05,9.11,-494.61,1.97
1800420211.17258,1.85,-1.14,-0.06,482.64,297.12,126.67,2.18
1800420211.2791781,1.85,1.58,1.38,-204.28,-19.89,-301.45,2.8
1800420211.3857763,-0.02,0.21,0.45,283.71,39.28,275.65,0.49
1800420211.4923744,0.66,0.59,0.75,-241.27,27.25,-294.76,1.16
1800420211.5989726,0.97,0.23,0.5,100.65,36.62,-65.24,1.11
1800420211.7055707,0.61,-0.31,0.71,123.26,-4.41,25.91,0.99
1800420211.8121688,0.51,-0.32,0.59,93.15,-12.39,101.73,0.84
1800420211.918767,0.49,-0.38,0.63,42.87,-35.95,20.13,0.88
1800420212.0253654,0.21,-0.31,0.66,15.44,-30.15,24.67,0.76
1800420212.1319635,0.75,-0.47,0.59,45.75,-73.72,-29.13,1.06
1800420212.2385616,0.51,-0.36,0.53,7.76,-25.67,6.45,0.82
1800420212.3451598,0.71,-0.45,0.54,65.4,-35.95,-31.55,1.0
1800420212.451758,0.64,-0.36,0.47,28.78,-6.02,-0.79,0.87
0.0,0.0,0.0,0.0,0.0,0.0,0.0,0.0
1800420215.0,0.08,1.01,-0.21,-17.03,-11.9,7.03,1.04
1800420215.103903,-0.05,1.03,-0.14,-11.18,6.11,40.72,1.04
1800420215.207806,0.01,1.09,-0.09,-14.66,-38.4,52.1,1.1
1800420215.3117092,0.05,1.04,-0.07,-15.0,-30.22,58.33,1.05
1800420215.4156122,0.05,0.85,-0.3,-41.77,-28.88,76.59,0.91
1800420215.5195153,0.07,0.95,-0.48,-63.87,18.94,96.49,1.07
1800420215.623418,0.2,0.91,-0.49,-60.29,56.68,91.43,1.05
1800420215.7273211,0.15,0.75,-0.48,-35.3,72.12,106.78,0.9
1800420215.8312242,0.17,0.75,-0.36,-40.5,63.95,93.21,0.85
1800420215.9351273,0.16,0.62,-0.3,-74.25,92.95,130.78,0.71
1800420216.0390303,0.23,0.54,-0.23,-128.68,52.33,197.31,0.63
1800420216.1429334,0.53,0.37,-0.98,-172.02,45.18,208.81,1.17
1800420216.2468364,0.09,0.23,-1.73,-141.51,-98.41,-331.56,1.75
1800420216.3507395,-0.61,-0.74,-0.65,340.35,106.67,166.84,1.16
1800420216.4546425,-0.13,-0.5,-0.66,251.95,-70.88,154.42,0.84
1800420216.5585456,-0.26,0.15,-1.41,30.8,213.92,82.25,1.44
1800420216.6624486,-0.57,0.06,-1.11,60.75,130.14,77.01,1.25
1800420216.7663515,-0.54,-0.06,-0.91,49.9,72.05,-1.94,1.06
1800420216.8702545,-0.62,0.12,-0.91,37.49,21.55,48.11,1.1
1800420216.9741576,-0.61,-0.05,-1.0,31.52,6.66,10.73,1.18
0.0,0.0,0.0,0.0,0.0,0.0,0.0,0.0
1800420220.0,-0.01,1.15,-0.07,4.9,-11.34,4.16,1.16
1800420220.1046624,0.0,1.2,-0.11,-0.6,-28.5,-14.65,1.21
1800420220.209325,0.1,1.17,-0.1,-20.12,-23.81,-34.07,1.18
1800420220.3139875,0.16,1.1,0.03,-43.3,-28.58,-44.49,1.11
1800420220.4186502,0.14,1.11,-0.03,-21.3,-4.2,-62.31,1.12
1800420220.5233126,0.15,1.14,0.0,-30.42,4.06,-32.5,1.15
1800420220.6279752,0.16,1.1,0.1,-52.12,4.57,-35.29,1.11
1800420220.7326376,0.1,1.09,0.08,-46.79,-5.47,-47.09,1.09
1800420220.8373003,0.09,0.79,-0.01,-67.29,11.45,-61.87,0.79
1800420220.9419627,0.04,0.31,0.08,-114.29,-94.84,-54.97,0.32
1800420221.0466251,0.07,0.48,0.09,-196.22,-177.6,-11.78,0.5
1800420221.1512878,1.14,1.42,0.87,-49.97,-240.02,139.32,2.02
1800420221.2559502,2.12,2.36,0.62,-515.61,384.33,-118.65,3.23
1800420221.3606129,1.41,1.7,-1.15,-74.5,254.63,250.14,2.49
1800420221.4652753,1.24,0.07,-0.04,20.33,60.92,-17.93,1.24
1800420221.569938,0.83,0.88,0.2,21.61,-148.53,-20.17,1.22
1800420221.6746004,0.83,0.44,-0.16,36.54,-137.8,-160.56,0.96
1800420221.779263,0.91,0.57,-0.04,-10.41,-21.18,-78.55,1.07
1800420221.8839254,0.86,0.63,0.13,12.69,55.5,-32.43,1.08
1800420221.9885879,0.72,0.66,0.23,-27.9,10.33,-33.88,1.01
1800420222.0932505,0.82,0.52,0.51,-67.22,58.58,-27.98,1.1
1800420222.197913,0.98,0.51,0.27,-17.25,-116.49,-58.46,1.14
0.0,0.0,0.0,0.0,0.0,0.0,0.0,0.0
1800420225.0,-0.05,-1.0,-0.01,-5.53,5.51,15.13,1.0
1800420225.10572,-0.1,-0.99,-0.04,11.32,24.58,8.87,0.99
1800420225.21144,0.01,-1.03,-0.06,-0.18,15.4,18.53,1.03
1800420225.3171604,-0.06,-1.08,-0.02,5.56,13.67,-3.61,1.08
1800420225.4228804,-0.08,-1.06,-0.04,19.87,32.13,-36.07,1.07
1800420225.5286005,-0.03,-0.96,-0.01,26.29,39.72,-5.38,0.96
1800420225.6343205,-0.12,-1.08,-0.04,21.2,32.68,-37.37,1.09
1800420225.7400405,-0.08,-0.91,-0.06,48.47,29.11,-24.61,0.91
1800420225.8457606,-0.03,-0.88,-0.12,99.13,-16.39,3.77,0.89
1800420225.9514809,-0.06,-0.84,0.01,121.12,-57.74,8.14,0.84
1800420226.057201,0.07,-0.95,0.14,196.44,-102.19,61.32,0.96
1800420226.162921,0.08,0.02,-0.07,13.73,22.79,-16.79,0.1
1800420226.268641,-0.13,-0.26,0.91,256.81,-29.66,-28.15,0.96
1800420226.374361,-0.29,2.03,2.06,-398.2,-311.02,-431.38,2.9
1800420226.480081,0.14,0.4,0.5,35.78,-19.28,-274.07,0.66
1800420226.5858014,0.26,-0.63,1.06,-47.55,0.01,41.81,1.27
1800420226.6915214,0.47,0.05,0.98,84.77,-110.56,-17.49,1.09
1800420226.7972414,0.67,0.08,1.12,-85.82,-48.02,-32.32,1.31
1800420226.9029615,0.59,-0.24,1.01,-38.83,1.58,39.78,1.2
1800420227.0086815,0.4,-0.34,0.86,-43.5,64.69,-33.12,1.01
1800420227.1144016,0.27,-0.29,0.86,-5.44,41.08,-16.92,0.94
1800420227.2201219,0.26,-0.22,0.86,-44.88,12.3,-22.42,0.93
1800420227.325842,0.4,-0.33,0.94,-50.44,-9.61,-12.92,1.07
1800420227.431562,0.36,-0.24,0.82,-2.94,0.16,-36.01,0.93
1800420227.537282,0.37,-0.27,0.81,-12.46,31.18,-35.97,0.93
1800420227.643002,0.49,-0.47,0.7,90.94,51.36,12.73,0.97
1800420227.7487223,0.4,-0.4,1.04,-5.85,103.66,-43.05,1.18
1800420227.8544424,0.21,-0.46,0.93,37.38,-21.95,63.32,1.06
1800420227.9601624,0.28,-0.03,0.83,53.02,-24.52,9.28,0.88
1800420228.0658824,0.44,-0.06,0.95,-15.15,18.47,-13.89,1.04
1800420228.1716025,0.42,-0.11,0.78,16.79,3.09,19.77,0.89
1800420228.2773225,0.39,-0.23,0.89,-55.11,41.13,-12.87,1.0
0.0,0.0,0.0,0.0,0.0,0.0,0.0,0.0
1800420230.0,-0.11,-0.96,-0.11,19.17,-34.38,-12.19,0.97
1800420230.0967464,-0.16,-0.98,0.07,18.27,-47.78,19.02,1.0
1800420230.193493,-0.08,-0.98,0.1,27.01,-32.21,5.62,0.99
1800420230.2902393,-0.01,-0.91,0.13,4.55,-19.94,33.71,0.92
1800420230.3869858,-0.01,-1.13,-0.01,-6.0,-16.33,22.38,1.13
1800420230.4837322,-0.11,-0.99,0.09,31.73,-15.38,39.9,1.0
1800420230.5804787,0.01,-0.93,0.07,27.46,17.03,19.46,0.93
1800420230.677225,0.1,-0.94,0.03,48.38,-5.38,45.1,0.95
1800420230.7739716,-0.02,-0.9,0.07,51.64,14.2,33.68,0.9
1800420230.8707182,-0.08,-0.75,0.05,72.67,-9.71,55.43,0.75
1800420230.9674647,-0.12,-0.38,0.07,50.24,-21.22,80.14,0.41
1800420231.0642111,-0.04,-0.53,0.43,19.99,-42.4,244.94,0.68
1800420231.1609576,0.5,-1.54,0.44,118.99,-345.32,1.63,1.68
1800420231.257704,0.35,-1.24,1.37,147.65,-291.42,-28.59,1.88
1800420231.3544505,0.49,-0.32,1.99,460.65,-456.78,215.55,2.07
1800420231.451197,0.15,0.65,0.32,203.71,-91.68,-59.25,0.74
1800420231.5479434,0.33,-1.05,1.33,94.25,-64.77,103.17,1.73
1800420231.6446898,-0.22,-0.01,1.04,-34.63,244.05,-121.85,1.06
1800420231.7414362,-0.04,-0.43,1.25,35.87,11.61,-54.93,1.32
1800420231.8381827,-0.12,-0.02,1.01,25.38,46.2,-22.45,1.02
1800420231.9349291,-0.15,-0.33,1.23,17.59,-40.36,33.6,1.28
1800420232.0316756,0.14,-0.34,0.92,39.36,-54.15,-23.57,1.0
1800420232.128422,0.14,-0.35,1.02,-14.6,-30.78,25.96,1.08
1800420232.2251685,0.26,-0.21,0.97,1.42,1.14,16.11,1.02
1800420232.321915,0.08,-0.25,1.1,37.63,-58.82,-4.84,1.13
1800420232.4186614,0.08,-0.24,1.09,-14.37,-65.11,-53.27,1.12
0.0,0.0,0.0,0.0,0.0,0.0,0.0,0.0
1800420235.0,-0.1,-0.95,0.02,10.27,-13.66,-28.64,0.96
1800420235.0937338,0.02,-0.86,0.13,-15.1,-9.56,-38.58,0.87
1800420235.1874673,-0.04,-0.97,0.08,-6.97,-12.49,-22.66,0.98
1800420235.2812011,0.01,-0.86,0.06,3.27,-7.61,-34.45,0.87
1800420235.374935,-0.06,-0.92,0.11,14.86,-18.61,-46.49,0.92
1800420235.4686687,-0.07,-0.91,0.08,15.88,5.6,-74.03,0.92
1800420235.5624022,-0.02,-0.9,0.12,0.36,-3.21,-108.33,0.9
1800420235.656136,0.03,-0.75,0.07,10.15,-16.15,-152.24,0.75
1800420235.7498698,0.12,-0.59,0.26,15.92,-38.26,-188.18,0.66
1800420235.8436034,0.17,-0.46,0.31,12.6,-31.26,-174.89,0.58
1800420235.9373372,-0.04,-0.36,0.3,5.55,49.49,-235.9,0.47
1800420236.031071,-1.3,-1.66,0.5,-222.13,293.12,-130.58,2.16
1800420236.1248045,-0.9,1.13,1.96,319.38,-404.36,-490.78,2.44
1800420236.2185383,-0.4,0.4,0.37,-111.07,41.92,-1.88,0.67
1800420236.312272,-0.09,0.15,0.93,44.29,72.77,91.7,0.95
1800420236.4060059,0.64,-0.21,1.06,122.79,-75.91,-52.42,1.25
1800420236.4997394,0.39,0.1,1.04,103.55,-101.99,43.57,1.12
1800420236.5934732,0.29,-0.01,1.12,125.87,1.94,-10.65,1.16
1800420236.687207,0.17,-0.01,1.05,59.22,-94.69,99.37,1.06
1800420236.7809405,-0.08,-0.03,0.89,18.28,34.44,-31.02,0.89
1800420236.8746743,0.15,-0.15,1.27,13.61,-48.58,54.95,1.29
1800420236.968408,-0.27,-0.25,0.78,22.78,13.51,14.82,0.86
0.0,0.0,0.0,0.0,0.0,0.0,0.0,0.0
1800420240.0,-0.04,0.76,-0.69,-8.35,-21.64,14.52,1.02
1800420240.106174,-0.14,0.8,-0.56,-13.73,-14.31,24.69,0.99
1800420240.212348,-0.05,0.69,-0.69,27.25,12.35,47.72,0.98
1800420240.318522,-0.11,0.84,-0.42,13.58,29.37,38.02,0.94
1800420240.424696,-0.06,0.75,-0.56,28.88,15.73,36.62,0.93
1800420240.5308702,-0.03,0.86,-0.7,3.09,50.09,47.93,1.11
1800420240.6370442,-0.1,0.88,-0.53,0.34,121.36,-54.08,1.04
1800420240.7432182,-0.37,0.79,-0.26,-31.28,37.77,45.82,0.91
1800420240.8493922,-0.16,0.36,-0.11,131.72,201.09,231.44,0.4
1800420240.9555662,0.17,-0.26,-0.31,-77.62,37.06,520.0,0.43
1800420241.0617402,-0.22,-0.24,-1.29,142.84,162.99,-305.64,1.33
1800420241.1679142,1.15,-1.74,-2.12,373.36,-492.29,-228.87,2.97
1800420241.2740881,-0.47,-1.47,-1.93,214.42,-487.53,494.52,2.48
1800420241.3802621,-0.61,0.21,-0.74,-104.5,18.66,-172.36,0.98
1800420241.4864361,-0.36,1.2,-0.55,-212.42,243.64,214.01,1.37
1800420241.5926104,-0.47,0.48,-0.27,-120.58,76.71,-207.16,0.72
1800420241.6987844,-0.65,0.57,-0.17,-102.88,9.86,-25.0,0.88
1800420241.8049583,-0.85,0.85,0.07,-74.2,167.58,-23.78,1.2
1800420241.9111323,-0.66,0.72,-0.1,-17.36,99.98,159.17,0.98
1800420242.0173063,-0.42,0.9,-0.14,-38.43,70.81,119.74,1.0
1800420242.1234803,-0.66,0.74,0.32,5.79,114.79,13.72,1.04
1800420242.2296543,-0.41,0.87,0.24,-20.88,60.61,32.61,0.99
1800420242.3358283,-0.27,0.9,0.33,-32.65,18.16,33.28,0.99
1800420242.4420023,-0.37,0.86,0.47,-23.14,-17.76,20.36,1.05
1800420242.5481765,-0.31,0.89,0.37,-23.41,10.98,1.44,1.01
1800420242.6543505,-0.45,0.83,0.45,-33.66,60.84,49.61,1.05
1800420242.7605245,-0.37,0.87,0.62,-8.52,3.16,51.89,1.13
0.0,0.0,0.0,0.0,0.0,0.0,0.0,0.0
1800420245.0,-0.03,0.87,0.06,5.76,1.95,3.21,0.87
1800420245.1024704,-0.13,0.93,0.08,7.04,14.12,12.85,0.95
1800420245.204941,-0.01,0.91,-0.01,-0.99,10.35,31.89,0.91
1800420245.3074114,-0.03,0.92,-0.02,-8.74,-1.41,44.1,0.92
1800420245.409882,-0.01,0.91,-0.12,-14.68,16.7,37.07,0.92
1800420245.5123525,-0.15,0.94,-0.17,6.99,-14.42,34.69,0.97
1800420245.6148229,-0.11,0.88,-0.04,10.49,-14.22,40.78,0.89
1800420245.7172935,-0.01,0.87,-0.1,-6.57,1.46,39.06,0.88
1800420245.819764,-0.12,0.82,-0.04,-2.06,7.9,65.69,0.83
1800420245.9222343,-0.06,0.58,-0.15,-25.19,13.79,53.83,0.61
1800420246.024705,0.03,0.29,-0.13,0.66,-6.86,75.94,0.32
1800420246.1271753,0.19,0.69,-0.19,61.71,62.21,87.36,0.74
1800420246.229646,-0.17,1.36,-0.34,17.65,-87.35,283.75,1.41
1800420246.3321164,-1.31,0.46,0.37,398.08,-138.14,437.02,1.44
1800420246.4345868,0.04,-0.22,-1.59,-325.8,431.45,-149.99,1.6
1800420246.5370574,-0.64,-0.39,-1.08,264.29,-120.67,370.85,1.32
1800420246.6395278,-0.78,0.13,-0.73,84.48,76.46,67.38,1.08
1800420246.7419982,-0.4,0.05,-0.81,-117.47,68.0,-84.12,0.91
1800420246.8444688,-0.68,0.21,-0.84,-79.9,-1.72,-13.61,1.1
1800420246.9469392,-0.37,0.33,-0.93,-41.05,3.0,-85.55,1.06
1800420247.0494099,-0.41,0.35,-0.86,-25.48,-63.09,-12.24,1.01
1800420247.1518803,-0.31,0.45,-1.0,30.21,-28.28,-24.05,1.14
1800420247.2543507,-0.24,0.31,-1.01,-4.93,-16.92,-13.43,1.08
1800420247.3568213,-0.38,0.35,-0.84,21.31,-8.38,13.74,0.99
0.0,0.0,0.0,0.0,0.0,0.0,0.0,0.0
1800420250.0,0.35,-0.76,0.4,0.35,84.28,2.38,0.93
1800420250.0994112,0.28,-0.78,0.38,8.86,82.8,-1.58,0.92
1800420250.1988223,0.19,-0.64,0.43,5.21,108.78,1.05,0.8
1800420250.2982335,0.12,-0.61,0.48,19.5,138.01,15.23,0.78
1800420250.3976445,0.15,-0.64,0.52,49.33,138.91,52.99,0.84
1800420250.4970558,0.24,-0.61,0.53,63.46,144.07,41.29,0.84
1800420250.5964668,0.22,-0.5,0.36,39.57,136.25,43.62,0.65
1800420250.695878,0.2,-0.53,0.39,34.12,131.92,38.12,0.69
1800420250.7952893,0.42,-0.45,0.5,33.54,117.42,61.02,0.79
1800420250.8947003,0.57,-1.05,1.0,-39.2,179.22,66.17,1.56
1800420250.9941115,0.89,-1.37,-0.48,-51.81,129.18,-38.84,1.71
1800420251.0935225,0.47,-1.56,0.64,270.23,128.31,-18.85,1.74
1800420251.1929338,-0.63,-0.06,0.26,225.17,-36.44,15.74,0.69
1800420251.2923448,-0.43,0.09,-1.73,102.22,77.15,-46.6,1.78
1800420251.391756,-0.1,-0.36,-0.58,60.76,45.19,-16.28,0.69
1800420251.4911673,0.51,-0.3,-0.95,-26.81,107.3,-72.69,1.12
1800420251.5905783,0.4,-0.6,-0.95,11.54,102.33,19.12,1.19
1800420251.6899896,0.2,-0.02,-0.71,-23.39,-36.47,36.76,0.73
1800420251.7894006,0.49,-0.17,-0.98,-62.8,44.43,-29.9,1.11
1800420251.8888118,0.31,-0.54,-0.81,-80.85,46.14,80.6,1.03
1800420251.9882228,0.78,-0.45,-0.79,-175.6,32.74,59.46,1.2
1800420252.087634,0.88,-0.95,-0.27,-87.25,-81.68,-29.35,1.32
1800420252.1870453,0.32,-0.72,-0.2,-73.49,-48.17,-81.53,0.81
1800420252.2864563,-0.02,-0.87,-0.08,-87.45,-5.97,-35.82,0.87
1800420252.3858676,-0.01,-0.95,0.07,-95.58,22.31,0.67,0.95
1800420252.4852786,0.12,-0.7,0.24,-100.26,26.96,3.96,0.75
1800420252.5846899,0.02,-0.73,0.42,-45.16,89.01,16.73,0.84
0.0,0.0,0.0,0.0,0.0,0.0,0.0,0.0
1800420255.0,-0.06,0.92,0.24,-8.61,5.76,45.44,0.95
1800420255.100811,-0.1,0.95,0.2,22.93,-4.86,40.56,0.97
1800420255.2016222,-0.07,0.85,0.21,16.65,-16.94,13.36,0.88
1800420255.3024333,0.01,0.92,0.24,24.67,-28.99,18.04,0.96
1800420255.4032445,0.07,0.92,0.21,9.11,-6.89,30.99,0.95
1800420255.5040555,0.07,0.95,0.19,3.66,-18.78,44.73,0.97
1800420255.6048665,0.09,0.95,0.25,11.6,10.55,54.67,0.99
1800420255.7056777,0.09,0.86,0.23,6.55,-11.56,70.97,0.89
1800420255.8064888,0.19,0.91,0.31,-3.18,-14.94,65.78,0.98
1800420255.9073,0.19,0.87,0.21,-14.69,-8.16,84.77,0.91
1800420256.008111,0.23,0.83,0.23,-14.12,12.84,69.94,0.89
1800420256.108922,0.02,0.69,0.17,-1.93,4.21,87.83,0.71
1800420256.2097332,0.15,0.63,0.2,0.12,26.52,92.24,0.68
1800420256.3105443,-0.1,0.26,0.17,125.35,2.34,89.03,0.33
1800420256.4113555,0.71,0.15,0.38,-73.34,203.04,204.37,0.82
1800420256.5121665,1.82,1.95,-0.39,-520.0,474.63,160.39,2.69
1800420256.6129775,1.92,1.15,0.52,-520.0,488.26,176.58,2.29
1800420256.7137887,0.62,-0.46,0.02,-165.53,30.74,302.52,0.78
1800420256.8145998,1.24,-0.01,-0.55,-31.7,179.52,-40.88,1.35
1800420256.9154108,0.53,0.01,-1.02,92.99,51.32,-21.59,1.15
1800420257.016222,0.57,0.23,-0.76,71.25,-39.24,36.91,0.98
1800420257.117033,0.56,0.36,-0.87,-32.37,2.74,-8.78,1.1
1800420257.2178442,0.63,0.33,-0.82,-75.13,-85.3,-26.78,1.09
1800420257.3186553,0.65,0.27,-0.79,-72.54,-68.69,-0.86,1.06
1800420257.4194663,0.73,0.08,-0.69,-103.27,9.78,37.87,1.01
1800420257.5202775,0.81,0.12,-0.72,-36.03,-15.19,-26.19,1.09
1800420257.6210885,0.7,0.01,-0.7,8.29,-2.64,-0.22,0.99
1800420257.7218997,0.74,0.08,-0.88,0.55,15.99,27.68,1.15
0.0,0.0,0.0,0.0,0.0,0.0,0.0,0.0
1800420260.0,-0.0,-1.01,0.04,-0.27,-15.14,-40.13,1.01
1800420260.0987487,0.0,-0.98,-0.03,-13.14,-14.65,0.95,0.99
1800420260.1974976,-0.04,-1.04,-0.07,-9.05,7.26,14.8,1.04
1800420260.2962463,-0.03,-1.05,0.06,-23.4,-18.42,4.41,1.05
1800420260.394995,0.02,-0.95,-0.02,-41.35,-12.11,16.36,0.95
1800420260.493744,0.08,-1.06,0.02,-23.49,20.55,-16.26,1.07
1800420260.5924926,0.05,-1.07,0.13,-18.16,-18.2,4.07,1.08
1800420260.6912413,0.04,-1.04,0.06,-28.72,-0.69,1.34,1.04
1800420260.78999,0.09,-0.97,0.01,-22.5,-14.99,-3.16,0.97
1800420260.8887389,0.04,-1.07,0.02,-34.51,-5.85,7.22,1.07
1800420260.9874876,-0.02,-0.97,-0.04,-23.49,1.79,25.46,0.98
1800420261.0862362,0.03,-0.78,0.02,-36.57,-14.4,41.34,0.79
1800420261.1849852,0.03,-0.54,-0.15,-8.97,14.86,41.08,0.56
1800420261.2837338,0.22,-0.29,-0.14,-67.79,-44.69,178.02,0.39
1800420261.3824825,0.46,-0.5,0.21,-51.31,-28.79,226.78,0.71
1800420261.4812315,0.31,-1.5,0.21,-88.38,-430.0,520.0,1.54
1800420261.5799801,0.85,0.24,0.48,-129.48,-385.31,21.33,1.01
1800420261.6787288,-0.1,-0.91,1.73,-216.63,-316.72,-257.95,1.96
1800420261.7774775,0.37,0.5,0.31,-325.74,-305.69,28.56,0.7
1800420261.8762264,0.34,-0.03,0.94,-63.94,-299.6,-33.09,1.0
1800420261.974975,-0.34,0.03,0.75,109.21,214.74,-99.06,0.82
1800420262.0737238,-0.06,0.06,0.83,-67.07,65.31,-36.48,0.83
1800420262.1724727,-0.01,-0.22,0.92,-66.19,31.62,-23.57,0.94
1800420262.2712214,0.07,-0.48,0.82,-12.23,110.35,56.98,0.95
1800420262.36997,-0.02,-0.38,0.89,0.95,-68.69,61.35,0.96
1800420262.468719,0.19,-0.56,0.73,-18.79,-47.48,100.18,0.94
1800420262.5674677,0.23,-0.14,0.91,-37.81,55.64,-17.67,0.95
1800420262.6662164,0.24,-0.1,0.75,-44.61,117.78,-37.11,0.8
1800420262.764965,0.43,-0.25,0.8,-48.4,27.78,-17.13,0.94
1800420262.863714,0.33,0.03,0.91,-30.02,14.1,-42.29,0.97
1800420262.9624627,0.32,-0.02,0.81,-0.29,-50.55,-15.99,0.87
0.0,0.0,0.0,0.0,0.0,0.0,0.0,0.0
1800420265.0,0.05,-0.91,0.01,-2.68,-14.54,-98.67,0.92
1800420265.0967996,0.01,-0.91,-0.03,-33.1,-24.96,-68.58,0.91
1800420265.193599,-0.0,-0.98,0.01,-20.85,-28.26,-96.05,0.98
1800420265.2903986,-0.13,-0.81,-0.08,-27.66,-33.87,-133.3,0.83
1800420265.387198,-0.19,-0.77,-0.13,-14.08,-51.46,-179.73,0.81
1800420265.4839976,-0.32,-0.66,-0.18,-13.64,-34.46,-182.03,0.76
1800420265.580797,-0.31,-0.62,-0.07,-10.2,-33.66,-213.71,0.7
1800420265.6775966,-1.02,-0.6,-0.19,-24.82,20.61,-297.61,1.2
1800420265.774396,-1.41,-0.45,0.39,-368.63,-21.08,-111.37,1.53
1800420265.8711956,-1.54,0.92,-2.32,520.0,174.92,28.31,2.93
1800420265.967995,-0.96,-0.14,0.47,256.59,-52.15,-12.81,1.08
1800420266.0647945,-1.06,-0.0,0.21,49.17,32.5,57.08,1.08
1800420266.161594,-1.21,-0.22,-0.44,101.08,78.36,5.32,1.31
1800420266.2583935,-1.19,0.02,-0.66,-51.76,-30.34,113.34,1.36
1800420266.355193,-1.13,-0.17,-0.25,-76.83,-5.31,46.44,1.17
1800420266.4519925,-1.16,-0.25,-0.24,-28.92,-44.42,13.16,1.21
1800420266.548792,-1.17,-0.33,-0.24,18.26,-101.59,59.69,1.23
1800420266.6455915,-1.14,-0.36,-0.13,-27.21,-85.62,91.11,1.2
1800420266.7423909,-0.96,-0.18,0.14,33.49,-2.88,-60.93,0.99
1800420266.8391905,-0.93,-0.12,0.13,12.72,-59.07,-13.49,0.95
1800420266.9359899,-1.0,-0.08,0.15,0.7,-0.76,-77.96,1.01
1800420267.0327895,-1.07,-0.2,0.11,-4.57,-30.76,-1.33,1.1
0.0,0.0,0.0,0.0,0.0,0.0,0.0,0.0
1800420270.0,0.1,-0.94,0.04,-12.17,-19.71,-0.28,0.94
1800420270.105283,0.04,-1.03,0.03,8.09,-15.78,4.61,1.03
1800420270.210566,0.11,-0.92,0.01,-14.75,2.63,32.85,0.92
1800420270.315849,0.16,-0.86,0.03,36.75,4.96,-0.27,0.88
1800420270.421132,0.19,-0.95,-0.01,15.89,-1.49,19.55,0.97
1800420270.526415,0.28,-0.95,0.09,8.25,-1.99,28.46,1.0
1800420270.6316981,0.31,-0.92,0.17,5.23,31.5,19.84,0.98
1800420270.7369812,0.23,-0.74,0.13,-18.72,39.42,0.43,0.79
1800420270.8422642,0.14,-0.88,0.05,-30.95,62.64,22.64,0.89
1800420270.9475472,0.01,-0.64,-0.01,-15.96,90.17,57.71,0.64
1800420271.0528302,0.02,-0.45,0.03,61.93,102.71,28.02,0.45
1800420271.1581132,0.08,-0.33,0.18,173.62,95.26,91.59,0.39
1800420271.2633963,1.02,-0.88,0.71,243.5,271.8,117.87,1.53
1800420271.3686793,0.48,-1.96,0.85,-92.91,371.04,375.41,2.19
1800420271.4739623,0.91,-0.24,-1.49,-122.92,-98.17,-365.17,1.76
1800420271.5792453,1.0,0.6,-0.18,35.89,-114.0,-133.57,1.18
1800420271.6845284,0.49,1.07,-0.21,9.36,-236.44,48.75,1.2
1800420271.7898114,0.8,-0.17,-0.55,131.25,6.36,-74.26,0.98
1800420271.8950944,1.12,0.14,-0.8,50.06,-79.76,-19.49,1.39
1800420272.0003774,1.04,0.1,-0.54,37.02,-234.64,13.34,1.18
1800420272.1056604,0.93,-0.2,-0.01,-116.44,-269.68,-41.36,0.95
1800420272.2109435,0.75,-0.41,0.01,-19.41,-92.66,13.58,0.86
1800420272.3162265,0.94,-0.11,0.41,26.92,-154.53,-69.65,1.03
1800420272.4215095,0.66,-0.07,0.7,36.12,-224.46,-15.42,0.96
1800420272.5267925,1.17,-0.29,0.42,-58.94,-221.74,-3.74,1.28
1800420272.6320755,0.61,-0.35,1.25,-79.86,1.9,4.89,1.44
1800420272.7373586,0.65,-0.23,0.54,30.33,26.96,66.36,0.88
0.0,0.0,0.0,0.0,0.0,0.0,0.0,0.0
1800420275.0,-0.13,-1.1,-0.04,62.56,-3.24,-26.47,1.11
1800420275.0999432,-0.02,-1.11,0.02,-9.87,48.12,-72.86,1.11
1800420275.1998863,-0.01,-1.07,-0.01,5.7,101.5,13.3,1.07
1800420275.2998295,-0.01,-0.95,-0.02,42.05,114.88,5.69,0.95
1800420275.3997724,-0.04,-0.97,0.05,42.81,119.61,0.7,0.98
1800420275.4997156,0.03,-0.7,0.02,109.77,76.75,-62.16,0.7
1800420275.5996587,0.09,-0.88,0.07,211.44,87.51,7.49,0.89
1800420275.699602,0.37,-1.1,0.41,230.53,114.95,189.29,1.23
1800420275.799545,-0.61,-2.03,1.26,280.62,174.2,-8.84,2.46
1800420275.8994882,0.89,0.27,0.18,452.31,229.72,444.43,0.95
1800420275.9994311,-0.95,0.04,0.33,-46.26,137.53,520.0,1.01
1800420276.0993743,-0.12,-0.15,1.15,354.34,-121.35,-359.82,1.17
1800420276.1993175,0.06,0.38,0.68,1.66,-91.66,377.71,0.79
1800420276.2992606,-0.27,0.41,0.56,-91.63,-241.79,198.66,0.75
1800420276.3992038,-0.37,0.09,1.32,60.89,-208.9,-260.52,1.38
1800420276.499147,-0.01,0.31,1.04,-247.44,-147.02,26.49,1.08
1800420276.59909,-0.07,-0.56,0.72,-172.19,-126.49,21.45,0.92
1800420276.699033,-0.29,-0.74,0.88,-60.91,36.29,-1.43,1.18
1800420276.7989762,0.26,-0.48,0.99,-32.06,-137.01,-54.09,1.13
1800420276.8989193,0.3,-0.58,0.94,-37.77,-47.15,8.45,1.14
1800420276.9988625,0.03,-0.37,0.91,12.37,39.55,9.25,0.98
0.0,0.0,0.0,0.0,0.0,0.0,0.0,0.0
1800420280.0,0.12,-0.9,0.03,-25.23,-4.35,-5.22,0.9
1800420280.107862,0.12,-0.88,0.03,-8.65,-6.24,-17.84,0.89
1800420280.215724,0.13,-0.96,-0.0,-31.98,-17.79,-29.18,0.96
1800420280.323586,0.05,-0.92,-0.03,-37.8,-32.42,-15.74,0.93
1800420280.431448,0.11,-0.9,0.04,-31.99,-8.93,7.46,0.91
1800420280.5393097,-0.07,-0.91,-0.02,-53.58,10.03,-13.89,0.91
1800420280.6471717,-0.11,-0.96,0.06,-50.64,-34.73,-58.27,0.97
1800420280.7550337,-0.12,-0.86,0.13,-62.91,-58.81,-34.96,0.88
1800420280.8628957,-0.14,-0.74,0.06,-40.87,-109.5,-54.8,0.76
1800420280.9707577,-0.02,-0.59,0.08,-54.05,-171.49,-145.57,0.6
1800420281.0786197,-0.17,-0.75,0.28,-97.37,-220.77,-113.5,0.82
1800420281.1864817,-0.18,-0.8,0.28,-11.62,-117.41,-89.7,0.87
1800420281.2943437,-0.39,-0.8,0.4,73.56,-130.66,213.89,0.98
1800420281.4022057,-0.55,-1.21,1.3,-354.4,-238.79,255.78,1.86
1800420281.5100675,-0.78,-0.61,-0.61,-463.55,-302.94,520.0,1.17
1800420281.6179295,-1.1,1.26,-1.05,88.92,126.69,-0.27,1.98
1800420281.7257915,-1.05,0.24,-0.99,63.24,-165.38,175.57,1.46
1800420281.8336535,-0.89,-0.24,-0.6,182.52,101.3,-363.69,1.1
1800420281.9415154,-0.52,-0.4,-0.73,-11.2,-83.63,205.82,0.98
1800420282.0493774,-0.6,-0.22,-0.64,10.28,61.64,-34.72,0.9
1800420282.1572394,-0.78,-0.53,-0.5,15.03,89.19,49.31,1.07
1800420282.2651014,-0.83,-0.37,-0.4,4.34,136.33,-21.51,0.99
1800420282.3729634,-0.89,-0.4,-0.35,-37.19,127.39,57.66,1.04
1800420282.4808252,-0.85,-0.34,-0.2,-29.77,115.0,20.73,0.93
1800420282.5886872,-0.88,-0.41,-0.01,-66.62,-0.65,-17.05,0.98
0.0,0.0,0.0,0.0,0.0,0.0,0.0,0.0
1800420285.0,0.16,-1.04,-0.05,59.15,-2.78,29.25,1.05
1800420285.102042,0.18,-1.06,-0.08,20.49,61.47,-11.82,1.08
1800420285.2040842,0.11,-0.99,-0.12,54.88,0.7,-9.1,1.0
1800420285.306126,0.06,-1.03,-0.16,41.03,50.67,1.04,1.05
1800420285.4081683,0.01,-0.98,-0.11,64.34,34.45,4.48,0.98
1800420285.5102103,0.06,-1.03,-0.2,90.12,53.63,13.18,1.05
1800420285.6122522,0.06,-0.97,-0.18,110.9,25.06,0.22,0.99
1800420285.7142944,0.11,-0.82,-0.31,129.94,-7.8,-9.2,0.89
1800420285.8163364,0.13,-0.76,-0.25,142.08,18.16,6.33,0.81
1800420285.9183786,0.25,-0.59,-0.23,195.29,47.43,-7.34,0.68
1800420286.0204206,0.16,-0.38,-0.39,229.7,-68.5,49.82,0.57
1800420286.1224625,0.85,-1.43,-1.37,10.76,-190.47,121.84,2.16
1800420286.2245047,0.34,0.13,-1.7,245.21,49.49,30.89,1.74
1800420286.3265467,0.77,0.96,-1.54,185.87,-340.28,111.45,1.97
1800420286.4285889,-0.02,0.38,-0.85,76.95,-66.66,71.18,0.93
1800420286.5306308,0.67,0.5,-0.99,36.55,-91.44,13.46,1.3
1800420286.632673,0.55,0.16,-0.96,-43.3,50.01,-44.98,1.12
1800420286.734715,0.48,0.11,-0.88,21.84,49.62,-20.53,1.01
1800420286.836757,0.46,0.31,-0.84,43.0,75.56,-19.87,1.01
1800420286.9387991,0.38,0.14,-1.13,86.52,97.6,52.36,1.19
1800420287.040841,0.36,0.19,-1.12,1.78,-6.22,34.35,1.19
0.0,0.0,0.0,0.0,0.0,0.0,0.0,0.0
1800420290.0,-0.03,-1.03,0.12,-42.36,-9.3,7.9,1.04
1800420290.1097422,-0.1,-1.14,0.02,-51.54,-17.82,-12.3,1.15
1800420290.2194846,-0.05,-0.95,0.13,-49.4,-21.95,-15.33,0.96
1800420290.3292267,-0.16,-1.03,-0.01,-46.0,-44.23,-2.78,1.04
1800420290.438969,-0.2,-1.04,0.01,-49.97,-44.42,15.08,1.06
1800420290.5487113,-0.16,-1.04,0.03,-43.03,-44.26,14.48,1.05
1800420290.6584535,-0.18,-1.02,-0.05,-44.27,-33.78,17.29,1.04
1800420290.7681959,-0.22,-1.09,0.02,-43.6,-4.66,15.37,1.11
1800420290.877938,-0.15,-1.05,-0.05,-85.65,-45.9,36.72,1.06
1800420290.9876802,-0.18,-0.85,-0.09,-102.98,-30.42,47.84,0.87
1800420291.0974226,-0.16,-0.68,-0.15,-132.71,-24.51,32.59,0.71
1800420291.2071648,-0.19,-0.61,-0.14,-173.49,29.86,-5.61,0.66
1800420291.316907,-0.22,-0.53,-0.28,-181.12,18.26,-16.2,0.65
1800420291.4266493,0.58,-1.3,-1.73,-199.65,27.38,132.72,2.23
1800420291.5363915,-2.15,0.97,-2.04,-472.22,444.93,-35.29,3.11
1800420291.6461337,1.07,1.05,-1.75,109.56,5.54,257.88,2.31
1800420291.755876,-0.2,0.17,-1.14,25.51,0.89,101.43,1.16
1800420291.8656182,-0.21,0.13,-1.06,-11.87,17.67,-50.35,1.09
1800420291.9753606,-0.19,-0.14,-1.14,-57.57,-107.21,-40.75,1.17
1800420292.0851028,0.05,-0.08,-1.29,1.9,15.03,-7.26,1.29
1800420292.194845,-0.11,-0.21,-1.2,-27.52,20.55,-58.09,1.22
1800420292.3045874,-0.13,-0.24,-1.09,-7.77,37.82,15.81,1.12
0.0,0.0,0.0,0.0,0.0,0.0,0.0,0.0
1800420295.0,0.29,-0.89,-0.01,-19.83,-17.83,-22.66,0.94
1800420295.1036468,0.19,-0.83,-0.23,-43.51,-21.7,-64.44,0.88
1800420295.2072937,0.2,-0.8,-0.22,-50.17,7.7,-74.24,0.85
1800420295.3109405,0.27,-0.81,-0.09,-75.32,-17.55,-95.06,0.86
1800420295.4145875,0.32,-0.79,0.09,-18.63,13.84,-63.39,0.86
1800420295.5182343,0.3,-0.76,0.03,4.35,68.88,-37.23,0.82
1800420295.6218812,0.27,-0.76,0.08,13.51,98.64,-81.01,0.81
1800420295.725528,0.35,-0.71,0.13,-40.08,126.64,-78.49,0.8
1800420295.829175,0.37,-0.56,0.09,-74.23,152.32,-93.28,0.68
1800420295.9328218,0.38,-0.62,0.15,-49.75,209.52,-98.52,0.74
1800420296.0364687,0.19,-0.58,0.26,56.65,272.36,-55.11,0.67
1800420296.1401155,0.31,-0.98,0.91,154.19,361.8,-145.83,1.38
1800420296.2437623,1.55,-1.45,0.65,-168.26,335.91,-257.88,2.22
1800420296.3474092,-0.06,-1.29,0.22,26.21,-83.1,-149.09,1.31
1800420296.451056,0.12,0.02,1.47,477.54,332.6,-520.0,1.47
1800420296.554703,-0.1,1.4,0.69,240.82,-156.08,-37.88,1.57
1800420296.6583498,0.18,0.75,0.92,81.35,-7.05,-120.04,1.2
1800420296.7619967,0.03,0.32,1.15,-21.45,84.97,6.03,1.19
1800420296.8656435,-0.26,0.11,1.26,74.94,132.16,-120.58,1.29
1800420296.9692905,-0.17,0.16,0.88,17.88,2.71,138.21,0.91
1800420297.0729373,-0.33,0.03,0.96,47.13,73.58,-62.47,1.02
1800420297.1765842,-0.37,0.06,0.97,56.85,113.56,-8.25,1.04
1800420297.280231,-0.36,-0.01,0.86,-9.04,24.89,36.92,0.93
1800420297.383878,-0.38,0.05,0.85,7.28,1.99,6.44,0.94
1800420297.4875247,-0.31,0.06,1.01,45.19,2.61,-50.74,1.06
1800420297.5911715,-0.36,0.12,0.99,11.38,-0.39,-2.98,1.06
0.0,0.0,0.0,0.0,0.0,0.0,0.0,0.0
1800420300.0,-0.09,-1.1,0.12,57.97,-46.32,-24.56,1.11
1800420300.100918,0.02,-1.2,0.36,69.6,-41.64,22.68,1.25
1800420300.2018359,0.06,-0.94,0.18,58.63,-17.22,22.72,0.96
1800420300.302754,0.07,-1.03,0.24,28.67,-37.3,24.58,1.06
1800420300.4036717,0.08,-1.04,0.22,82.15,-20.69,40.86,1.07
1800420300.5045898,0.21,-0.99,0.2,97.45,10.48,-45.86,1.03
1800420300.6055076,0.06,-0.92,0.16,73.51,3.84,-15.89,0.94
1800420300.7064257,0.05,-0.85,0.17,79.14,-8.1,14.17,0.86
1800420300.8073435,0.2,-0.83,0.1,113.32,-20.4,17.32,0.86
1800420300.9082615,0.13,-0.68,0.12,95.3,61.43,22.04,0.71
1800420301.0091794,-0.28,-0.81,0.11,-71.06,353.2,23.17,0.87
1800420301.1100974,0.15,-0.06,-0.04,335.75,-193.3,271.16,0.16
1800420301.2110152,1.49,0.98,0.85,324.97,52.64,-337.51,1.98
1800420301.3119333,0.99,0.49,-1.39,-520.0,520.0,-254.07,1.78
1800420301.412851,0.37,-0.5,0.07,-294.22,520.0,-260.34,0.62
1800420301.5137691,-0.23,-0.55,0.79,85.17,520.0,42.35,0.99
1800420301.614687,-0.03,0.24,1.46,103.84,168.64,-53.51,1.48
1800420301.715605,-0.29,-0.02,0.82,134.61,223.94,-148.89,0.87
1800420301.8165228,-0.42,-0.15,1.02,-37.17,286.87,-233.31,1.12
1800420301.917441,-0.51,-0.08,1.1,-160.63,115.81,-28.84,1.22
1800420302.0183587,-0.32,0.04,0.98,-29.85,4.86,-50.7,1.04
1800420302.1192768,-0.43,0.01,1.01,70.74,-40.97,-33.98,1.1
1800420302.2201946,-0.33,-0.19,1.09,-22.29,-6.19,-29.11,1.15
1800420302.3211126,-0.48,-0.33,1.07,-40.58,-13.98,-30.28,1.22
1800420302.4220304,-0.28,-0.28,0.92,-83.4,-76.3,-1.17,1.0
1800420302.5229485,-0.16,-0.44,0.71,-224.62,-110.97,66.46,0.85
1800420302.6238663,0.05,-0.15,1.04,2.95,62.32,-39.32,1.05
1800420302.7247844,-0.55,-0.16,1.18,116.91,65.75,109.28,1.31
1800420302.8257022,-0.59,0.12,0.92,34.7,37.1,60.67,1.1
1800420302.9266202,-0.56,-0.11,0.8,32.82,-70.87,25.44,0.98
0.0,0.0,0.0,0.0,0.0,0.0,0.0,0.0
1800420305.0,0.12,-1.0,-0.05,-17.13,-25.29,-9.97,1.01
1800420305.0967605,0.13,-1.06,-0.02,-31.41,-29.82,6.12,1.07
1800420305.1935208,0.1,-1.05,-0.12,6.97,-26.63,16.53,1.06
1800420305.2902813,0.09,-1.07,-0.03,-25.79,-20.39,31.4,1.07
1800420305.3870416,0.05,-1.04,-0.13,-11.39,-40.85,-40.33,1.05
1800420305.483802,0.0,-1.0,-0.09,-63.01,-22.54,26.81,1.01
1800420305.5805624,0.29,-0.99,-0.14,-27.16,-28.16,78.11,1.04
1800420305.6773229,0.44,-0.91,-0.26,-100.73,15.31,86.44,1.04
1800420305.7740831,0.37,-0.93,-0.31,-67.53,44.76,0.27,1.04
1800420305.8708436,0.22,-0.88,-0.32,-45.56,91.47,-19.11,0.96
1800420305.967604,0.23,-0.77,-0.25,-68.22,131.85,13.79,0.84
1800420306.0643644,0.06,-0.67,-0.44,-41.28,129.46,69.48,0.8
1800420306.1611247,0.57,-1.25,-0.52,-20.11,212.56,129.32,1.47
1800420306.2578852,0.12,-2.23,-1.11,-6.32,99.91,-316.06,2.49
1800420306.3546455,1.68,0.05,1.14,79.9,29.79,-483.03,2.03
1800420306.451406,0.55,0.41,0.9,160.36,-88.23,471.57,1.14
1800420306.5481663,0.36,0.4,-0.2,-227.57,-128.79,81.77,0.57
1800420306.6449268,0.98,-0.25,0.57,269.6,67.13,340.59,1.16
1800420306.741687,0.97,0.39,0.87,15.93,47.02,140.57,1.36
1800420306.8384476,0.73,-0.12,0.57,-70.07,-82.94,-147.07,0.93
1800420306.9352078,0.65,-0.3,0.34,31.55,-208.12,-163.74,0.79
1800420307.0319684,0.6,-0.4,0.28,15.56,-111.28,-12.48,0.78
1800420307.1287286,1.15,-0.21,0.07,-110.55,-85.29,53.0,1.18
1800420307.2254891,1.1,-0.08,-0.42,-113.88,-50.49,-24.31,1.18
1800420307.3222494,0.97,-0.84,-0.18,51.99,-39.62,-164.75,1.3
0.0,0.0,0.0,0.0,0.0,0.0,0.0,0.0
1800420310.0,0.05,0.79,0.54,10.02,-12.83,21.3,0.96
1800420310.1001625,0.16,0.79,0.63,34.74,-15.76,17.25,1.02
1800420310.2003248,0.12,0.75,0.59,22.52,8.54,3.02,0.97
1800420310.3004873,0.1,0.73,0.47,54.83,2.71,5.78,0.87
1800420310.4006495,0.06,0.75,0.56,74.2,7.86,18.69,0.94
1800420310.500812,0.21,0.74,0.69,57.68,33.36,-44.81,1.03
1800420310.6009746,0.05,0.64,0.68,63.14,57.78,-25.74,0.94
1800420310.7011368,0.2,0.67,0.51,55.57,77.86,-23.47,0.87
1800420310.8012993,0.9,0.85,0.5,5.2,220.16,-155.53,1.33
1800420310.9014618,0.64,0.23,0.64,91.57,324.84,-437.15,0.93
1800420311.001624,-0.63,0.13,0.58,33.17,402.66,-303.06,0.86
1800420311.1017866,-1.08,0.06,0.47,61.57,215.55,-249.14,1.18
1800420311.201949,0.02,-0.74,0.29,-124.27,-292.61,306.26,0.79
1800420311.3021114,2.02,0.12,0.93,520.0,471.76,520.0,2.23
1800420311.402274,2.04,-0.31,1.48,505.2,-1.74,380.34,2.54
1800420311.5024362,0.18,0.38,0.52,135.91,33.31,-239.85,0.67
1800420311.6025987,0.39,0.06,0.77,44.3,-70.0,112.55,0.87
1800420311.702761,0.74,-0.38,0.97,91.38,-50.49,263.17,1.27
1800420311.8029234,1.04,-0.22,0.55,15.93,83.36,94.17,1.19
1800420311.903086,0.59,-0.01,0.81,-21.69,50.52,-4.24,1.0
1800420312.0032482,0.66,0.03,0.78,-35.12,-2.47,-9.83,1.02
1800420312.1034107,0.59,-0.06,0.8,-21.26,99.43,-46.87,0.99
1800420312.203573,0.8,0.13,0.59,39.68,81.4,-55.82,1.01
0.0,0.0,0.0,0.0,0.0,0.0,0.0,0.0
1800420315.0,0.05,1.13,-0.09,-5.61,-4.56,17.13,1.13
1800420315.1056793,-0.06,1.0,-0.12,-18.7,-1.32,11.73,1.01
1800420315.2113585,-0.18,1.06,-0.14,-22.34,-10.43,53.12,1.09
1800420315.3170378,-0.1,1.06,-0.11,4.18,-26.33,32.42,1.07
1800420315.422717,-0.15,1.03,-0.08,11.06,-6.62,24.3,1.05
1800420315.5283964,-0.11,1.05,0.02,11.4,-7.99,49.12,1.05
1800420315.6340756,-0.18,1.1,0.12,-45.66,-33.86,37.25,1.12
1800420315.739755,-0.24,1.04,0.23,-31.09,-68.95,61.86,1.09
1800420315.8454342,-0.22,0.93,0.17,-29.08,-111.61,49.38,0.97
1800420315.9511135,-0.17,0.7,-0.06,-100.75,-153.94,74.29,0.72
1800420316.0567927,-0.46,0.85,0.18,-76.27,-214.4,113.2,0.98
1800420316.162472,-0.56,1.05,0.28,-63.97,-114.16,-19.9,1.23
1800420316.2681513,-0.59,0.9,0.39,153.95,-123.1,-119.85,1.15
1800420316.3738306,-1.75,1.29,0.61,201.95,-230.14,408.45,2.26
1800420316.4795098,0.67,0.68,0.95,405.87,-303.29,520.0,1.35
1800420316.5851889,1.32,-1.28,1.28,6.06,116.66,-143.42,2.24
1800420316.6908681,1.15,-0.12,1.19,140.15,-157.59,-72.93,1.66
1800420316.7965474,0.74,0.45,1.04,-275.07,87.57,-234.06,1.36
1800420316.9022267,0.79,0.5,0.61,140.74,-79.63,-17.34,1.11
1800420317.007906,0.79,0.28,0.75,-17.7,48.91,-39.08,1.12
1800420317.1135852,0.56,0.6,0.93,40.91,57.75,-33.91,1.24
1800420317.2192645,0.49,0.47,0.94,-17.37,108.58,-15.03,1.16
1800420317.3249438,0.37,0.49,1.05,46.27,126.79,17.03,1.22
1800420317.430623,0.16,0.5,0.89,13.21,115.29,47.82,1.03
1800420317.5363023,-0.07,0.52,1.13,-8.53,12.09,77.24,1.25
0.0,0.0,0.0,0.0,0.0,0.0,0.0,0.0
1800420320.0,0.08,-1.1,-0.16,0.76,-6.78,-25.32,1.11
1800420320.097221,0.04,-1.12,-0.05,9.8,-62.12,-54.05,1.12
1800420320.1944418,0.12,-1.08,-0.07,17.09,-43.1,-71.44,1.08
1800420320.2916625,0.07,-1.0,-0.19,0.19,-24.45,-87.72,1.02
1800420320.3888834,0.06,-1.01,-0.29,13.15,-9.3,-51.68,1.05
1800420320.4861042,0.14,-0.94,-0.36,20.55,39.29,-69.56,1.02
1800420320.5833251,0.14,-0.86,-0.34,11.79,40.66,-88.29,0.93
1800420320.6805458,0.09,-0.78,-0.21,33.28,51.63,-110.84,0.81
1800420320.7777667,0.14,-0.77,-0.11,134.42,76.46,-215.13,0.79
1800420320.8749876,0.25,-0.91,-0.7,151.83,152.53,-182.81,1.18
1800420320.9722085,-0.79,-2.02,-1.47,-178.51,-128.69,-71.73,2.62
1800420321.0694292,0.27,-0.61,-0.26,-284.0,-147.78,-489.98,0.71
1800420321.16665,0.23,1.16,-1.8,-485.1,438.72,169.19,2.16
1800420321.263871,-0.58,1.07,-0.51,-5.86,-181.16,-428.18,1.32
1800420321.3610919,-0.12,0.51,-0.76,163.03,71.14,-170.54,0.93
1800420321.4583125,-0.67,0.31,-1.02,39.6,270.37,4.95,1.26
1800420321.5555334,-0.4,0.23,-0.77,31.92,-19.4,79.63,0.9
1800420321.6527543,-0.67,0.28,-0.62,-65.12,18.62,32.97,0.95
1800420321.7499752,-0.62,0.07,-0.67,-48.38,-62.66,59.92,0.92
1800420321.8471959,-0.66,0.16,-0.75,-49.71,-91.43,35.09,1.01
1800420321.9444168,-0.31,0.24,-0.71,-60.02,-81.06,77.53,0.81
1800420322.0416377,-0.22,0.13,-0.83,-14.77,-186.96,55.12,0.86
0.0,0.0,0.0,0.0,0.0,0.0,0.0,0.0
1800420325.0,-0.09,-0.9,0.05,-5.81,5.36,55.9,0.91
1800420325.0996094,-0.12,-0.95,0.03,10.45,-1.21,46.9,0.96
1800420325.1992188,-0.01,-0.96,0.07,25.06,8.5,41.63,0.96
1800420325.2988281,0.06,-0.86,0.06,2.44,4.68,88.79,0.87
1800420325.3984377,-0.06,-0.95,-0.09,8.04,-11.49,86.29,0.96
1800420325.498047,-0.05,-0.84,-0.17,0.09,-6.97,87.15,0.86
1800420325.5976565,-0.07,-0.89,-0.17,18.3,3.4,91.46,0.91
1800420325.6972659,-0.09,-0.81,-0.08,10.63,14.52,90.33,0.82
1800420325.7968752,-0.0,-0.65,-0.13,-12.95,6.97,122.38,0.67
1800420325.8964846,0.13,-0.52,-0.31,11.72,-14.73,167.38,0.62
1800420325.996094,-0.01,-0.61,-0.17,17.16,3.92,210.1,0.64
1800420326.0957034,-0.17,-0.82,-0.38,22.13,71.96,198.23,0.92
1800420326.195313,-0.45,-0.6,-0.78,251.96,224.32,105.31,1.08
1800420326.2949224,-0.87,1.01,-1.86,255.21,234.52,379.51,2.29
1800420326.3945317,-0.4,0.26,-0.77,-172.1,-256.98,72.87,0.91
1800420326.494141,-0.15,0.03,-0.92,-85.34,-12.95,11.71,0.93
1800420326.5937505,0.36,0.0,-1.05,111.32,7.04,-61.57,1.11
1800420326.6933599,0.39,-0.07,-1.03,106.31,22.04,-66.1,1.11
1800420326.7929692,0.32,-0.15,-0.9,86.54,-8.62,-49.74,0.97
1800420326.8925786,0.21,-0.03,-0.99,16.3,16.46,-18.24,1.01
1800420326.9921882,0.15,-0.22,-0.85,-53.53,-11.52,-97.35,0.89
1800420327.0917976,0.31,-0.77,-0.92,-9.34,72.95,-127.37,1.24
1800420327.191407,0.19,-0.62,-0.66,6.59,-4.4,-82.19,0.93
1800420327.2910163,0.05,-0.67,-0.72,-12.55,-46.96,-1.5,0.99
1800420327.3906257,0.08,-0.62,-0.78,-15.48,-3.84,16.65,1.0
0.0,0.0,0.0,0.0,0.0,0.0,0.0,0.0
1800420330.0,0.1,0.89,0.1,-3.52,5.39,12.28,0.9
1800420330.1018994,-0.0,0.91,0.08,-11.73,1.72,-7.69,0.92
1800420330.2037985,0.03,0.94,0.06,1.14,-3.04,-18.59,0.94
1800420330.305698,0.12,0.9,-0.0,-0.98,-13.99,-22.5,0.91
1800420330.4075973,0.05,0.91,-0.02,-17.89,-18.93,-35.34,0.91
1800420330.5094965,0.01,0.9,-0.02,-27.83,-15.65,-35.53,0.9
1800420330.6113958,0.03,0.93,-0.08,-11.13,-20.57,-55.33,0.94
1800420330.7132952,0.0,0.89,0.04,-9.74,-11.64,-41.27,0.89
1800420330.8151944,0.06,0.77,-0.06,-18.1,24.81,-71.19,0.77
1800420330.9170938,-0.01,0.67,0.01,38.88,-17.77,-64.41,0.67
1800420331.0189931,-0.02,0.5,-0.02,49.33,-2.1,-46.53,0.5
1800420331.1208923,0.21,0.53,-0.15,-9.61,120.03,-87.78,0.59
1800420331.2227917,-0.48,1.92,0.87,435.41,395.8,-256.04,2.16
1800420331.324691,0.12,0.89,-0.48,-180.59,75.44,-92.09,1.02
1800420331.4265902,-0.2,0.25,-1.94,-140.96,19.57,-68.86,1.96
1800420331.5284896,-0.66,0.21,-1.1,81.15,136.18,-191.51,1.3
1800420331.630389,-0.1,0.46,-0.9,-33.08,173.77,6.15,1.02
1800420331.7322881,-0.25,0.3,-0.91,-5.03,22.48,103.73,0.99
1800420331.8341875,-0.21,0.31,-0.9,-85.75,-59.92,86.24,0.98
1800420331.936087,-0.31,0.45,-0.72,-28.24,-73.14,34.11,0.91
1800420332.037986,-0.15,0.61,-0.9,41.49,-44.55,-58.54,1.1
1800420332.1398854,-0.27,0.49,-0.74,25.55,12.0,38.17,0.93
1800420332.2417848,-0.25,0.56,-0.84,3.67,-18.08,-8.66,1.04
1800420332.343684,-0.24,0.53,-0.8,-18.02,-15.9,8.56,0.98
1800420332.4455833,-0.32,0.57,-0.86,-49.93,-27.8,17.49,1.08
0.0,0.0,0.0,0.0,0.0,0.0,0.0,0.0
1800420335.0,0.09,-0.87,0.12,47.68,-0.29,40.62,0.88
1800420335.0993352,0.07,-0.94,0.23,39.04,28.1,-11.22,0.96
1800420335.1986706,0.1,-0.9,0.25,7.23,42.98,-32.71,0.94
1800420335.2980058,0.07,-0.84,0.22,18.82,75.2,-5.29,0.87
1800420335.3973413,0.09,-0.67,0.2,53.07,60.44,-45.41,0.7
1800420335.4966764,0.03,-0.6,0.06,105.99,62.89,17.46,0.61
1800420335.5960119,0.29,-1.04,0.18,185.13,128.11,63.47,1.1
1800420335.695347,-0.56,-1.57,1.23,374.64,-85.52,-177.58,2.07
1800420335.7946823,0.14,-0.21,0.99,367.9,157.49,300.13,1.02
1800420335.8940177,-1.04,-0.22,0.95,-67.58,121.1,278.12,1.43
1800420335.993353,0.19,-0.17,0.47,15.3,286.59,-0.71,0.53
1800420336.0926883,-0.14,1.07,0.73,-192.33,-93.67,45.75,1.31
1800420336.1920235,-0.59,0.38,0.46,-228.15,-282.21,177.42,0.84
1800420336.291359,-0.75,0.14,1.52,52.47,-251.67,-97.48,1.7
1800420336.3906941,-0.4,-0.13,1.25,-135.82,-130.43,28.09,1.32
1800420336.4900293,-0.0,-0.23,0.65,-126.17,-37.7,58.2,0.69
1800420336.5893648,-0.21,-0.52,0.98,-75.89,-94.04,-43.39,1.13
1800420336.6887,-0.13,-0.59,0.89,25.33,-92.4,-65.11,1.07
1800420336.7880354,0.23,-0.15,0.95,-0.87,-77.06,-36.42,0.99
1800420336.8873706,0.1,-0.11,1.02,-51.46,1.53,56.21,1.03
0.0,0.0,0.0,0.0,0.0,0.0,0.0,0.0
1800420340.0,-0.11,-0.8,0.04,34.0,11.3,-38.37,0.81
1800420340.101008,-0.25,-0.82,0.05,36.81,44.65,15.41,0.86
1800420340.2020159,-0.21,-0.79,-0.0,-3.45,38.88,15.29,0.82
1800420340.3030238,-0.18,-0.75,0.06,16.04,70.12,3.18,0.77
1800420340.4040318,-0.15,-0.66,0.01,47.8,60.14,54.33,0.68
1800420340.5050397,-0.11,-0.67,-0.01,95.06,62.05,-19.69,0.68
1800420340.6060476,-0.14,-0.92,-0.18,176.68,135.35,-70.58,0.94
1800420340.7070556,-1.23,-1.4,0.7,350.66,-93.95,180.25,1.99
1800420340.8080635,-0.88,-0.26,-0.03,350.84,143.08,-318.87,0.92
1800420340.9090714,-0.95,-0.27,1.1,-45.72,106.7,-290.45,1.48
1800420341.0100794,-0.37,-0.25,-0.18,5.56,303.68,-16.42,0.48
1800420341.1110873,-0.61,0.71,0.23,-170.89,-78.98,-62.07,0.96
1800420341.2120953,-0.49,0.22,0.67,-218.04,-264.82,-182.18,0.86
1800420341.3131032,-1.45,0.05,0.77,29.8,-238.55,109.82,1.64
1800420341.4141111,-1.08,-0.14,0.53,-128.06,-111.27,-22.5,1.21
1800420341.515119,-0.64,-0.37,0.06,-104.47,-39.24,-62.33,0.74
1800420341.616127,-0.9,-0.47,0.32,-91.24,-75.73,42.19,1.07
1800420341.717135,-0.81,-0.6,0.21,40.83,-83.44,47.32,1.03
1800420341.818143,-0.84,-0.28,-0.16,-10.02,-72.93,37.88,0.9
1800420341.9191508,-0.99,-0.16,-0.04,-47.38,5.91,-51.38,1.0
0.0,0.0,0.0,0.0,0.0,0.0,0.0,0.0
1800420345.0,0.06,-0.96,0.1,1.46,24.45,4.94,0.96
1800420345.0988212,-0.08,-0.93,0.03,1.64,4.91,-9.53,0.93
1800420345.197642,-0.01,-1.08,-0.01,-8.67,19.38,-38.06,1.08
1800420345.2964633,0.02,-1.03,-0.07,19.85,0.35,-24.8,1.04
1800420345.3952842,-0.0,-0.95,-0.03,19.36,-4.33,-50.34,0.95
1800420345.4941053,0.02,-1.04,-0.07,28.83,8.8,-60.48,1.04
1800420345.5929263,0.02,-1.02,-0.09,35.18,-2.16,-54.21,1.02
1800420345.6917474,-0.0,-0.88,-0.08,6.44,-11.71,-76.32,0.88
1800420345.7905684,-0.06,-0.89,-0.17,20.2,22.96,-79.22,0.91
1800420345.8893895,-0.03,-0.71,-0.02,-37.98,-9.7,-87.79,0.71
1800420345.9882104,0.02,-0.54,-0.08,-59.37,8.18,-59.78,0.54
1800420346.0870316,0.14,-0.57,-0.19,23.17,135.53,-100.8,0.62
1800420346.1858525,-0.53,-2.08,0.85,-520.0,433.31,-250.68,2.31
1800420346.2846737,0.13,-0.91,-0.49,211.47,81.26,-109.57,1.04
1800420346.3834946,-0.22,-0.21,-1.94,136.23,16.82,-89.12,1.96
1800420346.4823158,-0.68,-0.24,-1.04,-88.0,153.21,-197.16,1.26
1800420346.5811367,-0.11,-0.48,-0.95,38.89,205.59,22.98,1.07
1800420346.6799579,-0.31,-0.29,-0.91,-10.73,16.01,104.66,1.0
1800420346.7787788,-0.3,-0.41,-0.91,90.06,-68.1,102.91,1.04
1800420346.8776,-0.44,-0.55,-0.69,27.22,-67.11,24.11,0.99
1800420346.976421,-0.15,-0.8,-0.92,-46.25,-41.62,-74.48,1.23
1800420347.075242,-0.3,-0.56,-0.74,-43.31,29.7,44.59,0.98
1800420347.1740632,-0.3,-0.67,-0.85,-14.28,-7.98,-8.79,1.13
1800420347.2728841,-0.35,-0.58,-0.83,24.24,-38.56,-0.6,1.07
1800420347.3717053,-0.37,-0.6,-0.82,44.6,-18.27,9.01,1.08
0.0,0.0,0.0,0.0,0.0,0.0,0.0,0.0
1800420350.0,-0.02,-1.08,0.23,-13.76,12.49,0.81,1.1
1800420350.1074126,-0.03,-1.06,0.13,-14.37,-0.89,-4.39,1.07
1800420350.2148252,0.08,-1.02,0.11,-64.36,-14.87,-32.04,1.03
1800420350.3222377,0.01,-1.11,0.12,-67.83,-16.7,-13.97,1.11
1800420350.42965,0.12,-1.04,0.05,-66.09,-38.45,-3.41,1.05
1800420350.5370626,0.11,-0.96,-0.06,-62.76,-70.99,-4.14,0.97
1800420350.6444752,0.02,-0.88,-0.24,-148.76,-164.66,12.54,0.91
1800420350.7518878,0.09,-0.86,-0.3,-87.79,-205.53,38.55,0.92
1800420350.8593004,0.42,-0.84,-0.43,20.22,-251.19,3.04,1.03
1800420350.966713,0.34,-1.55,-0.23,-96.12,-241.78,94.04,1.6
1800420351.0741253,1.18,-2.24,-0.22,-381.15,-183.8,-299.44,2.54
1800420351.1815379,0.34,-0.97,0.5,-212.77,131.68,-66.17,1.14
1800420351.2889504,-0.15,1.39,-2.1,-71.04,21.19,440.76,2.52
1800420351.396363,-0.12,1.59,-1.04,-121.89,160.11,159.39,1.9
1800420351.5037756,-0.74,0.04,-1.29,-209.35,-47.29,69.59,1.49
1800420351.6111882,-0.58,0.35,-0.96,-11.5,6.21,16.55,1.18
1800420351.7186005,-0.7,0.11,-1.09,18.56,-15.73,44.31,1.29
1800420351.826013,-0.57,0.04,-0.97,40.56,17.51,-27.57,1.13
1800420351.9334257,-0.53,-0.03,-1.02,99.25,39.47,3.01,1.14
1800420352.0408382,-0.38,-0.04,-0.98,-43.77,-11.76,89.34,1.05
1800420352.1482508,-0.47,-0.1,-1.16,34.64,5.25,9.09,1.26
1800420352.2556634,-0.36,0.02,-0.86,24.0,12.83,-41.09,0.93
0.0,0.0,0.0,0.0,0.0,0.0,0.0,0.0
1800420355.0,0.0,-0.97,-0.1,34.26,-44.55,7.32,0.98
1800420355.1064043,-0.03,-0.92,-0.18,86.14,-7.07,30.92,0.94
1800420355.2128088,0.04,-0.89,-0.1,98.57,-88.97,38.35,0.9
1800420355.3192132,0.41,-0.98,-0.2,21.13,-49.64,16.84,1.08
1800420355.4256175,0.33,-0.81,-0.0,40.27,8.73,17.63,0.88
1800420355.5320218,0.35,-0.93,-0.05,49.75,19.49,-14.97,1.0
1800420355.6384263,0.28,-0.9,-0.07,86.85,26.22,-15.97,0.94
1800420355.7448306,0.25,-0.82,-0.13,115.91,36.89,-3.06,0.87
1800420355.851235,0.26,-0.56,-0.06,171.27,69.69,12.36,0.63
1800420355.9576392,0.11,-0.43,0.08,163.93,142.18,-35.17,0.45
1800420356.0640438,0.84,-0.42,0.14,104.94,379.96,-42.3,0.95
1800420356.170448,1.17,-2.02,-1.85,-80.34,393.46,63.83,2.98
1800420356.2768524,0.3,1.22,0.29,7.24,159.83,-141.07,1.29
1800420356.3832567,0.16,0.42,-0.27,71.44,283.96,-132.27,0.53
1800420356.4896612,-0.62,0.34,-1.77,190.02,191.21,-275.57,1.91
1800420356.5960655,-0.65,0.5,-0.37,-114.88,20.24,-29.23,0.9
1800420356.7024698,-0.53,0.18,-0.62,21.86,50.69,47.49,0.83
1800420356.8088744,-0.54,0.11,-0.59,12.55,-41.92,23.53,0.81
1800420356.9152787,-0.39,0.01,-0.78,37.97,-56.98,35.51,0.87
1800420357.021683,-0.45,-0.25,-0.74,64.37,-49.69,33.11,0.9
1800420357.1280873,-0.3,-0.17,-0.85,53.91,-53.29,25.34,0.92
1800420357.2344918,-0.27,-0.09,-0.74,-14.71,-71.6,12.83,0.79
1800420357.3408961,-0.14,-0.38,-0.86,-45.38,-94.84,18.11,0.95
0.0,0.0,0.0,0.0,0.0,0.0,0.0,0.0
1800420360.0,0.42,0.95,-0.07,-0.73,-6.85,-35.36,1.04
1800420360.107901,0.32,0.98,-0.03,-7.38,-15.77,-19.91,1.03
1800420360.2158022,0.33,0.96,0.05,-55.36,-13.06,28.07,1.02
1800420360.3237033,0.29,0.99,0.09,-51.11,-7.87,15.98,1.03
1800420360.4316041,0.3,0.97,-0.02,-55.67,46.12,-13.0,1.01
1800420360.5395052,0.24,1.05,-0.12,-117.46,110.54,40.16,1.08
1800420360.6474063,0.05,0.84,-0.05,-116.86,212.39,-27.13,0.85
1800420360.7553074,0.13,0.6,0.09,52.25,-22.55,-260.37,0.62
1800420360.8632085,-0.13,0.11,-0.06,229.29,-67.92,-237.27,0.18
1800420360.9711096,0.79,0.67,-0.84,-33.97,45.27,163.5,1.33
1800420361.0790105,1.99,-1.97,1.34,-520.0,-478.29,-383.91,3.1
1800420361.1869116,0.81,1.33,0.57,-145.77,449.13,520.0,1.66
1800420361.2948127,0.59,0.53,-0.59,-361.75,35.74,99.56,0.99
1800420361.4027138,0.34,0.18,-0.3,100.16,102.74,179.89,0.48
1800420361.5106149,1.24,0.0,-0.74,-107.22,-9.21,76.41,1.44
1800420361.618516,0.71,0.27,-0.25,143.98,-11.87,18.25,0.8
1800420361.7264168,0.67,0.36,-0.53,-3.71,-58.65,110.73,0.93
1800420361.834318,1.63,0.04,-0.67,126.9,-76.48,151.04,1.76
1800420361.942219,0.52,0.49,-0.38,47.37,-24.83,43.43,0.81
1800420362.05012,0.85,0.46,-0.52,-15.9,29.61,-50.32,1.1
1800420362.1580212,0.56,0.39,-0.33,-10.3,-29.36,60.6,0.76
1800420362.2659223,0.86,0.25,-0.34,-51.81,-71.72,-11.26,0.96
1800420362.3738232,0.85,0.45,-0.46,-8.47,-26.56,-44.06,1.07
1800420362.4817243,0.83,0.37,-0.35,-40.94,-14.86,0.42,0.98
0.0,0.0,0.0,0.0,0.0,0.0,0.0,0.0
1800420365.0,-0.14,0.97,0.14,-81.45,40.33,0.23,0.99
1800420365.1036515,-0.21,0.89,-0.08,-111.31,107.0,19.45,0.92
1800420365.2073028,-0.23,0.82,-0.42,-175.8,0.18,-4.07,0.95
1800420365.3109543,-0.06,0.86,-0.35,-140.3,-20.73,-19.08,0.93
1800420365.4146059,-0.11,0.57,-0.01,-237.96,-68.61,58.81,0.58
1800420365.5182574,-0.34,0.6,0.19,-245.2,237.99,-27.44,0.72
1800420365.6219087,0.56,0.26,-0.23,-233.52,-77.03,11.11,0.66
1800420365.7255602,-2.27,0.31,-1.91,242.58,-520.0,-485.52,2.98
1800420365.8292117,-0.77,-1.64,-1.79,-488.09,466.5,-473.52,2.54
1800420365.9328632,-0.21,-0.48,-0.67,93.53,121.91,283.98,0.85
1800420366.0365145,-0.07,-0.76,-0.46,125.33,286.46,210.32,0.89
1800420366.140166,-0.9,-0.51,-0.65,-73.24,396.7,159.26,1.22
1800420366.2438176,-0.93,-0.46,-0.06,-147.65,514.65,120.4,1.04
1800420366.347469,-1.02,-0.17,0.12,-118.03,472.59,-95.7,1.04
1800420366.4511204,-1.25,-0.05,0.53,-137.42,167.87,102.0,1.36
1800420366.554772,-1.0,-0.13,0.43,-86.24,-34.26,34.84,1.1
1800420366.6584234,-1.0,0.05,0.49,-54.79,81.21,41.98,1.12
1800420366.7620747,-0.94,-0.03,0.63,-54.95,-16.27,87.31,1.14
0.0,0.0,0.0,0.0,0.0,0.0,0.0,0.0
1800420370.0,-0.07,0.93,0.12,45.42,1.68,5.58,0.94
1800420370.1006172,-0.13,1.01,0.08,38.35,-31.8,4.07,1.03
1800420370.2012343,-0.19,1.02,0.07,35.79,-38.58,13.59,1.04
1800420370.3018515,-0.14,0.96,0.07,75.62,-33.45,1.23,0.97
1800420370.4024687,-0.08,0.97,0.09,84.86,-27.09,2.77,0.98
1800420370.5030859,-0.05,0.83,-0.05,106.8,-22.64,9.18,0.83
1800420370.603703,-0.15,0.85,-0.09,95.51,-38.91,13.21,0.87
1800420370.7043204,-0.1,0.75,-0.11,151.92,-33.31,11.69,0.76
1800420370.8049376,-0.07,0.6,-0.25,212.97,2.75,14.1,0.65
1800420370.9055548,-0.04,0.44,-0.3,183.86,81.89,15.65,0.53
1800420371.006172,0.26,1.9,-0.66,188.64,248.65,-228.66,2.03
1800420371.106789,0.08,0.46,-1.23,336.99,-57.82,-75.09,1.32
1800420371.2074063,0.85,-0.04,-1.72,113.62,52.36,57.72,1.92
1800420371.3080235,0.26,-0.15,-0.83,93.64,185.2,21.25,0.88
1800420371.4086406,0.19,-0.09,-0.95,-17.52,3.37,37.16,0.98
1800420371.5092578,0.27,0.09,-1.04,-65.44,-24.19,53.31,1.08
1800420371.609875,0.18,0.22,-0.94,-66.29,-27.44,68.2,0.99
1800420371.7104921,0.12,0.2,-0.87,-39.69,3.12,-7.65,0.9
1800420371.8111093,0.16,0.26,-1.03,26.37,18.61,-24.32,1.07
1800420371.9117265,0.09,0.49,-0.85,57.24,-86.65,-59.58,0.98
1800420372.0123436,-0.09,0.11,-1.03,0.82,-89.39,-25.74,1.04
1800420372.112961,-0.01,0.39,-0.95,36.93,61.37,-45.64,1.02
1800420372.2135782,-0.11,0.31,-0.69,-39.41,57.76,40.19,0.76
1800420372.3141954,0.12,0.34,-0.84,-58.5,-137.23,66.34,0.91
1800420372.4148126,0.09,0.17,-0.95,-31.04,-62.79,47.39,0.97
0.0,0.0,0.0,0.0,0.0,0.0,0.0,0.0
1800420375.0,-0.18,-1.02,0.05,17.17,14.72,-11.83,1.03
1800420375.1011734,-0.11,-1.03,-0.06,-18.02,23.34,-8.87,1.03
1800420375.2023468,-0.05,-1.08,0.04,-34.93,-10.35,-19.29,1.08
1800420375.30352,0.0,-1.05,0.07,-39.82,-0.2,-20.53,1.05
1800420375.4046934,0.0,-1.04,-0.03,-50.48,-14.52,-25.87,1.04
1800420375.5058668,0.06,-1.08,-0.04,-58.39,5.95,-42.25,1.08
1800420375.6070402,-0.03,-1.0,-0.03,-58.37,-19.36,-39.59,1.0
1800420375.7082133,0.0,-0.96,-0.03,-76.22,0.35,-29.52,0.96
1800420375.8093867,0.02,-0.99,-0.01,-89.23,25.97,-32.6,0.99
1800420375.9105601,-0.13,-0.7,0.02,-102.58,9.1,30.22,0.72
1800420376.0117335,0.02,-0.52,0.0,-70.24,3.07,48.25,0.52
1800420376.112907,0.22,-0.59,0.07,-106.35,146.61,-44.08,0.63
1800420376.21408,-1.03,-2.08,-0.49,-281.87,433.74,494.65,2.38
1800420376.3152535,0.52,-0.92,0.11,-133.39,81.24,-202.71,1.06
1800420376.416427,2.18,-0.17,-0.25,-93.63,37.57,-147.86,2.2
1800420376.5176003,1.24,-0.19,-0.68,-223.56,130.71,73.61,1.43
1800420376.6187735,1.0,-0.51,-0.12,-0.58,196.62,-29.3,1.12
1800420376.7199469,0.94,-0.39,-0.27,105.69,20.72,-7.44,1.06
1800420376.8211203,0.98,-0.34,-0.24,98.9,-64.43,-95.54,1.06
1800420376.9222937,0.83,-0.57,-0.37,29.69,-61.38,-27.21,1.07
1800420377.023467,0.99,-0.69,-0.15,-72.21,-61.52,28.23,1.22
1800420377.1246402,0.76,-0.49,-0.3,34.7,34.46,16.97,0.95
1800420377.2258136,0.87,-0.61,-0.35,-4.2,-9.97,-6.62,1.11
1800420377.326987,0.85,-0.62,-0.31,-14.15,-8.99,-18.25,1.09
1800420377.4281604,0.92,-0.61,-0.31,22.73,-32.54,-60.33,1.15
0.0,0.0,0.0,0.0,0.0,0.0,0.0,0.0
1800420380.0,-0.06,-0.79,-0.0,-50.54,-35.89,14.14,0.79
1800420380.0999897,-0.1,-0.84,-0.05,-24.59,-16.44,-28.93,0.85
1800420380.1999795,-0.01,-0.86,0.03,-50.55,-10.82,0.27,0.86
1800420380.2999692,-0.09,-0.83,-0.04,-71.17,-2.4,-7.18,0.83
1800420380.3999588,-0.06,-0.72,-0.12,-90.73,5.91,-0.99,0.73
1800420380.4999485,-0.13,-0.71,-0.17,-91.93,11.06,-5.63,0.74
1800420380.5999384,-0.0,-0.69,-0.24,-95.91,14.24,-2.68,0.73
1800420380.699928,-0.04,-0.65,-0.22,-152.05,83.08,-31.02,0.69
1800420380.7999177,-0.06,-0.43,-0.19,-231.65,57.9,-63.29,0.48
1800420380.8999074,-0.21,-0.48,-0.55,-281.49,12.77,54.56,0.76
1800420380.9998972,0.09,-0.95,-1.33,-116.48,56.9,-135.02,1.63
1800420381.099887,1.15,0.69,-1.8,-94.89,-366.78,-85.93,2.25
1800420381.1998765,-0.79,0.88,-0.9,-170.86,-21.26,-60.22,1.48
1800420381.2998662,0.01,0.33,-0.86,169.11,-45.32,-82.99,0.92
1800420381.399856,0.23,0.08,-1.16,65.28,-45.49,-44.94,1.19
1800420381.4998457,0.2,0.09,-1.03,-25.41,-182.66,-111.3,1.05
1800420381.5998354,0.06,-0.07,-1.07,92.47,-114.17,-49.67,1.07
1800420381.6998253,0.17,-0.07,-1.11,58.98,-113.04,-32.0,1.13
1800420381.799815,-0.05,-0.23,-0.99,57.95,-78.17,35.96,1.02
1800420381.8998046,-0.39,-0.5,-0.68,-8.74,6.41,-22.58,0.93
1800420381.9997942,-0.19,-0.54,-1.13,-0.76,93.46,42.66,1.27
1800420382.0997841,-0.01,-0.29,-1.11,-49.51,137.82,20.41,1.15
1800420382.1997738,0.4,-0.36,-0.94,93.46,-65.52,-109.49,1.09
0.0,0.0,0.0,0.0,0.0,0.0,0.0,0.0
1800420385.0,0.36,-0.96,0.0,-17.51,31.58,-12.19,1.03
1800420385.096561,0.06,-0.82,0.08,-44.39,8.79,-35.54,0.83
1800420385.193122,0.21,-0.87,0.04,-76.31,10.07,-77.53,0.9
1800420385.2896829,0.23,-0.93,0.02,-71.11,14.73,-81.43,0.96
1800420385.3862438,0.28,-0.79,-0.15,-33.32,-8.44,-18.12,0.85
1800420385.4828048,0.32,-0.92,-0.18,-54.68,-43.31,-10.19,0.99
1800420385.579366,0.23,-0.76,-0.23,-65.51,-57.4,3.88,0.83
1800420385.675927,0.24,-0.84,-0.32,-86.94,-82.23,-23.16,0.93
1800420385.7724879,0.35,-0.6,-0.26,-70.85,-115.36,-81.36,0.74
1800420385.8690488,0.28,-0.64,-0.33,-107.6,-152.26,-49.05,0.77
1800420385.9656098,0.24,-0.6,-0.4,-53.4,-202.7,75.86,0.76
1800420386.0621707,0.23,-1.07,-1.03,-122.11,-262.54,179.21,1.5
1800420386.1587317,1.34,-1.53,-0.73,-245.79,-248.02,-192.51,2.16
1800420386.2552927,-0.01,-1.4,-0.33,-132.01,83.8,20.74,1.44
1800420386.3518536,0.13,0.03,-1.75,-518.07,-264.61,520.0,1.76
1800420386.4484146,-0.11,1.41,-0.83,-46.69,132.89,284.71,1.64
1800420386.5449755,0.16,0.78,-1.08,-124.36,10.24,106.95,1.34
1800420386.6415367,-0.01,0.33,-1.36,15.35,-42.53,-11.92,1.4
1800420386.7380977,-0.2,0.16,-1.51,-118.02,-98.08,82.33,1.53
1800420386.8346586,-0.11,0.24,-0.98,138.89,-3.67,4.81,1.02
1800420386.9312196,-0.33,0.08,-1.1,-69.87,-38.05,64.13,1.15
1800420387.0277805,-0.3,0.08,-1.19,16.55,-77.6,62.73,1.23
1800420387.1243415,-0.46,0.02,-1.0,41.23,-16.13,-31.77,1.1
1800420387.2209024,-0.28,0.08,-0.97,-7.22,-19.03,-10.97,1.01
1800420387.3174634,-0.29,0.06,-1.19,-39.22,1.48,38.89,1.23
1800420387.4140244,-0.29,0.06,-1.2,9.35,7.59,10.39,1.23
0.0,0.0,0.0,0.0,0.0,0.0,0.0,0.0
1800420390.0,-0.82,0.13,0.15,93.15,-41.54,50.74,0.84
1800420390.0990028,-0.82,0.02,0.11,-59.12,-33.75,-3.66,0.82
1800420390.1980057,-0.9,0.04,0.05,16.65,21.22,5.47,0.91
1800420390.2970085,-0.83,0.05,0.07,7.75,-4.97,5.2,0.84
1800420390.3960116,-0.85,0.15,0.13,30.24,-12.97,37.69,0.87
1800420390.4950144,-0.72,0.3,0.13,-14.17,-51.3,84.43,0.79
1800420390.5940173,-0.75,0.27,0.18,21.22,20.54,74.54,0.82
1800420390.69302,-0.77,0.25,0.09,-25.37,24.92,52.91,0.82
1800420390.792023,-0.73,0.36,0.17,11.42,-9.57,91.0,0.84
1800420390.8910258,-0.65,0.22,0.29,-21.12,-43.18,101.37,0.75
1800420390.9900286,-0.68,0.23,0.29,6.84,-57.73,79.65,0.77
1800420391.0890317,-0.67,0.3,0.23,14.05,-43.0,113.42,0.77
1800420391.1880345,-0.35,0.46,0.01,25.96,-122.62,90.23,0.57
1800420391.2870374,-0.58,0.3,0.47,-101.69,-37.93,132.79,0.81
1800420391.3860402,-1.23,-0.11,-0.03,2.14,-45.16,-440.41,1.24
1800420391.485043,-1.84,-0.75,2.05,-104.06,25.23,-77.7,2.86
1800420391.584046,0.47,0.56,-1.6,183.13,69.56,-196.09,1.76
1800420391.6830487,-0.7,0.15,0.94,-110.18,172.52,246.64,1.18
0.0,0.0,0.0,0.0,0.0,0.0,0.0,0.0
1800420395.0,0.15,-0.97,0.03,23.43,-20.54,-8.06,0.98
1800420395.1069832,0.06,-0.98,0.13,33.88,-28.5,-14.6,0.99
1800420395.2139666,0.11,-0.93,0.08,-8.49,-41.76,5.26,0.94
1800420395.3209498,0.11,-0.96,0.11,3.36,0.33,-5.24,0.98
1800420395.4279332,0.11,-0.92,0.07,18.09,12.28,-21.16,0.93
1800420395.5349164,0.06,-0.97,0.21,43.25,20.32,-14.36,0.99
1800420395.6418996,0.17,-1.03,0.14,13.61,-24.78,1.82,1.05
1800420395.748883,0.04,-0.93,0.11,38.31,0.8,-29.63,0.94
1800420395.8558662,0.06,-1.02,0.3,32.47,0.08,-22.49,1.06
1800420395.9628494,0.15,-0.92,0.26,41.18,-32.87,-3.73,0.97
1800420396.0698328,0.08,-0.91,0.25,35.85,-6.67,-27.79,0.95
1800420396.176816,0.13,-0.87,0.24,38.86,-10.62,-7.66,0.91
1800420396.2837994,0.09,-0.82,0.2,72.33,5.43,-55.19,0.85
1800420396.3907826,-0.02,-0.62,0.08,47.48,45.73,-43.53,0.63
1800420396.4977658,0.09,-0.49,-0.03,40.91,0.37,-3.28,0.5
1800420396.6047492,0.13,-0.44,-0.0,47.41,-44.99,59.69,0.46
1800420396.7117324,-1.57,-1.98,-0.07,398.38,363.94,176.03,2.53
1800420396.8187156,-0.08,-2.02,1.44,372.66,452.04,-383.61,2.48
1800420396.925699,1.2,-0.5,2.09,-240.15,19.36,-122.23,2.47
1800420397.0326822,-0.24,-0.35,1.08,161.07,322.32,-331.34,1.16
1800420397.1396656,-0.87,0.08,1.04,125.45,298.95,-164.59,1.36
1800420397.2466488,-0.88,-0.12,0.65,36.62,29.47,32.81,1.1
1800420397.353632,-0.98,-0.25,0.59,-28.12,15.89,-1.19,1.17
1800420397.4606154,-0.98,-0.18,0.58,-58.57,-123.66,43.6,1.15
1800420397.5675986,-0.69,-0.26,0.94,-8.18,-31.21,-67.46,1.19
1800420397.6745818,-0.87,-0.36,0.7,-64.64,-50.92,-64.33,1.18
1800420397.7815652,-0.69,-0.4,0.76,-36.74,-6.95,-52.44,1.11
1800420397.8885484,-0.71,-0.32,0.83,18.51,-7.46,-76.03,1.14
1800420397.9955318,-0.81,-0.17,0.77,-20.31,-9.35,-72.27,1.13
1800420398.102515,-0.76,-0.23,0.89,26.65,10.32,-52.68,1.2
1800420398.2094982,-0.74,-0.1,0.76,-11.98,-22.14,17.3,1.06
1800420398.3164816,-0.74,-0.23,0.82,4.2,-15.6,-9.25,1.13
1800420398.4234648,-0.82,-0.03,0.84,7.94,21.81,32.14,1.17
1800420398.530448,-0.85,-0.17,0.84,-24.48,42.5,34.1,1.21
1800420398.6374314,-0.81,-0.26,0.88,-0.8,30.33,76.75,1.23
1800420398.7444146,-0.87,-0.24,0.78,0.45,25.19,90.51,1.2
1800420398.851398,-0.84,-0.3,0.73,-5.69,62.65,121.84,1.15
1800420398.9583812,-0.86,-0.41,0.66,6.59,63.73,140.5,1.16
1800420399.0653644,-0.92,-0.51,0.5,10.0,84.03,129.37,1.16
1800420399.1723478,-0.95,-0.49,0.46,75.5,143.34,137.77,1.16
1800420399.279331,-0.71,-0.58,0.44,38.25,39.04,227.12,1.02
1800420399.3863144,-0.55,-0.7,0.2,-70.53,-148.44,305.51,0.91
1800420399.4932976,-0.49,-0.86,0.34,-6.3,-85.86,141.76,1.05
1800420399.6002808,-0.3,-0.89,0.44,-2.71,-131.99,212.32,1.04
1800420399.7072642,0.14,-0.88,0.41,93.45,-59.87,155.22,0.98
1800420399.8142474,0.23,-0.76,0.35,75.43,-97.55,189.64,0.86
1800420399.9212306,0.41,-0.51,0.49,99.33,-76.24,67.15,0.82
1800420400.028214,0.57,-0.57,0.62,65.57,-103.0,-7.83,1.02
1800420400.1351972,0.62,-0.92,0.71,54.16,-145.6,52.65,1.31
1800420400.2421806,0.87,-0.65,0.54,7.68,-188.47,146.27,1.22
1800420400.3491638,0.66,-0.45,0.38,29.17,-38.72,11.14,0.88
1800420400.456147,0.7,-0.53,0.29,42.01,-54.54,3.25,0.92
1800420400.5631304,0.81,-0.46,0.44,5.15,-0.76,16.16,1.03
1800420400.6701136,0.71,-0.78,0.43,-2.98,-3.76,-121.09,1.14
1800420400.7770967,0.58,-0.6,0.6,-93.01,65.41,-112.9,1.03
1800420400.8840802,0.38,-0.79,0.35,18.8,-2.73,-13.11,0.95
1800420400.9910634,0.43,-0.83,0.24,-102.1,-29.06,0.81,0.97
1800420401.0980468,0.6,-0.64,0.27,-29.21,-57.67,-17.16,0.92
1800420401.20503,0.56,-0.81,0.14,-14.63,-6.2,23.04,1.0
1800420401.3120131,0.48,-0.79,0.36,15.35,64.97,-42.86,0.99
1800420401.4189966,0.42,-0.8,0.28,15.22,-29.0,12.67,0.95
1800420401.5259798,0.29,-0.74,0.23,43.99,-60.83,8.57,0.83
1800420401.632963,0.75,-0.69,0.35,2.93,-19.0,-10.3,1.08
1800420401.7399464,0.67,-0.71,0.36,74.61,-73.64,-3.29,1.04
1800420401.8469296,0.79,-0.74,0.64,72.17,-7.92,-68.36,1.25
1800420401.953913,0.58,-0.57,0.44,68.25,-6.54,4.08,0.92
1800420402.0608962,0.64,-0.47,0.48,1.52,-12.52,99.51,0.93
1800420402.1678793,0.66,-0.44,0.44,27.75,-8.2,95.26,0.91
1800420402.2748628,0.85,-0.86,0.46,60.71,-56.49,-7.71,1.3
1800420402.381846,0.77,-0.55,0.53,20.62,-77.72,-80.5,1.08
1800420402.4888291,0.76,-0.46,0.27,74.26,-136.92,-82.71,0.93
1800420402.5958126,0.94,-0.49,0.5,100.11,-100.41,-147.96,1.17
1800420402.7027957,0.45,-0.38,0.31,67.98,-237.79,-12.12,0.66
1800420402.8097792,0.62,-0.38,0.21,-9.98,29.84,-81.86,0.75
1800420402.9167624,0.2,-0.61,-0.08,5.62,61.53,-173.99,0.65
1800420403.0237455,0.24,-0.82,0.05,-63.11,76.49,-123.52,0.86
1800420403.130729,0.43,-0.89,0.18,-99.22,-43.78,-27.75,1.0
1800420403.2377121,0.41,-0.82,0.03,42.08,-82.16,-97.81,0.91
1800420403.3446956,0.32,-0.98,0.06,4.63,-103.42,-48.72,1.03
1800420403.4516788,0.15,-1.0,0.17,-35.81,-57.85,-74.79,1.03
1800420403.558662,0.11,-1.0,0.02,-21.39,-31.01,-67.42,1.01
1800420403.6656454,0.17,-0.98,0.13,13.31,-6.88,-63.16,1.0
1800420403.7726285,0.13,-0.85,0.2,-23.43,-11.51,-48.59,0.88
1800420403.8796117,-0.04,-0.85,0.12,-28.5,-0.4,-37.85,0.86
1800420403.9865952,0.02,-0.98,0.04,4.94,32.27,-37.91,0.98
1800420404.0935783,0.07,-1.1,0.05,1.65,-0.92,-6.35,1.11
1800420404.2005618,0.04,-1.01,-0.04,35.58,-50.0,-20.6,1.01
1800420404.307545,0.06,-1.01,0.03,36.38,-68.06,-18.8,1.02
1800420404.4145281,0.01,-0.91,0.04,28.42,-58.73,-11.87,0.92
1800420404.5215116,0.01,-0.98,0.04,-3.33,-62.51,3.75,0.98
1800420404.6284947,0.04,-0.98,0.06,0.39,-26.22,4.52,0.98
1800420404.735478,0.05,-1.02,0.03,-5.77,-12.63,2.35,1.03
1800420404.8424613,0.02,-0.98,0.0,19.27,-7.91,-1.48,0.98
0.0,0.0,0.0,0.0,0.0,0.0,0.0,0.0
1800420400.0,-0.11,0.94,0.43,6.27,-1.54,1.1,1.03
1800420400.101296,-0.03,0.96,0.21,-5.72,-8.81,4.56,0.98
1800420400.202592,0.05,0.94,0.26,-0.22,-18.28,-35.38,0.97
1800420400.3038878,-0.12,0.97,0.27,-4.89,-9.47,-54.54,1.02
1800420400.4051838,-0.05,0.99,0.38,12.41,49.73,-37.21,1.06
1800420400.5064797,-0.22,0.94,0.14,-42.71,99.26,-115.99,0.97
1800420400.6077757,-0.05,0.88,0.07,16.85,228.33,-110.17,0.88
1800420400.7090716,0.13,0.52,0.17,158.28,-8.53,74.16,0.56
1800420400.8103676,0.05,0.11,-0.06,143.07,-79.69,211.54,0.13
1800420400.9116635,-1.02,0.74,0.77,-107.0,49.66,-24.78,1.48
1800420401.0129595,1.49,-2.04,1.97,259.86,-520.0,-519.52,3.21
1800420401.1142554,0.57,1.31,0.74,-414.46,520.0,-141.35,1.61
1800420401.2155514,-0.65,0.49,0.69,-60.68,53.81,-342.11,1.06
1800420401.3168473,-0.4,0.22,0.29,-126.95,123.51,92.73,0.55
1800420401.4181433,-0.84,-0.05,1.13,-63.51,-0.34,-106.77,1.41
1800420401.5194392,-0.35,0.22,0.62,-20.54,-22.03,124.6,0.75
1800420401.6207352,-0.64,0.28,0.72,-83.76,-84.84,15.94,1.0
1800420401.722031,-0.79,0.08,1.49,-96.99,-59.75,99.34,1.69
1800420401.823327,-0.58,0.47,0.47,-22.77,-29.01,47.51,0.88
1800420401.924623,-0.74,0.45,0.82,33.32,22.64,-19.17,1.2
1800420402.025919,-0.42,0.42,0.6,-42.78,-26.08,-27.66,0.84
1800420402.127215,-0.47,0.25,0.78,27.54,-75.3,-55.56,0.94
1800420402.2285109,-0.63,0.38,0.82,24.0,-31.56,-5.74,1.1
1800420402.3298068,-0.43,0.31,0.78,-1.18,-11.69,-23.4,0.94
0.0,0.0,0.0,0.0,0.0,0.0,0.0,0.0
1800420405.0,-0.04,-0.92,0.11,26.9,-22.77,20.89,0.93
1800420405.0950732,-0.02,-0.93,0.15,-17.97,-11.25,-6.36,0.94
1800420405.1901464,-0.02,-0.87,0.12,-2.73,-4.02,-28.4,0.88
1800420405.2852197,0.04,-0.83,0.25,-40.29,8.51,-5.83,0.87
1800420405.3802927,0.05,-0.89,0.35,-23.68,-6.06,-22.44,0.96
1800420405.4753659,0.06,-0.89,0.47,-8.57,4.7,-31.78,1.01
1800420405.570439,0.13,-0.88,0.37,-20.38,45.84,-33.78,0.97
1800420405.6655123,0.08,-0.75,0.35,25.08,66.01,-7.31,0.83
1800420405.7605855,-0.0,-0.83,0.26,38.56,55.19,-11.68,0.87
1800420405.8556588,0.07,-0.65,0.21,15.57,116.58,-44.75,0.68
1800420405.950732,0.02,-0.41,0.09,-66.53,122.5,-17.06,0.42
1800420406.045805,0.28,-0.44,0.13,-152.32,85.74,-105.16,0.54
1800420406.1408782,0.83,-0.8,1.09,-220.67,339.79,-120.89,1.59
1800420406.2359514,0.97,-1.84,0.61,110.48,455.22,-421.4,2.17
1800420406.3310246,-1.67,-0.25,0.92,119.76,-116.92,422.13,1.92
1800420406.4260979,-0.3,0.64,1.16,-38.49,-106.68,180.18,1.36
1800420406.521171,-0.25,1.07,0.68,-3.2,-281.09,-33.34,1.29
1800420406.6162443,-0.62,-0.15,0.8,-121.35,14.0,81.3,1.02
1800420406.7113173,-0.96,0.15,1.17,-66.89,-100.6,21.32,1.52
1800420406.8063905,-0.58,0.21,1.14,-18.78,-266.9,-28.39,1.29
1800420406.9014637,-0.05,-0.22,1.04,118.59,-331.36,60.76,1.07
1800420406.996537,-0.06,-0.39,0.8,44.85,-100.18,-18.41,0.89
1800420407.0916102,0.33,-0.14,0.98,-31.43,-184.75,91.54,1.05
1800420407.1866834,0.63,-0.05,0.73,-30.67,-254.84,6.14,0.96
1800420407.2817566,0.42,-0.32,1.21,61.39,-291.28,5.86,1.32
1800420407.3768296,1.32,-0.37,0.69,92.62,-21.85,-5.38,1.53
1800420407.4719028,0.49,-0.26,0.72,-45.83,27.44,-51.11,0.91
0.0,0.0,0.0,0.0,0.0,0.0,0.0,0.0
1800420410.0,0.16,-1.05,0.09,5.19,-7.12,-11.46,1.07
1800420410.1009896,0.05,-1.03,0.0,-15.07,10.95,-9.45,1.03
1800420410.2019792,0.12,-0.96,0.03,6.67,3.17,23.8,0.96
1800420410.3029687,0.03,-1.06,0.04,-10.99,-1.27,-19.81,1.06
1800420410.4039583,0.12,-0.97,0.01,-2.26,-7.79,-25.91,0.98
1800420410.504948,0.09,-1.0,0.1,-24.66,1.94,-71.12,1.01
1800420410.6059375,0.08,-0.97,0.09,-7.54,-4.5,-51.85,0.98
1800420410.706927,0.09,-0.97,-0.05,-2.76,-32.75,-26.76,0.98
1800420410.8079166,-0.05,-1.0,-0.01,-18.71,86.1,-44.85,1.0
1800420410.9089062,-0.22,-1.03,-0.16,7.62,114.94,18.86,1.06
1800420411.0098958,-0.4,-0.53,-0.01,125.6,252.31,64.45,0.67
1800420411.1108854,0.12,0.3,0.28,231.02,116.55,113.32,0.43
1800420411.211875,1.17,-0.71,-1.03,-288.31,216.13,-171.79,1.71
1800420411.3128645,1.83,2.02,0.66,284.49,-520.0,-520.0,2.81
1800420411.4138541,-0.69,-0.52,0.52,-40.41,520.0,-157.44,1.01
1800420411.5148437,1.29,-0.06,-1.04,-204.83,163.39,-180.55,1.65
1800420411.615833,-0.09,-0.01,0.02,-0.98,3.09,8.66,0.09
1800420411.7168226,0.89,0.01,-0.64,41.91,-71.11,28.4,1.1
1800420411.8178122,0.54,-0.46,-0.54,-5.97,-87.74,-13.71,0.89
1800420411.9188018,0.9,-0.28,-0.54,61.17,-194.56,70.82,1.08
1800420412.0197914,0.73,-0.34,-0.27,-62.87,-84.32,24.99,0.85
1800420412.120781,0.7,-0.43,-0.56,-98.02,21.18,-38.76,0.99
1800420412.2217705,0.84,-0.32,-0.43,37.04,-77.74,-11.4,1.0
1800420412.32276,0.4,-0.28,-0.02,-92.04,-123.87,-29.37,0.49
1800420412.4237497,0.71,-0.19,-0.23,57.37,-79.23,0.75,0.78
1800420412.5247393,0.73,-0.28,-0.33,23.79,-29.63,-4.42,0.85
1800420412.6257288,0.73,-0.14,-0.36,44.15,-17.0,-16.99,0.82
1800420412.7267184,0.95,-0.15,-0.08,51.2,-57.54,40.33,0.96
1800420412.827708,0.78,-0.16,-0.23,3.79,-37.86,-35.93,0.83
0.0,0.0,0.0,0.0,0.0,0.0,0.0,0.0
1800420415.0,-0.01,0.94,0.38,-26.92,22.92,19.2,1.01
1800420415.1032557,0.04,0.96,0.42,-30.2,-0.57,8.97,1.05
1800420415.2065115,0.04,0.96,0.34,-35.68,18.69,17.55,1.02
1800420415.3097672,0.08,0.94,0.31,-60.7,42.18,8.12,0.99
1800420415.413023,0.08,0.97,0.26,-60.58,20.64,6.74,1.01
1800420415.5162787,0.11,1.06,0.26,-45.68,39.32,44.2,1.1
1800420415.6195345,0.09,0.93,0.34,-52.1,5.72,55.27,1.0
1800420415.7227902,0.15,0.96,0.24,-49.67,10.17,87.0,1.0
1800420415.8260458,0.13,0.93,0.16,-48.47,33.24,95.58,0.95
1800420415.9293015,0.28,0.89,0.14,-28.44,6.58,80.12,0.94
1800420416.0325572,0.17,0.61,0.11,-39.1,-22.79,81.57,0.65
1800420416.135813,0.23,0.55,0.09,14.3,-28.35,45.93,0.6
1800420416.2390687,0.04,0.33,0.44,149.73,-65.69,34.14,0.55
1800420416.3423245,0.73,1.14,0.58,102.53,-21.79,156.65,1.48
1800420416.4455802,0.63,-0.19,0.81,446.91,-295.01,-211.67,1.05
1800420416.548836,1.35,0.69,0.44,-268.68,362.5,225.21,1.58
1800420416.6520917,1.35,0.44,0.27,-347.43,391.25,32.88,1.44
1800420416.7553475,0.61,0.37,-0.51,-165.41,123.79,41.83,0.88
1800420416.8586032,0.76,0.31,-0.38,-70.42,77.91,19.76,0.91
1800420416.961859,0.75,0.62,-0.62,-8.35,-15.25,-67.1,1.15
1800420417.0651147,0.64,0.59,-0.49,-76.03,8.45,-21.63,1.0
1800420417.1683705,0.73,0.75,-0.38,30.61,-4.79,-12.64,1.12
1800420417.271626,0.68,0.78,-0.18,74.75,57.93,-13.15,1.05
1800420417.3748817,0.78,0.58,-0.04,24.02,15.44,-20.17,0.97
0.0,0.0,0.0,0.0,0.0,0.0,0.0,0.0
1800420420.0,0.37,-0.9,-0.06,-2.07,-14.09,26.22,0.97
1800420420.1017923,0.46,-0.93,0.01,-2.03,45.03,88.57,1.04
1800420420.2035847,0.22,-0.89,-0.01,-16.3,52.03,86.13,0.91
1800420420.3053772,0.33,-0.82,-0.07,-11.74,46.33,31.17,0.89
1800420420.4071696,0.27,-0.9,0.05,6.1,23.69,26.26,0.94
1800420420.508962,0.27,-0.85,-0.09,-22.64,-18.25,16.05,0.9
1800420420.6107543,0.18,-0.88,-0.06,-11.22,-20.69,29.58,0.9
1800420420.7125466,0.19,-0.85,-0.19,25.29,-27.68,13.4,0.9
1800420420.8143392,0.22,-0.92,-0.19,14.39,-53.31,24.42,0.97
1800420420.9161315,0.12,-0.86,-0.19,-20.87,-31.53,99.39,0.89
1800420421.0179238,0.24,-0.88,-0.23,-43.79,-48.99,101.02,0.94
1800420421.1197162,0.22,-0.75,-0.21,-41.74,-46.47,93.87,0.81
1800420421.2215087,0.06,-0.59,-0.12,-38.42,-56.19,61.51,0.6
1800420421.323301,0.12,-0.37,0.04,18.01,-48.73,52.32,0.39
1800420421.4250934,0.16,-0.77,-0.47,-49.19,-68.97,100.24,0.92
1800420421.5268857,0.93,-0.59,-1.95,25.24,6.95,181.52,2.24
1800420421.628678,0.18,-0.37,-1.49,-145.44,-192.7,-164.37,1.54
1800420421.7304707,-1.33,-0.2,-1.45,-247.72,-276.49,306.71,1.98
1800420421.832263,-0.77,0.15,-0.52,138.63,-72.32,19.33,0.95
1800420421.9340553,-0.69,-0.32,-0.81,3.63,-147.67,-21.86,1.11
1800420422.0358477,-0.56,-0.36,-0.81,109.12,56.1,-0.01,1.05
1800420422.13764,-0.57,-0.44,-0.74,-59.35,8.55,-14.41,1.03
1800420422.2394326,-0.51,-0.64,-0.7,44.86,66.28,-23.98,1.07
1800420422.341225,-0.28,-0.58,-0.67,-13.26,47.95,44.64,0.93
1800420422.4430172,-0.34,-0.59,-0.84,19.45,51.58,15.82,1.08
0.0,0.0,0.0,0.0,0.0,0.0,0.0,0.0
1800420425.0,-0.17,-0.98,0.07,47.44,13.55,34.34,1.0
1800420425.1089065,-0.22,-1.07,0.07,26.34,8.94,-16.93,1.1
1800420425.217813,-0.27,-1.0,0.12,1.72,33.97,-13.11,1.04
1800420425.3267195,-0.15,-0.87,0.11,9.61,55.29,-11.31,0.89
1800420425.435626,-0.16,-0.74,0.13,41.47,51.15,-35.21,0.77
1800420425.5445325,-0.12,-0.69,0.16,93.05,61.34,29.78,0.72
1800420425.653439,-0.24,-1.14,0.29,194.09,128.15,74.7,1.2
1800420425.7623456,-1.23,-1.77,-0.57,392.25,-90.09,-160.4,2.23
1800420425.871252,-0.92,-0.22,0.14,378.09,139.87,306.45,0.96
1800420425.9801586,-0.86,-0.31,-1.0,-50.63,101.9,287.52,1.35
1800420426.089065,-0.42,-0.23,0.35,7.41,287.97,11.55,0.59
1800420426.1979713,-0.64,1.09,-0.15,-200.18,-85.79,58.79,1.27
1800420426.3068779,-0.47,0.31,-0.65,-252.34,-254.35,174.54,0.86
1800420426.4157844,-1.44,0.08,-0.74,36.57,-248.81,-85.9,1.62
1800420426.5246909,-1.09,-0.16,-0.37,-160.5,-118.58,24.18,1.16
1800420426.6335974,-0.66,-0.29,0.09,-114.23,-47.15,78.13,0.73
1800420426.742504,-0.95,-0.6,-0.31,-88.53,-86.97,-37.85,1.16
1800420426.8514104,-0.82,-0.6,-0.11,27.75,-94.04,-44.91,1.02
1800420426.960317,-0.95,-0.27,0.2,-0.98,-90.0,-28.71,1.01
1800420427.0692234,-0.94,-0.17,0.23,-47.64,-11.14,59.22,0.98
0.0,0.0,0.0,0.0,0.0,0.0,0.0,0.0
1800420430.0,-0.09,-0.93,-0.06,-21.6,2.57,-15.61,0.94
1800420430.1038768,-0.04,-0.97,-0.09,-46.26,-2.93,13.95,0.97
1800420430.2077537,-0.01,-0.97,-0.11,-27.24,-2.16,-5.25,0.98
1800420430.3116305,-0.02,-0.99,-0.1,-52.22,-10.61,-12.47,1.0
1800420430.4155073,-0.0,-0.95,-0.02,-55.43,-29.63,-15.02,0.95
1800420430.5193841,0.05,-0.89,-0.04,-81.53,-19.77,-9.95,0.89
1800420430.623261,0.15,-0.88,-0.08,-94.89,-17.02,-39.83,0.89
1800420430.7271378,0.11,-0.8,-0.09,-127.66,-5.08,-9.41,0.81
1800420430.8310146,0.17,-0.66,-0.12,-142.23,11.2,-20.08,0.69
1800420430.9348915,0.34,-0.59,0.06,-146.56,41.4,-2.93,0.68
1800420431.0387683,0.35,-0.56,0.06,-124.6,88.97,14.4,0.66
1800420431.1426451,1.12,-0.67,-0.03,-284.56,143.87,111.29,1.31
1800420431.246522,0.49,-1.94,0.18,156.42,60.75,-95.93,2.01
1800420431.3503988,1.84,0.86,-0.08,-102.97,-247.86,-511.59,2.03
1800420431.4542756,0.56,-0.0,0.24,56.97,54.35,-44.9,0.61
1800420431.5581524,0.75,-0.2,0.19,-73.68,26.31,-42.56,0.8
1800420431.6620293,1.14,-0.23,0.68,9.2,-203.24,9.21,1.35
1800420431.765906,1.15,-0.01,0.57,-44.0,11.12,-8.76,1.29
1800420431.869783,1.0,-0.03,0.45,73.08,-34.21,-31.8,1.1
1800420431.9736598,0.93,-0.03,0.32,83.52,5.46,13.78,0.99
1800420432.0775366,0.74,-0.26,0.05,26.27,153.18,18.8,0.79
1800420432.1814137,0.81,-0.52,0.27,196.71,-36.96,48.26,1.0
1800420432.2852905,0.41,-0.78,-0.03,12.76,-13.42,0.91,0.88
1800420432.3891673,0.74,-0.67,0.36,34.17,-29.12,26.56,1.06
1800420432.4930441,0.57,-0.76,0.06,30.08,-6.1,31.25,0.95
1800420432.596921,0.83,-0.59,0.26,133.12,-15.28,22.65,1.05
0.0,0.0,0.0,0.0,0.0,0.0,0.0,0.0
1800420435.0,0.08,-0.96,-0.01,-11.95,24.52,3.78,0.96
1800420435.1069932,0.07,-0.98,0.01,-25.59,32.6,37.13,0.98
1800420435.2139864,0.09,-0.99,-0.07,-12.67,34.95,-9.28,0.99
1800420435.3209796,0.05,-1.07,-0.06,-19.64,-13.95,5.0,1.08
1800420435.4279728,0.06,-0.96,-0.12,-26.81,-26.86,21.46,0.97
1800420435.534966,0.06,-1.08,-0.22,-3.72,-22.97,52.14,1.1
1800420435.6419592,0.05,-1.02,-0.22,-5.06,21.51,30.6,1.05
1800420435.7489524,0.01,-0.99,-0.19,-23.13,-2.35,29.76,1.0
1800420435.8559453,0.01,-0.92,-0.26,-11.53,5.12,30.87,0.95
1800420435.9629385,0.02,-0.99,-0.22,-26.64,45.9,38.7,1.02
1800420436.0699317,0.02,-0.92,-0.21,-4.25,1.27,28.0,0.95
1800420436.176925,0.13,-0.95,-0.17,14.42,17.43,46.26,0.98
1800420436.2839181,0.1,-0.81,-0.08,-57.66,-9.4,66.13,0.82
1800420436.3909113,-0.05,-0.71,-0.16,-62.76,-43.28,51.7,0.73
1800420436.4979045,0.01,-0.51,0.06,-1.82,8.54,40.06,0.52
1800420436.6048977,0.08,-0.4,0.03,43.65,63.04,43.59,0.41
1800420436.711891,-1.59,-2.08,0.09,157.08,-423.02,391.27,2.62
1800420436.8188841,-0.11,-2.06,-1.35,-336.31,-511.26,396.4,2.46
1800420436.9258773,1.13,-0.55,-2.06,-108.06,-32.62,-247.32,2.42
1800420437.0328705,-0.31,-0.41,-1.06,-290.81,-362.5,164.61,1.18
1800420437.1398637,-0.87,0.06,-0.91,-142.9,-347.67,111.33,1.26
1800420437.246857,-0.97,-0.17,-0.62,16.69,-34.16,40.27,1.17
1800420437.35385,-1.04,-0.31,-0.53,6.71,-15.64,-29.42,1.21
1800420437.460843,-1.01,-0.22,-0.52,37.31,141.98,-47.22,1.16
1800420437.5678363,-0.65,-0.28,-0.87,-47.16,41.87,-14.01,1.12
1800420437.6748295,-0.85,-0.34,-0.59,-61.58,45.58,-69.5,1.09
1800420437.7818227,-0.71,-0.37,-0.71,-60.5,20.47,-20.57,1.07
1800420437.8888159,-0.76,-0.41,-0.85,-62.41,20.77,32.55,1.21
1800420437.995809,-0.72,-0.29,-0.71,-66.75,5.91,-18.83,1.05
1800420438.1028023,-0.8,-0.2,-0.9,-45.06,-16.03,14.71,1.22
1800420438.2097955,-0.77,-0.13,-0.72,2.37,-13.53,-3.46,1.06
1800420438.3167887,-0.8,-0.24,-0.75,-17.05,-10.97,12.05,1.12
1800420438.4237819,-0.72,-0.15,-0.78,16.21,-38.13,18.31,1.07
1800420438.530775,-0.91,-0.28,-0.77,17.75,-67.75,-34.96,1.22
1800420438.6377683,-0.83,-0.25,-0.8,75.91,-37.4,1.75,1.18
1800420438.7447615,-0.93,-0.26,-0.67,72.6,-41.4,10.62,1.18
1800420438.8517547,-0.81,-0.31,-0.63,114.04,-72.37,-35.8,1.07
1800420438.9587476,-0.86,-0.43,-0.56,99.28,-82.11,8.81,1.11
1800420439.0657408,-0.89,-0.53,-0.46,106.13,-94.9,17.9,1.14
1800420439.172734,-1.03,-0.45,-0.41,117.24,-183.87,75.43,1.2
1800420439.2797272,-0.73,-0.48,-0.3,176.59,-44.33,26.65,0.92
1800420439.3867204,-0.57,-0.73,-0.16,266.25,182.98,-72.1,0.94
1800420439.4937136,-0.52,-0.85,-0.17,122.28,96.8,-34.47,1.01
1800420439.6007068,-0.32,-1.0,-0.45,171.79,167.43,-6.94,1.14
1800420439.7077,0.15,-1.0,-0.33,134.66,67.77,103.09,1.06
1800420439.8146932,0.13,-0.83,-0.34,176.04,115.1,74.78,0.9
1800420439.9216864,0.44,-0.5,-0.43,54.62,92.51,116.97,0.8
1800420440.0286796,0.51,-0.68,-0.53,-11.53,124.44,73.8,1.0
1800420440.1356728,0.59,-0.9,-0.53,41.19,170.5,65.44,1.2
1800420440.242666,0.87,-0.7,-0.48,133.13,214.35,14.74,1.22
1800420440.3496592,0.68,-0.53,-0.31,18.78,28.53,11.82,0.92
1800420440.4566522,0.63,-0.56,-0.34,23.96,36.39,42.67,0.91
1800420440.5636454,0.82,-0.48,-0.31,10.76,-6.05,6.88,1.0
1800420440.6706386,0.66,-0.78,-0.36,-95.91,-0.21,-20.48,1.08
1800420440.7776318,0.53,-0.59,-0.55,-117.47,-61.37,-101.15,0.96
1800420440.884625,0.31,-0.81,-0.28,-28.56,-21.8,13.15,0.91
1800420440.9916182,0.47,-0.81,-0.19,9.82,25.31,-125.21,0.96
1800420441.0986114,0.53,-0.71,-0.2,-26.13,54.91,-26.44,0.92
1800420441.2056046,0.49,-0.8,-0.11,26.13,7.26,-21.27,0.94
1800420441.3125978,0.53,-0.92,-0.25,-31.38,-80.54,7.58,1.09
1800420441.419591,0.31,-0.83,-0.21,12.91,27.08,21.63,0.91
1800420441.5265841,0.34,-0.82,-0.15,7.11,75.69,40.79,0.9
1800420441.6335773,0.66,-0.75,-0.31,-12.25,25.85,15.0,1.04
1800420441.7405705,0.59,-0.77,-0.23,-1.77,63.53,59.88,1.0
1800420441.8475637,0.81,-0.83,-0.52,-63.14,7.71,74.18,1.27
1800420441.954557,0.56,-0.6,-0.35,4.97,8.67,60.56,0.9
1800420442.06155,0.6,-0.48,-0.37,72.91,15.34,11.78,0.85
1800420442.168543,0.65,-0.53,-0.29,69.2,3.43,30.47,0.89
1800420442.2755363,0.85,-0.91,-0.46,-22.98,51.95,59.02,1.33
1800420442.3825295,0.78,-0.57,-0.51,-60.11,86.98,13.1,1.09
1800420442.4895227,0.73,-0.56,-0.21,-83.86,127.67,73.36,0.94
1800420442.596516,0.91,-0.57,-0.49,-122.63,117.08,101.53,1.18
1800420442.703509,0.47,-0.45,-0.38,-15.22,256.16,56.44,0.76
1800420442.8105023,0.55,-0.41,-0.19,-61.76,-13.37,7.69,0.71
1800420442.9174955,0.23,-0.61,0.09,-162.72,-65.22,10.94,0.66
1800420443.0244887,0.22,-0.85,-0.02,-122.48,-69.66,-62.02,0.88
1800420443.131482,0.33,-1.01,-0.13,-25.36,35.11,-104.81,1.07
1800420443.238475,0.31,-0.87,0.0,-97.12,98.62,34.93,0.92
1800420443.3454683,0.29,-1.03,-0.02,-64.89,99.09,1.93,1.07
1800420443.4524615,0.16,-1.06,-0.04,-74.74,67.26,-26.61,1.08
1800420443.5594544,0.0,-1.08,-0.02,-66.63,31.63,-18.08,1.08
1800420443.6664476,0.06,-1.1,-0.15,-62.52,-3.32,17.73,1.11
1800420443.7734408,0.05,-0.95,-0.09,-56.06,24.6,-18.81,0.95
1800420443.880434,0.08,-1.05,-0.18,-19.1,-12.04,-35.75,1.07
1800420443.9874272,-0.06,-0.95,-0.01,-37.53,-39.96,-11.49,0.95
1800420444.0944204,0.04,-1.08,-0.02,-25.44,-8.34,6.16,1.08
1800420444.2014136,-0.07,-1.02,0.03,-24.82,31.39,29.44,1.02
1800420444.3084068,-0.01,-1.04,-0.02,-17.92,78.65,32.23,1.04
1800420444.4154,0.03,-0.99,0.05,-18.85,54.51,39.86,0.99
1800420444.5223932,0.02,-1.03,0.01,-4.77,37.95,-5.06,1.03
1800420444.6293864,0.06,-1.02,0.07,4.17,13.4,-5.8,1.02
1800420444.7363796,0.0,-1.02,-0.04,-2.61,11.16,-3.38,1.02
1800420444.8433728,-0.01,-1.04,0.1,4.75,-5.66,13.88,1.04
0.0,0.0,0.0,0.0,0.0,0.0,0.0,0.0
1800420440.0,0.06,0.95,0.01,23.21,-17.98,-10.11,0.95
1800420440.107268,0.08,0.94,0.07,39.8,2.44,9.76,0.94
1800420440.214536,0.03,0.99,-0.09,38.69,8.95,-4.38,0.99
1800420440.321804,-0.02,1.02,-0.02,50.27,-0.82,-5.14,1.02
1800420440.4290721,-0.03,0.96,-0.03,62.29,25.57,-22.49,0.96
1800420440.5363402,-0.06,1.01,0.01,67.35,41.42,-24.65,1.01
1800420440.643608,-0.11,0.97,-0.09,106.04,18.65,-23.86,0.98
1800420440.7508762,-0.19,0.91,0.01,125.94,7.83,-18.21,0.93
1800420440.8581443,-0.26,0.73,-0.05,140.66,-4.2,-8.86,0.77
1800420440.9654124,-0.36,0.58,0.09,135.55,-39.34,-18.67,0.68
1800420441.0726802,-0.39,0.6,0.06,133.65,-82.43,7.57,0.72
1800420441.1799483,-1.27,0.81,0.08,292.91,-167.28,83.77,1.51
1800420441.2872164,-0.51,1.98,0.25,-163.22,-47.3,-108.09,2.06
1800420441.3944845,-2.03,-0.89,-0.05,93.13,285.69,-428.97,2.22
1800420441.5017524,-0.63,-0.14,0.32,-53.91,-48.04,-31.8,0.72
1800420441.6090205,-0.83,0.15,0.37,72.52,-25.92,-41.28,0.92
1800420441.7162886,-1.26,0.29,0.76,-22.64,254.65,-16.04,1.5
1800420441.8235567,-1.3,0.04,0.59,28.21,0.67,-10.99,1.43
1800420441.9308245,-1.11,0.05,0.62,-89.5,70.92,-33.42,1.27
1800420442.0380926,-1.02,0.07,0.38,-85.01,11.19,11.79,1.09
1800420442.1453607,-0.83,0.35,0.14,-37.21,-174.97,13.95,0.91
1800420442.2526288,-0.88,0.53,0.33,-206.11,49.37,40.71,1.08
1800420442.3598967,-0.43,0.85,0.13,-20.63,32.1,-14.81,0.96
1800420442.4671648,-0.84,0.72,0.46,-51.21,28.97,16.91,1.2
1800420442.5744328,-0.63,0.67,0.12,-21.27,-11.48,0.82,0.93
1800420442.681701,-0.76,0.48,0.31,-147.91,23.72,19.7,0.95
0.0,0.0,0.0,0.0,0.0,0.0,0.0,0.0
1800420445.0,-0.01,0.01,0.02,1.19,-42.01,7.18,0.02
1800420445.1105378,0.23,-1.04,0.09,1.5,-11.94,11.64,1.07
1800420445.2210753,0.09,-0.8,0.16,-51.49,-29.77,62.14,0.82
1800420445.331613,-0.09,-1.12,0.19,-57.82,-30.41,67.1,1.14
1800420445.4421506,-0.31,-1.03,0.28,17.79,-24.86,37.19,1.11
1800420445.5526884,-0.15,-0.9,0.3,19.18,24.53,16.67,0.96
1800420445.663226,-0.17,-0.92,0.23,27.44,-1.03,12.68,0.96
1800420445.7737637,-0.14,-0.92,0.23,7.06,15.43,50.31,0.96
1800420445.8843012,-0.24,-0.84,0.21,0.07,21.34,81.13,0.9
1800420445.994839,-0.14,-0.93,0.14,33.95,18.29,64.02,0.95
1800420446.1053765,-0.12,-0.63,0.02,-16.67,42.61,82.02,0.64
1800420446.2159142,0.18,-0.26,0.03,-106.26,-76.62,55.76,0.32
1800420446.3264518,-0.18,-0.53,0.65,-115.6,216.19,124.15,0.86
1800420446.4369895,-0.07,-1.58,1.34,-156.49,95.5,468.22,2.07
1800420446.547527,-0.89,0.61,-1.3,-147.43,246.32,403.82,1.69
1800420446.6580648,-0.4,0.7,-0.06,-379.4,475.86,97.62,0.8
1800420446.7686024,-0.45,-0.33,-0.97,-285.19,117.69,-158.89,1.12
1800420446.8791401,-0.07,-1.19,-0.71,28.7,-2.76,-148.51,1.39
1800420446.9896777,-0.78,-0.46,-0.85,60.95,-23.15,42.45,1.25
1800420447.1002154,-0.91,-0.25,-0.56,-137.01,-45.33,17.69,1.09
1800420447.210753,-0.71,-0.47,-0.5,-65.41,-130.83,-23.14,0.98
1800420447.3212907,-0.69,-0.61,-0.44,-70.64,-113.23,-5.18,1.02
1800420447.4318283,-0.66,-0.51,-0.18,-43.04,-96.63,48.95,0.86
0.0,0.0,0.0,0.0,0.0,0.0,0.0,0.0
1800420450.0,-0.89,-0.21,-0.34,52.22,6.84,74.1,0.97
1800420450.0999959,-0.85,0.15,-0.56,-21.48,-90.96,31.83,1.03
1800420450.1999917,-1.08,0.17,-0.36,4.46,-120.85,22.14,1.15
1800420450.2999878,-1.16,0.51,-0.19,43.31,-177.32,-47.84,1.28
1800420450.3999836,-1.05,0.42,0.19,-0.88,-122.27,-201.17,1.14
1800420450.4999795,-0.47,-0.31,-0.05,-48.57,-329.45,-260.46,0.57
1800420450.5999753,-0.31,-0.73,0.03,56.54,-161.63,-99.89,0.79
1800420450.6999714,-0.25,-0.69,0.18,106.6,-87.7,-65.58,0.75
1800420450.7999673,-0.35,-0.85,-0.02,100.36,-47.73,18.38,0.92
1800420450.8999631,-0.33,-0.89,0.03,69.96,-10.0,-33.03,0.95
1800420450.999959,-0.4,-0.83,-0.09,15.56,-35.29,-56.33,0.93
1800420451.099955,-0.45,-0.94,-0.05,50.02,-35.57,-3.19,1.05
1800420451.199951,-0.42,-0.95,-0.19,58.87,-17.31,-48.63,1.06
1800420451.2999468,-0.43,-1.03,-0.1,26.61,-10.78,-28.68,1.12
1800420451.3999426,-0.4,-0.91,-0.09,22.88,-17.63,-32.3,1.0
0.0,0.0,0.0,0.0,0.0,0.0,0.0,0.0
1800420455.0,0.3,-0.94,-0.05,11.58,15.53,-1.79,0.99
1800420455.103505,0.23,-0.87,-0.0,5.73,4.1,9.15,0.9
1800420455.2070098,0.26,-0.97,0.03,-8.07,32.18,4.39,1.01
1800420455.3105147,0.16,-0.96,-0.07,-4.42,6.52,3.59,0.97
1800420455.4140198,0.26,-0.94,-0.0,11.88,29.76,-42.41,0.98
1800420455.5175247,0.21,-0.93,-0.08,16.59,26.11,-1.03,0.96
1800420455.6210296,0.3,-0.98,-0.03,33.3,42.68,-28.48,1.02
1800420455.7245345,0.29,-0.85,0.05,37.03,22.26,-17.53,0.9
1800420455.8280394,0.26,-0.8,0.08,108.16,-8.49,5.16,0.84
1800420455.9315443,0.2,-0.82,-0.06,107.94,-67.74,22.4,0.84
1800420456.0350492,0.07,-0.89,-0.19,180.05,-76.99,85.72,0.92
1800420456.138554,0.11,-0.06,0.04,-0.74,-8.71,-9.44,0.13
1800420456.2420592,0.29,-0.18,-0.94,214.83,-17.42,-19.43,1.0
1800420456.3455641,0.49,1.99,-2.08,-330.83,-294.66,-505.25,2.92
1800420456.449069,0.07,0.39,-0.52,38.27,-20.76,-296.4,0.65
1800420456.552574,-0.06,-0.6,-0.99,-39.81,4.08,64.64,1.16
1800420456.6560788,-0.18,0.01,-0.93,81.78,-94.08,-22.74,0.94
1800420456.7595837,-0.52,0.09,-1.22,-81.0,-39.48,-29.31,1.33
1800420456.8630886,-0.4,-0.23,-1.09,-27.56,-3.26,28.7,1.19
1800420456.9665937,-0.26,-0.21,-0.86,-23.78,72.37,-52.25,0.92
1800420457.0700986,-0.11,-0.18,-0.91,-1.77,36.38,-10.17,0.93
1800420457.1736035,-0.09,-0.12,-0.87,-19.02,19.2,-47.04,0.89
1800420457.2771084,-0.32,-0.21,-0.94,-36.44,-7.14,-0.35,1.02
1800420457.3806133,-0.18,-0.19,-0.88,5.56,12.59,-36.73,0.92
1800420457.4841182,-0.23,-0.22,-0.85,10.91,30.23,-42.96,0.91
1800420457.5876231,-0.21,-0.4,-0.75,81.51,47.94,17.82,0.87
1800420457.691128,-0.13,-0.32,-1.03,-16.1,119.94,-53.54,1.08
1800420457.7946332,-0.0,-0.49,-1.05,35.14,1.86,72.83,1.16
1800420457.898138,-0.06,-0.0,-0.89,33.51,-25.15,-11.52,0.89
1800420458.001643,-0.23,-0.04,-0.89,-3.51,4.7,-12.45,0.92
1800420458.1051478,-0.2,-0.15,-0.87,8.27,-2.16,12.12,0.9
1800420458.2086527,-0.31,-0.21,-0.84,-43.66,44.49,-20.47,0.92
0.0,0.0,0.0,0.0,0.0,0.0,0.0,0.0
1800420460.0,0.15,1.09,-0.15,3.8,28.53,-17.9,1.11
1800420460.109307,0.01,1.15,-0.13,2.17,6.64,-33.5,1.16
1800420460.2186143,0.08,1.11,-0.01,-8.75,41.04,-47.64,1.11
1800420460.3279214,0.04,0.99,-0.18,-28.53,41.55,-61.11,1.01
1800420460.4372287,0.1,0.92,-0.2,-42.36,27.88,-74.89,0.95
1800420460.5465357,0.1,1.07,-0.42,-70.04,-4.89,-77.28,1.15
1800420460.6558428,0.12,0.98,-0.51,-74.74,-52.22,-83.35,1.11
1800420460.76515,0.23,0.84,-0.45,-31.4,-76.82,-78.97,0.98
1800420460.8744571,0.17,0.7,-0.37,-34.49,-68.45,-101.22,0.81
1800420460.9837644,0.16,0.63,-0.36,-78.57,-95.68,-93.6,0.74
1800420461.0930715,0.18,0.64,-0.25,-125.08,-64.59,-174.8,0.71
1800420461.2023785,0.55,0.37,-1.04,-152.4,-29.16,-178.78,1.24
1800420461.3116858,0.06,0.18,-1.82,-125.93,138.95,269.25,1.83
1800420461.4209929,-0.62,-0.71,-0.65,291.86,-132.96,-145.79,1.15
1800420461.5303001,-0.11,-0.38,-0.62,215.81,86.55,-135.64,0.73
1800420461.6396072,-0.23,0.11,-1.41,18.48,-266.07,-79.52,1.43
1800420461.7489145,-0.53,0.16,-1.12,55.19,-146.86,-64.38,1.25
1800420461.8582215,-0.45,0.03,-0.94,37.84,-70.73,1.27,1.05
1800420461.9675286,-0.6,0.1,-0.94,39.86,-4.63,-36.87,1.12
1800420462.0768359,-0.61,-0.06,-0.98,31.57,17.98,-8.3,1.15
0.0,0.0,0.0,0.0,0.0,0.0,0.0,0.0
1800420465.0,-1.06,-0.42,-0.61,5.82,47.46,-24.17,1.29
1800420465.1035554,-1.07,-0.46,-0.75,44.94,118.48,-61.15,1.39
1800420465.207111,-0.57,-0.34,-0.81,60.91,158.57,-6.53,1.04
1800420465.3106666,-0.63,-0.47,-0.8,127.44,150.54,-15.62,1.12
1800420465.414222,-0.56,-0.54,-0.63,177.77,127.0,-65.38,1.0
1800420465.5177774,-0.37,-0.49,-0.83,240.14,146.9,-79.92,1.03
1800420465.621333,-0.12,-0.53,-0.69,278.25,131.43,-52.54,0.88
1800420465.7248883,0.24,-0.65,-0.41,311.09,29.26,-28.39,0.8
1800420465.8284438,0.09,-0.72,-0.01,336.29,-21.06,-2.03,0.73
1800420465.9319994,0.04,-0.86,0.3,275.37,-82.89,-0.52,0.92
1800420466.035555,-0.01,-0.76,0.45,137.7,37.11,22.03,0.88
1800420466.1391103,-0.06,-0.72,0.49,52.44,5.66,88.69,0.87
1800420466.2426658,-0.22,-0.64,0.56,1.79,-28.58,95.86,0.88
1800420466.3462212,-0.33,-0.52,0.52,2.43,-63.84,39.62,0.81
1800420466.4497766,-0.44,-0.52,0.29,21.57,-61.12,45.13,0.74
1800420466.5533323,-0.53,-0.6,0.42,59.1,-32.76,16.55,0.9
1800420466.6568878,-0.3,-0.58,0.38,87.14,-6.73,1.53,0.76
1800420466.7604432,-0.35,-0.56,0.62,91.46,11.61,0.8,0.91
1800420466.8639987,-0.32,-0.59,0.65,91.97,4.21,-0.35,0.93
1800420466.967554,-0.27,-0.54,0.65,6.88,54.63,37.74,0.89
1800420467.0711095,-0.51,-0.52,0.71,-17.36,-14.97,12.25,1.01
1800420467.1746652,-0.44,-0.39,0.51,-5.03,-51.03,-5.26,0.78
1800420467.2782207,-0.39,-0.45,0.59,-3.1,9.52,8.99,0.84
1800420467.381776,-0.42,-0.6,0.72,-2.2,-33.53,-35.27,1.02
1800420467.4853315,-0.23,-0.59,0.46,-57.21,-22.09,-0.89,0.78
1800420467.588887,-0.22,-0.6,0.54,-58.6,-53.42,21.43,0.84
1800420467.6924424,-0.27,-0.45,0.45,-2.05,-120.59,-11.35,0.69
1800420467.795998,-0.36,-0.38,0.54,11.96,-108.04,-27.58,0.75
1800420467.8995535,-0.23,-0.44,0.55,30.34,-93.89,-5.05,0.74
1800420468.003109,-0.03,-0.6,0.48,-27.43,58.1,128.82,0.77
1800420468.1066644,-0.33,-0.55,0.84,12.2,-8.23,31.17,1.06
1800420468.2102199,-0.18,-0.57,0.53,3.5,-49.18,-4.59,0.8
1800420468.3137753,-0.11,-0.57,0.6,-4.31,-44.46,-3.51,0.84
1800420468.417331,-0.29,-0.54,0.5,-49.79,-16.7,-16.19,0.79
1800420468.5208864,-0.2,-0.56,0.52,14.33,-44.53,-5.18,0.79
1800420468.6244419,-0.28,-0.55,0.58,-49.66,0.02,-1.62,0.85
1800420468.7279973,-0.2,-0.6,0.58,-32.83,15.97,10.7,0.86
1800420468.8315527,-0.21,-0.56,0.6,-5.52,10.52,-77.17,0.84
1800420468.9351084,-0.12,-0.66,0.52,-120.05,64.04,-28.41,0.85
1800420469.0386639,-0.17,-0.58,0.38,-47.95,-19.25,-99.25,0.71
1800420469.1422193,-0.19,-0.64,0.34,-10.77,62.34,-57.63,0.75
1800420469.2457747,-0.43,-0.59,0.45,239.72,23.24,-54.55,0.86
1800420469.3493302,-0.22,-0.45,0.53,369.21,-72.23,-146.87,0.73
1800420469.4528856,0.11,-0.15,0.67,106.85,38.2,-39.89,0.7
1800420469.5564413,-0.13,-0.22,0.99,133.22,-68.93,-44.67,1.02
1800420469.6599967,0.27,-0.04,0.94,263.61,-145.36,-79.42,0.98
1800420469.7635522,0.36,0.2,0.91,92.4,-147.2,41.11,1.0
1800420469.8671076,0.23,0.11,0.87,16.13,-33.7,117.0,0.9
1800420469.970663,0.16,0.31,0.88,-35.57,-21.38,121.51,0.94
1800420470.0742185,0.23,0.16,0.88,-150.48,232.37,57.38,0.92
1800420470.1777742,-0.09,-0.07,1.27,-127.57,222.29,102.22,1.27
1800420470.2813296,-0.05,-0.21,0.76,-212.6,188.5,166.84,0.79
1800420470.384885,-0.35,-0.31,0.74,-187.07,20.76,57.93,0.87
1800420470.4884405,-0.25,-0.27,0.51,-61.8,-42.82,0.9,0.63
1800420470.591996,-0.26,-0.44,0.36,-178.96,-64.14,16.95,0.62
1800420470.6955514,-0.25,-0.51,0.37,-146.43,-256.6,70.59,0.68
1800420470.799107,-0.3,-0.45,0.79,-131.59,-147.05,175.02,0.96
1800420470.9026625,-0.14,-0.52,0.63,-160.27,-151.56,79.44,0.83
1800420471.006218,-0.14,-0.56,0.36,-176.1,-134.32,64.41,0.68
1800420471.1097734,0.03,-0.73,0.29,-87.43,-108.25,-5.12,0.79
1800420471.2133288,-0.02,-0.74,0.3,-82.44,-25.42,55.76,0.8
1800420471.3168843,-0.01,-0.86,0.24,-50.04,-84.04,9.73,0.89
1800420471.42044,-0.23,-0.82,0.17,-91.79,13.46,39.98,0.86
1800420471.5239954,-0.21,-0.97,0.18,6.37,15.59,-10.45,1.01
1800420471.6275508,-0.12,-0.83,0.09,-49.62,67.01,-51.39,0.84
1800420471.7311063,-0.32,-0.84,0.13,-72.89,33.24,-31.86,0.91
1800420471.8346617,-0.19,-0.76,0.11,-59.35,26.02,-52.0,0.79
1800420471.9382172,-0.19,-0.81,0.16,-43.66,-11.18,2.36,0.85
1800420472.0417728,-0.05,-0.86,0.12,-44.51,-7.35,36.89,0.87
1800420472.1453283,-0.01,-0.83,0.07,-30.09,-76.03,16.08,0.84
1800420472.2488837,-0.11,-0.9,0.1,-3.77,-76.56,-0.21,0.91
1800420472.3524392,0.01,-0.86,0.02,-79.56,-21.38,1.13,0.86
1800420472.4559946,-0.09,-0.86,-0.06,-8.66,-42.88,-5.95,0.87
1800420472.55955,-0.01,-0.85,-0.03,-20.75,-10.82,-15.01,0.85
0.0,0.0,0.0,0.0,0.0,0.0,0.0,0.0
1800420470.0,0.4,-0.76,0.08,-12.82,26.81,-31.03,0.87
1800420470.1043746,0.26,-0.84,-0.06,-44.85,53.06,-8.87,0.88
1800420470.2087495,0.19,-0.86,-0.09,-55.98,79.6,0.93,0.88
1800420470.3131242,-0.0,-0.86,0.03,-83.74,112.57,-0.06,0.86
1800420470.4174988,-0.16,-0.91,0.16,-32.51,181.91,21.32,0.93
1800420470.5218737,0.15,-0.6,0.55,-39.44,188.67,61.07,0.83
1800420470.6262484,0.37,-0.85,0.43,-16.6,161.8,41.48,1.02
1800420470.730623,0.06,-0.44,0.29,9.12,120.96,-93.35,0.53
1800420470.834998,0.38,0.09,-0.54,121.09,59.49,25.77,0.67
1800420470.9393725,1.5,-1.93,-0.62,-100.58,301.37,-13.36,2.52
1800420471.0437472,-2.09,-1.31,-1.32,-348.05,-266.49,-157.55,2.8
1800420471.148122,-1.1,0.13,0.43,96.3,207.79,17.16,1.19
1800420471.2524967,-0.07,-0.94,0.53,-31.96,202.69,36.06,1.09
1800420471.3568714,-0.39,-0.7,-0.45,-21.08,114.98,-96.51,0.92
1800420471.4612463,-0.83,-0.3,-0.83,-67.26,30.74,-98.26,1.21
1800420471.565621,-0.87,-0.24,-1.11,-6.64,45.05,22.41,1.43
1800420471.6699955,-0.65,-0.55,-0.53,87.39,49.81,16.07,1.0
1800420471.7743704,-0.34,-0.74,-0.53,34.18,3.65,2.8,0.97
1800420471.878745,-0.31,-0.67,-0.82,8.98,7.35,26.12,1.11
1800420471.9831197,-0.15,-0.51,-0.59,7.71,28.67,89.44,0.79
0.0,0.0,0.0,0.0,0.0,0.0,0.0,0.0
1800420475.0,-0.75,0.49,-0.9,-32.91,50.67,-0.19,1.27
1800420475.1064138,-0.84,0.42,-0.77,-45.79,118.22,18.51,1.22
1800420475.2128274,-0.92,0.41,-0.46,-9.24,151.14,41.2,1.11
1800420475.3192413,-0.99,0.56,-0.45,-9.45,157.86,83.94,1.23
1800420475.4256551,-0.86,0.43,-0.51,-75.53,134.51,123.99,1.09
1800420475.5320687,-1.0,0.59,-0.33,-74.41,130.62,173.88,1.21
1800420475.6384826,-0.78,0.58,-0.06,-60.95,131.83,202.47,0.98
1800420475.7448964,-0.48,0.77,0.3,-39.24,23.1,209.01,0.95
1800420475.85131,0.03,0.86,0.11,-25.99,-32.51,243.53,0.87
1800420475.9577239,0.49,0.93,0.1,-11.51,-77.6,201.25,1.06
1800420476.0641377,0.61,0.8,0.04,25.37,30.21,93.62,1.01
1800420476.1705515,0.7,0.76,-0.0,85.36,14.21,28.28,1.03
1800420476.2769651,0.73,0.72,-0.09,77.07,-30.7,-27.43,1.03
1800420476.383379,0.66,0.56,-0.24,18.12,-81.62,4.43,0.9
1800420476.4897928,0.41,0.52,-0.22,22.57,-69.72,11.4,0.69
1800420476.5962064,0.49,0.76,-0.37,3.23,-49.32,34.4,0.98
1800420476.7026203,0.49,0.66,-0.19,-14.08,-28.67,71.13,0.84
1800420476.809034,0.84,0.59,-0.26,-18.13,0.64,64.15,1.06
1800420476.9154477,0.84,0.51,-0.21,-16.39,-4.16,57.05,1.01
1800420477.0218616,0.93,0.59,-0.11,12.12,23.08,-16.27,1.1
1800420477.1282754,0.93,0.59,-0.28,-12.81,-13.29,-29.49,1.14
1800420477.234689,0.79,0.42,-0.3,-5.1,-55.83,-10.23,0.94
1800420477.3411028,0.83,0.53,-0.3,15.08,-4.45,-4.72,1.03
1800420477.4475167,0.99,0.64,-0.38,-57.07,-41.59,-19.67,1.23
1800420477.5539303,0.69,0.59,-0.14,-4.45,-36.08,-72.85,0.92
1800420477.6603441,0.68,0.64,-0.1,15.33,-80.27,-61.74,0.94
1800420477.766758,0.68,0.55,-0.16,-13.8,-152.01,-11.09,0.89
1800420477.8731716,0.77,0.44,-0.26,-27.65,-122.75,-9.23,0.92
1800420477.9795854,0.74,0.45,-0.11,-7.99,-97.39,11.81,0.88
1800420478.0859993,0.67,0.63,-0.02,117.06,44.4,-36.36,0.92
1800420478.1924129,1.01,0.69,-0.27,12.54,1.25,-3.19,1.25
1800420478.2988267,0.63,0.55,-0.12,-19.99,-69.1,-8.36,0.85
1800420478.4052405,0.77,0.66,-0.1,-2.83,-46.59,-3.53,1.02
1800420478.5116544,0.8,0.63,-0.19,-23.7,-23.31,-36.21,1.03
1800420478.618068,0.7,0.63,-0.06,-14.4,-58.43,9.81,0.94
1800420478.7244818,0.69,0.59,-0.11,5.23,-7.11,-38.53,0.91
1800420478.8308957,0.78,0.64,-0.12,-6.9,-3.11,-22.97,1.02
1800420478.9373093,0.82,0.68,-0.09,-73.19,4.97,-13.64,1.07
1800420479.043723,0.73,0.73,-0.07,-30.6,33.68,-105.88,1.04
1800420479.150137,0.46,0.64,-0.01,-92.08,-27.98,-40.72,0.79
1800420479.2565506,0.39,0.65,-0.17,-52.18,50.58,-23.15,0.78
1800420479.3629644,0.55,0.68,-0.23,-65.02,16.85,172.42,0.9
1800420479.4693782,0.69,0.47,-0.07,-132.67,-88.14,241.5,0.84
1800420479.5757918,0.99,0.19,0.03,-53.87,26.52,72.33,1.01
1800420479.6822057,1.32,0.2,-0.01,-29.82,-77.76,101.74,1.33
1800420479.7886195,1.29,0.02,0.38,-74.1,-158.51,199.43,1.34
1800420479.8950331,1.06,-0.27,0.37,34.32,-161.41,78.71,1.16
1800420480.001447,1.11,-0.14,0.25,110.25,-41.25,8.19,1.15
1800420480.1078608,1.15,-0.35,0.23,119.95,-28.57,-34.72,1.23
1800420480.2142744,1.15,-0.17,0.22,46.19,231.87,-113.15,1.18
1800420480.3206882,1.5,0.03,0.06,87.53,207.42,-100.25,1.51
1800420480.427102,1.04,0.14,-0.02,130.44,184.79,-185.92,1.05
1800420480.533516,0.97,0.34,-0.24,41.89,-3.1,-141.65,1.06
1800420480.6399295,0.65,0.3,-0.08,-13.1,-43.8,-59.19,0.72
1800420480.7463434,0.54,0.48,-0.11,13.39,-87.58,-131.01,0.73
1800420480.8527572,0.52,0.52,-0.13,48.32,-258.12,-105.7,0.74
1800420480.9591708,1.06,0.47,-0.18,155.04,-154.22,-111.5,1.17
1800420481.0655847,0.79,0.58,0.01,58.92,-163.53,-136.09,0.98
1800420481.1719985,0.52,0.62,0.01,52.13,-125.48,-155.52,0.81
1800420481.278412,0.39,0.83,0.13,-28.25,-135.2,-66.05,0.93
1800420481.384826,0.34,0.84,0.07,35.94,-39.07,-83.97,0.91
1800420481.4912398,0.34,0.93,0.15,3.14,-80.44,-39.03,1.0
1800420481.5976534,0.29,0.89,-0.12,23.41,-10.33,-71.02,0.95
1800420481.7040672,0.21,1.03,0.01,-8.31,-3.84,7.35,1.05
1800420481.810481,0.17,1.01,0.05,-37.04,38.5,-32.4,1.03
1800420481.9168947,0.23,0.98,-0.18,-36.47,32.78,-37.87,1.03
1800420482.0233085,0.19,0.87,-0.09,-55.08,8.15,-45.23,0.9
1800420482.1297224,0.21,0.88,-0.04,-17.01,-36.83,-41.05,0.9
1800420482.236136,0.27,0.88,0.02,19.83,-13.56,-46.89,0.93
1800420482.3425498,0.2,0.94,0.13,21.1,-101.13,-42.25,0.97
1800420482.4489636,0.14,1.0,-0.06,8.6,-93.8,-18.92,1.01
1800420482.5553772,0.05,1.0,0.0,3.96,-13.88,-62.45,1.0
1800420482.661791,0.1,1.04,-0.05,-21.42,-51.84,0.39,1.05
1800420482.768205,0.01,0.96,0.04,-29.89,-20.85,-14.23,0.96
0.0,0.0,0.0,0.0,0.0,0.0,0.0,0.0
1800420480.0,-0.15,-1.02,-0.05,31.69,-2.59,-12.76,1.03
1800420480.098111,-0.15,-0.98,0.02,31.09,-25.8,7.46,0.99
1800420480.1962218,-0.04,-0.95,0.07,25.65,-13.78,3.13,0.95
1800420480.2943327,-0.06,-0.95,-0.02,19.45,-10.98,-1.88,0.95
1800420480.392444,-0.12,-0.99,0.01,64.43,-8.05,-5.07,1.0
1800420480.4905548,-0.11,-0.98,0.03,74.32,-7.43,-5.95,0.99
1800420480.5886657,-0.14,-0.98,-0.01,110.65,0.84,-5.75,0.99
1800420480.6867766,-0.15,-0.82,0.04,144.23,-22.64,-0.93,0.84
1800420480.7848876,-0.22,-0.61,0.07,188.04,-33.76,4.82,0.65
1800420480.8829985,-0.41,-0.47,0.22,185.32,-70.89,-16.64,0.66
1800420480.9811096,-0.37,-0.41,-0.03,261.42,45.87,-25.6,0.55
1800420481.0792205,-0.5,-1.85,-1.42,144.53,383.54,211.82,2.39
1800420481.1773314,-1.99,1.43,-0.98,512.93,-517.46,-290.33,2.63
1800420481.2754424,-0.47,0.49,-0.44,5.42,82.64,130.46,0.8
1800420481.3735533,-1.0,0.18,0.04,-82.37,64.26,-40.99,1.02
1800420481.4716642,-1.1,-0.15,0.75,54.2,-68.24,-96.56,1.34
1800420481.5697753,-1.06,0.18,0.41,-71.71,-107.49,-88.59,1.15
1800420481.6678863,-1.1,0.11,0.36,6.89,-8.51,-125.59,1.16
1800420481.7659972,-1.02,-0.02,0.15,-105.91,-138.32,-52.31,1.03
1800420481.864108,-0.9,-0.03,-0.09,45.22,34.23,-29.62,0.91
1800420481.962219,-1.31,-0.1,0.1,-54.34,-50.29,-20.24,1.31
1800420482.06033,-0.72,-0.31,-0.34,-20.25,16.28,-30.56,0.86
0.0,0.0,0.0,0.0,0.0,0.0,0.0,0.0
1800420485.0,0.22,-0.93,-0.09,-18.99,41.83,6.54,0.96
1800420485.103857,0.19,-1.01,-0.06,3.23,25.78,5.66,1.03
1800420485.207714,0.15,-0.98,0.05,-11.92,52.28,17.52,0.99
1800420485.3115711,0.1,-1.05,-0.03,-19.64,54.66,-8.21,1.06
1800420485.4154282,0.17,-0.92,-0.04,-5.5,90.55,-5.6,0.93
1800420485.5192852,0.09,-0.95,0.03,5.99,101.29,6.03,0.96
1800420485.6231422,0.09,-0.77,-0.12,-19.95,131.11,-24.6,0.78
1800420485.726999,-0.12,-0.98,-0.28,-37.4,143.44,-10.14,1.03
1800420485.830856,-0.02,-0.71,-0.4,-31.82,194.86,10.96,0.81
1800420485.9347131,0.15,-0.33,-0.67,-103.54,184.31,86.17,0.76
1800420486.0385702,0.17,-0.88,-0.34,141.0,143.94,-33.76,0.96
1800420486.1424272,0.89,-0.7,-1.64,-154.64,-13.5,-9.3,2.0
1800420486.2462842,-1.9,-1.07,-1.1,251.85,-204.05,122.65,2.44
1800420486.3501413,-0.53,-0.31,-1.41,288.55,408.33,45.39,1.54
1800420486.4539983,-0.34,-0.85,-1.24,83.15,314.82,-101.51,1.55
1800420486.5578554,-0.89,-1.04,-0.45,216.02,193.32,-184.15,1.44
1800420486.6617124,-0.72,-0.75,0.04,425.0,346.63,-100.5,1.04
1800420486.7655694,-0.41,-0.65,0.01,200.31,136.2,45.81,0.77
1800420486.8694265,-0.42,-0.75,0.24,142.17,-24.49,-13.61,0.9
1800420486.9732835,-0.49,-0.65,0.56,20.95,-14.76,24.79,0.99
1800420487.0771406,-0.63,-0.54,0.52,-39.07,-54.62,18.88,0.99
1800420487.1809974,-0.71,-0.63,0.53,-33.23,-73.63,-49.72,1.09
1800420487.2848544,-0.85,-0.68,0.28,-112.17,-16.42,-40.98,1.12
1800420487.3887115,-0.78,-0.68,0.27,-45.77,-14.47,-24.88,1.07
1800420487.4925685,-0.86,-0.63,0.33,1.4,76.65,-55.34,1.11
0.0,0.0,0.0,0.0,0.0,0.0,0.0,0.0
1800420490.0,-0.03,0.98,0.25,13.2,19.56,15.53,1.01
1800420490.0999012,-0.07,1.07,0.19,-13.12,45.72,10.28,1.09
1800420490.1998024,-0.12,0.99,0.25,-2.71,9.3,-7.45,1.03
1800420490.2997038,-0.15,1.03,0.16,-5.19,-8.84,-9.26,1.05
1800420490.399605,-0.23,0.95,0.19,-26.72,-3.68,16.76,1.0
1800420490.4995062,-0.2,1.05,0.2,-10.38,-23.97,33.49,1.09
1800420490.5994074,-0.23,1.0,0.28,17.66,3.75,15.7,1.06
1800420490.6993089,-0.22,0.99,0.18,-23.13,-4.53,30.33,1.02
1800420490.79921,-0.29,0.99,0.18,-15.9,11.02,24.33,1.05
1800420490.8991113,-0.21,1.02,0.18,-9.5,28.29,40.42,1.06
1800420490.9990125,-0.25,0.92,0.21,0.93,-7.47,14.25,0.98
1800420491.0989137,-0.19,0.97,0.11,19.31,33.9,21.16,0.99
1800420491.198815,-0.17,0.86,0.21,-34.09,10.26,47.47,0.9
1800420491.2987163,-0.14,0.71,0.11,-32.99,-38.08,49.13,0.73
1800420491.3986175,-0.05,0.53,0.14,-0.76,7.66,40.5,0.55
1800420491.4985187,0.03,0.48,0.24,70.95,56.33,38.41,0.54
1800420491.5984201,0.07,2.15,-1.5,192.78,-413.83,394.51,2.63
1800420491.6983213,-1.29,2.18,0.01,-341.64,-520.0,378.31,2.53
1800420491.7982225,-1.92,0.55,1.26,-118.19,-27.68,-258.16,2.36
1800420491.8981237,-1.04,0.41,-0.18,-294.93,-376.07,164.8,1.14
1800420491.998025,-0.96,-0.02,-0.74,-151.09,-353.72,109.38,1.21
1800420492.0979264,-0.66,0.23,-0.86,36.48,-28.93,36.39,1.11
1800420492.1978276,-0.57,0.32,-0.88,-6.58,-16.24,-35.15,1.1
1800420492.2977288,-0.58,0.2,-0.94,43.79,142.63,-84.72,1.12
1800420492.39763,-0.86,0.3,-0.61,-46.18,64.95,-37.91,1.09
1800420492.4975314,-0.6,0.37,-0.77,-57.2,43.28,-49.42,1.04
1800420492.5974326,-0.79,0.34,-0.62,-37.48,16.75,-50.16,1.06
1800420492.6973338,-0.75,0.34,-0.64,-62.0,27.99,3.14,1.05
1800420492.797235,-0.76,0.16,-0.65,-57.04,12.72,-43.72,1.01
1800420492.8971362,-0.87,0.2,-0.64,-37.62,-7.63,12.06,1.1
1800420492.9970376,-0.7,0.25,-0.68,-5.39,14.98,-12.52,1.01
1800420493.0969388,-0.74,0.18,-0.62,-2.06,14.67,-1.36,0.99
1800420493.19684,-0.87,0.13,-0.66,19.6,-49.12,-4.02,1.1
1800420493.2967412,-0.86,0.18,-0.82,32.21,-54.97,-47.86,1.2
1800420493.3966427,-0.79,0.29,-0.68,70.28,-24.78,0.06,1.09
1800420493.496544,-0.68,0.23,-0.78,79.19,-39.62,-1.25,1.06
1800420493.596445,-0.69,0.33,-0.67,113.71,-73.23,-27.13,1.02
1800420493.6963463,-0.58,0.39,-0.72,122.05,-67.18,1.15,1.0
1800420493.7962475,-0.46,0.58,-0.83,121.83,-100.29,1.12,1.11
1800420493.896149,-0.44,0.51,-0.87,115.65,-181.97,79.08,1.1
1800420493.9960501,-0.38,0.6,-0.66,214.24,-41.93,21.07,0.97
1800420494.0959513,-0.17,0.69,-0.47,274.93,195.63,-99.64,0.85
1800420494.1958525,-0.29,0.88,-0.41,133.44,109.36,-41.9,1.01
1800420494.295754,-0.42,0.99,-0.21,182.2,153.08,-24.0,1.1
1800420494.3956552,-0.34,0.99,0.21,145.9,61.61,79.18,1.06
1800420494.4955564,-0.41,0.91,0.29,176.5,104.18,81.6,1.04
1800420494.5954576,-0.38,0.51,0.54,77.55,90.67,124.16,0.83
1800420494.6953588,-0.58,0.73,0.56,6.55,131.38,36.6,1.09
1800420494.7952602,-0.56,0.88,0.74,54.39,169.07,47.23,1.28
1800420494.8951614,-0.5,0.69,0.94,136.08,209.1,-23.73,1.27
1800420494.9950626,-0.31,0.41,0.81,30.36,38.09,2.12,0.95
1800420495.0949638,-0.3,0.52,0.83,6.91,51.31,31.25,1.02
1800420495.1948652,-0.31,0.51,0.94,16.65,-6.82,-3.77,1.12
1800420495.2947664,-0.41,0.83,0.86,-81.08,6.17,-21.67,1.26
1800420495.3946676,-0.52,0.58,0.66,-95.59,-78.48,-104.07,1.02
1800420495.4945688,-0.34,0.88,0.43,-7.97,-5.55,-20.75,1.03
1800420495.59447,-0.26,0.88,0.5,6.2,25.39,-122.02,1.05
1800420495.6943715,-0.24,0.6,0.64,-1.01,64.99,-48.5,0.91
1800420495.7942727,-0.16,0.84,0.62,28.66,6.52,-16.0,1.06
1800420495.8941739,-0.3,0.9,0.56,-29.25,-80.58,-0.58,1.1
1800420495.994075,-0.2,0.91,0.46,13.06,35.63,22.3,1.04
1800420496.0939765,-0.26,0.8,0.39,11.53,76.85,24.5,0.93
1800420496.1938777,-0.34,0.81,0.83,11.29,31.07,5.72,1.21
1800420496.293779,-0.31,0.78,0.72,-17.23,75.9,42.84,1.1
1800420496.39368,-0.55,0.8,0.83,-62.18,7.01,61.34,1.28
1800420496.4935815,-0.39,0.63,0.71,4.49,23.09,50.3,1.02
1800420496.5934827,-0.43,0.5,0.79,91.1,34.5,4.21,1.02
1800420496.693384,-0.34,0.54,0.79,85.17,5.33,20.19,1.01
1800420496.7932851,-0.49,0.88,0.93,14.64,64.0,22.84,1.37
1800420496.8931863,-0.5,0.61,0.85,-65.02,84.44,-1.44,1.15
1800420496.9930878,-0.22,0.58,0.88,-98.69,141.79,56.29,1.07
1800420497.092989,-0.4,0.46,0.99,-126.64,104.68,100.01,1.16
1800420497.1928902,-0.23,0.5,0.56,-11.79,272.21,66.05,0.78
1800420497.2927914,-0.22,0.43,0.62,-55.7,-22.97,-24.11,0.79
1800420497.3926928,0.05,0.65,0.28,-157.08,-47.43,2.68,0.71
1800420497.492594,-0.04,0.93,0.34,-106.26,-85.23,-62.45,0.99
1800420497.5924952,-0.15,0.99,0.52,-24.18,35.1,-109.78,1.13
1800420497.6923964,-0.09,0.96,0.43,-90.43,104.32,19.23,1.05
1800420497.7922976,-0.13,1.02,0.38,-48.55,108.01,-19.86,1.1
1800420497.892199,-0.16,1.08,0.31,-59.58,64.04,-50.74,1.13
1800420497.9921002,-0.07,1.04,0.21,-61.43,52.2,-18.83,1.06
1800420498.0920014,-0.24,1.08,0.2,-44.25,1.39,4.56,1.13
1800420498.1919026,-0.22,0.99,0.23,-38.43,1.5,-35.04,1.04
1800420498.291804,-0.14,1.02,0.16,-20.15,8.09,-46.24,1.05
1800420498.3917053,-0.05,0.99,0.13,-38.23,-34.03,-19.5,1.0
1800420498.4916065,-0.09,1.14,0.1,-17.44,-13.18,6.81,1.15
1800420498.5915077,0.01,1.05,0.13,-17.57,42.47,28.64,1.06
1800420498.6914089,-0.09,1.07,0.16,-15.25,80.18,26.55,1.09
1800420498.7913103,-0.02,0.96,0.17,-6.37,49.32,15.92,0.97
1800420498.8912115,-0.12,0.98,0.08,4.41,64.7,-9.79,0.99
1800420498.9911127,0.01,1.06,0.18,20.07,14.22,-15.14,1.08
1800420499.091014,0.02,1.04,0.17,-13.93,22.45,-24.26,1.05
1800420499.1909153,-0.0,1.03,0.16,10.31,22.73,7.42,1.05
0.0,0.0,0.0,0.0,0.0,0.0,0.0,0.0
1800420495.0,-0.11,-0.94,0.18,-2.1,-2.62,-19.54,0.96
1800420495.0963974,-0.07,-0.93,0.26,9.73,-18.29,-9.88,0.97
1800420495.192795,-0.16,-1.04,0.12,30.85,-34.39,-26.04,1.06
1800420495.2891924,-0.12,-0.9,0.17,5.27,-26.46,-18.82,0.93
1800420495.3855898,-0.12,-0.94,0.1,-12.91,-21.58,-12.44,0.95
1800420495.4819872,-0.0,-0.97,-0.03,5.5,-14.5,-28.96,0.97
1800420495.5783849,-0.1,-1.06,-0.06,47.21,-45.42,-51.24,1.06
1800420495.6747823,-0.12,-0.91,-0.12,34.65,-64.39,-38.31,0.93
1800420495.7711797,-0.12,-0.76,-0.08,57.25,-112.65,-32.31,0.78
1800420495.8675773,-0.15,-0.59,-0.01,126.14,-179.6,-53.37,0.61
1800420495.9639747,-0.33,-0.72,-0.14,78.98,-198.19,-87.67,0.8
1800420496.060372,-0.44,-0.86,-0.21,80.46,-108.31,7.16,0.99
1800420496.1567695,-0.44,-0.8,-0.34,-191.32,-126.25,96.98,0.98
1800420496.2531672,-1.41,-1.21,-0.61,-216.65,-234.32,-351.65,1.96
1800420496.3495646,0.52,-0.59,-0.93,-488.94,-304.3,-470.76,1.22
1800420496.445962,1.05,1.35,-1.29,-8.61,103.48,115.52,2.14
1800420496.5423596,1.02,0.24,-1.12,-144.93,-150.85,73.36,1.54
1800420496.638757,0.62,-0.23,-1.02,352.25,69.53,208.02,1.21
1800420496.7351544,0.73,-0.43,-0.56,-189.83,-76.06,7.83,1.01
1800420496.8315518,0.57,-0.22,-0.71,9.16,46.03,19.48,0.93
1800420496.9279494,0.47,-0.58,-0.83,-57.39,88.28,26.42,1.12
1800420497.0243468,0.39,-0.46,-0.88,24.96,112.74,23.55,1.07
1800420497.1207442,0.26,-0.33,-0.95,-65.65,120.24,-14.04,1.04
1800420497.2171419,0.12,-0.38,-0.79,-2.28,106.42,-31.91,0.89
1800420497.3135393,-0.0,-0.42,-0.91,28.86,1.12,-57.84,1.0
0.0,0.0,0.0,0.0,0.0,0.0,0.0,0.0
1800420500.0,0.0,0.5,0.79,-10.54,19.4,10.22,0.94
1800420500.1025767,0.11,0.56,0.84,-15.22,7.57,2.5,1.01
1800420500.2051537,0.02,0.62,0.86,-18.75,-0.8,18.03,1.06
1800420500.3077304,-0.01,0.57,0.88,-28.14,-14.72,16.25,1.05
1800420500.4103074,0.05,0.59,0.83,-23.8,-6.58,31.14,1.02
1800420500.5128841,-0.05,0.66,0.73,-14.1,-11.07,10.56,0.98
1800420500.615461,0.05,0.59,0.63,-20.71,-4.4,0.44,0.87
1800420500.7180378,0.18,0.79,0.65,37.61,49.36,9.16,1.04
1800420500.8206148,0.31,0.73,0.58,33.45,-24.4,-2.08,0.99
1800420500.9231915,-0.03,0.6,0.08,79.93,-94.8,138.26,0.6
1800420501.0257685,-0.23,0.14,0.09,179.49,38.12,182.45,0.29
1800420501.1283453,0.02,-0.19,1.94,-130.38,64.0,-42.5,1.94
1800420501.2309222,0.41,0.31,2.11,-520.0,520.0,470.98,2.17
1800420501.333499,-0.36,1.28,0.82,-385.39,-520.0,-83.81,1.56
1800420501.436076,-1.14,0.84,1.05,48.74,-329.09,-332.43,1.76
1800420501.5386527,0.89,0.19,0.65,-357.59,314.76,-11.63,1.12
1800420501.6412296,0.03,-0.14,1.51,79.02,137.1,125.58,1.52
1800420501.7438064,-0.05,0.15,1.08,-29.77,137.99,10.9,1.1
1800420501.8463833,0.05,0.19,0.78,12.36,33.01,-12.58,0.81
1800420501.94896,0.15,0.08,0.88,-27.31,18.84,-17.12,0.89
1800420502.051537,0.15,0.14,1.04,9.63,36.99,0.66,1.05
1800420502.1541138,0.19,0.13,1.0,-13.81,55.83,18.85,1.02
0.0,0.0,0.0,0.0,0.0,0.0,0.0,0.0
1800420505.0,0.3,0.04,0.86,22.43,-27.36,-33.75,0.91
1800420505.1003604,0.55,0.08,0.77,-18.41,25.86,44.48,0.95
1800420505.200721,0.63,0.12,0.74,13.49,48.65,20.41,0.98
1800420505.3010814,0.38,0.21,0.83,29.48,41.35,23.49,0.94
1800420505.4014418,0.32,0.19,0.96,22.66,32.94,34.64,1.03
1800420505.5018022,0.2,0.12,1.01,25.09,12.6,-42.0,1.04
1800420505.6021628,0.19,0.14,0.94,-2.67,-25.47,-51.06,0.97
1800420505.7025232,0.29,0.12,1.0,-2.73,-20.23,-4.99,1.05
1800420505.8028836,0.18,0.12,0.91,2.35,14.94,-23.69,0.94
1800420505.9032443,0.24,0.12,0.91,-10.73,50.53,-7.29,0.95
1800420506.0036047,0.18,0.23,0.9,11.86,66.29,-12.67,0.95
1800420506.103965,0.23,0.24,0.85,39.38,63.49,17.51,0.92
1800420506.2043257,0.24,0.2,0.73,50.67,84.87,-12.19,0.79
1800420506.304686,0.16,0.15,0.46,-5.11,90.24,-0.44,0.51
1800420506.4050465,-0.2,-0.09,0.18,57.91,200.49,-3.22,0.29
1800420506.5054069,-1.0,-1.62,-0.03,415.52,459.22,-45.52,1.9
1800420506.6057675,-2.28,-2.21,-2.14,494.89,-493.24,520.0,3.83
1800420506.706128,-2.33,-0.97,-1.54,-508.51,96.54,159.26,2.96
1800420506.8064883,-1.08,-0.12,0.26,-306.0,-31.19,58.95,1.12
1800420506.906849,-1.4,-0.16,0.03,122.86,97.16,137.64,1.41
1800420507.0072093,-1.69,0.05,-0.15,-117.43,56.37,0.25,1.7
1800420507.1075697,-0.91,-0.01,-0.1,-44.25,-73.41,18.42,0.92
1800420507.2079303,-0.82,-0.04,0.01,-18.2,-41.41,42.34,0.82
1800420507.3082907,-1.06,0.08,0.11,-4.74,-76.9,15.02,1.07
1800420507.408651,-0.99,0.01,0.2,-2.28,-96.74,13.98,1.01
1800420507.5090115,-0.94,0.03,0.26,76.89,-124.16,-6.63,0.98
1800420507.6093721,-1.04,-0.14,0.53,118.66,-121.96,-19.63,1.17
1800420507.7097325,-1.15,-0.14,0.54,96.34,-83.55,-32.5,1.28
1800420507.810093,-0.83,-0.25,0.76,123.47,-158.89,57.03,1.16
1800420507.9104536,-0.58,-0.34,0.75,27.04,-125.18,45.08,1.01
1800420508.010814,-0.6,-0.62,0.65,61.95,-46.22,43.55,1.08
1800420508.1111743,-0.79,-0.44,0.63,18.91,-24.23,-15.36,1.11
1800420508.211535,-0.82,-0.46,0.67,7.9,-17.52,-9.58,1.16
1800420508.3118954,-0.75,-0.48,0.58,6.8,-37.45,-29.59,1.07
0.0,0.0,0.0,0.0,0.0,0.0,0.0,0.0
1800420510.0,0.78,-0.56,0.24,-3.05,3.99,19.93,0.99
1800420510.1042223,0.66,-0.58,0.12,6.95,-13.68,1.21,0.88
1800420510.2084446,0.82,-0.54,0.25,-4.43,28.8,-13.58,1.01
1800420510.312667,0.75,-0.62,0.18,-13.65,24.12,10.51,0.99
1800420510.4168892,0.87,-0.53,0.25,-19.46,-4.38,7.2,1.05
1800420510.5211115,0.75,-0.49,0.23,-83.59,12.22,1.8,0.92
1800420510.6253335,0.66,-0.67,0.25,-32.39,-11.66,23.26,0.97
1800420510.7295558,0.57,-0.78,0.21,59.62,35.74,52.41,0.98
1800420510.8337781,0.72,-0.61,0.16,66.28,17.72,44.78,0.96
1800420510.9380004,0.67,-0.55,0.13,63.56,11.8,29.2,0.88
1800420511.0422227,0.74,-0.56,0.09,61.72,5.17,10.27,0.94
1800420511.146445,0.74,-0.5,0.19,81.55,1.82,-3.19,0.92
1800420511.2506673,0.7,-0.46,0.17,107.81,17.34,5.61,0.85
1800420511.3548896,0.53,-0.36,0.06,24.25,-52.18,31.48,0.65
1800420511.459112,0.35,-0.41,0.3,-64.42,-133.55,22.54,0.62
1800420511.5633342,-0.05,-0.85,0.19,-92.34,281.93,-103.33,0.87
1800420511.6675565,1.32,-0.7,1.87,-520.0,-368.82,-1.67,2.39
1800420511.7717786,0.1,0.06,-0.01,0.41,2.48,-16.47,0.12
1800420511.876001,0.85,0.18,0.95,-107.52,-501.45,520.0,1.29
1800420511.9802232,1.47,-0.28,0.02,42.12,52.09,-13.41,1.49
1800420512.0844455,0.83,-0.1,0.29,-1.41,-49.6,74.16,0.89
1800420512.1886678,0.92,-0.12,0.46,34.25,38.71,-5.08,1.04
1800420512.29289,0.82,-0.11,0.21,18.11,-11.29,-33.21,0.85
1800420512.3971124,0.87,-0.1,0.31,18.29,27.47,-17.07,0.93
1800420512.5013347,0.97,-0.22,0.37,4.01,41.34,11.03,1.06
1800420512.605557,0.86,-0.1,0.25,10.22,9.1,5.62,0.9
1800420512.7097793,0.95,-0.15,0.38,1.86,28.11,-14.47,1.03
1800420512.8140016,0.97,-0.04,0.29,3.94,8.02,-5.25,1.02
1800420512.9182239,0.91,0.01,0.25,-19.37,18.55,-9.83,0.94
1800420513.022446,0.95,-0.08,0.28,-11.9,-22.36,4.91,0.99
1800420513.1266682,0.91,-0.13,0.32,19.29,-10.37,-10.27,0.97
1800420513.2308905,0.86,0.06,0.51,-4.06,8.46,-17.53,1.0
1800420513.3351128,0.91,-0.0,0.43,7.43,27.77,2.52,1.01
1800420513.439335,0.93,-0.08,0.34,-1.33,-10.09,-11.18,0.99
0.0,0.0,0.0,0.0,0.0,0.0,0.0,0.0
1800420515.0,0.11,-0.58,0.81,29.89,23.13,-14.22,1.0
1800420515.1006768,0.15,-0.67,0.76,8.52,29.28,-7.38,1.02
1800420515.2013535,0.2,-0.58,0.84,-1.06,-5.95,11.54,1.05
1800420515.30203,0.17,-0.51,0.78,12.39,4.99,-26.79,0.95
1800420515.4027069,0.19,-0.43,0.94,32.36,35.38,-23.0,1.05
1800420515.5033836,0.17,-0.57,0.85,10.93,14.68,-101.96,1.03
1800420515.6040604,0.12,-0.77,0.6,23.04,28.78,-35.76,0.98
1800420515.7047372,0.17,-0.82,0.6,61.57,2.26,61.04,1.03
1800420515.8054137,0.12,-0.69,0.78,65.72,12.58,49.14,1.05
1800420515.9060905,0.07,-0.57,0.69,27.28,16.22,67.04,0.89
1800420516.0067673,0.04,-0.57,0.79,24.94,28.8,80.71,0.98
1800420516.107444,0.05,-0.52,0.7,17.46,10.83,64.56,0.87
1800420516.2081208,0.08,-0.47,0.69,17.01,5.77,93.8,0.84
1800420516.3087974,-0.04,-0.39,0.5,34.35,81.52,13.82,0.64
1800420516.4094741,0.19,-0.39,0.42,30.59,191.91,-51.96,0.61
1800420516.510151,0.05,-0.9,-0.04,-77.27,-309.95,-91.88,0.91
1800420516.6108277,1.93,-0.86,1.33,0.75,445.36,-431.09,2.5
1800420516.7115045,-0.01,0.1,0.09,11.41,3.84,-1.44,0.13
1800420516.812181,0.96,0.29,0.77,510.61,520.0,-83.42,1.26
1800420516.9128578,-0.04,-0.25,1.48,-7.35,-28.16,46.81,1.5
1800420517.0135345,0.29,-0.09,0.98,75.03,88.66,-0.28,1.03
1800420517.1142113,0.42,-0.1,0.89,23.24,-2.66,28.57,0.99
1800420517.2148879,0.25,-0.02,0.86,-27.57,15.89,21.05,0.9
1800420517.3155646,0.24,-0.06,0.86,-18.82,1.14,9.06,0.89
1800420517.4162414,0.28,-0.11,0.95,4.14,-20.15,7.81,0.99
1800420517.5169182,0.23,-0.08,0.88,17.12,8.33,11.71,0.91
1800420517.617595,0.33,-0.15,0.86,2.15,13.06,-0.14,0.93
1800420517.7182715,0.24,-0.03,0.89,-0.43,37.9,-2.67,0.92
1800420517.8189483,0.18,0.02,0.95,4.12,-3.68,-11.55,0.97
1800420517.919625,0.24,0.03,0.96,11.68,42.44,-0.62,0.99
1800420518.0203018,0.32,-0.12,0.88,13.4,22.24,19.2,0.94
1800420518.1209786,0.45,0.03,0.9,-5.46,13.51,5.67,1.01
1800420518.2216551,0.27,0.05,0.94,22.54,7.27,8.17,0.98
1800420518.322332,0.4,-0.04,1.0,11.06,29.4,3.8,1.07
0.0,0.0,0.0,0.0,0.0,0.0,0.0,0.0
1800420520.0,-0.03,-0.91,0.15,-6.73,17.65,-2.82,0.93
1800420520.1122172,0.08,-0.88,0.17,-13.39,11.08,-13.23,0.9
1800420520.2244344,0.09,-0.95,0.16,27.21,23.7,-9.26,0.96
1800420520.3366516,0.08,-0.96,0.12,7.32,13.25,-1.6,0.97
1800420520.448869,0.09,-0.92,0.12,-6.36,16.09,-18.99,0.94
1800420520.5610862,0.06,-0.93,0.08,0.44,5.67,-40.64,0.94
1800420520.6733034,0.01,-0.69,0.0,9.91,-1.5,-59.62,0.69
1800420520.7855206,-0.02,-0.67,-0.1,34.4,-5.59,-40.75,0.68
1800420520.8977377,-0.02,-0.5,-0.1,80.65,25.29,-68.08,0.51
1800420521.009955,-0.19,-0.72,0.06,106.28,80.39,-46.74,0.75
1800420521.122172,1.16,-1.82,1.7,187.84,128.44,128.29,2.74
1800420521.2343895,-0.25,-0.83,0.58,208.04,-8.93,-88.33,1.05
1800420521.3466067,-2.15,0.19,-0.88,-154.8,16.83,209.82,2.33
1800420521.458824,-1.05,-0.24,0.62,-112.87,200.14,-476.98,1.24
1800420521.571041,-0.1,-0.5,1.17,31.78,78.07,-121.04,1.27
1800420521.6832583,-0.05,-0.43,0.45,-0.49,123.09,-256.71,0.63
1800420521.7954755,-0.17,-0.32,1.08,37.76,104.96,-191.32,1.14
1800420521.9076927,-0.28,-0.27,1.04,14.25,17.42,-35.35,1.11
1800420522.0199099,-0.25,-0.24,0.96,-9.12,91.52,-42.38,1.02
1800420522.1321273,-0.48,-0.14,0.79,24.33,76.95,20.32,0.94
0.0,0.0,0.0,0.0,0.0,0.0,0.0,0.0
1800420525.0,0.03,-0.98,-0.02,37.49,3.89,-28.35,0.98
1800420525.1055634,0.16,-0.95,-0.02,37.07,24.68,11.63,0.96
1800420525.2111268,0.09,-0.87,0.07,11.56,44.13,50.02,0.88
1800420525.31669,0.08,-0.86,0.03,18.2,56.39,26.81,0.87
1800420525.4222534,0.09,-0.7,0.01,52.53,64.91,59.56,0.71
1800420525.5278168,0.01,-0.64,0.06,93.61,51.38,-10.59,0.64
1800420525.6333802,0.14,-1.04,0.25,206.78,142.52,-55.07,1.08
1800420525.7389436,1.09,-1.66,-0.74,390.46,-101.96,199.05,2.12
1800420525.844507,0.84,-0.27,0.12,393.38,165.9,-339.57,0.89
1800420525.9500701,0.88,-0.31,-1.23,-54.41,106.69,-297.81,1.55
1800420526.0556335,0.3,-0.13,0.31,14.72,318.89,-6.41,0.45
1800420526.161197,0.6,0.96,-0.15,-188.23,-113.33,-45.6,1.14
1800420526.2667603,0.38,0.27,-0.77,-239.21,-305.7,-179.04,0.9
1800420526.3723238,1.42,0.02,-0.93,57.0,-272.75,119.07,1.7
1800420526.477887,1.04,-0.16,-0.61,-146.72,-141.95,-16.1,1.22
1800420526.5834503,0.54,-0.4,-0.08,-116.22,-52.45,-59.44,0.68
1800420526.6890137,0.88,-0.51,-0.39,-83.32,-83.74,35.72,1.09
1800420526.7945771,0.78,-0.58,-0.2,11.39,-97.44,52.28,0.99
1800420526.9001405,0.88,-0.26,0.23,-0.94,-103.77,44.58,0.95
1800420527.0057037,0.87,-0.12,0.15,-44.5,-1.58,-48.5,0.89
0.0,0.0,0.0,0.0,0.0,0.0,0.0,0.0
1800420530.0,-0.02,-0.84,0.12,-53.4,9.77,-23.03,0.85
1800420530.0983908,-0.07,-0.91,0.19,-54.77,27.48,-16.93,0.94
1800420530.1967819,-0.07,-0.86,0.02,-50.62,27.66,-32.2,0.86
1800420530.2951727,0.01,-0.85,0.08,-55.22,47.87,-15.85,0.85
1800420530.3935635,-0.0,-0.85,0.03,-73.23,36.55,5.0,0.85
1800420530.4919546,0.04,-0.84,0.02,-53.22,47.19,-18.96,0.84
1800420530.5903454,0.07,-0.82,-0.07,-42.66,39.64,3.65,0.83
1800420530.6887362,0.0,-0.85,-0.05,-75.29,27.69,18.85,0.85
1800420530.787127,0.04,-0.84,-0.07,-96.27,26.2,36.44,0.85
1800420530.885518,0.03,-0.72,-0.07,-107.54,35.41,24.92,0.72
1800420530.983909,0.06,-0.59,-0.08,-146.93,37.94,3.02,0.6
1800420531.0822997,0.07,-0.44,-0.17,-195.13,-22.15,-11.72,0.48
1800420531.1806908,0.12,-0.38,-0.3,-211.92,-34.37,-36.23,0.5
1800420531.2790816,-0.65,-1.05,-1.69,-222.54,-30.4,145.53,2.1
1800420531.3774724,1.93,0.86,-2.09,-496.74,-437.81,-39.64,2.97
1800420531.4758635,-1.1,0.87,-1.71,117.46,4.68,279.63,2.21
1800420531.5742543,0.07,0.12,-1.07,25.79,-8.78,78.28,1.08
1800420531.672645,0.08,0.16,-1.07,-6.78,-20.94,-60.78,1.08
1800420531.7710361,0.02,-0.07,-1.2,-49.42,108.35,-65.93,1.2
1800420531.869427,-0.21,-0.1,-1.21,-15.12,2.45,-49.18,1.24
1800420531.9678178,0.02,-0.25,-1.16,-32.07,-20.18,-70.59,1.19
1800420532.0662086,-0.0,-0.2,-1.03,-20.9,-46.27,0.87,1.05
0.0,0.0,0.0,0.0,0.0,0.0,0.0,0.0
1800420535.0,0.23,0.95,0.06,12.71,0.68,-16.69,0.98
1800420535.0991642,0.34,0.96,0.07,12.51,10.05,-20.81,1.02
1800420535.1983287,0.28,0.87,-0.02,13.54,32.79,-9.17,0.91
1800420535.297493,0.27,0.96,0.05,22.17,14.29,-17.08,1.0
1800420535.3966572,0.27,0.92,0.02,7.26,15.76,-21.22,0.96
1800420535.4958215,0.3,1.0,-0.09,-5.74,-9.53,-22.63,1.04
1800420535.594986,0.27,0.95,-0.07,6.83,-1.02,-35.19,0.99
1800420535.6941502,0.36,0.91,-0.08,16.6,21.49,-40.36,0.98
1800420535.7933145,0.23,0.87,-0.22,-15.53,12.34,-58.23,0.92
1800420535.892479,0.25,0.92,-0.27,-0.18,7.8,-57.9,0.99
1800420535.9916432,0.31,0.87,-0.21,-15.0,-19.6,-50.23,0.94
1800420536.0908074,0.2,0.72,-0.09,5.63,2.97,-73.77,0.75
1800420536.1899717,0.32,0.63,-0.07,15.98,-15.04,-74.66,0.71
1800420536.2891362,0.31,0.31,0.12,126.53,9.81,-56.99,0.46
1800420536.3883004,0.44,0.13,-0.69,-71.03,-185.74,-159.51,0.83
1800420536.4874647,-0.26,2.1,-1.76,-497.05,-440.72,-117.98,2.75
1800420536.5866292,0.57,1.08,-1.83,-501.82,-428.46,-139.79,2.2
1800420536.6857934,0.02,-0.51,-0.47,-147.26,-33.77,-255.29,0.7
1800420536.7849576,-0.52,0.07,-1.23,-14.68,-173.7,54.01,1.33
1800420536.884122,-0.94,-0.02,-0.52,105.5,-34.35,43.08,1.07
1800420536.9832864,-0.64,0.18,-0.48,87.21,20.73,-23.21,0.82
1800420537.0824506,-0.78,0.35,-0.51,-39.92,-1.08,5.34,0.99
1800420537.1816149,-0.73,0.35,-0.6,-72.82,88.1,16.96,1.0
1800420537.2807794,-0.68,0.16,-0.58,-76.21,60.39,2.04,0.9
1800420537.3799436,-0.62,0.16,-0.67,-113.04,-8.79,-26.35,0.92
1800420537.4791079,-0.64,0.07,-0.76,-11.96,20.11,23.52,0.99
1800420537.578272,-0.62,-0.06,-0.64,10.83,4.3,17.27,0.89
1800420537.6774366,-0.77,-0.06,-0.66,-3.57,-2.78,5.72,1.02
0.0,0.0,0.0,0.0,0.0,0.0,0.0,0.0
1800420540.0,-0.2,-1.09,-0.0,2.52,7.1,-19.48,1.11
1800420540.0970855,-0.18,-1.07,-0.05,12.92,-3.21,-29.64,1.09
1800420540.194171,-0.11,-1.07,-0.07,-22.39,26.5,-48.27,1.08
1800420540.2912564,-0.13,-0.98,-0.06,23.04,37.87,-64.14,0.99
1800420540.3883421,-0.3,-0.92,0.02,24.25,29.16,-79.22,0.97
1800420540.4854276,-0.52,-0.98,-0.01,46.7,-5.79,-86.9,1.11
1800420540.582513,-0.53,-0.9,0.17,54.8,-41.28,-86.93,1.06
1800420540.6795986,-0.47,-0.78,0.15,20.87,-59.09,-92.97,0.93
1800420540.776684,-0.36,-0.74,0.08,45.86,-41.49,-102.08,0.82
1800420540.8737695,-0.42,-0.58,0.08,65.54,-68.44,-117.96,0.72
1800420540.9708552,-0.39,-0.64,0.09,121.52,-36.4,-174.23,0.75
1800420541.0679407,-1.05,-0.39,0.39,144.35,-10.13,-187.2,1.18
1800420541.1650262,-1.85,-0.16,-0.07,133.19,91.92,316.53,1.86
1800420541.2621117,-0.71,0.81,-0.62,-347.85,-90.05,-168.52,1.24
1800420541.3591971,-0.69,0.52,-0.11,-272.69,83.96,-144.07,0.88
1800420541.4562826,-1.44,-0.18,-0.32,-34.47,-193.77,-81.92,1.49
1800420541.553368,-1.22,-0.09,-0.59,-71.65,-106.39,-73.54,1.36
1800420541.6504538,-0.9,-0.03,-0.57,-61.69,-43.08,-4.42,1.07
1800420541.7475393,-0.92,-0.08,-0.58,-44.79,-1.18,-42.36,1.09
1800420541.8446248,-1.01,0.13,-0.56,-36.68,33.1,-11.88,1.16
0.0,0.0,0.0,0.0,0.0,0.0,0.0,0.0
1800420545.0,0.08,-0.96,0.1,-10.73,-30.52,-34.21,0.97
1800420545.1093652,-0.06,-1.09,0.19,31.66,-38.55,-47.47,1.11
1800420545.2187302,-0.14,-0.83,0.12,13.81,-3.86,-22.63,0.85
1800420545.3280954,-0.11,-0.91,0.1,21.67,-16.29,-12.88,0.92
1800420545.4374607,-0.06,-0.95,0.18,3.49,-18.84,-50.53,0.97
1800420545.5468256,-0.26,-0.92,0.18,-11.96,3.48,-63.86,0.97
1800420545.6561909,-0.19,-0.84,0.07,-12.45,19.98,-48.78,0.86
1800420545.765556,-0.12,-0.79,0.08,-1.45,-21.25,-40.68,0.8
1800420545.874921,-0.16,-0.76,0.08,8.61,-28.97,-75.79,0.78
1800420545.9842863,-0.15,-0.64,0.08,27.85,66.98,-62.62,0.66
1800420546.0936513,0.3,-0.72,0.12,20.48,281.0,58.6,0.78
1800420546.2030165,-0.2,-0.01,-0.01,280.6,-166.04,-237.88,0.2
1800420546.3123817,-1.85,1.08,0.69,-330.19,57.55,-225.32,2.25
1800420546.4217467,-1.1,0.52,-1.27,-239.34,442.02,427.72,1.76
1800420546.531112,-0.42,-0.43,-0.0,-252.89,487.61,212.19,0.6
1800420546.6404772,0.22,-0.44,0.58,35.0,491.22,-69.71,0.76
1800420546.7498422,0.01,0.3,1.16,-49.08,149.17,-66.21,1.2
1800420546.8592074,0.34,0.02,0.6,-135.76,191.56,-102.2,0.69
1800420546.9685726,0.52,-0.05,0.85,-218.12,254.98,15.95,1.0
1800420547.0779376,0.48,-0.01,0.82,-3.58,78.97,130.99,0.95
1800420547.1873028,0.26,0.16,0.78,-61.52,9.64,36.14,0.84
1800420547.296668,0.38,0.08,0.8,-49.64,-29.5,-44.13,0.89
1800420547.406033,0.31,-0.16,0.77,-8.64,24.31,9.71,0.85
1800420547.5153983,0.49,-0.26,0.84,-45.96,-21.59,41.73,1.0
1800420547.6247633,0.28,-0.19,0.75,-11.43,-63.4,69.2,0.83
1800420547.7341285,0.14,-0.35,0.49,41.26,-70.2,166.34,0.62
1800420547.8434937,0.02,-0.02,0.83,-32.87,57.5,13.31,0.83
1800420547.9528587,0.68,-0.1,0.87,120.33,66.71,-72.02,1.11
1800420548.062224,0.63,0.16,0.66,71.23,57.9,-32.17,0.92
1800420548.1715891,0.55,-0.06,0.63,31.37,-60.16,-15.34,0.84
0.0,0.0,0.0,0.0,0.0,0.0,0.0,0.0
1800420550.0,-0.22,0.89,0.08,-14.25,15.27,2.65,0.93
1800420550.0961032,-0.19,0.89,0.05,-5.24,27.43,-26.34,0.91
1800420550.1922061,-0.16,1.0,0.15,-44.55,35.45,-26.58,1.02
1800420550.2883093,-0.18,0.87,0.1,-45.11,45.28,-1.56,0.89
1800420550.3844125,-0.12,0.93,0.16,-25.06,31.58,26.96,0.95
1800420550.4805157,-0.02,0.92,0.07,-37.87,23.95,0.34,0.93
1800420550.5766187,0.08,0.91,0.08,-69.07,48.1,-42.68,0.91
1800420550.6727219,0.01,0.88,0.21,-60.78,65.49,-37.91,0.91
1800420550.768825,0.05,0.82,0.17,-35.63,128.44,-56.21,0.84
1800420550.8649282,-0.07,0.54,0.16,-57.56,196.24,-120.44,0.57
1800420550.9610312,0.08,0.73,0.41,-109.28,237.6,-88.42,0.84
1800420551.0571344,0.14,0.88,0.41,16.46,140.66,-70.71,0.98
1800420551.1532376,0.25,0.75,0.48,79.66,161.53,197.84,0.93
1800420551.2493405,0.47,1.16,1.46,-400.86,246.52,240.23,1.92
1800420551.3454437,0.72,0.57,-0.59,-517.86,347.01,511.58,1.09
1800420551.441547,1.04,-1.32,-1.16,111.3,-132.75,13.04,2.04
1800420551.53765,0.94,-0.24,-1.06,71.98,180.39,152.67,1.43
1800420551.633753,0.87,0.28,-0.67,224.78,-81.2,-330.56,1.13
1800420551.7298563,0.34,0.46,-0.72,-11.43,88.3,206.9,0.92
1800420551.8259594,0.66,0.22,-0.73,31.14,-57.82,-33.33,1.02
1800420551.9220626,0.73,0.53,-0.49,25.52,-83.16,44.99,1.02
1800420552.0181656,0.75,0.39,-0.41,19.51,-119.33,-14.47,0.94
1800420552.1142688,0.84,0.37,-0.35,-11.14,-132.44,51.38,0.98
1800420552.210372,0.62,0.38,-0.18,-28.56,-89.71,11.13,0.75
1800420552.306475,0.84,0.41,0.04,-58.02,0.43,-20.63,0.93
0.0,0.0,0.0,0.0,0.0,0.0,0.0,0.0
1800420555.0,-0.08,-1.03,0.17,-5.91,21.1,-25.38,1.05
1800420555.09739,-0.04,-1.04,0.07,-10.03,45.24,-22.39,1.04
1800420555.1947796,-0.02,-0.95,0.13,-2.18,36.99,2.5,0.96
1800420555.2921696,-0.0,-0.99,0.16,-9.52,-4.3,-3.78,1.0
1800420555.3895595,0.05,-0.98,0.14,-18.18,-1.75,-21.79,0.99
1800420555.4869492,0.08,-1.02,0.08,-3.43,-32.88,-48.53,1.03
1800420555.5843391,0.05,-1.0,0.21,16.68,13.62,-36.41,1.03
1800420555.6817288,0.07,-0.96,0.08,-31.48,4.71,-48.93,0.97
1800420555.7791188,0.09,-1.03,0.07,-2.32,17.14,-37.43,1.04
1800420555.8765087,0.13,-0.99,0.15,2.44,33.9,-41.75,1.01
1800420555.9738984,0.14,-1.0,0.06,-24.43,-1.36,-43.8,1.01
1800420556.0712883,0.11,-0.9,0.06,10.45,19.76,-46.53,0.91
1800420556.1686783,0.05,-0.93,0.11,-34.02,-8.86,-58.13,0.94
1800420556.266068,0.04,-0.6,0.02,-26.6,-37.29,-61.35,0.6
1800420556.363458,-0.14,-0.56,0.08,1.54,-0.41,-47.69,0.59
1800420556.4608479,-0.13,-0.48,0.13,42.73,28.75,-39.9,0.52
1800420556.5582376,-0.17,-2.08,-1.55,172.05,-378.21,-391.56,2.6
1800420556.6556275,1.1,-2.09,-0.1,-322.64,-486.63,-404.99,2.36
1800420556.7530174,1.63,-0.52,1.21,-115.15,-34.29,251.33,2.1
1800420556.8504071,0.75,-0.38,-0.25,-257.58,-346.05,-184.96,0.88
1800420556.947797,0.72,0.07,-0.84,-148.32,-321.64,-118.85,1.11
1800420557.0451868,0.46,-0.19,-0.89,37.41,-30.84,-32.49,1.02
1800420557.1425767,0.38,-0.36,-0.91,3.48,2.96,33.41,1.05
1800420557.2399666,0.39,-0.25,-0.95,51.81,123.76,61.17,1.06
1800420557.3373563,0.72,-0.26,-0.57,-36.98,31.97,13.8,0.95
1800420557.4347463,0.56,-0.34,-0.83,-45.73,43.09,57.09,1.06
1800420557.5321362,0.5,-0.46,-0.62,-44.87,13.49,38.01,0.92
1800420557.629526,0.6,-0.32,-0.63,-41.74,19.56,-15.32,0.93
1800420557.7269158,0.54,-0.24,-0.67,-39.06,17.73,25.47,0.89
1800420557.8243058,0.64,-0.26,-0.76,-22.44,-2.79,-36.88,1.02
1800420557.9216955,0.57,-0.12,-0.69,16.98,8.43,0.53,0.9
1800420558.0190854,0.55,-0.11,-0.68,-9.09,7.53,-19.63,0.88
1800420558.1164753,0.62,-0.04,-0.72,21.31,-37.92,-24.53,0.95
1800420558.213865,0.65,-0.24,-0.83,30.09,-43.68,30.35,1.08
1800420558.311255,0.6,-0.24,-0.68,78.81,-29.85,-4.21,0.94
1800420558.4086447,0.56,-0.22,-0.85,78.93,-19.49,1.55,1.04
1800420558.5060346,0.51,-0.34,-0.74,127.96,-53.85,10.02,0.96
1800420558.6034245,0.43,-0.43,-0.74,91.15,-81.03,-12.09,0.96
1800420558.7008142,0.37,-0.53,-0.85,113.7,-96.25,-39.26,1.07
1800420558.7982042,0.24,-0.49,-0.96,114.3,-167.36,-84.58,1.11
1800420558.8955941,0.2,-0.56,-0.74,200.81,-44.52,-43.53,0.95
1800420558.9929838,0.12,-0.67,-0.57,256.93,177.06,75.58,0.89
1800420559.0903738,0.05,-0.87,-0.51,141.91,89.94,13.17,1.01
1800420559.1877637,0.27,-0.95,-0.34,160.12,131.84,11.74,1.04
1800420559.2851534,0.22,-0.95,0.15,133.84,55.52,-101.13,0.98
1800420559.3825433,0.18,-0.77,0.26,169.57,108.82,-66.62,0.83
1800420559.4799333,0.32,-0.48,0.49,53.62,88.49,-109.84,0.76
1800420559.577323,0.46,-0.58,0.53,-2.43,126.03,-76.5,0.91
1800420559.674713,0.4,-0.88,0.68,43.7,157.35,-41.2,1.19
1800420559.7721026,0.38,-0.69,0.95,142.51,205.09,10.31,1.23
1800420559.8694925,0.2,-0.4,0.7,25.15,25.26,-21.87,0.83
1800420559.9668825,0.15,-0.56,0.75,13.97,50.31,-42.14,0.95
1800420560.0642722,0.17,-0.52,0.82,17.01,7.82,-8.32,0.99
1800420560.161662,0.35,-0.79,0.77,-99.06,6.75,1.74,1.15
1800420560.259052,0.34,-0.56,0.54,-87.73,-62.64,100.94,0.86
1800420560.3564417,0.18,-0.87,0.38,-7.3,-15.66,-8.72,0.96
1800420560.4538317,0.07,-0.77,0.5,-0.64,34.38,117.62,0.92
1800420560.5512216,0.04,-0.61,0.6,-0.07,45.11,15.65,0.86
1800420560.6486113,0.05,-0.76,0.48,24.14,4.03,18.89,0.9
1800420560.7460012,0.2,-0.92,0.52,-32.8,-71.25,-10.93,1.07
1800420560.8433912,0.2,-0.87,0.43,5.92,18.15,-16.82,0.99
1800420560.9407809,0.1,-0.79,0.35,3.94,64.93,-40.58,0.87
1800420561.0381708,0.18,-0.74,0.82,0.79,28.82,-12.99,1.12
1800420561.1355605,0.1,-0.74,0.64,-3.51,63.9,-62.81,0.98
1800420561.2329504,0.44,-0.77,0.85,-56.54,7.95,-89.96,1.23
1800420561.3303404,0.18,-0.61,0.67,4.57,-9.43,-57.51,0.93
1800420561.42773,0.3,-0.4,0.65,74.18,23.04,-27.2,0.82
1800420561.52512,0.27,-0.56,0.73,101.48,-10.73,-35.93,0.96
1800420561.62251,0.36,-0.87,0.9,7.68,54.07,-56.72,1.3
1800420561.7198997,0.29,-0.61,0.81,-45.85,70.97,-20.03,1.06
1800420561.8172896,0.08,-0.5,0.82,-65.78,130.57,-81.05,0.97
1800420561.9146795,0.25,-0.51,0.99,-114.24,101.84,-99.52,1.14
1800420562.0120692,0.16,-0.45,0.55,-21.82,247.72,-54.72,0.72
1800420562.1094592,0.11,-0.38,0.61,-48.73,-11.08,8.19,0.73
1800420562.206849,-0.19,-0.67,0.26,-141.67,-37.97,-18.65,0.75
1800420562.3042388,-0.09,-0.8,0.34,-111.29,-74.68,62.16,0.87
1800420562.4016287,0.05,-1.01,0.4,-24.54,39.58,96.72,1.08
1800420562.4990184,-0.04,-0.85,0.36,-93.57,101.83,-42.69,0.93
1800420562.5964084,-0.09,-0.94,0.35,-40.13,90.14,-10.61,1.01
1800420562.6937983,0.03,-1.09,0.23,-41.01,50.52,27.42,1.11
1800420562.791188,-0.01,-1.0,0.12,-38.6,37.54,28.47,1.01
1800420562.888578,0.03,-1.07,0.19,-41.73,-1.53,-11.12,1.09
1800420562.9859679,0.08,-0.99,0.11,-51.94,6.18,18.87,1.0
1800420563.0833576,0.06,-1.01,0.07,-10.4,16.09,45.83,1.02
1800420563.1807475,-0.09,-1.03,0.06,-20.79,-23.12,10.03,1.04
1800420563.2781374,-0.06,-1.0,0.12,-13.8,-9.59,-8.73,1.01
1800420563.3755271,-0.14,-1.09,0.05,-10.72,35.31,-31.64,1.1
1800420563.472917,-0.08,-1.01,0.11,-12.48,73.29,-15.59,1.02
1800420563.570307,-0.16,-1.02,0.06,-16.77,67.73,-36.53,1.04
1800420563.6676967,-0.06,-1.03,0.08,5.54,51.46,-0.33,1.04
1800420563.7650867,-0.14,-1.04,0.12,0.33,29.34,17.64,1.05
1800420563.8624763,-0.04,-1.03,0.06,9.58,25.24,-4.92,1.03
1800420563.9598663,-0.06,-1.03,0.08,11.21,8.37,-14.32,1.04
0.0,0.0,0.0,0.0,0.0,0.0,0.0,0.0
1800420560.0,-0.16,-0.97,-0.02,-21.58,-12.1,-12.21,0.99
1800420560.0999937,-0.21,-0.93,0.01,-28.67,-19.3,-44.26,0.95
1800420560.1999876,-0.26,-0.93,0.05,-45.45,-10.26,-57.75,0.97
1800420560.2999814,-0.15,-1.02,0.15,-49.29,-30.22,-58.14,1.05
1800420560.399975,-0.1,-0.91,0.14,-43.69,-37.88,-36.21,0.92
1800420560.499969,0.03,-0.92,0.1,-50.71,-88.31,-63.09,0.93
1800420560.5999627,0.1,-0.85,0.22,-67.91,-140.69,-67.52,0.88
1800420560.6999564,0.13,-0.8,0.19,-80.31,-166.09,-67.28,0.83
1800420560.7999504,0.09,-0.69,0.55,-86.49,-173.94,12.92,0.89
1800420560.899944,0.14,-0.95,0.64,-33.93,-284.22,-65.49,1.15
1800420560.9999378,0.32,-1.83,0.65,-111.86,-88.14,281.4,1.97
1800420561.0999317,0.04,-1.54,-0.52,-452.98,-117.81,509.43,1.62
1800420561.1999254,1.56,0.74,-0.67,-53.95,-117.11,513.58,1.85
1800420561.2999191,1.09,2.11,-1.86,-470.8,-73.31,408.0,3.01
1800420561.399913,0.33,0.94,-0.69,293.6,-165.07,-382.22,1.21
1800420561.4999068,0.35,-0.44,-1.03,32.07,-139.94,-111.72,1.18
1800420561.5999005,0.52,-0.54,-1.07,-16.12,-30.23,162.96,1.3
1800420561.6998944,0.54,0.08,-1.09,-58.1,86.97,-79.0,1.22
1800420561.7998881,0.77,-0.12,-1.06,-28.0,-1.0,5.13,1.31
1800420561.8998818,0.78,-0.13,-0.74,-9.01,79.36,27.2,1.08
1800420561.9998758,0.89,-0.04,-0.58,5.48,39.15,36.59,1.06
1800420562.0998695,0.85,-0.05,-0.72,-17.11,48.15,88.66,1.11
1800420562.1998632,0.71,0.01,-0.58,27.5,61.04,9.38,0.92
1800420562.2998571,1.06,-0.12,-0.61,-66.08,-55.94,104.22,1.23
0.0,0.0,0.0,0.0,0.0,0.0,0.0,0.0
1800420565.0,0.04,-0.88,0.25,27.59,-43.86,-12.4,0.91
1800420565.092978,0.09,-1.0,0.17,40.78,-58.42,16.73,1.02
1800420565.185956,0.09,-1.01,0.21,75.51,-52.86,0.49,1.03
1800420565.2789338,0.05,-0.95,0.13,105.55,-59.84,-12.57,0.96
1800420565.3719118,-0.01,-1.02,0.09,103.06,-40.22,-19.13,1.02
1800420565.4648898,0.08,-0.89,-0.04,109.44,-86.86,-23.81,0.89
1800420565.5578678,0.16,-0.85,-0.03,111.77,-85.19,-25.04,0.86
1800420565.6508458,0.2,-0.82,0.09,158.42,-28.61,-8.24,0.85
1800420565.7438238,0.15,-0.51,-0.04,225.89,-8.94,62.78,0.54
1800420565.8368015,0.14,-0.7,-0.48,211.8,-18.86,76.02,0.86
1800420565.9297795,-0.31,-0.62,-0.94,160.61,-50.84,127.52,1.17
1800420566.0227575,-1.01,0.81,-1.24,496.73,236.81,-6.2,1.79
1800420566.1157355,-0.07,0.48,-1.27,220.91,315.1,-26.83,1.36
1800420566.2087135,0.21,0.39,-1.08,-164.4,-99.46,-49.5,1.17
1800420566.3016913,0.21,-0.05,-0.93,-121.26,2.6,-28.07,0.95
1800420566.3946693,0.37,-0.14,-1.03,-34.09,74.71,-55.12,1.1
1800420566.4876473,0.26,-0.05,-0.99,99.95,87.33,2.26,1.03
1800420566.5806253,0.48,-0.14,-0.94,67.35,-16.06,1.51,1.06
1800420566.6736033,0.3,-0.11,-0.99,-14.54,-121.85,23.97,1.04
1800420566.7665813,0.08,-0.19,-1.0,66.95,1.1,70.29,1.02
1800420566.859559,0.11,-0.1,-1.01,-10.81,-73.2,-20.15,1.02
1800420566.952537,0.01,-0.03,-1.02,-26.55,-89.54,-0.62,1.02
0.0,0.0,0.0,0.0,0.0,0.0,0.0,0.0
1800420570.0,-0.63,0.52,-0.85,-15.98,47.27,-34.84,1.18
1800420570.108307,-0.74,0.49,-0.79,-27.42,122.79,-49.61,1.19
1800420570.216614,-0.86,0.48,-0.52,-54.09,140.93,5.0,1.12
1800420570.324921,-0.93,0.54,-0.45,-120.45,147.85,-2.28,1.17
1800420570.433228,-0.84,0.52,-0.46,-159.88,129.62,-59.11,1.08
1800420570.541535,-0.87,0.63,-0.31,-217.09,142.11,-84.53,1.12
1800420570.649842,-0.75,0.7,-0.06,-247.97,128.92,-42.93,1.03
1800420570.758149,-0.47,0.78,0.22,-270.94,32.11,-37.34,0.94
1800420570.866456,0.02,0.95,0.11,-288.1,-30.98,-22.27,0.95
1800420570.974763,0.46,0.97,0.07,-247.25,-58.21,4.73,1.07
1800420571.08307,0.59,0.86,0.06,-118.01,37.09,9.17,1.05
1800420571.191377,0.67,0.89,-0.1,-46.76,6.12,82.08,1.12
1800420571.299684,0.72,0.72,-0.17,14.89,-16.55,74.24,1.03
1800420571.407991,0.74,0.7,-0.22,-9.29,-63.17,23.47,1.04
1800420571.516298,0.39,0.58,-0.29,-7.73,-52.07,12.12,0.76
1800420571.624605,0.57,0.73,-0.42,-53.76,-38.79,7.78,1.02
1800420571.732912,0.42,0.75,-0.26,-80.01,-14.85,-38.26,0.9
1800420571.841219,0.77,0.69,-0.24,-91.82,25.3,-4.58,1.07
1800420571.949526,0.82,0.68,-0.25,-95.03,15.26,-26.84,1.1
1800420572.057833,0.89,0.6,-0.21,-14.56,44.78,24.29,1.09
1800420572.1661398,0.9,0.58,-0.36,11.35,-8.71,6.2,1.13
1800420572.274447,0.66,0.44,-0.28,-3.27,-50.49,0.34,0.85
1800420572.3827538,0.82,0.63,-0.33,5.05,24.4,15.61,1.08
1800420572.491061,0.93,0.75,-0.34,27.21,-24.58,-52.61,1.24
1800420572.5993679,0.66,0.63,-0.11,55.33,-26.29,-5.43,0.92
1800420572.707675,0.7,0.7,-0.13,34.16,-47.85,10.23,1.0
1800420572.8159819,0.69,0.58,-0.17,6.36,-129.26,-7.53,0.92
1800420572.924289,0.79,0.51,-0.25,-10.69,-91.12,-35.24,0.97
1800420573.0325959,0.79,0.46,-0.14,-23.68,-52.77,-8.06,0.93
1800420573.140903,0.71,0.77,0.01,35.43,64.95,98.59,1.05
1800420573.24921,0.93,0.76,-0.26,-12.21,-2.93,19.53,1.23
1800420573.357517,0.66,0.68,-0.1,0.71,-48.68,-19.72,0.95
1800420573.465824,0.72,0.73,-0.12,-8.92,-24.49,-6.94,1.03
1800420573.574131,0.76,0.65,-0.15,43.11,-3.74,-35.79,1.02
1800420573.682438,0.68,0.71,-0.07,-6.07,-36.84,-19.98,0.99
1800420573.790745,0.73,0.71,-0.18,28.77,3.39,17.18,1.04
1800420573.899052,0.67,0.76,-0.2,20.67,10.92,-25.0,1.04
1800420574.007359,0.87,0.74,-0.18,14.09,25.78,-77.15,1.15
1800420574.115666,0.67,0.78,-0.1,98.82,59.16,-34.84,1.03
1800420574.223973,0.45,0.73,-0.1,32.29,-15.13,-67.06,0.86
1800420574.33228,0.44,0.74,-0.13,7.64,88.66,-39.59,0.87
1800420574.4405868,0.59,0.69,-0.26,-196.11,14.16,-49.94,0.94
1800420574.548894,0.67,0.5,-0.13,-300.06,-81.79,-145.12,0.84
1800420574.6572008,0.92,0.21,0.11,-87.47,41.16,-55.61,0.95
1800420574.765508,1.28,0.32,-0.02,-106.06,-67.04,-39.94,1.32
1800420574.8738148,1.18,0.11,0.25,-233.75,-122.18,-84.29,1.21
1800420574.982122,1.1,-0.17,0.32,-86.97,-145.29,27.96,1.16
1800420575.0904288,1.1,-0.03,0.23,-19.68,-17.28,96.18,1.12
1800420575.198736,1.13,-0.3,0.22,34.43,-16.1,116.54,1.19
1800420575.3070428,1.08,-0.22,0.19,123.7,192.33,45.29,1.12
1800420575.41535,1.47,0.08,-0.03,106.35,194.91,79.9,1.47
1800420575.5236568,0.99,0.27,0.06,180.31,167.39,136.48,1.02
1800420575.631964,0.93,0.47,-0.26,154.35,14.8,44.72,1.08
1800420575.7402709,0.65,0.38,-0.22,53.09,-32.89,-11.53,0.78
1800420575.848578,0.48,0.52,-0.14,155.28,-68.89,28.52,0.72
1800420575.9568849,0.53,0.56,-0.15,121.42,-214.0,57.97,0.78
1800420576.065192,1.03,0.61,-0.23,133.04,-125.96,135.58,1.22
1800420576.1734989,0.71,0.65,-0.01,148.8,-130.5,67.73,0.96
1800420576.281806,0.49,0.65,-0.06,149.39,-125.11,33.82,0.82
1800420576.3901129,0.42,0.88,0.12,71.07,-95.56,-10.07,0.99
1800420576.4984198,0.39,0.9,-0.06,73.94,-28.68,31.93,0.98
1800420576.606727,0.3,0.93,0.01,48.08,-76.81,19.94,0.98
1800420576.7150338,0.29,0.98,-0.22,83.5,31.78,24.92,1.05
1800420576.823341,0.24,1.07,-0.06,-14.95,19.28,-4.11,1.1
1800420576.9316478,0.27,1.0,0.0,28.72,42.57,-47.77,1.04
1800420577.039955,0.23,1.08,-0.23,45.99,44.0,-42.02,1.13
1800420577.1482618,0.27,0.88,-0.05,54.69,22.39,-37.43,0.92
1800420577.256569,0.17,0.96,-0.11,33.48,-13.36,-19.28,0.98
1800420577.3648758,0.29,0.98,-0.08,50.23,13.14,3.58,1.03
1800420577.473183,0.07,1.09,0.05,43.74,-70.65,16.9,1.1
1800420577.5814898,0.09,1.08,-0.04,2.78,-76.62,-0.5,1.09
1800420577.689797,0.01,0.98,-0.02,53.28,-5.24,-4.84,0.98
1800420577.7981038,0.13,1.05,-0.02,-4.95,-48.79,-25.53,1.06
1800420577.906411,0.08,0.99,-0.01,12.28,-2.54,-30.18,0.99
0.0,0.0,0.0,0.0,0.0,0.0,0.0,0.0
1800420575.0,-0.01,1.02,0.01,-55.62,-10.92,24.36,1.02
1800420575.111044,0.05,1.02,0.06,-17.26,-48.11,-8.49,1.03
1800420575.2220879,-0.04,1.03,-0.04,-71.62,6.82,10.91,1.03
1800420575.333132,-0.01,1.03,0.05,-74.17,-43.38,-3.52,1.03
1800420575.444176,-0.08,0.98,0.09,-65.28,-20.59,-2.98,0.98
1800420575.55522,-0.07,0.98,0.09,-89.05,-29.24,13.75,0.99
1800420575.6662638,-0.07,0.97,0.19,-113.76,-22.54,11.69,0.99
1800420575.7773077,-0.09,0.87,0.23,-124.6,9.88,-3.78,0.91
1800420575.8883517,0.04,0.78,0.17,-139.62,-15.01,22.88,0.8
1800420575.9993958,0.15,0.57,0.25,-185.61,-21.48,0.39,0.64
1800420576.1104398,0.03,0.35,0.34,-209.97,63.1,31.18,0.49
1800420576.2214837,0.84,1.55,1.54,-19.32,181.93,107.54,2.34
1800420576.3325276,0.24,-0.13,1.92,-238.38,-29.49,27.37,1.94
1800420576.4435716,0.77,-1.01,1.8,-188.77,336.7,112.45,2.2
1800420576.5546157,-0.14,-0.44,0.99,-83.72,65.42,63.27,1.09
1800420576.6656597,0.57,-0.65,1.16,-51.93,78.25,14.98,1.45
1800420576.7767036,0.45,-0.16,1.06,35.69,-39.78,-47.77,1.16
1800420576.8877475,0.41,-0.12,0.93,-17.86,-38.11,-9.2,1.03
1800420576.9987915,0.4,-0.2,0.98,-40.8,-65.39,-14.25,1.08
1800420577.1098354,0.27,-0.19,1.37,-92.01,-81.03,50.32,1.41
1800420577.2208796,0.22,-0.25,1.23,-23.72,8.48,23.32,1.27
0.0,0.0,0.0,0.0,0.0,0.0,0.0,0.0
1800420580.0,-0.1,0.89,0.03,34.81,19.47,-11.5,0.89
1800420580.10248,-0.02,0.88,-0.06,-41.97,25.75,16.85,0.88
1800420580.2049599,-0.11,0.86,0.09,-78.56,35.3,23.47,0.87
1800420580.3074398,-0.11,0.87,0.2,-62.66,69.01,4.51,0.9
1800420580.4099195,-0.2,0.84,0.09,-67.91,132.39,-11.47,0.87
1800420580.5123994,-0.26,0.8,0.06,-50.77,149.42,7.36,0.85
1800420580.6148794,-0.27,0.78,0.03,-19.96,160.19,-0.82,0.82
1800420580.7173593,-0.34,0.63,-0.07,-56.49,12.95,29.37,0.72
1800420580.8198392,-0.23,0.55,-0.07,-102.83,128.94,87.13,0.61
1800420580.9223192,-0.91,1.41,0.3,85.1,285.86,276.84,1.71
1800420581.024799,-0.17,1.88,-0.08,-183.2,215.44,169.33,1.89
1800420581.1272788,0.02,0.08,-0.21,520.0,-6.12,67.24,0.23
1800420581.2297587,1.95,0.9,1.81,-147.98,-308.77,68.8,2.81
1800420581.3322387,-0.51,-0.81,0.37,328.59,-170.91,-328.91,1.03
1800420581.4347186,0.26,-0.21,0.38,211.28,-154.41,-14.17,0.5
1800420581.5371985,0.23,0.08,0.79,-98.7,-59.05,109.36,0.83
1800420581.6396785,0.02,-0.48,1.3,-74.46,-121.46,125.4,1.39
1800420581.7421584,0.12,-0.15,0.85,71.44,-115.39,-157.18,0.88
1800420581.844638,0.18,0.28,0.75,-37.26,-93.13,-111.86,0.82
1800420581.947118,-0.03,0.43,0.77,23.39,-31.63,-78.42,0.89
1800420582.049598,-0.2,0.56,0.79,-60.45,-120.19,-55.45,0.99
1800420582.152078,-0.1,0.38,0.71,86.31,67.27,50.41,0.81
1800420582.2545578,0.23,0.25,0.74,18.74,145.57,25.66,0.81
0.0,0.0,0.0,0.0,0.0,0.0,0.0,0.0
1800420585.0,0.09,-0.9,0.26,8.19,-4.86,-22.39,0.94
1800420585.1052444,0.05,-0.99,0.32,8.64,-10.12,-6.23,1.04
1800420585.2104886,0.05,-0.93,0.24,9.24,-15.74,-13.16,0.96
1800420585.315733,0.05,-0.92,0.27,26.38,-21.54,16.64,0.96
1800420585.4209774,0.06,-0.92,0.32,6.54,-12.68,-21.87,0.97
1800420585.5262215,-0.07,-0.97,0.17,-11.51,-1.68,-22.03,0.98
1800420585.631466,-0.12,-0.88,0.2,8.44,-3.0,-34.92,0.91
1800420585.73671,-0.16,-0.9,0.29,-10.3,-21.11,-57.62,0.96
1800420585.8419545,-0.2,-0.92,0.25,-17.2,-4.89,-39.49,0.97
1800420585.9471989,-0.25,-0.96,0.27,-25.47,2.04,-59.92,1.03
1800420586.052443,-0.24,-0.78,0.29,-11.94,9.81,-48.27,0.87
1800420586.1576874,-0.1,-0.69,0.19,-2.11,5.26,-83.21,0.73
1800420586.2629318,-0.11,-0.67,0.22,-0.1,21.17,-90.93,0.71
1800420586.368176,0.08,-0.32,0.18,129.73,-28.49,-61.69,0.37
1800420586.4734204,-0.79,-0.17,0.34,-83.44,191.61,-158.52,0.87
1800420586.5786645,-1.99,-1.92,-0.3,-520.0,477.37,-124.08,2.78
1800420586.683909,-2.03,-1.09,0.53,-520.0,489.13,-140.71,2.36
1800420586.7891533,-0.61,0.41,0.01,-168.17,30.49,-275.33,0.73
1800420586.8943975,-1.37,-0.11,-0.49,-23.8,166.69,38.87,1.46
1800420586.999642,-0.61,-0.1,-0.92,68.42,41.42,49.7,1.11
1800420587.1048863,-0.51,-0.3,-0.69,79.46,-27.15,-19.28,0.91
1800420587.2101305,-0.59,-0.35,-0.73,-62.9,-8.11,24.06,1.0
1800420587.3153749,-0.69,-0.34,-0.65,-75.35,-83.33,37.74,1.01
1800420587.420619,-0.72,-0.24,-0.68,-77.46,-73.34,10.26,1.02
1800420587.5258634,-0.82,-0.11,-0.64,-87.23,2.13,-26.55,1.05
1800420587.6311078,-0.89,-0.14,-0.63,-28.65,-19.32,27.78,1.1
1800420587.736352,-0.74,-0.01,-0.65,11.36,-17.16,15.11,0.99
1800420587.8415964,-0.79,-0.08,-0.79,2.32,15.25,9.34,1.12
0.0,0.0,0.0,0.0,0.0,0.0,0.0,0.0
1800420590.0,-0.14,-0.12,-0.77,7.57,-27.96,27.59,0.79
1800420590.1007123,-0.4,-0.14,-0.72,-52.18,32.26,-9.77,0.84
1800420590.2014246,-0.43,-0.12,-0.71,-17.03,66.62,24.3,0.84
1800420590.302137,-0.3,-0.16,-0.67,-17.85,38.92,20.91,0.75
1800420590.4028492,-0.15,-0.15,-0.94,-29.77,45.41,30.4,0.96
1800420590.5035615,-0.15,-0.15,-0.91,29.2,-6.07,26.38,0.94
1800420590.6042738,-0.1,-0.13,-0.85,36.79,-28.22,6.14,0.87
1800420590.704986,-0.16,-0.13,-0.84,8.7,8.22,-1.62,0.86
1800420590.8056984,-0.12,-0.12,-0.81,20.39,21.33,18.12,0.82
1800420590.9064107,-0.11,-0.15,-0.9,0.84,72.2,-13.79,0.92
1800420591.007123,-0.14,-0.23,-0.78,7.47,93.36,-2.22,0.82
1800420591.1078353,-0.11,-0.15,-0.68,-15.55,84.81,40.43,0.7
1800420591.2085476,-0.17,-0.22,-0.62,-1.77,88.64,59.16,0.68
1800420591.30926,-0.1,-0.2,-0.41,-14.59,119.79,-8.57,0.47
1800420591.4099722,0.21,-0.04,-0.23,-18.08,237.17,63.51,0.32
1800420591.5106845,0.83,1.31,0.06,34.73,513.29,338.43,1.55
1800420591.6113968,1.94,1.74,2.06,-517.12,-520.0,438.72,3.33
1800420591.712109,1.92,0.77,1.47,-153.41,115.49,-428.96,2.54
1800420591.8128214,0.97,0.09,-0.11,-69.4,-24.02,-264.49,0.98
1800420591.9135337,1.22,0.01,-0.01,-123.75,98.61,101.17,1.22
1800420592.014246,1.34,0.02,0.19,-3.17,77.36,-106.55,1.35
1800420592.1149583,0.76,0.02,0.07,9.48,-98.9,-49.58,0.76
1800420592.2156706,0.76,0.01,0.02,-52.13,-66.31,-16.11,0.76
1800420592.316383,0.86,-0.02,-0.06,6.22,-79.31,9.67,0.86
1800420592.4170952,0.83,-0.01,-0.2,-23.28,-97.87,9.33,0.85
1800420592.5178075,0.75,-0.03,-0.21,0.45,-126.22,69.68,0.78
1800420592.6185198,0.83,0.02,-0.44,20.26,-145.28,104.8,0.94
1800420592.719232,0.89,0.06,-0.4,23.25,-108.47,98.48,0.98
1800420592.8199444,0.79,0.19,-0.68,-60.2,-206.06,96.19,1.06
1800420592.9206567,0.56,0.28,-0.57,-45.58,-115.47,28.5,0.85
1800420593.021369,0.62,0.4,-0.54,-14.24,-51.85,51.08,0.92
1800420593.1220813,0.7,0.29,-0.56,-5.81,-4.76,15.81,0.94
1800420593.2227936,0.78,0.4,-0.6,-17.77,3.94,5.61,1.06
1800420593.3235059,0.66,0.38,-0.61,25.76,-15.78,14.37,0.97
0.0,0.0,0.0,0.0,0.0,0.0,0.0,0.0
1800420595.0,0.13,-0.93,0.11,-25.43,-15.84,49.51,0.95
1800420595.1051316,0.24,-1.08,-0.09,34.72,-47.28,67.96,1.11
1800420595.210263,0.26,-0.79,-0.08,10.17,-5.82,59.88,0.84
1800420595.3153946,0.22,-0.84,-0.12,-6.37,-46.51,21.85,0.88
1800420595.4205263,0.26,-0.88,-0.16,-8.66,-23.08,52.89,0.93
1800420595.525658,0.18,-0.85,-0.31,-36.81,-12.6,95.96,0.92
1800420595.6307893,0.18,-0.78,-0.2,-37.85,15.25,57.84,0.83
1800420595.735921,0.2,-0.79,-0.11,5.05,0.32,72.79,0.82
1800420595.8410525,0.14,-0.67,-0.3,0.41,-22.3,101.29,0.75
1800420595.9461842,0.13,-0.68,-0.2,21.41,71.75,91.09,0.72
1800420596.0513155,0.07,-0.72,0.28,18.04,318.89,-70.52,0.78
1800420596.1564472,-0.04,-0.01,-0.26,254.31,-171.7,290.3,0.26
1800420596.2615788,0.86,0.99,-1.98,-316.7,56.61,266.56,2.37
1800420596.3667104,-1.47,0.47,-1.26,-233.32,520.0,-510.61,1.99
1800420596.4718418,0.15,-0.41,-0.42,-237.68,520.0,-267.4,0.61
1800420596.5769734,0.79,-0.43,0.19,17.37,519.17,75.19,0.91
1800420596.682105,1.52,0.29,-0.01,-57.32,160.03,87.19,1.55
1800420596.7872367,0.82,-0.01,0.31,-129.68,200.59,114.02,0.87
1800420596.892368,1.1,-0.06,0.5,-208.82,278.51,-35.1,1.21
1800420596.9974997,1.22,-0.04,0.54,-41.65,108.33,-150.31,1.34
1800420597.1026313,1.06,0.11,0.23,-52.85,7.36,-36.29,1.09
1800420597.207763,1.12,0.09,0.44,-50.86,-29.09,63.33,1.21
1800420597.3128943,1.17,-0.08,0.31,-19.63,21.91,-29.04,1.21
1800420597.418026,1.06,-0.25,0.53,-36.82,-23.4,-57.77,1.21
1800420597.5231576,1.04,-0.15,0.3,-36.2,-70.72,-72.37,1.1
1800420597.6282892,0.76,-0.26,0.12,37.77,-91.64,-195.89,0.81
1800420597.7334206,1.16,-0.0,-0.05,-39.82,62.78,-11.13,1.17
1800420597.8385522,1.24,-0.09,0.67,106.13,66.09,89.82,1.41
1800420597.9436839,0.85,0.18,0.63,64.55,45.7,18.32,1.07
1800420598.0488153,0.87,-0.01,0.59,10.66,-67.25,26.36,1.05
0.0,0.0,0.0,0.0,0.0,0.0,0.0,0.0
1800420600.0,-0.16,-0.89,0.0,-20.9,46.49,-98.83,0.91
1800420600.1010847,0.01,-0.88,-0.14,2.53,140.63,-122.59,0.89
1800420600.2021694,0.42,-0.74,-0.1,-11.14,-13.44,-190.93,0.85
1800420600.3032541,0.29,-0.82,0.12,-42.27,-36.57,-145.0,0.88
1800420600.4043388,0.04,-0.52,0.09,58.61,-86.3,-245.19,0.53
1800420600.5054235,-0.16,-0.56,-0.18,-36.44,252.92,-268.62,0.61
1800420600.6065083,0.16,-0.3,0.66,-0.23,-63.0,-227.14,0.75
1800420600.707593,2.1,-0.27,-2.13,-516.56,-520.0,242.19,3.01
1800420600.8086777,1.91,1.41,-0.61,-520.0,518.41,-493.49,2.45
1800420600.9097624,0.74,0.4,-0.1,293.08,144.7,82.06,0.85
1800420601.0108473,0.56,0.64,0.07,205.24,303.39,98.62,0.85
1800420601.111932,0.77,0.41,-0.8,153.88,465.12,-85.91,1.18
1800420601.2130167,0.09,0.3,-0.81,133.08,520.0,-165.18,0.87
1800420601.3141015,-0.07,0.1,-0.84,-122.54,520.0,-116.29,0.84
1800420601.4151862,-0.57,0.05,-1.12,91.87,199.76,-148.93,1.25
1800420601.5162709,-0.48,0.04,-0.87,52.81,-43.64,-102.57,1.0
1800420601.6173556,-0.64,0.05,-0.81,14.8,93.8,-77.42,1.04
1800420601.7184403,-0.77,-0.02,-0.84,89.84,-14.73,-82.57,1.14
0.0,0.0,0.0,0.0,0.0,0.0,0.0,0.0
1800420605.0,-0.75,-0.01,-0.23,10.83,14.15,45.54,0.78
1800420605.103514,-0.73,-0.16,-0.37,-31.77,-37.52,-32.37,0.84
1800420605.207028,-0.73,-0.06,-0.49,-30.33,-63.72,21.46,0.88
1800420605.3105419,-0.7,-0.12,-0.27,-10.92,-67.34,13.71,0.76
1800420605.4140558,-0.9,-0.17,-0.18,-29.3,-29.9,21.63,0.93
1800420605.5175698,-0.87,-0.15,-0.18,25.71,-18.06,7.29,0.9
1800420605.6210837,-0.86,-0.18,-0.07,26.69,13.91,-7.53,0.88
1800420605.7245977,-0.84,-0.12,-0.13,-6.99,-10.41,-15.67,0.86
1800420605.8281116,-0.92,-0.11,-0.13,20.01,-35.51,-8.72,0.93
1800420605.9316258,-0.85,-0.14,-0.14,-2.97,-56.08,-22.73,0.87
1800420606.0351398,-0.8,-0.2,-0.12,9.77,-89.45,-0.62,0.84
1800420606.1386538,-0.78,-0.12,-0.15,3.65,-90.29,33.62,0.8
1800420606.2421677,-0.64,-0.14,-0.15,19.45,-84.57,44.53,0.67
1800420606.3456817,-0.37,-0.12,-0.12,10.68,-103.34,-2.59,0.41
1800420606.4491956,-0.15,0.01,0.18,-15.08,-216.22,53.01,0.24
1800420606.5527096,0.06,1.63,0.91,36.36,-490.75,359.63,1.87
1800420606.6562235,2.03,2.1,2.11,-520.0,488.15,437.48,3.6
1800420606.7597375,1.49,0.95,2.03,-149.05,-116.14,-453.34,2.7
1800420606.8632514,-0.13,0.1,1.0,-67.71,4.68,-258.45,1.02
1800420606.9667654,0.04,0.15,1.25,-150.04,-91.85,99.31,1.26
1800420607.0702794,0.13,0.08,1.4,1.99,-75.49,-108.83,1.41
1800420607.1737933,0.02,0.02,0.85,-19.23,84.34,-43.15,0.86
1800420607.2773073,-0.01,0.0,0.81,-58.02,45.2,-40.95,0.81
1800420607.3808212,-0.08,0.02,0.96,-25.64,71.57,-5.52,0.97
1800420607.4843352,-0.25,0.01,0.84,-24.5,79.27,0.08,0.87
1800420607.5878491,-0.19,0.05,0.8,-3.17,96.04,46.27,0.82
1800420607.691363,-0.49,0.1,0.85,20.38,118.79,102.05,0.98
1800420607.7948773,-0.39,0.13,0.98,20.47,90.92,83.88,1.06
1800420607.8983912,-0.64,0.3,0.82,-52.91,165.86,97.99,1.08
1800420608.0019052,-0.62,0.38,0.59,-60.41,112.02,42.87,0.94
1800420608.1054192,-0.57,0.54,0.58,-17.24,36.04,43.02,0.97
1800420608.208933,-0.54,0.46,0.76,-5.0,10.92,12.41,1.03
1800420608.312447,-0.6,0.52,0.74,-16.7,-3.64,-1.75,1.09
1800420608.415961,-0.59,0.44,0.76,-10.3,19.39,-2.5,1.06
0.0,0.0,0.0,0.0,0.0,0.0,0.0,0.0
1800420610.0,0.11,-0.99,0.05,-17.49,19.98,28.3,1.0
1800420610.0928195,0.16,-1.08,-0.07,-8.68,33.91,-22.51,1.09
1800420610.1856387,0.04,-0.92,-0.03,-73.59,11.57,-45.46,0.92
1800420610.278458,0.0,-1.08,0.04,-73.16,-18.35,11.92,1.08
1800420610.3712773,0.04,-0.96,0.1,-80.49,5.89,-2.54,0.96
1800420610.4640968,0.02,-1.01,0.13,-24.42,17.73,14.03,1.02
1800420610.556916,-0.04,-0.97,0.14,-86.51,27.24,1.67,0.99
1800420610.6497355,0.02,-0.91,0.2,-100.39,11.83,6.51,0.93
1800420610.7425547,-0.01,-0.87,0.18,-99.38,9.08,-29.3,0.89
1800420610.835374,-0.04,-0.76,0.21,-130.62,30.05,-48.8,0.79
1800420610.9281933,0.07,-0.55,0.37,-172.55,-6.72,-37.3,0.67
1800420611.0210128,0.21,-0.55,0.21,-182.58,-27.88,-70.11,0.62
1800420611.113832,0.19,-0.03,0.36,-187.49,-9.88,-58.22,0.41
1800420611.2066514,-1.28,-2.04,0.26,-46.08,-24.68,183.48,2.42
1800420611.2994707,1.88,1.38,2.06,-96.45,456.77,-389.91,3.11
1800420611.39229,0.31,0.66,1.01,335.21,148.3,110.3,1.24
1800420611.4851093,0.43,0.14,0.93,-129.03,3.68,-18.96,1.03
1800420611.5779288,0.85,0.13,1.35,-83.36,21.24,-28.26,1.6
1800420611.670748,0.45,0.29,0.99,-52.16,-19.9,3.12,1.12
1800420611.7635674,0.49,0.22,0.92,5.29,55.18,-12.22,1.07
1800420611.8563867,0.54,0.03,0.93,56.02,87.85,19.82,1.08
1800420611.949206,0.31,-0.03,0.93,0.93,96.42,-17.88,0.98
1800420612.0420253,0.16,-0.07,1.07,-52.64,8.8,4.02,1.08
1800420612.1348448,0.13,0.04,1.08,-58.78,0.03,4.58,1.08
0.0,0.0,0.0,0.0,0.0,0.0,0.0,0.0
1800420615.0,-0.06,-0.46,0.95,-34.52,-17.32,19.41,1.05
1800420615.1019487,-0.01,-0.34,1.01,-40.81,-28.71,3.03,1.06
1800420615.2038972,-0.07,-0.33,1.01,8.33,-8.16,20.31,1.07
1800420615.305846,-0.04,-0.4,0.91,-10.78,-20.91,6.69,1.0
1800420615.4077947,-0.02,-0.32,0.89,-21.36,-13.98,-6.16,0.94
1800420615.5097432,-0.05,-0.29,0.94,-2.51,-13.14,3.86,0.98
1800420615.611692,0.03,-0.26,0.9,-15.91,-8.43,15.47,0.94
1800420615.7136407,-0.07,-0.36,0.97,-15.05,-2.89,20.21,1.04
1800420615.8155892,0.02,-0.28,0.9,-38.46,-15.89,18.02,0.94
1800420615.917538,0.0,-0.36,0.81,-46.53,-15.57,10.42,0.88
1800420616.0194867,-0.03,-0.38,0.91,-42.52,-16.35,11.28,0.98
1800420616.1214352,-0.1,-0.35,0.86,-48.22,-38.4,4.79,0.94
1800420616.223384,0.06,-0.37,0.73,-46.2,-12.51,27.55,0.82
1800420616.3253326,-0.08,-0.54,0.34,97.33,14.68,109.64,0.65
1800420616.4272811,0.51,-0.81,-0.29,204.2,411.38,426.94,1.0
1800420616.5292299,-0.56,-0.51,2.11,499.91,246.84,40.2,2.25
1800420616.6311786,2.03,-1.99,0.8,-520.0,-75.58,475.56,2.95
1800420616.733127,-0.07,-0.26,0.98,-54.72,43.76,66.78,1.02
1800420616.8350759,-0.17,-0.07,0.9,-26.15,-72.8,-62.16,0.92
1800420616.9370246,-0.23,-0.43,0.93,30.31,-35.25,-20.78,1.05
1800420617.0389733,-0.13,-0.49,0.86,-6.2,-20.11,30.1,1.0
1800420617.1409218,-0.19,-0.43,0.93,-20.37,-4.92,17.38,1.04
1800420617.2428706,-0.18,-0.33,0.9,-17.28,-0.64,3.85,0.98
1800420617.3448193,-0.21,-0.43,0.86,25.76,-23.78,1.44,0.99
1800420617.4467678,-0.13,-0.5,0.88,-1.69,-8.55,3.65,1.02
1800420617.5487165,-0.15,-0.42,0.94,8.61,-3.04,0.79,1.04
1800420617.6506653,-0.1,-0.37,0.93,27.05,-2.86,-1.09,1.01
1800420617.7526138,-0.08,-0.39,0.92,11.14,-1.28,7.61,1.01
1800420617.8545625,-0.15,-0.34,0.88,14.15,1.7,1.25,0.95
1800420617.9565113,-0.35,-0.35,0.97,-24.13,-3.41,91.72,1.09
1800420618.0584598,-0.24,-0.31,0.87,13.19,-44.4,53.13,0.96
1800420618.1604085,-0.18,-0.38,0.97,16.95,-72.76,-17.14,1.05
1800420618.2623572,-0.41,-0.4,0.87,24.43,-44.75,-14.41,1.04
1800420618.3643057,-0.32,-0.44,0.79,73.81,-27.88,-3.16,0.96
1800420618.4662545,-0.23,-0.54,0.83,31.53,-13.33,41.32,1.02
1800420618.5682032,-0.33,-0.45,0.77,54.84,5.2,-37.52,0.95
1800420618.6701517,-0.21,-0.5,0.83,17.49,47.3,-36.72,1.0
1800420618.7721004,-0.2,-0.34,0.98,-12.15,-14.33,-105.45,1.06
1800420618.8740492,0.13,-0.39,0.97,-121.71,-25.12,-218.99,1.06
1800420618.9759977,0.35,0.02,0.92,-186.85,-31.77,-81.88,0.98
1800420619.0779464,-0.64,-0.52,2.14,-209.39,-270.71,-198.27,2.29
1800420619.1798952,0.01,-0.16,1.27,52.61,-143.14,-61.53,1.28
1800420619.2818437,-0.34,0.09,1.09,64.7,22.68,-79.83,1.15
1800420619.3837924,-0.03,-0.16,0.77,124.17,106.65,-23.44,0.79
1800420619.4857411,0.21,-0.27,0.54,62.52,22.75,-41.29,0.64
1800420619.5876896,0.31,-0.29,0.55,8.24,8.14,10.42,0.69
1800420619.6896384,0.27,-0.33,0.71,11.51,-51.42,-10.04,0.83
1800420619.791587,0.25,-0.21,0.84,-136.65,-25.21,-14.21,0.9
1800420619.8935356,0.25,-0.14,1.07,-80.37,-73.9,50.97,1.11
1800420619.9954844,-0.02,-0.09,1.12,-12.48,-39.77,55.52,1.12
1800420620.097433,-0.07,-0.05,0.95,-7.52,-78.45,6.5,0.96
1800420620.1993816,-0.14,-0.1,1.04,19.92,-52.76,16.88,1.05
1800420620.3013303,-0.01,0.02,0.93,94.96,-76.15,17.9,0.93
1800420620.403279,-0.14,-0.19,1.01,-24.52,5.45,30.89,1.04
1800420620.5052278,-0.16,-0.07,1.01,-7.91,-11.63,40.03,1.02
1800420620.6071763,-0.12,-0.1,0.89,-14.0,-13.0,51.24,0.9
0.0,0.0,0.0,0.0,0.0,0.0,0.0,0.0
1800420620.0,-0.14,1.04,0.2,-3.18,8.34,28.12,1.07
1800420620.0961967,-0.07,1.08,0.11,27.04,43.95,27.43,1.09
1800420620.1923935,-0.11,1.05,0.11,7.79,78.1,18.37,1.06
1800420620.2885902,-0.09,1.07,0.05,-36.12,77.56,39.26,1.08
1800420620.384787,-0.06,0.98,0.19,-34.78,63.22,28.57,1.0
1800420620.4809837,0.07,0.97,0.09,-46.12,128.01,75.47,0.98
1800420620.5771804,-0.07,0.92,0.22,43.14,87.71,-184.22,0.94
1800420620.6733773,-0.02,0.9,0.23,2.01,129.19,-108.71,0.93
1800420620.769574,-0.02,0.79,0.28,35.57,148.24,-92.4,0.83
1800420620.8657708,0.04,0.62,0.01,6.4,223.01,-34.76,0.62
1800420620.9619675,-0.15,0.64,0.11,98.13,172.22,-113.97,0.67
1800420621.0581644,-1.03,0.33,1.28,111.56,-227.23,-380.48,1.68
1800420621.154361,1.37,0.3,0.36,-142.44,-502.49,-436.79,1.45
1800420621.2505577,-1.87,-0.47,1.21,-266.32,237.78,121.97,2.27
1800420621.3467546,-0.44,0.75,0.05,-85.56,7.71,84.75,0.86
1800420621.4429512,-0.76,0.1,0.62,-18.57,166.82,-38.16,0.99
1800420621.539148,-1.23,0.01,0.7,35.21,62.92,-100.35,1.42
1800420621.6353447,-0.69,0.42,0.6,61.25,-31.42,98.09,1.01
1800420621.7315414,-0.66,0.37,0.67,11.51,-27.89,25.18,1.0
1800420621.8277383,-0.66,0.35,0.68,-71.94,16.16,26.01,1.01
1800420621.923935,-0.66,0.52,0.57,-33.35,2.47,27.69,1.01
1800420622.0201318,-0.6,0.64,0.57,-57.0,29.21,27.85,1.05
1800420622.1163285,-0.75,0.56,0.56,4.05,10.0,3.08,1.09
1800420622.2125254,-0.65,0.49,0.59,-20.72,21.18,18.43,1.01
1800420622.308722,-0.65,0.54,0.62,-20.0,6.54,2.33,1.05
1800420622.4049187,-0.67,0.47,0.5,9.36,29.59,23.95,0.96
1800420622.5011156,-0.71,0.57,0.57,-14.69,8.55,6.39,1.07
0.0,0.0,0.0,0.0,0.0,0.0,0.0,0.0
1800420625.0,0.12,-0.92,0.05,34.19,-16.32,51.97,0.93
1800420625.0999916,-0.05,-0.97,0.02,-3.27,-9.03,-6.92,0.97
1800420625.1999831,-0.03,-0.96,0.02,-31.05,-21.11,23.87,0.96
1800420625.2999744,-0.02,-1.0,-0.13,27.52,-55.46,40.17,1.01
1800420625.399966,-0.04,-1.0,-0.04,-23.27,-30.26,13.17,1.0
1800420625.4999576,0.02,-0.79,-0.06,-5.6,-48.75,-46.81,0.8
1800420625.5999491,-0.27,-0.67,-0.14,6.96,-139.03,21.94,0.74
1800420625.6999404,-0.27,-0.64,-0.18,-113.47,-216.76,-6.17,0.71
1800420625.799932,-0.02,-0.5,-0.1,-141.21,-257.5,-124.89,0.51
1800420625.8999236,-0.18,-0.35,-0.04,-271.72,-142.85,-246.49,0.4
1800420625.9999151,2.15,-0.86,0.22,-477.71,-7.02,-520.0,2.32
1800420626.0999064,2.06,-1.17,-0.06,130.85,309.59,520.0,2.37
1800420626.199898,2.14,1.57,1.22,-310.93,-29.59,-210.48,2.92
1800420626.2998896,0.07,0.18,0.38,288.33,10.55,337.52,0.42
1800420626.3998811,0.8,0.55,0.64,-267.0,23.98,-293.4,1.16
1800420626.4998724,1.11,0.34,0.4,-46.0,24.1,105.37,1.23
1800420626.599864,0.78,-0.34,0.62,-3.83,-13.1,154.04,1.05
1800420626.6998556,0.64,-0.27,0.43,103.82,-19.37,116.72,0.82
1800420626.7998471,0.72,-0.34,0.56,33.5,-45.84,54.17,0.97
1800420626.8998384,0.46,-0.26,0.5,29.35,-54.02,36.84,0.73
1800420626.99983,0.92,-0.49,0.39,-16.55,-77.76,53.02,1.11
1800420627.0998216,0.56,-0.42,0.47,-12.08,-41.13,1.81,0.85
1800420627.1998131,0.93,-0.49,0.38,-17.3,-53.17,71.12,1.12
1800420627.2998047,0.72,-0.34,0.37,9.16,-14.16,39.05,0.88
0.0,0.0,0.0,0.0,0.0,0.0,0.0,0.0
1800420630.0,-0.06,-1.06,-0.12,-1.44,17.62,-14.74,1.07
1800420630.1006632,-0.03,-0.96,-0.1,-3.03,10.56,-10.12,0.97
1800420630.2013264,-0.08,-0.97,-0.12,-14.02,11.02,13.75,0.98
1800420630.3019896,-0.13,-0.94,-0.17,-15.09,12.25,4.35,0.97
1800420630.4026527,-0.03,-0.98,-0.09,-14.45,27.18,-6.96,0.98
1800420630.503316,-0.07,-0.94,-0.07,-29.56,22.08,2.25,0.94
1800420630.603979,-0.08,-0.97,-0.09,-28.54,20.17,-3.68,0.98
1800420630.7046423,-0.05,-1.02,-0.05,-32.86,46.85,2.24,1.02
1800420630.8053055,-0.0,-0.88,-0.04,-63.25,-50.05,23.35,0.88
1800420630.9059684,-0.21,-0.92,0.02,14.22,-103.8,-38.99,0.94
1800420631.0066316,-0.37,-0.93,0.02,-32.33,-312.57,-0.97,1.0
1800420631.1072948,-0.32,-0.34,-0.02,25.22,-273.25,-136.62,0.46
1800420631.207958,0.23,0.37,-0.31,-111.07,-271.89,-67.1,0.53
1800420631.3086212,1.48,0.36,0.65,-33.86,-175.02,283.68,1.66
1800420631.4092844,1.86,1.93,-0.66,-403.85,515.28,48.6,2.76
1800420631.5099475,0.99,-0.13,0.32,92.75,223.35,171.85,1.05
1800420631.6106107,0.23,-0.63,0.53,-12.5,-223.65,227.18,0.85
1800420631.711274,0.37,-0.32,0.67,-105.35,-141.15,234.95,0.83
1800420631.811937,0.71,-0.39,0.97,-36.48,78.82,34.15,1.26
1800420631.9126003,0.4,-0.31,0.78,3.3,35.07,-140.17,0.93
1800420632.0132635,1.07,0.14,1.05,3.37,-125.22,48.31,1.51
1800420632.1139266,0.41,-0.2,0.67,-21.29,171.15,15.4,0.81
1800420632.2145898,0.66,-0.23,0.48,22.79,103.58,9.71,0.85
1800420632.315253,0.72,-0.31,0.48,-31.81,88.7,-15.19,0.92
1800420632.4159162,0.64,-0.18,0.49,-14.14,59.59,17.25,0.82
1800420632.5165792,0.75,-0.16,0.44,-11.54,58.16,3.09,0.88
1800420632.6172423,0.78,-0.17,0.47,-27.96,79.75,-3.64,0.92
0.0,0.0,0.0,0.0,0.0,0.0,0.0,0.0
1800420635.0,-0.21,-0.93,-0.1,-35.43,9.99,-4.05,0.96
1800420635.105265,-0.1,-0.87,0.19,-54.97,24.15,-13.75,0.9
1800420635.2105296,-0.16,-0.82,0.08,-94.86,3.24,-54.08,0.84
1800420635.3157945,-0.25,-0.94,0.05,-91.92,13.1,-70.48,0.97
1800420635.4210594,-0.24,-0.82,-0.06,-43.86,-32.2,-28.76,0.86
1800420635.5263243,-0.23,-0.9,-0.17,-65.7,-62.61,17.66,0.94
1800420635.631589,-0.14,-0.81,-0.26,-101.49,-94.02,14.87,0.86
1800420635.7368538,-0.23,-0.86,-0.27,-95.65,-123.1,-4.71,0.93
1800420635.8421187,-0.26,-0.55,-0.18,-88.92,-155.06,-63.87,0.63
1800420635.9473836,-0.27,-0.67,-0.21,-119.87,-186.72,-33.14,0.75
1800420636.0526483,-0.12,-0.63,-0.36,-50.2,-263.16,58.39,0.73
1800420636.1579132,-0.19,-1.04,-0.96,-150.48,-336.66,148.24,1.43
1800420636.263178,-1.43,-1.54,-0.77,-300.06,-333.31,-159.47,2.23
1800420636.368443,0.09,-1.45,-0.33,-161.86,107.99,43.79,1.49
1800420636.4737077,-0.0,0.0,-1.66,-520.0,-324.58,449.95,1.66
1800420636.5789726,0.22,1.44,-0.81,-46.33,163.91,231.26,1.66
1800420636.6842375,-0.13,0.74,-1.0,-130.09,3.87,93.39,1.25
1800420636.7895024,0.04,0.27,-1.3,4.15,-79.48,-12.58,1.33
1800420636.894767,0.31,0.09,-1.48,-104.19,-133.89,75.03,1.51
1800420637.000032,0.27,0.21,-0.95,141.42,-2.12,12.46,1.0
1800420637.1052969,0.4,0.05,-1.07,-94.74,-69.03,45.6,1.14
1800420637.2105618,0.41,0.02,-1.21,-8.58,-120.01,51.28,1.28
1800420637.3158264,0.45,-0.05,-1.0,52.26,-16.42,-26.51,1.09
1800420637.4210913,0.29,0.03,-0.93,-15.86,-8.87,-9.29,0.97
1800420637.5263562,0.33,-0.02,-1.01,-59.38,1.31,32.63,1.06
1800420637.6316211,0.32,0.02,-1.1,1.36,17.92,5.67,1.14
0.0,0.0,0.0,0.0,0.0,0.0,0.0,0.0
1800420640.0,0.1,-0.79,0.42,50.86,37.34,2.83,0.9
1800420640.1004546,0.05,-0.84,0.41,68.74,24.48,2.2,0.94
1800420640.2009094,0.03,-0.76,0.44,102.2,13.43,2.22,0.88
1800420640.301364,0.04,-0.67,0.58,138.31,-19.3,6.08,0.89
1800420640.4018185,-0.03,-0.46,0.58,168.17,-11.33,4.68,0.74
1800420640.502273,-0.08,-0.35,0.62,203.11,-39.82,30.9,0.72
1800420640.602728,-0.34,-0.15,0.24,176.17,-46.95,3.52,0.44
1800420640.7031825,0.83,0.03,2.13,230.16,35.14,76.83,2.29
1800420640.803637,2.02,1.95,0.11,-285.61,-410.46,-209.79,2.81
1800420640.9040918,0.0,1.46,0.76,-58.72,66.21,-253.83,1.65
1800420641.0045464,-0.11,0.43,0.7,224.11,-62.24,-9.05,0.83
1800420641.105001,-0.17,0.21,0.95,8.22,-62.69,-20.65,0.99
1800420641.2054558,-0.47,0.36,0.89,50.31,-50.49,-26.88,1.06
1800420641.3059103,-0.48,0.35,0.79,-2.15,22.7,-47.7,0.99
1800420641.406365,-0.31,0.19,0.97,-37.44,53.44,-50.63,1.03
1800420641.5068195,-0.31,0.21,0.91,-53.8,22.58,-19.37,0.98
1800420641.6072743,-0.37,0.26,0.88,-39.45,24.78,-27.17,0.99
1800420641.7077289,-0.29,0.15,0.92,-49.33,28.28,-19.16,0.97
0.0,0.0,0.0,0.0,0.0,0.0,0.0,0.0
1800420645.0,0.02,-0.99,0.17,-1.35,30.87,-24.75,1.0
1800420645.1002896,-0.0,-1.03,0.09,-1.78,10.7,34.99,1.03
1800420645.2005792,0.01,-1.11,0.03,6.92,25.65,27.71,1.11
1800420645.3008687,0.06,-1.14,0.01,-9.93,4.71,20.91,1.14
1800420645.4011583,-0.05,-1.15,-0.06,-22.02,2.63,52.56,1.15
1800420645.501448,-0.04,-1.09,-0.01,-34.33,-3.31,36.56,1.09
1800420645.6017375,0.01,-1.11,-0.03,-23.53,13.15,56.18,1.11
1800420645.702027,-0.02,-0.96,-0.03,-9.65,2.2,56.02,0.96
1800420645.8023167,-0.11,-0.97,-0.04,-20.69,23.15,61.11,0.98
1800420645.9026062,-0.06,-0.69,-0.01,52.45,-7.85,75.73,0.69
1800420646.0028958,0.05,-0.62,-0.02,57.04,14.01,64.19,0.62
1800420646.1031854,0.14,-0.6,-0.16,-24.17,139.53,103.77,0.64
1800420646.203475,-0.58,-2.14,0.97,516.92,419.61,257.62,2.42
1800420646.3037646,0.08,-1.05,-0.56,-204.82,76.77,106.27,1.2
1800420646.404054,-0.22,-0.27,-2.12,-154.37,34.74,90.34,2.15
1800420646.5043435,-0.72,-0.2,-1.19,111.33,152.46,190.58,1.41
1800420646.604633,-0.17,-0.55,-0.98,-28.87,205.01,-20.18,1.13
1800420646.7049227,-0.31,-0.39,-0.93,8.35,35.95,-98.37,1.05
1800420646.8052123,-0.24,-0.36,-1.02,-109.58,-34.42,-77.79,1.11
1800420646.9055018,-0.42,-0.61,-0.88,-41.26,-69.21,-22.52,1.15
1800420647.0057914,-0.28,-0.73,-1.04,42.01,-42.6,59.36,1.31
1800420647.106081,-0.35,-0.67,-0.77,33.98,39.4,-39.18,1.07
1800420647.2063706,-0.31,-0.69,-0.88,12.69,4.28,11.23,1.16
1800420647.3066602,-0.33,-0.65,-0.93,-27.65,-26.88,4.93,1.18
1800420647.4069498,-0.39,-0.69,-0.9,-46.93,-7.71,-11.75,1.2
0.0,0.0,0.0,0.0,0.0,0.0,0.0,0.0
1800420650.0,-0.17,1.0,0.02,-24.23,51.62,-94.55,1.01
1800420650.0985928,0.04,0.84,0.04,18.67,104.89,-140.82,0.84
1800420650.1971855,0.42,0.9,0.11,-6.82,2.65,-213.73,1.0
1800420650.2957783,0.23,0.87,-0.04,-21.07,-16.34,-146.66,0.9
1800420650.394371,-0.02,0.58,-0.01,67.69,-65.79,-262.76,0.58
1800420650.4929638,-0.22,0.53,0.24,-19.76,230.66,-280.0,0.62
1800420650.5915565,0.18,0.27,-0.62,14.3,-69.44,-254.98,0.7
1800420650.6901493,2.16,0.32,2.03,-468.93,-520.0,216.81,2.98
1800420650.788742,1.99,-1.81,0.64,-486.94,447.29,-519.09,2.77
1800420650.8873348,0.71,-0.52,0.12,279.44,117.64,54.16,0.89
1800420650.9859276,0.56,-0.72,-0.07,207.42,266.79,82.52,0.92
1800420651.0845203,0.76,-0.53,0.7,153.71,411.03,-78.87,1.16
1800420651.183113,0.1,-0.41,0.69,124.16,515.19,-179.98,0.8
1800420651.2817056,-0.15,-0.24,0.79,-99.93,451.08,-137.09,0.84
1800420651.3802984,-0.52,-0.1,0.98,85.54,154.37,-163.37,1.11
1800420651.4788911,-0.44,-0.17,0.84,42.47,-35.46,-121.54,0.96
1800420651.577484,-0.6,-0.08,0.76,32.39,97.81,-54.99,0.97
1800420651.6760767,-0.74,-0.02,0.71,100.52,-11.78,-94.71,1.02
0.0,0.0,0.0,0.0,0.0,0.0,0.0,0.0
1800420655.0,0.02,0.74,-0.64,-13.93,-19.32,11.5,0.98
1800420655.100981,-0.05,0.81,-0.54,-21.28,0.04,29.35,0.97
1800420655.201962,0.02,0.75,-0.62,40.21,14.18,9.09,0.98
1800420655.302943,-0.04,0.76,-0.53,33.07,47.72,32.54,0.92
1800420655.4039242,-0.04,0.83,-0.49,46.17,44.98,40.67,0.97
1800420655.5049052,0.09,0.77,-0.63,8.33,61.82,14.17,1.0
1800420655.6058862,-0.05,0.87,-0.52,15.19,166.58,-28.67,1.02
1800420655.7068672,-0.3,0.79,-0.26,-50.81,16.66,25.14,0.88
1800420655.8078482,-0.0,0.43,-0.08,199.68,229.0,161.12,0.44
1800420655.9088292,0.14,-0.35,-0.35,-115.84,41.9,386.47,0.51
1800420656.0098102,-0.18,-0.28,-1.31,209.13,188.38,-206.52,1.36
1800420656.1107912,1.24,-1.92,-2.17,520.0,-520.0,-162.06,3.15
1800420656.2117724,-0.5,-1.61,-2.06,309.75,-520.0,352.28,2.66
1800420656.3127534,-0.67,0.18,-0.77,-176.09,33.6,-116.08,1.03
1800420656.4137344,-0.29,1.15,-0.55,-298.8,291.26,157.65,1.31
1800420656.5147154,-0.46,0.46,-0.31,-202.05,98.82,-158.29,0.72
1800420656.6156964,-0.58,0.6,-0.14,-149.41,10.35,-24.5,0.85
1800420656.7166774,-0.85,0.81,-0.04,-116.93,219.47,-35.5,1.17
1800420656.8176584,-0.66,0.76,-0.08,-44.58,127.87,114.0,1.01
1800420656.9186397,-0.36,0.92,-0.16,-66.74,81.93,85.34,1.0
1800420657.0196207,-0.62,0.72,0.3,2.18,152.21,8.12,1.0
1800420657.1206017,-0.4,0.84,0.18,-22.04,96.42,22.74,0.95
1800420657.2215827,-0.26,0.9,0.37,-58.86,39.92,22.99,1.01
1800420657.3225636,-0.34,0.93,0.43,-66.36,-41.9,26.19,1.08
1800420657.4235446,-0.35,0.88,0.5,-33.88,17.61,-15.94,1.07
1800420657.5245256,-0.43,0.87,0.5,-70.24,72.29,42.02,1.09
1800420657.6255066,-0.35,0.85,0.66,-29.18,-0.23,25.08,1.13
0.0,0.0,0.0,0.0,0.0,0.0,0.0,0.0
1800420660.0,0.11,-1.15,-0.03,31.56,-13.04,-14.9,1.16
1800420660.1030319,-0.02,-1.09,-0.02,7.19,-3.86,3.65,1.09
1800420660.206064,-0.09,-1.14,0.06,19.85,-20.41,44.05,1.15
1800420660.3090959,0.08,-1.22,-0.1,13.6,-41.05,-45.84,1.23
1800420660.4121277,0.02,-1.27,-0.12,5.84,-25.47,30.61,1.27
1800420660.5151598,0.08,-0.96,-0.09,-44.65,-57.94,32.15,0.97
1800420660.6181917,-0.13,-0.86,-0.23,23.67,-107.6,-14.94,0.9
1800420660.7212236,-0.21,-0.79,-0.17,-6.25,-198.59,131.71,0.83
1800420660.8242555,0.01,-0.58,-0.18,-109.29,-247.03,156.77,0.61
1800420660.9272876,-0.12,-0.54,-0.07,-228.7,-143.81,291.31,0.56
1800420661.0303195,2.27,-1.03,0.12,-496.21,5.51,520.0,2.5
1800420661.1333513,2.26,-1.35,-0.1,501.37,278.48,-122.65,2.63
1800420661.2363834,2.33,1.51,1.12,-189.96,-31.45,331.9,2.99
1800420661.3394153,0.13,0.06,0.31,281.75,25.58,-296.04,0.34
1800420661.4424472,0.86,0.55,0.64,-249.54,11.73,286.12,1.2
1800420661.5454793,1.24,0.18,0.41,108.87,19.84,65.87,1.32
1800420661.6485112,0.87,-0.42,0.53,140.2,-17.99,-22.61,1.1
1800420661.751543,0.77,-0.42,0.44,104.7,-12.34,-98.41,0.98
1800420661.8545752,0.73,-0.49,0.46,41.36,-55.52,-26.79,0.99
1800420661.957607,0.5,-0.39,0.5,38.48,-57.61,-18.19,0.8
1800420662.060639,0.94,-0.56,0.44,46.57,-80.96,22.19,1.18
1800420662.163671,0.8,-0.49,0.45,-3.02,-23.0,15.94,1.05
1800420662.266703,0.97,-0.53,0.43,71.01,-61.02,28.8,1.19
1800420662.3697348,0.86,-0.59,0.41,24.16,-14.56,-1.95,1.12
0.0,0.0,0.0,0.0,0.0,0.0,0.0,0.0
1800420665.0,-0.09,0.95,-0.07,13.57,-10.73,3.18,0.96
1800420665.1021461,-0.15,0.95,-0.07,7.16,-2.6,-13.74,0.96
1800420665.2042925,-0.09,1.01,-0.07,-22.96,-4.74,-24.44,1.01
1800420665.3064387,-0.1,0.94,-0.04,-12.81,-34.95,1.93,0.94
1800420665.408585,-0.04,0.92,0.01,-1.73,-27.79,-37.58,0.93
1800420665.5107312,-0.07,0.96,0.0,-5.8,-20.63,-28.54,0.96
1800420665.6128776,-0.1,0.9,-0.04,-14.46,-23.14,-39.89,0.9
1800420665.7150238,-0.21,0.95,0.03,-3.67,-63.67,-50.05,0.97
1800420665.8171701,-0.03,0.87,-0.0,-20.37,68.34,-61.66,0.87
1800420665.9193163,-0.25,0.96,0.06,31.39,120.03,13.79,1.0
1800420666.0214627,-0.52,0.96,0.11,4.93,362.76,-45.68,1.1
1800420666.1236088,-0.36,0.29,0.09,127.47,327.45,36.45,0.47
1800420666.2257552,0.28,-0.34,-0.25,22.12,335.06,-117.41,0.51
1800420666.3279014,1.71,-0.34,0.82,-287.92,222.1,-41.92,1.92
1800420666.4300478,2.13,-1.82,-0.58,-32.76,-520.0,-403.53,2.86
1800420666.532194,1.15,0.14,0.39,-179.81,-246.28,74.86,1.22
1800420666.6343403,0.22,0.73,0.68,-211.24,265.33,3.73,1.02
1800420666.7364864,0.41,0.33,0.75,-241.49,165.11,-101.73,0.92
1800420666.8386326,0.8,0.29,1.1,-43.05,-84.78,-32.48,1.39
1800420666.940779,0.46,0.36,0.92,154.65,-47.3,-6.46,1.09
1800420667.0429251,1.25,-0.11,1.13,-67.63,138.72,4.38,1.69
1800420667.1450715,0.41,0.12,0.72,-43.81,-204.45,-24.43,0.84
1800420667.2472177,0.74,0.27,0.63,-15.44,-118.36,-7.3,1.01
1800420667.349364,0.77,0.31,0.6,19.66,-109.44,-30.6,1.03
1800420667.4515102,0.77,0.21,0.65,-49.15,-90.32,-16.37,1.03
1800420667.5536566,0.81,0.17,0.54,-6.36,-75.55,-5.07,0.99
1800420667.6558027,0.89,0.13,0.53,5.88,-87.99,-39.54,1.04
0.0,0.0,0.0,0.0,0.0,0.0,0.0,0.0
1800420670.0,0.08,-1.08,-0.12,4.36,-2.25,-6.45,1.09
1800420670.0969794,0.19,-1.06,-0.14,26.57,-28.25,-26.2,1.09
1800420670.193959,0.24,-0.93,-0.02,52.73,-43.2,-57.27,0.96
1800420670.2909384,0.11,-0.91,0.02,43.71,-43.49,-71.57,0.92
1800420670.3879178,-0.0,-0.9,0.12,20.96,-42.54,-69.24,0.91
1800420670.4848971,-0.04,-0.97,0.31,-11.12,-109.83,-109.2,1.01
1800420670.5818768,-0.04,-0.91,0.3,12.5,-134.35,-29.37,0.96
1800420670.6788561,0.05,-0.71,0.37,45.41,-151.85,10.92,0.8
1800420670.7758355,0.08,-0.58,0.35,71.39,-156.99,-60.36,0.68
1800420670.8728151,-0.15,-0.71,0.28,69.47,-230.52,-96.93,0.77
1800420670.9697945,-0.9,-2.0,-1.13,305.07,-216.53,-40.03,2.47
1800420671.066774,0.03,-0.35,1.19,421.59,-155.65,63.21,1.24
1800420671.1637535,-0.58,-0.58,0.12,245.83,-232.49,393.52,0.83
1800420671.260733,-1.19,1.37,-0.59,-33.63,149.46,417.61,1.91
1800420671.3577123,-1.49,0.15,-0.58,108.36,40.98,98.55,1.61
1800420671.4546916,-1.12,0.15,-0.49,128.77,-88.27,25.73,1.23
1800420671.5516713,-1.09,-0.07,-0.88,-82.53,-44.81,21.65,1.4
1800420671.6486506,-0.75,-0.34,-0.78,-71.09,-2.96,-60.08,1.13
1800420671.74563,-0.8,-0.28,-0.56,49.07,3.27,-2.47,1.01
1800420671.8426096,-0.95,-0.25,-0.57,74.85,34.96,-0.18,1.14
1800420671.939589,-1.02,-0.11,-0.27,92.88,47.15,15.96,1.06
1800420672.0365684,-1.2,-0.12,-0.22,91.35,36.03,4.67,1.23
1800420672.133548,-1.16,-0.08,-0.17,55.72,-5.89,12.96,1.17
1800420672.2305274,-0.99,0.01,-0.13,3.36,-22.76,46.92,0.99
1800420672.3275068,-1.09,0.01,-0.35,27.18,-23.78,-22.61,1.15
1800420672.4244862,-1.02,0.14,-0.37,-16.61,-1.9,-1.88,1.1
0.0,0.0,0.0,0.0,0.0,0.0,0.0,0.0
1800420675.0,-0.02,1.0,-0.04,-14.29,-33.14,-13.62,1.01
1800420675.0990005,-0.03,0.92,-0.12,-24.45,-19.66,14.29,0.92
1800420675.198001,-0.08,1.02,-0.07,-40.45,-19.22,8.6,1.03
1800420675.2970014,-0.05,0.98,-0.04,-34.11,-34.75,18.61,0.98
1800420675.3960016,-0.09,0.97,-0.04,-44.14,-37.61,14.64,0.97
1800420675.495002,0.03,1.02,-0.03,-47.34,-29.34,24.72,1.02
1800420675.5940025,0.02,0.96,-0.09,-39.1,-35.01,26.63,0.96
1800420675.693003,-0.05,1.02,-0.11,-67.38,-57.63,15.66,1.03
1800420675.7920034,-0.01,0.88,-0.03,-94.03,63.7,35.37,0.88
1800420675.8910038,0.04,0.9,-0.17,6.16,92.43,-3.89,0.92
1800420675.990004,0.13,0.97,-0.29,-28.81,353.4,10.56,1.02
1800420676.0890045,0.05,0.26,-0.26,55.72,302.31,-138.5,0.37
1800420676.188005,-0.24,-0.42,0.29,-150.98,320.14,-52.13,0.56
1800420676.2870054,0.92,-0.46,1.3,-56.53,187.02,374.73,1.66
1800420676.3860059,-0.69,-2.01,1.67,-520.0,-520.0,50.1,2.7
1800420676.4850063,0.39,0.11,0.9,115.83,-231.26,233.81,0.99
1800420676.5840068,0.78,0.64,0.26,13.49,251.16,304.08,1.04
1800420676.683007,0.8,0.29,0.38,-127.39,128.15,307.05,0.93
1800420676.7820075,1.22,0.35,0.67,-62.49,-103.32,45.63,1.44
1800420676.881008,0.97,0.32,0.43,6.27,-73.7,-149.1,1.11
1800420676.9800084,1.2,-0.17,1.05,31.27,124.28,84.11,1.6
1800420677.0790088,0.86,0.16,0.37,-43.92,-195.26,24.94,0.95
1800420677.1780093,0.59,0.22,0.54,6.18,-113.19,28.44,0.83
1800420677.2770095,0.63,0.23,0.66,-54.2,-109.56,-15.42,0.94
1800420677.37601,0.66,0.12,0.66,-26.28,-88.68,49.03,0.95
1800420677.4750104,0.5,0.12,0.63,5.82,-78.51,14.92,0.82
1800420677.5740108,0.52,0.16,0.77,-39.42,-98.21,3.52,0.94
0.0,0.0,0.0,0.0,0.0,0.0,0.0,0.0
1800420680.0,-0.15,-0.95,0.06,-27.51,2.95,-23.25,0.96
1800420680.099448,-0.07,-1.02,0.08,-21.64,-0.19,-30.15,1.03
1800420680.1988957,-0.15,-0.97,0.08,-43.68,-10.72,-34.32,0.98
1800420680.2983437,-0.19,-0.89,-0.0,-50.65,5.3,-58.21,0.91
1800420680.3977914,-0.27,-1.06,-0.08,-45.09,-5.12,-62.68,1.09
1800420680.4972394,-0.23,-1.05,-0.18,24.89,7.33,-34.67,1.09
1800420680.596687,-0.33,-1.18,-0.35,-19.8,-19.29,-42.88,1.28
1800420680.696135,-0.21,-0.8,-0.26,6.55,-31.31,-33.74,0.87
1800420680.795583,-0.23,-0.98,-0.3,-27.0,-62.52,-55.37,1.05
1800420680.8950307,-0.24,-0.81,-0.25,-71.39,-80.02,-42.03,0.88
1800420680.9944787,-0.25,-0.64,-0.13,-127.22,-132.44,-23.93,0.7
1800420681.0939264,-0.2,-0.74,-0.27,-20.45,-208.1,1.09,0.82
1800420681.1933744,-0.87,-0.96,-0.48,123.21,-295.5,59.45,1.38
1800420681.2928221,2.14,-1.3,0.7,137.03,-431.87,-233.77,2.6
1800420681.39227,0.07,-1.31,-0.96,498.07,-491.03,-418.62,1.62
1800420681.4917178,0.36,1.16,-0.66,293.12,-1.25,308.11,1.38
1800420681.5911658,1.03,0.61,-1.27,252.6,-175.37,-235.83,1.75
1800420681.6906137,1.12,-0.27,-0.54,-159.51,-29.64,264.75,1.27
1800420681.7900615,1.04,-0.07,-0.35,12.34,9.89,-109.54,1.1
1800420681.8895094,1.14,-0.22,-0.84,40.23,60.15,57.03,1.43
1800420681.9889572,0.99,-0.3,-0.6,-32.66,12.17,54.95,1.19
1800420682.0884051,0.7,-0.22,-0.56,-42.22,112.12,8.66,0.92
1800420682.1878529,0.74,-0.25,-0.91,12.34,114.11,-84.13,1.2
1800420682.2873008,0.43,-0.68,-0.85,86.26,36.12,-8.92,1.17
1800420682.3867488,0.27,-0.26,-1.01,74.31,75.96,34.98,1.07
1800420682.4861965,0.43,-0.38,-0.84,-88.85,13.46,1.77,1.02
1800420682.5856445,0.28,-0.26,-0.92,10.58,-78.21,-79.5,1.0
1800420682.6850922,0.56,-0.29,-0.87,-14.5,-36.65,11.75,1.07
0.0,0.0,0.0,0.0,0.0,0.0,0.0,0.0
1800420685.0,0.08,0.92,-0.15,30.01,-11.19,9.58,0.94
1800420685.091303,-0.02,1.0,-0.18,54.72,-0.87,37.92,1.02
1800420685.182606,0.07,0.89,-0.13,60.07,-25.09,33.65,0.9
1800420685.273909,0.15,0.81,-0.04,99.02,-54.0,32.37,0.83
1800420685.365212,0.18,0.96,-0.02,115.83,-90.13,-39.09,0.98
1800420685.456515,0.35,0.88,0.13,72.18,-188.07,-38.15,0.95
1800420685.5478182,0.32,0.89,-0.05,39.54,-213.18,2.26,0.95
1800420685.639121,0.42,0.86,-0.12,24.77,-177.12,17.04,0.96
1800420685.7304242,0.41,0.71,-0.13,13.37,-165.67,-31.77,0.83
1800420685.8217273,0.2,0.4,-0.05,144.01,-261.95,-291.37,0.45
1800420685.9130301,1.05,1.08,-0.32,-107.0,-158.32,-27.41,1.54
1800420686.0043333,0.68,1.02,-0.51,-259.01,-49.43,170.82,1.33
1800420686.0956361,-1.58,1.88,0.72,-477.84,6.77,255.71,2.56
1800420686.1869392,-0.4,-0.12,0.45,-364.61,18.21,500.14,0.62
1800420686.2782423,-0.71,0.02,1.27,-134.44,244.85,-85.91,1.46
1800420686.3695452,-0.03,0.05,1.0,60.05,138.57,88.32,1.0
1800420686.4608483,-0.12,0.59,0.86,-63.54,-85.79,-227.86,1.05
1800420686.5521514,-0.24,0.58,0.69,-2.48,54.75,-238.87,0.93
1800420686.6434543,-0.36,0.76,0.49,-52.79,74.13,-112.12,0.97
1800420686.7347574,-0.35,0.61,0.57,64.09,-22.26,-64.86,0.9
1800420686.8260603,-0.11,0.59,0.71,118.92,-42.59,-94.58,0.93
1800420686.9173634,-0.04,0.71,0.45,143.08,-32.14,-112.51,0.85
1800420687.0086665,0.09,0.93,0.4,103.05,-17.2,-187.38,1.01
1800420687.0999694,0.28,0.93,0.36,215.65,27.54,-144.42,1.04
1800420687.1912725,0.42,1.03,0.47,105.62,30.83,32.55,1.2
1800420687.2825756,0.32,0.86,0.58,31.48,-15.83,-8.3,1.08
1800420687.3738785,0.3,0.95,0.59,37.1,-61.55,-139.84,1.16
1800420687.4651816,0.2,0.76,0.26,26.64,-153.94,-144.81,0.83
1800420687.5564845,0.4,0.85,0.18,30.15,-91.18,-54.74,0.96
0.0,0.0,0.0,0.0,0.0,0.0,0.0,0.0
1800420690.0,-0.02,-1.04,0.09,-27.83,62.87,-5.87,1.04
1800420690.1075134,-0.1,-1.18,0.15,-50.41,4.38,17.15,1.19
1800420690.2150266,-0.03,-1.18,0.09,-8.63,17.82,-23.33,1.18
1800420690.32254,0.01,-1.03,0.0,-46.54,26.13,-15.76,1.03
1800420690.4300535,-0.11,-1.12,-0.04,-76.0,23.98,12.57,1.12
1800420690.537567,-0.02,-1.02,0.12,-82.34,3.12,0.03,1.03
1800420690.64508,-0.05,-0.98,0.04,-99.57,13.34,-12.05,0.99
1800420690.7525935,0.01,-0.85,0.02,-132.43,33.4,-24.63,0.86
1800420690.860107,0.08,-0.6,0.17,-160.76,12.55,-22.33,0.63
1800420690.9676201,0.04,-0.4,0.29,-223.34,-70.15,28.02,0.5
1800420691.0751336,0.4,-1.52,1.86,-231.48,-462.64,272.54,2.43
1800420691.182647,0.87,-0.17,1.91,-378.61,51.96,-8.88,2.11
1800420691.2901604,0.37,0.33,2.11,-70.76,-520.0,123.56,2.17
1800420691.3976736,0.52,-0.14,0.84,26.36,91.43,8.58,1.0
1800420691.505187,0.32,-0.3,1.18,-132.49,-138.66,69.06,1.26
1800420691.6127005,0.61,-0.0,1.25,-21.47,56.15,-87.79,1.39
1800420691.7202137,0.45,0.1,1.12,-33.09,-21.34,-8.44,1.21
1800420691.827727,-0.06,0.46,0.83,65.69,-224.67,-9.68,0.95
1800420691.9352405,0.64,-0.32,1.32,41.27,41.4,-5.26,1.5
1800420692.0427537,0.04,-0.29,0.84,-67.12,-44.29,35.63,0.88
0.0,0.0,0.0,0.0,0.0,0.0,0.0,0.0
1800420695.0,-0.75,-0.4,0.12,30.59,-15.24,36.83,0.86
1800420695.1096323,-0.8,-0.33,0.2,36.63,-32.99,2.93,0.88
1800420695.2192645,-0.9,-0.33,0.1,-17.96,-24.11,16.78,0.96
1800420695.3288968,-0.78,-0.31,0.1,7.76,-25.49,-8.38,0.85
1800420695.438529,-0.8,-0.28,0.09,12.24,-7.9,1.47,0.85
1800420695.5481613,-0.79,-0.34,0.14,3.24,-5.45,22.2,0.87
1800420695.6577935,-0.73,-0.36,0.07,20.8,-19.67,9.41,0.82
1800420695.7674258,-0.76,-0.34,0.14,12.03,-7.87,14.56,0.84
1800420695.877058,-0.77,-0.32,0.16,29.66,-17.14,10.31,0.85
1800420695.9866903,-0.73,-0.27,0.03,33.05,-9.46,21.0,0.78
1800420696.0963225,-0.73,-0.32,0.11,68.0,-15.68,-11.1,0.8
1800420696.2059548,-0.73,-0.2,0.11,39.72,-35.24,-7.46,0.76
1800420696.315587,-0.61,-0.26,0.08,36.01,-22.6,11.01,0.67
1800420696.425219,-0.2,-0.44,0.28,-105.46,19.45,125.6,0.56
1800420696.5348513,0.23,-0.88,-0.29,-215.49,399.37,493.86,0.96
1800420696.6444836,-1.84,-0.47,0.57,-520.0,224.22,34.29,1.98
1800420696.7541158,-0.68,-2.21,-1.75,520.0,-77.66,511.13,2.9
1800420696.863748,-0.89,-0.12,0.13,46.55,34.54,56.95,0.91
1800420696.9733803,-0.7,-0.01,0.28,31.43,-71.63,-64.74,0.76
1800420697.0830126,-0.79,-0.39,0.34,-40.15,-30.31,-18.45,0.94
1800420697.1926448,-0.75,-0.41,0.24,4.71,-19.93,18.04,0.88
1800420697.302277,-0.81,-0.44,0.3,30.88,-6.09,13.62,0.97
1800420697.4119093,-0.81,-0.3,0.29,10.92,-9.87,9.8,0.91
1800420697.5215416,-0.73,-0.36,0.25,-3.19,-21.52,-9.23,0.85
1800420697.6311738,-0.77,-0.34,0.17,-15.45,-31.85,-5.74,0.86
1800420697.740806,-0.73,-0.38,0.26,7.59,-16.36,13.21,0.86
1800420697.8504384,-0.76,-0.33,0.21,-5.91,-11.91,-3.88,0.86
1800420697.9600706,-0.78,-0.34,0.17,-2.62,-17.01,-3.1,0.87
1800420698.0697029,-0.8,-0.3,0.28,-15.59,-13.54,-11.28,0.9
1800420698.179335,-0.82,-0.4,0.42,17.44,-14.76,78.9,1.01
1800420698.2889674,-0.73,-0.26,0.31,-3.12,-46.03,64.39,0.84
1800420698.3985996,-0.8,-0.33,0.25,-23.68,-76.1,1.11,0.91
1800420698.5082319,-0.68,-0.38,0.47,-15.89,-52.81,12.35,0.91
1800420698.6178641,-0.67,-0.42,0.3,-79.71,-18.4,-10.92,0.84
1800420698.7274964,-0.69,-0.46,0.34,-19.19,3.03,45.47,0.9
1800420698.8371286,-0.66,-0.52,0.35,-59.68,-0.55,-40.49,0.91
1800420698.946761,-0.61,-0.51,0.21,-15.17,33.98,-48.04,0.82
1800420699.0563931,-0.77,-0.32,0.26,-0.5,-38.43,-103.85,0.88
1800420699.1660252,-0.85,-0.38,-0.03,144.59,-29.73,-245.39,0.93
1800420699.2756574,-0.82,0.08,-0.28,199.03,-40.04,-112.11,0.86
1800420699.3852897,-1.86,-0.38,0.73,212.2,-250.42,-225.54,2.03
1800420699.494922,-1.11,-0.1,0.07,-60.77,-139.94,-68.51,1.11
1800420699.6045542,-0.95,0.19,0.44,-51.31,32.8,-90.31,1.07
1800420699.7141864,-0.66,-0.01,0.17,-156.5,97.59,-30.95,0.68
1800420699.8238187,-0.46,-0.25,-0.06,-56.0,16.08,-56.69,0.53
1800420699.933451,-0.5,-0.22,-0.13,-10.24,-3.89,5.1,0.56
1800420700.0430832,-0.68,-0.33,-0.17,-12.83,-62.5,5.02,0.77
1800420700.1527154,-0.77,-0.1,-0.12,149.85,-42.72,-29.14,0.79
1800420700.2623477,-0.8,-0.03,-0.12,77.49,-78.5,33.36,0.81
1800420700.37198,-0.94,-0.0,0.11,19.91,-56.28,48.24,0.95
1800420700.4816122,-0.85,0.01,0.23,10.04,-82.64,0.74,0.88
1800420700.5912445,-0.84,-0.06,0.16,-0.95,-51.42,29.87,0.86
1800420700.7008767,-0.74,0.07,0.14,-107.53,-93.26,1.18,0.76
1800420700.810509,-0.79,0.01,0.21,23.93,-1.16,39.71,0.81
1800420700.9201412,-0.82,0.03,0.19,8.47,-27.44,51.8,0.84
1800420701.0297735,-0.82,0.06,0.18,-5.6,-23.26,39.87,0.84
0.0,0.0,0.0,0.0,0.0,0.0,0.0,0.0
1800420700.0,0.14,-1.08,0.1,2.05,-12.79,6.23,1.09
1800420700.098895,-0.01,-1.06,0.07,-32.16,-47.07,16.56,1.06
1800420700.19779,0.1,-1.09,-0.0,-10.08,-36.43,-0.77,1.1
1800420700.296685,0.07,-1.05,-0.01,-16.75,-3.0,-14.6,1.05
1800420700.3955798,0.11,-1.1,-0.05,-35.79,-2.97,16.55,1.1
1800420700.494475,-0.02,-1.07,-0.08,-7.02,18.29,42.27,1.08
1800420700.5933697,0.26,-1.05,-0.11,3.24,-20.5,24.85,1.08
1800420700.6922648,0.06,-1.07,-0.1,-40.69,-2.86,28.49,1.08
1800420700.7911596,0.08,-1.14,-0.17,-16.27,-23.34,28.07,1.16
1800420700.8900547,0.06,-0.97,-0.15,-27.27,-41.6,42.6,0.98
1800420700.9889495,-0.0,-1.02,-0.13,-13.22,-22.24,35.7,1.03
1800420701.0878446,0.06,-1.04,-0.12,16.0,-28.94,44.55,1.05
1800420701.1867394,0.05,-0.91,-0.03,-68.49,-10.29,63.72,0.92
1800420701.2856345,-0.06,-0.76,0.01,-49.98,22.69,74.75,0.76
1800420701.3845294,0.01,-0.49,0.11,2.26,-15.56,50.24,0.5
1800420701.4834244,0.05,-0.51,0.07,48.84,-43.6,37.41,0.52
1800420701.5823193,-1.68,-2.19,0.16,173.54,386.24,412.62,2.77
1800420701.6812143,-0.15,-2.17,-1.28,-370.28,461.09,401.88,2.53
1800420701.7801092,1.23,-0.64,-1.87,-135.24,52.45,-264.53,2.33
1800420701.8790042,-0.37,-0.43,-0.95,-330.19,338.32,175.96,1.11
1800420701.977899,-0.84,0.03,-0.83,-162.58,311.68,119.38,1.18
1800420702.0767941,-0.96,-0.17,-0.49,40.6,4.17,22.25,1.09
1800420702.175689,-1.01,-0.24,-0.45,-12.66,9.76,-50.14,1.13
1800420702.274584,-1.06,-0.26,-0.46,42.69,-133.46,-87.35,1.18
1800420702.3734791,-0.7,-0.26,-0.83,-69.69,-44.39,-36.73,1.12
1800420702.472374,-0.9,-0.35,-0.55,-62.67,-46.79,-67.45,1.11
1800420702.571269,-0.79,-0.39,-0.55,-59.57,-27.54,-43.23,1.04
1800420702.6701639,-0.75,-0.34,-0.73,-64.35,-30.83,20.65,1.1
1800420702.769059,-0.84,-0.2,-0.71,-65.68,-13.52,-38.51,1.12
1800420702.8679538,-0.81,-0.23,-0.73,-65.02,-1.42,-2.85,1.11
1800420702.9668489,-0.79,-0.18,-0.67,-19.1,-19.45,11.79,1.06
1800420703.0657437,-0.87,-0.18,-0.56,-7.49,0.74,11.65,1.05
1800420703.1646388,-0.77,-0.15,-0.7,23.94,33.7,12.02,1.05
1800420703.2635336,-0.98,-0.25,-0.68,35.95,52.7,-31.21,1.22
1800420703.3624287,-0.82,-0.19,-0.72,91.59,29.22,10.61,1.11
1800420703.4613235,-0.9,-0.23,-0.61,93.61,43.91,4.24,1.11
1800420703.5602186,-0.91,-0.32,-0.5,125.57,45.29,-27.77,1.08
1800420703.6591134,-0.89,-0.47,-0.46,114.86,62.95,1.58,1.11
1800420703.7580085,-1.02,-0.57,-0.34,138.33,85.9,14.6,1.21
1800420703.8569033,-1.05,-0.63,-0.29,118.54,143.67,59.99,1.26
1800420703.9557984,-0.79,-0.62,-0.27,235.77,17.94,21.26,1.04
1800420704.0546932,-0.64,-0.77,-0.09,307.43,-170.8,-90.06,1.01
1800420704.1535883,-0.52,-0.93,-0.19,149.39,-97.44,-32.4,1.08
1800420704.2524831,-0.32,-1.07,-0.39,184.74,-143.4,-12.94,1.18
1800420704.3513782,0.19,-1.01,-0.3,169.75,-82.2,99.11,1.07
1800420704.450273,0.13,-0.9,-0.26,188.94,-112.87,53.41,0.95
1800420704.549168,0.44,-0.6,-0.35,65.68,-84.24,114.24,0.82
1800420704.6480632,0.53,-0.69,-0.48,-2.61,-126.01,64.67,1.0
1800420704.746958,0.67,-0.89,-0.48,50.59,-147.65,42.71,1.21
1800420704.845853,0.83,-0.8,-0.41,156.59,-212.62,-23.34,1.22
1800420704.944748,0.66,-0.45,-0.19,31.66,-52.4,7.71,0.82
1800420705.043643,0.71,-0.52,-0.24,34.59,-43.25,40.7,0.91
1800420705.1425378,0.82,-0.47,-0.23,0.11,-6.19,13.4,0.97
1800420705.241433,0.74,-0.79,-0.26,-125.45,-21.98,-9.0,1.12
1800420705.3403277,0.58,-0.58,-0.44,-133.02,45.12,-116.26,0.94
1800420705.4392228,0.34,-0.9,-0.21,-24.23,-7.78,13.8,0.99
1800420705.5381176,0.42,-0.93,-0.1,7.9,-43.17,-120.11,1.03
1800420705.6370127,0.54,-0.73,-0.04,-13.89,-69.72,-23.54,0.91
1800420705.7359076,0.56,-0.85,-0.19,8.83,-12.06,-31.53,1.04
1800420705.8348026,0.52,-0.93,-0.18,-36.47,67.05,4.28,1.08
1800420705.9336975,0.36,-0.91,-0.17,-5.15,-37.54,24.26,1.0
1800420706.0325925,0.28,-0.88,-0.1,-4.52,-75.86,25.85,0.92
1800420706.1314874,0.77,-0.81,-0.28,-7.19,-18.69,-2.8,1.16
1800420706.2303824,0.57,-0.76,-0.18,-4.06,-78.46,57.47,0.96
1800420706.3292773,0.81,-0.91,-0.42,-87.49,-15.53,76.19,1.29
1800420706.4281723,0.56,-0.62,-0.26,8.91,-9.06,63.42,0.88
1800420706.5270672,0.63,-0.43,-0.33,81.53,-13.93,14.66,0.83
1800420706.6259623,0.67,-0.56,-0.27,103.42,-19.29,17.85,0.91
1800420706.724857,0.88,-1.03,-0.4,-1.45,-59.42,71.96,1.41
1800420706.8237522,0.8,-0.61,-0.33,-75.7,-82.94,6.6,1.06
1800420706.9226472,0.76,-0.6,-0.14,-82.36,-128.18,64.52,0.98
1800420707.021542,0.92,-0.52,-0.36,-146.44,-116.21,118.87,1.12
1800420707.1204371,0.45,-0.48,-0.22,-23.53,-256.88,43.58,0.69
1800420707.219332,0.6,-0.49,-0.09,-70.58,5.59,-26.12,0.78
1800420707.318227,0.19,-0.69,0.24,-174.1,41.01,29.29,0.76
1800420707.417122,0.26,-0.91,0.09,-120.43,66.36,-67.11,0.95
1800420707.516017,0.46,-1.05,-0.03,-23.97,-46.97,-125.52,1.14
1800420707.6149118,0.34,-0.95,0.04,-132.63,-99.91,26.61,1.01
1800420707.7138069,0.26,-1.08,0.05,-62.51,-107.5,-9.98,1.11
1800420707.8127017,0.22,-1.17,0.03,-80.24,-78.64,-40.72,1.19
1800420707.9115968,0.08,-1.05,0.01,-78.24,-43.74,-24.75,1.05
1800420708.0104916,0.01,-1.16,-0.06,-73.21,3.81,2.88,1.16
1800420708.1093867,0.11,-1.04,-0.07,-38.34,-13.12,-24.3,1.05
1800420708.2082815,0.07,-1.06,-0.05,-27.18,2.06,-53.04,1.06
1800420708.3071766,0.1,-1.06,0.02,-32.58,38.33,-18.56,1.07
1800420708.4060714,0.05,-1.13,0.06,-19.36,7.04,3.38,1.14
1800420708.5049665,-0.02,-1.05,0.15,-29.12,-45.85,27.94,1.06
1800420708.6038613,0.03,-1.15,0.07,-18.71,-84.17,22.53,1.15
1800420708.7027564,0.0,-1.02,0.1,-32.55,-55.13,34.35,1.02
1800420708.8016512,0.11,-1.01,0.03,-0.12,-58.38,-8.39,1.02
1800420708.9005463,0.03,-1.17,0.02,8.69,-22.16,-10.27,1.17
1800420708.9994411,0.03,-1.15,0.15,1.22,-37.48,2.77,1.16
1800420709.0983362,0.03,-1.1,0.11,-10.78,-22.29,1.89,1.11
0.0,0.0,0.0,0.0,0.0,0.0,0.0,0.0
1800420705.0,-0.15,-0.86,0.2,3.21,-4.53,-65.1,0.89
1800420705.1034696,-0.18,-0.95,0.1,-9.4,-1.37,-27.34,0.98
1800420705.2069392,-0.11,-0.91,0.17,-34.33,-2.84,-24.07,0.94
1800420705.3104088,0.0,-0.88,0.06,-22.27,-11.93,-93.19,0.89
1800420705.4138784,-0.11,-0.93,-0.02,-12.87,7.14,-96.66,0.94
1800420705.517348,-0.03,-0.87,-0.11,-15.8,20.5,-92.28,0.88
1800420705.6208177,-0.14,-0.86,-0.07,-30.65,-8.3,-92.38,0.87
1800420705.7242873,-0.06,-0.72,-0.04,-11.68,-9.27,-89.93,0.72
1800420705.827757,-0.03,-0.68,-0.03,-22.5,-16.01,-116.22,0.68
1800420705.9312265,0.13,-0.66,-0.27,-7.8,11.81,-181.07,0.72
1800420706.034696,-0.06,-0.67,-0.13,-34.28,4.3,-218.59,0.69
1800420706.1381657,-0.18,-0.82,-0.44,-36.56,-77.04,-184.42,0.94
1800420706.2416353,-0.53,-0.65,-0.91,-251.13,-250.44,-81.56,1.23
1800420706.345105,-1.1,0.91,-2.22,-261.79,-266.43,-374.64,2.64
1800420706.4485745,-0.49,0.28,-1.0,162.31,292.91,-64.06,1.15
1800420706.5520442,-0.21,0.05,-1.0,47.42,37.24,-13.72,1.02
1800420706.6555138,0.43,-0.06,-1.15,-109.51,-17.54,68.38,1.23
1800420706.7589834,0.44,-0.15,-1.15,-116.36,-5.73,69.05,1.24
1800420706.862453,0.45,-0.18,-1.03,-83.61,12.33,66.09,1.14
1800420706.9659226,0.21,-0.08,-1.24,-7.37,-14.62,25.79,1.26
1800420707.0693922,0.12,-0.14,-0.97,50.88,13.57,101.22,0.99
1800420707.172862,0.34,-0.73,-0.97,24.85,-40.85,113.95,1.26
1800420707.2763317,0.12,-0.69,-0.72,-6.27,30.52,109.43,1.01
1800420707.3798013,0.09,-0.71,-0.83,2.57,65.0,5.42,1.1
1800420707.483271,-0.0,-0.6,-0.85,-1.66,16.01,-27.26,1.04
0.0,0.0,0.0,0.0,0.0,0.0,0.0,0.0
1800420710.0,0.01,-0.92,0.11,17.98,-8.7,-38.82,0.93
1800420710.1012309,0.1,-0.98,0.08,-3.01,-7.87,26.35,0.99
1800420710.202462,-0.04,-0.91,0.17,-5.86,-14.43,-15.72,0.92
1800420710.3036928,0.01,-0.92,0.08,5.1,-14.11,0.8,0.93
1800420710.4049237,-0.0,-0.97,0.07,20.69,-22.75,-1.39,0.98
1800420710.5061548,-0.06,-0.98,0.12,44.54,-11.71,-5.02,0.99
1800420710.6073856,0.03,-0.88,0.15,76.77,-11.44,-6.87,0.9
1800420710.7086165,0.11,-0.81,0.14,94.02,-8.96,3.23,0.83
1800420710.8098474,0.13,-0.66,0.16,78.46,12.52,-11.74,0.69
1800420710.9110785,0.33,-0.7,0.18,158.93,32.7,8.08,0.79
1800420711.0123093,0.44,-0.83,-0.12,175.31,108.95,-22.39,0.95
1800420711.1135402,0.14,-0.73,-0.27,309.24,119.24,-13.75,0.79
1800420711.2147713,1.37,-0.73,-0.03,373.39,-36.24,301.73,1.55
1800420711.3160021,2.02,0.76,-0.46,134.54,327.57,-88.24,2.21
1800420711.417233,0.64,0.31,-0.06,-134.22,-112.06,-82.69,0.71
1800420711.518464,0.79,-0.07,-0.33,-47.57,59.66,-159.76,0.86
1800420711.619695,0.78,0.3,-0.3,68.4,-37.94,-26.94,0.89
1800420711.7209258,1.05,-0.1,-0.42,14.59,12.13,-35.68,1.14
1800420711.822157,0.69,0.01,-0.27,44.68,2.71,-41.33,0.74
1800420711.9233878,1.04,0.06,-0.39,-17.5,-4.35,-14.31,1.11
1800420712.0246186,0.93,-0.11,-0.26,-69.03,-19.81,-62.57,0.97
1800420712.1258497,0.95,-0.23,-0.3,-43.62,-5.53,-24.92,1.03
1800420712.2270806,0.97,-0.14,-0.31,-20.96,-34.24,11.07,1.03
1800420712.3283114,0.88,-0.1,-0.23,-30.82,-30.58,17.1,0.91
1800420712.4295423,0.91,-0.13,-0.31,-17.18,-21.49,-26.54,0.97
1800420712.5307734,0.93,-0.05,-0.35,48.5,-66.48,-69.52,0.99
1800420712.6320043,1.08,-0.43,-0.38,22.18,89.88,37.69,1.22
1800420712.7332351,0.76,-0.17,-0.13,-23.67,0.81,32.55,0.79
1800420712.8344662,0.9,0.06,-0.21,14.45,-23.1,7.12,0.93
1800420712.935697,0.96,-0.05,-0.28,-15.1,9.09,-11.99,1.0
1800420713.036928,0.84,-0.11,-0.29,-35.17,11.01,-11.34,0.9
0.0,0.0,0.0,0.0,0.0,0.0,0.0,0.0
1800420715.0,-0.06,-0.84,0.09,-19.83,-11.59,41.23,0.85
1800420715.1114678,-0.13,-0.83,0.16,-105.36,-7.19,5.87,0.85
1800420715.2229357,-0.21,-0.79,0.35,-36.22,32.81,68.59,0.89
1800420715.3344038,-0.19,-0.61,0.39,-81.27,55.35,-28.7,0.75
1800420715.4458716,-0.2,-0.82,0.26,-92.3,121.16,-36.02,0.88
1800420715.5573394,-0.59,-0.85,0.14,-31.94,178.66,28.87,1.05
1800420715.6688073,-0.49,-0.77,0.14,-66.02,142.3,59.27,0.93
1800420715.780275,-0.51,-0.7,0.03,-14.39,135.56,28.36,0.87
1800420715.8917432,-0.33,-1.05,0.61,-31.85,196.3,-3.59,1.26
1800420716.003211,-0.51,-1.85,0.46,-157.22,234.37,11.44,1.98
1800420716.1146789,0.62,-0.08,0.34,506.53,-10.45,94.01,0.71
1800420716.2261467,2.23,-0.36,0.54,-7.29,186.16,-75.6,2.33
1800420716.3376145,0.48,0.9,0.71,299.71,5.91,275.64,1.24
1800420716.4490826,0.11,0.35,0.46,186.98,-189.22,-54.88,0.59
1800420716.5605505,0.21,0.16,0.82,-85.09,-36.37,97.85,0.86
1800420716.6720183,0.68,0.11,1.0,11.07,-117.25,-109.83,1.21
1800420716.7834861,0.37,-0.18,0.86,-98.69,-122.66,-141.72,0.95
1800420716.8949542,0.04,-0.34,0.73,-31.14,-118.81,-116.55,0.8
1800420717.006422,0.06,-0.6,0.89,-52.19,-198.89,-101.83,1.08
1800420717.11789,-0.49,-0.61,0.79,41.75,-108.41,-121.85,1.11
1800420717.2293577,-0.57,-0.72,0.9,-41.04,-41.93,53.09,1.28
1800420717.3408256,-0.4,-0.24,0.86,143.83,28.72,66.93,0.98
1800420717.4522936,-0.06,-0.35,0.75,-24.76,0.15,8.42,0.83
0.0,0.0,0.0,0.0,0.0,0.0,0.0,0.0
1800420720.0,-0.87,-0.65,-0.67,8.4,-42.98,-11.82,1.28
1800420720.0987806,-0.8,-0.62,-0.81,51.89,-129.39,-26.44,1.3
1800420720.1975615,-0.48,-0.56,-0.94,19.68,-158.37,-52.4,1.2
1800420720.2963421,-0.35,-0.65,-0.92,19.43,-171.22,-113.35,1.18
1800420720.395123,-0.39,-0.7,-0.86,52.47,-134.6,-167.62,1.17
1800420720.4939036,-0.21,-0.68,-0.92,82.32,-151.26,-201.33,1.16
1800420720.5926845,-0.07,-0.69,-0.78,24.68,-158.16,-235.42,1.05
1800420720.6914651,0.21,-0.76,-0.5,23.65,-52.09,-267.64,0.93
1800420720.790246,0.12,-0.98,0.02,16.13,33.74,-285.61,0.98
1800420720.8890266,0.02,-1.05,0.51,6.98,69.44,-243.72,1.17
1800420720.9878075,-0.01,-0.9,0.68,-21.89,-45.27,-125.59,1.13
1800420721.0865881,0.0,-0.92,0.76,-87.39,-4.52,-55.61,1.2
1800420721.1853688,-0.06,-0.91,0.79,-68.72,23.28,19.85,1.2
1800420721.2841496,-0.25,-0.7,0.7,-38.07,76.96,-5.26,1.02
1800420721.3829303,-0.24,-0.75,0.4,-26.94,60.79,-25.24,0.88
1800420721.4817111,-0.36,-0.78,0.58,-17.92,41.62,-67.25,1.04
1800420721.5804918,-0.18,-0.73,0.46,20.1,17.15,-90.49,0.89
1800420721.6792727,-0.22,-0.78,0.79,-9.8,-8.53,-93.67,1.14
1800420721.7780533,-0.18,-0.73,0.89,16.38,13.76,-75.25,1.17
1800420721.8768342,-0.18,-0.76,0.88,-19.53,-36.57,-4.9,1.17
1800420721.9756148,-0.32,-0.67,0.9,-17.27,-0.51,-4.84,1.16
1800420722.0743957,-0.31,-0.54,0.71,12.41,41.43,-13.09,0.94
1800420722.1731763,-0.25,-0.64,0.8,-17.05,-24.55,1.06,1.06
1800420722.271957,-0.29,-0.74,0.95,25.89,19.78,4.29,1.24
1800420722.3707378,-0.15,-0.73,0.65,-5.5,41.65,43.66,0.99
1800420722.4695184,-0.16,-0.83,0.73,-8.07,61.4,51.19,1.12
1800420722.5682993,-0.19,-0.66,0.68,-0.78,153.34,5.64,0.97
1800420722.66708,-0.16,-0.61,0.74,42.86,118.14,-14.9,0.98
1800420722.7658608,-0.19,-0.55,0.78,4.65,81.66,-22.99,0.97
1800420722.8646414,0.04,-0.87,0.73,-92.78,-72.19,13.15,1.14
1800420722.9634223,-0.15,-0.83,0.96,-35.66,-4.9,-20.78,1.27
1800420723.062203,-0.1,-0.69,0.72,22.21,64.93,2.33,1.01
1800420723.1609838,-0.09,-0.78,0.75,9.67,24.61,-14.12,1.09
1800420723.2597644,-0.17,-0.79,0.86,11.13,4.1,13.9,1.18
1800420723.358545,-0.08,-0.77,0.72,6.3,49.76,-11.64,1.05
1800420723.457326,-0.13,-0.71,0.76,-14.31,0.74,18.88,1.04
1800420723.5561066,-0.06,-0.78,0.74,-2.15,-14.98,26.98,1.08
1800420723.6548874,-0.12,-0.77,0.84,58.16,-10.13,-7.6,1.15
1800420723.753668,-0.13,-0.87,0.7,27.62,-56.71,79.13,1.13
1800420723.852449,-0.04,-0.87,0.5,79.8,8.4,24.42,1.01
1800420723.9512296,-0.08,-0.79,0.49,54.2,-67.14,-4.41,0.94
1800420724.0500104,-0.25,-0.77,0.57,45.72,-12.89,-210.13,0.99
1800420724.148791,-0.07,-0.5,0.76,116.45,75.9,-298.95,0.91
1800420724.247572,0.15,-0.29,0.95,29.45,-40.76,-98.57,1.0
1800420724.3463526,-0.0,-0.44,1.29,27.36,71.54,-112.62,1.37
1800420724.4451332,0.25,-0.2,1.21,59.52,162.12,-220.92,1.25
1800420724.543914,0.31,0.06,1.09,-41.76,167.64,-83.84,1.14
1800420724.6426947,0.28,-0.06,1.18,-101.4,37.28,-38.45,1.22
1800420724.7414756,0.13,0.17,1.13,-117.22,20.68,19.45,1.15
1800420724.8402562,0.18,0.12,1.13,-26.03,-254.54,117.16,1.15
1800420724.939037,-0.04,-0.19,1.52,-77.88,-216.42,94.48,1.53
1800420725.0378177,0.05,-0.39,1.0,-144.08,-179.78,182.99,1.08
1800420725.1365986,-0.25,-0.45,1.01,-34.88,-12.53,151.19,1.14
1800420725.2353792,-0.16,-0.45,0.66,0.08,30.75,38.57,0.81
1800420725.33416,-0.12,-0.64,0.53,-32.28,81.2,138.79,0.84
1800420725.4329407,-0.11,-0.7,0.63,-68.47,253.96,122.02,0.95
1800420725.5317216,-0.16,-0.71,1.02,-148.45,143.43,129.4,1.25
1800420725.6305022,-0.04,-0.72,0.82,-71.52,168.49,129.74,1.09
1800420725.7292829,-0.03,-0.75,0.49,-54.9,144.7,133.31,0.9
1800420725.8280637,0.09,-0.91,0.42,4.14,117.03,70.6,1.01
1800420725.9268444,0.01,-0.99,0.37,-21.56,19.95,54.34,1.05
1800420726.0256252,0.11,-1.07,0.33,-17.15,82.6,35.11,1.12
1800420726.1244059,-0.19,-1.05,0.3,-32.97,-13.52,77.36,1.11
1800420726.2231867,-0.1,-1.15,0.23,4.28,-13.14,-2.05,1.17
1800420726.3219674,-0.01,-1.08,0.22,30.53,-62.54,24.23,1.1
1800420726.4207482,-0.15,-1.11,0.26,23.97,-50.84,46.94,1.15
1800420726.5195289,-0.19,-0.99,0.22,39.89,-14.97,49.53,1.03
1800420726.6183097,-0.02,-0.99,0.21,5.84,12.07,28.22,1.01
1800420726.7170904,-0.0,-1.01,0.26,-19.71,-12.87,47.63,1.04
1800420726.815871,0.02,-1.13,0.19,-28.04,70.15,25.4,1.14
1800420726.9146519,-0.03,-1.14,0.17,-3.53,98.4,1.39,1.15
1800420727.0134325,0.01,-1.06,0.05,-8.48,15.31,52.16,1.06
1800420727.1122134,-0.09,-1.17,0.05,8.97,51.2,-3.84,1.18
1800420727.210994,0.01,-1.11,0.09,13.56,-3.89,17.55,1.11
0.0,0.0,0.0,0.0,0.0,0.0,0.0,0.0
1800420725.0,0.07,-0.97,0.16,-32.97,-1.37,-7.21,0.99
1800420725.1016703,0.11,-0.92,0.23,-14.06,-9.1,-16.18,0.95
1800420725.2033408,0.12,-0.94,0.08,-52.1,-29.62,-22.76,0.95
1800420725.305011,0.13,-0.98,0.19,-28.4,-33.15,-29.41,1.01
1800420725.4066815,0.13,-1.0,0.12,-22.8,-4.74,11.69,1.01
1800420725.5083518,0.09,-0.98,0.01,-46.63,-13.8,13.61,0.98
1800420725.610022,0.13,-0.92,-0.05,-49.0,-47.15,-44.21,0.93
1800420725.7116926,0.21,-0.93,-0.06,-57.36,-79.43,-50.09,0.95
1800420725.8133628,0.15,-0.82,-0.15,-34.07,-128.24,-49.86,0.85
1800420725.915033,0.18,-0.62,0.15,-49.55,-190.6,-134.0,0.66
1800420726.0167036,0.37,-0.76,-0.1,-89.93,-233.91,-78.97,0.85
1800420726.1183739,0.49,-0.86,-0.15,5.04,-142.74,-85.44,1.0
1800420726.2200444,0.48,-0.8,-0.27,84.25,-170.53,198.94,0.97
1800420726.3217146,1.54,-1.19,-0.53,-369.91,-268.47,245.12,2.02
1800420726.423385,-0.56,-0.67,-0.89,-490.65,-345.84,509.66,1.24
1800420726.5250554,-1.05,1.3,-1.22,110.27,113.25,0.85,2.07
1800420726.6267257,-1.0,0.21,-1.1,58.48,-176.33,150.86,1.5
1800420726.7283962,-0.61,-0.28,-0.99,220.8,96.36,-340.93,1.2
1800420726.8300664,-0.72,-0.4,-0.55,5.44,-100.44,186.88,0.99
1800420726.9317367,-0.66,-0.2,-0.74,10.1,48.95,-14.32,1.02
1800420727.0334072,-0.53,-0.58,-0.88,32.27,74.85,33.89,1.19
1800420727.1350775,-0.44,-0.43,-0.87,25.89,127.86,-34.52,1.07
1800420727.236748,-0.32,-0.36,-1.02,-49.14,129.98,57.04,1.13
1800420727.3384182,-0.15,-0.41,-0.84,-38.94,116.39,7.86,0.94
1800420727.4400885,0.08,-0.46,-0.97,-60.62,15.8,-20.11,1.07
0.0,0.0,0.0,0.0,0.0,0.0,0.0,0.0
1800420730.0,0.35,0.94,0.0,-0.35,-28.01,-12.58,1.01
1800420730.1031945,0.26,0.94,-0.03,-4.46,-41.13,-17.16,0.98
1800420730.2063887,0.21,0.91,0.04,-8.39,-42.57,8.99,0.94
1800420730.3095832,0.13,1.01,-0.02,-31.59,-57.84,-6.43,1.02
1800420730.4127774,0.21,0.86,-0.09,-1.97,-85.19,21.27,0.89
1800420730.515972,0.15,0.93,-0.02,18.94,-97.93,10.52,0.94
1800420730.6191661,0.23,0.72,-0.07,-5.58,-120.67,22.42,0.76
1800420730.7223606,-0.16,0.88,-0.27,-12.29,-157.71,-3.65,0.93
1800420730.8255548,-0.02,0.63,-0.31,7.53,-205.94,-14.95,0.71
1800420730.9287493,0.21,0.31,-0.53,-100.09,-184.13,-79.41,0.64
1800420731.0319438,0.19,0.78,-0.28,107.78,-150.25,24.22,0.85
1800420731.135138,1.09,0.63,-1.33,-136.37,19.11,28.04,1.83
1800420731.2383325,-2.28,1.0,-0.91,224.72,202.29,-125.82,2.65
1800420731.3415267,-0.6,0.36,-1.15,250.5,-391.14,-46.18,1.35
1800420731.4447212,-0.35,0.81,-1.05,77.29,-323.8,83.51,1.37
1800420731.5479155,-1.08,0.99,-0.42,181.95,-199.77,191.21,1.53
1800420731.65111,-0.84,0.63,0.03,377.73,-360.68,90.06,1.06
1800420731.7543044,-0.43,0.57,0.01,173.75,-133.55,-80.89,0.71
1800420731.8574986,-0.58,0.64,0.21,122.14,8.94,9.12,0.89
1800420731.9606931,-0.64,0.64,0.45,36.25,14.87,-52.37,1.01
1800420732.0638874,-0.71,0.57,0.43,-30.95,54.12,-17.35,1.01
1800420732.1670818,-0.84,0.58,0.38,-16.47,65.22,39.72,1.09
1800420732.270276,-0.94,0.56,0.28,-65.78,6.49,46.16,1.13
1800420732.3734705,-0.92,0.63,0.32,-17.98,8.21,1.75,1.16
1800420732.4766648,-0.98,0.56,0.29,-6.46,-86.78,53.57,1.17
0.0,0.0,0.0,0.0,0.0,0.0,0.0,0.0
1800420735.0,0.09,-1.19,-0.08,-13.21,-7.28,-30.02,1.19
1800420735.0969126,0.11,-1.15,-0.02,-5.65,-19.27,3.66,1.16
1800420735.193825,0.02,-1.04,-0.0,-77.18,20.54,24.86,1.04
1800420735.2907376,-0.05,-1.09,-0.1,-60.66,28.42,-12.21,1.09
1800420735.3876503,-0.1,-1.04,-0.09,-76.33,14.41,-6.89,1.05
1800420735.4845626,-0.12,-1.05,-0.08,-51.58,1.93,-9.58,1.06
1800420735.5814753,-0.11,-1.03,-0.05,-76.16,-6.36,-0.16,1.04
1800420735.6783879,-0.11,-1.07,-0.1,-104.79,0.77,-7.69,1.08
1800420735.7753003,-0.23,-0.98,-0.03,-114.87,-9.93,4.92,1.01
1800420735.872213,-0.25,-0.75,-0.09,-153.79,-13.09,42.81,0.8
1800420735.9691255,-0.31,-0.62,0.01,-206.49,11.08,48.1,0.7
1800420736.066038,-0.3,-0.56,0.06,-201.38,42.83,77.91,0.64
1800420736.1629505,-0.4,-0.09,0.19,-238.12,27.92,77.1,0.45
1800420736.2598631,-0.24,-2.24,-1.24,-79.34,49.05,-177.46,2.57
1800420736.3567758,-2.27,1.41,1.69,-86.69,-439.38,411.63,3.16
1800420736.4536881,-1.01,0.65,0.23,380.98,-145.7,-117.93,1.23
1800420736.5506008,-0.95,0.11,0.34,-124.19,9.51,18.89,1.02
1800420736.6475134,-1.44,0.19,0.75,-74.68,-23.59,29.09,1.63
1800420736.7444258,-1.04,0.26,0.33,-52.78,23.49,-3.25,1.12
1800420736.8413384,-0.99,0.09,0.45,22.16,-57.68,10.8,1.1
1800420736.938251,-0.96,0.04,0.37,46.78,-89.3,-38.83,1.03
1800420737.0351634,-0.93,0.01,0.23,23.46,-93.36,28.17,0.96
1800420737.132076,-1.01,-0.09,0.06,-44.34,-4.35,-16.31,1.02
1800420737.2289886,-1.07,-0.08,0.12,-84.8,-1.67,-6.16,1.08
0.0,0.0,0.0,0.0,0.0,0.0,0.0,0.0
1800420740.0,0.11,-0.87,-0.23,-22.16,-13.68,28.4,0.9
1800420740.1108518,0.08,-0.88,-0.24,-41.08,-1.1,34.01,0.92
1800420740.2217035,0.03,-0.89,-0.26,-29.7,-5.75,25.61,0.92
1800420740.3325555,-0.03,-0.92,-0.21,-43.9,-27.37,22.87,0.94
1800420740.4434073,-0.02,-0.96,-0.26,-33.03,-13.66,42.61,1.0
1800420740.554259,-0.04,-0.94,-0.2,-19.81,-13.43,57.92,0.96
1800420740.6651108,-0.01,-0.91,-0.13,-48.65,19.24,67.69,0.92
1800420740.7759626,-0.11,-0.8,-0.08,-45.05,-13.92,88.99,0.81
1800420740.8868146,-0.2,-0.82,0.0,-33.88,-15.72,79.1,0.85
1800420740.9976664,-0.29,-0.84,-0.05,-10.01,2.14,84.89,0.89
1800420741.1085181,-0.12,-0.69,-0.06,-21.74,29.81,70.92,0.7
1800420741.21937,-0.2,-0.45,-0.05,32.63,26.1,52.58,0.49
1800420741.3302217,-0.04,-0.33,-0.28,164.23,73.4,59.88,0.44
1800420741.4410734,-0.71,-1.09,-0.39,112.48,19.02,154.24,1.36
1800420741.5519254,-0.63,0.04,-0.59,503.74,303.96,-184.57,0.87
1800420741.6627772,-1.34,-0.72,-0.28,-274.31,-341.13,230.61,1.55
1800420741.773629,-1.36,-0.4,-0.17,-356.47,-392.18,26.87,1.42
1800420741.8844807,-0.52,-0.43,0.48,-184.09,-119.6,56.85,0.82
1800420741.9953325,-0.77,-0.33,0.32,-80.08,-85.07,32.91,0.89
1800420742.1061845,-0.77,-0.61,0.53,2.41,27.85,-60.91,1.12
1800420742.2170362,-0.62,-0.65,0.43,-77.82,6.91,-6.92,0.99
1800420742.327888,-0.68,-0.71,0.36,22.48,20.78,5.65,1.05
1800420742.4387398,-0.74,-0.81,0.19,80.99,-39.91,-2.38,1.12
1800420742.5495915,-0.73,-0.57,0.11,21.39,3.04,-2.73,0.93
0.0,0.0,0.0,0.0,0.0,0.0,0.0,0.0
1800420745.0,0.05,1.16,-0.04,-23.91,-13.62,23.55,1.16
1800420745.1051667,0.08,1.11,-0.03,-16.49,-15.95,-9.97,1.12
1800420745.2103336,0.06,1.2,0.01,0.35,6.69,-22.18,1.2
1800420745.3155003,0.01,1.09,-0.03,0.59,-11.17,-28.95,1.09
1800420745.420667,-0.0,1.15,-0.07,-2.54,5.94,-35.53,1.15
1800420745.5258338,-0.02,1.11,-0.02,-12.05,-3.67,-29.33,1.11
1800420745.6310005,0.03,1.17,-0.04,-8.2,-1.17,-26.83,1.17
1800420745.7361672,0.04,1.17,-0.06,18.02,-11.94,-57.07,1.17
1800420745.8413339,0.12,1.16,-0.06,-5.45,-20.14,-35.81,1.17
1800420745.9465008,0.03,1.13,-0.09,-11.95,-4.48,-48.1,1.13
1800420746.0516675,0.11,1.04,-0.01,24.06,9.14,-29.45,1.05
1800420746.1568341,0.04,0.88,-0.01,33.39,-6.5,-34.53,0.88
1800420746.262001,0.17,0.67,0.06,42.1,13.99,-29.31,0.7
1800420746.3671677,-0.15,0.24,0.15,148.35,-40.8,-76.11,0.32
1800420746.4723344,-0.45,0.61,-0.23,184.62,-13.75,-78.97,0.79
1800420746.5775013,-0.43,1.62,-0.21,452.68,-436.62,-110.22,1.69
1800420746.682668,-1.02,-0.28,-0.55,0.58,-410.66,-145.54,1.19
1800420746.7878346,0.11,1.06,-2.08,-231.13,-298.31,-250.33,2.33
1800420746.8930016,-0.39,-0.46,-0.36,10.13,-340.06,-389.37,0.71
1800420746.9981682,-0.32,0.12,-1.11,-38.85,-315.43,-70.15,1.16
1800420747.103335,0.49,0.03,-0.91,-92.61,238.77,138.87,1.03
1800420747.2085016,0.09,-0.08,-0.93,-46.78,81.77,-87.04,0.94
1800420747.3136685,0.14,0.24,-0.95,-6.34,41.01,-90.12,0.99
1800420747.4188352,0.03,0.56,-0.94,25.67,106.85,-20.93,1.09
1800420747.5240018,0.15,0.44,-1.01,34.94,-65.55,-7.84,1.11
1800420747.6291687,-0.1,0.51,-0.87,83.57,-49.25,-45.88,1.01
1800420747.7343354,-0.2,0.14,-0.95,-8.28,71.25,-62.63,0.98
1800420747.839502,-0.21,0.12,-0.86,-45.55,126.72,-60.35,0.89
1800420747.944669,-0.41,0.22,-0.91,-40.44,18.01,-69.24,1.02
1800420748.0498357,-0.43,-0.05,-1.08,-38.37,18.02,-32.94,1.16
1800420748.1550024,-0.3,0.11,-0.91,-24.32,-38.69,-6.21,0.97
0.0,0.0,0.0,0.0,0.0,0.0,0.0,0.0
1800420750.0,-0.05,1.18,0.11,-32.41,-12.49,-6.99,1.18
1800420750.1084769,0.0,1.16,0.05,-78.06,14.4,41.28,1.16
1800420750.2169538,-0.05,1.26,0.13,-42.97,-2.27,-13.64,1.27
1800420750.3254306,-0.1,1.17,-0.0,-66.34,31.5,3.81,1.18
1800420750.4339077,-0.02,1.2,0.03,-72.96,38.95,18.26,1.2
1800420750.5423846,-0.09,1.08,0.11,-18.26,74.38,2.22,1.09
1800420750.6508615,0.06,1.09,0.18,-27.35,124.11,-8.72,1.1
1800420750.7593384,0.54,1.04,0.07,98.48,116.44,-99.0,1.17
1800420750.8678153,0.41,0.26,0.2,251.91,190.92,-156.17,0.53
1800420750.9762921,-1.75,-0.07,0.65,-451.74,-24.22,73.45,1.87
1800420751.084769,-2.11,2.4,-2.01,-148.23,298.88,489.08,3.77
1800420751.1932461,-0.75,0.81,-0.65,161.24,256.38,-133.99,1.28
1800420751.301723,-0.59,0.92,0.81,21.23,-6.15,-136.26,1.36
1800420751.4101999,-0.25,0.78,-0.79,-23.74,77.19,512.67,1.14
1800420751.5186768,-0.51,0.18,-1.32,26.55,-35.55,41.26,1.43
1800420751.6271536,-0.05,-0.2,-1.24,49.78,231.42,222.02,1.25
1800420751.7356305,0.26,0.08,-1.12,-23.47,-114.91,-145.67,1.15
1800420751.8441076,-0.23,0.46,-0.91,-24.74,-13.17,-146.81,1.05
1800420751.9525845,-0.24,0.53,-1.08,-37.17,67.74,-31.0,1.23
1800420752.0610614,-0.14,0.58,-0.91,37.98,-39.96,-51.15,1.09
1800420752.1695383,-0.12,0.4,-1.14,11.14,39.88,-56.82,1.22
0.0,0.0,0.0,0.0,0.0,0.0,0.0,0.0
1800420755.0,-0.17,-0.09,-0.89,41.06,10.97,-9.92,0.91
1800420755.1062548,-0.39,-0.13,-0.83,-13.84,-48.86,21.69,0.93
1800420755.2125099,-0.44,-0.24,-0.75,22.66,-62.58,7.31,0.91
1800420755.3187647,-0.28,-0.15,-0.82,44.9,-56.65,19.1,0.88
1800420755.4250195,-0.15,-0.22,-1.02,32.97,-53.04,22.87,1.05
1800420755.5312746,-0.18,-0.13,-0.95,44.23,-5.77,-22.14,0.98
1800420755.6375294,-0.07,-0.17,-0.93,-0.32,32.46,-27.12,0.95
1800420755.7437844,-0.16,-0.13,-0.97,10.87,-8.83,8.73,0.99
1800420755.8500392,-0.09,-0.15,-0.96,15.94,-32.1,-14.02,0.97
1800420755.956294,-0.09,-0.14,-0.89,-13.97,-65.71,3.72,0.9
1800420756.062549,-0.11,-0.25,-0.86,10.68,-93.97,12.87,0.9
1800420756.168804,-0.14,-0.24,-0.86,44.68,-93.1,13.61,0.91
1800420756.2750587,-0.14,-0.18,-0.73,75.92,-81.75,4.59,0.77
1800420756.3813138,-0.1,-0.07,-0.52,7.41,-112.91,-10.95,0.53
1800420756.4875686,0.23,0.01,-0.23,61.43,-232.9,-0.02,0.33
1800420756.5938234,0.78,1.39,-0.0,459.0,-512.43,-27.73,1.6
1800420756.7000785,1.97,1.87,2.19,520.0,520.0,454.86,3.49
1800420756.8063333,1.98,0.83,1.56,-520.0,-99.0,153.12,2.65
1800420756.9125884,0.89,0.09,-0.18,-331.1,15.73,54.71,0.91
1800420757.0188432,1.14,0.09,0.02,147.24,-114.93,127.14,1.15
1800420757.125098,1.39,-0.03,0.19,-135.83,-81.68,-10.63,1.4
1800420757.231353,0.85,0.01,0.08,-64.08,88.18,22.96,0.85
1800420757.3376079,0.78,0.02,-0.02,-21.39,60.41,37.27,0.78
1800420757.4438627,0.9,0.01,-0.16,-1.25,76.27,13.01,0.91
1800420757.5501177,0.81,-0.03,-0.21,15.84,89.17,26.75,0.84
1800420757.6563725,0.8,0.06,-0.26,91.4,116.18,-14.21,0.84
1800420757.7626274,0.82,0.08,-0.5,142.72,130.67,-16.06,0.97
1800420757.8688824,0.92,0.07,-0.46,128.74,113.5,-19.48,1.03
1800420757.9751372,0.82,0.21,-0.76,140.87,180.65,40.59,1.14
1800420758.081392,0.53,0.18,-0.73,46.38,113.59,49.23,0.92
1800420758.187647,0.63,0.42,-0.69,72.88,56.26,23.94,1.02
1800420758.293902,0.67,0.38,-0.58,23.85,25.06,-0.46,0.96
1800420758.400157,0.72,0.33,-0.64,6.32,10.62,18.04,1.02
1800420758.5064118,0.72,0.37,-0.61,19.13,33.37,-18.27,1.01
0.0,0.0,0.0,0.0,0.0,0.0,0.0,0.0
1800420760.0,-0.12,0.81,0.19,9.88,1.55,58.38,0.84
1800420760.1031032,-0.14,0.86,0.17,11.05,-14.06,47.44,0.89
1800420760.206206,0.01,0.89,0.19,27.89,-19.51,35.21,0.91
1800420760.3093092,0.0,0.82,0.1,14.96,-26.43,100.11,0.82
1800420760.4124122,-0.06,0.87,0.1,9.71,1.4,83.32,0.88
1800420760.5155153,-0.07,0.83,-0.03,8.05,-4.35,104.1,0.83
1800420760.6186182,-0.06,0.81,-0.06,3.7,-9.54,62.45,0.82
1800420760.7217214,-0.03,0.78,-0.03,18.97,-19.31,92.87,0.78
1800420760.8248246,0.1,0.65,-0.03,7.42,-30.7,117.63,0.66
1800420760.9279275,0.11,0.56,-0.21,14.19,3.42,168.05,0.61
1800420761.0310307,-0.07,0.6,-0.19,20.1,10.24,210.81,0.63
1800420761.1341336,-0.18,0.73,-0.41,14.04,-82.7,194.47,0.86
1800420761.2372367,-0.44,0.61,-0.86,214.82,-306.11,88.24,1.14
1800420761.3403397,-0.79,-0.8,-2.07,247.17,-335.5,380.37,2.35
1800420761.4434428,-0.38,-0.09,-0.91,-148.23,347.06,75.89,0.99
1800420761.546546,-0.06,-0.02,-0.94,-75.32,38.9,21.1,0.94
1800420761.649649,0.23,0.02,-1.15,86.89,-43.9,-53.16,1.17
1800420761.752752,0.44,0.1,-1.18,86.5,-21.62,-63.11,1.26
1800420761.855855,0.23,0.2,-1.02,80.28,2.97,-54.04,1.07
1800420761.9589581,0.2,0.02,-1.14,24.06,-24.03,-33.36,1.16
1800420762.062061,0.06,0.2,-0.93,-41.79,-12.32,-96.32,0.95
1800420762.1651642,0.23,0.65,-0.89,-40.81,-78.34,-102.66,1.13
1800420762.2682674,0.21,0.65,-0.67,3.96,4.15,-86.69,0.96
1800420762.3713703,0.04,0.61,-0.72,2.55,60.63,-17.35,0.94
1800420762.4744735,0.07,0.49,-0.75,0.5,18.1,16.36,0.9
0.0,0.0,0.0,0.0,0.0,0.0,0.0,0.0
1800420765.0,0.12,1.01,0.11,17.96,-28.94,-94.34,1.02
1800420765.1000168,0.07,0.96,-0.01,11.68,-39.18,-87.57,0.96
1800420765.2000337,0.06,0.97,0.02,31.61,-24.29,-94.21,0.97
1800420765.3000503,0.05,0.82,-0.14,31.27,-24.88,-154.3,0.83
1800420765.400067,0.04,0.75,-0.14,24.52,-36.07,-193.82,0.77
1800420765.500084,-0.05,0.59,-0.35,9.74,-52.82,-217.23,0.68
1800420765.6001008,0.03,0.59,-0.31,-15.43,-10.19,-253.68,0.66
1800420765.7001173,0.05,0.59,-0.98,19.55,36.69,-338.5,1.14
1800420765.8001342,0.42,0.55,-1.37,315.74,-9.99,-117.17,1.54
1800420765.900151,-1.7,-1.01,-1.48,-473.22,127.51,38.33,2.47
1800420766.0001678,0.44,0.02,-0.89,-219.35,-53.48,-24.77,0.99
1800420766.1001847,0.29,0.05,-1.03,-55.04,34.91,42.11,1.07
1800420766.2002013,-0.29,0.17,-1.16,-91.79,63.5,11.15,1.21
1800420766.300218,-0.42,-0.02,-1.14,49.06,-41.57,111.44,1.21
1800420766.400235,-0.1,0.13,-1.04,68.25,-20.39,26.62,1.05
1800420766.5002518,-0.23,0.27,-1.11,14.62,-41.5,20.56,1.17
1800420766.6002684,-0.04,0.33,-1.17,-6.76,-82.6,56.65,1.21
1800420766.7002852,0.0,0.3,-1.15,31.49,-90.61,97.79,1.19
1800420766.800302,0.22,0.12,-0.94,-12.02,-21.11,-50.45,0.97
1800420766.9003189,0.26,0.19,-0.82,5.05,-36.36,-37.62,0.88
1800420767.0003357,0.21,0.09,-0.94,3.95,3.54,-88.44,0.96
1800420767.1003523,0.17,0.26,-1.1,-1.43,-22.43,-16.56,1.14
0.0,0.0,0.0,0.0,0.0,0.0,0.0,0.0
1800420770.0,0.03,0.02,0.02,10.83,-29.0,12.39,0.04
1800420770.1065931,0.14,0.95,0.22,2.13,-19.71,9.99,0.98
1800420770.2131863,0.23,0.71,0.1,67.45,-45.09,48.22,0.75
1800420770.3197794,0.4,1.01,-0.05,69.85,-25.52,52.66,1.09
1800420770.4263725,0.36,0.9,-0.25,-11.07,-11.09,19.27,1.0
1800420770.5329657,0.31,0.88,-0.16,-2.87,25.05,19.94,0.95
1800420770.6395588,0.27,0.8,-0.2,-12.44,21.73,9.75,0.87
1800420770.746152,0.26,0.84,-0.12,8.06,34.26,29.07,0.88
1800420770.852745,0.17,0.83,-0.11,2.22,32.48,63.19,0.85
1800420770.9593384,0.16,0.8,-0.13,-11.9,17.48,84.48,0.83
1800420771.0659316,0.04,0.53,-0.05,24.47,30.44,66.0,0.53
1800420771.1725247,0.07,0.15,0.15,106.45,-51.76,74.75,0.23
1800420771.2791178,0.79,0.5,-0.04,104.82,233.63,135.22,0.94
1800420771.385711,1.48,1.44,-0.07,154.82,119.59,472.93,2.07
1800420771.492304,-1.55,-0.59,-0.83,142.29,262.91,397.54,1.86
1800420771.5988972,-0.12,-0.66,-0.41,346.28,476.81,113.86,0.78
1800420771.7054904,-1.15,0.36,-0.43,274.13,130.71,-153.09,1.28
1800420771.8120835,-0.69,1.13,-0.03,8.35,20.33,-153.86,1.33
1800420771.9186766,-1.1,0.42,-0.78,-56.02,-11.39,48.66,1.42
1800420772.0252697,-0.7,0.2,-0.9,140.5,-26.43,36.97,1.15
1800420772.1318629,-0.51,0.36,-0.65,68.91,-135.13,-11.62,0.9
1800420772.238456,-0.46,0.53,-0.74,53.85,-100.65,-14.69,1.02
1800420772.3450491,-0.23,0.4,-0.65,51.05,-72.1,52.52,0.8
0.0,0.0,0.0,0.0,0.0,0.0,0.0,0.0
1800420775.0,0.06,-0.94,0.12,-21.4,-11.96,-28.76,0.95
1800420775.0973299,0.09,-1.03,0.11,-27.3,-8.79,-24.38,1.04
1800420775.1946595,0.05,-1.04,0.08,-49.82,-23.54,-48.77,1.05
1800420775.2919893,0.09,-0.93,0.07,-57.24,-0.08,-72.59,0.94
1800420775.389319,0.18,-0.97,-0.05,-57.15,-13.31,-41.92,0.99
1800420775.4866488,0.14,-1.12,-0.18,-21.35,-3.92,0.58,1.14
1800420775.5839784,0.28,-1.08,-0.38,-39.42,-20.81,-28.12,1.18
1800420775.6813083,0.21,-0.84,-0.31,-46.07,-54.43,1.35,0.93
1800420775.7786381,0.14,-0.99,-0.31,-62.76,-101.75,-36.18,1.04
1800420775.8759677,0.14,-0.88,-0.32,-36.1,-103.17,-92.76,0.95
1800420775.9732976,0.07,-0.7,-0.18,-26.86,-147.91,-133.04,0.72
1800420776.0706272,0.18,-0.64,-0.32,9.89,-253.02,-21.19,0.74
1800420776.167957,0.78,-1.01,-0.47,63.41,-350.0,123.09,1.36
1800420776.2652867,-1.99,-1.31,1.0,-246.75,-486.27,121.2,2.59
1800420776.3626165,-0.07,-1.25,-1.25,-442.78,-520.0,520.0,1.77
1800420776.4599464,-0.41,1.2,-0.79,337.08,-11.67,320.75,1.49
1800420776.557276,-0.97,0.64,-1.4,-254.77,-207.65,290.17,1.82
1800420776.6546059,-1.11,-0.36,-0.62,275.11,-40.49,-185.31,1.32
1800420776.7519355,-0.94,-0.03,-0.41,-115.44,-16.03,6.79,1.02
1800420776.8492653,-1.09,-0.22,-0.89,53.78,49.78,26.33,1.43
1800420776.946595,-0.82,-0.33,-0.68,43.13,-9.78,-46.5,1.12
1800420777.0439248,-0.74,-0.16,-0.68,20.97,114.51,-65.72,1.01
1800420777.1412547,-0.77,-0.23,-1.03,-95.51,122.57,9.62,1.31
1800420777.2385843,-0.46,-0.57,-1.04,-8.01,30.54,101.78,1.27
1800420777.3359141,-0.32,-0.28,-1.21,14.16,77.37,72.72,1.28
1800420777.4332438,-0.47,-0.35,-1.04,23.82,6.18,-80.12,1.2
1800420777.5305736,-0.31,-0.32,-1.11,-76.23,-117.24,-5.12,1.2
1800420777.6279032,-0.58,-0.22,-1.02,1.19,-66.96,-16.19,1.2
0.0,0.0,0.0,0.0,0.0,0.0,0.0,0.0
1800420780.0,0.75,-0.14,-0.35,70.52,21.01,85.78,0.84
1800420780.0947406,0.73,0.08,-0.57,-20.49,-67.44,65.96,0.93
1800420780.1894815,0.77,0.07,-0.48,3.15,-85.38,28.58,0.9
1800420780.2842221,0.93,0.35,-0.21,48.56,-114.11,-42.79,1.02
1800420780.378963,0.79,0.31,0.1,-1.07,-79.48,-213.3,0.85
1800420780.4737036,0.42,-0.4,-0.01,-61.4,-241.67,-280.85,0.58
1800420780.5684443,0.21,-0.73,0.02,70.25,-117.71,-98.41,0.76
1800420780.6631851,0.31,-0.7,0.04,118.4,-55.0,-62.98,0.77
1800420780.7579257,0.32,-0.8,0.05,124.55,-23.67,16.91,0.86
1800420780.8526666,0.36,-0.72,-0.06,71.53,6.6,-39.53,0.81
1800420780.9474072,0.4,-0.7,-0.17,17.18,-19.55,-56.43,0.82
1800420781.0421479,0.43,-0.87,-0.15,44.88,-15.21,-1.29,0.98
1800420781.1368887,0.31,-0.85,-0.23,68.42,0.83,-30.03,0.93
1800420781.2316294,0.37,-0.86,-0.18,59.58,4.71,-8.88,0.95
1800420781.3263702,0.35,-0.75,-0.21,17.19,7.58,-28.8,0.85
0.0,0.0,0.0,0.0,0.0,0.0,0.0,0.0
1800420785.0,-0.1,0.96,0.32,13.96,6.84,16.02,1.02
1800420785.1048462,-0.12,0.92,0.35,1.58,12.1,18.55,0.99
1800420785.2096922,-0.17,0.96,0.34,8.13,19.8,29.59,1.03
1800420785.3145385,-0.27,0.96,0.33,0.35,16.14,49.27,1.05
1800420785.4193845,-0.14,0.98,0.29,4.33,17.13,27.42,1.03
1800420785.5242307,-0.2,1.01,0.24,41.27,9.28,31.5,1.06
1800420785.629077,-0.15,0.97,0.28,57.69,7.85,38.27,1.02
1800420785.733923,-0.26,0.89,0.17,79.02,7.75,49.1,0.95
1800420785.8387692,-0.28,0.94,0.22,89.8,-3.06,28.31,1.0
1800420785.9436152,-0.4,0.97,0.19,76.48,-0.45,7.23,1.07
1800420786.0484614,-0.26,0.66,0.12,57.72,-10.47,16.37,0.73
1800420786.1533077,-0.4,0.55,0.15,59.48,-14.71,-48.61,0.7
1800420786.2581537,-0.16,0.33,0.46,32.58,-73.54,-175.2,0.59
1800420786.363,-0.89,1.22,0.51,141.34,-12.84,-112.71,1.59
1800420786.467846,-0.76,-0.15,0.78,-217.32,-285.32,-520.0,1.1
1800420786.5726922,-1.47,0.78,0.39,225.33,319.42,274.52,1.71
1800420786.6775384,-1.49,0.43,0.33,34.42,353.18,362.3,1.59
1800420786.7823844,-0.72,0.32,-0.51,33.17,112.88,175.54,0.94
1800420786.8872306,-0.91,0.38,-0.3,10.76,61.8,71.56,1.03
1800420786.9920766,-0.85,0.59,-0.63,-56.35,-19.21,-12.22,1.21
1800420787.0969229,-0.81,0.63,-0.5,-29.55,-0.66,92.58,1.15
1800420787.201769,-0.86,0.82,-0.33,-29.14,-0.88,-43.06,1.23
1800420787.306615,-0.83,0.85,-0.14,-35.52,26.01,-83.43,1.2
1800420787.4114614,-0.88,0.63,-0.04,-6.45,-10.06,-41.52,1.08
0.0,0.0,0.0,0.0,0.0,0.0,0.0,0.0
1800420790.0,-0.81,0.69,0.08,-10.84,-7.99,-12.03,1.07
1800420790.0975146,-0.88,0.67,0.04,-5.07,16.5,-28.01,1.11
1800420790.195029,-0.8,0.71,0.1,-13.76,17.64,-38.27,1.07
1800420790.2925436,-0.73,0.83,0.15,-35.31,18.86,-43.01,1.12
1800420790.3900583,-0.71,0.81,0.37,-29.53,58.23,-13.62,1.15
1800420790.4875727,-0.32,1.04,0.06,124.2,-47.11,44.27,1.09
1800420790.5850873,-0.09,0.63,0.14,137.69,-38.55,130.76,0.66
1800420790.682602,0.08,-0.08,-0.21,205.28,-113.36,181.3,0.23
1800420790.7801163,-1.65,-1.01,-0.22,-98.27,232.15,-206.43,1.95
1800420790.877631,-1.95,2.26,1.5,-354.54,510.25,-484.16,3.35
1800420790.9751456,-0.19,0.64,0.46,64.58,248.06,270.59,0.81
1800420791.07266,0.12,0.26,0.48,-208.39,464.52,-222.57,0.56
1800420791.1701746,-1.25,-0.16,0.86,-58.5,-185.07,-155.89,1.52
1800420791.2676892,-0.97,-0.13,0.92,-194.34,-92.46,34.71,1.34
1800420791.3652036,-0.7,0.2,0.53,-25.28,-154.67,75.17,0.9
1800420791.4627182,-0.73,0.0,0.77,14.05,-96.84,-15.07,1.06
1800420791.5602329,-0.77,0.2,0.24,14.81,-91.31,-15.0,0.83
1800420791.6577473,-0.66,-0.0,0.66,-15.63,-41.74,-118.05,0.93
1800420791.755262,-0.98,0.05,0.42,94.16,-100.02,43.65,1.07
1800420791.8527765,-0.95,-0.03,0.63,-1.6,-35.87,4.15,1.15
1800420791.9502912,-0.96,0.05,0.43,40.04,-35.8,1.38,1.05
1800420792.0478055,-0.95,-0.01,0.41,18.68,-28.72,0.58,1.03
1800420792.1453202,-0.87,0.14,0.34,9.95,-29.7,-12.15,0.94
0.0,0.0,0.0,0.0,0.0,0.0,0.0,0.0
1800420795.0,0.29,0.77,-0.05,-5.73,-17.61,-9.82,0.83
1800420795.1061592,0.17,0.7,-0.05,-8.99,-23.36,-3.82,0.72
1800420795.2123182,0.12,0.77,0.01,11.86,-9.88,-2.17,0.77
1800420795.3184774,0.19,0.71,0.01,15.07,-17.69,-16.36,0.74
1800420795.4246366,0.19,0.74,-0.06,-1.19,-17.52,-20.33,0.76
1800420795.5307956,0.16,0.72,-0.07,8.47,3.97,-32.04,0.74
1800420795.6369548,0.15,0.67,0.02,24.13,12.59,-35.18,0.69
1800420795.743114,0.05,0.59,0.02,59.78,-4.65,-45.18,0.6
1800420795.8492732,-0.07,0.43,0.01,96.27,-11.82,-50.12,0.43
1800420795.9554322,0.13,0.53,0.22,122.72,-98.43,-38.34,0.58
1800420796.0615914,1.74,1.43,-1.09,207.97,-158.96,108.3,2.5
1800420796.1677506,0.52,0.68,0.31,236.88,29.56,-76.51,0.91
1800420796.2739096,-0.79,-0.02,1.99,-160.79,-22.31,165.18,2.14
1800420796.3800688,0.76,0.21,0.99,-120.48,-216.93,-392.69,1.27
1800420796.486228,1.15,0.44,0.07,33.53,-87.24,-96.26,1.23
1800420796.592387,0.51,0.41,0.16,7.43,-154.96,-206.91,0.68
1800420796.6985462,1.15,0.33,0.2,63.13,-119.66,-178.86,1.21
1800420796.8047054,1.12,0.26,0.26,37.24,-28.49,-21.49,1.18
1800420796.9108644,0.99,0.33,0.24,-5.34,-105.04,-42.31,1.07
1800420797.0170236,0.94,0.22,0.39,39.46,-94.46,28.13,1.05
0.0,0.0,0.0,0.0,0.0,0.0,0.0,0.0
1800420800.0,0.14,-0.83,0.33,36.08,-44.2,-7.01,0.9
1800420800.0964096,0.09,-0.85,0.34,64.94,-24.84,-0.1,0.92
1800420800.1928194,0.11,-0.82,0.46,88.12,-6.47,-0.47,0.94
1800420800.289229,0.03,-0.7,0.44,107.61,-7.73,4.72,0.83
1800420800.3856387,-0.05,-0.54,0.53,156.75,8.64,-3.85,0.76
1800420800.4820483,-0.12,-0.4,0.57,191.96,30.33,3.26,0.71
1800420800.578458,-0.46,-0.24,0.19,169.33,37.38,-8.17,0.55
1800420800.6748676,1.02,0.08,2.11,231.71,-45.75,70.52,2.35
1800420800.7712772,2.39,2.13,0.04,-267.53,399.45,-261.45,3.21
1800420800.867687,0.08,1.79,0.69,-55.38,-43.61,-298.05,1.92
1800420800.9640965,-0.11,0.52,0.63,220.33,62.88,-13.25,0.82
1800420801.0605063,-0.19,0.25,0.87,2.39,43.65,-27.37,0.92
1800420801.156916,-0.53,0.38,0.78,41.16,40.88,-43.52,1.02
1800420801.2533257,-0.58,0.46,0.78,5.61,-19.01,-74.48,1.07
1800420801.3497353,-0.37,0.29,0.87,-41.63,-51.39,-44.95,0.99
1800420801.4461448,-0.34,0.35,0.81,-53.39,-21.11,-31.67,0.95
1800420801.5425546,-0.4,0.29,0.79,-41.45,-47.19,-65.77,0.94
1800420801.6389642,-0.37,0.19,0.86,-45.86,-44.42,-26.34,0.96
0.0,0.0,0.0,0.0,0.0,0.0,0.0,0.0
1800420805.0,-0.04,-0.13,-0.02,4.33,-40.62,13.16,0.14
1800420805.1061382,0.04,-1.15,0.07,-0.99,-25.57,3.1,1.15
1800420805.2122762,0.06,-0.95,0.14,-52.41,-55.52,46.46,0.96
1800420805.3184144,-0.17,-1.23,0.22,-81.16,-67.06,70.92,1.26
1800420805.4245524,-0.4,-1.15,0.24,15.19,-15.42,19.84,1.25
1800420805.5306907,-0.21,-1.06,0.27,-7.14,-0.15,17.04,1.11
1800420805.6368287,-0.25,-1.1,0.17,4.78,23.62,30.6,1.14
1800420805.742967,-0.21,-1.05,0.21,-8.7,-12.91,37.53,1.09
1800420805.849105,-0.19,-1.02,0.13,5.53,11.64,75.39,1.05
1800420805.955243,-0.17,-1.02,0.03,-2.06,-0.01,64.76,1.03
1800420806.061381,-0.17,-0.78,0.03,-0.22,36.73,76.75,0.8
1800420806.1675193,0.01,-0.28,-0.02,-114.18,-77.16,68.45,0.28
1800420806.2736573,-0.11,-0.58,0.59,-107.32,235.16,141.41,0.84
1800420806.3797956,-0.17,-1.67,1.17,-136.34,108.84,492.51,2.05
1800420806.4859335,-0.82,0.63,-1.22,-138.25,276.31,403.54,1.6
1800420806.5920718,-0.41,0.72,-0.14,-325.38,500.67,106.03,0.83
1800420806.6982098,-0.51,-0.44,-0.89,-241.04,118.46,-175.8,1.12
1800420806.804348,-0.18,-1.45,-0.63,-1.69,-10.09,-168.78,1.59
1800420806.910486,-0.77,-0.63,-0.87,46.4,-14.07,49.57,1.31
1800420807.0166242,-0.87,-0.26,-0.56,-135.08,-64.79,33.11,1.06
1800420807.1227622,-0.63,-0.53,-0.47,-70.11,-157.08,-20.05,0.95
1800420807.2289004,-0.71,-0.67,-0.38,-58.78,-138.72,-9.41,1.05
1800420807.3350384,-0.69,-0.68,-0.27,-52.63,-107.49,62.83,1.01
0.0,0.0,0.0,0.0,0.0,0.0,0.0,0.0
1800420810.0,0.16,0.89,-0.05,-16.64,2.46,11.92,0.9
1800420810.1029565,0.12,0.86,0.01,-1.96,21.92,29.3,0.87
1800420810.205913,0.14,0.89,-0.03,-17.09,5.94,29.2,0.9
1800420810.3088696,0.02,0.92,-0.0,-3.45,8.86,43.83,0.92
1800420810.4118261,0.01,0.91,-0.08,-16.87,-14.78,47.78,0.92
1800420810.5147827,0.07,0.89,-0.06,-58.36,-5.44,63.85,0.9
1800420810.6177392,0.02,0.91,-0.06,-30.53,-5.16,66.67,0.91
1800420810.7206957,0.05,0.75,-0.12,-23.4,-21.34,79.74,0.76
1800420810.823652,-0.01,0.76,-0.1,-43.38,27.32,90.89,0.77
1800420810.9266086,0.06,0.62,-0.06,37.63,-6.77,96.2,0.62
1800420811.029565,0.02,0.5,-0.0,49.73,-7.34,64.86,0.5
1800420811.1325216,-0.18,0.51,0.17,-47.77,115.22,110.25,0.57
1800420811.2354782,1.0,1.9,-0.62,511.11,409.1,266.58,2.23
1800420811.3384347,-0.44,0.8,0.07,-220.49,82.21,126.42,0.91
1800420811.4413912,-1.94,0.21,-0.36,-166.98,22.19,98.93,1.98
1800420811.5443478,-1.03,0.22,-0.77,107.26,130.53,199.39,1.3
1800420811.6473043,-0.92,0.41,-0.17,-51.81,196.87,8.98,1.02
1800420811.7502608,-0.86,0.31,-0.37,-13.64,29.44,-90.59,0.98
1800420811.8532174,-0.99,0.32,-0.32,-103.22,-48.55,-86.75,1.09
1800420811.956174,-0.75,0.48,-0.44,-35.83,-77.12,-13.52,0.99
1800420812.0591304,-0.9,0.68,-0.23,26.41,-47.33,63.54,1.15
1800420812.162087,-0.7,0.56,-0.38,27.55,19.05,-15.48,0.97
1800420812.2650433,-0.79,0.62,-0.35,-15.73,-11.09,35.66,1.07
1800420812.3679998,-0.74,0.53,-0.39,-11.29,-37.58,13.07,0.99
1800420812.4709563,-0.78,0.55,-0.43,-67.67,-6.39,-3.84,1.05
0.0,0.0,0.0,0.0,0.0,0.0,0.0,0.0
1800420815.0,-0.04,-0.98,-0.53,-17.62,-21.57,30.1,1.11
1800420815.1070096,0.14,-0.95,-0.3,-19.35,-41.58,30.61,1.01
1800420815.2140193,0.1,-0.97,-0.28,-46.43,-85.96,-4.03,1.02
1800420815.3210287,-0.04,-0.92,0.03,-85.22,-142.49,-11.27,0.92
1800420815.4280384,-0.22,-1.02,0.16,-29.68,-213.47,-13.9,1.05
1800420815.535048,-0.62,-0.79,-0.16,-34.63,-224.8,-35.34,1.02
1800420815.6420577,-0.47,-0.98,-0.43,-13.56,-210.56,-45.7,1.17
1800420815.7490673,-0.34,-0.55,-0.08,36.62,-141.0,72.66,0.65
1800420815.856077,0.49,0.04,-0.43,104.98,-65.12,-11.18,0.65
1800420815.9630864,0.64,-2.08,-1.63,-83.97,-359.28,-7.71,2.72
1800420816.070096,1.46,-1.46,2.16,-329.44,308.8,136.19,2.98
1800420816.1771057,-0.48,0.17,1.13,104.25,-251.44,-22.07,1.24
1800420816.2841153,-0.54,-0.98,0.05,-8.79,-239.51,-33.41,1.12
1800420816.391125,0.5,-0.78,0.4,-31.49,-140.79,79.76,1.01
1800420816.4981346,0.88,-0.35,0.78,-58.09,-12.94,80.52,1.23
1800420816.605144,1.16,-0.29,0.84,13.8,-46.48,-10.43,1.47
1800420816.7121537,0.64,-0.72,0.68,112.13,-54.13,-11.45,1.18
1800420816.8191633,0.5,-0.79,0.29,19.92,1.23,0.7,0.98
1800420816.926173,0.79,-0.67,0.18,13.09,-15.22,-20.38,1.05
1800420817.0331826,0.65,-0.6,0.21,16.42,-19.12,-57.77,0.91
0.0,0.0,0.0,0.0,0.0,0.0,0.0,0.0
1800420820.0,0.09,-0.93,0.05,-28.29,14.68,19.54,0.94
1800420820.1023328,0.05,-1.03,-0.01,-15.17,-6.8,16.6,1.03
1800420820.2046654,-0.09,-0.95,-0.03,-14.83,-19.89,24.96,0.95
1800420820.3069983,-0.01,-0.87,0.04,-6.76,-0.09,39.42,0.87
1800420820.409331,-0.08,-0.99,0.03,-32.46,0.97,51.34,0.99
1800420820.511664,-0.15,-0.92,0.14,-19.09,8.45,56.05,0.95
1800420820.6139965,-0.08,-0.91,0.07,4.65,13.23,45.55,0.91
1800420820.7163293,-0.13,-0.92,-0.01,-32.47,9.54,44.68,0.93
1800420820.8186622,-0.07,-0.89,0.05,-17.56,-15.91,76.36,0.9
1800420820.9209948,-0.08,-0.65,-0.04,-51.58,-4.05,74.96,0.66
1800420821.0233276,-0.13,-0.49,-0.05,-27.8,17.16,97.73,0.51
1800420821.1256604,-0.26,-0.78,-0.24,9.91,-70.04,85.76,0.86
1800420821.227993,-0.39,-1.41,0.1,11.84,80.96,305.95,1.46
1800420821.3303258,0.39,-0.48,1.31,289.79,135.42,480.43,1.45
1800420821.4326587,-1.57,0.12,-0.13,-255.39,-403.3,-163.35,1.58
1800420821.5349915,-1.06,0.38,0.59,183.01,113.03,414.21,1.27
1800420821.637324,-0.65,-0.24,0.76,45.48,-67.18,49.2,1.03
1800420821.739657,-0.89,-0.07,0.32,-98.92,-61.94,-102.86,0.95
1800420821.8419898,-0.76,-0.18,0.65,-76.48,12.21,-10.14,1.02
1800420821.9443223,-0.99,-0.47,0.4,-46.83,-0.67,-92.41,1.17
1800420822.0466552,-0.87,-0.44,0.36,-15.03,56.19,-20.02,1.04
1800420822.148988,-0.87,-0.5,0.25,16.72,19.25,-54.62,1.04
1800420822.2513206,-0.99,-0.41,0.24,-25.42,18.95,-2.68,1.1
1800420822.3536534,-0.84,-0.44,0.32,-7.65,-7.05,4.58,1.0
0.0,0.0,0.0,0.0,0.0,0.0,0.0,0.0
1800420825.0,0.07,0.99,0.13,14.14,-26.25,-9.09,1.0
1800420825.1100767,0.06,0.96,0.17,-8.28,-22.1,15.05,0.98
1800420825.2201533,-0.0,0.98,0.2,-11.43,-26.75,-23.92,1.0
1800420825.3302302,-0.02,1.02,0.16,-15.51,-7.22,-3.31,1.03
1800420825.440307,-0.09,1.09,0.12,-42.55,14.75,24.36,1.1
1800420825.5503836,-0.18,1.04,0.13,-20.58,-7.13,3.31,1.06
1800420825.6604602,-0.08,1.02,0.16,-19.56,-11.87,4.91,1.03
1800420825.770537,-0.11,1.0,0.22,-30.49,-8.88,13.3,1.03
1800420825.8806138,-0.22,0.94,0.14,-41.54,-17.52,1.62,0.97
1800420825.9906905,-0.29,0.98,0.14,-61.39,-10.43,29.92,1.03
1800420826.1007671,-0.18,0.92,0.11,-56.34,-18.13,20.56,0.94
1800420826.2108438,-0.25,0.87,0.12,-71.1,35.45,31.8,0.91
1800420826.3209207,-0.19,0.67,0.1,-34.93,33.95,13.39,0.7
1800420826.4309974,-0.16,0.46,0.03,-84.28,62.53,-7.94,0.49
1800420826.541074,0.05,0.52,0.1,-105.02,89.16,-124.71,0.53
1800420826.6511507,-0.78,1.05,0.08,-177.48,31.45,101.12,1.31
1800420826.7612274,-1.33,1.11,-0.96,132.0,-424.37,-464.81,1.98
1800420826.8713043,-2.15,0.88,-0.22,-168.57,59.15,55.55,2.33
1800420826.981381,-1.92,0.19,-0.17,-122.5,49.28,15.53,1.94
1800420827.0914576,-1.03,0.26,-0.06,-23.77,22.22,-16.23,1.06
1800420827.2015343,-1.08,0.32,0.02,68.55,67.46,51.7,1.12
1800420827.311611,-1.09,0.34,-0.19,13.41,-3.02,69.45,1.16
1800420827.4216878,-0.98,0.35,-0.05,55.88,24.58,37.34,1.04
1800420827.5317645,-0.86,0.61,-0.19,80.63,43.32,-57.05,1.07
1800420827.6418412,-1.07,0.62,-0.07,92.36,44.34,-78.98,1.24
1800420827.7519178,-0.97,0.59,-0.03,81.97,59.3,3.18,1.14
1800420827.8619947,-0.79,0.63,-0.24,71.71,55.36,3.62,1.04
1800420827.9720714,-0.67,0.69,-0.22,90.08,29.54,-40.13,0.99
1800420828.082148,-0.63,0.73,-0.33,38.56,58.95,25.75,1.02
0.0,0.0,0.0,0.0,0.0,0.0,0.0,0.0
1800420830.0,-0.03,1.02,0.07,4.73,32.21,-14.53,1.02
1800420830.1010752,0.01,1.01,0.08,15.26,63.47,-27.57,1.02
1800420830.20215,-0.04,1.06,0.05,19.24,38.29,4.5,1.06
1800420830.3032253,0.02,1.0,0.12,52.18,36.64,-23.67,1.01
1800420830.4043002,0.15,1.04,-0.03,-36.85,55.31,-0.59,1.05
1800420830.5053754,0.11,0.99,-0.08,46.58,24.05,-53.69,1.0
1800420830.6064506,0.07,1.01,0.12,88.7,31.28,-46.34,1.02
1800420830.7075255,0.19,0.87,0.34,109.21,-21.98,-93.65,0.95
1800420830.8086007,0.3,0.84,0.36,25.61,-71.59,-62.08,0.96
1800420830.9096756,0.28,0.88,0.23,6.36,-129.56,-42.88,0.95
1800420831.0107508,0.27,0.68,0.11,35.2,-195.4,-80.35,0.74
1800420831.111826,0.32,0.64,-0.05,101.0,-189.69,-25.64,0.71
1800420831.2129009,0.5,1.26,0.53,188.07,-327.46,-17.25,1.46
1800420831.313976,1.19,2.16,0.07,-355.88,-128.6,9.89,2.47
1800420831.415051,-1.1,-0.03,1.58,-520.0,-53.39,84.95,1.92
1800420831.5161262,-0.88,-0.4,0.54,520.0,134.73,155.6,1.11
1800420831.6172013,0.07,-0.37,0.3,107.06,191.26,-232.09,0.48
1800420831.7182763,-0.62,0.34,1.0,394.65,-110.88,266.6,1.22
1800420831.8193514,-0.97,-0.37,1.0,175.73,-50.0,30.99,1.43
1800420831.9204266,-0.69,-0.04,0.6,-165.57,109.74,-65.38,0.91
1800420832.0215015,-0.45,0.41,0.62,-181.02,307.16,34.42,0.87
1800420832.1225767,-0.24,0.44,0.66,8.97,151.7,10.22,0.83
1800420832.2236516,-0.12,0.25,1.12,67.76,108.47,-106.88,1.16
1800420832.3247268,0.35,0.04,1.13,-26.71,61.98,-116.92,1.19
1800420832.425802,0.16,0.76,0.9,-175.68,44.92,45.74,1.19
0.0,0.0,0.0,0.0,0.0,0.0,0.0,0.0
1800420835.0,-0.3,-0.19,0.98,-70.42,32.49,60.18,1.04
1800420835.09899,-0.5,0.16,0.88,-44.57,-63.49,-4.17,1.02
1800420835.19798,-0.39,0.13,1.02,-11.09,-67.8,-4.01,1.1
1800420835.29697,-0.17,0.48,1.28,73.45,-114.81,40.0,1.38
1800420835.3959596,0.23,0.43,1.06,225.78,-71.48,2.19,1.17
1800420835.4949496,0.02,-0.35,0.55,285.3,-238.35,-42.46,0.65
1800420835.5939395,0.09,-0.76,0.33,129.23,-109.89,75.97,0.84
1800420835.6929295,0.17,-0.74,0.39,89.47,-51.4,103.26,0.85
1800420835.7919195,0.05,-0.83,0.44,-6.68,-16.9,111.65,0.94
1800420835.8909094,-0.01,-0.85,0.48,43.61,-1.97,75.86,0.97
1800420835.9898994,-0.09,-0.75,0.5,71.28,-18.01,10.28,0.91
1800420836.0888894,-0.11,-0.88,0.5,37.71,-14.29,44.5,1.02
1800420836.187879,-0.08,-0.94,0.54,58.75,30.17,69.64,1.09
1800420836.286869,-0.09,-0.93,0.53,42.15,-3.01,44.26,1.08
1800420836.385859,-0.13,-0.86,0.52,51.26,6.32,12.27,1.01
0.0,0.0,0.0,0.0,0.0,0.0,0.0,0.0
1800420840.0,-0.08,-0.95,0.11,36.06,6.35,-30.21,0.96
1800420840.1073358,-0.19,-0.97,-0.01,48.27,12.44,-1.46,0.99
1800420840.2146716,-0.17,-0.88,0.09,-8.32,31.58,5.64,0.9
1800420840.3220074,-0.08,-0.82,0.08,9.4,55.09,1.55,0.83
1800420840.4293432,-0.11,-0.73,0.03,43.48,44.88,37.59,0.73
1800420840.536679,-0.09,-0.66,0.14,105.23,59.24,-16.0,0.68
1800420840.6440148,-0.19,-1.06,0.22,234.14,110.68,-65.11,1.1
1800420840.7513506,-1.08,-1.66,-0.63,403.4,-85.5,176.29,2.08
1800420840.8586864,-0.84,-0.21,0.12,415.26,121.39,-318.91,0.88
1800420840.9660225,-0.86,-0.28,-0.97,-61.22,98.34,-288.78,1.33
1800420841.0733583,-0.3,-0.23,0.27,9.82,243.22,-14.0,0.47
1800420841.180694,-0.54,0.93,-0.15,-195.94,-71.97,-60.91,1.08
1800420841.28803,-0.39,0.29,-0.6,-241.47,-241.54,-170.85,0.77
1800420841.3953657,-1.31,0.03,-0.75,46.04,-211.03,94.8,1.51
1800420841.5027015,-1.04,-0.18,-0.39,-135.22,-103.79,-28.51,1.12
1800420841.6100373,-0.54,-0.31,-0.01,-116.04,-37.43,-67.36,0.62
1800420841.7173731,-0.84,-0.51,-0.26,-85.98,-67.74,22.34,1.02
1800420841.824709,-0.71,-0.62,-0.17,32.66,-78.07,59.79,0.96
1800420841.9320447,-0.83,-0.21,0.24,9.32,-82.11,17.55,0.89
1800420842.0393806,-0.83,-0.14,0.11,-54.09,8.03,-57.44,0.85
0.0,0.0,0.0,0.0,0.0,0.0,0.0,0.0
1800420845.0,0.27,-1.12,-0.01,22.7,15.86,14.59,1.15
1800420845.0953605,0.16,-1.02,0.09,36.15,37.79,25.21,1.04
1800420845.190721,0.22,-1.06,0.07,59.85,18.46,59.36,1.08
1800420845.2860818,0.21,-1.09,-0.05,70.92,30.54,62.11,1.11
1800420845.3814423,0.26,-1.08,-0.07,41.15,-13.6,30.06,1.11
1800420845.4768028,0.28,-1.01,-0.11,32.41,-38.11,0.76,1.05
1800420845.5721633,0.3,-0.97,-0.2,74.04,-64.43,-3.26,1.04
1800420845.6675239,0.31,-0.91,-0.17,64.01,-82.24,31.94,0.98
1800420845.7628844,0.37,-0.74,-0.16,67.23,-126.23,57.4,0.84
1800420845.8582451,0.33,-0.81,-0.15,104.54,-140.61,51.51,0.89
1800420845.9536057,0.23,-0.74,-0.36,40.52,-201.1,-40.67,0.85
1800420846.0489662,0.19,-1.24,-0.87,111.24,-271.91,-143.08,1.52
1800420846.1443267,1.45,-1.86,-0.69,219.88,-251.8,161.67,2.46
1800420846.2396872,-0.03,-1.76,-0.26,120.58,83.5,-1.78,1.78
1800420846.3350477,0.13,0.04,-1.44,422.76,-265.37,-446.11,1.44
1800420846.4304085,-0.13,1.64,-0.64,34.06,136.94,-227.61,1.77
1800420846.525769,0.16,0.94,-0.93,105.06,20.84,-75.25,1.33
1800420846.6211295,0.03,0.36,-1.18,9.78,-66.18,10.73,1.23
1800420846.71649,-0.23,0.21,-1.29,101.55,-103.98,-65.79,1.33
1800420846.8118505,-0.13,0.27,-0.92,-97.99,5.68,4.64,0.97
1800420846.907211,-0.32,0.08,-0.89,56.11,-31.2,-42.52,0.95
1800420847.0025718,-0.3,-0.05,-1.08,12.17,-87.99,-39.37,1.12
1800420847.0979323,-0.29,-0.04,-0.81,-25.6,8.15,23.45,0.86
1800420847.1932929,-0.23,0.02,-0.86,8.55,6.24,-3.37,0.89
1800420847.2886534,-0.21,0.07,-0.99,30.71,-9.39,-19.35,1.02
1800420847.384014,-0.24,0.1,-0.96,14.31,15.98,-10.41,1.0
0.0,0.0,0.0,0.0,0.0,0.0,0.0,0.0
1800420850.0,-0.1,-1.16,0.03,4.56,-12.29,-13.76,1.16
1800420850.1021175,-0.06,-1.07,-0.02,-5.94,-12.33,17.14,1.07
1800420850.204235,-0.03,-1.12,-0.06,-2.75,-23.5,-0.56,1.12
1800420850.3063526,-0.05,-1.15,0.01,0.58,-30.2,-21.11,1.15
1800420850.40847,-0.14,-1.1,-0.04,-49.35,-22.46,11.57,1.11
1800420850.5105875,-0.06,-1.09,0.06,-13.38,-19.79,16.93,1.09
1800420850.612705,-0.13,-1.18,0.01,-41.66,-48.74,11.02,1.18
1800420850.7148225,-0.13,-0.97,-0.08,-9.47,-26.6,36.74,0.99
1800420850.81694,-0.1,-0.92,0.0,-8.2,9.46,107.26,0.93
1800420850.9190576,-0.1,-0.98,0.09,26.77,39.97,141.5,0.99
1800420851.0211751,0.04,-1.03,0.22,73.01,75.48,184.98,1.06
1800420851.1232927,0.03,-0.02,-0.04,-3.23,1.86,-13.33,0.05
1800420851.22541,-0.19,-0.32,0.99,-26.6,20.51,241.09,1.06
1800420851.3275275,-0.21,2.23,2.17,-520.0,293.24,-383.88,3.11
1800420851.429645,0.02,0.31,0.51,-289.51,19.01,39.68,0.6
1800420851.5317626,0.22,-0.69,1.09,45.6,2.9,-31.3,1.31
1800420851.6338801,0.37,-0.06,1.03,-23.45,89.41,76.55,1.1
1800420851.7359977,0.6,0.03,1.28,-43.54,56.76,-96.99,1.42
1800420851.8381152,0.61,-0.26,1.1,24.35,9.06,-47.68,1.28
1800420851.9402325,0.31,-0.34,0.97,-64.14,-46.87,-41.53,1.07
1800420852.04235,0.25,-0.27,0.97,-14.96,-11.01,-6.99,1.03
1800420852.1444676,0.25,-0.24,0.92,-62.33,-2.97,-40.87,0.98
1800420852.2465851,0.35,-0.31,1.0,-11.55,4.02,-47.77,1.1
1800420852.3487027,0.32,-0.3,0.84,-52.0,1.65,1.27,0.95
1800420852.4508202,0.29,-0.3,0.87,-46.17,-17.07,18.86,0.97
1800420852.5529377,0.35,-0.53,0.76,3.06,-35.69,75.0,0.99
1800420852.655055,0.31,-0.43,1.13,-57.08,-94.03,-12.79,1.25
1800420852.7571726,0.14,-0.51,1.04,79.0,-2.35,34.2,1.16
1800420852.8592901,0.22,-0.05,0.9,-12.6,26.5,43.31,0.93
1800420852.9614077,0.39,-0.12,0.98,-15.5,-17.86,-7.43,1.06
1800420853.0635252,0.35,-0.22,0.87,12.76,-11.39,10.43,0.96
1800420853.1656427,0.34,-0.29,0.9,-25.7,-26.74,-66.04,1.01
0.0,0.0,0.0,0.0,0.0,0.0,0.0,0.0
1800420855.0,0.81,-0.45,0.07,-19.92,-39.29,-23.88,0.92
1800420855.1072598,0.86,-0.37,0.05,-36.89,-56.54,1.37,0.93
1800420855.2145197,0.75,-0.33,0.05,13.86,-18.86,-18.66,0.82
1800420855.3217795,0.73,-0.41,0.13,7.5,-28.12,5.88,0.85
1800420855.4290392,0.83,-0.35,0.09,-10.72,-24.51,8.84,0.9
1800420855.536299,0.79,-0.37,0.15,14.32,-25.05,-8.28,0.89
1800420855.643559,0.78,-0.34,0.12,-17.18,-24.44,-19.2,0.86
1800420855.7508187,0.75,-0.28,0.14,-28.75,-20.43,-12.06,0.81
1800420855.8580785,0.78,-0.31,0.09,-23.74,-10.57,-22.28,0.84
1800420855.9653382,0.79,-0.34,0.09,-54.84,-33.59,-16.82,0.87
1800420856.0725982,0.76,-0.31,0.15,-57.98,-30.31,-23.5,0.83
1800420856.179858,0.8,-0.3,0.13,-61.09,-38.57,-9.81,0.87
1800420856.2871177,0.53,-0.3,0.02,-60.43,-15.02,3.01,0.61
1800420856.3943775,0.32,-0.55,0.29,111.17,10.73,-96.71,0.7
1800420856.5016375,-0.27,-0.81,-0.29,209.21,427.8,-425.87,0.9
1800420856.6088972,1.85,-0.47,0.6,520.0,247.58,-46.42,2.0
1800420856.716157,0.69,-1.94,-1.9,-520.0,-84.15,-465.82,2.8
1800420856.823417,0.94,-0.22,0.02,-52.39,44.99,-68.95,0.96
1800420856.9306767,0.77,-0.03,0.35,-13.72,-81.88,90.82,0.84
1800420857.0379364,0.76,-0.43,0.28,43.07,-57.88,18.73,0.92
1800420857.1451962,0.79,-0.42,0.29,10.74,-31.43,-17.76,0.94
1800420857.2524562,0.75,-0.36,0.22,-15.86,-9.24,-2.15,0.86
1800420857.359716,0.73,-0.33,0.25,-14.72,-12.49,4.09,0.84
1800420857.4669757,0.76,-0.42,0.23,19.99,-22.82,5.9,0.89
1800420857.5742354,0.79,-0.37,0.21,10.56,-29.14,-8.37,0.9
1800420857.6814954,0.8,-0.33,0.26,8.75,-4.59,3.51,0.91
1800420857.7887552,0.8,-0.38,0.28,11.79,-24.94,8.75,0.93
1800420857.896015,0.8,-0.4,0.32,19.84,-8.17,10.45,0.95
1800420858.0032747,0.76,-0.37,0.26,29.42,-22.86,0.5,0.88
1800420858.1105347,0.81,-0.42,0.4,-11.8,-36.3,-80.31,1.0
1800420858.2177944,0.67,-0.32,0.41,22.83,-62.7,-48.14,0.85
1800420858.3250542,0.78,-0.35,0.19,13.79,-82.01,14.18,0.87
1800420858.432314,0.65,-0.34,0.46,28.61,-56.22,5.45,0.87
1800420858.539574,0.65,-0.39,0.32,86.64,-33.42,3.14,0.83
1800420858.6468337,0.77,-0.5,0.27,38.58,0.13,-47.31,0.95
1800420858.7540934,0.67,-0.42,0.39,55.79,-3.95,22.1,0.88
1800420858.8613534,0.69,-0.48,0.29,10.88,29.88,53.33,0.89
1800420858.9686131,0.84,-0.35,0.31,2.39,-42.73,105.39,0.96
1800420859.075873,0.8,-0.23,-0.13,-115.67,-40.39,244.08,0.84
1800420859.1831326,0.8,0.01,-0.25,-204.08,-56.38,101.2,0.84
1800420859.2903926,1.86,-0.41,0.72,-213.66,-279.54,200.82,2.04
1800420859.3976524,1.08,-0.14,-0.01,64.26,-168.14,74.76,1.09
1800420859.5049121,0.96,0.09,0.47,70.91,18.6,70.99,1.08
1800420859.612172,0.6,-0.13,0.11,169.56,107.54,33.66,0.62
1800420859.7194319,0.46,-0.18,-0.11,61.73,9.51,59.49,0.5
1800420859.8266916,0.39,-0.24,-0.19,12.33,-5.55,-5.11,0.5
1800420859.9339514,0.63,-0.36,-0.24,22.3,-61.42,10.3,0.77
1800420860.0412111,0.8,-0.16,-0.15,-141.15,-42.97,25.13,0.83
1800420860.148471,0.93,-0.12,-0.12,-64.28,-72.81,-32.33,0.94
1800420860.2557309,0.87,-0.04,0.05,-11.03,-67.2,-37.42,0.88
1800420860.3629906,0.9,0.01,0.15,1.98,-95.61,-6.11,0.91
1800420860.4702506,0.78,-0.09,0.22,36.37,-60.4,-34.35,0.82
1800420860.5775104,0.8,0.08,0.17,106.47,-96.36,-2.48,0.82
1800420860.68477,0.82,-0.11,0.2,-18.09,-16.0,-44.06,0.85
1800420860.7920299,0.84,-0.04,0.16,-12.23,-24.64,-30.49,0.86
1800420860.8992898,0.79,-0.01,0.18,-1.03,-16.73,-51.12,0.81
0.0,0.0,0.0,0.0,0.0,0.0,0.0,0.0
1800420860.0,0.11,-0.98,0.22,-0.26,-24.28,-12.78,1.01
1800420860.1080213,0.05,-1.01,0.14,-2.8,-63.25,-8.47,1.02
1800420860.2160428,0.1,-0.95,0.11,2.38,-82.14,-5.77,0.96
1800420860.324064,0.01,-0.96,0.08,42.19,-77.12,41.44,0.96
1800420860.4320855,0.06,-0.91,0.14,30.26,-90.36,33.57,0.93
1800420860.5401068,-0.1,-0.9,0.14,76.47,-174.41,26.84,0.91
1800420860.6481283,-0.01,-0.78,0.13,-219.5,-68.16,-44.17,0.79
1800420860.7561495,0.02,-0.8,0.3,-135.43,-150.8,5.35,0.86
1800420860.864171,0.03,-0.71,0.26,-118.69,-170.93,-29.82,0.76
1800420860.9721923,-0.06,-0.5,0.09,-52.44,-259.51,-15.9,0.51
1800420861.0802138,0.12,-0.63,0.15,-134.08,-205.88,-88.0,0.65
1800420861.188235,1.24,-0.3,0.93,-448.39,253.98,-115.7,1.58
1800420861.2962565,-1.58,-0.23,0.31,-517.18,520.0,140.33,1.63
1800420861.4042778,2.24,0.4,0.95,118.05,-298.0,255.29,2.47
1800420861.5122993,0.46,-0.65,0.07,74.07,-11.2,87.45,0.8
1800420861.6203206,0.77,-0.1,0.48,-31.74,-189.89,1.65,0.91
1800420861.728342,1.42,0.1,0.51,-132.62,-59.29,-19.49,1.51
1800420861.8363633,0.75,-0.36,0.48,84.19,33.64,-72.24,0.97
1800420861.9443848,0.78,-0.29,0.57,30.49,15.07,-5.74,1.01
1800420862.052406,0.79,-0.3,0.56,7.89,-4.76,54.65,1.01
1800420862.1604276,0.78,-0.42,0.51,9.97,-5.01,34.03,1.03
1800420862.2684488,0.72,-0.48,0.48,6.79,-37.09,59.9,0.99
1800420862.3764703,0.88,-0.52,0.44,-5.37,-21.28,-5.34,1.11
1800420862.4844916,0.72,-0.4,0.54,-1.97,-33.39,42.98,0.99
1800420862.592513,0.71,-0.5,0.46,-15.58,-22.68,14.57,0.99
1800420862.7005343,0.84,-0.4,0.51,-8.74,-32.57,-4.73,1.06
1800420862.8085558,0.82,-0.51,0.52,-4.45,-15.81,35.18,1.1
0.0,0.0,0.0,0.0,0.0,0.0,0.0,0.0
1800420865.0,0.82,-0.15,-0.71,-11.66,-56.0,-34.21,1.1
1800420865.1087372,0.81,-0.19,-0.85,-3.29,-46.6,-119.59,1.18
1800420865.2174747,0.94,-0.1,-0.74,-85.16,18.4,-195.79,1.2
1800420865.326212,0.48,-0.2,-0.99,-86.2,-19.17,-289.96,1.12
1800420865.4349492,0.47,-0.41,-0.61,-70.46,-80.57,-232.22,0.88
1800420865.5436866,0.51,-0.78,-0.19,2.29,37.5,-302.7,0.95
1800420865.6524239,0.7,-0.84,0.0,11.89,6.38,-257.78,1.1
1800420865.761161,0.44,-0.8,0.21,31.4,77.23,-238.6,0.94
1800420865.8698983,0.51,-0.78,0.31,-9.88,51.13,-118.06,0.98
1800420865.9786358,0.49,-0.76,0.37,-8.05,90.98,-170.17,0.98
1800420866.087373,0.4,-0.65,0.53,-46.69,79.01,-121.92,0.93
1800420866.1961102,0.46,-0.63,0.74,-45.07,107.49,-73.7,1.07
1800420866.3048477,0.43,-0.71,0.69,-55.99,121.65,-87.21,1.07
1800420866.413585,0.28,-0.65,0.54,-66.49,33.19,-20.67,0.9
1800420866.5223222,0.13,-0.71,0.76,-6.36,50.82,-84.31,1.05
1800420866.6310596,-0.25,-0.77,0.53,-33.74,147.2,-123.05,0.97
1800420866.7397969,-0.13,-0.63,0.67,54.77,29.67,-17.29,0.93
1800420866.848534,0.19,-0.5,0.63,91.91,-28.95,-29.14,0.83
1800420866.9572716,0.15,-0.44,0.7,90.82,-28.25,-111.43,0.84
1800420867.0660088,0.37,-0.25,1.22,63.06,80.02,-151.25,1.3
1800420867.174746,0.22,-0.16,1.18,30.93,43.37,-70.44,1.21
1800420867.2834835,0.32,-0.19,1.16,-1.26,25.3,-27.94,1.22
1800420867.3922207,0.19,-0.08,1.2,-81.06,48.0,-85.68,1.21
1800420867.500958,-0.04,-0.19,1.25,-57.76,-53.2,65.85,1.26
1800420867.6096952,0.05,-0.06,0.98,-28.57,82.33,61.66,0.98
1800420867.7184327,-0.2,-0.23,0.54,16.53,31.41,103.25,0.62
1800420867.82717,-0.23,-0.28,0.83,22.48,27.31,31.48,0.91
1800420867.9359071,-0.31,-0.32,0.91,13.28,61.96,92.84,1.01
1800420868.0446446,-0.19,-0.39,0.98,-17.7,20.44,136.24,1.07
1800420868.1533818,-0.08,-0.5,0.6,27.78,80.23,117.99,0.78
1800420868.262119,-0.09,-0.55,0.53,10.57,41.26,105.28,0.77
1800420868.3708565,0.01,-0.68,0.8,-14.64,35.13,-0.71,1.05
1800420868.4795938,-0.02,-0.5,0.68,46.6,66.32,48.63,0.84
1800420868.588331,0.22,-0.84,0.7,27.88,-20.83,103.92,1.12
1800420868.6970685,0.1,-0.81,0.63,62.63,41.56,56.82,1.03
1800420868.8058057,-0.1,-0.79,0.6,124.12,111.07,119.91,1.0
1800420868.914543,0.08,-1.0,0.72,169.65,87.98,158.73,1.24
1800420869.0232804,0.02,-0.77,0.58,55.63,84.24,162.12,0.97
1800420869.1320176,-0.13,-0.88,0.24,-57.21,100.74,151.49,0.93
1800420869.2407548,-0.16,-0.95,0.14,-7.52,81.01,81.43,0.97
1800420869.349492,0.01,-1.03,0.04,15.19,9.71,26.14,1.03
1800420869.4582295,0.1,-1.06,0.06,-18.72,18.78,70.15,1.07
1800420869.5669668,0.04,-1.07,-0.01,-55.63,8.41,71.49,1.07
1800420869.675704,0.0,-1.1,-0.06,-24.39,-13.02,71.17,1.1
1800420869.7844415,-0.05,-1.04,-0.08,1.0,20.92,40.18,1.04
1800420869.8931787,-0.07,-0.96,-0.15,22.16,-5.68,45.94,0.97
1800420870.001916,-0.05,-0.95,-0.08,7.98,9.86,16.28,0.95
1800420870.1106534,-0.08,-1.01,-0.09,34.54,22.69,-35.78,1.02
1800420870.2193906,-0.01,-1.09,-0.04,12.4,16.49,-27.6,1.09
1800420870.3281279,-0.06,-1.11,-0.1,-8.98,12.88,-24.72,1.12
1800420870.4368653,-0.14,-1.09,-0.02,-24.14,35.75,-12.9,1.1
1800420870.5456026,-0.08,-1.03,-0.08,-15.98,66.9,41.52,1.04
0.0,0.0,0.0,0.0,0.0,0.0,0.0,0.0
1800420870.0,0.1,1.09,-0.28,-1.67,-9.61,6.46,1.13
1800420870.1050842,0.02,1.08,-0.13,16.24,-16.93,-15.05,1.09
1800420870.2101684,-0.08,1.08,-0.03,-26.3,-26.1,-33.25,1.08
1800420870.3152528,-0.03,1.06,-0.18,-38.24,-58.77,-39.62,1.07
1800420870.420337,0.01,0.99,-0.33,-51.78,-20.02,-60.31,1.05
1800420870.5254211,0.05,1.04,-0.5,-81.75,10.78,-73.71,1.16
1800420870.6305053,0.14,0.93,-0.55,-65.32,48.06,-77.55,1.09
1800420870.7355897,0.13,0.77,-0.49,-36.71,69.94,-60.33,0.92
1800420870.840674,0.09,0.67,-0.43,-43.16,47.3,-60.08,0.8
1800420870.945758,0.13,0.63,-0.4,-87.45,79.95,-78.24,0.76
1800420871.0508423,0.19,0.67,-0.32,-137.7,63.4,-133.83,0.76
1800420871.1559267,0.41,0.34,-1.08,-188.35,33.67,-151.45,1.21
1800420871.261011,-0.04,0.14,-1.98,-162.22,-93.21,278.73,1.99
1800420871.366095,-0.54,-0.72,-0.74,383.23,113.25,-129.32,1.16
1800420871.4711792,-0.12,-0.48,-0.74,280.38,-59.39,-104.78,0.89
1800420871.5762637,-0.21,0.23,-1.47,31.53,211.87,-47.63,1.5
1800420871.6813478,-0.53,0.11,-1.28,58.66,121.96,-42.66,1.39
1800420871.786432,-0.48,0.01,-0.95,56.89,38.84,0.61,1.07
1800420871.8915162,-0.56,0.09,-1.0,49.3,5.09,-18.54,1.15
1800420871.9966004,-0.53,0.02,-1.03,37.44,-15.99,4.28,1.16
0.0,0.0,0.0,0.0,0.0,0.0,0.0,0.0
1800420875.0,0.07,-1.02,-0.16,13.07,-22.81,-8.31,1.03
1800420875.101123,-0.01,-0.97,-0.1,34.21,-2.43,-6.69,0.97
1800420875.2022464,-0.03,-1.02,0.01,65.37,-44.85,5.38,1.02
1800420875.3033695,0.02,-0.91,-0.1,59.09,-37.08,34.01,0.92
1800420875.4044926,0.03,-0.96,-0.19,51.93,-26.22,33.85,0.98
1800420875.505616,0.05,-1.04,-0.37,78.04,4.44,48.02,1.11
1800420875.606739,0.18,-0.98,-0.49,65.06,52.28,57.51,1.11
1800420875.7078621,0.17,-0.86,-0.41,78.77,69.87,16.22,0.97
1800420875.8089852,0.2,-0.69,-0.33,73.1,56.42,35.0,0.79
1800420875.9101086,0.2,-0.68,-0.25,103.02,78.3,53.62,0.75
1800420876.0112317,0.19,-0.65,-0.21,158.04,41.62,125.2,0.71
1800420876.1123548,0.43,-0.42,-0.97,153.69,34.19,145.09,1.14
1800420876.213478,0.03,-0.15,-1.67,-228.02,-100.65,120.12,1.67
1800420876.3146012,-0.55,0.74,-0.57,134.82,110.0,-333.38,1.08
1800420876.4157243,-0.09,0.35,-0.54,116.43,-80.56,-259.05,0.65
1800420876.5168476,-0.27,-0.15,-1.27,68.43,240.31,-30.87,1.31
1800420876.6179707,-0.52,-0.07,-1.14,73.65,137.86,-73.46,1.26
1800420876.7190938,-0.46,-0.01,-0.87,8.73,63.93,-52.74,0.99
1800420876.8202171,-0.48,-0.08,-0.86,38.45,1.58,-52.79,0.99
1800420876.9213402,-0.53,0.04,-0.92,15.3,-41.07,-55.36,1.07
0.0,0.0,0.0,0.0,0.0,0.0,0.0,0.0
1800420880.0,0.27,-0.11,0.96,56.81,10.58,64.69,1.0
1800420880.0988424,0.46,0.16,0.87,-35.03,-77.05,48.26,0.99
1800420880.1976848,0.28,0.14,0.96,-2.54,-99.15,8.92,1.01
1800420880.2965271,0.19,0.47,1.21,28.52,-150.22,-79.39,1.31
1800420880.3953695,-0.08,0.48,0.99,-14.01,-96.2,-234.15,1.11
1800420880.494212,-0.03,-0.31,0.49,-63.04,-263.55,-307.19,0.58
1800420880.593054,-0.07,-0.75,0.24,44.08,-146.94,-141.52,0.79
1800420880.6918964,-0.17,-0.68,0.34,81.28,-56.23,-101.03,0.78
1800420880.7907388,-0.05,-0.84,0.42,82.1,-29.68,-3.16,0.94
1800420880.8895812,0.03,-0.79,0.32,56.38,-8.16,-53.13,0.85
1800420880.9884236,0.05,-0.78,0.44,-1.19,-15.85,-83.26,0.9
1800420881.087266,0.05,-0.91,0.4,28.12,-14.3,-27.25,1.0
1800420881.1861084,0.13,-0.94,0.47,47.49,-0.6,-53.28,1.06
1800420881.2849507,0.03,-0.88,0.46,11.68,9.68,-47.02,1.0
1800420881.383793,0.15,-0.83,0.45,11.12,-7.24,-44.19,0.95
0.0,0.0,0.0,0.0,0.0,0.0,0.0,0.0
1800420885.0,0.07,-0.96,-0.18,-26.03,-8.91,18.23,0.98
1800420885.1087255,0.06,-0.96,-0.17,-25.35,-14.32,-19.64,0.98
1800420885.2174513,0.06,-0.93,-0.17,0.89,2.2,14.75,0.95
1800420885.326177,0.09,-0.93,-0.18,-12.03,-4.25,-18.1,0.95
1800420885.4349027,-0.06,-0.99,-0.18,-48.26,-0.92,-34.8,1.01
1800420885.5436282,-0.06,-0.96,-0.11,-14.94,-7.46,-25.54,0.97
1800420885.652354,-0.04,-0.93,-0.09,-25.51,8.91,-3.3,0.93
1800420885.7610795,-0.11,-0.97,-0.16,-28.04,-0.49,-36.28,0.99
1800420885.869805,-0.12,-0.94,-0.14,-25.23,-17.03,-54.01,0.96
1800420885.978531,-0.2,-0.94,-0.19,-33.83,0.12,-62.67,0.98
1800420886.0872564,-0.15,-0.86,-0.13,-6.57,-4.23,-49.87,0.89
1800420886.1959822,-0.24,-0.82,-0.01,-63.27,29.51,-76.52,0.85
1800420886.3047078,-0.18,-0.7,0.01,-44.58,43.87,-48.15,0.72
1800420886.4134336,-0.08,-0.49,0.04,13.31,49.28,-76.22,0.5
1800420886.522159,0.04,-0.54,-0.09,125.78,78.43,-86.18,0.55
1800420886.630885,-0.74,-0.99,-0.02,-122.89,52.92,-172.97,1.24
1800420886.7396104,-1.34,-1.09,1.1,520.0,-389.8,127.64,2.05
1800420886.848336,-2.07,-0.85,0.22,-105.45,64.68,-147.38,2.24
1800420886.9570618,-1.75,-0.19,0.22,-45.38,41.76,-129.61,1.77
1800420887.0657873,-1.06,-0.26,0.09,6.98,15.61,-7.9,1.09
1800420887.174513,-1.0,-0.37,0.03,-71.5,76.65,71.86,1.07
1800420887.2832386,-1.01,-0.38,0.2,-121.24,4.11,27.9,1.1
1800420887.3919644,-0.9,-0.37,0.06,-56.07,18.97,59.04,0.98
1800420887.50069,-0.79,-0.61,0.28,49.7,19.66,84.11,1.04
1800420887.6094155,-0.91,-0.6,-0.01,92.35,42.36,88.53,1.09
1800420887.7181413,-0.9,-0.64,0.05,-27.62,93.36,90.91,1.11
1800420887.8268669,-0.7,-0.65,0.24,-21.36,50.58,76.52,0.98
1800420887.9355927,-0.62,-0.72,0.35,37.79,39.19,77.13,1.01
1800420888.0443182,-0.61,-0.75,0.44,-49.58,60.59,46.01,1.06
0.0,0.0,0.0,0.0,0.0,0.0,0.0,0.0
1800420890.0,0.12,-0.83,0.04,-16.27,6.06,25.35,0.84
1800420890.0969336,0.09,-0.84,0.02,-11.85,-12.86,31.39,0.85
1800420890.1938672,0.14,-0.82,0.04,-9.52,-12.22,35.81,0.83
1800420890.2908006,0.14,-0.82,0.05,-41.07,20.86,32.71,0.83
1800420890.3877342,0.22,-0.79,0.01,-33.83,24.2,26.63,0.82
1800420890.4846678,0.22,-0.76,0.03,-35.59,67.72,32.95,0.79
1800420890.5816014,0.22,-0.68,-0.09,-3.44,91.22,17.04,0.72
1800420890.6785347,0.31,-0.63,-0.09,-10.91,170.84,6.14,0.71
1800420890.7754683,0.21,-0.73,-0.08,37.56,144.3,-4.05,0.76
1800420890.872402,0.31,-0.64,0.08,48.11,173.58,-22.11,0.72
1800420890.9693356,0.5,-0.93,-0.0,119.13,206.55,60.87,1.05
1800420891.066269,0.5,-1.39,0.15,243.71,-43.47,94.77,1.49
1800420891.1632025,1.75,-1.22,-0.83,-144.1,-109.9,468.11,2.29
1800420891.2601361,0.17,-0.74,0.01,-38.27,55.04,389.52,0.76
1800420891.3570697,0.55,-0.31,-1.46,362.92,264.08,229.18,1.59
1800420891.4540033,-0.29,1.21,-0.7,252.73,-150.15,74.95,1.43
1800420891.5509367,-0.59,0.57,-1.36,222.52,100.96,191.76,1.59
1800420891.6478703,-0.3,0.46,-0.97,-63.25,-26.74,-150.81,1.12
1800420891.744804,-0.58,0.09,-1.19,17.75,20.87,101.87,1.33
1800420891.8417375,-0.62,0.01,-0.98,-16.98,22.17,3.14,1.16
1800420891.9386709,-0.4,0.04,-0.95,44.71,39.67,-8.72,1.03
1800420892.0356045,-0.52,-0.02,-1.01,39.76,19.96,-49.68,1.13
1800420892.132538,-0.33,0.05,-0.94,25.41,13.65,-47.44,1.0
1800420892.2294717,-0.35,-0.06,-0.86,-17.96,-27.28,15.64,0.93
1800420892.326405,-0.31,0.07,-0.98,-37.38,-3.79,60.48,1.03
1800420892.4233387,-0.31,0.03,-1.02,-7.6,9.99,56.15,1.06
0.0,0.0,0.0,0.0,0.0,0.0,0.0,0.0
1800420895.0,0.1,-0.91,0.14,-22.69,-12.22,9.46,0.93
1800420895.0965126,0.06,-0.88,0.23,-9.26,-23.15,11.65,0.91
1800420895.193025,0.16,-0.94,0.06,-54.63,-21.16,30.09,0.96
1800420895.2895377,0.07,-0.9,0.13,-41.93,-33.53,2.45,0.92
1800420895.3860502,0.15,-0.89,0.08,-27.97,-18.31,-18.56,0.9
1800420895.4825628,0.06,-0.86,-0.02,-51.5,-20.63,1.48,0.86
1800420895.5790753,0.14,-0.92,-0.05,-41.49,-37.49,49.07,0.94
1800420895.675588,0.25,-0.91,-0.16,-57.86,-86.23,22.34,0.96
1800420895.7721004,0.14,-0.76,-0.14,-39.68,-149.16,68.31,0.78
1800420895.868613,0.16,-0.55,0.12,-57.87,-191.21,131.92,0.58
1800420895.9651256,0.4,-0.69,-0.12,-99.13,-245.21,93.65,0.81
1800420896.061638,0.48,-0.79,-0.18,6.15,-142.79,89.65,0.94
1800420896.1581507,0.49,-0.78,-0.3,80.79,-183.08,-196.94,0.97
1800420896.2546632,1.46,-1.18,-0.53,-327.94,-289.06,-255.56,1.95
1800420896.351176,-0.52,-0.56,-0.81,-430.88,-351.37,-515.67,1.11
1800420896.4476886,-1.12,1.31,-1.11,102.0,146.23,-23.19,2.05
1800420896.5442011,-1.05,0.23,-1.04,46.15,-209.83,-143.13,1.49
1800420896.6407137,-0.64,-0.29,-0.95,177.2,98.89,350.92,1.18
1800420896.7372262,-0.79,-0.45,-0.46,-14.99,-114.74,-209.78,1.02
1800420896.8337388,-0.64,-0.24,-0.65,24.01,65.53,19.16,0.94
1800420896.9302514,-0.47,-0.52,-0.83,3.79,92.37,-25.28,1.08
1800420897.026764,-0.41,-0.3,-0.83,8.82,124.33,34.18,0.97
1800420897.1232765,-0.26,-0.37,-0.86,-36.19,141.85,-81.42,0.98
1800420897.219789,-0.13,-0.46,-0.82,-34.4,106.57,-3.81,0.95
1800420897.3163016,0.06,-0.36,-0.92,-67.23,4.09,20.71,0.99
0.0,0.0,0.0,0.0,0.0,0.0,0.0,0.0
1800420900.0,0.42,-0.98,0.03,-9.33,-22.45,2.32,1.06
1800420900.1031754,0.34,-0.93,0.06,-36.3,-7.39,-42.57,0.99
1800420900.2063508,0.34,-1.11,0.01,-46.33,9.51,-18.89,1.16
1800420900.309526,0.23,-1.04,0.01,-21.83,12.0,-5.62,1.06
1800420900.4127014,0.2,-1.1,-0.18,-33.22,21.8,-15.11,1.13
1800420900.5158768,0.22,-1.08,-0.22,-34.18,-6.17,-44.41,1.12
1800420900.6190522,0.24,-0.98,-0.23,-5.58,-11.1,-55.85,1.03
1800420900.7222273,0.21,-1.06,-0.16,-20.36,7.27,-71.75,1.09
1800420900.8254027,0.14,-0.96,-0.18,8.18,39.77,-52.5,0.99
1800420900.9285781,0.05,-0.72,0.09,36.62,101.98,-72.4,0.73
1800420901.0317535,0.06,-0.65,-0.03,86.36,12.88,-142.95,0.66
1800420901.1349287,0.09,-0.53,-0.13,-39.06,84.49,-111.37,0.55
1800420901.238104,0.21,-0.7,-0.79,82.25,123.18,-132.23,1.08
1800420901.3412795,0.22,-2.18,-1.43,-58.68,-414.52,49.62,2.61
1800420901.444455,1.01,0.22,-1.85,-163.01,8.34,-203.79,2.12
1800420901.54763,0.22,-0.71,-1.22,33.84,115.62,-117.69,1.43
1800420901.6508055,0.04,-0.16,-1.49,-22.07,36.14,-4.08,1.5
1800420901.7539809,-0.26,-0.17,-0.88,-75.61,98.32,1.17,0.93
1800420901.8571563,-0.12,-0.34,-0.97,3.1,148.44,103.66,1.03
1800420901.9603314,-0.05,-0.54,-0.92,-16.15,90.13,125.63,1.06
1800420902.0635068,-0.05,-0.5,-0.87,10.64,42.1,113.68,1.0
1800420902.1666822,-0.13,-0.66,-0.72,14.63,14.12,80.58,0.99
1800420902.2698576,-0.25,-0.66,-0.72,-49.4,31.11,49.34,1.0
1800420902.3730328,-0.29,-0.62,-0.71,-29.96,4.52,55.82,0.98
1800420902.4762082,-0.43,-0.57,-0.8,-65.86,8.95,55.61,1.07
1800420902.5793836,-0.45,-0.6,-0.54,-27.96,-0.42,45.7,0.92
0.0,0.0,0.0,0.0,0.0,0.0,0.0,0.0
1800420905.0,-0.03,-0.71,0.35,0.12,16.12,-10.61,0.79
1800420905.0987809,-0.03,-0.76,0.37,-34.15,-7.34,44.62,0.85
1800420905.1975617,-0.15,-0.79,0.3,-57.15,-21.96,21.6,0.86
1800420905.2963426,-0.07,-0.65,0.24,-26.09,-8.42,31.43,0.7
1800420905.3951232,-0.22,-0.79,0.22,-48.88,-21.77,15.5,0.85
1800420905.493904,-0.32,-0.71,0.24,-38.05,0.43,28.38,0.82
1800420905.592685,-0.27,-0.78,0.21,-8.62,3.52,62.9,0.85
1800420905.6914659,-0.3,-0.73,0.19,-20.92,-21.98,59.93,0.81
1800420905.7902467,-0.37,-0.68,0.11,7.79,-48.37,24.9,0.78
1800420905.8890276,0.01,-0.53,0.03,59.02,-99.84,70.35,0.53
1800420905.9878082,-0.15,-0.51,0.08,81.0,-14.67,127.94,0.54
1800420906.086589,-0.2,-0.42,0.05,-44.06,-89.32,94.25,0.47
1800420906.18537,-0.99,-0.47,0.12,81.71,-168.13,114.19,1.1
1800420906.2841508,-1.73,-1.61,0.1,-55.41,520.0,-31.91,2.37
1800420906.3829317,-2.22,0.18,1.06,-165.61,-14.87,191.07,2.47
1800420906.4817126,-1.43,-0.5,0.16,32.82,-149.97,120.59,1.53
1800420906.5804935,-1.67,-0.1,0.02,-23.92,-55.47,0.35,1.67
1800420906.679274,-1.07,-0.06,-0.25,-96.98,-129.09,3.38,1.1
1800420906.778055,-1.09,-0.18,-0.2,6.14,-177.5,-67.53,1.12
1800420906.8768358,-1.08,-0.33,-0.07,-27.36,-118.5,-111.37,1.14
1800420906.9756167,-0.94,-0.31,-0.09,14.03,-42.64,-104.93,1.0
1800420907.0743976,-0.88,-0.48,-0.19,5.52,-9.4,-55.72,1.02
1800420907.1731784,-0.95,-0.43,-0.19,-46.03,-19.05,-43.54,1.06
1800420907.271959,-0.85,-0.4,-0.34,-44.86,-13.82,-57.57,1.0
1800420907.37074,-0.95,-0.43,-0.45,-55.09,-15.28,-42.04,1.14
1800420907.4695208,-0.72,-0.47,-0.58,-27.1,3.47,-27.22,1.04
0.0,0.0,0.0,0.0,0.0,0.0,0.0,0.0
1800420910.0,-0.04,-1.07,-0.0,4.95,-32.87,20.24,1.08
1800420910.1067684,0.0,-1.16,0.05,18.58,-32.14,-12.27,1.16
1800420910.213537,-0.02,-1.11,-0.01,42.09,3.08,-30.58,1.11
1800420910.3203053,-0.0,-1.11,-0.11,58.88,13.28,11.75,1.11
1800420910.4270737,0.03,-1.05,-0.1,57.54,0.18,-19.03,1.06
1800420910.5338423,0.02,-1.12,-0.11,45.37,-12.52,0.84,1.13
1800420910.6406107,0.06,-1.07,-0.14,67.38,-9.55,-12.35,1.08
1800420910.747379,0.08,-0.99,-0.19,91.35,-17.2,-7.18,1.01
1800420910.8541477,0.08,-0.97,-0.31,87.76,-13.2,-18.64,1.02
1800420910.960916,0.1,-0.89,-0.21,127.92,-16.31,-40.99,0.92
1800420911.0676844,0.05,-0.63,-0.35,161.87,5.52,-45.12,0.72
1800420911.174453,-0.09,-0.64,-0.21,156.72,30.15,-56.39,0.68
1800420911.2812214,-0.14,0.04,-0.35,183.01,15.0,-73.39,0.38
1800420911.3879898,1.19,-2.2,-0.33,69.08,41.31,176.42,2.53
1800420911.4947584,-1.63,1.55,-2.03,85.77,-467.96,-392.31,3.03
1800420911.6015267,-0.21,0.74,-0.93,-295.07,-147.9,102.57,1.21
1800420911.708295,-0.32,0.14,-0.91,118.8,-11.39,-24.4,0.97
1800420911.8150637,-0.72,0.22,-1.35,86.62,-46.31,-27.08,1.54
1800420911.921832,-0.39,0.24,-1.01,40.22,26.56,-11.4,1.11
1800420912.0286005,-0.35,0.21,-0.98,-4.05,-62.4,-7.8,1.06
1800420912.135369,-0.38,-0.05,-0.94,-35.43,-114.5,21.77,1.01
1800420912.2421374,-0.17,-0.04,-0.99,-12.54,-101.23,-21.37,1.0
1800420912.3489058,-0.05,-0.09,-0.94,26.18,-27.55,16.79,0.94
1800420912.4556742,0.03,-0.02,-0.99,49.8,-9.75,-2.81,0.99
0.0,0.0,0.0,0.0,0.0,0.0,0.0,0.0
1800420915.0,-0.09,-1.07,0.03,-21.26,-33.71,48.28,1.08
1800420915.1023839,-0.01,-1.12,0.01,-10.9,-10.15,62.47,1.12
1800420915.2047677,0.04,-1.09,0.02,-23.53,-31.69,49.69,1.09
1800420915.3071516,0.03,-1.09,0.15,-3.91,-48.77,52.29,1.1
1800420915.4095354,0.05,-1.0,0.07,3.0,-24.89,35.2,1.0
1800420915.5119193,0.13,-0.99,0.06,9.45,-42.58,50.62,1.0
1800420915.614303,0.09,-0.99,0.11,0.69,-48.52,59.19,1.0
1800420915.716687,0.1,-1.11,0.1,26.3,-24.62,77.08,1.12
1800420915.8190706,0.13,-1.02,0.09,16.41,-41.61,99.83,1.03
1800420915.9214544,0.1,-0.9,0.05,21.21,-29.02,100.76,0.9
1800420916.0238383,0.24,-0.76,0.17,15.34,-31.67,165.51,0.82
1800420916.1262221,0.24,-0.69,0.13,-7.18,14.01,205.46,0.74
1800420916.228606,0.35,-0.53,0.14,-22.01,29.38,213.32,0.65
1800420916.3309898,1.76,-1.34,-0.58,130.25,32.93,233.07,2.29
1800420916.4333737,2.06,0.9,1.95,-30.52,517.78,499.3,2.98
1800420916.5357575,1.77,0.95,-1.02,243.3,-1.82,-91.37,2.25
1800420916.6381414,1.12,0.12,0.18,79.44,9.63,-37.51,1.14
1800420916.7405252,1.03,0.03,0.14,-56.89,23.95,25.83,1.04
1800420916.842909,1.16,-0.17,0.18,-42.52,-142.43,59.15,1.19
1800420916.945293,1.23,-0.19,-0.12,-44.41,0.21,16.45,1.25
1800420917.0476768,1.24,-0.3,0.08,-45.51,34.49,35.63,1.28
1800420917.1500607,1.02,-0.33,0.12,4.99,50.58,5.29,1.08
0.0,0.0,0.0,0.0,0.0,0.0,0.0,0.0
1800420920.0,-0.08,0.96,-0.09,-10.42,-4.98,3.97,0.97
1800420920.0965743,-0.16,0.93,-0.09,-3.31,-13.27,43.33,0.94
1800420920.1931486,-0.14,0.95,-0.04,44.33,-29.24,78.33,0.96
1800420920.289723,-0.07,0.8,0.08,33.79,-40.6,84.96,0.81
1800420920.3862975,0.02,0.81,0.2,-0.04,-49.96,95.2,0.84
1800420920.4828718,0.07,0.85,0.35,-15.85,-138.08,90.31,0.92
1800420920.579446,0.04,0.89,0.42,-13.28,-144.07,32.62,0.99
1800420920.6760204,-0.0,0.69,0.4,24.83,-166.12,8.7,0.79
1800420920.7725947,-0.13,0.44,0.39,63.08,-180.37,80.44,0.6
1800420920.869169,0.22,0.62,0.3,76.52,-257.68,99.13,0.73
1800420920.9657433,0.92,1.9,-1.05,357.95,-245.16,29.98,2.36
1800420921.0623176,0.04,0.46,1.16,478.99,-176.25,-51.85,1.25
1800420921.1588922,0.48,0.47,0.2,281.83,-253.58,-380.36,0.7
1800420921.2554665,1.22,-1.25,-0.55,-55.99,176.55,-413.84,1.84
1800420921.3520408,1.47,-0.12,-0.48,105.51,63.91,-101.98,1.55
1800420921.448615,1.22,-0.1,-0.46,128.56,-83.94,-20.11,1.31
1800420921.5451894,1.05,0.06,-0.79,-123.3,-48.81,-17.5,1.32
1800420921.6417637,0.8,0.3,-0.66,-110.14,-4.98,69.88,1.08
1800420921.738338,0.8,0.31,-0.44,48.0,-12.46,12.7,0.97
1800420921.8349123,0.96,0.25,-0.44,85.53,46.99,12.47,1.09
1800420921.9314868,1.0,0.11,-0.23,101.07,75.19,-37.0,1.03
1800420922.0280612,1.2,0.14,-0.08,74.96,55.63,-12.65,1.21
1800420922.1246355,1.15,0.08,-0.15,28.01,-15.52,-9.03,1.16
1800420922.2212098,1.03,-0.0,-0.19,-4.38,-13.91,-30.84,1.05
1800420922.317784,1.09,-0.05,-0.41,22.02,-37.05,35.92,1.17
1800420922.4143584,1.12,-0.05,-0.29,-31.1,-8.83,20.42,1.16
0.0,0.0,0.0,0.0,0.0,0.0,0.0,0.0
1800420925.0,0.11,-0.9,-0.06,-16.29,-11.17,25.55,0.91
1800420925.1053767,0.14,-0.98,0.06,-25.3,-11.74,5.51,0.99
1800420925.2107537,0.05,-0.95,-0.0,-18.21,12.05,25.46,0.95
1800420925.3161304,-0.03,-0.98,0.03,-20.7,17.56,15.74,0.98
1800420925.4215071,0.06,-0.85,0.06,-26.64,1.94,19.96,0.85
1800420925.526884,-0.0,-0.93,0.04,-51.06,8.42,71.99,0.93
1800420925.6322608,-0.04,-1.01,-0.01,18.66,-28.71,50.44,1.01
1800420925.7376375,-0.17,-0.96,0.0,-26.24,-22.19,54.54,0.97
1800420925.8430145,-0.16,-0.93,0.08,-6.53,-15.87,63.24,0.94
1800420925.9483912,-0.15,-0.89,0.06,-29.91,23.78,70.22,0.9
1800420926.053768,-0.14,-0.78,0.06,-10.96,-0.06,85.2,0.8
1800420926.1591449,-0.04,-0.58,0.05,16.29,16.49,81.06,0.58
1800420926.2645216,0.08,-0.47,0.04,133.49,-54.58,88.84,0.48
1800420926.3698983,-0.33,-0.85,0.12,1.18,82.68,158.88,0.92
1800420926.4752753,-1.35,0.08,-0.54,458.89,-124.91,189.73,1.46
1800420926.580652,-1.22,-0.98,-0.23,12.11,147.33,-4.92,1.58
1800420926.6860287,-1.68,0.09,0.35,-122.0,184.76,415.23,1.72
1800420926.7914057,-1.42,0.2,0.26,5.03,34.77,85.38,1.46
1800420926.8967824,-0.91,-0.03,0.29,15.83,101.88,-3.58,0.96
1800420927.002159,-0.98,-0.19,0.38,-87.13,86.36,-24.47,1.07
1800420927.107536,-0.8,-0.14,0.56,58.06,-29.76,-39.96,0.98
1800420927.2129128,-0.77,-0.34,0.32,53.92,-15.66,-17.49,0.89
1800420927.3182895,-0.89,-0.44,0.37,48.13,-80.94,16.02,1.06
1800420927.4236665,-1.03,-0.31,0.27,11.75,-113.27,-37.24,1.11
1800420927.5290432,-1.09,-0.48,0.21,-6.28,-19.78,-49.65,1.21
1800420927.63442,-0.93,-0.64,-0.03,35.96,-70.18,-32.29,1.13
1800420927.7397969,-0.74,-0.37,0.04,130.72,-200.65,-63.95,0.83
1800420927.8451736,-0.65,-0.56,-0.03,9.36,-94.71,-21.3,0.86
1800420927.9505503,-0.95,-0.67,-0.3,29.68,-102.39,-72.21,1.2
1800420928.0559273,-0.68,-0.63,-0.09,65.56,-100.67,-43.93,0.93
1800420928.161304,-0.5,-0.79,-0.19,0.92,-40.77,17.48,0.95
1800420928.2666807,-0.28,-0.58,-0.21,75.9,-89.9,-6.85,0.68
1800420928.3720577,-0.64,-0.68,-0.54,-16.8,-59.66,-43.44,1.08
1800420928.4774344,-0.57,-0.69,-0.4,-7.49,-13.3,-34.9,0.98
1800420928.582811,-0.53,-0.61,-0.29,69.5,-56.23,-60.88,0.86
1800420928.688188,-0.52,-0.67,-0.28,-71.91,89.19,-8.1,0.89
1800420928.7935648,-0.4,-0.57,-0.33,15.9,35.93,-20.02,0.76
1800420928.8989415,-0.53,-0.69,-0.36,-27.71,56.24,-19.69,0.95
1800420929.0043185,-0.5,-0.69,-0.36,-22.78,40.76,-56.54,0.93
1800420929.1096952,-0.47,-0.78,-0.24,5.8,24.55,-80.43,0.94
1800420929.215072,-0.4,-0.96,-0.18,74.16,-22.05,-118.48,1.05
1800420929.3204489,-0.4,-1.08,-0.47,35.9,-50.36,-118.92,1.24
1800420929.4258256,-0.25,-1.05,-0.7,35.73,-59.29,-96.27,1.29
1800420929.5312023,-0.08,-0.7,-0.78,-55.99,-43.55,-54.73,1.05
1800420929.6365793,-0.15,-0.68,-0.57,-26.56,-33.78,-50.83,0.9
1800420929.741956,-0.11,-0.63,-0.27,-85.21,14.68,-52.3,0.7
1800420929.8473327,0.25,-0.76,-0.12,-25.94,-6.11,4.8,0.81
1800420929.9527097,0.26,-0.79,-0.18,-53.51,57.68,22.51,0.85
1800420930.0580864,0.14,-0.87,-0.13,3.62,17.97,7.68,0.89
1800420930.163463,0.13,-0.97,-0.06,8.48,43.71,28.97,0.98
1800420930.26884,0.02,-0.71,-0.1,-23.03,5.8,27.96,0.71
1800420930.3742168,0.01,-0.69,-0.18,5.3,-57.19,38.83,0.72
0.0,0.0,0.0,0.0,0.0,0.0,0.0,0.0
1800420930.0,-1.04,0.16,-0.36,-11.96,-19.41,43.36,1.11
1800420930.106188,-0.98,0.08,-0.35,-40.76,-20.1,2.67,1.04
1800420930.212376,-1.01,0.15,-0.35,12.09,8.43,-22.3,1.08
1800420930.3185642,-1.03,0.17,-0.35,7.0,12.8,-11.98,1.1
1800420930.4247525,-1.06,0.11,-0.49,-11.37,-2.6,33.43,1.18
1800420930.5309405,-1.01,0.13,-0.38,-28.46,-3.69,78.3,1.08
1800420930.6371286,-0.95,0.3,-0.37,29.21,-47.8,69.3,1.07
1800420930.7433167,-0.98,0.2,-0.39,49.15,-46.37,76.14,1.07
1800420930.8495047,-1.12,0.1,-0.27,96.66,-41.86,31.62,1.15
1800420930.9556928,-1.08,0.32,-0.34,48.21,-73.51,22.16,1.17
1800420931.0618808,-0.9,0.74,-0.34,-123.06,-73.8,53.48,1.21
1800420931.168069,-0.24,0.84,-0.28,-159.02,-7.15,19.46,0.92
1800420931.2742572,0.19,0.54,0.18,-158.1,170.62,-190.26,0.6
1800420931.3804452,-1.41,-0.88,0.72,146.74,244.05,105.43,1.81
1800420931.4866333,0.09,-1.0,-1.85,-505.2,450.8,33.4,2.1
1800420931.5928214,-0.36,-0.54,0.33,507.43,-12.28,432.46,0.73
1800420931.6990094,-0.63,0.9,-1.03,-67.52,-116.77,5.42,1.5
1800420931.8051975,-0.36,-0.09,-0.88,46.45,95.92,-67.86,0.95
1800420931.9113855,-0.67,0.97,-0.39,-37.48,-65.25,79.47,1.24
1800420932.0175736,-1.07,0.24,-0.38,-56.77,-73.28,-28.73,1.16
1800420932.123762,-0.98,0.08,-0.42,-27.89,69.35,-51.87,1.07
1800420932.22995,-0.94,0.48,-0.41,-1.71,-2.86,-39.58,1.13
1800420932.336138,-1.05,0.07,-0.45,-7.51,-8.62,-4.82,1.15
1800420932.442326,-0.97,0.19,-0.51,-7.09,-14.28,0.32,1.11
1800420932.5485141,-0.94,0.33,-0.53,-25.58,-28.0,14.74,1.13
1800420932.6547022,-1.07,0.23,-0.46,-35.05,-17.74,7.45,1.19
1800420932.7608902,-0.92,0.3,-0.57,8.56,-7.17,-23.16,1.12
1800420932.8670783,-0.96,0.2,-0.44,35.79,25.06,-22.93,1.08
1800420932.9732666,-1.12,0.12,-0.38,-11.57,-0.56,-21.13,1.19
1800420933.0794547,-0.96,0.27,-0.53,-54.71,-14.72,10.14,1.13
1800420933.1856427,-0.94,0.3,-0.42,-81.45,-40.67,95.15,1.07
1800420933.2918308,-1.0,0.33,-0.5,4.65,16.92,1.08,1.16
1800420933.3980188,-0.85,0.26,-0.49,15.52,-5.59,-1.85,1.02
1800420933.504207,-0.97,0.33,-0.4,9.86,-8.33,14.51,1.11
1800420933.610395,-1.0,0.3,-0.41,-3.67,-10.12,1.6,1.12
1800420933.716583,-0.98,0.29,-0.4,4.41,1.06,7.71,1.1
1800420933.8227713,-0.94,0.28,-0.38,17.94,-3.43,2.11,1.05
1800420933.9289594,-0.88,0.22,-0.44,35.08,33.16,3.72,1.01
1800420934.0351474,-1.06,0.32,-0.32,4.44,-5.5,2.65,1.15
1800420934.1413355,-1.05,0.27,-0.24,6.91,-10.62,-1.38,1.11
1800420934.2475235,-1.07,0.18,-0.41,-11.12,6.98,21.95,1.17
1800420934.3537116,-0.92,0.21,-0.39,-47.32,-16.02,35.2,1.02
1800420934.4598997,-0.96,0.18,-0.34,-3.0,56.8,18.77,1.04
1800420934.5660877,-1.01,0.15,-0.21,63.25,73.41,16.73,1.04
1800420934.672276,-0.86,0.43,-0.04,28.02,51.8,-31.28,0.97
1800420934.778464,-1.25,-0.27,-0.47,86.09,-209.65,-133.89,1.36
1800420934.8846521,-1.51,-0.81,-0.79,158.74,-188.87,-103.96,1.89
1800420934.9908402,-1.0,-0.12,-0.33,-353.25,23.05,-141.25,1.06
1800420935.0970283,-0.82,0.06,-0.35,-255.19,190.94,-101.93,0.9
1800420935.2032163,-1.1,0.06,-0.1,-202.45,183.09,-238.32,1.11
1800420935.3094044,-1.08,0.36,-0.42,-108.19,210.49,-227.69,1.21
1800420935.4155924,-0.76,0.51,-0.58,-29.01,109.07,-218.65,1.08
1800420935.5217807,-0.73,0.45,-0.2,-81.23,-27.54,-195.25,0.88
1800420935.6279688,-0.81,0.58,-0.29,-35.2,-28.35,-100.59,1.03
1800420935.7341568,-0.91,0.58,-0.23,-10.2,-2.73,-89.36,1.1
1800420935.840345,-0.91,0.5,-0.25,43.23,-8.78,-91.3,1.07
1800420935.946533,-0.98,0.48,-0.28,2.24,-30.12,-52.13,1.13
1800420936.052721,-0.99,0.46,-0.31,-32.5,-54.49,-11.75,1.13
1800420936.158909,-0.84,0.41,-0.35,-1.32,-49.43,9.37,1.0
0.0,0.0,0.0,0.0,0.0,0.0,0.0,0.0
1800420935.0,0.03,-1.08,-0.23,-40.63,-16.67,-20.53,1.1
1800420935.092926,0.17,-0.99,-0.04,-59.79,-12.35,-5.59,1.01
1800420935.1858518,0.05,-1.07,-0.03,-91.89,-9.58,-67.47,1.08
1800420935.2787778,-0.04,-1.11,-0.15,-97.26,0.43,-66.4,1.12
1800420935.3717036,-0.13,-1.07,-0.26,-64.46,24.5,-35.31,1.11
1800420935.4646297,-0.05,-0.96,-0.22,-69.73,41.03,7.32,0.99
1800420935.5575554,-0.15,-0.97,-0.18,-89.74,57.32,-2.22,1.0
1800420935.6504815,-0.28,-0.88,-0.31,-105.29,89.49,-22.81,0.97
1800420935.7434072,-0.17,-0.8,-0.22,-106.56,112.62,-65.63,0.85
1800420935.8363333,-0.19,-0.85,-0.27,-112.69,159.55,-57.43,0.91
1800420935.929259,-0.38,-0.75,-0.12,-45.66,204.91,63.39,0.85
1800420936.022185,-0.99,-1.29,-0.07,-137.59,268.59,147.17,1.63
1800420936.115111,-0.67,-1.76,-1.6,-279.86,247.83,-193.77,2.47
1800420936.208037,-0.24,-1.66,0.1,-151.53,-64.19,15.79,1.68
1800420936.300963,-1.68,-0.04,-0.04,-520.0,250.91,510.4,1.68
1800420936.3938887,-0.8,1.57,0.31,-42.43,-136.83,262.37,1.79
1800420936.4868147,-1.04,0.81,-0.05,-128.43,-8.66,92.86,1.32
1800420936.5797405,-1.35,0.3,0.12,5.8,51.42,-15.35,1.39
1800420936.6726665,-1.43,0.04,0.3,-115.06,94.72,70.34,1.46
1800420936.7655923,-0.91,0.11,0.24,127.43,5.94,7.03,0.95
1800420936.8585184,-0.99,0.02,0.57,-90.93,52.03,53.2,1.14
1800420936.9514444,-1.14,0.02,0.5,-7.81,92.83,41.49,1.25
1800420937.0443702,-0.98,-0.04,0.5,37.48,11.21,-17.87,1.1
1800420937.1372962,-0.94,-0.0,0.45,-12.48,19.17,-2.56,1.04
1800420937.230222,-1.1,-0.1,0.43,-70.46,3.04,29.4,1.19
1800420937.323148,-1.13,0.01,0.45,-2.12,-25.37,13.72,1.21
0.0,0.0,0.0,0.0,0.0,0.0,0.0,0.0
1800420940.0,-0.01,1.0,-0.0,14.91,-2.91,-16.0,1.0
1800420940.1039517,-0.03,0.95,0.05,1.41,1.94,17.01,0.95
1800420940.2079036,-0.07,0.93,0.02,-24.67,-16.6,-14.45,0.93
1800420940.3118553,-0.08,1.02,-0.06,29.69,-54.5,-35.13,1.03
1800420940.415807,-0.13,1.03,-0.13,-17.66,-12.55,-5.64,1.05
1800420940.519759,-0.06,0.83,-0.07,-20.65,-46.44,50.91,0.83
1800420940.6237106,-0.22,0.74,-0.09,5.81,-143.77,-10.82,0.78
1800420940.7276626,-0.25,0.63,-0.17,-123.74,-240.53,24.17,0.7
1800420940.8316143,0.01,0.45,-0.17,-143.15,-284.7,126.9,0.49
1800420940.935566,-0.17,0.46,-0.01,-272.52,-151.98,222.28,0.49
1800420941.0395179,1.85,0.81,0.1,-478.4,-6.54,484.33,2.02
1800420941.1434696,1.85,1.13,-0.08,130.0,358.02,-484.47,2.17
1800420941.2474213,1.91,-1.43,1.07,-303.19,-33.97,179.8,2.61
1800420941.3513732,0.1,-0.14,0.36,271.24,28.66,-268.48,0.4
1800420941.455325,0.66,-0.54,0.61,-261.93,23.82,246.31,1.05
1800420941.5592766,0.91,-0.23,0.43,-53.88,30.01,-93.12,1.03
1800420941.6632285,0.72,0.35,0.59,9.47,-0.37,-105.81,0.99
1800420941.7671802,0.58,0.28,0.44,100.25,-11.15,-96.14,0.78
1800420941.871132,0.68,0.37,0.56,22.18,-54.92,-37.31,0.95
1800420941.9750838,0.39,0.28,0.46,28.16,-55.22,-21.89,0.67
1800420942.0790355,0.77,0.53,0.39,-14.73,-87.54,-38.51,1.01
1800420942.1829875,0.55,0.32,0.42,0.46,-13.52,7.72,0.76
1800420942.2869391,0.69,0.46,0.36,-24.74,-50.51,-55.34,0.9
1800420942.3908908,0.67,0.4,0.35,-1.39,-21.08,-29.02,0.86
0.0,0.0,0.0,0.0,0.0,0.0,0.0,0.0
1800420945.0,0.1,-0.96,0.19,-17.84,-8.51,-32.59,0.98
1800420945.0988567,0.09,-0.98,0.08,-3.22,-9.77,-24.82,0.99
1800420945.1977136,0.17,-0.95,0.11,-13.53,-9.41,-24.96,0.97
1800420945.2965703,0.04,-1.0,0.12,3.58,22.51,-17.27,1.01
1800420945.3954272,0.05,-0.88,0.08,-19.75,5.17,-18.22,0.89
1800420945.494284,-0.0,-0.92,0.03,-72.84,12.03,-25.67,0.92
1800420945.5931406,-0.08,-1.01,0.1,-41.34,-30.33,10.13,1.01
1800420945.6919975,-0.1,-0.97,0.15,-48.73,-12.59,-28.9,0.99
1800420945.7908542,-0.2,-0.94,0.05,-43.22,-9.8,-15.6,0.96
1800420945.889711,-0.13,-0.86,0.04,-71.66,0.5,-44.99,0.87
1800420945.9885678,-0.04,-0.78,0.08,-59.07,6.0,-21.89,0.79
1800420946.0874245,-0.03,-0.61,0.1,-57.76,14.38,0.21,0.62
1800420946.1862814,0.1,-0.48,0.08,-88.82,-58.21,149.05,0.49
1800420946.2851381,-0.23,-0.91,0.03,-170.01,72.12,-7.56,0.94
1800420946.3839948,-1.22,0.03,0.82,-207.78,-124.3,446.09,1.47
1800420946.4828517,-1.08,-1.08,0.48,7.4,179.6,9.5,1.6
1800420946.5817084,-1.51,0.03,-0.23,-432.56,208.12,-114.95,1.52
1800420946.680565,-1.32,0.18,-0.08,-80.98,60.9,0.27,1.33
1800420946.779422,-0.87,-0.06,-0.23,16.78,103.86,17.14,0.9
1800420946.8782787,-0.97,-0.18,-0.3,43.32,101.75,-67.0,1.03
1800420946.9771357,-0.63,-0.17,-0.51,64.43,-36.23,65.8,0.83
1800420947.0759923,-0.65,-0.37,-0.26,39.18,-20.28,35.17,0.79
1800420947.174849,-0.77,-0.54,-0.17,22.33,-90.68,39.71,0.96
1800420947.273706,-0.87,-0.42,-0.16,54.02,-128.17,17.42,0.98
1800420947.3725626,-1.03,-0.54,-0.04,67.23,-25.41,3.56,1.16
1800420947.4714193,-0.83,-0.63,0.16,60.43,-71.09,31.28,1.05
1800420947.5702763,-0.63,-0.37,0.08,81.58,-230.73,133.24,0.73
1800420947.669133,-0.6,-0.55,0.23,16.9,-91.46,23.19,0.85
1800420947.7679899,-0.79,-0.72,0.43,75.6,-106.04,23.76,1.16
1800420947.8668466,-0.65,-0.7,0.31,63.65,-133.02,36.37,1.0
1800420947.9657032,-0.46,-0.82,0.34,-12.31,-59.32,-15.62,1.0
1800420948.0645602,-0.3,-0.56,0.35,29.14,-92.53,63.73,0.73
1800420948.1634169,-0.48,-0.75,0.74,59.84,-81.16,-17.22,1.16
1800420948.2622738,-0.5,-0.68,0.54,64.57,-0.96,-39.16,1.0
1800420948.3611305,-0.48,-0.68,0.55,95.98,-41.91,68.32,0.99
1800420948.4599872,-0.41,-0.66,0.49,11.14,97.9,-70.45,0.92
1800420948.558844,-0.24,-0.65,0.56,23.02,56.72,22.97,0.89
1800420948.6577008,-0.46,-0.68,0.55,43.76,82.61,-26.75,0.99
1800420948.7565575,-0.45,-0.84,0.48,78.25,41.55,-27.92,1.06
1800420948.8554144,-0.32,-0.83,0.35,100.76,13.93,-12.24,0.95
1800420948.954271,-0.35,-0.93,0.39,134.82,-23.74,82.62,1.07
1800420949.053128,-0.37,-1.04,0.63,141.28,-51.02,28.03,1.27
1800420949.1519847,-0.17,-1.05,0.95,120.47,-82.54,34.69,1.43
1800420949.2508414,-0.01,-0.75,1.02,91.5,-38.86,-73.01,1.27
1800420949.3496983,-0.1,-0.73,0.83,50.0,-41.86,-20.52,1.11
1800420949.448555,-0.17,-0.72,0.42,57.41,16.59,-81.3,0.85
1800420949.5474117,0.28,-0.73,0.18,-2.38,-14.12,-32.61,0.8
1800420949.6462686,0.24,-0.81,0.36,0.19,65.39,-41.97,0.92
1800420949.7451253,0.21,-0.9,0.31,-34.97,22.47,6.2,0.97
1800420949.8439822,0.18,-0.98,0.31,-18.0,60.29,-6.41,1.04
1800420949.942839,0.11,-0.8,0.31,-32.31,20.85,-30.21,0.86
1800420950.0416956,-0.01,-0.71,0.39,-22.28,-66.84,-3.13,0.81
0.0,0.0,0.0,0.0,0.0,0.0,0.0,0.0
1800420950.0,0.16,0.9,0.0,16.7,-15.81,41.29,0.91
1800420950.1007934,0.25,0.98,-0.05,-5.75,-47.39,44.76,1.01
1800420950.2015867,0.21,0.96,-0.02,-11.74,-41.54,45.99,0.99
1800420950.30238,0.12,0.98,-0.04,-3.44,-40.99,69.7,0.98
1800420950.4031734,0.07,0.92,-0.04,-7.52,-40.87,77.87,0.93
1800420950.5039668,0.07,0.87,-0.07,1.5,-52.11,90.1,0.87
1800420950.6047602,0.0,0.83,0.08,5.48,-49.45,112.95,0.83
1800420950.7055535,-0.09,0.74,0.03,2.58,-49.59,165.75,0.75
1800420950.806347,-0.2,0.66,0.08,5.61,-11.21,195.66,0.69
1800420950.9071403,-0.26,0.46,0.01,2.53,56.48,214.52,0.53
1800420951.0079336,-0.74,1.78,0.39,-288.95,226.47,183.09,1.96
1800420951.108727,-1.33,0.6,0.19,-117.96,-89.78,349.88,1.47
1800420951.2095203,-1.91,-0.05,0.92,70.14,24.93,137.07,2.12
1800420951.3103137,-1.0,-0.16,0.28,37.54,174.06,84.04,1.05
1800420951.411107,-1.09,-0.13,0.31,33.16,-1.11,-26.06,1.14
1800420951.5119004,-1.19,0.06,0.42,49.11,-32.44,-75.68,1.26
1800420951.6126938,-0.92,0.15,0.22,41.19,-42.98,-71.19,0.96
1800420951.7134871,-1.0,0.14,0.22,-33.99,-20.55,-52.2,1.04
1800420951.8142805,-1.09,0.17,0.22,-68.03,-4.61,19.57,1.12
1800420951.9150739,-0.93,0.43,0.15,-90.27,-109.97,64.79,1.03
1800420952.0158672,-1.07,0.1,-0.09,-55.87,-110.33,4.23,1.07
1800420952.1166606,-1.09,0.37,0.03,-51.62,66.64,28.65,1.15
1800420952.217454,-0.84,0.3,-0.08,20.7,16.49,-51.22,0.9
1800420952.3182473,-0.98,0.38,0.21,66.13,-148.43,-78.04,1.07
1800420952.4190407,-1.02,0.16,0.09,63.24,-65.12,-30.28,1.04
0.0,0.0,0.0,0.0,0.0,0.0,0.0,0.0
1800420955.0,0.09,-0.91,0.19,17.36,-2.78,-31.0,0.93
1800420955.0939863,0.03,-0.98,0.11,31.42,-11.91,-50.98,0.99
1800420955.1879728,0.1,-0.96,0.17,38.99,-14.64,-50.25,0.98
1800420955.281959,0.14,-0.96,0.21,52.44,2.43,-78.33,1.0
1800420955.3759453,0.23,-1.01,-0.04,27.79,-5.36,-75.42,1.03
1800420955.4699316,0.22,-1.12,-0.12,-27.54,5.0,-42.82,1.15
1800420955.563918,0.31,-1.16,-0.34,25.21,-43.04,-67.26,1.25
1800420955.6579044,0.16,-0.85,-0.23,-11.94,-50.17,-39.96,0.89
1800420955.7518907,0.24,-0.91,-0.31,24.67,-93.15,-91.5,0.99
1800420955.8458772,0.22,-0.88,-0.22,80.06,-115.3,-59.31,0.93
1800420955.9398634,0.1,-0.58,-0.19,113.13,-165.31,-49.69,0.62
1800420956.0338497,0.17,-0.65,-0.35,3.67,-282.74,3.99,0.76
1800420956.1278362,0.89,-1.0,-0.46,-95.63,-367.72,54.42,1.41
1800420956.2218225,-2.03,-1.29,0.94,-133.67,-514.8,-275.81,2.58
1800420956.3158088,-0.03,-1.38,-1.14,-497.09,-520.0,-507.66,1.79
1800420956.409795,-0.32,1.35,-0.71,-294.92,-4.12,393.82,1.56
1800420956.5037816,-1.0,0.76,-1.46,-249.5,-213.53,-288.96,1.93
1800420956.5977678,-1.09,-0.24,-0.52,172.12,-22.65,308.0,1.23
1800420956.691754,-1.04,0.08,-0.37,-20.49,5.42,-144.13,1.1
1800420956.7857406,-1.07,-0.13,-0.89,-30.95,75.59,75.1,1.4
1800420956.879727,-0.85,-0.21,-0.56,40.82,4.45,52.58,1.04
1800420956.9737132,-0.77,-0.09,-0.58,33.6,123.89,26.59,0.96
1800420957.0676994,-0.75,-0.15,-0.94,-21.55,155.08,-97.4,1.21
1800420957.161686,-0.38,-0.51,-1.03,-91.64,57.86,-13.64,1.21
1800420957.2556722,-0.37,-0.15,-1.13,-53.19,93.91,35.84,1.2
1800420957.3496585,-0.4,-0.33,-1.05,64.19,20.02,27.74,1.17
1800420957.443645,-0.31,-0.16,-1.0,-13.35,-108.3,-94.51,1.06
1800420957.5376313,-0.59,-0.22,-0.92,7.7,-68.15,-5.39,1.11
0.0,0.0,0.0,0.0,0.0,0.0,0.0,0.0
1800420960.0,-0.33,-0.75,0.01,19.83,-15.17,24.58,0.82
1800420960.1011343,-0.24,-0.65,0.08,54.69,-21.84,33.61,0.7
1800420960.2022684,-0.32,-0.6,0.03,100.0,-62.27,5.41,0.68
1800420960.3034027,-0.41,-0.66,0.04,197.88,-34.77,15.49,0.78
1800420960.4045367,-0.49,-0.53,-0.01,260.82,-39.01,18.43,0.72
1800420960.505671,-0.1,-0.2,-0.05,315.75,61.27,-6.85,0.23
1800420960.6068053,-1.91,-0.64,-1.12,509.93,-272.78,-109.8,2.3
1800420960.7079394,1.1,0.96,0.52,91.44,291.42,216.38,1.55
1800420960.8090737,-1.0,0.11,0.27,-54.87,114.86,37.21,1.05
1800420960.910208,-0.61,0.88,0.09,-35.69,98.18,89.36,1.07
1800420961.011342,-0.68,0.68,-0.2,-103.21,13.49,-20.26,0.98
1800420961.1124763,-0.82,0.3,-0.1,-94.85,-26.81,-27.14,0.88
1800420961.2136104,-1.01,0.03,0.14,-40.22,-25.78,-12.53,1.03
1800420961.3147447,-0.91,0.33,-0.17,12.54,18.8,-4.1,0.98
1800420961.415879,-1.03,0.19,-0.26,23.43,16.85,-14.74,1.08
1800420961.517013,-1.07,0.44,-0.21,45.62,-32.8,-17.84,1.17
0.0,0.0,0.0,0.0,0.0,0.0,0.0,0.0
1800420965.0,-0.09,-0.78,-0.05,35.91,-13.18,8.97,0.79
1800420965.1075304,-0.21,-0.8,-0.01,9.65,-4.51,-80.56,0.82
1800420965.2150607,-0.42,-0.78,0.01,104.75,20.21,-29.09,0.89
1800420965.322591,-0.44,-0.56,0.03,-7.49,31.72,-64.49,0.71
1800420965.4301214,-0.35,-0.79,0.08,-51.51,101.11,-66.71,0.87
1800420965.5376518,-0.25,-0.81,0.44,28.32,164.99,-1.83,0.95
1800420965.6451821,-0.14,-0.8,0.35,63.83,100.27,-53.86,0.89
1800420965.7527122,-0.11,-0.62,0.25,54.85,121.55,-15.69,0.68
1800420965.8602426,-0.6,-0.95,0.14,-26.37,164.28,-6.1,1.13
1800420965.967773,-0.5,-1.77,0.34,37.02,197.57,-120.03,1.87
1800420966.0753033,-0.36,-0.09,-0.57,133.3,-19.66,429.66,0.68
1800420966.1828337,-0.58,-0.31,-1.93,-94.08,152.21,-19.06,2.04
1800420966.290364,-0.86,0.85,-0.52,335.76,19.02,255.9,1.31
1800420966.3978944,-0.55,0.42,-0.16,-41.19,-141.58,175.62,0.71
1800420966.5054247,-0.91,0.21,-0.33,127.76,-12.29,-67.54,0.99
1800420966.612955,-1.15,0.04,-0.67,-132.29,-108.94,19.85,1.33
1800420966.7204854,-0.84,-0.14,-0.42,-157.17,-115.37,-59.58,0.95
1800420966.8280158,-0.85,-0.25,-0.18,-146.08,-104.82,-13.5,0.91
1800420966.9355462,-0.93,-0.54,-0.19,-125.26,-142.14,-32.9,1.1
1800420967.0430765,-0.78,-0.51,0.23,-156.07,-102.05,42.98,0.96
1800420967.1506066,-1.01,-0.59,0.29,56.22,-33.06,-47.16,1.21
1800420967.258137,-0.95,-0.2,0.29,83.32,18.64,111.57,1.01
1800420967.3656673,-0.84,-0.37,-0.05,-2.18,12.46,-5.17,0.92
0.0,0.0,0.0,0.0,0.0,0.0,0.0,0.0
1800420970.0,0.0,-0.98,0.11,17.78,26.24,-11.36,0.99
1800420970.1046615,-0.02,-1.05,0.1,3.86,-5.56,-10.06,1.06
1800420970.209323,0.02,-1.1,0.22,1.41,-26.43,5.3,1.12
1800420970.3139846,-0.06,-1.08,0.19,-23.54,-14.82,9.99,1.1
1800420970.418646,-0.0,-0.96,0.21,-34.55,-38.61,32.16,0.98
1800420970.5233076,-0.09,-0.99,0.16,-30.38,-32.77,37.33,1.01
1800420970.627969,-0.1,-1.0,-0.05,-46.74,-13.65,-15.63,1.0
1800420970.7326305,0.0,-1.02,-0.23,-47.56,-10.06,-2.57,1.05
1800420970.8372922,0.02,-0.95,-0.19,-77.63,-43.68,-11.97,0.97
1800420970.9419537,-0.01,-0.96,-0.29,-43.39,13.9,32.74,1.0
1800420971.0466151,0.01,-0.97,-0.13,-46.18,30.04,1.25,0.98
1800420971.1512766,-0.1,-0.81,-0.13,-32.24,27.44,-4.93,0.82
1800420971.255938,0.01,-0.7,-0.08,-64.8,38.01,-6.98,0.71
1800420971.3605998,0.03,-0.44,-0.11,-53.93,15.06,-5.32,0.45
1800420971.4652612,0.13,-0.31,-0.72,-125.62,93.7,9.56,0.79
1800420971.5699227,1.98,-2.13,-2.17,122.05,-320.0,-440.31,3.63
1800420971.6745842,0.19,-1.07,-2.09,-160.46,5.11,139.53,2.35
1800420971.7792459,0.19,-0.8,-1.41,-22.38,236.76,97.8,1.64
1800420971.8839073,-0.12,-0.5,-0.88,-107.74,186.82,32.24,1.02
1800420971.9885688,-0.07,-0.36,-0.98,53.59,152.77,20.62,1.05
1800420972.0932302,-0.31,-0.35,-0.97,39.06,57.19,20.92,1.08
1800420972.1978917,-0.52,-0.53,-0.62,29.3,-9.41,-159.82,0.97
1800420972.3025534,-0.17,-0.86,-0.84,116.75,26.94,-89.73,1.21
1800420972.4072149,0.32,-0.66,-1.17,116.73,45.2,44.21,1.38
1800420972.5118763,0.07,-0.7,-0.73,65.32,-38.8,48.08,1.01
1800420972.6165378,-0.2,-0.72,-0.64,73.09,77.32,78.23,0.99
1800420972.7211993,-0.37,-0.62,-0.83,-2.85,19.39,-30.75,1.1
1800420972.825861,-0.27,-0.73,-0.74,-3.83,-8.2,-4.72,1.07
1800420972.9305224,-0.14,-0.84,-0.86,2.36,-18.77,30.01,1.21
0.0,0.0,0.0,0.0,0.0,0.0,0.0,0.0
1800420975.0,-0.04,-0.89,-0.16,31.58,-31.82,-21.82,0.9
1800420975.1047127,-0.05,-0.87,-0.11,5.96,-17.66,8.43,0.88
1800420975.2094254,-0.15,-0.89,-0.17,1.43,-16.6,-27.68,0.92
1800420975.3141382,-0.03,-0.91,-0.11,16.48,-32.61,-3.44,0.92
1800420975.4188507,-0.05,-0.99,-0.1,11.57,-14.07,-14.57,1.0
1800420975.5235634,-0.11,-0.87,-0.16,43.98,-11.45,-13.78,0.89
1800420975.628276,-0.06,-0.87,-0.09,99.59,-12.6,13.0,0.88
1800420975.7329888,-0.06,-0.76,-0.06,106.3,-6.7,-13.28,0.77
1800420975.8377016,0.0,-0.63,-0.05,96.15,1.45,4.38,0.63
1800420975.9424143,0.17,-0.78,-0.16,194.2,17.76,-8.81,0.82
1800420976.0471268,0.2,-0.77,0.1,217.0,90.38,-10.49,0.8
1800420976.1518395,0.08,-0.68,0.25,393.82,124.36,-15.12,0.72
1800420976.2565522,1.06,-0.64,0.09,481.63,-41.01,221.17,1.24
1800420976.361265,1.59,0.75,0.43,153.43,325.37,-59.98,1.81
1800420976.4659777,0.4,0.32,0.11,-136.68,-117.1,-69.69,0.52
1800420976.5706904,0.62,-0.05,0.34,-52.51,73.8,-123.59,0.71
1800420976.675403,0.61,0.28,0.31,88.7,-22.98,-32.1,0.74
1800420976.7801156,0.83,-0.07,0.36,29.22,14.1,-36.45,0.91
1800420976.8848283,0.55,0.05,0.17,59.54,-6.97,-47.69,0.58
1800420976.989541,0.77,-0.04,0.45,-17.68,-34.29,-32.08,0.89
1800420977.0942538,0.72,-0.15,0.16,-74.87,-35.79,-37.05,0.76
1800420977.1989665,0.77,-0.19,0.31,-38.85,-23.16,-33.63,0.85
1800420977.3036792,0.76,-0.14,0.29,-19.99,-49.23,13.85,0.83
1800420977.4083917,0.67,-0.07,0.28,-72.87,-27.17,-15.93,0.73
1800420977.5131044,0.73,-0.11,0.28,-2.11,-15.24,-3.85,0.79
1800420977.6178172,0.73,-0.03,0.36,69.76,-79.13,-61.55,0.82
1800420977.72253,0.88,-0.42,0.37,37.27,70.31,8.75,1.04
1800420977.8272426,0.57,-0.17,0.11,-22.43,-7.02,15.67,0.6
1800420977.9319553,0.65,-0.03,0.19,12.99,-24.35,-17.34,0.68
1800420978.036668,0.74,-0.0,0.14,-12.95,6.93,-3.45,0.75
1800420978.1413805,0.62,-0.15,0.25,-34.32,1.82,-0.79,0.68
0.0,0.0,0.0,0.0,0.0,0.0,0.0,0.0
1800420980.0,-0.1,-0.93,0.05,35.17,-6.67,10.44,0.94
1800420980.099463,0.02,-1.01,-0.01,-7.05,-17.11,-0.34,1.01
1800420980.1989257,-0.06,-0.92,-0.01,7.51,0.18,-44.97,0.92
1800420980.2983887,-0.06,-0.89,0.16,-40.4,5.36,17.71,0.91
1800420980.3978517,0.04,-0.92,0.11,-6.68,3.7,-34.61,0.92
1800420980.4973147,-0.14,-0.89,0.21,-26.13,28.96,-21.66,0.92
1800420980.5967774,-0.1,-0.92,0.28,-12.12,39.81,-27.29,0.97
1800420980.6962404,-0.18,-0.8,0.23,30.31,70.65,-1.04,0.86
1800420980.7957034,-0.04,-0.82,0.11,34.21,64.86,-21.13,0.83
1800420980.8951662,-0.1,-0.63,0.04,0.47,113.34,-58.58,0.64
1800420980.9946291,-0.02,-0.39,-0.04,-71.72,142.98,-34.05,0.39
1800420981.0940921,-0.12,-0.41,0.05,-195.13,80.73,-107.94,0.43
1800420981.193555,-0.63,-0.82,0.9,-275.09,336.35,-129.37,1.37
1800420981.2930179,-0.72,-1.95,0.37,125.65,443.62,-442.25,2.11
1800420981.3924809,1.23,-0.27,0.72,139.39,-87.91,464.63,1.45
1800420981.4919438,0.19,0.63,0.86,-26.29,-116.19,184.49,1.08
1800420981.5914066,0.17,1.13,0.46,-23.63,-260.79,-27.75,1.23
1800420981.6908696,0.55,-0.19,0.66,-136.8,13.66,85.44,0.88
1800420981.7903326,0.63,0.13,0.98,-69.7,-85.34,29.77,1.17
1800420981.8897955,0.46,0.17,0.93,-48.54,-273.31,5.87,1.06
1800420981.9892583,0.03,-0.15,0.86,122.96,-316.23,54.82,0.88
1800420982.0887213,-0.02,-0.5,0.65,44.11,-102.16,-25.1,0.82
1800420982.1881843,-0.29,-0.15,0.8,-42.51,-166.62,104.45,0.86
1800420982.287647,-0.42,-0.07,0.67,-43.39,-250.59,18.38,0.79
1800420982.38711,-0.4,-0.33,0.99,70.85,-266.13,43.44,1.12
1800420982.486573,-1.07,-0.43,0.48,111.08,1.09,7.3,1.25
1800420982.586036,-0.4,-0.29,0.53,-28.94,32.87,-78.56,0.73
0.0,0.0,0.0,0.0,0.0,0.0,0.0,0.0
1800420985.0,-0.81,0.48,0.14,34.82,-18.84,-15.52,0.95
1800420985.0974693,-0.79,0.59,0.13,-8.21,-22.89,7.47,0.99
1800420985.1949387,-0.9,0.49,0.21,-23.21,-3.42,-5.03,1.05
1800420985.292408,-0.79,0.45,0.21,-1.82,-6.36,-3.77,0.93
1800420985.3898776,-0.92,0.38,0.21,7.03,-41.64,-10.01,1.01
1800420985.487347,-0.8,0.42,0.2,2.07,-12.81,-67.47,0.93
1800420985.5848162,-0.56,0.61,0.18,18.86,-22.06,-26.94,0.84
1800420985.6822855,-0.62,0.61,0.21,36.08,-3.54,62.25,0.9
1800420985.7797549,-0.77,0.63,0.12,58.12,-5.02,52.02,1.0
1800420985.8772242,-0.79,0.5,0.04,18.89,-2.09,49.17,0.94
1800420985.9746938,-0.75,0.42,0.1,30.44,8.22,60.29,0.86
1800420986.072163,-0.82,0.4,0.07,-12.47,-9.32,82.62,0.91
1800420986.1696324,-0.73,0.36,0.11,-14.83,9.86,67.2,0.82
1800420986.2671018,-0.54,0.28,0.07,15.8,-58.11,30.32,0.61
1800420986.364571,-0.42,0.33,0.2,20.76,-143.55,-20.14,0.57
1800420986.4620404,0.11,0.75,0.12,-82.49,228.99,-81.37,0.76
1800420986.5595098,-1.39,0.68,1.77,5.26,-335.55,-391.72,2.36
1800420986.6569793,-0.04,-0.1,-0.03,-8.66,-5.06,-2.44,0.11
1800420986.7544487,-0.84,-0.25,0.87,520.0,-441.95,-73.48,1.23
1800420986.851918,-1.45,0.15,-0.02,-21.6,17.37,46.08,1.46
1800420986.9493873,-0.88,0.1,0.2,69.55,-75.99,-10.33,0.91
1800420987.0468566,-0.97,0.03,0.39,21.72,-1.04,27.53,1.04
1800420987.144326,-0.92,0.06,0.16,-47.93,-15.43,31.11,0.93
1800420987.2417955,-0.89,0.05,0.21,-13.78,1.37,32.53,0.91
1800420987.3392649,-0.96,0.15,0.27,-6.69,15.42,4.83,1.01
1800420987.4367342,-0.88,0.02,0.16,14.7,-26.96,29.95,0.9
1800420987.5342035,-0.95,0.04,0.22,6.22,-13.73,18.85,0.98
1800420987.6316729,-0.98,-0.04,0.2,-25.23,-12.72,-11.34,1.0
1800420987.7291422,-0.9,0.04,0.27,-10.45,-10.66,11.83,0.94
1800420987.8266118,-0.92,0.06,0.24,11.17,-20.81,11.11,0.95
1800420987.924081,-0.87,-0.0,0.25,0.68,-21.67,20.16,0.91
1800420988.0215504,-0.9,0.01,0.43,-15.51,-5.39,15.97,1.0
1800420988.1190197,-0.87,-0.1,0.3,5.91,-29.44,16.96,0.93
1800420988.216489,-1.05,0.01,0.34,7.86,-18.18,-2.29,1.1
0.0,0.0,0.0,0.0,0.0,0.0,0.0,0.0
1800420990.0,0.07,-0.91,0.08,4.41,-27.07,-6.01,0.91
1800420990.106118,0.03,-0.91,0.02,-2.15,-8.69,18.08,0.92
1800420990.2122357,-0.02,-0.99,0.06,2.08,0.67,42.15,1.0
1800420990.3183537,-0.1,-0.92,0.13,12.17,6.1,33.34,0.93
1800420990.4244714,-0.11,-0.96,-0.05,-0.05,0.11,47.86,0.97
1800420990.5305893,-0.14,-1.0,0.03,34.57,2.33,67.44,1.01
1800420990.636707,-0.13,-0.97,0.05,36.91,-4.23,72.41,0.98
1800420990.742825,-0.13,-0.94,0.05,4.41,22.92,64.68,0.95
1800420990.848943,-0.12,-0.83,0.04,25.82,-31.18,68.09,0.84
1800420990.9550607,-0.07,-0.71,0.09,-29.58,0.38,81.57,0.72
1800420991.0611787,-0.11,-0.46,0.05,-65.77,-14.84,59.04,0.47
1800420991.1672964,-0.2,-0.55,0.22,26.94,-155.28,94.15,0.63
1800420991.2734144,0.78,-2.03,-0.5,-511.44,-492.77,254.74,2.23
1800420991.379532,-0.55,-0.84,0.12,222.83,-80.0,124.35,1.0
1800420991.48565,-1.91,-0.14,-0.2,149.45,-38.97,93.02,1.93
1800420991.5917678,-1.1,-0.14,-0.74,-90.6,-172.23,194.35,1.33
1800420991.6978858,-0.96,-0.48,-0.17,32.49,-251.11,2.98,1.08
1800420991.8040037,-0.86,-0.31,-0.26,2.58,-30.4,-86.02,0.95
1800420991.9101214,-0.94,-0.21,-0.25,107.29,62.09,-68.55,1.0
1800420992.0162394,-0.75,-0.49,-0.36,29.21,60.2,-21.47,0.96
1800420992.1223571,-0.9,-0.72,-0.16,-47.44,53.94,70.79,1.16
1800420992.228475,-0.75,-0.48,-0.27,-33.28,-45.73,-23.84,0.93
1800420992.3345928,-0.84,-0.54,-0.26,11.51,-7.71,17.22,1.02
1800420992.4407108,-0.79,-0.51,-0.28,13.43,22.61,12.1,0.98
1800420992.5468287,-0.83,-0.55,-0.26,48.21,30.6,-10.16,1.02
0.0,0.0,0.0,0.0,0.0,0.0,0.0,0.0
1800420995.0,0.02,-0.95,0.12,17.73,-28.09,30.72,0.96
1800420995.101148,0.13,-1.0,0.01,10.61,-4.29,-20.12,1.01
1800420995.202296,0.01,-0.94,0.12,-4.16,-14.12,4.53,0.95
1800420995.303444,0.08,-1.03,0.1,12.15,-19.52,18.37,1.04
1800420995.404592,0.05,-1.04,0.09,14.69,-16.8,0.09,1.04
1800420995.50574,0.09,-0.93,0.14,48.68,-28.01,10.69,0.94
1800420995.606888,0.07,-0.99,0.06,82.01,-21.14,5.62,0.99
1800420995.708036,0.14,-0.89,0.1,79.21,-21.75,-18.38,0.91
1800420995.809184,0.18,-0.78,0.08,101.55,3.68,6.96,0.81
1800420995.910332,0.3,-0.78,0.14,153.54,28.21,-9.34,0.85
1800420996.01148,0.48,-0.89,-0.12,183.37,108.92,13.15,1.02
1800420996.112628,0.2,-0.78,-0.22,314.75,96.03,21.68,0.84
1800420996.213776,1.51,-0.81,-0.03,386.08,-10.77,-263.27,1.71
1800420996.314924,2.16,0.93,-0.39,130.68,327.1,79.81,2.38
1800420996.4160721,0.58,0.31,-0.09,-97.28,-108.99,86.59,0.66
1800420996.51722,0.81,-0.06,-0.29,-32.68,78.24,149.12,0.86
1800420996.6183681,0.91,0.39,-0.29,66.68,-28.53,35.01,1.03
1800420996.719516,1.18,-0.04,-0.4,29.42,0.64,43.12,1.25
1800420996.8206642,0.74,0.11,-0.24,41.66,-11.06,53.6,0.79
1800420996.921812,1.12,0.03,-0.46,4.55,-29.33,45.51,1.21
1800420997.02296,1.02,-0.07,-0.33,-64.84,-11.48,50.69,1.07
1800420997.124108,1.04,-0.17,-0.39,-34.72,-8.4,42.58,1.12
1800420997.225256,0.96,-0.13,-0.37,-2.63,-38.77,-4.31,1.04
1800420997.326404,0.95,-0.09,-0.26,-49.79,-10.51,19.06,0.99
1800420997.427552,0.94,-0.06,-0.29,-11.4,-8.45,28.37,0.99
1800420997.5287,1.03,-0.01,-0.34,58.34,-61.65,50.68,1.09
1800420997.629848,1.22,-0.41,-0.43,10.13,84.02,-15.83,1.36
1800420997.7309961,0.8,-0.15,-0.13,-26.6,-18.42,-38.98,0.83
1800420997.832144,1.09,0.04,-0.21,15.13,-13.09,6.97,1.11
1800420997.9332922,0.99,0.01,-0.25,-6.95,0.36,9.94,1.03
1800420998.03444,0.96,-0.08,-0.3,-25.61,9.68,12.79,1.01
0.0,0.0,0.0,0.0,0.0,0.0,0.0,0.0
1800421000.0,0.02,1.04,0.02,-13.81,-25.68,5.85,1.05
1800421000.1043522,-0.01,1.11,0.02,2.18,-24.12,7.32,1.11
1800421000.2087045,-0.08,1.02,0.05,30.52,0.37,53.22,1.03
1800421000.3130567,-0.18,1.07,-0.17,-12.25,8.82,69.57,1.1
1800421000.4174087,-0.07,1.05,-0.17,5.01,-1.8,61.46,1.07
1800421000.521761,-0.04,1.05,-0.18,-13.9,-10.12,32.39,1.07
1800421000.6261132,-0.1,1.0,-0.22,-0.11,-6.96,67.15,1.03
1800421000.7304654,-0.11,0.92,-0.18,6.93,-6.91,66.38,0.95
1800421000.8348176,-0.03,0.94,-0.21,19.5,-10.84,79.76,0.96
1800421000.93917,-0.1,0.8,-0.27,27.99,-19.98,128.02,0.86
1800421001.043522,-0.01,0.55,-0.34,37.2,8.88,158.42,0.65
1800421001.147874,0.06,0.51,-0.31,60.83,24.94,166.57,0.61
1800421001.2522264,0.1,-0.03,-0.38,62.34,12.76,188.73,0.39
1800421001.3565786,-1.38,2.21,-0.29,-179.96,40.99,49.14,2.62
1800421001.4609308,1.74,-1.51,-2.06,396.6,-455.47,72.75,3.09
1800421001.565283,0.19,-0.65,-1.03,-105.97,-141.01,-308.81,1.23
1800421001.669635,0.43,-0.24,-0.97,43.46,1.1,98.47,1.09
1800421001.7739873,0.8,-0.24,-1.4,27.61,-14.76,64.4,1.63
1800421001.8783395,0.36,-0.24,-1.05,-1.64,35.42,30.12,1.14
1800421001.9826918,0.39,-0.27,-1.02,9.56,-59.67,-11.12,1.12
1800421002.087044,0.42,-0.1,-1.01,-35.18,-92.13,-41.7,1.1
1800421002.1913962,0.18,-0.03,-0.97,16.8,-106.8,-5.55,0.98
1800421002.2957482,0.1,0.04,-1.03,-10.62,-17.17,35.95,1.04
1800421002.4001005,0.03,-0.04,-1.06,-2.43,2.17,58.95,1.06
0.0,0.0,0.0,0.0,0.0,0.0,0.0,0.0
1800421005.0,0.78,0.42,0.05,-7.55,-11.02,-5.49,0.88
1800421005.1058455,0.79,0.44,-0.0,-5.52,-20.03,3.84,0.91
1800421005.211691,0.8,0.42,0.03,-13.29,-6.39,6.28,0.9
1800421005.3175364,0.78,0.44,0.06,-17.01,16.29,23.1,0.9
1800421005.4233818,0.74,0.46,0.1,-39.38,-15.34,28.45,0.88
1800421005.5292273,0.72,0.48,0.15,-3.27,9.11,4.2,0.88
1800421005.6350727,0.58,0.54,0.11,-20.86,-8.89,7.77,0.8
1800421005.7409182,0.61,0.66,-0.01,49.53,-32.29,25.37,0.9
1800421005.8467636,0.54,0.57,-0.16,30.36,3.87,-30.58,0.8
1800421005.952609,0.08,0.53,0.1,76.0,56.66,135.86,0.54
1800421006.0584545,0.15,-0.03,0.29,172.7,-44.79,201.33,0.33
1800421006.1643,1.77,-0.23,-0.05,-138.53,-33.16,-46.46,1.79
1800421006.2701454,1.99,0.14,-0.41,-520.0,-412.27,516.93,2.04
1800421006.3759909,0.8,0.98,0.38,-374.99,383.07,-94.31,1.33
1800421006.481836,1.02,0.73,1.16,43.74,217.57,-383.93,1.71
1800421006.5876815,0.61,0.14,-0.85,-355.44,-201.62,-12.01,1.05
1800421006.693527,1.39,-0.2,0.13,88.46,-107.68,132.18,1.41
1800421006.7993724,0.99,0.04,0.21,-20.29,-89.2,4.71,1.01
1800421006.905218,0.82,0.05,0.05,0.34,-20.85,8.5,0.82
1800421007.0110633,0.83,-0.04,-0.08,-15.0,-22.71,-24.87,0.83
1800421007.1169088,1.02,0.03,-0.12,5.94,-12.61,-10.82,1.03
1800421007.2227542,1.01,0.02,-0.1,-8.0,-35.38,-1.76,1.01
0.0,0.0,0.0,0.0,0.0,0.0,0.0,0.0
