rows,duration,AccelX_mean,AccelX_std,AccelX_max,AccelX_min,AccelX_range,AccelX_median,AccelY_mean,AccelY_std,AccelY_max,AccelY_min,AccelY_range,AccelY_median,AccelZ_mean,AccelZ_std,AccelZ_max,AccelZ_min,AccelZ_range,AccelZ_median,GyroX_mean,GyroX_std,GyroX_max,GyroX_min,GyroX_range,GyroX_median,GyroY_mean,GyroY_std,GyroY_max,GyroY_min,GyroY_range,GyroY_median,GyroZ_mean,GyroZ_std,GyroZ_max,GyroZ_min,GyroZ_range,GyroZ_median,Total_A_mean,Total_A_std,Total_A_max,Total_A_min,Total_A_range,Total_A_median,A_peak,A_mean,A_std,A_range,A_min,A_peak_index_ratio,gyro_abs_peak,gyro_abs_mean,accel_abs_peak,accel_abs_mean,AccelX_first,AccelX_last,AccelX_delta,AccelY_first,AccelY_last,AccelY_delta,AccelZ_first,AccelZ_last,AccelZ_delta,GyroX_first,GyroX_last,GyroX_delta,GyroY_first,GyroY_last,GyroY_delta,GyroZ_first,GyroZ_last,GyroZ_delta,source_file,label,label_name
25,2.490000009536743,0.0916,0.3048316475258652,1.05,-0.35,1.4,0.0,-0.782,0.40408332474049624,0.58,-1.87,2.45,-0.87,-0.027599999999999993,0.515608701762619,0.36,-2.0,2.36,0.19,-8.9412,58.34009736879088,142.34,-132.55,274.89,-16.29,-41.6068,123.60800252950185,76.63,-510.57,587.2,-1.99,-15.245200000000002,55.559035877763996,89.31,-185.68,274.99,-0.83,0.9972,0.3611384775955063,2.13,0.48,1.65,0.94,2.13,0.9972,0.3611384775955063,1.65,0.48,0.6666666666666666,510.57,92.16679999999998,2.0,0.9208,0.07,0.79,0.72,-0.84,-1.87,-1.0300000000000002,0.35,-0.58,-0.9299999999999999,-29.02,11.82,40.84,0.84,76.63,75.78999999999999,5.74,-81.68,-87.42,fall_001.csv,1,fall
25,2.429999828338623,-0.10239999999999999,0.6716973524834926,0.99,-1.71,2.7,0.08,-0.6192,0.3983917669832046,0.1,-1.59,1.6900000000000002,-0.61,0.25880000000000003,0.37535893932785636,0.91,-0.73,1.6400000000000001,0.29,6.119199999999999,43.90537437869461,79.69,-69.95,149.64,7.4,-65.186,69.00971060896671,88.72,-154.5,243.22,-85.15,6.3424000000000005,108.06668254986516,299.02,-193.73,492.75,11.1,1.034,0.34481879299133333,1.79,0.65,1.1400000000000001,0.93,1.79,1.034,0.34481879299133333,1.1400000000000001,0.65,0.5416666666666666,299.02,120.1996,1.71,0.8504000000000002,0.4,0.08,-0.32,-0.76,-0.96,-0.19999999999999996,0.36,-0.01,-0.37,7.05,-9.66,-16.71,-61.59,-1.94,59.650000000000006,11.1,-105.18,-116.28,fall_002.csv,1,fall
20,1.9600000381469727,-0.23149999999999998,0.5847921358100356,0.58,-1.4,1.98,-0.245,-0.7454999999999999,0.46811463958038496,0.16,-2.0,2.16,-0.76,-0.15350000000000003,0.7102577367629154,1.51,-2.0,3.51,-0.085,-14.926499999999999,96.04553789876528,123.34,-340.15,463.49,-12.620000000000001,-92.54350000000001,124.6659733796043,285.28,-323.27,608.55,-80.995,6.898000000000001,54.70109665022122,152.66,-77.15,229.81,-6.505,1.1625,0.5562740237272312,2.82,0.6,2.2199999999999998,1.0,2.82,1.1625,0.5562740237272312,2.2199999999999998,0.6,0.5263157894736842,340.15,136.79500000000002,2.0,0.938,0.08,-0.61,-0.69,-0.87,-0.6,0.27,0.46,-0.16,-0.62,-4.61,26.92,31.53,-17.71,-31.44,-13.73,22.3,-77.15,-99.45,fall_003.csv,1,fall
25,2.490000009536743,0.18600000000000003,0.5843657530462693,1.54,-0.54,2.08,0.03,-0.7312000000000001,0.20461997295800166,-0.29,-1.01,0.72,-0.66,-0.3164,0.5974730119427991,0.95,-2.0,2.95,-0.33,-15.2432,67.77818870649564,130.55,-219.47,350.02,-7.22,-83.41879999999999,123.2401914055097,171.42,-366.17,537.59,-62.47,43.47120000000001,137.98527386162144,431.04,-160.83,591.87,-11.85,1.1064,0.40347325396693484,2.49,0.67,1.8200000000000003,0.99,2.49,1.1064,0.40347325396693484,1.8200000000000003,0.67,0.5,431.04,137.88639999999998,2.0,0.9256000000000002,0.02,-0.35,-0.37,-0.95,-0.61,0.33999999999999997,0.25,-0.87,-1.12,6.53,-61.3,-67.83,-32.78,-62.47,-29.689999999999998,-11.85,-6.23,5.619999999999999,fall_004.csv,1,fall
23,2.1599998474121094,-0.3417391304347826,0.506114002374178,0.55,-2.0,2.55,-0.34,0.4930434782608696,0.476954684169249,2.0,-0.14,2.14,0.54,0.7013043478260869,0.43335167691994464,2.0,0.05,1.95,0.58,-21.52347826086957,120.44184913772877,92.46,-501.91,594.37,-2.38,31.69434782608696,163.06843936397007,322.67,-510.57,833.24,35.18,47.50913043478262,142.5043384000847,498.34,-168.37,666.71,25.62,1.0882608695652178,0.5684560602985235,3.46,0.44,3.02,0.96,3.46,1.0882608695652178,0.5684560602985235,3.02,0.44,0.4090909090909091,510.57,131.8504347826087,2.0,0.8460869565217392,-0.04,-0.65,-0.61,0.75,0.54,-0.20999999999999996,0.68,0.58,-0.10000000000000009,0.32,-5.08,-5.4,-20.43,-11.94,8.49,25.62,38.0,12.379999999999999,fall_007.csv,1,fall
25,2.440000057220459,-0.28040000000000004,0.4252301337707226,1.27,-0.92,2.19,-0.34,0.4456,0.7952100351479475,1.19,-2.0,3.19,0.75,0.3784,0.6091912671731268,2.0,-0.44,2.44,0.28,3.817199999999996,156.2425610901204,265.36,-501.91,767.27,26.38,28.150799999999993,176.95097447033174,259.51,-510.57,770.0799999999999,37.86,35.1468,164.85548299242785,464.55,-262.78,727.3299999999999,21.69,1.1196,0.5645904120097448,3.1,0.39,2.71,1.02,3.1,1.1196,0.5645904120097448,2.71,0.39,0.4583333333333333,510.57,155.14520000000002,2.0,0.8808,-0.05,-0.38,-0.33,0.72,0.84,0.12,0.57,-0.43,-1.0,15.54,30.58,15.04,-9.82,14.66,24.48,11.51,-5.33,-16.84,fall_009.csv,1,fall
23,2.2699999809265137,-0.3647826086956521,0.38231198070801464,0.21,-1.43,1.64,-0.35,0.33478260869565213,0.527195578382077,2.0,-0.79,2.79,0.18,0.7039130434782608,0.46652232851595915,1.87,-0.2,2.0700000000000003,0.71,-27.18521739130435,155.34452768164192,287.33,-501.91,789.24,-13.8,21.433478260869574,168.33792411825294,489.97,-172.75,662.72,-28.31,-16.11826086956522,122.04398881521716,201.86,-372.69,574.55,-5.91,1.0382608695652173,0.5356020586381193,3.09,0.23,2.86,0.95,3.09,1.0382608695652173,0.5356020586381193,2.86,0.23,0.4090909090909091,501.91,137.01260869565218,2.0,0.8291304347826088,-0.05,-0.34,-0.29000000000000004,0.61,0.1,-0.51,0.71,0.86,0.15000000000000002,-27.56,-9.59,17.97,-3.53,-28.82,-25.29,-6.25,7.63,13.879999999999999,fall_012.csv,1,fall
21,2.0199999809265137,-0.3928571428571428,0.7148925993262405,0.78,-1.93,2.71,0.03,0.6195238095238095,0.5051185622255056,2.0,-0.25,2.25,0.68,0.24666666666666665,0.6089937054956589,2.0,-0.51,2.51,0.06,-15.55238095238095,117.13006795459319,218.35,-400.21,618.56,-17.66,57.25761904761904,105.07980975928542,288.34,-118.99,407.33,25.59,-9.709523809523809,155.89179745824313,140.59,-426.44,567.03,13.75,1.17,0.5731579189019376,3.43,0.48,2.95,1.01,3.43,1.17,0.5731579189019376,2.95,0.48,0.5,426.44,145.72190476190477,2.0,1.0047619047619047,0.1,-1.0,-1.1,1.0,0.32,-0.6799999999999999,-0.03,0.11,0.14,-17.66,5.73,23.39,-12.64,25.59,38.230000000000004,6.0,56.93,50.93,fall_013.csv,1,fall
25,2.4699997901916504,-0.12760000000000002,0.3915916240166534,0.68,-0.98,1.6600000000000001,0.0,0.4536,0.648150445498574,1.02,-2.0,3.02,0.48,0.4336,0.6135068595106876,2.0,-0.71,2.71,0.18,-46.67360000000001,114.63960175553066,103.21,-501.91,605.12,-19.05,7.1279999999999974,173.141675779307,489.97,-510.57,1000.54,-5.86,-2.7720000000000016,118.96902713171468,293.1,-310.31,603.4100000000001,-5.3,1.0304,0.5205324197396354,2.91,0.0,2.91,0.99,2.91,1.0304,0.5205324197396354,2.91,0.0,0.5416666666666666,510.57,127.464,2.0,0.8896,0.1,-0.25,-0.35,0.98,0.2,-0.78,0.18,0.82,0.6399999999999999,-17.48,-3.24,14.24,-7.85,-72.95,-65.10000000000001,8.7,61.22,52.519999999999996,fall_014.csv,1,fall
25,2.419999837875366,-0.28359999999999996,0.4789300575240606,0.66,-1.15,1.81,-0.06,0.4391999999999999,0.6905608831474118,1.01,-2.0,3.01,0.35,0.3632,0.5992684429090746,2.0,-0.39,2.39,0.25,-43.6632,106.25536467711485,103.47,-501.91,605.38,-35.28,9.206000000000001,178.083082904207,314.84,-510.57,825.41,-17.41,-40.249199999999995,109.16907899064948,141.3,-320.08,461.38,-10.41,1.1072,0.45885291761086144,2.9,0.43,2.4699999999999998,1.0,2.9,1.1072,0.45885291761086144,2.4699999999999998,0.43,0.5833333333333334,510.57,145.6336,2.0,0.9536,0.1,-0.63,-0.73,1.01,0.2,-0.81,-0.08,0.74,0.82,0.67,-22.52,-23.19,-17.25,-75.33,-58.08,4.64,-36.9,-41.54,fall_015.csv,1,fall
20,1.9600000381469727,-0.5650000000000001,0.4436273922537863,-0.01,-1.66,1.65,-0.435,0.43949999999999995,0.5111439698311394,1.01,-0.73,1.74,0.58,-0.1085,0.3305860028240123,0.5,-0.63,1.13,0.0,1.324500000000002,119.02270369334448,337.4,-164.26,501.65999999999997,-16.69,31.162,80.20824190489206,240.49,-108.63,349.12,23.64,-60.3635,98.63699745051362,296.81,-184.99,481.8,-71.245,1.0050000000000001,0.23403778372418055,1.67,0.64,1.0299999999999998,1.005,1.67,1.0050000000000001,0.23403778372418055,1.0299999999999998,0.64,0.631578947368421,337.4,122.1455,1.66,0.8999999999999998,-0.16,-0.9,-0.74,1.01,-0.06,-1.07,0.02,-0.63,-0.65,-5.24,29.95,35.19,-20.21,-20.43,-0.21999999999999886,-12.43,-3.41,9.02,fall_017.csv,1,fall
25,2.3899998664855957,0.514,0.5328226721902888,1.39,-0.18,1.5699999999999998,0.73,0.4132,0.6370813658133996,2.0,-1.41,3.41,0.34,-0.1384,0.44912581756118186,1.04,-1.04,2.08,-0.13,13.251600000000002,119.4875552334496,386.0,-87.5,473.5,-4.41,-68.15320000000001,123.45492621195802,195.08,-297.04,492.12,-39.3,59.9016,117.09937754887228,417.25,-107.82,525.0699999999999,36.03,1.0839999999999999,0.3751888413408196,2.41,0.6,1.81,1.01,2.41,1.0839999999999999,0.3751888413408196,1.81,0.6,0.4166666666666667,417.25,142.34480000000002,2.0,0.9684,-0.07,1.0,1.07,1.02,-0.08,-1.1,-0.09,-0.33,-0.24000000000000002,-15.05,-28.02,-12.969999999999999,-5.73,-29.76,-24.03,-5.54,18.29,23.83,fall_020.csv,1,fall
25,2.390000104904175,0.298,0.4551831133364535,1.23,-0.5,1.73,0.41,0.7972,0.422024090939526,2.0,-0.13,2.13,0.88,-0.03919999999999999,0.574890714252138,1.12,-1.88,3.0,-0.03,-1.2524000000000017,156.06638481428345,446.17,-210.14,656.31,-54.37,-39.017199999999995,107.48899658879817,232.78,-247.42,480.2,-21.3,-13.935200000000002,135.16783441090314,418.27,-226.89,645.16,-20.26,1.11,0.4306197084822446,2.84,0.56,2.28,0.99,2.84,1.11,0.4306197084822446,2.28,0.56,0.5,446.17,166.9752,2.0,0.9295999999999998,-0.12,0.52,0.64,0.96,1.15,0.18999999999999995,0.07,0.39,0.32,-30.47,-101.36,-70.89,-10.32,17.94,28.26,14.38,24.59,10.209999999999999,fall_021.csv,1,fall
25,2.4600000381469727,-0.48200000000000004,0.6041109169680681,0.16,-2.0,2.16,-0.22,-0.7971999999999998,0.35331194903842883,-0.31,-2.0,1.69,-0.89,0.11280000000000001,0.4263656490228389,2.0,-0.45,2.45,0.04,17.5784,116.67191263253265,498.63,-157.15,655.78,-3.4,14.4276,99.89914031495299,238.79,-325.83,564.62,3.45,25.6928,91.02209322100505,206.75,-157.54,364.28999999999996,39.94,1.0972000000000002,0.5784715492859899,3.46,0.38,3.08,0.96,3.46,1.0972000000000002,0.5784715492859899,3.08,0.38,0.625,498.63,112.70919999999998,2.0,0.9531999999999999,0.08,-0.63,-0.71,-0.95,-0.66,0.2899999999999999,0.04,0.16,0.12,22.21,-34.11,-56.32,-3.95,-16.38,-12.43,-20.72,-64.99,-44.269999999999996,fall_022.csv,1,fall
25,2.43999981880188,-0.4808,0.5576507270087016,0.14,-1.61,1.75,-0.15,-0.5952,0.41016378842278767,0.21,-1.02,1.23,-0.77,-0.05279999999999999,0.25092362715907535,0.72,-0.54,1.26,0.0,14.6984,104.05306669675815,454.67,-122.11,576.78,-2.5,7.900400000000001,75.91335348496557,209.77,-128.57,338.34000000000003,-4.58,48.494400000000006,103.65797280318898,439.16,-65.48,504.64000000000004,20.43,1.0191999999999999,0.26919509653780843,1.64,0.47,1.17,0.97,1.64,1.0191999999999999,0.26919509653780843,1.17,0.47,0.6666666666666666,454.67,102.51640000000002,1.61,0.9552,0.1,-1.03,-1.1300000000000001,-0.93,-0.5,0.43000000000000005,0.07,-0.13,-0.2,-30.99,5.01,36.0,-18.2,-29.73,-11.530000000000001,3.02,-65.48,-68.5,fall_023.csv,1,fall
24,2.3499999046325684,-0.43333333333333335,0.513434019863919,0.4,-1.63,2.03,-0.155,-0.60375,0.41869167342007696,0.3,-1.44,1.74,-0.56,-0.18333333333333335,0.32538494482511104,0.27,-1.2,1.47,-0.025,-0.9908333333333358,102.32249210500939,308.4,-273.71,582.1099999999999,-10.205,4.028749999999998,104.02155175156899,426.56,-143.16,569.72,-4.51,54.16708333333333,134.41909496467824,441.71,-141.31,583.02,37.0,1.0258333333333334,0.24373750432482227,1.65,0.46,1.19,0.995,1.65,1.0258333333333334,0.24373750432482227,1.19,0.46,0.6086956521739131,441.71,105.89291666666668,1.63,0.9529166666666665,0.05,-0.9,-0.9500000000000001,-0.92,-0.41,0.51,-0.0,-0.3,-0.3,-25.05,4.35,29.4,-15.83,2.35,18.18,4.23,3.85,-0.38000000000000034,fall_024.csv,1,fall
25,2.4800000190734863,-0.42,0.5961962764056817,0.91,-2.0,2.91,-0.17,-0.7308000000000001,0.36505616006307856,-0.21,-2.0,1.79,-0.69,-0.1492,0.2119929244102265,0.17,-0.7,0.87,-0.03,-1.1215999999999997,120.30590625844879,498.63,-209.5,708.13,-14.82,35.546800000000005,100.52806804237974,417.51,-64.67,482.18,6.53,42.3652,77.49324062566146,256.79,-105.68,362.47,45.3,1.0556,0.36890694400259433,2.26,0.53,1.7299999999999998,0.99,2.26,1.0556,0.36890694400259433,1.7299999999999998,0.53,0.5,498.63,93.6764,2.0,0.9568000000000001,0.15,-0.85,-1.0,-0.95,-0.57,0.38,0.04,-0.32,-0.36,-8.32,-51.66,-43.339999999999996,13.68,-21.68,-35.36,-9.89,-14.96,-5.07,fall_025.csv,1,fall
25,2.4600000381469727,-0.4824,0.5982076005312315,0.11,-2.0,2.11,-0.19,-0.7415999999999999,0.28804918561477194,-0.18,-1.1,0.9200000000000002,-0.88,-0.0416,0.23957740572377298,0.14,-1.0,1.1400000000000001,0.03,10.788,112.8831898837614,498.63,-98.32,596.95,-7.94,1.5023999999999988,95.33069745540172,85.1,-431.92,517.02,10.29,32.604000000000006,85.49545041501722,212.87,-147.02,359.89,30.27,1.0604,0.37991753491163494,2.18,0.48,1.7000000000000002,0.98,2.18,1.0604,0.37991753491163494,1.7000000000000002,0.48,0.7083333333333334,498.63,89.8452,2.0,0.9808,0.11,-0.92,-1.03,-0.94,-0.6,0.33999999999999997,0.13,-0.07,-0.2,-2.5,96.5,99.0,-10.66,46.03,56.69,-14.26,-101.08,-86.82,fall_026.csv,1,fall
24,2.3299999237060547,-0.43875,0.3859073159733294,0.01,-1.31,1.32,-0.26,-0.6745833333333334,0.292515018814221,0.19,-1.08,1.27,-0.765,0.11958333333333333,0.33476116296829306,0.77,-0.55,1.32,0.215,-15.500416666666672,155.3046862441184,498.63,-362.67,861.3,-30.060000000000002,22.78708333333334,126.1710224941137,379.56,-299.71,679.27,3.6050000000000004,33.6875,76.6781628258517,218.93,-198.49,417.42,28.130000000000003,0.9691666666666667,0.23496376532242744,1.54,0.51,1.03,0.95,1.54,0.9691666666666667,0.23496376532242744,1.03,0.51,0.6521739130434783,498.63,114.81625000000001,1.31,0.8283333333333333,0.01,-0.73,-0.74,-0.88,-0.56,0.31999999999999995,0.35,-0.06,-0.41,-17.91,31.19,49.1,5.07,-6.93,-12.0,14.75,-10.46,-25.21,fall_027.csv,1,fall
25,2.4800000190734863,-0.4604,0.5788456904334119,0.09,-2.0,2.09,-0.16,-0.6572,0.29855931850583173,0.18,-0.93,1.11,-0.77,0.017600000000000008,0.44926124545376345,0.87,-1.17,2.04,0.22,-14.956400000000004,73.25843073667357,136.18,-253.83,390.01,-9.24,26.263999999999996,76.29456386270256,260.67,-73.5,334.17,14.92,38.93879999999999,73.16284868474345,270.4,-152.93,423.33,26.53,1.052,0.3804164384811291,2.27,0.38,1.8900000000000001,0.96,2.27,1.052,0.3804164384811291,1.8900000000000001,0.38,0.625,270.4,78.5192,2.0,0.926,-0.06,-0.85,-0.79,-0.92,-0.58,0.3400000000000001,0.42,-0.26,-0.6799999999999999,-7.65,27.95,35.6,4.14,-49.19,-53.33,21.31,16.35,-4.959999999999997,fall_028.csv,1,fall
25,2.490000009536743,-0.5956,0.591657840309752,0.11,-2.0,2.11,-0.76,-0.6524,0.41454070970171314,0.23,-2.0,2.23,-0.6,0.0924,0.287377220159613,1.01,-0.42,1.43,0.11,-18.910399999999996,49.07959347495318,78.7,-154.53,233.23000000000002,-24.27,25.468400000000003,123.14022936879728,166.58,-510.57,677.15,23.6,24.0284,81.63968901418802,209.89,-121.22,331.11,22.34,1.0828,0.4465751149956,2.53,0.45,2.0799999999999996,0.98,2.53,1.0828,0.4465751149956,2.0799999999999996,0.45,0.5416666666666666,510.57,100.9032,2.0,0.9764000000000002,0.05,-0.82,-0.87,-0.86,-0.49,0.37,0.41,-0.42,-0.83,0.02,-56.21,-56.230000000000004,-7.86,25.08,32.94,18.43,-46.31,-64.74000000000001,fall_029.csv,1,fall
20,1.9700000286102295,0.44300000000000006,0.5705131577430049,1.7,-0.81,2.51,0.175,-0.6725,0.4148160657701828,0.11,-1.83,1.9400000000000002,-0.69,0.2045,0.5576876601788759,2.0,-1.05,3.05,0.1,33.306,86.00893523961699,226.4,-152.76,379.15999999999997,19.405,-57.4865,67.78873088112569,18.76,-223.45,242.20999999999998,-21.05,-59.71750000000001,130.24182794345535,187.07,-452.7,639.77,-44.595,1.106,0.49880277718384425,2.71,0.56,2.15,0.99,2.71,1.106,0.49880277718384425,2.15,0.56,0.5263157894736842,452.7,115.37750000000001,2.0,0.9880000000000001,0.19,0.89,0.7,-0.94,-0.22,0.72,0.0,0.49,0.49,-4.31,39.5,43.81,-24.6,-89.02,-64.41999999999999,-16.41,16.56,32.97,fall_030.csv,1,fall
22,2.169999837875366,0.5313636363636364,0.5796903562169281,2.0,-0.08,2.08,0.415,-0.775,0.44699792265416943,0.03,-2.0,2.03,-0.8200000000000001,0.07272727272727272,0.36752948463752133,0.82,-1.19,2.01,0.055,56.83363636363637,110.94914212614776,498.63,-33.25,531.88,29.515,-6.0009090909090865,125.02132065444604,359.85,-217.92,577.77,-5.545,-28.230909090909098,87.54741076963688,269.5,-168.21,437.71000000000004,-47.025000000000006,1.1022727272727273,0.5725210066279691,2.89,0.26,2.63,0.975,2.89,1.1022727272727273,0.5725210066279691,2.63,0.26,0.5714285714285714,498.63,109.94272727272727,2.0,0.9345454545454548,-0.08,0.92,1.0,-0.99,-0.44,0.55,-0.06,0.29,0.35,3.11,22.18,19.07,-3.5,-106.87,-103.37,3.42,-64.2,-67.62,fall_031.csv,1,fall
25,2.4599997997283936,0.556,0.551029339811714,1.85,-0.03,1.8800000000000001,0.35,-0.6416,0.45662420727187325,0.61,-1.45,2.06,-0.73,0.1296,0.23491984448601472,0.69,-0.15,0.84,0.05,21.96,74.2508190190519,231.83,-124.64,356.47,15.01,-53.26319999999999,130.0649224656671,234.85,-440.75,675.6,-23.89,-64.1664,105.44790451055282,42.93,-502.2,545.13,-33.92,1.0719999999999998,0.3696958209122738,1.99,0.42,1.57,0.99,1.99,1.0719999999999998,0.3696958209122738,1.57,0.42,0.5833333333333334,502.2,107.514,1.85,0.9856,-0.03,0.98,1.01,-0.96,-0.29,0.6699999999999999,-0.08,0.19,0.27,-5.48,-4.96,0.5200000000000005,-21.05,-70.32,-49.269999999999996,-21.27,-36.09,-14.820000000000004,fall_032.csv,1,fall
25,2.4800000190734863,0.35080000000000006,0.53777256654959,2.0,-0.22,2.22,0.04,-0.6140000000000001,0.4764976390287784,0.42,-1.41,1.8299999999999998,-0.88,0.0708,0.24591529707062415,0.9,-0.4,1.3,-0.01,23.3032,124.69355298490777,490.82,-244.26,735.0799999999999,1.74,-56.5968,147.34770871762254,207.86,-400.95,608.81,-8.89,-40.6048,84.43515939859809,128.88,-329.79,458.67,-19.12,0.9780000000000001,0.3289503508636726,2.19,0.36,1.83,0.97,2.19,0.9780000000000001,0.3289503508636726,1.83,0.36,0.7083333333333334,490.82,113.7552,2.0,0.9244,0.03,0.97,0.94,-0.96,-0.39,0.57,0.02,-0.11,-0.13,-31.63,52.55,84.17999999999999,-8.89,-59.44,-50.55,20.59,6.46,-14.129999999999999,fall_033.csv,1,fall
25,2.4800000190734863,0.4368000000000001,0.4956201502494964,1.22,-0.31,1.53,0.16,-0.5068,0.7408200411255985,2.0,-1.66,3.66,-0.64,0.10120000000000001,0.3770424379297376,1.43,-0.62,2.05,-0.03,11.643599999999998,149.40590893267913,358.93,-435.36,794.29,13.8,13.6852,134.79965560415945,489.97,-197.6,687.57,7.69,-21.042800000000003,116.3134332138812,304.93,-385.62,690.55,-19.73,1.0924,0.4142893513797654,2.22,0.33,1.8900000000000001,1.0,2.22,1.0924,0.4142893513797654,1.8900000000000001,0.33,0.5833333333333334,489.97,131.76,2.0,0.9967999999999999,-0.07,0.8,0.8700000000000001,-0.98,-0.25,0.73,-0.13,0.3,0.43,-12.05,154.7,166.75,22.14,-197.6,-219.74,-33.97,27.91,61.879999999999995,fall_034.csv,1,fall
25,2.4800000190734863,0.4040000000000001,0.5258485206470269,1.75,-0.08,1.83,0.08,-0.6991999999999998,0.5759696172542437,0.5,-2.0,2.5,-0.83,0.03919999999999999,0.31592351395023865,1.26,-0.23,1.49,-0.09,27.093200000000003,73.94980210250735,173.08,-164.6,337.68,5.8,-53.61120000000001,154.31890728077792,117.19,-510.57,627.76,2.35,-69.93159999999999,125.89578314621978,159.94,-502.2,662.14,-34.87,1.0244000000000002,0.54305524580838,2.67,0.35,2.32,0.95,2.67,1.0244000000000002,0.54305524580838,2.32,0.35,0.625,510.57,118.03519999999999,2.0,0.9208,-0.08,0.91,0.99,-0.96,-0.22,0.74,-0.06,0.1,0.16,-2.34,-22.9,-20.56,-23.82,39.19,63.01,-3.02,-19.82,-16.8,fall_035.csv,1,fall
25,2.4700000286102295,0.306,0.5841589395589754,1.99,-0.77,2.76,0.08,-0.6851999999999998,0.4965390216287135,0.67,-2.0,2.67,-0.88,-0.037200000000000004,0.6277441092249825,1.98,-2.0,3.98,0.05,-7.478799999999999,64.86386361192699,179.3,-156.32,335.62,1.42,-79.1212,152.27198282240457,97.62,-510.57,608.19,-30.29,-55.474,81.30675448571293,57.75,-374.34,432.09,-38.5,1.088,0.5787558495024766,3.08,0.38,2.7,0.97,3.08,1.088,0.5787558495024766,2.7,0.38,0.7083333333333334,510.57,120.54479999999998,2.0,0.9872,-0.23,0.92,1.1500000000000001,-0.95,-0.33,0.6199999999999999,-0.09,-0.13,-0.04000000000000001,27.07,-18.92,-45.99,-30.29,79.18,109.47,-61.37,-17.25,44.12,fall_036.csv,1,fall
23,2.2799999713897705,0.5373913043478261,0.5760067659901255,2.0,-0.09,2.09,0.16,-0.7278260869565218,0.4556808743940627,0.34,-2.0,2.34,-0.85,-0.022173913043478252,0.5783515486570361,1.57,-2.0,3.5700000000000003,-0.03,29.26826086956521,90.07476322236555,201.94,-214.11,416.05,21.56,-15.885652173913039,154.01990697268167,236.15,-510.57,746.72,7.36,-49.02565217391305,73.66789912882908,220.34,-175.96,396.3,-50.28,1.147391304347826,0.5926076226867177,3.46,0.49,2.9699999999999998,0.98,3.46,1.147391304347826,0.5926076226867177,2.9699999999999998,0.49,0.5909090909090909,510.57,116.23565217391302,2.0,0.9969565217391304,-0.09,0.89,0.98,-0.99,-0.42,0.5700000000000001,-0.08,0.2,0.28,-1.95,-37.16,-35.209999999999994,31.22,41.22,10.0,-34.32,24.81,59.129999999999995,fall_037.csv,1,fall
23,2.2699999809265137,0.09565217391304348,0.3822401207113441,1.42,-0.78,2.2,0.03,-0.4147826086956522,0.5804063589434356,1.07,-1.11,2.18,-0.56,-0.7091304347826088,0.5330095772930971,-0.0,-1.84,1.84,-0.86,-54.73608695652175,119.32993329188884,184.93,-321.44,506.37,-49.16,-33.60608695652174,102.89612218769383,121.86,-375.08,496.94,-21.63,-28.25782608695652,45.921586521979535,48.43,-131.04,179.47,-15.82,1.1273913043478263,0.39328704982151685,2.46,0.62,1.8399999999999999,0.97,2.46,1.1273913043478263,0.39328704982151685,1.8399999999999999,0.62,0.5,375.08,132.89391304347825,1.84,1.0017391304347825,-0.04,0.49,0.53,-0.93,-0.43,0.5,-0.06,-0.98,-0.9199999999999999,-43.68,82.87,126.55000000000001,-22.23,-93.95,-71.72,4.93,-84.64,-89.57,fall_038.csv,1,fall
25,2.4799997806549072,0.16240000000000002,0.2440846847578384,0.78,-0.06,0.8400000000000001,0.06,-0.6048,0.548164513018978,0.93,-2.0,2.93,-0.72,-0.5788,0.5351115148577289,0.09,-2.0,2.09,-0.56,-28.397599999999997,114.93895054477107,217.88,-316.27,534.15,-43.13,-9.597999999999999,98.21728547799856,176.93,-291.68,468.61,-5.1,-18.400400000000005,108.39974175399743,112.3,-502.2,614.5,-1.86,1.0992,0.3771927005302904,2.2,0.68,1.52,0.98,2.2,1.0992,0.3771927005302904,1.52,0.68,0.5416666666666666,502.2,123.2412,2.0,1.0004,-0.04,0.1,0.14,-0.97,-0.72,0.25,0.09,-0.64,-0.73,-19.4,22.82,42.22,12.9,6.11,-6.79,-0.72,17.34,18.06,fall_039.csv,1,fall
25,2.4700000286102295,0.0248,0.27106456795383643,0.42,-0.84,1.26,0.03,-0.5424,0.48819634028397496,0.97,-1.01,1.98,-0.72,-0.5516000000000001,0.5426453722275718,0.14,-2.0,2.14,-0.64,-45.44519999999999,114.07724415646328,118.41,-374.6,493.01,-56.14,-21.4628,110.40017257383856,325.25,-304.55,629.8,-11.82,-27.084400000000006,89.18642862379154,176.64,-269.71,446.34999999999997,-11.66,1.0432000000000001,0.30990213508998826,2.38,0.69,1.69,1.0,2.38,1.0432000000000001,0.30990213508998826,1.69,0.69,0.5416666666666666,374.6,120.60640000000001,2.0,0.9452000000000002,-0.06,0.11,0.16999999999999998,-0.97,-0.63,0.33999999999999997,0.14,-0.78,-0.92,-56.14,-6.61,49.53,-11.82,13.22,25.04,0.63,3.54,2.91,fall_040.csv,1,fall
22,2.1600000858306885,0.08681818181818181,0.47983515387242615,2.0,-0.4,2.4,0.009999999999999998,-0.3418181818181818,0.43489064157540813,0.96,-0.96,1.92,-0.28,-0.7940909090909091,0.49372885455296395,0.03,-1.5,1.53,-0.995,-58.23727272727272,117.37753201008795,120.37,-333.92,454.29,-37.23,-13.129545454545456,46.35599375405955,138.21,-83.31,221.52,-25.94,14.297727272727274,137.570975411026,484.98,-311.79,796.77,-10.870000000000001,1.1104545454545454,0.4044217185153716,2.68,0.63,2.0500000000000003,1.0750000000000002,2.68,1.1104545454545454,0.4044217185153716,2.0500000000000003,0.63,0.42857142857142855,484.98,144.17863636363637,2.0,1.0322727272727272,-0.03,-0.12,-0.09,-0.95,-0.18,0.77,0.03,-1.08,-1.11,-94.58,-12.23,82.35,-16.6,-27.22,-10.619999999999997,-8.09,7.51,15.6,fall_041.csv,1,fall
24,2.379999876022339,0.16958333333333334,0.5062692114801706,1.82,-1.28,3.1,0.09,-0.41250000000000003,0.7210273467647456,1.36,-2.0,3.3600000000000003,-0.54,-0.55375,0.5187678755432454,0.05,-2.0,2.05,-0.31,-60.75791666666667,106.40475553197253,345.28,-208.41,553.6899999999999,-74.555,-35.5775,97.66392379415014,31.45,-450.72,482.17,-11.06,-15.726250000000002,93.6403076909539,173.59,-386.46,560.05,-7.565,1.1079166666666667,0.5415836614216132,3.02,0.39,2.63,0.995,3.02,1.1079166666666667,0.5415836614216132,2.63,0.39,0.6086956521739131,450.72,121.70291666666667,2.0,0.9929166666666668,0.06,0.11,0.05,-1.01,-0.01,1.0,0.03,-1.02,-1.05,-22.9,-69.15,-46.25000000000001,-16.21,-10.35,5.860000000000001,27.54,5.8,-21.74,fall_042.csv,1,fall
23,2.2699999809265137,0.08000000000000002,0.21332859843230328,0.64,-0.38,1.02,0.07,-0.417391304347826,0.6080237539566148,1.09,-1.44,2.5300000000000002,-0.48,-0.6634782608695652,0.506014810200544,-0.09,-2.0,1.91,-0.61,-58.081304347826105,82.58655125516104,110.81,-200.75,311.56,-56.12,-41.090869565217396,111.68902985574984,68.4,-510.57,578.97,-13.63,-36.453913043478266,101.28935880298268,42.23,-463.76,505.99,-7.1,1.067391304347826,0.3603813307557875,2.37,0.57,1.8000000000000003,1.02,2.37,1.067391304347826,0.3603813307557875,1.8000000000000003,0.57,0.5454545454545454,510.57,105.69565217391302,2.0,0.9895652173913042,-0.03,0.1,0.13,-1.02,-0.03,0.99,-0.09,-1.09,-1.0,-43.1,33.37,76.47,2.5,-18.43,-20.93,-7.1,3.53,10.629999999999999,fall_043.csv,1,fall
22,2.1600000858306885,-0.0036363636363636277,0.29575642253696105,0.37,-1.13,1.5,0.02,-0.39590909090909093,0.4972654660470036,0.74,-0.96,1.7,-0.39999999999999997,-0.5795454545454546,0.5917405904675852,0.24,-1.39,1.63,-0.955,-77.71954545454547,121.07953959818049,155.66,-432.87,588.53,-79.155,-7.2340909090909085,92.69945177107581,277.74,-103.74,381.48,-37.595,2.3609090909090913,40.81788052511755,108.88,-56.31,165.19,-5.88,1.040909090909091,0.255918682972487,1.9,0.59,1.31,1.01,1.9,1.040909090909091,0.255918682972487,1.31,0.59,0.5238095238095238,432.87,121.47545454545455,1.39,0.9718181818181818,-0.02,0.01,0.03,-0.93,-0.1,0.8300000000000001,0.24,-1.05,-1.29,-30.23,16.24,46.47,-33.15,-69.3,-36.15,-11.42,-10.87,0.5500000000000007,fall_044.csv,1,fall
22,2.180000066757202,-0.08272727272727272,0.4344145684896137,0.64,-1.45,2.09,-0.02,-0.4136363636363637,0.6953077116304793,1.41,-1.85,3.26,-0.435,-0.604090909090909,0.5339846537023423,-0.08,-2.0,1.92,-0.41,-66.02272727272727,122.46512709384886,94.05,-460.63,554.68,-37.945,-19.23409090909091,141.5186561034434,368.43,-491.31,859.74,-13.305,-19.679090909090913,98.6103457292818,230.5,-315.21,545.71,-7.855,1.1018181818181818,0.5000917664706898,2.64,0.59,2.0500000000000003,0.98,2.64,1.1018181818181818,0.5000917664706898,2.0500000000000003,0.59,0.5714285714285714,491.31,123.03681818181818,2.0,0.9959090909090907,-0.03,-0.32,-0.29000000000000004,-1.0,-0.3,0.7,-0.08,-0.81,-0.7300000000000001,-24.4,23.21,47.61,2.37,12.52,10.149999999999999,6.21,-24.61,-30.82,fall_045.csv,1,fall
21,1.9499998092651367,0.25000000000000006,0.2693696345173301,0.89,-0.05,0.9400000000000001,0.12,-0.37666666666666665,0.6706290579249704,0.92,-1.44,2.36,-0.6,-0.6361904761904762,0.5971053189385955,0.02,-1.78,1.8,-0.34,-92.89285714285715,79.1120600883871,36.76,-256.76,293.52,-73.13,10.929047619047617,87.93539963545751,318.29,-71.07,389.36,-19.28,20.138571428571428,38.920093304836044,115.34,-37.77,153.11,9.77,1.1266666666666665,0.4294919479260738,2.23,0.5,1.73,0.99,2.23,1.1266666666666665,0.4294919479260738,1.73,0.5,0.55,318.29,112.92761904761905,1.78,1.015238095238095,0.12,0.29,0.16999999999999998,-1.01,0.16,1.17,0.02,-1.18,-1.2,-54.99,-13.44,41.550000000000004,-1.12,0.72,1.84,26.88,25.4,-1.4800000000000004,fall_046.csv,1,fall
22,2.1500000953674316,-0.08500000000000002,0.5106275317591837,1.03,-2.0,3.0300000000000002,-0.095,-0.5086363636363637,0.594236568688851,0.9,-1.21,2.11,-0.755,-0.5627272727272727,0.7015098127011604,0.15,-2.0,2.15,-0.135,-83.42863636363636,120.50345603798908,113.5,-501.91,615.4100000000001,-49.83,13.205000000000002,112.61371284807447,489.97,-115.63,605.6,-9.655,14.458636363636366,71.94113766495592,269.31,-56.08,325.39,0.22999999999999998,1.1572727272727272,0.5634517921507768,2.96,0.57,2.39,0.975,2.96,1.1572727272727272,0.5634517921507768,2.39,0.57,0.6666666666666666,501.91,114.63000000000001,2.0,1.0527272727272727,0.01,-0.08,-0.09,-0.95,-0.26,0.69,0.15,-1.0,-1.15,-48.29,-15.54,32.75,-6.96,43.85,50.81,-13.53,4.87,18.4,fall_047.csv,1,fall
25,2.4600000381469727,0.12239999999999998,0.23197126258799097,0.95,-0.12,1.0699999999999998,0.04,-0.5084,0.4579818045876204,0.14,-1.84,1.98,-0.43,-0.6772,0.5904060749461623,0.13,-1.95,2.08,-0.95,-63.5896,98.24575815609886,67.69,-334.95,402.64,-50.32,-3.0944000000000007,81.57715377073004,238.26,-140.12,378.38,-26.95,6.7048000000000005,68.02055780669058,266.11,-64.35,330.46000000000004,-6.2,1.0936000000000001,0.35717502712255794,2.17,0.53,1.64,1.04,2.17,1.0936000000000001,0.35717502712255794,1.64,0.53,0.5,334.95,109.2616,1.95,1.0412000000000001,0.0,0.13,0.13,-0.92,-0.18,0.74,0.08,-1.08,-1.1600000000000001,-45.57,24.79,70.36,8.47,-66.29,-74.76,-19.62,-48.76,-29.139999999999997,fall_048.csv,1,fall
20,1.9699997901916504,0.217,0.27526255409010963,0.82,-0.06,0.8799999999999999,0.07,-0.4640000000000001,0.526431881933256,0.55,-1.31,1.86,-0.43500000000000005,-0.693,0.6147836589959277,-0.08,-1.88,1.7999999999999998,-0.5650000000000001,-91.59500000000003,106.06909379218214,56.32,-391.39,447.71,-75.84,41.98199999999999,135.97980359326584,440.08,-77.91,517.99,-9.575,20.2485,93.53619633033709,361.59,-92.79,454.38,-8.024999999999999,1.1215000000000002,0.43680990686663934,2.17,0.47,1.7,1.0,2.17,1.1215000000000002,0.43680990686663934,1.7,0.47,0.5263157894736842,440.08,139.68200000000002,1.88,1.027,0.03,0.06,0.03,-0.91,-0.23,0.68,-0.15,-0.82,-0.6699999999999999,-36.11,-83.63,-47.519999999999996,-42.55,38.69,81.24,-1.18,47.5,48.68,fall_049.csv,1,fall
25,2.490000009536743,-0.48080000000000006,0.577919544573464,0.07,-2.0,2.07,-0.24,-0.6312,0.5080872628463211,0.48,-2.0,2.48,-0.84,-0.05760000000000001,0.4600659373031943,0.5,-0.97,1.47,0.22,-55.16120000000001,145.9845590385047,109.21,-501.91,611.12,-11.01,47.17240000000001,146.9874596771212,489.97,-92.96,582.9300000000001,-1.77,51.4068,69.88214118070509,272.27,-39.53,311.79999999999995,32.26,1.0808,0.49893987613739593,2.85,0.41,2.44,0.97,2.85,1.0808,0.49893987613739593,2.44,0.41,0.625,501.91,113.3928,2.0,0.9303999999999999,0.04,-0.81,-0.8500000000000001,-0.95,-0.13,0.82,0.24,-0.65,-0.89,-2.61,-101.74,-99.13,0.78,0.95,0.16999999999999993,27.95,32.26,4.309999999999999,fall_050.csv,1,fall
25,2.4800000190734863,-0.37799999999999995,0.5109712973021739,0.14,-2.0,2.14,-0.18,-0.7764,0.49254339910306383,0.1,-2.0,2.1,-0.92,-0.1328,0.5442542298105423,1.18,-1.5,2.6799999999999997,0.08,-36.8504,108.34500409494355,175.89,-357.07,532.96,-10.84,56.7748,154.604309748036,489.97,-123.18,613.1500000000001,5.79,44.97599999999999,127.12945262605356,391.1,-258.63,649.73,28.99,1.1260000000000003,0.5254125363305803,2.5,0.44,2.06,0.98,2.5,1.1260000000000003,0.5254125363305803,2.06,0.44,0.6666666666666666,489.97,105.1732,2.0,1.0164,0.0,-0.87,-0.87,-0.96,-0.23,0.73,0.14,-0.63,-0.77,-6.2,-58.5,-52.3,-15.77,-38.44,-22.669999999999998,11.24,-25.28,-36.52,fall_051.csv,1,fall
25,2.4700000286102295,-0.0436,0.16484538210092511,0.31,-0.25,0.56,-0.1,-0.4596,0.322690253958808,0.26,-0.8,1.06,-0.62,0.7492,0.21307119311003386,1.2,0.4,0.7999999999999999,0.67,24.551199999999994,98.36630183147072,302.78,-123.76,426.53999999999996,-3.18,-21.584400000000002,71.8345758252946,203.27,-134.6,337.87,-20.99,-6.3804,65.10568712229883,127.5,-143.96,271.46000000000004,-12.57,0.9644000000000001,0.11881638495314242,1.23,0.79,0.43999999999999995,0.94,1.23,0.9644000000000001,0.11881638495314242,0.43999999999999995,0.79,0.7916666666666666,302.78,101.6172,1.2,0.792,-0.15,0.2,0.35,-0.69,0.15,0.84,0.62,1.02,0.4,-57.24,-123.76,-66.52000000000001,-52.72,203.27,255.99,20.3,50.98,30.679999999999996,fall_055.csv,1,fall
25,2.4800000190734863,-0.0872,0.3559204030866078,0.77,-0.96,1.73,-0.09,0.1276,0.20747047982785405,0.57,-0.32,0.8899999999999999,0.09,0.9148,0.21641241492422134,1.29,0.45,0.8400000000000001,0.95,-15.558800000000002,108.13273199021037,192.95,-306.66,499.61,-14.18,-2.4616,125.87809333107435,338.44,-241.88,580.3199999999999,2.08,61.431999999999995,85.86274099786628,308.72,-77.01,385.73,48.99,0.9987999999999999,0.2674154071851508,1.61,0.49,1.12,0.97,1.61,0.9987999999999999,0.2674154071851508,1.12,0.49,0.9166666666666666,338.44,131.7092,1.29,0.9148,-0.45,-0.14,0.31,0.09,0.03,-0.06,1.08,1.06,-0.020000000000000018,30.0,-34.11,-64.11,-69.94,1.22,71.16,43.27,34.08,-9.190000000000005,fall_057.csv,1,fall
23,2.2799999713897705,-0.3247826086956522,0.33876607060460673,0.18,-0.97,1.15,-0.19,-0.5873913043478262,0.5515615632934974,0.75,-1.56,2.31,-0.62,-0.07260869565217391,0.5480313311490034,1.26,-1.26,2.52,0.06,60.81086956521739,92.4431692699035,334.96,-52.79,387.75,45.71,34.95782608695651,128.40285036331136,460.14,-123.5,583.64,7.45,58.74260869565218,148.33335624431734,498.34,-184.03,682.37,39.68,0.9930434782608696,0.40933909906545135,2.01,0.0,2.01,0.96,2.01,0.9930434782608696,0.40933909906545135,2.01,0.0,0.5909090909090909,498.34,133.75739130434783,1.56,0.851304347826087,-0.0,-0.71,-0.71,-0.0,-0.52,-0.52,-0.0,-0.21,-0.21,-1.65,45.71,47.36,-10.31,-81.18,-70.87,-1.94,46.43,48.37,fall_061.csv,1,fall
25,2.5299999713897705,0.26880000000000004,0.4104603107081934,2.0,-0.05,2.05,0.19,-0.38839999999999997,0.2726517925853414,0.2,-0.85,1.05,-0.45,0.7056,0.31808122652345683,1.41,-0.12,1.5299999999999998,0.73,-15.6868,114.09513635266549,92.35,-501.91,594.26,-1.65,-43.037600000000005,142.19979902939386,271.95,-510.57,782.52,-10.31,25.0256,102.16256755289581,498.34,-80.38,578.72,6.87,0.9432,0.4095599264251,2.51,0.0,2.51,0.89,2.51,0.9432,0.4095599264251,2.51,0.0,0.625,510.57,95.47039999999998,2.0,0.794,0.13,0.23,0.1,-0.64,-0.1,0.54,0.71,0.85,0.14,-4.84,9.13,13.97,-25.79,-12.96,12.829999999999998,5.51,12.12,6.609999999999999,fall_062.csv,1,fall
16,1.510000228881836,-0.06562500000000002,0.32374823036839395,0.47,-1.09,1.56,-0.02,-0.036875000000000005,0.6661503208735998,1.11,-0.87,1.98,0.019999999999999997,0.619375,0.6599946338165688,2.0,-1.18,3.1799999999999997,0.625,75.97875,161.41834822906597,498.63,-109.37,608.0,27.634999999999998,6.110625,109.89492863450675,278.87,-261.74,540.61,-17.165,9.798749999999998,73.35426648577891,230.3,-124.98,355.28000000000003,0.48999999999999994,1.054375,0.46258647840160655,2.4,0.2,2.1999999999999997,0.98,2.4,1.054375,0.46258647840160655,2.1999999999999997,0.2,0.4,498.63,138.55,2.0,0.91625,-0.01,-0.19,-0.18,-0.87,0.48,1.35,0.32,1.08,0.76,23.73,31.54,7.809999999999999,-17.57,-37.1,-19.53,12.47,-30.99,-43.46,fall_063.csv,1,fall
18,1.7599999904632568,-0.019444444444444462,0.5868607633464309,2.0,-0.53,2.5300000000000002,-0.12,0.09166666666666665,0.781275352529816,2.0,-0.87,2.87,0.185,0.6511111111111112,0.412850761939453,2.0,0.01,1.99,0.655,45.61222222222222,123.6203056114857,221.24,-270.69,491.93,43.975,23.31111111111111,105.9727186251747,418.4,-51.44,469.84,-9.305,-29.121666666666677,85.81429993613776,84.12,-268.54,352.66,-10.525,1.086666666666667,0.5768678103241983,2.83,0.5,2.33,0.92,2.83,1.086666666666667,0.5768678103241983,2.33,0.5,0.47058823529411764,418.4,128.4361111111111,2.0,0.9183333333333334,0.06,-0.34,-0.4,-0.87,0.15,1.02,0.35,0.83,0.48,48.53,-38.09,-86.62,-34.92,-39.15,-4.229999999999997,6.79,-15.6,-22.39,fall_064.csv,1,fall
25,3.240000009536743,0.0684,0.46449506635341853,0.66,-2.0,2.66,0.11,-0.3892,0.36042706150713305,0.04,-2.0,2.04,-0.32,0.8136,0.3558192425000836,2.0,-0.29,2.29,0.83,-1.253600000000001,153.63319015000198,498.63,-501.91,1000.54,12.99,8.420399999999999,105.88097454531984,425.62,-83.22,508.84000000000003,-18.2,-49.6588,133.98731952813046,73.98,-502.2,576.18,-9.37,1.0255999999999998,0.4781568780222658,2.93,0.56,2.37,0.92,2.93,1.0255999999999998,0.4781568780222658,2.37,0.56,0.6666666666666666,502.2,88.39280000000001,2.0,0.9135999999999999,0.12,0.25,0.13,-0.39,-0.34,0.04999999999999999,0.86,0.83,-0.030000000000000027,21.3,-8.24,-29.54,-27.85,-17.89,9.96,-29.91,1.75,31.66,fall_065.csv,1,fall
25,2.4700000286102295,0.1944,0.25575183283800723,0.76,-0.34,1.1,0.26,-0.2708,0.14946906034360422,0.13,-0.46,0.5900000000000001,-0.32,0.8535999999999998,0.27681040442873533,2.0,0.51,1.49,0.83,0.5503999999999984,76.86587737091148,191.37,-145.1,336.47,-13.8,-30.773600000000002,69.8786360341986,99.37,-280.18,379.55,-18.15,33.4876,73.74464247658943,253.83,-77.88,331.71000000000004,4.81,0.9596000000000001,0.2886243232993367,2.18,0.57,1.6100000000000003,0.94,2.18,0.9596000000000001,0.2886243232993367,1.6100000000000003,0.57,0.7083333333333334,280.18,81.5632,2.0,0.8535999999999998,0.27,-0.15,-0.42000000000000004,-0.35,-0.13,0.21999999999999997,0.83,0.79,-0.039999999999999925,-13.88,128.17,142.04999999999998,-18.15,-30.86,-12.71,4.27,18.7,14.43,fall_066.csv,1,fall
25,2.4200000762939453,0.3796000000000001,0.4946166866035422,2.0,-0.83,2.83,0.37,-0.1464,0.45926462959823067,1.01,-0.92,1.9300000000000002,-0.15,0.6704000000000001,0.3184268623509434,1.14,-0.13,1.27,0.79,-13.3016,159.6190529218447,498.63,-501.91,1000.54,-16.47,14.738399999999999,129.32014033913407,489.97,-122.96,612.9300000000001,-17.8,19.244,93.47715884107731,375.39,-194.29,569.68,12.76,1.0228,0.3272934463138546,2.24,0.53,1.7100000000000002,0.95,2.24,1.0228,0.3272934463138546,1.7100000000000002,0.53,0.5833333333333334,501.91,109.44319999999999,2.0,0.8752000000000001,0.34,0.48,0.13999999999999996,-0.1,-0.29,-0.18999999999999997,0.85,0.78,-0.06999999999999995,-22.17,-27.92,-5.75,-0.37,-27.77,-27.4,28.88,8.23,-20.65,fall_067.csv,1,fall
25,2.4800000190734863,0.35,0.15821925715074425,0.76,-0.02,0.78,0.36,-0.18600000000000003,0.27862758896658696,0.85,-0.52,1.37,-0.27,0.8044,0.130673894357927,1.24,0.6,0.64,0.8,-31.266399999999997,105.34172590036043,154.56,-341.66,496.22,-4.66,15.920399999999999,103.11573435061531,230.0,-233.8,463.8,-1.8,-53.19839999999999,82.45608809542205,76.98,-215.37,292.35,-9.77,0.9416,0.18006202635018112,1.68,0.74,0.94,0.92,1.68,0.9416,0.18006202635018112,0.94,0.74,0.6666666666666666,341.66,98.87200000000001,1.24,0.8044,0.41,0.24,-0.16999999999999998,-0.29,-0.52,-0.23000000000000004,0.8,0.7,-0.10000000000000009,-84.46,-4.66,79.8,-41.68,-5.48,36.2,76.98,-75.82,-152.8,fall_068.csv,1,fall
15,1.4399998188018799,-0.09133333333333334,0.1874592019105821,0.16,-0.5,0.66,-0.08,-0.44066666666666665,0.48940877840610136,0.44,-0.89,1.33,-0.71,0.622,0.3126431100883471,1.23,0.26,0.97,0.48,-53.99400000000001,88.88955376517214,66.31,-269.73,336.04,-39.01,-66.79733333333333,80.75133572240388,16.79,-284.2,300.99,-28.24,33.94266666666667,48.91602943042387,115.56,-61.27,176.83,39.05,0.9533333333333333,0.17132536575878354,1.32,0.61,0.7100000000000001,1.0,1.32,0.9533333333333333,0.17132536575878354,0.7100000000000001,0.61,0.21428571428571427,284.2,105.50266666666667,1.23,0.854,-0.31,-0.1,0.21,-0.15,-0.82,-0.6699999999999999,0.95,0.44,-0.51,66.31,-41.44,-107.75,16.79,-8.67,-25.46,53.5,12.17,-41.33,fall_069.csv,1,fall
25,2.390000104904175,-0.06,0.25847308048099193,0.33,-0.59,0.9199999999999999,0.0,-0.3936,0.6538659393688179,2.0,-1.01,3.01,-0.25,0.5444,0.5347045913399285,2.0,-0.0,2.0,0.52,6.434000000000001,100.66060947560372,221.07,-350.82,571.89,0.78,10.6172,70.39182756305355,297.53,-62.29,359.82,-10.29,-37.9748,116.48192016789557,71.17,-502.2,573.37,-10.72,1.0056,0.44794047223561595,2.85,0.0,2.85,0.96,2.85,1.0056,0.44794047223561595,2.85,0.0,0.5416666666666666,502.2,85.37039999999999,2.0,0.92,0.19,-0.33,-0.52,-0.96,-0.23,0.73,0.08,0.85,0.77,-1.63,11.65,13.280000000000001,-10.29,-30.18,-19.89,-1.92,-40.89,-38.97,fall_070.csv,1,fall
25,2.4600000381469727,-0.10680000000000002,0.21786310686606242,0.16,-0.43,0.59,-0.1,-0.41960000000000003,0.5229601641935391,0.85,-1.0,1.85,-0.68,0.5456,0.5352264318336056,2.0,-0.03,2.03,0.55,53.992,119.29559093556922,405.37,-122.92,528.29,20.46,5.6892000000000005,80.52989185803409,326.24,-116.23,442.47,-16.89,-15.485999999999997,65.89444728756234,253.63,-146.43,400.06,-13.3,0.9876,0.30654363474063523,2.21,0.64,1.5699999999999998,0.93,2.21,0.9876,0.30654363474063523,1.5699999999999998,0.64,0.5416666666666666,405.37,100.27480000000001,2.0,0.9328000000000002,0.14,-0.29,-0.43,-0.94,-0.12,0.82,0.03,0.87,0.84,20.46,-12.82,-33.28,-19.13,-17.73,1.3999999999999986,-25.44,-25.57,-0.129999999999999,fall_071.csv,1,fall
23,2.2799999713897705,0.006956521739130436,0.48240340326148284,1.21,-0.71,1.92,0.0,-0.36000000000000004,0.6885690036062273,1.26,-2.0,3.26,-0.39,0.49999999999999983,0.5764467964096158,2.0,-0.24,2.24,0.22,16.24956521739131,87.28819307215822,323.54,-70.81,394.35,-16.31,64.30434782608695,181.58916129113814,489.97,-132.84,622.8100000000001,15.65,-55.24304347826086,83.93548872550237,125.94,-196.06,322.0,-63.19,1.0495652173913042,0.5333980115590776,3.08,0.4,2.68,0.96,3.08,1.0495652173913042,0.5333980115590776,2.68,0.4,0.5,489.97,156.29478260869567,2.0,0.9130434782608697,-0.11,-0.14,-0.030000000000000013,-0.93,-0.34,0.5900000000000001,0.22,0.95,0.73,-9.37,-19.45,-10.08,-40.53,-132.84,-92.31,-43.31,61.28,104.59,fall_072.csv,1,fall
25,2.4800000190734863,0.05840000000000001,0.4705996175094068,1.66,-0.47,2.13,0.08,-0.36040000000000005,0.5532967859416258,1.06,-1.11,2.17,-0.45,0.41840000000000005,0.5521977302862928,1.34,-1.34,2.68,0.21,-42.21400000000001,120.04385538904799,264.75,-332.73,597.48,-17.5,89.73759999999999,178.91223249310445,489.97,-152.4,642.37,6.82,-20.4384,158.81419192146103,498.34,-300.75,799.0899999999999,-61.82,0.9907999999999998,0.36356934230854326,2.12,0.21,1.9100000000000001,0.96,2.12,0.9907999999999998,0.36356934230854326,1.9100000000000001,0.21,0.5,498.34,164.4316,1.66,0.9052000000000001,-0.08,-0.22,-0.14,-0.96,-0.15,0.8099999999999999,0.09,0.89,0.8,-20.89,-11.13,9.76,-23.95,-56.76,-32.81,-51.91,67.34,119.25,fall_073.csv,1,fall
25,2.4100000858306885,-0.2604,0.635311472166737,0.87,-2.0,2.87,0.07,-0.5548000000000001,0.6117741958162887,1.3,-1.31,2.6100000000000003,-0.79,-0.3836,0.4763566590976416,0.85,-1.3,2.15,-0.3,-37.0796,164.42859330319246,365.56,-490.11,855.6700000000001,-40.76,-73.91,157.63322368185374,106.98,-510.57,617.55,-15.41,30.433199999999996,139.94932933386997,498.34,-174.08,672.42,-9.36,1.1556,0.39217428098572027,2.53,0.66,1.8699999999999997,1.05,2.53,1.1556,0.39217428098572027,1.8699999999999997,0.66,0.5416666666666666,510.57,152.202,2.0,1.0004,0.08,-0.29,-0.37,-0.92,-0.2,0.72,0.13,-1.04,-1.17,-24.53,33.1,57.63,-13.63,74.79,88.42,-23.88,57.92,81.8,fall_075.csv,1,fall
25,2.4700000286102295,-0.078,0.5640109337001663,1.51,-1.11,2.62,0.09,-0.5988,0.5062552057345517,1.29,-1.22,2.51,-0.74,-0.4312,0.4688400580155241,0.18,-1.19,1.3699999999999999,-0.35,-39.3172,135.90068431027123,210.95,-484.06,695.01,-32.61,-44.574000000000005,127.71489775407305,137.86,-325.54,463.40000000000003,-20.31,22.030000000000005,149.794899835297,498.34,-328.52,826.8599999999999,-9.44,1.1004,0.3278017693667928,2.08,0.62,1.46,1.0,2.08,1.1004,0.3278017693667928,1.46,0.62,0.625,498.34,138.4452,1.51,0.9280000000000002,0.09,0.05,-0.039999999999999994,-0.96,-0.44,0.52,0.15,-0.98,-1.13,-22.35,-63.76,-41.41,-3.21,1.77,4.98,5.4,-18.41,-23.810000000000002,fall_076.csv,1,fall
25,2.440000057220459,-0.07239999999999998,0.4948339788925844,1.05,-1.16,2.21,0.04,-0.5788,0.5608053732505304,0.41,-2.0,2.41,-0.72,0.444,0.4129971751315821,1.54,-0.02,1.56,0.32,13.029199999999996,190.46575094401268,498.63,-501.91,1000.54,21.07,-0.16080000000000097,115.31543261564487,268.44,-252.02,520.46,-21.97,-14.607999999999999,93.74237595666114,268.21,-224.47,492.67999999999995,-18.47,1.0515999999999999,0.36961331144860027,2.26,0.5,1.7599999999999998,0.96,2.26,1.0515999999999999,0.36961331144860027,1.7599999999999998,0.5,0.5416666666666666,501.91,165.00400000000002,2.0,0.9224,-0.03,0.14,0.17,-0.96,-0.72,0.24,0.08,0.87,0.79,7.79,-156.87,-164.66,-25.28,-28.67,-3.3900000000000006,-18.47,48.9,67.37,fall_077.csv,1,fall
25,2.4600000381469727,0.022000000000000002,0.4737967215307988,0.86,-1.4,2.26,0.05,-0.5092,0.6183709781891988,1.08,-2.0,3.08,-0.47,0.4744,0.38549837872551423,1.08,-0.01,1.09,0.46,23.4536,97.51685836647253,292.05,-139.1,431.15,20.35,-28.3816,173.8694264786078,423.91,-307.25,731.1600000000001,-3.83,-7.175600000000004,159.95362275984874,498.34,-502.2,1000.54,-17.94,1.0435999999999999,0.35598314566844314,2.23,0.44,1.79,0.97,2.23,1.0435999999999999,0.35598314566844314,1.79,0.44,0.5416666666666666,502.2,166.52239999999998,2.0,0.9291999999999999,0.04,0.45,0.41000000000000003,-1.01,-0.33,0.6799999999999999,0.02,1.08,1.06,-16.27,-72.78,-56.510000000000005,-20.5,-261.57,-241.07,9.59,5.5,-4.09,fall_078.csv,1,fall
25,2.430000066757202,-0.192,0.4697517074654084,0.45,-1.9,2.35,-0.03,-0.5244,0.6393752158683246,0.55,-1.92,2.4699999999999998,-0.77,0.43720000000000003,0.3255446717938006,1.07,-0.01,1.08,0.29,19.8336,147.12319497278463,262.66,-501.91,764.57,28.44,-10.943200000000001,111.65960343532181,263.14,-272.03,535.17,-13.56,3.465199999999997,84.19829744517799,210.04,-202.15,412.19,-18.03,1.0216,0.41305447582613125,2.23,0.48,1.75,0.95,2.23,1.0216,0.41305447582613125,1.75,0.48,0.625,501.91,125.03320000000002,1.92,0.9116,0.04,-0.17,-0.21000000000000002,-0.95,-0.05,0.8999999999999999,0.1,0.8,0.7000000000000001,-5.77,-116.86,-111.09,-19.51,-173.34,-153.83,35.45,56.17,20.72,fall_079.csv,1,fall
25,2.430000066757202,0.382,0.6331205782997948,2.0,-1.43,3.4299999999999997,0.36,-0.544,0.35835271265426,0.45,-0.99,1.44,-0.53,0.3588,0.2879716421223914,1.07,0.02,1.05,0.29,-18.044400000000003,75.82488631049834,109.53,-265.33,374.86,-7.77,-36.092000000000006,145.04479161624522,489.97,-246.72,736.69,-37.08,-44.55919999999999,150.50300780272354,122.43,-502.2,624.63,8.26,1.0208,0.35016567507395696,2.29,0.52,1.77,0.95,2.29,1.0208,0.35016567507395696,1.77,0.52,0.5416666666666666,502.2,128.81719999999999,2.0,0.8764,0.09,0.64,0.55,-0.99,-0.51,0.48,0.16,0.47,0.30999999999999994,0.75,-9.4,-10.15,-15.63,-8.08,7.550000000000001,6.78,-2.86,-9.64,fall_080.csv,1,fall
24,2.320000171661377,0.50875,0.6970765817824934,2.0,-0.26,2.26,0.48,-0.4533333333333333,0.5949984776499828,1.48,-1.12,2.6,-0.45999999999999996,0.2870833333333333,0.3624731374354779,1.31,-0.16,1.47,0.29000000000000004,-5.993750000000001,186.15238093777998,498.63,-501.91,1000.54,-28.395,-29.859166666666667,98.24291977660214,300.9,-246.15,547.05,-20.91,-49.69291666666666,163.17265112062094,285.62,-502.2,787.8199999999999,-12.004999999999999,1.0845833333333332,0.5658312789444253,2.82,0.44,2.38,0.99,2.82,1.0845833333333332,0.5658312789444253,2.38,0.44,0.5217391304347826,502.2,147.96416666666667,2.0,0.9125,0.04,0.67,0.63,-1.01,-0.42,0.5900000000000001,0.05,0.45,0.4,-26.78,-40.86,-14.079999999999998,-5.54,-7.77,-2.2299999999999995,28.61,7.37,-21.24,fall_081.csv,1,fall
19,1.8500001430511475,-0.16105263157894736,0.5743488558246935,0.94,-1.12,2.06,-0.02,-0.5831578947368422,0.32532125373030113,0.13,-1.12,1.25,-0.53,-0.308421052631579,0.6502329766911304,0.86,-1.87,2.73,-0.37,-26.46526315789474,168.68202905560446,237.36,-501.91,739.27,0.41,-33.79526315789473,173.29684200393848,279.72,-510.57,790.29,-2.18,48.40052631578948,191.24658685331076,362.46,-402.93,765.39,30.3,1.0942105263157895,0.281648239820795,1.89,0.79,1.0999999999999999,0.97,1.89,1.0942105263157895,0.281648239820795,1.0999999999999999,0.79,0.6666666666666666,510.57,188.92105263157896,1.87,0.9473684210526314,0.15,-0.9,-1.05,-0.9,-0.46,0.44,0.08,-0.39,-0.47000000000000003,-21.34,39.91,61.25,2.52,-3.68,-6.2,-24.08,-23.8,0.2799999999999976,fall_082.csv,1,fall
22,2.0899999141693115,-0.022272727272727277,0.3918203161822523,1.06,-0.59,1.65,0.05,-0.4313636363636364,0.7738050416120604,1.31,-2.0,3.31,-0.75,-0.5259090909090909,0.6286467634902396,0.5,-2.0,2.5,-0.36,-53.50045454545455,83.19851500948529,74.0,-311.79,385.79,-49.565,-44.084090909090904,117.63384213652492,173.31,-267.83,441.14,-5.98,24.41363636363636,142.4611089300366,498.34,-335.27,833.6099999999999,1.4649999999999999,1.1813636363636364,0.416473808180578,2.32,0.81,1.5099999999999998,1.0350000000000001,2.32,1.1813636363636364,0.416473808180578,1.5099999999999998,0.81,0.5714285714285714,498.34,132.79636363636362,2.0,1.0740909090909092,0.06,-0.25,-0.31,-0.95,-0.04,0.9099999999999999,0.15,-0.82,-0.97,-11.59,25.89,37.480000000000004,3.5,5.45,1.9500000000000002,-11.13,-50.44,-39.309999999999995,fall_083.csv,1,fall
25,2.5,0.019199999999999984,0.4937857160077976,1.68,-0.64,2.32,0.1,-0.46759999999999996,0.6916904413584639,1.36,-1.63,2.99,-0.8,-0.46,0.5645721093595278,0.14,-1.47,1.6099999999999999,-0.08,-62.383200000000016,144.92367490395304,169.1,-501.91,671.01,-19.74,-40.941599999999994,84.06242133478352,131.25,-236.86,368.11,-22.06,38.2408,114.5249151538651,358.69,-142.17,500.86,-10.63,1.1444,0.3569906628097342,2.31,0.77,1.54,0.99,2.31,1.1444,0.3569906628097342,1.54,0.77,0.5,501.91,135.84240000000003,1.68,1.0432000000000001,0.08,-0.34,-0.42000000000000004,-0.96,0.06,1.02,0.09,-0.99,-1.08,-28.18,-46.17,-17.990000000000002,-0.24,1.33,1.57,-7.74,-40.87,-33.129999999999995,fall_084.csv,1,fall
25,2.4800000190734863,0.061200000000000004,0.3826695702561153,1.44,-0.43,1.8699999999999999,0.13,-0.42480000000000007,0.7743605964493114,1.62,-1.7,3.3200000000000003,-0.69,-0.5864,0.5251418855890282,0.18,-1.6,1.78,-0.68,-73.52319999999999,113.42134075796025,137.33,-501.91,639.24,-63.8,-70.5116,113.79144602737063,139.42,-300.24,439.65999999999997,-49.1,28.2364,128.3843919926925,498.34,-180.64,678.98,-3.47,1.1744,0.3656852015964916,2.33,0.76,1.57,1.03,2.33,1.1744,0.3656852015964916,1.57,0.76,0.5,501.91,127.93360000000001,1.7,1.0735999999999999,0.26,-0.34,-0.6000000000000001,-1.03,0.02,1.05,0.02,-1.05,-1.07,-17.18,-48.03,-30.85,16.09,-8.61,-24.7,-20.69,35.8,56.489999999999995,fall_085.csv,1,fall
23,2.180000066757202,0.06826086956521737,0.521236747587479,0.95,-2.0,2.95,0.15,-0.5547826086956521,0.6208342595778785,0.78,-2.0,2.7800000000000002,-0.58,0.4904347826086957,0.546663252343205,2.0,-0.16,2.16,0.36,3.1613043478260847,136.02991503557217,316.18,-382.2,698.38,5.28,2.7826086956521765,132.4184167436138,262.98,-295.76,558.74,12.5,15.069565217391306,148.4283939228935,498.34,-165.59,663.93,-41.74,1.080434782608696,0.5615358667478586,2.99,0.19,2.8000000000000003,0.95,2.99,1.080434782608696,0.5615358667478586,2.8000000000000003,0.19,0.5454545454545454,498.34,156.4217391304348,2.0,0.961304347826087,0.15,-0.2,-0.35,-1.0,-0.29,0.71,0.02,0.85,0.83,-22.23,22.15,44.379999999999995,12.5,136.73,124.22999999999999,29.27,12.47,-16.799999999999997,fall_086.csv,1,fall
23,2.2699999809265137,-0.061304347826086965,0.5158955527467488,0.45,-1.94,2.39,0.06,-0.5291304347826087,0.5937623724527443,0.95,-2.0,2.95,-0.69,0.5378260869565218,0.30334433662302784,1.05,0.07,0.98,0.54,7.883043478260871,113.87538569677352,335.89,-165.85,501.74,9.56,14.547391304347824,127.18318228650256,237.98,-193.05,431.03,2.84,12.759565217391305,144.3562516037151,498.34,-148.38,646.72,-24.26,1.059130434782609,0.36615834929562,2.08,0.61,1.4700000000000002,0.95,2.08,1.059130434782609,0.36615834929562,1.4700000000000002,0.61,0.4090909090909091,498.34,158.97217391304346,2.0,0.9299999999999997,0.02,0.01,-0.01,-0.9,-0.43,0.47000000000000003,0.07,0.74,0.6699999999999999,40.84,2.34,-38.5,-0.24,2.84,3.08,-6.0,-26.37,-20.37,fall_087.csv,1,fall
21,2.0799999237060547,-0.015238095238095233,0.3300548294998734,0.81,-0.84,1.65,0.02,-0.4409523809523809,0.6045734427007587,0.46,-1.92,2.38,-0.49,0.5214285714285715,0.4762067378175756,1.3,-0.06,1.36,0.52,57.246190476190456,172.10620431803702,457.89,-251.4,709.29,11.11,2.4323809523809565,111.93647336345566,193.43,-199.1,392.53,17.02,39.768571428571434,194.93242509356196,485.5,-336.64,822.14,1.68,1.0104761904761905,0.3450721111662922,2.33,0.65,1.6800000000000002,0.95,2.33,1.0104761904761905,0.3450721111662922,1.6800000000000002,0.65,0.4,485.5,191.01714285714283,1.92,0.9242857142857143,-0.07,0.04,0.11000000000000001,-0.94,-0.29,0.6499999999999999,-0.06,0.89,0.95,56.02,-4.14,-60.160000000000004,-13.74,17.02,30.759999999999998,-36.75,7.69,44.44,fall_088.csv,1,fall
20,1.9499998092651367,-0.1545,0.3869105023672855,0.27,-1.07,1.34,0.035,-0.4255000000000001,0.5416492844714382,0.95,-1.57,2.52,-0.39,0.649,0.4234432789953287,1.49,0.1,1.39,0.66,27.729000000000003,170.72193874065638,416.46,-251.56,668.02,16.13,-9.204500000000003,136.16313943884413,295.48,-277.25,572.73,4.1,29.681999999999995,121.67689598622292,328.69,-182.57,511.26,10.605,1.0425,0.3714817414228138,2.1,0.51,1.59,0.975,2.1,1.0425,0.3714817414228138,1.59,0.51,0.3684210526315789,416.46,165.9475,1.57,0.917,0.05,0.11,0.06,-0.91,-0.14,0.77,0.14,1.0,0.86,54.99,-47.13,-102.12,10.7,-2.5,-13.2,31.94,50.56,18.62,fall_089.csv,1,fall
17,3.200000047683716,-0.0823529411764706,0.4972490499207201,1.19,-0.87,2.06,-0.28,-0.4770588235294118,0.7426284796744126,2.0,-1.55,3.55,-0.54,0.14470588235294118,0.7628738235044085,1.17,-1.47,2.6399999999999997,-0.12,-5.671764705882354,61.33484146829742,89.08,-186.87,275.95,-6.11,-32.33647058823529,74.6580898949652,57.53,-250.14,307.66999999999996,-8.16,-11.485882352941175,57.76283732414201,56.45,-223.98,280.43,0.6,1.148235294117647,0.49553298697106996,2.75,0.78,1.97,0.99,2.75,1.148235294117647,0.49553298697106996,1.97,0.78,0.5,250.14,66.14529411764705,2.0,0.9588235294117647,0.28,-0.53,-0.81,-0.94,-0.31,0.6299999999999999,-0.12,0.86,0.98,-8.54,34.94,43.48,10.29,6.23,-4.059999999999999,-3.15,-4.97,-1.8199999999999998,fall_090.csv,1,fall
16,3.0,-0.369375,0.4485156073092663,0.12,-1.59,1.71,-0.37,-0.5275000000000001,0.6619113737251133,1.23,-2.0,3.23,-0.55,0.30625,0.5864000341064111,1.18,-0.42,1.5999999999999999,0.545,32.923125,59.73204162131075,203.34,-14.26,217.6,9.39,-10.85375,78.2993018168106,250.13,-105.08,355.21,-11.115,38.629375,73.64356694862538,250.13,-16.72,266.85,7.414999999999999,1.1025,0.48077021538360715,2.46,0.55,1.91,0.99,2.46,1.1025,0.48077021538360715,1.91,0.55,0.4666666666666667,250.13,61.825625,2.0,0.915625,0.05,-0.43,-0.48,-0.95,-0.35,0.6,-0.27,0.8,1.07,15.24,-6.57,-21.810000000000002,-23.96,-3.05,20.91,-4.14,-0.75,3.3899999999999997,fall_091.csv,1,fall
16,2.990000009536743,-0.164375,0.519717471324565,0.14,-2.0,2.14,0.03,-0.5331250000000001,0.3798371361517986,0.23,-0.99,1.22,-0.5800000000000001,0.30624999999999997,0.8092455334033876,2.0,-1.0,3.0,-0.12000000000000001,19.056874999999998,49.17324322823677,161.28,-46.34,207.62,9.8,8.193750000000001,90.02055127395447,250.13,-225.27,475.4,0.04999999999999999,13.154375,50.506996342916025,196.95,-24.08,221.02999999999997,5.119999999999999,1.083125,0.5011682185986391,2.84,0.56,2.28,1.005,2.84,1.083125,0.5011682185986391,2.28,0.56,0.6,250.13,51.83375,2.0,0.9718749999999999,0.13,-0.4,-0.53,-0.95,-0.25,0.7,-0.27,0.81,1.08,-1.51,-7.01,-5.5,-0.73,-10.59,-9.86,0.05,-5.41,-5.46,fall_092.csv,1,fall
17,3.190000057220459,0.3435294117647059,0.4285869394952235,1.77,-0.28,2.05,0.22,-0.5758823529411764,0.44819162787151395,0.52,-1.43,1.95,-0.59,0.1688235294117647,0.6701294870484097,0.96,-1.0,1.96,-0.28,1.9947058823529413,26.368558482984774,57.2,-63.69,120.89,-0.8,21.997058823529407,46.467102847701014,163.51,-25.3,188.81,8.32,-13.832941176470587,39.424402779989244,55.63,-125.61,181.24,-4.31,1.0582352941176472,0.3846465145773072,2.48,0.64,1.8399999999999999,0.97,2.48,1.0582352941176472,0.3846465145773072,1.8399999999999999,0.64,0.4375,163.51,43.470588235294116,1.77,0.8905882352941176,0.15,0.23,0.08000000000000002,-0.99,-0.29,0.7,-0.33,0.87,1.2,-10.17,-7.36,2.8099999999999996,-7.19,-21.37,-14.18,-3.85,-3.32,0.5300000000000002,fall_093.csv,1,fall
15,2.799999952316284,-0.32200000000000006,0.395170849127311,0.14,-0.99,1.13,-0.43,-0.46933333333333327,0.5194154223281986,0.86,-1.27,2.13,-0.57,0.15,0.5403834617327641,0.86,-0.56,1.42,-0.26,21.729333333333336,44.52008831762942,147.34,-16.56,163.9,5.9,-41.889333333333326,68.54748588352734,26.32,-250.14,276.46,-17.61,19.520666666666667,41.68694425059698,140.99,-31.96,172.95000000000002,6.61,0.9673333333333333,0.2876869992262589,1.7,0.65,1.0499999999999998,0.91,1.7,0.9673333333333333,0.2876869992262589,1.0499999999999998,0.65,0.5,250.14,58.412666666666674,1.27,0.8026666666666668,0.1,-0.49,-0.59,-0.96,-0.2,0.76,-0.26,0.74,1.0,-0.6,-11.89,-11.290000000000001,7.63,-5.8,-13.43,6.61,-8.71,-15.32,fall_094.csv,1,fall
19,3.6000001430511475,-0.28736842105263155,0.4069239910633483,0.25,-0.87,1.12,-0.16,-0.5473684210526316,0.5181145530271076,0.3,-2.0,2.3,-0.46,0.22684210526315787,0.4821831444537663,0.75,-0.35,1.1,0.5,3.7926315789473684,36.485797212691054,104.69,-66.69,171.38,-2.01,-11.658421052631578,23.304178514964004,27.24,-70.19,97.42999999999999,-5.94,14.488421052631578,67.49317877164889,250.13,-58.07,308.2,-1.92,0.9747368421052631,0.3450180095307849,2.3,0.48,1.8199999999999998,0.94,2.3,0.9747368421052631,0.3450180095307849,1.8199999999999998,0.48,0.4444444444444444,250.13,43.25368421052631,2.0,0.8194736842105264,0.06,-0.68,-0.74,-0.94,-0.23,0.71,-0.26,0.59,0.85,-0.4,3.15,3.55,-2.85,-13.9,-11.05,-0.17,-6.12,-5.95,fall_095.csv,1,fall
15,2.8000001907348633,-0.14400000000000002,0.45118573938963485,0.18,-1.57,1.75,0.06,-0.5046666666666666,0.4287334614330691,0.47,-0.96,1.43,-0.56,0.30466666666666664,0.7369809715189073,1.79,-0.41,2.2,-0.19,-4.933333333333335,51.34631558164154,74.66,-162.08,236.74,-1.92,-9.228,17.78159329194097,12.14,-48.08,60.22,-6.74,-1.3493333333333333,25.683980406545434,33.14,-78.69,111.83,2.58,1.0313333333333334,0.4339662045213506,2.39,0.6,1.79,0.93,2.39,1.0313333333333334,0.4339662045213506,1.79,0.6,0.5714285714285714,162.08,32.66133333333334,1.79,0.9040000000000001,0.06,-0.29,-0.35,-0.96,-0.31,0.6499999999999999,-0.27,0.8,1.07,-1.92,1.47,3.3899999999999997,-12.31,-3.95,8.36,2.64,-5.37,-8.01,fall_096.csv,1,fall
16,3.0,0.13625,0.4549706950269802,1.6,-0.33,1.9300000000000002,0.11,-0.6456250000000001,0.4864287375008457,0.37,-1.73,2.1,-0.755,0.24625,0.5633338264297645,1.06,-0.34,1.4000000000000001,-0.0050000000000000044,19.712500000000002,48.21189901535374,144.27,-37.05,181.32,2.385,39.578125,64.73124760307034,230.15,-14.86,245.01,19.145,-19.0475,35.417259540135696,16.42,-107.46,123.88,-5.5600000000000005,1.03625,0.3788733297554738,2.36,0.69,1.67,0.9450000000000001,2.36,1.03625,0.3788733297554738,1.67,0.69,0.4666666666666667,230.15,54.185625,1.73,0.9225,0.12,-0.26,-0.38,-0.96,-0.24,0.72,-0.23,0.89,1.12,5.58,-2.92,-8.5,-0.85,-9.59,-8.74,-0.6,-0.94,-0.33999999999999997,fall_097.csv,1,fall
16,3.0,-0.370625,0.4493323751226183,0.15,-1.37,1.52,-0.31000000000000005,-0.60375,0.5270657770462177,0.55,-2.0,2.55,-0.5800000000000001,0.24312499999999998,0.6216721402797458,1.89,-0.4,2.29,0.235,-3.633750000000001,59.786421075357914,114.01,-147.81,261.82,-2.1950000000000003,-2.485624999999999,53.945096282393145,137.74,-100.39,238.13,-1.49,24.153750000000002,69.74709741869789,233.74,-65.87,299.61,1.5350000000000001,1.075,0.4826454875648033,2.43,0.62,1.81,0.96,2.43,1.075,0.4826454875648033,1.81,0.62,0.4,233.74,65.138125,2.0,0.89625,0.13,-0.72,-0.85,-0.93,-0.37,0.56,-0.31,0.55,0.8600000000000001,-2.37,-5.04,-2.67,-6.74,-1.06,5.68,-2.33,0.37,2.7,fall_098.csv,1,fall
18,3.390000104904175,-0.25222222222222224,0.43562741170645514,0.23,-1.02,1.25,0.005,-0.5244444444444445,0.5644697899718368,0.55,-2.0,2.55,-0.49,0.2255555555555556,0.586477242146322,1.44,-0.48,1.92,0.41000000000000003,28.33277777777778,81.82682170690484,250.13,-52.64,302.77,-0.33499999999999985,3.0961111111111106,66.56367426040836,209.5,-97.72,307.22,-3.5650000000000004,21.064444444444447,63.01890064027218,250.13,-56.37,306.5,7.42,1.007222222222222,0.43571179837345475,2.66,0.62,2.04,0.9450000000000001,2.66,1.007222222222222,0.43571179837345475,2.04,0.62,0.47058823529411764,250.13,56.523888888888884,2.0,0.835,0.11,-0.74,-0.85,-0.93,-0.33,0.6000000000000001,-0.33,0.56,0.8900000000000001,4.33,1.34,-2.99,-7.11,4.48,11.59,2.18,0.11,-2.0700000000000003,fall_099.csv,1,fall
17,3.1999998092651367,-0.13176470588235292,0.24943023308426462,0.19,-0.51,0.7,-0.1,-0.5088235294117647,0.5933473092647886,0.69,-2.0,2.69,-0.51,0.26941176470588235,0.6271809008196448,1.01,-0.59,1.6,0.6,26.47470588235294,92.37516807275962,250.13,-120.46,370.59,4.01,-19.35882352941176,42.36187626899228,71.5,-104.67,176.17000000000002,-4.52,6.780588235294117,30.39513231394713,82.86,-65.8,148.66,2.27,1.0129411764705882,0.3023608090072677,2.1,0.66,1.44,0.95,2.1,1.0129411764705882,0.3023608090072677,1.44,0.66,0.4375,250.13,58.275294117647064,2.0,0.8829411764705882,0.11,-0.38,-0.49,-0.92,-0.34,0.5800000000000001,-0.47,0.77,1.24,-1.04,6.52,7.56,3.18,-11.53,-14.709999999999999,3.43,1.21,-2.22,fall_100.csv,1,fall
17,3.180000066757202,-0.09294117647058822,0.3375234196667387,0.52,-0.86,1.38,0.02,-0.5558823529411765,0.5342641998993735,0.32,-1.78,2.1,-0.57,0.28941176470588237,0.736388744042806,2.0,-0.4,2.4,-0.21,10.477058823529415,70.59885106755509,201.72,-72.21,273.93,-1.92,-8.367058823529412,57.65394964405148,56.2,-164.19,220.39,0.1,14.243529411764706,26.608812905966058,98.76,-15.94,114.7,6.34,1.0694117647058823,0.3929451391135169,2.03,0.63,1.4,0.94,2.03,1.0694117647058823,0.3929451391135169,1.4,0.63,0.625,201.72,52.07411764705881,2.0,0.9711764705882354,0.16,-0.44,-0.6,-0.91,-0.22,0.6900000000000001,-0.21,0.92,1.1300000000000001,-1.92,9.68,11.6,-5.55,-4.26,1.29,-5.88,-2.5,3.38,fall_101.csv,1,fall
17,3.200000047683716,0.22352941176470587,0.4470590170278219,1.58,-0.42,2.0,0.07,-0.5235294117647059,0.5385041919111516,0.15,-2.0,2.15,-0.29,0.23882352941176468,0.5702946864663607,1.37,-0.37,1.7400000000000002,0.05,8.451764705882354,35.482860868892416,57.48,-96.59,154.07,6.46,15.42529411764706,43.632443221421696,125.57,-52.69,178.26,13.48,-3.3611764705882354,27.270998992142033,49.95,-83.06,133.01,0.53,0.9794117647058823,0.4468286946391661,2.55,0.51,2.04,0.92,2.55,0.9794117647058823,0.4468286946391661,2.04,0.51,0.4375,125.57,41.32235294117647,2.0,0.8629411764705883,0.01,0.47,0.45999999999999996,-0.92,-0.08,0.8400000000000001,-0.19,0.8,0.99,4.02,6.46,2.4400000000000004,-2.66,-0.21,2.45,0.53,0.92,0.39,fall_102.csv,1,fall
17,3.200000047683716,-0.18588235294117647,0.2441326182510597,0.14,-0.67,0.81,-0.2,-0.5364705882352941,0.33518541839686633,0.01,-1.04,1.05,-0.67,0.4070588235294118,0.5715413885481343,1.19,-0.46,1.65,0.75,6.307058823529414,68.60319943019292,111.81,-218.73,330.53999999999996,12.31,-13.469411764705884,24.103563655243033,12.03,-70.44,82.47,-3.63,18.884705882352947,68.26630987515429,250.13,-89.02,339.15,6.53,0.9617647058823531,0.18276471534864322,1.39,0.69,0.7,0.89,1.39,0.9617647058823531,0.18276471534864322,0.7,0.69,0.4375,250.13,50.45058823529411,1.19,0.8523529411764706,0.05,-0.25,-0.3,-0.95,-0.18,0.77,-0.18,0.82,1.0,-3.95,-1.27,2.68,3.91,0.5,-3.41,6.53,1.66,-4.87,fall_103.csv,1,fall
17,3.1999998092651367,-0.4411764705882353,0.4317534359003582,0.09,-1.25,1.34,-0.48,-0.40588235294117647,0.4866859719512343,0.33,-1.52,1.85,-0.15,0.29705882352941176,0.4407914005780165,0.92,-0.38,1.3,0.55,-0.4817647058823525,31.53709705158635,68.81,-89.41,158.22,-2.01,-14.136470588235294,28.006443665069398,44.37,-57.38,101.75,-19.6,16.10411764705882,73.00715890058518,250.13,-108.35,358.48,2.27,0.9558823529411765,0.3516045154632085,2.17,0.49,1.68,0.95,2.17,0.9558823529411765,0.3516045154632085,1.68,0.49,0.375,250.13,47.60294117647059,1.52,0.7976470588235295,0.03,-0.76,-0.79,-0.93,-0.07,0.8600000000000001,-0.16,0.59,0.75,-0.28,-2.01,-1.7299999999999998,3.51,-4.01,-7.52,2.06,2.27,0.20999999999999996,fall_104.csv,1,fall
19,3.580000162124634,-0.18789473684210523,0.38488929068223154,0.75,-1.14,1.89,-0.13,-0.5421052631578945,0.5149496086173915,0.57,-1.58,2.15,-0.62,0.20894736842105263,0.5109456889690169,0.88,-0.36,1.24,-0.05,3.402631578947371,92.92679023128937,240.67,-250.14,490.80999999999995,-3.95,-21.176315789473687,59.83917550034762,66.31,-161.43,227.74,-1.79,17.70263157894737,40.02895089003364,146.9,-53.27,200.17000000000002,7.6,0.9694736842105264,0.27522664769665595,2.03,0.67,1.3599999999999999,0.93,2.03,0.9694736842105264,0.27522664769665595,1.3599999999999999,0.67,0.5,250.14,59.79368421052632,1.58,0.8847368421052633,0.04,-0.28,-0.32,-0.95,-0.19,0.76,-0.18,0.86,1.04,-5.03,-16.99,-11.959999999999997,4.26,-1.79,-6.05,-1.94,-1.55,0.3899999999999999,fall_105.csv,1,fall
20,3.799999952316284,-0.271,0.35903232518300604,0.04,-1.37,1.4100000000000001,-0.09,-0.42399999999999993,0.5835950290181855,0.89,-1.36,2.25,-0.46,0.281,0.5243130844508038,0.94,-0.37,1.31,0.55,7.957499999999998,36.33180437592559,87.77,-57.59,145.36,1.415,-2.7640000000000002,53.04822338411086,133.53,-181.82,315.35,-1.61,14.684999999999999,40.14075006510807,172.4,-13.53,185.93,1.5,0.9730000000000001,0.3158963854110861,2.15,0.57,1.58,0.95,2.15,0.9730000000000001,0.3158963854110861,1.58,0.57,0.47368421052631576,181.82,42.833999999999996,1.37,0.8334999999999999,0.04,-0.53,-0.5700000000000001,-1.02,-0.02,1.0,-0.19,0.8,0.99,-3.27,-10.02,-6.75,-6.98,-0.91,6.07,0.57,-0.74,-1.31,fall_106.csv,1,fall
22,4.210000038146973,-0.25727272727272726,0.2928380312632097,0.17,-0.94,1.1099999999999999,-0.37,-0.4186363636363637,0.5754939530901172,1.4,-1.36,2.76,-0.32,0.4354545454545455,0.5998232062765484,1.32,-0.37,1.69,0.77,27.861363636363638,72.3938938687547,228.85,-52.73,281.58,2.26,-1.594090909090909,32.50534998589659,109.24,-54.12,163.35999999999999,-3.5050000000000003,14.593636363636364,43.430539567216606,134.53,-83.99,218.51999999999998,3.165,1.014090909090909,0.3845053605534938,2.11,0.22,1.89,0.955,2.11,1.014090909090909,0.3845053605534938,1.89,0.22,0.47619047619047616,228.85,47.08136363636363,1.4,0.8699999999999999,0.04,-0.39,-0.43,-0.97,-0.25,0.72,-0.21,0.86,1.07,4.37,19.63,15.259999999999998,1.31,-12.28,-13.59,-1.26,-3.89,-2.63,fall_107.csv,1,fall
18,3.3999998569488525,-0.04277777777777778,0.31473248314673913,0.91,-0.38,1.29,-0.060000000000000005,-0.6655555555555557,0.5312606784778373,0.12,-2.0,2.12,-0.7050000000000001,0.28833333333333333,0.5985398900658166,1.25,-0.42,1.67,-0.065,23.385555555555552,68.9049085780091,250.13,-52.42,302.55,0.6799999999999999,18.971666666666664,80.04680779540989,168.8,-227.2,396.0,21.04,-14.481666666666664,65.21479300335614,92.04,-190.65,282.69,-3.335,1.047222222222222,0.371527935068075,2.2,0.46,1.7400000000000002,0.985,2.2,1.047222222222222,0.371527935068075,1.7400000000000002,0.46,0.47058823529411764,250.13,66.09555555555555,2.0,0.9766666666666668,0.06,-0.26,-0.32,-0.98,-0.23,0.75,-0.14,0.89,1.03,18.08,2.94,-15.139999999999999,-8.85,-6.54,2.3099999999999996,6.45,-0.88,-7.33,fall_108.csv,1,fall
19,3.5900001525878906,-0.4694736842105263,0.5247695122009972,0.13,-1.87,2.0,-0.64,-0.4910526315789473,0.48811308727067776,0.34,-1.63,1.97,-0.37,0.19210526315789475,0.4295550533513127,0.98,-0.3,1.28,0.23,15.495263157894735,30.584137022759048,68.0,-25.63,93.63,7.09,-19.306842105263158,64.49296947494281,59.44,-250.14,309.58,-4.51,17.349473684210526,53.58268641119943,152.04,-49.63,201.67,3.79,1.0099999999999998,0.38002923864121596,2.49,0.62,1.87,0.96,2.49,1.0099999999999998,0.38002923864121596,1.87,0.62,0.4444444444444444,250.14,49.36105263157895,1.87,0.8705263157894736,0.1,-0.85,-0.95,-0.94,-0.18,0.76,-0.14,0.48,0.62,15.02,4.5,-10.52,-4.51,-2.65,1.8599999999999999,-8.77,2.73,11.5,fall_109.csv,1,fall
16,3.0,-0.18375000000000002,0.4825194296606096,0.19,-1.95,2.14,-0.11499999999999999,-0.40375,0.6926555180366837,0.38,-2.0,2.38,-0.39999999999999997,0.4575,0.6621329171699591,2.0,-0.28,2.2800000000000002,0.35,17.939375,93.72270208572735,250.13,-218.84,468.97,5.015000000000001,-12.056250000000002,54.812603036771264,69.95,-187.93,257.88,4.0,10.833749999999998,69.70220875266436,250.13,-59.34,309.47,0.625,1.0325,0.6670682124040989,3.43,0.29,3.14,0.94,3.43,1.0325,0.6670682124040989,3.14,0.29,0.4666666666666667,250.13,73.07374999999999,2.0,0.9075,-0.01,-0.15,-0.13999999999999999,-0.97,0.18,1.15,-0.09,0.91,1.0,5.21,-6.35,-11.559999999999999,7.59,-6.71,-14.3,-1.02,-2.4,-1.38,fall_110.csv,1,fall
19,3.5999999046325684,0.12578947368421053,0.23236264256721367,0.74,-0.44,1.18,0.14,-0.5531578947368421,0.5056135176592552,0.53,-1.69,2.2199999999999998,-0.58,0.3505263157894737,0.6288567553214726,1.15,-0.92,2.07,0.74,24.205263157894738,82.94974994057957,250.13,-38.37,288.5,0.67,15.417894736842108,44.60547208321062,161.89,-48.24,210.13,4.27,3.956842105263157,70.1233463304825,142.63,-227.94,370.57,-1.76,1.013684210526316,0.2980531370655573,1.93,0.63,1.2999999999999998,0.95,1.93,1.013684210526316,0.2980531370655573,1.2999999999999998,0.63,0.3888888888888889,250.13,54.38947368421052,1.69,0.9031578947368422,0.06,0.21,0.15,-0.98,-0.17,0.8099999999999999,-0.12,0.88,1.0,-0.31,2.2,2.5100000000000002,4.27,-3.59,-7.859999999999999,-3.97,1.99,5.96,fall_111.csv,1,fall
17,3.200000047683716,-0.08823529411764706,0.1947188772987113,0.15,-0.44,0.59,-0.02,-0.3564705882352941,0.6101530666200755,0.78,-1.56,2.34,-0.15,0.23294117647058823,0.6561322723533186,1.03,-0.89,1.92,0.6,12.738235294117647,39.07642371611272,100.63,-43.92,144.55,0.87,-18.064705882352943,33.020361732885185,17.2,-95.31,112.51,-7.34,14.959411764705884,37.18063953030331,129.77,-35.53,165.3,6.32,0.9647058823529413,0.22792865240736038,1.61,0.71,0.9000000000000001,0.92,1.61,0.9647058823529413,0.22792865240736038,0.9000000000000001,0.71,0.375,129.77,42.99529411764706,1.56,0.8658823529411765,0.15,-0.2,-0.35,-0.96,0.12,1.08,-0.26,0.9,1.1600000000000001,0.87,5.46,4.59,5.25,-0.57,-5.82,-1.0,-2.53,-1.5299999999999998,fall_112.csv,1,fall
19,3.5900001525878906,0.7031578947368421,0.4444978769050527,1.45,0.05,1.4,0.93,-0.5121052631578947,0.4154459310637509,0.52,-1.22,1.74,-0.4,-0.2226315789473684,0.2769444811041287,0.17,-1.04,1.21,-0.18,11.555263157894737,51.76016737140433,165.21,-44.41,209.62,-1.12,8.394210526315792,34.84061778948841,137.4,-26.14,163.54000000000002,4.63,-25.675263157894733,60.381914084749006,26.87,-199.94,226.81,-1.51,1.0678947368421052,0.3079245749524535,2.16,0.68,1.48,1.02,2.16,1.0678947368421052,0.3079245749524535,1.48,0.68,0.3888888888888889,199.94,42.923684210526325,1.45,0.954736842105263,0.26,0.95,0.69,-0.9,-0.23,0.67,-0.29,-0.06,0.22999999999999998,-0.02,-1.12,-1.1,7.14,-3.34,-10.48,-1.51,1.18,2.69,fall_113.csv,1,fall
19,3.5899999141693115,-0.06526315789473684,0.1378956296564999,0.11,-0.29,0.39999999999999997,-0.09,-0.4189473684210526,0.4970009472027873,0.3,-1.42,1.72,-0.28,0.3710526315789474,0.6471037589550853,1.17,-0.42,1.5899999999999999,0.65,27.271052631578947,72.21684705683577,238.62,-86.85,325.47,3.84,-0.2857894736842107,20.397147762422698,37.41,-50.97,88.38,3.99,18.91842105263158,46.452120303617505,162.92,-30.34,193.26,6.16,0.9647368421052632,0.19500337378997748,1.49,0.65,0.84,0.96,1.49,0.9647368421052632,0.19500337378997748,0.84,0.65,0.4444444444444444,238.62,48.98631578947368,1.42,0.9142105263157894,0.11,-0.19,-0.3,-0.95,0.01,0.96,-0.28,0.9,1.1800000000000002,0.73,-0.73,-1.46,-1.95,8.18,10.129999999999999,0.11,-7.6,-7.71,fall_114.csv,1,fall
19,3.6000001430511475,-0.3210526315789474,0.4555813713980328,0.25,-1.08,1.33,-0.52,-0.3652631578947368,0.5000818646432095,0.3,-1.45,1.75,-0.24,0.2794736842105263,0.5404470750551551,1.14,-0.45,1.5899999999999999,0.45,24.71105263157895,88.58221779760045,250.13,-86.27,336.4,-0.92,-1.6252631578947363,43.78946986160295,124.27,-85.89,210.16,-9.11,19.623157894736842,49.193788118762356,140.23,-87.76,227.99,4.44,0.9831578947368421,0.24262574360934644,1.8,0.6,1.2000000000000002,0.96,1.8,0.9831578947368421,0.24262574360934644,1.2000000000000002,0.6,0.3888888888888889,250.13,66.59315789473685,1.45,0.8168421052631579,0.23,-0.66,-0.89,-0.95,-0.02,0.9299999999999999,-0.32,0.64,0.96,-8.5,7.73,16.23,0.39,-9.11,-9.5,1.7,-2.04,-3.74,fall_115.csv,1,fall
19,3.5900001525878906,0.6710526315789473,0.4901801793087257,1.96,0.06,1.9,0.74,-0.4789473684210525,0.5454141620705631,0.1,-1.99,2.09,-0.52,-0.16631578947368422,0.5115576488238402,0.57,-1.8,2.37,-0.23,0.6789473684210533,44.28718348520971,74.8,-116.97,191.76999999999998,-5.94,19.005789473684207,35.80526176660965,128.15,-35.73,163.88,5.87,-25.17684210526316,61.255592583918556,32.4,-250.14,282.53999999999996,-3.53,1.0789473684210524,0.5628093691161442,3.32,0.59,2.73,0.98,3.32,1.0789473684210524,0.5628093691161442,2.73,0.59,0.4444444444444444,250.14,45.03631578947368,1.99,0.938421052631579,0.23,0.96,0.73,-0.94,0.0,0.94,-0.28,0.17,0.45000000000000007,-4.21,0.95,5.16,2.16,1.51,-0.6500000000000001,2.21,2.77,0.56,fall_116.csv,1,fall
19,3.5899999141693115,-0.07157894736842105,0.35105022049550333,0.35,-0.61,0.96,-0.06,-0.44368421052631585,0.521527782644583,0.37,-1.91,2.28,-0.19,0.27999999999999997,0.6003887629417015,1.03,-0.65,1.6800000000000002,0.59,18.528421052631575,59.5623344127961,231.3,-27.55,258.85,-2.27,-17.091052631578947,33.466232383426735,46.73,-96.05,142.78,-4.17,11.700000000000003,40.47288996627523,111.13,-78.86,189.99,1.34,0.9568421052631578,0.29088089642744286,2.02,0.5,1.52,0.91,2.02,0.9568421052631578,0.29088089642744286,1.52,0.5,0.3888888888888889,231.3,41.38736842105263,1.91,0.84,0.35,-0.33,-0.6799999999999999,-0.92,-0.13,0.79,-0.33,0.87,1.2,-3.52,-3.54,-0.020000000000000018,-4.19,-4.16,0.03000000000000025,0.04,0.34,0.30000000000000004,fall_117.csv,1,fall
23,4.3999998569488525,-0.034347826086956516,0.16010865875615735,0.25,-0.42,0.6699999999999999,-0.07,-0.42347826086956525,0.5301852909009709,0.65,-2.0,2.65,-0.24,0.4917391304347826,0.6114338749196102,1.23,-0.43,1.66,0.85,13.319999999999999,69.05727194938206,250.13,-85.69,335.82,-1.18,-4.973478260869565,25.205127293811337,27.95,-93.07,121.02,-0.83,4.209130434782609,17.564212042219022,44.49,-33.45,77.94,3.53,0.9882608695652175,0.3170410379790696,2.15,0.3,1.8499999999999999,0.93,2.15,0.9882608695652175,0.3170410379790696,1.8499999999999999,0.3,0.3181818181818182,250.13,39.89043478260869,2.0,0.9247826086956522,0.13,-0.07,-0.2,-0.99,-0.23,0.76,-0.41,0.93,1.34,-15.09,-3.18,11.91,-0.25,-0.83,-0.58,-5.16,0.77,5.93,fall_118.csv,1,fall
19,3.5999999046325684,0.6963157894736841,0.39182210428140574,1.5,0.14,1.3599999999999999,0.87,-0.41631578947368425,0.39648750192318366,0.18,-0.97,1.15,-0.2,0.048421052631578955,0.39525326842270436,0.79,-0.87,1.6600000000000001,0.11,5.037894736842105,66.16031468914035,245.5,-49.68,295.18,-2.69,18.168947368421055,41.695473761113966,157.59,-44.35,201.94,5.76,-10.856842105263157,55.42211763192577,32.99,-232.78,265.77,1.34,1.026842105263158,0.21630874620368576,1.75,0.82,0.93,0.98,1.75,1.026842105263158,0.21630874620368576,0.93,0.82,0.4444444444444444,245.5,42.529999999999994,1.5,0.9194736842105262,0.22,0.91,0.6900000000000001,-0.93,-0.19,0.74,-0.26,0.33,0.5900000000000001,-1.34,-1.63,-0.2899999999999998,3.79,-4.04,-7.83,-4.73,-1.95,2.7800000000000002,fall_119.csv,1,fall
19,3.5999999046325684,-0.03368421052631579,0.3133016034699505,0.34,-0.85,1.19,-0.08,-0.47789473684210526,0.5067716880999265,0.01,-2.0,2.01,-0.19,0.3231578947368421,0.6291621645011451,1.1,-0.43,1.53,0.29,26.759473684210526,60.76722750460557,250.13,-10.23,260.36,6.11,-33.39842105263158,59.72142387444092,10.93,-186.6,197.53,-6.53,17.85736842105263,65.92602806193766,250.13,-36.9,287.03,-0.11,0.9610526315789475,0.35633777260786503,2.19,0.37,1.8199999999999998,0.94,2.19,0.9610526315789475,0.35633777260786503,1.8199999999999998,0.37,0.3888888888888889,250.13,45.69684210526316,2.0,0.8905263157894736,0.24,-0.13,-0.37,-0.93,-0.14,0.79,-0.37,0.96,1.33,-3.95,-3.24,0.71,-2.5,-12.48,-9.98,2.5,-0.17,-2.67,fall_120.csv,1,fall
19,3.5999999046325684,-0.04052631578947369,0.266050823971046,0.28,-0.6,0.88,-0.02,-0.44421052631578956,0.3562819699413137,0.27,-0.94,1.21,-0.39,0.4042105263157895,0.6112674972680735,1.19,-0.36,1.5499999999999998,0.62,10.580526315789477,73.38489334958405,226.64,-87.6,314.24,-4.17,-10.57263157894737,38.106803685621585,62.85,-114.98,177.83,0.19,19.477894736842103,44.69173010486483,150.38,-12.09,162.47,5.34,0.9336842105263157,0.18445747857842135,1.25,0.41,0.8400000000000001,0.94,1.25,0.9336842105263157,0.18445747857842135,0.8400000000000001,0.41,0.4444444444444444,226.64,51.51894736842105,1.19,0.8531578947368421,0.28,-0.1,-0.38,-0.94,-0.17,0.7699999999999999,-0.25,0.86,1.1099999999999999,-4.17,-0.39,3.78,0.68,-6.31,-6.989999999999999,-0.2,-3.27,-3.07,fall_122.csv,1,fall
17,3.200000047683716,-0.19823529411764707,0.5114102474300555,0.3,-2.0,2.3,-0.1,-0.49117647058823527,0.45835142566786535,0.26,-1.59,1.85,-0.42,0.1429411764705882,0.6094440571730348,0.82,-0.56,1.38,0.42,-0.71,31.50244375441372,66.44,-67.47,133.91,-5.31,-72.69470588235293,85.06575053434013,28.24,-250.14,278.38,-39.01,8.417647058823531,53.50661098516377,196.3,-49.15,245.45000000000002,-2.61,0.9511764705882354,0.44756120186156073,2.6,0.55,2.05,0.88,2.6,0.9511764705882354,0.44756120186156073,2.05,0.55,0.4375,250.14,79.10117647058824,2.0,0.7988235294117648,0.17,-0.33,-0.5,-0.88,-0.33,0.55,-0.44,0.82,1.26,-10.82,0.18,11.0,3.76,-12.44,-16.2,1.27,1.01,-0.26,fall_123.csv,1,fall
18,3.4000000953674316,0.6077777777777778,0.5115668613141113,2.0,-0.07,2.07,0.42500000000000004,-0.548888888888889,0.5174585961145205,0.42,-2.0,2.42,-0.43,-0.05111111111111112,0.4306341273447646,1.33,-0.77,2.1,-0.15,-15.132222222222222,60.12542298303513,118.96,-188.69,307.65,-0.095,15.714444444444442,45.53883000153272,157.46,-40.42,197.88,6.78,-9.247777777777777,58.08725227727839,72.37,-182.32,254.69,-2.52,1.0638888888888889,0.47766760395622504,2.44,0.6,1.8399999999999999,0.975,2.44,1.0638888888888889,0.47766760395622504,1.8399999999999999,0.6,0.5294117647058824,188.69,45.30833333333333,2.0,0.9655555555555555,0.25,0.91,0.66,-0.94,-0.27,0.6699999999999999,-0.22,0.21,0.43,2.12,-0.27,-2.39,3.6,-0.69,-4.29,-5.47,-1.31,4.16,fall_124.csv,1,fall
20,3.8000001907348633,-0.04,0.10784979808682268,0.14,-0.26,0.4,-0.060000000000000005,-0.5135000000000002,0.43358086722208194,0.38,-1.56,1.94,-0.32999999999999996,0.43499999999999994,0.5874073275173308,1.57,-0.31,1.8800000000000001,0.79,5.9455,64.19975098123537,242.98,-107.68,350.65999999999997,-1.305,-14.714500000000001,38.98286364072782,21.66,-108.48,130.14000000000001,-2.0,21.802,33.9362874562877,103.65,-2.91,106.56,4.865,0.9564999999999999,0.25014259091460955,1.58,0.36,1.2200000000000002,0.93,1.58,0.9564999999999999,0.25014259091460955,1.2200000000000002,0.36,0.5263157894736842,242.98,37.9385,1.57,0.9055,0.09,-0.12,-0.21,-0.96,-0.3,0.6599999999999999,-0.19,0.91,1.1,-2.8,0.82,3.6199999999999997,0.3,-10.94,-11.24,-2.91,5.26,8.17,fall_125.csv,1,fall
18,3.3899998664855957,0.11388888888888887,0.420099972539995,1.53,-0.35,1.88,0.115,-0.6061111111111112,0.38120766131565564,0.28,-1.63,1.91,-0.595,0.19722222222222222,0.6232250613736445,1.0,-0.91,1.9100000000000001,0.315,15.882777777777777,70.86404338429499,250.13,-59.73,309.86,-0.9900000000000001,17.755000000000003,59.77731118370031,156.14,-55.57,211.70999999999998,-5.13,-11.29222222222222,69.66512466630087,82.82,-250.14,332.96,-3.6599999999999997,0.9777777777777779,0.37580588787228597,2.41,0.52,1.8900000000000001,0.935,2.41,0.9777777777777779,0.37580588787228597,1.8900000000000001,0.52,0.4117647058823529,250.14,55.01277777777778,1.63,0.8183333333333334,0.21,-0.09,-0.3,-0.88,-0.42,0.46,-0.36,0.83,1.19,-3.18,5.21,8.39,-6.02,-6.32,-0.3000000000000007,-7.02,2.4,9.42,fall_126.csv,1,fall
17,3.2100000381469727,-0.041176470588235294,0.32838396643527634,0.49,-0.65,1.1400000000000001,0.04,-0.601764705882353,0.4820429868553951,0.27,-2.0,2.27,-0.5,0.37058823529411766,0.5977193173663883,1.16,-0.32,1.48,0.74,20.519411764705882,50.900295243567626,153.52,-15.01,168.53,0.08,-11.419411764705883,32.24724415949917,36.84,-96.37,133.21,-2.94,10.42,63.979563729365964,233.61,-87.76,321.37,-2.58,1.0294117647058822,0.3217233009170165,2.02,0.54,1.48,0.97,2.02,1.0294117647058822,0.3217233009170165,1.48,0.54,0.4375,233.61,47.142941176470586,2.0,0.9229411764705883,0.21,-0.28,-0.49,-0.94,-0.24,0.7,-0.28,0.88,1.1600000000000001,-4.14,-3.1,1.0399999999999996,-2.94,3.43,6.37,-2.58,0.78,3.3600000000000003,fall_127.csv,1,fall
20,3.7899999618530273,0.1595,0.14961265778142255,0.47,-0.22,0.69,0.195,-0.3475,0.6565129172577763,0.48,-2.0,2.48,-0.365,0.268,0.5890813544029917,0.93,-0.54,1.4700000000000002,0.365,0.4165000000000017,80.06948484219652,197.74,-240.02,437.76,4.805,25.009499999999996,62.75143902522748,232.1,-65.84,297.94,9.69,9.159,40.47742722477359,144.9,-42.64,187.54000000000002,-0.36000000000000004,0.9384999999999998,0.32043186318992756,2.12,0.45,1.6700000000000002,0.915,2.12,0.9384999999999998,0.32043186318992756,1.6700000000000002,0.45,0.3684210526315789,240.02,53.2115,2.0,0.8485000000000001,0.24,0.0,-0.24,-0.92,0.23,1.1500000000000001,-0.33,0.87,1.2,-8.51,3.11,11.62,2.56,1.64,-0.9200000000000002,1.34,-1.29,-2.63,fall_128.csv,1,fall
17,3.1999998092651367,-0.05823529411764705,0.326615892412587,0.36,-0.94,1.2999999999999998,-0.11,-0.5011764705882352,0.39420620164041653,0.01,-1.2,1.21,-0.39,0.37058823529411766,0.6445586725449757,1.46,-0.46,1.92,0.49,21.30764705882353,70.95353589933096,214.05,-112.16,326.21000000000004,3.38,-21.45941176470588,64.89730931157587,30.76,-203.98,234.73999999999998,0.98,14.160000000000002,45.16381211766783,124.62,-96.21,220.82999999999998,2.78,0.9447058823529413,0.37805617385282214,2.11,0.14,1.9699999999999998,0.94,2.11,0.9447058823529413,0.37805617385282214,1.9699999999999998,0.14,0.4375,214.05,48.111176470588234,1.46,0.8441176470588236,0.3,-0.23,-0.53,-0.95,-0.16,0.7899999999999999,-0.24,0.89,1.13,-2.75,3.38,6.13,0.98,-2.64,-3.62,-0.44,0.04,0.48,fall_130.csv,1,fall
16,3.0,-0.04500000000000001,0.27378823933836166,0.42,-0.4,0.8200000000000001,-0.175,-0.44375,0.5447552967464688,0.32,-2.0,2.32,-0.26,0.479375,0.6960217309825893,1.62,-0.51,2.13,0.735,27.63625,69.05734195821132,250.13,-12.88,263.01,-0.91,-2.6893749999999983,44.645068032015956,99.08,-105.74,204.82,-1.56,4.127500000000001,39.43704662708234,99.06,-78.98,178.04000000000002,1.415,1.0474999999999999,0.38069235173124594,2.06,0.6,1.46,0.93,2.06,1.0474999999999999,0.38069235173124594,1.46,0.6,0.3333333333333333,250.13,50.64999999999999,2.0,0.9675,0.26,-0.23,-0.49,-0.92,-0.19,0.73,-0.25,0.88,1.13,-9.05,-3.38,5.670000000000001,12.87,-1.86,-14.729999999999999,1.86,-1.13,-2.99,fall_131.csv,1,fall
16,3.0,-0.16874999999999998,0.48373374219019843,0.43,-1.69,2.12,-0.105,-0.63,0.44676615807377357,-0.24,-2.0,1.76,-0.525,0.26625,0.5951344385934997,0.93,-0.57,1.5,0.36,-4.90625,86.93939911417225,204.12,-250.14,454.26,-3.66,-35.29875,62.358906968718856,7.0,-225.6,232.6,-6.755,10.180625,81.51338863186832,250.13,-181.62,431.75,5.6850000000000005,1.014375,0.4682587425772209,2.68,0.56,2.12,0.955,2.68,1.014375,0.4682587425772209,2.12,0.56,0.4,250.14,53.73625,2.0,0.865,0.14,-0.17,-0.31000000000000005,-0.94,-0.3,0.6399999999999999,-0.36,0.87,1.23,-7.44,-3.63,3.8100000000000005,-4.79,-2.53,2.2600000000000002,5.08,-2.26,-7.34,fall_132.csv,1,fall
16,3.0,0.42437499999999995,0.18676076497308883,0.83,0.08,0.75,0.385,-0.581875,0.44928415284761597,0.72,-1.16,1.88,-0.74,0.155,0.5547852437355076,0.97,-0.61,1.58,-0.175,9.333125,70.72839841899905,250.13,-64.63,314.76,-4.404999999999999,17.91875,43.86089813261922,140.05,-56.45,196.5,9.37,-7.869999999999998,78.82916702168895,164.85,-250.14,414.99,-3.4299999999999997,1.0125000000000002,0.17330127908741275,1.44,0.81,0.6299999999999999,0.97,1.44,1.0125000000000002,0.17330127908741275,0.6299999999999999,0.81,0.4666666666666667,250.14,54.443749999999994,1.16,0.8431249999999999,0.29,0.4,0.11000000000000004,-0.92,-0.36,0.56,-0.2,0.75,0.95,1.18,3.09,1.91,-2.11,-3.61,-1.5,-4.14,-5.02,-0.8799999999999999,fall_133.csv,1,fall
18,3.4000000953674316,-0.11222222222222222,0.3676564181815209,0.36,-0.87,1.23,-0.24,-0.4855555555555556,0.43893215638467037,0.27,-1.54,1.81,-0.31,0.35777777777777775,0.6790525887592607,2.0,-0.45,2.45,0.465,20.38277777777778,66.09538506676682,241.3,-24.17,265.47,-1.115,-23.942222222222217,56.5819996897325,56.56,-216.05,272.61,-8.025,20.98166666666667,53.06861044634467,175.6,-28.51,204.10999999999999,1.0100000000000002,0.9933333333333333,0.3737095443381287,2.19,0.45,1.74,0.94,2.19,0.9933333333333333,0.3737095443381287,1.74,0.45,0.5882352941176471,241.3,53.98555555555556,2.0,0.8872222222222222,0.29,-0.38,-0.6699999999999999,-0.89,-0.17,0.72,-0.41,0.85,1.26,12.05,-4.86,-16.91,-1.07,-5.64,-4.569999999999999,-2.44,-0.95,1.49,fall_134.csv,1,fall
17,3.200000047683716,0.027647058823529417,0.3336451972486024,0.39,-0.7,1.0899999999999999,0.17,-0.6052941176470588,0.4392481879168487,0.0,-1.65,1.65,-0.73,0.21470588235294114,0.5928966778353841,1.07,-0.36,1.4300000000000002,-0.28,34.35176470588236,75.05841102395638,224.53,-32.15,256.68,2.25,-6.60235294117647,85.77215264360366,235.73,-173.45,409.17999999999995,0.05,6.842352941176471,56.538762757223886,118.3,-149.34,267.64,5.89,0.98,0.2755902755904134,1.88,0.59,1.29,0.96,1.88,0.98,0.2755902755904134,1.29,0.59,0.5625,235.73,60.237647058823526,1.65,0.8764705882352941,0.08,-0.16,-0.24,-0.96,-0.14,0.82,-0.3,0.88,1.18,11.06,-3.77,-14.83,-7.21,-4.04,3.17,-8.08,-8.44,-0.35999999999999943,fall_135.csv,1,fall
19,3.6000001430511475,-0.027368421052631587,0.25911906540908863,0.45,-0.75,1.2,-0.03,-0.4547368421052631,0.5258893886767512,0.06,-2.0,2.06,-0.14,0.4105263157894737,0.7820235410225514,2.0,-0.64,2.64,0.86,33.0121052631579,71.30497556107905,231.83,-9.42,241.25,0.91,-1.6552631578947357,42.04644051104829,92.69,-106.6,199.29,0.34,7.258947368421052,39.59627548348131,119.09,-79.47,198.56,2.18,1.063684210526316,0.39936352871810343,2.21,0.6,1.6099999999999999,0.94,2.21,1.063684210526316,0.39936352871810343,1.6099999999999999,0.6,0.3888888888888889,231.83,43.79947368421053,2.0,0.9957894736842107,0.16,-0.16,-0.32,-0.95,-0.12,0.83,-0.34,0.92,1.26,1.94,0.91,-1.0299999999999998,-0.3,2.13,2.4299999999999997,-3.4,-2.92,0.48,fall_136.csv,1,fall
17,3.1999998092651367,0.39294117647058824,0.24134427447845003,1.02,-0.02,1.04,0.34,-0.5488235294117647,0.5142698993833537,0.23,-2.0,2.23,-0.52,0.22117647058823528,0.47577413697232923,0.81,-0.34,1.1500000000000001,0.08,-0.029411764705882432,35.51237363064251,106.33,-71.64,177.97,0.29,15.830588235294115,71.7964736660677,205.95,-160.01,365.96,4.44,-3.081176470588236,33.084752130391,67.52,-85.12,152.64,-9.52,0.9611764705882353,0.31801891360698137,2.11,0.67,1.44,0.94,2.11,0.9611764705882353,0.31801891360698137,1.44,0.67,0.4375,205.95,44.79,2.0,0.8447058823529412,0.27,0.5,0.22999999999999998,-0.93,-0.19,0.74,-0.24,0.78,1.02,0.89,-2.9,-3.79,-6.53,5.16,11.690000000000001,-9.52,1.27,10.79,fall_137.csv,1,fall
16,3.0,0.048124999999999994,0.37266998358690856,0.56,-1.07,1.6300000000000001,0.2,-0.544375,0.5666506125176841,0.57,-2.0,2.57,-0.5,0.22874999999999998,0.6915381406690451,1.45,-0.53,1.98,-0.28500000000000003,21.1925,66.21650121633832,227.44,-41.85,269.29,-0.235,-37.408125,73.42894372282635,38.82,-186.73,225.54999999999998,-6.4350000000000005,11.9575,24.110147932630635,59.0,-21.54,80.53999999999999,7.055,1.041875,0.38994390622242064,2.31,0.76,1.55,0.9,2.31,1.041875,0.38994390622242064,1.55,0.76,0.4666666666666667,227.44,54.569375,2.0,0.9412499999999999,0.23,-0.09,-0.32,-0.93,-0.21,0.7200000000000001,-0.28,0.85,1.13,-4.06,2.09,6.1499999999999995,-3.73,-13.15,-9.42,-3.27,-14.4,-11.13,fall_138.csv,1,fall
19,3.6000001430511475,-0.04736842105263159,0.20190322503789226,0.28,-0.53,0.81,-0.04,-0.46315789473684205,0.5906780720454431,0.63,-2.0,2.63,-0.29,0.46842105263157885,0.7518736829333231,2.0,-0.51,2.51,0.8,13.332105263157894,75.24656984274708,203.34,-159.72,363.06,5.96,-5.3394736842105255,33.86203847537242,59.85,-112.7,172.55,-1.41,17.027894736842104,41.46565855941615,154.49,-17.4,171.89000000000001,3.81,1.0684210526315792,0.4617510531527993,2.84,0.65,2.19,0.96,2.84,1.0684210526315792,0.4617510531527993,2.19,0.65,0.3888888888888889,203.34,49.48684210526316,2.0,0.9526315789473683,0.14,-0.13,-0.27,-0.97,-0.19,0.78,-0.26,0.91,1.17,10.69,-11.87,-22.56,3.86,-9.41,-13.27,-1.5,17.23,18.73,fall_139.csv,1,fall
16,3.0,0.01875,0.1246795893480565,0.18,-0.2,0.38,0.035,-0.545,0.42627064954869537,0.44,-0.95,1.39,-0.72,0.26625,0.6385386962954295,1.24,-0.45,1.69,0.10500000000000001,2.6987500000000004,66.80691479929304,142.31,-174.49,316.8,0.9049999999999999,-2.358124999999999,53.757523035540494,64.63,-181.31,245.94,2.1750000000000003,17.913125,43.22489309317799,117.83,-61.9,179.73,8.57,0.958125,0.13287682265918313,1.32,0.74,0.5800000000000001,0.96,1.32,0.958125,0.13287682265918313,0.5800000000000001,0.74,0.6,181.31,53.959375,1.24,0.89375,0.13,-0.04,-0.17,-0.95,-0.17,0.7799999999999999,-0.37,0.86,1.23,-1.39,-0.34,1.0499999999999998,-8.27,-13.42,-5.15,1.57,0.95,-0.6200000000000001,fall_140.csv,1,fall
16,3.0,0.12062500000000001,0.20667103490007174,0.73,-0.12,0.85,0.06,-0.5900000000000001,0.605849266182054,0.9,-2.0,2.9,-0.72,0.378125,0.6635080381326715,1.5,-0.46,1.96,0.6399999999999999,26.4275,101.54833722584202,250.13,-191.47,441.6,14.575,7.375000000000002,48.51711972764528,75.29,-134.7,209.99,10.02,0.10499999999999954,51.22551148272379,68.76,-163.66,232.42000000000002,0.27,1.060625,0.4326425583935697,2.52,0.75,1.77,0.955,2.52,1.060625,0.4326425583935697,1.77,0.75,0.4666666666666667,250.13,75.361875,2.0,0.919375,0.08,-0.05,-0.13,-0.96,-0.22,0.74,-0.33,0.92,1.25,6.18,-10.57,-16.75,-3.31,-8.46,-5.15,-6.37,-2.6,3.77,fall_141.csv,1,fall
18,3.3999998569488525,-0.2,0.344861438500604,0.1,-1.22,1.32,-0.065,-0.4344444444444445,0.5990602662624013,0.87,-1.02,1.8900000000000001,-0.66,0.4044444444444444,0.6061859763377051,2.0,-0.18,2.18,0.08,16.938333333333333,67.78331915657681,198.91,-105.66,304.57,10.29,0.3505555555555545,41.21312105060749,125.33,-90.18,215.51,-1.6400000000000001,9.243333333333332,24.95480950933224,61.21,-30.69,91.9,8.425,1.0066666666666668,0.43820489432657495,2.44,0.28,2.16,0.97,2.44,1.0066666666666668,0.43820489432657495,2.16,0.28,0.5882352941176471,198.91,51.160000000000004,2.0,0.9249999999999999,0.1,-0.73,-0.83,-0.94,0.31,1.25,-0.02,1.02,1.04,-4.11,53.05,57.16,3.8,-34.74,-38.54,-4.37,45.47,49.839999999999996,fall_142.csv,1,fall
19,3.6000001430511475,-0.31684210526315787,0.4334750105776822,0.05,-1.7,1.75,-0.28,-0.3926315789473685,0.6355473765473801,1.11,-1.59,2.7,-0.25,0.5784210526315791,0.596855306845756,2.0,-0.15,2.15,0.79,20.679473684210528,59.398673617222975,250.13,-32.65,282.78,6.16,-7.151052631578947,12.577226286134458,3.11,-44.17,47.28,-2.7,9.843157894736843,28.667370156606733,105.37,-30.58,135.95,4.43,1.0842105263157893,0.5754062892086066,3.07,0.29,2.78,0.98,3.07,1.0842105263157893,0.5754062892086066,2.78,0.29,0.4444444444444444,250.13,33.978421052631575,2.0,0.9410526315789471,0.02,-0.34,-0.36000000000000004,-1.02,0.02,1.04,-0.05,0.88,0.93,0.75,2.05,1.2999999999999998,-3.98,-0.01,3.97,4.01,4.43,0.41999999999999993,fall_143.csv,1,fall
22,4.199999809265137,-0.22318181818181818,0.25342203391324775,-0.01,-1.03,1.02,-0.165,-0.4495454545454546,0.5376534312372722,0.8,-1.02,1.82,-0.36,0.3959090909090909,0.5012998256049119,1.37,-0.17,1.54,0.025,14.561363636363637,58.040334931875854,250.13,-48.3,298.43,6.159999999999999,-12.848181818181816,20.167285067975488,29.37,-58.44,87.81,-11.149999999999999,13.231818181818186,47.71863004822805,213.64,-29.52,243.16,3.52,0.95,0.2957315384891217,1.89,0.34,1.5499999999999998,0.98,1.89,0.95,0.2957315384891217,1.5499999999999998,0.34,0.6190476190476191,250.13,37.63863636363636,1.37,0.8886363636363638,-0.03,-0.22,-0.19,-0.99,-0.15,0.84,0.04,0.7,0.6599999999999999,17.37,-48.3,-65.67,-12.85,10.67,23.52,18.97,-29.52,-48.489999999999995,fall_144.csv,1,fall
16,3.009999990463257,-0.34375,0.3124499959993599,-0.05,-1.36,1.31,-0.33499999999999996,-0.24562499999999998,0.8419181967388517,2.0,-2.0,4.0,-0.11499999999999999,0.651875,0.5107800407220313,2.0,-0.01,2.01,0.78,19.720625,67.39978540705205,250.13,-62.08,312.21,13.015,-12.57375,27.744950982115647,8.04,-110.01,118.05000000000001,-4.705,12.99,23.478331286528856,62.73,-19.72,82.44999999999999,6.775,1.084375,0.6769438061365705,3.14,0.13,3.0100000000000002,0.93,3.14,1.084375,0.6769438061365705,3.0100000000000002,0.13,0.3333333333333333,250.13,39.925,2.0,0.9406249999999999,-0.1,-0.42,-0.31999999999999995,-0.97,-0.01,0.96,0.05,0.83,0.7799999999999999,9.36,-9.37,-18.729999999999997,-6.23,3.18,9.41,9.89,-2.18,-12.07,fall_145.csv,1,fall
19,3.6100001335144043,-0.2657894736842105,0.24577125294047272,0.07,-0.75,0.8200000000000001,-0.1,-0.39210526315789473,0.672685983761025,0.98,-1.42,2.4,-0.19,0.5563157894736842,0.47086457744493554,1.38,-0.03,1.41,0.59,22.385263157894734,52.46816308416848,176.1,-23.32,199.42,8.6,-9.671052631578949,37.30136233656545,29.82,-151.55,181.37,-1.95,13.825263157894737,48.43320467617932,164.59,-52.33,216.92000000000002,4.85,1.045263157894737,0.37711431248145777,1.99,0.19,1.8,0.97,1.99,1.045263157894737,0.37711431248145777,1.8,0.19,0.5,176.1,33.8878947368421,1.42,0.9078947368421051,-0.03,-0.5,-0.47,-0.98,0.02,1.0,0.1,0.79,0.6900000000000001,-2.05,2.65,4.699999999999999,-7.45,-0.74,6.71,4.56,10.57,6.010000000000001,fall_146.csv,1,fall
21,4.0,0.11380952380952382,0.3405947179636846,1.47,-0.13,1.6,0.03,-0.33809523809523817,0.7239656003403687,2.0,-0.99,2.99,-0.4,0.5814285714285715,0.5577390582905748,2.0,-0.05,2.05,0.84,22.659999999999997,46.449774595793244,194.55,-14.67,209.22,5.4,-0.7161904761904757,45.25149439258227,73.95,-176.27,250.22000000000003,1.7,-18.574761904761903,45.980149153634514,25.45,-189.99,215.44,-7.75,1.0576190476190477,0.5136137143993018,3.19,0.4,2.79,0.98,3.19,1.0576190476190477,0.5136137143993018,2.79,0.4,0.5,194.55,32.92142857142857,2.0,0.9671428571428569,-0.04,0.1,0.14,-0.98,0.09,1.07,-0.02,0.99,1.01,-5.05,-11.83,-6.78,4.81,8.56,3.750000000000001,-5.52,-9.64,-4.120000000000001,fall_147.csv,1,fall
20,3.809999942779541,0.043,0.23693436799426568,0.88,-0.38,1.26,0.0,-0.40700000000000003,0.6074285749651646,0.32,-1.71,2.03,-0.21000000000000002,0.5475000000000001,0.4701609466868486,1.63,0.02,1.6099999999999999,0.5,23.0945,55.54853794797748,250.13,-21.49,271.62,9.335,-8.626499999999998,29.093943170538545,85.34,-56.03,141.37,-10.475000000000001,-2.0469999999999997,24.818063264697475,75.87,-55.08,130.95,-2.62,0.9695,0.38801078389788674,2.36,0.06,2.3,0.955,2.36,0.9695,0.38801078389788674,2.3,0.06,0.47368421052631576,250.13,36.373999999999995,1.71,0.9100000000000001,-0.05,0.08,0.13,-0.97,0.16,1.13,0.06,0.92,0.8600000000000001,3.81,-7.19,-11.0,-10.31,4.27,14.58,0.68,1.08,0.4,fall_148.csv,1,fall
18,3.4000000953674316,-0.3627777777777778,0.29337399450802515,-0.0,-0.7,0.7,-0.54,-0.5261111111111112,0.616099102884563,0.87,-2.0,2.87,-0.43500000000000005,0.4411111111111111,0.5054280525850037,2.0,-0.02,2.02,0.49,-0.46999999999999975,39.40391052555421,43.95,-131.54,175.49,6.609999999999999,0.7233333333333338,20.84032544625641,34.1,-55.98,90.08,3.135,8.441666666666668,27.088806077527344,66.11,-42.74,108.85,8.015,1.0216666666666667,0.5052460088033993,2.88,0.22,2.6599999999999997,0.955,2.88,1.0216666666666667,0.5052460088033993,2.6599999999999997,0.22,0.47058823529411764,131.54,32.43,2.0,0.8299999999999998,-0.0,-0.7,-0.7,-0.96,-0.16,0.7999999999999999,0.01,0.75,0.74,4.51,-10.1,-14.61,11.25,0.88,-10.37,9.98,-4.81,-14.79,fall_149.csv,1,fall
21,4.0,-0.47142857142857136,0.5660148912730628,1.19,-1.02,2.21,-0.62,-0.3304761904761905,0.5765455419173423,0.6,-1.01,1.6099999999999999,-0.25,0.08523809523809522,0.245817392542087,0.75,-0.43,1.18,0.03,-0.40333333333333327,16.82132406599829,43.84,-43.47,87.31,-1.52,-3.3361904761904757,32.046907413382414,62.02,-72.87,134.89000000000001,1.76,20.869999999999997,47.1238226378124,169.06,-47.67,216.73000000000002,7.69,0.9952380952380951,0.16578959700834814,1.37,0.51,0.8600000000000001,0.99,1.37,0.9952380952380951,0.16578959700834814,0.8600000000000001,0.51,0.45,169.06,35.42904761904762,1.19,0.9257142857142858,-0.03,-0.96,-0.9299999999999999,-1.01,0.19,1.2,-0.01,0.16,0.17,-0.38,0.46,0.8400000000000001,-9.29,4.89,14.18,2.37,4.18,1.8099999999999996,fall_150.csv,1,fall
24,4.6000001430511475,-0.5329166666666666,0.5212900316536364,0.13,-1.46,1.5899999999999999,-0.44,-0.3408333333333333,0.620658252717763,0.88,-1.2,2.08,-0.255,0.05583333333333334,0.19171801454597134,0.56,-0.16,0.7200000000000001,-0.015,-10.057083333333333,20.17437041292667,18.33,-75.82,94.14999999999999,-5.6899999999999995,-3.772083333333334,29.33553817162454,22.69,-136.21,158.9,-0.865,17.182083333333335,41.24573442811381,161.77,-22.52,184.29000000000002,6.18,1.00375,0.25239397257324575,1.97,0.53,1.44,0.98,1.97,1.00375,0.25239397257324575,1.44,0.53,0.4782608695652174,161.77,32.9025,1.46,0.9541666666666666,0.01,-0.96,-0.97,-0.66,0.16,0.8200000000000001,0.15,-0.13,-0.28,18.33,-2.97,-21.299999999999997,13.84,5.64,-8.2,6.58,4.32,-2.26,fall_151.csv,1,fall
23,4.3999998569488525,-0.6347826086956522,0.5139585194194124,-0.04,-2.0,1.96,-0.73,-0.33826086956521734,0.7075543806528426,1.9,-1.16,3.0599999999999996,-0.33,0.15086956521739128,0.4045077035279288,1.45,-0.35,1.7999999999999998,0.0,0.12173913043478284,18.714728922859837,38.68,-45.5,84.18,3.09,-2.990434782608697,33.01167169326918,40.17,-106.85,147.01999999999998,0.17,19.742173913043484,56.08373430996012,250.13,-54.18,304.31,10.25,1.1021739130434782,0.4716311783368935,2.73,0.43,2.3,1.0,2.73,1.1021739130434782,0.4716311783368935,2.3,0.43,0.45454545454545453,250.13,38.16260869565217,2.0,1.0021739130434784,-0.05,-0.93,-0.88,-0.95,0.05,1.0,-0.18,0.35,0.53,-8.42,-4.87,3.55,11.08,0.17,-10.91,1.34,-7.0,-8.34,fall_152.csv,1,fall
24,4.599999904632568,-0.27499999999999997,0.18113170802533143,-0.05,-0.69,0.6399999999999999,-0.175,-0.32208333333333333,0.6812327647068548,1.17,-1.13,2.3,-0.43,0.47291666666666665,0.4526682167910109,1.3,-0.07,1.37,0.505,16.819166666666664,65.2985719876261,250.13,-78.46,328.59,2.9050000000000002,-5.189166666666668,32.859971012274734,48.53,-131.03,179.56,-2.535,3.310833333333333,38.10620500843567,132.11,-99.08,231.19,1.7799999999999998,1.0083333333333335,0.2518050775926674,1.75,0.4,1.35,0.99,1.75,1.0083333333333335,0.2518050775926674,1.35,0.4,0.5217391304347826,250.13,41.759166666666665,1.3,0.89,-0.13,-0.41,-0.27999999999999997,-1.13,0.27,1.4,-0.07,0.92,0.99,-1.7,-24.98,-23.28,-1.66,-8.24,-6.58,-0.74,-6.24,-5.5,fall_153.csv,1,fall
20,3.799999952316284,-0.34099999999999997,0.19487917984444134,-0.06,-0.67,0.6100000000000001,-0.4,-0.14350000000000002,0.6881269390239902,1.2,-1.0,2.2,-0.075,0.5535,0.4397998946889608,1.46,-0.0,1.46,0.74,14.687999999999999,44.71578181311263,141.71,-36.09,177.8,2.975,-8.568,21.173185524695096,47.93,-60.52,108.45,-8.995000000000001,16.608,53.75608877141267,218.92,-39.15,258.07,6.485,1.015,0.2915385683612123,1.89,0.48,1.41,0.98,1.89,1.015,0.2915385683612123,1.41,0.48,0.42105263157894735,218.92,38.677,1.46,0.867,-0.13,-0.42,-0.29,-0.99,0.1,1.09,-0.0,0.79,0.79,-20.97,-10.47,10.499999999999998,-35.63,2.62,38.25,8.39,-3.82,-12.21,fall_154.csv,1,fall
19,3.6100001335144043,-0.6273684210526316,0.43100453858480625,-0.09,-1.67,1.5799999999999998,-0.76,-0.12684210526315787,0.8121169362404992,2.0,-0.97,2.9699999999999998,0.06,0.07,0.2969661409805651,0.8,-0.51,1.31,-0.04,7.534210526315786,62.67230527077504,250.13,-59.31,309.44,-3.5,-7.070526315789472,28.220308186695032,24.19,-94.39,118.58,-1.67,26.918947368421055,47.09871063282788,180.54,-37.44,217.98,15.85,1.0726315789473684,0.3921286935187245,2.2,0.48,1.7200000000000002,0.98,2.2,1.0726315789473684,0.3921286935187245,1.7200000000000002,0.48,0.5,250.13,48.12263157894738,2.0,0.993157894736842,-0.09,-0.95,-0.86,-0.97,0.32,1.29,-0.09,0.04,0.13,-7.4,5.6,13.0,-8.96,-1.67,7.290000000000001,5.4,7.71,2.3099999999999996,fall_155.csv,1,fall
20,3.8000001907348633,-0.29300000000000004,0.22485316846426925,-0.03,-0.69,0.6599999999999999,-0.32999999999999996,-0.321,0.7230483713890938,1.39,-1.18,2.57,-0.41000000000000003,0.429,0.40297446699838385,1.08,-0.08,1.1600000000000001,0.49,24.4595,70.57200402686904,250.13,-71.32,321.45,16.73,-9.918000000000001,29.210680382713658,15.76,-100.9,116.66000000000001,-1.245,17.844,62.4081470221384,250.13,-45.17,295.3,5.205,1.0020000000000002,0.2717506597096529,1.89,0.45,1.44,0.98,1.89,1.0020000000000002,0.2717506597096529,1.44,0.45,0.5263157894736842,250.13,49.888000000000005,1.39,0.876,-0.05,-0.42,-0.37,-0.92,-0.1,0.8200000000000001,-0.03,0.86,0.89,17.2,1.57,-15.629999999999999,15.76,8.44,-7.32,2.5,3.62,1.12,fall_156.csv,1,fall
19,3.5999999046325684,0.15052631578947367,0.49928252616697144,1.89,-0.28,2.17,-0.03,-0.628421052631579,0.5188583959884616,0.25,-1.66,1.91,-0.95,0.28526315789473683,0.4951247701455623,1.14,-0.32,1.46,-0.02,30.25315789473684,63.36630650893892,250.13,-29.92,280.05,1.73,47.881578947368425,50.381440725634704,129.43,-6.98,136.41,30.38,-22.343684210526316,61.75247554286803,61.08,-227.79,288.87,-4.33,1.0263157894736843,0.420082141786524,2.69,0.68,2.01,0.96,2.69,1.0263157894736843,0.420082141786524,2.01,0.68,0.6111111111111112,250.13,66.48526315789475,1.89,0.9621052631578948,-0.12,0.16,0.28,-1.01,0.1,1.11,-0.1,1.07,1.1700000000000002,-15.88,46.67,62.550000000000004,5.52,30.38,24.86,-4.21,8.11,12.32,fall_157.csv,1,fall
19,3.5999999046325684,-0.268421052631579,0.20868006234677197,-0.07,-0.7,0.6299999999999999,-0.13,-0.4036842105263158,0.775315065178278,1.63,-1.38,3.01,-0.83,0.38999999999999996,0.33526109228480416,1.13,0.06,1.0699999999999998,0.19,8.477894736842106,29.991003573099007,61.55,-45.0,106.55,7.7,-9.759473684210526,20.691482271613392,10.17,-79.65,89.82000000000001,-2.2,12.836315789473684,35.39770805677275,134.84,-31.05,165.89000000000001,8.12,0.9926315789473684,0.34772022766176003,1.98,0.63,1.35,0.94,1.98,0.9926315789473684,0.34772022766176003,1.35,0.63,0.6666666666666666,134.84,32.834736842105265,1.63,0.8710526315789472,-0.16,-0.41,-0.24999999999999997,-0.92,-0.02,0.9,0.21,0.58,0.37,1.9,-45.0,-46.9,-2.2,3.0,5.2,7.46,-20.76,-28.220000000000002,fall_158.csv,1,fall
17,3.1999998092651367,-0.6423529411764707,0.5283409104423571,-0.06,-1.94,1.88,-0.65,-0.24411764705882355,0.7884562354970108,2.0,-1.33,3.33,-0.25,-0.08941176470588236,0.4464788711159142,0.79,-0.93,1.7200000000000002,-0.08,18.227058823529415,55.73234695451846,143.38,-117.13,260.51,0.68,-10.467058823529412,55.03817138640076,71.42,-187.21,258.63,-6.51,35.47705882352942,92.74353109278739,250.13,-109.57,359.7,19.82,1.1211764705882352,0.5237113034981818,2.85,0.64,2.21,1.0,2.85,1.1211764705882352,0.5237113034981818,2.21,0.64,0.4375,250.13,77.88470588235295,2.0,0.9529411764705882,-0.07,-0.98,-0.9099999999999999,-0.98,-0.25,0.73,-0.01,-0.27,-0.26,0.68,-5.09,-5.77,-8.25,-37.66,-29.409999999999997,23.94,-10.31,-34.25,fall_159.csv,1,fall
16,3.0,0.36875,0.5208694654133605,1.25,-0.51,1.76,0.12,-0.720625,0.29566802893335176,-0.14,-1.26,1.12,-0.8200000000000001,-0.18250000000000002,0.33822083515557305,0.72,-0.8,1.52,-0.28,-15.495,41.69277107605106,78.28,-103.14,181.42000000000002,-16.990000000000002,33.402499999999996,66.78945021483558,199.07,-51.47,250.54,16.16,-17.517500000000002,86.35363443422634,164.29,-248.55,412.84000000000003,-6.625,1.04,0.22712698357233269,1.45,0.58,0.87,0.985,1.45,1.04,0.22712698357233269,0.87,0.58,0.8,248.55,73.583125,1.26,0.924375,-0.02,0.85,0.87,-0.96,-0.54,0.41999999999999993,-0.23,-0.07,0.16,6.2,-11.02,-17.22,8.09,-10.72,-18.810000000000002,-0.38,-2.6,-2.22,fall_160.csv,1,fall
18,3.3999998569488525,0.3866666666666666,0.4763216906053896,1.29,-0.13,1.42,0.20500000000000002,-0.6927777777777778,0.4085383638916201,0.16,-1.2,1.3599999999999999,-0.905,0.09888888888888889,0.2521878125732041,0.6,-0.3,0.8999999999999999,-0.015,-17.346111111111114,28.559842259180655,27.48,-85.46,112.94,-9.42,32.04611111111112,40.33926275083676,110.5,-38.68,149.18,24.97,-25.17444444444444,57.32053478899801,67.53,-216.57,284.1,-19.25,1.0116666666666667,0.23545325500854228,1.75,0.66,1.0899999999999999,0.99,1.75,1.0116666666666667,0.23545325500854228,1.0899999999999999,0.66,0.5882352941176471,216.57,55.81055555555555,1.29,0.9061111111111111,-0.13,0.68,0.81,-0.97,-0.56,0.4099999999999999,0.18,0.32,0.14,-6.5,0.59,7.09,1.01,-11.27,-12.28,-21.08,7.08,28.159999999999997,fall_161.csv,1,fall
19,3.6000001430511475,0.3842105263157895,0.5766889763456524,2.0,-0.16,2.16,0.11,-0.5742105263157894,0.6347205490911701,1.32,-1.25,2.5700000000000003,-0.93,0.17263157894736844,0.5180287648090506,2.0,-0.25,2.25,-0.03,1.6721052631578945,29.819737419469035,92.8,-58.82,151.62,3.67,14.627894736842105,52.43829363896275,193.07,-46.37,239.44,8.82,-3.190526315789475,39.30611875942249,76.96,-107.09,184.05,-4.15,1.1010526315789475,0.5102057835035466,3.12,0.57,2.5500000000000003,0.99,3.12,1.1010526315789475,0.5102057835035466,2.5500000000000003,0.57,0.6666666666666666,193.07,45.699999999999996,2.0,0.9757894736842104,-0.09,0.76,0.85,-0.95,-0.37,0.58,-0.03,0.41,0.43999999999999995,-12.37,8.08,20.45,15.34,-25.16,-40.5,-4.15,14.52,18.67,fall_162.csv,1,fall
20,3.809999942779541,0.3875,0.41023581151897454,1.38,-0.17,1.5499999999999998,0.29500000000000004,-0.5245000000000001,0.545637965572122,0.9,-1.28,2.18,-0.7250000000000001,0.184,0.33452873371985625,0.87,-0.18,1.05,0.04,-1.0894999999999988,89.16077515394666,250.13,-203.8,453.93,0.81,6.6290000000000004,53.17343429511433,87.21,-179.62,266.83,12.06,-22.15,46.21866528852419,49.3,-174.74,224.04000000000002,-17.84,0.99,0.17210767743357339,1.4,0.72,0.6799999999999999,0.99,1.4,0.99,0.17210767743357339,0.6799999999999999,0.72,0.7894736842105263,250.13,66.12650000000001,1.38,0.8879999999999999,-0.17,0.7,0.87,-0.92,-0.47,0.45000000000000007,-0.13,0.51,0.64,-4.29,0.25,4.54,12.74,-7.66,-20.4,-22.84,3.01,25.85,fall_163.csv,1,fall
17,3.200000047683716,0.26823529411764707,0.5775620669473287,1.56,-0.76,2.3200000000000003,0.07,-0.7047058823529412,0.39710070585209906,0.17,-1.31,1.48,-0.89,-0.12352941176470589,0.32469102960488816,0.68,-0.7,1.38,-0.05,-32.39529411764706,42.11186607086639,25.74,-128.28,154.02,-28.61,17.75470588235294,62.53727649546779,151.53,-116.44,267.97,11.29,8.895882352941177,53.50648664634311,150.27,-65.71,215.98000000000002,-2.06,1.038235294117647,0.27086055670117526,1.65,0.8,0.8499999999999999,0.93,1.65,1.038235294117647,0.27086055670117526,0.8499999999999999,0.8,0.8125,151.53,66.90882352941175,1.56,0.9547058823529412,-0.06,0.17,0.23,-0.95,-0.91,0.039999999999999925,-0.05,0.07,0.12000000000000001,8.47,-88.86,-97.33,-1.06,-81.8,-80.74,-1.5,32.03,33.53,fall_164.csv,1,fall
16,3.0,0.475625,0.4739897150782916,1.12,-0.15,1.27,0.64,-0.485,0.4609555293084138,0.52,-0.99,1.51,-0.53,0.076875,0.1658802278754162,0.33,-0.11,0.44,-0.025,-6.489375000000001,28.02502987658235,29.01,-75.22,104.23,-1.145,-3.3131249999999994,45.41537958573798,43.6,-126.1,169.7,10.485,-29.17125,60.446701026606895,76.18,-196.16,272.34000000000003,-14.879999999999999,0.9368749999999999,0.1647106047992458,1.28,0.62,0.66,0.97,1.28,0.9368749999999999,0.1647106047992458,0.66,0.62,0.7333333333333333,196.16,53.00875,1.12,0.8812500000000001,-0.15,0.87,1.02,-0.98,-0.19,0.79,-0.02,0.29,0.31,-3.81,1.26,5.07,11.36,0.58,-10.78,0.32,-6.74,-7.0600000000000005,fall_166.csv,1,fall
19,3.5999999046325684,-0.2378947368421053,0.2775403663807487,0.25,-0.85,1.1,-0.34,-0.48736842105263156,0.5627594918027017,0.34,-2.0,2.34,-0.57,0.4789473684210526,0.49509701335352346,1.82,-0.19,2.0100000000000002,0.58,11.793157894736842,62.63025068275549,200.42,-90.36,290.78,22.01,11.586842105263159,28.904735685164805,86.12,-30.54,116.66,4.6,-10.88105263157895,36.65754475847091,29.9,-124.39,154.29,5.37,0.9578947368421052,0.47521432530044816,2.84,0.58,2.26,0.9,2.84,0.9578947368421052,0.47521432530044816,2.26,0.58,0.3333333333333333,200.42,49.84263157894736,2.0,0.7931578947368422,0.06,-0.42,-0.48,-0.93,-0.34,0.5900000000000001,-0.11,0.81,0.92,22.01,-42.58,-64.59,4.6,5.35,0.75,11.66,6.91,-4.75,fall_167.csv,1,fall
17,3.200000047683716,0.16470588235294117,0.32299608447817957,0.99,-0.26,1.25,0.17,-0.4011764705882353,0.4570678608388088,0.5,-0.95,1.45,-0.32,0.2994117647058823,0.7849639369760507,1.07,-2.0,3.0700000000000003,0.74,10.613529411764702,61.13730989964071,218.73,-59.51,278.24,4.73,5.721176470588235,49.76836945821524,126.73,-76.45,203.18,2.82,-20.418235294117647,48.58132038593821,62.42,-106.12,168.54000000000002,-9.13,1.0176470588235293,0.35641495149201985,2.33,0.73,1.6,0.96,2.33,1.0176470588235293,0.35641495149201985,1.6,0.73,0.4375,218.73,57.26058823529412,2.0,0.9294117647058824,-0.26,0.19,0.45,-0.9,-0.27,0.63,-0.24,0.89,1.13,18.57,-8.34,-26.91,0.05,15.21,15.16,25.34,-9.13,-34.47,fall_168.csv,1,fall
18,3.390000104904175,0.1927777777777778,0.22676252298399166,0.83,-0.06,0.8899999999999999,0.08499999999999999,-0.5555555555555556,0.6865790920740324,0.93,-2.0,2.93,-0.78,0.29388888888888887,0.5702026356933418,1.6,-0.22,1.82,-0.02,17.266111111111115,60.772571419416714,212.81,-65.66,278.47,15.175,-8.150555555555556,31.96257581319721,64.87,-54.88,119.75,-13.975,-5.597777777777779,48.32533369904633,56.24,-170.96,227.20000000000002,-0.5599999999999999,1.0327777777777778,0.4194366748187461,2.57,0.52,2.05,0.975,2.57,1.0327777777777778,0.4194366748187461,2.05,0.52,0.5882352941176471,212.81,56.04222222222222,2.0,0.9333333333333333,0.07,0.35,0.27999999999999997,-0.96,-0.24,0.72,-0.2,0.84,1.04,-13.72,51.63,65.35000000000001,-3.19,34.66,37.849999999999994,-10.27,-12.96,-2.6900000000000013,fall_169.csv,1,fall
18,3.4000000953674316,-0.5577777777777778,0.5188851800402083,0.17,-1.43,1.5999999999999999,-0.825,-0.5033333333333334,0.424111528062247,0.23,-1.12,1.35,-0.43,-0.43555555555555553,0.40503045959855216,0.01,-1.8,1.81,-0.39,-17.93333333333333,63.60434853798266,59.02,-250.14,309.15999999999997,-7.785,-12.344444444444443,37.51234466964681,23.09,-130.86,153.95000000000002,2.3049999999999997,10.639999999999999,38.34100231897347,115.25,-91.42,206.67000000000002,11.6,1.09,0.39229340760081455,2.31,0.62,1.69,0.985,2.31,1.09,0.39229340760081455,1.69,0.62,0.5294117647058824,250.14,45.09111111111111,1.8,0.9527777777777777,0.06,-0.98,-1.04,-0.94,-0.26,0.6799999999999999,-0.23,-0.39,-0.16,-13.66,-23.99,-10.329999999999998,6.42,6.08,-0.33999999999999986,6.7,3.03,-3.6700000000000004,fall_170.csv,1,fall
18,3.3999998569488525,-0.6394444444444445,0.5416583709771992,0.14,-1.49,1.63,-0.89,-0.47611111111111115,0.4856546689946879,0.2,-1.57,1.77,-0.32999999999999996,-0.25055555555555553,0.3691719226820101,0.51,-1.47,1.98,-0.245,-13.880555555555555,29.570825740369852,30.0,-83.49,113.49,-12.12,-34.66833333333332,74.35099154764276,82.07,-250.14,332.21,-15.405000000000001,31.348888888888887,60.20527521238228,195.75,-25.38,221.13,16.165,1.0883333333333334,0.3912310886239517,2.34,0.49,1.8499999999999999,1.0,2.34,1.0883333333333334,0.3912310886239517,1.8499999999999999,0.49,0.47058823529411764,250.14,58.114444444444445,1.57,0.9911111111111109,0.14,-0.97,-1.1099999999999999,-0.8,-0.14,0.66,-0.19,-0.27,-0.08000000000000002,-2.56,-15.34,-12.78,-1.69,-11.37,-9.68,-6.87,-21.61,-14.739999999999998,fall_171.csv,1,fall
25,4.800000190734863,-0.5528,0.5602344747216711,0.12,-2.0,2.12,-0.48,-0.34159999999999996,0.5391403651493119,0.64,-1.01,1.65,-0.27,-0.2692,0.32077925951241504,0.65,-1.26,1.9100000000000001,-0.28,-4.4928,15.368974841109821,30.47,-38.42,68.89,-7.01,-2.9132000000000007,38.278282323880035,86.21,-114.2,200.41,-1.34,22.6204,42.50061680728881,184.76,-10.95,195.70999999999998,9.34,1.0448,0.29660748473361226,2.2,0.62,1.58,1.01,2.2,1.0448,0.29660748473361226,1.58,0.62,0.5,184.76,35.6836,2.0,0.9752000000000001,0.12,-0.96,-1.08,-1.01,0.1,1.11,-0.54,-0.28,0.26,11.79,12.02,0.23000000000000043,-6.63,-23.24,-16.61,6.87,-2.67,-9.54,fall_172.csv,1,fall
25,4.7799999713897705,-0.592,0.47592016137163173,0.06,-1.19,1.25,-0.84,-0.3464,0.6149788614253339,1.0,-1.21,2.21,-0.42,-0.136,0.30368569278120433,0.67,-0.61,1.28,-0.19,-26.0488,63.16789026871168,31.44,-243.24,274.68,-9.65,-0.35879999999999934,61.60013841434665,104.85,-250.14,354.99,-3.75,0.29120000000000007,40.05690486878219,106.79,-120.07,226.86,3.45,1.052,0.22951034835057002,1.78,0.56,1.22,1.01,1.78,1.052,0.22951034835057002,1.22,0.56,0.5,250.14,52.7604,1.21,0.9468,0.06,-1.01,-1.07,-0.84,0.08,0.9199999999999999,-0.34,-0.18,0.16000000000000003,7.46,-1.04,-8.5,-25.02,-2.42,22.6,-8.22,-30.57,-22.35,fall_173.csv,1,fall
20,3.799999952316284,-0.637,0.45580582199925995,-0.19,-1.91,1.72,-0.53,-0.36,0.5701707962024233,0.91,-0.99,1.9,-0.495,-0.11900000000000002,0.35149155863188764,0.84,-0.44,1.28,-0.235,-13.404000000000002,42.04297367919488,54.9,-167.11,222.01000000000002,-4.41,-19.388499999999997,66.43136412671986,67.45,-235.38,302.83,-7.470000000000001,25.4595,57.726754398814535,230.18,-18.28,248.46,6.115,1.0314999999999999,0.3384527487817092,2.14,0.41,1.7300000000000002,0.98,2.14,1.0314999999999999,0.3384527487817092,1.7300000000000002,0.41,0.5263157894736842,235.38,46.0025,1.91,0.914,-0.36,-1.08,-0.7200000000000001,-0.96,0.13,1.0899999999999999,-0.06,0.06,0.12,22.11,-7.92,-30.03,-12.99,0.97,13.96,4.66,1.2,-3.46,fall_174.csv,1,fall
22,4.200000047683716,-0.5613636363636364,0.49053222266418084,0.06,-1.49,1.55,-0.775,-0.3509090909090909,0.5317617537681351,0.31,-1.07,1.3800000000000001,-0.145,-0.10454545454545455,0.2888850038588806,0.63,-0.51,1.1400000000000001,-0.2,-23.075909090909093,46.05763663054523,25.52,-146.06,171.58,-5.27,-1.3963636363636356,62.59379594583708,99.6,-250.14,349.74,1.13,8.619545454545454,27.402281183676372,63.04,-37.91,100.94999999999999,9.215,0.9827272727272726,0.25809156400637234,1.9,0.38,1.52,0.99,1.9,0.9827272727272726,0.25809156400637234,1.52,0.38,0.47619047619047616,250.14,47.73545454545454,1.49,0.9086363636363634,0.06,-0.9,-0.96,-0.84,0.18,1.02,-0.05,-0.2,-0.15000000000000002,-3.67,25.52,29.189999999999998,7.52,-18.63,-26.15,-0.3,0.79,1.09,fall_175.csv,1,fall
19,3.5999999046325684,0.51,0.6897584118129091,1.85,-0.36,2.21,0.11,-0.678421052631579,0.5223053934017992,0.43,-2.0,2.43,-0.79,-0.08789473684210526,0.5917167016155284,2.0,-1.08,3.08,-0.17,8.874736842105264,71.71605843482267,250.13,-93.84,343.97,-3.45,35.78526315789474,81.41981504444324,250.13,-173.87,424.0,19.87,-13.58842105263158,80.07118778958564,126.66,-250.14,376.79999999999995,-5.41,1.18,0.6333771914638754,3.37,0.51,2.8600000000000003,0.99,3.37,1.18,0.6333771914638754,2.8600000000000003,0.51,0.5555555555555556,250.14,68.37,2.0,1.0147368421052632,0.11,0.61,0.5,-0.98,-0.72,0.26,-0.2,0.27,0.47000000000000003,14.19,21.64,7.450000000000001,10.39,-9.21,-19.6,18.4,-23.4,-41.8,fall_176.csv,1,fall
18,3.390000104904175,0.2422222222222222,0.6274463235121304,2.0,-0.66,2.66,-0.035,-0.6677777777777778,0.7485951985164145,2.0,-1.91,3.91,-0.8049999999999999,-0.24000000000000002,0.4436877545407488,0.18,-1.44,1.6199999999999999,-0.135,-22.912222222222223,70.20527276624603,61.21,-249.93,311.14,-9.18,30.057222222222215,51.523505064999284,132.82,-77.16,209.98,24.975,-29.67,65.47649196467384,29.31,-250.14,279.45,-11.115,1.1227777777777779,0.6374656212696129,3.17,0.41,2.76,0.98,3.17,1.1227777777777779,0.6374656212696129,2.76,0.41,0.5294117647058824,250.14,67.61722222222221,2.0,0.9188888888888889,-0.19,0.72,0.9099999999999999,-0.97,-0.65,0.31999999999999995,-0.09,0.12,0.21,16.34,5.96,-10.379999999999999,12.73,-8.7,-21.43,7.72,5.4,-2.3199999999999994,fall_177.csv,1,fall
23,4.400000095367432,0.29086956521739127,0.30158540239990306,1.21,-0.13,1.3399999999999999,0.18,-0.5808695652173913,0.6031501625441836,2.0,-0.96,2.96,-0.74,-0.06695652173913044,0.664553402892832,1.73,-1.21,2.94,-0.31,9.343478260869567,48.108761213874516,185.03,-57.32,242.35,2.11,-4.09304347826087,64.28450671781319,123.82,-138.67,262.49,11.41,-12.010000000000002,41.27833363003801,58.15,-89.08,147.23,-5.31,1.046086956521739,0.4485100498563375,2.91,0.65,2.2600000000000002,0.95,2.91,1.046086956521739,0.4485100498563375,2.2600000000000002,0.65,0.7272727272727273,185.03,66.51869565217389,2.0,0.8586956521739129,0.55,0.58,0.029999999999999916,-0.92,-0.3,0.6200000000000001,-1.21,0.71,1.92,-34.96,2.08,37.04,-86.11,38.6,124.71000000000001,22.58,8.59,-13.989999999999998,fall_178.csv,1,fall
19,3.6000001430511475,0.13578947368421054,0.22852949698923342,0.87,-0.12,0.99,0.08,-0.61,0.6181783273817066,1.05,-2.0,3.05,-0.87,0.18157894736842106,0.5465270467831369,1.05,-0.4,1.4500000000000002,-0.16,5.256842105263158,20.26626892499828,29.31,-43.73,73.03999999999999,8.6,-6.695263157894738,49.87018440894776,123.08,-74.39,197.47,-7.35,-22.618421052631575,46.223289495803584,11.31,-202.01,213.32,-13.14,1.0031578947368422,0.34477130313004345,2.08,0.31,1.77,0.97,2.08,1.0031578947368422,0.34477130313004345,1.77,0.31,0.6111111111111112,202.01,48.04421052631579,2.0,0.9315789473684211,0.19,0.34,0.15000000000000002,-0.87,-0.1,0.77,-0.2,1.05,1.25,11.33,8.6,-2.7300000000000004,2.4,16.77,14.37,-5.95,-12.34,-6.39,fall_179.csv,1,fall
19,3.5899999141693115,0.15263157894736845,0.39843920636602853,1.61,-0.23,1.84,0.1,-0.4200000000000001,0.5720139858430037,0.78,-1.38,2.16,-0.24,0.4,0.5323741374467981,1.21,-0.26,1.47,0.67,30.716842105263158,63.093074637803646,250.13,-29.6,279.73,18.16,2.931052631578948,26.140641387765196,79.56,-42.97,122.53,-2.41,-14.051052631578946,27.72506585399189,27.4,-91.32,118.72,-7.85,1.01,0.26055496327817074,1.77,0.7,1.07,0.97,1.77,1.01,0.26055496327817074,1.07,0.7,0.5,250.13,46.01684210526316,1.61,0.9557894736842103,-0.23,0.28,0.51,-0.97,0.01,0.98,-0.26,0.9,1.1600000000000001,0.76,-28.52,-29.28,-6.5,-2.41,4.09,-0.88,-5.26,-4.38,fall_180.csv,1,fall
21,4.0,0.5366666666666666,0.499473055662999,2.0,-0.08,2.08,0.63,-0.4361904761904762,0.4829024351820581,0.61,-1.03,1.6400000000000001,-0.3,0.21333333333333335,0.3800701689600663,1.52,-0.13,1.65,0.13,13.770000000000001,58.92352509821523,250.13,-73.41,323.53999999999996,8.6,-4.028095238095237,45.468740978726,107.7,-134.08,241.78000000000003,0.73,-20.355238095238096,36.27310789263137,33.6,-111.59,145.19,-11.91,0.9904761904761905,0.3821580326314781,2.58,0.51,2.0700000000000003,0.94,2.58,0.9904761904761905,0.3821580326314781,2.0700000000000003,0.51,0.5,250.13,44.018095238095235,2.0,0.9009523809523811,-0.08,0.86,0.94,-1.03,-0.15,0.88,-0.12,0.43,0.55,-5.56,0.16,5.72,-21.02,-0.83,20.19,-2.62,0.14,2.7600000000000002,fall_181.csv,1,fall
18,3.4099998474121094,0.41111111111111115,0.5681226968646917,2.0,-0.12,2.12,0.11499999999999999,-0.633888888888889,0.3234399460376075,-0.0,-1.0,1.0,-0.6399999999999999,-0.3433333333333334,0.4459622774867584,0.05,-2.0,2.05,-0.26,-7.131111111111112,30.753440149774327,46.82,-90.56,137.38,-3.4599999999999995,4.551111111111111,48.06321081645429,81.14,-148.37,229.51,1.7399999999999998,-11.482222222222223,27.950106293716765,33.63,-91.98,125.61000000000001,-11.325,1.021111111111111,0.5017954691011642,2.83,0.25,2.58,0.97,2.83,1.021111111111111,0.5017954691011642,2.58,0.25,0.5882352941176471,148.37,36.96055555555555,2.0,0.8833333333333333,-0.12,0.83,0.95,-0.96,-0.48,0.48,0.02,-0.33,-0.35000000000000003,7.19,6.18,-1.0100000000000007,-4.0,3.01,7.01,-10.79,4.64,15.43,fall_182.csv,1,fall
23,4.390000104904175,0.4121739130434783,0.4839417369302662,1.88,-0.13,2.01,0.25,-0.5643478260869564,0.5460588220642079,1.36,-1.02,2.38,-0.75,0.20434782608695648,0.4994617656397418,2.0,-0.2,2.2,0.04,14.334782608695651,61.69618692133584,250.13,-90.15,340.28,3.15,-0.9700000000000003,59.987835054663,182.5,-140.0,322.5,2.25,-6.3500000000000005,19.516229609784215,39.9,-46.27,86.17,-7.08,1.036086956521739,0.4599578946187732,3.06,0.47,2.59,0.97,3.06,1.036086956521739,0.4599578946187732,2.59,0.47,0.5454545454545454,250.13,45.7995652173913,2.0,0.9060869565217393,-0.13,0.88,1.01,-0.94,-0.38,0.5599999999999999,-0.05,0.31,0.36,21.21,3.15,-18.060000000000002,4.97,2.8,-2.17,6.23,-0.5,-6.73,fall_183.csv,1,fall
22,4.200000047683716,0.08499999999999999,0.310049919175852,0.51,-0.6,1.1099999999999999,0.02,-0.5909090909090909,0.3843102552552719,0.4,-0.99,1.3900000000000001,-0.585,0.3322727272727272,0.6354745644618061,2.0,-0.94,2.94,0.024999999999999998,-8.30409090909091,49.01985357355012,62.63,-199.37,262.0,-4.779999999999999,1.3181818181818183,18.06526702618239,39.11,-37.3,76.41,0.31499999999999995,-24.024545454545457,71.80596869522576,61.67,-250.14,311.81,-12.18,1.0009090909090907,0.295987597727773,2.19,0.48,1.71,0.97,2.19,1.0009090909090907,0.295987597727773,1.71,0.48,0.5238095238095238,250.14,44.809090909090905,2.0,0.906818181818182,-0.24,0.42,0.6599999999999999,-0.95,-0.48,0.47,-0.04,0.68,0.7200000000000001,-16.79,-20.59,-3.8000000000000007,15.24,-6.37,-21.61,4.15,-6.08,-10.23,fall_184.csv,1,fall
25,4.799999952316284,-0.2764,0.2228205556047287,0.04,-0.62,0.66,-0.38,-0.3372,0.6053134174403648,0.87,-1.29,2.16,-0.07,0.5012000000000001,0.5244069666458167,1.49,-0.15,1.64,0.71,21.4796,45.10109260317315,171.64,-57.57,229.20999999999998,11.18,4.660399999999999,21.965870018432383,64.53,-25.98,90.51,-1.62,5.732,33.30874960126843,125.49,-49.66,175.14999999999998,2.97,1.0184,0.26538776661079666,1.58,0.41,1.1700000000000002,0.98,1.58,1.0184,0.26538776661079666,1.1700000000000002,0.41,0.4583333333333333,171.64,35.464,1.49,0.9303999999999999,-0.02,-0.47,-0.44999999999999996,-1.04,0.08,1.12,-0.15,0.89,1.04,4.02,-14.13,-18.15,-20.04,-0.15,19.89,2.27,-9.12,-11.389999999999999,fall_185.csv,1,fall
20,3.799999952316284,-0.16750000000000004,0.31326590353211037,0.42,-0.93,1.35,-0.13,-0.4630000000000001,0.5854112364735355,1.21,-1.06,2.27,-0.605,0.512,0.4785900344267853,1.27,-0.1,1.37,0.64,27.472499999999997,68.23953306089089,250.13,-69.9,320.03,12.31,4.3500000000000005,29.034523370780878,92.78,-33.83,126.61,-2.825,15.720500000000005,38.94515407663233,135.05,-37.82,172.87,6.015000000000001,1.03,0.2888452508651794,1.8,0.67,1.13,0.965,1.8,1.03,0.2888452508651794,1.13,0.67,0.5263157894736842,250.13,50.148,1.27,0.916,0.08,-0.24,-0.32,-0.98,-0.13,0.85,0.0,0.63,0.63,-12.58,2.85,15.43,-16.5,0.57,17.07,-0.08,-4.79,-4.71,fall_186.csv,1,fall
21,4.0,0.41714285714285715,0.42946644638601117,1.25,-0.09,1.34,0.38,-0.5357142857142856,0.5915367395908003,0.82,-2.0,2.82,-0.48,0.30666666666666664,0.32066077610667215,0.94,-0.06,1.0,0.19,0.12857142857142867,23.58873529583862,39.89,-51.88,91.77000000000001,4.37,-0.030476190476191517,34.46155386458807,88.53,-69.98,158.51,-1.83,-13.431904761904761,24.60217807817991,23.55,-84.16,107.71,-6.05,1.0242857142857142,0.3412267783831074,2.24,0.5,1.7400000000000002,0.98,2.24,1.0242857142857142,0.3412267783831074,1.7400000000000002,0.5,0.5,88.53,28.590476190476195,2.0,0.9352380952380953,-0.08,0.78,0.86,-0.99,-0.12,0.87,-0.04,0.45,0.49,-7.12,8.64,15.760000000000002,22.67,-8.24,-30.910000000000004,-2.14,9.47,11.610000000000001,fall_187.csv,1,fall
19,3.5999999046325684,0.45894736842105266,0.39290788766215234,1.29,0.0,1.29,0.44,-0.4405263157894737,0.4774640612910687,0.82,-1.0,1.8199999999999998,-0.32,0.29789473684210527,0.44335311919968895,1.26,-0.13,1.3900000000000001,0.23,5.317894736842107,65.97660650891912,217.71,-151.6,369.31,0.79,-4.678947368421052,26.62464520258895,50.53,-89.96,140.49,-6.67,-20.36894736842105,38.839494345995696,23.7,-118.34,142.04,-9.22,0.9894736842105265,0.2537381345712002,1.66,0.53,1.13,0.96,1.66,0.9894736842105265,0.2537381345712002,1.13,0.53,0.5,217.71,47.82631578947369,1.29,0.9094736842105262,0.0,0.88,0.88,-1.0,-0.22,0.78,-0.01,0.27,0.28,-3.53,0.76,4.29,-11.83,-3.02,8.81,-7.44,2.79,10.23,fall_188.csv,1,fall
16,3.0,-0.365625,0.6702832112870897,1.47,-1.82,3.29,-0.355,-0.45875,0.5098741674831807,0.49,-1.48,1.97,-0.395,0.24312499999999998,0.660966148906281,2.0,-0.56,2.56,0.075,-15.513124999999999,40.40396725054772,20.56,-152.51,173.07,-4.035,-10.851875,56.676109160591935,97.29,-141.53,238.82,-2.8600000000000003,11.569375,36.038605128158515,53.21,-102.81,156.02,14.29,1.0950000000000002,0.5463210289442159,2.75,0.49,2.26,0.955,2.75,1.0950000000000002,0.5463210289442159,2.26,0.49,0.5333333333333333,152.51,42.671875,2.0,0.895625,-0.08,-0.63,-0.55,-0.94,-0.16,0.7799999999999999,-0.15,0.68,0.8300000000000001,-0.6,-1.7,-1.1,10.98,-0.89,-11.870000000000001,2.99,0.72,-2.2700000000000005,fall_189.csv,1,fall
16,3.0,-0.206875,0.4201225019761102,0.56,-1.46,2.02,-0.10500000000000001,-0.418125,0.5412235366894779,0.83,-0.96,1.79,-0.43999999999999995,0.28875,0.5346135676043647,1.0,-0.32,1.32,0.535,18.66375,65.16397091184668,250.13,-28.98,279.11,-0.8250000000000001,-16.368125,40.67250114737638,36.41,-126.14,162.55,-7.765000000000001,14.155625,45.04342289668937,85.29,-101.11,186.4,14.235,0.974375,0.25534209079846854,1.8,0.65,1.15,0.96,1.8,0.974375,0.25534209079846854,1.15,0.65,0.4666666666666667,250.13,50.940625,1.46,0.8531249999999999,-0.04,-0.43,-0.39,-0.94,-0.24,0.7,-0.32,0.83,1.15,0.49,-1.87,-2.3600000000000003,-11.83,5.48,17.310000000000002,0.62,1.26,0.64,fall_190.csv,1,fall
15,2.799999952316284,-0.23999999999999996,0.48398642247779755,1.17,-0.9,2.07,-0.12,-0.4386666666666666,0.48579635161052337,0.49,-0.98,1.47,-0.58,0.08733333333333336,0.7283000428264111,1.01,-1.45,2.46,-0.34,-7.5,65.93146289898321,119.44,-200.24,319.68,-3.79,-37.30533333333334,78.6751233933089,17.47,-250.14,267.61,-3.45,8.515999999999998,39.49419917622623,100.59,-89.62,190.21,4.69,1.058,0.2842081732010635,1.78,0.68,1.1,1.0,1.78,1.058,0.2842081732010635,1.1,0.68,0.5,250.14,61.60066666666666,1.45,0.9,-0.12,-0.38,-0.26,-0.93,-0.17,0.76,-0.34,0.88,1.22,0.06,1.37,1.31,-2.6,-4.34,-1.7399999999999998,3.18,2.82,-0.3600000000000003,fall_191.csv,1,fall
16,3.0,-0.046875,0.44178001690132307,1.49,-0.49,1.98,-0.08,-0.570625,0.35615481184451236,0.02,-1.1,1.12,-0.525,0.231875,0.6821555907562439,1.01,-1.12,2.13,0.2,28.44625,64.19068550031227,189.45,-17.6,207.04999999999998,2.56,24.35,36.53434676209954,129.64,-20.11,149.75,20.765,-11.726875,42.60391386070064,42.81,-159.82,202.63,-2.805,1.0125,0.3160696125855822,2.16,0.76,1.4000000000000001,0.955,2.16,1.0125,0.3160696125855822,1.4000000000000001,0.76,0.4666666666666667,189.45,52.050625,1.49,0.901875,-0.01,-0.25,-0.24,-0.93,-0.25,0.68,-0.23,0.87,1.1,-4.84,-4.74,0.09999999999999964,12.37,-0.47,-12.84,-5.44,1.11,6.550000000000001,fall_192.csv,1,fall
17,3.200000047683716,-0.3652941176470588,0.5376699457736459,0.09,-2.0,2.09,-0.24,-0.45117647058823535,0.6247787843803315,0.4,-2.0,2.4,-0.22,0.43058823529411766,0.5691712241083005,1.28,-0.24,1.52,0.69,8.680588235294117,64.4593379067948,250.13,-51.82,301.95,-6.18,-28.81647058823529,75.10918277257917,52.34,-240.63,292.97,-4.69,26.54294117647059,63.76567187412694,250.13,-44.67,294.8,11.13,1.0852941176470585,0.552314648174603,3.1,0.54,2.56,0.99,3.1,1.0852941176470585,0.552314648174603,2.56,0.54,0.4375,250.13,50.10647058823529,2.0,0.9305882352941177,0.07,-0.54,-0.6100000000000001,-1.01,-0.03,0.98,-0.24,0.81,1.05,2.53,-8.68,-11.209999999999999,-11.31,3.99,15.3,0.95,0.05,-0.8999999999999999,fall_193.csv,1,fall
17,3.190000057220459,-0.39411764705882346,0.5100129756134815,0.1,-2.0,2.1,-0.24,-0.3905882352941177,0.42578560608942756,0.11,-1.01,1.12,-0.16,0.36176470588235293,0.5313571691211766,1.1,-0.25,1.35,0.65,-6.328235294117647,63.934960823020575,60.92,-235.27,296.19,2.15,-18.515882352941176,43.468173423037854,56.88,-122.7,179.58,-2.68,31.801176470588228,58.8310899825034,208.75,-47.82,256.57,5.73,1.0147058823529411,0.3157949818921056,2.08,0.65,1.4300000000000002,0.97,2.08,1.0147058823529411,0.3157949818921056,1.4300000000000002,0.65,0.4375,235.27,50.93882352941176,2.0,0.9158823529411765,-0.07,-0.55,-0.48000000000000004,-0.96,-0.01,0.95,-0.18,0.8,0.98,2.15,-0.24,-2.3899999999999997,-2.02,-0.53,1.49,0.85,-1.33,-2.18,fall_194.csv,1,fall
17,3.200000047683716,-0.27352941176470585,0.38893992428893487,0.61,-1.04,1.65,-0.16,-0.4464705882352941,0.4995615724871984,0.64,-1.18,1.8199999999999998,-0.52,0.2747058823529412,0.6362106338220349,1.4,-0.53,1.93,-0.14,-3.915882352941177,32.74834271738486,66.5,-74.45,140.95,1.03,-8.152352941176472,58.967772822259846,104.66,-140.42,245.07999999999998,1.82,10.028823529411765,28.560455152700413,81.24,-53.18,134.42,8.4,1.0070588235294118,0.31130300162948865,1.63,0.55,1.0799999999999998,0.96,1.63,1.0070588235294118,0.31130300162948865,1.0799999999999998,0.55,0.5625,140.42,40.15176470588235,1.4,0.8758823529411764,-0.02,-0.43,-0.41,-0.94,-0.09,0.85,-0.18,0.92,1.1,-1.44,1.14,2.58,1.82,0.01,-1.81,4.24,-1.75,-5.99,fall_195.csv,1,fall
16,3.0,-0.370625,0.5740205426056922,0.42,-2.0,2.42,-0.4,-0.405,0.6051996915619394,0.48,-2.0,2.48,-0.155,0.438125,0.6937936172474732,2.0,-0.43,2.43,0.6599999999999999,28.145,72.09548973410196,246.4,-37.15,283.55,-0.855,-16.2975,102.89249156279577,179.62,-250.14,429.76,-0.27999999999999997,5.591875000000001,31.673861404161006,73.48,-77.67,151.15,2.49,1.1324999999999998,0.5798103138096113,2.86,0.61,2.25,0.96,2.86,1.1324999999999998,0.5798103138096113,2.25,0.61,0.3333333333333333,250.14,69.83,2.0,0.955,0.09,-0.41,-0.5,-0.9,-0.12,0.78,-0.28,0.81,1.09,3.79,0.97,-2.8200000000000003,10.97,-0.05,-11.020000000000001,-0.61,-3.89,-3.2800000000000002,fall_197.csv,1,fall
16,2.990000009536743,-0.26125,0.28595745604314404,0.05,-1.05,1.1,-0.225,-0.5293749999999999,0.3206133444925003,0.02,-0.99,1.01,-0.6,0.28,0.5950238090474476,0.98,-0.45,1.43,0.295,-13.305,62.841581881214076,39.08,-230.65,269.73,1.885,-28.393124999999998,62.878148267767344,17.66,-250.14,267.8,-11.26,6.281874999999999,49.72521938530454,100.0,-75.54,175.54000000000002,3.365,0.953125,0.15780657992196226,1.29,0.68,0.61,0.99,1.29,0.953125,0.15780657992196226,0.61,0.68,0.4666666666666667,250.14,60.63875,1.05,0.8512500000000001,0.03,-0.39,-0.42000000000000004,-0.96,-0.3,0.6599999999999999,-0.21,0.87,1.08,0.31,-4.94,-5.25,2.78,2.75,-0.029999999999999805,1.33,-1.21,-2.54,fall_198.csv,1,fall
16,3.0,-0.3125,0.4218609565563832,0.34,-1.46,1.8,-0.29000000000000004,-0.41937499999999994,0.6282724329460907,0.73,-1.97,2.7,-0.28,0.47,0.7270304899612762,2.0,-0.46,2.46,0.78,14.229375000000001,69.8579714820244,250.13,-60.5,310.63,1.6,-36.1025,70.5561645310552,28.54,-250.14,278.68,-6.6450000000000005,35.931875,78.03485445352823,250.13,-17.5,267.63,10.114999999999998,1.1012499999999998,0.5799755741983162,3.16,0.63,2.5300000000000002,0.985,3.16,1.1012499999999998,0.5799755741983162,2.5300000000000002,0.63,0.4,250.14,53.543124999999996,2.0,0.9075,0.03,-0.46,-0.49,-0.97,-0.1,0.87,-0.36,0.84,1.2,3.54,7.39,3.8499999999999996,-3.98,-2.6,1.38,-3.66,0.08,3.74,fall_199.csv,1,fall
18,3.3999998569488525,-0.22722222222222221,0.34470457181485914,0.56,-0.88,1.44,-0.35,-0.3911111111111112,0.4984079228065499,0.96,-1.1,2.06,-0.28,0.37833333333333335,0.7758050846776945,2.0,-0.97,2.9699999999999998,0.735,10.660000000000002,39.056451903547476,122.37,-67.41,189.78,2.435,-25.62833333333333,63.25635724852437,38.37,-240.15,278.52,-4.855,4.556111111111111,34.51667476638074,82.94,-85.05,167.99,7.855,1.0616666666666665,0.3844361799708611,2.31,0.69,1.62,0.995,2.31,1.0616666666666665,0.3844361799708611,1.62,0.69,0.47058823529411764,240.15,49.653333333333336,2.0,0.936111111111111,0.01,-0.37,-0.38,-0.98,-0.15,0.83,-0.2,0.86,1.06,-4.67,-6.39,-1.7199999999999998,7.51,0.1,-7.41,0.24,2.66,2.42,fall_200.csv,1,fall
17,3.200000047683716,-0.3270588235294118,0.3415729187501981,0.1,-0.99,1.09,-0.47,-0.4688235294117647,0.455890369948483,0.49,-1.14,1.63,-0.35,0.20411764705882354,0.602962051288568,0.85,-0.8,1.65,0.58,3.3023529411764705,45.25361277420452,164.09,-53.82,217.91,-6.27,-21.083529411764705,66.98491853965864,45.53,-250.14,295.66999999999996,-0.6,17.225882352941177,54.08922605968119,195.37,-57.77,253.14000000000001,3.24,0.9876470588235295,0.21140983337361305,1.71,0.71,1.0,0.96,1.71,0.9876470588235295,0.21140983337361305,1.0,0.71,0.4375,250.14,41.16647058823529,1.14,0.8252941176470588,0.02,-0.53,-0.55,-0.98,-0.21,0.77,-0.24,0.75,0.99,5.73,-11.0,-16.73,-1.11,5.93,7.04,-1.71,-6.18,-4.47,fall_201.csv,1,fall
18,3.4000000953674316,-0.18944444444444444,0.3521943350952747,0.76,-0.67,1.4300000000000002,-0.32,-0.4677777777777778,0.462048578494609,0.84,-0.98,1.8199999999999998,-0.46,0.27944444444444444,0.7159565565379461,2.0,-0.85,2.85,0.16999999999999998,30.939444444444447,75.0145509392303,250.13,-50.79,300.92,1.6800000000000002,-7.032777777777777,66.60734660112074,75.6,-250.14,325.74,3.37,14.753888888888888,44.934483697527874,157.51,-56.05,213.56,4.885,1.011111111111111,0.346136472386745,2.2,0.6,1.6,0.965,2.2,1.011111111111111,0.346136472386745,1.6,0.6,0.5294117647058824,250.14,52.715,2.0,0.8666666666666667,0.06,-0.49,-0.55,-0.95,-0.19,0.76,-0.24,0.84,1.08,2.27,-2.98,-5.25,1.84,2.09,0.24999999999999978,0.05,4.5,4.45,fall_202.csv,1,fall
16,3.0,-0.266875,0.3336408997709963,0.06,-1.31,1.37,-0.26,-0.4675,0.6773428477022057,1.19,-2.0,3.19,-0.355,0.13437500000000002,0.8181439869199879,0.99,-1.92,2.91,0.275,10.7325,46.59898604047088,149.87,-34.9,184.77,-3.065,-11.799999999999995,71.11179067730845,61.93,-250.14,312.07,3.1849999999999996,4.568125,41.26116628158572,86.93,-87.01,173.94,2.205,1.0975000000000001,0.5321465963435263,2.81,0.68,2.13,0.945,2.81,1.0975000000000001,0.5321465963435263,2.13,0.68,0.4666666666666667,250.14,51.61125,2.0,0.933125,0.02,-0.37,-0.39,-0.95,-0.14,0.8099999999999999,-0.33,0.79,1.12,-1.87,-5.28,-3.41,-0.44,3.36,3.8,-1.27,-3.42,-2.15,fall_203.csv,1,fall
23,4.4100000858306885,-0.08565217391304349,0.40368558970561286,0.85,-0.73,1.58,0.04,-0.792608695652174,0.35604158836886085,-0.02,-1.21,1.19,-0.95,-0.1482608695652174,0.5227519155559273,1.08,-1.35,2.43,-0.26,-11.562608695652179,61.79716499950693,171.1,-113.27,284.37,0.18,3.5752173913043497,44.403073078495694,132.8,-90.37,223.17000000000002,1.99,-30.03565217391305,33.50902345584584,51.24,-93.82,145.06,-32.15,1.0521739130434782,0.29828230255214655,1.81,0.42,1.3900000000000001,1.03,1.81,1.0521739130434782,0.29828230255214655,1.3900000000000001,0.42,0.6363636363636364,171.1,65.96739130434781,1.35,0.9104347826086956,-0.61,0.04,0.65,-0.26,-1.0,-0.74,0.8,-0.25,-1.05,1.37,0.18,-1.1900000000000002,-7.77,8.11,15.879999999999999,-6.94,-0.38,6.5600000000000005,fall_205.csv,1,fall
26,5.0,-0.1426923076923077,0.3868804227903779,0.63,-0.9,1.53,-0.015,-0.7219230769230768,0.324432048118175,-0.23,-1.27,1.04,-0.825,0.006538461538461547,0.6059303082546197,1.58,-0.97,2.55,-0.27,-11.034230769230767,61.88267299805832,120.66,-173.23,293.89,1.6099999999999999,3.1680769230769226,33.61023403896269,79.1,-71.0,150.1,-2.205,-6.673846153846153,45.30195404853288,66.56,-115.47,182.03,0.9249999999999999,1.0384615384615385,0.2510887063600003,1.71,0.54,1.17,0.99,1.71,1.0384615384615385,0.2510887063600003,1.17,0.54,0.6,173.23,56.49,1.58,0.8907692307692306,-0.5,0.04,0.54,-0.28,-0.97,-0.69,0.79,-0.3,-1.09,-10.08,-5.89,4.19,-8.66,-2.05,6.61,1.4,-0.51,-1.91,fall_206.csv,1,fall
16,3.009999990463257,-0.49625,0.5892693215613157,0.07,-2.0,2.07,-0.3,-0.544375,0.5531963936975728,0.19,-2.0,2.19,-0.5,0.275625,0.6091849062476844,1.0,-0.38,1.38,0.26,4.94125,32.34845877317805,98.76,-51.76,150.52,3.5300000000000002,-29.929375,84.29758703298295,53.54,-221.4,274.94,0.48,18.963749999999997,67.91516177064834,250.13,-70.54,320.67,12.355,1.1506250000000002,0.5199547255931681,2.85,0.66,2.19,1.025,2.85,1.1506250000000002,0.5199547255931681,2.19,0.66,0.4666666666666667,250.13,59.405,2.0,0.9375,0.05,-0.52,-0.5700000000000001,-0.95,-0.11,0.84,-0.3,0.78,1.08,0.78,-7.29,-8.07,2.81,7.69,4.880000000000001,1.32,13.95,12.629999999999999,fall_207.csv,1,fall
15,2.8000001907348633,-0.4273333333333334,0.4807652629872899,0.09,-1.25,1.34,-0.55,-0.45466666666666666,0.4723023648146638,0.37,-1.34,1.71,-0.39,0.4426666666666667,0.7152568636178062,2.0,-0.36,2.36,0.53,12.473333333333334,73.12890787278766,250.13,-105.24,355.37,6.76,-11.163333333333332,53.11563244021302,94.93,-135.57,230.5,1.68,8.687999999999999,43.99493074694596,96.31,-97.47,193.78,12.54,1.1133333333333333,0.5158995841754294,2.72,0.53,2.1900000000000004,1.0,2.72,1.1133333333333333,0.5158995841754294,2.1900000000000004,0.53,0.42857142857142855,250.13,50.668,2.0,0.9173333333333333,0.06,-0.55,-0.6100000000000001,-0.96,0.13,1.0899999999999999,-0.22,0.82,1.04,10.74,15.99,5.25,-2.44,0.63,3.07,4.14,12.54,8.399999999999999,fall_208.csv,1,fall
16,3.0,-0.15749999999999997,0.4298759510990739,0.92,-1.06,1.98,-0.07,-0.46625000000000005,0.6291250538115084,0.69,-2.0,2.69,-0.445,0.13875,0.8208359560025783,1.29,-1.98,3.27,0.05500000000000002,30.4425,69.77885357804803,250.13,-31.61,281.74,5.175000000000001,6.026875,51.692684294620776,142.21,-106.11,248.32,6.29,30.175625000000004,77.31293052426612,250.13,-66.1,316.23,14.469999999999999,1.07375,0.5485966946066421,2.96,0.73,2.23,0.91,2.96,1.07375,0.5485966946066421,2.23,0.73,0.4666666666666667,250.13,55.291875000000005,2.0,0.9068749999999999,0.0,-0.52,-0.52,-0.97,-0.12,0.85,-0.31,0.72,1.03,5.69,-31.61,-37.3,0.21,17.86,17.65,4.67,-35.68,-40.35,fall_209.csv,1,fall
18,3.4000000953674316,-0.23888888888888893,0.3345741611078861,0.46,-0.68,1.1400000000000001,-0.275,-0.4266666666666666,0.4609197965194481,0.34,-1.28,1.62,-0.275,0.31666666666666665,0.5018671021648002,0.97,-0.29,1.26,0.58,-1.7772222222222187,66.69810975410954,190.61,-160.66,351.27,2.5250000000000004,-0.6472222222222203,70.0138874296131,193.73,-152.69,346.41999999999996,4.25,9.239444444444445,53.82877936483881,101.89,-162.53,264.42,10.885,0.9255555555555556,0.171780373535588,1.31,0.58,0.7300000000000001,0.9450000000000001,1.31,0.9255555555555556,0.171780373535588,0.7300000000000001,0.58,0.35294117647058826,193.73,54.30222222222222,1.28,0.7944444444444446,0.09,-0.56,-0.65,-0.98,-0.2,0.78,-0.25,0.72,0.97,0.05,6.89,6.84,-2.69,12.88,15.57,3.02,11.16,8.14,fall_210.csv,1,fall
16,3.0,-0.25,0.6460546932471481,0.88,-2.0,2.88,-0.015,-0.48874999999999996,0.6722982968891116,0.78,-2.0,2.7800000000000002,-0.5,0.33999999999999997,0.7309810759064378,2.0,-0.58,2.58,0.09999999999999999,19.89625,81.56394725408197,250.13,-126.98,377.11,9.05,-8.719999999999999,31.56626828330098,40.15,-87.27,127.41999999999999,-3.415,31.343125,88.04273990275026,250.13,-58.78,308.90999999999997,7.585,1.1625,0.6388583567583663,2.89,0.43,2.46,0.99,2.89,1.1625,0.6388583567583663,2.46,0.43,0.4666666666666667,250.13,58.483124999999994,2.0,0.9762500000000001,0.04,-0.58,-0.62,-0.98,-0.23,0.75,-0.16,0.74,0.9,-8.63,9.62,18.25,3.69,-12.21,-15.9,-0.47,5.88,6.35,fall_211.csv,1,fall
18,3.4000000953674316,-0.43,0.4809793929791465,0.11,-2.0,2.11,-0.45999999999999996,-0.3255555555555556,0.34009033786406917,0.28,-0.93,1.21,-0.24,0.5216666666666666,0.5423505486740645,1.58,-0.33,1.9100000000000001,0.745,3.666111111111111,35.237505276403645,61.25,-98.11,159.36,2.315,-17.852222222222224,42.52682358445087,28.05,-137.27,165.32000000000002,-1.6149999999999998,14.975000000000001,67.04567260238264,241.43,-113.15,354.58000000000004,7.385,1.0072222222222222,0.4028546016435204,2.56,0.63,1.9300000000000002,0.955,2.56,1.0072222222222222,0.4028546016435204,1.9300000000000002,0.63,0.29411764705882354,241.43,43.92277777777778,2.0,0.8388888888888889,0.09,-0.43,-0.52,-0.93,-0.13,0.8,-0.24,0.77,1.01,7.31,-3.37,-10.68,20.23,-11.22,-31.450000000000003,6.96,-5.62,-12.58,fall_212.csv,1,fall
20,3.799999952316284,0.386,0.3568487811827006,1.78,0.16,1.62,0.28500000000000003,-0.36499999999999994,0.4470311422096488,0.5,-0.96,1.46,-0.24000000000000002,0.39,0.5192910146485658,0.92,-0.25,1.17,0.59,13.133,76.6111066635284,250.13,-103.26,353.39,-2.875,21.0975,50.654155321313866,129.4,-111.4,240.8,14.77,-7.7155000000000005,32.91958375304409,82.2,-86.54,168.74,-5.2,0.9720000000000001,0.24184814722422304,1.89,0.59,1.2999999999999998,0.94,1.89,0.9720000000000001,0.24184814722422304,1.2999999999999998,0.59,0.42105263157894735,250.13,53.55099999999999,1.78,0.881,0.27,0.24,-0.030000000000000027,-0.96,-0.2,0.76,-0.14,0.91,1.05,-2.31,0.56,2.87,1.41,-2.41,-3.8200000000000003,-5.42,-4.09,1.33,fall_214.csv,1,fall
18,3.4000000953674316,0.07500000000000001,0.3901319535445291,1.34,-0.41,1.75,0.04,-0.4705555555555556,0.38750289899822193,0.04,-1.22,1.26,-0.20500000000000002,0.33222222222222225,0.5894319853549492,1.05,-0.36,1.4100000000000001,0.365,5.420555555555554,63.28785800026287,158.76,-188.16,346.91999999999996,4.965,11.016111111111108,25.908250364084886,69.56,-17.21,86.77000000000001,4.16,-15.177222222222225,60.557386862337204,143.95,-186.56,330.51,-15.03,0.935,0.27931112738727926,1.82,0.45,1.37,0.915,1.82,0.935,0.27931112738727926,1.37,0.45,0.4117647058823529,188.16,51.669444444444444,1.34,0.8516666666666668,0.22,-0.13,-0.35,-0.97,-0.16,0.8099999999999999,-0.31,0.9,1.21,-1.51,5.01,6.52,8.37,3.47,-4.899999999999999,0.45,3.5,3.05,fall_215.csv,1,fall
18,3.3999998569488525,0.2588888888888889,0.2188173799121861,0.79,-0.18,0.97,0.235,-0.601111111111111,0.439155458055424,-0.17,-2.0,1.83,-0.455,0.34055555555555556,0.6179898364119727,1.01,-1.04,2.05,0.64,26.297222222222217,78.6584053924874,250.13,-75.4,325.53,6.359999999999999,8.436666666666666,21.91234865388491,51.26,-24.18,75.44,2.34,-17.807222222222222,61.35281879574081,42.79,-250.14,292.93,-6.725,1.0005555555555556,0.3710473605765842,2.39,0.65,1.7400000000000002,0.925,2.39,1.0005555555555556,0.3710473605765842,1.7400000000000002,0.65,0.35294117647058826,250.14,62.73277777777777,2.0,0.8727777777777778,0.15,0.19,0.04000000000000001,-0.94,-0.17,0.7699999999999999,-0.19,0.93,1.12,3.01,-10.6,-13.61,-0.54,1.09,1.6300000000000001,-5.73,-10.48,-4.75,fall_216.csv,1,fall
16,3.010000228881836,0.213125,0.47411276787982276,1.53,-0.49,2.02,0.27,-0.5225,0.3346739707038279,-0.06,-1.07,1.01,-0.52,0.3225,0.5724392253040201,1.22,-0.59,1.81,0.37,6.131874999999998,55.85900502977713,128.57,-125.24,253.81,-4.245,13.920625,52.76921065277239,115.56,-75.36,190.92000000000002,-7.0,1.711875000000001,63.36503338790251,152.67,-112.58,265.25,-10.705,0.9881249999999999,0.2713231468194337,1.73,0.54,1.19,0.935,1.73,0.9881249999999999,0.2713231468194337,1.19,0.54,0.4,152.67,57.7225,1.53,0.8574999999999999,0.31,0.15,-0.16,-0.94,-0.08,0.86,-0.22,0.9,1.12,4.81,-4.6,-9.41,-5.58,-0.1,5.48,1.65,10.4,8.75,fall_217.csv,1,fall
16,3.0,0.225,0.3778182984804556,1.26,-0.56,1.82,0.24,-0.390625,0.5655259351553502,1.01,-1.22,2.23,-0.485,0.35125,0.598596970701768,1.06,-0.37,1.4300000000000002,0.22000000000000003,-3.5999999999999996,72.22767521294499,166.87,-184.97,351.84000000000003,1.8800000000000001,36.38875,64.1833807019647,214.84,-26.22,241.06,10.77,7.678125000000001,51.427091332454985,122.27,-59.11,181.38,-6.3149999999999995,1.00125,0.3167517429575829,1.79,0.5,1.29,0.97,1.79,1.00125,0.3167517429575829,1.29,0.5,0.4,214.84,65.68375,1.26,0.8675,0.28,0.05,-0.23000000000000004,-0.93,-0.07,0.8600000000000001,-0.13,0.96,1.0899999999999999,-0.27,-3.11,-2.84,0.19,3.27,3.08,-2.37,11.66,14.030000000000001,fall_218.csv,1,fall
15,2.799999952316284,0.2826666666666666,0.4331358524373925,1.44,-0.33,1.77,0.26,-0.39399999999999996,0.4281321558317511,0.19,-1.2,1.39,-0.31,0.42266666666666663,0.576968266850423,1.06,-0.37,1.4300000000000002,0.84,-4.238666666666665,36.08138931967691,50.2,-100.34,150.54000000000002,-2.14,19.282,39.5871579465578,95.69,-59.69,155.38,20.49,-28.61533333333333,58.54576596459348,29.68,-196.69,226.37,-7.56,0.9893333333333332,0.3096649495057214,1.89,0.46,1.43,0.95,1.89,0.9893333333333332,0.3096649495057214,1.43,0.46,0.35714285714285715,196.69,50.93599999999999,1.44,0.8633333333333334,0.28,0.02,-0.26,-0.92,-0.19,0.73,-0.25,0.93,1.1800000000000002,-2.14,7.61,9.75,7.53,-9.09,-16.62,-7.56,-0.12,7.4399999999999995,fall_219.csv,1,fall
15,2.7899999618530273,-0.21666666666666667,0.5288081837850992,0.99,-1.02,2.01,-0.48,-0.38533333333333336,0.5266859550416124,0.63,-1.62,2.25,-0.17,0.21800000000000003,0.702426406923072,1.29,-0.9,2.19,0.62,1.5766666666666669,50.126229613228396,149.41,-80.86,230.26999999999998,0.47,-29.554666666666673,77.71135391090974,105.36,-230.81,336.17,-10.6,2.7393333333333323,30.593764412905795,58.59,-77.43,136.02,1.73,1.0459999999999998,0.3673806900594688,2.11,0.62,1.4899999999999998,1.01,2.11,1.0459999999999998,0.3673806900594688,1.4899999999999998,0.62,0.35714285714285715,230.81,55.16333333333333,1.62,0.8700000000000002,0.32,-0.51,-0.8300000000000001,-0.88,-0.17,0.71,-0.45,0.74,1.19,3.21,9.78,6.569999999999999,17.14,-6.86,-24.0,34.67,1.73,-32.940000000000005,fall_220.csv,1,fall
15,2.799999952316284,-0.42866666666666664,0.6066284655685845,0.19,-2.0,2.19,-0.06,-0.5466666666666667,0.5127888268599278,0.34,-1.68,2.02,-0.63,0.25733333333333336,0.6344453895970499,1.44,-0.46,1.9,0.28,27.359999999999996,62.962344528864456,214.76,-34.18,248.94,3.66,3.847333333333334,95.37795099098165,213.0,-183.65,396.65,4.27,4.975333333333334,86.0300141036061,217.2,-227.42,444.62,11.0,1.1033333333333333,0.5632008860923765,2.92,0.68,2.2399999999999998,0.96,2.92,1.1033333333333333,0.5632008860923765,2.2399999999999998,0.68,0.5,227.42,71.14933333333333,2.0,0.9213333333333332,0.06,-0.73,-0.79,-0.95,-0.21,0.74,-0.3,0.63,0.9299999999999999,-8.41,-0.34,8.07,7.36,1.1,-6.26,-4.83,6.29,11.120000000000001,fall_221.csv,1,fall
17,3.200000047683716,-0.39705882352941174,0.4317662085243928,0.09,-1.29,1.3800000000000001,-0.49,-0.328235294117647,0.4204348239340678,0.35,-0.96,1.31,-0.18,0.3476470588235294,0.5669493960196613,0.95,-0.43,1.38,0.65,-11.531176470588235,67.84637065480666,83.27,-250.14,333.40999999999997,-2.85,-14.566470588235294,53.67587725659177,58.68,-182.97,241.65,-2.24,14.500588235294117,65.35271689748141,228.15,-88.37,316.52,4.05,0.9947058823529412,0.20193184639435974,1.36,0.57,0.7900000000000001,1.0,1.36,0.9947058823529412,0.20193184639435974,0.7900000000000001,0.57,0.375,250.14,54.284705882352945,1.29,0.84,-0.01,-0.74,-0.73,-0.96,-0.02,0.94,-0.29,0.94,1.23,-0.96,20.99,21.95,-0.23,-32.11,-31.88,-1.88,4.05,5.93,fall_222.csv,1,fall
17,3.1999998092651367,-0.41000000000000003,0.6082762530298219,0.19,-2.0,2.19,-0.28,-0.42,0.6003644726330831,0.86,-2.0,2.86,-0.23,0.31411764705882356,0.64460316109535,1.69,-0.49,2.1799999999999997,0.37,42.930588235294124,86.38938979054288,250.13,-26.13,276.26,6.82,1.8541176470588214,93.02138397022104,250.13,-229.79,479.91999999999996,3.44,18.45705882352941,70.40346393863602,231.28,-96.56,327.84000000000003,1.25,1.0711764705882354,0.6303062980898769,2.83,0.21,2.62,0.96,2.83,1.0711764705882354,0.6303062980898769,2.62,0.21,0.375,250.13,71.89882352941176,2.0,0.8770588235294118,0.07,-0.49,-0.56,-0.94,-0.14,0.7999999999999999,-0.33,0.79,1.12,2.73,8.1,5.369999999999999,-0.33,-4.27,-3.9399999999999995,-5.05,1.95,7.0,fall_223.csv,1,fall
15,2.7899999618530273,-0.308,0.5661549510261554,0.17,-2.0,2.17,-0.12,-0.42400000000000004,0.3959581507468398,0.23,-0.99,1.22,-0.37,0.144,0.5405922677952396,1.0,-0.42,1.42,-0.26,-23.329999999999995,62.27047523276409,51.83,-230.61,282.44,-5.08,-20.763333333333332,70.2211665959434,66.82,-205.79,272.61,2.66,24.28466666666667,80.375852260904,250.13,-135.31,385.44,13.46,0.9460000000000001,0.3592014953834606,2.05,0.5,1.5499999999999998,0.97,2.05,0.9460000000000001,0.3592014953834606,1.5499999999999998,0.5,0.5,250.13,64.89333333333333,2.0,0.8226666666666668,0.12,-0.66,-0.78,-0.94,-0.24,0.7,-0.28,0.65,0.93,-2.93,-5.08,-2.15,9.15,-5.44,-14.59,3.02,-4.12,-7.140000000000001,fall_224.csv,1,fall
16,2.989999771118164,-0.40062499999999995,0.49568092895867333,0.14,-1.6,1.7400000000000002,-0.36,-0.484375,0.4927199170590394,0.44,-1.24,1.68,-0.415,0.133125,0.5484611046677178,1.06,-0.46,1.52,-0.024999999999999994,9.102500000000001,49.74919101519809,168.28,-29.71,197.99,-3.52,-21.574374999999996,57.89506864074579,45.45,-143.79,189.24,2.06,33.3625,79.70994162169066,250.13,-129.11,379.24,20.555,1.0162499999999999,0.3635908873078825,2.02,0.52,1.5,0.955,2.02,1.0162499999999999,0.3635908873078825,1.5,0.52,0.4666666666666667,250.13,61.3425,1.6,0.868125,0.04,-0.68,-0.7200000000000001,-0.91,-0.2,0.71,-0.3,0.64,0.94,-2.2,-18.79,-16.59,7.87,7.11,-0.7599999999999998,-3.23,22.52,25.75,fall_225.csv,1,fall
18,3.4000000953674316,-0.45222222222222225,0.5396900587162267,0.15,-2.0,2.15,-0.45,-0.4116666666666667,0.6030730128463132,0.99,-2.0,2.99,-0.28500000000000003,0.3111111111111111,0.534777456615904,0.95,-0.43,1.38,0.5800000000000001,-6.232222222222224,74.79746374715212,188.53,-229.65,418.18,-8.34,-19.471666666666668,62.36986765399194,76.58,-226.71,303.29,-10.35,7.897222222222222,75.80375140535054,250.13,-155.44,405.57,5.63,1.0699999999999998,0.4789694820193478,2.83,0.6,2.23,0.975,2.83,1.0699999999999998,0.4789694820193478,2.23,0.6,0.35294117647058826,250.13,67.63666666666666,2.0,0.865,0.11,-0.38,-0.49,-0.93,0.1,1.03,-0.37,0.46,0.8300000000000001,-18.97,-7.07,11.899999999999999,11.5,76.58,65.08,-4.45,-16.59,-12.14,fall_226.csv,1,fall
17,3.200000047683716,-0.42823529411764705,0.536542580953712,0.11,-2.0,2.11,-0.51,-0.33176470588235296,0.585483083595479,1.52,-0.96,2.48,-0.27,0.41529411764705887,0.8231275542637577,2.0,-0.63,2.63,0.54,18.537647058823527,58.447616774490015,188.32,-47.67,235.99,12.61,3.132352941176468,52.283004471985414,108.13,-124.63,232.76,0.13,23.478823529411763,67.34114482268185,250.13,-62.53,312.65999999999997,12.31,1.1741176470588233,0.5802053389052169,2.84,0.76,2.08,0.99,2.84,1.1741176470588233,0.5802053389052169,2.08,0.76,0.4375,250.13,56.24941176470588,2.0,0.9523529411764704,0.04,-0.59,-0.63,-0.96,-0.23,0.73,-0.38,0.93,1.31,-11.63,17.85,29.480000000000004,6.4,-10.05,-16.450000000000003,-11.97,0.65,12.620000000000001,fall_228.csv,1,fall
18,3.4000000953674316,-0.35833333333333334,0.5093161505160331,1.15,-1.09,2.24,-0.5349999999999999,-0.3794444444444445,0.5318610192436082,0.61,-1.46,2.07,-0.25,0.26499999999999996,0.5686852742743306,1.0,-0.64,1.6400000000000001,0.625,-17.013333333333332,51.14312373997459,68.22,-186.04,254.26,-4.720000000000001,-20.609444444444442,64.40443686508326,34.76,-224.97,259.73,-2.21,6.944999999999999,38.044914826000685,71.34,-80.31,151.65,6.285,1.0461111111111112,0.26205385366794787,1.79,0.6,1.19,0.985,1.79,1.0461111111111112,0.26205385366794787,1.19,0.6,0.35294117647058826,224.97,52.498333333333335,1.46,0.8616666666666668,-0.01,-0.7,-0.69,-0.98,-0.25,0.73,-0.3,0.96,1.26,-6.76,15.05,21.810000000000002,6.18,-6.16,-12.34,4.16,-22.15,-26.31,fall_229.csv,1,fall
16,3.009999990463257,-0.158125,0.46807718380626073,1.29,-0.64,1.9300000000000002,-0.165,-0.530625,0.48639447296750127,0.16,-1.6,1.76,-0.395,0.14125,0.6195683981611716,1.1,-0.74,1.84,-0.20500000000000002,-4.61125,52.084398799768564,65.02,-120.47,185.49,0.7250000000000001,-22.22,59.56377008439499,23.9,-188.96,212.86,-2.9,1.9812500000000006,26.12466341090988,49.89,-38.44,88.33,4.12,1.023125,0.2660255313561714,1.82,0.59,1.23,0.99,1.82,1.023125,0.2660255313561714,1.23,0.59,0.4666666666666667,188.96,57.52125,1.6,0.899375,0.05,-0.49,-0.54,-0.95,-0.2,0.75,-0.34,0.76,1.1,-8.21,12.34,20.55,-0.24,-11.37,-11.129999999999999,-5.72,3.47,9.19,fall_230.csv,1,fall
16,3.009999990463257,-0.36124999999999996,0.47152058986503087,0.25,-1.18,1.43,-0.44,-0.45562499999999995,0.4655171855044666,0.57,-1.2,1.77,-0.44499999999999995,0.2625,0.47627023141629726,1.08,-0.32,1.4000000000000001,0.44,-7.930625,18.05332415143169,22.66,-39.25,61.91,-9.14,-15.752500000000001,47.56605323126988,18.4,-172.84,191.24,-1.75,17.85125,39.512641500326616,94.61,-49.6,144.21,9.434999999999999,0.986875,0.24882976108174842,1.69,0.59,1.1,0.955,1.69,0.986875,0.24882976108174842,1.1,0.59,0.4,172.84,40.430625,1.2,0.8049999999999999,0.14,-0.7,-0.84,-0.99,-0.24,0.75,-0.26,0.65,0.91,-8.12,4.89,13.009999999999998,9.6,3.27,-6.33,13.09,7.43,-5.66,fall_231.csv,1,fall
17,3.200000047683716,-0.448235294117647,0.46169843098766383,0.16,-1.57,1.73,-0.58,-0.5429411764705884,0.5644883159318087,0.7,-2.0,2.7,-0.48,0.18,0.580904467188883,0.92,-0.52,1.44,0.6,33.0,83.48093472464237,250.13,-31.0,281.13,5.33,-11.433529411764704,72.49353565501345,133.21,-250.14,383.35,-4.57,27.615882352941178,56.392284164017454,204.21,-34.4,238.61,8.14,1.0894117647058823,0.41017481925752236,2.57,0.8,1.7699999999999998,0.96,2.57,1.0894117647058823,0.41017481925752236,1.7699999999999998,0.8,0.4375,250.14,58.012352941176474,2.0,0.8470588235294118,0.12,-0.62,-0.74,-0.9,-0.3,0.6000000000000001,-0.31,0.65,0.96,-15.73,-1.26,14.47,6.6,-1.53,-8.129999999999999,-7.95,-4.14,3.8100000000000005,fall_232.csv,1,fall
16,3.0,-0.409375,0.4556968107561576,0.17,-1.38,1.5499999999999998,-0.495,-0.510625,0.42698116664165253,0.2,-1.14,1.3399999999999999,-0.485,0.16375,0.707501472318845,1.54,-0.82,2.36,0.19,18.610625,61.75239066559826,237.28,-35.13,272.41,2.2800000000000002,-15.158749999999998,91.39111735648419,153.95,-250.14,404.09,0.195,23.951875,56.169251756781186,179.7,-91.3,271.0,15.035,1.095,0.3132198376007922,1.91,0.83,1.08,0.96,1.91,1.095,0.3132198376007922,1.08,0.83,0.4666666666666667,250.14,60.903125,1.54,0.896875,0.07,-0.62,-0.69,-0.94,-0.2,0.74,-0.22,0.69,0.9099999999999999,-2.24,10.86,13.1,-0.91,-3.44,-2.53,-5.75,-3.67,2.08,fall_233.csv,1,fall
16,3.0,-0.423125,0.3528874938749365,0.03,-1.03,1.06,-0.575,-0.43125,0.629697017091024,0.99,-2.0,2.99,-0.255,0.215625,0.607266759066118,0.96,-0.99,1.95,0.5,14.085624999999997,66.75814706523342,240.79,-63.18,303.96999999999997,-0.605,-11.187499999999998,42.854936471776504,61.34,-130.34,191.68,0.925,19.74,70.45059394119163,250.13,-57.98,308.11,10.485,1.04,0.41758033159301616,2.46,0.66,1.7999999999999998,0.975,2.46,1.04,0.41758033159301616,1.7999999999999998,0.66,0.4,250.13,49.87625,2.0,0.8356250000000001,-0.01,-0.62,-0.61,-0.93,-0.15,0.78,-0.3,0.69,0.99,-11.57,-1.75,9.82,9.5,-1.64,-11.14,-2.47,0.64,3.1100000000000003,fall_234.csv,1,fall
16,3.0,-0.439375,0.5474726020542032,0.19,-2.0,2.19,-0.445,-0.401875,0.4234653665492217,0.29,-0.98,1.27,-0.23500000000000001,0.34875,0.6985592315616479,2.0,-0.4,2.4,0.41500000000000004,25.61125,64.16396827659587,250.13,-16.18,266.31,4.655,-25.713125,79.77572736271354,83.13,-227.1,310.23,-0.44999999999999996,34.219375,76.54837141474664,250.13,-93.69,343.82,13.489999999999998,1.073125,0.49270300384714516,2.84,0.71,2.13,0.98,2.84,1.073125,0.49270300384714516,2.13,0.71,0.4666666666666667,250.13,64.17125,2.0,0.8925000000000001,-0.05,-0.55,-0.5,-0.98,-0.19,0.79,-0.31,0.7,1.01,5.44,-3.44,-8.88,4.45,5.04,0.5899999999999999,1.92,-4.78,-6.7,fall_236.csv,1,fall
15,2.8000001907348633,-0.31133333333333335,0.3902172776922157,0.08,-1.43,1.51,-0.17,-0.4346666666666666,0.4504738246187748,0.48,-0.99,1.47,-0.39,0.24799999999999997,0.5773115029414981,0.99,-0.46,1.45,0.54,-4.828,46.50696080004737,121.31,-84.27,205.57999999999998,-11.4,-16.206666666666667,38.53160051302357,43.7,-86.79,130.49,-7.44,17.762,72.24853109727758,193.48,-130.28,323.76,5.43,0.958,0.2740490050024943,1.78,0.6,1.1800000000000002,0.97,1.78,0.958,0.2740490050024943,1.1800000000000002,0.6,0.6428571428571429,193.48,57.27666666666666,1.43,0.8186666666666667,0.01,-0.51,-0.52,-0.93,-0.22,0.7100000000000001,-0.26,0.66,0.92,-2.94,6.09,9.03,-1.75,-13.49,-11.74,-5.18,18.84,24.02,fall_237.csv,1,fall
18,3.4000000953674316,-0.20722222222222225,0.16017657740041902,0.09,-0.45,0.54,-0.14500000000000002,-0.5472222222222222,0.4050679762206303,0.1,-1.03,1.1300000000000001,-0.5700000000000001,0.3266666666666666,0.47498606790713593,0.97,-0.34,1.31,0.4,23.799444444444443,76.72686640991516,250.13,-128.18,378.31,8.004999999999999,-28.225555555555555,47.76977708357429,29.52,-177.24,206.76000000000002,-20.5,14.516666666666667,34.47465241048166,128.18,-30.59,158.77,7.92,0.9066666666666667,0.14046142447200896,1.04,0.56,0.48,0.935,1.04,0.9066666666666667,0.14046142447200896,0.48,0.56,0.17647058823529413,250.13,60.27277777777778,1.03,0.8350000000000001,-0.08,-0.41,-0.32999999999999996,-0.99,-0.03,0.96,-0.17,0.81,0.9800000000000001,9.6,-9.51,-19.11,-20.81,-4.52,16.29,3.23,-6.24,-9.47,fall_238.csv,1,fall
21,4.0,0.24761904761904763,0.3967354882274179,0.78,-0.94,1.72,0.31,-0.48428571428571426,0.46012575920688725,0.68,-1.01,1.69,-0.51,0.23476190476190478,0.7535158860144824,1.2,-2.0,3.2,0.57,26.845238095238102,84.61428263709665,250.13,-89.02,339.15,-2.73,10.98857142857143,52.52665954405575,185.75,-94.95,280.7,11.05,-7.078095238095239,35.89973156153784,56.93,-87.2,144.13,0.29,1.060952380952381,0.35136739692101154,2.43,0.73,1.7000000000000002,0.96,2.43,1.060952380952381,0.35136739692101154,1.7000000000000002,0.73,0.35,250.13,62.345238095238095,2.0,0.8533333333333334,0.08,0.35,0.26999999999999996,-0.96,-0.59,0.37,-0.21,0.63,0.84,0.1,-12.64,-12.74,-2.54,20.29,22.83,-7.9,20.53,28.43,fall_239.csv,1,fall
19,3.5999999046325684,-0.14894736842105263,0.3460233572212866,0.34,-0.75,1.09,-0.25,-0.2405263157894737,0.6771629845187488,1.64,-1.18,2.82,-0.11,0.28578947368421054,0.8765862814189654,1.76,-2.0,3.76,0.65,10.028421052631579,28.694116947005377,67.04,-48.95,115.99000000000001,6.89,-4.241052631578948,19.73285525736676,53.05,-32.5,85.55,-6.02,-4.469473684210525,41.04127752420377,40.02,-142.83,182.85000000000002,2.19,1.0936842105263158,0.5051425599253673,2.49,0.41,2.08,0.97,2.49,1.0936842105263158,0.5051425599253673,2.08,0.41,0.4444444444444444,142.83,34.84263157894736,2.0,0.9278947368421052,0.22,-0.41,-0.63,-0.95,-0.11,0.84,-0.37,0.83,1.2,5.64,11.02,5.38,-6.02,3.91,9.93,0.96,7.76,6.8,fall_240.csv,1,fall
21,3.990000009536743,-0.2633333333333333,0.41651330510961265,0.54,-1.36,1.9000000000000001,-0.35,-0.20761904761904765,0.5588730156476045,1.22,-1.0,2.2199999999999998,-0.09,0.4361904761904763,0.8483069974394658,2.0,-2.0,4.0,0.8,7.742380952380953,32.19678491787059,96.98,-48.7,145.68,3.02,13.455714285714283,62.63471134853489,250.13,-84.95,335.08,-1.17,1.560000000000001,19.630545076487305,38.25,-28.37,66.62,0.34,1.0919047619047622,0.5191205933848035,2.71,0.28,2.4299999999999997,0.97,2.71,1.0919047619047622,0.5191205933848035,2.4299999999999997,0.28,0.35,250.13,41.889523809523816,2.0,0.9480952380952381,0.19,-0.43,-0.62,-0.93,-0.15,0.78,-0.32,0.8,1.12,6.39,-11.87,-18.259999999999998,-2.02,-2.48,-0.45999999999999996,0.34,-2.69,-3.03,fall_241.csv,1,fall
17,3.190000057220459,-0.26176470588235295,0.43074405530021026,0.35,-1.22,1.5699999999999998,-0.28,-0.4194117647058824,0.7440805617357177,0.98,-2.0,2.98,-0.61,0.5882352941176471,0.8737221761958837,2.0,-0.78,2.7800000000000002,0.83,14.281176470588235,69.77299109275316,191.34,-79.79,271.13,-0.18,3.2211764705882358,34.14350668178961,78.69,-71.5,150.19,-0.76,6.898823529411765,27.70062632016489,100.53,-27.2,127.73,2.56,1.2952941176470587,0.5867933798094822,2.94,0.49,2.45,1.06,2.94,1.2952941176470587,0.5867933798094822,2.45,0.49,0.375,191.34,47.21058823529412,2.0,1.06,0.18,-0.28,-0.46,-0.94,-0.41,0.53,-0.46,0.76,1.22,-0.38,-8.09,-7.71,-0.76,-0.14,0.62,4.15,7.96,3.8099999999999996,fall_242.csv,1,fall
16,2.990000009536743,0.583125,0.4023384769071932,1.09,-0.54,1.6300000000000001,0.5800000000000001,-0.36,0.5202819748303157,0.36,-1.39,1.75,-0.37,0.0625,0.4414445982604536,0.84,-0.63,1.47,0.06999999999999999,14.471874999999997,72.93069488391016,233.73,-131.02,364.75,12.075,-5.8475,55.04392567153376,102.99,-141.27,244.26,4.96,-22.503124999999997,77.1397903133223,84.53,-250.14,334.66999999999996,-6.555,0.974375,0.343685296940869,1.96,0.29,1.67,0.95,1.96,0.974375,0.343685296940869,1.67,0.29,0.4666666666666667,250.14,61.713750000000005,1.39,0.7887500000000001,0.52,0.89,0.37,-0.74,0.18,0.9199999999999999,-0.57,0.43,1.0,4.61,11.69,7.079999999999999,31.97,5.56,-26.41,-12.69,-1.14,11.549999999999999,fall_243.csv,1,fall
22,4.200000047683716,-0.38045454545454543,0.29266391048806223,0.31,-0.86,1.17,-0.45999999999999996,-0.15181818181818182,0.5150185975711516,0.73,-0.98,1.71,0.005,0.4272727272727272,0.3724076340348649,1.0,-0.26,1.26,0.56,-2.7759090909090904,57.290751656132734,144.88,-163.89,308.77,-1.77,-1.986363636363636,25.38136653333636,77.28,-62.37,139.65,-4.015000000000001,4.443636363636364,18.913301075585867,38.54,-36.0,74.53999999999999,1.4649999999999999,0.883181818181818,0.20133805647967548,1.25,0.28,0.97,0.94,1.25,0.883181818181818,0.20133805647967548,0.97,0.28,0.6190476190476191,163.89,36.88999999999999,1.0,0.7554545454545455,-0.05,-0.35,-0.3,-0.97,-0.03,0.94,0.11,0.35,0.24,0.84,1.31,0.4700000000000001,-6.34,-2.25,4.09,-0.56,2.53,3.09,fall_244.csv,1,fall
16,3.0,-0.503125,0.5031331003488706,0.11,-2.0,2.11,-0.5349999999999999,-0.298125,0.6553392887148864,0.36,-2.0,2.36,0.015,0.53375,0.5081190805313258,2.0,-0.06,2.06,0.605,34.151875000000004,69.61616710877341,250.13,-37.24,287.37,11.015,19.934374999999996,86.16911967897781,250.13,-162.96,413.09000000000003,2.65,27.86125,68.01937193427571,250.13,-51.58,301.71,10.025,1.033125,0.684433768405193,3.46,0.15,3.31,0.965,3.46,1.033125,0.684433768405193,3.31,0.15,0.3333333333333333,250.13,65.034375,2.0,0.81125,0.11,-0.73,-0.84,-0.99,0.01,1.0,-0.01,0.65,0.66,8.47,-1.57,-10.040000000000001,-4.71,-0.75,3.96,1.79,5.65,3.8600000000000003,fall_245.csv,1,fall
21,3.990000009536743,-0.32904761904761903,0.45104217942344105,0.71,-1.58,2.29,-0.44,-0.3952380952380953,0.530505598911256,0.94,-1.0,1.94,-0.34,0.3138095238095238,0.5663433251171606,1.4,-0.85,2.25,0.61,22.41142857142857,61.021626353753824,220.13,-53.49,273.62,9.88,-16.81,82.43266767489693,109.65,-250.14,359.78999999999996,-2.26,6.932857142857143,48.23293741240078,121.53,-153.58,275.11,4.61,1.0176190476190479,0.3145616753818679,2.14,0.4,1.7400000000000002,0.96,2.14,1.0176190476190479,0.3145616753818679,1.7400000000000002,0.4,0.5,250.14,51.87428571428571,1.58,0.8523809523809525,0.02,-0.64,-0.66,-0.98,-0.09,0.89,-0.16,0.71,0.87,-1.63,-6.01,-4.38,0.92,-6.66,-7.58,0.77,4.61,3.8400000000000003,fall_246.csv,1,fall
20,3.7899999618530273,-0.2975,0.3361840817797673,0.27,-0.73,1.0,-0.36,-0.23999999999999994,0.6642605703059288,0.69,-2.0,2.69,-0.025,0.462,0.5706745777448042,2.0,-0.64,2.64,0.62,2.0634999999999994,65.29760246062075,204.09,-139.43,343.52,3.905,7.9860000000000015,35.77641172322168,139.72,-27.41,167.13,0.92,26.244999999999997,60.71764319155382,207.31,-25.35,232.66,5.0,1.0174999999999998,0.4134307680857825,2.12,0.59,1.5300000000000002,0.935,2.12,1.0174999999999998,0.4134307680857825,1.5300000000000002,0.59,0.3157894736842105,207.31,54.129000000000005,2.0,0.869,-0.17,-0.68,-0.51,-0.95,-0.03,0.9199999999999999,0.06,0.58,0.52,3.25,-3.02,-6.27,20.23,9.03,-11.200000000000001,-2.56,7.56,10.12,fall_247.csv,1,fall
20,3.7899999618530273,-0.6305,0.598818793432889,0.17,-2.0,2.17,-0.725,-0.253,0.5582312292080746,0.91,-1.49,2.4,-0.055,0.5865,0.5862213970129285,2.0,-0.12,2.12,0.59,32.784000000000006,74.59835933006062,250.13,-21.78,271.90999999999997,0.845,18.113999999999997,67.23887819597105,243.62,-63.47,307.09000000000003,-0.45,20.203500000000002,57.485161588837315,203.84,-40.85,244.69,2.0599999999999996,1.1635,0.6613723769954651,2.97,0.25,2.72,0.96,2.97,1.1635,0.6613723769954651,2.72,0.25,0.3157894736842105,250.13,54.24200000000002,2.0,0.9285,0.09,-0.78,-0.87,-0.95,-0.03,0.9199999999999999,0.08,0.59,0.51,-9.95,-1.2,8.75,-5.94,0.65,6.590000000000001,-12.93,0.06,12.99,fall_248.csv,1,fall
20,3.7900002002716064,-0.362,0.40154438700701833,0.25,-0.83,1.08,-0.605,-0.3445,0.5037070472741911,0.31,-1.6,1.9100000000000001,-0.095,0.34299999999999997,0.4578105790780609,0.86,-0.53,1.3900000000000001,0.61,20.331,42.47844430445065,126.31,-84.08,210.39,9.190000000000001,2.5554999999999994,31.760733200306518,80.02,-72.01,152.03,-1.095,13.741,48.846896459081314,123.58,-69.24,192.82,1.705,0.9465,0.25684881893727624,1.61,0.29,1.32,0.96,1.61,0.9465,0.25684881893727624,1.32,0.29,0.2631578947368421,126.31,41.7025,1.6,0.791,0.06,-0.71,-0.77,-0.94,-0.03,0.9099999999999999,-0.19,0.63,0.8200000000000001,15.98,-3.92,-19.9,17.37,-2.33,-19.700000000000003,12.46,2.87,-9.59,fall_249.csv,1,fall
19,3.5999999046325684,-0.5389473684210526,0.6333411818534928,0.14,-2.0,2.14,-0.64,-0.3721052631578948,0.6069191685825901,0.93,-1.5,2.43,-0.35,0.358421052631579,0.642981450897948,2.0,-0.68,2.68,0.53,23.866315789473685,81.2572533658467,250.13,-80.58,330.71,6.3,10.052105263157895,61.615168098172724,220.95,-81.8,302.75,0.16,21.755789473684207,57.23129071445187,196.79,-33.58,230.37,-0.46,1.1794736842105262,0.5530568956486859,2.98,0.5,2.48,1.02,2.98,1.1794736842105262,0.5530568956486859,2.48,0.5,0.4444444444444444,250.13,58.04842105263158,2.0,0.9589473684210525,-0.03,-0.64,-0.61,-1.09,-0.04,1.05,0.06,0.63,0.5700000000000001,-19.29,2.29,21.58,11.24,0.16,-11.08,-0.71,1.07,1.78,fall_250.csv,1,fall
19,3.5999999046325684,-0.28421052631578947,0.4201232066572018,0.2,-1.01,1.21,-0.11,-0.32210526315789473,0.7576174565876342,2.0,-1.18,3.1799999999999997,-0.29,0.3347368421052631,0.49429375455236507,1.5,-0.3,1.8,0.33,24.35736842105263,50.3597179016573,138.56,-31.38,169.94,6.6,0.08052631578947557,66.90173668844348,207.0,-118.52,325.52,-0.11,0.8731578947368419,40.03993312967992,108.3,-64.86,173.16,-5.81,1.0336842105263155,0.42123113906099097,2.51,0.41,2.0999999999999996,0.99,2.51,1.0336842105263155,0.42123113906099097,2.0999999999999996,0.41,0.5555555555555556,207.0,54.30105263157895,2.0,0.8842105263157896,0.17,-0.79,-0.9600000000000001,-0.93,0.03,0.9600000000000001,-0.21,0.59,0.7999999999999999,39.94,0.95,-38.989999999999995,1.41,-2.58,-3.99,25.12,6.49,-18.630000000000003,fall_251.csv,1,fall
15,2.7899999618530273,-0.424,0.5593848662338198,0.46,-2.0,2.46,-0.48,-0.2946666666666666,0.8256241506249911,2.0,-1.61,3.6100000000000003,-0.35,0.5433333333333333,0.7447115133360287,2.0,-0.57,2.57,0.69,19.03466666666667,36.05661497991074,96.23,-22.14,118.37,6.66,27.609999999999996,84.56003488646395,248.63,-75.16,323.78999999999996,5.01,17.87600000000001,86.89688214035235,250.13,-84.46,334.59,-6.51,1.2160000000000004,0.7503313553738394,3.46,0.3,3.16,0.96,3.46,1.2160000000000004,0.7503313553738394,3.16,0.3,0.42857142857142855,250.13,65.85466666666666,2.0,0.9546666666666668,-0.03,-0.73,-0.7,-0.94,-0.09,0.85,-0.09,0.72,0.8099999999999999,25.56,-5.84,-31.4,5.01,-1.53,-6.54,15.28,-9.2,-24.479999999999997,fall_252.csv,1,fall
18,3.3999998569488525,-0.032777777777777815,0.8358638050864476,2.0,-1.36,3.3600000000000003,-0.125,-0.28611111111111115,0.7888647009087612,1.23,-2.0,3.23,-0.04,0.27055555555555555,0.5572144187803578,1.08,-0.94,2.02,0.5249999999999999,11.959444444444443,58.5585354678871,177.72,-108.29,286.01,7.375,-10.552777777777779,51.9974572687771,85.96,-165.86,251.82,-7.645,-3.5455555555555542,45.06611055173763,82.33,-137.26,219.58999999999997,1.11,1.1661111111111113,0.5990398090364758,2.55,0.47,2.08,0.965,2.55,1.1661111111111113,0.5990398090364758,2.08,0.47,0.5294117647058824,177.72,50.76611111111111,2.0,0.9788888888888889,0.13,-0.66,-0.79,-0.97,-0.04,0.9299999999999999,-0.17,0.6,0.77,-3.93,13.1,17.03,-8.79,-12.63,-3.8400000000000016,-0.17,-7.48,-7.3100000000000005,fall_253.csv,1,fall
15,2.8000001907348633,-0.43466666666666665,0.4620276223447293,0.05,-1.32,1.37,-0.2,-0.4533333333333332,0.7218494764607555,0.9,-2.0,2.9,-0.22,0.3326666666666666,0.599147807505039,1.85,-0.45,2.3000000000000003,0.29,31.15066666666666,104.43635392406411,250.13,-183.18,433.31,9.28,20.09666666666667,74.82626970586759,250.13,-111.86,361.99,6.91,27.51333333333333,90.84918787801703,250.13,-121.9,372.03,1.37,1.0913333333333335,0.600510100624778,2.91,0.28,2.63,0.97,2.91,1.0913333333333335,0.600510100624778,2.63,0.28,0.42857142857142855,250.13,74.37599999999998,2.0,0.92,0.0,-0.72,-0.72,-0.95,-0.03,0.9199999999999999,-0.07,0.63,0.7,-16.14,-9.13,7.01,4.69,-13.16,-17.85,-7.32,1.66,8.98,fall_254.csv,1,fall
19,3.5999999046325684,-0.3231578947368421,0.5404427468040435,0.69,-2.0,2.69,-0.29,-0.23,0.6025040341035992,0.59,-0.98,1.5699999999999998,-0.08,0.42157894736842105,0.6387945518961191,2.0,-0.53,2.5300000000000002,0.45,48.43052631578948,87.53578255482371,250.13,-40.92,291.05,26.94,21.001052631578954,99.78503967667123,250.13,-150.34,400.47,2.05,23.661578947368422,90.40875727391051,250.13,-96.57,346.7,1.66,1.036315789473684,0.5297400885373023,2.9,0.33,2.57,0.97,2.9,1.036315789473684,0.5297400885373023,2.57,0.33,0.3888888888888889,250.13,80.80947368421054,2.0,0.8336842105263158,0.11,-0.39,-0.5,-0.98,0.18,1.16,-0.16,0.65,0.81,7.19,-29.14,-36.33,-2.51,25.02,27.53,1.66,-13.56,-15.22,fall_255.csv,1,fall
20,3.7899999618530273,-0.1775,0.47214934078107107,0.38,-1.14,1.52,-0.055,-0.437,0.7383559261522932,2.0,-1.08,3.08,-0.575,0.21149999999999997,0.44267458643306395,0.88,-0.27,1.15,-0.0049999999999999975,34.2295,75.21092407181845,250.13,-72.22,322.35,10.45,-1.95,43.22602554261178,65.74,-148.79,214.52999999999997,1.73,0.4055000000000007,61.239571870602894,105.98,-201.21,307.19,2.83,1.012,0.4102322833661308,2.46,0.48,1.98,0.975,2.46,1.012,0.4102322833661308,1.98,0.48,0.631578947368421,250.13,64.66150000000002,2.0,0.8705,0.16,-0.64,-0.8,-1.05,-0.23,0.8200000000000001,-0.24,0.61,0.85,11.14,-14.89,-26.03,-10.56,17.69,28.25,5.02,3.13,-1.8899999999999997,fall_256.csv,1,fall
15,2.8000001907348633,-0.40800000000000003,0.537297470149052,0.37,-1.77,2.14,-0.41,-0.42800000000000005,0.6536731380656324,1.19,-1.4,2.59,-0.29,0.2773333333333333,0.43630701292072943,0.87,-0.45,1.32,0.41,7.034666666666666,80.39428096811956,183.02,-179.68,362.70000000000005,-1.31,19.735333333333333,92.97934662114614,250.13,-172.21,422.34000000000003,-5.73,13.913333333333332,23.63187456039184,71.69,-17.29,88.97999999999999,11.78,1.0313333333333334,0.47414383993929626,1.91,0.23,1.68,0.97,1.91,1.0313333333333334,0.47414383993929626,1.68,0.23,0.6428571428571429,250.13,76.25666666666666,1.77,0.8673333333333333,-0.02,-0.64,-0.62,-0.97,-0.13,0.84,-0.1,0.56,0.66,13.44,-9.02,-22.46,34.71,-28.53,-63.24,10.03,4.48,-5.549999999999999,fall_257.csv,1,fall
17,3.180000066757202,-0.4717647058823529,0.47727396867676597,0.09,-1.45,1.54,-0.54,-0.23470588235294118,0.7818097406583238,2.0,-1.82,3.8200000000000003,-0.19,0.30647058823529405,0.6931805426480769,2.0,-0.68,2.68,0.25,15.462352941176471,50.11194574767225,128.45,-78.31,206.76,10.5,5.589999999999999,67.6690811966588,186.6,-105.49,292.09,-4.83,14.39,59.85374487030866,198.89,-80.05,278.94,-3.37,1.0511764705882354,0.734905456104229,3.18,0.2,2.98,0.9,3.18,1.0511764705882354,0.734905456104229,2.98,0.2,0.4375,198.89,63.53058823529412,2.0,0.8852941176470588,0.09,-0.81,-0.9,-0.93,-0.04,0.89,-0.07,0.52,0.5900000000000001,10.5,-6.2,-16.7,-1.92,-4.83,-2.91,6.68,-0.05,-6.7299999999999995,fall_258.csv,1,fall
15,2.799999952316284,-0.3333333333333333,0.4333864436317887,0.31,-1.14,1.45,-0.35,-0.4566666666666667,0.7410481637197281,0.51,-1.88,2.3899999999999997,-0.4,0.32533333333333336,0.5284730925258253,1.56,-0.39,1.9500000000000002,0.33,23.691333333333333,81.88590510727775,250.13,-84.54,334.67,3.06,7.981333333333334,43.11468590807987,93.86,-72.75,166.61,-5.44,25.353999999999996,67.61984755127108,205.21,-54.35,259.56,3.76,1.0839999999999999,0.4648010327010903,2.06,0.48,1.58,0.97,2.06,1.0839999999999999,0.4648010327010903,1.58,0.48,0.42857142857142855,250.13,69.30199999999998,1.88,0.9159999999999999,0.01,-0.51,-0.52,-0.97,-0.02,0.95,0.01,0.5,0.49,3.06,47.53,44.47,-6.28,5.18,11.46,-1.08,-12.37,-11.29,fall_259.csv,1,fall
19,8.680000066757202,0.09473684210526317,0.44817368187211426,0.62,-1.6,2.22,0.12,-0.49526315789473685,0.7283342366207415,2.0,-1.65,3.65,-0.54,0.3942105263157895,0.8352266212064423,2.0,-1.75,3.75,0.41,19.933684210526316,84.27019409880513,196.05,-233.34,429.39,14.76,-13.055789473684213,58.299614093995274,60.78,-171.8,232.58,-3.55,15.762105263157892,73.23436159033449,250.13,-111.55,361.68,0.5,1.1526315789473685,0.6788539534085954,3.05,0.04,3.01,0.96,3.05,1.1526315789473685,0.6788539534085954,3.01,0.04,0.5555555555555556,250.13,58.972105263157886,2.0,1.0005263157894735,-0.05,0.1,0.15000000000000002,-1.06,-0.25,0.81,-0.16,0.88,1.04,31.51,1.67,-29.840000000000003,-0.05,-2.07,-2.02,8.46,-0.33,-8.790000000000001,fall_260.csv,1,fall
21,4.0,-0.05047619047619048,0.3846618799735189,1.01,-0.53,1.54,-0.03,-0.4666666666666666,0.48323217332182394,0.15,-2.0,2.15,-0.4,0.2785714285714286,0.7260047225348173,1.03,-1.74,2.77,0.6,18.021428571428572,93.53058052239996,234.35,-169.53,403.88,-3.82,6.252380952380953,53.24814897297012,208.65,-67.25,275.9,-1.42,-1.4128571428571435,40.27643655325743,92.69,-77.92,170.61,-3.71,0.9990476190476191,0.42238495193253234,2.17,0.42,1.75,0.96,2.17,0.9990476190476191,0.42238495193253234,1.75,0.42,0.35,234.35,61.61857142857142,2.0,0.8604761904761905,0.17,-0.3,-0.47,-0.8,-0.21,0.5900000000000001,-0.45,0.88,1.33,27.73,14.34,-13.39,-3.94,-13.07,-9.13,-20.89,-6.39,14.5,fall_261.csv,1,fall
19,3.5999999046325684,-0.3589473684210526,0.47125004847441077,0.39,-1.14,1.5299999999999998,-0.45,-0.29578947368421055,0.6408788738865965,0.67,-2.0,2.67,0.0,0.25315789473684214,0.6891706177361867,1.18,-1.19,2.37,0.63,12.38,90.04693412018227,250.13,-162.95,413.08,0.5,-20.67473684210526,78.75432858427678,114.14,-250.14,364.28,0.34,13.311578947368423,50.08271527773473,155.24,-55.18,210.42000000000002,3.53,1.0989473684210527,0.3653749175974683,2.27,0.72,1.55,0.97,2.27,1.0989473684210527,0.3653749175974683,1.55,0.72,0.4444444444444444,250.14,79.8221052631579,2.0,0.8863157894736841,0.15,-0.67,-0.8200000000000001,-0.99,0.0,0.99,-0.45,0.71,1.16,0.08,0.56,0.48000000000000004,8.11,3.47,-4.639999999999999,-14.31,3.53,17.84,fall_262.csv,1,fall
19,3.5999999046325684,-0.4610526315789474,0.4032354528180238,0.18,-1.15,1.3299999999999998,-0.51,-0.301578947368421,0.8130618615107186,2.0,-2.0,4.0,-0.1,0.31947368421052635,0.42335267257939563,1.0,-0.46,1.46,0.45,-2.856315789473685,57.06183626465886,141.22,-173.86,315.08000000000004,-2.47,10.724736842105264,67.78111146005378,128.79,-177.38,306.16999999999996,1.19,9.172105263157896,50.29978756073399,174.69,-48.62,223.31,-5.58,1.0726315789473686,0.46340337726270353,2.27,0.29,1.98,0.96,2.27,1.0726315789473686,0.46340337726270353,1.98,0.29,0.4444444444444444,177.38,51.223157894736836,2.0,0.9326315789473684,-0.09,-0.79,-0.7000000000000001,-1.02,-0.05,0.97,-0.13,0.54,0.67,-2.37,-1.27,1.1,24.32,1.19,-23.13,-5.57,0.18,5.75,fall_263.csv,1,fall
19,3.5999999046325684,-0.4005263157894737,0.47917143399611667,0.09,-1.87,1.9600000000000002,-0.38,-0.23947368421052637,0.8749188767741113,2.0,-1.86,3.8600000000000003,-0.19,0.5021052631578947,0.6512345451130015,2.0,-0.18,2.18,0.52,11.508947368421053,95.33473902779131,237.47,-245.15,482.62,6.76,-15.12473684210526,50.31728169751324,46.53,-188.42,234.95,-4.88,8.834210526315788,39.962068169673856,84.8,-79.46,164.26,8.98,1.1631578947368422,0.6997067054732365,2.98,0.15,2.83,0.97,2.98,1.1631578947368422,0.6997067054732365,2.83,0.15,0.5,245.15,62.05894736842106,2.0,0.9494736842105262,-0.03,-0.64,-0.61,-1.03,-0.19,0.8400000000000001,-0.03,0.62,0.65,-5.53,2.24,7.7700000000000005,8.43,1.25,-7.18,-7.27,1.63,8.899999999999999,fall_264.csv,1,fall
20,3.799999952316284,-0.2945,0.42036919863126837,0.4,-0.8,1.2000000000000002,-0.22,-0.277,0.583907887472529,1.18,-1.1,2.2800000000000002,-0.085,0.4514999999999999,0.6666907671082362,2.0,-0.65,2.65,0.52,17.353499999999997,76.91889024536785,250.13,-79.6,329.73,0.3950000000000001,-3.5824999999999996,41.438860464290606,104.6,-95.02,199.62,3.19,15.222000000000003,42.968633676206174,123.7,-54.87,178.57,3.2800000000000002,1.0370000000000001,0.46628543325216354,2.34,0.12,2.2199999999999998,0.96,2.34,1.0370000000000001,0.46628543325216354,2.2199999999999998,0.12,0.47368421052631576,250.13,52.48950000000001,2.0,0.9045000000000002,0.04,-0.8,-0.8400000000000001,-0.96,0.01,0.97,-0.12,0.54,0.66,-0.83,-2.37,-1.54,3.23,3.15,-0.08000000000000007,-2.45,3.41,5.86,fall_265.csv,1,fall
22,4.200000047683716,-0.48227272727272724,0.4647265639284882,0.73,-1.32,2.05,-0.65,-0.3727272727272728,0.5693787911331153,0.6,-1.91,2.51,-0.24,0.17727272727272728,0.5811170017276811,0.72,-1.99,2.71,0.325,18.301363636363636,45.631794606440025,163.73,-41.69,205.42,1.615,-8.852727272727272,59.442482658354244,140.29,-209.36,349.65,-1.645,5.109545454545454,37.91457898729128,107.11,-87.91,195.01999999999998,3.625,1.0477272727272728,0.38916188109444855,2.16,0.29,1.87,0.98,2.16,1.0477272727272728,0.38916188109444855,1.87,0.29,0.38095238095238093,209.36,50.347727272727276,1.99,0.9177272727272728,0.01,-0.77,-0.78,-0.87,-0.05,0.82,-0.02,0.53,0.55,15.41,2.32,-13.09,-13.52,-11.22,2.299999999999999,12.95,2.02,-10.93,fall_266.csv,1,fall
16,3.0,-0.488125,0.50339141497116,0.15,-1.32,1.47,-0.595,-0.25375000000000003,0.7965749598541663,1.88,-1.68,3.5599999999999996,-0.195,0.353125,0.6628596508060108,2.0,-0.82,2.82,0.435,29.942500000000003,46.80807800654356,128.8,-67.57,196.37,18.1,-6.6968749999999995,47.241648393305105,93.95,-100.1,194.05,-1.55,16.816249999999997,63.7099429053268,167.55,-55.36,222.91000000000003,-0.86,1.131875,0.6467376464481817,3.05,0.2,2.8499999999999996,0.995,3.05,1.131875,0.6467376464481817,2.8499999999999996,0.2,0.4666666666666667,167.55,64.97749999999999,2.0,0.9056249999999999,0.13,-0.71,-0.84,-0.96,-0.0,0.96,-0.21,0.83,1.04,12.76,13.67,0.9100000000000001,3.05,-39.5,-42.55,4.21,-1.52,-5.73,fall_267.csv,1,fall
21,4.0,-0.6323809523809525,0.5173674203301244,0.15,-2.0,2.15,-0.72,-0.2957142857142857,0.4548469130220785,0.23,-1.11,1.34,-0.04,0.41047619047619044,0.36534197939021723,1.08,-0.19,1.27,0.58,19.135238095238098,80.05650271021385,250.13,-62.84,312.97,-1.44,-16.81047619047619,60.13982536358003,60.74,-250.14,310.88,-8.2,12.95952380952381,64.62576293369312,250.13,-80.13,330.26,0.31,1.0261904761904763,0.4395620114440759,2.37,0.2,2.17,0.96,2.37,1.0261904761904763,0.4395620114440759,2.17,0.2,0.25,250.14,50.56904761904761,2.0,0.8557142857142855,-0.05,-0.72,-0.6699999999999999,-1.07,-0.03,1.04,-0.15,0.61,0.76,12.73,-1.44,-14.17,7.04,-2.16,-9.2,6.27,-1.17,-7.4399999999999995,fall_268.csv,1,fall
24,4.599999904632568,-0.5583333333333335,0.45469212389949304,0.23,-1.8,2.0300000000000002,-0.725,-0.31708333333333333,0.5427104213567999,0.38,-2.0,2.38,-0.06,0.26333333333333336,0.4319688662962591,0.65,-0.95,1.6,0.53,15.367500000000001,46.56622887607639,161.61,-39.5,201.11,-0.03,-14.45875,54.60397806120628,59.48,-200.52,260.0,-2.9050000000000002,-3.853333333333333,36.76011125813067,61.56,-149.56,211.12,-0.37,0.9770833333333333,0.43984660534314013,2.85,0.24,2.6100000000000003,0.95,2.85,0.9770833333333333,0.43984660534314013,2.6100000000000003,0.24,0.2608695652173913,200.52,40.23916666666667,2.0,0.8075,0.02,-0.7,-0.72,-0.94,-0.05,0.8899999999999999,-0.04,0.59,0.63,5.32,-0.11,-5.430000000000001,1.79,-11.12,-12.91,5.69,6.89,1.1999999999999993,fall_269.csv,1,fall
21,3.990000009536743,-0.44428571428571423,0.3742268219752752,0.5,-0.85,1.35,-0.57,-0.41285714285714287,0.5701240466525058,0.85,-1.79,2.64,-0.32,0.21857142857142856,0.3997034615097262,0.7,-0.73,1.43,0.41,32.18523809523809,90.213021932482,250.13,-29.53,279.65999999999997,2.87,8.580476190476192,50.05841882003371,155.09,-57.48,212.57,-1.64,21.43095238095238,66.49731369798045,242.26,-35.75,278.01,1.58,0.9676190476190476,0.2828233505548077,2.0,0.43,1.57,0.95,2.0,0.9676190476190476,0.2828233505548077,1.57,0.43,0.3,250.13,60.088571428571434,1.79,0.8190476190476191,-0.09,-0.79,-0.7000000000000001,-0.94,-0.14,0.7999999999999999,-0.24,0.49,0.73,6.65,9.82,3.17,28.58,-26.9,-55.48,-0.16,-6.63,-6.47,fall_270.csv,1,fall
18,3.4000000953674316,-0.2027777777777778,0.3053408039158011,0.49,-0.77,1.26,-0.28,-0.18722222222222223,0.7671782180827696,1.97,-1.13,3.0999999999999996,-0.09,0.6333333333333333,0.5569876965585928,1.61,-0.38,1.9900000000000002,0.84,38.29611111111111,74.45080532404396,250.13,-13.91,264.04,9.525,10.086666666666668,36.17193322095429,107.16,-45.22,152.38,3.0,-5.720555555555556,38.9972076635694,44.92,-103.18,148.10000000000002,1.7149999999999999,1.1205555555555557,0.4105444336806234,2.27,0.64,1.63,1.01,2.27,1.1205555555555557,0.4105444336806234,1.63,0.64,0.4117647058823529,250.13,51.86388888888889,1.97,1.0061111111111112,0.06,-0.38,-0.44,-1.03,-0.1,0.93,-0.14,0.85,0.99,9.16,-11.34,-20.5,0.12,4.0,3.88,-3.78,0.3,4.08,fall_271.csv,1,fall
21,4.0,-0.3028571428571429,0.30784968502733373,0.24,-1.11,1.35,-0.32,-0.3019047619047619,0.41797869619896955,0.14,-0.97,1.1099999999999999,-0.05,0.4671428571428571,0.43252910719560667,1.01,-0.37,1.38,0.51,31.312380952380956,86.37251917738429,250.13,-90.67,340.8,5.5,3.399047619047619,40.50954034604218,90.75,-65.73,156.48000000000002,2.23,5.955238095238096,42.68923044739126,130.79,-84.83,215.62,-0.3,0.9004761904761907,0.1591061340890473,1.22,0.54,0.6799999999999999,0.92,1.22,0.9004761904761907,0.1591061340890473,0.6799999999999999,0.54,0.3,250.13,62.52857142857143,1.11,0.82,-0.04,-0.38,-0.34,-0.94,0.02,0.96,0.07,0.82,0.75,30.63,6.51,-24.119999999999997,-11.82,-25.26,-13.440000000000001,7.96,-5.21,-13.17,fall_272.csv,1,fall
25,4.799999952316284,-0.282,0.28857408061016154,0.27,-1.12,1.3900000000000001,-0.32,-0.1856,0.4222171637123879,0.66,-1.19,1.85,-0.05,0.5952,0.5731427977970819,1.97,-0.75,2.7199999999999998,0.84,10.183200000000001,100.99768544047598,250.13,-222.23,472.36,-4.39,0.3707999999999974,55.46807902749112,167.07,-146.25,313.32,1.61,9.676400000000003,43.326693069438534,147.44,-48.19,195.63,1.18,0.9596000000000001,0.34822741611385705,2.3,0.33,1.9699999999999998,0.93,2.3,0.9596000000000001,0.34822741611385705,1.9699999999999998,0.33,0.20833333333333334,250.13,65.95519999999999,1.97,0.858,0.08,-0.34,-0.42000000000000004,-1.0,0.05,1.05,0.04,0.86,0.82,5.91,-5.56,-11.469999999999999,-11.34,5.23,16.57,-0.18,4.39,4.569999999999999,fall_273.csv,1,fall
20,3.799999952316284,-0.372,0.37262369899488623,0.61,-0.73,1.3399999999999999,-0.555,-0.365,0.4456042615311672,0.39,-1.46,1.85,-0.14,0.442,0.43360908904826145,0.91,-0.71,1.62,0.705,13.326999999999998,59.52559096724702,250.13,-35.62,285.75,-0.665,6.228,31.80738272460458,75.73,-70.07,145.8,-0.575,10.545000000000003,70.51996540734143,171.79,-203.82,375.61,2.205,0.9374999999999998,0.3079452275290116,1.73,0.34,1.39,0.935,1.73,0.9374999999999998,0.3079452275290116,1.39,0.34,0.21052631578947367,250.13,45.2495,1.46,0.752,0.14,-0.51,-0.65,-1.03,-0.13,0.9,0.1,0.7,0.6,-0.71,7.78,8.49,1.58,-21.16,-22.740000000000002,-5.04,3.5,8.54,fall_274.csv,1,fall
19,3.5999999046325684,-0.4468421052631578,0.3690987918276826,0.49,-0.9,1.3900000000000001,-0.6,-0.23789473684210524,0.6781394395072481,1.85,-1.5,3.35,-0.17,0.5373684210526315,0.4482167395513415,1.33,-0.72,2.05,0.7,27.765263157894736,74.29172649976435,250.13,-66.95,317.08,2.21,5.235263157894737,42.35420422112401,93.04,-62.97,156.01,-5.56,22.683684210526316,58.18870577798546,166.47,-47.26,213.73,1.72,1.0600000000000003,0.43246065973938286,2.45,0.39,2.06,0.96,2.45,1.0600000000000003,0.43246065973938286,2.06,0.39,0.2777777777777778,250.13,59.37947368421053,1.85,0.8415789473684211,0.19,-0.61,-0.8,-0.88,-0.17,0.71,-0.2,0.67,0.8700000000000001,15.8,2.21,-13.59,-10.9,-9.16,1.7400000000000002,1.72,4.33,2.6100000000000003,fall_275.csv,1,fall
17,3.2099997997283936,-0.5152941176470588,0.4449735616733148,0.19,-1.63,1.8199999999999998,-0.58,-0.44588235294117645,0.628152636939556,0.49,-2.0,2.49,-0.26,0.4276470588235294,0.6715330354100674,2.0,-1.16,3.16,0.56,4.958823529411763,69.99754199991176,175.88,-132.76,308.64,-0.34,7.284705882352942,44.79145511669149,141.92,-67.48,209.39999999999998,2.21,18.661764705882355,62.32531059241644,203.83,-66.89,270.72,4.95,1.1076470588235292,0.6529790330838035,2.63,0.37,2.26,0.95,2.63,1.1076470588235292,0.6529790330838035,2.26,0.37,0.4375,203.83,62.53588235294119,2.0,0.8788235294117647,0.19,-0.58,-0.77,-0.92,-0.14,0.78,-0.18,0.74,0.9199999999999999,6.5,-0.34,-6.84,6.76,-3.68,-10.44,-22.99,-1.08,21.909999999999997,fall_276.csv,1,fall
20,3.819999933242798,-0.382,0.46152607270822055,0.34,-2.0,2.34,-0.43,-0.28700000000000003,0.5245158168304014,0.57,-2.0,2.57,-0.165,0.6025,0.6215504806530199,2.0,-1.02,3.02,0.805,24.8935,55.32739326048174,227.91,-45.42,273.33,6.335000000000001,-2.916000000000001,46.83114656316939,105.11,-100.63,205.74,-4.515000000000001,3.6595,45.9879671304296,169.77,-71.59,241.36,1.67,1.004,0.6582224867818353,3.46,0.2,3.26,0.94,3.46,1.004,0.6582224867818353,3.26,0.2,0.21052631578947367,227.91,52.37399999999999,2.0,0.8055000000000001,0.13,-0.41,-0.54,-0.87,-0.12,0.75,-0.19,0.84,1.03,25.8,6.23,-19.57,-25.58,-9.6,15.979999999999999,-15.26,-6.21,9.05,fall_277.csv,1,fall
17,3.200000047683716,-0.4276470588235294,0.5055631687999619,0.12,-2.0,2.12,-0.39,-0.32411764705882357,0.6909419189006537,0.83,-2.0,2.83,-0.09,0.5941176470588235,0.7351620469625166,2.0,-0.65,2.65,0.79,25.254705882352937,90.10305898786449,250.13,-181.91,432.03999999999996,5.12,4.431764705882352,61.0053750946683,151.95,-73.96,225.90999999999997,-11.74,11.604117647058823,49.09859074591952,163.92,-64.24,228.15999999999997,1.05,1.1776470588235295,0.6962536302577235,3.02,0.46,2.56,0.99,3.02,1.1776470588235295,0.6962536302577235,2.56,0.46,0.3125,250.13,66.25235294117648,2.0,0.9858823529411765,-0.0,-0.26,-0.26,-0.98,-0.11,0.87,0.13,0.87,0.74,4.42,-0.01,-4.43,-13.09,-21.89,-8.8,1.79,10.82,9.030000000000001,fall_279.csv,1,fall
19,3.6100001335144043,-0.2989473684210527,0.36532929950391796,0.53,-0.81,1.34,-0.45,-0.23526315789473679,0.7508096993768544,2.0,-1.97,3.9699999999999998,-0.11,0.5347368421052632,0.6098302898808327,2.0,-0.41,2.41,0.74,2.8315789473684214,59.42248865942533,155.15,-152.35,307.5,-1.47,-5.286842105263155,71.54521065208671,162.21,-217.6,379.81,-0.25,-3.2421052631578955,38.91131463254292,100.24,-84.58,184.82,0.05,1.0757894736842106,0.5519693609600053,2.83,0.34,2.49,0.94,2.83,1.0757894736842106,0.5519693609600053,2.49,0.34,0.3333333333333333,217.6,55.4278947368421,2.0,0.9100000000000001,0.04,-0.54,-0.5800000000000001,-0.93,-0.06,0.8700000000000001,-0.07,0.78,0.8500000000000001,10.73,-3.5,-14.23,-22.01,-2.69,19.32,1.8,-1.87,-3.67,fall_280.csv,1,fall
21,4.0,-0.3014285714285714,0.27593995205996746,0.19,-0.92,1.11,-0.34,-0.339047619047619,0.5887181393664098,0.48,-2.0,2.48,-0.11,0.5499999999999999,0.5772607729614061,2.0,-0.5,2.5,0.81,12.884761904761904,65.29341502931575,250.13,-129.92,380.04999999999995,3.21,11.224285714285713,65.00928630368345,193.48,-98.92,292.4,-2.67,16.21857142857143,43.65720550902385,191.87,-18.29,210.16,2.69,1.0047619047619047,0.4833592768078321,2.98,0.34,2.64,0.94,2.98,1.0047619047619047,0.4833592768078321,2.64,0.34,0.3,250.13,54.62714285714286,2.0,0.8595238095238094,0.04,-0.34,-0.38,-0.96,-0.09,0.87,0.06,0.83,0.77,35.66,3.21,-32.449999999999996,-14.86,-12.84,2.0199999999999996,3.04,-0.24,-3.2800000000000002,fall_281.csv,1,fall
24,4.6000001430511475,-0.27999999999999997,0.3566145160302343,0.41,-0.77,1.18,-0.405,-0.37958333333333333,0.548868236081949,0.42,-2.0,2.42,-0.15000000000000002,0.5141666666666667,0.4560503086918931,1.02,-0.64,1.6600000000000001,0.775,4.029166666666669,67.14644365063229,222.21,-109.61,331.82,-0.385,5.827083333333333,26.01776040209033,76.65,-46.47,123.12,2.84,0.08000000000000067,40.14502210735473,78.94,-131.98,210.92,0.9099999999999999,1.0045833333333334,0.3028126004883099,2.14,0.39,1.75,0.945,2.14,1.0045833333333334,0.3028126004883099,1.75,0.39,0.17391304347826086,222.21,45.32041666666667,2.0,0.8783333333333333,0.13,-0.46,-0.5900000000000001,-1.01,-0.1,0.91,0.11,0.81,0.7000000000000001,-0.4,-1.39,-0.9899999999999999,-5.39,-8.01,-2.62,3.05,-2.69,-5.74,fall_282.csv,1,fall
20,3.8000001907348633,-0.1665,0.2533413549053197,0.28,-0.73,1.01,-0.2,-0.19749999999999998,0.5161178465999285,0.76,-0.99,1.75,-0.14,0.446,0.7840206764190799,2.0,-1.73,3.73,0.715,29.8765,103.0023167994421,250.13,-190.4,440.53,-2.2199999999999998,-8.1055,42.94981373343594,88.18,-106.19,194.37,0.11499999999999999,-5.833999999999999,52.623221950209896,51.24,-188.6,239.84,2.2199999999999998,1.0145,0.3781043437159141,2.23,0.51,1.72,0.945,2.23,1.0145,0.3781043437159141,1.72,0.51,0.3684210526315789,250.13,72.054,2.0,0.9349999999999998,0.15,-0.24,-0.39,-0.99,-0.11,0.88,0.08,0.9,0.8200000000000001,-1.65,-2.79,-1.1400000000000001,2.19,-1.69,-3.88,-3.64,-2.19,1.4500000000000002,fall_283.csv,1,fall
20,3.799999952316284,-0.335,0.28828896322230146,0.08,-1.09,1.1700000000000002,-0.395,-0.2819999999999999,0.7018516862369742,1.92,-1.03,2.95,-0.25,0.5195000000000001,0.47033554651524,1.49,-0.17,1.66,0.695,6.420500000000001,81.53706076799807,166.66,-250.14,416.79999999999995,1.1800000000000002,-13.641,37.26017415276983,72.62,-80.76,153.38,-4.275,18.051,47.1901087874188,135.69,-43.84,179.53,2.535,1.0610000000000004,0.3145740645782216,2.11,0.61,1.5,0.965,2.11,1.0610000000000004,0.3145740645782216,1.5,0.61,0.47368421052631576,250.14,52.9745,1.92,0.9505000000000001,-0.02,-0.46,-0.44,-0.98,-0.04,0.94,0.06,0.82,0.76,0.14,-0.23,-0.37,-2.44,-4.35,-1.9099999999999997,2.98,2.09,-0.8900000000000001,fall_284.csv,1,fall
16,3.0,-0.335,0.2353437202618049,0.09,-0.62,0.71,-0.395,-0.164375,0.6914329926560732,2.0,-0.99,2.99,-0.1,0.58375,0.6524096361438366,1.82,-0.52,2.34,0.835,21.475,80.40270816334485,219.94,-175.73,395.66999999999996,11.21,9.968124999999999,67.75752044053856,250.13,-44.04,294.17,-5.84,9.473749999999999,53.07288835491558,162.02,-82.92,244.94,1.02,1.07875,0.4813990029071518,2.11,0.4,1.71,0.965,2.11,1.07875,0.4813990029071518,1.71,0.4,0.3333333333333333,250.13,60.944374999999994,2.0,0.961875,-0.05,-0.39,-0.34,-0.93,-0.1,0.8300000000000001,-0.05,0.87,0.92,13.91,-1.99,-15.9,-14.4,-7.08,7.32,-3.21,0.42,3.63,fall_285.csv,1,fall
15,2.8000001907348633,-0.2693333333333333,0.32545499286529983,0.22,-0.9,1.12,-0.35,-0.2646666666666666,0.6357882246995982,0.53,-1.71,2.24,-0.08,0.3106666666666667,0.6257049357857636,1.05,-0.89,1.94,0.68,18.148000000000007,107.64209566893427,185.69,-250.14,435.83,20.42,-2.6906666666666683,76.22776588869016,186.6,-162.05,348.65,5.73,9.301333333333334,72.12007704086952,161.5,-128.57,290.07,-5.0,0.9746666666666669,0.3752116862836358,1.73,0.14,1.5899999999999999,1.0,1.73,0.9746666666666669,0.3752116862836358,1.5899999999999999,0.14,0.2857142857142857,250.14,88.41133333333332,1.71,0.8253333333333335,-0.08,-0.35,-0.26999999999999996,-0.87,-0.07,0.8,-0.48,0.8,1.28,43.65,-23.15,-66.8,-23.64,8.42,32.06,-22.53,29.47,52.0,fall_286.csv,1,fall
16,2.990000009536743,-0.5275,0.4958427169980416,0.14,-2.0,2.14,-0.51,-0.16937499999999997,0.6452231526120763,0.67,-2.0,2.67,-0.04,0.48187499999999994,0.6249503313597543,1.58,-0.6,2.18,0.715,10.73375,53.27031066488475,124.01,-85.86,209.87,12.11,-30.1525,61.64417014879293,48.19,-195.22,243.41,-22.534999999999997,5.460000000000001,55.233116998168164,128.62,-81.82,210.44,-8.79,1.07375,0.6309661903250706,2.86,0.17,2.69,0.95,2.86,1.07375,0.6309661903250706,2.69,0.17,0.26666666666666666,195.22,67.27562499999999,2.0,0.8418749999999999,0.14,-0.5,-0.64,-0.82,-0.03,0.7899999999999999,-0.39,0.72,1.1099999999999999,58.09,-0.39,-58.480000000000004,-23.08,-3.09,19.99,-8.05,-2.5,5.550000000000001,fall_287.csv,1,fall
18,3.4100000858306885,-0.44555555555555554,0.39470349589686,-0.02,-1.65,1.63,-0.375,-0.45722222222222214,0.6602032267821741,0.16,-2.0,2.16,-0.22499999999999998,0.3844444444444445,0.7716386095775987,1.33,-1.43,2.76,0.805,23.550555555555558,44.650711537999854,155.47,-31.79,187.26,8.6,-16.07611111111111,67.57830204670978,118.11,-148.86,266.97,-10.040000000000001,-33.50333333333334,71.48513058054554,35.34,-250.14,285.48,-9.725,1.1372222222222224,0.6353304425586971,2.73,0.43,2.3,0.97,2.73,1.1372222222222224,0.6353304425586971,2.3,0.43,0.23529411764705882,250.14,75.90944444444443,2.0,0.9844444444444443,-0.14,-0.36,-0.21999999999999997,-0.87,-0.03,0.84,-0.3,0.86,1.16,21.53,-1.01,-22.540000000000003,-12.14,-1.71,10.43,-2.67,-5.84,-3.17,fall_289.csv,1,fall
18,3.4000000953674316,-0.3572222222222223,0.44174527602328567,0.23,-1.9,2.13,-0.375,-0.26499999999999996,0.5852525849881349,0.8,-1.36,2.16,0.060000000000000005,0.565,0.4556604773164283,1.17,-0.2,1.3699999999999999,0.825,14.101111111111111,66.35085769106432,250.13,-88.97,339.1,3.1550000000000002,-9.913888888888886,67.06839197143456,73.82,-250.14,323.96,-1.195,0.5066666666666666,36.561834327776346,63.75,-126.19,189.94,3.835,1.038888888888889,0.3844612561966939,2.37,0.54,1.83,0.955,2.37,1.038888888888889,0.3844612561966939,1.83,0.54,0.47058823529411764,250.14,53.875555555555565,1.9,0.9383333333333334,0.02,-0.4,-0.42000000000000004,-0.98,0.07,1.05,0.08,0.85,0.77,8.41,-4.63,-13.04,1.14,-17.19,-18.330000000000002,3.53,-0.17,-3.6999999999999997,fall_290.csv,1,fall
21,4.0,-0.19666666666666666,0.14464900045742915,-0.01,-0.45,0.44,-0.21,-0.42333333333333334,0.5346992924376591,0.73,-1.04,1.77,-0.45,0.4585714285714285,0.5741279100887338,1.69,-0.19,1.88,0.65,21.670952380952386,56.54397570959809,220.27,-71.4,291.67,7.48,-2.8466666666666667,10.415327327229488,18.73,-22.8,41.53,-1.67,15.511428571428572,46.42581117069623,208.58,-16.63,225.21,3.32,0.9742857142857142,0.2974318649467711,2.03,0.5,1.5299999999999998,0.96,2.03,0.9742857142857142,0.2974318649467711,1.5299999999999998,0.5,0.45,220.27,35.92190476190477,1.69,0.8947619047619049,-0.03,-0.3,-0.27,-0.95,-0.12,0.83,-0.14,0.87,1.01,22.89,7.98,-14.91,-5.5,-0.39,5.11,-2.04,-3.81,-1.77,fall_292.csv,1,fall
22,4.18999981880188,-0.24409090909090905,0.21575248364534344,-0.01,-0.72,0.71,-0.20500000000000002,-0.4372727272727273,0.5343548118385993,0.65,-1.05,1.7000000000000002,-0.45499999999999996,0.4800000000000001,0.5307676381565531,1.34,-0.19,1.53,0.715,13.047727272727276,59.704329900556274,143.98,-74.27,218.25,11.765,0.6099999999999994,27.79665087739888,66.4,-76.03,142.43,1.755,12.847272727272724,33.699074762177666,130.44,-22.46,152.9,4.77,1.0163636363636361,0.19000113920825024,1.41,0.44,0.97,0.985,1.41,1.0163636363636361,0.19000113920825024,0.97,0.44,0.42857142857142855,143.98,46.430454545454545,1.34,0.9218181818181819,-0.03,-0.3,-0.27,-0.98,-0.55,0.42999999999999994,-0.17,0.71,0.88,14.86,-74.27,-89.13,-13.19,8.63,21.82,1.42,-7.05,-8.469999999999999,fall_293.csv,1,fall
22,4.200000047683716,-0.3059090909090909,0.23615287806457458,0.11,-0.78,0.89,-0.315,-0.35954545454545456,0.6503660308057102,0.86,-2.0,2.86,-0.22999999999999998,0.4636363636363636,0.5789608544588062,2.0,-0.18,2.18,0.52,9.67727272727273,68.1120885139459,250.13,-109.32,359.45,6.95,-14.389545454545454,29.664375697085475,50.47,-95.22,145.69,-8.845,4.754090909090909,33.93261174166217,94.88,-49.08,143.95999999999998,0.2899999999999999,1.005,0.46702452265582883,2.92,0.46,2.46,0.96,2.92,1.005,0.46702452265582883,2.46,0.46,0.38095238095238093,250.13,44.336363636363636,2.0,0.875,-0.13,-0.4,-0.27,-0.98,-0.14,0.84,-0.18,0.85,1.03,14.42,5.09,-9.33,-10.64,-14.3,-3.66,2.9,-11.29,-14.19,fall_294.csv,1,fall
18,3.3999998569488525,-0.22277777777777777,0.1769614632543599,-0.04,-0.69,0.6499999999999999,-0.17,-0.5077777777777777,0.5296675489571743,0.77,-0.98,1.75,-0.765,0.35222222222222227,0.49052859310502456,1.35,-0.24,1.59,0.28,12.78722222222222,74.60362700578504,205.89,-95.95,301.84,5.405000000000001,-0.6583333333333332,18.502296280382573,39.18,-28.2,67.38,-6.505,6.117222222222222,32.031821642117364,114.89,-22.86,137.75,-4.720000000000001,0.9550000000000001,0.19755118473002206,1.52,0.53,0.99,0.94,1.52,0.9550000000000001,0.19755118473002206,0.99,0.53,0.35294117647058826,205.89,57.978888888888896,1.35,0.8566666666666666,-0.05,-0.27,-0.22000000000000003,-0.98,-0.87,0.10999999999999999,-0.23,0.19,0.42000000000000004,19.42,-8.61,-28.03,-8.91,-13.65,-4.74,4.25,-5.36,-9.61,fall_295.csv,1,fall
18,3.4000000953674316,-0.5555555555555556,0.48745705358007413,0.06,-1.69,1.75,-0.535,-0.33055555555555555,0.5864396285283735,0.72,-0.98,1.7,-0.36000000000000004,0.06277777777777777,0.33608131991345674,0.62,-0.3,0.9199999999999999,-0.01,6.40388888888889,57.848952417063124,216.72,-83.73,300.45,2.025,-6.256111111111111,40.73993186902515,53.4,-115.31,168.71,5.37,20.989444444444448,50.92523198390341,153.91,-70.71,224.62,19.555,1.0072222222222225,0.2571519476554796,1.91,0.62,1.29,0.99,1.91,1.0072222222222225,0.2571519476554796,1.29,0.62,0.47058823529411764,216.72,46.49944444444444,1.69,0.9011111111111111,0.06,-1.0,-1.06,-0.97,0.18,1.15,-0.27,0.01,0.28,5.91,2.15,-3.7600000000000002,13.46,9.76,-3.700000000000001,-7.47,-19.4,-11.93,fall_296.csv,1,fall
19,3.5899999141693115,-0.5678947368421053,0.5089049130498897,0.05,-1.89,1.94,-0.48,-0.2747368421052631,0.698159233835286,1.35,-1.16,2.51,-0.47,-0.12894736842105262,0.3132250652812891,0.5,-0.57,1.0699999999999998,-0.23,11.350526315789475,53.36943220751039,204.43,-75.89,280.32,1.93,5.531578947368422,53.51167923019318,184.89,-89.24,274.13,0.34,13.119473684210526,47.76245893001045,129.1,-84.96,214.06,18.13,1.0536842105263156,0.33037370298758795,1.97,0.51,1.46,0.99,1.97,1.0536842105263156,0.33037370298758795,1.46,0.51,0.7777777777777778,204.43,55.95368421052632,1.89,0.9426315789473684,0.05,-0.97,-1.02,-0.97,0.05,1.02,-0.21,-0.23,-0.020000000000000018,-1.16,-0.98,0.17999999999999994,-2.05,-14.17,-12.120000000000001,11.69,-5.83,-17.52,fall_297.csv,1,fall
20,3.799999952316284,-0.606,0.39146687700171223,-0.03,-1.2,1.17,-0.735,-0.39049999999999996,0.5489748819869918,0.51,-1.35,1.86,-0.305,-0.30650000000000005,0.21672866859156795,0.14,-0.94,1.08,-0.28500000000000003,15.3995,56.29583395589299,238.98,-21.55,260.53,0.25,-11.4125,62.52079585604844,69.06,-250.14,319.2,1.0499999999999998,10.093499999999999,34.095013260160584,74.64,-57.06,131.7,14.01,1.0074999999999998,0.2786598567958321,2.03,0.57,1.46,0.98,2.03,1.0074999999999998,0.2786598567958321,1.46,0.57,0.47368421052631576,250.14,42.9535,1.35,0.8949999999999999,-0.04,-1.05,-1.01,-1.0,-0.06,0.94,-0.22,-0.52,-0.30000000000000004,-16.31,2.46,18.77,-23.99,-4.41,19.58,13.94,-4.21,-18.15,fall_298.csv,1,fall
22,4.190000057220459,-0.5713636363636364,0.523106976717869,0.01,-2.0,2.01,-0.5249999999999999,-0.4895454545454546,0.6391324273890816,1.01,-2.0,3.01,-0.44499999999999995,-0.3195454545454545,0.2854316242486318,0.1,-1.01,1.11,-0.165,-5.880454545454543,23.923138525837427,47.39,-84.27,131.66,-2.44,14.280000000000001,43.19202538829196,138.86,-42.97,181.83,0.985,17.324545454545458,38.53833103946458,146.58,-38.56,185.14000000000001,9.33,1.0999999999999999,0.4412104562073145,2.83,0.42,2.41,1.01,2.83,1.0999999999999999,0.4412104562073145,2.41,0.42,0.5238095238095238,146.58,37.7159090909091,2.0,0.9559090909090909,-0.01,-0.8,-0.79,-0.99,0.04,1.03,-0.26,-0.72,-0.45999999999999996,-7.14,3.86,11.0,-7.47,-5.02,2.45,6.4,-1.09,-7.49,fall_299.csv,1,fall
22,4.190000057220459,0.4431818181818182,0.4405665871907648,1.08,-0.12,1.2000000000000002,0.545,-0.3831818181818182,0.6476138352858744,1.23,-1.16,2.3899999999999997,-0.405,0.08681818181818181,0.5083342204236103,2.0,-0.37,2.37,-0.095,3.9713636363636367,34.08018098759433,57.18,-83.65,140.83,8.61,-13.735000000000001,40.57812285902226,54.63,-122.34,176.97,-13.995000000000001,-12.54590909090909,49.40255253277149,93.4,-135.77,229.17000000000002,-17.465,1.035909090909091,0.3432846811239504,2.38,0.56,1.8199999999999998,0.975,2.38,1.035909090909091,0.3432846811239504,1.8199999999999998,0.56,0.42857142857142855,135.77,43.71272727272727,2.0,0.9331818181818182,0.0,0.99,0.99,-0.98,-0.32,0.6599999999999999,-0.14,-0.02,0.12000000000000001,20.63,5.19,-15.439999999999998,11.66,-1.08,-12.74,-10.12,13.96,24.08,fall_300.csv,1,fall
20,3.7899999618530273,-0.05399999999999999,0.1634625339336204,0.42,-0.29,0.71,-0.045,-0.5,0.7075234792458908,1.29,-1.71,3.0,-0.745,0.378,0.5431835979230517,1.65,-0.25,1.9,0.30000000000000004,8.098499999999998,75.21242494463684,250.13,-121.0,371.13,16.8,-3.8005000000000004,23.323722839745443,49.86,-44.58,94.44,-5.465,-11.9735,24.075027960851664,9.76,-82.27,92.03,-4.165,1.015,0.38769901510809834,2.38,0.41,1.97,0.975,2.38,1.015,0.38769901510809834,1.97,0.41,0.47368421052631576,250.13,55.908,1.71,0.916,-0.03,-0.23,-0.2,-1.01,-0.04,0.97,-0.19,0.97,1.16,11.34,29.39,18.05,-15.53,-12.35,3.1799999999999997,1.15,0.28,-0.8699999999999999,fall_301.csv,1,fall
16,3.009999990463257,-0.094375,0.109115764213976,0.23,-0.27,0.5,-0.11,-0.380625,0.6644142156817537,1.0,-1.09,2.09,-0.645,0.54125,0.5042601841642202,1.42,-0.13,1.5499999999999998,0.535,13.141874999999999,83.53416628092964,244.55,-80.9,325.45000000000005,17.78,-0.944375,22.675275806848894,34.04,-71.81,105.85,-0.125,-5.120000000000001,16.370875358391803,32.32,-31.89,64.21000000000001,-6.365,1.02125,0.2745632896073326,1.76,0.61,1.15,0.945,1.76,1.02125,0.2745632896073326,1.15,0.61,0.4666666666666667,244.55,63.58187500000001,1.42,0.925,-0.05,-0.12,-0.06999999999999999,-0.94,-0.94,0.0,-0.04,0.25,0.29,21.03,-29.53,-50.56,8.49,-4.88,-13.370000000000001,0.89,-11.13,-12.020000000000001,fall_302.csv,1,fall
17,3.200000047683716,-0.7170588235294117,0.5302094480707878,-0.07,-2.0,1.93,-0.82,-0.30176470588235293,0.6050540811997475,1.1,-1.05,2.1500000000000004,-0.18,-0.28411764705882353,0.4708378014710774,0.23,-2.0,2.23,-0.22,-18.75470588235294,65.82187602895095,72.49,-250.14,322.63,-1.97,12.79529411764706,32.63028905741701,111.62,-43.31,154.93,10.56,27.12705882352941,61.85536130408441,250.13,-33.51,283.64,20.56,1.118235294117647,0.5199787891601644,3.02,0.63,2.39,1.02,3.02,1.118235294117647,0.5199787891601644,2.39,0.63,0.4375,250.14,43.01705882352941,2.0,0.9976470588235292,-0.07,-0.99,-0.9199999999999999,-0.96,0.1,1.06,-0.12,-0.28,-0.16000000000000003,-1.65,-1.88,-0.22999999999999998,10.56,-1.61,-12.17,8.57,-3.29,-11.86,fall_303.csv,1,fall
26,4.990000009536743,-0.505,0.5474175737040234,0.03,-2.0,2.03,-0.175,-0.5226923076923077,0.5250185344713666,0.79,-1.18,1.97,-0.78,-0.18038461538461537,0.22619426640356327,0.81,-0.47,1.28,-0.195,-7.306538461538461,13.124300497110754,10.58,-53.65,64.23,-2.3049999999999997,-4.92923076923077,40.38605134677833,26.18,-196.99,223.17000000000002,3.1500000000000004,15.942307692307695,43.18187530042597,160.78,-42.01,202.79,4.785,1.0326923076923078,0.31419175918292563,2.46,0.59,1.87,0.99,2.46,1.0326923076923078,0.31419175918292563,1.87,0.59,0.56,196.99,29.164615384615388,2.0,0.9753846153846154,-0.05,-1.01,-0.96,-0.95,0.02,0.97,-0.12,-0.38,-0.26,0.9,-1.49,-2.39,15.12,2.41,-12.709999999999999,-3.84,16.57,20.41,fall_304.csv,1,fall
21,4.0,0.5461904761904762,0.49512095684263036,1.84,-0.02,1.86,0.54,-0.6019047619047619,0.3211170977637137,0.12,-0.98,1.1,-0.52,-0.17333333333333337,0.20867039400291873,0.17,-0.67,0.8400000000000001,-0.09,-17.163333333333334,35.445741258059954,39.15,-129.11,168.26000000000002,-15.55,8.573809523809524,67.70329190491334,131.32,-241.65,372.97,5.98,-6.283333333333333,29.631102128225564,56.95,-105.0,161.95,-3.75,1.0052380952380953,0.2320047208058286,1.9,0.72,1.18,0.98,1.9,1.0052380952380953,0.2320047208058286,1.18,0.72,0.5,241.65,45.59047619047619,1.84,0.9128571428571429,-0.02,0.85,0.87,-0.96,-0.52,0.43999999999999995,-0.05,0.03,0.08,16.95,-6.76,-23.71,-0.22,-9.0,-8.78,10.26,4.21,-6.05,fall_305.csv,1,fall
23,4.3999998569488525,0.5704347826086956,0.526052868591513,2.0,0.01,1.99,0.31,-0.6682608695652174,0.33850811960065763,-0.06,-1.56,1.5,-0.56,-0.10869565217391304,0.30536571736832796,1.11,-0.41,1.52,-0.22,-3.0982608695652183,21.244709641391562,43.98,-51.08,95.06,-3.97,23.103478260869565,48.0375117257995,173.97,-27.22,201.19,10.47,-15.471304347826083,55.639324166239554,54.69,-250.14,304.83,-7.1,1.0330434782608695,0.43632176182479965,2.77,0.24,2.5300000000000002,0.99,2.77,1.0330434782608695,0.43632176182479965,2.5300000000000002,0.24,0.5,250.14,39.61086956521739,2.0,0.9199999999999998,0.01,0.87,0.86,-0.91,-0.39,0.52,-0.19,0.04,0.23,-3.97,1.85,5.82,-11.73,-5.14,6.590000000000001,-13.19,6.47,19.66,fall_306.csv,1,fall
21,4.0,0.4957142857142857,0.5829114120393546,2.0,-0.12,2.12,0.28,-0.6504761904761904,0.256173304434248,-0.18,-0.96,0.78,-0.68,-0.3014285714285715,0.24216287317187402,0.06,-0.7,0.76,-0.34,-18.157619047619047,24.51672794333736,28.21,-97.0,125.21000000000001,-15.58,20.41952380952381,45.4044313339778,173.61,-61.04,234.65,11.31,-0.8804761904761905,20.869826898225696,58.56,-26.38,84.94,-4.31,1.0438095238095237,0.34354732120155135,2.32,0.5,1.8199999999999998,0.98,2.32,1.0438095238095237,0.34354732120155135,1.8199999999999998,0.5,0.55,173.61,36.60857142857143,2.0,0.9123809523809522,-0.07,0.9,0.97,-0.96,-0.44,0.52,-0.3,-0.01,0.29,-15.58,4.86,20.44,-10.34,-2.08,8.26,-5.86,2.1,7.960000000000001,fall_307.csv,1,fall
21,4.009999990463257,0.43190476190476185,0.4633855743073909,1.06,-0.05,1.11,0.23,-0.5004761904761904,0.4424983185332594,0.29,-1.0,1.29,-0.53,0.2361904761904762,0.39728423314393174,1.11,-0.27,1.3800000000000001,0.2,24.600000000000005,63.428859598766245,250.13,-89.83,339.96,12.69,-30.921904761904763,60.02020848173119,45.56,-250.14,295.7,-15.08,-4.246190476190476,22.161426505572802,53.17,-51.14,104.31,-2.53,0.9976190476190476,0.20032235925888955,1.47,0.54,0.9299999999999999,0.98,1.47,0.9976190476190476,0.20032235925888955,0.9299999999999999,0.54,0.5,250.14,49.78142857142858,1.11,0.9095238095238096,-0.05,0.93,0.9800000000000001,-0.99,-0.07,0.9199999999999999,-0.27,0.33,0.6000000000000001,0.33,1.47,1.14,-10.19,1.34,11.53,-1.08,2.73,3.81,fall_308.csv,1,fall
19,3.5999999046325684,0.5194736842105263,0.511375853123605,1.47,-0.12,1.5899999999999999,0.43,-0.4568421052631579,0.6258776294273058,1.59,-0.99,2.58,-0.57,0.027894736842105264,0.2676145434382241,0.68,-0.25,0.93,-0.1,4.023157894736842,29.94531980731836,93.86,-68.34,162.2,1.74,-3.5415789473684214,27.581104897527602,71.44,-51.63,123.07,-1.8,-14.848947368421056,31.00645146036132,60.95,-81.53,142.48000000000002,-16.89,1.0378947368421052,0.30875338859802043,2.09,0.74,1.3499999999999999,0.98,2.09,1.0378947368421052,0.30875338859802043,1.3499999999999999,0.74,0.5555555555555556,93.86,33.23947368421052,1.59,0.9536842105263157,-0.12,0.95,1.0699999999999998,-0.91,-0.18,0.73,-0.15,0.15,0.3,-8.44,3.62,12.059999999999999,7.21,2.02,-5.1899999999999995,0.45,1.78,1.33,fall_309.csv,1,fall
25,4.799999952316284,0.39,0.4311902132470077,1.04,-0.15,1.19,0.16,-0.636,0.3184205814118595,-0.11,-1.08,0.9700000000000001,-0.62,0.018800000000000008,0.2300782475593901,0.55,-0.29,0.8400000000000001,-0.1,3.8783999999999987,17.97880133193905,36.51,-31.35,67.86,5.18,-16.6256,41.82685432032074,79.74,-168.59,248.32999999999998,-9.42,-12.7104,27.632572790096834,45.83,-92.3,138.13,-9.44,0.9296,0.14099290762304323,1.1,0.5,0.6000000000000001,0.98,1.1,0.9296,0.14099290762304323,0.6000000000000001,0.5,0.8333333333333334,168.59,32.287600000000005,1.08,0.8603999999999999,-0.15,0.9,1.05,-0.96,-0.37,0.59,-0.23,0.16,0.39,1.79,-6.2,-7.99,-3.88,-17.21,-13.330000000000002,9.57,3.44,-6.130000000000001,fall_310.csv,1,fall
22,4.200000047683716,-0.16954545454545455,0.13105714030900423,0.25,-0.38,0.63,-0.165,-0.43636363636363634,0.6553337605085959,1.07,-2.0,3.0700000000000003,-0.47000000000000003,0.46,0.37489046019185013,1.0,-0.01,1.01,0.41500000000000004,13.666818181818183,34.36460296603159,75.79,-62.49,138.28,16.44,-1.891818181818183,22.87167027785031,37.04,-86.84,123.88,0.0,-0.8209090909090907,30.362793006148152,50.57,-119.32,169.89,1.685,0.9550000000000001,0.28905016865589267,2.04,0.56,1.48,0.94,2.04,0.9550000000000001,0.28905016865589267,1.48,0.56,0.47619047619047616,119.32,33.93772727272727,2.0,0.9009090909090908,-0.16,-0.3,-0.13999999999999999,-0.8,0.14,0.9400000000000001,0.11,0.9,0.79,30.55,3.72,-26.830000000000002,-15.53,1.95,17.48,11.24,-2.81,-14.05,fall_311.csv,1,fall
26,5.009999990463257,-0.15884615384615383,0.18851688355321222,0.02,-0.95,0.97,-0.095,-0.40346153846153854,0.6971710969780219,1.76,-1.22,2.98,-0.71,0.5153846153846153,0.5188774866515661,1.75,-0.08,1.83,0.6,22.841153846153848,66.7674979807944,250.13,-105.94,356.07,8.885,-0.8796153846153845,13.374231486188425,50.95,-15.34,66.29,-3.4299999999999997,-0.0692307692307694,25.547132273204664,78.86,-83.78,162.64,-0.03500000000000003,1.04,0.3689119136054025,2.34,0.6,1.7399999999999998,0.98,2.34,1.04,0.3689119136054025,1.7399999999999998,0.6,0.44,250.13,46.89115384615385,1.76,0.9588461538461538,-0.05,-0.23,-0.18,-0.97,0.0,0.97,-0.07,0.9,0.97,-0.95,-5.01,-4.06,-5.08,-12.92,-7.84,-2.48,2.84,5.32,fall_312.csv,1,fall
26,5.0,-0.12538461538461537,0.17403978325039984,0.39,-0.43,0.8200000000000001,-0.1,-0.37153846153846154,0.6901344350643129,0.59,-1.89,2.48,-0.5,0.4507692307692307,0.5154332009246054,1.86,-0.15,2.0100000000000002,0.48,11.445000000000002,37.114437864529215,142.61,-62.22,204.83,3.9000000000000004,-0.7092307692307693,17.155291177494345,46.73,-24.99,71.72,-5.47,-6.738846153846153,20.17012173030655,27.08,-51.56,78.64,-0.27,0.9884615384615384,0.3591065837067575,2.66,0.62,2.04,0.965,2.66,0.9884615384615384,0.3591065837067575,2.04,0.62,0.48,142.61,29.274615384615387,1.89,0.8969230769230768,-0.04,-0.24,-0.19999999999999998,-0.99,0.28,1.27,-0.03,0.77,0.8,-14.16,11.36,25.52,-9.14,-15.49,-6.35,-0.6,11.9,12.5,fall_313.csv,1,fall
22,4.210000038146973,-0.26,0.2773342490827372,0.06,-0.75,0.81,-0.12,-0.25181818181818183,0.684603718279598,0.69,-1.04,1.73,-0.24,0.35772727272727267,0.5542041210530717,2.0,-0.27,2.27,0.28500000000000003,18.352272727272727,71.4978206082647,250.13,-73.13,323.26,8.334999999999999,-1.0490909090909097,32.8954870126719,50.68,-117.03,167.71,3.1799999999999997,18.01772727272727,44.16970238607522,156.81,-40.07,196.88,8.91,0.9904545454545454,0.3123715320351297,2.22,0.5,1.7200000000000002,0.97,2.22,0.9904545454545454,0.3123715320351297,1.7200000000000002,0.5,0.47619047619047616,250.13,46.24363636363636,2.0,0.868181818181818,0.06,-0.57,-0.6299999999999999,-1.04,0.33,1.37,-0.23,0.68,0.91,-29.6,15.41,45.010000000000005,-30.67,2.69,33.36,-9.05,-0.06,8.99,fall_314.csv,1,fall
22,4.199999809265137,-0.44590909090909087,0.39264256241291756,-0.02,-1.03,1.01,-0.36,-0.3222727272727273,0.7570930106927596,0.92,-2.0,2.92,-0.31,0.2113636363636364,0.3763647604391688,1.35,-0.22,1.57,0.15500000000000003,10.073181818181817,23.843040591166947,53.25,-32.41,85.66,10.620000000000001,3.5077272727272732,20.391381917209696,44.31,-42.24,86.55000000000001,5.175,2.588636363636363,44.47570158395797,114.05,-139.34,253.39,4.545,1.0204545454545455,0.37789488678010114,2.6,0.59,2.0100000000000002,0.975,2.6,1.0204545454545455,0.37789488678010114,2.0100000000000002,0.59,0.47619047619047616,139.34,33.21545454545455,2.0,0.9036363636363636,-0.03,-0.93,-0.9,-0.98,0.3,1.28,-0.22,0.28,0.5,-1.37,-1.61,-0.24,-3.92,-22.4,-18.479999999999997,3.15,3.92,0.77,fall_315.csv,1,fall
25,4.809999942779541,-0.4159999999999999,0.37664085457280566,0.06,-0.98,1.04,-0.48,-0.22520000000000004,0.663288021903004,0.82,-0.98,1.7999999999999998,-0.04,0.23240000000000002,0.4384943937307903,1.25,-0.41,1.66,0.38,18.871599999999997,42.60851036667049,199.9,-40.1,240.0,9.85,0.6147999999999991,26.662764004006288,40.08,-66.19,106.27,4.34,19.276,37.72281305788316,138.21,-22.36,160.57,6.47,0.9972,0.16412698335943016,1.52,0.56,0.96,0.99,1.52,0.9972,0.16412698335943016,0.96,0.56,0.4583333333333333,199.9,32.696,1.25,0.8603999999999999,0.02,-0.75,-0.77,-0.95,0.51,1.46,-0.24,0.42,0.6599999999999999,5.83,3.24,-2.59,2.6,-8.67,-11.27,4.33,-5.41,-9.74,fall_316.csv,1,fall
19,3.6100001335144043,0.3389473684210526,0.4297013786966492,1.23,-0.14,1.37,0.37,-0.3815789473684211,0.7856933467248651,1.9,-1.82,3.7199999999999998,-0.38,0.42842105263157887,0.5768714776745215,2.0,-0.15,2.15,0.51,24.04842105263158,50.69154929167822,180.13,-31.56,211.69,8.7,-9.41631578947368,37.582414210568444,71.2,-81.08,152.28,-2.78,-1.2199999999999995,27.654236364233398,52.85,-51.44,104.28999999999999,-1.69,1.0868421052631578,0.5979414002464246,2.84,0.38,2.46,0.97,2.84,1.0868421052631578,0.5979414002464246,2.46,0.38,0.5555555555555556,180.13,47.60157894736842,2.0,0.9042105263157897,-0.09,0.69,0.7799999999999999,-0.98,0.07,1.05,-0.0,0.66,0.66,-8.98,-6.27,2.710000000000001,-22.84,-1.63,21.21,2.56,-1.91,-4.47,fall_317.csv,1,fall
22,4.200000047683716,0.37454545454545446,0.511037481364437,1.16,-0.13,1.29,0.2,-0.5390909090909092,0.5654320648083374,0.82,-1.64,2.46,-0.62,0.16045454545454543,0.4083005110936152,1.76,-0.08,1.84,0.0,18.49227272727273,37.72868416569095,133.02,-21.28,154.3,6.095,-18.194999999999997,24.12769910881919,38.46,-64.18,102.64000000000001,-20.715000000000003,-10.115909090909092,30.145985543224395,42.74,-127.43,170.17000000000002,-5.050000000000001,1.0195454545454545,0.36827108639369593,2.44,0.41,2.03,0.98,2.44,1.0195454545454545,0.36827108639369593,2.03,0.41,0.5238095238095238,133.02,37.97909090909091,1.76,0.9404545454545455,-0.13,0.96,1.0899999999999999,-0.98,-0.21,0.77,-0.07,0.15,0.22,-0.73,5.05,5.779999999999999,-20.67,-3.88,16.790000000000003,3.85,5.23,1.3800000000000003,fall_318.csv,1,fall
23,4.4100000858306885,0.3752173913043478,0.5198240048780268,1.41,-0.24,1.65,0.63,-0.5786956521739129,0.4335823749754227,0.59,-0.97,1.56,-0.67,0.0982608695652174,0.2907146707045344,0.59,-0.33,0.9199999999999999,0.12,14.17304347826087,62.6265445779244,250.13,-62.4,312.53,5.89,-22.859130434782614,35.65388171051881,47.76,-124.24,172.0,-19.22,-13.839565217391305,55.10852825258544,61.46,-237.96,299.42,-5.08,0.987391304347826,0.17342059726950618,1.59,0.68,0.91,0.98,1.59,0.987391304347826,0.17342059726950618,0.91,0.68,0.5,250.13,43.510434782608684,1.41,0.8626086956521739,-0.24,0.79,1.03,-0.91,-0.52,0.39,-0.24,0.34,0.5800000000000001,1.47,13.68,12.209999999999999,-2.27,4.04,6.3100000000000005,5.44,2.67,-2.7700000000000005,fall_319.csv,1,fall
23,4.400000095367432,0.39608695652173903,0.47994070780040377,2.0,-0.08,2.08,0.52,-0.4130434782608695,0.6091755589812177,0.34,-2.0,2.34,-0.04,0.3847826086956522,0.5714564293040069,2.0,-1.13,3.13,0.62,16.379565217391306,32.746802408543495,126.08,-22.02,148.1,9.42,11.681739130434783,57.70487057213659,250.13,-24.92,275.05,-2.15,-12.816521739130437,43.72815211453347,80.5,-167.76,248.26,-5.4,1.0265217391304347,0.5660437559030554,3.46,0.13,3.33,0.96,3.46,1.0265217391304347,0.5660437559030554,3.33,0.13,0.45454545454545453,250.13,40.73260869565217,2.0,0.8439130434782609,-0.07,0.62,0.69,-0.99,0.08,1.07,-0.02,0.66,0.68,-11.26,-2.05,9.21,-6.53,-8.51,-1.9799999999999995,-5.4,-6.91,-1.5099999999999998,fall_320.csv,1,fall
22,4.200000047683716,0.25545454545454543,0.4695055887159362,1.02,-0.21,1.23,-0.04,-0.6204545454545455,0.4487068963007798,0.33,-1.49,1.82,-0.82,0.1968181818181818,0.4061361062458456,1.29,-0.21,1.5,0.010000000000000002,18.324090909090913,35.5251758695544,121.88,-16.33,138.20999999999998,9.695,-21.981818181818184,23.68413486188263,26.77,-85.88,112.64999999999999,-20.955,-11.165454545454544,30.615212018315447,52.69,-109.21,161.89999999999998,-5.535,1.0036363636363637,0.209615190619688,1.51,0.49,1.02,0.98,1.51,1.0036363636363637,0.209615190619688,1.02,0.49,0.5714285714285714,121.88,38.54818181818182,1.49,0.922272727272727,-0.15,0.9,1.05,-0.82,-0.16,0.6599999999999999,0.05,0.34,0.29000000000000004,34.18,5.55,-28.63,-4.37,-21.05,-16.68,3.27,-11.24,-14.51,fall_321.csv,1,fall
29,5.6000001430511475,0.35068965517241385,0.4266725997637563,1.71,-0.08,1.79,0.35,-0.6144827586206897,0.510941611193746,0.64,-2.0,2.64,-0.82,0.04068965517241378,0.6367323447240087,1.21,-1.29,2.5,-0.01,-7.2110344827586195,76.56372604125401,228.77,-198.24,427.01,2.31,-13.99655172413793,30.449402794502753,80.16,-91.23,171.39,-20.28,-12.528620689655172,24.459735532406537,36.56,-70.72,107.28,-5.21,1.0741379310344825,0.4148882572571225,2.82,0.41,2.4099999999999997,0.98,2.82,1.0741379310344825,0.4148882572571225,2.4099999999999997,0.41,0.4642857142857143,228.77,58.97793103448275,2.0,0.9293103448275862,-0.08,0.74,0.82,-0.94,-0.41,0.53,-0.01,-1.29,-1.28,-1.79,29.73,31.52,-10.27,-9.22,1.049999999999999,-3.03,36.56,39.59,fall_322.csv,1,fall
24,4.6000001430511475,0.32666666666666666,0.4909145561594964,2.0,-0.08,2.08,0.05,-0.48583333333333334,0.6201606851150102,0.6,-2.0,2.6,-0.475,0.32958333333333334,0.42491410044104583,0.93,-0.23,1.1600000000000001,0.24,18.447916666666668,41.48537657276426,140.82,-36.52,177.34,11.33,-14.048749999999998,24.85213249751242,29.41,-70.38,99.78999999999999,-17.25,-0.9162500000000003,20.90457819889971,42.53,-48.2,90.73,-4.1049999999999995,1.0141666666666667,0.45140280543393085,2.98,0.35,2.63,0.955,2.98,1.0141666666666667,0.45140280543393085,2.63,0.35,0.5217391304347826,140.82,36.733333333333334,2.0,0.8979166666666667,-0.08,0.82,0.8999999999999999,-0.96,0.12,1.08,-0.07,0.58,0.6499999999999999,9.94,-5.95,-15.89,-0.34,9.89,10.23,10.38,-0.02,-10.4,fall_323.csv,1,fall
24,4.6000001430511475,-0.04000000000000001,0.2525005380967146,0.21,-1.02,1.23,0.045,-0.24916666666666662,0.6748907587394304,1.27,-0.98,2.25,-0.4,0.3658333333333334,0.6087329439922315,1.09,-0.65,1.7400000000000002,0.605,12.359166666666667,54.90467057955339,199.46,-124.05,323.51,10.895,-0.7583333333333334,23.442167815371896,53.13,-67.83,120.96000000000001,0.72,1.6870833333333337,19.346609742135513,50.98,-23.54,74.52,-2.995,1.0058333333333334,0.20228943247919212,1.76,0.64,1.12,0.99,1.76,1.0058333333333334,0.20228943247919212,1.12,0.64,0.43478260869565216,199.46,35.14083333333333,1.27,0.9120833333333334,0.05,-0.08,-0.13,-0.96,-0.11,0.85,-0.38,0.93,1.31,-2.74,9.02,11.76,-1.99,2.92,4.91,-0.42,-2.53,-2.11,fall_324.csv,1,fall
20,3.830000162124634,-0.5325,0.4354051349937749,-0.0,-1.35,1.35,-0.48000000000000004,-0.311,0.6462759716862042,0.87,-1.07,1.94,-0.32499999999999996,-0.11949999999999998,0.3189534696307185,0.53,-0.73,1.26,-0.16,4.147499999999999,13.642164080140427,28.35,-22.37,50.72,2.59,-5.377000000000001,53.36778686377057,92.29,-182.65,274.94,-6.720000000000001,29.544,70.97132062727131,250.13,-59.98,310.11,12.61,1.0085,0.22499766080655384,1.52,0.74,0.78,0.995,1.52,1.0085,0.22499766080655384,0.78,0.74,0.7894736842105263,250.13,51.73599999999999,1.35,0.8954999999999999,-0.08,-0.93,-0.8500000000000001,-0.91,0.21,1.12,-0.16,-0.44,-0.28,16.23,1.21,-15.02,-3.76,-12.0,-8.24,0.72,-7.17,-7.89,fall_325.csv,1,fall
20,3.8000001907348633,-0.4565,0.4489552198980252,0.49,-1.07,1.56,-0.29,-0.356,0.6740014055896635,0.74,-1.71,2.45,-0.395,-0.038500000000000006,0.4713951856485507,0.79,-0.81,1.6,-0.26,8.996999999999998,28.879365261285383,119.35,-15.08,134.43,0.725,3.7415000000000007,60.72575854003931,128.91,-116.0,244.91,-7.13,10.7745,54.519276887798334,193.08,-85.1,278.18,10.844999999999999,1.0445,0.28548158757108183,2.13,0.78,1.3499999999999999,0.99,2.13,1.0445,0.28548158757108183,1.3499999999999999,0.78,0.47368421052631576,193.08,55.498000000000005,1.71,0.9084999999999999,-0.0,-0.97,-0.97,-0.97,-0.01,0.96,-0.18,-0.14,0.03999999999999998,0.17,-3.61,-3.78,-1.48,-7.21,-5.73,-1.7,-19.29,-17.59,fall_326.csv,1,fall
22,4.199999809265137,0.36363636363636365,0.391973583348789,1.05,-0.07,1.12,0.185,-0.49999999999999994,0.5303457991411515,0.89,-1.13,2.02,-0.595,0.12272727272727271,0.3977218676194257,0.9,-0.31,1.21,0.055,20.68636363636364,51.813570896091775,209.98,-31.59,241.57,5.9,-4.460909090909091,39.22184217876697,124.79,-77.88,202.67000000000002,-7.49,-17.74681818181818,48.82959342607559,58.73,-151.47,210.2,-7.865,0.9677272727272727,0.15778019123004242,1.32,0.51,0.81,0.97,1.32,0.9677272727272727,0.15778019123004242,0.81,0.51,0.5238095238095238,209.98,44.001363636363635,1.13,0.8904545454545455,0.06,0.88,0.8200000000000001,-0.89,-0.13,0.76,-0.31,0.36,0.6699999999999999,26.79,4.27,-22.52,-12.4,-1.3,11.1,19.19,-3.05,-22.240000000000002,fall_327.csv,1,fall
24,4.6000001430511475,0.4216666666666667,0.388751252386258,1.04,0.02,1.02,0.185,-0.5295833333333334,0.4405478720141909,0.48,-1.24,1.72,-0.61,-0.036666666666666674,0.49528794143158406,0.93,-0.89,1.82,-0.13,13.3925,33.81764348486696,104.85,-59.56,164.41,8.615,-23.60666666666667,58.678944647356566,83.71,-250.14,333.84999999999997,-17.355,-2.9695833333333326,44.43305667974911,177.53,-68.82,246.35,-11.83,1.0020833333333334,0.13828072161734803,1.35,0.65,0.7000000000000001,1.0150000000000001,1.35,1.0020833333333334,0.13828072161734803,0.7000000000000001,0.65,0.4782608695652174,250.14,45.03583333333333,1.24,0.8925000000000001,0.02,0.94,0.9199999999999999,-0.9,-0.09,0.81,-0.46,0.23,0.6900000000000001,-17.73,6.61,24.34,-4.94,8.03,12.969999999999999,-4.23,5.25,9.48,fall_328.csv,1,fall
27,5.199999809265137,-0.0551851851851852,0.14014745998879374,0.53,-0.28,0.81,-0.06,-0.5348148148148149,0.5601192892890033,0.57,-2.0,2.57,-0.56,0.39518518518518514,0.571585987678618,1.1,-0.3,1.4000000000000001,0.82,5.535925925925925,51.104943781569496,188.19,-103.73,291.92,3.19,3.310740740740741,24.81879110145963,94.95,-23.53,118.48,-0.95,-0.774814814814815,16.102701247442536,29.87,-68.42,98.29,-0.29,0.9918518518518519,0.31355329613268224,2.33,0.38,1.9500000000000002,0.98,2.33,0.9918518518518519,0.31355329613268224,1.9500000000000002,0.38,0.4230769230769231,188.19,32.57296296296296,2.0,0.9111111111111113,-0.02,-0.09,-0.06999999999999999,-0.99,-0.45,0.54,-0.26,0.87,1.13,0.54,-2.86,-3.4,-6.32,1.47,7.79,-2.03,5.56,7.59,fall_329.csv,1,fall
19,3.5899999141693115,0.4489473684210527,0.4147809962544103,1.04,-0.01,1.05,0.21,-0.5936842105263158,0.3515080294059328,0.09,-1.04,1.1300000000000001,-0.58,-0.16578947368421051,0.4467203424151237,1.6,-0.44,2.04,-0.28,-21.854736842105265,49.78850362264823,32.21,-211.93,244.14000000000001,-12.97,31.298947368421057,56.81104126788665,188.89,-28.53,217.42,14.86,-4.992631578947367,34.839127882008576,44.41,-99.81,144.22,-1.41,1.0042105263157892,0.21598137238283835,1.75,0.59,1.1600000000000001,0.99,1.75,1.0042105263157892,0.21598137238283835,1.1600000000000001,0.59,0.5555555555555556,211.93,54.101578947368424,1.6,0.9252631578947368,0.08,0.88,0.8,-1.04,-0.33,0.71,-0.19,-0.33,-0.14,1.51,-8.34,-9.85,-16.82,-11.38,5.4399999999999995,4.06,6.79,2.7300000000000004,fall_330.csv,1,fall
22,4.200000047683716,0.39272727272727276,0.48515271840231927,1.72,-0.01,1.73,0.08499999999999999,-0.6304545454545454,0.5103078181490749,1.0,-1.54,2.54,-0.865,-0.07090909090909091,0.3729025034191606,0.55,-0.51,1.06,-0.29000000000000004,16.044545454545457,40.284238998500534,132.73,-53.8,186.52999999999997,10.92,-13.512727272727268,22.712922518924103,50.82,-50.34,101.16,-17.365000000000002,-10.825454545454546,34.802273697927475,64.98,-106.53,171.51,-6.76,1.0377272727272728,0.30104471773795016,2.0,0.62,1.38,0.99,2.0,1.0377272727272728,0.30104471773795016,1.38,0.62,0.6666666666666666,132.73,39.58363636363636,1.72,0.9249999999999999,0.04,0.82,0.7799999999999999,-0.91,-0.19,0.72,-0.51,0.45,0.96,44.62,0.92,-43.699999999999996,-3.37,-22.02,-18.65,12.7,2.7,-10.0,fall_332.csv,1,fall
24,4.599999904632568,0.1075,0.1632615932363976,0.61,-0.08,0.69,0.08499999999999999,-0.5216666666666666,0.6047037842337906,1.16,-2.0,3.16,-0.585,0.22333333333333336,0.6178762129203176,1.08,-0.51,1.59,0.06500000000000002,17.37125,66.34644463542014,250.13,-90.69,340.82,8.525,2.703750000000001,39.21864028999032,136.11,-66.67,202.78000000000003,-5.9,-10.76625,18.515014309778547,24.18,-62.08,86.25999999999999,-9.79,0.99625,0.29931534192727827,2.06,0.53,1.53,0.94,2.06,0.99625,0.29931534192727827,1.53,0.53,0.4782608695652174,250.13,45.31166666666667,2.0,0.8916666666666666,0.04,0.11,0.07,-0.88,-0.19,0.69,-0.37,0.91,1.28,0.37,3.56,3.19,-3.79,-14.11,-10.32,-3.85,-0.85,3.0,fall_333.csv,1,fall
21,4.0,-0.13952380952380952,0.11719540052733259,-0.01,-0.48,0.47,-0.1,-0.5847619047619047,0.5277273827234953,0.52,-2.0,2.52,-0.71,0.2814285714285714,0.5780509122411772,1.18,-0.36,1.54,0.15,6.619047619047619,57.85381127503718,147.74,-109.76,257.5,8.9,1.4147619047619056,24.257870190733488,58.45,-68.49,126.94,-0.71,-3.352380952380952,11.507075607973514,13.73,-26.04,39.769999999999996,-0.55,0.9685714285714285,0.3253657282856587,2.09,0.46,1.63,0.95,2.09,0.9685714285714285,0.3253657282856587,1.63,0.46,0.45,147.74,44.67142857142857,2.0,0.8971428571428574,-0.05,-0.17,-0.12000000000000001,-0.95,-0.2,0.75,-0.12,0.84,0.96,-6.6,19.84,26.439999999999998,-4.73,-9.51,-4.779999999999999,-0.22,-0.16,0.06,fall_334.csv,1,fall
23,4.3999998569488525,-0.04739130434782609,0.10758579626192416,0.17,-0.36,0.53,-0.03,-0.4569565217391305,0.4884896461414016,0.72,-1.0,1.72,-0.48,0.5091304347826088,0.5696403414234943,1.79,-0.22,2.0100000000000002,0.78,10.462608695652174,65.9580984218832,250.13,-88.76,338.89,7.31,-1.4991304347826082,12.949376577848861,27.89,-25.47,53.36,-2.8,-0.6656521739130438,14.278358011686127,26.57,-40.66,67.22999999999999,0.41,0.9808695652173914,0.24755005083413778,1.84,0.51,1.33,0.97,1.84,0.9808695652173914,0.24755005083413778,1.33,0.51,0.4090909090909091,250.13,40.399565217391306,1.79,0.9095652173913042,-0.01,-0.11,-0.1,-0.97,-0.41,0.56,-0.2,0.83,1.03,-7.14,0.64,7.779999999999999,-2.76,-4.52,-1.7599999999999998,2.89,0.96,-1.9300000000000002,fall_335.csv,1,fall
23,4.400000095367432,0.17695652173913046,0.389841865173428,1.69,-0.45,2.14,0.1,-0.3730434782608695,0.708573694009238,1.61,-2.0,3.6100000000000003,-0.24,0.5182608695652174,0.5966699420641581,1.56,-0.27,1.83,0.74,15.946521739130434,54.318882085220984,173.89,-81.53,255.42,7.27,-1.2682608695652204,60.78267319289526,236.76,-71.98,308.74,-14.43,-5.89695652173913,37.105258440719275,52.63,-102.73,155.36,-1.49,1.0769565217391304,0.5040692122625504,2.9,0.68,2.2199999999999998,0.97,2.9,1.0769565217391304,0.5040692122625504,2.2199999999999998,0.68,0.4090909090909091,236.76,52.82260869565218,2.0,0.9639130434782608,0.1,0.38,0.28,-0.99,-0.19,0.8,-0.12,0.66,0.78,-6.18,-40.47,-34.29,-14.71,-3.13,11.580000000000002,9.87,40.92,31.050000000000004,fall_336.csv,1,fall
23,4.379999876022339,0.4073913043478261,0.33285565246138465,1.08,-0.27,1.35,0.31,-0.42565217391304344,0.6005136141591744,0.78,-2.0,2.7800000000000002,-0.33,0.34043478260869564,0.6228999500931807,2.0,-0.37,2.37,0.55,6.639565217391305,41.81514356809688,148.47,-74.41,222.88,0.08,4.7947826086956535,60.088208710918956,250.13,-68.05,318.18,-4.26,-17.571739130434782,51.822541396943706,15.24,-250.14,265.38,-9.52,1.0421739130434782,0.456288948740908,3.03,0.49,2.54,0.98,3.03,1.0421739130434782,0.456288948740908,2.54,0.49,0.45454545454545453,250.14,41.97130434782608,2.0,0.8726086956521739,0.06,0.73,0.6699999999999999,-0.97,-0.02,0.95,-0.21,0.64,0.85,-4.48,-7.97,-3.4899999999999993,-9.21,-4.26,4.950000000000001,-0.79,0.05,0.8400000000000001,fall_337.csv,1,fall
30,5.809999942779541,0.5223333333333333,0.45639277800606354,1.66,-0.48,2.1399999999999997,0.46499999999999997,-0.34033333333333327,0.5140540917018386,0.39,-2.0,2.39,-0.33,0.1633333333333333,0.6439443825487509,2.0,-0.62,2.62,0.38,14.996333333333334,59.34680274822547,250.13,-67.08,317.21,9.535,2.7590000000000003,68.09252196270438,250.13,-111.4,361.53,-11.895,-13.160333333333334,42.63729050097306,55.25,-198.18,253.43,-12.34,1.0403333333333333,0.44527777718023914,3.28,0.42,2.86,0.99,3.28,1.0403333333333333,0.44527777718023914,2.86,0.42,0.3793103448275862,250.13,51.408333333333324,2.0,0.8480000000000001,0.29,0.94,0.6499999999999999,-0.79,0.07,0.8600000000000001,-0.48,0.43,0.9099999999999999,6.43,-8.39,-14.82,-17.18,-2.34,14.84,-4.4,22.32,26.72,fall_338.csv,1,fall
20,3.799999952316284,-0.246,0.4267181986424197,0.34,-0.97,1.31,-0.030000000000000002,-0.5725,0.3932037773550958,0.5,-0.97,1.47,-0.655,-0.5925000000000001,0.42693368152565875,-0.16,-2.0,1.84,-0.475,-16.009,49.708914894614225,43.78,-206.0,249.78,-5.775,-13.101499999999998,58.12250395546145,88.86,-197.58,286.44,0.39,8.892,41.79835637665043,134.85,-92.59,227.44,9.17,1.0625,0.32931947374771764,2.16,0.61,1.5500000000000003,0.985,2.16,1.0625,0.32931947374771764,1.5500000000000003,0.61,0.5789473684210527,206.0,49.23650000000001,2.0,0.917,0.04,-0.81,-0.8500000000000001,-0.92,-0.45,0.47000000000000003,-0.29,-0.63,-0.34,7.02,5.8,-1.2199999999999998,-0.14,0.92,1.06,25.54,10.95,-14.59,fall_339.csv,1,fall
26,5.0,-0.44038461538461543,0.4481024951435175,0.16,-1.19,1.3499999999999999,-0.445,-0.5242307692307693,0.47094095661280583,0.61,-1.55,2.16,-0.54,-0.44615384615384623,0.29546000640461545,0.24,-1.23,1.47,-0.37,-8.294615384615385,44.83920830976116,147.23,-133.9,281.13,-9.0,0.7123076923076919,35.16683338689366,122.47,-67.84,190.31,-3.115,2.7930769230769226,46.93504300790451,83.79,-158.05,241.84000000000003,7.715,1.0461538461538462,0.26196300384713755,1.85,0.68,1.17,1.0150000000000001,1.85,1.0461538461538462,0.26196300384713755,1.17,0.68,0.48,158.05,42.61692307692307,1.55,0.8992307692307692,0.09,-0.82,-0.9099999999999999,-0.9,-0.15,0.75,-0.16,-0.63,-0.47,29.43,0.47,-28.96,22.7,2.28,-20.419999999999998,27.74,-2.23,-29.97,fall_340.csv,1,fall
21,3.9800000190734863,-0.49142857142857144,0.44063914617616207,0.19,-1.1,1.29,-0.72,-0.47428571428571425,0.5018223931688525,0.26,-1.98,2.24,-0.29,-0.5580952380952381,0.4383904543625356,0.56,-1.45,2.01,-0.5,-17.63095238095238,34.52223340178933,24.28,-116.84,141.12,-8.96,-16.365238095238094,75.8846876925146,150.8,-250.14,400.94,-9.98,9.599523809523811,27.251026857017784,66.63,-37.39,104.02,5.36,1.1076190476190475,0.407662909300132,2.29,0.5,1.79,1.06,2.29,1.1076190476190475,0.407662909300132,1.79,0.5,0.35,250.14,52.60000000000001,1.98,0.9033333333333334,0.19,-0.75,-0.94,-0.88,-0.17,0.71,-0.42,-0.75,-0.33,-0.66,-0.32,0.34,3.94,-1.98,-5.92,5.36,-1.96,-7.32,fall_341.csv,1,fall
24,4.6000001430511475,-0.5108333333333334,0.521235294165752,0.08,-1.79,1.87,-0.685,-0.52625,0.47014162990944874,0.91,-1.32,2.23,-0.63,-0.4312500000000001,0.24509647612459803,0.29,-1.1,1.3900000000000001,-0.425,4.239166666666666,63.46886206203224,233.34,-175.14,408.48,3.325,6.213333333333336,38.217931332848444,117.79,-59.37,177.16,0.395,0.7254166666666659,59.558662056041825,83.42,-250.14,333.56,9.605,1.0808333333333333,0.2950448258745818,2.01,0.74,1.2699999999999998,1.0150000000000001,2.01,1.0808333333333333,0.2950448258745818,1.2699999999999998,0.74,0.5217391304347826,250.14,45.317499999999995,1.79,0.9295833333333334,0.04,-0.88,-0.92,-0.89,-0.17,0.72,-0.68,-0.41,0.2700000000000001,20.69,2.81,-17.880000000000003,-17.19,2.25,19.44,-16.73,2.69,19.42,fall_343.csv,1,fall
24,4.599999904632568,-0.605,0.3827702228207686,-0.09,-1.34,1.25,-0.62,-0.4683333333333333,0.5029708839932263,0.37,-1.73,2.1,-0.42,-0.19499999999999998,0.44968588070379506,1.32,-0.83,2.15,-0.29,0.6566666666666663,39.89625183077888,144.57,-77.97,222.54,2.05,-0.49208333333333343,83.68242322220706,150.9,-232.79,383.69,7.845000000000001,14.454583333333332,33.81301537151771,83.91,-67.46,151.37,8.64,1.0579166666666666,0.29386449356754574,2.21,0.77,1.44,0.97,2.21,1.0579166666666666,0.29386449356754574,1.44,0.77,0.43478260869565216,232.79,57.98583333333334,1.73,0.9275000000000001,-0.16,-0.97,-0.8099999999999999,-0.91,-0.19,0.72,-0.17,-0.36,-0.18999999999999997,19.28,7.25,-12.030000000000001,27.03,-17.63,-44.66,5.91,16.89,10.98,fall_344.csv,1,fall
21,4.0,-0.1680952380952381,0.19436097981897107,0.25,-0.51,0.76,-0.13,-0.45857142857142863,0.4669827161071993,0.29,-1.14,1.43,-0.33,0.4271428571428571,0.5439866069779923,1.03,-0.31,1.34,0.79,16.246666666666663,57.68349966267071,210.64,-66.17,276.81,7.82,-1.1276190476190475,16.471877216869338,49.85,-43.56,93.41,-2.94,-3.043333333333333,18.420465339760916,29.79,-56.89,86.68,-0.09,0.9676190476190476,0.1047332211814743,1.18,0.78,0.3999999999999999,0.95,1.18,0.9676190476190476,0.1047332211814743,0.3999999999999999,0.78,0.4,210.64,36.68333333333334,1.14,0.9085714285714285,-0.13,-0.39,-0.26,-1.04,-0.38,0.66,-0.12,0.79,0.91,4.82,-19.6,-24.42,-4.13,-6.44,-2.3100000000000005,0.1,-22.06,-22.16,fall_345.csv,1,fall
21,3.990000009536743,-0.5238095238095238,0.42864293054331587,-0.06,-1.16,1.0999999999999999,-0.56,-0.6090476190476191,0.48236816605062943,0.04,-1.89,1.93,-0.66,-0.1619047619047619,0.26382985137431,0.41,-0.57,0.98,-0.18,6.03047619047619,22.124639087720837,70.8,-28.21,99.00999999999999,-0.8,15.423809523809526,49.00696006448375,171.93,-74.32,246.25,9.72,14.122380952380949,38.35066777837928,116.24,-39.6,155.84,1.37,1.0376190476190477,0.2480504940915208,1.98,0.68,1.2999999999999998,1.0,1.98,1.0376190476190477,0.2480504940915208,1.2999999999999998,0.68,0.5,171.93,41.59,1.89,0.9685714285714287,-0.09,-0.89,-0.8,-0.99,-0.2,0.79,-0.25,-0.52,-0.27,10.98,5.69,-5.29,-1.41,3.44,4.85,8.98,0.05,-8.93,fall_346.csv,1,fall
20,3.799999952316284,-0.5685,0.4929318838392006,0.02,-1.85,1.87,-0.74,-0.5690000000000001,0.3463022713727052,0.01,-1.08,1.09,-0.54,-0.16599999999999998,0.3335518581948887,0.63,-0.61,1.24,-0.28500000000000003,4.493499999999999,43.989783057217416,163.14,-68.12,231.26,5.52,2.8885000000000005,65.93769581362793,109.8,-228.53,338.33,9.22,32.191,53.50792198111269,238.18,-13.96,252.14000000000001,21.225,1.0215,0.29378250100156894,2.04,0.58,1.46,0.985,2.04,1.0215,0.29378250100156894,1.46,0.58,0.5263157894736842,238.18,46.927499999999995,1.85,0.9100000000000001,-0.03,-0.93,-0.9,-0.95,-0.21,0.74,-0.22,-0.42,-0.19999999999999998,4.37,12.64,8.27,17.75,1.8,-15.95,13.34,9.37,-3.9700000000000006,fall_347.csv,1,fall
23,4.389999866485596,-0.15086956521739134,0.14231568761282595,0.12,-0.44,0.56,-0.1,-0.6313043478260871,0.5309708462106858,0.6,-2.0,2.6,-0.8,0.28826086956521735,0.6425209736506876,1.89,-0.43,2.32,-0.15,15.123043478260866,50.207372370162986,183.01,-58.62,241.63,8.33,-5.168695652173914,19.048014762782024,43.97,-44.64,88.61,-3.84,6.061739130434782,21.4782967947084,58.73,-34.22,92.94999999999999,2.43,1.0156521739130433,0.4093323398253275,2.76,0.5,2.26,0.96,2.76,1.0156521739130433,0.4093323398253275,2.26,0.5,0.5454545454545454,183.01,37.97304347826086,2.0,0.8956521739130437,-0.1,-0.26,-0.16,-0.9,-0.45,0.45,-0.15,0.79,0.9400000000000001,-31.47,12.14,43.61,43.97,13.67,-30.299999999999997,20.71,-34.22,-54.93,fall_348.csv,1,fall
15,2.820000171661377,-0.42866666666666664,0.575001449273536,0.17,-2.0,2.17,-0.44,-0.6419999999999998,0.49574186831454936,0.22,-2.0,2.22,-0.54,0.35200000000000004,0.6579861049336181,1.65,-0.48,2.13,0.63,15.580000000000002,42.50868499495133,128.91,-22.72,151.63,4.29,-16.18733333333334,36.872594442924424,21.89,-122.47,144.36,-0.53,35.815999999999995,69.71248277235371,250.13,-33.5,283.63,17.15,1.1366666666666667,0.6302342723902263,3.28,0.63,2.65,0.97,3.28,1.1366666666666667,0.6302342723902263,2.65,0.63,0.42857142857142855,250.13,48.96399999999999,2.0,0.8733333333333333,0.07,-0.44,-0.51,-0.94,-0.37,0.57,-0.24,0.63,0.87,-1.1,-1.45,-0.34999999999999987,0.85,-0.53,-1.38,-2.18,-6.65,-4.470000000000001,fall_350.csv,1,fall
15,2.8000001907348633,-0.38933333333333336,0.5550864368555156,0.21,-2.0,2.21,-0.45,-0.638,0.47429948344901246,-0.16,-2.0,1.84,-0.48,0.24999999999999997,0.5740084618589818,0.91,-0.5,1.4100000000000001,0.58,12.848666666666668,38.5123325084069,98.06,-22.63,120.69,-4.93,-30.312,72.04004979374815,19.82,-231.21,251.03,-3.53,29.446666666666665,57.78740491375839,226.17,-13.89,240.06,13.21,1.084,0.5156521529647121,2.85,0.56,2.29,0.99,2.85,1.084,0.5156521529647121,2.29,0.56,0.42857142857142855,231.21,52.248000000000005,2.0,0.876,0.14,-0.51,-0.65,-0.96,-0.31,0.6499999999999999,-0.34,0.81,1.1500000000000001,-1.3,-5.38,-4.08,-2.62,9.45,12.07,1.8,-4.09,-5.89,fall_351.csv,1,fall
16,3.0,-0.321875,0.4312805544731488,0.16,-1.22,1.38,-0.27,-0.5137499999999999,0.507856607058856,0.22,-1.86,2.08,-0.385,0.114375,0.5495570185764773,0.71,-0.83,1.54,0.345,17.528125,61.04372315193431,203.92,-40.57,244.48999999999998,-2.23,-28.715000000000003,70.9229984325724,29.41,-248.5,277.91,-5.234999999999999,26.37125,71.85867694069148,250.13,-39.67,289.8,8.85,0.9375000000000001,0.461439775774333,2.37,0.4,1.9700000000000002,0.86,2.37,0.9375000000000001,0.461439775774333,1.9700000000000002,0.4,0.4,250.13,48.954375,1.86,0.75875,0.1,-0.46,-0.56,-0.9,-0.29,0.6100000000000001,-0.4,0.61,1.01,5.22,6.11,0.8900000000000006,-5.34,-6.83,-1.4900000000000002,-0.8,-8.44,-7.64,fall_352.csv,1,fall
16,3.0199999809265137,-0.24562499999999998,0.5287465523922276,0.13,-2.0,2.13,-0.045,-0.555,0.5381821253070377,0.36,-2.0,2.36,-0.54,0.17875000000000002,0.8730549810865293,1.37,-1.78,3.1500000000000004,0.15000000000000002,13.159999999999997,78.67635604169782,250.13,-156.41,406.53999999999996,2.06,-1.6956249999999997,48.60232614031966,76.86,-113.0,189.86,3.335,16.721874999999997,57.531168273525154,155.6,-105.64,261.24,11.129999999999999,1.125,0.637589209444451,3.34,0.46,2.88,1.02,3.34,1.125,0.637589209444451,2.88,0.46,0.4666666666666667,250.13,56.636875,2.0,0.9375,0.09,-0.46,-0.55,-0.91,-0.27,0.64,-0.47,0.92,1.3900000000000001,3.15,-9.83,-12.98,-2.53,17.42,19.950000000000003,-6.37,-6.47,-0.09999999999999964,fall_354.csv,1,fall
16,3.0,-0.21874999999999997,0.5708108268069203,0.34,-1.97,2.31,-0.045,-0.6668749999999999,0.43416922584018625,-0.07,-2.0,1.93,-0.53,0.110625,0.6259975372688511,0.89,-0.7,1.5899999999999999,0.0,-2.2225,47.450843547120776,88.39,-138.49,226.88,5.800000000000001,-10.548750000000002,59.02815078418093,65.4,-155.71,221.11,12.22,22.046875,67.20715465075129,244.68,-42.67,287.35,3.9,1.03875,0.5431374902668138,2.89,0.55,2.34,0.95,2.89,1.03875,0.5431374902668138,2.34,0.55,0.4666666666666667,244.68,53.564375,2.0,0.81625,0.34,-0.46,-0.8,-1.0,-0.39,0.61,-0.56,0.64,1.2000000000000002,3.66,7.94,4.28,12.39,2.7,-9.690000000000001,4.01,3.79,-0.21999999999999975,fall_355.csv,1,fall
15,2.799999952316284,-0.18666666666666665,0.33171990479634356,0.27,-0.66,0.93,-0.25,-0.5406666666666666,0.31576362467305613,0.0,-1.05,1.05,-0.55,0.09533333333333331,0.7159296320835157,0.91,-1.73,2.64,0.35,-0.3226666666666678,28.919879832457973,52.4,-59.91,112.31,4.82,-15.598000000000003,49.96940638316323,47.71,-135.91,183.62,6.8,8.065999999999999,63.196350346700065,213.82,-67.19,281.01,2.06,0.9506666666666667,0.33855716264901614,2.02,0.61,1.4100000000000001,0.88,2.02,0.9506666666666667,0.33855716264901614,1.4100000000000001,0.61,0.42857142857142855,213.82,49.33,1.73,0.7766666666666668,0.22,-0.56,-0.78,-0.95,-0.25,0.7,-0.36,0.82,1.18,4.82,-21.14,-25.96,6.8,17.07,10.27,2.06,-10.47,-12.530000000000001,fall_357.csv,1,fall
15,2.7899999618530273,-0.26333333333333336,0.6280316946809368,0.4,-2.0,2.4,-0.17,-0.5206666666666667,0.5367556861987274,0.23,-2.0,2.23,-0.48,0.3033333333333334,0.795798490885248,1.47,-1.53,3.0,0.66,31.281333333333333,60.76210847778956,152.0,-49.1,201.1,14.24,-2.3720000000000003,66.17767137465195,146.54,-147.02,293.56,-3.48,15.556666666666668,38.15803204469289,115.08,-36.2,151.28,15.76,1.1606666666666667,0.5828068372315217,2.54,0.61,1.9300000000000002,0.97,2.54,1.1606666666666667,0.5828068372315217,1.9300000000000002,0.61,0.35714285714285715,152.0,61.01466666666667,2.0,0.9373333333333332,0.25,-0.54,-0.79,-0.89,-0.48,0.41000000000000003,-0.28,0.75,1.03,-3.37,6.72,10.09,6.77,-3.48,-10.25,3.71,-14.01,-17.72,fall_358.csv,1,fall
16,3.0,-0.22625,0.35175512315624724,0.28,-0.84,1.12,-0.345,-0.48062499999999997,0.3679758823618744,0.19,-1.15,1.3399999999999999,-0.43999999999999995,0.25125000000000003,0.5715694766751166,1.05,-0.58,1.63,0.45999999999999996,10.998124999999998,43.00742714442859,99.21,-66.27,165.48,10.91,-18.279999999999998,70.04073681318133,56.02,-250.14,306.15999999999997,1.58,14.628749999999998,32.86142802232835,74.71,-57.34,132.05,7.625,0.931875,0.1746317554169344,1.34,0.63,0.7100000000000001,0.945,1.34,0.931875,0.1746317554169344,0.7100000000000001,0.63,0.3333333333333333,250.14,52.93062499999999,1.15,0.7668750000000001,0.28,-0.53,-0.81,-0.93,-0.47,0.4600000000000001,-0.31,0.66,0.97,-5.85,12.92,18.77,7.5,-2.79,-10.29,0.97,-23.15,-24.119999999999997,fall_359.csv,1,fall
18,3.4200000762939453,-0.3511111111111111,0.5541489382392012,0.31,-2.0,2.31,-0.36,-0.5355555555555556,0.473512807730654,0.2,-2.0,2.2,-0.48,0.23333333333333334,0.5770003568150593,0.83,-0.64,1.47,0.475,11.686666666666666,63.57041477994395,185.47,-120.88,306.35,7.34,-26.71055555555556,71.18641587799989,19.14,-250.14,269.28,6.365,8.971111111111112,35.28778740399122,73.39,-98.8,172.19,4.495,1.0355555555555553,0.4687307294513836,2.84,0.68,2.1599999999999997,0.9450000000000001,2.84,1.0355555555555553,0.4687307294513836,2.1599999999999997,0.68,0.35294117647058826,250.14,60.99888888888888,2.0,0.8022222222222222,0.3,-0.53,-0.8300000000000001,-0.91,-0.46,0.45,-0.52,0.65,1.17,4.44,24.95,20.509999999999998,13.82,14.57,0.75,4.66,2.11,-2.5500000000000003,fall_361.csv,1,fall
17,3.200000047683716,-0.4323529411764706,0.5678416307801488,0.23,-2.0,2.23,-0.47,-0.4594117647058824,0.5403641201569005,0.51,-2.0,2.51,-0.31,0.33529411764705885,0.6848459466100645,1.78,-0.5,2.2800000000000002,0.7,4.227058823529412,42.69715590128719,154.0,-44.24,198.24,2.05,-6.17529411764706,36.97012985466224,66.78,-111.75,178.53,0.46,15.461176470588233,69.177146143285,185.87,-117.95,303.82,4.32,1.1223529411764706,0.5353565332066648,2.86,0.53,2.33,0.98,2.86,1.1223529411764706,0.5353565332066648,2.33,0.53,0.375,185.87,46.20470588235294,2.0,0.8894117647058825,0.13,-0.61,-0.74,-0.88,-0.23,0.65,-0.28,0.71,0.99,-9.46,2.25,11.71,2.56,1.16,-1.4000000000000001,-2.9,4.32,7.220000000000001,fall_362.csv,1,fall
15,2.799999952316284,-0.33866666666666667,0.5872194365538888,0.27,-2.0,2.27,-0.26,-0.4573333333333334,0.42107798169301924,0.43,-1.26,1.69,-0.52,0.13733333333333336,0.7178983878224656,1.24,-1.1,2.34,0.46,3.0826666666666656,56.07180287894476,177.92,-60.69,238.60999999999999,-5.47,-24.89733333333333,68.70306558627773,48.08,-209.84,257.92,0.42,3.8086666666666655,27.91149913224877,45.44,-62.67,108.11,5.45,1.0446666666666666,0.48517841588233834,2.61,0.56,2.05,0.88,2.61,1.0446666666666666,0.48517841588233834,2.05,0.56,0.42857142857142855,209.84,54.017999999999994,2.0,0.8280000000000002,0.22,-0.5,-0.72,-0.74,-0.28,0.45999999999999996,-0.38,0.73,1.1099999999999999,1.66,10.35,8.69,4.04,0.42,-3.62,-12.01,-10.95,1.0600000000000005,fall_363.csv,1,fall
17,3.0999999046325684,-0.2511764705882353,0.5311530188295692,0.92,-1.22,2.14,-0.22,-0.5135294117647059,0.4617079864003679,0.21,-1.51,1.72,-0.4,0.17647058823529413,0.633254897103751,1.02,-0.93,1.9500000000000002,0.31,18.898823529411768,36.15923911712485,107.98,-28.3,136.28,7.21,-26.252352941176472,70.13937896515515,25.32,-230.24,255.56,1.21,16.517058823529414,19.400548241192144,65.83,-14.02,79.85,18.04,1.0411764705882351,0.3483332160615245,1.83,0.54,1.29,1.0,1.83,1.0411764705882351,0.3483332160615245,1.29,0.54,0.5625,230.24,53.17235294117648,1.51,0.8429411764705883,0.14,-0.56,-0.7000000000000001,-0.9,-0.25,0.65,-0.32,0.66,0.98,-3.66,-1.46,2.2,11.59,1.21,-10.379999999999999,5.71,3.18,-2.53,fall_364.csv,1,fall
19,3.5999999046325684,-0.34368421052631576,0.40048873650850086,0.27,-1.09,1.36,-0.57,-0.47210526315789486,0.3743376216342144,0.13,-1.54,1.67,-0.35,0.2242105263157895,0.5567197159300747,0.79,-0.63,1.42,0.59,4.363684210526317,66.84271689824689,225.18,-149.76,374.94,-0.89,-6.649473684210527,56.35381535675432,157.68,-134.69,292.37,-1.03,15.726842105263158,58.87787483451861,195.63,-88.78,284.40999999999997,5.57,0.9557894736842103,0.2451375076580871,1.68,0.6,1.08,0.93,1.68,0.9557894736842103,0.2451375076580871,1.08,0.6,0.3333333333333333,225.18,51.87368421052633,1.54,0.7463157894736842,0.22,-0.66,-0.88,-0.89,-0.22,0.67,-0.49,0.67,1.1600000000000001,2.63,-4.89,-7.52,1.4,-1.5,-2.9,8.08,-1.63,-9.71,fall_365.csv,1,fall
17,3.190000057220459,-0.29,0.40042165276118624,0.27,-1.03,1.3,-0.5,-0.4664705882352941,0.34955223458859813,0.37,-0.91,1.28,-0.61,0.22470588235294114,0.5817765641448918,0.88,-0.59,1.47,0.52,16.745294117647056,56.91819317204814,221.91,-32.73,254.64,3.83,-22.63529411764706,76.38962561415384,36.86,-250.14,287.0,1.11,9.111176470588234,28.438799614776496,69.26,-50.26,119.52000000000001,8.73,0.9594117647058825,0.12915449025466044,1.28,0.71,0.5700000000000001,0.94,1.28,0.9594117647058825,0.12915449025466044,0.5700000000000001,0.71,0.375,250.14,49.319411764705876,1.03,0.7494117647058823,0.22,-0.55,-0.77,-0.89,-0.22,0.67,-0.31,0.72,1.03,-4.62,7.49,12.11,7.57,-0.36,-7.930000000000001,4.47,1.37,-3.0999999999999996,fall_366.csv,1,fall
15,2.799999952316284,0.14133333333333334,0.3490367697917609,0.87,-0.32,1.19,0.11,-0.5093333333333333,0.33013994146782805,0.09,-1.14,1.23,-0.48,0.29333333333333333,0.7774010425464973,1.83,-0.77,2.6,0.69,19.444666666666667,62.95458145891106,193.08,-57.03,250.11,0.92,18.482000000000003,42.46290350748185,112.14,-64.99,177.13,10.43,11.962666666666667,32.46585645317393,83.03,-45.23,128.26,10.4,1.02,0.3304326168611602,1.98,0.71,1.27,0.93,1.98,1.02,0.3304326168611602,1.27,0.71,0.5,193.08,52.00199999999999,1.83,0.8733333333333334,0.11,-0.15,-0.26,-0.99,-0.37,0.62,-0.52,0.82,1.3399999999999999,-4.43,2.45,6.88,13.6,-4.4,-18.0,0.7,10.93,10.23,fall_367.csv,1,fall
16,3.0,0.24625000000000002,0.6027036308723108,1.83,-0.97,2.8,0.195,-0.4325,0.5157066349518235,0.1,-2.0,2.1,-0.25,0.515625,0.7270852196728157,1.45,-0.51,1.96,0.95,9.993750000000002,55.15058704734399,171.55,-59.9,231.45000000000002,4.655,25.991249999999997,47.671937360114356,154.34,-24.07,178.41,11.305,-17.331875,47.46687872875148,55.2,-159.73,214.93,-15.425,1.164375,0.5118980204428744,2.74,0.57,2.1700000000000004,1.0550000000000002,2.74,1.164375,0.5118980204428744,2.1700000000000004,0.57,0.3333333333333333,171.55,51.82625,2.0,1.0,0.26,0.08,-0.18,-0.84,-0.21,0.63,-0.2,0.96,1.16,-9.17,-12.45,-3.2799999999999994,9.05,-5.5,-14.55,-8.42,11.46,19.880000000000003,fall_368.csv,1,fall
17,3.200000047683716,0.27,0.37692837515899486,1.3,-0.37,1.67,0.27,-0.45882352941176474,0.4772824419688668,0.21,-1.84,2.0500000000000003,-0.34,0.4835294117647058,0.6650276420615029,1.69,-0.39,2.08,0.63,7.0317647058823525,32.76728117255346,96.15,-50.23,146.38,2.47,22.628235294117644,32.76728918359247,88.58,-23.77,112.35,12.68,-15.564117647058822,28.290638703205236,41.21,-73.78,114.99000000000001,-11.7,1.0488235294117647,0.4399130930215247,2.26,0.29,1.9699999999999998,0.97,2.26,1.0488235294117647,0.4399130930215247,1.9699999999999998,0.29,0.3125,96.15,41.06411764705882,1.84,0.9258823529411764,0.4,-0.05,-0.45,-0.83,-0.18,0.6499999999999999,-0.17,0.96,1.13,2.47,5.06,2.5899999999999994,-23.77,-4.97,18.8,-15.98,0.82,16.8,fall_369.csv,1,fall
16,3.0,0.374375,0.44031759371314394,1.71,-0.4,2.11,0.36,-0.37,0.3013967484894288,0.16,-0.85,1.01,-0.325,0.32875,0.7617512717416361,1.19,-1.1,2.29,0.8,31.421249999999997,65.00337456624848,177.94,-37.27,215.21,3.275,22.009999999999998,29.351605748238036,81.36,-13.3,94.66,16.35,-3.469375,24.955491972376205,41.39,-43.85,85.24000000000001,-4.3149999999999995,1.05375,0.3034221481698394,2.05,0.69,1.3599999999999999,0.97,2.05,1.05375,0.3034221481698394,1.3599999999999999,0.69,0.4,177.94,56.31999999999999,1.71,0.911875,0.41,0.11,-0.3,-0.84,-0.12,0.72,-0.23,0.96,1.19,-3.33,-11.4,-8.07,-0.05,2.12,2.17,-4.35,-3.34,1.0099999999999998,fall_370.csv,1,fall
19,3.6000001430511475,-0.4610526315789474,0.5854428023759461,0.25,-2.0,2.25,-0.6,-0.518421052631579,0.4650718362419907,0.22,-2.0,2.22,-0.41,0.2531578947368421,0.4995670640284328,0.93,-0.55,1.48,0.47,27.579473684210527,68.29159940803555,247.51,-12.7,260.21,1.24,-4.832105263157895,43.023775414033494,83.67,-127.11,210.78,1.5,25.850526315789473,61.92024291813571,205.92,-69.4,275.32,9.03,1.0531578947368423,0.4644238082659098,2.83,0.61,2.22,0.96,2.83,1.0531578947368423,0.4644238082659098,2.22,0.61,0.3333333333333333,247.51,51.29052631578948,2.0,0.8100000000000002,0.12,-0.65,-0.77,-0.8,-0.31,0.49000000000000005,-0.2,0.72,0.9199999999999999,37.13,10.26,-26.870000000000005,1.5,6.51,5.01,-10.37,4.34,14.709999999999999,fall_372.csv,1,fall
18,3.4100000858306885,-0.405,0.4260937483147825,0.26,-1.03,1.29,-0.6,-0.47777777777777775,0.46331993209565697,0.17,-2.0,2.17,-0.345,0.22000000000000003,0.537127435859444,0.78,-0.75,1.53,0.49,-7.189444444444446,65.1915484843768,96.92,-229.24,326.16,-2.705,-13.652777777777775,52.180665994166574,61.54,-170.34,231.88,-2.13,19.284444444444446,48.27848433487947,128.33,-64.93,193.26000000000002,8.06,0.9733333333333333,0.3839577182604417,2.37,0.5,1.87,0.95,2.37,0.9733333333333333,0.3839577182604417,1.87,0.5,0.29411764705882354,229.24,51.903333333333336,2.0,0.7394444444444445,0.26,-0.61,-0.87,-0.89,-0.31,0.5800000000000001,-0.43,0.66,1.09,-16.25,-1.32,14.93,16.39,8.06,-8.33,8.06,0.25,-7.8100000000000005,fall_373.csv,1,fall
18,3.4000000953674316,-0.40611111111111114,0.4130537479466933,0.2,-1.38,1.5799999999999998,-0.53,-0.3916666666666667,0.25567097422042945,0.09,-0.85,0.94,-0.36,0.24833333333333327,0.6594048118434934,0.97,-1.22,2.19,0.59,-4.853888888888888,78.54719331780466,128.84,-250.14,378.98,-7.76,0.2861111111111119,60.52984661343321,184.9,-123.05,307.95,-0.06500000000000006,17.271666666666665,60.16894706720793,196.44,-103.09,299.53,4.529999999999999,0.9794444444444443,0.2463730366793704,1.85,0.72,1.1300000000000001,0.94,1.85,0.9794444444444443,0.2463730366793704,1.1300000000000001,0.72,0.29411764705882354,250.14,61.585555555555565,1.38,0.7372222222222222,0.2,-0.56,-0.76,-0.85,-0.36,0.49,-0.39,0.71,1.1,-13.78,-12.42,1.3599999999999994,16.55,7.94,-8.61,6.34,-8.59,-14.93,fall_374.csv,1,fall
16,3.0,-0.29937499999999995,0.39426672443917965,0.29,-0.84,1.13,-0.475,-0.511875,0.5072174911547643,0.34,-2.0,2.34,-0.41000000000000003,0.20249999999999996,0.7044099185370215,0.87,-1.43,2.3,0.6,4.714375,64.96856767891686,161.83,-155.59,317.42,-0.45499999999999996,-9.663124999999999,35.589843816974906,24.89,-87.68,112.57000000000001,-0.05500000000000001,19.96875,53.90844211871334,189.13,-64.49,253.62,11.465,1.04125,0.41166126852061274,2.47,0.53,1.9400000000000002,0.97,2.47,1.04125,0.41166126852061274,1.9400000000000002,0.53,0.3333333333333333,189.13,48.769999999999996,2.0,0.793125,0.13,-0.46,-0.5900000000000001,-0.89,-0.32,0.5700000000000001,-0.44,0.61,1.05,1.04,-0.98,-2.02,10.98,-5.76,-16.740000000000002,5.47,-10.93,-16.4,fall_375.csv,1,fall
16,3.0,-0.23375,0.463650371149066,0.34,-1.02,1.36,-0.36,-0.425625,0.604240225407081,0.88,-2.0,2.88,-0.325,0.45625,0.6281812371176543,1.35,-0.42,1.77,0.755,8.190624999999999,49.49207431077559,117.35,-117.97,235.32,12.795,-18.78625,36.70976688839089,15.5,-112.64,128.14,-9.845,22.1575,60.507255928524806,206.84,-48.65,255.49,5.5649999999999995,1.10375,0.38700344529043496,2.24,0.55,1.6900000000000002,0.995,2.24,1.10375,0.38700344529043496,1.6900000000000002,0.55,0.3333333333333333,206.84,51.988125,2.0,0.915625,0.34,-0.52,-0.8600000000000001,-0.86,-0.25,0.61,-0.37,0.8,1.17,-11.07,15.16,26.23,-15.78,2.98,18.759999999999998,-2.39,6.59,8.98,fall_376.csv,1,fall
20,3.799999952316284,-0.23650000000000002,0.4458377684645769,0.92,-0.94,1.8599999999999999,-0.45499999999999996,-0.48150000000000004,0.5270800897896178,0.53,-2.0,2.5300000000000002,-0.425,0.1595,0.5964498037731697,0.74,-1.07,1.81,0.46,25.6685,59.32044471166306,250.13,-23.71,273.84,4.105,-8.3565,47.72642303301511,115.53,-115.66,231.19,2.475,7.843500000000001,24.398971996247795,46.86,-48.06,94.92,10.915,0.9994999999999999,0.3343095791879768,2.31,0.56,1.75,0.945,2.31,0.9994999999999999,0.3343095791879768,1.75,0.56,0.3157894736842105,250.13,49.538,2.0,0.7835000000000001,0.09,-0.48,-0.57,-0.92,-0.41,0.51,-0.48,0.65,1.13,30.16,-4.72,-34.88,11.24,1.84,-9.4,17.56,-31.92,-49.480000000000004,fall_377.csv,1,fall
15,2.799999952316284,-0.24933333333333335,0.451750036234747,0.3,-0.82,1.1199999999999999,-0.18,-0.4066666666666667,0.3556616905083229,0.24,-0.87,1.1099999999999999,-0.41,0.06533333333333331,0.5502709289414581,0.81,-0.67,1.48,0.21,-10.79533333333333,97.57761327466949,250.13,-250.14,500.27,-8.69,-17.488,43.76471576183587,54.32,-102.12,156.44,-3.33,23.794666666666664,79.02398685269706,241.75,-98.2,339.95,12.07,0.8973333333333333,0.1331200675366129,1.11,0.68,0.43000000000000005,0.92,1.11,0.8973333333333333,0.1331200675366129,0.43000000000000005,0.68,0.42857142857142855,250.14,72.28,0.87,0.712,0.22,-0.71,-0.9299999999999999,-0.87,-0.32,0.55,-0.39,0.66,1.05,0.1,-8.69,-8.79,6.24,-8.37,-14.61,2.27,-25.35,-27.62,fall_378.csv,1,fall
17,3.2099997997283936,-0.26411764705882357,0.38454614195713577,0.31,-0.78,1.09,-0.41,-0.5970588235294119,0.4422776942414453,0.16,-2.0,2.16,-0.52,0.19294117647058825,0.6608967837896697,1.31,-1.11,2.42,0.33,28.745294117647056,79.78708707535692,250.13,-48.25,298.38,-6.89,-10.017058823529412,73.08123064138167,87.73,-250.14,337.87,3.52,7.202352941176472,25.764443893040795,67.98,-51.81,119.79,7.55,1.0152941176470587,0.4191675924832874,2.32,0.44,1.88,0.95,2.32,1.0152941176470587,0.4191675924832874,1.88,0.44,0.3125,250.14,60.665882352941175,2.0,0.7835294117647059,0.23,-0.52,-0.75,-0.85,-0.38,0.47,-0.3,0.7,1.0,5.63,-6.89,-12.52,11.95,4.95,-6.999999999999999,7.85,-6.34,-14.19,fall_379.csv,1,fall
20,3.799999952316284,-0.34750000000000003,0.46597803200986787,0.61,-0.97,1.58,-0.475,-0.41850000000000004,0.5153463321934708,0.25,-1.99,2.24,-0.28500000000000003,0.1675,0.6349544119566048,0.98,-1.35,2.33,0.42,-9.501000000000003,71.2144569814156,210.4,-113.8,324.2,-14.485,-6.927000000000002,51.40133667113091,125.01,-118.95,243.96,-4.175,-3.9705000000000004,47.41869934008379,127.3,-102.06,229.36,-0.030000000000000027,0.9945,0.4343473628087863,2.45,0.34,2.1100000000000003,0.985,2.45,0.9945,0.4343473628087863,2.1100000000000003,0.34,0.2631578947368421,210.4,62.38399999999999,1.99,0.782,0.22,-0.97,-1.19,-0.88,-1.32,-0.44000000000000006,-0.41,0.43,0.84,17.4,12.78,-4.619999999999999,21.32,55.48,34.16,14.88,-44.36,-59.24,fall_380.csv,1,fall
15,2.799999952316284,-0.2126666666666667,0.33895778638700863,0.29,-0.79,1.08,-0.29,-0.5026666666666667,0.5068314268453518,0.16,-2.0,2.16,-0.42,0.15399999999999997,0.7397470610186392,0.92,-1.64,2.56,0.49,7.208,46.54295822141089,93.83,-78.91,172.74,-2.96,-8.826666666666666,21.733963765323182,18.66,-58.6,77.26,-4.04,13.676666666666668,49.80043755784061,119.36,-78.21,197.57,2.94,0.9853333333333334,0.47040813080112626,2.6,0.59,2.0100000000000002,0.89,2.6,0.9853333333333334,0.47040813080112626,2.0100000000000002,0.59,0.35714285714285715,119.36,50.338,2.0,0.7686666666666666,0.22,-0.51,-0.73,-0.93,-0.32,0.6100000000000001,-0.32,0.72,1.04,-9.32,-3.5,5.82,8.75,1.53,-7.22,2.94,2.83,-0.10999999999999988,fall_381.csv,1,fall
17,3.190000057220459,-0.24705882352941178,0.383955803216372,0.58,-0.86,1.44,-0.34,-0.36352941176470593,0.3160684493996235,0.05,-0.89,0.9400000000000001,-0.22,0.36294117647058827,0.7928568968127411,2.0,-0.59,2.59,0.73,11.999999999999998,37.2648212125055,116.42,-34.82,151.24,8.72,-2.830000000000001,78.49536491092961,158.98,-250.14,409.12,13.06,9.572941176470591,31.729114738026073,57.15,-53.71,110.86,3.28,1.0205882352941178,0.33788812105923643,2.18,0.67,1.5100000000000002,0.98,2.18,1.0205882352941178,0.33788812105923643,1.5100000000000002,0.67,0.4375,250.14,55.298235294117646,2.0,0.8617647058823529,0.22,-0.34,-0.56,-0.89,-0.13,0.76,-0.59,0.91,1.5,14.95,-0.63,-15.58,13.06,3.53,-9.530000000000001,11.52,-4.73,-16.25,fall_382.csv,1,fall
17,3.200000047683716,-0.38411764705882356,0.5401742638205912,0.21,-2.0,2.21,-0.44,-0.5352941176470589,0.5684421435715646,0.14,-2.0,2.14,-0.32,0.37941176470588234,0.5386263847537932,1.05,-0.41,1.46,0.67,-5.210588235294118,42.125787747914615,101.31,-90.95,192.26,-2.86,-16.57588235294118,69.00033542117961,34.74,-250.14,284.88,-0.93,-3.1835294117647046,57.92211310686711,117.69,-120.89,238.57999999999998,7.98,1.0905882352941176,0.5037542876769797,2.85,0.6,2.25,1.02,2.85,1.0905882352941176,0.5037542876769797,2.25,0.6,0.375,250.14,55.194705882352935,2.0,0.9194117647058823,0.21,-0.44,-0.65,-0.99,-0.21,0.78,-0.29,0.71,1.0,-5.21,-1.03,4.18,14.99,-10.82,-25.810000000000002,5.48,-15.89,-21.37,fall_383.csv,1,fall
15,2.819999933242798,-0.36,0.413486914631441,0.18,-1.28,1.46,-0.51,-0.5339999999999999,0.581915555975018,0.78,-2.0,2.7800000000000002,-0.44,0.206,0.666116677896169,1.17,-0.68,1.85,0.6,19.811999999999994,78.37621643621962,250.13,-74.83,324.96,0.27,-26.450000000000003,67.118021531372,30.21,-209.4,239.61,-2.49,28.241333333333333,66.99023360233369,207.18,-50.27,257.45,2.7,1.0773333333333333,0.44385433045839107,2.29,0.59,1.7000000000000002,0.96,2.29,1.0773333333333333,0.44385433045839107,1.7000000000000002,0.59,0.35714285714285715,250.13,58.647999999999996,2.0,0.8680000000000001,-0.01,-0.51,-0.5,-0.86,-0.41,0.45,-0.27,0.67,0.9400000000000001,17.02,-7.56,-24.58,-5.37,-2.49,2.88,-1.36,-3.87,-2.51,fall_384.csv,1,fall
19,3.6000001430511475,-0.261578947368421,0.33948102807233965,0.42,-0.84,1.26,-0.29,-0.41736842105263156,0.44425770930924957,0.21,-1.52,1.73,-0.25,0.31105263157894736,0.5743778734600313,1.01,-0.63,1.6400000000000001,0.67,31.25473684210527,79.03471089537678,250.13,-20.25,270.38,5.28,-18.494736842105258,71.86956591001206,77.72,-250.14,327.86,3.93,-7.163157894736842,45.45072191733611,42.82,-137.63,180.45,1.43,0.9421052631578947,0.2532363618652745,1.63,0.41,1.22,0.95,1.63,0.9421052631578947,0.2532363618652745,1.22,0.41,0.3333333333333333,250.14,54.368947368421054,1.52,0.7978947368421053,-0.05,-0.59,-0.5399999999999999,-0.87,-0.22,0.65,-0.11,0.73,0.84,8.37,0.84,-7.529999999999999,14.89,6.32,-8.57,0.71,-0.82,-1.5299999999999998,fall_385.csv,1,fall
17,3.2100000381469727,-0.3341176470588235,0.36624887070695206,0.21,-0.99,1.2,-0.46,-0.49411764705882344,0.38516325797526124,0.54,-1.17,1.71,-0.45,0.3641176470588235,0.5400585480243023,1.25,-0.5,1.75,0.62,-18.497647058823528,47.74589203918644,45.64,-164.73,210.37,-2.04,-7.131176470588234,30.637607380952772,20.88,-88.08,108.96,3.34,11.635882352941175,72.93179194106844,250.13,-71.24,321.37,0.79,0.981764705882353,0.26142004738824176,1.51,0.52,0.99,0.94,1.51,0.981764705882353,0.26142004738824176,0.99,0.52,0.5,250.13,55.966470588235296,1.25,0.7541176470588236,0.04,-0.51,-0.55,-0.83,-0.45,0.37999999999999995,-0.17,0.66,0.8300000000000001,-5.0,6.46,11.46,19.55,4.45,-15.100000000000001,9.67,0.04,-9.63,fall_386.csv,1,fall
16,3.0,-0.29375,0.5610213899665502,1.21,-1.29,2.5,-0.475,-0.3175,0.35991665701937164,0.49,-0.91,1.4,-0.245,0.306875,0.636445533150062,1.21,-0.69,1.9,0.605,24.016249999999996,77.92038670976935,209.6,-44.72,254.32,-0.8999999999999999,-18.607499999999998,73.78508769844125,61.69,-250.14,311.83,6.234999999999999,18.144375,37.157436755648256,96.95,-53.73,150.68,16.63,1.0,0.28936712552280947,1.84,0.52,1.32,0.965,1.84,1.0,0.28936712552280947,1.32,0.52,0.4666666666666667,250.14,62.885625,1.29,0.7987500000000001,0.23,-0.6,-0.83,-0.91,-0.13,0.78,-0.38,0.74,1.12,4.63,1.35,-3.28,21.6,7.25,-14.350000000000001,11.35,0.47,-10.879999999999999,fall_387.csv,1,fall
16,3.0,-0.3625,0.4285557139976085,0.5,-1.02,1.52,-0.535,-0.31062500000000004,0.3358267162292681,0.35,-0.92,1.27,-0.19,0.246875,0.5987511308270463,1.01,-0.68,1.69,0.5449999999999999,4.000624999999999,48.48576264825927,136.06,-65.84,201.9,0.815,-26.568750000000005,59.46224571103921,22.69,-194.11,216.8,0.355,13.924375,55.4845125500501,145.85,-96.63,242.48,6.7,0.935625,0.1696258136801904,1.44,0.68,0.7599999999999999,0.94,1.44,0.935625,0.1696258136801904,0.7599999999999999,0.68,0.5333333333333333,194.11,54.86125,1.02,0.755625,0.09,-0.63,-0.72,-0.92,-0.19,0.73,-0.36,0.62,0.98,-5.52,5.94,11.46,22.69,3.33,-19.36,10.47,3.48,-6.99,fall_388.csv,1,fall
17,3.200000047683716,-0.3641176470588235,0.38164215607571145,0.18,-1.01,1.19,-0.5,-0.4676470588235294,0.3638084903449325,-0.0,-1.15,1.15,-0.31,0.1905882352941177,0.5720191276110802,1.08,-0.61,1.69,0.4,4.620588235294116,48.86213583524929,105.96,-123.01,228.97,4.89,2.459411764705884,60.962717753413465,157.62,-170.56,328.18,7.74,17.800588235294118,49.84772869331513,178.37,-43.56,221.93,6.79,0.96,0.1873165769492919,1.38,0.51,0.8699999999999999,0.97,1.38,0.96,0.1873165769492919,0.8699999999999999,0.51,0.5625,178.37,59.81294117647059,1.15,0.7794117647058824,0.07,-0.72,-0.79,-0.97,-0.22,0.75,-0.34,0.6,0.94,-2.07,-8.43,-6.359999999999999,13.49,4.03,-9.46,6.46,4.86,-1.5999999999999996,fall_389.csv,1,fall
16,3.0,-0.5625,0.5488958614042072,0.08,-2.0,2.08,-0.5700000000000001,-0.491875,0.5067309443876503,0.08,-2.0,2.08,-0.315,0.44249999999999995,0.5779100275994525,1.69,-0.36,2.05,0.605,24.22625,62.0576472725159,183.21,-40.4,223.61,-0.54,1.246875000000001,57.72026261418082,83.74,-168.82,252.56,7.555,10.905625,26.2285640650926,69.9,-47.37,117.27000000000001,6.26,1.1056249999999999,0.6239441080737922,3.29,0.6,2.69,0.97,3.29,1.1056249999999999,0.6239441080737922,2.69,0.6,0.3333333333333333,183.21,54.07687500000001,2.0,0.8443749999999999,0.08,-0.69,-0.7699999999999999,-0.96,-0.27,0.69,-0.21,0.62,0.83,-10.85,-0.37,10.48,18.5,0.33,-18.17,5.08,3.97,-1.1099999999999999,fall_390.csv,1,fall
17,3.1999998092651367,-0.31764705882352945,0.3973589279820687,0.26,-1.0,1.26,-0.39,-0.4123529411764706,0.4137712141353707,0.79,-1.13,1.92,-0.35,0.26941176470588235,0.6085584461273553,1.37,-0.64,2.0100000000000002,0.56,11.313529411764705,57.24506091589654,150.76,-75.74,226.5,2.54,-26.742941176470588,70.29447913640746,63.14,-237.29,300.43,-5.24,20.44705882352941,62.162063568215174,173.23,-107.2,280.43,7.16,0.9641176470588235,0.2754781938631761,1.6,0.62,0.9800000000000001,0.96,1.6,0.9641176470588235,0.2754781938631761,0.9800000000000001,0.62,0.5,237.29,56.918823529411775,1.37,0.7529411764705882,0.07,-0.66,-0.73,-0.94,-0.26,0.6799999999999999,-0.4,0.66,1.06,2.54,-0.63,-3.17,1.02,3.85,2.83,5.38,0.34,-5.04,fall_391.csv,1,fall
16,3.0,-0.503125,0.5185070716329078,0.07,-2.0,2.07,-0.56,-0.4625,0.5345590082800339,-0.02,-2.0,1.98,-0.21000000000000002,0.206875,0.6666105184688682,0.96,-1.06,2.02,0.47,28.831250000000004,100.17051248579428,250.13,-72.19,322.32,-0.68,-18.83625,71.97391202141695,55.5,-250.14,305.64,-2.42,20.259999999999998,77.3697080258159,182.66,-91.4,274.06,7.615,1.071875,0.56323137637505,3.02,0.41,2.61,1.02,3.02,1.071875,0.56323137637505,2.61,0.41,0.3333333333333333,250.14,75.00999999999999,2.0,0.8568749999999999,0.03,-0.71,-0.74,-0.94,-0.08,0.86,-0.41,0.65,1.06,0.23,-1.59,-1.82,2.08,1.27,-0.81,6.84,-0.69,-7.529999999999999,fall_392.csv,1,fall
16,3.0199999809265137,-0.416875,0.32233975346932725,-0.02,-1.04,1.02,-0.37,-0.455625,0.41591615741637167,0.39,-1.15,1.54,-0.31,0.21187499999999998,0.4949507551262044,0.71,-0.65,1.3599999999999999,0.47,3.8406249999999993,52.96493298636372,185.53,-60.66,246.19,-5.465,-23.5775,86.94951818919604,79.6,-250.14,329.74,5.574999999999999,12.97625,56.89209703464972,87.72,-115.05,202.76999999999998,17.345,0.93875,0.2056493779875511,1.24,0.38,0.86,0.94,1.24,0.93875,0.2056493779875511,0.86,0.38,0.4,250.14,61.881249999999994,1.15,0.766875,-0.06,-0.75,-0.69,-1.0,-0.14,0.86,-0.21,0.51,0.72,2.54,-11.91,-14.45,9.14,4.88,-4.260000000000001,6.6,-6.74,-13.34,fall_393.csv,1,fall
18,3.4000000953674316,-0.4077777777777778,0.4498569126178516,0.14,-1.57,1.71,-0.48000000000000004,-0.4494444444444444,0.4013136110065107,0.44,-1.26,1.7,-0.37,0.34111111111111114,0.5432785970263582,1.03,-0.48,1.51,0.625,-3.966666666666667,45.57771953100614,68.17,-143.04,211.20999999999998,1.375,-11.33222222222222,56.52154233310003,80.5,-210.98,291.48,0.18,12.126666666666667,44.5813060268407,105.01,-103.94,208.95,1.955,1.021111111111111,0.2632129285419582,1.92,0.72,1.2,0.97,1.92,1.021111111111111,0.2632129285419582,1.2,0.72,0.5294117647058824,210.98,49.33444444444444,1.57,0.8333333333333334,-0.03,-0.61,-0.58,-0.92,-0.21,0.7100000000000001,-0.24,0.7,0.94,10.97,2.64,-8.33,-0.41,-0.35,0.06,-2.96,-2.11,0.8500000000000001,fall_394.csv,1,fall
16,2.9800000190734863,-0.429375,0.6441683915457717,0.87,-1.94,2.81,-0.5,-0.456875,0.5606629260675854,0.63,-2.0,2.63,-0.38,0.259375,0.6143665436854452,1.3,-0.54,1.84,0.485,23.740624999999998,58.12824539685218,191.23,-18.27,209.5,-3.8550000000000004,-11.47125,49.98785957610107,54.34,-158.32,212.66,-1.71,16.924374999999998,42.759241179539195,135.44,-33.89,169.32999999999998,10.3,1.1037499999999998,0.5472217710094023,2.83,0.61,2.22,0.935,2.83,1.1037499999999998,0.5472217710094023,2.22,0.61,0.3333333333333333,191.23,51.02312500000001,2.0,0.8712500000000001,0.04,-0.58,-0.62,-0.94,-0.25,0.69,-0.32,0.67,0.99,13.73,-2.97,-16.7,1.11,-10.13,-11.24,11.79,-11.23,-23.02,fall_395.csv,1,fall
18,3.3999998569488525,-0.4600000000000001,0.3968256395890947,0.09,-1.16,1.25,-0.515,-0.4255555555555556,0.32295004571317804,0.31,-0.93,1.24,-0.33,0.14277777777777778,0.5694559380316243,0.96,-0.76,1.72,0.23500000000000001,-4.008888888888889,31.219123266298492,73.14,-77.44,150.57999999999998,-2.525,-17.206666666666667,65.51036182072538,126.39,-191.84,318.23,-4.08,13.245555555555558,68.21903858999913,233.85,-91.63,325.48,4.59,0.9566666666666666,0.22486597315368312,1.32,0.36,0.9600000000000001,1.02,1.32,0.9566666666666666,0.22486597315368312,0.9600000000000001,0.36,0.35294117647058826,233.85,50.34,1.16,0.7605555555555557,0.04,-0.64,-0.68,-0.93,-0.28,0.65,-0.44,0.55,0.99,8.08,4.27,-3.8100000000000005,-1.84,5.21,7.05,2.2,3.43,1.23,fall_396.csv,1,fall
17,3.18999981880188,-0.351764705882353,0.2986476873784068,0.09,-1.06,1.1500000000000001,-0.37,-0.4235294117647058,0.35064121934804293,0.12,-0.97,1.0899999999999999,-0.31,0.25411764705882356,0.5225664888740166,0.86,-0.38,1.24,0.46,13.731176470588236,29.73632666503063,81.89,-37.3,119.19,8.79,-24.714117647058824,71.0841311456734,93.34,-247.43,340.77,-2.89,18.441764705882353,44.344190746265475,83.26,-70.35,153.61,10.76,0.8876470588235295,0.19882559605608838,1.27,0.37,0.9,0.91,1.27,0.8876470588235295,0.19882559605608838,0.9,0.37,0.375,247.43,58.557647058823534,1.06,0.7417647058823529,0.09,-0.54,-0.63,-0.97,-0.27,0.7,-0.29,0.86,1.15,3.18,7.74,4.5600000000000005,-8.63,8.36,16.990000000000002,2.13,3.6,1.4700000000000002,fall_397.csv,1,fall
18,3.4000000953674316,-0.35277777777777786,0.3218294315418277,0.04,-1.11,1.1500000000000001,-0.35,-0.37333333333333335,0.46910427788436526,0.71,-0.99,1.7,-0.28500000000000003,0.42888888888888893,0.4678472461729725,1.0,-0.27,1.27,0.61,-7.891111111111111,39.84826129336856,53.38,-125.3,178.68,-1.04,-10.087222222222222,36.57844122455604,42.78,-127.76,170.54000000000002,-0.09000000000000002,7.418888888888891,65.4738173883171,111.73,-210.8,322.53000000000003,4.77,0.9577777777777777,0.21173111570923425,1.59,0.68,0.91,0.955,1.59,0.9577777777777777,0.21173111570923425,0.91,0.68,0.5294117647058824,210.8,49.37500000000001,1.11,0.8066666666666668,-0.01,-0.56,-0.55,-0.96,-0.16,0.7999999999999999,-0.08,0.73,0.8099999999999999,1.22,0.34,-0.8799999999999999,10.53,2.9,-7.629999999999999,-4.09,-1.41,2.6799999999999997,fall_398.csv,1,fall
15,2.8000001907348633,-0.3913333333333334,0.3498543914803632,0.12,-0.77,0.89,-0.56,-0.39399999999999996,0.36114500451441145,0.21,-0.95,1.16,-0.31,0.2593333333333333,0.5828681138089801,0.95,-0.72,1.67,0.6,24.477333333333338,77.8802438240613,245.58,-62.84,308.42,-4.18,-15.198666666666668,47.54725286741701,49.29,-150.41,199.7,-10.47,14.454000000000004,73.64748844519896,250.13,-86.14,336.27,4.76,0.9540000000000001,0.1286634591260693,1.19,0.7,0.49,0.95,1.19,0.9540000000000001,0.1286634591260693,0.49,0.7,0.35714285714285715,250.13,57.351333333333336,0.95,0.7646666666666666,0.1,-0.67,-0.77,-0.95,-0.22,0.73,-0.18,0.7,0.8799999999999999,-4.18,9.75,13.93,7.69,-2.34,-10.030000000000001,4.76,4.34,-0.41999999999999993,fall_399.csv,1,fall
17,3.200000047683716,-0.3864705882352942,0.4133391642536216,0.18,-1.11,1.29,-0.47,-0.4623529411764706,0.5359282765884431,0.12,-2.0,2.12,-0.23,0.3094117647058824,0.5991292701520609,1.3,-0.42,1.72,0.62,10.68470588235294,32.038063127639106,96.97,-54.02,150.99,4.9,-12.209411764705884,63.50907656297919,99.04,-173.11,272.15000000000003,-0.03,7.349411764705883,41.97256849279482,90.36,-122.31,212.67000000000002,7.84,1.0394117647058825,0.40102167317109083,2.31,0.68,1.63,0.92,2.31,1.0394117647058825,0.40102167317109083,1.63,0.68,0.375,173.11,51.2964705882353,2.0,0.8664705882352941,-0.04,-0.57,-0.5299999999999999,-0.93,-0.18,0.75,-0.34,0.65,0.99,1.29,11.65,10.36,5.48,-1.67,-7.15,-1.39,4.25,5.64,fall_400.csv,1,fall
18,3.3999998569488525,-0.4077777777777778,0.4454681021861829,0.25,-1.23,1.48,-0.475,-0.5011111111111111,0.4782675708022087,-0.01,-2.0,1.99,-0.36,0.38055555555555554,0.6860927070115082,1.97,-1.09,3.06,0.615,29.427222222222227,68.7501979296022,248.92,-37.82,286.74,10.245,0.7177777777777806,63.15225985016693,175.34,-167.57,342.90999999999997,3.9250000000000003,21.931111111111115,46.93135223091513,152.64,-13.51,166.14999999999998,6.18,1.0727777777777776,0.5265068633210616,2.59,0.54,2.05,0.965,2.59,1.0727777777777776,0.5265068633210616,2.05,0.54,0.29411764705882354,248.92,56.58833333333333,2.0,0.8749999999999999,0.15,-0.56,-0.7100000000000001,-0.97,-0.27,0.7,-0.19,0.62,0.81,-3.1,14.11,17.21,16.27,-3.73,-20.0,5.96,-2.34,-8.3,fall_401.csv,1,fall
19,3.5999999046325684,-0.41157894736842104,0.47229067271349295,0.23,-1.46,1.69,-0.55,-0.5310526315789474,0.4867111251021961,0.36,-2.0,2.36,-0.46,0.3321052631578947,0.6068459345699645,1.63,-0.56,2.19,0.61,25.358947368421052,69.49498118527353,250.13,-63.0,313.13,1.61,2.408947368421053,76.14617571886448,140.76,-250.14,390.9,-0.41,38.403684210526315,70.36327918662359,243.57,-15.66,259.23,4.36,1.086842105263158,0.41517135192831917,2.51,0.67,1.8399999999999999,1.01,2.51,1.086842105263158,0.41517135192831917,1.8399999999999999,0.67,0.3333333333333333,250.14,64.01631578947368,2.0,0.8794736842105264,0.15,-0.59,-0.74,-0.92,-0.23,0.6900000000000001,-0.2,0.68,0.8800000000000001,0.21,1.62,1.4100000000000001,-1.29,6.09,7.38,2.65,3.79,1.1400000000000001,fall_402.csv,1,fall
19,3.6000001430511475,-0.4352631578947368,0.5727746155635025,0.31,-2.0,2.31,-0.66,-0.5321052631578947,0.4558822819223843,-0.12,-2.0,1.88,-0.34,0.18315789473684213,0.6160812773903108,1.33,-1.18,2.51,0.1,14.940000000000001,49.57310404286224,145.17,-54.43,199.6,5.11,-10.565263157894735,65.0278325341816,96.44,-245.01,341.45,-3.79,16.839473684210525,39.596125017156275,81.51,-41.01,122.52000000000001,6.06,1.0357894736842104,0.5647547726370927,3.07,0.32,2.75,0.99,3.07,1.0357894736842104,0.5647547726370927,2.75,0.32,0.3333333333333333,245.01,50.834736842105265,2.0,0.8068421052631579,0.2,-0.7,-0.8999999999999999,-0.92,-0.21,0.7100000000000001,-0.28,0.61,0.89,-3.24,11.13,14.370000000000001,-4.98,4.04,9.02,-2.63,6.06,8.69,fall_403.csv,1,fall
20,3.8000001907348633,-0.3015,0.34359209291802606,0.21,-0.94,1.15,-0.37,-0.4299999999999999,0.38835686247519685,0.26,-1.22,1.48,-0.365,0.3275,0.5880196470043818,1.0,-0.55,1.55,0.56,12.637500000000001,52.98303530624833,175.23,-51.23,226.45999999999998,5.895,-10.924,39.540277452904036,35.27,-121.73,157.0,1.01,15.496500000000001,43.51976614137535,164.31,-54.98,219.29,5.205,0.9675000000000002,0.1831558151727074,1.37,0.66,0.7100000000000001,0.95,1.37,0.9675000000000002,0.1831558151727074,0.7100000000000001,0.66,0.5263157894736842,175.23,50.272499999999994,1.22,0.8015000000000001,0.2,-0.38,-0.5800000000000001,-0.84,-0.2,0.6399999999999999,-0.3,0.81,1.11,7.4,11.78,4.379999999999999,-8.53,4.55,13.079999999999998,9.19,-1.03,-10.219999999999999,fall_404.csv,1,fall
18,3.4000000953674316,-0.14166666666666666,0.31316693537435386,0.34,-0.59,0.9299999999999999,-0.245,-0.4683333333333333,0.32004135762153507,0.18,-0.97,1.15,-0.48,0.32611111111111113,0.5575697148591418,1.34,-0.41,1.75,0.575,9.922777777777775,50.50665172331911,124.66,-80.77,205.43,4.285,-7.672777777777777,20.126548403876775,19.58,-49.99,69.57,-0.9550000000000001,17.565,41.68347793014567,119.02,-45.06,164.07999999999998,9.940000000000001,0.875,0.26241525242615443,1.41,0.2,1.21,0.9,1.41,0.875,0.26241525242615443,1.21,0.2,0.4117647058823529,124.66,45.888888888888886,1.34,0.7372222222222223,0.34,-0.5,-0.8400000000000001,-0.97,-0.39,0.58,-0.34,0.72,1.06,-13.37,13.36,26.729999999999997,6.24,2.79,-3.45,-1.27,-6.35,-5.08,fall_405.csv,1,fall
18,3.390000104904175,-0.24666666666666665,0.44482646980063373,0.47,-1.16,1.63,-0.35,-0.425,0.5143613973256775,0.97,-1.22,2.19,-0.3,0.45444444444444443,0.730384445281043,2.0,-0.48,2.48,0.735,9.012777777777778,53.34081968597073,125.18,-50.13,175.31,-0.35,5.133333333333332,47.17627968275882,167.79,-82.36,250.14999999999998,2.39,10.06722222222222,49.28687891322127,152.47,-63.21,215.68,1.615,1.105,0.4223916498729029,2.25,0.7,1.55,0.955,2.25,1.105,0.4223916498729029,1.55,0.7,0.47058823529411764,167.79,49.745,2.0,0.9477777777777779,0.36,-0.37,-0.73,-0.98,-0.21,0.77,-0.19,0.78,0.97,23.13,-2.23,-25.36,-12.53,-3.75,8.78,-6.24,3.63,9.870000000000001,fall_406.csv,1,fall
18,3.4000000953674316,-0.11611111111111111,0.34803885666924317,0.53,-0.69,1.22,-0.17,-0.49,0.5043224925289256,0.12,-2.0,2.12,-0.255,0.21777777777777776,0.5066795663992539,0.81,-0.53,1.34,0.375,11.289444444444445,67.17690065808442,217.35,-83.06,300.40999999999997,-1.255,-1.573333333333334,38.249491961255096,115.73,-98.01,213.74,-2.6550000000000002,-6.1800000000000015,46.119165851341336,108.1,-116.98,225.07999999999998,-0.7849999999999999,0.8816666666666666,0.3575282794244888,2.08,0.32,1.76,0.89,2.08,0.8816666666666666,0.3575282794244888,1.76,0.32,0.35294117647058826,217.35,51.11333333333333,2.0,0.7583333333333333,0.13,-0.44,-0.5700000000000001,-0.88,-0.22,0.66,-0.18,0.79,0.97,15.98,5.5,-10.48,-9.55,-3.66,5.890000000000001,-1.89,0.85,2.7399999999999998,fall_407.csv,1,fall
18,3.4000000953674316,-0.1211111111111111,0.28658001426331775,0.34,-0.49,0.8300000000000001,-0.21500000000000002,-0.4511111111111111,0.5179698933891007,0.31,-2.0,2.31,-0.375,0.3916666666666668,0.535045352668131,1.18,-0.36,1.54,0.51,26.66166666666667,85.17200349534913,250.13,-70.75,320.88,-1.8900000000000001,4.118888888888888,23.007584143159733,61.67,-35.03,96.7,2.55,29.69055555555556,65.50920774725643,184.95,-60.8,245.75,8.015,0.9227777777777777,0.36053564000306304,2.05,0.51,1.5399999999999998,0.935,2.05,0.9227777777777777,0.36053564000306304,1.5399999999999998,0.51,0.29411764705882354,250.13,65.18333333333334,2.0,0.825,0.32,-0.31,-0.63,-0.91,-0.16,0.75,-0.15,0.9,1.05,2.84,12.56,9.72,9.01,-9.81,-18.82,3.21,-11.66,-14.870000000000001,fall_408.csv,1,fall
16,3.0,-0.10625,0.3090819740241521,0.41,-0.52,0.9299999999999999,-0.22,-0.495,0.5388258840602717,0.31,-2.0,2.31,-0.305,0.45625,0.6230235415562828,1.53,-0.49,2.02,0.78,28.115625,86.82844618124868,250.13,-103.31,353.44,1.7349999999999999,16.8425,48.015396905576026,142.37,-41.14,183.51,3.1,26.779374999999998,64.35910248687956,208.89,-40.53,249.42,13.835,1.016875,0.40971077196806366,2.25,0.45,1.8,0.9299999999999999,2.25,1.016875,0.40971077196806366,1.8,0.45,0.3333333333333333,250.13,80.761875,2.0,0.898125,0.32,-0.38,-0.7,-0.86,-0.3,0.56,-0.18,0.75,0.9299999999999999,-9.31,-26.95,-17.64,17.46,24.31,6.849999999999998,-8.34,22.98,31.32,fall_409.csv,1,fall
16,3.0,-0.04187500000000002,0.29757282021941006,0.43,-0.61,1.04,-0.085,-0.49312500000000004,0.49383828324665147,0.17,-2.0,2.17,-0.38,0.27187500000000003,0.5787482901342632,1.05,-0.63,1.6800000000000002,0.445,27.951250000000005,92.36600520934816,210.24,-79.69,289.93,-2.3400000000000003,1.387500000000001,33.18614700945763,55.94,-54.73,110.66999999999999,-3.5149999999999997,4.683125000000001,45.306570195907206,140.36,-64.0,204.36,-3.355,0.891875,0.40266145829964906,2.16,0.48,1.6800000000000002,0.81,2.16,0.891875,0.40266145829964906,1.6800000000000002,0.48,0.3333333333333333,210.24,72.93375,2.0,0.77625,0.34,-0.38,-0.72,-0.9,-0.33,0.5700000000000001,-0.33,0.86,1.19,46.98,-5.69,-52.669999999999995,18.6,8.41,-10.190000000000001,12.5,-3.37,-15.870000000000001,fall_410.csv,1,fall
15,2.799999952316284,-0.015333333333333313,0.28734913225817094,0.49,-0.6,1.0899999999999999,0.02,-0.28733333333333333,0.4996065118337296,0.69,-0.93,1.62,-0.33,0.31200000000000006,0.7254279525119736,1.13,-0.67,1.7999999999999998,0.74,26.10466666666667,95.87521189148995,241.31,-93.21,334.52,-5.26,-9.962,34.705919256354115,53.42,-75.54,128.96,-0.89,-12.109333333333334,28.17802397681738,36.67,-63.51,100.18,-4.73,0.9820000000000001,0.13581500022351833,1.24,0.67,0.57,0.95,1.24,0.9820000000000001,0.13581500022351833,0.57,0.67,0.6428571428571429,241.31,78.69933333333333,1.13,0.846,0.18,-0.6,-0.78,-0.93,-0.18,0.75,-0.19,0.87,1.06,-10.14,-58.3,-48.16,13.15,-13.27,-26.42,5.26,-11.32,-16.58,fall_411.csv,1,fall
20,3.7899999618530273,-0.5225000000000001,0.3050086280056594,-0.08,-1.04,0.9600000000000001,-0.615,-0.281,0.6004638557858942,0.9,-1.56,2.46,0.02,0.555,0.3440700663038211,1.12,-0.24,1.36,0.63,21.833000000000002,61.93777005145865,250.13,-53.04,303.17,3.54,-5.877999999999998,96.12056642845128,250.13,-250.14,500.27,-3.07,9.6975,64.89252222551897,250.13,-89.94,340.07,0.925,1.0540000000000003,0.31372800824582864,1.81,0.35,1.46,0.965,1.81,1.0540000000000003,0.31372800824582864,1.46,0.35,0.2631578947368421,250.14,57.653999999999996,1.56,0.8435,-0.16,-0.72,-0.5599999999999999,-0.9,0.03,0.93,0.15,0.6,0.44999999999999996,17.63,1.93,-15.7,-10.98,-7.6,3.380000000000001,6.53,2.96,-3.5700000000000003,fall_412.csv,1,fall
17,3.200000047683716,-0.3905882352941177,0.5248984495623331,0.89,-1.1,1.9900000000000002,-0.38,-0.42176470588235293,0.6665042694360409,0.67,-2.0,2.67,-0.17,0.26470588235294124,0.37767574794820397,1.11,-0.22,1.33,0.41,-0.27470588235294097,36.56368709485667,85.55,-59.13,144.68,2.24,-3.584117647058823,18.92614694636217,24.22,-54.73,78.94999999999999,-1.81,13.394705882352941,40.19208350497133,77.57,-89.86,167.43,10.86,0.9870588235294119,0.5027892787475976,2.52,0.38,2.14,0.95,2.52,0.9870588235294119,0.5027892787475976,2.14,0.38,0.375,89.86,40.1364705882353,2.0,0.8400000000000001,-0.01,-0.81,-0.8,-1.04,-0.09,0.9500000000000001,-0.04,0.46,0.5,-0.65,-11.12,-10.469999999999999,-9.31,0.5,9.81,2.46,0.35,-2.11,fall_413.csv,1,fall
19,3.5999999046325684,-0.4863157894736842,0.5386218063654661,0.59,-1.29,1.88,-0.78,-0.34315789473684205,0.7840426053586271,1.63,-2.0,3.63,-0.14,0.261578947368421,0.4927390920816991,1.09,-0.75,1.84,0.34,12.078421052631578,77.30702837554495,250.13,-141.76,391.89,-1.49,9.98263157894737,48.64884477812001,138.36,-51.77,190.13000000000002,-2.76,25.882105263157893,69.37773230486913,232.54,-51.73,284.27,0.1,1.113684210526316,0.5375790435556203,2.59,0.41,2.1799999999999997,0.99,2.59,1.113684210526316,0.5375790435556203,2.1799999999999997,0.41,0.3333333333333333,250.13,56.62368421052632,2.0,0.9431578947368422,0.05,-0.92,-0.9700000000000001,-0.98,-0.12,0.86,-0.1,0.55,0.65,13.64,-6.88,-20.52,-9.31,-0.61,8.700000000000001,-1.65,7.63,9.28,fall_414.csv,1,fall
18,3.4100000858306885,-0.5188888888888888,0.5056840316534438,0.09,-1.69,1.78,-0.625,-0.3011111111111111,0.43341175760930495,0.33,-1.01,1.34,-0.07500000000000001,0.36777777777777776,0.4046575248507071,1.17,-0.23,1.4,0.45999999999999996,28.64,61.086301246678865,183.08,-22.63,205.71,-0.845,-0.2022222222222209,46.52278550604886,148.77,-68.02,216.79000000000002,-1.625,19.65277777777778,50.47646776184342,154.89,-40.91,195.79999999999998,1.55,0.9622222222222222,0.3893064051928546,2.08,0.22,1.86,0.96,2.08,0.9622222222222222,0.3893064051928546,1.86,0.22,0.4117647058823529,183.08,47.904444444444444,1.69,0.8405555555555556,0.04,-0.81,-0.8500000000000001,-1.01,-0.04,0.97,-0.06,0.53,0.5900000000000001,-2.46,-2.09,0.3700000000000001,-0.42,-1.85,-1.4300000000000002,-3.43,0.18,3.6100000000000003,fall_415.csv,1,fall
20,3.799999952316284,-0.5065,0.45481372705294354,0.19,-1.06,1.25,-0.685,-0.165,0.6805686476840718,2.0,-1.74,3.74,-0.11499999999999999,0.34950000000000003,0.41734089309895284,1.25,-0.58,1.83,0.44999999999999996,26.53249999999999,77.7228739530797,250.13,-65.18,315.31,3.77,18.6785,53.42404606197081,127.38,-53.91,181.29,2.9850000000000003,18.3585,57.29930331853498,221.5,-61.32,282.82,8.39,0.9950000000000001,0.47947888378947406,2.36,0.28,2.08,0.955,2.36,0.9950000000000001,0.47947888378947406,2.08,0.28,0.3157894736842105,250.13,61.3875,2.0,0.8564999999999999,0.18,-0.84,-1.02,-0.83,-0.08,0.75,-0.12,0.5,0.62,-23.08,-8.92,14.159999999999998,-39.85,-3.34,36.510000000000005,31.95,-1.24,-33.19,fall_416.csv,1,fall
18,3.390000104904175,-0.47888888888888886,0.5412283294277596,0.72,-1.26,1.98,-0.47,-0.36166666666666664,0.783335627864808,1.77,-2.0,3.77,-0.14,0.21833333333333332,0.40536475948865375,0.77,-0.75,1.52,0.395,1.6349999999999982,64.71944959502015,201.7,-127.93,329.63,-1.3,10.759444444444444,49.31835459211106,133.79,-62.11,195.89999999999998,2.76,-12.719444444444445,60.60651318835025,170.79,-162.09,332.88,-7.245,1.0938888888888887,0.48277554020706376,2.25,0.11,2.14,1.01,2.25,1.0938888888888887,0.48277554020706376,2.14,0.11,0.29411764705882354,201.7,54.507222222222225,2.0,0.9761111111111109,-0.11,-0.83,-0.72,-0.99,-0.03,0.96,-0.06,0.5,0.56,10.2,-2.31,-12.51,4.14,-4.59,-8.73,6.32,-0.45,-6.7700000000000005,fall_417.csv,1,fall
17,3.2100000381469727,-0.45647058823529413,0.4884662370173422,0.75,-0.93,1.6800000000000002,-0.73,-0.2088235294117647,0.7281816596233146,2.0,-1.46,3.46,-0.07,0.29764705882352943,0.5971864178353848,2.0,-0.72,2.7199999999999998,0.41,1.96764705882353,44.70939855464002,67.07,-143.25,210.32,1.62,2.7964705882352954,43.16457313891458,144.99,-50.19,195.18,-0.17,-1.7311764705882349,49.968279673502984,110.33,-124.14,234.47,-0.55,1.0276470588235294,0.6048298253616954,2.95,0.24,2.71,0.98,2.95,1.0276470588235294,0.6048298253616954,2.71,0.24,0.375,144.99,40.48823529411764,2.0,0.861764705882353,-0.02,-0.84,-0.82,-0.99,-0.06,0.9299999999999999,-0.04,0.49,0.53,4.8,-1.68,-6.4799999999999995,-12.84,-2.66,10.18,-2.18,-0.89,1.29,fall_418.csv,1,fall
17,3.190000057220459,-0.5876470588235294,0.4599120759961178,0.07,-1.37,1.4400000000000002,-0.83,-0.38000000000000006,0.4344536799245691,0.01,-1.35,1.36,-0.11,0.23588235294117646,0.35183552307025173,0.83,-0.58,1.41,0.42,31.94647058823529,74.89244220390135,250.13,-46.93,297.06,1.79,-10.645882352941177,29.713880396799308,50.19,-84.38,134.57,-2.73,25.574705882352937,67.49580163958784,225.92,-47.46,273.38,-1.33,0.9711764705882352,0.3175075265434895,1.71,0.18,1.53,0.97,1.71,0.9711764705882352,0.3175075265434895,1.53,0.18,0.375,250.13,48.04529411764706,1.37,0.8582352941176471,0.02,-0.83,-0.85,-0.98,-0.07,0.9099999999999999,-0.1,0.43,0.53,12.08,-0.45,-12.53,-0.97,-7.09,-6.12,9.24,0.79,-8.45,fall_419.csv,1,fall
18,3.4000000953674316,-0.5811111111111111,0.5683090386389195,0.8,-2.0,2.8,-0.745,-0.23333333333333328,0.482017817586226,0.34,-1.32,1.6600000000000001,-0.005,0.3516666666666667,0.5109420365421916,1.47,-0.91,2.38,0.5,5.433333333333334,60.561091761081364,157.95,-87.03,244.98,-2.175,-14.979999999999999,31.140328495754975,21.28,-99.18,120.46000000000001,-3.58,-0.5172222222222221,45.430182867334764,104.24,-118.71,222.95,-1.04,1.0377777777777777,0.4768592782381717,2.51,0.3,2.21,0.975,2.51,1.0377777777777777,0.4768592782381717,2.21,0.3,0.35294117647058826,157.95,45.121111111111105,2.0,0.87,-0.11,-0.83,-0.72,-0.97,0.0,0.97,-0.12,0.51,0.63,-0.05,-3.05,-3.0,-3.49,-0.57,2.9200000000000004,8.21,-0.27,-8.48,fall_420.csv,1,fall
15,2.819999933242798,-0.392,0.4967638128067359,0.76,-1.08,1.84,-0.39,-0.31333333333333335,0.550385146532689,0.49,-1.51,2.0,-0.18,0.2833333333333333,0.5095189140841818,1.29,-0.85,2.14,0.4,7.838666666666668,49.640144017672206,118.24,-112.45,230.69,4.15,-4.879999999999998,55.76833074681108,137.08,-97.02,234.10000000000002,-6.97,12.196666666666665,76.28277400254797,189.45,-97.24,286.69,2.53,0.9473333333333334,0.4499597865629878,2.04,0.21,1.83,0.97,2.04,0.9473333333333334,0.4499597865629878,1.83,0.21,0.2857142857142857,189.45,60.292,1.51,0.7580000000000001,0.1,-0.79,-0.89,-0.96,-0.08,0.88,-0.15,0.56,0.7100000000000001,-2.68,-8.86,-6.18,-6.97,-1.29,5.68,-14.88,2.53,17.41,fall_421.csv,1,fall
19,3.6000001430511475,-0.5831578947368422,0.5353612760617197,0.39,-2.0,2.39,-0.77,-0.43052631578947376,0.4880172319841281,0.17,-2.0,2.17,-0.24,0.3042105263157895,0.5879939133233125,2.0,-0.7,2.7,0.45,7.598421052631579,55.35228904863806,177.03,-85.48,262.51,-1.37,3.254736842105263,36.15728286380998,88.4,-53.76,142.16,-1.34,11.072631578947366,69.63229669262718,250.13,-91.91,342.03999999999996,1.51,1.048421052631579,0.6012603721248552,3.46,0.58,2.88,0.96,3.46,1.048421052631579,0.6012603721248552,2.88,0.58,0.2777777777777778,250.13,49.64368421052632,2.0,0.8142105263157896,0.15,-0.8,-0.9500000000000001,-0.93,-0.15,0.78,-0.2,0.53,0.73,-1.21,-5.94,-4.73,3.54,-8.76,-12.3,9.38,2.14,-7.24,fall_422.csv,1,fall
16,3.0,-0.531875,0.6053893375341195,0.47,-2.0,2.4699999999999998,-0.6950000000000001,-0.24000000000000002,0.741215218408257,2.0,-1.46,3.46,-0.195,0.385,0.6019080771457825,2.0,-0.56,2.56,0.52,36.268750000000004,87.99723456829008,250.13,-77.22,327.35,0.37,8.241875,53.96757782456056,167.79,-60.65,228.44,-2.7649999999999997,31.44625,65.33342940894296,220.57,-70.64,291.21,9.155000000000001,1.125,0.6692284114311545,3.46,0.36,3.1,0.965,3.46,1.125,0.6692284114311545,3.1,0.36,0.4,250.13,64.038125,2.0,0.8981250000000001,0.13,-0.76,-0.89,-0.96,-0.19,0.77,-0.16,0.53,0.6900000000000001,11.5,-0.08,-11.58,2.82,-2.94,-5.76,8.6,-4.18,-12.78,fall_423.csv,1,fall
21,4.0,-0.5147619047619048,0.545945226626436,0.52,-1.58,2.1,-0.72,-0.46619047619047604,0.6201247954281154,0.72,-1.84,2.56,-0.28,0.31523809523809526,0.4762942267928412,1.06,-0.43,1.49,0.53,20.327619047619045,52.71913551119384,179.34,-12.35,191.69,4.39,-1.6647619047619049,37.12090551415033,80.69,-70.38,151.07,0.33,4.421428571428572,38.377845338908,103.76,-68.44,172.2,0.08,1.1333333333333333,0.4136463868249466,2.17,0.51,1.66,0.98,2.17,1.1333333333333333,0.4136463868249466,1.66,0.51,0.35,179.34,39.68952380952381,1.84,0.9442857142857142,-0.09,-0.77,-0.68,-0.98,-0.11,0.87,0.02,0.59,0.57,7.48,4.39,-3.0900000000000007,1.79,2.99,1.2000000000000002,9.86,1.06,-8.799999999999999,fall_424.csv,1,fall
18,3.4000000953674316,-0.6066666666666667,0.41572049433695796,0.21,-1.37,1.58,-0.8049999999999999,-0.2988888888888889,0.7598985140359119,2.0,-2.0,4.0,-0.22,0.2872222222222222,0.2923496205805555,0.64,-0.22,0.86,0.435,-7.910555555555555,89.62754503546869,201.01,-250.14,451.15,-0.125,-3.280555555555554,33.05411720768057,58.31,-105.97,164.28,-2.6449999999999996,-16.00777777777778,50.695416726999916,41.35,-143.03,184.38,0.325,1.085,0.4041730846468393,2.18,0.73,1.4500000000000002,0.97,2.18,1.085,0.4041730846468393,1.4500000000000002,0.73,0.29411764705882354,250.14,63.53666666666666,2.0,0.9705555555555553,0.21,-0.83,-1.04,-0.82,-0.19,0.6299999999999999,-0.15,0.43,0.58,29.28,0.48,-28.8,10.09,-2.53,-12.62,34.79,6.28,-28.509999999999998,fall_425.csv,1,fall
18,3.4100000858306885,-0.5394444444444444,0.4949684746018408,0.43,-1.52,1.95,-0.72,-0.2205555555555555,0.624362943300866,1.45,-1.67,3.12,-0.08,0.3772222222222222,0.46289124063174364,1.68,-0.33,2.01,0.495,21.266666666666666,68.3113462283493,187.14,-57.4,244.54,-0.905,1.736666666666666,30.542976471927318,76.08,-46.09,122.17,-1.815,37.355555555555554,65.76286196919264,192.39,-24.63,217.01999999999998,8.67,1.028888888888889,0.4885138192866062,2.69,0.5,2.19,0.955,2.69,1.028888888888889,0.4885138192866062,2.19,0.5,0.35294117647058826,192.39,55.57888888888888,1.68,0.8533333333333334,0.14,-0.81,-0.9500000000000001,-1.0,-0.08,0.92,-0.24,0.48,0.72,1.81,-1.45,-3.26,-13.69,-1.74,11.95,12.95,4.39,-8.559999999999999,fall_426.csv,1,fall
20,3.799999952316284,-0.5985,0.48414085597174367,0.13,-2.0,2.13,-0.6950000000000001,-0.18149999999999994,0.6914993245039894,2.0,-1.79,3.79,-0.2,0.49300000000000005,0.5818581849286139,2.0,-0.66,2.66,0.56,26.3685,45.11778809842895,120.96,-59.14,180.1,15.91,4.553999999999997,48.928562038526074,97.21,-97.65,194.86,-2.05,18.564500000000002,59.36666018770221,214.93,-48.83,263.76,1.255,1.093,0.6779621166252192,3.46,0.15,3.31,0.96,3.46,1.093,0.6779621166252192,3.31,0.15,0.2631578947368421,214.93,56.89050000000001,2.0,0.8345,0.02,-0.58,-0.6,-0.96,0.31,1.27,-0.49,0.63,1.12,-0.19,-59.14,-58.95,-5.22,-26.79,-21.57,3.82,-31.22,-35.04,fall_427.csv,1,fall
17,3.200000047683716,-0.361764705882353,0.5714152965895037,0.6,-1.04,1.6400000000000001,-0.64,-0.2423529411764706,0.7239693485549363,1.54,-2.0,3.54,-0.17,0.21764705882352947,0.6816755956076606,1.37,-1.03,2.4000000000000004,0.43,55.49823529411765,77.45452304701887,242.33,-10.02,252.35000000000002,32.95,6.511764705882354,50.3349117456381,116.19,-111.15,227.34,3.44,49.23176470588235,83.63932233370363,202.95,-96.27,299.21999999999997,35.65,1.0876470588235294,0.5564230563582524,2.64,0.1,2.54,0.97,2.64,1.0876470588235294,0.5564230563582524,2.54,0.1,0.3125,242.33,85.46823529411765,2.0,0.8447058823529412,0.19,-0.84,-1.03,-0.79,-0.03,0.76,-0.5,0.45,0.95,39.21,-9.24,-48.45,16.58,-1.97,-18.549999999999997,12.19,-4.69,-16.88,fall_428.csv,1,fall
17,3.200000047683716,-0.4088235294117647,0.5128216350854989,0.62,-1.17,1.79,-0.61,-0.35352941176470587,0.5402307513515705,0.21,-2.0,2.21,-0.15,0.5129411764705881,0.5625251628358766,2.0,-0.72,2.7199999999999998,0.61,24.912941176470586,80.88489195800922,250.13,-53.22,303.35,-0.9,-11.045294117647058,78.02783070142722,143.93,-189.48,333.40999999999997,-3.5,15.402352941176469,66.66413039722072,250.13,-84.74,334.87,-1.38,1.0211764705882354,0.590062309770557,3.06,0.29,2.77,0.95,3.06,1.0211764705882354,0.590062309770557,2.77,0.29,0.1875,250.13,68.55058823529413,2.0,0.7794117647058824,0.19,-0.65,-0.8400000000000001,-0.81,-0.14,0.67,-0.3,0.7,1.0,-0.26,-1.3,-1.04,-8.82,-3.5,5.32,0.33,1.59,1.26,fall_429.csv,1,fall
16,3.009999990463257,-0.58625,0.4390425188217348,0.17,-1.16,1.3299999999999998,-0.735,-0.44625000000000004,0.5185090806019377,0.16,-2.0,2.16,-0.32,0.326875,0.4000286448076771,1.03,-0.35,1.38,0.485,20.691875,64.15289676169476,186.39,-55.79,242.17999999999998,0.9299999999999999,-2.828749999999999,32.15928106057928,61.11,-54.72,115.83,-7.09,24.89375,61.15027030466287,185.76,-97.19,282.95,11.004999999999999,1.0374999999999999,0.40542159126848026,2.35,0.5,1.85,0.97,2.35,1.0374999999999999,0.40542159126848026,1.85,0.5,0.26666666666666666,186.39,55.243125,2.0,0.879375,0.13,-0.78,-0.91,-0.95,-0.17,0.7799999999999999,-0.29,0.54,0.8300000000000001,9.13,0.6,-8.530000000000001,-6.63,2.11,8.74,9.66,12.35,2.6899999999999995,fall_431.csv,1,fall
20,3.799999952316284,-0.3815,0.5053323554589437,0.67,-1.27,1.94,-0.565,-0.31600000000000006,0.4013188783315123,0.44,-0.92,1.36,-0.22,0.3315,0.4581918122818273,0.75,-0.63,1.38,0.55,7.201999999999998,61.47139579554568,172.63,-94.43,267.06,-1.92,-0.5474999999999995,25.51540873462028,50.74,-67.4,118.14000000000001,-1.14,6.948999999999998,58.902862847054784,171.5,-117.02,288.52,-1.09,0.9494999999999999,0.2268195433889194,1.54,0.41,1.1300000000000001,0.96,1.54,0.9494999999999999,0.2268195433889194,1.1300000000000001,0.41,0.3157894736842105,172.63,52.991,1.27,0.716,0.29,-0.67,-0.96,-0.82,-0.15,0.6699999999999999,-0.32,0.66,0.98,36.14,3.31,-32.83,-3.26,13.17,16.43,17.18,21.17,3.990000000000002,fall_432.csv,1,fall
20,3.8000001907348633,-0.579,0.4815206176926985,0.38,-1.45,1.83,-0.72,-0.36,0.5822822610890249,0.27,-2.0,2.27,-0.09000000000000001,0.35350000000000004,0.41916301313325266,0.93,-0.57,1.5,0.5800000000000001,-0.46950000000000064,75.61526067603856,151.15,-242.78,393.93,-0.645,-6.217499999999999,33.31226182891061,75.55,-61.58,137.13,-6.215,5.629999999999999,55.60656502324353,157.55,-114.96,272.51,-1.525,1.0764999999999998,0.3858998370180095,2.5,0.57,1.9300000000000002,0.97,2.5,1.0764999999999998,0.3858998370180095,1.9300000000000002,0.57,0.2631578947368421,242.78,56.3125,2.0,0.8919999999999998,0.13,-0.68,-0.81,-0.96,-0.02,0.94,-0.27,0.62,0.89,-3.36,1.01,4.37,-0.31,-5.15,-4.840000000000001,11.74,0.08,-11.66,fall_433.csv,1,fall
24,4.609999895095825,-0.4579166666666667,0.8070395667616556,2.0,-2.0,4.0,-0.775,-0.4166666666666667,0.4836245998945756,0.14,-2.0,2.14,-0.2,0.29,0.6086406807475734,2.0,-1.19,3.19,0.525,10.089583333333335,76.30019508090432,180.16,-250.14,430.29999999999995,1.32,-1.7870833333333318,43.72988665404202,164.98,-62.18,227.16,-3.715,-0.7066666666666658,57.315762128805346,75.03,-225.47,300.5,2.06,1.1404166666666666,0.623171964309571,3.07,0.16,2.9099999999999997,0.99,3.07,1.1404166666666666,0.623171964309571,2.9099999999999997,0.16,0.30434782608695654,250.14,47.54416666666666,2.0,0.9250000000000002,0.21,-0.78,-0.99,-0.92,-0.1,0.8200000000000001,-0.23,0.36,0.59,7.96,-4.79,-12.75,-0.2,0.36,0.56,3.15,2.14,-1.0099999999999998,fall_434.csv,1,fall
18,3.390000104904175,-0.4772222222222222,0.4013331541918694,0.25,-0.91,1.1600000000000001,-0.67,-0.425,0.4086311438996126,0.04,-1.15,1.19,-0.175,0.305,0.4454640673433915,0.73,-0.78,1.51,0.505,24.083333333333332,73.56599941948886,242.07,-84.37,326.44,6.15,-4.91388888888889,30.25654039919476,51.3,-67.65,118.95,1.84,8.10833333333333,57.18169907254881,125.49,-117.05,242.54,3.8899999999999997,0.9772222222222222,0.21012056918534,1.48,0.59,0.89,0.965,1.48,0.9772222222222222,0.21012056918534,0.89,0.59,0.29411764705882354,242.07,59.04555555555555,1.15,0.791111111111111,0.15,-0.75,-0.9,-0.92,-0.09,0.8300000000000001,-0.26,0.56,0.8200000000000001,3.97,3.22,-0.75,3.18,-3.47,-6.65,7.64,0.24,-7.3999999999999995,fall_435.csv,1,fall
20,3.809999942779541,-0.5344999999999999,0.45652549360992917,0.27,-1.19,1.46,-0.775,-0.42499999999999993,0.584938143378381,0.5,-2.0,2.5,-0.12,0.25350000000000006,0.41893693784952507,0.74,-0.63,1.37,0.51,17.978,91.11071533261634,250.13,-217.92,468.04999999999995,1.7,-4.391000000000004,67.66805192688014,210.82,-148.02,358.84000000000003,-6.255,25.875999999999998,62.71593538789761,196.1,-28.51,224.60999999999999,2.835,1.0315,0.40521956361563055,2.44,0.17,2.27,0.975,2.44,1.0315,0.40521956361563055,2.27,0.17,0.3157894736842105,250.13,57.71600000000001,2.0,0.8674999999999999,0.18,-0.79,-0.97,-0.94,-0.07,0.8699999999999999,-0.25,0.55,0.8,-6.6,0.02,6.619999999999999,-11.5,-13.64,-2.1400000000000006,8.86,7.79,-1.0699999999999994,fall_436.csv,1,fall
20,3.799999952316284,-0.5914999999999999,0.5768724660661688,0.38,-1.63,2.01,-0.745,-0.404,0.49163957701166666,0.71,-1.56,2.27,-0.21000000000000002,0.49200000000000016,0.5739668063022827,1.72,-0.36,2.08,0.55,20.401,55.49455761841117,164.16,-55.6,219.76,1.27,11.777,58.35917797299934,250.13,-31.21,281.34,-4.57,22.69,51.948123414766286,170.98,-39.63,210.60999999999999,0.77,1.1574999999999998,0.535594848841233,2.39,0.27,2.12,0.975,2.39,1.1574999999999998,0.535594848841233,2.12,0.27,0.42105263157894735,250.13,50.03699999999999,1.72,0.938,0.14,-0.77,-0.91,-0.97,-0.13,0.84,-0.24,0.54,0.78,-3.12,1.75,4.87,9.05,-4.64,-13.690000000000001,4.24,-0.12,-4.36,fall_437.csv,1,fall
20,3.7899999618530273,-0.4375,0.6042905801542483,1.26,-1.6,2.8600000000000003,-0.565,-0.3980000000000001,0.520167989059405,0.23,-2.0,2.23,-0.22,0.21600000000000003,0.543946591805521,0.94,-1.13,2.07,0.45999999999999996,37.4405,80.68114828886935,250.13,-75.92,326.05,3.87,-4.920499999999999,48.99941487029798,137.55,-76.47,214.02,-8.39,6.655000000000001,87.24352966507632,250.13,-165.98,416.11,1.205,1.0414999999999999,0.4535041925181938,2.62,0.48,2.14,0.975,2.62,1.0414999999999999,0.4535041925181938,2.14,0.48,0.15789473684210525,250.13,75.978,2.0,0.8879999999999999,0.09,-0.54,-0.63,-1.02,0.06,1.08,-0.31,-0.0,0.31,3.34,10.4,7.0600000000000005,-3.66,-20.8,-17.14,0.47,15.72,15.25,fall_438.csv,1,fall
21,3.990000009536743,-0.4619047619047619,0.6068905918501214,0.46,-1.46,1.92,-0.59,-0.5847619047619048,0.38184576791708774,-0.08,-1.26,1.18,-0.58,0.26333333333333336,0.6165170989788794,1.75,-0.34,2.09,0.23,17.955714285714286,70.33925643418678,206.6,-195.53,402.13,8.9,9.715238095238096,37.181396910154895,150.02,-32.23,182.25,-0.95,-1.942380952380953,40.88995706830247,72.34,-149.36,221.70000000000002,-0.24,1.1452380952380952,0.41639667442979234,2.44,0.78,1.66,1.0,2.44,1.1452380952380952,0.41639667442979234,1.66,0.78,0.45,206.6,46.640952380952385,1.75,0.9619047619047618,0.04,-0.85,-0.89,-0.95,-0.13,0.82,-0.19,0.47,0.6599999999999999,3.89,1.25,-2.64,-0.95,-1.51,-0.56,-3.6,-0.19,3.41,fall_439.csv,1,fall
16,2.990000009536743,-0.520625,0.6094748422480893,0.24,-2.0,2.24,-0.645,-0.3325,0.5089662726219357,0.6,-1.34,1.94,-0.18,0.251875,0.641562870392814,2.0,-0.99,2.99,0.38,12.696874999999999,69.57962390611685,230.13,-126.66,356.78999999999996,0.5449999999999999,10.446874999999999,49.8812987960752,160.66,-62.02,222.68,-1.715,10.035624999999998,76.15424470277411,250.13,-138.34,388.47,2.9800000000000004,1.065625,0.554941062936717,2.88,0.3,2.58,0.965,2.88,1.065625,0.554941062936717,2.58,0.3,0.3333333333333333,250.13,55.314375000000005,2.0,0.8843750000000001,0.24,-0.81,-1.05,-0.98,-0.05,0.9299999999999999,-0.28,0.53,0.81,1.14,-4.03,-5.17,22.21,-0.5,-22.71,7.82,0.67,-7.15,fall_440.csv,1,fall
18,3.4000000953674316,-0.5094444444444445,0.47356560166989253,0.2,-1.52,1.72,-0.615,-0.24388888888888888,0.6806237527521777,1.57,-1.64,3.21,-0.16999999999999998,0.2816666666666667,0.5490231967669812,1.56,-0.46,2.02,0.43,10.303333333333333,44.92008695188274,163.09,-40.3,203.39,5.03,12.670000000000002,54.899022384952616,165.7,-55.89,221.58999999999997,-1.505,32.235555555555564,59.717122997386326,216.26,-46.45,262.71,9.18,1.0466666666666666,0.5037506385925015,2.19,0.22,1.97,0.95,2.19,1.0466666666666666,0.5037506385925015,1.97,0.22,0.47058823529411764,216.26,54.89722222222221,1.64,0.8533333333333334,0.04,-0.73,-0.77,-0.87,-0.06,0.81,-0.32,0.62,0.94,19.17,15.77,-3.400000000000002,0.17,3.06,2.89,10.45,10.95,0.5,fall_443.csv,1,fall
19,3.5899999141693115,-0.633157894736842,0.4794331448188342,0.26,-1.92,2.1799999999999997,-0.77,-0.3810526315789473,0.54780262804978,0.32,-2.0,2.32,-0.14,0.42263157894736847,0.4974919553259481,1.62,-0.6,2.22,0.55,24.181578947368422,65.56471283846703,250.13,-58.86,308.99,3.62,2.506315789473685,65.26564675833393,250.13,-86.57,336.7,-2.63,11.169999999999996,82.36969703045465,250.13,-193.97,444.1,2.66,1.1068421052631578,0.49636515044178864,2.64,0.34,2.3000000000000003,0.97,2.64,1.1068421052631578,0.49636515044178864,2.3000000000000003,0.34,0.2222222222222222,250.13,51.665263157894735,2.0,0.8952631578947369,0.26,-0.78,-1.04,-0.95,-0.1,0.85,-0.28,0.55,0.8300000000000001,9.12,1.92,-7.199999999999999,16.15,-4.44,-20.59,4.35,4.5,0.15000000000000036,fall_444.csv,1,fall
19,3.5999999046325684,-0.5252631578947368,0.4400425285135345,0.24,-0.95,1.19,-0.81,-0.17789473684210527,0.5330893082085927,1.27,-1.11,2.38,-0.1,0.20578947368421052,0.3737544617269722,0.86,-0.41,1.27,0.37,7.864736842105265,56.68292319448023,176.53,-88.41,264.94,4.08,3.709999999999999,63.24320833101368,231.76,-69.31,301.07,-8.11,2.0147368421052634,44.259522562121035,113.06,-94.0,207.06,1.79,0.9184210526315789,0.3099867946630906,1.71,0.29,1.42,0.97,1.71,0.9184210526315789,0.3099867946630906,1.42,0.29,0.3333333333333333,231.76,51.688421052631575,1.27,0.8084210526315789,0.12,-0.85,-0.97,-1.11,-0.08,1.03,-0.24,0.44,0.6799999999999999,-7.89,0.53,8.42,22.93,-3.15,-26.08,9.77,1.79,-7.9799999999999995,fall_445.csv,1,fall
16,3.0,-0.573125,0.5192522668864015,0.2,-1.54,1.74,-0.745,-0.326875,0.5046942143516211,0.33,-1.49,1.82,-0.11,0.33875,0.604922860095952,1.59,-0.77,2.3600000000000003,0.495,27.632499999999993,76.50091053924348,250.13,-51.66,301.78999999999996,11.895,-8.630625000000002,28.901006088312336,23.78,-91.58,115.36,-0.9199999999999999,18.843750000000004,59.315132737495134,200.68,-47.66,248.34,2.08,1.091875,0.4568036595008115,2.28,0.1,2.1799999999999997,1.03,2.28,1.091875,0.4568036595008115,2.1799999999999997,0.1,0.3333333333333333,250.13,54.780625,1.59,0.8981250000000001,0.12,-0.67,-0.79,-1.0,-0.09,0.91,-0.21,0.61,0.82,9.83,-2.37,-12.2,-3.73,-16.4,-12.669999999999998,6.79,-12.86,-19.65,fall_446.csv,1,fall
17,3.200000047683716,-0.4388235294117647,0.3971442173968604,0.06,-1.05,1.11,-0.51,-0.3988235294117647,0.5143792661176816,0.53,-1.07,1.6,-0.49,0.24705882352941178,0.4474897304112458,0.82,-0.35,1.17,0.48,31.75529411764706,70.15532366806234,250.13,-37.43,287.56,4.57,-10.49235294117647,41.820695314851555,62.24,-131.45,193.69,-2.5,27.497058823529414,69.94714645401072,250.13,-21.28,271.40999999999997,3.57,0.9717647058823529,0.24313667180511989,1.32,0.3,1.02,1.0,1.32,0.9717647058823529,0.24313667180511989,1.02,0.3,0.75,250.13,49.69941176470588,1.07,0.7952941176470588,-0.05,-0.76,-0.71,-0.93,-0.0,0.93,-0.24,0.55,0.79,4.89,3.49,-1.3999999999999995,6.55,9.22,2.670000000000001,11.63,7.99,-3.6400000000000006,fall_447.csv,1,fall
16,2.990000009536743,-0.5125,0.43879380123242395,0.1,-1.43,1.53,-0.5700000000000001,-0.314375,0.5021283866369902,0.42,-1.01,1.43,-0.21000000000000002,0.34750000000000003,0.5972771550963589,2.0,-0.32,2.32,0.505,-3.77625,81.32396464142657,199.55,-180.73,380.28,-0.17500000000000004,-14.035000000000002,32.46957817198534,84.42,-60.24,144.66,-16.35,27.740625,64.65861452982632,182.11,-54.83,236.94,7.914999999999999,1.014375,0.46353667600309695,2.62,0.48,2.14,0.955,2.62,1.014375,0.46353667600309695,2.14,0.48,0.3333333333333333,199.55,68.255,2.0,0.8318749999999999,-0.0,-0.67,-0.67,-1.01,-0.03,0.98,-0.24,0.58,0.82,15.32,3.92,-11.4,-16.24,-22.23,-5.990000000000002,0.08,16.4,16.32,fall_448.csv,1,fall
15,2.799999952316284,-0.5153333333333333,0.4484077651084154,0.13,-1.15,1.2799999999999998,-0.67,-0.3726666666666666,0.6528888186543016,1.11,-1.34,2.45,-0.27,0.3653333333333333,0.4457716690777701,0.9,-0.57,1.47,0.46,20.029333333333334,76.09531987360765,210.86,-168.98,379.84000000000003,19.34,-3.8760000000000003,28.31097434867667,36.84,-78.5,115.34,-2.18,22.40066666666667,72.42214050439337,244.76,-74.09,318.85,8.92,1.1006666666666665,0.3298369005317339,1.81,0.53,1.28,1.0,1.81,1.1006666666666665,0.3298369005317339,1.28,0.53,0.35714285714285715,244.76,64.20466666666667,1.34,0.8933333333333332,0.13,-0.67,-0.8,-0.94,-0.09,0.85,-0.11,0.74,0.85,4.49,18.66,14.17,-9.84,-0.4,9.44,12.4,5.91,-6.49,fall_449.csv,1,fall
19,3.5999999046325684,-0.5368421052631579,0.5020851259340496,0.12,-1.88,2.0,-0.6,-0.36999999999999994,0.6398437309218556,0.46,-2.0,2.46,-0.2,0.15263157894736842,0.4778405371537333,0.7,-0.82,1.52,0.29,-1.7184210526315793,65.71208144145504,182.07,-122.03,304.1,-2.57,-8.029473684210528,38.21333921750423,90.11,-79.83,169.94,-8.66,9.904210526315788,35.19631235667697,93.27,-54.56,147.82999999999998,12.6,1.0342105263157892,0.48365869266886125,2.76,0.35,2.4099999999999997,1.0,2.76,1.0342105263157892,0.48365869266886125,2.4099999999999997,0.35,0.3333333333333333,182.07,51.05947368421052,2.0,0.8363157894736841,-0.01,-0.86,-0.85,-0.94,-0.18,0.76,-0.43,0.48,0.9099999999999999,-3.22,3.94,7.16,-2.29,5.95,8.24,23.19,0.18,-23.01,fall_450.csv,1,fall
20,3.799999952316284,-0.558,0.49017290182568285,0.11,-2.0,2.11,-0.685,-0.28450000000000003,0.4252983472934339,0.24,-0.99,1.23,-0.11000000000000001,0.33349999999999996,0.4177165369759233,0.88,-0.49,1.37,0.535,-6.4345,57.436081679413086,140.18,-193.77,333.95000000000005,-2.995,-1.8204999999999996,34.06580481408856,57.28,-91.39,148.67000000000002,-2.4499999999999997,8.407500000000002,63.62107230147472,250.13,-51.59,301.72,2.55,0.9715,0.36019402666077804,2.23,0.32,1.91,0.965,2.23,0.9715,0.36019402666077804,1.91,0.32,0.2631578947368421,250.13,49.045,2.0,0.7914999999999999,0.09,-0.75,-0.84,-0.96,-0.07,0.8899999999999999,-0.25,0.6,0.85,8.27,-3.5,-11.77,-7.47,-3.51,3.96,3.47,-0.53,-4.0,fall_451.csv,1,fall
22,4.200000047683716,-0.4990909090909092,0.4230153559174789,0.3,-1.08,1.3800000000000001,-0.715,-0.2386363636363636,0.5502059826797809,1.06,-1.27,2.33,-0.07,0.4359090909090909,0.5433902315306595,1.57,-0.51,2.08,0.5549999999999999,16.851363636363633,77.36448368694246,175.69,-250.14,425.83,6.6899999999999995,2.94409090909091,51.48562311198572,202.34,-102.34,304.68,-2.025,24.26954545454546,59.55090567279574,182.21,-64.69,246.9,2.36,1.0504545454545455,0.3736496611320145,2.12,0.52,1.6,0.985,2.12,1.0504545454545455,0.3736496611320145,1.6,0.52,0.38095238095238093,250.14,53.45227272727271,1.57,0.8586363636363636,0.09,-0.81,-0.9,-0.91,-0.06,0.8500000000000001,-0.25,0.59,0.84,7.45,2.82,-4.630000000000001,9.64,-1.98,-11.620000000000001,4.36,1.49,-2.87,fall_452.csv,1,fall
22,4.2099997997283936,-0.4122727272727273,0.48949859495086845,0.32,-1.22,1.54,-0.685,-0.3340909090909091,0.6401462562861938,1.13,-2.0,3.13,-0.175,0.4481818181818182,0.5650675169404968,2.0,-0.5,2.5,0.5449999999999999,15.725909090909097,45.558325846063575,144.35,-63.91,208.26,4.16,10.957272727272729,46.126049368041805,137.94,-55.27,193.21,-0.9400000000000001,18.13636363636364,57.79242449494855,250.13,-36.38,286.51,0.86,1.09,0.4797916214358062,2.83,0.44,2.39,0.985,2.83,1.09,0.4797916214358062,2.39,0.44,0.2857142857142857,250.13,44.775000000000006,2.0,0.8736363636363638,0.14,-0.73,-0.87,-0.97,-0.16,0.8099999999999999,-0.11,0.5,0.61,6.84,3.49,-3.3499999999999996,-10.6,-14.21,-3.610000000000001,0.12,3.93,3.81,fall_453.csv,1,fall
19,3.5999999046325684,-0.46315789473684216,0.585121569814332,0.34,-1.71,2.05,-0.62,-0.4342105263157895,0.5399312280227474,0.25,-2.0,2.25,-0.32,0.20368421052631583,0.466228491029831,1.28,-0.69,1.97,0.31,8.411578947368422,51.37145492101382,166.83,-63.4,230.23000000000002,3.46,3.3426315789473686,32.85346182369782,85.53,-57.48,143.01,-2.89,12.343684210526316,44.1635044415794,133.79,-33.32,167.10999999999999,7.16,1.0247368421052632,0.46111421122046725,2.17,0.35,1.8199999999999998,0.94,2.17,1.0247368421052632,0.46111421122046725,1.8199999999999998,0.35,0.3333333333333333,166.83,46.503157894736844,2.0,0.8810526315789474,0.26,-0.79,-1.05,-1.0,-0.14,0.86,-0.18,0.45,0.63,-17.84,3.46,21.3,8.34,-1.06,-9.4,16.44,3.85,-12.590000000000002,fall_454.csv,1,fall
22,4.210000038146973,-0.5777272727272728,0.4431266809968177,0.4,-1.55,1.9500000000000002,-0.715,-0.3231818181818182,0.3764671156654844,0.07,-1.45,1.52,-0.16,0.29045454545454547,0.4917749899015207,0.93,-0.98,1.9100000000000001,0.56,24.094999999999995,81.19647516100332,246.11,-92.44,338.55,0.41500000000000004,-12.375454545454547,40.33753512870786,45.49,-104.4,149.89000000000001,-3.0300000000000002,29.501363636363635,63.93304438800498,200.54,-39.66,240.2,3.49,0.9809090909090908,0.34954268205769456,1.68,0.11,1.5699999999999998,0.95,1.68,0.9809090909090908,0.34954268205769456,1.5699999999999998,0.11,0.38095238095238093,246.11,56.9290909090909,1.55,0.8004545454545454,-0.11,-0.73,-0.62,-0.93,-0.15,0.78,-0.35,0.58,0.9299999999999999,-10.18,0.2,10.379999999999999,8.69,-0.04,-8.729999999999999,3.67,-0.61,-4.28,fall_455.csv,1,fall
15,2.799999952316284,-0.338,0.44922472899747756,0.5,-0.93,1.4300000000000002,-0.4,-0.2773333333333333,0.5974525284987283,1.28,-1.31,2.59,-0.21,0.14799999999999996,0.7182637796400826,0.97,-1.39,2.36,0.38,-2.404000000000001,65.49146943359439,86.16,-149.03,235.19,1.08,6.488000000000001,37.4057230533358,122.73,-44.95,167.68,0.07,-3.0786666666666664,55.86137457603249,116.74,-143.69,260.43,-2.74,1.0146666666666666,0.4559114366795794,1.98,0.23,1.75,0.96,1.98,1.0146666666666666,0.4559114366795794,1.75,0.23,0.2857142857142857,149.03,49.04933333333334,1.39,0.7639999999999999,-0.01,-0.77,-0.76,-0.93,-0.08,0.8500000000000001,-0.5,0.58,1.08,1.08,-9.85,-10.93,7.78,3.12,-4.66,-4.82,3.53,8.35,fall_456.csv,1,fall
25,2.43999981880188,0.022400000000000003,0.06372336044706577,0.15,-0.1,0.25,0.01,-0.9712,0.33758110136676783,0.11,-2.0,2.11,-0.96,0.1388,0.10509202316700032,0.31,-0.06,0.37,0.14,-14.431599999999998,32.42040608423446,53.45,-106.18,159.63,-16.43,-51.9948,43.21175410309869,24.7,-152.28,176.98,-44.84,11.3484,48.613800825142924,118.63,-157.74,276.37,6.15,0.9976,0.30582238854167193,2.02,0.16,1.86,0.98,2.02,0.9976,0.30582238854167193,1.86,0.16,0.9583333333333334,157.74,67.19120000000001,2.0,0.9799999999999999,0.09,-0.1,-0.19,-0.84,-0.74,0.09999999999999998,0.29,0.08,-0.20999999999999996,-12.93,24.63,37.56,-24.89,-28.35,-3.460000000000001,10.43,80.67,70.24000000000001,normal_001.csv,0,normal
17,1.6499998569488525,0.04647058823529412,0.10999665770323366,0.25,-0.19,0.44,0.06,-0.9541176470588235,0.7143883644727969,0.1,-2.0,2.1,-0.91,0.13176470588235292,0.1721639950061295,0.43,-0.12,0.55,0.09,-12.181176470588232,42.95660832199641,54.08,-95.92,150.0,-16.81,-25.11470588235294,63.275131086158865,88.76,-130.75,219.51,-11.37,-0.26823529411764596,98.81193008914043,146.76,-164.35,311.11,-12.29,1.0023529411764704,0.6858346139172757,2.05,0.06,1.9899999999999998,0.91,2.05,1.0023529411764704,0.6858346139172757,1.9899999999999998,0.06,0.125,164.35,86.20882352941175,2.0,0.9788235294117648,0.04,0.13,0.09,0.1,-0.83,-0.9299999999999999,-0.07,0.04,0.11000000000000001,-29.15,6.12,35.269999999999996,-48.95,13.79,62.74,-105.79,-23.6,82.19,normal_002.csv,0,normal
24,2.379999876022339,0.015416666666666667,0.13490670420916714,0.29,-0.25,0.54,0.02,-0.9958333333333335,0.37339705719092187,-0.45,-1.68,1.23,-1.04,0.08125,0.06428959615608923,0.26,-0.03,0.29000000000000004,0.08499999999999999,-4.835833333333333,28.065379867399788,62.0,-62.53,124.53,-1.5950000000000002,-2.4104166666666678,52.55708991010481,97.28,-92.37,189.65,-6.640000000000001,-1.8683333333333316,66.09852650246525,116.69,-158.89,275.58,-2.91,1.0104166666666667,0.36884637035971524,1.68,0.45,1.23,1.05,1.68,1.0104166666666667,0.36884637035971524,1.23,0.45,0.43478260869565216,158.89,63.67499999999999,1.68,0.9958333333333335,-0.15,0.25,0.4,-0.96,-0.72,0.24,0.04,0.03,-0.010000000000000002,-2.08,-10.78,-8.7,-2.78,18.95,21.73,-8.32,39.36,47.68,normal_003.csv,0,normal
25,2.5,0.03360000000000001,0.16640512812610875,0.38,-0.19,0.5700000000000001,-0.04,-0.9552,0.34318508126082636,-0.41,-1.64,1.23,-0.96,0.09480000000000001,0.1053612832116238,0.31,-0.07,0.38,0.06,-2.2292,40.86351917460528,77.42,-77.77,155.19,9.91,-22.3668,81.19125741728601,130.17,-187.3,317.47,-36.29,-9.069199999999999,66.44412200739305,89.54,-163.01,252.55,-1.36,0.9792000000000002,0.3454697285339677,1.68,0.42,1.26,0.97,1.68,0.9792000000000002,0.3454697285339677,1.26,0.42,0.7916666666666666,187.3,85.7684,1.64,0.9552,0.01,-0.19,-0.2,-1.02,-1.08,-0.06000000000000005,0.11,0.09,-0.020000000000000004,28.15,-37.74,-65.89,-36.29,-183.18,-146.89000000000001,-41.74,-67.45,-25.71,normal_004.csv,0,normal
25,2.4700000286102295,0.0892,0.170096051296515,0.57,-0.18,0.75,0.05,-0.9876,0.44022039934560053,-0.08,-2.0,1.92,-0.96,0.16399999999999998,0.1205197079319395,0.48,-0.12,0.6,0.14,-6.193199999999999,61.499598489204246,139.4,-87.37,226.77,-14.58,-19.7212,88.48654070535248,177.57,-121.66,299.23,-57.01,-11.645999999999997,90.48441712066595,142.08,-281.53,423.61,-2.54,1.0256,0.43746504622274296,2.11,0.22,1.89,0.97,2.11,1.0256,0.43746504622274296,1.89,0.22,0.75,281.53,104.90720000000002,2.0,0.9915999999999999,0.04,-0.04,-0.08,-0.96,-1.86,-0.9000000000000001,0.14,0.33,0.19,-9.45,109.42,118.87,-118.64,-85.18,33.459999999999994,-20.83,27.85,48.68,normal_005.csv,0,normal
25,2.509999990463257,0.0728,0.22328083960190884,0.59,-0.55,1.1400000000000001,0.09,-0.9680000000000001,0.33858775327330826,-0.46,-1.79,1.33,-0.89,0.2024,0.1610455422129612,0.55,-0.08,0.63,0.17,-2.133999999999999,64.07611957664103,101.62,-158.98,260.6,-3.15,-10.372800000000005,101.99795265592344,206.18,-140.64,346.82,-25.62,-3.532799999999998,86.59361266475337,174.55,-147.5,322.05,-8.64,1.0212,0.3636999679222788,1.9,0.47,1.43,0.94,1.9,1.0212,0.3636999679222788,1.43,0.47,1.0,206.18,110.92119999999998,1.79,0.9680000000000001,0.11,-0.3,-0.41,-0.88,-1.79,-0.91,0.3,0.55,0.25000000000000006,10.37,63.22,52.85,-29.54,170.49,200.03,-87.08,26.49,113.57,normal_006.csv,0,normal
25,2.490000009536743,0.13080000000000003,0.10746782464223109,0.38,-0.03,0.41000000000000003,0.11,-0.9575999999999999,0.3110503710548073,-0.23,-1.57,1.34,-0.94,0.1548,0.12413433583555088,0.41,-0.1,0.51,0.13,-3.0268000000000006,63.684744622763986,110.84,-143.19,254.03,-2.89,-15.3176,98.15223894882207,174.06,-194.89,368.95,-16.64,4.432799999999999,111.6537831692236,196.27,-268.93,465.20000000000005,0.69,0.9904000000000002,0.31655015400406933,1.61,0.26,1.35,0.96,1.61,0.9904000000000002,0.31655015400406933,1.35,0.26,0.6666666666666666,268.93,117.37919999999998,1.57,0.9575999999999999,0.01,0.12,0.11,-1.04,-0.84,0.20000000000000007,0.08,0.09,0.009999999999999995,-2.89,-59.6,-56.71,-91.13,17.27,108.39999999999999,-41.33,144.58,185.91000000000003,normal_007.csv,0,normal
23,2.2300000190734863,0.22304347826086957,0.15688544699321497,0.61,-0.12,0.73,0.2,-0.9417391304347827,0.24758198226984135,-0.55,-1.37,0.8200000000000001,-0.91,0.16999999999999998,0.12018924471621638,0.41,-0.07,0.48,0.16,-4.605652173913043,68.3291112475021,95.5,-192.41,287.90999999999997,-0.46,-42.96826086956521,82.46264105378397,144.15,-172.82,316.97,-70.34,16.12652173913044,70.26407051639976,162.84,-102.92,265.76,8.5,0.997391304347826,0.2580735869564822,1.52,0.62,0.9,0.98,1.52,0.997391304347826,0.2580735869564822,0.9,0.62,0.9090909090909091,192.41,102.0108695652174,1.37,0.9417391304347827,0.26,0.22,-0.04000000000000001,-1.18,-0.73,0.44999999999999996,0.15,0.11,-0.039999999999999994,93.83,-0.46,-94.28999999999999,-33.31,-84.44,-51.129999999999995,-11.47,8.5,19.97,normal_009.csv,0,normal
25,2.4800000190734863,0.1324,0.17227110417401212,0.59,-0.21,0.7999999999999999,0.1,-0.9323999999999998,0.3001149779667786,-0.33,-1.76,1.43,-0.95,0.1616,0.10439029329077171,0.37,-0.01,0.38,0.14,-6.745599999999999,67.2857340674827,149.36,-155.42,304.78,-5.6,-26.3216,94.69692016639189,160.53,-182.46,342.99,-46.75,-0.9296000000000006,79.46330743808741,168.23,-200.05,368.28,-3.42,0.9732000000000001,0.30096677557497936,1.79,0.35,1.44,0.98,1.79,0.9732000000000001,0.30096677557497936,1.44,0.35,0.7916666666666666,200.05,111.63040000000001,1.76,0.9323999999999998,0.09,-0.12,-0.21,-0.98,-1.15,-0.16999999999999993,0.07,0.14,0.07,-6.55,34.12,40.669999999999995,-46.75,-182.46,-135.71,2.78,-54.26,-57.04,normal_010.csv,0,normal
22,2.0900001525878906,0.31681818181818183,0.11740797261954589,0.49,0.09,0.4,0.335,-0.8490909090909091,0.29430966993658536,-0.34,-1.46,1.1199999999999999,-0.765,0.38090909090909086,0.1896590698346978,0.78,0.04,0.74,0.4,-15.675909090909089,82.09406327697926,110.41,-182.23,292.64,11.755,-9.514090909090909,118.80795494687217,214.06,-190.06,404.12,-28.705000000000002,-8.758636363636361,95.61368099435376,149.02,-171.91,320.93,-27.055,1.005909090909091,0.30412496007725404,1.68,0.48,1.2,0.975,1.68,1.005909090909091,0.30412496007725404,1.2,0.48,0.6666666666666666,214.06,136.88500000000002,1.46,0.8490909090909091,0.24,0.35,0.10999999999999999,-0.97,-0.8,0.16999999999999993,0.43,0.17,-0.26,26.21,-81.95,-108.16,-24.14,-115.37,-91.23,-159.36,130.0,289.36,normal_013.csv,0,normal
25,2.490000009536743,0.19760000000000003,0.1793571855265353,0.56,-0.19,0.75,0.19,-0.9048,0.38050536570899146,-0.33,-1.71,1.38,-0.85,0.32559999999999995,0.1589832276268999,0.68,0.02,0.66,0.34,-5.175600000000002,71.56976387181018,141.71,-157.59,299.3,-1.66,-23.754799999999996,98.50304983095701,172.21,-188.26,360.47,-17.82,12.642399999999995,119.48326438878375,209.27,-273.3,482.57000000000005,30.63,1.0068000000000001,0.38525662442931036,1.85,0.4,1.4500000000000002,0.93,1.85,1.0068000000000001,0.38525662442931036,1.4500000000000002,0.4,0.5,273.3,130.748,1.71,0.9048,0.25,0.45,0.2,-0.9,-0.98,-0.07999999999999996,0.37,0.44,0.07,42.99,-131.69,-174.68,-17.76,172.21,189.97,-48.99,47.43,96.42,normal_014.csv,0,normal
25,2.3899998664855957,0.17680000000000004,0.14792227688891216,0.48,-0.1,0.58,0.15,-0.8976000000000001,0.3915597017058829,-0.13,-1.55,1.42,-0.92,0.1448,0.19608926538696606,0.56,-0.15,0.7100000000000001,0.07,-13.507200000000003,56.020821539852484,112.0,-124.26,236.26,-27.24,-41.655199999999994,149.0615630122892,228.88,-234.41,463.28999999999996,-107.48,17.826800000000002,78.82407673209161,165.27,-124.02,289.29,29.88,0.9576,0.3868276963541606,1.58,0.22,1.36,0.94,1.58,0.9576,0.3868276963541606,1.36,0.22,0.875,234.41,148.3584,1.55,0.8984000000000001,0.48,-0.02,-0.5,-1.45,-0.39,1.06,0.01,0.28,0.27,7.44,-46.47,-53.91,-132.53,-80.92,51.61,69.02,-17.13,-86.14999999999999,normal_022.csv,0,normal
18,1.75,0.25277777777777777,0.19643306165821042,0.73,-0.02,0.75,0.22,-0.9083333333333334,0.23835835601537642,-0.54,-1.38,0.8399999999999999,-0.925,0.1322222222222222,0.09607322915087806,0.33,-0.02,0.35000000000000003,0.12,-1.8738888888888876,50.40742990739838,92.53,-141.89,234.42,-6.460000000000001,-7.77888888888889,53.54216918509888,113.68,-176.4,290.08000000000004,-7.475,-26.970555555555553,141.71488848148687,265.5,-502.2,767.7,-16.925,0.9783333333333335,0.2217112589674714,1.38,0.58,0.7999999999999999,1.0,1.38,0.9783333333333335,0.2217112589674714,0.7999999999999999,0.58,0.6470588235294118,502.2,86.27222222222223,1.38,0.9188888888888891,-0.02,0.2,0.22,-0.85,-0.92,-0.07000000000000006,0.17,0.23,0.06,12.18,-7.48,-19.66,10.58,-8.43,-19.009999999999998,-45.74,-1.71,44.03,normal_027.csv,0,normal
24,2.370000123977661,-0.27458333333333335,0.27814571043229136,0.25,-0.83,1.08,-0.365,-0.8804166666666666,0.1233404326198047,-0.73,-1.25,0.52,-0.86,0.105,0.12600897138523598,0.47,-0.1,0.57,0.08,-1.6875000000000024,88.4970258036221,320.9,-179.95,500.84999999999997,-7.545,-25.263333333333335,48.26189870556967,37.25,-224.86,262.11,-17.130000000000003,11.58083333333333,103.48138487992256,322.53,-239.39,561.92,-12.61,0.9704166666666666,0.16198441059361954,1.42,0.74,0.6799999999999999,0.925,1.42,0.9704166666666666,0.16198441059361954,0.6799999999999999,0.74,0.5217391304347826,322.53,80.95041666666667,1.25,0.8804166666666666,-0.14,-0.38,-0.24,-0.84,-0.91,-0.07000000000000006,0.25,0.14,-0.10999999999999999,-2.6,5.68,8.28,-1.05,-45.02,-43.970000000000006,-29.88,-52.0,-22.12,normal_028.csv,0,normal
23,2.1999998092651367,-0.1073913043478261,0.08119658475264875,0.02,-0.27,0.29000000000000004,-0.12,-0.9239130434782609,0.11590509952052007,-0.73,-1.26,0.53,-0.92,0.10304347826086956,0.19868739225702578,0.49,-0.25,0.74,0.05,9.022608695652174,68.99824650060394,158.99,-104.34,263.33000000000004,-2.87,-22.37608695652174,28.776587032947845,54.79,-86.46,141.25,-23.48,5.670869565217392,62.63651214551255,148.04,-157.73,305.77,11.3,0.9565217391304348,0.13949938727959846,1.38,0.74,0.6399999999999999,0.93,1.38,0.9565217391304348,0.13949938727959846,0.6399999999999999,0.74,0.5,158.99,71.74043478260869,1.26,0.9239130434782609,-0.17,-0.14,0.03,-0.94,-0.9,0.039999999999999925,0.05,0.36,0.31,-2.0,-2.87,-0.8700000000000001,-10.49,-11.3,-0.8100000000000005,-36.64,13.59,50.230000000000004,normal_029.csv,0,normal
19,1.7999999523162842,0.09210526315789475,0.23639841481345808,0.66,-0.15,0.81,0.0,-0.94,0.2046134567096374,-0.62,-1.4,0.7799999999999999,-0.88,0.09947368421052633,0.13894338112301263,0.33,-0.13,0.46,0.06,14.804210526315789,61.621103826871725,113.86,-82.14,196.0,20.63,-4.536315789473684,37.267986143982476,90.35,-82.82,173.17,-15.02,-24.80263157894737,140.7855391817287,246.11,-440.6,686.71,-23.13,0.9805263157894736,0.23305873566336413,1.46,0.62,0.84,0.91,1.46,0.9805263157894736,0.23305873566336413,0.84,0.62,0.3888888888888889,440.6,101.7942105263158,1.4,0.94,-0.04,-0.03,0.010000000000000002,-0.88,-1.02,-0.14,-0.0,0.21,0.21,61.14,72.69,11.549999999999997,26.73,23.1,-3.629999999999999,-53.01,-19.99,33.019999999999996,normal_030.csv,0,normal
18,1.75,0.07777777777777779,0.17903517746868025,0.43,-0.42,0.85,0.08,-0.9827777777777779,0.22488704499489506,-0.64,-1.45,0.8099999999999999,-0.95,0.09444444444444444,0.21124900897010068,0.65,-0.22,0.87,0.105,2.3138888888888896,103.92687146931102,194.58,-120.2,314.78000000000003,-29.95,-56.83833333333334,68.69936571759598,77.71,-158.5,236.20999999999998,-51.725,1.526111111111111,72.56221518271215,116.73,-207.65,324.38,18.91,1.018888888888889,0.25457898090050535,1.51,0.64,0.87,0.995,1.51,1.018888888888889,0.25457898090050535,0.87,0.64,0.47058823529411764,207.65,114.20333333333332,1.45,0.9827777777777779,0.09,-0.02,-0.11,-0.7,-1.0,-0.30000000000000004,0.05,0.23,0.18,-34.4,62.23,96.63,-76.73,-12.08,64.65,57.1,-12.06,-69.16,normal_031.csv,0,normal
23,2.2699999809265137,0.1391304347826087,0.12500592871315638,0.36,-0.02,0.38,0.1,-0.98,0.2379648560760028,-0.65,-1.45,0.7999999999999999,-0.92,0.061739130434782616,0.15775850859960966,0.45,-0.15,0.6,0.04,-3.741739130434782,78.19180744415235,182.15,-137.16,319.31,1.48,-36.3295652173913,120.59350496901341,181.97,-209.97,391.94,-62.14,-1.3334782608695634,83.28728979800718,170.11,-144.29,314.4,-8.54,1.0121739130434781,0.23616166500050398,1.45,0.7,0.75,0.93,1.45,1.0121739130434781,0.23616166500050398,0.75,0.7,0.4090909090909091,209.97,128.92391304347825,1.45,0.98,-0.0,0.08,0.08,-0.96,-0.83,0.13,0.05,0.04,-0.010000000000000002,10.76,1.48,-9.28,-62.14,-87.94,-25.799999999999997,-98.08,54.17,152.25,normal_032.csv,0,normal
25,2.450000047683716,0.33440000000000003,0.1315953393298309,0.65,0.07,0.5800000000000001,0.33,-0.866,0.20738450601077535,-0.57,-1.36,0.7900000000000001,-0.81,0.21359999999999998,0.17303371540444556,0.49,-0.11,0.6,0.22,14.643999999999998,87.3649838798894,230.29,-121.59,351.88,-9.19,-109.33760000000001,140.81474707572357,133.18,-324.9,458.08,-120.35,24.096,106.10933661401651,260.35,-152.38,412.73,8.63,0.972,0.22847319317591724,1.4,0.68,0.7199999999999999,0.9,1.4,0.972,0.22847319317591724,0.7199999999999999,0.68,0.6666666666666666,324.9,180.0596,1.36,0.866,0.12,0.23,0.11000000000000001,-0.67,-0.64,0.030000000000000027,-0.07,0.18,0.25,-38.63,-93.19,-54.559999999999995,-59.53,76.58,136.11,188.15,45.28,-142.87,normal_034.csv,0,normal
24,2.370000123977661,0.24041666666666664,0.12220720702673539,0.48,0.0,0.48,0.235,-0.8754166666666666,0.22713679399957595,-0.56,-1.36,0.8,-0.815,0.32958333333333334,0.16564706238072052,0.63,0.01,0.62,0.315,-12.275833333333333,61.204574631289624,114.99,-88.05,203.04,-18.88,23.4075,111.7616701133342,236.82,-145.37,382.19,24.55,-26.21083333333333,79.69330237073642,153.39,-171.48,324.87,-21.625,0.9829166666666668,0.24486871667446028,1.44,0.69,0.75,0.86,1.44,0.9829166666666668,0.24486871667446028,0.75,0.69,0.6956521739130435,236.82,118.68708333333332,1.36,0.8754166666666666,0.16,0.25,0.09,-0.69,-0.66,0.029999999999999916,0.3,0.4,0.10000000000000003,7.77,-86.73,-94.5,101.45,236.82,135.37,8.11,-13.71,-21.82,normal_035.csv,0,normal
25,2.4800000190734863,0.1476,0.1041345283755585,0.38,-0.1,0.48,0.13,-0.936,0.31489416211377014,-0.44,-1.77,1.33,-0.87,0.126,0.11357816691600547,0.38,-0.06,0.44,0.14,8.335999999999999,57.53527302157057,107.51,-84.67,192.18,13.68,-93.52960000000002,101.3995157565689,83.43,-291.45,374.88,-85.68,13.365199999999998,75.99786220238917,162.17,-125.13,287.29999999999995,29.11,0.9688,0.31623198235894273,1.84,0.47,1.37,0.93,1.84,0.9688,0.31623198235894273,1.37,0.47,0.625,291.45,128.9964,1.77,0.936,0.1,0.2,0.1,-0.97,-0.8,0.16999999999999993,0.03,0.32,0.29000000000000004,107.51,38.05,-69.46000000000001,-291.45,-85.68,205.76999999999998,57.16,-103.45,-160.61,normal_036.csv,0,normal
16,1.5699999332427979,0.140625,0.20824564821383423,0.75,-0.25,1.0,0.10500000000000001,-1.0656249999999998,0.2438023448068811,-0.69,-1.52,0.8300000000000001,-1.045,0.10437500000000001,0.17866052539196603,0.45,-0.09,0.54,0.07,-6.23875,85.73878918941337,137.44,-150.82,288.26,-14.365,-12.441875,28.039623444630397,32.23,-55.36,87.59,-11.575,-31.154375,68.08568914426878,51.45,-170.55,222.0,-19.015,1.110625,0.25386265971977845,1.52,0.7,0.8200000000000001,1.1099999999999999,1.52,1.110625,0.25386265971977845,0.8200000000000001,0.7,0.3333333333333333,170.55,81.359375,1.52,1.0656249999999998,0.16,0.03,-0.13,-0.69,-1.48,-0.79,-0.07,0.06,0.13,-28.47,-31.19,-2.7200000000000024,-2.75,32.23,34.98,-30.4,-29.86,0.5399999999999991,normal_037.csv,0,normal
19,1.8700001239776611,0.15894736842105261,0.22890790814071219,0.7,-0.41,1.1099999999999999,0.11,-1.0157894736842104,0.24900503764367865,-0.49,-1.42,0.9299999999999999,-1.07,0.016315789473684214,0.13491604493642168,0.24,-0.18,0.42,-0.04,-12.991578947368422,93.11964157667501,194.92,-165.76,360.67999999999995,-14.38,-9.401052631578949,55.16517026114867,77.54,-172.21,249.75,-4.7,-7.092631578947371,79.53247944792432,137.54,-136.58,274.12,-19.91,1.056842105263158,0.26579132649461323,1.46,0.5,0.96,1.07,1.46,1.056842105263158,0.26579132649461323,0.96,0.5,0.2222222222222222,194.92,100.27157894736841,1.42,1.0157894736842104,0.09,0.09,0.0,-0.49,-0.67,-0.18000000000000005,0.07,-0.09,-0.16,-12.55,-28.58,-16.029999999999998,-14.5,-11.05,3.4499999999999993,-17.37,43.3,60.67,normal_038.csv,0,normal
18,1.75,-0.9794444444444443,0.02817429412910291,-0.89,-1.02,0.13,-0.985,-0.08333333333333334,0.0715377317142746,-0.03,-0.34,0.31000000000000005,-0.06,-0.19,0.049705012174770836,-0.08,-0.24,0.15999999999999998,-0.21,-0.26888888888888873,31.998294603249406,123.48,-35.16,158.64,-5.16,-7.95111111111111,12.927753951178921,22.03,-28.31,50.34,-12.035,4.138888888888888,15.392603223201984,40.58,-14.47,55.05,-0.20499999999999996,1.0055555555555555,0.020065253028182028,1.04,0.96,0.08000000000000007,1.01,1.04,1.0055555555555555,0.020065253028182028,0.08000000000000007,0.96,0.23529411764705882,123.48,22.138888888888893,1.02,0.9794444444444443,-0.89,-0.94,-0.04999999999999993,-0.34,-0.06,0.28,-0.09,-0.19,-0.1,123.48,-7.01,-130.49,-28.31,-13.91,14.399999999999999,14.32,-4.98,-19.3,normal_040.csv,0,normal
25,2.4700000286102295,0.1632,0.09952889027814989,0.38,0.02,0.36,0.15,-0.05159999999999999,0.13075677165383573,0.28,-0.25,0.53,-0.08,0.9215999999999999,0.14164744967700618,1.16,0.72,0.43999999999999995,0.87,-6.2112,38.32067298034661,63.16,-85.76,148.92000000000002,-4.2,-11.634400000000001,24.611875703949643,33.07,-62.49,95.56,-7.83,3.0944,37.0789877693553,73.54,-75.96,149.5,-0.7,0.95,0.14436643192469178,1.2,0.75,0.44999999999999996,0.9,1.2,0.95,0.14436643192469178,0.44999999999999996,0.75,0.0,85.76,44.864000000000004,1.16,0.9215999999999999,0.2,0.09,-0.11000000000000001,0.28,-0.2,-0.48000000000000004,1.15,1.13,-0.020000000000000018,-14.96,-33.33,-18.369999999999997,9.72,33.07,23.35,53.68,39.14,-14.54,normal_041.csv,0,normal
25,2.4699997901916504,0.1632,0.10687687620185513,0.35,-0.01,0.36,0.18,-0.0216,0.15512575543732252,0.4,-0.19,0.5900000000000001,-0.07,0.9208,0.15364786580576598,1.21,0.7,0.51,0.91,-1.9571999999999985,38.64520976352265,83.34,-86.46,169.8,2.89,-17.6412,25.227757417839054,40.35,-57.73,98.08,-27.51,4.640800000000002,55.9224573196374,159.75,-63.31,223.06,-14.89,0.9516,0.1641818097922747,1.27,0.72,0.55,0.94,1.27,0.9516,0.1641818097922747,0.55,0.72,0.5416666666666666,159.75,54.1988,1.21,0.9208,0.25,0.22,-0.03,0.3,-0.13,-0.43,1.13,1.07,-0.05999999999999983,28.27,18.76,-9.509999999999998,40.35,15.28,-25.07,135.8,-20.03,-155.83,normal_042.csv,0,normal
25,2.4700000286102295,0.23200000000000004,0.10766460266339474,0.43,0.07,0.36,0.23,-0.014400000000000001,0.15519020587653076,0.44,-0.2,0.64,-0.07,0.9103999999999999,0.14330852498484986,1.22,0.68,0.5399999999999999,0.88,-6.2788,35.37016201546156,53.56,-89.36,142.92000000000002,2.26,-15.3348,21.40234374237239,22.55,-51.68,74.23,-11.91,2.8503999999999996,25.061033910568547,36.7,-48.08,84.78,15.62,0.9551999999999999,0.15286486406845318,1.26,0.75,0.51,0.92,1.26,0.9551999999999999,0.15286486406845318,0.51,0.75,0.9166666666666666,89.36,37.703599999999994,1.22,0.9103999999999999,0.34,0.33,-0.010000000000000009,-0.08,-0.05,0.03,0.85,0.72,-0.13,-26.31,53.02,79.33,-1.13,-2.72,-1.5900000000000003,-15.94,36.7,52.64,normal_043.csv,0,normal
23,2.2699999809265137,0.2343478260869565,0.09490790210210595,0.39,0.01,0.38,0.27,-0.0391304347826087,0.12518760625115125,0.34,-0.26,0.6000000000000001,-0.04,0.9126086956521738,0.1292361260816223,1.17,0.75,0.41999999999999993,0.9,0.307391304347827,42.86950910690713,82.41,-78.41,160.82,3.85,-9.833913043478262,19.821020003826614,27.07,-53.33,80.4,-8.92,7.078695652173915,27.59127436253383,49.04,-59.25,108.28999999999999,6.7,0.9543478260869565,0.13456414783077594,1.22,0.79,0.42999999999999994,0.92,1.22,0.9543478260869565,0.13456414783077594,0.42999999999999994,0.79,0.7272727272727273,82.41,39.81173913043478,1.17,0.9126086956521738,0.22,0.3,0.07999999999999999,-0.07,-0.04,0.030000000000000006,0.75,1.15,0.3999999999999999,-5.19,47.08,52.269999999999996,-2.96,-17.12,-14.16,0.32,49.04,48.72,normal_044.csv,0,normal
25,2.430000066757202,0.2036,0.10684412322007546,0.38,0.01,0.37,0.19,0.007199999999999995,0.12581467852891146,0.34,-0.26,0.6000000000000001,-0.01,0.9043999999999999,0.1114704744166215,1.15,0.74,0.4099999999999999,0.89,-5.2856000000000005,47.733552148008705,67.89,-110.06,177.95,2.29,-21.017599999999998,21.992553148736505,26.5,-52.67,79.17,-24.03,28.4996,68.56012795835977,193.75,-79.74,273.49,24.2,0.9412,0.11373653766490344,1.19,0.76,0.42999999999999994,0.9,1.19,0.9412,0.11373653766490344,0.42999999999999994,0.76,0.875,193.75,72.5656,1.15,0.9043999999999999,0.16,0.12,-0.04000000000000001,0.27,-0.1,-0.37,1.02,0.74,-0.28,23.71,4.92,-18.79,-18.82,3.36,22.18,193.75,-70.93,-264.68,normal_045.csv,0,normal
25,2.4700000286102295,0.20640000000000003,0.10598270299125859,0.42,0.02,0.39999999999999997,0.2,-0.0048,0.1798870015685773,0.48,-0.27,0.75,-0.06,0.9156,0.13994284547628721,1.23,0.64,0.59,0.89,-13.0036,43.07093189147409,72.55,-102.49,175.04,-17.37,-11.6528,23.829863707821186,26.24,-52.2,78.44,-12.34,-25.492400000000004,31.06170140220912,20.52,-103.45,123.97,-15.77,0.9584,0.1567556484894032,1.34,0.7,0.6400000000000001,0.93,1.34,0.9584,0.1567556484894032,0.6400000000000001,0.7,0.125,103.45,51.56199999999999,1.23,0.9156,0.31,0.28,-0.02999999999999997,-0.15,0.0,0.15,0.89,0.64,-0.25,-1.33,-30.56,-29.229999999999997,16.58,-14.78,-31.36,-103.45,-55.1,48.35,normal_046.csv,0,normal
25,2.4600000381469727,0.2184,0.09637945839233586,0.5,0.03,0.47,0.22,0.006,0.1700245080373219,0.4,-0.21,0.61,-0.05,0.8992,0.11838918869558994,1.14,0.72,0.41999999999999993,0.9,-7.2296,43.52676882103701,58.87,-99.86,158.73,-6.61,-15.438000000000002,25.64139248038868,29.83,-58.95,88.78,-15.63,-11.308799999999998,44.88254832708737,107.85,-92.79,200.64,-10.87,0.9440000000000001,0.1282900359861721,1.24,0.77,0.47,0.93,1.24,0.9440000000000001,0.1282900359861721,0.47,0.77,0.0,107.85,50.577999999999996,1.14,0.8992,0.29,0.2,-0.08999999999999997,0.39,-0.1,-0.49,1.14,0.91,-0.22999999999999987,-47.92,12.4,60.32,-38.98,14.78,53.76,-30.7,-5.71,24.99,normal_047.csv,0,normal
20,1.9600000381469727,0.253,0.07189905203972112,0.4,0.13,0.27,0.255,-0.013999999999999999,0.1270060089751248,0.29,-0.22,0.51,-0.06,0.8995000000000001,0.13732309193630676,1.16,0.69,0.47,0.885,-6.390500000000001,29.860287564272596,32.4,-76.26,108.66,4.54,-10.763500000000002,15.901930460432188,10.46,-51.76,62.22,-9.155000000000001,-3.1295000000000006,29.19706518686965,61.08,-49.16,110.24,-2.6799999999999997,0.9465,0.14191454062958192,1.21,0.77,0.43999999999999995,0.94,1.21,0.9465,0.14191454062958192,0.43999999999999995,0.77,0.05263157894736842,76.26,34.50899999999999,1.16,0.8995000000000001,0.24,0.27,0.030000000000000027,-0.05,-0.08,-0.03,1.01,0.85,-0.16000000000000003,-26.49,-45.19,-18.7,-25.22,0.64,25.86,-23.13,-35.89,-12.760000000000002,normal_048.csv,0,normal
25,2.4100000858306885,0.26239999999999997,0.11730586799758429,0.52,0.02,0.5,0.25,-0.0004000000000000048,0.1489541316423728,0.39,-0.17,0.56,-0.01,0.9067999999999999,0.1378924701835939,1.18,0.71,0.47,0.88,-9.3412,28.367536216598012,44.38,-60.56,104.94,-14.29,-14.4296,22.380102673282504,31.66,-49.53,81.19,-12.34,-9.1024,36.00686697006559,57.39,-101.01,158.4,-7.96,0.9624000000000001,0.14222282985981308,1.27,0.72,0.55,0.96,1.27,0.9624000000000001,0.14222282985981308,0.55,0.72,0.16666666666666666,101.01,40.891999999999996,1.18,0.9067999999999999,0.32,0.51,0.19,-0.08,-0.14,-0.06000000000000001,0.81,0.8,-0.010000000000000009,31.6,-30.76,-62.36,-44.34,-20.92,23.42,-24.63,-101.01,-76.38000000000001,normal_049.csv,0,normal
17,1.6699998378753662,0.23882352941176468,0.08469669067776324,0.42,0.06,0.36,0.25,-0.031176470588235295,0.13869401361185243,0.36,-0.23,0.59,-0.09,0.8864705882352941,0.16762835292957556,1.24,0.66,0.58,0.85,0.707058823529413,49.82916211475789,85.25,-114.92,200.17000000000002,19.54,-6.331176470588235,16.92701350000678,23.66,-30.32,53.980000000000004,-9.92,8.202352941176471,23.102819235271852,53.56,-31.47,85.03,11.75,0.9311764705882353,0.1680729883466249,1.28,0.7,0.5800000000000001,0.88,1.28,0.9311764705882353,0.1680729883466249,0.5800000000000001,0.7,0.25,114.92,41.84941176470588,1.24,0.8864705882352941,0.27,0.26,-0.010000000000000009,-0.02,-0.15,-0.13,0.72,1.13,0.4099999999999999,28.37,-23.91,-52.28,19.42,20.84,1.4199999999999982,20.2,3.43,-16.77,normal_050.csv,0,normal
25,2.490000009536743,0.22040000000000004,0.0952837866585916,0.41,0.07,0.33999999999999997,0.22,-0.0328,0.1612327510154187,0.39,-0.25,0.64,-0.06,0.8972,0.14630219866199318,1.19,0.7,0.49,0.85,0.6332000000000003,55.811714400592756,88.85,-140.92,229.76999999999998,9.76,-15.325999999999999,21.966416602016206,17.45,-52.06,69.51,-17.01,16.453999999999997,36.1793635930761,80.63,-61.86,142.49,22.82,0.9420000000000001,0.14798648586948743,1.21,0.76,0.44999999999999996,0.88,1.21,0.9420000000000001,0.14798648586948743,0.44999999999999996,0.76,0.5416666666666666,140.92,56.47240000000001,1.19,0.8972,0.22,0.2,-0.01999999999999999,-0.23,-0.23,0.0,1.14,0.85,-0.2899999999999999,6.4,8.73,2.33,5.65,17.28,11.63,80.63,27.95,-52.67999999999999,normal_051.csv,0,normal
25,2.490000009536743,0.23120000000000002,0.09225508116087698,0.35,0.07,0.27999999999999997,0.27,-0.056399999999999985,0.1577677618104113,0.39,-0.31,0.7,-0.08,0.9032000000000001,0.1646136891836966,1.28,0.71,0.5700000000000001,0.85,0.4631999999999994,51.53479016806673,84.79,-122.12,206.91000000000003,-2.52,-12.201199999999998,27.027610469049364,43.77,-76.5,120.27000000000001,-8.31,32.9868,75.58669325791854,188.44,-108.58,297.02,25.1,0.9508000000000001,0.16948254580732888,1.34,0.79,0.55,0.9,1.34,0.9508000000000001,0.16948254580732888,0.55,0.79,0.5833333333333334,188.44,76.10560000000001,1.28,0.9032000000000001,0.3,0.32,0.020000000000000018,0.07,-0.15,-0.22,1.05,0.85,-0.20000000000000007,30.32,20.43,-9.89,-21.34,18.29,39.629999999999995,188.44,-27.99,-216.43,normal_052.csv,0,normal
25,2.4800000190734863,0.1848,0.11708686234302008,0.49,0.02,0.47,0.17,-0.0568,0.1890044091196464,0.42,-0.32,0.74,-0.1,0.9192,0.16056981866673034,1.35,0.7,0.6500000000000001,0.91,-9.855599999999999,45.116847932156496,67.04,-128.76,195.8,-2.29,-9.551200000000001,22.51795659764299,28.41,-66.2,94.61,-10.08,-24.882799999999996,53.38007840945909,74.35,-111.05,185.39999999999998,-16.9,0.9616,0.16757286972140406,1.38,0.75,0.6299999999999999,0.92,1.38,0.9616,0.16757286972140406,0.6299999999999999,0.75,0.041666666666666664,128.76,58.417199999999994,1.35,0.9192,0.2,0.04,-0.16,-0.25,-0.1,0.15,1.01,0.79,-0.21999999999999997,16.72,0.95,-15.77,-11.44,-5.71,5.7299999999999995,-7.33,20.08,27.409999999999997,normal_053.csv,0,normal
25,2.4499998092651367,0.214,0.13441230102437304,0.53,0.03,0.5,0.2,-0.0176,0.13261095982861548,0.33,-0.31,0.64,-0.04,0.9068,0.20245822614389697,1.32,0.59,0.7300000000000001,0.9,1.0924000000000011,61.76138385485438,142.0,-117.57,259.57,-0.32,-6.592800000000002,37.6451718373906,97.71,-61.41,159.12,-6.86,2.8360000000000003,48.25166327012296,121.04,-77.5,198.54000000000002,4.2,0.9472,0.21151280497092056,1.34,0.66,0.68,0.94,1.34,0.9472,0.21151280497092056,0.68,0.66,0.9583333333333334,142.0,61.4772,1.32,0.9068,0.21,0.48,0.27,0.13,0.33,0.2,0.89,0.92,0.030000000000000027,-26.76,-74.56,-47.8,-35.25,97.71,132.95999999999998,4.2,-50.15,-54.35,normal_054.csv,0,normal
15,1.4500000476837158,0.10999999999999997,0.08896227129680152,0.32,-0.04,0.36,0.12,0.1166666666666667,0.15513435037626794,0.34,-0.17,0.51,0.13,0.8893333333333333,0.16144289864781763,1.22,0.67,0.5499999999999999,0.85,-16.815333333333328,37.48762688573137,77.56,-64.6,142.16,-21.54,-2.709333333333334,31.787194741338997,60.56,-48.9,109.46000000000001,-11.7,6.117333333333333,48.1942165271588,84.98,-89.79,174.77,0.61,0.9219999999999999,0.15616840726783193,1.26,0.71,0.55,0.89,1.26,0.9219999999999999,0.15616840726783193,0.55,0.71,0.2857142857142857,89.79,49.43,1.22,0.8893333333333333,0.32,-0.04,-0.36,0.19,-0.12,-0.31,0.7,0.84,0.14,-10.06,5.83,15.89,-9.74,-33.24,-23.5,-30.15,-4.43,25.72,normal_055.csv,0,normal
25,2.4700000286102295,-0.10400000000000001,0.0939858145324779,0.11,-0.25,0.36,-0.1,-0.9588,0.11673759748541458,-0.78,-1.11,0.33000000000000007,-0.96,0.09160000000000001,0.11939709655878013,0.25,-0.15,0.4,0.11,-9.3444,29.366987287315215,56.03,-59.85,115.88,-12.46,-17.5468,34.34207983897694,55.47,-66.63,122.1,-25.41,-1.0968,21.98381956500432,38.96,-48.06,87.02000000000001,-1.59,0.9792000000000001,0.11937057147108468,1.14,0.78,0.3599999999999999,0.99,1.14,0.9792000000000001,0.11937057147108468,0.3599999999999999,0.78,0.7916666666666666,66.63,39.1144,1.11,0.9588,-0.03,-0.25,-0.22,-1.11,-0.95,0.16000000000000014,0.04,0.14,0.1,13.65,-17.5,-31.15,-14.73,3.11,17.84,3.54,-18.46,-22.0,normal_056.csv,0,normal
23,2.2699999809265137,-0.05565217391304348,0.11317026942365616,0.1,-0.23,0.33,-0.07,-0.9621739130434783,0.18850986281743096,-0.69,-1.48,0.79,-0.93,0.14608695652173911,0.11236058555281184,0.31,-0.07,0.38,0.16,-2.0178260869565214,25.20133202766035,76.61,-36.53,113.14,-9.69,12.547391304347824,28.897691668963223,54.43,-56.09,110.52000000000001,11.43,-7.265652173913042,29.825664486400566,54.93,-76.02,130.95,-5.66,0.9869565217391303,0.1873847471867998,1.49,0.7,0.79,0.97,1.49,0.9869565217391303,0.1873847471867998,0.79,0.7,0.09090909090909091,76.61,37.39304347826087,1.48,0.9621739130434783,-0.16,-0.1,0.06,-0.84,-0.76,0.07999999999999996,0.17,-0.07,-0.24000000000000002,9.69,-15.88,-25.57,0.3,17.02,16.72,-41.04,-18.46,22.58,normal_057.csv,0,normal
25,2.4700000286102295,-0.016,0.12773670837573148,0.37,-0.21,0.58,-0.03,-0.9676,0.16338298565028123,-0.74,-1.3,0.56,-0.94,0.1072,0.10749108490164815,0.32,-0.11,0.43,0.14,-5.3836,27.148672294116583,52.87,-60.82,113.69,-13.86,-29.458,26.231441693763863,23.77,-75.63,99.39999999999999,-34.81,2.926,24.539730370700216,48.12,-46.0,94.12,-0.44,0.9875999999999999,0.1650070705555775,1.31,0.75,0.56,0.95,1.31,0.9875999999999999,0.1650070705555775,0.56,0.75,0.7916666666666666,75.63,40.9332,1.3,0.9676,-0.12,-0.06,0.06,-1.1,-0.88,0.22000000000000008,0.32,0.14,-0.18,40.06,23.28,-16.78,-75.63,-39.92,35.709999999999994,-46.0,3.27,49.27,normal_058.csv,0,normal
19,1.8600001335144043,-0.028947368421052635,0.12008768726051369,0.24,-0.22,0.45999999999999996,0.0,-0.9600000000000001,0.15452435981999013,-0.78,-1.34,0.56,-0.92,0.1363157894736842,0.10078638170329417,0.28,-0.04,0.32,0.18,-3.5415789473684205,33.972787846084806,71.53,-65.92,137.45,-13.24,-30.149473684210527,44.52946995139339,26.06,-130.93,156.99,-14.92,1.1936842105263143,30.105326440963218,61.21,-47.89,109.1,-4.41,0.9815789473684212,0.15500047160841288,1.36,0.8,0.56,0.94,1.36,0.9815789473684212,0.15500047160841288,0.56,0.8,0.7222222222222222,130.93,50.917368421052636,1.34,0.9600000000000001,0.01,-0.0,-0.01,-1.19,-0.92,0.2699999999999999,0.23,0.19,-0.04000000000000001,25.14,-9.5,-34.64,-79.76,-130.93,-51.17,-17.73,47.45,65.18,normal_059.csv,0,normal
25,2.4700000286102295,-0.1336,0.12016932498215453,0.19,-0.29,0.48,-0.17,-0.9784,0.14693195704134618,-0.76,-1.29,0.53,-0.95,0.0808,0.1398785187224972,0.34,-0.19,0.53,0.08,-2.7020000000000004,21.682334975735433,38.9,-36.34,75.24000000000001,-0.96,-18.422,28.52310496188426,50.78,-63.37,114.15,-20.44,-3.162,41.54763180174454,103.27,-66.89,170.16,-12.12,1.0068000000000001,0.14963065639545037,1.35,0.76,0.5900000000000001,0.97,1.35,1.0068000000000001,0.14963065639545037,0.5900000000000001,0.76,0.625,103.27,42.8736,1.29,0.9784,-0.11,-0.0,0.11,-1.0,-0.76,0.24,0.24,0.07,-0.16999999999999998,-8.5,-23.77,-15.27,-49.94,-25.91,24.029999999999998,27.54,-66.89,-94.43,normal_060.csv,0,normal
20,1.9600000381469727,-0.0225,0.11525144136557298,0.22,-0.25,0.47,-0.04,-0.9695000000000003,0.15968637024525686,-0.78,-1.34,0.56,-0.925,0.1065,0.15564044258617699,0.29,-0.24,0.53,0.14,-10.199,18.83682253348199,36.82,-39.83,76.65,-12.125,-15.577000000000004,25.43597206196064,43.31,-54.84,98.15,-14.58,-4.466499999999999,27.087446942118877,40.9,-57.12,98.02,-1.92,0.9935,0.16480530778371252,1.36,0.79,0.5700000000000001,0.96,1.36,0.9935,0.16480530778371252,0.5700000000000001,0.79,0.5789473684210527,57.12,32.334,1.34,0.9695000000000003,0.04,-0.04,-0.08,-0.79,-1.01,-0.21999999999999997,0.12,-0.16,-0.28,-4.72,-9.57,-4.8500000000000005,-8.66,3.69,12.35,7.42,-12.96,-20.380000000000003,normal_061.csv,0,normal
25,2.320000171661377,-0.04,0.1254657987926059,0.23,-0.21,0.44,-0.04,-0.9644000000000001,0.1688954311598353,-0.71,-1.3,0.5900000000000001,-0.93,0.11400000000000002,0.1521238530496341,0.4,-0.27,0.67,0.13,-6.208799999999999,25.919538691882618,45.33,-66.06,111.39,-9.01,-40.2108,23.344120051953126,11.62,-95.18,106.80000000000001,-39.27,0.7839999999999996,40.59327653688478,132.67,-91.13,223.79999999999998,1.16,0.9888000000000001,0.1757915432171487,1.32,0.71,0.6100000000000001,0.96,1.32,0.9888000000000001,0.1757915432171487,0.6100000000000001,0.71,0.7916666666666666,132.67,49.62879999999999,1.3,0.9644000000000001,-0.21,0.01,0.22,-0.93,-0.96,-0.029999999999999916,-0.09,0.28,0.37,-5.1,-9.01,-3.91,-1.57,-20.05,-18.48,-29.8,23.37,53.17,normal_062.csv,0,normal
17,1.6500000953674316,-0.04588235294117647,0.1024120856838569,0.1,-0.23,0.33,-0.04,-0.9894117647058822,0.1401548513357321,-0.79,-1.28,0.49,-0.93,0.09999999999999999,0.14870272357963052,0.33,-0.22,0.55,0.13,-3.6852941176470595,20.518237045871853,50.23,-29.89,80.12,-8.27,23.31647058823529,30.800492070171636,75.27,-21.63,96.89999999999999,28.88,-3.9464705882352953,35.28868195703412,83.3,-82.09,165.39,-6.66,1.0094117647058825,0.14587968451069935,1.3,0.79,0.51,0.98,1.3,1.0094117647058825,0.14587968451069935,0.51,0.79,0.0625,83.3,42.39176470588236,1.28,0.9894117647058822,-0.09,-0.07,0.01999999999999999,-1.14,-0.91,0.22999999999999987,0.29,0.09,-0.19999999999999998,5.91,5.65,-0.2599999999999998,3.36,2.21,-1.15,13.54,-40.0,-53.54,normal_063.csv,0,normal
18,1.7699999809265137,0.13722222222222225,0.2540682065799876,0.9,-0.07,0.97,0.04,-0.9227777777777777,0.4150521661834748,-0.07,-1.82,1.75,-0.95,-0.38666666666666666,0.4984092341699563,0.13,-1.68,1.81,-0.4,-53.257777777777775,98.12717232098568,157.25,-307.3,464.55,-24.765,-4.530000000000001,34.93913312504206,53.4,-67.15,120.55000000000001,-8.675,-14.437222222222223,57.123898759425764,94.93,-140.34,235.27,-5.640000000000001,1.1005555555555555,0.5287885402137965,2.57,0.08,2.4899999999999998,0.98,2.57,1.1005555555555555,0.5287885402137965,2.4899999999999998,0.08,0.6470588235294118,307.3,78.71833333333332,1.82,0.9433333333333334,-0.06,0.27,0.33,-0.95,-0.65,0.29999999999999993,0.13,-0.64,-0.77,-1.1,-25.36,-24.259999999999998,-11.39,24.06,35.45,-5.45,-7.53,-2.08,normal_064.csv,0,normal
25,2.4800000190734863,0.0368,0.1610827944464171,0.49,-0.2,0.69,-0.03,-0.8775999999999999,0.3870215325620354,-0.08,-2.0,1.92,-0.95,-0.16799999999999998,0.4764276790167982,0.19,-1.64,1.8299999999999998,0.1,-49.4024,76.60818071415957,76.32,-237.1,313.41999999999996,-9.62,-12.0372,50.461244495156876,67.42,-179.41,246.82999999999998,-9.37,-27.1496,62.94207254028633,19.79,-278.31,298.1,-5.15,0.9919999999999999,0.4564172068038919,2.61,0.11,2.5,0.97,2.61,0.9919999999999999,0.4564172068038919,2.5,0.11,0.75,278.31,68.1572,2.0,0.9024,-0.03,0.15,0.18,-0.9,-0.65,0.25,0.14,-0.5,-0.64,-7.8,-31.25,-23.45,-6.38,30.44,36.82,6.87,-10.6,-17.47,normal_065.csv,0,normal
25,2.490000009536743,-0.036399999999999995,0.1396686555148768,0.29,-0.58,0.8699999999999999,-0.04,-0.934,0.39088574630787787,-0.21,-2.0,1.79,-0.97,-0.05720000000000001,0.24179054296367064,0.13,-0.91,1.04,0.06,-13.578000000000001,85.73969418147777,134.05,-181.37,315.42,-2.76,-10.136400000000002,34.09116709647823,98.38,-98.61,196.99,-10.79,-11.6024,53.86835839030801,56.58,-232.96,289.54,-5.39,0.9632,0.41988808032617453,2.22,0.23,1.9900000000000002,0.97,2.22,0.9632,0.41988808032617453,1.9900000000000002,0.23,1.0,232.96,69.84120000000001,2.0,0.934,0.01,0.29,0.27999999999999997,-0.92,-2.0,-1.08,-0.31,-0.91,-0.6000000000000001,106.66,-19.04,-125.69999999999999,-39.94,-98.61,-58.67,32.76,-232.96,-265.72,normal_066.csv,0,normal
25,2.369999885559082,-0.0196,0.11374239901344324,0.33,-0.28,0.6100000000000001,-0.03,-0.9475999999999999,0.09170968687476078,-0.7,-1.1,0.40000000000000013,-0.97,0.0692,0.07438189743927394,0.15,-0.16,0.31,0.09,5.139600000000001,33.27831870252262,103.56,-40.17,143.73000000000002,-6.69,-55.8456,80.12970865415649,0.17,-223.53,223.7,-10.73,6.737599999999999,27.488890222536572,70.92,-53.45,124.37,-3.16,0.9603999999999999,0.08565823564219226,1.11,0.71,0.40000000000000013,0.98,1.11,0.9603999999999999,0.08565823564219226,0.40000000000000013,0.71,0.875,223.53,65.6808,1.1,0.9475999999999999,0.0,0.15,0.15,-0.81,-0.83,-0.019999999999999907,-0.16,0.1,0.26,103.56,-8.31,-111.87,-34.4,-206.11,-171.71,18.66,44.01,25.349999999999998,normal_067.csv,0,normal
22,2.1600000858306885,-0.05318181818181819,0.1043522589089184,0.18,-0.16,0.33999999999999997,-0.10500000000000001,-0.9563636363636363,0.13978028522838312,-0.62,-1.27,0.65,-0.96,-0.056363636363636366,0.16649168303395975,0.1,-0.47,0.57,0.01,6.505000000000001,43.50899783788571,108.15,-58.72,166.87,-5.3,-19.595454545454547,22.647589323468893,25.94,-47.37,73.31,-21.13,9.131363636363638,23.68583327755112,64.29,-27.44,91.73,1.7349999999999999,0.9745454545454545,0.15945524145030174,1.35,0.63,0.7200000000000001,0.975,1.35,0.9745454545454545,0.15945524145030174,0.7200000000000001,0.63,0.0,108.15,44.49000000000001,1.27,0.9563636363636363,0.18,-0.09,-0.27,-1.27,-0.85,0.42000000000000004,-0.44,-0.08,0.36,-35.73,-58.72,-22.990000000000002,-19.02,-18.17,0.8499999999999979,-17.31,-27.44,-10.130000000000003,normal_068.csv,0,normal
25,2.4799997806549072,-0.010800000000000002,0.08999629622008527,0.21,-0.11,0.32,-0.05,-0.9675999999999999,0.09963600420196171,-0.69,-1.21,0.52,-0.97,-0.1472,0.1912572438715285,0.03,-0.59,0.62,-0.08,-0.8188000000000004,47.62982804223981,117.91,-102.46,220.37,1.95,-15.948,17.55090572211778,22.87,-42.44,65.31,-20.95,3.3408,30.748692779802308,75.17,-56.73,131.9,-1.66,1.0,0.11782755761422425,1.34,0.75,0.5900000000000001,0.98,1.34,1.0,0.11782755761422425,0.5900000000000001,0.75,0.16666666666666666,117.91,47.33040000000001,1.21,0.9675999999999999,-0.01,-0.06,-0.049999999999999996,-0.97,-0.95,0.020000000000000018,-0.03,0.02,0.05,-58.5,-6.87,51.63,7.21,-42.44,-49.65,-28.96,15.16,44.120000000000005,normal_069.csv,0,normal
25,2.4700000286102295,-0.0027999999999999982,0.1527394295306007,0.64,-0.17,0.81,-0.04,-0.99,0.2599358895317587,-0.45,-2.0,1.55,-0.96,-0.0444,0.1430058273870917,0.14,-0.49,0.63,-0.02,-11.799199999999995,39.650971291171835,114.09,-100.35,214.44,-8.86,-25.4936,45.310867246905204,84.75,-101.34,186.09,-36.21,3.1351999999999998,41.30551376834171,133.51,-99.68,233.19,2.79,1.008,0.270755116910712,2.1,0.56,1.54,0.97,2.1,1.008,0.270755116910712,1.54,0.56,1.0,133.51,57.0952,2.0,0.99,-0.06,0.64,0.7,-1.0,-2.0,-1.0,0.02,-0.02,-0.04,13.44,114.09,100.65,49.69,84.75,35.06,3.27,133.51,130.23999999999998,normal_070.csv,0,normal
24,2.379999876022339,-0.03541666666666667,0.133936362782339,0.13,-0.38,0.51,-0.009999999999999998,-0.9508333333333333,0.21292817051085902,-0.47,-1.47,1.0,-0.955,-0.06583333333333334,0.14376661844708646,0.12,-0.47,0.59,-0.025,-1.667083333333333,55.08162958019802,103.5,-111.86,215.36,-4.785,-4.402083333333333,62.35912617420281,99.76,-95.28,195.04000000000002,-3.0949999999999998,-0.035833333333334196,45.12688400659774,114.03,-150.44,264.47,3.3449999999999998,0.9700000000000001,0.2217323102105427,1.55,0.52,1.03,0.96,1.55,0.9700000000000001,0.2217323102105427,1.03,0.52,0.782608695652174,150.44,68.81333333333333,1.47,0.9508333333333333,0.03,-0.15,-0.18,-0.81,-1.0,-0.18999999999999995,-0.18,-0.06,0.12,103.5,-9.27,-112.77,26.78,-8.28,-35.06,14.24,-15.92,-30.16,normal_071.csv,0,normal
25,2.379999876022339,-0.0692,0.14999777776131662,0.17,-0.71,0.88,-0.06,-0.9571999999999999,0.2478662273619919,-0.55,-2.0,1.45,-0.97,-0.0892,0.1276362017610991,0.05,-0.46,0.51,-0.04,8.2508,63.19508702686731,153.48,-153.71,307.19,-1.71,-8.722800000000001,33.18379643741807,71.33,-45.31,116.64,-24.09,0.26079999999999953,27.7532966390181,76.98,-80.92,157.9,-0.14,0.9764000000000002,0.27335690955232866,2.17,0.57,1.6,0.97,2.17,0.9764000000000002,0.27335690955232866,1.6,0.57,1.0,153.71,53.8888,2.0,0.9571999999999999,0.03,-0.71,-0.74,-0.86,-2.0,-1.1400000000000001,-0.4,-0.46,-0.06,153.48,-153.71,-307.19,-45.31,3.14,48.45,31.94,10.82,-21.12,normal_072.csv,0,normal
25,2.3999998569488525,-0.07719999999999999,0.12515057597417067,0.22,-0.32,0.54,-0.1,-0.9567999999999999,0.25286228135752736,-0.57,-2.0,1.4300000000000002,-0.96,-0.027200000000000002,0.1490111852624941,0.23,-0.45,0.68,-0.01,-0.30439999999999984,54.06277270297309,141.4,-72.86,214.26,-13.08,-12.2708,47.46651029234542,101.69,-89.1,190.79,-20.02,-0.14799999999999877,63.49250257576348,173.51,-208.46,381.97,-6.75,0.9815999999999999,0.24303086223770015,2.01,0.63,1.38,0.97,2.01,0.9815999999999999,0.24303086223770015,1.38,0.63,0.8333333333333334,208.46,62.9784,2.0,0.9567999999999999,-0.02,-0.15,-0.13,-0.97,-0.8,0.16999999999999993,0.07,0.08,0.009999999999999995,9.18,20.99,11.809999999999999,4.85,-20.02,-24.869999999999997,-7.62,7.74,15.36,normal_073.csv,0,normal
25,2.4700000286102295,0.23360000000000003,0.13111318265783445,0.49,0.01,0.48,0.22,0.1428,0.2740669018080561,1.03,-0.19,1.22,0.07,0.9108000000000002,0.2390069733989645,1.35,0.53,0.8200000000000001,0.84,-14.786,57.33866896199574,67.3,-146.02,213.32,-19.1,-12.677999999999999,30.410768377884395,36.63,-78.47,115.1,-11.19,-1.217599999999998,56.552865848395925,114.41,-98.03,212.44,-8.14,0.9892,0.26982895816918295,1.59,0.58,1.0100000000000002,0.92,1.59,0.9892,0.26982895816918295,1.0100000000000002,0.58,0.7916666666666666,146.02,65.83239999999999,1.35,0.9108000000000002,0.18,0.24,0.06,0.01,0.47,0.45999999999999996,0.94,1.08,0.14000000000000012,-34.82,-146.02,-111.20000000000002,-46.9,-29.01,17.889999999999997,-52.29,63.37,115.66,normal_074.csv,0,normal
25,2.440000057220459,0.1384,0.14040655255364687,0.6,-0.06,0.6599999999999999,0.15,-0.9492,0.25132847033314787,-0.47,-1.46,0.99,-0.96,0.08120000000000001,0.17178765962664488,0.34,-0.3,0.64,0.08,-6.277199999999999,37.15377274696788,67.69,-62.2,129.89,-22.24,-16.11,30.238452065761127,33.62,-93.66,127.28,-16.64,-6.0395999999999965,61.5088052287367,88.96,-154.78,243.74,-3.79,0.9839999999999999,0.26410225292488515,1.49,0.51,0.98,0.99,1.49,0.9839999999999999,0.26410225292488515,0.98,0.51,0.625,154.78,59.07280000000001,1.46,0.9492,-0.06,0.08,0.14,-0.82,-0.62,0.19999999999999996,0.08,0.08,0.0,-21.94,-29.42,-7.48,-17.47,-47.65,-30.18,25.54,-3.79,-29.33,normal_075.csv,0,normal
25,2.4599997997283936,0.0019999999999999996,0.0917877987534291,0.2,-0.18,0.38,0.01,-0.9468,0.13634270546433108,-0.69,-1.32,0.6300000000000001,-0.93,0.16879999999999998,0.1201499063670047,0.35,-0.11,0.45999999999999996,0.2,-5.3988,22.8986885213979,48.9,-61.42,110.32,-6.86,-56.0308,37.994199000198265,13.19,-133.86,147.05,-45.28,9.446,31.112021658302226,86.11,-64.32,150.43,0.3,0.9708000000000001,0.14430638701503595,1.36,0.7,0.6600000000000001,0.97,1.36,0.9708000000000001,0.14430638701503595,0.6600000000000001,0.7,0.8333333333333334,133.86,60.377199999999995,1.32,0.9468,0.03,-0.18,-0.21,-0.98,-0.97,0.010000000000000009,0.21,0.2,-0.009999999999999981,22.26,-14.66,-36.92,-41.48,-53.27,-11.790000000000006,-1.94,-14.21,-12.270000000000001,normal_076.csv,0,normal
25,2.369999885559082,0.048400000000000006,0.1384340998453777,0.41,-0.13,0.54,0.05,-0.9904000000000001,0.23631687765935525,-0.66,-1.43,0.7699999999999999,-0.93,0.0912,0.17469783436932848,0.35,-0.26,0.61,0.11,-6.9072000000000005,26.466176609652805,38.11,-54.44,92.55,-11.07,-2.7755999999999994,33.12034031125486,91.62,-58.46,150.08,-3.57,-3.9827999999999997,36.20150992707349,66.5,-64.02,130.51999999999998,-5.88,1.0168,0.24994532735513716,1.51,0.67,0.84,0.97,1.51,1.0168,0.24994532735513716,0.84,0.67,0.875,91.62,40.3236,1.43,0.9904000000000001,0.06,0.05,-0.009999999999999995,-0.85,-0.85,0.0,0.23,0.16,-0.07,-30.0,-11.07,18.93,-3.57,-9.16,-5.59,-20.6,26.69,47.290000000000006,normal_077.csv,0,normal
25,2.5,0.001200000000000001,0.1330200486142346,0.38,-0.21,0.59,0.01,-0.9612,0.233029325765378,-0.63,-1.45,0.82,-0.92,0.134,0.1447123583757333,0.36,-0.22,0.58,0.15,-2.22,34.270078542853284,79.14,-62.7,141.84,-6.95,-6.681199999999999,23.691655232732618,38.17,-46.64,84.81,-6.9,-6.6164,41.87063150148721,98.96,-69.83,168.79,-8.38,0.9867999999999999,0.24105186163977244,1.5,0.64,0.86,0.95,1.5,0.9867999999999999,0.24105186163977244,0.86,0.64,0.375,98.96,44.1156,1.45,0.9612,0.04,0.07,0.030000000000000006,-0.94,-0.92,0.019999999999999907,0.17,0.23,0.06,-21.69,-30.56,-8.869999999999997,-26.12,-46.64,-20.52,24.29,18.24,-6.050000000000001,normal_078.csv,0,normal
25,2.4800000190734863,0.074,0.152452178294266,0.42,-0.18,0.6,0.08,-0.9576,0.2330286105467166,-0.56,-1.38,0.8199999999999998,-0.96,0.068,0.15127238126417306,0.33,-0.39,0.72,0.09,-8.4132,36.805595217756405,115.11,-66.0,181.11,-17.4,-25.198800000000002,46.09072179951188,48.0,-112.5,160.5,-12.73,-5.1764,37.17360475749785,120.37,-58.44,178.81,-5.68,0.9848,0.24211085615202524,1.44,0.57,0.87,0.97,1.44,0.9848,0.24211085615202524,0.87,0.57,0.875,120.37,58.26880000000001,1.38,0.9576,-0.14,-0.04,0.1,-0.94,-0.82,0.12,0.13,0.01,-0.12000000000000001,23.39,-57.25,-80.64,-67.34,7.18,74.52000000000001,7.75,14.88,7.130000000000001,normal_079.csv,0,normal
25,3.259999990463257,0.14400000000000002,0.16484841521834537,0.56,-0.06,0.6200000000000001,0.07,-1.0004,0.31082524564992037,-0.53,-1.58,1.05,-1.03,-0.07839999999999998,0.19182631032612116,0.26,-0.48,0.74,-0.1,0.41160000000000196,35.785432403889345,68.81,-72.17,140.98000000000002,-0.63,-4.666,39.29031888816039,70.4,-116.15,186.55,-6.28,-3.4084000000000003,48.133589768476654,107.02,-85.94,192.95999999999998,1.57,1.034,0.34083231458690455,1.75,0.54,1.21,1.05,1.75,1.034,0.34083231458690455,1.21,0.54,0.875,116.15,52.1944,1.58,1.0004,-0.02,0.04,0.06,-1.01,-0.6,0.41000000000000003,0.13,-0.02,-0.15,-23.44,6.47,29.91,0.21,-116.15,-116.36,-23.76,21.21,44.97,normal_080.csv,0,normal
25,2.4700000286102295,0.07959999999999999,0.15928172106888683,0.58,-0.12,0.7,0.02,-0.9724,0.3252598960831169,-0.59,-1.71,1.12,-0.89,-0.0516,0.21102290554976885,0.26,-0.63,0.89,-0.02,-2.8227999999999986,34.12384900623023,65.51,-80.18,145.69,-4.46,-26.35,49.25521529070127,88.72,-122.95,211.67000000000002,-24.75,-2.92,58.132472566257384,91.94,-133.47,225.41,8.26,1.0028,0.3526863573583003,1.85,0.61,1.2400000000000002,0.91,1.85,1.0028,0.3526863573583003,1.2400000000000002,0.61,0.5,133.47,67.3964,1.71,0.9724,0.38,-0.02,-0.4,-1.36,-0.83,0.5300000000000001,-0.35,0.17,0.52,-80.18,-17.57,62.61000000000001,-47.59,11.45,59.040000000000006,-28.55,-69.76,-41.21000000000001,normal_081.csv,0,normal
25,2.450000047683716,0.1396,0.20927414237470113,0.75,-0.21,0.96,0.09,-0.9584,0.44766691486714383,-0.03,-1.96,1.93,-0.96,-0.0208,0.26250269839882917,0.37,-0.72,1.0899999999999999,-0.02,-13.121200000000002,64.84561867235134,110.15,-212.31,322.46000000000004,-4.79,-43.628399999999985,95.67863361621897,177.83,-203.92,381.75,-71.91,-6.393600000000001,99.05478668730082,268.23,-262.63,530.86,7.13,1.016,0.46449793684507723,2.1,0.23,1.87,0.98,2.1,1.016,0.46449793684507723,1.87,0.23,0.8333333333333334,268.23,111.98360000000001,1.96,0.9640000000000001,-0.07,-0.21,-0.13999999999999999,-0.99,-1.67,-0.6799999999999999,0.13,0.29,0.15999999999999998,23.22,0.46,-22.759999999999998,-203.92,23.14,227.06,23.22,-10.86,-34.08,normal_083.csv,0,normal
25,2.609999895095825,0.1388,0.21966489630040267,0.85,-0.08,0.9299999999999999,0.07,-0.9671999999999998,0.2768350892980633,-0.41,-1.57,1.1600000000000001,-0.91,0.1452,0.14623383101503337,0.36,-0.15,0.51,0.15,-2.1879999999999997,39.23329177284687,72.99,-85.76,158.75,-2.27,-60.54879999999999,50.01507841974591,59.42,-143.65,203.07,-59.89,-0.12280000000000114,45.02027455491581,81.22,-86.7,167.92000000000002,1.43,1.014,0.30391884881768466,1.79,0.44,1.35,0.94,1.79,1.014,0.30391884881768466,1.35,0.44,0.9583333333333334,143.65,76.238,1.57,0.9671999999999998,0.16,0.35,0.18999999999999997,-0.79,-0.74,0.050000000000000044,0.13,0.21,0.07999999999999999,-2.32,-30.53,-28.21,-119.25,59.42,178.67000000000002,55.62,-65.42,-121.03999999999999,normal_084.csv,0,normal
25,2.4700000286102295,0.1476,0.2425949985744416,0.66,-0.18,0.8400000000000001,0.09,-0.9244,0.3423701700401677,-0.39,-1.56,1.17,-0.91,0.13879999999999998,0.22807747221795782,0.55,-0.39,0.9400000000000001,0.13,-7.8288,73.02730444384028,141.77,-143.15,284.92,-10.79,1.5380000000000005,53.36883914482933,112.08,-97.13,209.20999999999998,-9.16,-4.0648,50.71790406421254,114.9,-102.75,217.65,-4.79,0.9904,0.3766793508188806,1.66,0.43,1.23,1.01,1.66,0.9904,0.3766793508188806,1.23,0.43,0.625,143.15,76.3588,1.56,0.9244,0.25,0.03,-0.22,-0.63,-0.56,0.06999999999999995,0.1,0.05,-0.05,-39.37,-52.78,-13.410000000000004,19.59,-49.85,-69.44,-88.08,7.08,95.16,normal_085.csv,0,normal
25,2.450000047683716,0.4764,0.397606170307588,1.4,0.03,1.3699999999999999,0.32,-0.9100000000000001,0.4054729748495371,-0.11,-1.66,1.5499999999999998,-0.85,0.07160000000000001,0.2604592098582809,0.54,-0.52,1.06,0.1,-13.6292,102.70689841810368,186.23,-194.79,381.02,-4.37,-11.358400000000001,108.49013010715153,223.92,-253.22,477.14,-3.13,-24.962000000000003,82.14973863825334,180.09,-242.03,422.12,-17.66,1.0932000000000002,0.5015203551867726,1.91,0.19,1.72,1.1,1.91,1.0932000000000002,0.5015203551867726,1.72,0.19,1.0,253.22,123.9496,1.66,0.94,0.1,0.94,0.84,-0.78,-1.66,-0.8799999999999999,0.31,0.09,-0.22,-4.37,115.77,120.14,-98.37,-96.86,1.5100000000000051,5.21,-19.36,-24.57,normal_087.csv,0,normal
25,2.4800000190734863,0.5632,0.39184095412977615,1.53,0.11,1.42,0.48,-0.6911999999999999,0.36110155542912487,-0.18,-1.64,1.46,-0.69,0.2364,0.18220592745572248,0.6,-0.14,0.74,0.23,10.5212,76.24586782901746,208.32,-107.57,315.89,6.41,-31.9204,119.58773095793174,239.01,-366.21,605.22,-47.99,-7.316400000000001,92.22876769569605,214.79,-178.87,393.65999999999997,-11.99,0.9808000000000001,0.44797618984346327,1.84,0.3,1.54,1.02,1.84,0.9808000000000001,0.44797618984346327,1.54,0.3,0.375,366.21,113.53400000000002,1.64,0.8111999999999999,0.11,0.48,0.37,-0.8,-0.83,-0.029999999999999916,0.23,0.6,0.37,7.65,-29.83,-37.48,-84.11,-29.91,54.2,32.76,51.5,18.740000000000002,normal_088.csv,0,normal
25,2.4100000858306885,0.42160000000000003,0.2752980203343279,1.07,-0.12,1.19,0.41,-0.8032,0.24648732218919495,-0.36,-1.25,0.89,-0.81,0.21720000000000003,0.18507926229951677,0.6,-0.08,0.6799999999999999,0.21,-24.069199999999995,86.13121936518334,164.05,-172.06,336.11,-50.38,29.6184,118.4205016976931,218.59,-265.66,484.25,51.24,0.5183999999999982,98.04831227002329,224.43,-256.05,480.48,5.43,0.9752000000000001,0.29243403814649666,1.49,0.56,0.9299999999999999,1.07,1.49,0.9752000000000001,0.29243403814649666,0.9299999999999999,0.56,0.16666666666666666,265.66,132.16199999999998,1.25,0.8220000000000001,0.2,0.0,-0.2,-0.6,-1.0,-0.4,-0.08,0.38,0.46,108.9,94.47,-14.430000000000007,-265.66,42.08,307.74,78.5,17.02,-61.480000000000004,normal_090.csv,0,normal
25,2.4499998092651367,0.23200000000000004,0.20816659994661327,0.8,-0.04,0.8400000000000001,0.2,-0.912,0.3337539013504811,-0.4,-1.42,1.02,-0.91,0.19080000000000003,0.11828355760628778,0.4,-0.12,0.52,0.19,1.6884000000000003,56.71341593779494,122.98,-109.91,232.89,-9.25,-41.388000000000005,47.77723394393331,40.85,-130.34,171.19,-39.37,0.31640000000000074,41.833260877759294,106.99,-60.73,167.72,-13.02,0.9796,0.3527449503536514,1.46,0.44,1.02,0.96,1.46,0.9796,0.3527449503536514,1.02,0.44,0.125,130.34,68.35520000000001,1.42,0.912,0.11,0.23,0.12000000000000001,-0.94,-1.05,-0.1100000000000001,0.19,0.28,0.09000000000000002,-28.73,-56.86,-28.13,38.23,-61.15,-99.38,-20.7,-59.63,-38.93000000000001,normal_091.csv,0,normal
25,2.3999998569488525,0.22760000000000002,0.2504376169827528,0.93,-0.11,1.04,0.19,-0.9571999999999999,0.29473886747424405,-0.52,-1.7,1.18,-0.93,0.13799999999999998,0.15561705133649933,0.45,-0.34,0.79,0.15,-12.840399999999999,65.78696194789157,140.75,-131.19,271.94,-25.22,19.512400000000003,74.45276932839145,194.09,-183.86,377.95000000000005,17.62,-10.543999999999999,65.56045676828882,126.24,-119.19,245.43,-5.19,1.0304,0.3059204689675624,1.72,0.53,1.19,1.01,1.72,1.0304,0.3059204689675624,1.19,0.53,1.0,194.09,89.7368,1.7,0.9571999999999999,0.19,0.25,0.06,-1.08,-1.7,-0.6199999999999999,-0.03,0.17,0.2,-24.08,18.64,42.72,194.09,-183.86,-377.95000000000005,17.98,34.04,16.06,normal_092.csv,0,normal
25,2.4700000286102295,0.6404,0.31065092950126516,1.28,0.24,1.04,0.53,-0.6484000000000001,0.24630062931304092,-0.32,-1.17,0.8499999999999999,-0.63,0.2308,0.1238587905640936,0.51,0.03,0.48,0.2,41.6208,74.2960924230429,178.69,-86.73,265.42,28.92,-52.02040000000001,75.90841436011338,94.03,-186.15,280.18,-41.12,22.900400000000005,35.342524254312494,102.34,-79.56,181.9,20.75,0.9636,0.3551863360735226,1.54,0.45,1.09,0.9,1.54,0.9636,0.3551863360735226,1.09,0.45,0.625,186.15,87.4436,1.28,0.7440000000000001,0.53,0.32,-0.21000000000000002,-0.79,-0.39,0.4,0.05,0.2,0.15000000000000002,178.69,-30.31,-209.0,-186.15,-23.65,162.5,48.27,35.6,-12.670000000000002,normal_093.csv,0,normal
25,3.2200000286102295,0.6628000000000001,0.4065968519307546,1.4,0.11,1.2899999999999998,0.57,-0.7064,0.2730213666852224,-0.18,-1.34,1.1600000000000001,-0.7,0.1588,0.12400672024800376,0.43,-0.21,0.64,0.15,-7.533600000000002,52.298576532572405,117.1,-97.92,215.01999999999998,-11.11,-6.0748,50.51626983127977,86.08,-91.48,177.56,-4.84,-10.948000000000002,60.67444402986593,102.34,-151.63,253.97,-6.67,1.0188,0.42047909183057686,1.73,0.34,1.39,0.98,1.73,1.0188,0.42047909183057686,1.39,0.34,0.25,151.63,72.68880000000001,1.4,0.8288,0.77,0.83,0.05999999999999994,-1.34,-0.75,0.5900000000000001,0.15,0.14,-0.009999999999999981,-11.51,12.56,24.07,-81.31,63.39,144.7,34.79,29.01,-5.779999999999998,normal_094.csv,0,normal
25,3.1500000953674316,0.58,0.2704625667259704,1.43,0.25,1.18,0.58,-0.7092000000000002,0.26705055701121466,-0.34,-1.31,0.97,-0.69,0.20199999999999999,0.14335271186831453,0.46,-0.1,0.56,0.21,0.7635999999999993,77.93277738324657,113.57,-169.74,283.31,-7.1,-14.795600000000002,70.41864461206279,160.5,-112.75,273.25,-20.31,-2.445200000000001,38.214621451306655,70.78,-72.81,143.59,-6.23,0.9660000000000001,0.33417809623013894,1.56,0.48,1.08,1.06,1.56,0.9660000000000001,0.33417809623013894,1.08,0.48,0.4166666666666667,169.74,79.2284,1.43,0.7692,0.37,0.26,-0.10999999999999999,-0.47,-0.53,-0.06000000000000005,0.11,0.21,0.09999999999999999,-69.57,56.43,126.0,54.47,-24.2,-78.67,-10.9,-44.4,-33.5,normal_095.csv,0,normal
25,3.309999942779541,0.6052000000000001,0.3411514815054059,1.5,0.15,1.35,0.51,-0.7304,0.256782657773716,-0.3,-1.37,1.07,-0.72,0.21320000000000003,0.14351887216204937,0.52,-0.08,0.6,0.19,38.5164,70.03139586880539,218.76,-83.36,302.12,46.92,-67.2924,78.25688363119673,97.94,-221.51,319.45,-72.43,20.0916,66.51849339845273,157.89,-120.66,278.54999999999995,19.16,1.0076,0.3586697645467206,1.81,0.45,1.36,0.98,1.81,1.0076,0.3586697645467206,1.36,0.45,0.875,221.51,107.17039999999999,1.5,0.8164,0.39,0.47,0.07999999999999996,-0.87,-0.67,0.19999999999999996,0.2,0.19,-0.010000000000000009,-28.53,-83.36,-54.83,-16.29,40.11,56.4,-33.7,32.95,66.65,normal_096.csv,0,normal
16,1.5499999523162842,0.701875,0.4412288710710879,1.42,0.19,1.23,0.585,-0.6812499999999999,0.27649894514566714,-0.32,-1.22,0.8999999999999999,-0.685,0.06875,0.1489462990476769,0.33,-0.18,0.51,0.065,-23.99875,60.633800790758066,86.21,-123.22,209.43,-11.33,21.24375,80.79470146612339,163.76,-135.34,299.1,32.55,6.625624999999998,61.0388786450898,124.96,-105.65,230.61,2.28,1.020625,0.45308525687777573,1.65,0.41,1.24,1.03,1.65,1.020625,0.45308525687777573,1.24,0.41,0.13333333333333333,163.76,88.43937500000001,1.42,0.8512500000000001,0.43,0.19,-0.24,-0.7,-0.39,0.30999999999999994,0.16,0.05,-0.11,-10.69,49.33,60.019999999999996,12.47,-54.5,-66.97,53.33,124.96,71.63,normal_097.csv,0,normal
25,3.1000001430511475,0.5704,0.4218064326994868,1.36,0.09,1.27,0.46,-0.7972000000000001,0.33514325295312153,-0.21,-1.32,1.11,-0.73,0.1588,0.14689338537410956,0.43,-0.12,0.55,0.14,-14.1988,58.32270643582995,124.78,-124.0,248.78,-7.02,-5.454800000000002,89.37062777743778,156.67,-198.81,355.48,-24.82,-5.7016,46.36329930379559,112.64,-139.85,252.49,-7.66,1.0348,0.4729527812935805,1.77,0.28,1.49,1.07,1.77,1.0348,0.4729527812935805,1.49,0.28,0.041666666666666664,198.81,89.34519999999999,1.36,0.862,0.46,0.33,-0.13,-1.11,-0.42,0.6900000000000002,0.31,0.1,-0.21,-61.42,-118.72,-57.3,-87.65,82.32,169.97,-26.35,8.98,35.33,normal_098.csv,0,normal
25,2.4800000190734863,0.45640000000000003,0.3283656498478487,1.21,0.04,1.17,0.38,-0.8072,0.38924628022200375,-0.36,-1.82,1.46,-0.59,0.16160000000000005,0.15550133975842995,0.45,-0.16,0.61,0.14,-1.910399999999999,47.66660531581134,129.86,-71.34,201.20000000000002,-11.05,-18.2264,78.76784442694029,120.24,-162.75,282.99,-39.56,7.5691999999999995,58.72316691618962,119.28,-118.73,238.01,2.43,0.9748,0.4613939025749401,1.88,0.39,1.4899999999999998,0.9,1.88,0.9748,0.4613939025749401,1.4899999999999998,0.39,0.625,162.75,79.5124,1.82,0.8219999999999998,0.16,0.18,0.01999999999999999,-0.44,-0.58,-0.13999999999999996,0.13,0.17,0.04000000000000001,-18.72,-32.32,-13.600000000000001,56.85,16.84,-40.010000000000005,-15.16,-15.65,-0.4900000000000002,normal_099.csv,0,normal
25,2.4799997806549072,-0.008000000000000002,0.07831560082980488,0.14,-0.16,0.30000000000000004,-0.03,-0.8423999999999999,0.1254418856150794,-0.54,-1.16,0.6199999999999999,-0.83,0.4316,0.11735558501125258,0.69,0.18,0.51,0.41,-9.118400000000001,33.585085067630835,41.59,-85.66,127.25,-16.67,-12.5176,62.39525698320345,147.31,-137.76,285.07,-19.3,0.21160000000000026,39.86601389655103,77.89,-78.98,156.87,7.66,0.9568000000000001,0.13287588193498476,1.3,0.57,0.7300000000000001,0.96,1.3,0.9568000000000001,0.13287588193498476,0.7300000000000001,0.57,0.5833333333333334,147.31,63.29639999999999,1.16,0.8423999999999999,-0.05,0.13,0.18,-0.79,-0.79,0.0,0.55,0.28,-0.27,-40.2,-50.09,-9.89,-74.31,-25.7,48.61,12.88,50.0,37.12,normal_100.csv,0,normal
25,2.4800000190734863,-0.061599999999999995,0.11286717857729943,0.13,-0.31,0.44,-0.07,-0.8747999999999999,0.16588449796972188,-0.48,-1.23,0.75,-0.91,0.3984,0.12876593752490084,0.79,0.19,0.6000000000000001,0.39,-6.394400000000001,37.47765857592138,58.56,-105.1,163.66,-3.74,-18.0852,44.08282215708669,85.4,-133.56,218.96,-14.81,-1.0167999999999997,37.44726511153162,63.17,-60.95,124.12,5.14,0.9772,0.17254274832632058,1.47,0.63,0.84,0.96,1.47,0.9772,0.17254274832632058,0.84,0.63,0.7916666666666666,133.56,52.382799999999996,1.23,0.8756,-0.0,-0.15,-0.15,-0.77,-0.96,-0.18999999999999995,0.37,0.53,0.16000000000000003,22.82,-54.76,-77.58,-44.81,35.91,80.72,27.25,-43.48,-70.72999999999999,normal_101.csv,0,normal
25,2.4499998092651367,-0.07840000000000001,0.1052647456020612,0.1,-0.36,0.45999999999999996,-0.09,-0.8860000000000001,0.13095800853708794,-0.64,-1.12,0.4800000000000001,-0.89,0.33160000000000006,0.11621388327849073,0.58,0.11,0.47,0.36,-9.056799999999999,43.27885961220944,95.48,-98.86,194.34,-19.3,-9.986800000000002,93.7691471433968,206.79,-189.82,396.61,-12.84,-2.5112,46.03018405713074,100.23,-113.5,213.73000000000002,0.27,0.9600000000000002,0.14600228308717184,1.23,0.65,0.58,0.97,1.23,0.9600000000000002,0.14600228308717184,0.58,0.65,0.9583333333333334,206.79,84.05519999999999,1.12,0.8860000000000001,-0.16,-0.1,0.06,-0.87,-0.66,0.20999999999999996,0.39,0.15,-0.24000000000000002,-0.89,95.48,96.37,4.56,-12.84,-17.4,-2.29,-97.47,-95.17999999999999,normal_102.csv,0,normal
25,2.4000000953674316,-0.166,0.13808210118138653,0.07,-0.48,0.55,-0.15,-0.8596,0.16336258241510915,-0.44,-1.05,0.6100000000000001,-0.93,0.4108,0.1596590116466966,0.75,0.15,0.6,0.36,9.1788,41.9379667207015,73.47,-92.9,166.37,20.85,41.18599999999999,50.31839201524628,164.99,-37.48,202.47,41.74,-30.741600000000002,25.55338067653671,36.01,-76.38,112.38999999999999,-36.5,0.9808,0.206375870682597,1.3,0.56,0.74,1.02,1.3,0.9808,0.206375870682597,0.74,0.56,0.8333333333333334,164.99,63.6408,1.05,0.8596,-0.19,-0.03,0.16,-0.93,-0.94,-0.009999999999999898,0.28,0.39,0.10999999999999999,8.85,69.91,61.059999999999995,86.75,41.74,-45.01,-36.5,-40.34,-3.8400000000000034,normal_103.csv,0,normal
15,1.4399998188018799,-0.13799999999999998,0.17138928121176572,0.13,-0.48,0.61,-0.07,-0.7973333333333333,0.12273471197590974,-0.5,-0.98,0.48,-0.82,0.5593333333333333,0.1564547705827318,0.86,0.33,0.53,0.55,-4.924666666666667,53.95250806650852,86.55,-88.98,175.53,-2.69,24.981333333333335,47.0988502842186,113.89,-46.0,159.89,22.98,-33.532,48.282365044451936,22.5,-141.76,164.26,-16.87,1.006,0.15481786534044262,1.27,0.72,0.55,1.05,1.27,1.006,0.15481786534044262,0.55,0.72,1.0,141.76,73.02666666666667,0.98,0.8053333333333335,-0.12,-0.44,-0.32,-0.93,-0.98,-0.04999999999999993,0.54,0.67,0.13,-13.56,-44.63,-31.07,40.38,22.98,-17.400000000000002,-48.21,-21.24,26.970000000000002,normal_104.csv,0,normal
25,2.380000114440918,-0.1624,0.18063037765927784,0.2,-0.45,0.65,-0.08,-0.8231999999999999,0.12562245022288016,-0.61,-1.13,0.5199999999999999,-0.8,0.43519999999999986,0.12890952899869995,0.69,0.2,0.48999999999999994,0.41,3.6256000000000004,37.631531224936005,65.95,-51.39,117.34,8.81,24.6692,95.74783787463123,210.63,-185.79,396.41999999999996,21.91,-43.3496,57.382027781643735,96.93,-120.66,217.59,-47.74,0.9692000000000001,0.1331953452640144,1.27,0.74,0.53,0.98,1.27,0.9692000000000001,0.1331953452640144,0.53,0.74,0.9166666666666666,210.63,92.6992,1.13,0.8231999999999999,-0.3,0.2,0.5,-0.74,-0.61,0.13,0.55,0.37,-0.18000000000000005,65.95,-32.75,-98.7,210.63,-128.69,-339.32,-98.44,96.93,195.37,normal_105.csv,0,normal
25,2.4499998092651367,-0.11320000000000002,0.1425283597510802,0.16,-0.41,0.57,-0.09,-0.884,0.13756816492197604,-0.52,-1.1,0.5800000000000001,-0.92,0.3428000000000001,0.11189727431890376,0.57,0.18,0.38999999999999996,0.34,6.679600000000002,40.16201464900219,88.15,-59.94,148.09,3.22,28.101999999999997,79.96079862449265,197.88,-74.43,272.31,2.38,-16.56,40.15084681547825,50.56,-105.41,155.97,-8.17,0.9676,0.15226840337596856,1.23,0.6,0.63,0.98,1.23,0.9676,0.15226840337596856,0.63,0.6,0.75,197.88,72.30760000000001,1.1,0.884,-0.08,-0.22,-0.14,-0.91,-0.89,0.020000000000000018,0.21,0.47,0.26,-5.19,11.21,16.400000000000002,-26.46,197.88,224.34,-8.17,-105.41,-97.24,normal_106.csv,0,normal
25,2.4800000190734863,-0.1012,0.14920120642943877,0.15,-0.45,0.6,-0.07,-0.8960000000000001,0.1575330653122279,-0.56,-1.08,0.52,-0.94,0.3552,0.14204224723651762,0.61,0.1,0.51,0.33,-6.3591999999999995,37.68649016557525,85.3,-86.64,171.94,-4.82,-15.991599999999998,64.93771013312168,140.4,-98.37,238.77,-22.06,6.153599999999999,36.71399175609575,96.53,-53.86,150.39,1.91,0.9848000000000002,0.19050634285153517,1.25,0.6,0.65,1.03,1.25,0.9848000000000002,0.19050634285153517,0.65,0.6,0.9166666666666666,140.4,64.4396,1.08,0.8960000000000001,0.04,-0.23,-0.27,-0.84,-1.05,-0.21000000000000008,0.25,0.46,0.21000000000000002,23.25,-33.86,-57.11,-70.24,-70.53,-0.29000000000000625,37.07,23.57,-13.5,normal_107.csv,0,normal
25,2.429999828338623,-0.18600000000000003,0.18200274723201296,0.05,-0.68,0.7300000000000001,-0.13,-0.8844000000000001,0.15403138208386843,-0.58,-1.14,0.5599999999999999,-0.92,0.35600000000000004,0.18560711193270582,0.7,0.02,0.6799999999999999,0.35,1.5296000000000014,41.09129525418573,113.59,-70.05,183.64,-0.58,8.95,59.82516819867705,164.78,-117.76,282.54,-2.26,-8.890400000000001,41.802845246067484,99.94,-96.18,196.12,-15.5,0.9936,0.21931484217900074,1.5,0.59,0.91,1.0,1.5,0.9936,0.21931484217900074,0.91,0.59,0.9166666666666666,164.78,57.562400000000004,1.14,0.8844000000000001,-0.11,-0.36,-0.25,-0.92,-0.84,0.08000000000000007,0.27,0.63,0.36,12.81,113.59,100.78,-23.88,110.7,134.58,-25.19,-47.51,-22.319999999999997,normal_108.csv,0,normal
25,2.4100000858306885,-0.03559999999999999,0.1619948558854056,0.27,-0.44,0.71,-0.02,-0.9152000000000001,0.1724364617281778,-0.5,-1.2,0.7,-0.94,0.2868,0.13492961127936298,0.57,0.07,0.49999999999999994,0.24,-4.018,41.41740827639187,89.86,-66.9,156.76,-1.91,-0.3547999999999988,87.31808304125784,124.41,-172.63,297.03999999999996,-12.78,-7.1808000000000005,40.69437869861963,79.07,-84.05,163.12,1.28,0.98,0.18241436346954698,1.33,0.61,0.7200000000000001,1.0,1.33,0.98,0.18241436346954698,0.7200000000000001,0.61,0.625,172.63,78.4608,1.2,0.9152000000000001,-0.22,0.14,0.36,-0.95,-0.75,0.19999999999999996,0.33,0.24,-0.09000000000000002,-10.2,15.5,25.7,122.17,-46.21,-168.38,-84.05,2.15,86.2,normal_109.csv,0,normal
25,2.4000000953674316,-0.07039999999999999,0.13330666399946653,0.15,-0.3,0.44999999999999996,-0.02,-0.8704000000000001,0.13550768735881127,-0.62,-1.11,0.4900000000000001,-0.87,0.3712,0.10513166348282836,0.63,0.21,0.42000000000000004,0.34,1.1591999999999991,39.04812702721263,93.69,-60.46,154.15,4.52,-9.7404,48.422376583558965,92.99,-142.86,235.85000000000002,-5.18,-5.929599999999999,49.210576647708564,145.91,-89.25,235.16,-14.11,0.9620000000000001,0.14071247279470286,1.26,0.72,0.54,0.97,1.26,0.9620000000000001,0.14071247279470286,0.54,0.72,0.5833333333333334,145.91,58.281600000000005,1.11,0.8704000000000001,-0.14,0.1,0.24000000000000002,-0.82,-0.69,0.13,0.33,0.32,-0.010000000000000009,44.99,-56.05,-101.03999999999999,-61.99,-26.08,35.910000000000004,-24.76,145.91,170.67,normal_110.csv,0,normal
25,2.490000009536743,-0.1348,0.1506408532459461,0.15,-0.42,0.57,-0.14,-0.8208,0.13958032335063086,-0.52,-1.05,0.53,-0.85,0.4568,0.173774758427876,0.84,0.16,0.6799999999999999,0.41,6.301199999999999,47.34147902210069,99.21,-71.04,170.25,1.53,29.016800000000003,97.70682280509722,194.78,-137.39,332.16999999999996,22.0,-33.8036,69.37537020201526,96.55,-147.01,243.56,-19.41,0.972,0.1682012683265696,1.23,0.61,0.62,0.98,1.23,0.972,0.1682012683265696,0.62,0.61,0.875,194.78,95.11400000000002,1.05,0.8271999999999999,-0.34,-0.2,0.14,-0.77,-1.05,-0.28,0.31,0.35,0.03999999999999998,99.21,-33.36,-132.57,167.97,-16.79,-184.76,-147.01,-48.32,98.69,normal_111.csv,0,normal
25,2.4800000190734863,-0.08439999999999999,0.12977801560099975,0.27,-0.28,0.55,-0.07,-0.8744000000000001,0.10832358930537707,-0.58,-1.09,0.5100000000000001,-0.88,0.36119999999999997,0.1482486649743149,0.85,0.13,0.72,0.32,-4.174800000000001,37.98355489770101,75.37,-92.93,168.3,-10.5,-33.106,60.77731381856227,70.01,-172.06,242.07,-31.33,-0.19480000000000047,52.138447835226806,112.9,-120.4,233.3,-5.13,0.9672,0.1269356792500307,1.27,0.7,0.5700000000000001,0.98,1.27,0.9672,0.1269356792500307,0.5700000000000001,0.7,0.8333333333333334,172.06,69.30120000000001,1.09,0.8744000000000001,-0.28,-0.07,0.21000000000000002,-0.86,-0.94,-0.07999999999999996,0.36,0.42,0.06,6.18,-12.49,-18.67,20.73,24.5,3.7699999999999996,-35.44,-8.43,27.009999999999998,normal_112.csv,0,normal
25,2.369999885559082,-0.132,0.17958284996067972,0.15,-0.56,0.7100000000000001,-0.11,-0.8652,0.1729431505823036,-0.48,-1.16,0.6799999999999999,-0.87,0.3716,0.165546569480212,0.7,0.0,0.7,0.34,-1.2707999999999993,58.98601514483468,81.65,-101.6,183.25,1.6,38.142799999999994,75.19298197083732,161.71,-163.33,325.04,48.53,-34.506,53.87534508783524,70.0,-129.39,199.39,-28.02,0.976,0.1952135582723017,1.26,0.52,0.74,0.97,1.26,0.976,0.1952135582723017,0.74,0.52,0.4583333333333333,163.33,87.368,1.16,0.8652,-0.28,0.09,0.37,-0.87,-0.87,0.0,0.32,0.18,-0.14,24.26,43.19,18.929999999999996,70.7,8.66,-62.040000000000006,-106.87,-39.97,66.9,normal_113.csv,0,normal
25,2.4700000286102295,-0.114,0.1326021618727739,0.07,-0.42,0.49,-0.08,-0.8244000000000001,0.14465706573364007,-0.59,-1.15,0.5599999999999999,-0.82,0.452,0.14997221964972937,0.74,0.12,0.62,0.43,-2.765199999999999,49.80106927566917,102.41,-123.27,225.68,6.14,-2.9947999999999992,99.30533781054605,176.38,-190.93,367.31,-12.98,-6.7360000000000015,63.26971313353649,111.3,-159.37,270.67,2.12,0.9643999999999999,0.16279025359850838,1.33,0.65,0.68,0.95,1.33,0.9643999999999999,0.16279025359850838,0.68,0.65,0.16666666666666666,190.93,98.99599999999998,1.15,0.8304,0.06,-0.03,-0.09,-0.8,-0.69,0.1100000000000001,0.42,0.4,-0.019999999999999962,13.5,-79.24,-92.74,-125.68,-14.89,110.79,58.5,69.05,10.549999999999997,normal_114.csv,0,normal
25,2.490000009536743,-0.13119999999999998,0.15856964820965372,0.14,-0.41,0.55,-0.16,-0.8232,0.13186862148871253,-0.42,-1.02,0.6000000000000001,-0.83,0.4548,0.1319760079206318,0.8,0.22,0.5800000000000001,0.43,-18.841600000000003,38.24047045561373,70.12,-87.76,157.88,-19.1,-62.71280000000001,59.610730334395335,63.33,-138.58,201.91000000000003,-64.96,34.7404,49.378070662322706,88.64,-73.86,162.5,57.37,0.9712000000000001,0.151033108952971,1.32,0.58,0.7400000000000001,1.0,1.32,0.9712000000000001,0.151033108952971,0.7400000000000001,0.58,0.5,138.58,88.27,1.02,0.8232,0.12,0.02,-0.09999999999999999,-0.74,-0.92,-0.18000000000000005,0.52,0.58,0.05999999999999994,1.98,-27.85,-29.830000000000002,-37.16,-99.51,-62.35000000000001,57.37,-13.13,-70.5,normal_115.csv,0,normal
16,1.5499999523162842,-0.09562499999999999,0.1253777625152616,0.04,-0.42,0.45999999999999996,-0.08,-0.85375,0.16003645418049814,-0.58,-1.12,0.5400000000000001,-0.875,0.330625,0.14507325735641285,0.54,0.06,0.48000000000000004,0.33499999999999996,-21.230625,53.01422720600575,91.34,-97.98,189.32,-28.465,-52.13250000000001,112.97176871531518,140.32,-233.16,373.48,-54.16,13.162499999999998,64.971654075707,143.66,-93.42,237.07999999999998,5.065,0.936875,0.15789104893353942,1.21,0.67,0.5399999999999999,0.97,1.21,0.936875,0.15789104893353942,0.5399999999999999,0.67,0.8,233.16,116.599375,1.12,0.85375,0.04,-0.16,-0.2,-0.92,-0.7,0.22000000000000008,0.53,0.23,-0.30000000000000004,-65.56,-21.62,43.94,-140.67,-132.32,8.349999999999994,63.65,-17.77,-81.42,normal_116.csv,0,normal
25,2.4700000286102295,-0.228,0.07905694150420949,-0.11,-0.43,0.32,-0.22,-0.8475999999999999,0.12292545166346418,-0.6,-1.21,0.61,-0.86,0.38160000000000005,0.10362914647916385,0.68,0.22,0.4600000000000001,0.39,7.543600000000001,42.95308534513751,86.67,-90.86,177.53,14.99,15.9088,74.57695730585957,149.86,-92.08,241.94,29.83,-29.2008,44.37997689649391,55.95,-120.75,176.7,-42.31,0.9652,0.11979565935375122,1.34,0.73,0.6100000000000001,0.97,1.34,0.9652,0.11979565935375122,0.6100000000000001,0.73,0.5833333333333334,149.86,78.8112,1.21,0.8475999999999999,-0.15,-0.2,-0.05000000000000002,-0.84,-0.68,0.15999999999999992,0.39,0.38,-0.010000000000000009,33.28,-90.86,-124.14,-1.73,70.06,71.79,-14.23,-42.31,-28.080000000000002,normal_117.csv,0,normal
18,1.75,-0.16833333333333333,0.1015902959701079,-0.05,-0.46,0.41000000000000003,-0.135,-0.8411111111111111,0.11811703512587887,-0.62,-1.05,0.43000000000000005,-0.845,0.4538888888888888,0.11677725850770415,0.67,0.25,0.42000000000000004,0.44,5.3633333333333315,34.55392886489176,76.66,-78.53,155.19,5.0600000000000005,72.24666666666667,46.07943384558247,130.06,-32.75,162.81,82.83500000000001,-50.91722222222223,29.981969445486154,0.18,-116.83,117.01,-44.864999999999995,0.9783333333333333,0.15123997292966138,1.25,0.71,0.54,0.985,1.25,0.9783333333333333,0.15123997292966138,0.54,0.71,0.29411764705882354,130.06,89.61333333333333,1.05,0.8411111111111111,-0.12,-0.21,-0.09,-0.8,-1.01,-0.20999999999999996,0.25,0.62,0.37,14.14,-19.42,-33.56,82.69,121.57,38.879999999999995,-43.97,-33.88,10.089999999999996,normal_118.csv,0,normal
25,2.4800000190734863,-0.0304,0.11024518130059019,0.14,-0.31,0.45,-0.02,-0.8715999999999999,0.14343058716094464,-0.57,-1.06,0.4900000000000001,-0.91,0.37800000000000006,0.11807483502705673,0.65,0.13,0.52,0.35,-10.93,54.84355902625819,71.22,-108.31,179.53,-10.46,-41.553999999999995,83.11904244315298,144.47,-239.3,383.77,-47.66,10.9192,48.698613765349286,92.67,-95.88,188.55,14.63,0.9620000000000001,0.15898113095584648,1.21,0.62,0.59,0.99,1.21,0.9620000000000001,0.15898113095584648,0.59,0.62,0.375,239.3,92.0244,1.06,0.8715999999999999,0.06,0.09,0.03,-0.75,-0.74,0.010000000000000009,0.32,0.31,-0.010000000000000009,-0.73,-24.43,-23.7,-48.09,-80.53,-32.44,34.56,88.34,53.78,normal_119.csv,0,normal
25,2.4800000190734863,-0.10800000000000001,0.30317761570846,0.56,-0.87,1.4300000000000002,-0.07,-0.8568000000000001,0.35830294444785127,-0.14,-1.53,1.3900000000000001,-0.83,0.3924,0.21775904114410496,0.84,0.01,0.83,0.4,-0.14079999999999984,69.39823202118816,110.63,-120.06,230.69,-9.31,22.137200000000004,130.8286564085509,246.95,-296.38,543.3299999999999,18.9,-27.054800000000004,79.84799935502456,146.09,-151.89,297.98,-31.66,1.0055999999999998,0.3874282729314765,1.92,0.39,1.5299999999999998,0.96,1.92,1.0055999999999998,0.3874282729314765,1.5299999999999998,0.39,0.9166666666666666,296.38,122.7632,1.53,0.868,-0.3,0.13,0.43,-0.73,-0.51,0.21999999999999997,0.16,0.4,0.24000000000000002,49.5,-13.89,-63.39,97.59,2.75,-94.84,-132.55,-52.69,79.86000000000001,normal_121.csv,0,normal
25,2.4799997806549072,-0.11200000000000002,0.1825970061821022,0.18,-0.56,0.74,-0.08,-0.8564,0.2380280095562985,-0.45,-1.43,0.98,-0.84,0.3532,0.24248230175966795,0.76,-0.15,0.91,0.41,-13.251199999999999,53.7856851556868,133.1,-121.05,254.14999999999998,-15.45,-61.3612,123.90099244020068,260.47,-285.1,545.57,-44.23,23.600800000000003,82.82343694671616,137.22,-136.46,273.68,59.07,0.9748,0.25641957803568743,1.7,0.6,1.1,0.96,1.7,0.9748,0.25641957803568743,1.1,0.6,0.625,285.1,136.1016,1.43,0.8568000000000001,-0.04,0.05,0.09,-0.84,-0.59,0.25,0.5,0.16,-0.33999999999999997,11.8,-17.85,-29.650000000000002,-171.13,-44.23,126.9,100.82,-85.66,-186.48,normal_122.csv,0,normal
25,2.4800000190734863,4.440892098500626e-18,0.23883397301612402,0.47,-0.58,1.0499999999999998,0.04,-0.9648,0.25803940267589626,-0.5,-1.57,1.07,-0.97,0.17559999999999998,0.20754678187499478,0.85,-0.05,0.9,0.13,10.2904,47.64756722366141,104.53,-87.42,191.95,9.69,20.292800000000003,143.60473586433932,268.32,-254.89,523.21,55.66,3.9439999999999986,58.42936868561905,166.23,-108.81,275.03999999999996,-2.38,1.0204,0.290953604548904,1.76,0.53,1.23,0.99,1.76,1.0204,0.290953604548904,1.23,0.53,0.6666666666666666,268.32,129.90239999999997,1.57,0.9648,0.04,-0.38,-0.42,-0.97,-1.1,-0.13000000000000012,0.18,0.35,0.16999999999999998,64.7,99.47,34.769999999999996,150.14,65.62,-84.51999999999998,-26.7,-48.18,-21.48,normal_123.csv,0,normal
25,3.3400001525878906,-0.07800000000000001,0.15016657417681206,0.2,-0.37,0.5700000000000001,-0.09,-0.9292,0.18511077764409073,-0.65,-1.53,0.88,-0.89,0.2676,0.21710750025429032,1.07,0.02,1.05,0.23,-27.637600000000003,35.5604265394366,61.18,-91.71,152.89,-33.66,-108.7208,56.37445778896681,-20.46,-224.57,204.10999999999999,-108.55,17.994,28.072768388600366,73.1,-26.73,99.83,13.22,0.992,0.24336187047275915,1.9,0.65,1.25,0.94,1.9,0.992,0.24336187047275915,1.25,0.65,0.08333333333333333,224.57,110.41239999999999,1.53,0.9292,0.09,-0.13,-0.22,-0.65,-0.99,-0.33999999999999997,0.09,0.13,0.04000000000000001,61.18,-22.27,-83.45,-29.88,-40.98,-11.099999999999998,2.29,1.5,-0.79,normal_124.csv,0,normal
20,1.9800000190734863,-0.1025,0.1498727530449186,0.08,-0.44,0.52,-0.09,-0.954,0.18181540667738577,-0.69,-1.35,0.6600000000000001,-0.9,0.07100000000000001,0.1328988535058068,0.5,-0.11,0.61,0.06,-12.487999999999998,32.24835901169807,41.91,-66.52,108.42999999999999,-8.48,20.223000000000003,82.33221158338046,160.63,-134.66,295.28999999999996,20.55,-3.9730000000000003,41.74782592511476,107.88,-92.02,199.89999999999998,-11.065000000000001,0.978,0.2092744357863239,1.49,0.7,0.79,0.92,1.49,0.978,0.2092744357863239,0.79,0.7,0.3157894736842105,160.63,76.96849999999999,1.35,0.954,-0.05,-0.23,-0.18,-0.92,-0.89,0.030000000000000027,0.04,0.1,0.060000000000000005,-66.52,-59.91,6.609999999999999,5.05,85.89,80.84,-10.92,-92.02,-81.1,normal_125.csv,0,normal
25,2.4000000953674316,-0.053200000000000004,0.1002796090937734,0.12,-0.3,0.42,-0.03,-0.9655999999999999,0.1013278507288758,-0.81,-1.13,0.31999999999999984,-0.96,0.11639999999999999,0.08976264999059093,0.32,-0.07,0.39,0.13,-9.1348,27.992327389244835,43.05,-69.47,112.52,-5.25,-7.2476,53.23491298637264,79.54,-132.09,211.63,11.48,-9.4132,24.51145101784062,29.91,-75.01,104.92,-6.57,0.9848,0.10099999999999999,1.14,0.85,0.2899999999999999,0.97,1.14,0.9848,0.10099999999999999,0.2899999999999999,0.85,0.5833333333333334,132.09,53.5036,1.13,0.9655999999999999,0.01,0.12,0.11,-1.0,-0.81,0.18999999999999995,0.32,0.21,-0.11000000000000001,-20.64,9.74,30.380000000000003,12.55,-132.09,-144.64000000000001,-8.92,19.48,28.4,normal_126.csv,0,normal
16,1.5499999523162842,-0.04625,0.09625487000666512,0.06,-0.32,0.38,-0.030000000000000002,-0.9668749999999999,0.08459462157844318,-0.84,-1.1,0.2600000000000001,-0.9550000000000001,0.14875,0.11848347282778866,0.37,-0.0,0.37,0.12,-6.876250000000001,21.230058839610724,38.06,-44.76,82.82,-3.91,-48.89812499999999,48.75037903698801,21.39,-140.73,162.12,-44.845,5.131875000000001,25.79086122867297,47.21,-49.47,96.68,10.594999999999999,0.99,0.09763879010584542,1.18,0.84,0.33999999999999997,0.99,1.18,0.99,0.09763879010584542,0.33999999999999997,0.84,0.3333333333333333,140.73,60.035624999999996,1.1,0.9668749999999999,-0.09,0.02,0.11,-1.02,-0.84,0.18000000000000005,0.29,0.03,-0.26,-17.22,-0.14,17.08,-57.62,-82.0,-24.380000000000003,31.4,33.62,2.219999999999999,normal_127.csv,0,normal
25,2.4800000190734863,-0.08280000000000001,0.11678042073338608,0.09,-0.38,0.47,-0.08,-0.9528,0.1335889216963742,-0.67,-1.3,0.63,-0.95,0.1432,0.08620324819866129,0.33,-0.01,0.34,0.14,-5.478399999999999,43.333420385809994,68.96,-123.79,192.75,-10.4,7.1564,47.410175321337924,110.49,-66.66,177.14999999999998,1.79,-5.5964,26.86884547823619,49.95,-64.83,114.78,-5.45,0.9783999999999999,0.14305243793798134,1.32,0.68,0.64,0.98,1.32,0.9783999999999999,0.14305243793798134,0.64,0.68,0.8333333333333334,123.79,53.142799999999994,1.3,0.9528,-0.03,0.09,0.12,-0.91,-0.8,0.10999999999999999,0.14,0.02,-0.12000000000000001,-10.4,56.11,66.51,24.55,-16.35,-40.900000000000006,-29.48,-21.63,7.850000000000001,normal_128.csv,0,normal
17,1.6600000858306885,-0.15294117647058825,0.12819734327796897,-0.0,-0.47,0.47,-0.1,-0.9617647058823531,0.12269042821862915,-0.72,-1.16,0.43999999999999995,-0.93,0.15941176470588236,0.10573969147364284,0.32,-0.04,0.36,0.15,4.5,55.774087621403545,122.72,-66.38,189.1,-21.97,-3.534117647058824,68.47207177554432,92.99,-96.61,189.6,-16.38,-5.034117647058824,32.79362343863962,52.5,-65.91,118.41,-1.42,0.9947058823529412,0.14577884135990138,1.26,0.72,0.54,0.98,1.26,0.9947058823529412,0.14577884135990138,0.54,0.72,0.0,122.72,74.32764705882354,1.16,0.9617647058823531,-0.47,-0.27,0.19999999999999996,-1.13,-1.02,0.10999999999999988,0.32,0.28,-0.03999999999999998,-53.98,-32.43,21.549999999999997,58.9,-32.43,-91.33,52.5,-59.44,-111.94,normal_129.csv,0,normal
25,2.450000047683716,-0.033600000000000005,0.10823893322953006,0.21,-0.34,0.55,-0.03,-0.9768000000000001,0.12051002724531544,-0.69,-1.15,0.45999999999999996,-1.01,0.0632,0.08787870428418176,0.19,-0.14,0.33,0.1,-13.201999999999998,38.966921548924034,60.81,-95.13,155.94,-16.38,-18.8364,56.98376705109388,142.14,-143.88,286.02,-27.05,-3.3627999999999996,19.59900646291371,29.14,-40.25,69.39,-1.76,0.9896,0.12060541723598764,1.21,0.71,0.5,1.02,1.21,0.9896,0.12060541723598764,0.5,0.71,0.7083333333333334,143.88,57.3424,1.15,0.9768000000000001,0.03,0.09,0.06,-1.03,-0.69,0.3400000000000001,0.08,0.1,0.020000000000000004,15.57,24.87,9.3,-42.4,-143.88,-101.47999999999999,3.66,-17.27,-20.93,normal_130.csv,0,normal
25,3.0899999141693115,-0.05080000000000001,0.07482869324886901,0.13,-0.2,0.33,-0.06,-0.9895999999999999,0.1623134827014277,-0.67,-1.31,0.64,-0.97,0.0764,0.13456349182944582,0.53,-0.11,0.64,0.07,-4.935599999999998,36.13463736269306,63.53,-79.56,143.09,-16.73,-58.55480000000001,91.76011429809796,65.59,-267.41,333.0,-30.78,5.298000000000001,34.01527671502909,81.89,-46.79,128.68,2.14,1.004,0.17139136501002608,1.42,0.68,0.7399999999999999,0.99,1.42,1.004,0.17139136501002608,0.7399999999999999,0.68,1.0,267.41,83.71440000000001,1.31,0.9895999999999999,-0.07,-0.07,0.0,-1.09,-1.31,-0.21999999999999997,0.0,0.53,0.53,-34.64,57.77,92.41,-52.89,-219.41,-166.51999999999998,64.03,81.89,17.86,normal_131.csv,0,normal
25,2.4800000190734863,-0.09360000000000002,0.14918891826584618,0.18,-0.45,0.63,-0.07,-0.9516000000000001,0.15813180156649917,-0.59,-1.2,0.61,-0.97,0.1548,0.15270123335018176,0.49,-0.17,0.66,0.15,-10.020800000000001,41.70396593051233,53.16,-115.59,168.75,-8.5,-91.0552,134.39814483218632,167.71,-281.33,449.03999999999996,-111.79,12.973999999999998,46.0589515367715,108.58,-70.32,178.89999999999998,6.58,0.9884,0.17057940477482425,1.29,0.6,0.6900000000000001,0.98,1.29,0.9884,0.17057940477482425,0.6900000000000001,0.6,0.5,281.33,143.342,1.2,0.9516000000000001,-0.06,-0.06,0.0,-0.89,-0.69,0.20000000000000007,0.22,0.23,0.010000000000000009,-36.03,-115.59,-79.56,-272.46,-101.82,170.64,4.21,108.58,104.37,normal_132.csv,0,normal
25,2.4800000190734863,-0.1928,0.14718242648722255,0.07,-0.4,0.47000000000000003,-0.19,-0.8084,0.11624973118248488,-0.55,-0.99,0.43999999999999995,-0.81,0.45520000000000005,0.1622528890343713,0.93,0.24,0.6900000000000001,0.44,-7.216,47.217589854488196,79.14,-88.11,167.25,-7.42,-8.042,81.09960717126398,121.77,-145.08,266.85,16.21,-16.548,59.47584958059308,70.56,-121.86,192.42000000000002,-8.47,0.9668000000000001,0.15385924303293144,1.39,0.66,0.7299999999999999,0.98,1.39,0.9668000000000001,0.15385924303293144,0.7299999999999999,0.66,0.7916666666666666,145.08,86.76280000000001,0.99,0.8084,-0.38,-0.28,0.09999999999999998,-0.82,-0.93,-0.1100000000000001,0.27,0.26,-0.010000000000000009,41.04,-61.51,-102.55,47.07,-44.17,-91.24000000000001,-95.96,-3.83,92.13,normal_133.csv,0,normal
25,2.490000009536743,-0.2612,0.13562571044360774,0.04,-0.57,0.61,-0.27,-0.7971999999999998,0.13217791040866098,-0.5,-0.98,0.48,-0.83,0.45559999999999995,0.15636708946151892,0.75,0.14,0.61,0.48,8.4952,61.412927257486544,106.23,-123.22,229.45,16.24,5.3576,58.60601947752466,128.58,-100.9,229.48000000000002,8.32,-8.86,36.69020498261991,73.54,-60.83,134.37,-13.6,0.9700000000000002,0.17561795656101534,1.23,0.54,0.69,0.97,1.23,0.9700000000000002,0.17561795656101534,0.69,0.54,0.25,128.58,66.8676,0.98,0.7971999999999998,-0.37,-0.21,0.16,-0.83,-0.84,-0.010000000000000009,0.31,0.35,0.03999999999999998,16.12,50.38,34.260000000000005,26.47,40.12,13.649999999999999,-4.61,-34.96,-30.35,normal_134.csv,0,normal
15,1.440000057220459,-0.272,0.1533995716142277,-0.07,-0.61,0.54,-0.25,-0.8,0.13271882200458876,-0.56,-1.01,0.44999999999999996,-0.82,0.484,0.1549562150138825,0.74,0.23,0.51,0.51,-4.081999999999999,52.803026726018,56.79,-101.4,158.19,8.73,26.711333333333336,42.35516259082519,109.3,-61.59,170.89,33.94,-34.815333333333335,24.899467827550815,-1.53,-95.63,94.1,-31.96,0.9873333333333333,0.18990473802359312,1.23,0.69,0.54,1.05,1.23,0.9873333333333333,0.18990473802359312,0.54,0.69,0.14285714285714285,109.3,62.660666666666664,1.01,0.8,-0.25,-0.27,-0.020000000000000018,-0.88,-0.95,-0.06999999999999995,0.52,0.56,0.040000000000000036,-27.5,-101.4,-73.9,63.21,109.3,46.089999999999996,-31.96,-42.66,-10.699999999999996,normal_135.csv,0,normal
25,2.4700000286102295,-0.242,0.2006240264773888,0.07,-0.58,0.6499999999999999,-0.23,-0.8320000000000001,0.10428326807307103,-0.6,-1.0,0.4,-0.83,0.3732,0.14305360300717118,0.67,0.18,0.49000000000000005,0.38,12.993200000000003,65.25438546692986,129.33,-139.51,268.84000000000003,32.46,26.3492,94.05159882213593,179.5,-160.69,340.19,16.76,-26.976399999999998,58.79496817188809,67.69,-116.41,184.1,-20.11,0.9688000000000001,0.1397712416772492,1.18,0.67,0.5099999999999999,0.97,1.18,0.9688000000000001,0.1397712416772492,0.5099999999999999,0.67,0.25,179.5,100.94120000000001,1.0,0.8320000000000001,-0.44,-0.06,0.38,-0.82,-0.74,0.07999999999999996,0.23,0.18,-0.05000000000000002,74.98,-44.81,-119.79,107.82,-130.31,-238.13,-20.11,26.58,46.69,normal_136.csv,0,normal
20,1.9599997997283936,-0.126,0.09287229488870583,-0.01,-0.36,0.35,-0.11,-0.9175000000000001,0.14260268691644445,-0.64,-1.12,0.4800000000000001,-0.95,0.277,0.09364546803882463,0.43,0.1,0.32999999999999996,0.29500000000000004,-11.8965,47.73502060718547,65.08,-82.27,147.35,-32.355,-50.907999999999994,81.6569459835991,119.68,-243.01,362.69,-58.224999999999994,9.664,37.95988525300166,88.09,-64.15,152.24,24.33,0.9760000000000002,0.1399774417916198,1.15,0.68,0.46999999999999986,0.995,1.15,0.9760000000000002,0.1399774417916198,0.46999999999999986,0.68,0.42105263157894735,243.01,87.36699999999999,1.12,0.9175000000000001,-0.12,-0.21,-0.09,-1.01,-1.05,-0.040000000000000036,0.23,0.31,0.07999999999999999,-31.02,-82.27,-51.25,-50.79,-92.31,-41.52,24.49,-21.8,-46.29,normal_137.csv,0,normal
25,2.380000114440918,-0.1332,0.1352380617035505,0.12,-0.43,0.55,-0.12,-0.9211999999999999,0.1390239787470732,-0.67,-1.44,0.7699999999999999,-0.89,0.2364,0.11157508682497182,0.54,-0.07,0.6100000000000001,0.23,-17.689999999999998,34.723356932570134,84.78,-117.11,201.89,-20.55,-46.635600000000004,56.83293448638152,85.94,-136.69,222.63,-49.07,8.2168,46.522724440141445,71.21,-106.78,177.99,18.64,0.9739999999999999,0.1486887128646063,1.55,0.75,0.8,0.94,1.55,0.9739999999999999,0.1486887128646063,0.8,0.75,0.7916666666666666,136.69,75.43400000000001,1.44,0.9211999999999999,-0.14,0.12,0.26,-0.82,-0.93,-0.1100000000000001,0.32,0.15,-0.17,-20.55,18.11,38.66,-136.69,-24.95,111.74,34.93,53.07,18.14,normal_138.csv,0,normal
25,2.429999828338623,-0.07840000000000001,0.11047925898858423,0.01,-0.5,0.51,-0.04,-0.9664,0.14340734523261586,-0.77,-1.57,0.8,-0.97,0.1616,0.07898734075787081,0.41,0.08,0.32999999999999996,0.13,-1.4188,21.097584443090476,56.11,-40.79,96.9,-0.34,-42.683600000000006,28.032843665957255,53.79,-86.82,140.60999999999999,-42.84,7.528799999999999,17.09188216668954,55.62,-19.25,74.87,5.05,0.99,0.1510794492973813,1.6,0.81,0.79,0.97,1.6,0.99,0.1510794492973813,0.79,0.81,1.0,86.82,48.158,1.57,0.9664,-0.03,0.01,0.04,-0.99,-1.57,-0.5800000000000001,0.12,0.32,0.2,-40.79,56.11,96.9,-28.41,53.79,82.2,-12.03,-2.18,9.85,normal_139.csv,0,normal
25,2.450000047683716,-0.10520000000000002,0.17246062352510114,0.11,-0.54,0.65,-0.05,-0.9316,0.15447977213862013,-0.42,-1.18,0.76,-0.95,0.226,0.16181264886693295,0.68,-0.06,0.74,0.18,4.543600000000001,40.19658970609323,77.79,-82.21,160.0,8.58,0.7879999999999991,32.377364263736276,72.41,-61.99,134.4,-7.76,-3.930000000000001,40.47121785911563,92.61,-91.89,184.5,-5.65,0.9867999999999999,0.189356806056714,1.43,0.43,1.0,0.99,1.43,0.9867999999999999,0.189356806056714,1.0,0.43,0.4166666666666667,92.61,44.54600000000001,1.18,0.9316,0.0,-0.02,-0.02,-0.98,-0.95,0.030000000000000027,0.12,0.37,0.25,1.42,4.12,2.7,-10.58,23.37,33.95,-15.73,-5.65,10.08,normal_140.csv,0,normal
23,2.2699999809265137,-0.13347826086956524,0.17966151749766898,0.07,-0.58,0.6499999999999999,-0.07,-0.9147826086956521,0.1695949603994334,-0.32,-1.16,0.8399999999999999,-0.93,0.23521739130434782,0.15117327701612632,0.56,0.01,0.55,0.18,3.3347826086956522,37.99839971146694,66.99,-112.24,179.23,-1.85,-3.644347826086957,19.638304830121935,19.95,-51.12,71.07,-2.05,-4.305652173913045,38.05447253920561,49.72,-72.12,121.84,-4.26,0.9739130434782608,0.20513275369944264,1.37,0.34,1.03,0.97,1.37,0.9739130434782608,0.20513275369944264,1.03,0.34,0.5,112.24,44.022608695652174,1.16,0.9147826086956521,0.02,-0.02,-0.04,-0.97,-0.97,0.0,0.09,0.22,0.13,40.26,-7.69,-47.949999999999996,-17.56,-11.48,6.079999999999998,-1.1,-11.21,-10.110000000000001,normal_141.csv,0,normal
25,2.4700000286102295,-0.04159999999999999,0.16826764394856192,0.18,-0.46,0.64,-0.02,-0.9523999999999999,0.1526237203058555,-0.69,-1.56,0.8700000000000001,-0.96,0.1276,0.13137985639612593,0.36,-0.27,0.63,0.14,-13.8464,24.737373695146648,34.03,-76.44,110.47,-9.02,-18.12,26.316633523306127,25.18,-83.39,108.57,-16.53,-5.82,41.44336356201477,49.42,-98.7,148.12,6.35,0.9847999999999999,0.15422170188833131,1.57,0.77,0.8,0.97,1.57,0.9847999999999999,0.15422170188833131,0.8,0.77,0.625,98.7,40.7836,1.56,0.9523999999999999,-0.0,0.09,0.09,-0.96,-0.99,-0.030000000000000027,0.17,-0.01,-0.18000000000000002,-7.13,-18.96,-11.830000000000002,-6.72,-25.5,-18.78,-12.7,2.34,15.04,normal_142.csv,0,normal
25,2.450000047683716,-0.06799999999999999,0.19295940851208404,0.16,-0.46,0.62,0.0,-0.9359999999999999,0.11113055385446435,-0.6,-1.09,0.4900000000000001,-0.95,0.1984,0.1293792873685738,0.5,0.05,0.45,0.16,-3.9364000000000003,27.866888487952867,37.25,-49.94,87.19,-1.89,-4.199600000000001,16.91814717987759,40.27,-30.86,71.13,-5.57,-6.9860000000000015,42.25677647825652,58.55,-93.28,151.82999999999998,-1.05,0.9811999999999999,0.1404255437352241,1.27,0.63,0.64,0.98,1.27,0.9811999999999999,0.1404255437352241,0.64,0.63,0.375,93.28,38.7716,1.09,0.9359999999999999,0.09,0.08,-0.009999999999999995,-1.06,-0.97,0.09000000000000008,0.06,0.09,0.03,18.11,-20.49,-38.599999999999994,2.95,-11.31,-14.260000000000002,6.88,-3.31,-10.19,normal_143.csv,0,normal
25,2.4800000190734863,0.09160000000000001,0.1429067294893188,0.44,-0.18,0.62,0.04,-0.97,0.1456594201096059,-0.77,-1.45,0.6799999999999999,-0.96,0.0264,0.13567362799502833,0.42,-0.29,0.71,0.03,-10.1456,62.116099636084684,149.73,-194.41,344.14,-0.26,-22.8164,38.977593550654206,81.57,-136.0,217.57,-18.52,-4.881199999999999,27.911075209194887,27.59,-118.67,146.26,-2.05,0.9932,0.15868522300453813,1.51,0.78,0.73,0.98,1.51,0.9932,0.15868522300453813,0.73,0.78,0.5833333333333334,194.41,47.9176,1.45,0.97,0.1,0.18,0.07999999999999999,-0.96,-0.96,0.0,0.03,-0.04,-0.07,2.35,4.96,2.61,-16.6,-14.57,2.030000000000001,-3.02,15.21,18.23,normal_144.csv,0,normal
25,3.359999895095825,-0.038,0.18108469473333927,0.18,-0.52,0.7,0.04,-0.9479999999999998,0.14100827398891647,-0.52,-1.2,0.6799999999999999,-0.97,0.13079999999999997,0.11206099529571682,0.35,-0.05,0.39999999999999997,0.1,-4.6575999999999995,27.574227743794868,37.37,-66.76,104.13,-4.58,-7.2192,21.377999773910872,46.23,-50.43,96.66,-10.46,-3.5240000000000005,41.47258080145644,46.14,-95.48,141.62,6.0,0.9788,0.16143419712068444,1.29,0.52,0.77,0.98,1.29,0.9788,0.16143419712068444,0.77,0.52,0.4583333333333333,95.48,39.536,1.2,0.9479999999999998,0.18,0.03,-0.15,-0.96,-0.97,-0.010000000000000009,-0.05,-0.04,0.010000000000000002,-10.7,-54.55,-43.849999999999994,-17.24,-22.15,-4.91,3.89,-6.21,-10.1,normal_145.csv,0,normal
25,2.359999895095825,0.0944,0.1605220649422793,0.57,-0.15,0.72,0.04,-0.9671999999999998,0.16957102739953347,-0.69,-1.66,0.97,-0.96,0.016000000000000004,0.09119576013536301,0.16,-0.31,0.47,0.02,-5.617600000000001,45.34259019582656,123.66,-164.52,288.18,-3.65,-25.683199999999996,39.235587345334,95.27,-143.22,238.49,-19.15,-6.2132000000000005,36.231379898277865,50.09,-143.34,193.43,-4.06,0.9872,0.17824421449236438,1.76,0.73,1.03,0.97,1.76,0.9872,0.17824421449236438,1.03,0.73,0.7083333333333334,164.52,44.1744,1.66,0.9671999999999998,0.08,0.18,0.09999999999999999,-0.98,-0.99,-0.010000000000000009,0.01,0.02,0.01,-6.44,-10.67,-4.2299999999999995,-12.6,-3.04,9.559999999999999,-4.06,-14.26,-10.2,normal_146.csv,0,normal
20,1.940000057220459,-0.09399999999999999,0.14808958881632928,0.14,-0.38,0.52,-0.095,-0.9670000000000002,0.14974012576179405,-0.53,-1.25,0.72,-0.98,0.11250000000000002,0.08650372672227542,0.33,-0.01,0.34,0.11499999999999999,-2.2465,22.496492656458813,36.43,-54.58,91.00999999999999,-5.78,-18.4065,31.753119908874606,33.34,-105.53,138.87,-14.870000000000001,2.842,33.10380747699099,44.85,-61.25,106.1,1.9449999999999998,0.9919999999999998,0.15902995414634777,1.27,0.55,0.72,0.98,1.27,0.9919999999999998,0.15902995414634777,0.72,0.55,0.8947368421052632,105.53,39.077999999999996,1.25,0.9670000000000002,0.07,-0.03,-0.1,-0.98,-1.03,-0.050000000000000044,0.02,0.04,0.02,-3.94,-54.58,-50.64,-20.38,-21.24,-0.8599999999999994,-3.71,-0.93,2.78,normal_147.csv,0,normal
25,2.4800000190734863,-0.10719999999999999,0.15672481190502882,0.22,-0.31,0.53,-0.12,-0.964,0.13307266185559427,-0.72,-1.5,0.78,-0.95,0.022000000000000006,0.07494442385305705,0.14,-0.15,0.29000000000000004,0.04,-10.8996,25.176943400659262,25.3,-65.37,90.67,-5.28,-3.5183999999999975,33.80119656166036,88.53,-69.82,158.35,1.3,-3.3691999999999998,30.95682220448346,34.09,-82.83,116.92,7.89,0.9863999999999998,0.13130371916540165,1.53,0.76,0.77,0.96,1.53,0.9863999999999998,0.13130371916540165,0.77,0.76,0.8333333333333334,88.53,37.842800000000004,1.5,0.964,0.03,0.17,0.14,-1.0,-1.02,-0.020000000000000018,0.02,0.11,0.09,-16.61,2.78,19.39,1.3,-3.02,-4.32,19.13,-16.96,-36.09,normal_148.csv,0,normal
25,2.4800000190734863,-0.1176,0.23065630997944397,0.15,-0.59,0.74,-0.02,-0.9431999999999999,0.08716459525900791,-0.77,-1.16,0.3899999999999999,-0.95,0.08920000000000002,0.1402058011163114,0.39,-0.13,0.52,0.08,1.2639999999999996,26.700037765266675,46.93,-44.27,91.2,5.71,-22.5392,39.622091472645245,53.42,-96.87,150.29000000000002,-9.74,2.8528,46.64407469693588,109.28,-80.93,190.21,5.95,0.9868000000000001,0.11778228502905971,1.23,0.79,0.43999999999999995,0.97,1.23,0.9868000000000001,0.11778228502905971,0.43999999999999995,0.79,0.4583333333333333,109.28,53.15600000000001,1.16,0.9431999999999999,0.02,-0.06,-0.08,-1.03,-0.97,0.06000000000000005,-0.1,-0.03,0.07,-24.53,-12.05,12.48,-9.74,-72.93,-63.190000000000005,-20.02,-4.43,15.59,normal_149.csv,0,normal
25,2.4200000762939453,-0.015600000000000008,0.13070577645995604,0.33,-0.22,0.55,-0.05,-0.9772,0.19522465691266222,-0.75,-1.83,1.08,-0.96,0.016399999999999998,0.08245604889879213,0.21,-0.2,0.41000000000000003,0.02,-3.6115999999999984,37.93856543589035,148.93,-61.11,210.04000000000002,-7.77,-3.697600000000001,44.51695232155947,178.98,-76.99,255.96999999999997,-6.69,-10.6504,33.899090017285125,95.85,-81.28,177.13,-9.21,0.9892,0.1952972094014659,1.84,0.77,1.07,0.96,1.84,0.9892,0.1952972094014659,1.07,0.77,0.8333333333333334,178.98,39.7316,1.83,0.9772,-0.02,0.29,0.31,-0.97,-0.9,0.06999999999999995,0.02,-0.06,-0.08,-8.11,-61.11,-53.0,-8.58,2.95,11.530000000000001,10.0,-21.51,-31.51,normal_150.csv,0,normal
25,2.4700000286102295,-0.035199999999999995,0.1930915154359024,0.25,-0.42,0.6699999999999999,0.02,-0.944,0.10136567466356645,-0.66,-1.12,0.4600000000000001,-0.96,0.1192,0.1297086478741234,0.44,-0.05,0.49,0.08,-0.9343999999999995,35.06339557145029,72.4,-79.25,151.65,0.53,-8.9124,33.10915498770695,52.53,-61.13,113.66,-5.37,-1.9555999999999996,44.59464411787586,44.55,-106.35,150.89999999999998,17.42,0.9767999999999999,0.12249897958758674,1.23,0.67,0.5599999999999999,0.98,1.23,0.9767999999999999,0.12249897958758674,0.5599999999999999,0.67,0.5,106.35,50.02440000000001,1.12,0.944,0.17,0.03,-0.14,-0.96,-1.06,-0.10000000000000009,-0.02,0.06,0.08,12.0,-11.77,-23.77,-2.67,-23.16,-20.490000000000002,17.42,20.76,3.34,normal_151.csv,0,normal
25,2.440000057220459,0.1208,0.1796969671419081,0.44,-0.21,0.65,0.08,-0.9640000000000001,0.20242282479997165,-0.59,-1.84,1.25,-0.95,-0.0108,0.08957864328808142,0.16,-0.3,0.45999999999999996,0.0,-7.1208,23.706351455534726,37.47,-78.2,115.67,-2.64,-19.063599999999997,30.23080132910803,32.43,-107.77,140.2,-15.05,-9.5032,35.305152565407035,40.84,-82.38,123.22,-0.09,0.9911999999999999,0.1979755877206413,1.85,0.67,1.1800000000000002,0.95,1.85,0.9911999999999999,0.1979755877206413,1.1800000000000002,0.67,0.5416666666666666,107.77,37.964800000000004,1.84,0.9640000000000001,-0.0,0.23,0.23,-0.96,-0.96,0.0,-0.05,-0.0,0.05,-10.18,-0.27,9.91,-15.05,-7.57,7.48,-0.09,3.19,3.28,normal_152.csv,0,normal
25,3.2100000381469727,-0.056799999999999996,0.17343874999549552,0.21,-0.45,0.66,-0.03,-0.9700000000000002,0.11514483632943918,-0.69,-1.31,0.6200000000000001,-0.97,0.0536,0.08138795979750323,0.32,-0.06,0.38,0.05,1.6864000000000008,16.277439366599815,31.04,-34.93,65.97,6.47,-0.23799999999999932,39.627639659712266,100.15,-68.53,168.68,-5.59,0.9468000000000001,34.3538110112983,50.11,-66.08,116.19,11.53,0.9896,0.1332128622418521,1.42,0.69,0.73,0.99,1.42,0.9896,0.1332128622418521,0.73,0.69,0.5833333333333334,100.15,41.26240000000001,1.31,0.9700000000000002,0.21,0.07,-0.13999999999999999,-0.96,-1.05,-0.09000000000000008,-0.05,0.03,0.08,-12.14,9.74,21.880000000000003,-16.15,-2.58,13.569999999999999,0.78,28.67,27.89,normal_153.csv,0,normal
25,2.4800000190734863,0.061200000000000004,0.15969554366564734,0.46,-0.21,0.67,0.01,-0.9688,0.1507846145997661,-0.85,-1.66,0.8099999999999999,-0.96,0.031599999999999996,0.13230898180647702,0.21,-0.34,0.55,0.04,-5.888,36.96075576427878,99.95,-112.9,212.85000000000002,-2.44,-13.966000000000001,36.31640113869582,99.92,-73.37,173.29000000000002,-7.88,-13.357599999999998,33.23492418626326,26.55,-118.57,145.12,-5.77,0.99,0.16327379867367983,1.74,0.87,0.87,0.97,1.74,0.99,0.16327379867367983,0.87,0.87,0.7916666666666666,118.57,36.4788,1.66,0.9688,0.02,0.28,0.26,-0.98,-0.89,0.08999999999999997,0.04,0.13,0.09,1.74,-10.38,-12.120000000000001,-21.18,-13.65,7.529999999999999,2.99,26.55,23.560000000000002,normal_154.csv,0,normal
25,2.4700000286102295,0.039999999999999994,0.11105554165971789,0.3,-0.15,0.44999999999999996,0.05,-0.9752,0.1161579384573722,-0.62,-1.3,0.68,-0.97,0.046000000000000006,0.099079092984679,0.37,-0.1,0.47,0.05,-1.6548000000000005,32.09517813213276,112.82,-52.12,164.94,0.08,-24.608,39.71209314134256,43.25,-112.5,155.75,-14.92,4.0268,26.908794987265164,80.37,-39.21,119.58000000000001,1.86,0.9875999999999999,0.11913857477744143,1.36,0.64,0.7200000000000001,0.98,1.36,0.9875999999999999,0.11913857477744143,0.7200000000000001,0.64,0.4166666666666667,112.82,41.471199999999996,1.3,0.9752,0.05,-0.07,-0.12000000000000001,-0.93,-0.93,0.0,-0.06,0.03,0.09,24.44,13.74,-10.700000000000001,-48.0,-4.58,43.42,-4.7,34.75,39.45,normal_155.csv,0,normal
25,3.200000047683716,-0.03400000000000001,0.12175795661885921,0.37,-0.2,0.5700000000000001,-0.06,-0.9895999999999999,0.17950116062763125,-0.84,-1.81,0.9700000000000001,-0.96,0.0632,0.1078857420298592,0.29,-0.29,0.58,0.06,-4.144400000000001,36.311771745996275,116.93,-89.42,206.35000000000002,-2.87,-14.091600000000001,35.77378575623963,78.21,-85.91,164.12,-17.94,-15.282800000000002,32.35392525387505,25.22,-125.34,150.56,-7.65,1.0028,0.18893385085791273,1.87,0.85,1.02,0.98,1.87,1.0028,0.18893385085791273,1.02,0.85,0.875,125.34,35.84400000000001,1.81,0.9895999999999999,-0.11,0.08,0.19,-0.97,-1.12,-0.15000000000000013,0.02,0.16,0.14,6.7,-11.1,-17.8,11.45,78.21,66.75999999999999,25.22,-76.54,-101.76,normal_156.csv,0,normal
25,3.309999942779541,0.06680000000000001,0.22713285392768115,0.29,-0.32,0.61,0.13,-0.9676,0.06043453758682478,-0.84,-1.09,0.2500000000000001,-0.96,0.0796,0.15417738701465486,0.4,-0.13,0.53,0.03,2.1415999999999995,28.95659879889211,87.21,-67.34,154.55,3.08,0.7988000000000003,15.082605135276422,44.84,-26.03,70.87,-3.33,5.426,30.009657056798677,58.17,-57.79,115.96000000000001,0.63,1.0084,0.07414400402819726,1.18,0.88,0.29999999999999993,0.99,1.18,1.0084,0.07414400402819726,0.29999999999999993,0.88,0.875,87.21,33.458,1.09,0.9676,0.25,-0.18,-0.43,-0.84,-0.86,-0.020000000000000018,0.07,0.32,0.25,-67.34,-16.4,50.940000000000005,-4.79,3.02,7.8100000000000005,-30.4,-57.79,-27.39,normal_157.csv,0,normal
25,2.4600000381469727,-0.06880000000000001,0.08207313811473275,0.13,-0.24,0.37,-0.08,-0.9628,0.10216489938656365,-0.71,-1.12,0.41000000000000014,-0.99,0.1232,0.07151456728061306,0.29,-0.01,0.3,0.13,-2.7728,25.26586259494551,35.28,-61.48,96.75999999999999,6.4,-17.159200000000002,35.984708780258316,69.45,-79.1,148.55,-25.1,-3.386,16.41327232252403,27.82,-40.03,67.85,-2.64,0.9792000000000001,0.10238489471922442,1.15,0.75,0.3999999999999999,1.0,1.15,0.9792000000000001,0.10238489471922442,0.3999999999999999,0.75,0.6666666666666666,79.1,39.7888,1.12,0.9628,-0.1,-0.04,0.060000000000000005,-0.94,-0.83,0.10999999999999999,0.12,0.13,0.010000000000000009,11.68,-9.08,-20.759999999999998,-36.43,-18.69,17.74,-3.91,19.46,23.37,normal_158.csv,0,normal
25,2.4600000381469727,-0.1368,0.11078206834441515,0.1,-0.4,0.5,-0.13,-0.9408,0.08543613599252564,-0.75,-1.11,0.3600000000000001,-0.93,0.2148,0.10087616170334793,0.37,0.01,0.36,0.19,-5.053200000000001,37.71863616746148,113.89,-70.72,184.61,-8.99,16.8416,70.04641554474195,177.47,-145.07,322.53999999999996,15.48,-13.224,32.00961587294251,49.82,-75.25,125.07,-12.23,0.9832000000000001,0.09276852914647296,1.14,0.76,0.3799999999999999,0.99,1.14,0.9832000000000001,0.09276852914647296,0.3799999999999999,0.76,0.4166666666666667,177.47,62.62480000000001,1.11,0.9408,0.05,-0.16,-0.21000000000000002,-1.0,-0.8,0.19999999999999996,0.26,0.34,0.08000000000000002,6.41,-31.02,-37.43,-145.07,39.88,184.95,14.76,-66.9,-81.66000000000001,normal_159.csv,0,normal
25,2.43999981880188,-0.055999999999999994,0.12861441080480315,0.19,-0.41,0.6,-0.06,-0.9224000000000001,0.09373188713915169,-0.72,-1.1,0.3800000000000001,-0.91,0.25639999999999996,0.09924212815130477,0.43,0.12,0.31,0.27,5.7104,48.32180757518631,124.79,-68.09,192.88,-0.76,48.876000000000005,71.81455365499856,158.53,-102.89,261.42,69.43,-27.619599999999995,37.440891246514596,66.08,-79.48,145.56,-36.02,0.9716,0.1013936224161395,1.19,0.76,0.42999999999999994,0.97,1.19,0.9716,0.1013936224161395,0.42999999999999994,0.76,0.6666666666666666,158.53,85.646,1.1,0.9224000000000001,-0.15,-0.03,0.12,-0.88,-0.84,0.040000000000000036,0.35,0.3,-0.04999999999999999,124.79,-0.76,-125.55000000000001,69.43,-99.41,-168.84,-34.49,66.08,100.57,normal_160.csv,0,normal
25,2.319999933242798,-0.018,0.09604686356149272,0.12,-0.21,0.32999999999999996,0.0,-0.9148,0.08124653838779841,-0.7,-1.06,0.3600000000000001,-0.94,0.32280000000000003,0.10454345189122717,0.47,0.08,0.38999999999999996,0.34,-6.281200000000001,32.1257083346033,76.82,-50.12,126.94,-11.4,-84.7084,60.79437862445288,37.65,-176.06,213.71,-85.53,33.4696,28.58869888609833,86.11,-22.86,108.97,35.4,0.9823999999999999,0.08032641740631369,1.15,0.83,0.31999999999999995,0.96,1.15,0.9823999999999999,0.08032641740631369,0.31999999999999995,0.83,0.375,176.06,93.66480000000001,1.06,0.9148,0.04,-0.21,-0.25,-0.95,-0.97,-0.020000000000000018,0.15,0.43,0.28,1.11,-29.24,-30.349999999999998,12.63,-81.36,-93.99,-17.01,14.59,31.6,normal_161.csv,0,normal
25,3.2899999618530273,-0.0692,0.12542992731667618,0.15,-0.32,0.47,-0.09,-0.9244000000000001,0.10348429832588132,-0.72,-1.12,0.40000000000000013,-0.92,0.25920000000000004,0.11891593669479293,0.46,-0.03,0.49,0.27,-14.4284,26.806514083956035,37.89,-60.89,98.78,-20.99,-70.1168,78.50523579779038,67.31,-197.13,264.44,-82.4,19.0512,38.906176707561485,84.23,-51.57,135.8,13.11,0.978,0.10515861036231573,1.15,0.73,0.41999999999999993,0.98,1.15,0.978,0.10515861036231573,0.41999999999999993,0.73,0.8333333333333334,197.13,91.5992,1.12,0.9244000000000001,-0.05,-0.12,-0.06999999999999999,-0.77,-1.03,-0.26,0.24,0.19,-0.04999999999999999,-47.56,-27.56,20.000000000000004,-98.93,67.31,166.24,13.11,-29.65,-42.76,normal_162.csv,0,normal
25,2.43999981880188,-0.0472,0.12276400123814799,0.17,-0.28,0.45000000000000007,-0.04,-0.9,0.09013878188659974,-0.65,-1.09,0.44000000000000006,-0.9,0.34800000000000003,0.10210288928331068,0.54,0.15,0.39,0.34,1.0868000000000004,32.991566058615646,62.85,-62.76,125.61,-1.76,7.8755999999999995,110.828891242311,186.06,-167.27,353.33000000000004,19.82,-8.888400000000003,48.35600166818317,89.75,-88.75,178.5,-14.2,0.9764,0.09982818573262095,1.16,0.71,0.44999999999999996,0.99,1.16,0.9764,0.09982818573262095,0.44999999999999996,0.71,0.6666666666666666,186.06,95.06200000000001,1.09,0.9,-0.28,-0.19,0.09000000000000002,-0.87,-0.88,-0.010000000000000009,0.2,0.44,0.24,20.9,-31.04,-51.94,127.8,-55.12,-182.92,-88.75,14.53,103.28,normal_163.csv,0,normal
25,3.2300000190734863,-0.055600000000000004,0.14224626532883033,0.15,-0.3,0.44999999999999996,-0.07,-0.9316000000000001,0.15399350635659934,-0.7,-1.46,0.76,-0.95,0.24960000000000002,0.13151299048636475,0.53,-0.08,0.61,0.25,-10.5756,35.13970606498201,64.95,-70.26,135.21,-14.87,-66.28439999999999,60.181298664950724,57.71,-202.14,259.84999999999997,-65.01,17.9712,37.84735760481393,72.79,-62.57,135.36,29.69,0.9843999999999999,0.15567273364337122,1.47,0.74,0.73,0.97,1.47,0.9843999999999999,0.15567273364337122,0.73,0.74,0.7916666666666666,202.14,81.81280000000001,1.46,0.9316000000000001,0.02,0.02,0.0,-0.97,-0.87,0.09999999999999998,0.34,0.18,-0.16000000000000003,-39.65,45.11,84.75999999999999,-202.14,8.27,210.41,72.79,55.19,-17.60000000000001,normal_164.csv,0,normal
24,2.369999885559082,-0.17833333333333334,0.1948392127898789,0.07,-0.64,0.71,-0.135,-0.8983333333333334,0.13166712529731167,-0.62,-1.15,0.5299999999999999,-0.89,0.31125,0.09900867331352516,0.48,0.1,0.38,0.325,3.610833333333334,39.954626647982955,90.4,-43.82,134.22,-0.16500000000000004,39.32666666666667,52.56184495361189,119.3,-29.44,148.74,12.475000000000001,-23.551666666666666,41.38620875801888,63.8,-81.73,145.53,-25.59,0.9891666666666667,0.14625518695124945,1.28,0.72,0.56,0.97,1.28,0.9891666666666667,0.14625518695124945,0.56,0.72,0.043478260869565216,119.3,69.10833333333333,1.15,0.8983333333333334,-0.06,-0.01,0.049999999999999996,-0.88,-0.92,-0.040000000000000036,0.3,0.41,0.10999999999999999,11.65,-30.26,-41.910000000000004,3.36,119.3,115.94,63.8,-61.36,-125.16,normal_165.csv,0,normal
25,2.4600000381469727,-0.1616,0.13097964218406868,0.1,-0.42,0.52,-0.15,-0.8687999999999999,0.10544824955082627,-0.63,-1.04,0.41000000000000003,-0.87,0.35,0.07560864148142503,0.51,0.22,0.29000000000000004,0.35,-13.348799999999999,37.03943172710222,50.69,-113.65,164.34,-7.98,-80.39240000000001,58.476109885433836,44.69,-190.84,235.53,-91.53,32.187599999999996,38.03888419323925,81.36,-49.73,131.09,37.34,0.9616,0.09919173352653941,1.09,0.73,0.3600000000000001,0.99,1.09,0.9616,0.09919173352653941,0.3600000000000001,0.73,1.0,190.84,91.836,1.04,0.8687999999999999,-0.04,-0.23,-0.19,-1.02,-0.96,0.06000000000000005,0.28,0.47,0.18999999999999995,8.9,50.69,41.79,43.14,-38.89,-82.03,-37.53,-49.73,-12.199999999999996,normal_166.csv,0,normal
25,3.240000009536743,-0.14,0.14124446891825534,0.21,-0.43,0.64,-0.13,-0.9039999999999999,0.15094148976783467,-0.54,-1.29,0.75,-0.92,0.32360000000000005,0.09966109237477448,0.49,0.13,0.36,0.33,-2.9344000000000006,40.78616494188522,69.76,-71.48,141.24,-9.63,10.636,67.38784688898535,179.79,-76.78,256.57,9.76,-19.9808,40.108432396858056,44.93,-101.66,146.59,-18.67,0.9864000000000002,0.1471926175684999,1.32,0.6,0.7200000000000001,1.0,1.32,0.9864000000000002,0.1471926175684999,0.7200000000000001,0.6,0.0,179.79,66.7276,1.29,0.9039999999999999,0.09,-0.12,-0.21,-1.29,-0.81,0.48,0.28,0.46,0.18,-71.48,51.69,123.17,-56.64,65.48,122.12,-18.67,-53.68,-35.01,normal_167.csv,0,normal
25,2.430000066757202,-0.1268,0.09965440281292143,0.11,-0.28,0.39,-0.13,-0.8948,0.09849365461794989,-0.63,-1.06,0.43000000000000005,-0.91,0.26520000000000005,0.09929417572714591,0.62,0.14,0.48,0.25,-10.608399999999996,31.50927425378122,32.95,-76.15,109.10000000000001,-5.25,-84.25200000000001,89.58580346982066,53.18,-207.42,260.59999999999997,-86.11,33.973600000000005,36.79636257838538,110.52,-40.79,151.31,32.46,0.9520000000000001,0.09105858919765157,1.1,0.75,0.3500000000000001,0.96,1.1,0.9520000000000001,0.09105858919765157,0.3500000000000001,0.75,0.3333333333333333,207.42,103.046,1.06,0.8948,-0.02,-0.02,0.0,-0.93,-0.7,0.2300000000000001,0.15,0.25,0.1,-15.51,-76.15,-60.64000000000001,53.18,-86.11,-139.29,12.84,59.37,46.53,normal_168.csv,0,normal
25,3.240000009536743,-0.14800000000000002,0.14730919862656236,0.1,-0.37,0.47,-0.17,-0.9176000000000001,0.13242230426429932,-0.64,-1.26,0.62,-0.93,0.33039999999999997,0.12228654872879519,0.56,0.07,0.49000000000000005,0.35,-8.920000000000002,38.53721469783029,65.1,-77.04,142.14,-15.8,-5.7356,41.57549038395899,69.72,-102.84,172.56,-11.53,-8.5012,30.66901249904644,42.73,-63.15,105.88,-11.34,1.0036,0.13689655461941572,1.3,0.73,0.5700000000000001,0.99,1.3,1.0036,0.13689655461941572,0.5700000000000001,0.73,0.4166666666666667,102.84,52.50840000000001,1.26,0.9176000000000001,-0.33,-0.13,0.2,-0.86,-0.91,-0.050000000000000044,0.35,0.19,-0.15999999999999998,-69.89,17.86,87.75,-26.37,45.18,71.55,6.76,-30.11,-36.87,normal_169.csv,0,normal
25,3.25,-0.10520000000000002,0.0911098238391448,0.09,-0.29,0.38,-0.09,-0.9388000000000001,0.12346794455782167,-0.61,-1.21,0.6,-0.94,0.2064,0.09604165762834375,0.45,0.06,0.39,0.19,-0.7179999999999989,36.649016130495696,92.15,-62.14,154.29000000000002,-2.9,32.033199999999994,84.72959802217878,187.59,-110.21,297.8,17.3,-12.322000000000003,31.66864787661976,48.82,-79.5,128.32,-0.64,0.9764,0.11448726275587749,1.21,0.66,0.5499999999999999,0.96,1.21,0.9764,0.11448726275587749,0.5499999999999999,0.66,0.125,187.59,75.69800000000001,1.21,0.9388000000000001,-0.14,-0.22,-0.07999999999999999,-0.92,-0.96,-0.039999999999999925,0.22,0.22,0.0,-53.85,-10.98,42.870000000000005,47.4,-110.21,-157.60999999999999,-62.73,29.28,92.00999999999999,normal_170.csv,0,normal
25,3.2899999618530273,-0.12480000000000002,0.16505352667140036,0.2,-0.38,0.5800000000000001,-0.15,-0.9396000000000001,0.1305590543266405,-0.69,-1.21,0.52,-0.92,0.2884,0.14019866856238922,0.5,-0.07,0.5700000000000001,0.31,-17.5252,37.51964597825163,96.5,-74.03,170.53,-20.38,-72.66640000000001,107.58203884633035,87.08,-265.22,352.3,-47.24,16.077999999999996,53.369955577397036,109.31,-89.41,198.72,14.55,1.0131999999999999,0.1360367597379473,1.34,0.77,0.5700000000000001,1.01,1.34,1.0131999999999999,0.1360367597379473,0.5700000000000001,0.77,0.8333333333333334,265.22,109.45360000000001,1.21,0.9396000000000001,-0.18,-0.1,0.07999999999999999,-0.92,-0.97,-0.04999999999999993,0.29,0.31,0.020000000000000018,-12.24,16.89,29.130000000000003,-186.34,25.16,211.5,40.34,2.4,-37.940000000000005,normal_171.csv,0,normal
25,2.4800000190734863,-0.0868,0.12661358536902745,0.1,-0.33,0.43000000000000005,-0.06,-0.8964,0.08882942455440465,-0.72,-1.07,0.3500000000000001,-0.89,0.2532,0.12847567863218312,0.6,0.04,0.5599999999999999,0.23,-5.4068000000000005,30.434696855179396,82.56,-69.15,151.71,-6.2,30.034400000000005,83.12205569121431,154.21,-109.25,263.46000000000004,24.93,-20.238000000000003,36.48044304829644,43.02,-111.99,155.01,-12.31,0.9516000000000001,0.09847503913852147,1.1,0.74,0.3600000000000001,0.94,1.1,0.9516000000000001,0.09847503913852147,0.3600000000000001,0.74,0.4166666666666667,154.21,76.39159999999998,1.07,0.8964,-0.04,-0.21,-0.16999999999999998,-0.86,-0.81,0.04999999999999993,0.24,0.3,0.06,-25.47,-27.92,-2.450000000000003,10.05,91.45,81.4,-5.6,-28.25,-22.65,normal_172.csv,0,normal
25,2.4700000286102295,-0.15,0.1819340539866025,0.21,-0.36,0.57,-0.18,-0.9123999999999998,0.12464215445292441,-0.55,-1.16,0.6099999999999999,-0.92,0.2552,0.12017764628526664,0.49,0.02,0.47,0.25,-8.994399999999999,48.66691493201516,56.27,-126.35,182.62,2.34,44.7704,89.0656160965985,211.91,-85.53,297.44,25.14,-31.955999999999996,62.64433740038547,70.93,-166.63,237.56,-27.01,0.9843999999999999,0.10610843510296436,1.21,0.65,0.5599999999999999,1.0,1.21,0.9843999999999999,0.10610843510296436,0.5599999999999999,0.65,0.375,211.91,94.0552,1.16,0.9123999999999998,0.07,0.17,0.1,-0.87,-0.83,0.040000000000000036,0.32,0.13,-0.19,-13.83,-0.89,12.94,-66.99,-40.4,26.589999999999996,41.42,-11.54,-52.96,normal_173.csv,0,normal
25,3.1700000762939453,0.000800000000000003,0.14980320423809365,0.19,-0.33,0.52,0.03,-0.9676,0.07166356582438993,-0.86,-1.14,0.2799999999999999,-0.95,0.1108,0.10041248262375883,0.28,-0.08,0.36000000000000004,0.1,-2.3632000000000004,33.10067354803122,62.5,-76.35,138.85,-3.13,-65.7384,86.65744244245077,67.45,-222.26,289.71,-63.99,5.4996,21.78137382413393,50.73,-44.34,95.07,10.23,0.9896,0.07351190379795643,1.15,0.88,0.2699999999999999,0.98,1.15,0.9896,0.07351190379795643,0.2699999999999999,0.88,0.08333333333333333,222.26,88.33319999999999,1.14,0.9676,0.14,-0.19,-0.33,-0.98,-0.95,0.030000000000000027,0.03,0.09,0.06,-8.49,-11.18,-2.6899999999999995,-70.18,-13.63,56.550000000000004,4.98,-6.57,-11.55,normal_174.csv,0,normal
22,2.1700000762939453,-0.15863636363636366,0.13119579895079592,0.05,-0.36,0.41,-0.18,-0.9345454545454547,0.11249242398733106,-0.73,-1.19,0.45999999999999996,-0.955,0.2295454545454545,0.10054505139144024,0.41,0.03,0.38,0.235,-19.05045454545455,46.119663555258256,61.69,-101.91,163.6,-18.855,-82.23454545454545,56.5304057862225,76.61,-194.58,271.19,-98.065,19.895909090909086,30.52489673304024,95.88,-25.7,121.58,17.725,0.9890909090909091,0.11105164353789426,1.2,0.8,0.3999999999999999,0.985,1.2,0.9890909090909091,0.11105164353789426,0.3999999999999999,0.8,1.0,194.58,95.40727272727273,1.19,0.9345454545454547,-0.22,-0.08,0.14,-0.95,-1.19,-0.24,0.09,0.13,0.04000000000000001,-12.53,-93.45,-80.92,-37.82,76.61,114.43,-9.21,-18.17,-8.96,normal_175.csv,0,normal
25,2.4700000286102295,-0.0732,0.18510627578051841,0.26,-0.4,0.66,-0.09,-0.9059999999999999,0.13130752707543716,-0.61,-1.13,0.5199999999999999,-0.93,0.2956,0.13345036530485782,0.55,0.06,0.49000000000000005,0.29,-15.109200000000001,37.640373151710385,39.91,-87.56,127.47,-17.02,1.1684000000000003,48.0945511189504,149.22,-94.87,244.09,-0.24,-19.070800000000002,49.707206546603146,70.59,-103.76,174.35000000000002,-15.15,0.9804,0.13587616911487213,1.26,0.69,0.5700000000000001,0.98,1.26,0.9804,0.13587616911487213,0.5700000000000001,0.69,0.20833333333333334,149.22,60.605199999999996,1.13,0.9059999999999999,-0.4,-0.04,0.36000000000000004,-0.86,-1.02,-0.16000000000000003,0.51,0.28,-0.22999999999999998,33.83,-17.18,-51.01,44.87,149.22,104.35,70.59,-67.73,-138.32,normal_176.csv,0,normal
25,2.490000009536743,-0.0192,0.11803671745125187,0.14,-0.26,0.4,0.01,-0.9144,0.03708998067762596,-0.86,-1.02,0.16000000000000003,-0.92,0.29200000000000004,0.04252450274057692,0.37,0.22,0.15,0.3,-12.8776,27.58472588831242,47.16,-59.1,106.25999999999999,-20.21,-81.5748,74.52022310084693,67.59,-198.38,265.97,-66.43,25.090799999999998,30.906670520563463,70.32,-50.05,120.36999999999999,27.54,0.9683999999999999,0.04058735435247453,1.07,0.9,0.17000000000000004,0.97,1.07,0.9683999999999999,0.04058735435247453,0.17000000000000004,0.9,0.375,198.38,95.1612,1.02,0.9144,0.01,0.01,0.0,-0.93,-0.92,0.010000000000000009,0.32,0.34,0.020000000000000018,-5.68,-12.79,-7.109999999999999,67.59,-149.02,-216.61,-50.05,43.28,93.33,normal_177.csv,0,normal
25,3.1600000858306885,-0.13,0.2083266665599966,0.19,-0.57,0.76,-0.07,-0.9131999999999999,0.12368373646792316,-0.66,-1.15,0.4899999999999999,-0.9,0.29480000000000006,0.2062183309019836,0.74,-0.11,0.85,0.28,7.296799999999999,42.181521499348506,87.59,-57.47,145.06,-0.52,-19.4388,49.94548338939168,51.54,-138.5,190.04,-7.97,12.167200000000001,45.17444857807711,64.9,-90.49,155.39,26.95,1.0072,0.14979207811719106,1.25,0.69,0.56,1.01,1.25,1.0072,0.14979207811719106,0.56,0.69,0.25,138.5,62.0576,1.15,0.9131999999999999,-0.03,-0.51,-0.48,-0.93,-0.79,0.14,0.33,0.56,0.23000000000000004,-23.28,-0.52,22.76,-138.5,-48.0,90.5,49.92,15.08,-34.84,normal_178.csv,0,normal
22,2.1600000858306885,-0.17727272727272728,0.14596743988469998,0.08,-0.45,0.53,-0.175,-0.8568181818181819,0.15450031171601666,-0.6,-1.2,0.6,-0.87,0.29045454545454547,0.12613210281013856,0.57,-0.02,0.59,0.30000000000000004,-13.188181818181816,43.253384963751806,108.85,-60.84,169.69,-28.08,25.901363636363637,63.00565071373735,173.28,-102.69,275.97,9.52,-32.96909090909091,44.14678933578306,66.26,-88.83,155.09,-44.92,0.9472727272727274,0.12646030124986968,1.23,0.73,0.5,0.935,1.23,0.9472727272727274,0.12646030124986968,0.5,0.73,0.7142857142857143,173.28,73.40954545454544,1.2,0.8568181818181819,-0.45,-0.01,0.44,-0.71,-0.99,-0.28,0.57,0.42,-0.14999999999999997,-26.95,8.26,35.21,-30.12,173.28,203.4,-6.21,-62.41,-56.199999999999996,normal_179.csv,0,normal
25,2.359999895095825,-0.14,0.17392527130926086,0.24,-0.41,0.6499999999999999,-0.15,-0.8496000000000001,0.10325857510799445,-0.67,-1.05,0.38,-0.86,0.3472,0.10910698113930808,0.64,0.19,0.45,0.31,-13.7908,38.19787187789393,44.06,-90.44,134.5,-17.22,-68.59920000000001,83.90825485413617,82.79,-218.31,301.1,-57.95,37.91,51.01810961152259,129.68,-47.22,176.9,36.26,0.9528,0.08720282870029696,1.14,0.72,0.41999999999999993,0.96,1.14,0.9528,0.08720282870029696,0.41999999999999993,0.72,0.3333333333333333,218.31,99.264,1.05,0.8496000000000001,-0.02,-0.39,-0.37,-0.86,-0.75,0.10999999999999999,0.19,0.5,0.31,-32.03,-78.23,-46.2,52.56,-27.39,-79.95,-39.97,-15.21,24.759999999999998,normal_180.csv,0,normal
25,3.1500000953674316,-0.132,0.13425721582097552,0.07,-0.44,0.51,-0.1,-0.934,0.11789826122551596,-0.74,-1.33,0.5900000000000001,-0.92,0.25639999999999996,0.11849331908030371,0.49,0.03,0.45999999999999996,0.27,-17.852400000000003,48.91921795845337,63.6,-108.06,171.66,-19.85,-16.5244,35.315836990411725,45.94,-101.1,147.04,-13.33,-9.311599999999999,54.36394084317288,106.9,-127.02,233.92000000000002,3.89,0.9948,0.10638452268383156,1.35,0.83,0.5200000000000001,0.98,1.35,0.9948,0.10638452268383156,0.5200000000000001,0.83,0.16666666666666666,127.02,64.9712,1.33,0.934,-0.44,-0.07,0.37,-0.84,-0.87,-0.030000000000000027,0.49,0.31,-0.18,-91.3,-19.85,71.44999999999999,-0.21,-8.23,-8.02,19.39,23.37,3.9800000000000004,normal_181.csv,0,normal
16,1.5500001907348633,-0.26,0.18804254837669057,-0.01,-0.64,0.63,-0.265,-0.8787499999999999,0.1239287429668087,-0.57,-1.1,0.5300000000000001,-0.91,0.304375,0.0885414215682882,0.47,0.18,0.29,0.28500000000000003,-8.34,37.00486598633572,71.95,-82.73,154.68,-3.6100000000000003,-9.606875,28.675491909468615,44.23,-50.37,94.6,-4.515000000000001,-10.064374999999998,43.32031993860772,54.11,-89.44,143.55,-0.4600000000000002,0.983125,0.16119217309369172,1.36,0.62,0.7400000000000001,0.975,1.36,0.983125,0.16119217309369172,0.7400000000000001,0.62,0.26666666666666666,89.44,51.568749999999994,1.1,0.8787499999999999,-0.17,-0.13,0.04000000000000001,-0.88,-0.97,-0.08999999999999997,0.27,0.2,-0.07,13.73,-24.84,-38.57,18.21,-37.66,-55.87,32.52,13.72,-18.800000000000004,normal_182.csv,0,normal
25,2.4700000286102295,-0.053200000000000004,0.12191937226435073,0.1,-0.42,0.52,-0.04,-0.9383999999999999,0.14851150348261466,-0.68,-1.44,0.7599999999999999,-0.94,0.192,0.09349688051837167,0.37,-0.08,0.45,0.18,-6.410400000000001,44.830059156775604,105.02,-94.26,199.28,-4.72,-19.0052,38.46007595762997,106.55,-66.23,172.78,-30.09,-1.5411999999999997,39.00887049975513,62.11,-134.18,196.29000000000002,-2.15,0.9703999999999999,0.1493731345769156,1.44,0.72,0.72,0.96,1.44,0.9703999999999999,0.1493731345769156,0.72,0.72,0.6666666666666666,134.18,50.45719999999999,1.44,0.9383999999999999,-0.1,-0.02,0.08,-0.93,-0.99,-0.05999999999999994,0.15,0.16,0.010000000000000009,-1.25,-23.68,-22.43,-10.92,-34.29,-23.369999999999997,-7.34,-2.15,5.1899999999999995,normal_183.csv,0,normal
25,3.2899999618530273,0.0,0.10500000000000001,0.26,-0.15,0.41000000000000003,-0.05,-0.9544000000000001,0.054702224208283655,-0.8,-1.11,0.31000000000000005,-0.95,0.15760000000000002,0.05101307022061438,0.26,0.03,0.23,0.15,-6.105200000000001,15.489812006606147,21.02,-34.69,55.709999999999994,-3.92,-14.522399999999998,48.64130705823327,89.18,-81.74,170.92000000000002,-20.52,0.6052000000000003,32.615744807275725,56.73,-58.08,114.81,5.17,0.9743999999999999,0.057233440108617153,1.14,0.82,0.31999999999999995,0.98,1.14,0.9743999999999999,0.057233440108617153,0.31999999999999995,0.82,0.75,89.18,45.6448,1.11,0.9544000000000001,-0.05,-0.12,-0.06999999999999999,-0.95,-0.98,-0.030000000000000027,0.14,0.16,0.01999999999999999,-17.83,-10.27,7.559999999999999,-29.07,-79.1,-50.029999999999994,12.87,26.81,13.94,normal_184.csv,0,normal
25,3.2799999713897705,-0.1628,0.18210619612376364,0.14,-0.55,0.6900000000000001,-0.11,-0.9124000000000001,0.11716370313938244,-0.6,-1.27,0.67,-0.91,0.22719999999999999,0.14339688513585877,0.68,0.03,0.65,0.24,-4.029599999999999,37.10905903325135,80.0,-55.07,135.07,-14.2,23.297600000000003,73.76293227179444,193.91,-76.9,270.81,5.37,-27.122,35.097057806412586,89.11,-84.29,173.4,-32.86,0.9756,0.15329927157904785,1.54,0.64,0.9,0.96,1.54,0.9756,0.15329927157904785,0.9,0.64,0.3333333333333333,193.91,67.646,1.27,0.9124000000000001,-0.12,0.0,0.12,-1.02,-0.86,0.16000000000000003,0.11,0.35,0.24,-5.44,32.49,37.93,-37.13,98.15,135.28,-3.22,-39.54,-36.32,normal_185.csv,0,normal
25,2.4800000190734863,-0.1252,0.1535990451359209,0.12,-0.47,0.59,-0.13,-0.8964000000000002,0.10823893322953008,-0.6,-1.08,0.4800000000000001,-0.89,0.32919999999999994,0.07989159321647471,0.46,0.15,0.31000000000000005,0.32,-19.157600000000002,28.878944359746484,36.15,-75.97,112.12,-16.95,-95.3644,87.31385027970457,32.99,-266.69,299.68,-77.86,41.8644,50.59557301780463,123.5,-65.45,188.95,40.96,0.9792000000000001,0.09869650449737317,1.25,0.74,0.51,0.97,1.25,0.9792000000000001,0.09869650449737317,0.51,0.74,0.8333333333333334,266.69,109.88199999999999,1.08,0.8964000000000002,0.05,0.12,0.06999999999999999,-0.91,-1.03,-0.12,0.38,0.27,-0.10999999999999999,17.82,36.15,18.33,-18.26,-27.77,-9.509999999999998,36.35,-3.34,-39.69,normal_186.csv,0,normal
25,3.25,-0.13720000000000002,0.1996772395642528,0.15,-0.62,0.77,-0.11,-0.9232,0.12388570000878499,-0.53,-1.1,0.5700000000000001,-0.96,0.20000000000000004,0.0963932916061417,0.37,-0.02,0.39,0.19,-3.444,48.19888587923999,106.35,-86.92,193.26999999999998,1.54,8.261999999999999,59.89110451477748,121.8,-80.05,201.85,10.82,-11.9676,48.23348070237796,89.92,-85.3,175.22,-27.68,0.9764,0.14491031709302138,1.22,0.54,0.6799999999999999,0.99,1.22,0.9764,0.14491031709302138,0.6799999999999999,0.54,0.25,121.8,66.2412,1.1,0.9232,0.06,0.07,0.010000000000000009,-0.92,-0.92,0.0,0.17,0.2,0.03,-86.92,-52.46,34.46,-14.72,58.38,73.10000000000001,-56.21,-3.19,53.02,normal_187.csv,0,normal
25,3.2100000381469727,-0.16520000000000004,0.2007095745930755,0.2,-0.45,0.65,-0.17,-0.9184,0.08168435182660957,-0.81,-1.08,0.27,-0.9,0.2552,0.0891683800458436,0.45,0.11,0.34,0.24,1.2384000000000008,46.05824127124265,89.69,-86.63,176.32,9.13,64.84719999999999,64.20912522894753,182.49,-99.88,282.37,58.37,-35.082,48.033212294550246,86.27,-106.75,193.01999999999998,-34.92,0.9908,0.08265994596336648,1.18,0.86,0.31999999999999995,0.98,1.18,0.9908,0.08265994596336648,0.31999999999999995,0.86,0.7916666666666666,182.49,90.81039999999999,1.08,0.9184,-0.03,0.02,0.05,-0.96,-1.03,-0.07000000000000006,0.29,0.25,-0.03999999999999998,39.63,-67.05,-106.68,53.57,105.85,52.279999999999994,-25.22,-62.58,-37.36,normal_188.csv,0,normal
25,3.180000066757202,0.03,0.10874281585465774,0.19,-0.26,0.45,0.04,-0.9348000000000001,0.10271806072935762,-0.75,-1.21,0.45999999999999996,-0.94,0.25720000000000004,0.08753665898734465,0.39,0.08,0.31,0.26,-5.296800000000001,37.93117624065987,59.85,-86.61,146.46,0.69,-72.00160000000001,102.60359385681056,194.58,-226.87,421.45000000000005,-75.12,17.5824,29.828754203508623,81.46,-49.99,131.45,18.53,0.9795999999999998,0.10159068198740802,1.25,0.78,0.47,0.98,1.25,0.9795999999999998,0.10159068198740802,0.47,0.78,0.20833333333333334,226.87,110.34960000000001,1.21,0.9348000000000001,-0.18,0.09,0.27,-0.88,-0.91,-0.030000000000000027,0.25,0.33,0.08000000000000002,18.82,-58.84,-77.66,144.17,-82.98,-227.14999999999998,-44.4,45.31,89.71000000000001,normal_189.csv,0,normal
25,3.309999942779541,0.0011999999999999997,0.07114070564732965,0.12,-0.21,0.32999999999999996,0.02,-0.9684,0.13215142829345433,-0.62,-1.29,0.67,-0.96,0.046799999999999994,0.1189089287367998,0.26,-0.12,0.38,0.0,-15.0088,33.40921334003541,80.2,-60.69,140.89,-18.41,-40.9176,96.57135890452545,133.28,-174.46,307.74,-63.91,2.6996,29.39362310093807,85.71,-52.09,137.8,3.69,0.9812000000000001,0.12326529654908286,1.29,0.66,0.63,0.97,1.29,0.9812000000000001,0.12326529654908286,0.63,0.66,0.375,174.46,96.6476,1.29,0.9684,0.05,0.04,-0.010000000000000002,-0.94,-0.92,0.019999999999999907,0.23,0.26,0.03,-40.5,-6.44,34.06,-106.44,-164.81,-58.370000000000005,6.47,7.75,1.2800000000000002,normal_190.csv,0,normal
25,2.4699997901916504,-0.1152,0.09764391088712768,0.08,-0.3,0.38,-0.11,-0.9456,0.13913662350366274,-0.65,-1.22,0.57,-0.95,0.2052,0.09708758932015976,0.41,0.02,0.38999999999999996,0.21,0.929999999999999,44.39163106187171,90.95,-80.84,171.79000000000002,-11.13,71.9744,79.10663236417034,204.03,-109.51,313.54,71.05,-30.3852,38.456957770993796,31.85,-103.74,135.59,-28.14,0.986,0.1265240425110316,1.23,0.73,0.5,0.98,1.23,0.986,0.1265240425110316,0.5,0.73,0.5416666666666666,204.03,98.3812,1.22,0.9456,-0.12,0.04,0.16,-0.97,-0.91,0.05999999999999994,0.12,0.41,0.29,16.76,-25.51,-42.27,-109.51,167.1,276.61,26.69,-67.96,-94.64999999999999,normal_191.csv,0,normal
25,2.3500001430511475,0.0364,0.12341933938136816,0.27,-0.2,0.47000000000000003,0.02,-0.9420000000000001,0.11250925887825114,-0.73,-1.18,0.44999999999999996,-0.93,0.2036,0.10419852846049858,0.43,0.0,0.43,0.21,-4.6928,59.451454041652056,150.44,-110.23,260.67,-2.67,-64.60839999999999,85.08077660278691,54.43,-275.68,330.11,-52.58,0.8231999999999998,30.983659230848335,53.43,-64.61,118.03999999999999,1.91,0.9784,0.10176279608317898,1.19,0.78,0.4099999999999999,0.96,1.19,0.9784,0.10176279608317898,0.4099999999999999,0.78,0.7083333333333334,275.68,96.06519999999999,1.18,0.9420000000000001,-0.01,0.27,0.28,-0.9,-0.73,0.17000000000000004,0.22,0.25,0.03,-2.67,8.89,11.56,2.55,-275.68,-278.23,0.01,7.56,7.55,normal_192.csv,0,normal
25,2.4800000190734863,-0.046799999999999994,0.09503157370053386,0.13,-0.22,0.35,-0.04,-0.9699999999999999,0.1456021977856104,-0.63,-1.26,0.63,-0.99,0.1024,0.09505612377257275,0.37,-0.04,0.41,0.09,-3.9744,46.09664540216927,84.11,-104.14,188.25,-11.73,-27.336799999999997,62.39528746361112,103.18,-151.5,254.68,-9.04,0.6988000000000011,25.81615697581652,44.76,-71.63,116.38999999999999,4.56,0.9852,0.13973546436034057,1.26,0.73,0.53,1.0,1.26,0.9852,0.13973546436034057,0.53,0.73,0.9166666666666666,151.5,68.4588,1.26,0.9699999999999999,0.08,0.13,0.05,-0.94,-1.02,-0.08000000000000007,0.12,0.02,-0.09999999999999999,15.3,-89.02,-104.32,-150.79,-57.1,93.69,13.62,31.83,18.21,normal_193.csv,0,normal
25,2.450000047683716,-0.0356,0.12629594873418018,0.16,-0.32,0.48,-0.04,-0.9535999999999999,0.12392470832458448,-0.69,-1.25,0.56,-0.95,0.18960000000000002,0.09378521560814725,0.4,0.01,0.39,0.19,-7.7139999999999995,47.6062964147951,102.2,-77.36,179.56,-22.23,-4.5516000000000005,58.54195743794929,111.1,-94.66,205.76,-6.72,-1.0243999999999998,31.569812067860017,52.4,-54.37,106.77,-1.99,0.9856,0.10901376059929317,1.25,0.8,0.44999999999999996,0.98,1.25,0.9856,0.10901376059929317,0.44999999999999996,0.8,0.75,111.1,62.58559999999999,1.25,0.9535999999999999,0.08,-0.04,-0.12,-0.93,-1.11,-0.18000000000000005,0.21,0.11,-0.09999999999999999,30.11,-56.73,-86.84,-30.0,-25.15,4.850000000000001,4.0,-43.21,-47.21,normal_194.csv,0,normal
25,3.2799999713897705,-0.09880000000000001,0.1669660644162959,0.17,-0.52,0.6900000000000001,-0.07,-0.9516,0.09758244377619026,-0.75,-1.14,0.3899999999999999,-0.96,0.16400000000000003,0.10230672835481872,0.35,-0.03,0.38,0.19,4.902800000000001,60.371945093174965,148.66,-88.61,237.26999999999998,0.76,12.992,50.27502602353048,130.87,-69.66,200.53,12.58,-6.667200000000001,22.80392190684167,42.3,-63.05,105.35,-9.04,0.9871999999999999,0.10994392510123815,1.17,0.77,0.3999999999999999,1.0,1.17,0.9871999999999999,0.10994392510123815,0.3999999999999999,0.77,0.25,148.66,53.8772,1.14,0.9516,-0.08,-0.43,-0.35,-0.98,-0.93,0.04999999999999993,0.31,0.28,-0.02999999999999997,17.34,148.66,131.32,-22.96,106.03,128.99,39.74,4.67,-35.07,normal_195.csv,0,normal
25,3.359999895095825,-0.1424,0.09946858800646564,0.06,-0.3,0.36,-0.14,-0.9364,0.12151405954319308,-0.71,-1.12,0.41000000000000014,-0.95,0.21960000000000002,0.1095627673984187,0.4,0.08,0.32,0.22,4.5192,52.63695010161588,134.09,-102.21,236.3,6.41,56.351600000000005,43.77258337894471,124.87,-35.82,160.69,50.11,-25.9524,21.811714986829134,15.95,-62.47,78.42,-27.36,0.9815999999999999,0.1286688255432009,1.18,0.72,0.45999999999999996,0.97,1.18,0.9815999999999999,0.1286688255432009,0.45999999999999996,0.72,0.9166666666666666,134.09,74.2944,1.12,0.9364,-0.1,-0.05,0.05,-0.95,-0.91,0.039999999999999925,0.1,0.15,0.04999999999999999,-15.5,10.35,25.85,61.04,-35.82,-96.86,-27.54,15.56,43.1,normal_196.csv,0,normal
25,2.4700000286102295,-0.10280000000000002,0.12772105020969202,0.23,-0.35,0.58,-0.13,-0.9215999999999999,0.11070531453668642,-0.7,-1.1,0.40000000000000013,-0.94,0.2456,0.13904675472660266,0.6,0.06,0.54,0.2,6.122000000000001,45.330571270023356,99.94,-78.26,178.2,7.69,3.0775999999999994,66.45044941408096,152.95,-130.34,283.28999999999996,-1.73,-11.191999999999998,43.914729969946684,72.37,-94.28,166.65,-1.04,0.9780000000000001,0.11239810200058242,1.14,0.76,0.3799999999999999,0.97,1.14,0.9780000000000001,0.11239810200058242,0.3799999999999999,0.76,0.3333333333333333,152.95,67.9744,1.1,0.9215999999999999,-0.05,0.01,0.060000000000000005,-0.95,-0.88,0.06999999999999995,0.2,0.16,-0.04000000000000001,-8.15,-35.48,-27.33,-49.63,-76.96,-27.32999999999999,33.14,26.35,-6.789999999999999,normal_197.csv,0,normal
25,3.240000009536743,-0.06480000000000001,0.1237982229274718,0.15,-0.35,0.5,-0.05,-0.9192,0.10016320016186916,-0.72,-1.15,0.42999999999999994,-0.92,0.2888,0.08048395285189879,0.52,0.17,0.35,0.3,-0.29679999999999934,49.10524961074257,112.87,-124.06,236.93,8.26,17.52,72.51868276520196,136.73,-85.04,221.76999999999998,14.0,-14.034399999999998,46.063749402322856,65.77,-83.22,148.99,-11.3,0.9756,0.09665574650962733,1.19,0.82,0.37,0.96,1.19,0.9756,0.09665574650962733,0.37,0.82,1.0,136.73,74.4476,1.15,0.9192,-0.02,-0.17,-0.15000000000000002,-0.96,-1.12,-0.16000000000000014,0.32,0.37,0.04999999999999999,15.86,11.16,-4.699999999999999,-45.8,-23.66,22.139999999999997,-11.3,25.56,36.86,normal_198.csv,0,normal
15,1.440000057220459,-0.05466666666666667,0.1276080307966921,0.22,-0.29,0.51,-0.03,-0.9293333333333335,0.11919172230766142,-0.7,-1.12,0.42000000000000015,-0.94,0.22333333333333333,0.08482474930843058,0.41,0.11,0.3,0.22,-24.514666666666667,59.99697574124248,92.69,-103.51,196.2,-41.51,-14.365333333333338,96.10392959608636,132.93,-180.06,312.99,0.78,-14.705999999999998,50.18487077083804,85.19,-116.47,201.66,-25.36,0.9666666666666667,0.11623047711131454,1.14,0.75,0.3899999999999999,0.99,1.14,0.9666666666666667,0.11623047711131454,0.3899999999999999,0.75,0.8571428571428571,180.06,97.72333333333334,1.12,0.9293333333333335,-0.16,0.02,0.18,-0.96,-0.8,0.15999999999999992,0.41,0.11,-0.3,-89.01,-103.51,-14.5,21.62,49.33,27.709999999999997,-56.25,-52.64,3.6099999999999994,normal_199.csv,0,normal
25,3.259999990463257,-0.01,0.13028814220795384,0.18,-0.3,0.48,0.02,-0.8976,0.11562439189029279,-0.7,-1.12,0.42000000000000015,-0.91,0.332,0.1019803902718557,0.51,0.14,0.37,0.33,-4.0884,41.615813568882686,93.65,-84.58,178.23000000000002,4.76,-50.9068,49.72166066548193,45.65,-149.37,195.02,-49.45,21.1804,30.26347901899802,103.45,-28.92,132.37,20.87,0.9692000000000001,0.12192620719107113,1.19,0.74,0.44999999999999996,1.0,1.19,0.9692000000000001,0.12192620719107113,0.44999999999999996,0.74,0.9166666666666666,149.37,68.22360000000002,1.12,0.8976,-0.01,0.0,0.01,-0.89,-0.86,0.030000000000000027,0.31,0.34,0.030000000000000027,20.38,-2.43,-22.81,-23.5,-49.45,-25.950000000000003,31.13,52.66,21.529999999999998,normal_200.csv,0,normal
25,2.4800000190734863,-0.15719999999999998,0.17465489782234372,0.09,-0.45,0.54,-0.19,-0.84,0.0786871442274192,-0.57,-0.93,0.3600000000000001,-0.86,0.3868,0.12944496900227526,0.63,0.17,0.45999999999999996,0.36,-15.63,45.259931690919146,54.34,-107.25,161.59,-24.29,-88.55879999999999,39.30045910673309,0.18,-171.12,171.3,-86.41,48.05799999999999,28.816980237353114,114.52,-11.33,125.85,48.75,0.9595999999999999,0.10651603948075924,1.16,0.63,0.5299999999999999,0.97,1.16,0.9595999999999999,0.10651603948075924,0.5299999999999999,0.63,0.9583333333333334,171.12,99.13519999999998,0.93,0.84,0.02,-0.36,-0.38,-0.86,-0.93,-0.07000000000000006,0.34,0.34,0.0,2.55,-71.56,-74.11,-80.73,0.18,80.91000000000001,47.88,8.04,-39.84,normal_201.csv,0,normal
25,3.2699999809265137,-0.15760000000000002,0.1969407694375816,0.06,-0.6,0.6599999999999999,-0.09,-0.9007999999999999,0.14910622611637203,-0.57,-1.37,0.8000000000000002,-0.9,0.28800000000000003,0.12254250963101199,0.57,0.08,0.48999999999999994,0.28,-1.7499999999999978,50.14474025259279,130.58,-127.47,258.05,-7.01,-6.179199999999998,43.79817708535368,52.29,-103.77,156.06,3.63,-22.043200000000002,44.55867842145531,51.75,-88.81,140.56,-29.94,0.9852,0.15511071314816824,1.37,0.64,0.7300000000000001,0.98,1.37,0.9852,0.15511071314816824,0.7300000000000001,0.64,0.0,130.58,61.632799999999996,1.37,0.9007999999999999,0.06,0.05,-0.009999999999999995,-1.37,-0.94,0.43000000000000016,0.08,0.23,0.15000000000000002,-35.15,24.23,59.379999999999995,50.26,-74.26,-124.52000000000001,-40.58,-47.28,-6.700000000000003,normal_202.csv,0,normal
25,2.43999981880188,-0.18279999999999996,0.15624553326948795,0.12,-0.57,0.69,-0.18,-0.8512000000000001,0.08776483730211472,-0.61,-1.04,0.43000000000000005,-0.85,0.4008,0.0946449505608549,0.6,0.25,0.35,0.42,22.484,49.313091314578934,120.4,-78.95,199.35000000000002,14.4,68.1348,80.72466471077267,310.82,-64.0,374.82,68.55,-40.346399999999996,40.515361271991644,37.07,-123.73,160.8,-29.83,0.9723999999999999,0.1029676324547347,1.22,0.79,0.42999999999999994,0.95,1.22,0.9723999999999999,0.1029676324547347,0.42999999999999994,0.79,0.25,310.82,97.80720000000001,1.04,0.8512000000000001,-0.18,-0.2,-0.020000000000000018,-0.8,-0.78,0.020000000000000018,0.48,0.5,0.020000000000000018,45.8,90.37,44.57000000000001,8.98,-44.87,-53.849999999999994,21.17,-15.53,-36.7,normal_203.csv,0,normal
23,4.3999998569488525,0.27391304347826084,0.018275450606254833,0.3,0.22,0.07999999999999999,0.28,-0.9278260869565219,0.00951387586591786,-0.91,-0.95,0.039999999999999925,-0.93,-0.262608695652174,0.020497758481521796,-0.23,-0.32,0.09,-0.26,-1.5621739130434782,3.3661482662232256,3.15,-14.65,17.8,-1.26,-1.2504347826086957,2.205611599906989,5.16,-5.81,10.969999999999999,-1.23,0.6582608695652175,3.1892627420682453,9.71,-5.93,15.64,0.02,1.0030434782608695,0.010195713274212877,1.03,0.99,0.040000000000000036,1.0,1.03,1.0030434782608695,0.010195713274212877,0.040000000000000036,0.99,0.045454545454545456,14.65,3.9030434782608707,0.95,0.9278260869565219,0.3,0.26,-0.03999999999999998,-0.92,-0.94,-0.019999999999999907,-0.24,-0.26,-0.020000000000000018,-2.24,-3.87,-1.63,5.16,-2.87,-8.030000000000001,2.63,-0.89,-3.52,normal_205.csv,0,normal
26,5.0,-0.045384615384615384,0.10466062370273815,0.18,-0.2,0.38,-0.04,-0.9703846153846154,0.17429815304198193,-0.55,-1.31,0.76,-1.005,-0.2246153846153846,0.11409577623140199,-0.08,-0.54,0.46,-0.2,-3.828846153846153,15.77159505615664,32.28,-36.53,68.81,-5.79,-1.0403846153846155,26.58746042490997,41.73,-51.02,92.75,-6.155,0.5949999999999999,19.07873481130235,57.88,-30.92,88.80000000000001,-4.9350000000000005,1.01,0.16675730868540667,1.36,0.65,0.7100000000000001,1.02,1.36,1.01,0.16675730868540667,0.7100000000000001,0.65,0.92,57.88,28.22307692307692,1.31,0.9703846153846154,-0.06,0.09,0.15,-1.05,-0.77,0.28,-0.2,-0.26,-0.06,-8.83,-2.34,6.49,-8.15,10.01,18.16,24.73,-7.55,-32.28,normal_206.csv,0,normal
31,6.0,-0.04161290322580644,0.1847899126791205,0.25,-0.46,0.71,0.0,-0.9396774193548388,0.07296044000999183,-0.73,-1.09,0.3600000000000001,-0.95,-0.3490322580645161,0.07691358088615548,-0.22,-0.58,0.36,-0.35,-0.5151612903225812,14.059463686065161,27.7,-22.54,50.239999999999995,-2.73,26.26806451612903,74.80476127535175,127.54,-102.24,229.78,37.9,7.976129032258064,25.390680137591087,64.2,-46.82,111.02000000000001,13.34,1.0219354838709676,0.07282029730044179,1.2,0.86,0.33999999999999997,1.01,1.2,1.0219354838709676,0.07282029730044179,0.33999999999999997,0.86,0.8666666666666667,127.54,69.0525806451613,1.09,0.9396774193548388,0.05,0.07,0.020000000000000004,-0.97,-0.94,0.030000000000000027,-0.28,-0.41,-0.12999999999999995,-4.23,22.24,26.47,-3.33,25.88,29.21,-2.89,13.34,16.23,normal_207.csv,0,normal
31,6.0,-0.049354838709677426,0.14366478306277122,0.26,-0.29,0.55,-0.1,-0.9399999999999998,0.10401922899156675,-0.62,-1.27,0.65,-0.95,-0.3167741935483871,0.1458855052606711,0.03,-0.59,0.62,-0.3,-1.5700000000000005,14.858717755356057,30.68,-34.8,65.47999999999999,1.34,22.602258064516132,33.94389878507157,102.93,-24.83,127.76,19.14,8.271290322580645,20.716362090858762,42.12,-35.84,77.96000000000001,8.16,1.013225806451613,0.10495672431290255,1.3,0.69,0.6100000000000001,1.02,1.3,1.013225806451613,0.10495672431290255,0.6100000000000001,0.69,0.7666666666666667,102.93,35.06645161290322,1.27,0.9399999999999998,-0.13,-0.14,-0.010000000000000009,-0.95,-0.9,0.04999999999999993,-0.26,-0.3,-0.03999999999999998,-3.16,16.88,20.04,-10.36,-17.98,-7.620000000000001,6.25,6.18,-0.07000000000000028,normal_208.csv,0,normal
20,3.799999952316284,0.0019999999999999983,0.16503907033439721,0.21,-0.37,0.58,0.060000000000000005,-0.924,0.13268085968336124,-0.65,-1.28,0.63,-0.935,-0.254,0.11887189035171213,-0.04,-0.57,0.5299999999999999,-0.235,-1.4999999999999998,14.741441049318288,20.72,-38.73,59.449999999999996,0.010000000000000009,34.594500000000004,28.653682683309476,84.07,-12.66,96.72999999999999,31.494999999999997,4.0024999999999995,18.11383387446123,33.52,-30.89,64.41,0.755,0.9754999999999999,0.14630447703334304,1.41,0.69,0.72,0.995,1.41,0.9754999999999999,0.14630447703334304,0.72,0.69,0.8947368421052632,84.07,38.536500000000004,1.28,0.924,0.05,0.11,0.06,-0.99,-0.86,0.13,-0.29,-0.27,0.019999999999999962,4.68,0.56,-4.119999999999999,39.03,5.73,-33.3,13.92,1.6,-12.32,normal_209.csv,0,normal
23,4.400000095367432,0.014782608695652167,0.1568980434786579,0.31,-0.32,0.63,0.05,-0.938695652173913,0.1788423467197776,-0.53,-1.28,0.75,-0.97,-0.32086956521739135,0.14399851777893288,-0.06,-0.65,0.5900000000000001,-0.28,-4.799130434782609,19.927401398130502,45.04,-50.47,95.50999999999999,-2.53,3.741304347826086,24.974958604815605,45.56,-58.88,104.44,4.24,0.058260869565217886,16.66429379682906,21.44,-38.05,59.489999999999995,0.75,1.0108695652173914,0.19456041462926488,1.4,0.59,0.8099999999999999,1.02,1.4,1.0108695652173914,0.19456041462926488,0.8099999999999999,0.59,0.36363636363636365,58.88,27.534347826086954,1.28,0.938695652173913,0.06,0.31,0.25,-0.94,-0.79,0.1499999999999999,-0.2,-0.49,-0.29,1.62,-17.93,-19.55,2.4,24.21,21.810000000000002,2.15,-7.14,-9.29,normal_210.csv,0,normal
23,4.3999998569488525,-0.10130434782608692,0.12222573556654347,0.12,-0.43,0.55,-0.08,-0.927391304347826,0.19610334453835926,-0.59,-1.5,0.91,-0.9,-0.3613043478260869,0.13811406181539318,-0.09,-0.68,0.5900000000000001,-0.34,-5.264782608695652,22.81443878328037,22.67,-65.95,88.62,1.15,-42.68304347826086,19.09558645693783,-9.69,-75.98,66.29,-43.48,-16.743913043478262,13.893869066190973,5.19,-54.79,59.98,-14.73,1.0130434782608695,0.21067930783773747,1.6,0.68,0.92,1.03,1.6,1.0130434782608695,0.21067930783773747,0.92,0.68,0.7272727272727273,75.98,46.02826086956521,1.5,0.927391304347826,-0.08,-0.04,0.04,-0.93,-0.74,0.19000000000000006,-0.43,-0.16,0.27,10.55,7.94,-2.6100000000000003,-9.69,-36.18,-26.490000000000002,-10.79,-2.38,8.41,normal_211.csv,0,normal
20,3.799999952316284,-0.06150000000000001,0.10116557558878676,0.16,-0.22,0.38,-0.065,-0.9455,0.1892499044010048,-0.53,-1.29,0.76,-0.97,-0.3455,0.13240587520753633,-0.1,-0.62,0.52,-0.335,-3.3305000000000007,18.54520039340581,36.21,-60.56,96.77000000000001,-3.855,-3.9794999999999994,30.753099368835553,51.6,-51.51,103.11,9.205,-4.5409999999999995,15.74808890661106,19.7,-33.39,53.09,1.73,1.021,0.19991840440803,1.41,0.56,0.8499999999999999,1.03,1.41,1.021,0.19991840440803,0.8499999999999999,0.56,0.5263157894736842,60.56,32.23550000000001,1.29,0.9455,-0.15,-0.07,0.07999999999999999,-0.97,-0.69,0.28,-0.24,-0.1,0.13999999999999999,-8.89,-7.04,1.8500000000000005,-32.52,17.44,49.96000000000001,-3.09,1.86,4.95,normal_212.csv,0,normal
21,4.0,-0.045714285714285714,0.15759350965605876,0.26,-0.37,0.63,-0.05,-0.9585714285714285,0.10762368300173128,-0.79,-1.21,0.41999999999999993,-0.94,-0.42619047619047606,0.10947493733618625,-0.26,-0.62,0.36,-0.41,-9.290952380952382,20.917370987952072,25.28,-58.72,84.0,-5.41,36.406666666666666,38.970436145023235,111.78,-28.54,140.32,28.13,14.822857142857144,22.216651670055313,53.37,-37.69,91.06,13.66,1.063809523809524,0.1228200386938626,1.33,0.89,0.44000000000000006,1.02,1.33,1.063809523809524,0.1228200386938626,0.44000000000000006,0.89,0.7,111.78,48.1047619047619,1.21,0.9585714285714285,-0.03,-0.24,-0.21,-0.95,-0.85,0.09999999999999998,-0.39,-0.27,0.12,2.75,-6.78,-9.530000000000001,11.1,19.64,8.540000000000001,13.66,21.6,7.940000000000001,normal_213.csv,0,normal
24,4.6000001430511475,-0.14291666666666666,0.07849005290988854,0.06,-0.28,0.34,-0.135,-0.9170833333333333,0.13388766110848846,-0.66,-1.16,0.4999999999999999,-0.905,-0.41124999999999995,0.162596125415091,0.01,-0.69,0.7,-0.43,-5.02875,20.24872047755761,29.8,-60.44,90.24,-2.95,-16.29208333333333,28.395970164056216,9.41,-97.17,106.58,-6.725,-1.2154166666666668,13.505967756374655,27.08,-32.47,59.55,0.615,1.0279166666666668,0.14838197378700532,1.3,0.8,0.5,1.005,1.3,1.0279166666666668,0.14838197378700532,0.5,0.8,0.5217391304347826,97.17,27.514583333333334,1.16,0.9170833333333333,-0.17,-0.03,0.14,-0.83,-0.8,0.029999999999999916,0.01,-0.39,-0.4,19.18,18.51,-0.6699999999999982,-56.72,-9.73,46.989999999999995,7.9,-16.33,-24.229999999999997,normal_214.csv,0,normal
23,4.400000095367432,-0.12173913043478264,0.11625411718664354,0.12,-0.45,0.5700000000000001,-0.12,-0.9595652173913044,0.12708187271023944,-0.59,-1.22,0.63,-0.96,-0.18130434782608695,0.11612314575586194,0.04,-0.41,0.44999999999999996,-0.17,0.43521739130434783,18.20600272376849,42.62,-24.76,67.38,-6.92,-4.207826086956521,19.364249147831384,27.63,-41.37,69.0,-2.97,0.0817391304347826,12.102307312760246,19.82,-33.21,53.03,2.75,0.9982608695652173,0.13388095709224954,1.28,0.59,0.6900000000000001,1.0,1.28,0.9982608695652173,0.13388095709224954,0.6900000000000001,0.59,0.6818181818181818,42.62,20.84217391304348,1.22,0.9595652173913044,-0.15,-0.19,-0.04000000000000001,-0.99,-0.97,0.020000000000000018,-0.15,-0.15,0.0,0.66,-6.92,-7.58,-13.61,-2.97,10.639999999999999,-13.2,-0.25,12.95,normal_215.csv,0,normal
26,5.0,-0.13846153846153847,0.06762794142614768,0.01,-0.25,0.26,-0.16,-0.9826923076923078,0.11014745361769165,-0.72,-1.41,0.69,-0.97,-0.11615384615384615,0.18676352798288906,0.17,-0.73,0.9,-0.15,-2.821923076923077,17.69295656903747,28.93,-61.98,90.91,-2.34,-6.566923076923076,18.621324285717336,27.74,-60.45,88.19,-2.655,-3.1507692307692308,6.770851008892116,16.99,-15.46,32.45,-1.565,1.0150000000000001,0.13994999106823838,1.6,0.74,0.8600000000000001,0.99,1.6,1.0150000000000001,0.13994999106823838,0.8600000000000001,0.74,0.48,61.98,17.665769230769232,1.41,0.9826923076923078,-0.21,-0.08,0.13,-0.98,-0.91,0.06999999999999995,-0.15,0.12,0.27,-0.4,4.07,4.470000000000001,-7.27,-32.98,-25.709999999999997,-0.82,-11.94,-11.12,normal_216.csv,0,normal
23,4.3999998569488525,-0.04739130434782609,0.13551978692508834,0.18,-0.44,0.62,-0.04,-0.9543478260869567,0.15704157199916324,-0.65,-1.32,0.67,-0.94,-0.05434782608695652,0.11032291804090068,0.18,-0.31,0.49,-0.02,-5.4134782608695655,14.817435248779685,20.3,-34.61,54.91,-7.66,40.25782608695652,31.05778440797115,102.52,-20.3,122.82,51.74,3.5604347826086964,12.483718661542856,25.16,-23.57,48.730000000000004,5.4,0.9717391304347825,0.16112254438253013,1.4,0.69,0.71,0.94,1.4,0.9717391304347825,0.16112254438253013,0.71,0.69,0.8181818181818182,102.52,45.01304347826087,1.32,0.9543478260869567,-0.02,-0.31,-0.29,-0.85,-0.75,0.09999999999999998,0.02,0.18,0.16,17.8,-9.53,-27.33,51.74,-8.01,-59.75,-9.75,5.4,15.15,normal_217.csv,0,normal
25,4.799999952316284,-0.024800000000000003,0.15764199947983407,0.34,-0.37,0.71,-0.03,-0.9664000000000001,0.1585580860967572,-0.58,-1.21,0.63,-1.02,-0.2112,0.1163443165779919,-0.06,-0.44,0.38,-0.19,-0.4519999999999999,14.81314703228183,33.3,-28.5,61.8,0.35,22.324399999999997,41.06827344800363,117.34,-31.48,148.82,20.08,4.4376,14.385984290273642,34.42,-21.06,55.480000000000004,1.83,1.0064,0.17284096736595755,1.34,0.62,0.7200000000000001,1.05,1.34,1.0064,0.17284096736595755,0.7200000000000001,0.62,0.625,117.34,37.9056,1.21,0.9664000000000001,-0.13,0.04,0.17,-1.04,-1.07,-0.030000000000000027,-0.13,-0.36,-0.22999999999999998,-9.69,7.43,17.119999999999997,-28.73,-28.47,0.26000000000000156,-1.8,19.82,21.62,normal_218.csv,0,normal
21,4.0,0.02952380952380953,0.14606423896615456,0.29,-0.21,0.5,0.05,-0.9390476190476191,0.12279677365080739,-0.69,-1.16,0.47,-0.94,-0.18714285714285717,0.07510944395632664,-0.07,-0.33,0.26,-0.18,-4.737619047619047,15.343917656440258,24.89,-42.42,67.31,-3.18,43.68714285714285,35.328275239934534,114.31,-21.23,135.54,39.94,4.902380952380954,10.121984936148593,21.48,-12.02,33.5,3.87,0.9719047619047619,0.12536423124715632,1.19,0.69,0.5,0.98,1.19,0.9719047619047619,0.12536423124715632,0.5,0.69,0.95,114.31,48.76428571428571,1.16,0.9390476190476191,-0.09,-0.21,-0.12,-0.96,-0.94,0.020000000000000018,-0.16,-0.2,-0.04000000000000001,-0.23,-28.24,-28.009999999999998,5.58,2.31,-3.27,4.83,-11.93,-16.759999999999998,normal_219.csv,0,normal
26,5.0,-0.09000000000000001,0.16606023003717657,0.4,-0.33,0.73,-0.095,-0.9153846153846152,0.13894547906947588,-0.64,-1.12,0.4800000000000001,-0.94,-0.2996153846153846,0.1673434974949614,-0.05,-0.66,0.61,-0.29500000000000004,-0.26461538461538436,23.066124291830086,38.21,-66.73,104.94,1.075,-26.40192307692308,25.896460147167723,13.43,-95.5,108.93,-24.825000000000003,-9.201923076923078,13.150362738489237,10.44,-44.5,54.94,-6.125,0.995,0.13877319625922002,1.32,0.72,0.6000000000000001,1.0,1.32,0.995,0.13877319625922002,0.6000000000000001,0.72,0.64,95.5,34.82846153846154,1.12,0.9153846153846152,-0.03,-0.22,-0.19,-0.97,-0.99,-0.020000000000000018,-0.2,-0.14,0.06,-2.38,2.15,4.529999999999999,-7.63,-26.2,-18.57,-11.31,-4.34,6.970000000000001,normal_220.csv,0,normal
34,6.599999904632568,-0.06852941176470588,0.061944860766661426,0.13,-0.17,0.30000000000000004,-0.08,-0.5552941176470588,0.2957398047026499,-0.14,-1.03,0.89,-0.565,-0.7902941176470588,0.32243848644370443,-0.1,-1.16,1.0599999999999998,-0.84,-7.204705882352941,26.265969714868486,46.15,-66.42,112.57,-2.795,3.898235294117647,11.343951390722733,36.2,-6.62,42.82,-0.315,2.0805882352941176,7.058722925605131,16.3,-11.65,27.950000000000003,1.0899999999999999,1.0594117647058825,0.07507334500423421,1.2,0.89,0.30999999999999994,1.06,1.2,1.0594117647058825,0.07507334500423421,0.30999999999999994,0.89,0.3333333333333333,66.42,23.135294117647064,1.16,0.9408823529411764,0.05,-0.12,-0.16999999999999998,-1.03,-0.75,0.28,-0.1,-0.73,-0.63,5.31,10.37,5.06,21.24,-0.93,-22.169999999999998,15.64,9.01,-6.630000000000001,normal_221.csv,0,normal
35,6.800000190734863,-0.0002857142857142864,0.04435722066597596,0.09,-0.1,0.19,0.01,-0.4857142857142857,0.4151632259746528,0.07,-1.01,1.08,-0.54,-0.7125714285714286,0.44009586427038727,-0.01,-1.18,1.17,-0.93,-3.243142857142857,37.910324511111945,73.56,-53.66,127.22,-3.5,-0.9765714285714288,6.811779996644715,13.12,-15.63,28.75,-1.05,-1.3314285714285712,4.671442114440832,6.06,-12.76,18.82,-0.23,1.0462857142857143,0.08670727340024134,1.2,0.85,0.35,1.04,1.2,1.0462857142857143,0.08670727340024134,0.35,0.85,0.8529411764705882,73.56,29.848285714285716,1.18,0.9931428571428573,0.02,0.05,0.030000000000000002,-0.98,-0.97,0.010000000000000009,-0.04,-0.2,-0.16,14.51,6.82,-7.6899999999999995,-0.12,9.86,9.979999999999999,-7.47,-5.17,2.3,normal_222.csv,0,normal
31,6.0,-0.07999999999999999,0.15697133496278867,0.24,-0.38,0.62,-0.07,-0.933225806451613,0.15731893500729008,-0.56,-1.18,0.6199999999999999,-0.94,-0.19967741935483868,0.14729751912298097,0.06,-0.51,0.5700000000000001,-0.17,1.3664516129032256,18.909677689547767,35.02,-55.79,90.81,5.37,27.12548387096774,50.44328556829671,154.88,-61.82,216.7,17.95,6.113548387096776,15.413431707093892,43.92,-18.84,62.760000000000005,6.86,0.977741935483871,0.16734614182225926,1.28,0.59,0.6900000000000001,0.97,1.28,0.977741935483871,0.16734614182225926,0.6900000000000001,0.59,0.43333333333333335,154.88,45.07129032258064,1.18,0.933225806451613,0.15,-0.17,-0.32,-0.97,-0.73,0.24,-0.16,-0.18,-0.01999999999999999,-9.89,-10.82,-0.9299999999999997,15.86,9.29,-6.57,12.55,-0.32,-12.870000000000001,normal_223.csv,0,normal
21,4.0,-0.04666666666666667,0.18626146497151078,0.26,-0.48,0.74,0.0,-0.9995238095238096,0.20526753738660652,-0.6,-1.37,0.7700000000000001,-0.95,-0.22095238095238098,0.15309816334315582,-0.0,-0.56,0.56,-0.23,-1.9661904761904758,19.740234415069764,46.36,-42.86,89.22,-4.73,19.330952380952382,39.46143027118529,112.16,-40.98,153.14,5.43,-1.7842857142857143,14.272463547484916,25.97,-40.07,66.03999999999999,-0.5,1.0485714285714285,0.21152507450148111,1.48,0.69,0.79,1.01,1.48,1.0485714285714285,0.21152507450148111,0.79,0.69,0.95,112.16,37.696666666666665,1.37,0.9995238095238096,-0.34,0.26,0.6000000000000001,-0.95,-1.14,-0.18999999999999995,-0.0,-0.24,-0.24,-2.94,0.83,3.77,-22.2,38.04,60.239999999999995,14.65,-11.21,-25.86,normal_224.csv,0,normal
22,4.199999809265137,-0.04181818181818182,0.14331571420955186,0.23,-0.41,0.64,-0.07,-0.9995454545454543,0.21988042795438298,-0.51,-1.44,0.9299999999999999,-0.975,-0.22727272727272727,0.10305716482020656,-0.06,-0.45,0.39,-0.2,-6.096818181818182,25.287262629606655,28.2,-58.44,86.64,0.43000000000000005,4.390909090909092,31.811465574401662,49.01,-54.31,103.32,1.02,2.308636363636363,13.006660672957986,35.21,-28.94,64.15,0.615,1.0372727272727273,0.2282267422705891,1.52,0.58,0.9400000000000001,1.01,1.52,1.0372727272727273,0.2282267422705891,0.9400000000000001,0.58,0.6190476190476191,58.44,35.56409090909091,1.44,0.9995454545454543,-0.11,-0.11,0.0,-1.05,-1.09,-0.040000000000000036,-0.15,-0.31,-0.16,13.66,-6.19,-19.85,49.01,-30.63,-79.64,6.58,-4.49,-11.07,normal_225.csv,0,normal
26,5.0,-0.1053846153846154,0.12712924979659934,0.23,-0.36,0.59,-0.11499999999999999,-0.94,0.11324310133513653,-0.65,-1.17,0.5199999999999999,-0.955,-0.22615384615384615,0.11218117214851779,0.05,-0.41,0.45999999999999996,-0.21,3.05423076923077,19.346386158262618,36.38,-41.34,77.72,5.6049999999999995,3.62423076923077,30.945611278250993,51.9,-65.03,116.93,7.43,1.439230769230769,11.413652149273492,22.81,-20.81,43.62,1.9449999999999998,0.9892307692307694,0.10533463160511179,1.21,0.77,0.43999999999999995,0.995,1.21,0.9892307692307694,0.10533463160511179,0.43999999999999995,0.77,0.2,65.03,28.294999999999998,1.17,0.94,-0.1,-0.15,-0.04999999999999999,-0.97,-1.17,-0.19999999999999996,-0.19,-0.11,0.08,-7.86,-26.03,-18.17,-24.73,-19.36,5.370000000000001,-4.43,-6.1,-1.67,normal_226.csv,0,normal
22,4.180000066757202,-0.08863636363636364,0.1326037941906876,0.18,-0.33,0.51,-0.055,-0.9563636363636363,0.12673727810844632,-0.62,-1.12,0.5000000000000001,-0.99,-0.2690909090909091,0.08467917554253093,-0.12,-0.47,0.35,-0.265,5.762727272727273,14.11714161740568,34.75,-19.39,54.14,4.275,10.672272727272729,39.8251099220458,104.07,-39.82,143.89,0.27,6.470909090909092,16.088968983241994,30.11,-28.98,59.09,6.529999999999999,1.0086363636363636,0.13028523486658963,1.22,0.67,0.5499999999999999,1.0350000000000001,1.22,1.0086363636363636,0.13028523486658963,0.5499999999999999,0.67,0.7142857142857143,104.07,33.372727272727275,1.12,0.9563636363636363,-0.05,-0.22,-0.16999999999999998,-0.9,-1.02,-0.12,-0.23,-0.29,-0.05999999999999997,-0.31,34.75,35.06,-27.79,104.07,131.85999999999999,15.13,15.47,0.33999999999999986,normal_227.csv,0,normal
27,5.200000047683716,0.02592592592592593,0.13970461308553458,0.26,-0.27,0.53,0.04,-0.9359259259259258,0.1794277068746686,-0.46,-1.22,0.76,-0.96,-0.18185185185185182,0.1367489850064157,0.04,-0.41,0.44999999999999996,-0.19,5.054074074074074,24.78357198742426,75.79,-46.54,122.33000000000001,0.03,24.214074074074073,23.68794358371092,59.85,-36.89,96.74000000000001,26.01,9.461111111111114,15.678453940000523,42.1,-20.57,62.67,5.05,0.9751851851851852,0.16338652543939078,1.24,0.6,0.64,0.99,1.24,0.9751851851851852,0.16338652543939078,0.64,0.6,0.7307692307692307,75.79,36.24740740740741,1.22,0.9359259259259258,0.14,0.03,-0.11000000000000001,-0.97,-0.99,-0.020000000000000018,-0.24,0.03,0.27,-12.42,30.1,42.52,39.55,-36.89,-76.44,9.36,-6.73,-16.09,normal_228.csv,0,normal
25,4.799999952316284,-0.027200000000000002,0.13277549974800823,0.17,-0.33,0.5,-0.05,-0.8199999999999998,0.23771481513219436,-0.43,-1.37,0.9400000000000002,-0.9,-0.4876,0.3353764054511488,0.09,-0.95,1.04,-0.54,1.3083999999999996,30.779577330864477,65.92,-54.36,120.28,-0.21,12.252000000000002,23.746082308456696,68.15,-19.18,87.33000000000001,5.66,6.9548000000000005,14.214699293337162,33.24,-25.12,58.36,5.98,1.0348,0.12433556745088403,1.38,0.77,0.6099999999999999,1.02,1.38,1.0348,0.12433556745088403,0.6099999999999999,0.77,0.8333333333333334,68.15,32.8916,1.37,0.9164,0.15,0.1,-0.04999999999999999,-0.97,-0.95,0.020000000000000018,-0.17,0.09,0.26,-11.37,-0.21,11.159999999999998,-8.18,3.1,11.28,-8.35,2.09,10.44,normal_229.csv,0,normal
24,4.6000001430511475,0.044583333333333336,0.08485174624354946,0.18,-0.16,0.33999999999999997,0.07,-0.98875,0.06732868759981174,-0.82,-1.21,0.39,-0.985,-0.11833333333333333,0.17442244237997903,0.03,-0.87,0.9,-0.08,-5.533333333333334,11.631635522467864,12.62,-40.63,53.25,-3.66,1.195416666666669,46.409680303852525,74.24,-95.02,169.26,1.555,2.04625,6.363328232588051,15.0,-13.31,28.310000000000002,0.76,1.0125,0.091994801365408,1.27,0.83,0.44000000000000006,0.995,1.27,1.0125,0.091994801365408,0.44000000000000006,0.83,0.9565217391304348,95.02,37.337916666666665,1.21,0.98875,0.11,-0.01,-0.12,-1.02,-0.93,0.08999999999999997,-0.08,-0.87,-0.79,-7.98,-40.63,-32.650000000000006,0.48,14.27,13.79,12.47,8.38,-4.09,normal_230.csv,0,normal
27,5.200000047683716,-0.01777777777777778,0.06874329804163477,0.1,-0.19,0.29000000000000004,-0.02,-0.9270370370370371,0.1133345902393852,-0.69,-1.16,0.47,-0.93,-0.14666666666666667,0.32548189126042254,0.34,-0.76,1.1,-0.06,0.6900000000000003,37.0380539237895,87.44,-58.66,146.1,-3.56,-3.547407407407407,14.779749033102068,28.96,-41.15,70.11,-4.54,-0.6714814814814816,11.67123904295173,15.41,-41.11,56.519999999999996,2.08,0.9951851851851851,0.09767963217227293,1.16,0.79,0.3699999999999999,0.98,1.16,0.9951851851851851,0.09767963217227293,0.3699999999999999,0.79,0.3076923076923077,87.44,30.239999999999995,1.16,0.9296296296296297,-0.07,-0.02,0.05,-0.99,-0.98,0.010000000000000009,-0.06,0.13,0.19,4.98,-3.56,-8.540000000000001,-14.08,-0.58,13.5,0.47,-3.11,-3.58,normal_231.csv,0,normal
25,4.799999952316284,-0.016800000000000002,0.09406203626685244,0.12,-0.25,0.37,0.03,-0.9972,0.09502280428051646,-0.82,-1.35,0.5300000000000001,-0.99,-0.1056,0.17421442726326275,0.09,-0.55,0.64,-0.04,-2.3647999999999993,22.497368572050082,60.08,-45.93,106.00999999999999,-7.4,7.3748000000000005,44.95007277710089,100.08,-87.12,187.2,2.28,0.11920000000000006,12.997775745616375,23.58,-22.33,45.91,0.74,1.0216,0.0909981684797374,1.36,0.86,0.5000000000000001,1.0,1.36,1.0216,0.0909981684797374,0.5000000000000001,0.86,0.4583333333333333,100.08,42.174,1.35,0.9972,-0.01,0.12,0.13,-1.01,-0.97,0.040000000000000036,0.07,-0.01,-0.08,-7.4,-5.01,2.3900000000000006,-2.08,-16.59,-14.51,-2.66,4.63,7.29,normal_232.csv,0,normal
27,5.200000047683716,-0.09481481481481481,0.1284634150365348,0.19,-0.31,0.5,-0.11,-0.9437037037037037,0.1729639390639685,-0.63,-1.23,0.6,-0.96,-0.36851851851851847,0.2885734635662882,0.04,-0.87,0.91,-0.32,-13.705555555555556,21.991068350116308,23.01,-50.49,73.5,-14.37,-10.88888888888889,31.863725497250044,56.33,-70.39,126.72,-10.22,-3.5518518518518514,10.597422051190287,21.53,-28.98,50.510000000000005,-6.1,1.0722222222222224,0.10832051206181278,1.28,0.89,0.39,1.07,1.28,1.0722222222222224,0.10832051206181278,0.39,0.89,0.23076923076923078,70.39,34.28703703703704,1.23,0.9633333333333333,-0.3,-0.12,0.18,-0.94,-0.89,0.04999999999999993,0.04,-0.79,-0.8300000000000001,-19.14,9.29,28.43,-28.11,14.75,42.86,2.15,-6.8,-8.95,normal_233.csv,0,normal
23,4.400000095367432,-0.02434782608695653,0.18386818615906053,0.27,-0.34,0.6100000000000001,-0.04,-1.0269565217391303,0.16307931095046682,-0.73,-1.5,0.77,-1.03,-0.30652173913043473,0.15732446771653952,-0.09,-0.69,0.6,-0.3,2.0652173913043486,20.34727675983943,38.52,-55.9,94.42,5.48,32.25913043478261,47.28886260508085,116.12,-54.91,171.03,21.2,5.843913043478261,14.80135489471716,44.21,-19.65,63.86,5.1,1.097826086956522,0.16602180912976275,1.54,0.77,0.77,1.1,1.54,1.097826086956522,0.16602180912976275,0.77,0.77,0.6818181818181818,116.12,46.47826086956522,1.5,1.0269565217391303,0.06,-0.05,-0.11,-0.96,-1.17,-0.20999999999999996,-0.45,-0.43,0.020000000000000018,26.64,-14.86,-41.5,91.47,68.57,-22.900000000000006,10.99,-0.51,-11.5,normal_234.csv,0,normal
25,4.799999952316284,-0.016399999999999994,0.19608416560242697,0.42,-0.34,0.76,0.0,-0.9328,0.1684369318172235,-0.46,-1.22,0.76,-0.96,-0.2988,0.1180155357004605,-0.14,-0.55,0.41000000000000003,-0.27,2.0404,21.024770803348446,49.8,-33.44,83.24,-0.44,38.9284,26.93539410639218,92.44,-21.6,114.03999999999999,41.03,5.1536,13.680561294527843,35.69,-18.57,54.26,1.55,1.0044000000000002,0.1665853134783096,1.29,0.57,0.7200000000000001,1.01,1.29,1.0044000000000002,0.1665853134783096,0.7200000000000001,0.57,0.9583333333333334,92.44,43.4824,1.22,0.9328,0.06,-0.34,-0.4,-0.96,-0.89,0.06999999999999995,-0.18,-0.24,-0.06,-12.21,34.39,46.6,24.63,92.44,67.81,-2.65,13.08,15.73,normal_235.csv,0,normal
30,5.799999952316284,-0.08466666666666667,0.14165848522690622,0.13,-0.4,0.53,-0.065,-0.9656666666666668,0.16428913396883524,-0.69,-1.32,0.6300000000000001,-0.94,-0.241,0.154748962449867,0.1,-0.59,0.69,-0.22999999999999998,-6.674666666666668,12.93388139021276,20.04,-41.37,61.41,-5.79,-15.476333333333333,46.388033347147754,48.37,-118.69,167.06,-4.195,-4.751666666666667,17.775565189779254,37.65,-38.88,76.53,-8.809999999999999,1.0206666666666666,0.17154336605296522,1.35,0.72,0.6300000000000001,1.01,1.35,1.0206666666666666,0.17154336605296522,0.6300000000000001,0.72,0.27586206896551724,118.69,41.60266666666667,1.32,0.9656666666666668,0.04,-0.02,-0.06,-1.19,-1.18,0.010000000000000009,-0.32,-0.59,-0.26999999999999996,-4.76,-7.76,-3.0,16.5,-41.78,-58.28,-8.11,2.06,10.17,normal_236.csv,0,normal
25,4.799999952316284,-0.026000000000000006,0.1543264937289339,0.4,-0.28,0.68,-0.01,-0.954,0.2005824851110718,-0.5,-1.36,0.8600000000000001,-0.98,-0.2668,0.09423905772024675,-0.13,-0.51,0.38,-0.24,9.023599999999998,24.770248767422583,55.69,-36.25,91.94,7.99,0.7360000000000008,35.91138282866126,61.51,-54.84,116.35,1.72,1.3852000000000002,15.355497148144266,49.02,-28.92,77.94,1.84,1.0048,0.21197720003182732,1.47,0.59,0.88,1.0,1.47,1.0048,0.21197720003182732,0.88,0.59,0.7916666666666666,61.51,36.296,1.36,0.954,-0.19,0.09,0.28,-0.92,-1.0,-0.07999999999999996,-0.28,-0.27,0.010000000000000009,-11.4,-15.95,-4.549999999999999,-41.25,43.92,85.17,8.89,-3.01,-11.9,normal_237.csv,0,normal
23,4.400000095367432,-0.023478260869565223,0.20193627923076432,0.59,-0.4,0.99,0.0,-0.9943478260869566,0.5581285782697594,0.05,-2.0,2.05,-0.97,-0.2765217391304348,0.16491343998518443,0.03,-0.69,0.72,-0.26,-9.853043478260872,47.34155184639912,46.08,-193.85,239.93,-4.0,9.492173913043475,27.537442436950816,101.48,-25.81,127.29,9.75,4.5826086956521745,25.97570792059929,86.08,-50.32,136.4,6.35,1.0730434782608693,0.5348613650675259,2.08,0.09,1.99,1.01,2.08,1.0730434782608693,0.5348613650675259,1.99,0.09,0.7727272727272727,193.85,35.710434782608694,2.0,1.0147826086956522,0.14,0.01,-0.13,-0.97,-0.96,0.010000000000000009,-0.23,-0.13,0.1,-15.17,-4.0,11.17,12.18,10.91,-1.2699999999999996,15.66,6.35,-9.31,normal_238.csv,0,normal
31,6.0,-0.030000000000000002,0.15440207252495028,0.26,-0.29,0.55,-0.04,-0.9054838709677421,0.23077895209741897,-0.39,-1.32,0.93,-0.95,-0.28096774193548385,0.13886095776494503,-0.04,-0.6,0.5599999999999999,-0.26,8.981612903225807,21.117187485833146,48.19,-42.02,90.21000000000001,10.96,28.792903225806448,58.25001174211889,137.3,-77.73,215.03000000000003,26.17,7.016774193548387,17.262348698269456,40.58,-26.27,66.85,5.16,0.9783870967741936,0.19148710616633433,1.37,0.6,0.7700000000000001,1.01,1.37,0.9783870967741936,0.19148710616633433,0.7700000000000001,0.6,0.43333333333333335,137.3,56.8941935483871,1.32,0.9125806451612904,-0.08,-0.01,0.07,-1.03,-0.71,0.32000000000000006,-0.34,-0.47,-0.12999999999999995,-2.35,27.15,29.5,2.89,72.42,69.53,7.46,26.23,18.77,normal_239.csv,0,normal
34,6.6000001430511475,-0.0323529411764706,0.23718115852821092,0.38,-0.5,0.88,0.0,-0.9494117647058824,0.23960752222307705,-0.2,-1.51,1.31,-0.96,-0.3214705882352942,0.17164325853246756,-0.07,-0.9,0.8300000000000001,-0.275,1.3835294117647061,22.505229275471354,54.43,-36.74,91.17,0.41999999999999993,23.839117647058828,68.63141282583791,158.38,-152.24,310.62,22.655,4.140000000000001,25.880451380073794,49.95,-47.42,97.37,5.31,1.0435294117647058,0.23855476917599694,1.76,0.38,1.38,1.03,1.76,1.0435294117647058,0.23855476917599694,1.38,0.38,0.9696969696969697,158.38,58.75294117647059,1.51,0.9529411764705884,-0.24,0.08,0.32,-1.13,-1.08,0.04999999999999982,-0.16,-0.46,-0.30000000000000004,-35.8,-30.95,4.849999999999998,3.82,10.73,6.91,17.27,-20.73,-38.0,normal_240.csv,0,normal
27,5.200000047683716,-0.07148148148148148,0.139826917836184,0.26,-0.3,0.56,-0.08,-0.9674074074074075,0.214073901556531,-0.54,-1.46,0.9199999999999999,-0.94,-0.36111111111111105,0.19008769905844333,-0.16,-0.83,0.6699999999999999,-0.3,-6.402592592592593,27.392919157019755,34.6,-71.73,106.33000000000001,-4.9,-19.384074074074075,53.09324846685812,82.72,-110.5,193.22,-21.16,-1.536666666666667,17.09681256842924,38.03,-31.08,69.11,-2.26,1.0544444444444443,0.24000534182089386,1.66,0.67,0.9899999999999999,1.0,1.66,1.0544444444444443,0.24000534182089386,0.9899999999999999,0.67,0.38461538461538464,110.5,49.15555555555556,1.46,0.9674074074074075,-0.01,-0.04,-0.03,-0.94,-0.87,0.06999999999999995,-0.23,-0.24,-0.009999999999999981,-12.44,11.79,24.229999999999997,-38.04,-31.79,6.25,-22.15,-6.66,15.489999999999998,normal_241.csv,0,normal
26,5.0,-0.03076923076923077,0.11949637908901097,0.16,-0.36,0.52,-0.035,-0.9326923076923078,0.27271314881842706,-0.37,-1.35,0.9800000000000001,-1.01,-0.3876923076923078,0.15350068904881678,-0.04,-0.73,0.69,-0.36,3.433846153846154,19.269519781649585,41.45,-43.89,85.34,6.765,1.695384615384615,44.74702110583624,81.08,-70.42,151.5,2.005,2.6803846153846154,16.054883489024572,32.53,-27.92,60.45,2.49,1.0323076923076924,0.25322413300959595,1.49,0.54,0.95,1.085,1.49,1.0323076923076924,0.25322413300959595,0.95,0.54,0.2,81.08,41.184230769230766,1.35,0.9415384615384615,-0.11,-0.1,0.009999999999999995,-1.08,-1.12,-0.040000000000000036,-0.34,-0.48,-0.13999999999999996,3.23,12.44,9.209999999999999,-54.95,81.08,136.03,-16.9,11.47,28.369999999999997,normal_242.csv,0,normal
32,6.200000047683716,-0.009999999999999998,0.1562049935181331,0.4,-0.34,0.74,0.02,-0.8475,0.2237365962826132,-0.24,-1.35,1.11,-0.91,-0.323125,0.39062759676556225,0.42,-1.01,1.43,-0.33999999999999997,1.3199999999999998,36.94389390378596,117.4,-58.7,176.10000000000002,-2.54,-3.833437500000001,30.97451716506443,57.32,-73.09,130.41,-2.45,-5.2653125,22.292822218818294,38.22,-82.05,120.27,-0.48500000000000004,1.0062499999999999,0.17794072953038734,1.55,0.76,0.79,0.975,1.55,1.0062499999999999,0.17794072953038734,0.79,0.76,0.16129032258064516,117.4,36.4403125,1.35,0.8987499999999999,0.02,0.02,0.0,-0.73,-1.02,-0.29000000000000004,-0.4,-0.18,0.22000000000000003,11.32,-7.38,-18.7,24.47,-1.54,-26.009999999999998,17.36,6.21,-11.149999999999999,normal_243.csv,0,normal
28,5.400000095367432,0.031071428571428573,0.1373920933008421,0.39,-0.31,0.7,0.02,-0.9221428571428572,0.054184673441655375,-0.79,-1.01,0.21999999999999997,-0.915,-0.26928571428571424,0.2310351676201021,0.06,-0.99,1.05,-0.255,-0.6132142857142856,31.913286221162842,52.73,-71.86,124.59,-3.76,12.528571428571428,32.62596100066527,99.58,-41.68,141.26,2.325,2.3085714285714287,16.84701527896036,45.61,-34.44,80.05,3.4349999999999996,0.9953571428571427,0.07652073758415613,1.31,0.9,0.41000000000000003,0.985,1.31,0.9953571428571427,0.07652073758415613,0.41000000000000003,0.9,0.6666666666666666,99.58,39.61678571428572,1.01,0.9267857142857144,-0.03,0.04,0.07,-0.98,-0.95,0.030000000000000027,-0.13,-0.27,-0.14,-22.45,-26.13,-3.6799999999999997,47.42,23.91,-23.51,32.93,8.9,-24.03,normal_244.csv,0,normal
29,5.5899999141693115,0.05310344827586207,0.08561139144312273,0.25,-0.08,0.33,0.06,-0.8924137931034483,0.22625294271825494,-0.43,-1.37,0.9400000000000002,-0.96,-0.45689655172413796,0.30072654223059603,-0.03,-1.24,1.21,-0.39,-6.203103448275861,39.14225868578141,92.21,-100.79,193.0,-3.53,2.4686206896551726,25.877285506258453,59.25,-49.24,108.49000000000001,5.06,0.31103448275862056,14.56875995919929,33.34,-26.97,60.31,0.07,1.053793103448276,0.19995381240075433,1.48,0.72,0.76,1.02,1.48,1.053793103448276,0.19995381240075433,0.76,0.72,0.6428571428571429,100.79,37.03896551724138,1.37,0.9548275862068966,0.06,0.15,0.09,-0.97,-0.87,0.09999999999999998,-0.39,-0.33,0.06,-3.24,-1.82,1.4200000000000002,2.45,-32.41,-34.86,0.07,-26.97,-27.04,normal_245.csv,0,normal
27,5.200000047683716,0.0003703703703703707,0.17399119079118483,0.55,-0.42,0.97,-0.01,-0.9633333333333333,0.2285405198882011,-0.46,-1.58,1.12,-0.97,-0.4477777777777778,0.23183769742800228,-0.08,-1.22,1.14,-0.4,-5.045185185185184,18.033464697690487,19.76,-72.85,92.61,-4.07,26.49592592592593,60.76760132854572,174.05,-60.44,234.49,11.79,7.822222222222223,20.678108887891252,53.96,-28.76,82.72,0.38,1.0959259259259257,0.24729706924231926,1.79,0.63,1.1600000000000001,1.08,1.79,1.0959259259259257,0.24729706924231926,1.1600000000000001,0.63,0.8461538461538461,174.05,49.51074074074074,1.58,0.984074074074074,-0.07,0.55,0.6200000000000001,-0.96,-0.66,0.29999999999999993,-0.41,-1.22,-0.81,13.81,-9.6,-23.41,1.76,4.45,2.6900000000000004,-1.48,11.99,13.47,normal_246.csv,0,normal
18,3.3999998569488525,-0.007777777777777776,0.12511432680249626,0.2,-0.26,0.46,0.004999999999999999,-0.9255555555555556,0.14757738636837375,-0.55,-1.12,0.5700000000000001,-0.94,-0.41944444444444445,0.10607834076325368,-0.16,-0.58,0.41999999999999993,-0.42,-1.017777777777778,14.663794772301712,27.47,-43.75,71.22,-1.6749999999999998,0.43111111111110967,25.180197609113137,43.35,-40.24,83.59,0.745,-0.5422222222222223,11.499005356247407,19.7,-25.44,45.14,-0.7549999999999999,1.0305555555555554,0.13143874539438388,1.22,0.8,0.41999999999999993,1.02,1.22,1.0305555555555554,0.13143874539438388,0.41999999999999993,0.8,0.35294117647058826,43.75,24.442222222222224,1.12,0.9266666666666666,0.12,0.04,-0.07999999999999999,-0.92,-0.96,-0.039999999999999925,-0.42,-0.43,-0.010000000000000009,-9.0,4.0,13.0,-5.62,6.79,12.41,-3.21,-5.63,-2.42,normal_247.csv,0,normal
26,4.990000009536743,0.03230769230769231,0.0988051695938099,0.15,-0.21,0.36,0.07,-0.9665384615384615,0.20009882173950566,-0.51,-1.39,0.8799999999999999,-1.0150000000000001,-0.41230769230769226,0.1555199715099689,-0.2,-0.82,0.6199999999999999,-0.38,-0.7411538461538453,19.890677882248877,38.02,-54.62,92.64,0.25,17.910384615384615,34.907649302783966,79.24,-47.57,126.81,21.18,8.38576923076923,18.927945091441263,47.59,-24.47,72.06,7.64,1.0665384615384617,0.2027795316631796,1.54,0.65,0.89,1.105,1.54,1.0665384615384617,0.2027795316631796,0.89,0.65,0.24,79.24,36.67653846153846,1.39,0.9665384615384615,0.09,0.12,0.03,-1.07,-1.02,0.050000000000000044,-0.45,-0.48,-0.02999999999999997,8.63,-8.78,-17.41,40.64,21.57,-19.07,39.68,-6.19,-45.87,normal_248.csv,0,normal
22,4.200000047683716,-0.2281818181818182,0.36206598140639346,0.37,-0.72,1.0899999999999999,-0.1,-0.6890909090909092,0.3229316467688611,-0.05,-1.08,1.03,-0.78,-0.5009090909090907,0.22268724792769432,0.05,-0.79,0.8400000000000001,-0.53,-6.092272727272726,36.85452507356821,69.48,-96.25,165.73000000000002,1.38,-2.2104545454545454,43.050741543004776,74.14,-90.8,164.94,-5.575,-12.94090909090909,53.44927679221104,59.76,-120.42,180.18,-5.43,1.0181818181818183,0.1267782602528023,1.23,0.71,0.52,1.0350000000000001,1.23,1.0181818181818183,0.1267782602528023,0.52,0.71,0.8571428571428571,120.42,61.63227272727273,1.08,0.8172727272727273,-0.04,0.29,0.32999999999999996,-0.78,-0.99,-0.20999999999999996,-0.28,-0.19,0.09000000000000002,-6.66,8.74,15.4,35.17,-0.91,-36.08,16.99,-26.14,-43.129999999999995,normal_249.csv,0,normal
22,4.200000047683716,0.045,0.13532148669706806,0.2,-0.22,0.42000000000000004,0.055,-0.9277272727272727,0.07282933855330938,-0.77,-1.09,0.32000000000000006,-0.94,-0.3145454545454545,0.24492423070794528,0.1,-0.84,0.94,-0.22,-1.7468181818181812,22.698228667277863,47.18,-40.83,88.00999999999999,-5.795,-6.070909090909091,23.65811205064482,43.32,-67.15,110.47,-0.175,-0.39545454545454545,13.449426161337295,25.02,-21.08,46.099999999999994,-0.13499999999999995,1.015909090909091,0.07877992800375651,1.22,0.91,0.30999999999999994,0.985,1.22,1.015909090909091,0.07877992800375651,0.30999999999999994,0.91,0.3333333333333333,67.15,27.225454545454546,1.09,0.9277272727272727,0.15,0.2,0.05000000000000002,-0.96,-0.95,0.010000000000000009,-0.32,-0.12,0.2,8.22,-6.49,-14.71,0.56,43.32,42.76,8.31,-5.69,-14.0,normal_250.csv,0,normal
25,4.800000190734863,0.016,0.16237815945091466,0.27,-0.27,0.54,0.03,-0.39880000000000004,0.41442047890196415,0.19,-1.03,1.22,-0.18,0.6056,0.45670085030210605,1.12,-0.42,1.54,0.84,15.0184,26.43255673722591,78.87,-23.42,102.29,9.27,4.5956,20.511180097693064,60.4,-30.68,91.08,3.47,-4.3016000000000005,14.295032843613898,20.91,-29.03,49.94,-6.2,0.9512,0.09980480950335009,1.16,0.77,0.3899999999999999,0.95,1.16,0.9512,0.09980480950335009,0.3899999999999999,0.77,0.5,78.87,27.181200000000004,1.12,0.9128000000000001,0.13,-0.07,-0.2,-1.03,-0.12,0.91,-0.42,0.94,1.3599999999999999,14.11,0.4,-13.709999999999999,-30.68,2.83,33.51,-3.53,2.64,6.17,normal_251.csv,0,normal
25,4.799999952316284,-0.0284,0.14644908102590926,0.28,-0.22,0.5,-0.09,-0.3696,0.36382779809501453,-0.04,-1.01,0.97,-0.14,0.6172,0.4867281924578988,0.99,-0.6,1.5899999999999999,0.87,-25.0464,30.54327529369872,9.47,-92.54,102.01,-11.45,-6.2612,11.599641632395375,16.14,-28.12,44.260000000000005,-5.25,-2.0476,12.410925724269454,9.73,-45.73,55.459999999999994,1.62,0.9428000000000002,0.06451873113032111,1.13,0.84,0.2899999999999999,0.93,1.13,0.9428000000000002,0.06451873113032111,0.2899999999999999,0.84,0.9583333333333334,92.54,28.338800000000003,1.01,0.8912000000000002,-0.09,0.15,0.24,-0.11,-0.87,-0.76,0.93,-0.5,-1.4300000000000002,9.47,-22.8,-32.27,4.76,-9.12,-13.879999999999999,8.78,6.76,-2.0199999999999996,normal_252.csv,0,normal
33,6.400000095367432,-0.009999999999999998,0.19173549488814012,0.29,-0.33,0.62,0.04,-0.5466666666666666,0.445313559940259,0.22,-1.16,1.38,-0.76,0.45606060606060606,0.4859651440300232,1.1,-0.31,1.4100000000000001,0.52,11.505757575757576,24.43912501378464,82.46,-32.64,115.1,3.29,2.1778787878787877,37.494633262439685,95.31,-87.73,183.04000000000002,1.41,3.998181818181817,16.073394253887667,30.9,-40.18,71.08,2.42,0.9803030303030303,0.068167296433336,1.16,0.78,0.3799999999999999,0.97,1.16,0.9803030303030303,0.068167296433336,0.3799999999999999,0.78,0.28125,95.31,32.38757575757575,1.16,0.9360606060606059,0.12,-0.2,-0.32,-0.93,-0.09,0.8400000000000001,-0.21,0.91,1.12,-2.7,-1.02,1.6800000000000002,-26.79,1.21,28.0,10.19,0.4,-9.79,normal_253.csv,0,normal
31,6.0,-0.045161290322580656,0.15679861750542606,0.2,-0.26,0.46,-0.08,-0.5183870967741936,0.40689144149427664,-0.03,-0.99,0.96,-0.61,0.41870967741935483,0.5913811063123557,1.0,-0.48,1.48,0.85,-16.3416129032258,23.120219736091638,10.62,-75.92,86.54,-6.98,-1.8506451612903225,11.87805481703798,38.02,-26.18,64.2,-1.26,-2.1803225806451616,10.032191679412486,16.1,-30.89,46.99,-0.74,0.9816129032258065,0.05404299363738394,1.18,0.9,0.2799999999999999,0.98,1.18,0.9816129032258065,0.05404299363738394,0.2799999999999999,0.9,0.5,75.92,22.64096774193548,1.0,0.922258064516129,-0.22,0.12,0.33999999999999997,-0.11,-0.94,-0.83,0.9,-0.23,-1.1300000000000001,-0.86,4.26,5.12,-4.21,-18.0,-13.79,-0.18,-8.86,-8.68,normal_254.csv,0,normal
28,5.3999998569488525,0.10035714285714284,0.1369639623555298,0.34,-0.21,0.55,0.135,-0.6950000000000001,0.3709497320442538,-0.07,-1.08,1.01,-0.92,0.3325,0.42822307270860593,1.05,-0.25,1.3,0.21,21.037142857142857,33.17758992175099,106.64,-31.34,137.98,19.995,2.8017857142857148,29.456217108154796,82.32,-40.37,122.69,1.29,2.9878571428571425,14.273095736551406,44.58,-16.87,61.45,0.5900000000000001,0.9639285714285715,0.061544280097328416,1.1,0.83,0.27000000000000013,0.98,1.1,0.9639285714285715,0.061544280097328416,0.27000000000000013,0.83,0.18518518518518517,106.64,37.13142857142857,1.08,0.92,0.34,-0.08,-0.42000000000000004,-0.79,-0.12,0.67,-0.25,0.91,1.1600000000000001,50.89,-4.45,-55.34,-40.37,2.18,42.55,1.31,1.4,0.08999999999999986,normal_255.csv,0,normal
28,5.390000104904175,-0.7932142857142858,0.32864540805068954,-0.09,-1.11,1.02,-0.95,0.07392857142857144,0.1216046808831733,0.22,-0.17,0.39,0.135,0.13142857142857142,0.4980607897280715,0.94,-0.4,1.3399999999999999,-0.15000000000000002,-0.2710714285714288,13.23238209267556,27.19,-40.17,67.36,-0.99,16.18035714285714,28.391659375421284,76.6,-33.91,110.50999999999999,13.51,5.2285714285714295,12.130691017014016,35.62,-25.88,61.5,3.66,1.0017857142857145,0.07154659561373514,1.16,0.9,0.2599999999999999,1.0,1.16,1.0017857142857145,0.07154659561373514,0.2599999999999999,0.9,0.7777777777777778,76.6,26.252857142857145,1.11,0.9467857142857143,-0.15,-0.97,-0.82,-0.14,0.14,0.28,0.91,-0.23,-1.1400000000000001,-0.21,0.92,1.1300000000000001,0.66,6.4,5.74,3.39,0.47,-2.92,normal_256.csv,0,normal
36,7.0,0.1302777777777778,0.6909227209675524,0.85,-1.05,1.9,0.33,-0.18805555555555553,0.17508886632539236,0.13,-0.66,0.79,-0.245,0.49,0.37587231874667226,0.98,-0.3,1.28,0.5,-3.077777777777778,14.641787188164294,28.0,-29.86,57.86,-0.7649999999999999,-17.06111111111111,40.0784352259258,55.62,-103.38,159.0,-9.375,-2.6675,13.496483219183963,21.76,-37.86,59.620000000000005,0.215,0.9597222222222221,0.055728223734790985,1.08,0.82,0.2600000000000001,0.96,1.08,0.9597222222222221,0.055728223734790985,0.2600000000000001,0.82,0.08571428571428572,103.38,36.37,1.05,0.8400000000000002,-0.95,0.15,1.0999999999999999,0.13,-0.15,-0.28,-0.26,0.92,1.1800000000000002,-4.18,-9.44,-5.26,2.33,1.5,-0.8300000000000001,0.43,-9.15,-9.58,normal_257.csv,0,normal
33,6.390000104904175,0.003030303030303031,0.15593437819490064,0.31,-0.34,0.65,0.02,-0.883939393939394,0.1550995525851742,-0.58,-1.13,0.5499999999999999,-0.92,-0.5027272727272728,0.27786319393805026,0.15,-1.27,1.42,-0.49,-10.922424242424242,36.40101475494047,83.44,-97.79,181.23000000000002,-13.49,1.3384848484848482,48.657925556969396,128.63,-91.75,220.38,-3.56,4.8521212121212125,27.889371940487443,61.63,-47.39,109.02000000000001,3.51,1.0642424242424242,0.15606549712841525,1.5,0.76,0.74,1.06,1.5,1.0642424242424242,0.15606549712841525,0.74,0.76,0.15625,128.63,52.259393939393945,1.27,0.9245454545454547,0.13,0.07,-0.06,-0.93,-0.92,0.010000000000000009,0.15,-0.28,-0.43000000000000005,-45.04,-7.49,37.55,-15.44,30.74,46.18,-8.24,12.14,20.380000000000003,normal_258.csv,0,normal
22,4.199999809265137,0.0659090909090909,0.15255472369921466,0.35,-0.18,0.53,0.02,-0.9454545454545454,0.15333521549757678,-0.54,-1.19,0.6499999999999999,-0.94,-0.3059090909090909,0.14124140398315999,-0.14,-0.61,0.47,-0.26,-2.950909090909091,17.519403911660735,30.08,-57.11,87.19,-1.415,11.714999999999998,22.862418475993053,69.91,-32.76,102.66999999999999,10.145,-0.8572727272727271,18.388240336801744,45.62,-29.69,75.31,1.6249999999999998,1.0150000000000001,0.15392484251366684,1.31,0.66,0.65,1.0,1.31,1.0150000000000001,0.15392484251366684,0.65,0.66,0.2857142857142857,69.91,27.106363636363632,1.19,0.9454545454545454,-0.08,0.28,0.36000000000000004,-0.98,-0.94,0.040000000000000036,-0.29,-0.16,0.12999999999999998,2.01,-1.79,-3.8,30.36,0.37,-29.99,4.98,-1.27,-6.25,normal_259.csv,0,normal
26,5.0,0.0038461538461538455,0.1487569002924415,0.22,-0.2,0.42000000000000004,0.03,-0.9892307692307691,0.14931639098030938,-0.64,-1.43,0.7899999999999999,-0.98,-0.23307692307692307,0.14093315382178123,0.03,-0.51,0.54,-0.22,-1.633076923076923,19.164329525288544,31.88,-47.13,79.01,0.05499999999999994,44.52384615384615,35.73419841853717,105.79,-21.87,127.66000000000001,48.825,10.678076923076922,15.098244671280373,36.55,-19.99,56.53999999999999,11.385000000000002,1.0373076923076923,0.1405861356551973,1.47,0.78,0.69,1.02,1.47,1.0373076923076923,0.1405861356551973,0.69,0.78,0.76,105.79,49.98923076923077,1.43,0.9892307692307691,0.19,-0.19,-0.38,-0.96,-1.02,-0.06000000000000005,-0.24,-0.04,0.19999999999999998,-5.04,7.18,12.219999999999999,35.78,-0.73,-36.51,17.86,1.85,-16.009999999999998,normal_260.csv,0,normal
20,3.819999933242798,-0.035,0.11232003148897444,0.13,-0.21,0.33999999999999997,-0.04,-0.9405000000000001,0.1437276298383417,-0.51,-1.12,0.6100000000000001,-0.955,-0.3115,0.12658573129867778,-0.11,-0.58,0.47,-0.3,0.49149999999999894,20.459587708713155,32.56,-52.57,85.13,3.715,4.4125000000000005,24.01068816282931,43.44,-52.47,95.91,7.01,6.142999999999999,19.28136954624716,41.24,-41.45,82.69,6.705,1.005,0.14680814547887786,1.24,0.6,0.64,1.0,1.24,1.005,0.14680814547887786,0.64,0.6,0.8421052631578947,52.57,26.938499999999998,1.12,0.9405000000000001,0.03,0.09,0.06,-0.92,-0.79,0.13,-0.11,-0.47,-0.36,9.31,-9.4,-18.71,-12.57,28.2,40.769999999999996,-0.27,19.63,19.9,normal_261.csv,0,normal
23,4.400000095367432,-0.04,0.12489995996796797,0.23,-0.36,0.59,-0.06,-0.9530434782608697,0.10734120544950007,-0.59,-1.1,0.5100000000000001,-0.96,-0.38869565217391294,0.17576596908767084,-0.1,-0.66,0.56,-0.35,-7.682173913043478,17.56591791885684,26.14,-44.83,70.97,-4.25,10.455217391304341,58.449959551239225,104.82,-96.86,201.68,12.15,8.204347826086956,24.72514782124889,47.92,-42.81,90.73,1.36,1.0486956521739128,0.12549191744440563,1.25,0.63,0.62,1.07,1.25,1.0486956521739128,0.12549191744440563,0.62,0.63,0.6363636363636364,104.82,51.14782608695651,1.1,0.9530434782608697,-0.0,-0.14,-0.14,-0.94,-0.59,0.35,-0.35,-0.17,0.17999999999999997,3.66,4.37,0.71,-5.02,-95.16,-90.14,-0.69,-17.63,-16.939999999999998,normal_262.csv,0,normal
26,5.0,-0.020384615384615383,0.14933133011476915,0.26,-0.31,0.5700000000000001,-0.02,-0.95,0.13422369388450017,-0.57,-1.35,0.7800000000000001,-0.95,-0.3342307692307692,0.16485564781160703,-0.11,-0.76,0.65,-0.29000000000000004,-3.4253846153846155,16.54307232185587,27.95,-44.73,72.67999999999999,-0.57,-12.957692307692309,52.6192230507211,61.9,-124.76,186.66,-4.74,-3.1276923076923078,19.46605071558015,32.88,-38.01,70.89,2.48,1.0265384615384616,0.16387659522194886,1.56,0.61,0.9500000000000001,1.01,1.56,1.0265384615384616,0.16387659522194886,0.9500000000000001,0.61,0.76,124.76,42.409230769230774,1.35,0.95,0.07,-0.03,-0.1,-0.96,-0.95,0.010000000000000009,-0.2,-0.26,-0.06,2.28,-5.04,-7.32,26.24,3.63,-22.61,11.76,2.51,-9.25,normal_263.csv,0,normal
25,4.799999952316284,-0.029600000000000005,0.13914860162191114,0.27,-0.27,0.54,-0.02,-0.9552,0.1826909959467078,-0.52,-1.34,0.8200000000000001,-0.98,-0.34759999999999996,0.21444268853627688,-0.04,-0.74,0.7,-0.27,-13.962800000000001,29.98122002743273,33.93,-81.53,115.46000000000001,-9.98,-24.171599999999998,41.128636078365965,51.04,-85.5,136.54,-24.02,-13.476799999999999,30.200612813870737,54.48,-68.72,123.19999999999999,-10.67,1.0424,0.2150054262881133,1.52,0.56,0.96,1.04,1.52,1.0424,0.2150054262881133,0.96,0.56,0.5416666666666666,85.5,46.02160000000001,1.34,0.9552,-0.08,-0.11,-0.03,-1.08,-0.72,0.3600000000000001,-0.47,-0.23,0.23999999999999996,-12.79,17.13,29.919999999999998,-80.6,32.68,113.28,-47.0,18.02,65.02,normal_264.csv,0,normal
24,4.6000001430511475,0.022083333333333333,0.10966269099881441,0.38,-0.15,0.53,0.01,-0.8650000000000001,0.1159085096474614,-0.45,-0.95,0.49999999999999994,-0.92,-0.5404166666666667,0.2332097239874848,-0.21,-1.42,1.21,-0.445,-0.6358333333333336,22.29800808352068,38.75,-47.59,86.34,-2.0949999999999998,-4.883333333333334,15.247875879629257,27.46,-51.24,78.7,-1.425,-2.6941666666666664,10.513479925549273,21.66,-32.92,54.58,-0.11,1.0395833333333335,0.19029677432589492,1.73,0.51,1.22,1.025,1.73,1.0395833333333335,0.19029677432589492,1.22,0.51,0.5217391304347826,51.24,19.91541666666667,1.42,0.8866666666666667,-0.01,0.01,0.02,-0.95,-0.92,0.029999999999999916,-0.41,-0.44,-0.030000000000000027,6.44,-4.61,-11.05,-0.98,-1.3,-0.32000000000000006,3.05,1.26,-1.7899999999999998,normal_265.csv,0,normal
28,5.400000095367432,-0.017142857142857137,0.14298037013305792,0.38,-0.25,0.63,-0.025,-0.9196428571428571,0.18524222666466342,-0.39,-1.37,0.9800000000000001,-0.89,-0.42964285714285716,0.26812769405165954,-0.0,-1.05,1.05,-0.42500000000000004,-6.356428571428572,25.808726088825896,56.18,-58.33,114.50999999999999,-10.370000000000001,-5.207857142857143,17.95924426297929,32.31,-46.95,79.26,-1.21,0.4639285714285715,16.073502542840778,37.17,-30.33,67.5,-0.23,1.049642857142857,0.22983862523691193,1.5,0.42,1.08,1.03,1.5,1.049642857142857,0.22983862523691193,1.08,0.42,0.8518518518518519,58.33,27.04071428571429,1.37,0.9235714285714286,-0.02,-0.13,-0.11,-0.91,-0.94,-0.029999999999999916,-0.47,-0.35,0.12,-3.1,-17.55,-14.450000000000001,-6.13,-13.64,-7.510000000000001,-0.79,-30.33,-29.54,normal_266.csv,0,normal
27,5.200000047683716,0.055555555555555546,0.11997863057591461,0.29,-0.18,0.47,0.05,-0.9222222222222223,0.13437414281181576,-0.68,-1.19,0.5099999999999999,-0.89,-0.2714814814814815,0.14362621636905298,0.03,-0.55,0.5800000000000001,-0.28,-3.9992592592592593,21.160380054374826,32.26,-46.15,78.41,-5.13,38.565925925925924,36.760794778724964,125.06,-22.57,147.63,32.89,7.935185185185184,18.357678831480087,46.77,-45.6,92.37,5.63,0.9792592592592593,0.13708295988830227,1.26,0.72,0.54,0.99,1.26,0.9792592592592593,0.13708295988830227,0.54,0.72,0.9230769230769231,125.06,44.96962962962963,1.19,0.9222222222222223,-0.02,0.02,0.04,-0.96,-0.95,0.010000000000000009,-0.3,-0.49,-0.19,1.54,-18.53,-20.07,10.58,32.89,22.310000000000002,2.65,14.97,12.32,normal_267.csv,0,normal
41,8.0,-0.028292682926829273,0.11033817197652837,0.43,-0.23,0.66,-0.02,-0.8746341463414634,0.1618347546260631,-0.38,-1.23,0.85,-0.91,-0.45341463414634137,0.24109759181810134,-0.07,-0.84,0.77,-0.41,1.7900000000000003,20.407559751229442,53.58,-30.18,83.75999999999999,0.17,1.1741463414634146,17.972071802606642,34.8,-40.34,75.14,1.76,2.053658536585366,13.812150946919447,53.47,-29.82,83.28999999999999,0.82,1.0207317073170732,0.1543760059708509,1.44,0.43,1.01,1.03,1.44,1.0207317073170732,0.1543760059708509,1.01,0.43,0.325,53.58,21.515121951219516,1.23,0.8885365853658534,-0.02,0.03,0.05,-0.97,-0.94,0.030000000000000027,-0.3,-0.4,-0.10000000000000003,-5.35,-25.63,-20.28,7.53,-17.48,-25.01,1.02,-29.47,-30.49,normal_268.csv,0,normal
32,6.200000047683716,-0.0596875,0.17775453127022325,0.38,-0.46,0.8400000000000001,-0.05,-0.975625,0.1220242572394469,-0.69,-1.4,0.71,-0.97,-0.30593750000000003,0.1790271086879339,0.08,-0.77,0.85,-0.29000000000000004,-2.395000000000001,21.080209186695438,42.13,-46.9,89.03,-0.78,-9.6396875,54.21812787455662,80.49,-152.92,233.40999999999997,-4.76,-1.3662499999999995,19.610118479351254,36.31,-38.27,74.58000000000001,-3.1950000000000003,1.0521874999999998,0.13710684260941383,1.49,0.78,0.71,1.045,1.49,1.0521874999999998,0.13710684260941383,0.71,0.78,0.22580645161290322,152.92,44.73531249999999,1.4,0.975625,-0.19,0.06,0.25,-0.95,-0.89,0.05999999999999994,-0.3,-0.25,0.04999999999999999,-4.63,5.54,10.17,-27.14,-52.65,-25.509999999999998,-4.55,-3.19,1.3599999999999999,normal_269.csv,0,normal
29,5.599999904632568,-0.06137931034482759,0.11429048635357171,0.18,-0.28,0.46,-0.07,-0.8493103448275863,0.19270501206475366,-0.46,-1.27,0.81,-0.85,-0.4624137931034483,0.27400019776340356,-0.0,-0.98,0.98,-0.42,3.762413793103449,40.86864075959642,62.18,-80.52,142.7,7.32,-10.227241379310344,36.4503843695736,92.83,-86.95,179.78,-7.73,-1.0068965517241377,16.43955206711812,23.62,-50.66,74.28,4.21,1.0120689655172412,0.1856336505506175,1.61,0.74,0.8700000000000001,0.99,1.61,1.0120689655172412,0.1856336505506175,0.8700000000000001,0.74,0.4642857142857143,92.83,42.42551724137931,1.27,0.8806896551724137,-0.12,0.18,0.3,-0.92,-0.94,-0.019999999999999907,-0.35,-0.0,0.35,7.16,17.8,10.64,-35.56,15.38,50.940000000000005,2.9,-8.4,-11.3,normal_270.csv,0,normal
25,4.799999952316284,0.1488,0.08293169880490009,0.34,-0.03,0.37,0.15,-0.9339999999999999,0.07118052168020875,-0.71,-1.04,0.33000000000000007,-0.94,0.08999999999999998,0.24591665254715878,0.57,-0.23,0.7999999999999999,0.01,2.1519999999999997,22.454206918377977,37.39,-46.11,83.5,4.92,-0.6980000000000014,28.731216327657737,38.1,-101.75,139.85,4.84,1.8584,10.62623784161952,20.22,-27.51,47.730000000000004,3.47,0.9843999999999999,0.04282522621072774,1.09,0.92,0.17000000000000004,0.98,1.09,0.9843999999999999,0.04282522621072774,0.17000000000000004,0.92,0.375,101.75,27.384,1.04,0.9339999999999999,0.21,0.15,-0.06,-0.97,-0.99,-0.020000000000000018,-0.1,-0.12,-0.01999999999999999,23.98,0.14,-23.84,8.37,-4.27,-12.639999999999999,5.95,-1.21,-7.16,normal_271.csv,0,normal
24,4.599999904632568,0.04583333333333334,0.15805658498769046,0.29,-0.24,0.53,0.055,-0.9037499999999999,0.13544812900949912,-0.61,-1.1,0.4900000000000001,-0.945,-0.3416666666666666,0.3254517484662053,0.04,-1.05,1.09,-0.3,-2.1887500000000006,34.05801920668036,91.31,-61.65,152.96,-1.81,23.747083333333332,22.497122034136734,70.45,-16.52,86.97,26.075,13.34375,20.68168183651795,51.58,-30.84,82.42,12.445,1.0295833333333333,0.14647982994156616,1.42,0.76,0.6599999999999999,1.0,1.42,1.0295833333333333,0.14647982994156616,0.6599999999999999,0.76,0.43478260869565216,91.31,37.235,1.1,0.9229166666666666,0.16,-0.04,-0.2,-0.95,-0.97,-0.020000000000000018,-0.02,-0.37,-0.35,-0.17,23.47,23.64,0.9,30.6,29.700000000000003,2.13,21.18,19.05,normal_272.csv,0,normal
16,3.0,0.031875,0.12161243083391325,0.28,-0.21,0.49,0.060000000000000005,-0.955625,0.20033201607997325,-0.59,-1.38,0.7899999999999999,-0.9299999999999999,0.14375,0.1436604793717929,0.43,-0.17,0.6,0.165,3.45625,14.809579276040672,35.58,-16.37,51.95,2.225,10.802499999999998,33.95591210182207,80.3,-59.34,139.64,13.325,2.3824999999999994,12.719952568045736,33.6,-13.69,47.29,0.5549999999999999,0.984375,0.20418843421375918,1.39,0.64,0.7499999999999999,0.965,1.39,0.984375,0.20418843421375918,0.7499999999999999,0.64,0.9333333333333333,80.3,29.39875,1.38,0.955625,0.07,0.09,0.01999999999999999,-0.94,-0.83,0.10999999999999999,0.16,0.02,-0.14,-4.05,-8.07,-4.0200000000000005,-4.47,-59.34,-54.870000000000005,-7.19,-1.81,5.380000000000001,normal_273.csv,0,normal
16,3.0,-0.031875,0.1222139517403803,0.19,-0.27,0.46,-0.015,-0.941875,0.17974866712533177,-0.7,-1.41,0.71,-0.915,0.18,0.12696456198483103,0.42,-0.01,0.43,0.16499999999999998,6.906249999999999,29.040153781732403,56.44,-56.46,112.9,4.88,6.86125,19.097344274357454,52.31,-15.19,67.5,6.965,-4.81125,18.213795458388127,24.02,-48.85,72.87,-3.135,0.974375,0.18224411284501527,1.42,0.71,0.71,0.955,1.42,0.974375,0.18224411284501527,0.71,0.71,0.8666666666666667,56.46,30.451249999999998,1.41,0.941875,0.07,-0.03,-0.1,-0.92,-0.91,0.010000000000000009,0.18,0.09,-0.09,5.63,8.84,3.21,2.0,-9.68,-11.68,8.53,24.02,15.49,normal_274.csv,0,normal
16,3.0,-0.014374999999999999,0.15414143937738917,0.32,-0.32,0.64,-0.005,-0.989375,0.2182191177081727,-0.71,-1.5,0.79,-0.9299999999999999,0.18312499999999998,0.1875,0.49,-0.12,0.61,0.195,5.276250000000001,23.964690936180812,36.34,-49.7,86.04,13.875,2.5737500000000004,29.03879356424207,54.66,-51.2,105.86,0.9950000000000001,-1.3806250000000002,25.078306287506738,50.38,-74.24,124.62,-2.45,1.03125,0.227093959996004,1.53,0.72,0.81,0.965,1.53,1.03125,0.227093959996004,0.81,0.72,0.7333333333333333,74.24,34.204375,1.5,0.989375,-0.07,-0.12,-0.04999999999999999,-0.94,-1.28,-0.3400000000000001,0.25,-0.03,-0.28,18.84,25.49,6.649999999999999,29.76,54.66,24.899999999999995,4.01,-4.54,-8.55,normal_275.csv,0,normal
22,4.200000047683716,-0.021818181818181816,0.3185029918920007,0.45,-0.68,1.1300000000000001,0.005,-0.7654545454545455,0.8029690575354116,0.31,-2.0,2.31,-0.6950000000000001,0.13318181818181818,0.4881684561280476,0.98,-0.76,1.74,-0.015,7.920454545454546,54.192157794742,116.73,-108.02,224.75,1.775,-12.749999999999998,55.48979056675973,81.12,-140.93,222.05,-6.425000000000001,4.899090909090909,20.885204129123363,47.75,-24.68,72.43,4.5,1.0409090909090908,0.6934723470362002,2.27,0.23,2.04,0.915,2.27,1.0409090909090908,0.6934723470362002,2.04,0.23,0.14285714285714285,140.93,65.01772727272727,2.0,0.9345454545454543,-0.05,-0.18,-0.13,-0.88,-1.22,-0.33999999999999997,0.22,0.33,0.11000000000000001,-7.26,-43.45,-36.190000000000005,-110.18,-2.34,107.84,14.19,7.05,-7.14,normal_276.csv,0,normal
25,4.800000190734863,-0.0392,0.10789346597454363,0.14,-0.23,0.37,-0.04,-0.9079999999999999,0.2171788817234923,-0.63,-1.73,1.1,-0.86,0.31439999999999996,0.08612394169644892,0.48,0.14,0.33999999999999997,0.33,3.9,34.65161840857268,101.83,-73.06,174.89,1.6,-28.2608,55.44281971244489,94.83,-140.06,234.89,-25.42,13.608000000000002,24.26558485454932,75.03,-32.71,107.74000000000001,14.43,0.9732,0.21149704489661314,1.78,0.67,1.1099999999999999,0.93,1.78,0.9732,0.21149704489661314,1.1099999999999999,0.67,0.08333333333333333,140.06,52.3296,1.73,0.9079999999999999,-0.0,0.03,0.03,-0.63,-0.87,-0.24,0.23,0.33,0.1,9.95,7.63,-2.3199999999999994,-20.79,1.63,22.419999999999998,0.57,9.6,9.03,normal_278.csv,0,normal
19,3.5999999046325684,-0.0663157894736842,0.120563976853038,0.21,-0.28,0.49,-0.07,-0.911578947368421,0.13234060256670777,-0.74,-1.32,0.5800000000000001,-0.9,0.3452631578947369,0.08539896050971788,0.56,0.18,0.38000000000000006,0.34,-5.734736842105264,23.830602493530844,48.25,-58.89,107.14,-7.5,12.523684210526316,32.12298107975492,66.58,-34.61,101.19,14.89,-4.213684210526316,19.204952836450612,28.73,-45.69,74.42,0.57,0.9873684210526317,0.13349332506255623,1.44,0.81,0.6299999999999999,0.96,1.44,0.9873684210526317,0.13349332506255623,0.6299999999999999,0.81,0.6666666666666666,66.58,34.705789473684206,1.32,0.911578947368421,-0.07,-0.16,-0.09,-0.8,-1.05,-0.25,0.28,0.24,-0.040000000000000036,-17.45,7.18,24.63,-34.61,14.89,49.5,-10.44,3.81,14.25,normal_280.csv,0,normal
16,3.0,-0.10500000000000001,0.08246211251235322,0.07,-0.26,0.33,-0.095,-0.914375,0.20106280113437194,-0.6,-1.32,0.7200000000000001,-0.875,0.328125,0.1830198076711917,0.74,-0.01,0.75,0.33,-2.23,35.93383141275085,106.8,-49.26,156.06,-7.73,-13.788750000000002,50.9001131465671,71.2,-106.4,177.60000000000002,-7.755000000000001,2.1106250000000006,21.782004642594313,46.08,-26.19,72.27,-6.4350000000000005,0.993125,0.21746168244850247,1.38,0.7,0.6799999999999999,0.915,1.38,0.993125,0.21746168244850247,0.6799999999999999,0.7,0.06666666666666667,106.8,47.29625,1.32,0.914375,-0.19,-0.06,0.13,-0.81,-1.03,-0.21999999999999997,0.38,0.24,-0.14,-26.98,-31.52,-4.539999999999999,-106.4,-23.6,82.80000000000001,30.65,-26.19,-56.84,normal_281.csv,0,normal
17,3.1999998092651367,-0.09352941176470589,0.17200803674794488,0.13,-0.48,0.61,-0.06,-0.8776470588235294,0.1461390353295752,-0.75,-1.27,0.52,-0.84,0.29823529411764704,0.15585390972468605,0.69,-0.08,0.7699999999999999,0.29,2.515294117647059,33.38744470561634,91.29,-47.46,138.75,-1.1,8.22294117647059,45.06247756791479,85.61,-69.22,154.82999999999998,11.39,-7.921176470588235,17.785037209109564,22.67,-36.96,59.63,-11.92,0.9576470588235293,0.1538070793138561,1.29,0.79,0.5,0.9,1.29,0.9576470588235293,0.1538070793138561,0.5,0.79,1.0,91.29,44.28588235294119,1.27,0.8776470588235294,0.03,0.02,-0.009999999999999998,-0.88,-1.27,-0.39,0.18,0.18,0.0,-8.56,0.88,9.440000000000001,85.61,-69.22,-154.82999999999998,-36.96,13.22,50.18,normal_282.csv,0,normal
21,4.0,-0.2666666666666667,0.18510357460982035,0.09,-0.7,0.7899999999999999,-0.23,-0.9366666666666664,0.4096014322891625,-0.2,-1.75,1.55,-0.93,0.21714285714285714,0.22122709728111647,0.62,-0.34,0.96,0.21,-6.558095238095237,32.49782725337921,35.54,-70.5,106.03999999999999,-1.95,-20.046666666666663,64.54500649417686,94.95,-166.24,261.19,-8.2,4.501904761904761,35.09161732081433,64.58,-68.91,133.49,11.3,1.033809523809524,0.41745031070147964,1.86,0.22,1.6400000000000001,1.02,1.86,1.033809523809524,0.41745031070147964,1.6400000000000001,0.22,0.7,166.24,59.107142857142854,1.75,0.9366666666666664,-0.16,-0.53,-0.37,-0.91,-0.97,-0.05999999999999994,0.17,0.07,-0.1,31.76,-1.95,-33.71,94.95,-128.51,-223.45999999999998,15.34,4.5,-10.84,normal_284.csv,0,normal
21,4.0,0.4538095238095238,0.4829749081523407,1.21,-0.3,1.51,0.43,-0.8299999999999998,0.7704933484463056,0.09,-2.0,2.09,-0.71,0.24,0.4381209878560944,1.49,-0.64,2.13,0.22,-5.43047619047619,46.81799797900275,58.95,-105.26,164.21,-7.95,-3.966190476190474,48.66992885511448,72.55,-93.24,165.79,8.02,-2.852380952380952,32.495014833780566,68.04,-97.32,165.36,1.77,1.1228571428571428,0.8349439673244119,2.68,0.07,2.6100000000000003,0.91,2.68,1.1228571428571428,0.8349439673244119,2.6100000000000003,0.07,0.3,105.26,55.21476190476191,2.0,0.9290476190476189,0.44,0.36,-0.08000000000000002,-0.79,-0.47,0.32000000000000006,0.13,0.18,0.04999999999999999,-19.5,37.16,56.66,-22.6,-8.66,13.940000000000001,34.84,14.69,-20.150000000000006,normal_285.csv,0,normal
17,3.200000047683716,-0.17882352941176471,0.1082175097281614,0.03,-0.38,0.41000000000000003,-0.18,-0.9388235294117646,0.22460750079141326,-0.49,-1.27,0.78,-0.98,0.19,0.24246133712408666,0.55,-0.2,0.75,0.23,9.658235294117647,31.332089627747088,68.27,-67.09,135.36,8.38,-14.490000000000002,55.811242035095404,86.21,-120.2,206.41,-7.18,1.8817647058823526,20.60622849871311,30.56,-43.84,74.4,-3.34,1.006470588235294,0.2348654182843493,1.38,0.51,0.8699999999999999,1.01,1.38,1.006470588235294,0.2348654182843493,0.8699999999999999,0.51,0.6875,120.2,56.06823529411765,1.27,0.9388235294117646,-0.38,-0.2,0.18,-0.86,-0.87,-0.010000000000000009,0.31,0.09,-0.22,8.38,0.24,-8.14,27.73,-120.2,-147.93,2.8,29.47,26.669999999999998,normal_286.csv,0,normal
16,3.0,-0.175625,0.16856131426477033,0.19,-0.41,0.6,-0.2,-0.90125,0.24456423832332203,-0.45,-1.38,0.9299999999999999,-0.91,0.15187499999999998,0.28782445460152734,0.57,-0.56,1.13,0.27,12.246875,45.84162253073074,79.94,-70.63,150.57,13.87,-15.873124999999998,46.40987850573051,50.72,-96.02,146.74,-17.02,-2.6043749999999997,14.52391222260724,19.36,-36.48,55.839999999999996,-3.6999999999999997,0.983125,0.2533434756741658,1.38,0.46,0.9199999999999999,1.01,1.38,0.983125,0.2533434756741658,0.9199999999999999,0.46,0.9333333333333333,96.02,53.956875000000004,1.38,0.90125,-0.34,-0.24,0.10000000000000003,-0.81,-0.91,-0.09999999999999998,0.29,0.41,0.12,-3.18,23.82,27.0,-81.79,-31.23,50.56,11.67,-10.96,-22.630000000000003,normal_287.csv,0,normal
18,3.4000000953674316,-0.24722222222222223,0.10687021020876379,-0.12,-0.48,0.36,-0.22,-0.9066666666666667,0.12569805089976535,-0.76,-1.2,0.43999999999999995,-0.9,0.21000000000000002,0.1910959106282066,0.72,-0.16,0.88,0.18,-5.405555555555555,42.14587680931723,77.83,-73.66,151.49,-5.489999999999999,-11.210555555555556,43.984374427640205,75.44,-92.92,168.36,-14.120000000000001,-1.5927777777777778,23.552155841265186,30.2,-50.37,80.57,2.9349999999999996,0.9855555555555555,0.124202028126958,1.23,0.8,0.42999999999999994,0.965,1.23,0.9855555555555555,0.124202028126958,0.42999999999999994,0.8,0.6470588235294118,92.92,47.22,1.2,0.9066666666666667,-0.21,-0.3,-0.09,-0.9,-0.93,-0.030000000000000027,0.39,0.1,-0.29000000000000004,-14.91,16.57,31.48,-2.89,-92.92,-90.03,16.34,22.08,5.739999999999998,normal_288.csv,0,normal
19,3.5999999046325684,-0.26052631578947366,0.14691167732917798,-0.05,-0.63,0.58,-0.26,-0.8773684210526317,0.19823785111334083,-0.63,-1.4,0.7699999999999999,-0.83,0.3257894736842106,0.12189776178209911,0.67,0.12,0.55,0.33,5.253684210526316,28.145435234890282,65.07,-53.5,118.57,3.77,4.778947368421055,42.95521025113599,64.26,-88.27,152.53,10.89,-3.0310526315789477,20.570238451255747,47.6,-37.54,85.14,0.34,0.9863157894736844,0.20910418791480187,1.5,0.72,0.78,0.93,1.5,0.9863157894736844,0.20910418791480187,0.78,0.72,0.2777777777777778,88.27,39.33052631578946,1.4,0.8773684210526317,-0.22,-0.33,-0.11000000000000001,-0.91,-0.87,0.040000000000000036,0.33,0.41,0.07999999999999996,0.76,-4.86,-5.62,14.59,27.49,12.899999999999999,-5.91,-30.05,-24.14,normal_289.csv,0,normal
22,4.200000047683716,-0.25727272727272726,0.39353322384316963,0.3,-0.99,1.29,-0.195,-0.7645454545454545,0.6424041694160436,0.37,-2.0,2.37,-0.66,0.21454545454545457,0.5953848477103839,1.09,-1.11,2.2,0.29500000000000004,9.095454545454547,73.70269199239881,155.69,-113.07,268.76,9.665000000000001,-11.67681818181818,62.158593198700686,116.1,-161.07,277.16999999999996,-8.43,-5.003636363636364,44.911725963319746,98.82,-100.5,199.32,-5.970000000000001,1.1063636363636364,0.6075520393509353,2.17,0.43,1.74,0.87,2.17,1.1063636363636364,0.6075520393509353,1.74,0.43,0.47619047619047616,161.07,73.79636363636362,2.0,0.9236363636363638,-0.1,-0.15,-0.04999999999999999,-1.04,-0.66,0.38,0.06,0.36,0.3,-10.62,11.55,22.17,-53.05,35.24,88.28999999999999,1.83,2.04,0.20999999999999996,normal_290.csv,0,normal
19,3.5999999046325684,-0.2805263157894736,0.1209900677379266,-0.08,-0.52,0.44,-0.27,-0.8663157894736843,0.22410836977567075,-0.44,-1.52,1.08,-0.86,0.2731578947368421,0.18532411942261073,0.58,-0.09,0.6699999999999999,0.3,-9.729473684210525,39.031902119176,82.77,-101.91,184.68,-11.07,-6.49,40.06336397924334,60.47,-97.37,157.84,8.27,0.3268421052631583,18.742188017835762,54.24,-26.31,80.55,-1.85,0.9757894736842104,0.21990694470044683,1.54,0.63,0.91,0.92,1.54,0.9757894736842104,0.21990694470044683,0.91,0.63,0.7222222222222222,101.91,42.56421052631578,1.52,0.8663157894736843,-0.41,-0.14,0.26999999999999996,-0.89,-0.9,-0.010000000000000009,0.46,0.1,-0.36,23.19,0.27,-22.92,22.18,-97.37,-119.55000000000001,1.8,54.24,52.440000000000005,normal_291.csv,0,normal
15,2.8000001907348633,-0.1886666666666667,0.15398824939709183,0.04,-0.58,0.62,-0.15,-0.9526666666666664,0.321746720855011,-0.57,-1.56,0.9900000000000001,-0.82,0.23266666666666672,0.1914406534922084,0.72,-0.15,0.87,0.2,-12.393333333333333,31.110529606243485,35.68,-69.37,105.05000000000001,-10.51,-18.318,68.6218548277442,100.05,-145.85,245.89999999999998,-8.72,6.711333333333334,33.18535474458288,66.74,-53.32,120.06,11.74,1.026,0.3175981288178056,1.58,0.58,1.0,0.89,1.58,1.026,0.3175981288178056,1.0,0.58,0.5714285714285714,145.85,65.14333333333333,1.56,0.9526666666666664,-0.35,-0.22,0.12999999999999998,-0.73,-0.78,-0.050000000000000044,0.16,0.45,0.29000000000000004,-25.56,7.68,33.239999999999995,-98.37,47.44,145.81,-7.59,-37.44,-29.849999999999998,normal_292.csv,0,normal
15,2.799999952316284,-0.16666666666666669,0.20662826064030568,0.43,-0.5,0.9299999999999999,-0.19,-0.75,0.5058514745315212,0.47,-1.79,2.26,-0.9,0.35799999999999993,0.3698493901962952,1.14,0.04,1.0999999999999999,0.15,15.226,77.26460285464306,186.65,-138.31,324.96000000000004,6.11,-7.867333333333333,35.71034073259587,86.51,-77.84,164.35000000000002,-12.99,0.4693333333333328,36.161535497318276,46.69,-110.92,157.61,3.44,1.0093333333333334,0.34260486750496594,1.99,0.48,1.51,0.96,1.99,1.0093333333333334,0.34260486750496594,1.51,0.48,0.35714285714285715,186.65,58.931333333333335,1.79,0.9206666666666667,-0.16,-0.21,-0.04999999999999999,-0.91,-0.92,-0.010000000000000009,0.24,0.14,-0.09999999999999998,18.86,21.18,2.3200000000000003,-12.99,-40.08,-27.089999999999996,4.92,17.65,12.729999999999999,normal_293.csv,0,normal
17,3.200000047683716,-0.3605882352941176,0.12111309736333711,-0.18,-0.73,0.55,-0.31,-0.8194117647058823,0.23720957474971613,-0.28,-1.46,1.18,-0.83,0.3258823529411765,0.5038732333574761,1.94,-0.16,2.1,0.13,-9.450588235294118,52.893254942216906,109.58,-143.69,253.26999999999998,-7.91,0.887647058823529,26.893993411497057,46.94,-45.55,92.49,2.61,-8.158235294117647,21.868136990634948,16.27,-66.11,82.38,-0.21,1.0347058823529411,0.3924620626101781,2.54,0.86,1.6800000000000002,0.95,2.54,1.0347058823529411,0.3924620626101781,1.6800000000000002,0.86,0.25,143.69,43.79235294117648,1.94,0.8823529411764706,-0.3,-0.35,-0.04999999999999999,-0.93,-0.82,0.1100000000000001,0.08,0.16,0.08,-3.53,31.59,35.12,2.61,-10.59,-13.2,-14.21,8.05,22.26,normal_294.csv,0,normal
16,3.0,-0.36250000000000004,0.10573551910309043,-0.13,-0.58,0.44999999999999996,-0.33999999999999997,-0.7375,0.2752332344273368,-0.02,-1.34,1.32,-0.765,0.38187499999999996,0.3895676021779361,1.22,-0.07,1.29,0.23500000000000001,6.244374999999998,66.72623661586697,223.14,-74.21,297.34999999999997,-2.72,8.839375,43.22166331347434,145.35,-44.65,190.0,4.295,-5.749375,25.45011263072654,26.76,-67.9,94.66000000000001,-0.825,1.004375,0.19531064999123832,1.52,0.81,0.71,0.945,1.52,1.004375,0.19531064999123832,0.71,0.81,0.2,223.14,51.87375,1.34,0.841875,-0.32,-0.33,-0.010000000000000009,-0.9,-0.86,0.040000000000000036,0.0,0.2,0.2,-17.6,4.11,21.71,21.98,-4.11,-26.09,-2.62,-0.42,2.2,normal_295.csv,0,normal
25,4.789999961853027,0.2032,0.1490447360134981,0.48,-0.14,0.62,0.22,-0.9408,0.17264896949204958,-0.71,-1.28,0.5700000000000001,-0.89,0.24400000000000002,0.13997023493109764,0.52,0.0,0.52,0.22,-9.0036,25.14040272151582,34.4,-71.86,106.25999999999999,-8.42,9.9456,40.161027032850306,93.66,-53.15,146.81,10.8,-2.8272000000000004,19.739090345471006,54.73,-37.6,92.33,-7.65,1.0108,0.1825267103741258,1.39,0.8,0.5899999999999999,0.94,1.39,1.0108,0.1825267103741258,0.5899999999999999,0.8,0.5,93.66,41.7644,1.28,0.9408,0.28,0.09,-0.19000000000000003,-0.93,-1.04,-0.10999999999999999,0.25,0.38,0.13,-22.69,-15.61,7.080000000000002,50.48,17.63,-32.849999999999994,-30.87,-14.31,16.560000000000002,normal_296.csv,0,normal
22,4.200000047683716,0.13727272727272724,0.14169658456689097,0.34,-0.19,0.53,0.135,-0.9168181818181818,0.14433381822099448,-0.64,-1.14,0.4999999999999999,-0.94,0.16136363636363635,0.20492264404718685,0.44,-0.31,0.75,0.2,11.787272727272727,28.205003132983368,56.62,-56.69,113.31,4.25,6.1836363636363645,42.18374608502941,94.21,-60.06,154.26999999999998,2.605,8.213636363636363,15.390038072125483,38.43,-17.14,55.57,7.585,0.97,0.16148123877463438,1.23,0.69,0.54,0.955,1.23,0.97,0.16148123877463438,0.54,0.69,0.42857142857142855,94.21,38.274090909090916,1.14,0.9168181818181818,-0.1,0.26,0.36,-1.01,-0.97,0.040000000000000036,0.44,0.2,-0.24,-8.89,1.62,10.510000000000002,15.76,-26.14,-41.9,-0.95,17.94,18.89,normal_297.csv,0,normal
26,5.0,0.10346153846153847,0.1526811660341198,0.33,-0.29,0.62,0.125,-0.9696153846153847,0.17799956784735788,-0.7,-1.34,0.6400000000000001,-0.915,0.16269230769230766,0.1616553789345147,0.42,-0.21,0.63,0.18,3.8249999999999997,27.926137183649296,82.24,-51.41,133.64999999999998,4.52,-9.220384615384615,62.144308861279924,93.4,-159.4,252.8,-3.1299999999999994,4.371923076923077,17.83510919938104,53.52,-23.24,76.76,5.25,1.011923076923077,0.18733967504550084,1.38,0.75,0.6299999999999999,0.96,1.38,1.011923076923077,0.18733967504550084,0.6299999999999999,0.75,0.2,159.4,53.51769230769231,1.34,0.9696153846153847,0.07,-0.29,-0.36,-0.91,-0.86,0.050000000000000044,0.2,-0.07,-0.27,21.22,2.44,-18.779999999999998,34.42,-96.63,-131.05,16.88,-7.37,-24.25,normal_298.csv,0,normal
23,4.4100000858306885,0.1417391304347826,0.16157329251381536,0.54,-0.13,0.67,0.13,-0.9830434782608697,0.18842492555171667,-0.66,-1.34,0.68,-0.97,0.07652173913043481,0.20748732043740042,0.41,-0.39,0.8,0.12,4.961739130434782,27.224083865072302,60.76,-56.64,117.4,5.73,-11.824347826086953,49.223109024677996,73.91,-137.47,211.38,-4.89,7.2352173913043485,20.83912706895487,59.27,-22.7,81.97,6.95,1.0243478260869565,0.20324249034447234,1.36,0.67,0.6900000000000001,0.98,1.36,1.0243478260869565,0.20324249034447234,0.6900000000000001,0.67,0.5909090909090909,137.47,42.944347826086954,1.34,0.9830434782608697,-0.07,0.26,0.33,-1.04,-1.31,-0.27,0.28,0.25,-0.030000000000000027,-6.08,24.45,30.53,-81.08,-43.98,37.1,6.95,2.43,-4.52,normal_299.csv,0,normal
24,4.610000133514404,-0.14416666666666667,0.2838848000688747,0.32,-1.08,1.4000000000000001,-0.155,-1.04625,0.8099265264583384,0.18,-2.0,2.18,-1.07,0.09208333333333334,0.32871262944040225,0.91,-0.45,1.36,0.07500000000000001,-13.300833333333335,75.78195350831378,105.98,-232.3,338.28000000000003,-0.875,-45.88333333333333,86.19030277678355,132.08,-250.14,382.22,-34.625,10.934583333333336,22.515570646953876,49.13,-33.32,82.45,13.99,1.2058333333333333,0.7069955824637014,2.3,0.24,2.0599999999999996,1.14,2.3,1.2058333333333333,0.7069955824637014,2.0599999999999996,0.24,0.9565217391304348,250.14,85.92041666666667,2.0,1.1287500000000001,-0.09,-0.16,-0.07,-0.95,-0.64,0.30999999999999994,0.17,-0.0,-0.17,26.63,-21.73,-48.36,11.57,29.98,18.41,26.73,-26.53,-53.260000000000005,normal_300.csv,0,normal
23,4.3999998569488525,-0.13260869565217392,0.17715471900687027,0.12,-0.5,0.62,-0.14,-0.9617391304347825,0.2059490707986949,-0.72,-1.47,0.75,-0.92,0.17782608695652175,0.24580029813095186,0.78,-0.34,1.12,0.18,-5.005217391304347,59.13107034911859,90.28,-182.98,273.26,6.84,-43.319130434782615,87.5146724795876,90.41,-238.87,329.28,-28.18,4.46695652173913,27.762153347642613,52.02,-28.99,81.01,0.49,1.027826086956522,0.2213996083132597,1.5,0.73,0.77,0.97,1.5,1.027826086956522,0.2213996083132597,0.77,0.73,0.8636363636363636,238.87,86.9517391304348,1.47,0.9617391304347825,-0.26,-0.06,0.2,-0.82,-0.91,-0.09000000000000008,0.78,0.22,-0.56,-28.79,18.15,46.94,19.37,-91.72,-111.09,-27.29,15.99,43.28,normal_301.csv,0,normal
24,4.599999904632568,0.0024999999999999974,0.18347491239474914,0.43,-0.25,0.6799999999999999,-0.065,-0.95375,0.2238363629781907,-0.64,-1.32,0.68,-0.915,0.07,0.21845305932953832,0.45,-0.34,0.79,0.06,-1.9729166666666653,52.21369089817483,87.68,-130.15,217.83,5.970000000000001,31.57375,62.618659659082454,169.3,-75.18,244.48000000000002,25.880000000000003,-6.175,21.76124237182283,23.49,-60.07,83.56,-5.105,0.9916666666666666,0.23716929683734117,1.41,0.7,0.71,0.98,1.41,0.9916666666666666,0.23716929683734117,0.71,0.7,0.17391304347826086,169.3,67.29708333333333,1.32,0.95375,-0.15,-0.09,0.06,-0.9,-0.74,0.16000000000000003,0.24,0.0,-0.24,-26.72,73.77,100.49,5.31,75.27,69.96,-14.07,-14.57,-0.5,normal_302.csv,0,normal
24,4.6000001430511475,-0.12916666666666668,0.20924121022869996,0.28,-0.73,1.01,-0.13,-0.9725,0.24819785235380962,-0.57,-1.57,1.0,-0.9199999999999999,0.050416666666666665,0.23808071643086065,0.51,-0.41,0.9199999999999999,0.065,-1.9962499999999992,48.45796796440324,93.73,-80.44,174.17000000000002,3.665,-33.31583333333333,98.93178646516196,178.28,-250.14,428.41999999999996,-8.575,0.8366666666666666,22.398859184200056,69.82,-37.68,107.5,-4.12,1.02375,0.2730792606711386,1.58,0.57,1.0100000000000002,0.945,1.58,1.02375,0.2730792606711386,1.0100000000000002,0.57,0.8260869565217391,250.14,84.2325,1.57,0.9725,-0.03,0.07,0.1,-0.98,-0.94,0.040000000000000036,0.46,0.08,-0.38,-39.73,8.59,48.31999999999999,178.28,-132.85,-311.13,-9.5,69.82,79.32,normal_303.csv,0,normal
25,4.800000190734863,0.007200000000000001,0.15770542159355205,0.29,-0.36,0.6499999999999999,0.02,-0.9768000000000001,0.22663700786352908,-0.65,-1.57,0.92,-0.93,0.1244,0.1683518141670393,0.34,-0.29,0.63,0.18,1.6044000000000003,35.95694706636443,69.45,-97.23,166.68,1.34,22.0648,41.252980510503725,105.88,-65.18,171.06,6.4,-4.996000000000001,16.548796028714598,24.5,-29.21,53.71,-8.64,1.0111999999999999,0.2191711659867694,1.58,0.75,0.8300000000000001,0.98,1.58,1.0111999999999999,0.2191711659867694,0.8300000000000001,0.75,0.5833333333333334,105.88,45.53,1.57,0.9768000000000001,-0.3,0.15,0.44999999999999996,-0.86,-1.12,-0.2600000000000001,0.24,0.03,-0.21,-6.06,46.69,52.75,2.25,37.98,35.73,-16.07,5.69,21.76,normal_304.csv,0,normal
22,4.200000047683716,0.019090909090909092,0.29231276613715185,0.73,-0.63,1.3599999999999999,0.030000000000000002,-0.9413636363636364,0.25003419679535754,-0.47,-1.35,0.8800000000000001,-0.96,0.06227272727272728,0.232950675714876,0.37,-0.46,0.8300000000000001,0.125,-2.259090909090909,52.12762981001908,131.9,-92.73,224.63,-13.219999999999999,14.925454545454546,37.45205019847731,74.14,-49.79,123.93,20.810000000000002,6.31409090909091,31.530505660858616,86.62,-34.87,121.49000000000001,2.095,1.0127272727272727,0.24350969117669566,1.38,0.52,0.8599999999999999,1.0750000000000002,1.38,1.0127272727272727,0.24350969117669566,0.8599999999999999,0.52,0.6190476190476191,131.9,53.545,1.35,0.9413636363636364,-0.04,0.2,0.24000000000000002,-0.96,-0.85,0.10999999999999999,0.31,0.22,-0.09,1.07,-14.17,-15.24,42.14,-0.82,-42.96,-14.52,0.74,15.26,normal_305.csv,0,normal
29,5.609999895095825,-0.04689655172413793,0.47585339465214543,1.69,-0.74,2.4299999999999997,-0.07,-1.009655172413793,0.27784223116495305,-0.51,-1.74,1.23,-0.93,0.1189655172413793,0.2146482975139001,0.55,-0.39,0.9400000000000001,0.13,2.7768965517241373,27.57994873395322,51.97,-46.93,98.9,4.9,-50.786206896551725,66.606870753152,64.49,-180.42,244.90999999999997,-46.66,14.158965517241377,27.68698976889785,98.85,-29.03,127.88,16.7,1.1206896551724137,0.347911432022605,2.11,0.66,1.4499999999999997,1.0,2.11,1.1206896551724137,0.347911432022605,1.4499999999999997,0.66,0.6071428571428571,180.42,71.62965517241379,1.74,1.0299999999999998,-0.01,-0.29,-0.27999999999999997,-0.99,-0.91,0.07999999999999996,0.51,0.07,-0.44,-42.12,4.9,47.019999999999996,-29.72,64.49,94.21,3.9,-28.68,-32.58,normal_306.csv,0,normal
29,5.599999904632568,0.019655172413793106,0.1667008175192202,0.34,-0.24,0.5800000000000001,-0.01,-0.9689655172413794,0.283402097325466,-0.38,-1.5,1.12,-0.95,0.047931034482758615,0.22138168898250996,0.55,-0.43,0.98,0.06,0.649655172413793,39.89520079289511,70.41,-70.96,141.37,3.13,-39.18551724137931,44.35667598216971,61.18,-133.51,194.69,-46.47,9.39448275862069,25.08787208225846,65.88,-38.18,104.06,5.3,1.0086206896551724,0.28306642504052243,1.59,0.45,1.1400000000000001,0.99,1.59,1.0086206896551724,0.28306642504052243,1.1400000000000001,0.45,0.7142857142857143,133.51,59.33793103448275,1.5,0.97,-0.06,0.05,0.11,-1.35,-0.75,0.6000000000000001,0.01,-0.01,-0.02,11.4,1.6,-9.8,-17.28,-77.11,-59.83,-38.18,42.07,80.25,normal_307.csv,0,normal
27,5.190000057220459,0.05185185185185185,0.22479113445831025,0.59,-0.38,0.97,0.05,-1.0396296296296297,0.27800776803592936,-0.7,-1.6,0.9000000000000001,-0.93,0.08333333333333333,0.21316299289149968,0.53,-0.25,0.78,0.1,-4.048148148148148,34.121775816922025,56.7,-74.27,130.97,-6.31,-36.16740740740741,73.21751963486254,110.95,-208.24,319.19,-32.98,9.746296296296295,26.89344832255735,65.01,-38.01,103.02000000000001,8.63,1.0837037037037038,0.29515508502569326,1.71,0.72,0.99,0.97,1.71,1.0837037037037038,0.29515508502569326,0.99,0.72,0.34615384615384615,208.24,67.06962962962963,1.6,1.0396296296296297,-0.32,0.59,0.9099999999999999,-1.23,-0.93,0.29999999999999993,0.15,-0.05,-0.2,21.24,-9.41,-30.65,-15.82,-103.31,-87.49000000000001,-28.25,19.9,48.15,normal_308.csv,0,normal
29,5.6000001430511475,-0.036551724137931035,0.19858923618631508,0.38,-0.51,0.89,-0.04,-0.9344827586206897,0.4407589737105802,0.16,-2.0,2.16,-0.95,0.014137931034482774,0.3829912087892517,0.52,-1.38,1.9,0.07,15.358275862068965,63.386766029159965,217.53,-95.98,313.51,6.6,-35.859310344827584,74.69847731910673,88.89,-217.47,306.36,-28.38,8.372413793103448,23.768853367255407,69.0,-26.4,95.4,3.49,1.040344827586207,0.40698791451537764,2.02,0.06,1.96,1.01,2.02,1.040344827586207,0.40698791451537764,1.96,0.06,0.9285714285714286,217.53,81.73655172413794,2.0,0.9875862068965517,0.05,-0.27,-0.32,-1.14,0.16,1.2999999999999998,0.43,-0.05,-0.48,-5.37,116.85,122.22,-28.38,18.4,46.78,25.31,-0.24,-25.549999999999997,normal_309.csv,0,normal
15,2.799999952316284,-0.1153333333333333,0.26819147388883685,0.36,-0.69,1.0499999999999998,-0.13,-0.7026666666666669,0.9141777466012571,0.35,-2.0,2.35,-0.71,0.11133333333333333,1.0874404198238479,1.69,-1.45,3.1399999999999997,0.24,-9.988666666666663,112.39694504406289,181.46,-183.79,365.25,-31.73,11.679999999999994,85.62923249184742,204.59,-98.3,302.89,8.56,11.705333333333334,40.079792533442706,79.62,-60.67,140.29000000000002,13.44,1.3873333333333333,0.7644182350619575,2.67,0.24,2.4299999999999997,1.21,2.67,1.3873333333333333,0.7644182350619575,2.4299999999999997,0.24,0.8571428571428571,204.59,116.006,2.0,1.22,-0.05,-0.13,-0.08,-0.87,-0.79,0.07999999999999996,-0.4,0.12,0.52,-31.73,181.46,213.19,126.98,-63.34,-190.32,8.74,65.48,56.74,normal_310.csv,0,normal
29,5.599999904632568,-0.09724137931034482,0.15189038697420063,0.12,-0.42,0.54,-0.09,-1.013793103448276,0.33215114667339807,-0.54,-1.66,1.1199999999999999,-0.96,0.16896551724137931,0.23627080146648624,0.66,-0.37,1.03,0.18,-2.375862068965517,39.286636724504085,43.66,-152.49,196.15,2.08,-18.186206896551724,75.20683970670456,165.83,-147.44,313.27,-18.69,6.447241379310346,23.111166116427007,55.45,-31.18,86.63,5.83,1.0668965517241378,0.3380627947615212,1.73,0.55,1.18,1.03,1.73,1.0668965517241378,0.3380627947615212,1.18,0.55,0.10714285714285714,165.83,69.24862068965517,1.66,1.013793103448276,-0.31,-0.04,0.27,-1.04,-0.85,0.19000000000000006,0.34,0.18,-0.16000000000000003,-9.93,-7.14,2.79,165.83,-89.37,-255.20000000000002,-22.46,19.05,41.510000000000005,normal_311.csv,0,normal
25,4.799999952316284,-0.0772,0.14228843944607728,0.15,-0.43,0.58,-0.08,-0.9684,0.2202021798257229,-0.56,-1.55,0.99,-0.97,0.09479999999999998,0.2472198751449136,0.72,-0.32,1.04,0.12,-1.8751999999999998,42.03203075433465,69.05,-88.05,157.1,6.12,-36.3436,58.88524736581594,45.21,-169.16,214.37,-23.69,3.3756,19.91249128060073,36.12,-33.44,69.56,8.31,1.0112,0.24254415405584745,1.58,0.58,1.0,0.99,1.58,1.0112,0.24254415405584745,1.0,0.58,0.25,169.16,59.684000000000005,1.55,0.9684,0.08,-0.18,-0.26,-1.01,-0.97,0.040000000000000036,0.28,0.32,0.03999999999999998,-44.78,-3.91,40.870000000000005,-6.26,-24.82,-18.560000000000002,8.31,-33.44,-41.75,normal_312.csv,0,normal
23,4.400000095367432,-0.015217391304347823,0.13544101585082546,0.2,-0.31,0.51,-0.03,-0.9626086956521738,0.08739759676872481,-0.8,-1.23,0.42999999999999994,-0.97,-0.1508695652173913,0.10858231245039451,0.17,-0.43,0.6,-0.15,-4.330869565217391,24.686237224421127,47.3,-66.27,113.57,-3.79,3.143043478260869,38.365882977977215,71.32,-61.13,132.45,17.06,0.43739130434782625,13.196378365911027,26.73,-17.82,44.55,-1.89,0.9904347826086954,0.08292813213146809,1.25,0.84,0.41000000000000003,0.99,1.25,0.9904347826086954,0.08292813213146809,0.41000000000000003,0.84,0.0,71.32,35.62739130434783,1.23,0.9626086956521738,-0.11,-0.11,0.0,-1.23,-0.98,0.25,0.17,-0.08,-0.25,1.21,1.81,0.6000000000000001,-24.09,20.65,44.739999999999995,11.02,-1.89,-12.91,normal_313.csv,0,normal
25,4.789999961853027,0.044800000000000006,0.10116488191726086,0.21,-0.1,0.31,0.05,-0.9924,0.10844660744655253,-0.81,-1.22,0.4099999999999999,-0.98,0.017199999999999997,0.08696359391530842,0.19,-0.13,0.32,0.02,-1.942,20.21049562314921,40.79,-42.4,83.19,-1.4,-26.000800000000005,31.944387733476233,44.04,-67.48,111.52000000000001,-37.53,2.2807999999999997,14.62953602590777,29.07,-20.43,49.5,0.63,1.0016,0.11081816938871833,1.24,0.81,0.42999999999999994,0.99,1.24,1.0016,0.11081816938871833,0.42999999999999994,0.81,0.7916666666666666,67.48,39.0212,1.22,0.9924,-0.01,-0.02,-0.01,-1.01,-0.91,0.09999999999999998,0.14,0.06,-0.08000000000000002,-4.69,5.53,10.22,-49.53,-47.07,2.460000000000001,-14.66,11.92,26.58,normal_314.csv,0,normal
25,4.799999952316284,0.1204,0.11688598433231134,0.38,-0.1,0.48,0.14,-0.9348000000000001,0.18572201449119233,-0.65,-1.38,0.7299999999999999,-0.91,0.1128,0.13205175752963938,0.37,-0.16,0.53,0.12,-1.6580000000000006,22.933151040942164,33.78,-60.21,93.99000000000001,2.22,-39.7056,46.75540227966532,72.06,-148.92,220.98,-36.13,7.605600000000001,21.6641337775904,48.58,-30.76,79.34,6.75,0.9647999999999999,0.1889911814521161,1.4,0.66,0.7399999999999999,0.95,1.4,0.9647999999999999,0.1889911814521161,0.7399999999999999,0.66,0.4166666666666667,148.92,54.5556,1.38,0.9348000000000001,-0.0,0.17,0.17,-0.96,-0.93,0.029999999999999916,0.37,0.15,-0.22,3.15,-21.03,-24.18,-93.53,-13.66,79.87,12.14,16.49,4.349999999999998,normal_315.csv,0,normal
26,5.0,0.2173076923076923,0.1658085086431379,0.52,-0.13,0.65,0.19,-0.9776923076923077,0.17584783632010245,-0.5,-1.37,0.8700000000000001,-0.955,0.053076923076923084,0.12635724690793892,0.28,-0.25,0.53,0.08499999999999999,1.8107692307692305,22.077357980170895,48.5,-41.17,89.67,3.6900000000000004,-9.83769230769231,50.31090325626781,76.5,-79.04,155.54000000000002,-18.035,5.67,15.254278088457678,36.41,-36.99,73.4,5.505,1.0238461538461539,0.1780354329469709,1.4,0.53,0.8699999999999999,0.99,1.4,1.0238461538461539,0.1780354329469709,0.8699999999999999,0.53,0.24,79.04,47.55730769230768,1.37,0.9776923076923077,0.28,0.24,-0.040000000000000036,-0.79,-0.91,-0.12,0.14,0.2,0.06,3.74,-9.6,-13.34,-64.79,-72.12,-7.329999999999998,-1.4,22.82,24.22,normal_316.csv,0,normal
24,4.5899999141693115,0.22750000000000004,0.18168893627631097,0.66,-0.1,0.76,0.19,-0.9616666666666666,0.17183578274586486,-0.67,-1.35,0.68,-0.96,0.13,0.12364043239061862,0.51,-0.06,0.5700000000000001,0.15000000000000002,6.0304166666666665,31.742169247146496,91.5,-44.14,135.64,9.405,-27.99625,37.143359733371035,46.78,-106.72,153.5,-31.23,1.750416666666666,21.129200992972955,43.79,-36.92,80.71000000000001,-0.7849999999999999,1.0158333333333334,0.19415181569130865,1.4,0.71,0.69,0.98,1.4,1.0158333333333334,0.19415181569130865,0.69,0.71,0.6956521739130435,106.72,46.97791666666666,1.35,0.9616666666666666,-0.01,0.14,0.15000000000000002,-0.92,-1.05,-0.13,0.26,0.51,0.25,21.81,18.75,-3.0599999999999987,-22.18,-2.73,19.45,-6.86,-36.92,-30.060000000000002,normal_317.csv,0,normal
33,6.4100000858306885,-0.11333333333333334,0.12251700562234888,0.1,-0.49,0.59,-0.13,-0.8887878787878789,0.17253183720254314,-0.65,-1.31,0.66,-0.88,0.32333333333333325,0.18797717059969454,0.79,-0.19,0.98,0.3,-6.337575757575757,32.2775358250811,119.33,-60.7,180.03,-13.11,-6.676969696969696,41.22482993330965,99.79,-131.02,230.81,-4.12,-0.981818181818182,17.291090815530094,56.44,-35.31,91.75,-1.56,0.973030303030303,0.1905499417555154,1.49,0.69,0.8,0.93,1.49,0.973030303030303,0.1905499417555154,0.8,0.69,0.15625,131.02,37.45060606060606,1.31,0.8887878787878789,-0.18,-0.49,-0.31,-0.83,-0.89,-0.06000000000000005,0.46,0.34,-0.12,-11.8,-33.56,-21.76,-2.98,-41.73,-38.75,9.56,18.09,8.53,normal_318.csv,0,normal
28,5.400000095367432,-0.06892857142857144,0.10992722460334704,0.08,-0.45,0.53,-0.05,-0.9646428571428569,0.15235149764928088,-0.74,-1.3,0.56,-0.935,0.21071428571428572,0.1460321773630621,0.46,-0.16,0.62,0.215,-3.6785714285714284,30.059059978191048,82.14,-59.24,141.38,-3.335,-2.973214285714286,23.40635479610761,31.27,-71.95,103.22,0.8799999999999999,1.3396428571428574,14.269009019067983,36.65,-15.92,52.57,-0.09000000000000002,1.0074999999999998,0.14485305453254138,1.32,0.76,0.56,1.01,1.32,1.0074999999999998,0.14485305453254138,0.56,0.76,0.2962962962962963,82.14,29.926785714285717,1.3,0.9646428571428569,-0.02,-0.12,-0.09999999999999999,-1.0,-0.83,0.17000000000000004,0.12,0.22,0.1,-5.24,3.18,8.42,-71.95,13.65,85.60000000000001,27.69,-9.81,-37.5,normal_319.csv,0,normal
24,4.6000001430511475,-0.12791666666666668,0.1536223253325496,0.2,-0.41,0.61,-0.14500000000000002,-0.9241666666666667,0.23189046639695454,-0.61,-1.53,0.92,-0.88,0.21333333333333335,0.20748319296347556,0.48,-0.32,0.8,0.22499999999999998,4.88,40.728710950043265,107.38,-61.25,168.63,-5.515,13.106666666666667,34.00773194266354,113.95,-52.6,166.55,7.6,-0.6533333333333337,19.786671989139485,35.5,-52.63,88.13,3.42,0.9945833333333333,0.2152244362776088,1.55,0.65,0.9,0.985,1.55,0.9945833333333333,0.2152244362776088,0.9,0.65,0.6956521739130435,113.95,42.60666666666667,1.53,0.9241666666666667,-0.31,0.01,0.32,-0.95,-0.76,0.18999999999999995,0.07,0.12,0.04999999999999999,12.8,-14.57,-27.37,113.95,27.92,-86.03,-52.63,-2.58,50.050000000000004,normal_320.csv,0,normal
23,4.4100000858306885,-0.14956521739130435,0.13589696166479706,0.17,-0.39,0.56,-0.14,-0.9447826086956523,0.3710166568818635,-0.25,-1.52,1.27,-1.04,0.23565217391304347,0.17172457035392782,0.55,-0.19,0.74,0.25,-3.124782608695652,27.034377419326542,44.89,-52.63,97.52000000000001,-5.57,4.9678260869565225,57.09526464654742,101.1,-114.3,215.39999999999998,-1.28,-5.185217391304347,27.610220253569018,61.74,-32.58,94.32,-22.55,1.0052173913043478,0.3775503526348553,1.59,0.29,1.3,1.13,1.59,1.0052173913043478,0.3775503526348553,1.3,0.29,0.5,114.3,53.6182608695652,1.52,0.9447826086956523,-0.14,-0.3,-0.15999999999999998,-0.96,-1.04,-0.08000000000000007,0.17,0.39,0.22,11.32,-33.56,-44.88,65.77,-6.82,-72.59,-24.6,-22.55,2.0500000000000007,normal_321.csv,0,normal
25,4.8500001430511475,-0.1092,0.07598903429662293,-0.0,-0.31,0.31,-0.1,-0.9003999999999999,0.23105699152662168,-0.54,-1.64,1.0999999999999999,-0.88,0.2828,0.14655829329428388,0.57,-0.05,0.62,0.32,-3.7211999999999987,35.601185293938364,96.08,-76.52,172.6,-1.4,-6.685600000000001,30.48996885316,60.27,-65.45,125.72,-5.66,1.4647999999999997,16.9659669436591,33.24,-39.52,72.76,-1.98,0.9628,0.2299369478791958,1.7,0.61,1.0899999999999999,0.93,1.7,0.9628,0.2299369478791958,1.0899999999999999,0.61,0.6666666666666666,96.08,37.6828,1.64,0.9003999999999999,-0.02,-0.02,0.0,-0.94,-0.9,0.039999999999999925,0.35,0.33,-0.019999999999999962,1.98,-17.69,-19.67,-58.69,-5.66,53.03,12.12,19.98,7.860000000000001,normal_322.csv,0,normal
31,6.019999980926514,-0.10225806451612904,0.13879744660041732,0.23,-0.32,0.55,-0.12,-0.9545161290322578,0.13155071796782208,-0.75,-1.37,0.6200000000000001,-0.94,0.2196774193548387,0.1316936817256303,0.44,-0.14,0.5800000000000001,0.26,-2.1061290322580644,37.162329822677464,78.83,-90.76,169.59,0.27,3.4906451612903227,25.48260804751401,85.44,-75.16,160.6,5.63,-0.5035483870967743,14.462411635774327,30.9,-31.33,62.23,-0.31,1.0032258064516129,0.12998428358264938,1.38,0.81,0.5699999999999998,0.98,1.38,1.0032258064516129,0.12998428358264938,0.5699999999999998,0.81,0.7666666666666667,90.76,32.2016129032258,1.37,0.9545161290322578,-0.07,0.04,0.11000000000000001,-0.95,-1.0,-0.050000000000000044,0.22,0.26,0.04000000000000001,10.38,-0.67,-11.05,14.39,11.51,-2.880000000000001,-6.79,-13.14,-6.3500000000000005,normal_323.csv,0,normal
38,7.409999847412109,-0.13894736842105262,0.11458006698219539,0.05,-0.38,0.43,-0.125,-0.9265789473684211,0.12749724566795975,-0.63,-1.22,0.59,-0.935,0.2223684210526316,0.09679831946626759,0.43,0.06,0.37,0.215,1.0665789473684206,20.232324454816116,53.64,-32.85,86.49000000000001,-1.4100000000000001,-17.046315789473688,51.8956209380544,66.91,-167.59,234.5,-2.9299999999999997,2.906578947368421,22.001298152893565,61.44,-24.54,85.97999999999999,-1.475,0.9739473684210523,0.1243478006778896,1.28,0.67,0.61,0.97,1.28,0.9739473684210523,0.1243478006778896,0.61,0.67,0.4864864864864865,167.59,44.49763157894737,1.22,0.9265789473684211,-0.27,-0.26,0.010000000000000009,-1.0,-0.76,0.24,0.07,0.06,-0.010000000000000009,25.11,45.55,20.439999999999998,-7.83,-11.59,-3.76,-19.94,-23.08,-3.139999999999997,normal_324.csv,0,normal
28,5.400000095367432,-0.1525,0.07965783307604074,-0.01,-0.28,0.27,-0.135,-0.9185714285714287,0.1667936024555673,-0.6,-1.37,0.7700000000000001,-0.885,0.23821428571428577,0.13055589327886072,0.51,0.01,0.5,0.265,-8.676071428571428,31.674253750662782,58.68,-79.02,137.7,-3.87,-40.49892857142857,23.783453996312417,12.17,-75.69,87.86,-41.215,13.840714285714284,16.431848913928057,45.93,-15.51,61.44,14.695,0.9717857142857145,0.17101123141431754,1.4,0.63,0.7699999999999999,0.93,1.4,0.9717857142857145,0.17101123141431754,0.7699999999999999,0.63,0.7037037037037037,79.02,50.13321428571429,1.37,0.9185714285714287,-0.28,-0.1,0.18000000000000002,-0.87,-1.12,-0.2500000000000001,0.33,0.27,-0.06,2.56,-4.02,-6.58,-37.72,-75.69,-37.97,-5.09,24.78,29.87,normal_325.csv,0,normal
30,5.830000162124634,-0.21700000000000005,0.20318413595418386,0.16,-0.63,0.79,-0.24,-0.933,0.12776999809733547,-0.7,-1.26,0.56,-0.9,0.2036666666666667,0.07503945322448641,0.39,0.08,0.31,0.2,-5.467999999999999,19.787036752588193,28.73,-48.7,77.43,-3.7,-20.79033333333333,32.95361750675651,60.12,-89.08,149.2,-15.995000000000001,7.3936666666666655,23.479995958898396,79.36,-36.75,116.11,3.7700000000000005,1.0006666666666668,0.12448329990011911,1.37,0.8,0.5700000000000001,0.955,1.37,1.0006666666666668,0.12448329990011911,0.5700000000000001,0.8,0.7931034482758621,89.08,37.285,1.26,0.933,-0.24,-0.34,-0.10000000000000003,-0.85,-0.9,-0.050000000000000044,0.3,0.22,-0.07999999999999999,-5.82,-7.7,-1.88,3.11,-28.02,-31.13,-7.3,-2.24,5.06,normal_326.csv,0,normal
21,4.0,0.025238095238095233,0.024211370803621925,0.05,-0.04,0.09,0.03,-0.8742857142857142,0.009783367810436542,-0.85,-0.89,0.040000000000000036,-0.87,0.3961904761904762,0.012440333788202978,0.44,0.38,0.06,0.39,-1.8295238095238096,4.006326841622481,11.52,-10.96,22.48,-2.05,-2.6376190476190473,6.980242047924918,12.6,-25.84,38.44,-1.95,-0.4019047619047619,3.3799787263348553,8.48,-8.33,16.810000000000002,-0.6,0.9609523809523809,0.009952267030562394,0.99,0.94,0.050000000000000044,0.96,0.99,0.9609523809523809,0.009952267030562394,0.050000000000000044,0.94,0.1,25.84,5.185238095238095,0.89,0.8742857142857142,-0.03,0.05,0.08,-0.88,-0.87,0.010000000000000009,0.38,0.39,0.010000000000000009,11.52,-1.47,-12.99,-12.95,-2.55,10.399999999999999,8.48,0.21,-8.27,normal_327.csv,0,normal
30,5.800000190734863,0.019000000000000003,0.14152738250953417,0.31,-0.34,0.65,0.045,-0.9273333333333332,0.105436149442188,-0.8,-1.33,0.53,-0.905,0.23633333333333334,0.10600856612535622,0.48,0.06,0.42,0.225,-1.9096666666666657,19.09903725382482,43.0,-32.8,75.8,-4.1450000000000005,-41.97799999999999,36.155479424477186,13.58,-105.13,118.71,-40.45,12.884666666666666,16.6968379689365,59.02,-26.96,85.98,10.745000000000001,0.9716666666666666,0.11033126712653638,1.38,0.84,0.5399999999999999,0.95,1.38,0.9716666666666666,0.11033126712653638,0.5399999999999999,0.84,0.10344827586206896,105.13,48.40233333333333,1.33,0.9273333333333332,0.0,0.18,0.18,-0.85,-0.86,-0.010000000000000009,0.37,0.19,-0.18,-10.31,-17.68,-7.369999999999999,-91.65,-54.37,37.28000000000001,17.85,22.7,4.849999999999998,normal_328.csv,0,normal
33,6.3999998569488525,-0.046060606060606066,0.19395455965798075,0.29,-0.57,0.8599999999999999,0.01,-0.9281818181818182,0.15034241220989808,-0.68,-1.34,0.66,-0.91,0.2560606060606061,0.11352145705601743,0.47,-0.09,0.5599999999999999,0.26,-0.1254545454545437,27.51837296367977,83.37,-53.05,136.42000000000002,-7.73,-22.662727272727274,45.861724937081746,94.09,-113.56,207.65,-30.07,2.5678787878787883,21.668288574200975,44.08,-47.79,91.87,-0.73,0.9906060606060607,0.13781644028243226,1.35,0.79,0.56,0.97,1.35,0.9906060606060607,0.13781644028243226,0.56,0.79,0.25,113.56,44.29454545454545,1.34,0.9281818181818182,0.08,0.1,0.020000000000000004,-0.92,-0.87,0.050000000000000044,0.26,0.3,0.03999999999999998,-16.85,0.61,17.46,8.11,-48.33,-56.44,-17.28,11.05,28.330000000000002,normal_329.csv,0,normal
30,5.7900002002716064,-0.10333333333333335,0.13486476836863823,0.14,-0.39,0.53,-0.10500000000000001,-0.8643333333333333,0.11294439685796367,-0.67,-1.18,0.5099999999999999,-0.86,0.32066666666666666,0.13464982254961824,0.64,-0.14,0.78,0.32,4.086,43.18403509280427,154.07,-79.08,233.14999999999998,0.48000000000000004,4.963666666666667,39.37531245488142,91.69,-73.6,165.29,8.715,-3.9789999999999996,25.067685525117923,65.69,-71.63,137.32,-5.1,0.9456666666666667,0.0994357645134175,1.19,0.72,0.47,0.945,1.19,0.9456666666666667,0.0994357645134175,0.47,0.72,0.5172413793103449,154.07,43.25466666666666,1.18,0.8643333333333333,-0.06,0.03,0.09,-0.94,-0.86,0.07999999999999996,0.25,0.32,0.07,12.08,-6.78,-18.86,91.69,-7.41,-99.1,-20.4,13.86,34.26,normal_330.csv,0,normal
38,7.3999998569488525,-0.06921052631578949,0.15870049266681086,0.27,-0.55,0.8200000000000001,-0.065,-0.8831578947368421,0.16725292811492315,-0.5,-1.43,0.9299999999999999,-0.865,0.32236842105263164,0.13808407565244768,0.62,-0.03,0.65,0.34,-0.9560526315789474,35.439792914674214,94.56,-75.98,170.54000000000002,-2.5749999999999997,-34.9478947368421,47.011471927024125,91.36,-126.24,217.6,-27.740000000000002,6.851315789473683,22.544695447410703,51.07,-31.19,82.26,4.375,0.9681578947368422,0.14076730392711065,1.44,0.77,0.6699999999999999,0.94,1.44,0.9681578947368422,0.14076730392711065,0.6699999999999999,0.77,0.5675675675675675,126.24,54.850526315789466,1.43,0.8844736842105263,-0.08,-0.02,0.06,-0.86,-0.78,0.07999999999999996,0.36,0.53,0.17000000000000004,-4.8,-56.94,-52.14,-27.56,-31.0,-3.4400000000000013,12.03,19.06,7.029999999999999,normal_331.csv,0,normal
36,7.009999990463257,-0.3516666666666668,0.14045843309880482,-0.09,-0.76,0.67,-0.355,-0.8938888888888888,0.13453152106004806,-0.65,-1.21,0.5599999999999999,-0.86,0.20611111111111113,0.15761214198654655,0.56,-0.18,0.74,0.23,-10.31722222222222,29.051870715385817,76.82,-61.92,138.74,-8.355,-26.701944444444447,47.0371021228042,77.42,-131.5,208.92000000000002,-26.82,10.196944444444446,21.38262830556544,61.26,-30.11,91.37,9.405000000000001,1.0008333333333335,0.15734175724018268,1.42,0.72,0.7,0.98,1.42,1.0008333333333335,0.15734175724018268,0.7,0.72,0.2571428571428571,131.5,50.7875,1.21,0.8938888888888888,-0.37,-0.46,-0.09000000000000002,-0.81,-0.88,-0.06999999999999995,0.25,0.09,-0.16,-21.89,-24.01,-2.120000000000001,4.57,-61.79,-66.36,23.49,11.75,-11.739999999999998,normal_332.csv,0,normal
19,3.5999999046325684,-0.03315789473684211,0.09333646611283687,0.16,-0.24,0.4,-0.03,-0.9626315789473686,0.1886455260612453,-0.57,-1.3,0.7300000000000001,-0.98,-0.31315789473684214,0.15920122248200888,0.08,-0.65,0.73,-0.3,-1.5542105263157897,16.527676893888383,27.69,-27.57,55.260000000000005,-5.31,6.136842105263159,48.0980401601922,82.01,-69.86,151.87,16.2,-1.115789473684211,22.34791944474411,31.34,-47.98,79.32,3.77,1.0331578947368423,0.16114357406359184,1.34,0.76,0.5800000000000001,1.01,1.34,1.0331578947368423,0.16114357406359184,0.5800000000000001,0.76,0.8333333333333334,82.01,43.43631578947368,1.3,0.9626315789473686,0.03,-0.12,-0.15,-0.95,-1.01,-0.06000000000000005,0.08,-0.23,-0.31,-15.45,16.73,32.18,82.01,16.2,-65.81,5.94,-8.62,-14.559999999999999,normal_333.csv,0,normal
22,4.199999809265137,-0.05363636363636364,0.08856235116171005,0.13,-0.21,0.33999999999999997,-0.07,-0.845,0.24179389097800985,-0.45,-1.21,0.76,-0.87,-0.3486363636363636,0.13381919054297015,-0.15,-0.63,0.48,-0.33,4.794999999999999,23.17814153978043,59.4,-32.69,92.09,0.99,-6.924090909090908,53.59240739215379,97.18,-107.57,204.75,-2.46,-0.973181818181818,18.270985686748485,38.33,-25.87,64.2,-2.21,0.9363636363636366,0.20934240474457733,1.3,0.59,0.7100000000000001,0.935,1.3,0.9363636363636366,0.20934240474457733,0.7100000000000001,0.59,0.42857142857142855,107.57,47.70227272727272,1.21,0.8545454545454546,-0.11,-0.14,-0.030000000000000013,-0.75,-0.98,-0.22999999999999998,-0.18,-0.41,-0.22999999999999998,17.05,-13.96,-31.01,27.78,-107.57,-135.35,-3.41,-12.94,-9.53,normal_334.csv,0,normal
23,4.4100000858306885,-0.039130434782608706,0.12823674992614462,0.24,-0.31,0.55,-0.01,-0.9413043478260871,0.1994379454144728,-0.54,-1.24,0.7,-0.98,-0.4078260869565218,0.12435128108193887,-0.22,-0.63,0.41000000000000003,-0.39,-3.9239130434782608,21.626111477296572,30.72,-56.37,87.09,-6.94,8.119130434782607,46.18524822662471,99.04,-66.06,165.10000000000002,16.17,2.8878260869565224,20.84999236026059,38.7,-32.82,71.52000000000001,1.08,1.0443478260869565,0.18014706333126126,1.31,0.7,0.6100000000000001,1.08,1.31,1.0443478260869565,0.18014706333126126,0.6100000000000001,0.7,0.18181818181818182,99.04,42.81565217391305,1.24,0.9421739130434783,-0.03,-0.14,-0.11000000000000001,-0.97,-0.65,0.31999999999999995,-0.24,-0.22,0.01999999999999999,-1.02,-15.53,-14.51,20.61,-62.57,-83.18,-10.73,-32.82,-22.09,normal_335.csv,0,normal
18,3.4000000953674316,-0.16166666666666668,0.4213458827865493,0.27,-1.36,1.6300000000000001,-0.05,-0.6894444444444444,0.8712430080551392,0.53,-2.0,2.5300000000000002,-0.595,-0.2727777777777778,0.31295189548697244,0.56,-0.65,1.21,-0.27,-6.154999999999999,31.896514331045456,65.63,-48.63,114.25999999999999,-9.035,-41.01444444444445,30.335657764850655,10.62,-93.48,104.10000000000001,-34.519999999999996,-0.04277777777777785,32.77749242204357,40.87,-97.82,138.69,4.79,1.0533333333333332,0.6837784298853471,2.23,0.18,2.05,0.825,2.23,1.0533333333333332,0.6837784298853471,2.05,0.18,0.7058823529411765,97.82,50.36611111111111,2.0,0.9561111111111111,0.03,-0.1,-0.13,-0.79,-0.93,-0.14,-0.4,-0.25,0.15000000000000002,-33.08,-26.37,6.709999999999997,-19.91,-36.82,-16.91,1.67,8.44,6.77,normal_336.csv,0,normal
26,5.0,-0.10884615384615384,0.07223998466649467,0.04,-0.23,0.27,-0.12,-1.06,0.1779438113562818,-0.81,-1.42,0.6099999999999999,-1.005,-0.4226923076923077,0.24010926999693608,-0.06,-0.93,0.8700000000000001,-0.44,-6.151153846153846,28.667562341702244,36.05,-83.66,119.71,2.005,-22.513846153846153,45.770236361803775,54.97,-99.4,154.37,-42.495000000000005,-7.841153846153845,17.555115340418148,34.15,-38.73,72.88,-11.235,1.171923076923077,0.18693355462878739,1.51,0.93,0.58,1.09,1.51,1.171923076923077,0.18693355462878739,0.58,0.93,0.12,99.4,49.540769230769236,1.42,1.0634615384615385,0.04,-0.12,-0.16,-0.92,-0.99,-0.06999999999999995,-0.14,-0.44,-0.3,-19.53,-4.86,14.670000000000002,-70.8,-99.4,-28.60000000000001,-31.7,-12.42,19.28,normal_337.csv,0,normal
25,4.799999952316284,-0.0604,0.12132875449235711,0.09,-0.41,0.5,-0.03,-0.82,0.25321269057191165,-0.37,-1.29,0.92,-0.78,-0.2432,0.39413111185661726,0.77,-0.88,1.65,-0.33,5.1232,29.442041895901173,88.56,-45.34,133.9,4.18,8.2724,45.0796991708389,127.12,-83.15,210.27,4.27,5.2748,21.88452728146837,58.99,-53.16,112.15,8.15,0.9484,0.25296047122030746,1.45,0.5,0.95,0.97,1.45,0.9484,0.25296047122030746,0.95,0.5,0.7083333333333334,127.12,41.7556,1.29,0.82,-0.02,0.02,0.04,-1.29,-0.96,0.33000000000000007,-0.35,0.18,0.53,28.34,-32.69,-61.03,-57.95,-1.98,55.970000000000006,-53.16,-0.43,52.73,normal_338.csv,0,normal
26,4.990000009536743,-0.07384615384615385,0.11669025402584135,0.19,-0.34,0.53,-0.065,-0.9938461538461539,0.2089416554558123,-0.51,-1.28,0.77,-1.02,-0.3169230769230769,0.19220341788364181,-0.09,-0.74,0.65,-0.235,-9.313846153846155,23.996575101780348,33.19,-84.83,118.02,-7.305,-27.853076923076927,42.879939250818055,76.16,-115.19,191.35,-35.97,-7.426923076923076,14.67278590295129,30.72,-33.24,63.96,-6.41,1.0642307692307693,0.23129501640844882,1.37,0.55,0.8200000000000001,1.09,1.37,1.0642307692307693,0.23129501640844882,0.8200000000000001,0.55,0.48,115.19,47.72423076923077,1.28,0.9938461538461539,0.08,-0.16,-0.24,-1.03,-0.51,0.52,-0.15,-0.35,-0.19999999999999998,-52.95,16.33,69.28,-32.18,-7.11,25.07,6.12,-13.16,-19.28,normal_339.csv,0,normal
21,4.0,-0.08761904761904761,0.3393656547428564,0.84,-0.82,1.66,-0.06,-0.7780952380952381,0.4351737474574845,-0.16,-1.93,1.77,-0.66,-0.37523809523809526,0.14931908945674185,-0.11,-0.74,0.63,-0.4,1.9990476190476203,38.050271602810135,112.79,-58.72,171.51,1.47,-30.386190476190478,69.41262864034113,92.02,-165.94,257.96,-14.75,-6.973333333333334,36.343581322337144,68.05,-55.7,123.75,-11.18,0.9347619047619047,0.45047329607446257,2.11,0.29,1.8199999999999998,0.89,2.11,0.9347619047619047,0.45047329607446257,1.8199999999999998,0.29,0.9,165.94,65.22190476190477,1.93,0.8004761904761905,0.03,-0.07,-0.1,-1.1,-0.9,0.20000000000000007,-0.35,-0.42,-0.07,-24.17,-44.29,-20.119999999999997,-38.86,-103.76,-64.9,-16.69,-37.15,-20.459999999999997,normal_340.csv,0,normal
19,3.5900001525878906,0.09157894736842105,0.3108815987173455,0.85,-0.34,1.19,0.03,-1.1431578947368422,0.7233490983810341,-0.27,-2.0,1.73,-0.71,-0.5452631578947368,0.40716319989044847,-0.08,-1.29,1.21,-0.31,6.334736842105263,43.817565525003914,100.02,-57.18,157.2,6.35,-48.68421052631578,80.86031290756159,68.12,-232.66,300.78,-40.16,-16.84315789473684,29.48938510579915,49.7,-70.0,119.7,-10.85,1.3110526315789475,0.8176041879706429,2.48,0.4,2.08,0.93,2.48,1.3110526315789475,0.8176041879706429,2.08,0.4,0.3888888888888889,232.66,77.82684210526315,2.0,1.1442105263157896,-0.0,0.03,0.03,-0.71,-0.44,0.26999999999999996,-0.14,-0.23,-0.09,12.08,-37.92,-50.0,4.91,-80.67,-85.58,12.32,0.37,-11.950000000000001,normal_341.csv,0,normal
27,5.200000047683716,-0.08185185185185186,0.24910666601705192,0.42,-0.59,1.01,-0.1,-0.9562962962962963,0.5200528682307076,-0.21,-2.0,1.79,-0.84,-0.3625925925925926,0.3405492463268553,0.06,-1.34,1.4000000000000001,-0.24,-14.68222222222222,37.3108573941578,72.51,-85.91,158.42000000000002,-13.73,-48.407407407407405,67.99137126207168,47.76,-203.08,250.84,-32.5,-12.124074074074077,25.28360114006086,41.37,-67.62,108.99000000000001,-3.43,1.0840740740740742,0.5695427265613331,2.41,0.38,2.0300000000000002,0.88,2.41,1.0840740740740742,0.5695427265613331,2.0300000000000002,0.38,0.5769230769230769,203.08,72.38185185185185,2.0,0.9633333333333332,0.05,0.12,0.06999999999999999,-0.96,-0.62,0.33999999999999997,-0.25,-0.18,0.07,-35.76,10.98,46.739999999999995,-97.1,17.08,114.17999999999999,-20.88,41.37,62.25,normal_342.csv,0,normal
25,4.799999952316284,-0.1616,0.2689436124295698,0.48,-0.68,1.1600000000000001,-0.16,-1.0092,0.6473530721329744,-0.05,-2.0,1.95,-0.86,-0.37200000000000005,0.2555875583826412,-0.0,-0.88,0.88,-0.29,-1.0332,32.69235113396812,63.33,-78.11,141.44,-1.88,-47.22159999999999,67.58780947034754,67.96,-165.69,233.64999999999998,-37.87,-14.0756,32.16356855719423,35.43,-79.48,114.91,-10.14,1.1452,0.6512239758076069,2.19,0.24,1.95,1.01,2.19,1.1452,0.6512239758076069,1.95,0.24,0.20833333333333334,165.69,70.878,2.0,1.03,-0.32,-0.0,0.32,-0.45,-0.64,-0.19,-0.29,-0.22,0.06999999999999998,-16.46,-21.7,-5.239999999999998,-137.27,8.89,146.16000000000003,-36.11,12.52,48.629999999999995,normal_343.csv,0,normal
30,5.799999952316284,-0.08800000000000002,0.22217420937261106,0.38,-0.56,0.9400000000000001,-0.095,-1.1276666666666666,0.6765719032223294,-0.24,-2.0,1.76,-0.98,-0.37766666666666665,0.3318151056956511,0.02,-1.18,1.2,-0.26,22.272333333333336,28.13403101697956,95.39,-19.08,114.47,16.2,-33.919000000000004,57.357731003432036,61.8,-161.85,223.64999999999998,-22.525,-17.72166666666667,25.03965228955085,46.12,-65.18,111.30000000000001,-18.525,1.2363333333333335,0.7129079997390646,2.34,0.4,1.94,1.0,2.34,1.2363333333333335,0.7129079997390646,1.94,0.4,0.896551724137931,161.85,59.44466666666667,2.0,1.137,-0.09,0.02,0.11,-0.95,-0.4,0.5499999999999999,-0.24,-0.05,0.19,-8.24,13.33,21.57,-0.37,-36.73,-36.36,-4.8,-17.37,-12.57,normal_344.csv,0,normal
29,5.5899999141693115,-0.1517241379310345,0.21342561376469657,0.21,-0.7,0.9099999999999999,-0.1,-0.9727586206896552,0.6139793886240583,-0.11,-2.0,1.89,-0.83,-0.356551724137931,0.238091756953205,0.0,-0.92,0.92,-0.27,9.912413793103447,28.92553538894217,81.65,-37.05,118.7,9.42,-38.42620689655172,68.53653657584988,60.53,-205.74,266.27,-39.77,-14.241724137931033,31.647128403804608,56.05,-83.12,139.17000000000002,-14.42,1.0875862068965518,0.6243719997634983,2.2,0.25,1.9500000000000002,0.89,2.2,1.0875862068965518,0.6243719997634983,1.9500000000000002,0.25,0.07142857142857142,205.74,67.97103448275863,2.0,0.9889655172413793,0.01,0.21,0.19999999999999998,-2.0,-1.37,0.6299999999999999,-0.58,0.0,0.58,-21.78,81.65,103.43,-74.98,50.76,125.74000000000001,-48.5,-21.47,27.03,normal_345.csv,0,normal
27,5.199999809265137,-0.21407407407407406,0.26235998843719205,0.36,-0.69,1.0499999999999998,-0.18,-1.0422222222222224,0.6015002610993315,-0.23,-2.0,1.77,-0.89,-0.38185185185185183,0.39377890162097734,0.25,-1.89,2.1399999999999997,-0.29,-3.635925925925926,44.71031598904727,85.31,-87.71,173.01999999999998,12.09,-20.158518518518523,79.29570483584281,120.47,-189.91,310.38,-5.5,-2.639629629629629,23.73809166743182,33.77,-47.65,81.42,0.49,1.184814814814815,0.6783201556921581,2.78,0.35,2.4299999999999997,1.0,2.78,1.184814814814815,0.6783201556921581,2.4299999999999997,0.35,0.5769230769230769,189.91,74.84703703703703,2.0,1.0440740740740742,-0.09,0.07,0.16,-0.49,-0.77,-0.28,-0.22,-0.11,0.11,12.19,-2.16,-14.35,102.21,15.02,-87.19,33.77,13.34,-20.430000000000003,normal_346.csv,0,normal
25,4.799999952316284,-0.05360000000000001,0.20136782265297504,0.28,-0.59,0.87,-0.01,-0.9196,0.5775052669312492,-0.1,-2.0,1.9,-0.82,-0.39159999999999995,0.3022509994469276,-0.02,-1.42,1.4,-0.29,8.298,37.867819121253866,65.82,-82.11,147.93,16.78,-35.4356,67.29029827793404,73.79,-194.87,268.66,-31.27,-13.192800000000002,26.135891273623454,60.63,-50.78,111.41,-16.14,1.0472,0.6056093350227246,2.47,0.22,2.25,0.92,2.47,1.0472,0.6056093350227246,2.25,0.22,0.16666666666666666,194.87,66.0564,2.0,0.95,0.11,-0.24,-0.35,-0.95,-0.86,0.08999999999999997,-0.36,-0.27,0.08999999999999997,-23.93,-43.84,-19.910000000000004,43.21,31.95,-11.260000000000002,-9.52,27.9,37.42,normal_347.csv,0,normal
27,5.200000047683716,-0.09925925925925926,0.26776749279819273,0.32,-0.74,1.06,-0.12,-0.8733333333333334,0.3692820477212923,-0.2,-1.87,1.6700000000000002,-0.77,-0.3440740740740741,0.18541552626173832,-0.05,-0.68,0.63,-0.36,-16.819259259259262,53.20063113607162,88.72,-112.03,200.75,-14.13,-47.38296296296297,66.45740456602576,61.31,-177.18,238.49,-38.1,-14.698888888888886,24.938061169060333,44.38,-60.18,104.56,-22.93,1.0040740740740741,0.34431938727849826,1.93,0.47,1.46,0.93,1.93,1.0040740740740741,0.34431938727849826,1.46,0.47,0.2692307692307692,177.18,77.63,1.87,0.8907407407407407,-0.1,0.26,0.36,-0.74,-0.77,-0.030000000000000027,-0.21,-0.27,-0.060000000000000026,-17.51,-14.13,3.380000000000001,-65.17,-25.38,39.790000000000006,-15.49,-30.58,-15.089999999999998,normal_348.csv,0,normal
28,5.3999998569488525,-0.005714285714285713,0.2121918868038946,0.44,-0.45,0.89,0.05,-0.9710714285714286,0.44055805760013306,-0.39,-1.85,1.46,-0.87,-0.3814285714285714,0.21128731159804187,-0.08,-0.84,0.76,-0.345,3.716428571428571,36.48306011920294,81.21,-70.42,151.63,5.045,-24.907857142857143,74.17204731329385,93.43,-151.67,245.1,-27.745,-8.417857142857141,26.833285349459217,28.76,-66.66,95.42,-4.85,1.0728571428571427,0.4691272996537542,2.08,0.45,1.6300000000000001,1.02,2.08,1.0728571428571427,0.4691272996537542,1.6300000000000001,0.45,1.0,151.67,64.82214285714285,1.85,0.9710714285714286,-0.37,0.44,0.81,-1.69,-1.85,-0.16000000000000014,-0.32,-0.84,-0.52,39.09,81.21,42.11999999999999,68.64,84.28,15.64,24.48,11.55,-12.93,normal_349.csv,0,normal
28,5.400000095367432,-0.08499999999999999,0.21539799510742036,0.41,-0.42,0.83,-0.14,-0.8114285714285714,0.3363388314242195,-0.13,-1.85,1.7200000000000002,-0.735,-0.3942857142857143,0.17831367641257134,-0.06,-0.78,0.72,-0.4,-6.312142857142858,27.755716709407988,53.05,-70.32,123.36999999999999,-3.835,-31.782857142857143,70.14601500558689,108.43,-206.58,315.01,-41.769999999999996,-6.079642857142858,33.519155660070275,76.77,-71.61,148.38,-9.469999999999999,0.9524999999999999,0.3215198283154555,2.05,0.61,1.44,0.895,2.05,0.9524999999999999,0.3215198283154555,1.44,0.61,0.6666666666666666,206.58,66.01785714285714,1.85,0.8289285714285715,0.07,-0.26,-0.33,-0.83,-0.83,0.0,-0.42,-0.32,0.09999999999999998,-17.89,14.77,32.66,67.81,43.57,-24.240000000000002,20.43,39.09,18.660000000000004,normal_350.csv,0,normal
28,5.389999866485596,0.02107142857142857,0.25219538700680716,0.67,-0.49,1.1600000000000001,0.03,-1.0757142857142858,0.6113944509097009,-0.37,-2.0,1.63,-0.8200000000000001,-0.5328571428571429,0.35660806520508226,0.03,-1.21,1.24,-0.515,0.7610714285714284,40.92374402147792,104.08,-98.51,202.59,3.945,-19.2225,83.33755320982253,146.27,-177.02,323.29,-19.53,-13.313214285714285,24.004025905170252,34.97,-52.27,87.24000000000001,-10.129999999999999,1.2403571428571427,0.6795558579110064,2.29,0.49,1.8,0.98,2.29,1.2403571428571427,0.6795558579110064,1.8,0.49,0.2962962962962963,177.02,75.46250000000002,2.0,1.085357142857143,-0.06,0.41,0.47,-0.91,-2.0,-1.0899999999999999,-0.41,-0.9,-0.49000000000000005,48.23,-10.19,-58.419999999999995,146.27,23.76,-122.51,31.47,-32.42,-63.89,normal_351.csv,0,normal
32,6.190000057220459,0.002499999999999998,0.18646110032788038,0.53,-0.38,0.91,-0.015,-0.8365625000000001,0.3588027526686224,-0.26,-1.96,1.7,-0.785,-0.461875,0.25772500348114236,0.19,-1.4,1.5899999999999999,-0.44,-0.1562499999999991,26.25871698583035,51.02,-60.48,111.5,-4.66,-26.6284375,74.06811429720858,153.82,-187.86,341.68,-34.54,-13.7571875,29.921250753826907,37.55,-75.07,112.61999999999999,-13.870000000000001,0.9915624999999999,0.3965749278346991,2.47,0.49,1.9800000000000002,0.915,2.47,0.9915624999999999,0.3965749278346991,1.9800000000000002,0.49,0.45161290322580644,187.86,66.513125,1.96,0.8440624999999999,0.1,-0.14,-0.24000000000000002,-0.97,-1.09,-0.1200000000000001,-0.46,-0.4,0.06,-37.21,12.34,49.55,115.32,-66.19,-181.51,24.74,-23.48,-48.22,normal_352.csv,0,normal
30,5.799999952316284,0.009999999999999993,0.17401942024006878,0.53,-0.34,0.8700000000000001,-0.005,-0.8370000000000001,0.4240945730571799,-0.31,-1.96,1.65,-0.6950000000000001,-0.4226666666666668,0.2733437059988677,-0.04,-1.06,1.02,-0.30500000000000005,8.336333333333334,29.311401275146224,62.02,-84.64,146.66,14.065,17.327999999999996,71.47508200475329,214.21,-115.33,329.54,22.345,7.366666666666666,33.95739646546307,71.31,-67.11,138.42000000000002,0.9750000000000001,0.9716666666666666,0.46585541143987597,2.23,0.38,1.85,0.845,2.23,0.9716666666666666,0.46585541143987597,1.85,0.38,0.3793103448275862,214.21,62.021,1.96,0.8563333333333334,0.05,-0.03,-0.08,-0.4,-0.6,-0.19999999999999996,-0.49,-0.42,0.07,-17.85,24.95,42.8,-115.33,27.47,142.8,-67.11,2.66,69.77,normal_353.csv,0,normal
31,6.0,-0.030322580645161284,0.19058653102056192,0.44,-0.42,0.86,0.0,-0.9680645161290323,0.47989873483780376,-0.34,-2.0,1.66,-0.78,-0.49032258064516127,0.2903616580630409,-0.04,-1.01,0.97,-0.4,9.050322580645162,36.867375684912446,61.85,-109.19,171.04,13.05,-36.16935483870968,67.81024671515281,100.82,-197.91,298.73,-25.07,-19.69,25.746551484292674,33.6,-74.65,108.25,-18.36,1.1106451612903225,0.5388254849446215,2.27,0.4,1.87,0.94,2.27,1.1106451612903225,0.5388254849446215,1.87,0.4,0.26666666666666666,197.91,69.7006451612903,2.0,0.974516129032258,-0.03,0.09,0.12,-1.01,-0.57,0.44000000000000006,-0.57,-0.25,0.31999999999999995,32.98,-1.14,-34.12,-128.93,6.72,135.65,-53.18,-6.73,46.45,normal_354.csv,0,normal
30,5.799999952316284,0.01933333333333333,0.16617260103077564,0.48,-0.25,0.73,0.04,-0.8053333333333332,0.38530537225044953,-0.24,-2.0,1.76,-0.6950000000000001,-0.466,0.24312051786489874,-0.17,-1.23,1.06,-0.41000000000000003,6.9446666666666665,31.545818208389864,55.53,-107.55,163.07999999999998,11.055,-34.421333333333344,69.53837787985078,79.25,-172.62,251.87,-27.939999999999998,-14.784666666666663,31.077174208438088,51.28,-91.41,142.69,-12.98,0.9516666666666665,0.4406115134073625,2.36,0.4,1.96,0.845,2.36,0.9516666666666665,0.4406115134073625,1.96,0.4,0.4827586206896552,172.62,67.27633333333334,2.0,0.8089999999999999,0.08,0.48,0.39999999999999997,-0.68,-1.2,-0.5199999999999999,-0.49,-0.59,-0.09999999999999998,5.0,55.27,50.27,-132.24,79.25,211.49,-66.37,8.91,75.28,normal_355.csv,0,normal
34,6.599999904632568,0.02088235294117647,0.21728863149303068,0.46,-0.51,0.97,0.025,-0.9055882352941177,0.3097035843519216,-0.22,-1.51,1.29,-0.865,-0.47058823529411764,0.22344331769161024,-0.13,-0.96,0.83,-0.44,-5.893235294117648,38.47041371807598,122.59,-67.85,190.44,-12.01,-25.491176470588233,65.7068942356061,112.02,-203.79,315.81,-21.689999999999998,-9.362058823529411,29.091431913611846,46.05,-69.18,115.23,-6.699999999999999,1.0579411764705882,0.3369091183252469,1.79,0.63,1.1600000000000001,0.97,1.79,1.0579411764705882,0.3369091183252469,1.1600000000000001,0.63,0.12121212121212122,203.79,64.13882352941175,1.51,0.916764705882353,0.02,0.17,0.15000000000000002,-1.0,-0.57,0.43000000000000005,-0.44,-0.28,0.15999999999999998,-11.95,31.22,43.17,72.34,-25.43,-97.77000000000001,36.22,-3.69,-39.91,normal_356.csv,0,normal
31,5.949999809265137,0.09806451612903225,0.08986728566201421,0.3,-0.13,0.43,0.1,-0.8851612903225808,0.2219289821503257,-0.55,-1.5,0.95,-0.87,-0.3903225806451613,0.1653578719216343,-0.07,-0.77,0.7,-0.35,3.9016129032258062,18.884347327310376,32.68,-36.7,69.38,7.32,-34.28258064516129,53.65041981617304,26.25,-213.19,239.44,-22.18,-13.318709677419356,23.459933751247107,23.03,-82.82,105.85,-7.56,0.9912903225806451,0.21826195172290672,1.54,0.62,0.92,0.99,1.54,0.9912903225806451,0.21826195172290672,0.92,0.62,0.9666666666666667,213.19,44.28096774193548,1.5,0.8851612903225808,0.1,0.06,-0.04000000000000001,-0.93,-0.71,0.22000000000000008,-0.25,-0.07,0.18,7.85,-29.31,-37.16,-33.15,-31.69,1.4599999999999973,-1.17,-4.04,-2.87,normal_357.csv,0,normal
28,5.3999998569488525,0.03892857142857144,0.13488923537519895,0.36,-0.32,0.6799999999999999,0.05,-0.8371428571428572,0.26977160632045694,-0.34,-1.75,1.41,-0.795,-0.5375,0.23135070379868772,-0.14,-1.07,0.93,-0.52,2.211785714285714,23.32990642351912,56.81,-38.69,95.5,5.18,-36.833928571428565,51.00687864572673,32.31,-138.92,171.23,-32.925,-11.22857142857143,28.92179489772065,48.76,-76.64,125.4,-10.16,1.022857142857143,0.2971576105413514,1.93,0.5,1.43,0.97,1.93,1.022857142857143,0.2971576105413514,1.43,0.5,0.5185185185185185,138.92,53.1025,1.75,0.8539285714285715,0.13,0.06,-0.07,-0.94,-0.87,0.06999999999999995,-0.69,-0.28,0.4099999999999999,5.03,13.27,8.239999999999998,-92.62,7.94,100.56,-20.31,-4.66,15.649999999999999,normal_358.csv,0,normal
33,6.409999847412109,0.08515151515151516,0.10133857891127929,0.34,-0.12,0.46,0.1,-0.8578787878787879,0.24548112931238697,-0.41,-1.39,0.98,-0.89,-0.519090909090909,0.20960325075549932,-0.05,-1.0,0.95,-0.52,1.916363636363637,25.616106605291062,37.16,-92.12,129.28,7.08,4.922727272727272,42.15939754911763,134.35,-82.11,216.45999999999998,-3.17,2.5675757575757574,22.219145746166614,61.18,-35.37,96.55,-0.75,1.0257575757575759,0.27459094922072613,1.75,0.52,1.23,1.02,1.75,1.0257575757575759,0.27459094922072613,1.23,0.52,0.90625,134.35,38.334848484848486,1.39,0.8633333333333334,0.14,0.01,-0.13,-0.9,-0.41,0.49000000000000005,-0.72,-0.32,0.39999999999999997,17.31,25.46,8.150000000000002,46.82,-3.24,-50.06,7.27,6.91,-0.35999999999999943,normal_359.csv,0,normal
35,6.799999952316284,0.12285714285714287,0.16057930839841814,0.64,-0.21,0.85,0.1,-0.9274285714285715,0.28534131117934225,-0.5,-1.61,1.11,-0.85,-0.47085714285714286,0.22535424960520722,-0.13,-0.95,0.82,-0.43,0.8151428571428566,22.999501832383565,63.26,-38.56,101.82,0.77,-23.56771428571428,64.16744887107363,104.17,-179.64,283.81,-15.36,-15.289714285714286,32.43252393415437,29.53,-84.9,114.43,-9.82,1.0705714285714283,0.3297944355926873,1.82,0.6,1.2200000000000002,1.0,1.82,1.0705714285714283,0.3297944355926873,1.2200000000000002,0.6,0.9411764705882353,179.64,55.830571428571425,1.61,0.9274285714285715,0.11,0.07,-0.039999999999999994,-0.58,-0.95,-0.37,-0.31,-0.17,0.13999999999999999,-32.7,12.47,45.17,104.17,64.99,-39.18000000000001,29.53,3.98,-25.55,normal_360.csv,0,normal
29,5.6000001430511475,0.13620689655172413,0.18758643328007205,0.61,-0.37,0.98,0.13,-0.8586206896551724,0.2916789347642741,-0.46,-1.55,1.09,-0.81,-0.48482758620689653,0.3064849179423163,-0.1,-1.23,1.13,-0.43,9.337931034482759,34.885201874895564,88.56,-61.1,149.66,8.05,-32.449999999999996,62.36131120906845,82.76,-179.35,262.11,-39.34,-10.134827586206896,37.711950040564986,78.92,-101.07,179.99,-14.17,1.029655172413793,0.3738074634145679,2.01,0.57,1.44,0.97,2.01,1.029655172413793,0.3738074634145679,1.44,0.57,0.75,179.35,63.66793103448276,1.55,0.8786206896551723,0.13,-0.04,-0.17,-0.7,-0.83,-0.13,-0.23,-0.5,-0.27,28.61,2.06,-26.55,-73.7,-52.27,21.43,-57.73,23.89,81.62,normal_361.csv,0,normal
33,6.389999866485596,0.15787878787878787,0.1990250859778356,0.84,-0.14,0.98,0.12,-0.8354545454545454,0.310343468083055,-0.44,-1.76,1.32,-0.77,-0.45060606060606057,0.3021789556076353,0.03,-1.26,1.29,-0.39,6.609393939393939,39.90295908038917,90.72,-83.15,173.87,7.04,-17.031818181818178,73.49002489515777,152.86,-182.79,335.65,-19.59,-2.5578787878787876,30.98485746675057,71.3,-70.12,141.42000000000002,-3.06,0.9903030303030302,0.4145892911099252,2.22,0.46,1.7600000000000002,0.88,2.22,0.9903030303030302,0.4145892911099252,1.7600000000000002,0.46,0.96875,182.79,65.4209090909091,1.76,0.8354545454545454,0.2,0.18,-0.020000000000000018,-0.77,-0.66,0.10999999999999999,-0.55,-0.27,0.28,-18.96,-8.17,10.790000000000001,152.86,-2.34,-155.20000000000002,71.3,-2.37,-73.67,normal_362.csv,0,normal
30,5.800000190734863,-0.10100000000000002,0.19818747655204896,0.19,-0.46,0.65,-0.07500000000000001,-0.8396666666666666,0.2229037728573094,-0.63,-1.69,1.06,-0.77,-0.4433333333333333,0.21843224047324358,-0.12,-1.13,1.0099999999999998,-0.455,-35.19166666666667,36.1066105403518,8.41,-117.03,125.44,-29.435,-29.022000000000002,60.045956158882866,66.59,-204.86,271.45000000000005,-28.405,-19.101666666666667,35.28663233101691,61.22,-82.92,144.14,-14.745000000000001,0.9889999999999998,0.26110309761894224,2.03,0.68,1.3499999999999996,0.93,2.03,0.9889999999999998,0.26110309761894224,1.3499999999999996,0.68,0.3793103448275862,204.86,65.45633333333333,1.69,0.8396666666666666,-0.03,-0.08,-0.05,-0.66,-0.65,0.010000000000000009,-0.15,-0.47,-0.31999999999999995,-9.32,-32.56,-23.240000000000002,-57.56,-28.46,29.1,-24.11,-16.05,8.059999999999999,normal_363.csv,0,normal
30,5.799999952316284,-0.05133333333333332,0.24446610840956984,0.39,-0.66,1.05,-0.07,-0.8556666666666666,0.3274423701159128,-0.31,-1.62,1.31,-0.775,-0.4293333333333334,0.30343928931311875,-0.03,-1.09,1.06,-0.43,-24.86333333333334,32.88812009948518,25.16,-115.92,141.08,-19.950000000000003,26.980999999999998,77.39150846006387,228.16,-103.13,331.28999999999996,23.5,6.9076666666666675,36.633014381069955,84.28,-74.5,158.78,0.07999999999999996,1.0043333333333333,0.4072843904603313,1.99,0.33,1.66,0.905,1.99,1.0043333333333333,0.4072843904603313,1.66,0.33,0.6206896551724138,228.16,70.13566666666665,1.62,0.8603333333333333,0.13,-0.27,-0.4,-0.99,-0.57,0.42000000000000004,-0.28,-0.03,0.25,-9.82,10.67,20.490000000000002,-65.82,-14.35,51.46999999999999,-19.64,-13.38,6.26,normal_364.csv,0,normal
32,6.200000047683716,-0.1534375,0.21534083074767027,0.38,-0.73,1.1099999999999999,-0.12,-1.018125,0.6172019980943134,-0.25,-2.0,1.75,-0.6950000000000001,-0.5378125,0.4221965172683787,-0.01,-1.61,1.6,-0.415,-2.146562500000001,31.694328749780986,56.69,-77.89,134.57999999999998,-3.3,13.91375,93.76303758807057,229.74,-181.34,411.08000000000004,9.955,7.210312500000001,36.241939569649986,99.23,-58.54,157.77,2.395,1.1996875,0.716143274433356,2.58,0.46,2.12,0.8300000000000001,2.58,1.1996875,0.716143274433356,2.12,0.46,0.3225806451612903,229.74,77.706875,2.0,1.025625,-0.73,-0.18,0.55,-2.0,-0.52,1.48,-0.84,-0.2,0.6399999999999999,-17.77,-23.79,-6.02,-181.34,75.67,257.01,-48.33,46.4,94.72999999999999,normal_365.csv,0,normal
26,5.0,0.020384615384615386,0.07351085738750537,0.17,-0.13,0.30000000000000004,0.03,-0.8857692307692306,0.09912307811697846,-0.66,-1.18,0.5199999999999999,-0.9,-0.4715384615384615,0.2201761532535675,-0.19,-0.96,0.77,-0.44,4.623846153846154,40.24026521551995,90.85,-76.44,167.29,2.33,4.1196153846153845,17.38773279775583,38.65,-37.8,76.44999999999999,4.655,-2.214615384615385,12.192497112821222,24.4,-30.03,54.43,0.65,1.0253846153846153,0.13240032535400414,1.42,0.74,0.6799999999999999,1.0,1.42,1.0253846153846153,0.13240032535400414,0.6799999999999999,0.74,0.28,90.85,32.30307692307693,1.18,0.8923076923076922,-0.01,0.02,0.03,-0.92,-0.93,-0.010000000000000009,-0.23,-0.44,-0.21,7.63,-2.01,-9.64,10.68,6.08,-4.6,4.65,2.33,-2.3200000000000003,normal_366.csv,0,normal
24,4.599999904632568,0.02708333333333333,0.09456900708714921,0.2,-0.19,0.39,0.02,-0.9170833333333333,0.13401749290968362,-0.61,-1.2,0.59,-0.925,-0.49416666666666664,0.22414895409791322,-0.25,-1.04,0.79,-0.46499999999999997,-1.5845833333333337,26.33078327063074,54.89,-50.88,105.77000000000001,-3.2750000000000004,-22.299583333333334,40.76185103523687,17.71,-145.56,163.27,-6.925000000000001,-8.634583333333333,18.22935878076821,13.03,-60.65,73.67999999999999,-1.85,1.0650000000000002,0.15359461041269024,1.43,0.9,0.5299999999999999,1.0,1.43,1.0650000000000002,0.15359461041269024,0.5299999999999999,0.9,0.6086956521739131,145.56,35.814166666666665,1.2,0.9291666666666666,-0.13,0.02,0.15,-0.9,-0.92,-0.020000000000000018,-0.26,-0.4,-0.14,-2.37,4.53,6.9,14.19,5.7,-8.489999999999998,-5.76,0.94,6.699999999999999,normal_367.csv,0,normal
27,5.210000038146973,0.019629629629629632,0.11209479098174976,0.2,-0.2,0.4,0.02,-0.9099999999999999,0.13564659966250536,-0.65,-1.22,0.57,-0.92,-0.46222222222222226,0.25263737060387764,-0.11,-1.25,1.14,-0.41,2.7903703703703693,23.95767188533231,49.3,-63.03,112.33,5.61,1.7203703703703708,61.053741552421315,158.91,-126.98,285.89,-2.51,-1.2800000000000007,24.2698201318174,33.12,-73.69,106.81,0.82,1.05,0.17481858728847588,1.75,0.82,0.93,1.01,1.75,1.05,0.17481858728847588,0.93,0.82,0.8076923076923077,158.91,46.86592592592593,1.25,0.9122222222222222,-0.03,0.04,0.07,-0.96,-0.98,-0.020000000000000018,-0.25,-0.33,-0.08000000000000002,-7.32,-18.57,-11.25,-10.15,2.15,12.3,-11.46,-1.84,9.620000000000001,normal_368.csv,0,normal
23,4.390000104904175,0.030434782608695653,0.10168928882852211,0.24,-0.14,0.38,0.01,-0.8626086956521739,0.13260390064550576,-0.58,-1.15,0.57,-0.88,-0.5678260869565217,0.25414663844716123,-0.0,-1.13,1.13,-0.56,-3.7230434782608683,36.05314819626242,78.25,-54.43,132.68,-10.8,-6.364347826086957,63.278897877576775,89.05,-148.51,237.56,-3.24,-2.6865217391304337,33.291302250491746,69.94,-67.98,137.92000000000002,-2.18,1.0630434782608693,0.15755041855657437,1.44,0.83,0.61,1.02,1.44,1.0630434782608693,0.15755041855657437,0.61,0.83,0.7272727272727273,148.51,60.41434782608695,1.15,0.888695652173913,0.13,-0.0,-0.13,-0.79,-0.94,-0.1499999999999999,-0.54,-0.29,0.25000000000000006,-15.67,-36.03,-20.36,61.92,-2.09,-64.01,29.77,-2.46,-32.23,normal_369.csv,0,normal
27,5.210000038146973,5.13992141030165e-19,0.13845299118917861,0.31,-0.25,0.56,0.01,-0.8844444444444444,0.19950579967149853,-0.52,-1.41,0.8899999999999999,-0.88,-0.5337037037037038,0.34739855351707355,-0.1,-1.55,1.45,-0.46,-1.801111111111112,27.6338505256107,50.21,-69.26,119.47,0.82,3.6762962962962966,73.93547582693293,171.08,-139.5,310.58000000000004,-0.1,-0.1844444444444448,37.883588016786916,65.97,-92.67,158.64,-3.54,1.067777777777778,0.3212156396869355,2.1,0.63,1.4700000000000002,1.01,2.1,1.067777777777778,0.3212156396869355,1.4700000000000002,0.63,0.9230769230769231,171.08,61.46222222222222,1.55,0.9174074074074073,-0.04,-0.1,-0.060000000000000005,-1.07,-1.02,0.050000000000000044,-0.62,-0.1,0.52,-21.27,24.88,46.15,-70.5,6.31,76.81,-19.23,1.18,20.41,normal_370.csv,0,normal
29,5.599999904632568,0.04965517241379311,0.2410761995514028,0.56,-0.38,0.9400000000000001,0.02,-0.8551724137931034,0.38330909468595387,-0.23,-1.98,1.75,-0.82,-0.4220689655172414,0.277223212158733,0.26,-1.13,1.39,-0.47,10.271379310344829,44.94132180045902,133.43,-73.53,206.96,14.64,-48.37275862068966,62.24123936613499,62.26,-142.44,204.7,-57.41,-20.630344827586207,36.40608509603448,58.05,-129.5,187.55,-18.6,1.0131034482758619,0.4031138039267027,2.31,0.47,1.84,0.91,2.31,1.0131034482758619,0.4031138039267027,1.84,0.47,0.35714285714285715,142.44,75.2496551724138,1.98,0.866551724137931,-0.12,-0.21,-0.09,-0.99,-0.66,0.32999999999999996,-0.19,-0.25,-0.06,41.32,14.64,-26.68,-61.44,58.4,119.84,-4.27,20.01,24.28,normal_371.csv,0,normal
25,4.799999952316284,0.03720000000000001,0.23256755291026018,0.65,-0.43,1.08,0.0,-0.9228000000000001,0.6458361505314899,0.02,-2.0,2.02,-0.73,-0.5184000000000001,0.4174394167620814,-0.06,-1.31,1.25,-0.29,1.2371999999999992,31.773400499998942,91.35,-58.91,150.26,-0.87,-31.370000000000005,65.86460987004578,118.04,-183.76,301.8,-33.77,-13.7664,32.90338595545044,39.49,-112.68,152.17000000000002,-7.4,1.1024,0.7388407586663494,2.44,0.28,2.16,0.9,2.44,1.1024,0.7388407586663494,2.16,0.28,0.875,183.76,63.58879999999999,2.0,0.9496000000000001,0.07,-0.01,-0.08,-1.03,-0.46,0.5700000000000001,-0.29,-0.16,0.12999999999999998,-58.91,-1.84,57.06999999999999,-33.77,18.92,52.690000000000005,-7.4,17.08,24.479999999999997,normal_372.csv,0,normal
22,4.180000066757202,-0.03090909090909091,0.08777184117868386,0.14,-0.17,0.31000000000000005,-0.035,-0.8527272727272728,0.180954659361368,-0.41,-1.21,0.8,-0.84,-0.6236363636363637,0.23661392010223575,-0.34,-1.2,0.8599999999999999,-0.5800000000000001,-6.53909090909091,29.21396109642995,57.38,-47.21,104.59,-15.195,-4.89,21.80804220378126,31.06,-63.69,94.75,1.865,-1.5013636363636371,14.164750445906387,27.11,-38.02,65.13,0.11499999999999999,1.0690909090909093,0.2662778550760391,1.71,0.58,1.13,1.01,1.71,1.0690909090909093,0.2662778550760391,1.13,0.58,0.5238095238095238,63.69,30.052727272727278,1.21,0.8531818181818182,-0.06,0.01,0.06999999999999999,-0.77,-0.66,0.10999999999999999,-0.62,-0.56,0.05999999999999994,-27.73,-45.09,-17.360000000000003,-63.69,11.66,75.35,-38.02,9.35,47.370000000000005,normal_373.csv,0,normal
32,6.200000047683716,-0.1321875,0.12960820302096074,0.1,-0.47,0.57,-0.13,-0.808125,0.28061496407803366,-0.37,-1.49,1.12,-0.815,-0.55125,0.254757949636956,-0.09,-1.09,1.0,-0.48,-5.3125,25.17933612591753,37.66,-65.02,102.67999999999999,-4.375,-30.611875,36.692148710809086,62.51,-91.92,154.43,-28.7,-16.8703125,21.96229547383057,21.0,-73.27,94.27,-15.57,1.0159375000000002,0.3178542917854841,1.73,0.55,1.18,0.975,1.73,1.0159375000000002,0.3178542917854841,1.18,0.55,0.8064516129032258,91.92,44.8375,1.49,0.8409375,0.04,-0.26,-0.3,-0.78,-0.84,-0.05999999999999994,-1.01,-0.28,0.73,-65.02,-8.4,56.62,4.21,11.33,7.12,0.43,13.61,13.18,normal_374.csv,0,normal
22,4.200000047683716,-0.05681818181818183,0.22602963066685292,0.41,-0.51,0.9199999999999999,-0.07,-0.8995454545454545,0.232920940454405,-0.52,-1.4,0.8799999999999999,-0.86,-0.4422727272727273,0.2816098587658333,-0.05,-0.99,0.94,-0.435,-5.595454545454547,42.89833759985542,73.11,-100.53,173.64,0.41500000000000004,23.484545454545458,61.2949174252197,199.17,-47.79,246.95999999999998,12.535,15.873636363636363,39.824599665635546,91.18,-48.82,140.0,11.105,1.0568181818181819,0.26732157135334683,1.5,0.69,0.81,1.02,1.5,1.0568181818181819,0.26732157135334683,0.81,0.69,0.23809523809523808,199.17,59.930454545454545,1.4,0.9059090909090909,-0.39,-0.15,0.24000000000000002,-0.82,-0.75,0.06999999999999995,-0.92,-0.39,0.53,27.48,1.07,-26.41,17.67,34.81,17.14,-16.82,33.18,50.0,normal_375.csv,0,normal
21,3.990000009536743,-0.17285714285714285,0.24407258873423,0.15,-0.72,0.87,-0.12,-0.8290476190476193,0.24817140773877966,-0.48,-1.38,0.8999999999999999,-0.76,-0.4742857142857143,0.17290377175097793,-0.13,-0.83,0.7,-0.46,-6.470000000000001,49.9402920496066,85.86,-125.5,211.36,-4.57,-47.23809523809524,68.17913373012654,18.74,-237.55,256.29,-20.33,-25.31952380952381,39.206921771058546,69.17,-115.94,185.11,-27.39,1.0119047619047616,0.2576551774682404,1.48,0.67,0.8099999999999999,0.99,1.48,1.0119047619047616,0.2576551774682404,0.8099999999999999,0.67,0.45,237.55,66.14666666666668,1.38,0.842857142857143,-0.12,0.0,0.12,-0.96,-1.33,-0.3700000000000001,-0.42,-0.63,-0.21000000000000002,-7.6,50.21,57.81,10.79,-20.33,-31.119999999999997,-23.46,-36.34,-12.880000000000003,normal_376.csv,0,normal
27,5.200000047683716,-0.1988888888888889,0.1811360163254575,0.11,-0.57,0.6799999999999999,-0.15,-0.8703703703703702,0.27364324727759454,-0.46,-1.44,0.98,-0.89,-0.5251851851851852,0.3424950350046684,0.03,-1.54,1.57,-0.48,-0.7811111111111111,45.42257040903897,109.89,-79.31,189.2,0.26,-26.57814814814815,54.62932229243792,56.5,-158.18,214.68,-10.92,-13.528888888888892,27.197240433166876,50.78,-91.62,142.4,-8.16,1.0811111111111111,0.36016378040823144,1.96,0.56,1.4,1.1,1.96,1.0811111111111111,0.36016378040823144,1.4,0.56,0.8461538461538461,158.18,56.82259259259259,1.54,0.9170370370370371,-0.01,-0.17,-0.16,-0.51,-0.7,-0.18999999999999995,-0.24,-0.45,-0.21000000000000002,21.53,-0.25,-21.78,-10.92,-33.85,-22.93,-16.86,-15.86,1.0,normal_377.csv,0,normal
24,4.609999895095825,-0.10708333333333335,0.16139282799287036,0.15,-0.5,0.65,-0.095,-0.8887499999999999,0.23962493337641677,-0.36,-1.28,0.92,-0.885,-0.505,0.21398902856881724,-0.17,-1.08,0.91,-0.45999999999999996,-6.5512500000000005,37.39373201516183,86.08,-67.45,153.53,-7.140000000000001,-29.917083333333334,61.03134892817586,73.1,-167.16,240.26,-25.35,-8.5325,42.2757973981825,71.46,-79.87,151.32999999999998,-4.265000000000001,1.0679166666666666,0.20506582541618967,1.39,0.66,0.7299999999999999,1.13,1.39,1.0679166666666666,0.20506582541618967,0.7299999999999999,0.66,0.8260869565217391,167.16,60.815,1.28,0.9195833333333333,-0.16,-0.27,-0.11000000000000001,-1.05,-0.36,0.6900000000000001,-0.66,-0.49,0.17000000000000004,-25.6,-26.11,-0.509999999999998,-139.85,-27.88,111.97,-65.92,52.19,118.11,normal_378.csv,0,normal
24,4.599999904632568,-0.15458333333333332,0.18840241775118693,0.21,-0.49,0.7,-0.14,-0.8479166666666668,0.20694420938287073,-0.5,-1.31,0.81,-0.8049999999999999,-0.4229166666666666,0.306260462702081,-0.09,-1.31,1.22,-0.3,7.602083333333334,40.03493821750835,62.27,-109.05,171.32,18.55,-36.14125,62.535915059129096,83.22,-191.83,275.05,-25.134999999999998,-15.919583333333335,48.03222753972104,106.62,-85.2,191.82,-21.79,1.0025000000000002,0.29557975455762836,1.75,0.54,1.21,0.9850000000000001,1.75,1.0025000000000002,0.29557975455762836,1.21,0.54,0.6086956521739131,191.83,66.22875,1.31,0.8566666666666668,-0.0,-0.08,-0.08,-0.72,-1.14,-0.41999999999999993,-0.27,-0.48,-0.20999999999999996,51.42,25.47,-25.950000000000003,83.22,21.22,-62.0,13.19,2.77,-10.42,normal_379.csv,0,normal
21,4.0,-0.19,0.3574492971037991,0.6,-1.08,1.6800000000000002,-0.21,-0.7728571428571429,0.38696437635967035,-0.21,-1.75,1.54,-0.66,-0.37047619047619046,0.34624378969847525,0.14,-1.29,1.4300000000000002,-0.38,-2.8504761904761926,64.50960498066861,128.47,-134.1,262.57,-8.67,22.856190476190474,47.17111515283378,144.75,-54.45,199.2,6.69,17.492380952380955,29.7065065103189,83.18,-34.18,117.36000000000001,15.37,0.9952380952380954,0.4100197440077618,2.22,0.37,1.85,0.88,2.22,0.9952380952380954,0.4100197440077618,1.85,0.37,0.9,144.75,61.539047619047615,1.75,0.8195238095238094,-0.31,-0.31,0.0,-0.66,-0.29,0.37000000000000005,-0.66,-0.38,0.28,-49.14,-12.36,36.78,-54.45,-25.21,29.240000000000002,13.44,39.03,25.590000000000003,normal_380.csv,0,normal
24,4.6000001430511475,-0.21541666666666667,0.12169023992397099,-0.03,-0.39,0.36,-0.235,-0.8841666666666667,0.24293346139769767,-0.44,-1.28,0.8400000000000001,-0.885,-0.48708333333333337,0.22729944177644618,-0.1,-0.97,0.87,-0.45999999999999996,-9.335833333333333,36.48294800214939,57.64,-87.07,144.70999999999998,-3.4349999999999996,-38.595,40.71544285595481,60.21,-122.42,182.63,-36.815,-15.083333333333334,24.593992137824277,23.56,-68.45,92.01,-8.895,1.0599999999999998,0.25515553653818085,1.53,0.63,0.9,1.115,1.53,1.0599999999999998,0.25515553653818085,0.9,0.63,0.5217391304347826,122.42,50.00083333333333,1.28,0.8920833333333332,-0.14,-0.26,-0.12,-0.74,-0.44,0.3,-0.29,-0.44,-0.15000000000000002,-34.21,16.4,50.61,-66.98,-34.23,32.75000000000001,6.2,-15.27,-21.47,normal_381.csv,0,normal
24,4.6000001430511475,-0.24916666666666668,0.18263569503645577,0.17,-0.62,0.79,-0.245,-0.85125,0.29317323117614413,-0.39,-1.58,1.19,-0.835,-0.4908333333333334,0.2825338250879717,-0.21,-1.32,1.11,-0.395,-13.8575,41.53830974037047,70.64,-133.04,203.68,-14.760000000000002,-56.786249999999995,62.98503043770901,56.18,-243.96,300.14,-46.004999999999995,-20.502499999999998,32.890013450629795,55.88,-81.47,137.35,-18.29,1.0416666666666667,0.3734290767499484,1.77,0.54,1.23,0.97,1.77,1.0416666666666667,0.3734290767499484,1.23,0.54,0.391304347826087,243.96,71.71791666666667,1.58,0.8654166666666666,-0.21,-0.06,0.15,-0.9,-0.53,0.37,-0.25,-0.34,-0.09000000000000002,-28.44,0.34,28.78,-90.12,-4.02,86.10000000000001,-32.44,-15.71,16.729999999999997,normal_382.csv,0,normal
26,5.009999990463257,-0.29730769230769233,0.189832719883748,0.07,-0.58,0.6499999999999999,-0.29,-0.8834615384615384,0.33420882463145474,-0.45,-1.68,1.23,-0.775,-0.4657692307692308,0.29928144716200605,0.0,-1.08,1.08,-0.435,-19.86692307692308,38.500707917567524,47.27,-90.93,138.20000000000002,-28.84,-52.863076923076925,85.33332478084893,90.6,-220.95,311.54999999999995,-54.855000000000004,-24.563076923076927,51.50647840955394,94.31,-98.12,192.43,-36.345,1.083846153846154,0.3795373702082779,1.76,0.49,1.27,0.9650000000000001,1.76,1.083846153846154,0.3795373702082779,1.27,0.49,0.0,220.95,89.51076923076923,1.68,0.8911538461538461,-0.53,-0.29,0.24000000000000005,-1.68,-0.58,1.1,-0.03,-0.43,-0.4,-46.59,-37.63,8.96,76.13,-158.37,-234.5,94.31,-66.69,-161.0,normal_383.csv,0,normal
32,6.2200000286102295,-0.2346875,0.13519363353496752,0.04,-0.55,0.5900000000000001,-0.21,-0.8203125,0.204978116455895,-0.38,-1.21,0.83,-0.845,-0.473125,0.32266468663304326,0.31,-1.51,1.82,-0.435,-3.4428124999999996,56.277026724907635,240.05,-79.2,319.25,-14.684999999999999,-7.966562500000001,73.09647211862907,198.31,-173.05,371.36,-8.165,4.77,37.993287862208575,75.96,-80.22,156.18,0.47,1.0274999999999999,0.241941075204207,1.68,0.56,1.1199999999999999,0.995,1.68,1.0274999999999999,0.241941075204207,1.1199999999999999,0.56,0.6774193548387096,240.05,70.3146875,1.51,0.8653125,-0.04,-0.55,-0.51,-0.75,-0.66,0.08999999999999997,-0.2,-0.1,0.1,7.93,37.22,29.29,-8.35,17.62,25.97,-19.55,11.79,31.34,normal_384.csv,0,normal
34,6.5899999141693115,-0.12823529411764706,0.16104715267040337,0.19,-0.49,0.6799999999999999,-0.135,-0.8876470588235295,0.26665218320739315,-0.43,-1.51,1.08,-0.88,-0.5441176470588235,0.26012954403363026,-0.15,-1.27,1.12,-0.5,-2.876470588235295,28.807847613722764,55.83,-58.03,113.86,-1.5,-57.92794117647059,63.96036688447335,67.34,-215.03,282.37,-55.445,-25.496470588235294,35.81981235102642,58.31,-100.8,159.11,-21.41,1.0808823529411764,0.3098716024132813,1.67,0.55,1.1199999999999999,1.0550000000000002,1.67,1.0808823529411764,0.3098716024132813,1.1199999999999999,0.55,0.45454545454545453,215.03,74.4735294117647,1.51,0.9058823529411765,-0.02,-0.19,-0.17,-0.91,-1.29,-0.38,-0.54,-0.47,0.07000000000000006,-34.77,6.02,40.790000000000006,-138.37,-45.78,92.59,-49.44,-27.77,21.669999999999998,normal_385.csv,0,normal
27,5.200000047683716,-0.07629629629629629,0.13694884356936263,0.22,-0.39,0.61,-0.09,-0.8529629629629629,0.22615200495403384,-0.34,-1.28,0.94,-0.88,-0.5451851851851851,0.1835624054515431,-0.26,-0.96,0.7,-0.5,-1.514814814814814,27.50193410965999,55.46,-62.15,117.61,-1.65,-29.87037037037037,63.18588264194911,85.37,-146.9,232.27,-39.73,-11.313703703703705,34.6835843622963,48.72,-84.43,133.15,-15.32,1.0422222222222222,0.21298850336133773,1.35,0.54,0.81,1.01,1.35,1.0422222222222222,0.21298850336133773,0.81,0.54,0.46153846153846156,146.9,62.13222222222222,1.28,0.8662962962962963,-0.17,0.02,0.19,-1.11,-0.88,0.2300000000000001,-0.46,-0.96,-0.49999999999999994,-17.73,-6.76,10.97,-93.27,-39.73,53.54,-15.34,-30.73,-15.39,normal_386.csv,0,normal
23,4.3999998569488525,-0.09391304347826086,0.3009490915939526,0.33,-1.2,1.53,-0.06,-0.9982608695652171,0.598130817052842,-0.09,-2.0,1.91,-0.92,-0.39130434782608686,0.29597764577484387,0.04,-1.39,1.43,-0.31,-2.8491304347826074,48.91283582353813,94.4,-124.14,218.54000000000002,1.92,-46.963043478260886,79.11562731705254,63.35,-213.16,276.51,-55.76,-2.531739130434783,30.444677345245857,54.32,-47.24,101.56,-10.93,1.137391304347826,0.6292652092379748,2.44,0.16,2.28,1.01,2.44,1.137391304347826,0.6292652092379748,2.28,0.16,0.5,213.16,77.13217391304347,2.0,1.0143478260869565,-0.06,0.21,0.27,-0.92,-0.38,0.54,-0.14,-0.41,-0.26999999999999996,-38.99,4.22,43.21,-31.93,33.6,65.53,-16.39,-12.98,3.41,normal_387.csv,0,normal
26,4.990000009536743,-0.14115384615384619,0.29538215143203117,0.2,-1.06,1.26,-0.08,-1.0538461538461539,0.6727203099242771,-0.18,-2.0,1.82,-0.81,-0.4203846153846153,0.4082889248483801,0.55,-1.41,1.96,-0.355,1.223076923076923,41.591465063806616,76.57,-120.15,196.72,5.645,-31.817307692307697,84.3539628734865,99.3,-245.2,344.5,-26.915,-15.05153846153846,27.746253324340234,32.47,-79.98,112.45,-12.66,1.1976923076923076,0.7552975979959565,2.56,0.22,2.34,0.855,2.56,1.1976923076923076,0.7552975979959565,2.34,0.22,0.56,245.2,76.21038461538461,2.0,1.0626923076923078,-0.14,0.01,0.15000000000000002,-0.98,-0.46,0.52,-0.37,-0.36,0.010000000000000009,-1.33,34.84,36.17,50.6,26.66,-23.94,20.43,6.83,-13.6,normal_388.csv,0,normal
27,5.200000047683716,-0.05888888888888889,0.15115792387009672,0.38,-0.31,0.69,-0.05,-0.8885185185185187,0.26349286523260934,-0.3,-1.51,1.21,-0.93,-0.5362962962962963,0.23690550125359378,-0.17,-1.04,0.87,-0.47,-3.8870370370370373,23.74044177134401,27.38,-67.9,95.28,5.08,22.094074074074076,47.61870756001899,134.69,-46.63,181.32,5.36,10.452222222222224,16.50613972792999,43.05,-18.0,61.05,12.88,1.0670370370370372,0.30232197323147963,1.8,0.63,1.17,1.02,1.8,1.0670370370370372,0.30232197323147963,1.17,0.63,0.5769230769230769,134.69,43.73777777777778,1.51,0.9025925925925927,0.03,-0.27,-0.30000000000000004,-0.94,-1.01,-0.07000000000000006,-0.28,-0.52,-0.24,7.13,2.06,-5.07,5.36,16.44,11.080000000000002,-2.73,25.17,27.900000000000002,normal_389.csv,0,normal
26,5.0,-0.20461538461538462,0.14202058355691316,0.07,-0.51,0.5800000000000001,-0.185,-0.8680769230769231,0.269637078025545,-0.41,-1.71,1.3,-0.84,-0.47576923076923083,0.2667759071119141,0.17,-1.03,1.2,-0.435,-0.45038461538461544,37.97090933657178,106.64,-59.94,166.57999999999998,-5.265000000000001,-34.86884615384615,58.12122657528302,63.07,-157.74,220.81,-45.114999999999995,-14.341153846153844,26.049819243430168,41.95,-82.1,124.05,-13.355,1.0426923076923078,0.3049663285322849,1.78,0.49,1.29,1.065,1.78,1.0426923076923078,0.3049663285322849,1.29,0.49,1.0,157.74,60.82615384615386,1.71,0.8715384615384616,-0.18,-0.33,-0.15000000000000002,-0.96,-1.71,-0.75,-0.46,-0.38,0.08000000000000002,18.19,-45.87,-64.06,62.92,-78.89,-141.81,41.95,-7.39,-49.34,normal_390.csv,0,normal
30,5.800000190734863,-0.07333333333333332,0.20615249349622874,0.33,-0.62,0.95,-0.07500000000000001,-0.8803333333333333,0.44210689402804665,-0.21,-1.85,1.6400000000000001,-0.8049999999999999,-0.48366666666666663,0.2797595437136159,-0.13,-1.1,0.9700000000000001,-0.375,-9.018,31.62142185291484,59.76,-78.34,138.1,-10.100000000000001,-25.028666666666666,79.88595456081097,95.32,-145.05,240.37,-17.415,-13.207666666666666,42.54876834258853,61.31,-94.08,155.39,-12.1,1.0473333333333334,0.4803442252308689,2.15,0.3,1.8499999999999999,0.955,2.15,1.0473333333333334,0.4803442252308689,1.8499999999999999,0.3,0.5862068965517241,145.05,78.56533333333333,1.85,0.89,-0.26,0.06,0.32,-0.84,-1.59,-0.7500000000000001,-0.13,-0.98,-0.85,-10.8,-50.37,-39.56999999999999,65.15,-83.08,-148.23000000000002,31.89,-38.8,-70.69,normal_391.csv,0,normal
25,4.799999952316284,-0.136,0.17935068069752808,0.2,-0.5,0.7,-0.11,-0.9044000000000001,0.2436712265875203,-0.44,-1.33,0.8900000000000001,-0.89,-0.556,0.3088014464560251,-0.09,-1.48,1.39,-0.43,-6.284000000000001,27.105647474281074,64.97,-47.57,112.53999999999999,-9.66,-59.09,71.00087716594305,104.89,-217.13,322.02,-54.5,-32.1652,30.268232813738344,11.65,-118.84,130.49,-27.98,1.1156,0.2905752914478449,1.81,0.56,1.25,1.08,1.81,1.1156,0.2905752914478449,1.25,0.56,0.7083333333333334,217.13,76.30959999999999,1.48,0.9604,0.02,-0.5,-0.52,-0.89,-1.3,-0.41000000000000003,-0.43,-0.4,0.02999999999999997,17.92,-47.57,-65.49000000000001,-30.98,-39.15,-8.169999999999998,-27.92,-16.77,11.150000000000002,normal_392.csv,0,normal
24,4.599999904632568,-0.13125,0.18435109461827592,0.3,-0.59,0.8899999999999999,-0.14,-0.8904166666666665,0.28127781665984175,-0.32,-1.47,1.15,-0.885,-0.5595833333333333,0.2987579966791017,-0.12,-1.13,1.0099999999999998,-0.53,10.15875,38.931491367640874,95.49,-64.41,159.89999999999998,10.920000000000002,-23.205,93.53970289343079,121.81,-247.02,368.83000000000004,-15.83,-6.704583333333335,46.980313543955894,88.41,-96.56,184.97,-7.01,1.0975,0.3412540810394609,1.81,0.44,1.37,1.0750000000000002,1.81,1.0975,0.3412540810394609,1.37,0.44,0.6956521739130435,247.02,81.44416666666667,1.47,0.9183333333333333,0.03,-0.13,-0.16,-0.77,-0.77,0.0,-0.53,-1.07,-0.54,1.86,54.81,52.95,69.23,-28.66,-97.89,46.04,-6.07,-52.11,normal_393.csv,0,normal
26,5.0,-0.12153846153846154,0.15291023007483334,0.15,-0.34,0.49,-0.15000000000000002,-0.8411538461538461,0.26973063486488774,-0.39,-1.77,1.38,-0.795,-0.49192307692307696,0.260722369286093,-0.02,-1.16,1.14,-0.46,0.1561538461538465,32.57392651516523,62.02,-66.19,128.21,-2.885,-63.92346153846154,67.25457378898822,67.11,-196.66,263.77,-71.93,-29.00423076923077,30.317039851948195,28.37,-80.21,108.58,-36.435,1.0069230769230768,0.3379440099279078,2.12,0.52,1.6,0.9550000000000001,2.12,1.0069230769230768,0.3379440099279078,1.6,0.52,0.68,196.66,82.66423076923078,1.77,0.8411538461538461,-0.19,-0.33,-0.14,-1.01,-0.59,0.42000000000000004,-0.37,-0.02,0.35,56.41,62.02,5.6100000000000065,17.61,-19.96,-37.57,8.05,7.01,-1.040000000000001,normal_394.csv,0,normal
25,4.799999952316284,-0.102,0.21,0.4,-0.54,0.9400000000000001,-0.13,-0.8900000000000001,0.4489060777787116,-0.34,-2.0,1.66,-0.76,-0.5684,0.4295412281337691,0.04,-1.55,1.59,-0.42,6.324400000000001,35.002833704335046,79.59,-56.95,136.54000000000002,8.1,-3.7008000000000005,101.33605005623616,200.1,-227.23,427.33,1.25,2.614799999999999,46.788237136414246,71.55,-87.96,159.51,14.79,1.1024,0.5815444952881937,2.44,0.52,1.92,0.92,2.44,1.1024,0.5815444952881937,1.92,0.52,0.875,227.23,87.7448,2.0,0.9008000000000002,0.12,-0.38,-0.5,-0.9,-0.76,0.14,-0.78,-0.34,0.44,8.49,35.37,26.879999999999995,137.05,46.56,-90.49000000000001,71.55,14.79,-56.76,normal_395.csv,0,normal
22,4.199999809265137,-0.13,0.20321229809053903,0.18,-0.7,0.8799999999999999,-0.10500000000000001,-0.7522727272727271,0.42044117212849086,-0.24,-2.0,1.76,-0.7250000000000001,-0.4700000000000001,0.257126983637046,-0.07,-1.16,1.0899999999999999,-0.44,9.991818181818184,27.187154115827365,73.56,-42.37,115.93,8.945,-72.83227272727274,67.37355797073776,65.04,-177.69,242.73000000000002,-82.94,-43.579090909090915,39.24615964337462,57.33,-133.53,190.86,-41.275,0.9277272727272726,0.4743108466193654,2.42,0.25,2.17,0.895,2.42,0.9277272727272726,0.4743108466193654,2.17,0.25,0.8095238095238095,177.69,93.1718181818182,2.0,0.7618181818181817,-0.05,-0.35,-0.3,-0.51,-1.0,-0.49,-0.47,-0.38,0.08999999999999997,-5.32,7.74,13.06,-93.35,-38.13,55.21999999999999,-44.74,-37.82,6.920000000000002,normal_396.csv,0,normal
21,4.0,-0.06142857142857142,0.13686802819817762,0.22,-0.3,0.52,-0.09,-0.81,0.2784420945187706,-0.43,-1.41,0.98,-0.73,-0.6295238095238096,0.2940659142178194,-0.16,-1.25,1.09,-0.68,1.916666666666666,28.529107124712706,56.76,-47.85,104.61,1.78,-31.670476190476187,70.56870471222994,76.41,-174.4,250.81,-19.74,-14.845714285714289,43.72870208129079,70.18,-106.26,176.44,-17.66,1.059047619047619,0.34616332506354225,1.74,0.6,1.1400000000000001,1.02,1.74,1.059047619047619,0.34616332506354225,1.1400000000000001,0.6,0.3,174.4,66.37095238095237,1.41,0.8438095238095239,-0.05,0.05,0.1,-0.84,-0.69,0.15000000000000002,-0.26,-0.75,-0.49,-32.39,-42.59,-10.200000000000003,76.41,-112.8,-189.20999999999998,68.6,-58.51,-127.10999999999999,normal_397.csv,0,normal
27,5.21999979019165,-0.07925925925925927,0.16872658643100966,0.19,-0.42,0.61,-0.04,-0.8333333333333334,0.2618278941477515,-0.44,-1.37,0.9300000000000002,-0.85,-0.5733333333333334,0.39268307832143723,-0.11,-1.51,1.4,-0.54,-5.7448148148148155,26.775079885016268,40.12,-72.2,112.32,-7.21,8.632222222222223,77.6100072519068,172.55,-153.82,326.37,14.72,6.779259259259258,46.44082222205986,108.59,-75.66,184.25,15.31,1.0503703703703704,0.41974792326861976,1.98,0.5,1.48,0.99,1.98,1.0503703703703704,0.41974792326861976,1.48,0.5,0.6538461538461539,172.55,66.5311111111111,1.51,0.8522222222222223,-0.01,-0.27,-0.26,-0.52,-0.82,-0.29999999999999993,-0.17,-0.41,-0.23999999999999996,9.44,-9.92,-19.36,-31.86,-119.86,-88.0,-26.64,-52.89,-26.25,normal_398.csv,0,normal
21,4.0,-0.15380952380952384,0.15219974344512513,0.14,-0.39,0.53,-0.16,-0.8928571428571427,0.34974480492414545,-0.51,-1.83,1.32,-0.78,-0.40238095238095234,0.22785751604686566,0.25,-1.1,1.35,-0.37,-2.1280952380952387,38.91732141592579,63.8,-64.21,128.01,1.47,-29.019523809523808,66.90864850497209,167.99,-135.96,303.95000000000005,-28.1,-8.95571428571429,45.343261855696774,158.06,-75.73,233.79000000000002,-12.92,1.0371428571428571,0.3178858735008974,1.86,0.63,1.23,1.02,1.86,1.0371428571428571,0.3178858735008974,1.23,0.63,0.45,167.99,60.36142857142857,1.83,0.9204761904761904,-0.03,-0.08,-0.05,-1.01,-1.3,-0.29000000000000004,-0.48,-0.37,0.10999999999999999,1.47,-20.82,-22.29,-9.6,-18.37,-8.770000000000001,3.29,13.42,10.129999999999999,normal_399.csv,0,normal
22,4.200000047683716,-0.20727272727272722,0.11909107431996734,-0.01,-0.47,0.45999999999999996,-0.185,-0.9340909090909091,0.3071785441866961,-0.45,-1.46,1.01,-0.955,-0.4795454545454545,0.2410784751254893,0.17,-0.98,1.15,-0.45,-10.010909090909093,38.320066098597295,70.14,-85.89,156.03,-11.3,-54.98,38.41185531279931,31.94,-139.41,171.35,-58.325,-17.418181818181818,35.20551155935451,53.63,-98.32,151.95,-11.425,1.0968181818181817,0.3229976612569961,1.56,0.59,0.9700000000000001,1.02,1.56,1.0968181818181817,0.3229976612569961,0.9700000000000001,0.59,0.047619047619047616,139.41,64.11318181818181,1.46,0.9340909090909091,-0.28,-0.34,-0.06,-1.29,-1.11,0.17999999999999994,0.17,-0.45,-0.62,-16.21,-29.27,-13.059999999999999,31.94,-73.11,-105.05,53.63,-15.73,-69.36,normal_400.csv,0,normal
27,5.200000047683716,-0.18703703703703703,0.06449894541861875,-0.06,-0.39,0.33,-0.18,-0.8055555555555556,0.16296137657865514,-0.4,-0.95,0.5499999999999999,-0.87,-0.552962962962963,0.20540419467694226,-0.35,-1.12,0.7700000000000001,-0.51,0.0974074074074074,30.53457518095645,80.82,-79.02,159.83999999999997,-0.14,-4.848888888888888,14.692208383340033,22.43,-57.37,79.8,-1.22,-6.6503703703703705,16.45619067086947,13.04,-75.42,88.46000000000001,-1.67,1.0270370370370372,0.08407024603155547,1.25,0.82,0.43000000000000005,1.02,1.25,1.0270370370370372,0.08407024603155547,0.43000000000000005,0.82,0.11538461538461539,80.82,19.388888888888893,1.12,0.8748148148148147,-0.39,-0.12,0.27,-0.51,-0.93,-0.42000000000000004,-0.51,-0.38,0.13,-35.49,-3.37,32.120000000000005,5.02,2.56,-2.4599999999999995,13.04,-2.53,-15.569999999999999,normal_401.csv,0,normal
23,4.3999998569488525,-0.14565217391304347,0.05043682699958991,-0.02,-0.23,0.21000000000000002,-0.15,-0.8469565217391305,0.11640192057962148,-0.58,-1.0,0.42000000000000004,-0.9,-0.48260869565217407,0.20721568454378306,-0.3,-1.14,0.8399999999999999,-0.44,6.499565217391302,33.409104975394314,67.89,-69.56,137.45,0.89,-2.1034782608695655,9.18751999809606,14.56,-19.87,34.43,-3.66,0.5395652173913044,5.676114610814233,11.08,-13.03,24.11,1.32,1.0026086956521738,0.1534517214958488,1.45,0.71,0.74,0.98,1.45,1.0026086956521738,0.1534517214958488,0.74,0.71,0.6363636363636364,69.56,26.423043478260862,1.14,0.8600000000000001,-0.14,-0.16,-0.01999999999999999,-0.84,-0.87,-0.030000000000000027,-0.61,-0.35,0.26,34.98,-24.61,-59.589999999999996,-15.51,4.28,19.79,1.95,2.38,0.42999999999999994,normal_402.csv,0,normal
25,4.809999942779541,-0.1656,0.07533702055873107,0.04,-0.34,0.38,-0.17,-0.8064,0.1584266391740985,-0.58,-1.24,0.66,-0.83,-0.5768,0.26925390743063815,-0.16,-1.28,1.12,-0.51,-3.714,29.35764778270448,49.16,-76.89,126.05,-9.14,-2.0924,11.684879574333092,25.71,-27.5,53.21,-2.48,-0.05080000000000012,11.809174724199258,26.61,-40.72,67.33,1.17,1.0312000000000001,0.20716981762151873,1.54,0.78,0.76,0.99,1.54,1.0312000000000001,0.20716981762151873,0.76,0.78,0.2916666666666667,76.89,25.746,1.28,0.8512,-0.14,-0.1,0.04000000000000001,-0.88,-0.77,0.10999999999999999,-0.43,-0.49,-0.06,-5.75,17.62,23.37,-2.98,-17.21,-14.23,-5.28,-12.79,-7.509999999999999,normal_403.csv,0,normal
23,4.400000095367432,-0.13086956521739132,0.09610188927658833,-0.02,-0.49,0.47,-0.13,-0.8191304347826088,0.1306248286115713,-0.6,-1.03,0.43000000000000005,-0.85,-0.5791304347826088,0.2632474301606115,-0.28,-1.21,0.9299999999999999,-0.49,-3.79913043478261,31.82123332177081,57.41,-58.71,116.12,-3.85,-2.483043478260869,13.10556350797859,33.5,-20.67,54.17,-4.63,-0.20434782608695687,7.382457601446428,9.05,-22.32,31.37,2.21,1.0391304347826087,0.1907857685629775,1.56,0.8,0.76,0.99,1.56,1.0391304347826087,0.1907857685629775,0.76,0.8,0.3181818181818182,58.71,27.054782608695653,1.21,0.8669565217391305,-0.07,-0.15,-0.07999999999999999,-0.97,-0.67,0.29999999999999993,-0.48,-0.47,0.010000000000000009,3.59,43.6,40.010000000000005,-8.31,-14.02,-5.709999999999999,-5.5,-5.63,-0.1299999999999999,normal_404.csv,0,normal
22,4.200000047683716,-0.15681818181818186,0.0625175300091227,-0.03,-0.31,0.28,-0.18,-0.8418181818181819,0.11189435338901745,-0.56,-1.0,0.43999999999999995,-0.88,-0.5231818181818183,0.1957254238938865,-0.21,-1.01,0.8,-0.47,-7.026363636363637,27.228286857509143,58.42,-68.64,127.06,-5.75,-1.494090909090909,9.189754988749524,17.96,-21.35,39.31,-2.21,-0.4772727272727273,7.90948627662841,16.82,-26.79,43.61,-0.28,1.0222727272727274,0.12831998019021562,1.3,0.66,0.64,1.02,1.3,1.0222727272727274,0.12831998019021562,0.64,0.66,0.3333333333333333,68.64,20.816363636363636,1.01,0.8681818181818183,-0.14,-0.13,0.010000000000000009,-0.91,-0.83,0.08000000000000007,-0.33,-0.59,-0.25999999999999995,-1.25,-18.51,-17.26,-7.21,14.18,21.39,-0.92,-0.5,0.42000000000000004,normal_405.csv,0,normal
26,4.990000009536743,-0.16076923076923075,0.06746395048753531,-0.03,-0.29,0.26,-0.165,-0.7942307692307693,0.15643971559480865,-0.48,-1.11,0.6300000000000001,-0.835,-0.6346153846153846,0.24050331838427125,-0.31,-1.19,0.8799999999999999,-0.565,0.9742307692307683,33.6717338042551,68.82,-55.77,124.59,0.57,-1.1223076923076922,14.58744043557808,35.32,-34.14,69.46000000000001,-2.065,-0.8292307692307692,7.381144584995973,11.21,-21.22,32.43,0.53,1.0473076923076923,0.2147474366283834,1.48,0.58,0.9,1.0350000000000001,1.48,1.0473076923076923,0.2147474366283834,0.9,0.58,0.84,68.82,27.29769230769231,1.19,0.8476923076923077,-0.15,-0.03,0.12,-0.94,-0.6,0.33999999999999997,-0.5,-0.57,-0.06999999999999995,14.53,31.4,16.869999999999997,12.47,-2.53,-15.0,0.68,1.13,0.44999999999999984,normal_406.csv,0,normal
23,4.3999998569488525,-0.12000000000000001,0.08447700063546075,0.16,-0.24,0.4,-0.13,-0.8334782608695651,0.11933942028182297,-0.54,-1.02,0.48,-0.86,-0.5930434782608696,0.22620253962501463,-0.31,-1.0,0.69,-0.53,-3.998260869565216,28.24865220472296,65.73,-80.38,146.11,-5.11,-2.2,13.279001194640834,31.27,-24.99,56.26,-1.65,-0.38956521739130423,6.2746173213706244,13.34,-10.8,24.14,-1.15,1.0543478260869565,0.14371139282213316,1.41,0.77,0.6399999999999999,1.01,1.41,1.0543478260869565,0.14371139282213316,0.6399999999999999,0.77,0.8636363636363636,80.38,23.390869565217393,1.02,0.8626086956521739,-0.16,-0.05,0.11,-0.86,-0.69,0.17000000000000004,-0.45,-0.63,-0.18,-19.64,42.17,61.81,2.05,-15.4,-17.45,-2.11,0.46,2.57,normal_407.csv,0,normal
22,4.200000047683716,-0.1359090909090909,0.07455640823335045,0.06,-0.26,0.32,-0.15,-0.8140909090909093,0.12945523553977262,-0.56,-1.03,0.47,-0.86,-0.6186363636363637,0.2093594642746902,-0.3,-0.97,0.6699999999999999,-0.56,-7.8945454545454545,30.596474855660635,55.18,-60.29,115.47,-8.36,-0.6772727272727278,15.088596192652751,46.0,-35.15,81.15,0.0050000000000000044,-0.5795454545454546,11.236798170158753,22.79,-32.5,55.29,-0.0050000000000000044,1.0559090909090907,0.11549723109066463,1.31,0.83,0.4800000000000001,1.025,1.31,1.0559090909090907,0.11549723109066463,0.4800000000000001,0.83,0.9047619047619048,60.29,26.721818181818183,1.03,0.8654545454545453,-0.15,-0.05,0.09999999999999999,-0.75,-0.6,0.15000000000000002,-0.43,-0.9,-0.47000000000000003,-11.31,-1.74,9.57,-8.27,-4.91,3.3599999999999994,1.82,-32.5,-34.32,normal_408.csv,0,normal
24,4.599999904632568,-0.14541666666666667,0.08531166221651602,-0.03,-0.3,0.27,-0.14,-0.82875,0.12912119349160175,-0.58,-1.08,0.5000000000000001,-0.865,-0.54,0.21972314595773748,-0.07,-0.95,0.8799999999999999,-0.495,4.830833333333333,31.999869825369288,54.35,-62.85,117.2,3.345,-1.7083333333333333,12.430964028049742,41.14,-17.79,58.93,-3.37,-1.0975000000000001,10.874376443892231,18.08,-30.79,48.87,-1.7149999999999999,1.0225,0.15665664476116578,1.44,0.74,0.7,1.01,1.44,1.0225,0.15665664476116578,0.7,0.74,0.30434782608695654,62.85,26.661250000000006,1.08,0.8433333333333334,-0.12,-0.07,0.04999999999999999,-0.91,-0.64,0.27,-0.4,-0.41,-0.009999999999999953,4.86,45.99,41.13,-10.13,-15.95,-5.8199999999999985,-9.5,-13.4,-3.9000000000000004,normal_409.csv,0,normal
22,4.200000047683716,-0.16818181818181818,0.0491485952554538,-0.09,-0.32,0.23,-0.17,-0.8450000000000002,0.13279952667729764,-0.58,-1.01,0.43000000000000005,-0.895,-0.5522727272727272,0.2285759604529087,-0.26,-1.03,0.77,-0.46499999999999997,1.176818181818182,31.40070190091505,48.82,-60.89,109.71000000000001,-0.685,-3.0572727272727276,11.789573756105407,32.51,-20.01,52.519999999999996,-4.6899999999999995,0.24681818181818185,7.323851697000267,12.31,-16.4,28.71,2.38,1.043181818181818,0.17274772036636227,1.4,0.79,0.6099999999999999,1.01,1.4,1.043181818181818,0.17274772036636227,0.6099999999999999,0.79,0.7142857142857143,60.89,27.110909090909093,1.03,0.855909090909091,-0.19,-0.12,0.07,-0.71,-0.98,-0.27,-0.46,-0.45,0.010000000000000009,-57.66,-8.27,49.39,0.08,-10.37,-10.45,8.69,-6.62,-15.309999999999999,normal_410.csv,0,normal
22,4.200000047683716,-0.14727272727272728,0.08778663626369054,-0.02,-0.34,0.32,-0.135,-0.8459090909090908,0.12172017444039777,-0.56,-1.09,0.53,-0.86,-0.5127272727272728,0.2479282119251423,-0.03,-1.07,1.04,-0.485,0.4927272727272724,39.499387600053,83.74,-93.27,177.01,4.05,1.0804545454545453,20.64748952277428,52.34,-41.92,94.26,-0.595,1.6827272727272726,9.498994022836705,22.32,-20.42,42.74,1.17,1.0277272727272728,0.15108911965433539,1.38,0.71,0.6699999999999999,1.005,1.38,1.0277272727272728,0.15108911965433539,0.6699999999999999,0.71,0.7142857142857143,93.27,33.70409090909091,1.09,0.8609090909090908,-0.14,-0.06,0.08000000000000002,-0.79,-0.83,-0.039999999999999925,-0.46,-0.46,0.0,-43.44,31.59,75.03,-1.18,37.69,38.87,0.25,22.32,22.07,normal_411.csv,0,normal
20,3.799999952316284,-0.14499999999999996,0.10723805294763608,0.24,-0.24,0.48,-0.17,-0.869,0.14141763457370177,-0.55,-1.06,0.51,-0.895,-0.48900000000000005,0.3076378595549952,-0.09,-1.15,1.0599999999999998,-0.43999999999999995,-3.0715000000000012,34.493279936669886,75.41,-56.59,132.0,-6.989999999999999,2.0785,12.959657352114311,30.89,-25.41,56.3,3.0700000000000003,1.392,7.012243127859339,15.55,-11.31,26.86,0.65,1.042,0.2210167890741144,1.49,0.6,0.89,0.995,1.49,1.042,0.2210167890741144,0.89,0.6,0.8421052631578947,75.41,29.305500000000002,1.15,0.883,-0.15,-0.17,-0.020000000000000018,-0.87,-0.68,0.18999999999999995,-0.3,-0.54,-0.24000000000000005,15.44,55.76,40.32,2.31,-8.13,-10.440000000000001,3.9,15.55,11.65,normal_412.csv,0,normal
22,4.200000047683716,-0.12681818181818183,0.07846056720455573,0.09,-0.26,0.35,-0.14,-0.860909090909091,0.1987319106091729,-0.48,-1.43,0.95,-0.905,-0.5072727272727273,0.2934390797192724,-0.01,-1.13,1.1199999999999999,-0.48,-6.171363636363638,28.360503604813065,51.29,-58.04,109.33,-12.875,-1.6295454545454542,15.30943514782484,29.62,-37.08,66.7,0.7999999999999999,-0.5059090909090909,11.867555474642744,30.4,-35.26,65.66,-0.15,1.0463636363636362,0.2175085210054004,1.57,0.68,0.89,0.995,1.57,1.0463636363636362,0.2175085210054004,0.89,0.68,0.8095238095238095,58.04,25.708636363636366,1.43,0.8763636363636365,-0.15,0.01,0.16,-0.9,-0.48,0.42000000000000004,-0.29,-0.48,-0.19,-6.67,27.44,34.11,9.64,-37.08,-46.72,9.21,-35.26,-44.47,normal_413.csv,0,normal
22,4.200000047683716,-0.12272727272727271,0.08756939116151413,0.02,-0.33,0.35000000000000003,-0.12,-0.7822727272727271,0.17062718530069104,-0.46,-0.96,0.49999999999999994,-0.855,-0.5509090909090908,0.2642853632851302,-0.23,-1.23,1.0,-0.52,-4.842727272727273,38.77954421277602,110.4,-79.5,189.9,-7.39,-1.1159090909090907,14.723004888395675,27.66,-27.7,55.36,-1.2650000000000001,-3.395,12.612093497153928,21.35,-28.68,50.03,-2.025,1.000909090909091,0.18100010762714744,1.53,0.71,0.8200000000000001,1.0,1.53,1.000909090909091,0.18100010762714744,0.8200000000000001,0.71,0.2857142857142857,110.4,30.755454545454544,1.23,0.8468181818181818,-0.12,-0.08,0.039999999999999994,-0.96,-0.47,0.49,-0.35,-0.53,-0.18000000000000005,9.76,26.82,17.060000000000002,-2.31,-14.71,-12.4,3.23,-10.89,-14.120000000000001,normal_414.csv,0,normal
21,4.0,-0.11714285714285716,0.07912918912404303,0.03,-0.34,0.37,-0.14,-0.8323809523809522,0.13397405576844953,-0.51,-1.12,0.6100000000000001,-0.87,-0.6128571428571428,0.24619388410646714,-0.28,-1.21,0.9299999999999999,-0.52,-5.002857142857144,28.82724338934563,56.08,-59.66,115.74,-5.76,-2.411428571428572,13.564323162515072,22.96,-37.34,60.300000000000004,-0.91,-0.7623809523809525,6.239859697751148,11.99,-14.16,26.15,-0.11,1.0619047619047621,0.193742588183885,1.68,0.73,0.95,1.02,1.68,1.0619047619047621,0.193742588183885,0.95,0.73,0.35,59.66,21.30238095238095,1.21,0.8814285714285711,-0.11,-0.15,-0.039999999999999994,-0.86,-0.83,0.030000000000000027,-0.54,-0.46,0.08000000000000002,-5.95,-20.48,-14.530000000000001,0.79,-0.52,-1.31,3.15,-2.1,-5.25,normal_415.csv,0,normal
30,5.799999952316284,-0.1616666666666667,0.1456278519527354,0.12,-0.45,0.5700000000000001,-0.175,-0.8386666666666668,0.23867064788305983,-0.42,-1.32,0.9000000000000001,-0.87,-0.5026666666666667,0.18040057598603157,-0.12,-0.92,0.8,-0.46,-12.455666666666666,34.89257728429114,50.98,-82.66,133.64,-9.48,-46.73500000000001,59.93548403535024,43.8,-138.82,182.62,-38.115,-23.901,33.78069774804582,41.35,-90.52,131.87,-23.884999999999998,1.0163333333333333,0.23641698015529075,1.62,0.66,0.9600000000000001,1.01,1.62,1.0163333333333333,0.23641698015529075,0.9600000000000001,0.66,0.5172413793103449,138.82,66.724,1.32,0.8520000000000001,-0.32,-0.28,0.03999999999999998,-0.9,-1.17,-0.2699999999999999,-0.32,-0.44,-0.12,-58.87,17.79,76.66,-23.24,43.8,67.03999999999999,-23.34,4.94,28.28,normal_417.csv,0,normal
19,3.5899999141693115,-0.08368421052631579,0.1663400308042331,0.16,-0.33,0.49,-0.1,-0.9052631578947368,0.17948594562907305,-0.56,-1.26,0.7,-0.93,-0.05473684210526316,0.16129229578117663,0.24,-0.36,0.6,-0.05,-6.343684210526316,24.585190485901673,25.93,-76.01,101.94,-4.3,-11.35526315789474,34.45907288499746,47.38,-57.17,104.55000000000001,-21.98,-0.7284210526315789,16.766761186995964,27.39,-24.83,52.22,-1.3,0.9389473684210526,0.16891466408423533,1.27,0.67,0.6,0.98,1.27,0.9389473684210526,0.16891466408423533,0.6,0.67,0.7222222222222222,76.01,37.30631578947368,1.26,0.9052631578947368,-0.33,-0.07,0.26,-0.93,-0.88,0.050000000000000044,0.04,-0.17,-0.21000000000000002,7.67,25.93,18.259999999999998,-57.17,32.8,89.97,23.07,-18.53,-41.6,normal_418.csv,0,normal
29,5.599999904632568,-0.07068965517241378,0.1679908805875817,0.3,-0.31,0.61,-0.11,-1.01,0.13461585557217462,-0.64,-1.33,0.6900000000000001,-0.97,-0.20413793103448274,0.1339380784803003,0.01,-0.46,0.47000000000000003,-0.16,-9.10689655172414,19.424821952382818,16.32,-70.46,86.78,-3.75,-7.925862068965517,37.76468366431804,83.29,-96.79,180.08,-16.95,-2.5231034482758616,16.567403043206834,31.63,-39.89,71.52,-2.24,1.0551724137931033,0.12411459824507733,1.36,0.71,0.6500000000000001,1.02,1.36,1.0551724137931033,0.12411459824507733,0.6500000000000001,0.71,0.39285714285714285,96.79,34.916896551724136,1.33,1.01,-0.05,-0.31,-0.26,-1.05,-0.88,0.17000000000000004,-0.19,-0.22,-0.03,-12.2,3.28,15.479999999999999,-12.73,3.93,16.66,3.73,6.54,2.81,normal_419.csv,0,normal
24,4.599999904632568,-0.03125,0.210203059176018,0.34,-0.32,0.66,-0.06,-0.9954166666666667,0.17077773927501222,-0.8,-1.43,0.6299999999999999,-0.945,-0.33499999999999996,0.19928131743407576,0.08,-0.69,0.7699999999999999,-0.33999999999999997,2.0745833333333334,17.209805086728565,28.34,-37.9,66.24,5.81,33.3175,52.35290824943647,123.9,-61.23,185.13,26.15,4.391249999999999,32.00987623578752,74.69,-47.89,122.58,3.31,1.0920833333333333,0.14111294171280173,1.47,0.86,0.61,1.065,1.47,1.0920833333333333,0.14111294171280173,0.61,0.86,1.0,123.9,54.21958333333333,1.43,0.9954166666666667,-0.23,-0.15,0.08000000000000002,-0.95,-1.43,-0.48,-0.47,-0.3,0.16999999999999998,-6.48,-37.9,-31.419999999999998,-10.05,58.0,68.05,-8.86,-9.23,-0.370000000000001,normal_420.csv,0,normal
21,4.039999961853027,-0.08380952380952382,0.1330216595324307,0.28,-0.28,0.56,-0.1,-0.9285714285714287,0.15127080730549813,-0.6,-1.19,0.59,-0.96,-0.21666666666666665,0.09697078597873347,-0.04,-0.39,0.35000000000000003,-0.19,-4.307142857142857,19.670423773487226,42.21,-37.17,79.38,-8.75,-3.072857142857143,35.69241728194619,73.88,-65.62,139.5,-4.32,3.575714285714285,14.38989456925539,28.66,-22.4,51.06,3.43,0.9728571428571429,0.13788193707454424,1.26,0.69,0.5700000000000001,0.99,1.26,0.9728571428571429,0.13788193707454424,0.5700000000000001,0.69,0.25,73.88,30.679523809523804,1.19,0.9285714285714287,-0.01,-0.19,-0.18,-0.99,-0.85,0.14,-0.12,-0.19,-0.07,-1.09,-8.75,-7.66,-7.8,-1.33,6.47,3.43,1.5,-1.9300000000000002,normal_421.csv,0,normal
21,4.0,-0.0761904761904762,0.12765093773553685,0.15,-0.34,0.49,-0.05,-0.9361904761904762,0.153410436101205,-0.51,-1.21,0.7,-0.97,-0.23476190476190475,0.1498872592190226,-0.01,-0.53,0.52,-0.25,-3.126666666666665,18.106303690519866,47.17,-42.72,89.89,-4.33,0.3076190476190487,50.4005760785293,113.4,-80.52,193.92000000000002,-8.56,0.3447619047619046,18.557358815048982,32.05,-43.37,75.41999999999999,5.68,0.9885714285714287,0.14598923639384223,1.33,0.64,0.6900000000000001,1.0,1.33,0.9885714285714287,0.14598923639384223,0.6900000000000001,0.64,0.85,113.4,43.70952380952381,1.21,0.9361904761904762,-0.06,-0.09,-0.03,-0.98,-0.75,0.22999999999999998,-0.18,-0.25,-0.07,1.2,4.72,3.5199999999999996,20.36,60.67,40.31,12.5,19.27,6.77,normal_422.csv,0,normal
24,4.590000152587891,-0.016249999999999997,0.17064615054448834,0.31,-0.3,0.61,-0.06,-0.9454166666666666,0.1529699932685483,-0.53,-1.18,0.6499999999999999,-0.965,-0.24333333333333332,0.15807721466771057,0.09,-0.52,0.61,-0.245,1.4754166666666666,20.440563673663735,42.99,-33.11,76.1,-2.2350000000000003,21.192083333333333,47.20491831220894,107.82,-94.93,202.75,21.625,2.5837499999999998,17.714741297550198,49.15,-33.47,82.62,1.9300000000000002,1.0066666666666668,0.12544413850020245,1.22,0.72,0.5,1.0150000000000001,1.22,1.0066666666666668,0.12544413850020245,0.5,0.72,0.8260869565217391,107.82,43.997499999999995,1.18,0.9454166666666666,-0.14,-0.23,-0.09,-0.98,-1.07,-0.09000000000000008,-0.12,-0.26,-0.14,28.07,-3.29,-31.36,13.72,11.08,-2.6400000000000006,3.85,2.39,-1.46,normal_423.csv,0,normal
24,4.609999895095825,-0.08333333333333333,0.16327268912617554,0.25,-0.39,0.64,-0.08,-0.9745833333333334,0.14034055370595042,-0.64,-1.25,0.61,-0.99,-0.19791666666666666,0.12998257965778628,-0.01,-0.52,0.51,-0.19,4.307083333333334,16.716610973146928,32.6,-35.19,67.78999999999999,7.42,17.507499999999997,30.625060532327044,85.74,-35.35,121.09,19.744999999999997,-0.3862499999999999,15.972786316650934,32.75,-37.5,70.25,-0.425,1.0179166666666666,0.14431183526343724,1.31,0.71,0.6000000000000001,1.0150000000000001,1.31,1.0179166666666666,0.14431183526343724,0.6000000000000001,0.71,0.34782608695652173,85.74,33.09916666666667,1.25,0.9745833333333334,0.01,0.11,0.1,-0.94,-1.05,-0.1100000000000001,-0.14,-0.21,-0.06999999999999998,11.78,21.77,9.99,14.58,-26.89,-41.47,-6.64,22.34,28.98,normal_424.csv,0,normal
25,4.799999952316284,-0.1396,0.18791576126906792,0.24,-0.64,0.88,-0.12,-0.9272,0.4105333928764707,-0.31,-2.0,1.69,-0.86,-0.1668,0.12644893567497248,0.13,-0.44,0.5700000000000001,-0.19,3.1632,23.208888153751214,53.81,-45.17,98.98,3.38,28.677999999999997,49.249923857809165,122.95,-76.47,199.42000000000002,22.23,10.284399999999998,20.035346490639984,46.37,-25.79,72.16,8.89,0.9760000000000001,0.41648329298224357,2.02,0.38,1.6400000000000001,0.89,2.02,0.9760000000000001,0.41648329298224357,1.6400000000000001,0.38,0.4166666666666667,122.95,51.5656,2.0,0.9272,0.09,-0.36,-0.44999999999999996,-0.88,-1.09,-0.21000000000000008,-0.18,-0.44,-0.26,-36.59,10.01,46.6,122.95,3.63,-119.32000000000001,9.93,26.15,16.22,normal_425.csv,0,normal
24,4.6000001430511475,-0.14291666666666666,0.2941972004517093,0.4,-1.07,1.4700000000000002,-0.065,-0.9408333333333333,0.3777958577657086,-0.3,-1.76,1.46,-0.915,-0.215,0.1942656182518734,0.04,-0.66,0.7000000000000001,-0.19,1.3516666666666666,38.03470790997483,51.4,-102.54,153.94,8.115,31.649583333333336,62.42144005131338,134.58,-137.83,272.41,30.24,-3.654583333333333,33.39328570616589,86.89,-62.76,149.65,-1.85,1.0245833333333334,0.4039799733162273,1.89,0.32,1.5699999999999998,0.95,1.89,1.0245833333333334,0.4039799733162273,1.5699999999999998,0.32,0.13043478260869565,137.83,61.941250000000004,1.76,0.9479166666666666,-0.17,0.1,0.27,-0.93,-1.11,-0.18000000000000005,-0.12,-0.05,0.06999999999999999,3.37,18.21,14.84,-4.35,-26.75,-22.4,3.54,-46.98,-50.519999999999996,normal_426.csv,0,normal
27,5.200000047683716,0.009629629629629625,0.16507530872258744,0.34,-0.33,0.67,0.01,-1.0166666666666666,0.2671214071426065,-0.63,-1.78,1.15,-1.02,-0.23851851851851855,0.21753344046559303,0.04,-0.66,0.7000000000000001,-0.14,3.3437037037037034,19.898235744783648,51.44,-47.11,98.55,5.35,23.948888888888888,76.29692519932765,137.17,-114.26,251.43,40.4,-2.297777777777778,26.772059535920498,41.37,-83.19,124.56,0.22,1.0796296296296295,0.2643785380775289,1.88,0.71,1.17,1.08,1.88,1.0796296296296295,0.2643785380775289,1.17,0.71,0.3076923076923077,137.17,73.31222222222222,1.78,1.017037037037037,0.18,-0.1,-0.28,-0.99,-0.63,0.36,-0.42,-0.34,0.07999999999999996,-47.11,13.16,60.269999999999996,61.05,40.4,-20.65,-4.66,-4.68,-0.019999999999999574,normal_427.csv,0,normal
27,5.259999990463257,-0.0011111111111111044,0.13083557894528813,0.26,-0.22,0.48,0.02,-0.9355555555555554,0.25187501988292854,-0.27,-1.34,1.07,-0.95,-0.24592592592592594,0.09732021923128345,-0.13,-0.54,0.41000000000000003,-0.25,-0.9274074074074077,15.73918666469449,26.85,-36.83,63.68,-3.08,15.015185185185187,32.111343954143535,62.75,-63.16,125.91,16.82,2.3366666666666664,12.424939869843667,32.75,-31.7,64.45,1.81,0.9844444444444446,0.23695720699889666,1.37,0.42,0.9500000000000002,0.99,1.37,0.9844444444444446,0.23695720699889666,0.9500000000000002,0.42,0.46153846153846156,63.16,32.398148148148145,1.34,0.9374074074074072,0.09,0.08,-0.009999999999999995,-0.95,-0.97,-0.020000000000000018,-0.15,-0.2,-0.05000000000000002,4.66,-5.6,-10.26,16.69,-4.56,-21.25,1.22,-6.67,-7.89,normal_428.csv,0,normal
25,4.799999952316284,-0.0068,0.16377627015739082,0.27,-0.29,0.56,-0.04,-0.9503999999999999,0.13788521796528203,-0.57,-1.18,0.61,-0.98,-0.2756,0.12052247369958295,-0.09,-0.5,0.41000000000000003,-0.28,-4.790800000000001,17.850049934570677,27.61,-45.75,73.36,-1.37,19.618400000000005,46.39032825564686,118.99,-59.34,178.32999999999998,11.2,2.6759999999999997,17.855157984926,49.04,-21.08,70.12,-2.26,1.0108,0.1269816259674341,1.28,0.71,0.5700000000000001,1.02,1.28,1.0108,0.1269816259674341,0.5700000000000001,0.71,0.5,118.99,42.3588,1.18,0.9503999999999999,0.2,0.06,-0.14,-0.95,-1.09,-0.14000000000000012,-0.28,-0.1,0.18000000000000002,-0.27,24.15,24.419999999999998,9.62,-49.54,-59.16,-4.7,-6.65,-1.9500000000000002,normal_429.csv,0,normal
21,4.0,-0.06904761904761905,0.15290208507096176,0.2,-0.29,0.49,-0.09,-0.9366666666666665,0.15742723186708626,-0.53,-1.12,0.5900000000000001,-0.96,-0.20857142857142857,0.1526199762247955,0.12,-0.45,0.5700000000000001,-0.25,0.5680952380952382,20.649991675312517,53.24,-34.14,87.38,-1.06,31.41428571428571,58.69619592200405,141.94,-80.74,222.68,29.79,5.001904761904761,17.354396163234153,33.85,-46.21,80.06,8.5,0.9857142857142855,0.14736252673496844,1.18,0.63,0.5499999999999999,0.99,1.18,0.9857142857142855,0.14736252673496844,0.5499999999999999,0.63,0.75,141.94,59.02333333333333,1.12,0.9366666666666665,0.01,0.2,0.19,-0.92,-0.9,0.020000000000000018,-0.19,-0.26,-0.07,6.48,9.95,3.469999999999999,44.8,73.65,28.85000000000001,12.19,20.66,8.47,normal_430.csv,0,normal
19,3.6000001430511475,-0.1,0.15506271132817342,0.16,-0.43,0.59,-0.12,-0.9689473684210527,0.27499282287285054,-0.5,-1.7,1.2,-1.0,-0.2605263157894737,0.11311123749116896,-0.11,-0.48,0.37,-0.23,1.7331578947368418,14.170776287303225,29.81,-26.82,56.629999999999995,4.13,8.526315789473685,45.18865014955836,66.28,-96.91,163.19,9.02,-0.773684210526315,16.916459181166438,21.43,-29.31,50.739999999999995,1.66,1.0278947368421054,0.2551596220967142,1.76,0.68,1.08,1.08,1.76,1.0278947368421054,0.2551596220967142,1.08,0.68,0.5555555555555556,96.91,40.939473684210526,1.7,0.9689473684210527,0.12,-0.1,-0.22,-1.06,-1.16,-0.09999999999999987,-0.21,-0.2,0.009999999999999981,-18.56,10.63,29.189999999999998,3.89,11.32,7.43,-18.98,-20.38,-1.3999999999999986,normal_431.csv,0,normal
22,4.200000047683716,-0.06318181818181819,0.2550328898235969,0.62,-0.49,1.1099999999999999,-0.1,-0.8899999999999999,0.3535937943863996,-0.21,-1.81,1.6,-0.87,-0.2840909090909091,0.17500092764132616,0.14,-0.55,0.6900000000000001,-0.305,2.463181818181819,21.354650076040343,46.24,-33.85,80.09,-4.365,0.0018181818181811334,41.46834324849368,50.27,-103.11,153.38,8.2,-1.300909090909091,27.205542836689755,55.36,-71.4,126.76,-3.225,0.9845454545454545,0.34766879795804667,1.89,0.25,1.64,0.99,1.89,0.9845454545454545,0.34766879795804667,1.64,0.25,1.0,103.11,39.456818181818186,1.81,0.9018181818181819,0.03,-0.23,-0.26,-0.96,-1.81,-0.8500000000000001,-0.31,-0.52,-0.21000000000000002,8.07,46.24,38.17,-13.25,21.51,34.760000000000005,1.18,-8.31,-9.49,normal_432.csv,0,normal
21,4.0,-0.08904761904761904,0.1541721363251078,0.18,-0.4,0.5800000000000001,-0.07,-0.9785714285714284,0.33413000036341717,-0.51,-1.52,1.01,-0.85,-0.27238095238095233,0.15029653229215778,-0.0,-0.61,0.61,-0.26,7.393809523809523,24.789450069775743,61.53,-40.76,102.28999999999999,7.96,54.31000000000001,50.734273228262566,186.3,-20.06,206.36,57.18,14.149523809523808,31.406045353751633,81.66,-36.79,118.44999999999999,13.52,1.0423809523809522,0.3271529422442165,1.58,0.59,0.9900000000000001,0.93,1.58,1.0423809523809522,0.3271529422442165,0.9900000000000001,0.59,0.3,186.3,63.52380952380953,1.52,0.9785714285714284,-0.12,0.11,0.22999999999999998,-0.82,-0.95,-0.13,-0.15,-0.26,-0.11000000000000001,-11.6,34.9,46.5,0.21,78.89,78.68,-0.73,-2.3,-1.5699999999999998,normal_433.csv,0,normal
19,3.5899999141693115,-0.10999999999999999,0.16179548132682128,0.25,-0.39,0.64,-0.1,-0.8836842105263157,0.1335502621286079,-0.48,-1.11,0.6300000000000001,-0.88,-0.23947368421052637,0.3430820064618585,0.54,-0.62,1.1600000000000001,-0.34,12.929473684210528,40.727965477418884,123.35,-27.44,150.79,-2.02,-0.9389473684210532,15.833345577095914,33.04,-22.82,55.86,-5.14,0.5026315789473683,18.92222263257478,38.95,-27.61,66.56,-2.65,0.9963157894736842,0.11519117087673526,1.25,0.72,0.53,0.97,1.25,0.9963157894736842,0.11519117087673526,0.53,0.72,0.3888888888888889,123.35,37.520526315789475,1.11,0.886842105263158,0.16,-0.1,-0.26,-0.92,-0.87,0.050000000000000044,-0.21,0.35,0.5599999999999999,-7.03,-12.69,-5.659999999999999,33.04,3.08,-29.96,-4.73,-7.49,-2.76,normal_434.csv,0,normal
21,4.0,-0.08285714285714285,0.046275572081051264,-0.0,-0.17,0.17,-0.08,-0.909047619047619,0.0986866131704175,-0.77,-1.11,0.3400000000000001,-0.9,0.04285714285714285,0.37235927351340203,0.62,-0.66,1.28,0.06,-2.6347619047619046,31.361670334828727,57.72,-61.63,119.35,5.02,5.546666666666668,11.7734809352771,42.55,-10.42,52.97,1.54,-0.1957142857142855,7.248514724706415,16.53,-10.66,27.19,0.13,0.9838095238095238,0.12031110466104905,1.27,0.79,0.48,0.96,1.27,0.9838095238095238,0.12031110466104905,0.48,0.79,0.8,61.63,26.375714285714285,1.11,0.909047619047619,-0.09,-0.0,0.09,-0.93,-0.9,0.030000000000000027,0.29,-0.07,-0.36,5.45,18.42,12.970000000000002,-0.86,9.34,10.2,-3.89,-9.46,-5.57,normal_435.csv,0,normal
19,3.5999999046325684,-0.07842105263157895,0.12198648185100662,0.15,-0.27,0.42000000000000004,-0.07,-0.9710526315789475,0.17772934281723324,-0.56,-1.25,0.69,-0.98,0.04473684210526316,0.13467526462043725,0.38,-0.16,0.54,0.06,-0.09999999999999899,23.042313493030843,44.77,-34.51,79.28,-4.86,11.700526315789475,32.36412734180379,68.34,-68.9,137.24,16.98,1.073157894736843,17.9042968314659,30.48,-46.48,76.96,1.89,0.9910526315789473,0.18177809233733633,1.25,0.56,0.69,1.01,1.25,0.9910526315789473,0.18177809233733633,0.69,0.56,0.7777777777777778,68.9,32.93263157894737,1.25,0.9710526315789475,0.15,0.02,-0.13,-0.96,-0.76,0.19999999999999996,0.08,-0.14,-0.22000000000000003,-1.53,19.63,21.16,7.98,6.54,-1.4400000000000004,-1.89,1.89,3.78,normal_436.csv,0,normal
22,4.210000038146973,-0.1281818181818182,0.15271000726981296,0.08,-0.56,0.64,-0.11,-0.9518181818181816,0.17651753895418315,-0.5,-1.26,0.76,-0.98,-0.08681818181818181,0.1198565159496321,0.09,-0.25,0.33999999999999997,-0.08,4.199090909090909,17.850076406156578,40.91,-26.89,67.8,1.855,-0.2695454545454536,56.87272251660031,103.38,-94.93,198.31,-7.075000000000001,0.45000000000000023,21.289678250269542,44.34,-31.18,75.52000000000001,-4.3149999999999995,0.9850000000000001,0.17142956348919297,1.27,0.52,0.75,1.025,1.27,0.9850000000000001,0.17142956348919297,0.75,0.52,0.5238095238095238,103.38,49.650909090909096,1.26,0.9518181818181816,-0.04,-0.1,-0.060000000000000005,-0.91,-1.04,-0.13,-0.07,-0.18,-0.10999999999999999,11.11,-18.77,-29.88,-20.31,-51.89,-31.580000000000002,-19.39,15.69,35.08,normal_437.csv,0,normal
24,4.599999904632568,-0.12791666666666665,0.1343900606659477,0.15,-0.32,0.47,-0.175,-0.9550000000000001,0.08235659473079357,-0.85,-1.22,0.37,-0.945,-0.0425,0.10795530476121568,0.22,-0.3,0.52,-0.05,-3.330833333333333,18.792175734613057,27.15,-39.98,67.13,-6.545,-8.724166666666667,40.26769099918441,44.5,-94.45,138.95,-12.504999999999999,0.5683333333333334,19.388543830934236,47.41,-40.85,88.25999999999999,2.44,0.9787500000000001,0.08305642398524869,1.26,0.85,0.41000000000000003,0.97,1.26,0.9787500000000001,0.08305642398524869,0.41000000000000003,0.85,0.5652173913043478,94.45,36.6475,1.22,0.9550000000000001,-0.09,-0.22,-0.13,-0.9,-0.99,-0.08999999999999997,-0.0,-0.12,-0.12,-19.15,-8.96,10.189999999999998,34.82,-23.98,-58.8,-9.69,4.83,14.52,normal_438.csv,0,normal
22,4.200000047683716,-0.09636363636363637,0.12073368782830819,0.2,-0.29,0.49,-0.10500000000000001,-0.9436363636363637,0.07895420339517228,-0.78,-1.06,0.28,-0.96,-0.09136363636363636,0.23666925795788868,0.37,-0.46,0.8300000000000001,-0.1,6.496363636363636,30.567203019460262,60.26,-40.28,100.53999999999999,-3.61,-3.6359090909090908,20.37144118124355,37.38,-37.37,74.75,-5.16,-0.5845454545454545,17.883812240675653,26.36,-49.13,75.49000000000001,2.0300000000000002,0.985909090909091,0.0768832814143554,1.11,0.82,0.29000000000000015,1.005,1.11,0.985909090909091,0.0768832814143554,0.29000000000000015,0.82,0.7142857142857143,60.26,29.51227272727273,1.06,0.9436363636363637,-0.04,0.06,0.1,-0.99,-0.85,0.14,-0.08,0.37,0.45,7.73,-1.84,-9.57,5.95,0.74,-5.21,13.34,-7.34,-20.68,normal_439.csv,0,normal
23,4.400000095367432,-0.08434782608695653,0.16188733700145583,0.19,-0.42,0.61,-0.08,-0.9756521739130437,0.12702276413578653,-0.67,-1.23,0.5599999999999999,-0.96,0.0017391304347826042,0.2215165122905995,0.3,-0.51,0.81,0.07,-5.137826086956523,29.37003914884594,54.13,-56.5,110.63,-5.74,-3.350000000000002,63.41590358319218,125.4,-121.8,247.2,4.67,-1.4673913043478262,22.797722417619486,33.15,-51.56,84.71000000000001,-1.56,1.013478260869565,0.13874793022705778,1.25,0.67,0.58,1.0,1.25,1.013478260869565,0.13874793022705778,0.58,0.67,0.9090909090909091,125.4,56.63521739130435,1.23,0.9756521739130437,-0.15,0.0,0.15,-0.9,-0.97,-0.06999999999999995,0.3,0.17,-0.12999999999999998,-5.74,21.9,27.64,0.45,-5.56,-6.01,-5.71,-25.88,-20.169999999999998,normal_440.csv,0,normal
23,4.389999866485596,-0.07869565217391306,0.10767393319335959,0.12,-0.23,0.35,-0.1,-0.9613043478260871,0.18211645494588163,-0.77,-1.56,0.79,-0.91,-0.12391304347826083,0.2970114648909699,0.42,-0.54,0.96,-0.27,4.63304347826087,31.438990475751407,84.62,-52.31,136.93,6.73,4.477826086956522,24.280121677941654,61.48,-37.27,98.75,0.0,1.4617391304347829,11.181035751409986,29.09,-15.5,44.59,0.1,1.0217391304347827,0.17706321865144517,1.59,0.82,0.7700000000000001,0.95,1.59,1.0217391304347827,0.17706321865144517,0.7700000000000001,0.82,0.8181818181818182,84.62,32.88652173913044,1.56,0.9613043478260871,0.08,-0.08,-0.16,-0.93,-0.85,0.08000000000000007,0.2,0.42,0.21999999999999997,6.73,-3.37,-10.100000000000001,24.03,-8.57,-32.6,-7.99,-4.66,3.33,normal_441.csv,0,normal
20,3.809999942779541,-0.043000000000000003,0.0666570168454668,0.1,-0.16,0.26,-0.055,-0.2915,0.540178089541822,0.49,-0.99,1.48,-0.135,0.6855,0.29956942785481827,1.07,0.15,0.92,0.865,20.3935,27.897930365606165,75.78,-7.47,83.25,8.719999999999999,-2.679,4.6911774977919425,4.03,-12.88,16.91,-1.54,-6.324,9.277490813224967,9.94,-24.53,34.47,-3.9299999999999997,0.9584999999999999,0.06123939220709767,1.18,0.89,0.2899999999999999,0.95,1.18,0.9584999999999999,0.06123939220709767,0.2899999999999999,0.89,0.5789473684210527,75.78,25.089000000000002,1.07,0.8959999999999999,-0.09,-0.03,0.06,-0.93,0.15,1.08,0.27,0.88,0.61,-2.03,-3.7,-1.6700000000000004,-4.82,3.71,8.530000000000001,-1.83,-2.69,-0.8599999999999999,normal_442.csv,0,normal
26,5.0,-0.5980769230769231,0.4154132326324642,0.33,-1.09,1.4200000000000002,-0.75,-0.0011538461538461516,0.18437628747920756,0.25,-0.61,0.86,0.025,0.32500000000000007,0.5996482302150153,1.04,-0.67,1.71,0.48,-11.380384615384612,32.36405666547619,56.58,-98.21,154.79,-2.825,-0.9992307692307677,61.43410980379398,93.9,-157.87,251.77,5.525,-10.405000000000001,22.422672142275996,53.29,-66.06,119.35,-11.425,0.9946153846153846,0.12060616134280266,1.38,0.76,0.6199999999999999,0.985,1.38,0.9946153846153846,0.12060616134280266,0.6199999999999999,0.76,0.96,157.87,49.828076923076914,1.09,0.8876923076923078,0.03,0.33,0.30000000000000004,0.22,-0.09,-0.31,0.95,1.01,0.06000000000000005,2.76,56.58,53.82,-3.28,-42.19,-38.91,-5.48,-24.45,-18.97,normal_443.csv,0,normal
34,6.599999904632568,0.43088235294117655,0.49391060194072317,1.08,-0.33,1.4100000000000001,0.55,-0.10235294117647058,0.35027312999593324,0.46,-0.58,1.04,-0.18,0.5247058823529411,0.33360505858854195,0.87,-0.14,1.01,0.655,0.8379411764705881,21.15093876839309,45.78,-49.82,95.6,4.66,-3.777058823529412,32.5719880143745,60.52,-61.08,121.6,-8.21,-4.241764705882352,19.81277189402778,57.94,-57.62,115.56,-4.32,0.9644117647058823,0.06702288964365372,1.17,0.83,0.33999999999999997,0.96,1.17,0.9644117647058823,0.06702288964365372,0.33999999999999997,0.83,0.6666666666666666,61.08,29.908235294117645,1.08,0.8344117647058823,-0.31,0.07,0.38,-0.4,-0.33,0.07,0.81,0.76,-0.050000000000000044,-10.15,-40.22,-30.07,17.05,52.66,35.61,5.87,57.94,52.07,normal_444.csv,0,normal
20,3.81000018119812,0.05750000000000001,0.07062689214978132,0.19,-0.1,0.29000000000000004,0.06,-0.7675,0.21805057356397606,-0.42,-1.01,0.5900000000000001,-0.85,0.12799999999999997,0.5687252597279565,0.84,-0.62,1.46,-0.04000000000000001,-20.842,33.95668504061267,30.73,-101.62,132.35,-18.075,-1.6875000000000004,13.314749982829689,21.42,-24.04,45.46,-0.45,1.8320000000000007,14.149335338676364,38.25,-20.79,59.04,-0.25,0.9810000000000001,0.06290343476522693,1.07,0.86,0.21000000000000008,0.99,1.07,0.9810000000000001,0.06290343476522693,0.21000000000000008,0.86,0.631578947368421,101.62,32.9185,1.01,0.8669999999999998,0.19,0.08,-0.11,-0.45,-0.99,-0.54,0.84,-0.24,-1.08,-2.24,-3.77,-1.5299999999999998,-2.49,-24.04,-21.549999999999997,2.01,-10.84,-12.85,normal_445.csv,0,normal
30,5.809999942779541,0.018,0.06183403816557729,0.14,-0.18,0.32,0.015,-0.4516666666666667,0.49196357682204506,0.18,-1.02,1.2,-0.4,0.5476666666666666,0.45427990257665757,1.03,-0.21,1.24,0.8200000000000001,13.967,17.788599826661557,55.34,-8.41,63.75,11.025,0.3766666666666668,6.334211614842781,12.79,-14.6,27.39,0.34,-2.129000000000001,7.209066776851455,15.52,-19.83,35.349999999999994,-1.07,0.9700000000000001,0.036952905723086384,1.05,0.9,0.15000000000000002,0.97,1.05,0.9700000000000001,0.036952905723086384,0.15000000000000002,0.9,0.034482758620689655,55.34,17.375333333333334,1.03,0.9416666666666668,0.0,0.08,0.08,-0.94,0.04,0.98,-0.19,0.92,1.11,-4.58,1.92,6.5,8.96,0.54,-8.420000000000002,9.29,-0.55,-9.84,normal_446.csv,0,normal
22,4.199999809265137,0.0027272727272727245,0.11788540917759795,0.18,-0.19,0.37,0.015,-0.434090909090909,0.46274192222024424,0.06,-1.1,1.1600000000000001,-0.38,0.4904545454545454,0.5626169912008335,1.02,-0.56,1.58,0.8,-25.579999999999995,28.63723300679928,8.73,-77.19,85.92,-12.415,-0.9777272727272727,8.605869498594538,16.7,-24.32,41.019999999999996,0.46499999999999997,1.112727272727273,11.730036813086462,19.12,-20.88,40.0,0.875,0.9695454545454546,0.07876893711702254,1.18,0.86,0.31999999999999995,0.96,1.18,0.9695454545454546,0.07876893711702254,0.31999999999999995,0.86,0.8571428571428571,77.19,28.199545454545458,1.1,0.920909090909091,0.09,-0.19,-0.28,0.06,-0.94,-1.0,0.96,-0.23,-1.19,-0.84,8.73,9.57,0.07,-3.92,-3.9899999999999998,0.04,-18.22,-18.259999999999998,normal_447.csv,0,normal
24,4.599999904632568,0.061250000000000006,0.17715904178719336,0.43,-0.21,0.64,0.05,-0.9225,0.16046806535881214,-0.55,-1.33,0.78,-0.93,-0.2970833333333333,0.25870041707948876,0.11,-0.85,0.96,-0.29000000000000004,5.462083333333333,37.132088663506295,76.19,-60.53,136.72,-2.825,4.552083333333336,61.499112540727786,137.61,-86.37,223.98000000000002,-15.02,-1.8362500000000008,25.88505289905656,51.38,-41.63,93.01,-6.3149999999999995,1.0166666666666666,0.16596664585461707,1.4,0.63,0.7699999999999999,1.005,1.4,1.0166666666666666,0.16596664585461707,0.7699999999999999,0.63,0.8695652173913043,137.61,56.39125000000001,1.33,0.9258333333333333,-0.1,0.34,0.44000000000000006,-0.93,-0.87,0.06000000000000005,-0.11,-0.35,-0.24,-21.78,62.44,84.22,-14.12,65.11,79.23,-15.89,-38.05,-22.159999999999997,normal_448.csv,0,normal
23,4.390000104904175,-0.04391304347826087,0.17492177811381301,0.29,-0.39,0.6799999999999999,-0.04,-0.9226086956521738,0.17710339536051067,-0.41,-1.14,0.73,-0.94,-0.2543478260869566,0.16702819813532094,0.04,-0.57,0.61,-0.26,0.8134782608695652,34.838375733024854,68.02,-59.07,127.09,-3.41,14.647391304347828,62.48711679708586,137.43,-108.27,245.7,16.27,4.266086956521739,30.18338024613883,66.47,-63.2,129.67000000000002,11.05,0.9856521739130437,0.17916031639939692,1.23,0.57,0.66,1.01,1.23,0.9856521739130437,0.17916031639939692,0.66,0.57,0.045454545454545456,137.43,57.877826086956524,1.14,0.9226086956521738,-0.16,-0.1,0.06,-0.94,-1.08,-0.14000000000000012,-0.12,-0.19,-0.07,-33.9,15.4,49.3,-55.95,16.27,72.22,22.01,-27.27,-49.28,normal_449.csv,0,normal
21,4.009999990463257,-0.04047619047619048,0.14302014510117764,0.19,-0.29,0.48,-0.01,-1.018095238095238,0.15253258824326846,-0.69,-1.33,0.6400000000000001,-1.01,-0.17619047619047618,0.20667549904321486,0.26,-0.56,0.8200000000000001,-0.16,0.6323809523809526,35.0000384149449,67.78,-77.84,145.62,-3.52,-16.113809523809522,73.23488843960851,71.88,-185.09,256.97,4.95,-4.772380952380952,20.59307041331183,34.24,-33.76,68.0,-3.54,1.0633333333333332,0.148200314889454,1.42,0.82,0.6,1.04,1.42,1.0633333333333332,0.148200314889454,0.6,0.82,0.85,185.09,59.0404761904762,1.33,1.018095238095238,-0.1,-0.21,-0.10999999999999999,-1.01,-1.22,-0.20999999999999996,-0.03,-0.05,-0.020000000000000004,10.86,16.99,6.129999999999999,-41.66,-52.66,-11.0,-29.01,4.01,33.02,normal_450.csv,0,normal
21,3.990000009536743,-0.10380952380952377,0.16868539327624638,0.26,-0.37,0.63,-0.12,-0.9466666666666667,0.1927779378801769,-0.56,-1.26,0.7,-0.95,-0.2899999999999999,0.13999999999999999,-0.06,-0.55,0.49000000000000005,-0.3,-9.89,21.977824050619752,27.4,-49.02,76.42,-9.01,-15.385238095238094,96.93079369421503,152.24,-192.56,344.8,-18.26,-1.5819047619047621,30.699932999771775,62.48,-61.89,124.37,-5.55,1.0195238095238095,0.18219429712469573,1.36,0.69,0.6700000000000002,1.04,1.36,1.0195238095238095,0.18219429712469573,0.6700000000000002,0.69,0.85,192.56,79.82428571428571,1.26,0.9466666666666667,-0.03,-0.03,0.0,-0.9,-1.0,-0.09999999999999998,-0.25,-0.28,-0.030000000000000027,-1.93,16.81,18.74,-2.78,-33.21,-30.43,-5.55,-22.47,-16.919999999999998,normal_451.csv,0,normal
25,4.809999942779541,-0.0724,0.17907819521091897,0.29,-0.54,0.8300000000000001,-0.09,-0.9052000000000001,0.16631095373827104,-0.51,-1.28,0.77,-0.96,-0.3296,0.252924231078532,-0.02,-0.97,0.95,-0.22,-3.5248000000000013,20.23957656012925,28.8,-64.5,93.3,3.02,3.8124000000000002,35.42908777638322,64.53,-91.97,156.5,12.29,4.1316,27.8341143622953,52.18,-53.35,105.53,6.67,1.0124000000000002,0.16475436261295182,1.36,0.61,0.7500000000000001,1.02,1.36,1.0124000000000002,0.16475436261295182,0.7500000000000001,0.61,0.5416666666666666,91.97,37.711600000000004,1.28,0.9144,0.11,-0.19,-0.3,-1.02,-0.93,0.08999999999999997,-0.14,-0.97,-0.83,6.95,-16.43,-23.38,-7.37,-16.79,-9.419999999999998,-23.2,-53.35,-30.150000000000002,normal_452.csv,0,normal
26,4.990000009536743,-0.05730769230769231,0.2591456376990775,0.71,-0.45,1.16,-0.08,-0.7696153846153846,0.1512211828873394,-0.6,-1.26,0.66,-0.71,-0.7065384615384616,0.21978065988966927,-0.38,-1.36,0.9800000000000001,-0.705,1.8061538461538464,23.517839199539242,52.69,-45.95,98.64,3.3449999999999998,21.827307692307688,44.84070209599241,130.82,-36.31,167.13,12.235,8.419615384615385,44.489993345090014,89.41,-112.97,202.38,8.245000000000001,1.093846153846154,0.19624631304718917,1.72,0.89,0.83,1.06,1.72,1.093846153846154,0.19624631304718917,0.83,0.89,0.52,130.82,48.74384615384615,1.36,0.8450000000000001,-0.19,-0.28,-0.09000000000000002,-0.67,-0.88,-0.20999999999999996,-0.72,-0.59,0.13,-41.37,0.56,41.93,-9.23,-8.97,0.2599999999999998,-16.22,-24.19,-7.970000000000002,normal_453.csv,0,normal
26,5.0,-0.13692307692307693,0.17565350507790572,0.2,-0.4,0.6000000000000001,-0.165,-0.8515384615384616,0.1400483433016559,-0.66,-1.26,0.6,-0.83,-0.43423076923076925,0.15940321394308402,-0.06,-0.7,0.6399999999999999,-0.435,0.40038461538461595,24.739651166622252,44.26,-70.32,114.57999999999998,2.08,-25.857307692307696,52.52173710437935,44.97,-147.76,192.73,-20.72,-9.93423076923077,30.768236241042732,43.58,-74.82,118.39999999999999,-9.08,0.9946153846153846,0.1276943466009602,1.3,0.73,0.5700000000000001,1.0,1.3,0.9946153846153846,0.1276943466009602,0.5700000000000001,0.73,0.8,147.76,50.324999999999996,1.26,0.8515384615384616,-0.21,0.01,0.22,-0.83,-1.12,-0.29000000000000015,-0.42,-0.39,0.02999999999999997,15.44,-2.05,-17.49,-20.39,-41.37,-20.979999999999997,-24.0,-4.84,19.16,normal_454.csv,0,normal
30,5.799999952316284,-0.10833333333333334,0.15202275994149655,0.21,-0.43,0.64,-0.1,-0.9623333333333334,0.10880806680710237,-0.65,-1.16,0.5099999999999999,-0.96,-0.28700000000000003,0.21017480409378778,0.22,-0.73,0.95,-0.3,0.6013333333333318,33.30097572696356,76.71,-69.9,146.61,-2.59,10.118666666666668,37.5859637899973,84.98,-71.21,156.19,5.51,0.7666666666666664,21.363806378745004,51.23,-47.16,98.38999999999999,1.8800000000000001,1.0406666666666664,0.12331438189282384,1.37,0.83,0.5400000000000001,1.025,1.37,1.0406666666666664,0.12331438189282384,0.5400000000000001,0.83,0.20689655172413793,84.98,41.28866666666667,1.16,0.9623333333333334,0.08,-0.13,-0.21000000000000002,-0.97,-0.94,0.030000000000000027,-0.4,-0.36,0.040000000000000036,7.11,-35.77,-42.88,37.02,18.44,-18.580000000000002,5.66,-1.08,-6.74,normal_455.csv,0,normal
23,4.3999998569488525,-0.13,0.14896613404028813,0.24,-0.37,0.61,-0.12,-0.9482608695652175,0.13570195194928425,-0.64,-1.17,0.5299999999999999,-0.95,-0.32652173913043475,0.15616450230015821,-0.01,-0.61,0.6,-0.36,-1.643478260869564,28.00199158642692,57.01,-55.8,112.81,-3.48,-6.284347826086954,34.10647177004374,51.56,-64.28,115.84,0.5,-3.0269565217391317,18.929127731616212,42.61,-34.89,77.5,-8.86,1.0313043478260868,0.14771915453522197,1.26,0.66,0.6,1.03,1.26,1.0313043478260868,0.14771915453522197,0.6,0.66,0.8636363636363636,64.28,37.003043478260864,1.17,0.9482608695652175,-0.24,-0.33,-0.09000000000000002,-0.94,-1.17,-0.22999999999999998,-0.13,-0.17,-0.04000000000000001,-8.56,47.2,55.760000000000005,-16.62,51.56,68.18,-14.91,16.27,31.18,normal_456.csv,0,normal
23,4.3999998569488525,0.11000000000000001,0.17296873075264735,0.5,-0.14,0.64,0.08,-0.8865217391304349,0.2089499438894,-0.31,-1.31,1.0,-0.84,-0.4856521739130435,0.1630344661540933,-0.25,-0.79,0.54,-0.45,2.2595652173913043,26.700820804247822,47.74,-54.64,102.38,1.18,-2.574782608695651,38.814830913121725,91.36,-65.56,156.92000000000002,-6.43,0.05608695652173803,25.650289337218087,67.27,-33.16,100.42999999999999,-7.7,1.038695652173913,0.2226759640828735,1.56,0.48,1.08,1.03,1.56,1.038695652173913,0.2226759640828735,1.08,0.48,0.7272727272727273,91.36,40.863913043478256,1.31,0.8891304347826087,0.16,0.3,0.13999999999999999,-0.94,-0.8,0.1399999999999999,-0.31,-0.32,-0.010000000000000009,26.73,47.74,21.01,-9.45,2.67,12.12,21.15,3.02,-18.13,normal_457.csv,0,normal
23,4.409999847412109,0.1634782608695652,0.1589627942648037,0.41,-0.14,0.55,0.16,-0.7539130434782608,0.2684761565582989,-0.26,-1.39,1.13,-0.76,-0.6034782608695651,0.22465344413223293,-0.17,-1.1,0.93,-0.64,5.211739130434782,33.74810077513776,66.96,-88.53,155.49,0.84,4.432608695652169,70.04859308284054,118.82,-157.46,276.28,6.01,0.8317391304347833,40.35189210976289,57.71,-96.34,154.05,3.05,1.0169565217391305,0.2611066445763057,1.55,0.58,0.9700000000000001,1.01,1.55,1.0169565217391305,0.2611066445763057,0.9700000000000001,0.58,0.8181818181818182,157.46,55.69217391304347,1.39,0.821304347826087,0.33,0.41,0.07999999999999996,-0.79,-0.85,-0.05999999999999994,-0.46,-0.73,-0.26999999999999996,-22.79,21.73,44.519999999999996,23.08,-61.6,-84.68,-0.02,-32.82,-32.8,normal_458.csv,0,normal
23,4.400000095367432,0.15478260869565216,0.16938041008380547,0.46,-0.12,0.5800000000000001,0.12,-0.7417391304347827,0.18717158326259806,-0.21,-1.03,0.8200000000000001,-0.76,-0.5695652173913044,0.14146886136241385,-0.34,-0.8,0.46,-0.54,11.170434782608694,23.57977127621757,50.31,-28.4,78.71000000000001,15.48,5.446521739130435,29.209718433907273,62.11,-48.8,110.91,15.86,-1.1417391304347821,30.41263846916486,62.37,-84.56,146.93,2.76,0.9708695652173912,0.1980797140611063,1.2,0.41,0.79,1.02,1.2,0.9708695652173912,0.1980797140611063,0.79,0.41,1.0,84.56,35.315652173913044,1.03,0.7547826086956522,0.01,0.45,0.44,-0.78,-0.82,-0.039999999999999925,-0.4,-0.75,-0.35,-4.9,26.59,31.490000000000002,-18.23,21.75,39.980000000000004,-4.17,23.44,27.61,normal_459.csv,0,normal
22,4.190000057220459,0.1481818181818182,0.18014904843956198,0.46,-0.14,0.6000000000000001,0.14,-0.7759090909090911,0.23267920059517652,-0.44,-1.51,1.07,-0.765,-0.7113636363636364,0.20967765406623237,-0.3,-1.26,0.96,-0.715,-6.874545454545454,36.47532143234757,41.22,-93.75,134.97,3.4,-14.377272727272727,79.17285544823326,86.39,-151.78,238.17000000000002,12.795,-3.7227272727272736,64.0418565643423,86.82,-146.18,233.0,4.845000000000001,1.0836363636363637,0.28952416552723614,2.02,0.66,1.3599999999999999,1.045,2.02,1.0836363636363637,0.28952416552723614,1.3599999999999999,0.66,0.8095238095238095,151.78,76.51681818181818,1.51,0.8218181818181818,0.38,0.3,-0.08000000000000002,-0.73,-0.82,-0.08999999999999997,-0.61,-0.57,0.040000000000000036,26.44,33.77,7.330000000000002,27.62,11.84,-15.780000000000001,41.3,7.49,-33.809999999999995,normal_460.csv,0,normal
21,4.009999990463257,0.11285714285714286,0.29354970374951594,0.46,-0.37,0.8300000000000001,0.21,-0.6571428571428573,0.1516292470845535,-0.33,-1.03,0.7,-0.67,-0.6828571428571428,0.1826784841502375,-0.15,-1.0,0.85,-0.69,8.719047619047618,32.07081569040019,68.33,-61.56,129.89,14.78,-4.8066666666666675,85.60191506814164,136.16,-110.66,246.82,-28.72,-8.631904761904762,76.55604800530443,124.23,-87.76,211.99,-30.82,1.0104761904761905,0.17327654747472868,1.43,0.67,0.7599999999999999,1.0,1.43,1.0104761904761905,0.17327654747472868,0.7599999999999999,0.67,0.6,136.16,85.50142857142858,1.03,0.7519047619047617,0.33,0.34,0.010000000000000009,-0.71,-0.76,-0.050000000000000044,-0.58,-0.56,0.019999999999999907,14.78,37.33,22.549999999999997,20.66,-26.11,-46.769999999999996,-5.34,-30.82,-25.48,normal_461.csv,0,normal
24,4.599999904632568,0.1695833333333333,0.2972113750334522,0.65,-0.35,1.0,0.235,-0.71125,0.24776062255119663,-0.42,-1.44,1.02,-0.64,-0.6716666666666667,0.18270114981829627,-0.26,-1.06,0.8,-0.69,5.732083333333333,31.789260010147352,106.63,-36.64,143.26999999999998,2.6,3.606249999999998,68.02466354597777,97.69,-151.89,249.57999999999998,22.43,-1.3033333333333321,68.15826822577164,102.9,-125.11,228.01,24.18,1.0470833333333334,0.2620401424054796,1.75,0.63,1.12,0.985,1.75,1.0470833333333334,0.2620401424054796,1.12,0.63,0.2608695652173913,151.89,69.05416666666666,1.44,0.7825000000000001,0.29,0.32,0.030000000000000027,-0.82,-1.3,-0.4800000000000001,-0.26,-1.06,-0.8,10.89,-14.33,-25.22,25.4,5.9,-19.5,35.22,-62.18,-97.4,normal_462.csv,0,normal
21,4.009999990463257,0.1680952380952381,0.2504918970270106,0.51,-0.28,0.79,0.2,-0.7761904761904762,0.13070869100699428,-0.4,-1.04,0.64,-0.76,-0.6614285714285715,0.1448546069093322,-0.37,-0.93,0.56,-0.68,0.7223809523809515,28.217449371756103,37.97,-66.98,104.95,9.52,-0.3614285714285648,104.30494179499428,145.53,-141.04,286.57,-7.1,3.234761904761903,73.06707751231383,104.81,-124.62,229.43,-0.07,1.068095238095238,0.16197589473804577,1.37,0.72,0.6500000000000001,1.07,1.37,1.068095238095238,0.16197589473804577,0.6500000000000001,0.72,0.6,145.53,95.80809523809523,1.04,0.7938095238095239,0.22,0.37,0.15,-0.72,-0.76,-0.040000000000000036,-0.4,-0.68,-0.28,37.97,36.33,-1.6400000000000006,-85.12,-117.12,-32.0,-53.36,-41.19,12.170000000000002,normal_463.csv,0,normal
24,4.6000001430511475,0.08375,0.25532268585663026,0.45,-0.46,0.91,0.14,-0.8170833333333333,0.1600673544824631,-0.61,-1.1,0.4900000000000001,-0.77,-0.6966666666666667,0.16188204687811825,-0.45,-1.24,0.79,-0.66,-3.68,20.886801116244804,41.62,-34.56,76.18,-2.855,4.017916666666666,91.2577244844496,125.96,-153.67,279.63,25.945,3.2445833333333347,68.95634144809162,98.95,-129.98,228.93,0.6150000000000002,1.1145833333333333,0.17472908636855058,1.6,0.89,0.7100000000000001,1.065,1.6,1.1145833333333333,0.17472908636855058,0.7100000000000001,0.89,0.391304347826087,153.67,85.44583333333333,1.24,0.8429166666666666,0.21,-0.09,-0.3,-0.95,-1.08,-0.13000000000000012,-0.53,-0.61,-0.07999999999999996,14.13,41.62,27.489999999999995,90.31,51.24,-39.07,54.66,65.95,11.290000000000006,normal_464.csv,0,normal
25,4.799999952316284,0.03119999999999999,0.21123288885335384,0.43,-0.36,0.79,-0.01,-0.8136,0.24048354067031974,-0.39,-1.3,0.91,-0.81,-0.7239999999999999,0.23395156193822114,-0.44,-1.33,0.8900000000000001,-0.69,-4.001200000000001,25.33702714079403,37.23,-79.97,117.19999999999999,-1.41,-62.8428,60.86400458672871,114.24,-136.67,250.90999999999997,-72.47,-42.66,46.14403437426483,76.68,-84.06,160.74,-64.05,1.1164,0.3094872102903985,1.78,0.64,1.1400000000000001,1.06,1.78,1.1164,0.3094872102903985,1.1400000000000001,0.64,0.25,136.67,83.61039999999998,1.33,0.8523999999999999,-0.01,-0.14,-0.13,-0.83,-0.8,0.029999999999999916,-0.44,-0.72,-0.27999999999999997,8.27,36.88,28.610000000000003,-36.1,114.24,150.34,-26.66,76.68,103.34,normal_465.csv,0,normal
25,4.800000190734863,0.031599999999999996,0.1484273110538174,0.34,-0.31,0.65,0.01,-0.7931999999999999,0.08264986388373545,-0.53,-0.95,0.41999999999999993,-0.79,-0.616,0.07291547618075785,-0.51,-0.78,0.27,-0.6,-5.1256,16.782850641850647,24.95,-63.43,88.38,-4.04,9.73,70.64774819482925,147.54,-96.09,243.63,-14.34,6.0536,45.856511522356335,95.44,-80.05,175.49,9.91,1.0171999999999999,0.07992287949433921,1.23,0.8,0.42999999999999994,1.02,1.23,1.0171999999999999,0.07992287949433921,0.42999999999999994,0.8,0.75,147.54,61.18999999999999,0.95,0.7959999999999999,-0.02,-0.04,-0.02,-0.8,-0.79,0.010000000000000009,-0.55,-0.6,-0.04999999999999993,0.12,3.31,3.19,-35.74,-14.34,21.400000000000002,-25.97,9.91,35.879999999999995,normal_466.csv,0,normal
24,4.599999904632568,0.065,0.23418684476475096,0.61,-0.3,0.9099999999999999,-0.02,-0.7925,0.19700474503223872,-0.47,-1.37,0.9000000000000001,-0.815,-0.6695833333333333,0.1790185602878546,-0.42,-1.29,0.8700000000000001,-0.635,-2.018750000000001,33.538294700432274,83.44,-68.9,152.34,-7.11,-13.2675,68.1604169364927,78.08,-189.25,267.33,-3.2849999999999997,-10.517083333333334,46.06136006592932,39.34,-133.63,172.97,-4.935,1.0708333333333333,0.24027007750639184,1.9,0.7,1.2,1.08,1.9,1.0708333333333333,0.24027007750639184,1.2,0.7,0.43478260869565216,189.25,57.54749999999999,1.37,0.8208333333333334,0.06,0.44,0.38,-0.87,-0.67,0.19999999999999996,-0.54,-0.63,-0.08999999999999997,-3.58,-0.27,3.31,48.54,12.71,-35.83,23.08,-6.46,-29.54,normal_467.csv,0,normal
25,4.800000190734863,0.0176,0.22520879201310057,0.44,-0.38,0.8200000000000001,0.08,-0.7108000000000001,0.1861880769544602,-0.17,-1.08,0.91,-0.73,-0.7356,0.14728317396543752,-0.46,-1.13,0.6699999999999999,-0.73,7.2139999999999995,25.163761642488986,81.63,-32.6,114.22999999999999,3.81,10.6384,42.73109188869388,95.04,-53.63,148.67000000000002,-0.76,13.099199999999998,45.23318425300905,129.14,-79.94,209.07999999999998,4.21,1.0576,0.18244359859054157,1.46,0.52,0.94,1.06,1.46,1.0576,0.18244359859054157,0.94,0.52,0.20833333333333334,129.14,47.7008,1.13,0.8059999999999999,0.11,0.16,0.05,-0.73,-0.17,0.5599999999999999,-0.58,-0.46,0.11999999999999994,14.83,13.34,-1.4900000000000002,-53.63,-32.37,21.260000000000005,-61.37,-10.16,51.209999999999994,normal_468.csv,0,normal
24,4.590000152587891,-0.039999999999999994,0.15125561434064264,0.24,-0.29,0.53,-0.035,-0.7858333333333333,0.14643344434653038,-0.37,-1.1,0.7300000000000001,-0.77,-0.6275000000000001,0.11647914536236872,-0.31,-0.86,0.55,-0.62,1.4554166666666664,24.871320829799945,56.34,-44.99,101.33000000000001,-4.53,1.6229166666666661,64.48731998578694,98.47,-145.5,243.97,-2.0149999999999997,4.194583333333334,50.67067533543712,81.93,-114.72,196.65,16.345,1.0241666666666667,0.14120341991999147,1.26,0.68,0.58,1.03,1.26,1.0241666666666667,0.14120341991999147,0.58,0.68,0.13043478260869565,145.5,58.53375,1.1,0.8045833333333333,0.05,-0.2,-0.25,-0.73,-0.78,-0.050000000000000044,-0.58,-0.6,-0.020000000000000018,-5.79,-7.61,-1.8200000000000003,-6.24,6.79,13.030000000000001,-21.01,-27.01,-6.0,normal_469.csv,0,normal
25,4.7799999713897705,-0.007199999999999997,0.15396211655252515,0.28,-0.42,0.7,0.02,-0.7652,0.25739269608906934,-0.23,-1.29,1.06,-0.76,-0.6704000000000001,0.20815619135639468,-0.29,-1.05,0.76,-0.64,-0.8947999999999999,19.843689198332047,42.45,-35.05,77.5,-4.11,-0.857600000000001,60.31938530853908,102.99,-103.54,206.53,-2.23,8.6648,44.84804400417035,101.86,-89.56,191.42000000000002,7.08,1.0499999999999998,0.25806975801127874,1.67,0.5,1.17,1.02,1.67,1.0499999999999998,0.25806975801127874,1.17,0.5,0.5833333333333334,103.54,55.0176,1.29,0.8488,-0.16,0.06,0.22,-0.84,-0.86,-0.020000000000000018,-0.29,-0.55,-0.26000000000000006,-13.12,24.04,37.16,-54.04,64.44,118.47999999999999,-25.66,58.53,84.19,normal_470.csv,0,normal
23,4.400000095367432,-0.030869565217391308,0.13931367626782704,0.23,-0.34,0.5700000000000001,-0.06,-0.7595652173913044,0.19051314106117734,-0.35,-1.06,0.7100000000000001,-0.75,-0.67,0.19614465904716163,-0.21,-1.02,0.81,-0.71,1.3904347826086967,25.052799059415744,39.3,-68.74,108.03999999999999,0.48,-27.01391304347826,45.21284247756588,27.86,-120.68,148.54000000000002,-15.47,-20.37217391304348,36.45052861027367,41.69,-120.67,162.36,-23.47,1.0391304347826087,0.19090485596657975,1.3,0.55,0.75,1.07,1.3,1.0391304347826087,0.19090485596657975,0.75,0.55,0.36363636363636365,120.68,45.29391304347826,1.06,0.8226086956521739,-0.01,-0.1,-0.09000000000000001,-0.96,-0.8,0.15999999999999992,-0.48,-0.76,-0.28,-13.13,-12.66,0.47000000000000064,-14.14,-14.61,-0.46999999999999886,-11.02,-33.34,-22.320000000000004,normal_471.csv,0,normal
23,4.400000095367432,-0.05608695652173914,0.1299908783665147,0.31,-0.31,0.62,-0.05,-0.8978260869565217,0.21198105665234956,-0.45,-1.28,0.8300000000000001,-0.89,-0.12173913043478264,0.4007340103305098,0.41,-0.98,1.39,0.0,13.253478260869565,25.834737996576987,74.91,-21.73,96.64,9.63,9.813478260869564,37.11873854252246,73.32,-42.45,115.77,3.57,-2.1660869565217387,19.995614232564836,55.28,-34.28,89.56,-4.79,0.9865217391304347,0.25608252745856214,1.61,0.45,1.1600000000000001,0.99,1.61,0.9865217391304347,0.25608252745856214,1.1600000000000001,0.45,0.4090909090909091,74.91,40.16913043478261,1.28,0.8978260869565217,-0.03,-0.05,-0.020000000000000004,-0.87,-0.89,-0.020000000000000018,-0.55,0.25,0.8,-12.03,-2.16,9.87,47.32,1.82,-45.5,25.34,-18.95,-44.29,normal_472.csv,0,normal
24,4.6000001430511475,-0.036666666666666674,0.19048374726210762,0.3,-0.45,0.75,-0.04,-0.9883333333333333,0.20727353627653414,-0.7,-1.44,0.74,-0.95,-0.2791666666666667,0.2378877460277114,0.22,-0.56,0.78,-0.355,-6.019166666666666,20.386404659172648,27.06,-46.16,73.22,-7.52,16.28375,85.77088635542745,131.4,-170.67,302.07,55.21,-3.41625,35.090007844733776,92.58,-84.21,176.79,-2.53,1.0691666666666668,0.21319345504813772,1.52,0.73,0.79,1.03,1.52,1.0691666666666668,0.21319345504813772,0.79,0.73,0.30434782608695654,170.67,79.52916666666665,1.44,0.9883333333333333,-0.02,0.01,0.03,-1.02,-0.93,0.08999999999999997,0.22,-0.33,-0.55,-11.42,-1.69,9.73,56.89,3.51,-53.38,0.55,10.71,10.16,normal_473.csv,0,normal
26,5.0,-0.017692307692307695,0.17293484766946637,0.3,-0.27,0.5700000000000001,0.0,-0.898076923076923,0.1546614167986116,-0.51,-1.09,0.5800000000000001,-0.935,-0.3896153846153846,0.09909513688292758,-0.18,-0.58,0.39999999999999997,-0.38,0.7815384615384615,22.069984266837654,46.4,-41.96,88.36,-3.0700000000000003,-1.6734615384615383,50.4603494987744,100.4,-107.21,207.61,-1.8649999999999998,-1.5334615384615387,23.738268503377864,49.91,-52.66,102.57,-4.13,0.9984615384615384,0.1438802921234818,1.2,0.6,0.6,1.0350000000000001,1.2,0.9984615384615384,0.1438802921234818,0.6,0.6,1.0,107.21,45.99423076923077,1.09,0.898076923076923,-0.0,-0.26,-0.26,-0.98,-1.09,-0.1100000000000001,-0.18,-0.44,-0.26,-3.89,26.82,30.71,-17.53,-28.22,-10.689999999999998,-7.27,-11.45,-4.18,normal_474.csv,0,normal
26,5.009999990463257,0.0996153846153846,0.17907497355534122,0.55,-0.18,0.73,0.065,-0.8819230769230769,0.1369969118124706,-0.62,-1.24,0.62,-0.865,-0.48615384615384616,0.13547182505825844,-0.26,-0.76,0.5,-0.485,3.386538461538461,31.140881675676134,82.08,-104.03,186.11,-0.6900000000000001,-1.611538461538461,48.699652868767565,98.79,-66.86,165.65,-10.030000000000001,-1.9192307692307697,21.988346354026156,40.01,-44.76,84.77,-1.395,1.036923076923077,0.12830492526070011,1.42,0.79,0.6299999999999999,1.0150000000000001,1.42,1.036923076923077,0.12830492526070011,0.6299999999999999,0.79,0.44,104.03,49.47038461538462,1.24,0.8869230769230769,0.07,-0.06,-0.13,-0.86,-0.91,-0.050000000000000044,-0.35,-0.42,-0.07,-2.1,-10.61,-8.51,-18.22,24.32,42.54,-26.1,9.92,36.02,normal_475.csv,0,normal
24,4.5,-0.014583333333333337,0.1261117229549524,0.27,-0.2,0.47000000000000003,-0.04,-0.8691666666666666,0.15797403932750873,-0.43,-1.14,0.71,-0.875,-0.4875,0.1552347451022371,-0.16,-0.83,0.6699999999999999,-0.46,-5.976666666666667,32.18261881238362,49.26,-71.35,120.60999999999999,-4.725,-19.082916666666666,35.22022201731948,46.89,-75.22,122.11,-19.564999999999998,-10.042916666666667,20.15855940314548,34.82,-43.48,78.3,-13.735,1.0158333333333334,0.15603557751126942,1.32,0.6,0.7200000000000001,1.0150000000000001,1.32,1.0158333333333334,0.15603557751126942,0.7200000000000001,0.6,0.391304347826087,75.22,43.73375000000001,1.14,0.8704166666666667,-0.08,0.24,0.32,-0.95,-0.91,0.039999999999999925,-0.42,-0.42,0.0,-4.13,-4.92,-0.79,-39.59,7.95,47.540000000000006,-22.34,-5.36,16.98,normal_476.csv,0,normal
24,4.599999904632568,0.06708333333333334,0.22662896638734664,0.36,-0.38,0.74,0.07500000000000001,-0.8804166666666667,0.12001735985542536,-0.65,-1.09,0.44000000000000006,-0.88,-0.49000000000000005,0.15720382781046036,-0.1,-0.69,0.59,-0.54,-3.61875,42.13581171407937,102.95,-74.63,177.57999999999998,-8.1,20.19875,43.92895077008862,122.53,-36.98,159.51,5.1,12.417500000000002,28.73642322150092,57.0,-46.21,103.21000000000001,8.585,1.0470833333333334,0.10560299595003536,1.22,0.87,0.35,1.04,1.22,1.0470833333333334,0.10560299595003536,0.35,0.87,0.391304347826087,122.53,52.55708333333333,1.09,0.8804166666666667,0.24,-0.11,-0.35,-0.9,-0.92,-0.020000000000000018,-0.46,-0.32,0.14,-7.31,-8.89,-1.580000000000001,2.52,28.18,25.66,7.24,8.66,1.42,normal_477.csv,0,normal
25,4.789999961853027,0.0836,0.12382379954327573,0.37,-0.17,0.54,0.07,-0.9323999999999999,0.10485227703774488,-0.68,-1.1,0.42000000000000004,-0.93,-0.3652,0.11572668951744305,-0.16,-0.62,0.45999999999999996,-0.38,-0.7988,24.017257219202474,48.36,-45.23,93.59,-1.3,-28.5576,32.3229739349584,43.9,-92.34,136.24,-28.02,-10.1364,17.298019366389898,18.66,-62.83,81.49,-9.48,1.0188000000000001,0.10365487607118797,1.19,0.8,0.3899999999999999,1.03,1.19,1.0188000000000001,0.10365487607118797,0.3899999999999999,0.8,0.8333333333333334,92.34,39.498000000000005,1.1,0.9323999999999999,-0.07,0.24,0.31,-0.93,-0.91,0.020000000000000018,-0.21,-0.46,-0.25,-4.64,-21.58,-16.939999999999998,-28.02,2.03,30.05,-15.05,-1.66,13.39,normal_478.csv,0,normal
22,4.199999809265137,0.010909090909090906,0.1725138804880319,0.3,-0.27,0.5700000000000001,-0.035,-0.965,0.09816167422020818,-0.81,-1.24,0.42999999999999994,-0.955,-0.4809090909090909,0.1999978354861227,-0.06,-0.88,0.8200000000000001,-0.45999999999999996,-2.6468181818181815,39.137460728195975,66.24,-87.73,153.97,-2.3600000000000003,20.088636363636354,75.89603881347008,167.95,-104.6,272.54999999999995,24.495,11.232727272727272,38.976028430405684,83.63,-69.82,153.45,11.870000000000001,1.1045454545454545,0.13903501692284548,1.53,0.88,0.65,1.105,1.53,1.1045454545454545,0.13903501692284548,0.65,0.88,0.7142857142857143,167.95,68.7490909090909,1.24,0.9654545454545453,0.15,-0.05,-0.2,-0.89,-1.01,-0.12,-0.42,-0.53,-0.11000000000000004,22.34,14.31,-8.03,51.17,23.19,-27.98,36.5,12.92,-23.58,normal_479.csv,0,normal
23,4.3999998569488525,0.17,0.149453550096221,0.5,-0.03,0.53,0.1,-0.8734782608695653,0.14137663094958844,-0.65,-1.24,0.59,-0.89,-0.3965217391304348,0.13251444846273708,-0.07,-0.67,0.6000000000000001,-0.39,6.7404347826086966,28.995746941775142,51.43,-85.08,136.51,9.34,-17.265217391304343,56.72922325875353,71.93,-139.27,211.20000000000002,-14.91,-8.080434782608695,30.831709544537674,47.76,-74.4,122.16,-5.16,0.9934782608695655,0.13716641172651872,1.38,0.67,0.7099999999999999,1.01,1.38,0.9934782608695655,0.13716641172651872,0.7099999999999999,0.67,0.7272727272727273,139.27,52.14304347826088,1.24,0.8734782608695653,0.09,0.36,0.27,-0.94,-0.9,0.039999999999999925,-0.35,-0.4,-0.050000000000000044,1.37,-11.56,-12.93,-38.03,-5.76,32.27,-15.91,-5.16,10.75,normal_480.csv,0,normal
23,4.400000095367432,0.060434782608695656,0.16184948846689645,0.41,-0.16,0.57,0.01,-0.966086956521739,0.19694805799856752,-0.59,-1.42,0.83,-0.96,-0.3691304347826087,0.18833994998112663,-0.01,-0.91,0.9,-0.36,-8.074347826086957,15.474278313642392,19.78,-51.24,71.02000000000001,-4.81,8.93086956521739,76.01661139711763,107.56,-148.82,256.38,23.41,4.310869565217391,35.78430393762599,68.83,-63.51,132.34,13.05,1.0617391304347825,0.21393822757373515,1.69,0.66,1.0299999999999998,1.02,1.69,1.0617391304347825,0.21393822757373515,1.0299999999999998,0.66,0.6818181818181818,148.82,65.16173913043477,1.42,0.966086956521739,0.33,0.01,-0.32,-0.82,-0.96,-0.14,-0.44,-0.34,0.09999999999999998,-27.64,7.06,34.7,90.79,23.41,-67.38000000000001,44.51,13.05,-31.459999999999997,normal_481.csv,0,normal
25,4.799999952316284,0.0696,0.17572421574728966,0.43,-0.27,0.7,0.05,-0.9083999999999999,0.10530432089900206,-0.63,-1.04,0.41000000000000003,-0.9,-0.45159999999999995,0.1589989517785154,-0.16,-0.91,0.75,-0.44,5.833599999999999,29.55208549888372,69.58,-46.63,116.21000000000001,4.31,-17.3756,48.09375826445673,45.85,-87.1,132.95,-33.31,-5.331600000000001,24.99421294353288,48.7,-55.84,104.54,-1.82,1.0415999999999999,0.11974556359214314,1.38,0.82,0.5599999999999999,0.99,1.38,1.0415999999999999,0.11974556359214314,0.5599999999999999,0.82,0.6666666666666666,87.1,50.694,1.04,0.9083999999999999,0.05,0.31,0.26,-0.94,-0.99,-0.050000000000000044,-0.16,-0.44,-0.28,9.35,47.57,38.22,-61.34,36.16,97.5,-37.07,0.86,37.93,normal_482.csv,0,normal
23,4.400000095367432,-0.12478260869565216,0.29679912958120025,0.36,-0.67,1.03,-0.03,-0.905217391304348,0.14025527263520715,-0.72,-1.29,0.5700000000000001,-0.87,-0.3869565217391305,0.19485273652891386,-0.1,-0.8,0.7000000000000001,-0.42,-6.239130434782608,25.05986848130683,56.18,-45.11,101.28999999999999,-12.8,2.8056521739130447,59.018224983789146,115.02,-77.53,192.55,-15.34,5.963913043478258,43.64008506982068,86.36,-68.5,154.86,-5.12,1.0526086956521739,0.12015964347878458,1.34,0.88,0.4600000000000001,1.03,1.34,1.0526086956521739,0.12015964347878458,0.4600000000000001,0.88,0.6363636363636364,115.02,57.21695652173912,1.29,0.9082608695652175,0.09,0.25,0.16,-0.96,-0.87,0.08999999999999997,-0.45,-0.43,0.020000000000000018,-45.11,-19.79,25.32,-22.5,-37.82,-15.32,-5.12,-58.32,-53.2,normal_483.csv,0,normal
21,3.950000047683716,0.08857142857142858,0.28780697896829593,0.56,-0.46,1.02,0.16,-0.9204761904761904,0.15393102970084332,-0.74,-1.34,0.6000000000000001,-0.86,-0.5095238095238096,0.23711761196663966,-0.25,-1.01,0.76,-0.46,-7.812380952380953,40.27844447154854,34.16,-127.35,161.51,0.47,8.643809523809521,59.05002298697186,135.16,-70.71,205.87,-3.89,-1.029523809523809,33.728437923537236,55.6,-50.44,106.03999999999999,-2.37,1.1066666666666667,0.21638699899331598,1.72,0.86,0.86,1.03,1.72,1.1066666666666667,0.21638699899331598,0.86,0.86,0.95,135.16,60.43380952380952,1.34,0.9247619047619047,0.23,0.16,-0.07,-0.96,-0.81,0.1499999999999999,-0.27,-0.57,-0.29999999999999993,0.47,-54.92,-55.39,-21.2,-3.89,17.31,-7.37,-44.24,-36.870000000000005,normal_484.csv,0,normal
17,3.1999998092651367,-0.13999999999999999,0.2894822965226026,0.3,-0.62,0.9199999999999999,-0.22,-0.8329411764705882,0.22292837150871894,-0.56,-1.53,0.97,-0.81,-0.37117647058823533,0.250221960290788,0.0,-0.94,0.94,-0.32,8.697647058823529,15.733244074813275,45.05,-20.38,65.42999999999999,8.19,9.462941176470588,51.25503935769461,88.21,-74.57,162.77999999999997,13.05,-1.668235294117645,39.808341656506826,81.98,-45.28,127.26,-18.44,0.9852941176470589,0.2614650465898555,1.9,0.7,1.2,0.94,1.9,0.9852941176470589,0.2614650465898555,1.2,0.7,0.625,88.21,50.63,1.53,0.84,0.27,0.28,0.010000000000000009,-0.83,-0.78,0.04999999999999993,-0.35,-0.58,-0.22999999999999998,15.78,-20.38,-36.16,58.53,-44.05,-102.58,81.98,-31.95,-113.93,normal_485.csv,0,normal
29,5.599999904632568,-0.03344827586206896,0.14558443456017847,0.39,-0.27,0.66,-0.06,-0.7548275862068965,0.21311667980667928,-0.29,-1.09,0.8,-0.8,-0.4810344827586207,0.36427368858736464,0.2,-1.11,1.31,-0.4,7.742068965517241,42.60704321213557,115.21,-58.8,174.01,0.71,32.50827586206896,31.07027162842384,102.36,-8.49,110.85,27.93,10.859655172413794,23.23138002215947,65.34,-31.22,96.56,13.14,0.9851724137931034,0.1544950459135265,1.28,0.59,0.6900000000000001,0.99,1.28,0.9851724137931034,0.1544950459135265,0.6900000000000001,0.59,0.8214285714285714,115.21,55.71862068965517,1.11,0.8789655172413794,-0.12,0.05,0.16999999999999998,-0.76,-0.95,-0.18999999999999995,-0.38,0.05,0.43,-1.5,16.73,18.23,27.93,4.77,-23.16,-10.96,-4.51,6.450000000000001,normal_486.csv,0,normal
23,4.4100000858306885,0.07521739130434783,0.08089665490428859,0.2,-0.08,0.28,0.09,-0.8613043478260869,0.13847560821728225,-0.56,-1.12,0.56,-0.89,-0.02347826086956523,0.4798258083139242,0.72,-0.81,1.53,0.08,-1.894782608695649,44.709756599403065,77.42,-72.01,149.43,7.64,2.3086956521739124,11.847300921747314,25.11,-23.01,48.120000000000005,0.5,-0.1217391304347824,8.58013013896532,15.59,-13.79,29.38,1.25,0.9943478260869564,0.07378260986022764,1.15,0.9,0.2499999999999999,0.97,1.15,0.9943478260869564,0.07378260986022764,0.2499999999999999,0.9,0.5,77.42,38.575217391304356,1.12,0.8743478260869565,0.09,0.07,-0.01999999999999999,-0.96,-0.97,-0.010000000000000009,0.29,0.18,-0.10999999999999999,8.66,-16.2,-24.86,18.06,23.74,5.68,-2.02,2.79,4.8100000000000005,normal_487.csv,0,normal
27,5.210000038146973,-0.04148148148148149,0.1694267189832026,0.35,-0.33,0.6799999999999999,-0.07,-0.9692592592592594,0.18528410463447595,-0.54,-1.33,0.79,-0.98,-0.07037037037037037,0.16173295847646474,0.42,-0.36,0.78,-0.1,-3.8496296296296295,32.068610159310886,82.82,-39.97,122.78999999999999,-4.53,12.713333333333333,37.27310517290945,84.15,-56.95,141.10000000000002,15.31,-0.29962962962962947,22.750273283478037,57.41,-44.69,102.1,-3.45,0.9981481481481482,0.18728910266539264,1.35,0.6,0.7500000000000001,0.99,1.35,0.9981481481481482,0.18728910266539264,0.7500000000000001,0.6,0.8076923076923077,84.15,43.037777777777784,1.33,0.9692592592592594,0.15,0.01,-0.13999999999999999,-0.92,-0.85,0.07000000000000006,0.16,-0.2,-0.36,-15.79,-1.78,14.01,19.65,-48.94,-68.59,17.95,-3.87,-21.82,normal_488.csv,0,normal
26,4.96999979019165,-0.04230769230769231,0.19314880672285173,0.37,-0.49,0.86,-0.01,-0.948076923076923,0.17785430510997996,-0.6,-1.29,0.6900000000000001,-0.925,-0.2296153846153846,0.1143846412498031,-0.04,-0.43,0.39,-0.215,-1.9407692307692308,13.995796204025527,20.43,-25.32,45.75,-2.73,36.79153846153846,34.43126122491683,87.34,-44.56,131.9,47.545,8.898076923076921,28.5507075946262,104.02,-33.67,137.69,5.67,1.0023076923076923,0.16714802283742858,1.34,0.72,0.6200000000000001,0.965,1.34,1.0023076923076923,0.16714802283742858,0.6200000000000001,0.72,0.76,104.02,46.61576923076924,1.29,0.948076923076923,0.02,-0.21,-0.22999999999999998,-0.92,-0.87,0.050000000000000044,-0.19,-0.3,-0.10999999999999999,-12.82,2.03,14.85,42.65,83.56,40.910000000000004,-15.83,12.41,28.240000000000002,normal_489.csv,0,normal
25,4.800000190734863,-0.08120000000000001,0.16621572328352896,0.21,-0.44,0.65,-0.04,-0.9823999999999999,0.15081114017207087,-0.7,-1.36,0.6600000000000001,-0.99,-0.3484,0.13795168236258182,-0.12,-0.59,0.47,-0.31,-8.499600000000001,17.46819979276628,17.21,-63.3,80.50999999999999,-6.38,-27.0248,40.71411990124966,36.56,-98.44,135.0,-30.79,-8.2936,21.13557188722368,58.02,-38.61,96.63,-10.05,1.0656,0.1519067696538461,1.5,0.8,0.7,1.05,1.5,1.0656,0.1519067696538461,0.7,0.8,0.75,98.44,45.123200000000004,1.36,0.9823999999999999,-0.26,-0.14,0.12,-0.91,-0.74,0.17000000000000004,-0.22,-0.27,-0.05000000000000002,-9.03,13.51,22.54,-42.66,14.9,57.559999999999995,0.34,-8.62,-8.959999999999999,normal_490.csv,0,normal
25,4.799999952316284,-0.0672,0.13365128756082625,0.17,-0.29,0.45999999999999996,-0.05,-0.9308000000000001,0.1577688182119648,-0.64,-1.39,0.7499999999999999,-0.95,-0.332,0.2511141838553397,0.12,-0.78,0.9,-0.3,0.5699999999999998,30.636933457294102,57.05,-66.44,123.49,6.03,-13.1832,48.77485722856262,57.14,-144.73,201.87,-0.51,0.9876000000000001,13.142007799419385,25.53,-18.8,44.33,-0.87,1.0316,0.13356271934937533,1.47,0.78,0.69,1.05,1.47,1.0316,0.13356271934937533,0.69,0.78,0.8333333333333334,144.73,44.452000000000005,1.39,0.9384,0.14,-0.25,-0.39,-0.98,-0.92,0.05999999999999994,-0.36,0.12,0.48,2.45,16.24,13.79,57.14,25.7,-31.44,-0.87,13.24,14.11,normal_491.csv,0,normal
25,4.799999952316284,-0.0868,0.20059744099398014,0.14,-0.79,0.93,-0.08,-0.5092,0.4327616742118769,0.05,-1.0,1.05,-0.54,0.524,0.4372356344123841,1.04,-0.15,1.19,0.7,12.5492,27.579617763848724,70.43,-51.93,122.36000000000001,10.86,-3.0296000000000003,18.32995987447872,26.04,-63.98,90.02,0.0,-5.978400000000001,12.491784193354178,13.91,-38.96,52.870000000000005,-2.27,0.9676,0.09618904996585285,1.32,0.75,0.5700000000000001,0.96,1.32,0.9676,0.09618904996585285,0.5700000000000001,0.75,1.0,70.43,27.734399999999997,1.04,0.9139999999999999,-0.31,-0.79,-0.48000000000000004,-1.0,-0.19,0.81,0.01,1.04,1.03,-15.53,-0.66,14.87,9.02,12.29,3.2699999999999996,-0.25,4.27,4.52,normal_492.csv,0,normal
17,3.2200000286102295,-0.20411764705882354,0.005072996561958914,-0.2,-0.21,0.009999999999999981,-0.2,-0.0823529411764706,0.010914103126634982,-0.05,-0.09,0.039999999999999994,-0.09,0.91,0.007905694150420955,0.92,0.89,0.030000000000000027,0.91,-2.281764705882353,3.197225819546763,4.74,-12.54,17.28,-1.93,-1.2141176470588235,1.1845255317189738,2.78,-3.16,5.9399999999999995,-1.31,-0.38117647058823534,1.1399883900337604,2.85,-3.37,6.220000000000001,-0.34,0.9358823529411764,0.008702602720890252,0.95,0.91,0.039999999999999925,0.94,0.95,0.9358823529411764,0.008702602720890252,0.039999999999999925,0.91,0.1875,12.54,2.868235294117647,0.92,0.91,-0.21,-0.21,0.0,-0.05,-0.09,-0.039999999999999994,0.92,0.91,-0.010000000000000009,4.74,-1.49,-6.23,2.78,-1.31,-4.09,2.85,-0.24,-3.09,normal_493.csv,0,normal
25,4.800000190734863,0.5055999999999999,0.488262907322138,1.02,-0.26,1.28,0.81,-0.29359999999999997,0.1322207749687368,-0.06,-0.52,0.46,-0.33,0.43439999999999995,0.45048196412287145,0.98,-0.16,1.14,0.34,-9.675600000000001,15.878500422479027,11.2,-48.95,60.150000000000006,-2.01,-18.488400000000002,23.329617742260584,7.89,-70.74,78.63,-9.5,0.2608,9.742550538744974,17.7,-29.77,47.47,-0.66,0.9860000000000001,0.05484827557301443,1.13,0.9,0.22999999999999987,0.99,1.13,0.9860000000000001,0.05484827557301443,0.22999999999999987,0.9,0.7916666666666666,70.74,24.0676,1.02,0.898,-0.26,0.93,1.19,-0.06,-0.34,-0.28,0.93,0.0,-0.93,2.66,-0.84,-3.5,5.71,1.0,-4.71,7.14,-0.85,-7.989999999999999,normal_494.csv,0,normal
27,5.190000057220459,-0.013333333333333338,0.8335374109088418,0.96,-1.05,2.01,0.05,-0.1837037037037037,0.17079335575592622,0.08,-0.39,0.47000000000000003,-0.27,0.26333333333333336,0.4067412710046296,0.95,-0.27,1.22,0.06,2.204074074074074,11.742225663508751,28.47,-22.59,51.06,0.69,31.772962962962964,32.307820179166285,107.27,-3.16,110.42999999999999,24.4,2.642222222222222,10.659513025871206,29.56,-22.0,51.56,-0.44,0.977037037037037,0.05475925034709204,1.07,0.86,0.21000000000000008,0.99,1.07,0.977037037037037,0.05475925034709204,0.21000000000000008,0.86,0.6538461538461539,107.27,32.70481481481481,1.05,0.9092592592592594,0.91,-0.98,-1.8900000000000001,-0.32,0.04,0.36,0.01,-0.27,-0.28,0.46,2.34,1.88,-0.66,6.31,6.97,-0.24,-1.56,-1.32,normal_495.csv,0,normal
26,5.0,-0.3634615384615385,0.3539032897014924,0.15,-1.05,1.2,-0.22,-0.08153846153846155,0.09878025339883707,0.09,-0.24,0.32999999999999996,-0.11,0.7719230769230769,0.3787349387713706,1.5,-0.13,1.63,0.89,-0.9669230769230766,12.78282778393913,22.0,-30.22,52.22,-3.21,-15.379999999999999,39.218321636704445,77.37,-95.67,173.04000000000002,-3.5650000000000004,-0.5784615384615378,24.5927413180894,63.82,-79.98,143.8,0.4,0.991923076923077,0.1379280749019352,1.5,0.83,0.67,0.97,1.5,0.991923076923077,0.1379280749019352,0.67,0.83,0.52,95.67,32.54038461538461,1.5,0.9357692307692308,-0.97,-0.22,0.75,0.09,-0.11,-0.2,-0.1,0.91,1.01,4.45,-9.5,-13.95,5.94,2.56,-3.3800000000000003,10.01,-3.44,-13.45,normal_496.csv,0,normal
24,4.6000001430511475,0.027916666666666663,0.14009249015240413,0.18,-0.27,0.45,0.09,-0.7470833333333333,0.3176062529045327,-0.01,-0.96,0.95,-0.925,0.17833333333333334,0.5322361903505253,1.01,-0.38,1.3900000000000001,0.16999999999999998,-20.979166666666668,25.655036274226624,5.33,-85.59,90.92,-14.59,-1.5150000000000003,6.979604448739883,11.22,-15.59,26.810000000000002,-0.7,-3.785,5.408786732072496,5.38,-16.37,21.75,-3.445,0.98625,0.05546738171919251,1.12,0.85,0.27000000000000013,0.995,1.12,0.98625,0.05546738171919251,0.27000000000000013,0.85,0.21739130434782608,85.59,23.039583333333336,1.01,0.9216666666666667,-0.27,0.1,0.37,-0.21,-0.95,-0.74,0.93,-0.38,-1.31,5.33,-3.54,-8.870000000000001,2.05,5.69,3.6400000000000006,5.38,2.93,-2.4499999999999997,normal_497.csv,0,normal
24,4.599999904632568,-0.09041666666666666,0.20833666664000042,0.14,-0.69,0.83,-0.034999999999999996,-0.4841666666666667,0.46976327680214003,0.16,-1.02,1.18,-0.43,0.4466666666666666,0.5186157718779671,1.25,-0.36,1.6099999999999999,0.615,18.36583333333333,27.667196384836345,84.58,-29.44,114.02,16.065,4.302499999999999,13.055727795143001,41.03,-11.03,52.06,1.875,3.014166666666666,6.409416250070412,19.08,-9.35,28.43,2.37,0.9683333333333334,0.12366387355726978,1.28,0.63,0.65,0.965,1.28,0.9683333333333334,0.12366387355726978,0.65,0.63,0.5652173913043478,84.58,25.932500000000005,1.25,0.9170833333333333,0.09,-0.69,-0.7799999999999999,-0.95,0.06,1.01,-0.36,1.02,1.38,9.31,-3.6,-12.91,-1.17,19.78,20.950000000000003,-0.11,0.26,0.37,normal_498.csv,0,normal
24,4.599999904632568,-0.1416666666666667,0.12983824942786604,0.08,-0.3,0.38,-0.185,-0.44166666666666665,0.39104838649419094,-0.02,-1.03,1.01,-0.23500000000000001,0.59375,0.4598375185630908,1.0,-0.29,1.29,0.865,-17.608333333333334,25.7784363317511,16.36,-61.75,78.11,-7.209999999999999,-4.226666666666667,11.315384935205875,27.31,-20.24,47.55,-5.195,-3.2733333333333334,7.09029874066559,8.87,-17.79,26.659999999999997,-1.6549999999999998,0.965,0.0647402838102065,1.17,0.88,0.2899999999999999,0.945,1.17,0.965,0.0647402838102065,0.2899999999999999,0.88,0.5652173913043478,61.75,24.272916666666664,1.03,0.9004166666666666,-0.29,0.06,0.35,-0.14,-0.98,-0.84,0.91,-0.24,-1.15,4.17,6.55,2.38,12.64,-0.75,-13.39,5.07,1.79,-3.2800000000000002,normal_499.csv,0,normal
21,4.0,-0.026666666666666665,0.15499462356266858,0.14,-0.38,0.52,0.03,-0.9347619047619047,0.09025624895922983,-0.73,-1.07,0.3400000000000001,-0.97,-0.3047619047619048,0.2528560667181835,0.01,-0.92,0.93,-0.25,-2.1971428571428553,31.633793029426162,42.47,-69.32,111.78999999999999,2.81,7.550476190476189,54.76153873625087,115.61,-109.63,225.24,6.01,-1.9642857142857149,18.92752904407455,28.56,-36.31,64.87,-1.7,1.0238095238095237,0.10979417973992023,1.31,0.84,0.4700000000000001,1.0,1.31,1.0238095238095237,0.10979417973992023,0.4700000000000001,0.84,0.7,115.61,48.18095238095238,1.07,0.9352380952380951,-0.01,0.05,0.060000000000000005,-1.02,-0.83,0.19000000000000006,-0.08,-0.34,-0.26,10.71,21.18,10.469999999999999,11.78,-11.91,-23.689999999999998,7.31,-2.49,-9.8,normal_500.csv,0,normal
26,5.0,0.04846153846153847,0.14914938304109226,0.36,-0.26,0.62,0.05,-0.8942307692307694,0.1406889640852637,-0.58,-1.18,0.6,-0.87,-0.445,0.15725775020646837,-0.07,-0.76,0.69,-0.445,-7.27,32.768953355272124,83.41,-76.27,159.68,-6.57,16.02846153846154,58.5920765081633,110.46,-90.62,201.07999999999998,21.835,6.7907692307692304,24.017991077203263,39.24,-42.18,81.42,5.905,1.0207692307692309,0.15648445486815812,1.32,0.67,0.65,1.005,1.32,1.0207692307692309,0.15648445486815812,0.65,0.67,0.68,110.46,58.80769230769231,1.18,0.8942307692307694,-0.02,-0.13,-0.11,-0.89,-0.98,-0.08999999999999997,-0.53,-0.41,0.12000000000000005,-20.01,2.74,22.75,-62.27,35.11,97.38,4.5,21.82,17.32,normal_501.csv,0,normal
25,4.799999952316284,0.07039999999999999,0.1406082027005063,0.42,-0.16,0.58,0.09,-0.9588,0.06857599191164987,-0.8,-1.09,0.29000000000000004,-0.97,-0.40720000000000006,0.12525041583430638,-0.21,-0.68,0.4700000000000001,-0.38,-3.832,15.683803482148923,25.75,-36.31,62.06,-4.31,-16.871199999999998,43.933923806097724,53.52,-92.85,146.37,-2.84,-9.3484,17.491659841192888,26.95,-34.96,61.91,-13.83,1.0592,0.0693373396278417,1.22,0.95,0.27,1.04,1.22,1.0592,0.0693373396278417,0.27,0.95,0.375,92.85,39.7176,1.09,0.9588,0.02,0.19,0.17,-0.98,-0.97,0.010000000000000009,-0.36,-0.21,0.15,4.66,3.19,-1.4700000000000002,-48.52,5.37,53.89,-16.3,1.74,18.04,normal_502.csv,0,normal
26,5.0899999141693115,0.12423076923076921,0.21602172255443344,0.44,-0.26,0.7,0.22,-0.9242307692307693,0.1748410266939216,-0.7,-1.39,0.69,-0.885,-0.4353846153846155,0.16886043395018904,-0.13,-0.79,0.66,-0.44999999999999996,-6.698461538461538,21.396795029594074,30.49,-60.08,90.57,-7.605,15.237692307692308,47.091806107448654,99.5,-52.35,151.85,5.3549999999999995,8.860384615384614,30.113119995213946,50.05,-57.66,107.71,17.86,1.0615384615384618,0.18546573392823393,1.56,0.8,0.76,1.02,1.56,1.0615384615384618,0.18546573392823393,0.76,0.8,0.36,99.5,47.10230769230769,1.39,0.9242307692307693,0.24,0.21,-0.03,-0.92,-0.89,0.030000000000000027,-0.16,-0.49,-0.32999999999999996,-8.06,29.03,37.09,13.8,-24.24,-38.04,17.14,17.54,0.3999999999999986,normal_503.csv,0,normal
28,5.3999998569488525,0.11321428571428571,0.2079539402604367,0.81,-0.24,1.05,0.125,-0.9132142857142858,0.09233808938527346,-0.77,-1.18,0.4099999999999999,-0.9,-0.36714285714285716,0.18692159463176675,-0.12,-1.15,1.0299999999999998,-0.33999999999999997,-2.6310714285714285,17.91182153387465,24.55,-49.21,73.76,1.43,-15.325000000000001,73.36228981340936,90.96,-183.44,274.4,-7.79,-4.972499999999999,26.166860384987103,57.86,-39.85,97.71000000000001,-11.775,1.0242857142857142,0.14252819269985048,1.63,0.88,0.7499999999999999,0.995,1.63,1.0242857142857142,0.14252819269985048,0.7499999999999999,0.88,1.0,183.44,60.657142857142844,1.18,0.9249999999999999,0.25,0.81,0.56,-0.97,-0.82,0.15000000000000002,-0.33,-1.15,-0.8199999999999998,2.82,17.12,14.3,-23.48,-47.86,-24.38,-28.11,-31.74,-3.629999999999999,normal_504.csv,0,normal
24,4.599999904632568,0.12749999999999997,0.21250575439779018,0.48,-0.18,0.6599999999999999,0.08499999999999999,-0.9625,0.2194508957652575,-0.56,-1.69,1.13,-0.905,-0.4154166666666667,0.16137935773031592,-0.1,-0.77,0.67,-0.4,-6.060416666666668,27.494618679672204,30.56,-81.67,112.23,-3.8049999999999997,10.053333333333335,62.27033843874114,148.36,-110.97,259.33000000000004,15.57,2.108333333333332,33.02058747359667,71.5,-86.29,157.79000000000002,6.84,1.0825000000000002,0.23947860029656098,1.87,0.61,1.2600000000000002,1.05,1.87,1.0825000000000002,0.23947860029656098,1.2600000000000002,0.61,0.4782608695652174,148.36,57.22166666666667,1.69,0.9625,0.17,0.02,-0.15000000000000002,-0.92,-0.76,0.16000000000000003,-0.23,-0.49,-0.26,-16.21,7.76,23.97,16.79,65.26,48.470000000000006,6.6,7.08,0.4800000000000004,normal_505.csv,0,normal
26,5.0,0.08576923076923079,0.31548278022006937,0.59,-0.48,1.0699999999999998,0.15000000000000002,-0.841153846153846,0.16919401698823566,-0.49,-1.15,0.6599999999999999,-0.805,-0.39115384615384624,0.16337262740317113,0.19,-0.59,0.78,-0.42,2.2796153846153837,23.120508901106696,47.93,-44.64,92.57,4.4350000000000005,0.5946153846153835,93.1998711686135,156.29,-155.67,311.96,-17.575,1.767692307692308,47.52871799724392,77.33,-105.05,182.38,2.5949999999999998,0.996923076923077,0.14226086547660902,1.27,0.66,0.61,0.99,1.27,0.996923076923077,0.14226086547660902,0.61,0.66,0.72,156.29,85.21384615384613,1.15,0.8415384615384617,0.2,-0.12,-0.32,-0.94,-1.08,-0.14000000000000012,-0.34,-0.38,-0.03999999999999998,-15.21,-13.47,1.7400000000000002,-17.88,-36.9,-19.02,-12.86,-46.95,-34.09,normal_506.csv,0,normal
24,4.599999904632568,0.04833333333333334,0.3636489787008138,0.64,-0.36,1.0,-0.15,-0.8304166666666667,0.14760343953417496,-0.49,-1.2,0.71,-0.8200000000000001,-0.43166666666666664,0.1450537131897868,-0.14,-0.91,0.77,-0.43,16.560833333333335,21.227165105255978,65.75,-41.6,107.35,15.76,-8.191250000000002,64.17431562023928,101.69,-84.05,185.74,-21.904999999999998,1.2766666666666684,51.4427198268949,101.62,-67.28,168.9,-11.55,1.01125,0.16079456242158136,1.44,0.7,0.74,0.985,1.44,1.01125,0.16079456242158136,0.74,0.7,0.8260869565217391,101.69,69.55874999999999,1.2,0.8304166666666667,-0.17,-0.29,-0.11999999999999997,-0.86,-0.89,-0.030000000000000027,-0.29,-0.5,-0.21000000000000002,-24.07,65.75,89.82,14.65,71.86,57.21,0.47,-9.53,-10.0,normal_507.csv,0,normal
25,4.800000190734863,0.029200000000000004,0.24083050748053772,0.4,-0.34,0.74,0.05,-0.8987999999999999,0.13479366948537802,-0.68,-1.26,0.58,-0.88,-0.4764,0.1265200906312248,-0.3,-0.81,0.51,-0.45,3.5847999999999995,18.67392993810712,38.97,-36.7,75.67,4.68,6.669599999999998,75.34616869710983,137.52,-134.64,272.15999999999997,23.86,7.887599999999999,40.769320295208914,81.44,-51.79,133.23,13.31,1.0548,0.11139718727747723,1.33,0.89,0.44000000000000006,1.04,1.33,1.0548,0.11139718727747723,0.44000000000000006,0.89,0.375,137.52,70.93,1.26,0.8987999999999999,0.2,0.12,-0.08000000000000002,-0.85,-0.83,0.020000000000000018,-0.59,-0.51,0.07999999999999996,-6.64,-5.12,1.5199999999999996,55.12,-66.92,-122.03999999999999,19.8,-24.62,-44.42,normal_508.csv,0,normal
26,5.0,0.06653846153846153,0.2492539637830028,0.58,-0.33,0.9099999999999999,0.045000000000000005,-0.8803846153846153,0.07748448976308843,-0.71,-1.08,0.3700000000000001,-0.88,-0.5715384615384616,0.15573547592484657,-0.31,-0.9,0.5900000000000001,-0.57,-2.554615384615384,27.389066757488358,46.78,-83.75,130.53,2.8249999999999997,-5.215769230769229,58.26737661320111,93.93,-117.49,211.42000000000002,1.0749999999999997,-3.2969230769230773,41.86218606515725,64.99,-71.79,136.78,-2.705,1.0873076923076923,0.11612261424228071,1.44,0.87,0.57,1.07,1.44,1.0873076923076923,0.11612261424228071,0.57,0.87,0.44,117.49,57.60153846153847,1.08,0.8803846153846153,0.02,0.2,0.18000000000000002,-0.92,-0.88,0.040000000000000036,-0.31,-0.71,-0.39999999999999997,-1.76,6.82,8.58,38.56,9.01,-29.550000000000004,16.51,-56.79,-73.3,normal_509.csv,0,normal
23,4.3999998569488525,0.0817391304347826,0.22590529338868462,0.39,-0.37,0.76,0.08,-0.8943478260869564,0.12837537596498091,-0.72,-1.24,0.52,-0.86,-0.43173913043478257,0.14950379058475236,-0.16,-0.7,0.5399999999999999,-0.44,-3.3491304347826087,28.649807220205528,63.32,-61.07,124.39,-2.19,-13.520000000000001,85.88592476493032,122.57,-146.71,269.28,-31.31,-0.05478260869565239,42.659768237614195,86.75,-61.05,147.8,-3.73,1.0334782608695652,0.11538901380083313,1.35,0.86,0.4900000000000001,1.0,1.35,1.0334782608695652,0.11538901380083313,0.4900000000000001,0.86,0.5,146.71,77.36434782608696,1.24,0.8943478260869564,0.28,0.07,-0.21000000000000002,-0.84,-0.93,-0.09000000000000008,-0.46,-0.26,0.2,-26.53,19.5,46.03,43.52,-45.85,-89.37,6.24,-14.02,-20.259999999999998,normal_510.csv,0,normal
24,4.6000001430511475,-0.010833333333333334,0.1810336664982431,0.31,-0.34,0.65,-0.01,-0.9279166666666666,0.1691662204606095,-0.73,-1.51,0.78,-0.895,-0.43041666666666667,0.1797215035564184,-0.12,-0.78,0.66,-0.395,0.13416666666666677,20.14525899920196,33.6,-41.68,75.28,-0.17499999999999993,14.184583333333334,56.27615859230085,117.46,-103.26,220.72,27.765,7.321666666666666,33.1149934079081,69.84,-56.33,126.17,2.715,1.0508333333333335,0.18100964823352148,1.7,0.8,0.8999999999999999,1.03,1.7,1.0508333333333335,0.18100964823352148,0.8999999999999999,0.8,0.8695652173913043,117.46,53.636666666666656,1.51,0.9279166666666666,0.01,-0.11,-0.12,-0.91,-0.93,-0.020000000000000018,-0.23,-0.33,-0.1,13.17,12.14,-1.0299999999999994,11.67,8.68,-2.99,11.56,34.03,22.47,normal_511.csv,0,normal
27,5.199999809265137,-0.09925925925925927,0.24778908410063225,0.3,-0.54,0.8400000000000001,-0.1,-0.8877777777777779,0.103453197643012,-0.66,-1.07,0.41000000000000003,-0.9,-0.4333333333333333,0.1480124734868393,-0.19,-0.84,0.6499999999999999,-0.43,-1.6811111111111114,25.889167965554975,47.94,-68.42,116.36,1.12,-0.5225925925925929,57.28945919912,84.88,-99.82,184.7,14.24,-2.717407407407408,34.80016894218416,54.19,-96.29,150.48000000000002,-1.66,1.0307407407407407,0.11631938544455706,1.37,0.77,0.6000000000000001,1.04,1.37,1.0307407407407407,0.11631938544455706,0.6000000000000001,0.77,0.34615384615384615,99.82,55.87259259259259,1.07,0.8877777777777779,-0.11,0.09,0.2,-1.0,-0.95,0.050000000000000044,-0.27,-0.26,0.010000000000000009,-5.72,4.82,10.54,43.61,14.24,-29.369999999999997,38.02,-4.54,-42.56,normal_512.csv,0,normal
25,4.799999952316284,-0.006400000000000001,0.14739063742314165,0.31,-0.23,0.54,-0.06,-0.866,0.11550613259332454,-0.61,-1.05,0.44000000000000006,-0.87,-0.5347999999999999,0.12910331779883377,-0.27,-0.72,0.44999999999999996,-0.53,-0.18719999999999948,24.387772639856504,41.04,-38.09,79.13,0.49,-15.740400000000001,53.066010031532116,51.15,-121.89,173.04,-1.98,-8.306000000000001,31.254467547323003,46.92,-81.96,128.88,-1.32,1.0376,0.10536761045659777,1.19,0.76,0.42999999999999994,1.05,1.19,1.0376,0.10536761045659777,0.42999999999999994,0.76,0.16666666666666666,121.89,50.1612,1.05,0.866,-0.23,-0.14,0.09,-0.87,-0.92,-0.050000000000000044,-0.51,-0.31,0.2,-38.09,14.53,52.620000000000005,-103.78,7.21,110.99,-31.66,-11.66,20.0,normal_513.csv,0,normal
24,4.6000001430511475,-0.07666666666666667,0.07056706133124388,0.05,-0.21,0.26,-0.07,-0.8675,0.1243155172377405,-0.6,-1.01,0.41000000000000003,-0.915,-0.3266666666666667,0.34436667347044697,0.13,-0.95,1.08,-0.355,3.8266666666666667,31.754904402677525,82.31,-42.92,125.23,-4.99,4.6866666666666665,11.699552450253465,32.89,-11.93,44.82,2.8200000000000003,-0.69375,12.18832292650919,15.32,-42.76,58.08,0.20500000000000002,0.9929166666666666,0.10699366769830929,1.25,0.67,0.58,0.99,1.25,0.9929166666666666,0.10699366769830929,0.58,0.67,0.5217391304347826,82.31,25.852500000000003,1.01,0.8866666666666667,-0.08,0.02,0.1,-0.92,-0.92,0.0,-0.3,0.02,0.32,-11.89,-3.67,8.22,-0.89,3.72,4.61,13.5,-0.25,-13.75,normal_514.csv,0,normal
28,5.400000095367432,-0.017499999999999998,0.1758919070422598,0.26,-0.42,0.6799999999999999,0.02,-0.8825000000000001,0.11074244393586812,-0.58,-1.03,0.45000000000000007,-0.91,-0.46071428571428574,0.1857901757843762,-0.07,-0.98,0.9099999999999999,-0.44,-7.886785714285714,30.55457910200252,71.02,-61.66,132.68,-9.68,-10.648928571428572,50.40264273930307,110.86,-138.89,249.75,-8.254999999999999,-4.568214285714285,25.389887904522794,39.65,-40.27,79.92,-12.445,1.0285714285714287,0.08154591007362327,1.21,0.82,0.39,1.045,1.21,1.0285714285714287,0.08154591007362327,0.39,0.82,0.4074074074074074,138.89,49.21857142857142,1.03,0.8957142857142857,-0.02,0.26,0.28,-0.96,-0.91,0.04999999999999993,-0.07,-0.53,-0.46,-8.95,-42.0,-33.05,6.28,-8.41,-14.690000000000001,4.63,13.66,9.030000000000001,normal_515.csv,0,normal
24,4.6000001430511475,0.07958333333333333,0.19175344601328814,0.4,-0.17,0.5700000000000001,0.085,-0.8929166666666667,0.1402320798957359,-0.57,-1.13,0.5599999999999999,-0.89,-0.4008333333333334,0.1269000519637632,-0.11,-0.62,0.51,-0.395,-1.3283333333333334,19.725260932129128,50.33,-54.43,104.75999999999999,-0.43,45.87166666666667,36.05296208860402,113.22,-0.2,113.42,32.89,13.650833333333333,26.539649733389748,75.05,-29.84,104.89,15.51,1.0062499999999999,0.14487813469617658,1.29,0.71,0.5800000000000001,0.99,1.29,1.0062499999999999,0.14487813469617658,0.5800000000000001,0.71,0.5652173913043478,113.22,51.65083333333333,1.13,0.8929166666666667,-0.02,-0.1,-0.08,-0.9,-1.03,-0.13,-0.54,-0.42,0.12000000000000005,-18.16,15.16,33.32,28.18,7.35,-20.83,6.42,-26.95,-33.37,normal_516.csv,0,normal
24,4.599999904632568,-0.01708333333333334,0.23276185192196966,0.4,-0.48,0.88,-0.060000000000000005,-0.8670833333333334,0.11607640537188413,-0.67,-1.13,0.45999999999999985,-0.85,-0.45083333333333336,0.2157477727562335,-0.16,-0.87,0.71,-0.42,0.58625,23.185414795494395,46.28,-54.96,101.24000000000001,-2.575,-27.71541666666667,40.7249794063168,53.79,-104.67,158.46,-23.77,-15.24708333333333,33.44637401276032,56.4,-76.61,133.01,-16.950000000000003,1.0287499999999998,0.08974904625870866,1.24,0.89,0.35,1.01,1.24,1.0287499999999998,0.08974904625870866,0.35,0.89,0.6086956521739131,104.67,48.13333333333333,1.13,0.8745833333333334,-0.12,0.13,0.25,-0.89,-1.01,-0.12,-0.19,-0.45,-0.26,-0.35,-3.47,-3.12,-26.63,-17.26,9.369999999999997,-10.47,-12.48,-2.01,normal_517.csv,0,normal
25,4.799999952316284,-0.046,0.22954665466232932,0.52,-0.34,0.8600000000000001,-0.11,-0.9264,0.09865258908580826,-0.74,-1.18,0.43999999999999995,-0.93,-0.4348,0.1366906483024107,-0.16,-0.71,0.5499999999999999,-0.44,2.7723999999999993,17.358087279421085,29.32,-35.06,64.38,3.89,17.2792,66.28211284099706,112.35,-75.79,188.14,37.22,6.438400000000001,32.21719891093368,59.64,-56.16,115.8,12.56,1.0572,0.10134594219799824,1.3,0.89,0.41000000000000003,1.03,1.3,1.0572,0.10134594219799824,0.41000000000000003,0.89,0.625,112.35,63.7932,1.18,0.9264,-0.24,-0.24,0.0,-0.95,-0.93,0.019999999999999907,-0.44,-0.32,0.12,-18.82,-5.65,13.17,-23.56,-73.81,-50.25,14.92,-30.81,-45.73,normal_518.csv,0,normal
24,4.599999904632568,-0.21125000000000002,0.23898903922474188,0.12,-0.63,0.75,-0.2,-0.9204166666666667,0.1505202331240227,-0.67,-1.25,0.58,-0.92,-0.34333333333333327,0.11563310292798348,-0.1,-0.53,0.43000000000000005,-0.35,-9.749166666666666,22.295038230739703,28.11,-47.89,76.0,-10.620000000000001,-22.461250000000003,42.00915628066152,42.74,-115.98,158.72,-13.355,-2.8854166666666683,31.460617614541608,54.28,-64.37,118.65,-0.24,1.0379166666666666,0.14937490525131916,1.38,0.77,0.6099999999999999,1.02,1.38,1.0379166666666666,0.14937490525131916,0.6099999999999999,0.77,0.7391304347826086,115.98,43.19,1.25,0.9204166666666667,0.03,-0.23,-0.26,-0.91,-1.02,-0.10999999999999999,-0.31,-0.34,-0.030000000000000027,-22.34,-4.24,18.1,29.54,13.98,-15.559999999999999,17.0,14.69,-2.3100000000000005,normal_519.csv,0,normal
28,5.389999866485596,-0.027142857142857153,0.15357124400136565,0.36,-0.28,0.64,-0.04,-0.8689285714285715,0.10860527528672731,-0.64,-1.15,0.5099999999999999,-0.9,-0.3517857142857142,0.3278668832341765,0.63,-0.81,1.44,-0.4,9.325,40.222279389155204,123.26,-46.04,169.3,7.26,6.988928571428571,25.508092592320825,76.34,-29.5,105.84,-1.0,3.1714285714285704,19.313082634487973,47.38,-34.97,82.35,5.449999999999999,1.0057142857142858,0.09162841914912205,1.22,0.84,0.38,0.99,1.22,1.0057142857142858,0.09162841914912205,0.38,0.84,0.5185185185185185,123.26,41.59285714285714,1.15,0.8689285714285715,-0.25,-0.07,0.18,-0.95,-0.75,0.19999999999999996,-0.37,0.38,0.75,-1.08,41.24,42.32,-2.01,-6.99,-4.98,-11.24,12.01,23.25,normal_520.csv,0,normal
28,5.3999998569488525,-0.08107142857142859,0.13064907153967797,0.13,-0.46,0.5900000000000001,-0.06,-0.9335714285714286,0.09810101693565425,-0.73,-1.14,0.4099999999999999,-0.94,-0.05107142857142855,0.28956339145678905,0.54,-0.51,1.05,-0.08,-2.420357142857141,44.83391056895174,138.24,-61.04,199.28,-12.995000000000001,-2.9792857142857128,50.388994089948106,85.55,-143.56,229.11,-0.465,2.3050000000000006,15.085616033530453,35.53,-19.18,54.71,-0.785,0.9892857142857144,0.09368697175834362,1.18,0.84,0.33999999999999997,0.975,1.18,0.9892857142857144,0.09368697175834362,0.33999999999999997,0.84,0.25925925925925924,143.56,52.446071428571436,1.14,0.9335714285714286,-0.19,-0.2,-0.010000000000000009,-0.79,-0.94,-0.1499999999999999,0.54,0.31,-0.23000000000000004,-2.18,-8.82,-6.640000000000001,-7.48,-1.72,5.760000000000001,-1.76,4.12,5.88,normal_521.csv,0,normal
23,4.400000095367432,-0.04869565217391305,0.09559879933755763,0.12,-0.25,0.37,-0.05,-0.9417391304347827,0.13657006772792304,-0.65,-1.25,0.6,-0.95,-0.005217391304347827,0.26414303227981667,0.41,-0.44,0.85,0.02,-7.145652173913043,31.705972025082843,73.3,-50.41,123.71,-13.93,-6.9656521739130435,9.813209940078895,6.61,-27.56,34.17,-6.89,-1.862173913043479,12.108442568015297,20.87,-26.24,47.11,-1.69,0.9826086956521741,0.1421336564103836,1.33,0.67,0.66,0.97,1.33,0.9826086956521741,0.1421336564103836,0.66,0.67,0.5454545454545454,73.3,28.54521739130435,1.25,0.9417391304347827,-0.15,-0.09,0.06,-0.87,-1.07,-0.20000000000000007,0.39,-0.19,-0.5800000000000001,-0.02,-4.48,-4.460000000000001,5.17,-27.56,-32.73,4.75,-14.68,-19.43,normal_522.csv,0,normal
32,6.200000047683716,-0.0265625,0.09937252735816066,0.16,-0.2,0.36,-0.03,-0.9765625,0.10751172104143027,-0.8,-1.25,0.44999999999999996,-0.955,0.050625,0.13755790569558277,0.34,-0.21,0.55,0.07,-1.3896875,23.399929760630037,42.27,-56.2,98.47,0.23500000000000001,-24.925937500000003,36.82176020913712,53.1,-106.12,159.22,-19.62,2.0890625000000007,16.22223749719263,33.34,-28.92,62.260000000000005,0.37999999999999995,0.9928125000000001,0.11228518918217761,1.28,0.81,0.47,0.97,1.28,0.9928125000000001,0.11228518918217761,0.47,0.81,0.41935483870967744,106.12,39.61,1.25,0.9765625,0.06,0.05,-0.009999999999999995,-0.99,-1.21,-0.21999999999999997,0.11,-0.16,-0.27,6.63,30.74,24.11,-0.13,-106.12,-105.99000000000001,-0.37,1.13,1.5,normal_523.csv,0,normal
20,3.81000018119812,0.2065,0.11649599044376455,0.41,0.04,0.37,0.195,-0.9545000000000001,0.16497128936814878,-0.74,-1.31,0.5700000000000001,-0.885,0.03949999999999999,0.1605410260731866,0.41,-0.23,0.64,0.034999999999999996,-1.33,22.26708096578539,38.71,-41.95,80.66,-1.385,-10.701,20.69922345352471,29.0,-53.83,82.83,-8.39,0.36700000000000044,13.338230806693652,24.41,-23.11,47.519999999999996,-3.08,0.9955,0.17554351687199807,1.38,0.75,0.6299999999999999,0.94,1.38,0.9955,0.17554351687199807,0.6299999999999999,0.75,0.631578947368421,53.83,26.942499999999995,1.31,0.9545000000000001,0.39,0.24,-0.15000000000000002,-0.86,-0.85,0.010000000000000009,-0.12,-0.15,-0.03,6.81,6.51,-0.2999999999999998,-17.21,29.0,46.21,24.41,3.66,-20.75,normal_524.csv,0,normal
24,4.609999895095825,0.2041666666666667,0.14931486039986738,0.37,-0.32,0.69,0.22999999999999998,-0.9466666666666667,0.2028635580591196,-0.7,-1.4,0.7,-0.88,0.09166666666666667,0.1900953231514599,0.38,-0.4,0.78,0.1,-0.5354166666666664,26.305596028745217,35.53,-53.5,89.03,-0.53,-6.62125,24.513567372499804,52.92,-57.57,110.49000000000001,-0.44999999999999996,1.862916666666667,14.888936505124308,30.08,-27.39,57.47,-0.135,1.0008333333333332,0.20131991989102205,1.45,0.74,0.71,0.935,1.45,1.0008333333333332,0.20131991989102205,0.71,0.74,0.6521739130434783,57.57,29.800416666666667,1.4,0.9466666666666667,0.22,0.32,0.1,-0.88,-0.89,-0.010000000000000009,0.3,0.13,-0.16999999999999998,14.79,13.21,-1.5799999999999983,-14.96,-30.54,-15.579999999999998,-5.35,13.23,18.58,normal_525.csv,0,normal
25,4.799999952316284,0.24359999999999998,0.14514016214220882,0.53,-0.07,0.6000000000000001,0.27,-0.9052,0.17110230857589268,-0.62,-1.22,0.6,-0.87,0.006000000000000005,0.23904323179430675,0.45,-0.64,1.09,0.07,-0.7228000000000003,13.682965236624211,19.79,-23.84,43.629999999999995,0.31,-2.742,28.403106197503586,59.45,-52.17,111.62,-0.98,-1.9952,12.051452927621078,22.07,-25.4,47.47,-1.28,0.9736,0.19565871647676045,1.35,0.68,0.67,0.95,1.35,0.9736,0.19565871647676045,0.67,0.68,0.3333333333333333,59.45,25.038400000000003,1.22,0.9052,0.09,0.07,-0.01999999999999999,-0.92,-0.87,0.050000000000000044,0.19,0.07,-0.12,-13.96,7.23,21.19,7.91,1.11,-6.8,-3.28,-6.63,-3.35,normal_526.csv,0,normal
30,5.799999952316284,0.215,0.15121918323847128,0.49,-0.19,0.6799999999999999,0.23,-0.9506666666666667,0.1782468906404499,-0.69,-1.32,0.6300000000000001,-0.9450000000000001,-0.02666666666666667,0.21730850997084106,0.48,-0.73,1.21,0.025,0.8190000000000003,17.327862225627975,31.95,-48.96,80.91,3.26,-8.529666666666667,38.533036384231465,71.25,-98.73,169.98000000000002,-7.130000000000001,-0.6913333333333331,13.683093956773265,21.83,-31.06,52.89,-0.56,1.004,0.20677490676812194,1.41,0.73,0.6799999999999999,0.975,1.41,1.004,0.20677490676812194,0.6799999999999999,0.73,1.0,98.73,34.41833333333333,1.32,0.9506666666666667,0.17,0.36,0.18999999999999997,-0.93,-1.32,-0.39,0.08,-0.34,-0.42000000000000004,-5.25,-2.53,2.72,-8.8,-98.73,-89.93,7.25,10.31,3.0600000000000005,normal_527.csv,0,normal
17,3.200000047683716,0.26000000000000006,0.44782809201746154,1.31,-0.15,1.46,0.07,-0.9841176470588235,0.5627617038268664,0.13,-1.54,1.67,-1.31,-0.12941176470588237,0.4115287138863353,0.38,-1.19,1.5699999999999998,-0.06,4.33,24.531976326826992,45.24,-38.81,84.05000000000001,5.58,-7.696470588235294,37.63924048469504,37.0,-93.79,130.79000000000002,-3.37,8.725882352941177,36.213927234356866,69.76,-45.47,115.23,2.11,1.14,0.6511528238439882,2.23,0.18,2.05,1.32,2.23,1.14,0.6511528238439882,2.05,0.18,0.0625,93.79,43.305294117647065,1.54,0.9994117647058822,-0.15,0.04,0.19,-0.52,-1.4,-0.8799999999999999,-0.22,-0.0,0.22,7.39,0.12,-7.27,13.12,24.25,11.13,-8.06,69.76,77.82000000000001,normal_528.csv,0,normal
26,5.0,0.2619230769230769,0.20778872405920837,0.85,-0.16,1.01,0.265,-0.9496153846153846,0.18900752935755274,-0.66,-1.37,0.7100000000000001,-0.915,-0.030384615384615385,0.22596425857609906,0.3,-0.57,0.8699999999999999,0.0,1.7319230769230765,23.432660458297224,52.65,-67.03,119.68,3.935,-6.635000000000002,37.07292103409171,97.82,-93.66,191.48,-9.1,-0.1457692307692306,15.120013273294948,37.03,-25.51,62.540000000000006,-1.145,1.0246153846153845,0.21887404175426137,1.58,0.73,0.8500000000000001,0.95,1.58,1.0246153846153845,0.21887404175426137,0.8500000000000001,0.73,0.96,97.82,33.825384615384614,1.37,0.9496153846153846,0.06,0.22,0.16,-0.93,-0.86,0.07000000000000006,0.17,0.0,-0.17,31.44,3.79,-27.650000000000002,-93.66,-16.14,77.52,11.27,-12.1,-23.369999999999997,normal_529.csv,0,normal
23,4.400000095367432,0.3313043478260869,0.3088439492368875,0.95,-0.25,1.2,0.35,-0.9769565217391307,0.22149153036564495,-0.55,-1.47,0.9199999999999999,-0.93,-0.05173913043478261,0.2324504282229389,0.23,-0.63,0.86,0.0,-10.592173913043478,21.501483026340665,27.94,-49.35,77.29,-7.74,12.280434782608697,42.29620523256311,78.22,-62.44,140.66,21.1,-5.947826086956519,27.607451391463425,25.58,-100.02,125.6,3.58,1.096521739130435,0.24373250418612194,1.51,0.69,0.8200000000000001,1.07,1.51,1.096521739130435,0.24373250418612194,0.8200000000000001,0.69,0.4090909090909091,100.02,44.95869565217392,1.47,0.9808695652173915,0.01,-0.16,-0.17,-1.07,-0.88,0.19000000000000006,-0.04,0.08,0.12,-49.35,5.98,55.33,65.44,33.21,-32.23,-17.86,25.58,43.44,normal_530.csv,0,normal
32,6.199999809265137,0.24656250000000002,0.38416738098503783,1.02,-0.63,1.65,0.255,-0.9428124999999999,0.23897947509384365,-0.53,-1.6,1.07,-0.925,-0.1096875,0.25712409925822755,0.19,-0.86,1.05,-0.045,-3.8274999999999997,19.988801058140915,42.27,-38.28,80.55000000000001,-4.13,5.71375,42.91333387414159,84.9,-77.57,162.47,12.79,-3.7403124999999995,28.37345107147957,61.78,-60.79,122.57,-3.275,1.0740625,0.26977720048815435,1.68,0.56,1.1199999999999999,1.0,1.68,1.0740625,0.26977720048815435,1.1199999999999999,0.56,0.16129032258064516,84.9,43.88875,1.6,0.9668749999999999,0.15,0.52,0.37,-0.98,-1.26,-0.28,0.07,-0.38,-0.45,9.27,-26.56,-35.83,1.82,-33.03,-34.85,-1.97,12.81,14.780000000000001,normal_531.csv,0,normal
29,5.599999904632568,0.2668965517241379,0.18930518535415355,0.8,-0.11,0.91,0.25,-0.8989655172413794,0.15173625679321262,-0.65,-1.3,0.65,-0.87,-0.35965517241379313,0.153750325403156,-0.08,-0.73,0.65,-0.33,-0.8258620689655174,15.563279473822204,26.04,-31.54,57.58,0.02,-6.910689655172415,27.979223022377884,56.16,-56.08,112.24,-7.98,0.7458620689655174,17.83722982921663,29.44,-37.59,67.03,4.3,1.0324137931034483,0.15697259024641833,1.42,0.82,0.6,0.99,1.42,1.0324137931034483,0.15697259024641833,0.6,0.82,0.6071428571428571,56.16,29.781724137931036,1.3,0.9034482758620691,0.05,0.28,0.23000000000000004,-0.77,-0.83,-0.05999999999999994,-0.28,-0.38,-0.09999999999999998,-30.5,7.26,37.76,-7.98,-56.08,-48.099999999999994,14.34,18.14,3.8000000000000007,normal_532.csv,0,normal
30,5.799999952316284,-0.007666666666666664,0.10510038988520921,0.16,-0.22,0.38,-0.005,-0.9576666666666667,0.09796844436834763,-0.77,-1.13,0.3599999999999999,-0.95,-0.25733333333333336,0.09954840559984506,-0.05,-0.43,0.38,-0.245,0.08099999999999982,19.216323404137793,37.53,-55.95,93.48,-0.225,-0.6259999999999996,24.516684621448842,39.61,-63.85,103.46000000000001,3.425,0.4180000000000001,14.607337409907958,27.26,-27.27,54.53,-0.83,1.002,0.10449880382090504,1.17,0.8,0.3699999999999999,1.0,1.17,1.002,0.10449880382090504,0.3699999999999999,0.8,0.9655172413793104,63.85,25.298333333333336,1.13,0.9576666666666667,-0.01,0.03,0.04,-0.88,-0.86,0.020000000000000018,-0.17,-0.13,0.04000000000000001,-0.56,-2.81,-2.25,-13.98,-63.85,-49.870000000000005,-0.51,6.82,7.33,normal_533.csv,0,normal
30,5.799999952316284,-0.2846666666666666,0.1209939677417228,-0.1,-0.52,0.42000000000000004,-0.27,-0.9303333333333332,0.11183372304092985,-0.73,-1.16,0.42999999999999994,-0.94,-0.20333333333333334,0.09334154315287978,-0.04,-0.36,0.32,-0.175,-8.482000000000001,20.63193681048205,30.74,-55.87,86.61,-8.185,-19.238999999999997,59.739858891236324,135.34,-149.24,284.58000000000004,-11.58,-7.006666666666667,13.43004309268084,19.95,-39.71,59.66,-6.305,1.0033333333333332,0.12887666740841358,1.3,0.79,0.51,0.995,1.3,1.0033333333333332,0.12887666740841358,0.51,0.79,0.6896551724137931,149.24,47.163000000000004,1.16,0.9303333333333332,-0.33,-0.2,0.13,-0.78,-0.76,0.020000000000000018,-0.11,-0.06,0.05,-8.58,4.11,12.690000000000001,135.34,-2.55,-137.89000000000001,-3.76,-20.01,-16.25,normal_534.csv,0,normal
27,5.200000047683716,-0.25370370370370365,0.09934973764620807,-0.05,-0.43,0.38,-0.27,-0.9533333333333333,0.11118245572723451,-0.77,-1.13,0.3599999999999999,-0.95,-0.28629629629629627,0.1722062303024654,-0.01,-0.68,0.67,-0.29,8.527037037037037,27.423841790958075,43.5,-49.74,93.24000000000001,8.55,-6.542962962962963,25.873238597024834,42.74,-60.09,102.83000000000001,-3.74,-1.6162962962962963,13.77186601181167,29.49,-21.03,50.519999999999996,-4.93,1.0418518518518518,0.14702268367727991,1.35,0.79,0.56,1.03,1.35,1.0418518518518518,0.14702268367727991,0.56,0.79,0.6538461538461539,60.09,30.790000000000003,1.13,0.9533333333333333,-0.35,-0.31,0.03999999999999998,-0.9,-1.07,-0.17000000000000004,-0.1,-0.42,-0.31999999999999995,-13.53,33.62,47.15,-3.3,0.58,3.88,-4.59,-20.86,-16.27,normal_535.csv,0,normal
21,4.0,-0.21857142857142856,0.2824939948792844,0.29,-0.69,0.98,-0.14,-0.9833333333333336,0.851946790200734,0.37,-2.0,2.37,-0.96,-0.15238095238095237,0.2575830887675812,0.41,-0.58,0.99,-0.12,-1.2595238095238095,42.874468215499824,94.21,-99.77,193.98,5.76,-7.293809523809523,41.53869033517914,71.24,-79.88,151.12,0.45,-6.283333333333334,30.160682739840844,62.52,-92.87,155.39000000000001,-4.4,1.1566666666666667,0.7460116174251802,2.11,0.11,1.9999999999999998,1.06,2.11,1.1566666666666667,0.7460116174251802,1.9999999999999998,0.11,0.8,99.77,51.25904761904762,2.0,1.0904761904761906,-0.22,-0.54,-0.32000000000000006,-0.96,-1.37,-0.41000000000000014,-0.23,-0.02,0.21000000000000002,-2.32,8.66,10.98,29.9,41.98,12.079999999999998,-6.86,-3.33,3.5300000000000002,normal_536.csv,0,normal
33,6.3999998569488525,-0.26212121212121214,0.10693916424063192,0.04,-0.45,0.49,-0.26,-0.9409090909090909,0.14667914891787698,-0.71,-1.35,0.6400000000000001,-0.9,-0.08696969696969699,0.13682755681159517,0.15,-0.45,0.6,-0.05,0.28878787878787937,21.998911018158342,72.98,-40.11,113.09,-3.16,-6.034848484848484,30.04877245009479,48.18,-82.89,131.07,-7.53,0.18030303030303038,14.010082861293256,27.31,-35.4,62.709999999999994,0.38,0.9948484848484848,0.15307516969044188,1.38,0.78,0.5999999999999999,0.95,1.38,0.9948484848484848,0.15307516969044188,0.5999999999999999,0.78,0.6875,82.89,28.710909090909087,1.35,0.9409090909090909,-0.39,-0.17,0.22,-0.71,-0.85,-0.14,0.04,0.01,-0.03,10.11,4.41,-5.699999999999999,34.63,-82.89,-117.52000000000001,-9.33,19.99,29.32,normal_537.csv,0,normal
36,7.0,-0.3275,0.3270681449309477,0.1,-1.39,1.49,-0.24,-1.0119444444444445,0.3740574397789305,-0.51,-2.0,1.49,-0.96,-0.07388888888888889,0.1679843152164218,0.21,-0.5,0.71,-0.055,-6.633055555555554,27.473380448244228,60.69,-73.37,134.06,-6.055,-21.957777777777775,53.22731388574914,45.86,-162.75,208.61,-7.35,3.0719444444444437,24.106649565088222,69.41,-41.01,110.41999999999999,-1.645,1.1133333333333335,0.4104144246977682,2.43,0.55,1.8800000000000001,1.025,2.43,1.1133333333333335,0.4104144246977682,1.8800000000000001,0.55,0.9142857142857143,162.75,49.47944444444445,2.0,1.0122222222222221,-0.25,0.1,0.35,-1.05,-2.0,-0.95,-0.0,-0.5,-0.5,-25.56,-54.73,-29.169999999999998,-96.96,-28.86,68.1,-1.66,-12.82,-11.16,normal_538.csv,0,normal
32,6.200000047683716,-0.208125,0.12272280593587401,0.11,-0.46,0.5700000000000001,-0.195,-0.9165625000000001,0.14807603484958054,-0.72,-1.25,0.53,-0.885,0.050624999999999996,0.15261035140133422,0.32,-0.33,0.65,0.060000000000000005,7.3128125000000015,31.112787977062503,95.0,-57.16,152.16,2.56,3.7124999999999995,35.507579563406075,72.05,-82.06,154.11,9.260000000000002,0.4768749999999998,15.233240910227615,47.23,-22.96,70.19,-2.86,0.9596875,0.1594442844341235,1.37,0.75,0.6200000000000001,0.93,1.37,0.9596875,0.1594442844341235,0.6200000000000001,0.75,0.5806451612903226,95.0,36.8234375,1.25,0.9165625000000001,-0.2,-0.18,0.020000000000000018,-0.91,-0.87,0.040000000000000036,0.09,0.29,0.19999999999999998,9.02,-7.55,-16.57,72.05,-47.6,-119.65,7.87,8.67,0.7999999999999998,normal_539.csv,0,normal
33,6.400000095367432,-0.2766666666666666,0.11207326472743918,-0.07,-0.5,0.43,-0.28,-0.907878787878788,0.2109910776513662,-0.67,-1.43,0.7599999999999999,-0.82,-0.008484848484848487,0.12460239795348071,0.26,-0.28,0.54,-0.01,4.871818181818181,30.055349508713235,71.38,-63.5,134.88,7.7,25.828484848484848,37.87191465330973,80.2,-54.94,135.14,31.53,-1.4924242424242424,17.75833836369253,51.69,-34.7,86.39,-1.4,0.9612121212121212,0.21788410875620287,1.49,0.71,0.78,0.87,1.49,0.9612121212121212,0.21788410875620287,0.78,0.71,0.0625,80.2,45.67545454545454,1.43,0.907878787878788,-0.38,-0.25,0.13,-0.88,-0.69,0.19000000000000006,0.24,0.14,-0.09999999999999998,-13.18,7.7,20.88,-4.14,9.98,14.120000000000001,-1.56,4.3,5.859999999999999,normal_540.csv,0,normal
34,6.599999904632568,-0.31117647058823533,0.11456808762616791,-0.15,-0.62,0.47,-0.29,-0.925,0.20259303885854368,-0.62,-1.53,0.91,-0.865,-0.14529411764705885,0.19224724128718,0.09,-0.56,0.65,-0.07500000000000001,8.097941176470588,36.01318763330437,93.49,-37.76,131.25,0.13499999999999998,7.380294117647058,62.736651627948966,204.54,-152.05,356.59000000000003,13.51,-1.2220588235294112,24.417897904140744,54.39,-65.04,119.43,-2.2350000000000003,1.005294117647059,0.22842325538507022,1.61,0.67,0.9400000000000001,0.95,1.61,1.005294117647059,0.22842325538507022,0.9400000000000001,0.67,0.48484848484848486,204.54,52.87529411764706,1.53,0.925,-0.47,-0.16,0.30999999999999994,-0.87,-1.05,-0.18000000000000005,0.02,-0.19,-0.21,2.57,22.07,19.5,21.0,-12.86,-33.86,-13.4,16.6,30.0,normal_541.csv,0,normal
30,5.800000190734863,-0.3256666666666666,0.18363538336330637,0.03,-0.78,0.81,-0.31,-0.8933333333333332,0.22713103210949936,-0.55,-1.6,1.05,-0.825,-0.10333333333333333,0.1448502992589325,0.14,-0.48,0.62,-0.09,6.897999999999999,29.43614519834299,63.09,-48.32,111.41,7.6,-1.0500000000000003,43.39680228168732,77.88,-102.81,180.69,6.195,3.2730000000000006,15.977695045453748,43.07,-26.18,69.25,4.505,0.9736666666666667,0.25634679276503447,1.67,0.55,1.1199999999999999,0.9199999999999999,1.67,0.9736666666666667,0.25634679276503447,1.1199999999999999,0.55,0.7586206896551724,102.81,42.38666666666667,1.6,0.8933333333333332,-0.4,-0.23,0.17,-0.9,-0.79,0.10999999999999999,0.1,0.05,-0.05,-28.86,9.91,38.769999999999996,8.63,10.11,1.4799999999999986,-6.01,-22.44,-16.43,normal_542.csv,0,normal
23,4.400000095367432,-0.3752173913043478,0.38995185676296684,0.31,-1.22,1.53,-0.37,-0.8626086956521739,0.7540871506862051,0.39,-2.0,2.39,-0.96,0.024347826086956514,0.22082131993077203,0.37,-0.45,0.8200000000000001,0.02,13.099130434782607,53.84516783528013,120.44,-96.4,216.84,25.36,22.253478260869564,56.25754871438835,106.44,-119.64,226.07999999999998,28.14,0.2769565217391303,41.79682615558078,69.76,-91.67,161.43,10.22,1.0947826086956522,0.6639199675564504,2.16,0.19,1.9700000000000002,1.15,2.16,1.0947826086956522,0.6639199675564504,1.9700000000000002,0.19,0.9090909090909091,120.44,68.24956521739131,2.0,0.9600000000000001,-0.43,-0.31,0.12,-0.7,-0.4,0.29999999999999993,0.01,-0.03,-0.04,15.35,25.36,10.01,36.13,-80.26,-116.39000000000001,10.22,-54.89,-65.11,normal_543.csv,0,normal
20,3.8000001907348633,-0.191,0.3513118272987688,0.28,-1.16,1.44,-0.11,-0.9030000000000001,0.5481365561705644,0.0,-1.69,1.69,-0.815,0.15000000000000002,0.3166768234751571,0.81,-0.41,1.22,0.125,2.7474999999999983,43.6795518671585,56.29,-137.74,194.03,18.27,25.646000000000004,98.5335396491442,250.13,-120.44,370.57,12.91,1.6054999999999997,50.56409631921595,103.65,-87.61,191.26,-9.96,1.031,0.5662145771422888,1.92,0.13,1.79,0.9,1.92,1.031,0.5662145771422888,1.79,0.13,0.5263157894736842,250.13,94.6245,1.69,0.93,-0.2,-0.08,0.12000000000000001,-0.77,-0.19,0.5800000000000001,0.12,-0.04,-0.16,37.56,26.43,-11.130000000000003,-67.47,-120.44,-52.97,-20.47,-53.24,-32.77,normal_544.csv,0,normal
36,7.0,-0.27749999999999997,0.22811494596239976,0.06,-0.67,0.73,-0.255,-0.9119444444444446,0.19356533698609285,-0.5,-1.46,0.96,-0.915,0.10249999999999998,0.15929083912319447,0.44,-0.28,0.72,0.1,0.05583333333333308,25.313399317357597,54.72,-50.73,105.44999999999999,-1.815,2.0441666666666674,44.176005728708176,107.19,-89.09,196.28,-4.185,-0.5797222222222227,19.74138994760734,48.97,-37.7,86.67,-3.0999999999999996,0.9988888888888889,0.18516059095942755,1.49,0.56,0.9299999999999999,0.99,1.49,0.9988888888888889,0.18516059095942755,0.9299999999999999,0.56,0.6857142857142857,107.19,38.89916666666667,1.46,0.9119444444444446,0.04,-0.58,-0.62,-0.89,-0.92,-0.030000000000000027,0.3,0.44,0.14,54.72,45.5,-9.219999999999999,72.45,-63.24,-135.69,-17.82,-1.19,16.63,normal_545.csv,0,normal
28,5.429999828338623,0.1828571428571428,0.22219206144530043,0.65,-0.29,0.94,0.16999999999999998,-0.9257142857142856,0.23142759161070262,-0.48,-1.39,0.9099999999999999,-0.95,0.29750000000000004,0.23557062320781536,0.8,-0.11,0.91,0.25,-3.1917857142857153,31.75167467774369,57.05,-82.98,140.03,-0.85,-20.0925,46.783597681634504,44.55,-147.76,192.31,-11.425,1.6124999999999996,31.176040375880298,53.5,-60.9,114.4,-4.9399999999999995,1.0271428571428571,0.27649736644458955,1.55,0.48,1.07,1.025,1.55,1.0271428571428571,0.27649736644458955,1.07,0.48,0.1111111111111111,147.76,48.69,1.39,0.9257142857142856,0.06,0.51,0.45,-0.93,-0.97,-0.039999999999999925,0.34,-0.11,-0.45,20.02,12.1,-7.92,-125.73,-5.09,120.64,50.29,-3.56,-53.85,normal_546.csv,0,normal
26,5.0,0.35615384615384615,0.1834137818829746,0.69,-0.01,0.7,0.35,-0.4884615384615384,0.25315121659106926,-0.14,-0.85,0.71,-0.47,0.536923076923077,0.3593412776820301,1.01,-0.04,1.05,0.675,2.7149999999999994,36.41312787992814,114.89,-64.81,179.7,-0.4,7.270769230769229,31.89093136590111,88.24,-51.79,140.03,12.5,-1.3553846153846154,16.212948215736514,20.13,-56.54,76.67,0.775,0.9307692307692309,0.07514908259842308,1.14,0.78,0.3599999999999999,0.93,1.14,0.9307692307692309,0.07514908259842308,0.3599999999999999,0.78,0.8,114.89,33.18653846153847,1.01,0.7949999999999999,0.3,0.49,0.19,-0.77,-0.85,-0.07999999999999996,0.05,0.09,0.039999999999999994,13.19,-1.36,-14.549999999999999,38.96,-14.86,-53.82,7.69,0.34,-7.3500000000000005,normal_547.csv,0,normal
25,4.799999952316284,0.2932,0.19355705446542973,0.54,-0.52,1.06,0.29,-0.5668,0.25337258467850593,0.11,-0.89,1.0,-0.62,0.5576,0.3345678805065822,0.99,0.01,0.98,0.78,-0.0888000000000001,33.467638513445586,111.28,-72.56,183.84,-0.34,0.7064000000000001,25.759821570293017,71.77,-45.8,117.57,-0.32,-1.9191999999999998,8.685528634842365,14.21,-20.06,34.269999999999996,-1.44,0.9584,0.07133722730804723,1.14,0.73,0.4099999999999999,0.95,1.14,0.9584,0.07133722730804723,0.4099999999999999,0.73,0.125,111.28,25.764,0.99,0.8112,0.54,0.33,-0.21000000000000002,-0.82,-0.83,-0.010000000000000009,0.02,0.27,0.25,-6.03,-0.34,5.69,10.61,-2.74,-13.35,-0.95,-1.79,-0.8400000000000001,normal_548.csv,0,normal
19,3.5999999046325684,0.1957894736842105,0.11672930649220892,0.41,-0.21,0.62,0.2,-0.4373684210526315,0.17950060678520643,-0.01,-0.86,0.85,-0.38,0.7652631578947368,0.3418149015192064,1.74,0.13,1.6099999999999999,0.82,15.080526315789472,62.48083817136651,250.13,-25.48,275.61,-0.9,9.242105263157892,38.10388644204557,119.41,-53.35,172.76,-0.34,0.706842105263158,13.245708341711449,45.27,-18.8,64.07000000000001,-1.21,0.9568421052631578,0.2426257436093464,1.9,0.62,1.2799999999999998,0.93,1.9,0.9568421052631578,0.2426257436093464,1.2799999999999998,0.62,0.16666666666666666,250.13,32.32157894736842,1.74,0.851578947368421,0.41,0.15,-0.26,-0.86,-0.4,0.45999999999999996,0.19,0.76,0.5700000000000001,-11.59,-22.62,-11.030000000000001,18.82,-8.91,-27.73,-10.76,7.46,18.22,normal_549.csv,0,normal
20,3.799999952316284,0.336,0.06150738081512529,0.52,0.27,0.25,0.31,-0.4745000000000001,0.19527241430748402,-0.15,-0.86,0.71,-0.39,0.6779999999999999,0.2371896864714422,0.83,0.1,0.73,0.79,-0.8285000000000002,12.13848610824266,20.4,-30.91,51.31,-2.025,-5.115000000000001,23.420644851565424,42.57,-75.76,118.33000000000001,-1.815,-3.793499999999999,13.57240632390044,12.05,-42.03,54.08,-0.97,0.9409999999999998,0.09738150694426967,1.24,0.65,0.59,0.94,1.24,0.9409999999999998,0.09738150694426967,0.59,0.65,0.21052631578947367,75.76,16.619999999999997,0.86,0.7849999999999999,0.39,0.36,-0.030000000000000027,-0.85,-0.41,0.44,0.24,0.71,0.47,-3.96,-12.59,-8.629999999999999,11.7,0.11,-11.59,-2.76,-1.33,1.4299999999999997,normal_550.csv,0,normal
20,3.799999952316284,0.37750000000000006,0.1699496829559917,0.98,0.06,0.9199999999999999,0.335,-0.4345,0.23667599438005849,-0.05,-0.94,0.8899999999999999,-0.33499999999999996,0.6535,0.3094013744738633,0.99,-0.03,1.02,0.795,8.115999999999996,56.488241105188386,229.89,-64.24,294.13,-2.4400000000000004,9.728500000000002,50.14949233882738,207.8,-41.05,248.85000000000002,-3.2800000000000002,-2.2935,15.700645737642363,18.76,-59.69,78.45,-0.47,0.9564999999999999,0.11833382752553093,1.38,0.7,0.6799999999999999,0.94,1.38,0.9564999999999999,0.11833382752553093,0.6799999999999999,0.7,0.21052631578947367,229.89,28.508,0.99,0.8179999999999998,0.46,0.51,0.04999999999999999,-0.82,-0.51,0.30999999999999994,0.21,0.73,0.52,5.4,-64.24,-69.64,4.24,-41.05,-45.29,-1.37,4.62,5.99,normal_551.csv,0,normal
22,4.199999809265137,0.4040909090909091,0.20385940745685002,0.66,-0.46,1.12,0.415,-0.42090909090909095,0.174189527073218,0.09,-0.82,0.9099999999999999,-0.395,0.6718181818181819,0.2714272043711302,1.25,-0.01,1.26,0.745,6.863181818181817,34.64066814300699,134.5,-16.55,151.05,-2.15,5.03,45.068728045276,168.53,-103.31,271.84000000000003,0.01999999999999999,2.1336363636363638,20.032088673510227,69.14,-35.66,104.8,0.72,0.956818181818182,0.1350973674847097,1.34,0.64,0.7000000000000001,0.94,1.34,0.956818181818182,0.1350973674847097,0.7000000000000001,0.64,0.19047619047619047,168.53,22.50409090909091,1.25,0.7595454545454546,0.52,0.66,0.14,-0.82,-0.51,0.30999999999999994,0.16,0.57,0.4099999999999999,13.27,-12.27,-25.54,17.4,10.37,-7.029999999999999,6.43,8.35,1.92,normal_552.csv,0,normal
20,3.799999952316284,0.08750000000000001,0.15158374444163653,0.55,-0.32,0.8700000000000001,0.08,-0.5619999999999999,0.30029108685091743,-0.26,-1.49,1.23,-0.435,0.645,0.3630209505335964,0.99,-0.07,1.06,0.83,18.184500000000003,59.95815773257389,250.13,-20.65,270.78,-1.1,10.582,41.455986247941006,180.87,-30.35,211.22,1.9,-2.9615,19.15722050902946,15.33,-78.56,93.89,-0.585,0.9729999999999999,0.1763698267546739,1.64,0.62,1.02,0.95,1.64,0.9729999999999999,0.1763698267546739,1.02,0.62,0.21052631578947367,250.13,27.8545,1.49,0.8805,0.15,0.02,-0.13,-0.97,-0.42,0.55,0.02,0.85,0.83,-1.21,10.99,12.2,10.29,18.48,8.190000000000001,3.16,13.08,9.92,normal_553.csv,0,normal
25,4.799999952316284,0.3356,0.1853393284402063,0.9,0.19,0.71,0.25,-0.3192,0.14860237772884613,0.26,-0.65,0.91,-0.32,0.7812,0.28067359453049134,1.2,-0.02,1.22,0.85,0.8547999999999994,27.784376023225718,71.47,-88.34,159.81,-1.98,8.538,34.264844836459815,112.86,-51.4,164.26,-1.85,3.2876,21.606092944661082,103.98,-21.37,125.35000000000001,0.05,0.9652000000000001,0.15591450648779714,1.57,0.73,0.8400000000000001,0.93,1.57,0.9652000000000001,0.15591450648779714,0.8400000000000001,0.73,0.125,112.86,20.903999999999996,1.2,0.8475999999999999,0.63,0.29,-0.34,-0.65,-0.31,0.34,0.11,0.92,0.81,5.36,-3.27,-8.63,20.07,36.31,16.240000000000002,5.4,3.31,-2.0900000000000003,normal_554.csv,0,normal
29,5.6000001430511475,-0.4527586206896552,0.18776688723224524,-0.1,-0.85,0.75,-0.44,-0.8341379310344827,0.16689426167870716,-0.51,-1.16,0.6499999999999999,-0.84,0.14758620689655172,0.21952310604733605,0.81,-0.21,1.02,0.12,-16.833103448275864,31.83022430505862,33.76,-97.16,130.92,-10.69,-36.33758620689655,67.97864783755749,105.01,-153.58,258.59000000000003,-42.05,5.808620689655173,19.948291141301503,44.94,-24.76,69.7,0.1,0.9944827586206898,0.2042160306932789,1.48,0.56,0.9199999999999999,1.01,1.48,0.9944827586206898,0.2042160306932789,0.9199999999999999,0.56,0.42857142857142855,153.58,67.39724137931034,1.16,0.8368965517241379,-0.42,-0.44,-0.020000000000000018,-0.72,-0.81,-0.09000000000000008,-0.08,0.07,0.15000000000000002,-19.56,-7.44,12.119999999999997,-65.22,79.46,144.68,-3.21,9.72,12.93,normal_555.csv,0,normal
27,5.170000076293945,-0.3918518518518518,0.14733627254677378,-0.11,-0.7,0.59,-0.41,-0.8644444444444445,0.1432408765609479,-0.65,-1.23,0.58,-0.84,0.14555555555555555,0.13678543932106374,0.36,-0.15,0.51,0.16,0.922592592592592,22.754947829257944,51.55,-32.61,84.16,-1.56,-6.035185185185184,48.63575262724156,78.4,-141.34,219.74,-1.83,-5.66,18.899915750727978,27.88,-49.39,77.27,-9.31,0.9774074074074076,0.15873520748991413,1.42,0.74,0.6799999999999999,0.94,1.42,0.9774074074074076,0.15873520748991413,0.6799999999999999,0.74,0.23076923076923078,141.34,41.68592592592592,1.23,0.8644444444444445,-0.4,-0.36,0.040000000000000036,-0.73,-0.9,-0.17000000000000004,0.17,0.1,-0.07,51.55,25.34,-26.209999999999997,-1.02,43.56,44.580000000000005,-12.59,-13.89,-1.3000000000000007,normal_556.csv,0,normal
22,4.199999809265137,-0.3777272727272727,0.18692834935399122,-0.09,-0.71,0.62,-0.405,-0.9163636363636364,0.14750449402501525,-0.71,-1.35,0.6400000000000001,-0.89,0.03818181818181818,0.14627555091858926,0.27,-0.28,0.55,0.065,3.5781818181818195,23.44470142928302,47.56,-59.31,106.87,1.225,8.440454545454545,48.906322940833256,96.89,-99.63,196.51999999999998,9.455,-5.206818181818181,14.596670979358741,20.63,-51.96,72.59,-2.9699999999999998,1.0204545454545455,0.1333265690924882,1.36,0.88,0.4800000000000001,0.97,1.36,1.0204545454545455,0.1333265690924882,0.4800000000000001,0.88,0.47619047619047616,99.63,44.645454545454555,1.35,0.9163636363636364,-0.45,-0.49,-0.03999999999999998,-0.84,-1.09,-0.2500000000000001,0.26,-0.05,-0.31,4.24,-20.91,-25.15,27.82,2.95,-24.87,-2.51,4.37,6.88,normal_557.csv,0,normal
31,5.990000009536743,-0.3538709677419354,0.24801448102015922,0.33,-0.71,1.04,-0.4,-0.8767741935483869,0.16862951692540254,-0.65,-1.28,0.63,-0.83,0.19548387096774192,0.11910328038240367,0.46,-0.1,0.56,0.2,1.571612903225806,25.867570572278872,63.15,-54.72,117.87,0.87,-5.509354838709678,40.42534056220049,67.8,-92.96,160.76,-7.43,0.5603225806451607,18.880633725923317,58.48,-36.24,94.72,-3.05,1.0058064516129035,0.1511461587018426,1.33,0.76,0.5700000000000001,0.98,1.33,1.0058064516129035,0.1511461587018426,0.5700000000000001,0.76,0.3333333333333333,92.96,40.81580645161291,1.28,0.8767741935483869,-0.55,-0.7,-0.1499999999999999,-0.78,-0.95,-0.16999999999999993,0.19,0.09,-0.1,12.95,19.56,6.609999999999999,34.38,67.8,33.419999999999995,-2.6,8.27,10.87,normal_558.csv,0,normal
32,6.18999981880188,-0.2703125,0.18457421577520589,0.21,-0.55,0.76,-0.28500000000000003,-0.8971875,0.17682202415368523,-0.56,-1.3,0.74,-0.88,0.14218750000000002,0.15271171184779467,0.49,-0.22,0.71,0.165,8.860000000000001,28.90342975518482,84.4,-49.2,133.60000000000002,6.699999999999999,20.4846875,62.64910328037169,145.6,-129.11,274.71000000000004,14.01,-2.0615625,22.778324177132706,43.96,-49.37,93.33,-5.789999999999999,0.9793749999999999,0.16400113099531335,1.39,0.7,0.69,0.95,1.39,0.9793749999999999,0.16400113099531335,0.69,0.7,0.25806451612903225,145.6,56.15406250000001,1.3,0.8971875,-0.55,-0.36,0.19000000000000006,-0.76,-0.86,-0.09999999999999998,0.15,0.13,-0.01999999999999999,-49.2,6.81,56.010000000000005,15.29,5.25,-10.04,7.47,5.35,-2.12,normal_559.csv,0,normal
24,4.5400002002716064,-0.2966666666666667,0.23713262967793156,0.25,-0.84,1.0899999999999999,-0.245,-0.92875,0.1813551044581968,-0.66,-1.43,0.7699999999999999,-0.885,0.04291666666666668,0.1633741815232927,0.3,-0.44,0.74,0.045,0.5095833333333334,25.377085946246634,64.73,-58.59,123.32000000000001,1.7899999999999998,0.05041666666666581,63.42085711507016,127.7,-142.3,270.0,1.095,-1.4066666666666674,21.366586402435782,60.05,-48.05,108.1,-5.625,1.0154166666666666,0.17778783561524567,1.48,0.82,0.66,0.95,1.48,1.0154166666666666,0.17778783561524567,0.66,0.82,0.9565217391304348,142.3,53.21666666666666,1.43,0.92875,-0.11,-0.12,-0.009999999999999995,-0.95,-0.87,0.07999999999999996,0.01,-0.05,-0.060000000000000005,36.56,-9.21,-45.77,103.57,-1.02,-104.58999999999999,-10.01,-8.51,1.5,normal_560.csv,0,normal
24,4.599999904632568,-0.27125,0.2647445446332058,0.3,-0.81,1.11,-0.255,-0.9154166666666667,0.18408360970580415,-0.68,-1.39,0.7099999999999999,-0.865,0.08666666666666667,0.14609903331723958,0.38,-0.25,0.63,0.095,2.950416666666667,29.74485654904371,49.99,-82.34,132.33,11.149999999999999,29.673333333333332,39.50892652758765,104.71,-62.82,167.53,36.269999999999996,-5.827083333333334,15.652829575890873,21.09,-33.52,54.61,-4.01,1.0016666666666667,0.1958408108347333,1.47,0.69,0.78,0.975,1.47,1.0016666666666667,0.1958408108347333,0.78,0.69,0.8695652173913043,104.71,48.01250000000001,1.39,0.9154166666666667,-0.1,-0.35,-0.24999999999999997,-0.93,-0.82,0.1100000000000001,0.38,0.14,-0.24,-24.75,-1.22,23.53,0.42,54.34,53.92,16.55,-27.25,-43.8,normal_561.csv,0,normal
33,6.390000104904175,-0.23272727272727275,0.27843617679004024,0.65,-0.69,1.3399999999999999,-0.34,-0.9321212121212121,0.1753880977959589,-0.67,-1.49,0.82,-0.89,0.053333333333333344,0.17527953864232604,0.4,-0.42,0.8200000000000001,0.07,0.8487878787878776,29.663603620174815,96.44,-50.76,147.2,2.92,-3.6636363636363645,54.43243224506541,113.16,-146.64,259.79999999999995,-5.31,-2.814242424242423,24.18946852846077,34.18,-48.73,82.91,-8.62,1.0136363636363637,0.1893874695864635,1.63,0.72,0.9099999999999999,0.95,1.63,1.0136363636363637,0.1893874695864635,0.9099999999999999,0.72,0.3125,146.64,48.22939393939394,1.49,0.9321212121212121,-0.1,-0.41,-0.30999999999999994,-0.86,-1.2,-0.33999999999999997,0.4,-0.4,-0.8,-30.17,96.44,126.61,15.81,30.0,14.19,32.74,-24.95,-57.69,normal_562.csv,0,normal
33,6.400000095367432,-0.20242424242424242,0.22083690677497586,0.51,-0.57,1.08,-0.17,-0.9509090909090909,0.21119250158865188,-0.58,-1.4,0.82,-0.89,0.06272727272727273,0.14990148279938575,0.3,-0.42,0.72,0.06,0.8796969696969695,28.424277198906974,87.05,-84.63,171.68,-0.6,8.351515151515153,48.142756732010845,79.63,-161.22,240.85,13.53,0.5806060606060602,25.25124983780431,33.88,-71.14,105.02000000000001,6.66,1.0048484848484847,0.2323133822571519,1.55,0.6,0.9500000000000001,0.94,1.55,1.0048484848484847,0.2323133822571519,0.9500000000000001,0.6,0.9375,161.22,44.232727272727274,1.4,0.9509090909090909,-0.07,-0.05,0.020000000000000004,-0.9,-0.92,-0.020000000000000018,0.06,0.03,-0.03,2.83,-2.21,-5.04,59.54,-18.95,-78.49,24.31,6.4,-17.909999999999997,normal_563.csv,0,normal
29,5.5899999141693115,-0.2624137931034483,0.18284761751668271,0.01,-0.65,0.66,-0.32,-0.9386206896551725,0.15237932316452527,-0.67,-1.32,0.65,-0.92,0.01862068965517241,0.17091610594363527,0.35,-0.47,0.82,0.03,13.048620689655172,30.405412549664096,83.79,-38.77,122.56,5.08,33.96448275862069,52.16698063404578,137.6,-79.01,216.61,39.69,-3.4155172413793102,29.100110528288734,101.39,-39.55,140.94,-9.76,1.007241379310345,0.14652880145272607,1.37,0.74,0.6300000000000001,0.98,1.37,1.007241379310345,0.14652880145272607,0.6300000000000001,0.74,0.5,137.6,56.21344827586207,1.32,0.9386206896551725,-0.65,-0.32,0.33,-0.81,-0.82,-0.009999999999999898,-0.16,0.07,0.23,25.59,6.2,-19.39,39.73,52.19,12.46,-10.47,-6.39,4.080000000000001,normal_564.csv,0,normal
19,3.6000001430511475,-0.19210526315789478,0.20892792344007646,0.26,-0.58,0.84,-0.12,-0.9463157894736842,0.10420122233852203,-0.84,-1.22,0.38,-0.93,0.02052631578947369,0.18325676231908203,0.28,-0.48,0.76,0.05,-10.614736842105264,12.770351673753742,10.17,-38.79,48.96,-8.49,-9.74368421052632,38.90542010376308,88.72,-86.91,175.63,-8.41,2.933157894736842,17.233712778747094,28.73,-36.62,65.35,4.91,0.9994736842105262,0.1130129630819465,1.31,0.87,0.44000000000000006,0.96,1.31,0.9994736842105262,0.1130129630819465,0.44000000000000006,0.87,0.6666666666666666,88.72,31.818947368421057,1.22,0.9463157894736842,-0.1,0.01,0.11,-0.99,-0.95,0.040000000000000036,0.17,0.0,-0.17,-7.83,2.63,10.46,3.6,22.44,18.84,7.51,10.63,3.120000000000001,normal_565.csv,0,normal
17,3.1999998092651367,-0.2535294117647059,0.14962207292335697,0.04,-0.47,0.51,-0.28,-0.9394117647058823,0.1704211910325156,-0.74,-1.5,0.76,-0.91,0.06,0.13656500283747663,0.25,-0.22,0.47,0.09,-13.40529411764706,19.203513388715834,19.69,-60.23,79.92,-13.66,-56.260000000000005,48.478686296144616,-4.71,-170.45,165.73999999999998,-39.98,13.104117647058821,18.337605166304954,57.93,-13.27,71.2,11.86,0.9952941176470587,0.16797014790799972,1.54,0.82,0.7200000000000001,0.96,1.54,0.9952941176470587,0.16797014790799972,0.7200000000000001,0.82,0.875,170.45,59.04588235294118,1.5,0.9394117647058823,-0.38,-0.34,0.03999999999999998,-0.88,-0.91,-0.030000000000000027,0.17,0.17,0.0,-4.58,-7.02,-2.4399999999999995,-15.15,-11.02,4.130000000000001,-13.27,8.73,22.0,normal_566.csv,0,normal
26,5.0,-0.2553846153846154,0.1575621977310743,-0.0,-0.51,0.51,-0.25,-0.966153846153846,0.09217708709118218,-0.81,-1.17,0.3599999999999999,-0.96,-0.0007692307692307697,0.07646819348843424,0.19,-0.17,0.36,0.0,-5.352692307692307,14.631364818824608,33.16,-38.6,71.75999999999999,-8.35,-7.886153846153847,22.689781149570056,31.64,-56.44,88.08,-11.205,-0.9369230769230774,13.894654157403348,19.03,-30.07,49.1,0.98,1.0146153846153845,0.09407362092449804,1.23,0.86,0.37,0.99,1.23,1.0146153846153845,0.09407362092449804,0.37,0.86,0.32,56.44,23.435769230769235,1.17,0.966153846153846,-0.1,-0.0,0.1,-0.98,-0.89,0.08999999999999997,0.09,0.01,-0.08,2.86,-8.16,-11.02,0.6,-35.96,-36.56,1.59,11.47,9.88,normal_567.csv,0,normal
20,3.8000001907348633,-0.28350000000000003,0.14644111444536334,-0.06,-0.53,0.47000000000000003,-0.335,-0.952,0.1386627867203477,-0.71,-1.25,0.54,-0.915,0.0025,0.0888449269943511,0.16,-0.18,0.33999999999999997,0.005,-2.5264999999999995,12.844377543255424,15.73,-29.13,44.86,-2.1550000000000002,-4.036499999999999,26.156908169735964,47.79,-40.41,88.19999999999999,-10.945,-3.2939999999999996,15.00558927445651,23.89,-38.86,62.75,-4.67,1.0065,0.13627661497657506,1.32,0.82,0.5000000000000001,0.98,1.32,1.0065,0.13627661497657506,0.5000000000000001,0.82,1.0,47.79,26.155,1.25,0.952,-0.22,-0.4,-0.18000000000000002,-0.9,-1.25,-0.35,-0.0,0.16,0.16,-29.13,-21.45,7.68,-40.41,47.79,88.19999999999999,13.37,-10.89,-24.259999999999998,normal_568.csv,0,normal
18,3.3999998569488525,-0.22888888888888884,0.18422776468558086,0.06,-0.48,0.54,-0.255,-0.9466666666666668,0.21166010488516726,-0.46,-1.4,0.94,-0.9450000000000001,0.035,0.12291795446317745,0.3,-0.18,0.48,0.03,-10.906666666666666,21.107931322275103,28.26,-48.71,76.97,-14.5,-69.32166666666666,53.61509689169537,51.52,-170.67,222.19,-67.32,7.948333333333333,16.044767609630835,33.24,-25.01,58.25,6.3100000000000005,1.001111111111111,0.20157873629950301,1.41,0.5,0.9099999999999999,0.99,1.41,1.001111111111111,0.20157873629950301,0.9099999999999999,0.5,1.0,170.67,76.78833333333333,1.4,0.9466666666666668,-0.44,-0.09,0.35,-0.84,-1.4,-0.5599999999999999,0.3,-0.06,-0.36,-36.44,28.26,64.7,51.52,-100.84,-152.36,0.85,24.5,23.65,normal_569.csv,0,normal
20,3.8000001907348633,-0.23399999999999993,0.29475056359037227,0.16,-0.8,0.9600000000000001,-0.165,-0.9415000000000001,0.4377847945232788,-0.23,-1.71,1.48,-0.865,-0.065,0.13835499724678504,0.19,-0.38,0.5700000000000001,-0.03,-0.6509999999999992,35.21244530291139,49.95,-97.33,147.28,14.17,-41.99099999999999,62.63087038564256,40.47,-168.26,208.73,-15.545000000000002,4.735,16.284129665025652,35.45,-30.46,65.91,4.905,1.026,0.4325128534749605,1.73,0.38,1.35,0.93,1.73,1.026,0.4325128534749605,1.35,0.38,0.5789473684210527,168.26,64.05499999999998,1.71,0.9495000000000001,0.06,0.16,0.1,-0.95,-0.9,0.04999999999999993,-0.14,-0.2,-0.06,26.76,25.99,-0.7700000000000031,-168.26,-52.6,115.66,-11.98,11.89,23.87,normal_570.csv,0,normal
18,3.3999998569488525,-0.20666666666666667,0.2836111671243695,0.39,-0.6,0.99,-0.28,-0.9116666666666665,0.35967714280841306,-0.3,-1.6,1.3,-0.8200000000000001,-0.027777777777777776,0.14144446241444883,0.34,-0.22,0.56,-0.065,-7.626666666666667,39.96213075046984,59.7,-66.63,126.33,-16.09,4.6211111111111105,54.35145659489659,106.62,-82.27,188.89,4.904999999999999,-3.915555555555555,23.056506858080912,31.77,-57.81,89.58,-3.505,0.98,0.36972167592265787,1.65,0.33,1.3199999999999998,0.915,1.65,0.98,0.36972167592265787,1.3199999999999998,0.33,0.9411764705882353,106.62,53.20611111111111,1.6,0.9116666666666665,0.19,-0.1,-0.29000000000000004,-0.93,-0.57,0.3600000000000001,-0.01,-0.13,-0.12000000000000001,-58.05,24.21,82.25999999999999,106.62,22.14,-84.48,-11.76,23.69,35.45,normal_571.csv,0,normal
20,3.8000001907348633,0.10350000000000001,0.21401610859195178,0.54,-0.29,0.8300000000000001,0.115,-0.8400000000000001,0.196923709513154,-0.5,-1.39,0.8899999999999999,-0.83,0.32300000000000006,0.1794465174685175,0.54,-0.03,0.5700000000000001,0.38,-1.1989999999999987,40.33744086812491,107.17,-80.08,187.25,-5.925,14.590999999999998,54.56692789593344,110.47,-90.27,200.74,29.3,4.189499999999999,38.15558819181219,88.16,-47.59,135.75,-0.665,0.9469999999999998,0.1887939561922914,1.49,0.58,0.91,0.94,1.49,0.9469999999999998,0.1887939561922914,0.91,0.58,0.10526315789473684,110.47,61.29050000000001,1.39,0.8400000000000001,0.19,0.54,0.35000000000000003,-0.86,-0.88,-0.020000000000000018,0.47,0.25,-0.21999999999999997,-4.38,-0.2,4.18,-40.88,-3.99,36.89,-14.73,80.24,94.97,normal_572.csv,0,normal
23,4.400000095367432,0.015652173913043476,0.2215405993359912,0.63,-0.37,1.0,0.01,-0.9139130434782609,0.2131311830440838,-0.64,-1.47,0.83,-0.86,0.4747826086956522,0.1909038207441212,0.98,0.23,0.75,0.44,-3.8073913043478265,24.285381165217917,63.17,-48.17,111.34,-4.67,6.1099999999999985,76.48065001863365,132.24,-146.3,278.54,20.5,0.11086956521739191,31.607387645215805,61.63,-64.92,126.55000000000001,0.16,1.071304347826087,0.19633700961325026,1.55,0.84,0.7100000000000001,1.01,1.55,1.071304347826087,0.19633700961325026,0.7100000000000001,0.84,0.09090909090909091,146.3,66.61304347826088,1.47,0.9291304347826087,-0.11,-0.37,-0.26,-0.8,-1.23,-0.42999999999999994,0.52,0.4,-0.12,10.52,-16.89,-27.41,20.5,97.31,76.81,-37.79,-7.22,30.57,normal_573.csv,0,normal
23,4.3999998569488525,0.0626086956521739,0.36098624238837124,0.73,-0.74,1.47,0.03,-0.8456521739130435,0.38298856008260895,0.14,-1.89,2.03,-0.82,0.49173913043478257,0.43269401506369004,2.0,-0.04,2.04,0.45,-1.143478260869565,33.64796327872349,91.96,-114.31,206.26999999999998,-1.5,-17.227391304347826,91.33979971002341,90.79,-250.14,340.93,-1.01,10.104782608695652,40.4294420024864,65.73,-99.61,165.34,13.55,1.08,0.4975302640406548,2.85,0.46,2.39,0.96,2.85,1.08,0.4975302640406548,2.39,0.46,0.5,250.14,75.67086956521739,2.0,0.8926086956521739,-0.15,-0.12,0.03,-0.94,-0.88,0.05999999999999994,0.6,1.14,0.5399999999999999,7.44,-10.37,-17.81,7.71,33.78,26.07,6.28,54.53,48.25,normal_574.csv,0,normal
21,4.0,-0.06476190476190476,0.4321529711527973,1.01,-0.84,1.85,-0.06,-0.8804761904761905,0.6415097519950589,0.19,-1.8,1.99,-0.83,0.48,0.5939612781991769,2.0,-0.47,2.4699999999999998,0.38,0.15523809523809548,38.99592101990253,70.29,-64.56,134.85000000000002,-1.72,23.53809523809524,120.88653587637656,218.77,-233.88,452.65,36.17,-9.269047619047617,56.85291310959905,83.98,-108.9,192.88,-11.88,1.2219047619047618,0.6674550100764773,2.66,0.24,2.42,1.23,2.66,1.2219047619047618,0.6674550100764773,2.42,0.24,0.15,233.88,107.12,2.0,1.053809523809524,0.19,-0.57,-0.76,-0.57,-1.4,-0.83,0.31,0.39,0.08000000000000002,1.55,29.78,28.23,11.13,-67.62,-78.75,5.09,28.46,23.37,normal_575.csv,0,normal
27,5.18999981880188,-0.09222222222222223,0.27206239857420345,0.54,-0.77,1.31,-0.03,-0.7803703703703703,0.43958443208839065,0.28,-2.0,2.2800000000000002,-0.77,0.47555555555555556,0.38159919905307554,1.17,-0.35,1.52,0.54,-7.415925925925926,37.19562270144362,65.1,-86.44,151.54,-10.97,-72.25814814814814,76.53305570581588,70.31,-250.14,320.45,-82.53,32.517407407407404,45.69378156586708,121.13,-73.75,194.88,34.83,1.0344444444444445,0.42045152774069827,2.14,0.32,1.82,1.01,2.14,1.0344444444444445,0.42045152774069827,1.82,0.32,0.8846153846153846,250.14,96.30037037037036,2.0,0.8414814814814814,-0.2,0.13,0.33,-0.68,0.28,0.9600000000000001,0.45,-0.31,-0.76,-10.97,-37.62,-26.65,-112.76,-10.24,102.52000000000001,53.41,48.9,-4.509999999999998,normal_576.csv,0,normal
29,5.599999904632568,-0.19689655172413795,0.35208667204332217,0.4,-1.03,1.4300000000000002,-0.18,-0.8089655172413793,0.5445466320552893,0.32,-2.0,2.32,-0.83,0.5537931034482758,0.5110033113752328,2.0,-0.3,2.3,0.47,-2.0075862068965504,48.13755481171879,113.37,-90.63,204.0,-9.25,-27.307586206896552,108.02174237674734,247.42,-221.34,468.76,-38.65,42.456896551724135,58.02153467854156,176.89,-61.78,238.67,48.38,1.146896551724138,0.5963765795456272,2.32,0.26,2.0599999999999996,1.01,2.32,1.146896551724138,0.5963765795456272,2.0599999999999996,0.26,0.6071428571428571,247.42,105.18275862068968,2.0,0.9341379310344827,-0.66,-0.09,0.5700000000000001,-1.26,-0.5,0.76,0.4,0.59,0.18999999999999995,-55.73,7.86,63.589999999999996,-87.02,-97.88,-10.86,67.16,25.29,-41.87,normal_577.csv,0,normal
25,4.799999952316284,0.0616,0.20051350744193436,0.46,-0.53,0.99,0.06,-0.9595999999999999,0.18079638639456636,-0.5,-1.29,0.79,-1.01,-0.3908,0.18645642922677672,-0.11,-0.76,0.65,-0.35,6.504,37.561446768373195,81.02,-67.33,148.35,2.6,-21.770799999999994,66.77987633012408,115.62,-132.74,248.36,-34.68,-8.360800000000001,27.727935961168598,40.39,-61.92,102.31,-1.42,1.0715999999999999,0.19104275263231876,1.35,0.62,0.7300000000000001,1.1,1.35,1.0715999999999999,0.19104275263231876,0.7300000000000001,0.62,0.3333333333333333,132.74,64.3124,1.29,0.9611999999999999,0.12,0.05,-0.06999999999999999,-0.74,-1.06,-0.32000000000000006,-0.15,-0.29,-0.13999999999999999,45.04,1.48,-43.56,73.19,10.33,-62.86,27.05,-2.6,-29.650000000000002,normal_578.csv,0,normal
22,4.200000047683716,0.17818181818181816,0.1487291038107415,0.53,-0.06,0.5900000000000001,0.165,-0.9368181818181818,0.2685656142872523,-0.45,-1.44,0.99,-0.92,-0.3854545454545455,0.26431812133122706,-0.04,-0.94,0.8999999999999999,-0.28,8.246818181818183,36.1304400598408,98.95,-49.13,148.08,-0.84,-53.67545454545454,56.61690499078814,73.5,-158.55,232.05,-47.65,-12.873636363636363,34.47834648911366,58.62,-69.22,127.84,-13.29,1.065,0.2895439764279587,1.72,0.49,1.23,0.975,1.72,1.065,0.2895439764279587,1.23,0.49,0.7142857142857143,158.55,70.34772727272728,1.44,0.943181818181818,-0.05,0.44,0.49,-0.87,-0.67,0.19999999999999996,-0.24,-0.81,-0.5700000000000001,39.07,98.95,59.88,-95.35,-22.1,73.25,-7.76,12.14,19.9,normal_579.csv,0,normal
24,4.599999904632568,0.20458333333333334,0.1917421086560906,0.58,-0.18,0.76,0.18,-0.8558333333333333,0.44352262494779193,-0.22,-1.96,1.74,-0.905,-0.43416666666666665,0.19158189681806,-0.11,-0.96,0.85,-0.385,18.885,39.786058733747645,98.58,-52.1,150.68,27.98,-32.861666666666665,71.56211109887366,63.93,-176.3,240.23000000000002,-30.400000000000002,-10.52625,36.90679774931301,57.89,-72.83,130.72,-2.95,1.0145833333333334,0.44926005993107754,2.2,0.45,1.7500000000000002,0.96,2.2,1.0145833333333334,0.44926005993107754,1.7500000000000002,0.45,0.17391304347826086,176.3,74.145,1.96,0.875,0.19,0.03,-0.16,-0.92,-0.55,0.37,-0.11,-0.42,-0.31,-22.21,40.16,62.37,27.82,49.99,22.17,15.66,22.37,6.710000000000001,normal_580.csv,0,normal
23,4.400000095367432,0.18086956521739128,0.22154238345739669,0.77,-0.22,0.99,0.15,-0.9056521739130435,0.5954664030439922,0.05,-2.0,2.05,-0.75,-0.44652173913043475,0.31189463103677373,-0.1,-1.48,1.38,-0.36,16.270434782608696,35.64399751561657,61.65,-84.49,146.14,20.44,-16.559130434782606,97.65851305409457,164.91,-204.98,369.89,-16.52,-9.893913043478259,35.40203188045599,64.4,-79.89,144.29000000000002,-8.11,1.0704347826086955,0.6381541439671536,2.49,0.31,2.18,0.87,2.49,1.0704347826086955,0.6381541439671536,2.18,0.31,0.5909090909090909,204.98,84.77478260869565,2.0,0.9300000000000002,0.18,0.16,-0.01999999999999999,-0.71,-0.42,0.29,-0.16,-0.18,-0.01999999999999999,-21.66,20.0,41.66,104.57,42.45,-62.11999999999999,43.13,18.87,-24.26,normal_581.csv,0,normal
21,4.0,0.0680952380952381,0.20198066857051067,0.46,-0.36,0.8200000000000001,0.1,-0.7638095238095239,0.28800132274828516,-0.2,-1.25,1.05,-0.73,-0.3738095238095238,0.21046320795987575,-0.04,-0.83,0.7899999999999999,-0.34,24.324285714285715,28.692980425781595,79.5,-33.82,113.32,32.76,-21.79809523809524,89.4235514626347,150.98,-202.02,353.0,-35.89,1.0380952380952397,37.82702851388774,77.04,-82.22,159.26,2.3,0.909047619047619,0.2578547025342908,1.35,0.52,0.8300000000000001,0.89,1.35,0.909047619047619,0.2578547025342908,0.8300000000000001,0.52,0.75,202.02,78.40428571428572,1.25,0.7914285714285715,-0.11,0.1,0.21000000000000002,-1.19,-0.68,0.5099999999999999,-0.32,-0.24,0.08000000000000002,-31.14,42.67,73.81,92.89,-37.24,-130.13,44.27,10.66,-33.61,normal_582.csv,0,normal
21,4.0,0.0719047619047619,0.24422569577378725,0.55,-0.33,0.8800000000000001,0.09,-0.8804761904761904,0.4967441614199022,-0.35,-1.88,1.5299999999999998,-0.7,-0.34571428571428575,0.26481260220335867,0.05,-0.78,0.8300000000000001,-0.35,8.404761904761905,40.914422105053326,73.24,-96.88,170.12,7.31,-32.206190476190464,84.46652748137517,126.8,-229.82,356.62,-32.58,-0.36380952380952386,24.43007602857398,59.57,-48.02,107.59,-3.86,1.0061904761904765,0.510357484421226,2.04,0.43,1.61,0.8,2.04,1.0061904761904765,0.510357484421226,1.61,0.43,0.15,229.82,76.1595238095238,1.88,0.8895238095238095,0.18,-0.18,-0.36,-0.49,-0.7,-0.20999999999999996,-0.12,-0.24,-0.12,-6.16,34.34,40.5,126.8,43.54,-83.25999999999999,59.57,55.01,-4.560000000000002,normal_583.csv,0,normal
25,4.799999952316284,0.22999999999999995,0.2817948426308284,1.06,-0.16,1.22,0.13,-1.0272,0.6331240004927945,-0.12,-2.0,1.88,-1.0,-0.45,0.32667516995735485,-0.01,-1.48,1.47,-0.42,-4.0024,41.345792337310456,60.64,-130.47,191.11,-8.19,-17.791999999999998,85.84981246339446,130.09,-179.95,310.03999999999996,-34.57,-6.339199999999998,37.93675679337916,65.98,-87.07,153.05,4.57,1.1840000000000002,0.7002083023405726,2.55,0.34,2.21,1.18,2.55,1.1840000000000002,0.7002083023405726,2.21,0.34,0.5833333333333334,179.95,81.498,2.0,1.0436,0.35,0.64,0.29000000000000004,-1.52,-1.63,-0.10999999999999988,-0.64,-0.78,-0.14,-35.12,-130.47,-95.35,130.09,48.65,-81.44,39.15,-9.42,-48.57,normal_584.csv,0,normal
22,4.200000047683716,0.1304545454545455,0.24206408582237401,0.81,-0.13,0.9400000000000001,0.08,-0.9236363636363637,0.4927043492375278,-0.35,-2.0,1.65,-0.795,-0.415,0.2609825755906029,0.01,-1.13,1.14,-0.39,11.921363636363639,33.47853630746188,61.21,-47.44,108.65,16.275,-16.637272727272727,102.41852177087698,182.94,-184.82,367.76,-20.54,4.393181818181819,48.93744543378225,100.48,-97.3,197.78,-5.140000000000001,1.0527272727272727,0.5495815015444269,2.3,0.46,1.8399999999999999,0.905,2.3,1.0527272727272727,0.5495815015444269,1.8399999999999999,0.46,0.6666666666666666,184.82,89.4640909090909,2.0,0.925,0.21,-0.13,-0.33999999999999997,-0.68,-0.58,0.10000000000000009,-0.3,-0.0,0.3,34.14,-14.74,-48.88,182.94,-37.16,-220.1,100.48,-36.47,-136.95,normal_585.csv,0,normal
22,4.200000047683716,0.17863636363636365,0.23199539105736877,0.82,-0.19,1.01,0.16,-0.8727272727272729,0.41742044372530057,-0.22,-1.84,1.62,-0.805,-0.45,0.2509790353604783,-0.08,-1.24,1.16,-0.435,14.237727272727271,26.087903953441387,61.63,-34.56,96.19,15.775,-7.557272727272723,98.28020816022583,188.8,-190.68,379.48,-15.265,2.6663636363636356,43.864475652199744,94.34,-68.62,162.96,0.855,1.039090909090909,0.4562362492738988,2.17,0.53,1.64,0.925,2.17,1.039090909090909,0.4562362492738988,1.64,0.53,0.7142857142857143,190.68,84.73681818181817,1.84,0.8927272727272729,0.09,0.82,0.73,-0.8,-1.19,-0.3899999999999999,-0.64,-0.62,0.020000000000000018,-34.56,16.21,50.77,188.8,54.1,-134.70000000000002,94.34,3.31,-91.03,normal_586.csv,0,normal
22,4.190000057220459,0.14545454545454545,0.2717093557939697,0.7,-0.34,1.04,0.135,-0.963181818181818,0.6206631351004563,-0.24,-2.0,1.76,-0.665,-0.504090909090909,0.373078047380477,-0.06,-1.37,1.31,-0.52,-4.9422727272727265,43.056609130618256,64.73,-112.32,177.05,-8.05,-13.194999999999999,103.03573230172327,187.82,-212.81,400.63,-31.71,4.374545454545456,35.21519906264403,88.86,-54.13,142.99,7.97,1.1504545454545454,0.6825057283745458,2.43,0.38,2.0500000000000003,0.85,2.43,1.1504545454545454,0.6825057283745458,2.0500000000000003,0.38,0.38095238095238093,212.81,91.42454545454547,2.0,0.980909090909091,0.15,0.19,0.04000000000000001,-1.76,-0.67,1.0899999999999999,-0.84,-0.06,0.78,-11.5,8.79,20.29,84.06,-20.44,-104.5,11.85,8.11,-3.74,normal_587.csv,0,normal
21,4.009999990463257,0.16809523809523808,0.20461229307202067,0.52,-0.18,0.7,0.15,-0.9457142857142857,0.5321895473285004,-0.23,-2.0,1.77,-0.86,-0.4695238095238095,0.2488870464784415,-0.19,-1.04,0.8500000000000001,-0.4,19.647142857142857,34.26647722524992,92.61,-39.77,132.38,20.44,-0.6976190476190445,117.65930230562995,220.23,-201.56,421.78999999999996,30.4,-5.265238095238095,44.492961760153435,78.7,-81.57,160.26999999999998,1.45,1.100952380952381,0.5590340308237484,2.29,0.43,1.86,1.0,2.29,1.100952380952381,0.5590340308237484,1.86,0.43,0.75,220.23,103.98428571428572,2.0,0.9585714285714285,0.47,-0.02,-0.49,-0.85,-0.86,-0.010000000000000009,-0.23,-0.19,0.04000000000000001,28.69,0.5,-28.19,50.01,-54.65,-104.66,-3.07,-25.7,-22.63,normal_588.csv,0,normal
22,4.200000047683716,0.21227272727272728,0.2247523890054038,0.6,-0.13,0.73,0.245,-0.8181818181818183,0.4021565244153949,-0.33,-1.69,1.3599999999999999,-0.705,-0.4359090909090909,0.18334612312727222,-0.18,-0.84,0.6599999999999999,-0.41000000000000003,11.761363636363637,44.046014931946814,83.56,-65.11,148.67000000000002,7.145,7.924545454545453,98.25532360361049,215.13,-150.82,365.95,19.494999999999997,10.943181818181815,38.06656442981396,82.85,-49.48,132.32999999999998,12.04,0.980909090909091,0.4302259549287703,1.81,0.4,1.4100000000000001,0.88,1.81,0.980909090909091,0.4302259549287703,1.4100000000000001,0.4,0.7619047619047619,215.13,85.3359090909091,1.69,0.820909090909091,-0.08,-0.08,0.0,-0.72,-0.69,0.030000000000000027,-0.4,-0.29,0.11000000000000004,2.69,-1.92,-4.609999999999999,79.74,20.93,-58.809999999999995,77.88,8.32,-69.56,normal_589.csv,0,normal
22,4.200000047683716,0.1322727272727273,0.2051232339973732,0.59,-0.19,0.78,0.115,-0.870909090909091,0.3658637411062718,-0.32,-1.71,1.39,-0.7949999999999999,-0.4840909090909091,0.20779245806261987,-0.19,-0.93,0.74,-0.435,19.145909090909093,40.1528360688544,79.4,-79.16,158.56,29.36,3.5472727272727225,106.58937976141,250.13,-203.99,454.12,27.744999999999997,10.72318181818182,46.68282027086151,88.38,-54.66,143.04,6.305,1.0486363636363636,0.3532204957455309,1.76,0.56,1.2,0.9299999999999999,1.76,1.0486363636363636,0.3532204957455309,1.2,0.56,1.0,250.13,94.06,1.71,0.8977272727272727,0.45,-0.02,-0.47000000000000003,-1.01,-1.71,-0.7,-0.86,-0.39,0.47,-37.11,-79.16,-42.05,38.17,-101.51,-139.68,88.38,6.44,-81.94,normal_590.csv,0,normal
24,4.6000001430511475,0.08291666666666667,0.2300374103160778,0.4,-0.61,1.01,0.09,-1.0,0.6282411611170818,-0.21,-2.0,1.79,-0.78,-0.5054166666666666,0.3172432774724301,0.01,-1.16,1.17,-0.515,-2.0283333333333347,45.38141801937524,74.82,-99.58,174.39999999999998,8.985,-14.676666666666664,96.38620551973582,224.75,-187.75,412.5,-18.665,-12.159583333333336,39.965028133755695,54.53,-96.23,150.76,-9.4,1.1716666666666666,0.6559537806269895,2.15,0.38,1.77,0.855,2.15,1.1716666666666666,0.6559537806269895,1.77,0.38,0.2608695652173913,224.75,82.65458333333333,2.0,1.0229166666666667,0.26,0.24,-0.020000000000000018,-1.9,-0.74,1.16,-0.51,-0.35,0.16000000000000003,-1.69,49.76,51.449999999999996,80.4,-26.95,-107.35000000000001,-39.73,-25.92,13.809999999999995,normal_591.csv,0,normal
23,4.3999998569488525,0.11130434782608693,0.22476865576988442,0.53,-0.28,0.81,0.16,-0.9404347826086957,0.5459227239759852,-0.3,-2.0,1.7,-0.83,-0.4643478260869564,0.2673408802354389,-0.16,-1.21,1.05,-0.43,0.0917391304347832,36.654303933343826,55.32,-122.6,177.92,9.6,-7.206521739130434,115.50917077360707,233.78,-216.06,449.84000000000003,-19.97,-8.444782608695652,44.747216253646364,70.57,-78.79,149.36,-14.24,1.097391304347826,0.5684285946305621,2.32,0.46,1.8599999999999999,1.04,2.32,1.097391304347826,0.5684285946305621,1.8599999999999999,0.46,0.6818181818181818,233.78,99.14130434782611,2.0,0.9421739130434783,0.53,0.18,-0.35000000000000003,-0.83,-0.46,0.36999999999999994,-0.8,-0.17,0.63,32.21,35.54,3.3299999999999983,95.14,-19.97,-115.11,54.58,5.24,-49.339999999999996,normal_592.csv,0,normal
24,4.609999895095825,0.1925,0.20912342933218214,0.65,-0.24,0.89,0.185,-0.9479166666666666,0.4903590447352054,-0.28,-2.0,1.72,-0.9550000000000001,-0.5154166666666667,0.3373165094332501,0.11,-1.27,1.3800000000000001,-0.5449999999999999,4.671666666666667,34.53980472071212,71.37,-45.89,117.26,8.225,-1.2149999999999987,98.53572929565237,191.89,-187.92,379.80999999999995,3.62,-0.33874999999999994,42.30547300522301,93.9,-62.21,156.11,-4.975,1.1341666666666665,0.5576419036923456,2.39,0.35,2.04,1.19,2.39,1.1341666666666665,0.5576419036923456,2.04,0.35,0.6521739130434783,191.89,86.53166666666668,2.0,0.9616666666666668,0.55,0.36,-0.19000000000000006,-0.93,-1.36,-0.43000000000000005,-0.67,-1.02,-0.35,25.44,-45.32,-70.76,66.4,69.92,3.519999999999996,31.09,8.95,-22.14,normal_593.csv,0,normal
24,4.609999895095825,0.13458333333333336,0.255342551958305,0.61,-0.49,1.1,0.14500000000000002,-0.855,0.4387928103727118,-0.18,-1.65,1.47,-0.8049999999999999,-0.5166666666666666,0.28140434573243794,0.01,-0.99,1.0,-0.5800000000000001,16.282083333333333,29.120789970646275,75.47,-33.88,109.35,14.005,-4.438750000000001,106.5442281836005,240.35,-208.26,448.61,-12.145,3.506250000000001,40.00495282516252,104.15,-56.41,160.56,-5.355,1.055,0.48016301579685455,1.92,0.33,1.5899999999999999,0.985,1.92,1.055,0.48016301579685455,1.5899999999999999,0.33,0.4782608695652174,240.35,87.19291666666668,1.65,0.8783333333333333,0.28,0.17,-0.11000000000000001,-0.87,-0.79,0.07999999999999996,-0.45,-0.76,-0.31,-18.65,0.59,19.24,14.17,40.62,26.449999999999996,1.69,-4.24,-5.93,normal_594.csv,0,normal
25,4.730000019073486,0.10280000000000002,0.16087054837145714,0.38,-0.33,0.71,0.11,-0.8255999999999999,0.45172890100147456,-0.23,-1.94,1.71,-0.73,-0.486,0.2602562839459085,-0.12,-0.85,0.73,-0.5,-1.6816000000000013,41.24798092836384,85.27,-87.42,172.69,3.36,-2.615199999999998,94.34109550455729,182.6,-207.53,390.13,-2.27,5.434,42.23488536348437,88.89,-78.21,167.1,1.38,0.996,0.4831838849409888,2.06,0.34,1.72,0.94,2.06,0.996,0.4831838849409888,1.72,0.34,0.125,207.53,79.25439999999999,1.94,0.836,0.11,0.21,0.09999999999999999,-0.54,-0.81,-0.27,-0.12,-0.5,-0.38,31.66,-23.86,-55.519999999999996,44.17,58.86,14.689999999999998,10.21,-9.29,-19.5,normal_595.csv,0,normal
24,4.599999904632568,0.08291666666666667,0.18534290586268254,0.55,-0.24,0.79,0.10500000000000001,-0.9574999999999999,0.41942248078912553,-0.4,-1.78,1.38,-0.86,-0.4883333333333333,0.27329975049968197,-0.02,-1.01,0.99,-0.52,-0.05541666666666659,25.867680855892726,73.78,-57.99,131.77,1.515,-11.06125,93.36652213128271,160.89,-205.05,365.94,-25.65,0.8433333333333337,34.29556260644741,53.36,-62.66,116.02,1.35,1.1108333333333333,0.4561551668367729,1.87,0.47,1.4000000000000001,1.03,1.87,1.1108333333333333,0.4561551668367729,1.4000000000000001,0.47,0.043478260869565216,205.05,78.41541666666666,1.78,0.9708333333333333,0.16,-0.0,-0.16,-0.41,-0.59,-0.18,-0.56,-0.17,0.39,3.05,17.35,14.3,160.89,-33.91,-194.79999999999998,53.36,1.34,-52.019999999999996,normal_596.csv,0,normal
23,4.3999998569488525,0.1360869565217392,0.16255737813390922,0.47,-0.1,0.57,0.14,-0.9221739130434783,0.4313399473705496,-0.32,-1.72,1.4,-0.99,-0.5030434782608696,0.2896147092982282,-0.01,-1.06,1.05,-0.54,1.566086956521739,38.31303062680211,77.68,-108.51,186.19,6.63,-0.7052173913043476,99.61414835935547,160.87,-205.95,366.82,-7.55,-8.388695652173912,43.594541182912074,67.75,-109.44,177.19,-18.55,1.0856521739130434,0.48616145921584264,2.08,0.38,1.7000000000000002,1.16,2.08,1.0856521739130434,0.48616145921584264,1.7000000000000002,0.38,0.45454545454545453,205.95,84.10304347826089,1.72,0.9382608695652174,0.14,0.2,0.06,-1.28,-0.53,0.75,-0.42,-0.27,0.14999999999999997,-37.59,30.88,68.47,19.93,-7.55,-27.48,35.59,-22.76,-58.35000000000001,normal_597.csv,0,normal
23,4.3999998569488525,0.13304347826086954,0.19583004650621033,0.66,-0.18,0.8400000000000001,0.12,-0.8678260869565217,0.4668361258294463,-0.22,-1.81,1.59,-0.93,-0.4808695652173913,0.3556161495908227,0.02,-1.27,1.29,-0.31,-0.631304347826087,30.1014118219709,43.21,-73.44,116.65,-1.25,-31.108260869565214,75.2284185091206,101.24,-199.08,300.32,-20.07,-7.04782608695652,41.545029891620636,55.11,-99.63,154.74,7.14,1.0339130434782609,0.556619170695522,2.01,0.29,1.7199999999999998,1.01,2.01,1.0339130434782609,0.556619170695522,1.7199999999999998,0.29,0.5454545454545454,199.08,67.98434782608697,1.81,0.8678260869565217,0.11,0.22,0.11,-0.67,-1.05,-0.38,-0.15,-0.8,-0.65,-31.07,-1.25,29.82,80.33,-58.92,-139.25,50.11,17.67,-32.44,normal_598.csv,0,normal
22,4.200000047683716,0.12500000000000003,0.16223880106629418,0.5,-0.15,0.65,0.1,-0.9927272727272727,0.3838052807173105,-0.24,-1.6,1.36,-0.905,-0.4686363636363637,0.20766950516776259,-0.14,-0.8,0.66,-0.435,2.4681818181818183,28.219441058951784,41.92,-60.69,102.61,7.45,-13.09772727272727,97.03639282601132,180.34,-197.1,377.44,3.585,-7.77909090909091,40.52010411177934,68.1,-88.89,156.99,-7.595000000000001,1.1318181818181818,0.39492779766428865,1.75,0.32,1.43,1.0350000000000001,1.75,1.1318181818181818,0.39492779766428865,1.43,0.32,0.8095238095238095,197.1,82.14045454545453,1.6,1.0018181818181817,0.21,-0.01,-0.22,-1.4,-1.34,0.05999999999999983,-0.47,-0.68,-0.21000000000000008,-60.69,41.92,102.61,180.34,40.29,-140.05,37.8,-19.79,-57.589999999999996,normal_599.csv,0,normal
24,4.599999904632568,0.14458333333333334,0.18643052480672295,0.49,-0.24,0.73,0.13,-0.9383333333333334,0.4657641376105055,-0.28,-2.0,1.72,-0.945,-0.5191666666666667,0.2572414982186916,-0.17,-1.27,1.1,-0.525,14.395833333333334,36.058362223371766,101.1,-49.26,150.35999999999999,16.465,-3.090000000000002,98.76694610788702,220.47,-164.83,385.3,-9.31,1.1016666666666666,35.87385600862467,68.4,-53.9,122.30000000000001,-1.6199999999999999,1.1095833333333334,0.5045917778946072,2.37,0.36,2.0100000000000002,1.125,2.37,1.1095833333333334,0.5045917778946072,2.0100000000000002,0.36,0.6521739130434783,220.47,83.04708333333333,2.0,0.9466666666666667,0.22,0.25,0.03,-1.02,-0.99,0.030000000000000027,-0.52,-0.49,0.030000000000000027,2.27,21.44,19.17,39.44,41.4,1.9600000000000009,12.27,-12.51,-24.78,normal_600.csv,0,normal
23,4.400000095367432,0.09565217391304347,0.21227824979485857,0.59,-0.22,0.8099999999999999,0.07,-0.8882608695652173,0.36371382574157546,-0.36,-1.65,1.29,-0.81,-0.4369565217391304,0.26617551937513806,0.1,-0.93,1.03,-0.42,10.052608695652173,30.472550869950798,78.74,-37.08,115.82,3.81,0.55304347826087,109.51010308040006,222.96,-186.93,409.89,1.79,5.148695652173913,39.139284183581616,87.5,-48.83,136.32999999999998,-5.87,1.0339130434782606,0.40595274165658496,1.9,0.4,1.5,0.98,1.9,1.0339130434782606,0.40595274165658496,1.5,0.4,0.5454545454545454,222.96,91.16347826086955,1.65,0.8904347826086957,-0.05,0.03,0.08,-0.87,-0.75,0.12,-0.22,-0.45,-0.23,3.81,46.11,42.3,101.02,1.79,-99.22999999999999,87.5,-5.87,-93.37,normal_601.csv,0,normal
23,4.400000095367432,0.1417391304347826,0.183319199359355,0.45,-0.17,0.62,0.16,-0.8856521739130434,0.46723389205131816,-0.25,-1.81,1.56,-0.81,-0.5047826086956523,0.3552319289142772,0.03,-1.23,1.26,-0.48,3.5552173913043488,29.459452545299865,65.0,-55.52,120.52000000000001,7.15,-8.498695652173911,108.54917027045008,210.24,-205.55,415.79,-12.07,-10.868695652173914,44.18927238228629,123.66,-76.83,200.49,-8.82,1.0682608695652172,0.540131736236743,2.07,0.27,1.7999999999999998,0.95,2.07,1.0682608695652172,0.540131736236743,1.7999999999999998,0.27,0.13636363636363635,210.24,92.10869565217389,1.81,0.8952173913043479,0.4,0.19,-0.21000000000000002,-0.84,-0.67,0.16999999999999993,-0.19,-0.44,-0.25,17.43,-0.34,-17.77,8.66,-33.37,-42.03,-8.82,-41.99,-33.17,normal_602.csv,0,normal
22,4.199999809265137,0.13363636363636364,0.22919206864332003,0.54,-0.31,0.8500000000000001,0.135,-0.9045454545454544,0.49471229996863814,-0.07,-1.7,1.63,-0.905,-0.5554545454545455,0.3348023905121358,0.04,-1.24,1.28,-0.45,0.026818181818181165,36.693488248872306,60.11,-55.06,115.17,-4.75,1.2931818181818182,94.63182845142858,174.31,-174.48,348.78999999999996,-11.435,1.8113636363636367,53.89020719374979,77.76,-130.37,208.13,11.735000000000001,1.1231818181818183,0.5362869377988612,2.08,0.44,1.6400000000000001,1.125,2.08,1.1231818181818183,0.5362869377988612,1.6400000000000001,0.44,0.09523809523809523,174.48,83.89999999999999,1.7,0.935,0.39,0.02,-0.37,-1.68,-0.82,0.86,-0.68,-0.21,0.4700000000000001,-19.76,-17.0,2.7600000000000016,132.85,-17.3,-150.15,48.63,-2.59,-51.22,normal_603.csv,0,normal
21,4.0,0.09142857142857143,0.11372272043376884,0.29,-0.14,0.43,0.09,-0.88,0.23943683927081896,-0.4,-1.28,0.88,-0.89,-0.39952380952380956,0.13078517463673742,-0.18,-0.67,0.49000000000000005,-0.4,13.181904761904761,23.426389311852482,61.81,-40.97,102.78,14.42,-62.79761904761905,52.848987776944405,22.79,-144.54,167.32999999999998,-80.86,-22.986666666666668,33.698576280509734,42.75,-82.73,125.48,-19.07,0.9861904761904763,0.23661099278089748,1.4,0.58,0.82,0.98,1.4,0.9861904761904763,0.23661099278089748,0.82,0.58,0.1,144.54,75.27952380952381,1.28,0.88,0.21,0.29,0.07999999999999999,-0.66,-0.88,-0.21999999999999997,-0.47,-0.59,-0.12,-8.98,25.51,34.49,22.79,-129.06,-151.85,42.69,-47.05,-89.74,normal_604.csv,0,normal
23,4.3999998569488525,0.09913043478260866,0.11496691395504981,0.42,-0.09,0.51,0.08,-0.8839130434782608,0.23891305246954636,-0.5,-1.35,0.8500000000000001,-0.85,-0.4256521739130435,0.16081683784967413,0.01,-0.8,0.81,-0.43,11.77,25.50708849783455,67.05,-48.65,115.69999999999999,12.88,-70.8304347826087,37.75816257064772,3.18,-140.61,143.79000000000002,-84.03,-23.64695652173913,29.586021336063823,30.63,-74.57,105.19999999999999,-34.47,1.0069565217391305,0.22806368294461282,1.57,0.66,0.91,0.99,1.57,1.0069565217391305,0.22806368294461282,0.91,0.66,0.13636363636363635,140.61,75.71434782608696,1.35,0.8839130434782608,0.42,0.03,-0.39,-1.14,-1.0,0.1399999999999999,-0.6,-0.45,0.14999999999999997,8.66,35.02,26.360000000000003,-3.31,-21.0,-17.69,-5.29,-36.82,-31.53,normal_605.csv,0,normal
25,4.789999961853027,0.12719999999999998,0.17619875141441838,0.52,-0.55,1.07,0.14,-0.932,0.2061754915923164,-0.61,-1.56,0.9500000000000001,-0.93,-0.14880000000000002,0.36951905679319613,1.14,-0.72,1.8599999999999999,-0.13,1.1600000000000006,41.528801953182644,115.8,-77.67,193.47,-3.17,6.8252,34.076076177674366,87.46,-101.07,188.52999999999997,7.92,3.1652000000000013,34.597511124356906,124.32,-88.92,213.24,-0.37,1.0231999999999999,0.2562505284547396,2.01,0.64,1.3699999999999997,0.99,2.01,1.0231999999999999,0.2562505284547396,1.3699999999999997,0.64,0.4166666666666667,124.32,41.251599999999996,1.56,0.932,0.22,0.05,-0.16999999999999998,-0.78,-0.88,-0.09999999999999998,-0.3,-0.2,0.09999999999999998,-3.17,-77.67,-74.5,16.99,-17.18,-34.17,-7.4,-0.37,7.03,normal_606.csv,0,normal
24,4.609999895095825,0.11708333333333333,0.10036798236518442,0.38,-0.09,0.47,0.11499999999999999,-0.9316666666666666,0.10353183365376152,-0.68,-1.08,0.4,-0.94,-0.11583333333333334,0.2917103486958114,0.35,-0.65,1.0,-0.08,-1.5666666666666675,36.505749239485986,67.44,-67.37,134.81,-0.31999999999999995,-1.6158333333333335,10.403373999799783,13.35,-28.44,41.79,1.23,0.5945833333333334,15.657690423049562,30.06,-43.27,73.33,3.6050000000000004,0.9954166666666667,0.09287575462466754,1.2,0.81,0.3899999999999999,0.99,1.2,0.9954166666666667,0.09287575462466754,0.3899999999999999,0.81,0.30434782608695654,67.44,30.419166666666666,1.08,0.9316666666666666,0.01,0.1,0.09000000000000001,-0.97,-1.06,-0.09000000000000008,-0.34,-0.27,0.07,40.47,-67.37,-107.84,-0.67,7.52,8.19,-5.22,13.32,18.54,normal_607.csv,0,normal
21,4.0,0.09809523809523812,0.06185620806508006,0.25,-0.01,0.26,0.08,-0.9295238095238095,0.2148133187322469,-0.54,-1.71,1.17,-0.92,0.025238095238095243,0.36735022863228284,0.37,-0.74,1.1099999999999999,0.25,4.3619047619047615,53.99304127561696,137.61,-90.47,228.08,-2.18,-2.8899999999999997,11.161455102270493,31.69,-17.59,49.28,-5.87,1.2652380952380953,11.65200309777148,21.17,-32.44,53.61,1.24,1.0023809523809524,0.21577545647975727,1.77,0.64,1.13,0.97,1.77,1.0023809523809524,0.21577545647975727,1.13,0.64,0.35,137.61,37.39333333333333,1.71,0.9295238095238095,0.14,0.08,-0.06000000000000001,-1.11,-0.82,0.29000000000000015,-0.32,0.23,0.55,15.13,-44.46,-59.59,0.11,-7.41,-7.5200000000000005,4.91,7.6,2.6899999999999995,normal_608.csv,0,normal
19,3.6000001430511475,0.10315789473684212,0.08386845729268526,0.3,-0.02,0.32,0.11,-0.8978947368421052,0.0974439409990529,-0.71,-1.1,0.3900000000000001,-0.93,-0.06947368421052631,0.41597908179526055,0.55,-0.82,1.37,0.12,-6.686315789473682,39.40644916346199,69.47,-74.6,144.07,-4.03,-3.5063157894736845,10.117964337710491,12.44,-26.73,39.17,-4.36,3.8815789473684212,14.432658284120734,52.04,-26.45,78.49,3.08,0.993157894736842,0.12174895078621363,1.33,0.84,0.4900000000000001,0.98,1.33,0.993157894736842,0.12174895078621363,0.4900000000000001,0.84,0.3333333333333333,74.6,32.026315789473685,1.1,0.8978947368421052,0.16,0.05,-0.11,-0.93,-0.9,0.030000000000000027,-0.19,0.03,0.22,4.3,-65.32,-69.61999999999999,-4.53,-13.79,-9.259999999999998,-2.76,-2.89,-0.13000000000000034,normal_609.csv,0,normal
21,4.009999990463257,0.09571428571428572,0.08364038669036798,0.32,-0.03,0.35,0.07,-0.8595238095238096,0.10832710604812586,-0.6,-1.08,0.4800000000000001,-0.89,-0.04809523809523809,0.42697329012034285,0.36,-0.69,1.0499999999999998,0.23,14.991904761904758,42.93640245980649,105.83,-58.17,164.0,0.84,-1.5285714285714287,12.078290560221793,39.69,-21.47,61.16,-1.35,-1.0242857142857138,9.883901846653766,28.14,-17.93,46.07,-2.0,0.9657142857142857,0.09271307505262831,1.3,0.86,0.44000000000000006,0.96,1.3,0.9657142857142857,0.09271307505262831,0.44000000000000006,0.86,0.35,105.83,30.09047619047619,1.08,0.861904761904762,0.23,0.07,-0.16,-0.91,-0.85,0.06000000000000005,-0.41,0.25,0.6599999999999999,17.28,-6.1,-23.380000000000003,-15.89,-9.5,6.390000000000001,-11.04,-3.5,7.539999999999999,normal_610.csv,0,normal
22,4.119999885559082,0.1386363636363636,0.10620265688298164,0.43,-0.04,0.47,0.13,-0.8640909090909091,0.10144945215224842,-0.65,-0.98,0.32999999999999996,-0.905,-0.1986363636363636,0.39343778420900305,0.3,-0.94,1.24,-0.25,11.841818181818185,46.1010525276359,140.46,-52.91,193.37,-3.075,0.16409090909090882,12.078424155765523,27.58,-31.05,58.629999999999995,-1.175,3.411363636363636,9.713829265759669,30.27,-15.68,45.95,1.43,0.9813636363636365,0.11059559340853184,1.26,0.72,0.54,0.97,1.26,0.9813636363636365,0.11059559340853184,0.54,0.72,0.5238095238095238,140.46,29.24636363636364,0.98,0.8736363636363638,0.07,0.06,-0.010000000000000009,-0.67,-0.92,-0.25,-0.23,0.26,0.49,55.76,-2.4,-58.16,4.21,-2.68,-6.890000000000001,4.63,-0.98,-5.609999999999999,normal_611.csv,0,normal
23,4.400000095367432,0.2082608695652174,0.15449778385915866,0.46,-0.08,0.54,0.2,-0.8682608695652172,0.19492777622664254,-0.5,-1.21,0.71,-0.86,-0.3517391304347825,0.16905222898998468,-0.03,-0.71,0.6799999999999999,-0.33,15.73608695652174,46.20037669456135,136.42,-85.08,221.5,10.94,-15.590434782608698,80.67745085880627,107.13,-183.44,290.57,-4.83,-4.1256521739130445,32.465613952735644,64.83,-72.91,137.74,-4.41,0.9869565217391304,0.18633876243914407,1.27,0.57,0.7000000000000001,1.0,1.27,0.9869565217391304,0.18633876243914407,0.7000000000000001,0.57,0.18181818181818182,183.44,73.97999999999999,1.21,0.8682608695652172,0.2,0.46,0.26,-0.73,-0.86,-0.13,-0.5,-0.33,0.16999999999999998,-0.54,-13.82,-13.280000000000001,37.97,-72.59,-110.56,49.92,-22.01,-71.93,normal_612.csv,0,normal
22,4.200000047683716,0.26,0.20461345670963743,0.67,-0.11,0.78,0.275,-0.8995454545454546,0.2012455801993762,-0.56,-1.35,0.79,-0.905,-0.4327272727272728,0.27457641521479553,0.1,-1.06,1.1600000000000001,-0.43,-2.733181818181819,49.45174765907466,105.24,-127.08,232.32,-5.05,2.9640909090909076,92.20201607438864,125.53,-193.23,318.76,14.329999999999998,-4.02909090909091,47.30074175488974,87.99,-109.57,197.56,8.075,1.0799999999999998,0.2222182539328225,1.6,0.74,0.8600000000000001,1.045,1.6,1.0799999999999998,0.2222182539328225,0.8600000000000001,0.74,0.47619047619047616,193.23,77.88727272727273,1.35,0.9090909090909091,0.43,0.39,-0.03999999999999998,-0.95,-0.97,-0.020000000000000018,-0.23,-0.19,0.04000000000000001,-47.51,-9.67,37.839999999999996,87.19,-52.55,-139.74,8.05,-14.68,-22.73,normal_613.csv,0,normal
21,4.009999990463257,0.11761904761904762,0.22110867829881217,0.6,-0.36,0.96,0.11,-0.7685714285714286,0.880944298547222,0.43,-2.0,2.43,-0.78,-0.3419047619047619,0.3267050511947902,0.18,-0.9,1.08,-0.36,-4.084285714285714,38.35833371921003,100.49,-59.7,160.19,-0.76,9.940000000000001,20.4399960861053,52.48,-30.89,83.37,9.82,7.56047619047619,29.79440509159236,70.22,-32.48,102.69999999999999,4.24,1.0476190476190477,0.7345332175055446,2.2,0.13,2.0700000000000003,0.78,2.2,1.0476190476190477,0.7345332175055446,2.0700000000000003,0.13,0.1,100.49,38.58,2.0,0.9414285714285714,0.22,0.2,-0.01999999999999999,-1.53,-0.78,0.75,-0.87,-0.52,0.35,10.29,19.5,9.21,-30.89,7.5,38.39,-8.69,1.3,9.99,normal_614.csv,0,normal
20,3.8000001907348633,0.20549999999999996,0.1576630317447542,0.47,-0.15,0.62,0.21,-0.7275,0.548681433793302,0.16,-1.89,2.05,-0.755,-0.41600000000000004,0.1861352083553074,-0.12,-0.71,0.59,-0.44999999999999996,11.197000000000001,35.90991420060394,76.63,-70.58,147.20999999999998,14.035,3.4189999999999996,31.52946706946076,58.63,-49.66,108.28999999999999,-3.435,-2.501999999999999,21.521138592458104,53.42,-33.08,86.5,-8.35,0.9190000000000002,0.5047344273033721,2.04,0.19,1.85,0.915,2.04,0.9190000000000002,0.5047344273033721,1.85,0.19,0.05263157894736842,76.63,39.152,1.89,0.772,0.09,0.21,0.12,-0.88,-0.8,0.07999999999999996,-0.27,-0.49,-0.21999999999999997,6.37,-20.52,-26.89,-49.66,27.6,77.25999999999999,1.67,19.17,17.5,normal_615.csv,0,normal
20,3.809999942779541,0.16999999999999998,0.19415132459528897,0.57,-0.26,0.83,0.15500000000000003,-0.78,0.8410144250593414,0.51,-2.0,2.51,-0.885,-0.346,0.33426116483341206,0.11,-1.07,1.1800000000000002,-0.27,3.8274999999999997,33.48371212442818,54.95,-59.34,114.29,8.37,-24.739,43.40899287135401,56.72,-115.4,172.12,-28.42,-3.839999999999999,23.543381906152465,43.35,-52.76,96.11,-3.57,1.047,0.7041314171598785,2.27,0.2,2.07,1.0,2.27,1.047,0.7041314171598785,2.07,0.2,0.5263157894736842,115.4,50.8575,2.0,0.9335000000000001,0.17,0.09,-0.08000000000000002,-0.24,-1.26,-1.02,-0.02,-0.66,-0.64,18.08,34.95,16.870000000000005,23.95,5.89,-18.06,2.19,-19.42,-21.610000000000003,normal_616.csv,0,normal
21,4.0,0.1619047619047619,0.23372246463742094,0.99,-0.19,1.18,0.14,-0.8790476190476191,0.8597959337069743,0.26,-2.0,2.26,-0.77,-0.43999999999999995,0.2888771365130858,-0.03,-1.13,1.0999999999999999,-0.41,-1.7876190476190492,42.139134649961896,45.97,-75.81,121.78,12.47,5.049047619047619,18.063636097076884,32.93,-27.98,60.91,5.7,5.8323809523809516,23.426531946654396,41.45,-49.79,91.24000000000001,4.42,1.082857142857143,0.828590024421866,2.36,0.13,2.23,0.98,2.36,1.082857142857143,0.828590024421866,2.23,0.13,0.25,75.81,42.42904761904762,2.0,0.9623809523809524,-0.03,0.18,0.21,0.09,-2.0,-2.09,-0.09,-1.13,-1.0399999999999998,22.47,19.08,-3.3900000000000006,12.43,26.64,14.21,4.42,19.1,14.680000000000001,normal_617.csv,0,normal
20,3.799999952316284,0.033,0.15637673807355848,0.28,-0.19,0.47000000000000003,0.055,-0.9369999999999999,0.4376023188623253,-0.4,-1.87,1.4700000000000002,-0.775,-0.513,0.3606003765651769,0.26,-1.17,1.43,-0.43,-4.0920000000000005,33.16389549209391,42.26,-78.27,120.53,9.91,35.91700000000001,64.00657680845651,169.05,-59.69,228.74,33.120000000000005,19.9595,27.368839652922237,63.4,-37.54,100.94,26.240000000000002,1.105,0.5114324568256661,2.09,0.48,1.6099999999999999,0.8999999999999999,2.09,1.105,0.5114324568256661,1.6099999999999999,0.48,0.2631578947368421,169.05,60.78750000000001,1.87,0.9395,0.21,0.01,-0.19999999999999998,-0.78,-1.3,-0.52,-0.47,-0.75,-0.28,42.26,-34.69,-76.94999999999999,-24.87,-59.69,-34.81999999999999,-37.54,32.64,70.18,normal_618.csv,0,normal
22,4.210000038146973,-0.013636363636363641,0.20760643752165517,0.29,-0.45,0.74,-0.025,-0.7995454545454547,0.36732595195324136,-0.04,-1.36,1.32,-0.815,-0.40272727272727277,0.3046962862258528,0.11,-0.86,0.97,-0.365,2.3104545454545447,26.344308588794753,42.0,-50.27,92.27000000000001,4.34,-38.175909090909094,70.17240582743611,75.22,-218.79,294.01,-36.92,-13.627272727272723,39.756992219017654,68.44,-98.56,167.0,-10.285,0.956818181818182,0.38679866011040354,1.54,0.28,1.26,0.9,1.54,0.956818181818182,0.38679866011040354,1.26,0.28,0.7142857142857143,218.79,66.77545454545456,1.36,0.8322727272727275,-0.03,-0.06,-0.03,-0.79,-0.42,0.37000000000000005,-0.19,0.11,0.3,9.88,34.92,25.04,-52.31,-16.76,35.55,-36.89,-11.36,25.53,normal_619.csv,0,normal
21,4.0,-0.1414285714285714,0.29278466001971,0.37,-0.78,1.15,-0.15,-1.0242857142857142,0.6838681994987882,-0.23,-2.0,1.77,-0.64,-0.44047619047619047,0.3601038210082779,0.06,-1.1,1.1600000000000001,-0.37,-9.57952380952381,38.024072043403045,44.7,-93.26,137.96,-8.03,-12.262857142857142,101.13558187615558,179.83,-218.59,398.42,-30.79,-8.874761904761904,37.706829171788975,58.19,-102.86,161.05,-3.93,1.1842857142857144,0.7294214928871471,2.23,0.43,1.8,0.67,2.23,1.1842857142857144,0.7294214928871471,1.8,0.43,0.45,218.59,84.94428571428571,2.0,1.0419047619047617,0.12,-0.09,-0.21,-0.48,-0.64,-0.16000000000000003,-0.12,-0.18,-0.06,34.54,44.7,10.160000000000004,179.83,36.4,-143.43,7.41,8.46,1.0500000000000007,normal_620.csv,0,normal
22,4.200000047683716,-0.1440909090909091,0.20451240714275667,0.17,-0.54,0.7100000000000001,-0.12000000000000001,-0.9136363636363637,0.3786259047629675,-0.33,-1.73,1.4,-0.84,-0.5486363636363635,0.40511368721273733,0.08,-1.26,1.34,-0.475,-5.0172727272727276,33.4157157468527,49.18,-95.4,144.58,-2.225,-43.19590909090909,71.2969345937645,38.91,-210.02,248.93,-20.159999999999997,-10.909545454545455,28.941388303369397,28.2,-85.51,113.71000000000001,-6.77,1.1245454545454543,0.4847161886607292,2.06,0.53,1.53,0.915,2.06,1.1245454545454543,0.4847161886607292,1.53,0.53,0.2857142857142857,210.02,63.595909090909096,1.73,0.92,-0.1,0.09,0.19,-0.87,-0.84,0.030000000000000027,0.08,-0.66,-0.74,-8.98,-4.79,4.19,-56.33,-2.44,53.89,3.8,-25.53,-29.330000000000002,normal_621.csv,0,normal
24,4.590000152587891,-0.14833333333333334,0.17041296813959006,0.07,-0.53,0.6000000000000001,-0.12,-0.8370833333333333,0.13942363241345537,-0.49,-1.05,0.56,-0.845,-0.51125,0.23931628153699794,-0.07,-1.07,1.0,-0.46,-9.825000000000001,21.005102899678615,46.27,-47.24,93.51,-10.46,-60.62416666666667,56.09227149095045,24.9,-215.18,240.08,-52.985,-23.26,23.642485523716207,18.9,-76.51,95.41,-26.049999999999997,1.0250000000000001,0.18698988579948475,1.47,0.61,0.86,1.025,1.47,1.0250000000000001,0.18698988579948475,0.86,0.61,0.21739130434782608,215.18,67.47541666666666,1.07,0.8616666666666667,-0.28,-0.05,0.23000000000000004,-0.89,-0.69,0.20000000000000007,-0.07,-0.28,-0.21000000000000002,-1.37,9.46,10.830000000000002,-6.98,4.99,11.97,-4.17,-22.98,-18.810000000000002,normal_622.csv,0,normal
22,4.200000047683716,-0.10500000000000002,0.22326047141229027,0.25,-0.73,0.98,-0.075,-0.8731818181818181,0.3565227083348851,-0.24,-1.44,1.2,-0.835,-0.41454545454545444,0.21351318176608858,-0.12,-0.95,0.83,-0.38,-13.912727272727272,36.36213797237558,83.59,-107.59,191.18,-11.870000000000001,-36.89363636363637,76.14665202567093,62.14,-226.09,288.23,-15.535,-11.864090909090908,25.310368035383842,21.32,-77.44,98.75999999999999,-8.03,1.0122727272727272,0.36893581604885745,1.58,0.51,1.07,0.92,1.58,1.0122727272727272,0.36893581604885745,1.07,0.51,0.6190476190476191,226.09,69.65818181818182,1.44,0.8927272727272726,0.05,0.01,-0.04,-1.06,-0.84,0.22000000000000008,-0.16,-0.34,-0.18000000000000002,-24.9,-38.14,-13.240000000000002,-1.78,57.68,59.46,6.05,21.32,15.27,normal_623.csv,0,normal
23,4.3999998569488525,-0.12739130434782608,0.14460659457187935,0.18,-0.42,0.6,-0.14,-0.8960869565217393,0.20542061351894078,-0.55,-1.36,0.81,-0.91,-0.29173913043478267,0.17203731555875904,-0.01,-0.7,0.69,-0.26,-10.0,28.11785747689374,37.64,-86.56,124.2,-6.69,-57.18608695652175,56.46906689339108,36.24,-193.35,229.59,-61.92,-16.316086956521737,27.0049355319172,54.39,-79.98,134.37,-11.96,0.9734782608695652,0.21895638203350365,1.55,0.6,0.9500000000000001,0.95,1.55,0.9734782608695652,0.21895638203350365,0.9500000000000001,0.6,0.6818181818181818,193.35,69.95391304347827,1.36,0.8960869565217393,-0.02,-0.26,-0.24000000000000002,-0.94,-0.62,0.31999999999999995,-0.04,-0.19,-0.15,22.69,-16.12,-38.81,-61.92,-7.44,54.480000000000004,0.2,-10.34,-10.54,normal_624.csv,0,normal
23,4.3999998569488525,-0.15999999999999998,0.20373779941162343,0.13,-0.68,0.81,-0.15,-0.9252173913043478,0.32253075350502897,-0.29,-1.8,1.51,-0.9,-0.47521739130434787,0.2136877408577417,-0.23,-1.15,0.9199999999999999,-0.5,3.5226086956521745,24.536746694293456,43.69,-38.26,81.94999999999999,2.51,-1.9308695652173917,99.37053536742914,172.69,-201.45,374.14,5.54,3.936086956521739,34.50807793956372,54.38,-61.76,116.14,15.28,1.0834782608695652,0.35307234251833347,2.0,0.4,1.6,1.04,2.0,1.0834782608695652,0.35307234251833347,1.6,0.4,0.045454545454545456,201.45,86.29521739130435,1.8,0.9417391304347824,0.07,-0.11,-0.18,-0.29,-1.16,-0.8699999999999999,-0.27,-0.57,-0.29999999999999993,2.51,-2.06,-4.57,172.69,23.2,-149.49,32.65,15.28,-17.369999999999997,normal_625.csv,0,normal
23,4.400000095367432,-0.12652173913043477,0.19944488178332684,0.18,-0.43,0.61,-0.1,-0.9965217391304348,0.48222598149954715,-0.37,-1.73,1.3599999999999999,-0.72,-0.41173913043478255,0.23416490253884692,-0.08,-0.8,0.7200000000000001,-0.41,-2.7991304347826085,22.479429973572707,34.57,-60.82,95.39,-5.11,-6.071739130434781,105.30753200430605,157.24,-223.85,381.09000000000003,-9.71,4.857391304347826,36.173196784534376,74.29,-86.51,160.8,-6.38,1.1121739130434782,0.5164472737475384,1.94,0.38,1.56,0.76,1.94,1.1121739130434782,0.5164472737475384,1.56,0.38,0.3181818181818182,223.85,87.14608695652171,1.73,0.9978260869565219,0.11,-0.13,-0.24,-0.53,-0.67,-0.14,-0.47,-0.08,0.38999999999999996,33.95,-33.87,-67.82,157.24,-18.53,-175.77,31.69,-15.98,-47.67,normal_626.csv,0,normal
21,4.0,-0.17476190476190473,0.41190556014235896,0.28,-1.25,1.53,-0.02,-0.7123809523809523,0.9361511884407602,0.42,-2.0,2.42,-0.96,-0.36523809523809525,0.378465573700159,0.46,-0.93,1.3900000000000001,-0.36,-4.936190476190475,45.01091584007044,71.27,-80.56,151.82999999999998,-16.41,-9.794761904761904,27.58880835031619,26.96,-74.47,101.43,1.02,-3.9300000000000006,35.3507127226595,93.33,-87.08,180.41,1.58,1.108095238095238,0.7790803491785622,2.53,0.19,2.34,1.08,2.53,1.108095238095238,0.7790803491785622,2.34,0.19,0.7,93.33,48.621428571428574,2.0,0.9595238095238094,0.07,0.14,0.07,-1.01,0.41,1.42,-0.53,-0.09,0.44000000000000006,-16.41,31.86,48.269999999999996,-41.92,-59.37,-17.449999999999996,13.29,6.95,-6.339999999999999,normal_627.csv,0,normal
22,4.200000047683716,-0.14590909090909088,0.17500092764132616,0.23,-0.51,0.74,-0.16499999999999998,-0.9422727272727275,0.3020868972770807,-0.5,-1.62,1.12,-0.975,-0.3981818181818182,0.26241799378701813,-0.07,-1.09,1.02,-0.325,-3.924090909090909,31.624856658299795,100.04,-49.27,149.31,-8.41,-69.82090909090908,50.438420249145764,1.46,-224.56,226.02,-67.14,-16.15318181818182,24.04388198320959,27.64,-68.97,96.61,-16.215,1.0713636363636363,0.3288840504109596,1.7,0.54,1.16,1.0950000000000002,1.7,1.0713636363636363,0.3288840504109596,1.16,0.54,1.0,224.56,75.4440909090909,1.62,0.9495454545454547,-0.02,-0.32,-0.3,-0.97,-1.27,-0.30000000000000004,-0.19,-1.09,-0.9000000000000001,-16.08,-49.27,-33.190000000000005,-26.31,-99.02,-72.71,-15.74,7.52,23.259999999999998,normal_628.csv,0,normal
19,3.5899999141693115,-0.1668421052631579,0.10220092582636461,0.04,-0.44,0.48,-0.17,-0.5210526315789474,0.40351090769839043,0.09,-1.27,1.36,-0.54,0.19421052631578947,0.7582385712914849,0.98,-1.08,2.06,0.41,25.911578947368422,52.281202088445376,112.17,-36.69,148.86,1.7,-4.443157894736842,20.276044171668744,31.07,-36.85,67.92,-1.93,-1.7573684210526308,17.311885718618377,20.27,-50.26,70.53,1.95,1.0026315789473685,0.207440543162055,1.72,0.68,1.04,0.97,1.72,1.0026315789473685,0.207440543162055,1.04,0.68,0.3333333333333333,112.17,47.061052631578946,1.27,0.8678947368421052,-0.23,-0.2,0.03,-0.83,-0.13,0.7,-0.6,0.91,1.51,-19.85,-1.32,18.53,-29.31,5.33,34.64,0.88,-2.27,-3.15,normal_629.csv,0,normal
22,4.200000047683716,-0.14818181818181816,0.16994778928321216,0.16,-0.63,0.79,-0.14500000000000002,-0.4777272727272728,0.3912730360561391,-0.0,-1.05,1.05,-0.405,0.5045454545454546,0.4868335715693058,1.19,-0.35,1.54,0.685,5.977272727272725,52.945947925517416,99.66,-110.05,209.70999999999998,2.365,-2.1563636363636363,23.03173432781792,62.3,-46.1,108.4,-0.79,-1.2804545454545455,20.145445302852366,28.15,-46.72,74.87,0.8899999999999999,0.9445454545454546,0.10974981387237814,1.26,0.72,0.54,0.925,1.26,0.9445454545454546,0.10974981387237814,0.54,0.72,0.42857142857142855,110.05,41.333181818181814,1.19,0.8604545454545452,0.05,-0.08,-0.13,-0.95,-0.9,0.04999999999999993,-0.34,0.15,0.49,6.94,-79.93,-86.87,2.18,-39.54,-41.72,4.89,-18.89,-23.78,normal_630.csv,0,normal
19,3.6000001430511475,-0.15210526315789477,0.11974876233962232,0.03,-0.34,0.37,-0.2,-0.5289473684210527,0.3603685572799372,0.04,-1.0,1.04,-0.55,0.5647368421052633,0.4674442143906067,1.16,-0.28,1.44,0.82,24.712105263157895,28.075195770356785,87.24,-29.44,116.67999999999999,26.76,-2.345263157894737,9.639723583186083,12.24,-28.3,40.54,-1.01,3.5147368421052634,6.513992092600063,21.76,-6.09,27.85,1.52,0.9784210526315791,0.06938324788966928,1.19,0.87,0.31999999999999995,0.96,1.19,0.9784210526315791,0.06938324788966928,0.31999999999999995,0.87,0.5555555555555556,87.24,28.527368421052632,1.16,0.9068421052631579,0.0,-0.2,-0.2,-0.95,-0.18,0.77,-0.27,0.89,1.1600000000000001,22.32,0.94,-21.38,-3.08,1.75,4.83,5.37,0.44,-4.93,normal_631.csv,0,normal
24,4.590000152587891,-0.09125,0.09451535417017197,0.04,-0.28,0.32,-0.07,-0.5499999999999999,0.36329410770841325,-0.11,-1.0,0.89,-0.5549999999999999,0.45625,0.541662597532096,1.27,-0.37,1.6400000000000001,0.635,14.1875,20.03646659164886,62.34,-7.86,70.2,3.985,-3.2591666666666668,15.799356045398667,23.73,-48.6,72.33,-1.58,3.112916666666667,15.369513720113385,41.83,-41.0,82.83,0.965,0.9625,0.09204205088129438,1.31,0.8,0.51,0.94,1.31,0.9625,0.09204205088129438,0.51,0.8,0.5652173913043478,62.34,21.43416666666667,1.27,0.9045833333333334,-0.01,-0.07,-0.060000000000000005,-0.95,-0.15,0.7999999999999999,-0.34,0.92,1.26,-0.28,2.76,3.04,-4.7,-2.79,1.9100000000000001,0.05,-0.1,-0.15000000000000002,normal_632.csv,0,normal
22,4.199999809265137,-0.14772727272727273,0.11694246929811739,-0.02,-0.48,0.45999999999999996,-0.11,-0.4540909090909091,0.36143443179205886,-0.08,-0.98,0.9,-0.265,0.6254545454545455,0.49785948747017883,1.25,-0.37,1.62,0.895,18.63818181818182,25.399997119678055,59.36,-15.28,74.64,8.015,-6.325454545454545,12.503117602564162,12.27,-43.34,55.61,-1.6949999999999998,3.9404545454545454,12.741465295592493,29.4,-25.76,55.16,1.21,0.9922727272727275,0.09237252828998449,1.25,0.91,0.33999999999999997,0.955,1.25,0.9922727272727275,0.09237252828998449,0.33999999999999997,0.91,0.42857142857142855,59.36,24.562272727272727,1.25,0.9313636363636366,-0.07,-0.1,-0.03,-0.93,-0.14,0.79,-0.37,0.89,1.26,13.65,-0.27,-13.92,-7.31,0.25,7.56,-6.86,1.22,8.08,normal_633.csv,0,normal
26,4.990000009536743,-0.3734615384615384,0.3374841306810417,0.22,-1.04,1.26,-0.345,-0.2907692307692307,0.38846284843648127,0.57,-1.02,1.5899999999999999,-0.175,0.6369230769230769,0.38939716722923634,1.27,-0.29,1.56,0.76,20.742692307692305,45.80430674578034,149.8,-32.5,182.3,5.265000000000001,-3.9092307692307697,40.79417732207153,56.53,-96.66,153.19,-1.125,6.4449999999999985,20.99343559306099,38.47,-34.01,72.47999999999999,7.84,1.0073076923076925,0.12571579669421634,1.46,0.82,0.64,0.995,1.46,1.0073076923076925,0.12571579669421634,0.64,0.82,0.28,149.8,52.714615384615385,1.27,0.9126923076923077,0.03,-0.04,-0.07,-0.98,-0.16,0.82,-0.29,0.91,1.2,20.75,13.11,-7.640000000000001,2.61,-2.01,-4.619999999999999,11.77,-3.6,-15.37,normal_634.csv,0,normal
25,4.799999952316284,-0.3936,0.25068040742480585,0.04,-0.85,0.89,-0.45,-0.5064,0.3343012613397283,-0.15,-1.11,0.9600000000000001,-0.37,0.5336,0.342477249852697,0.9,-0.15,1.05,0.74,16.026,25.73275668611248,84.95,-18.54,103.49000000000001,8.93,3.8876,23.409013449239307,57.35,-35.25,92.6,0.71,8.5556,12.872283881787775,33.02,-21.54,54.56,10.59,0.9864,0.07968061244744548,1.17,0.78,0.3899999999999999,0.97,1.17,0.9864,0.07968061244744548,0.3899999999999999,0.78,0.25,84.95,28.777200000000004,1.11,0.8371999999999999,0.03,-0.43,-0.45999999999999996,-0.96,-0.15,0.8099999999999999,-0.09,0.74,0.83,8.93,7.69,-1.2399999999999993,2.23,-2.18,-4.41,3.16,-0.34,-3.5,normal_635.csv,0,normal
27,5.200000047683716,-0.047037037037037044,0.32543243201357147,0.4,-0.67,1.07,-0.04,-0.412962962962963,0.3157629930917615,-0.08,-0.97,0.89,-0.27,0.6025925925925926,0.4066523046364018,1.02,-0.36,1.38,0.8,12.720370370370372,27.504025087455762,75.05,-30.7,105.75,5.69,-1.2514814814814812,29.895167438606798,60.69,-53.05,113.74,5.73,8.335185185185184,19.88567833514871,57.13,-24.94,82.07000000000001,6.45,0.9418518518518517,0.0565710606254196,1.05,0.8,0.25,0.94,1.05,0.9418518518518517,0.0565710606254196,0.25,0.8,0.2692307692307692,75.05,35.41555555555555,1.02,0.8444444444444444,0.11,-0.32,-0.43,-0.94,-0.29,0.6499999999999999,-0.33,0.78,1.11,22.24,1.7,-20.54,5.73,30.92,25.19,7.43,-17.01,-24.44,normal_636.csv,0,normal
26,5.0,-0.16230769230769232,0.19144310261396608,0.13,-0.65,0.78,-0.095,-0.2865384615384615,0.32985987701073693,0.22,-0.97,1.19,-0.14,0.7457692307692306,0.29396833947788426,1.01,-0.07,1.08,0.87,11.798846153846153,35.22029168839157,103.48,-85.88,189.36,4.595000000000001,-1.4215384615384612,36.48425180181802,50.06,-147.21,197.27,0.20500000000000002,5.714615384615385,23.589482610819463,60.25,-58.47,118.72,1.02,0.9392307692307693,0.08049462476081627,1.14,0.79,0.34999999999999987,0.945,1.14,0.9392307692307693,0.08049462476081627,0.34999999999999987,0.79,0.16,147.21,33.36807692307693,1.01,0.8811538461538462,-0.02,-0.65,-0.63,-0.96,-0.14,0.82,-0.07,0.85,0.9199999999999999,14.96,-4.99,-19.950000000000003,-7.61,9.18,16.79,9.67,-0.02,-9.69,normal_637.csv,0,normal
20,3.8000001907348633,0.0915,0.14932391495988634,0.54,-0.1,0.64,0.03,-0.132,0.05376361516666707,-0.04,-0.26,0.22,-0.13,0.889,0.05883965723181855,0.95,0.69,0.26,0.9,-2.5805,11.567031860102729,24.09,-23.14,47.230000000000004,-0.905,-3.7654999999999994,17.114370838874745,18.22,-47.55,65.77,1.62,-0.14499999999999996,10.305367788834996,13.02,-23.78,36.8,3.705,0.9170000000000001,0.026773907172154707,0.96,0.87,0.08999999999999997,0.92,0.96,0.9170000000000001,0.026773907172154707,0.08999999999999997,0.87,0.10526315789473684,47.55,16.386,0.95,0.889,-0.1,0.04,0.14,-0.07,-0.13,-0.06,0.93,0.86,-0.07000000000000006,4.96,1.59,-3.37,3.47,3.74,0.27,7.19,-5.4,-12.59,normal_638.csv,0,normal
19,3.5999999046325684,-0.4526315789473684,0.27171966978371004,0.0,-0.97,0.97,-0.54,-0.12,0.049553562491061694,-0.02,-0.2,0.18000000000000002,-0.11,0.7826315789473683,0.14899075680737744,0.96,0.47,0.49,0.78,-2.167368421052631,11.31414839045209,19.81,-24.89,44.7,-1.66,0.28210526315789525,36.082696157414624,79.15,-49.44,128.59,-1.64,-0.3857894736842102,13.858521372061418,45.74,-16.49,62.230000000000004,-5.43,0.9600000000000001,0.05783117190965826,1.08,0.85,0.2300000000000001,0.96,1.08,0.9600000000000001,0.05783117190965826,0.2300000000000001,0.85,0.4444444444444444,79.15,29.57210526315789,0.97,0.8305263157894738,0.0,-0.36,-0.36,-0.11,-0.11,0.0,0.85,0.95,0.09999999999999998,9.24,14.98,5.74,10.36,-28.56,-38.92,-5.43,4.92,10.35,normal_639.csv,0,normal
20,3.799999952316284,-0.3115,0.3880894498084579,0.16,-1.09,1.25,-0.25,-0.1295,0.06597248230173418,0.03,-0.25,0.28,-0.13,0.792,0.1769805222705535,1.04,0.42,0.6200000000000001,0.84,-2.3579999999999997,12.298368997554107,14.1,-33.87,47.97,0.475,-2.078499999999999,42.39312286270771,73.96,-77.95,151.91,1.805,1.7230000000000003,16.762037968042705,64.06,-15.9,79.96000000000001,-1.4,0.9550000000000001,0.0821743973445949,1.18,0.85,0.32999999999999996,0.935,1.18,0.9550000000000001,0.0821743973445949,0.32999999999999996,0.85,0.5789473684210527,77.95,36.72149999999999,1.09,0.8539999999999999,0.02,0.14,0.12000000000000001,-0.1,-0.07,0.03,1.04,0.97,-0.07000000000000006,-9.79,8.5,18.29,1.4,-19.53,-20.93,-3.46,-1.11,2.3499999999999996,normal_640.csv,0,normal
20,3.799999952316284,-0.06300000000000001,0.10311465259092603,0.09,-0.26,0.35,-0.03,-0.1,0.030779350562554625,-0.04,-0.15,0.10999999999999999,-0.11,0.932,0.040859193386685026,1.01,0.84,0.17000000000000004,0.93,-2.65,6.121747256599558,7.66,-16.76,24.42,-1.835,2.099000000000001,8.497655342257032,21.51,-9.1,30.61,1.365,-0.8275,5.542703952518406,10.32,-8.2,18.52,-1.85,0.9455,0.04260899336747435,1.01,0.86,0.15000000000000002,0.94,1.01,0.9455,0.04260899336747435,0.15000000000000002,0.86,0.0,21.51,8.623999999999999,1.01,0.932,0.03,-0.14,-0.17,-0.06,-0.12,-0.06,1.01,0.84,-0.17000000000000004,4.66,-6.86,-11.52,7.23,-2.05,-9.280000000000001,-7.69,3.85,11.540000000000001,normal_641.csv,0,normal
20,3.799999952316284,0.022000000000000002,0.016415653633362462,0.06,-0.0,0.06,0.02,-0.1145,0.023725402775129134,-0.05,-0.15,0.09999999999999999,-0.11499999999999999,0.9260000000000002,0.025833474815684997,1.02,0.9,0.12,0.92,-1.6465,2.9737328570776427,4.61,-8.21,12.82,-1.275,-0.368,1.9683244276875649,4.04,-4.78,8.82,-0.375,-0.8140000000000001,2.3386982434004198,3.0,-6.31,9.309999999999999,-0.13,0.9355,0.023502519461807297,1.02,0.92,0.09999999999999998,0.93,1.02,0.9355,0.023502519461807297,0.09999999999999998,0.92,0.0,8.21,3.1885,1.02,0.9260000000000002,0.05,-0.0,-0.05,-0.05,-0.11,-0.06,1.02,0.92,-0.09999999999999998,4.61,-0.39,-5.0,2.96,-0.24,-3.2,-6.31,-1.29,5.02,normal_642.csv,0,normal
21,4.0,-0.17047619047619045,0.28694034555071185,0.21,-0.64,0.85,-0.12,-0.08904761904761907,0.04134062915640761,-0.01,-0.19,0.18,-0.1,0.8752380952380951,0.0858847511272547,0.97,0.67,0.29999999999999993,0.91,-1.5785714285714287,7.404647382363516,11.46,-14.97,26.43,-0.4,-3.0095238095238095,27.364164061083702,42.24,-50.63,92.87,3.27,-0.5480952380952381,8.332986030858097,18.19,-17.99,36.18,-1.12,0.9419047619047618,0.03614125725802127,1.03,0.88,0.15000000000000002,0.94,1.03,0.9419047619047618,0.03614125725802127,0.15000000000000002,0.88,0.6,50.63,22.02,0.97,0.8752380952380951,0.04,0.11,0.07,-0.12,-0.08,0.039999999999999994,0.96,0.9,-0.05999999999999994,-4.82,10.19,15.01,-2.08,15.89,17.97,-1.37,4.76,6.13,normal_643.csv,0,normal
20,3.799999952316284,-0.31449999999999995,0.3981731308178179,0.15,-0.92,1.07,-0.22999999999999998,-0.0635,0.05537194805656514,0.06,-0.13,0.19,-0.08,0.7889999999999999,0.17069208966347624,1.0,0.47,0.53,0.86,-0.4924999999999999,8.337573719393177,19.73,-17.86,37.59,-1.415,-2.658499999999999,40.918211268591065,56.63,-71.27,127.9,1.135,-0.2575,10.266254826269156,18.27,-20.51,38.78,-0.8400000000000001,0.9495000000000001,0.05633312571330992,1.08,0.86,0.22000000000000008,0.93,1.08,0.9495000000000001,0.05633312571330992,0.22000000000000008,0.86,0.5789473684210527,71.27,33.144000000000005,1.0,0.866,0.05,0.12,0.06999999999999999,-0.12,-0.13,-0.010000000000000009,0.94,0.84,-0.09999999999999998,-4.38,3.77,8.15,-1.98,-0.05,1.93,0.61,-0.61,-1.22,normal_644.csv,0,normal
20,3.799999952316284,0.037,0.01866604008973459,0.09,0.0,0.09,0.03,-0.09050000000000002,0.013945382182304159,-0.07,-0.11,0.039999999999999994,-0.09,0.9275,0.015517392618742683,0.97,0.9,0.06999999999999995,0.93,-1.5190000000000001,2.89356800325717,4.76,-7.21,11.969999999999999,-2.005,-0.9070000000000003,1.7991316618975126,4.25,-3.5,7.75,-1.4249999999999998,0.07199999999999988,2.247235963063116,6.89,-3.82,10.709999999999999,-0.33999999999999997,0.9339999999999999,0.016026294183720608,0.98,0.9,0.07999999999999996,0.935,0.98,0.9339999999999999,0.016026294183720608,0.07999999999999996,0.9,0.0,7.21,3.143,0.97,0.9275,0.0,0.02,0.02,-0.08,-0.07,0.009999999999999995,0.97,0.9,-0.06999999999999995,-4.68,4.76,9.44,-3.5,1.54,5.04,-0.18,-0.12,0.06,normal_645.csv,0,normal
21,4.0,-0.15380952380952384,0.3775112738776975,0.15,-0.99,1.14,0.04,-0.061428571428571443,0.06687942241719155,0.11,-0.13,0.24,-0.08,0.8295238095238094,0.20426639935330015,0.98,0.26,0.72,0.92,-4.484285714285714,9.56790393525592,4.33,-40.47,44.8,-1.84,-18.377142857142857,29.480591605810275,10.81,-79.69,90.5,-0.63,1.9409523809523808,4.395946888625822,14.02,-5.03,19.05,-0.13,0.9452380952380951,0.040941305257532715,1.07,0.86,0.21000000000000008,0.94,1.07,0.9452380952380951,0.040941305257532715,0.21000000000000008,0.86,0.0,79.69,21.77,0.99,0.9038095238095238,-0.99,0.03,1.02,0.11,-0.08,-0.19,0.4,0.93,0.53,3.0,0.08,-2.92,-7.14,2.16,9.3,3.97,-0.66,-4.63,normal_646.csv,0,normal
24,4.6000001430511475,-0.0825,0.1068623657673332,0.14,-0.29,0.43,-0.08,-0.9508333333333333,0.1964227177746276,-0.6,-1.25,0.65,-0.9299999999999999,-0.29875,0.15660286243149943,0.11,-0.67,0.78,-0.3,-8.587083333333332,21.978844270593815,24.17,-48.02,72.19,-7.57,-53.06291666666667,71.00675182098296,75.87,-222.42,298.28999999999996,-65.03,-14.591666666666667,18.58116967972325,20.73,-50.63,71.36,-15.835,1.0154166666666666,0.20145080674008703,1.43,0.72,0.71,0.995,1.43,1.0154166666666666,0.20145080674008703,0.71,0.72,1.0,222.42,74.01833333333333,1.25,0.9508333333333333,-0.03,-0.12,-0.09,-1.01,-1.25,-0.24,0.11,-0.67,-0.78,-25.5,24.17,49.67,6.52,-29.3,-35.82,6.76,-9.01,-15.77,normal_647.csv,0,normal
18,3.4000000953674316,-0.08222222222222224,0.11928983762029824,0.11,-0.26,0.37,-0.07500000000000001,-0.9538888888888888,0.23098609300864562,-0.62,-1.39,0.7699999999999999,-0.93,-0.23944444444444446,0.05925738695299289,-0.17,-0.38,0.21,-0.215,2.189444444444445,24.45140305663273,54.17,-52.37,106.53999999999999,1.165,7.154999999999999,61.58045567051477,101.27,-85.71,186.98,3.8249999999999997,2.509444444444444,17.878378486883573,31.33,-28.22,59.55,6.575,0.9961111111111111,0.22824493780582936,1.43,0.67,0.7599999999999999,0.97,1.43,0.9961111111111111,0.22824493780582936,0.7599999999999999,0.67,0.29411764705882354,101.27,54.97888888888889,1.39,0.9538888888888888,-0.17,-0.1,0.07,-0.62,-0.93,-0.31000000000000005,-0.2,-0.34,-0.14,54.17,22.74,-31.430000000000003,-30.37,70.09,100.46000000000001,15.31,8.18,-7.130000000000001,normal_648.csv,0,normal
18,3.4000000953674316,-0.085,0.09895037377690008,0.09,-0.25,0.33999999999999997,-0.1,-0.9661111111111111,0.2017610377150883,-0.54,-1.32,0.78,-0.97,-0.305,0.1532107353019517,-0.03,-0.68,0.65,-0.29000000000000004,-0.07500000000000008,24.314500212594034,74.18,-35.82,110.0,-5.405,-42.486666666666665,64.5613214202545,65.07,-140.53,205.6,-47.445,-9.684999999999999,17.67912602644213,23.07,-35.51,58.58,-8.92,1.0305555555555557,0.2044352974651716,1.39,0.59,0.7999999999999999,1.0350000000000001,1.39,1.0305555555555557,0.2044352974651716,0.7999999999999999,0.59,0.7058823529411765,140.53,67.24777777777778,1.32,0.9661111111111111,-0.24,0.09,0.32999999999999996,-1.22,-1.01,0.20999999999999996,-0.03,-0.31,-0.28,-14.4,-13.03,1.370000000000001,-37.2,-135.17,-97.96999999999998,-15.98,-34.69,-18.709999999999997,normal_649.csv,0,normal
20,3.799999952316284,-0.03,0.17393283640229457,0.25,-0.5,0.75,-0.055,-0.8415000000000001,0.8432036340179355,0.46,-2.0,2.46,-0.995,-0.23049999999999998,0.2631684471568493,0.1,-1.09,1.1900000000000002,-0.165,0.48300000000000054,17.370324997717105,35.98,-27.73,63.709999999999994,-1.05,5.101500000000001,24.83345266602672,52.64,-40.35,92.99000000000001,6.66,1.3905000000000005,18.517234497112486,26.24,-30.56,56.8,2.395,1.0285,0.703968263339672,2.33,0.15,2.18,1.045,2.33,1.0285,0.703968263339672,2.18,0.15,0.7894736842105263,52.64,25.507,2.0,0.9775,-0.22,-0.12,0.1,-1.43,-0.94,0.49,-0.5,-0.43,0.07,-27.73,-4.69,23.04,-29.42,-14.48,14.940000000000001,21.37,-0.25,-21.62,normal_650.csv,0,normal
21,4.0,-0.08619047619047619,0.1352581306419762,0.11,-0.48,0.59,-0.1,-0.9895238095238094,0.19515317549238573,-0.54,-1.38,0.8399999999999999,-0.99,-0.35190476190476194,0.18701922488394201,-0.12,-0.78,0.66,-0.33,0.5038095238095233,24.02489385537228,57.57,-59.68,117.25,-2.06,2.2728571428571422,62.78418599797699,110.82,-79.2,190.01999999999998,10.58,1.802857142857142,20.007251970937226,41.54,-41.06,82.6,2.24,1.0776190476190475,0.19062803471432951,1.42,0.7,0.72,1.09,1.42,1.0776190476190475,0.19062803471432951,0.72,0.7,0.65,110.82,59.04952380952382,1.38,0.9895238095238094,0.01,-0.12,-0.13,-0.99,-0.9,0.08999999999999997,-0.43,-0.36,0.07,16.42,-31.76,-48.18000000000001,41.97,-79.2,-121.17,20.03,-12.48,-32.510000000000005,normal_651.csv,0,normal
20,3.8000001907348633,-0.05700000000000001,0.07954475734485983,0.07,-0.26,0.33,-0.05,-0.933,0.2206235183340735,-0.52,-1.27,0.75,-0.95,-0.277,0.13807320712692883,-0.04,-0.51,0.47000000000000003,-0.30500000000000005,-6.699499999999999,25.770015721049877,62.69,-54.18,116.87,-9.370000000000001,-19.493,41.19850509551606,55.56,-89.16,144.72,-25.35,-0.3984999999999997,10.716342794756839,22.02,-15.99,38.01,-1.75,0.9905000000000002,0.20461710068989064,1.34,0.66,0.68,1.025,1.34,0.9905000000000002,0.20461710068989064,0.68,0.66,0.3157894736842105,89.16,43.04599999999999,1.27,0.933,-0.26,-0.07,0.19,-0.96,-0.52,0.43999999999999995,-0.51,-0.42,0.09000000000000002,10.89,0.37,-10.520000000000001,-89.16,-29.88,59.28,-13.28,14.62,27.9,normal_652.csv,0,normal
18,3.4000000953674316,-0.065,0.1471393896956216,0.21,-0.26,0.47,-0.11499999999999999,-0.9894444444444446,0.21650899240181612,-0.58,-1.39,0.8099999999999999,-1.0350000000000001,-0.3638888888888889,0.2111909893601716,-0.1,-0.91,0.81,-0.345,-11.112777777777778,30.890156971313992,42.8,-55.85,98.65,-16.185000000000002,-51.37499999999999,74.63062715014212,71.01,-158.44,229.45,-53.879999999999995,-12.279999999999998,21.716700540205025,30.43,-47.95,78.38,-10.365,1.085,0.218127054178765,1.52,0.71,0.81,1.0950000000000002,1.52,1.085,0.218127054178765,0.81,0.71,0.7647058823529411,158.44,81.06833333333333,1.39,0.9894444444444446,-0.13,-0.02,0.11,-1.18,-0.85,0.32999999999999996,-0.2,-0.39,-0.19,-27.47,-8.13,19.339999999999996,-146.3,69.73,216.03000000000003,-30.51,30.43,60.94,normal_653.csv,0,normal
21,4.0,-0.07095238095238095,0.12844861859532633,0.22,-0.25,0.47,-0.08,-0.9576190476190476,0.19841634917276252,-0.61,-1.41,0.7999999999999999,-0.97,-0.35238095238095235,0.1314117484057176,-0.13,-0.58,0.44999999999999996,-0.36,-11.05904761904762,19.84737486539767,41.85,-43.13,84.98,-14.89,-41.36666666666666,67.23284698221052,83.24,-171.46,254.7,-49.12,-6.048571428571431,23.017009641939655,35.59,-51.63,87.22,-2.27,1.0419047619047621,0.1772743367670303,1.43,0.72,0.71,1.03,1.43,1.0419047619047621,0.1772743367670303,0.71,0.72,0.85,171.46,65.3390476190476,1.41,0.9576190476190476,-0.23,-0.18,0.05000000000000002,-0.85,-1.26,-0.41000000000000003,-0.28,-0.45,-0.16999999999999998,13.01,-8.57,-21.58,-28.59,-79.52,-50.92999999999999,9.44,1.67,-7.77,normal_654.csv,0,normal
24,4.599999904632568,-0.08374999999999999,0.08845595809067432,0.05,-0.33,0.38,-0.07,-0.90625,0.17800372492438613,-0.52,-1.24,0.72,-0.905,-0.32708333333333334,0.1288571560553261,-0.14,-0.58,0.43999999999999995,-0.31,2.7075,22.862901837579205,66.64,-52.99,119.63,2.285,23.598333333333333,76.75654441247943,192.66,-124.7,317.36,30.425,5.254166666666667,18.61685536343849,42.79,-29.33,72.12,8.125,0.9795833333333334,0.174293085663617,1.26,0.61,0.65,1.0150000000000001,1.26,0.9795833333333334,0.174293085663617,0.65,0.61,0.8695652173913043,192.66,66.18916666666667,1.24,0.90625,-0.12,-0.14,-0.020000000000000018,-0.68,-0.9,-0.21999999999999997,-0.22,-0.55,-0.33000000000000007,-11.48,-7.72,3.7600000000000007,27.47,-83.43,-110.9,14.27,-7.06,-21.33,normal_655.csv,0,normal
18,3.4000000953674316,-0.023333333333333334,0.0786653373101371,0.12,-0.17,0.29000000000000004,-0.025,-0.9361111111111112,0.19533196144870582,-0.57,-1.27,0.7000000000000001,-0.99,-0.30166666666666664,0.14076471817310238,-0.13,-0.59,0.45999999999999996,-0.265,-6.095555555555555,17.661735382799343,23.0,-34.9,57.9,-2.09,-21.44666666666667,39.594548792954406,38.37,-96.5,134.87,-24.595,-4.549444444444445,15.055957770234514,17.57,-27.43,45.0,-6.63,1.0000000000000002,0.17999999999999997,1.4,0.67,0.7299999999999999,1.03,1.4,1.0000000000000002,0.17999999999999997,0.7299999999999999,0.67,0.7647058823529411,96.5,39.30333333333333,1.27,0.9361111111111112,-0.03,0.01,0.04,-1.07,-0.78,0.29000000000000004,-0.19,-0.35,-0.15999999999999998,-9.27,-34.9,-25.63,-73.94,20.14,94.08,-11.96,17.57,29.53,normal_656.csv,0,normal
21,4.0,-0.09238095238095238,0.09065896325817774,0.09,-0.26,0.35,-0.09,-0.9652380952380952,0.18637647511472705,-0.49,-1.35,0.8600000000000001,-0.98,-0.35380952380952374,0.19832993194362245,-0.12,-0.84,0.72,-0.33,-2.317142857142857,29.162907972775475,39.48,-81.02,120.5,2.35,-37.1647619047619,60.748363897231634,64.89,-196.68,261.57,-20.5,-13.297619047619047,18.02641364907671,12.95,-66.0,78.95,-12.85,1.0538095238095238,0.19461439285099627,1.37,0.57,0.8000000000000002,1.03,1.37,1.0538095238095238,0.19461439285099627,0.8000000000000002,0.57,0.5,196.68,56.27619047619047,1.35,0.9652380952380952,-0.03,-0.22,-0.19,-1.13,-0.98,0.1499999999999999,-0.42,-0.21,0.21,-4.44,23.46,27.900000000000002,64.89,-50.73,-115.62,7.73,-17.78,-25.51,normal_657.csv,0,normal
21,4.0,-0.0280952380952381,0.08127847486383143,0.13,-0.19,0.32,-0.02,-0.9057142857142859,0.22754277462867126,-0.45,-1.35,0.9000000000000001,-0.88,-0.3085714285714286,0.1393300295803354,-0.18,-0.64,0.46,-0.25,-3.0799999999999996,19.61726815843633,36.55,-35.11,71.66,-5.46,5.920952380952381,45.852528818459064,120.6,-58.62,179.22,2.53,1.5295238095238097,14.92026657811129,26.1,-30.82,56.92,-0.74,0.9714285714285713,0.214692471090295,1.39,0.53,0.8599999999999999,0.97,1.39,0.9714285714285713,0.214692471090295,0.8599999999999999,0.53,0.45,120.6,38.983333333333334,1.35,0.9057142857142859,0.03,0.06,0.03,-1.05,-0.92,0.13,-0.22,-0.58,-0.36,16.13,-7.77,-23.9,-36.38,120.6,156.98,4.72,19.77,15.05,normal_658.csv,0,normal
20,3.81000018119812,0.024,0.16259086528364444,0.34,-0.32,0.66,0.015,-0.9120000000000001,0.4878912734788788,-0.14,-1.81,1.67,-0.875,-0.40049999999999997,0.20355976750666724,-0.14,-0.94,0.7999999999999999,-0.355,1.454499999999999,25.974671564713514,57.41,-35.91,93.32,2.605,-16.537,66.44591247972413,123.14,-110.99,234.13,-23.12,-6.944000000000001,22.963699591907407,36.48,-47.56,84.03999999999999,-6.345,1.0325000000000002,0.47733773765487436,2.05,0.22,1.8299999999999998,0.94,2.05,1.0325000000000002,0.47733773765487436,1.8299999999999998,0.22,0.21052631578947367,123.14,60.2875,1.81,0.9315000000000001,0.01,-0.09,-0.09999999999999999,-0.92,-0.35,0.5700000000000001,-0.3,-0.39,-0.09000000000000002,4.53,25.31,20.779999999999998,31.85,123.14,91.28999999999999,-1.89,29.69,31.580000000000002,normal_659.csv,0,normal
22,4.190000057220459,-0.065,0.13876152890755386,0.23,-0.37,0.6,-0.07500000000000001,-0.9199999999999999,0.3667489085256586,-0.37,-1.42,1.0499999999999998,-1.03,-0.4509090909090909,0.22364744983607976,-0.07,-0.85,0.78,-0.405,-0.2204545454545449,25.44158940027374,55.02,-75.42,130.44,-0.12,-19.273181818181822,119.33057139872548,200.92,-199.75,400.66999999999996,-13.96,-3.9868181818181823,41.88217775144295,70.99,-71.41,142.39999999999998,-6.21,1.0486363636363636,0.39273516406213116,1.69,0.39,1.2999999999999998,1.145,1.69,1.0486363636363636,0.39273516406213116,1.2999999999999998,0.39,0.5238095238095238,200.92,102.05363636363636,1.42,0.9277272727272727,-0.09,0.09,0.18,-0.48,-1.35,-0.8700000000000001,-0.16,-0.64,-0.48,-14.04,-9.5,4.539999999999999,-75.47,-97.6,-22.129999999999995,-40.51,-40.43,0.0799999999999983,normal_660.csv,0,normal
16,3.0,-0.11125,0.18909873963972718,0.14,-0.5,0.64,-0.095,-1.0474999999999999,0.5507752112553118,-0.33,-2.0,1.67,-0.905,-0.4875,0.232163735324878,0.05,-0.91,0.9600000000000001,-0.525,9.151250000000001,28.705830969798917,87.97,-23.1,111.07,5.5,-0.4043750000000017,74.56163678181517,157.35,-128.15,285.5,9.725,0.1831249999999991,27.483677754563097,72.82,-43.85,116.66999999999999,6.630000000000001,1.2012500000000002,0.5386634694624589,2.22,0.46,1.7600000000000002,1.145,2.22,1.2012500000000002,0.5386634694624589,1.7600000000000002,0.46,0.8,157.35,64.2675,2.0,1.0543749999999998,-0.06,0.09,0.15,-0.83,-1.27,-0.44000000000000006,-0.74,-0.57,0.17000000000000004,58.2,10.29,-47.910000000000004,157.35,-44.47,-201.82,72.82,-16.89,-89.71,normal_661.csv,0,normal
22,4.200000047683716,-0.05500000000000001,0.1695863314348294,0.22,-0.43,0.65,-0.055,-0.9722727272727273,0.4047095586217687,-0.32,-1.92,1.5999999999999999,-0.975,-0.4722727272727273,0.23506699791015648,-0.16,-1.16,0.9999999999999999,-0.42,-4.771818181818182,29.068662169874973,44.75,-77.91,122.66,-2.18,-7.594090909090909,80.3322020860336,150.81,-150.6,301.40999999999997,-13.895,-6.3195454545454535,35.33738994825421,64.19,-63.66,127.85,-6.53,1.1086363636363636,0.4295877919537181,2.28,0.43,1.8499999999999999,1.0950000000000002,2.28,1.1086363636363636,0.4295877919537181,1.8499999999999999,0.43,0.8571428571428571,150.81,67.81727272727272,1.92,0.9804545454545455,-0.04,-0.15,-0.10999999999999999,-1.23,-0.99,0.24,-0.88,-0.41,0.47000000000000003,-37.54,3.7,41.24,150.81,47.61,-103.2,64.19,7.16,-57.03,normal_662.csv,0,normal
19,3.5900001525878906,-0.05421052631578949,0.15763233556721243,0.21,-0.33,0.54,-0.06,-0.9126315789473685,0.6119626178240262,-0.14,-1.89,1.75,-0.63,-0.43,0.3112876483254676,-0.06,-1.32,1.26,-0.39,1.0373684210526317,30.88747064247991,38.47,-60.58,99.05,6.78,13.131052631578946,66.27862433149056,174.39,-93.24,267.63,9.92,4.061578947368422,31.684540265133492,63.52,-41.15,104.67,5.27,1.0515789473684212,0.6351838155464635,2.14,0.25,1.8900000000000001,0.98,2.14,1.0515789473684212,0.6351838155464635,1.8900000000000001,0.25,0.8888888888888888,174.39,56.94473684210525,1.89,0.9415789473684211,-0.16,0.12,0.28,-0.33,-0.91,-0.5800000000000001,-0.06,-0.44,-0.38,36.24,20.92,-15.32,-23.78,29.48,53.260000000000005,24.66,14.95,-9.71,normal_663.csv,0,normal
20,3.7899999618530273,-0.067,0.17444951011380733,0.46,-0.4,0.8600000000000001,-0.065,-0.9484999999999999,0.2796478048132009,-0.54,-1.4,0.8599999999999999,-0.9099999999999999,-0.46499999999999997,0.2567099530598687,-0.01,-1.11,1.1,-0.405,-8.2305,30.239976064283198,41.49,-92.57,134.06,-12.785,-33.1125,70.498356223838,62.27,-188.76,251.03,-8.215,-12.889999999999997,34.29062615504802,39.82,-87.79,127.61000000000001,-1.095,1.092,0.3142677370114785,1.77,0.68,1.0899999999999999,1.1099999999999999,1.77,1.092,0.3142677370114785,1.0899999999999999,0.68,0.10526315789473684,188.76,64.80049999999999,1.4,0.9484999999999999,-0.11,-0.06,0.05,-1.13,-0.87,0.2599999999999999,-0.01,-0.35,-0.33999999999999997,8.09,0.53,-7.56,4.55,16.11,11.559999999999999,39.82,1.48,-38.34,normal_664.csv,0,normal
25,4.809999942779541,-0.06440000000000001,0.14586180674414626,0.2,-0.43,0.63,-0.02,-0.912,0.4040111384603152,-0.28,-1.59,1.31,-0.92,-0.4476,0.22089363956438401,-0.09,-0.97,0.88,-0.41,1.8575999999999993,25.28791662698478,58.63,-47.99,106.62,-2.4,5.981600000000001,87.82128342453973,153.77,-186.03,339.8,4.44,1.8011999999999992,37.08873271403774,61.96,-69.36,131.32,10.37,1.0539999999999998,0.39955183226543545,1.66,0.29,1.3699999999999999,1.12,1.66,1.0539999999999998,0.39955183226543545,1.3699999999999999,0.29,0.2916666666666667,186.03,74.12759999999999,1.59,0.9188,-0.09,-0.12,-0.03,-1.09,-0.68,0.41000000000000003,-0.24,-0.31,-0.07,21.74,3.08,-18.659999999999997,-19.61,-104.2,-84.59,10.57,-51.77,-62.34,normal_665.csv,0,normal
19,3.5999999046325684,-0.03789473684210526,0.1598811693230118,0.28,-0.27,0.55,-0.04,-0.9647368421052631,0.3032301733200308,-0.5,-1.56,1.06,-0.94,-0.458421052631579,0.31691679871843575,-0.11,-1.14,1.0299999999999998,-0.35,-5.503684210526315,19.78666588345863,26.27,-46.97,73.24,-1.34,5.293684210526315,58.21488328316492,130.09,-107.5,237.59,5.3,1.4994736842105267,24.797369814308983,41.74,-41.23,82.97,-1.4,1.1026315789473684,0.37734219814768133,1.87,0.58,1.29,1.05,1.87,1.1026315789473684,0.37734219814768133,1.29,0.58,0.9444444444444444,130.09,48.04894736842106,1.56,0.9647368421052631,0.0,-0.0,-0.0,-1.26,-0.77,0.49,-0.18,-0.47,-0.29,19.38,-1.34,-20.72,-5.12,130.09,135.21,17.89,30.77,12.879999999999999,normal_666.csv,0,normal
16,3.0,-0.09999999999999999,0.20867838092784471,0.29,-0.5,0.79,-0.08,-0.945,0.38784876777768246,-0.39,-1.66,1.27,-0.86,-0.47250000000000003,0.22125400184704758,-0.22,-1.03,0.81,-0.44499999999999995,-6.81875,40.57916901974871,69.79,-89.32,159.11,-4.355,-19.604374999999997,85.39098265966572,90.42,-195.37,285.79,17.28,4.178124999999999,40.339793127671506,70.02,-64.42,134.44,12.35,1.09375,0.41161268202036727,1.84,0.46,1.3800000000000001,1.0150000000000001,1.84,1.09375,0.41161268202036727,1.3800000000000001,0.46,0.5333333333333333,195.37,78.435625,1.66,0.9487500000000001,0.06,-0.17,-0.23,-1.34,-0.42,0.9200000000000002,-0.49,-0.47,0.020000000000000018,3.74,-46.24,-49.980000000000004,20.93,-195.37,-216.3,33.05,-64.42,-97.47,normal_667.csv,0,normal
23,4.400000095367432,-0.1330434782608696,0.13596238726569984,0.12,-0.37,0.49,-0.14,-0.9056521739130434,0.5023565022331934,-0.14,-1.77,1.63,-0.89,-0.3747826086956522,0.23237644938601032,-0.09,-0.99,0.9,-0.31,2.832173913043478,30.882391416545822,80.63,-46.13,126.75999999999999,-0.21,1.7434782608695663,53.29622318263834,89.7,-94.03,183.73000000000002,-2.02,0.06391304347826005,24.149653439849235,49.97,-38.08,88.05,-2.39,1.0069565217391303,0.5351247499637027,2.03,0.24,1.7899999999999998,1.03,2.03,1.0069565217391303,0.5351247499637027,1.7899999999999998,0.24,0.7272727272727273,94.03,49.81913043478259,1.77,0.9078260869565217,-0.16,-0.24,-0.07999999999999999,-0.48,-1.27,-0.79,-0.09,-0.52,-0.43000000000000005,3.4,-32.05,-35.449999999999996,-2.02,-14.34,-12.32,-18.5,-23.41,-4.91,normal_668.csv,0,normal
20,3.799999952316284,-0.11950000000000001,0.2084396921489712,0.15,-0.61,0.76,-0.115,-0.954,0.4709162401777602,-0.31,-1.77,1.46,-0.875,-0.49899999999999994,0.2643940440447095,0.06,-1.1,1.1600000000000001,-0.42000000000000004,-4.2715,35.80181284369182,71.79,-56.76,128.55,-2.7199999999999998,-7.079500000000003,99.05636659445337,166.26,-160.65,326.90999999999997,-10.969999999999999,-8.503499999999999,39.72711446792188,68.67,-91.98,160.65,-1.5300000000000002,1.1250000000000002,0.4883322854907626,2.14,0.45,1.6900000000000002,1.045,2.14,1.1250000000000002,0.4883322854907626,1.6900000000000002,0.45,0.2631578947368421,166.26,88.762,1.77,0.9785,-0.17,0.15,0.32,-1.44,-1.68,-0.24,-0.76,-0.74,0.020000000000000018,-25.96,-49.7,-23.740000000000002,110.04,-100.52,-210.56,27.14,-44.43,-71.57,normal_669.csv,0,normal
19,3.5899999141693115,-0.1405263157894737,0.16684902304547086,0.05,-0.58,0.63,-0.11,-0.86,0.35342766036504714,-0.34,-1.92,1.5799999999999998,-0.84,-0.6257894736842105,0.2615831244445101,-0.25,-1.28,1.03,-0.65,-0.457894736842105,34.28500264594927,55.57,-69.27,124.84,6.12,-2.625263157894737,17.770471252558604,33.44,-31.46,64.9,-3.99,0.6394736842105261,25.25506736251915,70.98,-56.57,127.55000000000001,2.03,1.0963157894736844,0.4132420668905251,2.15,0.45,1.7,1.06,2.15,1.0963157894736844,0.4132420668905251,1.7,0.45,0.2222222222222222,70.98,35.51421052631579,1.92,0.8752631578947367,-0.04,0.01,0.05,-1.04,-0.64,0.4,-0.35,-0.52,-0.17000000000000004,-42.49,55.57,98.06,22.57,-21.82,-44.39,15.18,-2.27,-17.45,normal_670.csv,0,normal
21,4.0,-0.05714285714285714,0.1268519947475347,0.17,-0.33,0.5,-0.09,-0.8566666666666666,0.5752419780695193,-0.01,-2.0,1.99,-0.83,-0.53,0.2414332205807643,-0.27,-1.0,0.73,-0.43,5.05857142857143,25.626727119496604,67.59,-47.3,114.89,1.89,-3.8628571428571425,60.07068778887563,67.11,-118.64,185.75,31.85,-1.5395238095238097,26.575871665138376,56.61,-40.4,97.00999999999999,-6.28,1.0333333333333332,0.5924975386728061,2.24,0.28,1.9600000000000002,0.97,2.24,1.0333333333333332,0.5924975386728061,1.9600000000000002,0.28,0.95,118.64,56.20904761904761,2.0,0.8857142857142855,-0.17,-0.03,0.14,-1.22,-0.26,0.96,-0.52,-0.31,0.21000000000000002,21.17,32.87,11.699999999999996,37.57,67.11,29.54,56.61,-6.28,-62.89,normal_671.csv,0,normal
20,3.799999952316284,-0.066,0.10599900694668894,0.1,-0.35,0.44999999999999996,-0.065,-0.8979999999999999,0.1507036129207539,-0.62,-1.3,0.68,-0.935,-0.5025000000000001,0.214178356565393,-0.18,-0.9,0.72,-0.54,-13.6595,34.40507344395897,70.95,-100.7,171.65,-10.485,-1.6215000000000017,32.88627585691092,73.51,-56.57,130.08,-6.255,-2.849,21.303751065802572,25.92,-70.09,96.01,-1.105,1.0575,0.14973221711477214,1.45,0.93,0.5199999999999999,0.995,1.45,1.0575,0.14973221711477214,0.5199999999999999,0.93,0.8947368421052632,100.7,37.957499999999996,1.3,0.901,0.08,-0.06,-0.14,-0.95,-0.84,0.10999999999999999,-0.21,-0.55,-0.3400000000000001,7.65,13.28,5.629999999999999,33.47,-6.35,-39.82,-19.05,-2.84,16.21,normal_672.csv,0,normal
19,3.5999999046325684,-0.04894736842105264,0.056852121707901625,0.02,-0.25,0.27,-0.04,-0.9063157894736842,0.1269387659164751,-0.61,-1.09,0.4800000000000001,-0.95,-0.42000000000000004,0.2337377447767761,-0.2,-0.91,0.71,-0.28,-4.65421052631579,26.676121514649154,70.89,-51.55,122.44,-7.34,2.2042105263157894,11.688067189226926,44.54,-8.74,53.28,-1.14,2.8921052631578945,9.91588432709378,31.06,-8.6,39.66,-0.34,1.026315789473684,0.12446376207625831,1.44,0.9,0.5399999999999999,0.99,1.44,1.026315789473684,0.12446376207625831,0.5399999999999999,0.9,0.2777777777777778,70.89,19.218947368421055,1.09,0.913157894736842,-0.1,-0.06,0.04000000000000001,-0.92,-0.93,-0.010000000000000009,-0.36,-0.36,0.0,-11.04,-31.98,-20.94,-8.74,-5.24,3.5,-2.8,-4.0,-1.2000000000000002,normal_673.csv,0,normal
20,3.8000001907348633,-0.0685,0.11235634102453254,0.01,-0.52,0.53,-0.045,-0.8540000000000001,0.12071715528021427,-0.64,-1.02,0.38,-0.91,-0.43700000000000017,0.24978095667161954,0.04,-1.05,1.09,-0.405,1.2005000000000006,33.214481064265044,45.51,-70.32,115.82999999999998,0.225,-5.670999999999999,17.762400531222653,8.43,-75.86,84.28999999999999,-1.1099999999999999,-1.2715,10.953728168503805,11.18,-42.56,53.74,-1.065,0.9914999999999999,0.17312225677097007,1.55,0.75,0.8,0.985,1.55,0.9914999999999999,0.17312225677097007,0.8,0.75,0.8421052631578947,75.86,26.0065,1.05,0.8605,-0.04,-0.06,-0.019999999999999997,-0.67,-0.96,-0.2899999999999999,-0.56,-0.21,0.3500000000000001,39.92,28.18,-11.740000000000002,-8.35,8.21,16.560000000000002,-6.63,1.52,8.15,normal_674.csv,0,normal
21,4.0,-0.04904761904761906,0.056027204276562104,0.02,-0.26,0.28,-0.04,-0.9061904761904761,0.13009520323502285,-0.64,-1.28,0.64,-0.91,-0.4066666666666666,0.2688184021478688,-0.0,-1.17,1.17,-0.36,-9.697619047619046,31.995354647942552,63.09,-54.79,117.88,-10.01,-2.091428571428571,11.763206742089627,21.69,-27.95,49.64,-2.79,-1.747142857142857,8.847955776820509,16.92,-29.24,46.16,-1.84,1.021904761904762,0.18747317268396155,1.49,0.81,0.6799999999999999,0.97,1.49,1.021904761904762,0.18747317268396155,0.6799999999999999,0.81,0.6,63.09,27.712857142857143,1.28,0.92,-0.07,-0.04,0.030000000000000006,-0.74,-1.28,-0.54,-0.33,-0.7,-0.36999999999999994,38.94,-54.79,-93.72999999999999,-13.02,-7.79,5.2299999999999995,-10.36,12.37,22.729999999999997,normal_675.csv,0,normal
20,3.7899999618530273,-0.11599999999999999,0.14020286054593595,0.17,-0.39,0.56,-0.11,-0.9695,0.1484472261356487,-0.75,-1.25,0.5,-0.95,-0.4805,0.2462022061554069,-0.15,-0.96,0.8099999999999999,-0.395,1.8605,26.310221642828036,44.79,-43.2,87.99000000000001,9.065,-37.816500000000005,73.40028927771765,68.37,-207.85,276.22,-15.78,-14.282,21.57262802720151,17.23,-67.17,84.4,-11.295,1.1190000000000002,0.175376287180631,1.51,0.83,0.68,1.0950000000000002,1.51,1.1190000000000002,0.175376287180631,0.68,0.83,0.05263157894736842,207.85,61.870500000000014,1.25,0.9695,-0.12,-0.11,0.009999999999999995,-1.04,-0.79,0.25,-0.15,-0.79,-0.64,14.43,26.21,11.780000000000001,5.48,68.37,62.89,-0.54,9.57,10.11,normal_676.csv,0,normal
20,3.7900002002716064,-0.052500000000000005,0.1112074874419789,0.08,-0.27,0.35000000000000003,-0.03,-0.8940000000000001,0.17643844908576328,-0.51,-1.1,0.5900000000000001,-0.92,-0.37149999999999994,0.1485818930669832,-0.14,-0.78,0.64,-0.35,-2.7384999999999993,30.68118715108658,82.11,-40.44,122.55,-8.870000000000001,-46.194500000000005,54.1686624763219,50.05,-143.26,193.31,-44.185,-13.815999999999997,18.40943791131403,17.14,-44.65,61.79,-10.715,0.9865,0.18163801480156247,1.33,0.62,0.7100000000000001,1.005,1.33,0.9865,0.18163801480156247,0.7100000000000001,0.62,0.631578947368421,143.26,62.80650000000001,1.1,0.8940000000000001,-0.03,-0.0,0.03,-1.1,-0.87,0.2300000000000001,-0.23,-0.34,-0.11000000000000001,-12.78,-17.94,-5.160000000000002,-1.25,-7.54,-6.29,4.5,11.93,7.43,normal_677.csv,0,normal
21,4.0,-0.0880952380952381,0.1235159523146321,0.1,-0.45,0.55,-0.06,-0.8833333333333334,0.1832029839640537,-0.56,-1.21,0.6499999999999999,-0.85,-0.39857142857142863,0.16288909460997425,-0.21,-0.9,0.6900000000000001,-0.37,1.3099999999999998,20.85221546982478,38.91,-33.73,72.63999999999999,9.19,31.41523809523809,66.79495067885354,173.92,-55.82,229.73999999999998,7.12,8.41095238095238,24.15019832315294,60.5,-28.71,89.21000000000001,4.35,0.9904761904761903,0.2026937638526699,1.37,0.65,0.7200000000000001,0.93,1.37,0.9904761904761903,0.2026937638526699,0.7200000000000001,0.65,0.45,173.92,58.50476190476192,1.21,0.8885714285714286,-0.02,-0.08,-0.06,-0.96,-0.79,0.16999999999999993,-0.4,-0.25,0.15000000000000002,17.31,9.4,-7.909999999999998,10.76,97.63,86.86999999999999,-11.62,32.2,43.82,normal_678.csv,0,normal
20,3.799999952316284,-0.0945,0.19808225298438126,0.3,-0.55,0.8500000000000001,-0.13,-0.9070000000000003,0.2851241650118141,-0.38,-1.43,1.0499999999999998,-0.865,-0.2885,0.2947483315429765,0.48,-0.84,1.3199999999999998,-0.3,2.997,28.868292768510248,85.46,-34.03,119.49,-3.835,0.11500000000000057,52.0471283903753,102.86,-107.82,210.68,-7.9350000000000005,0.4405000000000001,21.70409019783574,46.08,-44.1,90.18,-2.02,1.015,0.2990247305386031,1.5,0.58,0.92,1.0150000000000001,1.5,1.015,0.2990247305386031,0.92,0.58,0.6842105263157895,107.82,48.0245,1.43,0.9070000000000003,0.02,0.14,0.12000000000000001,-0.66,-1.03,-0.37,-0.43,-0.84,-0.41,12.56,-34.03,-46.59,-22.18,80.04,102.22,-6.96,14.36,21.32,normal_679.csv,0,normal
20,3.8000001907348633,-0.11099999999999999,0.17525620343401618,0.23,-0.44,0.67,-0.095,-0.9404999999999999,0.1893333178897943,-0.62,-1.23,0.61,-0.96,-0.4254999999999999,0.17123314361911424,-0.14,-0.75,0.61,-0.41000000000000003,-2.9270000000000005,25.57323994046573,42.69,-67.63,110.32,-4.21,-43.8745,45.11174948771224,24.49,-177.02,201.51000000000002,-34.87,-16.505500000000005,21.69063428132787,12.69,-88.46,101.14999999999999,-12.575,1.0679999999999998,0.17703998953551944,1.4,0.7,0.7,1.08,1.4,1.0679999999999998,0.17703998953551944,0.7,0.7,0.7368421052631579,177.02,50.82749999999999,1.23,0.9404999999999999,0.04,0.14,0.1,-1.13,-0.67,0.45999999999999985,-0.14,-0.58,-0.43999999999999995,6.19,13.16,6.97,-30.86,12.04,42.9,-5.82,9.25,15.07,normal_680.csv,0,normal
19,3.6000001430511475,-0.11842105263157897,0.14237131257130017,0.13,-0.4,0.53,-0.1,-0.8942105263157896,0.21051037951379248,-0.47,-1.27,0.8,-0.91,-0.3305263157894737,0.20318228499471236,0.1,-0.74,0.84,-0.31,-11.809999999999997,27.685836130090458,41.44,-65.92,107.36,-10.27,-41.118947368421054,52.14776461542685,74.78,-148.54,223.32,-43.03,-13.67157894736842,16.370610612095856,13.72,-44.19,57.91,-13.51,0.9905263157894737,0.21169878192612693,1.48,0.53,0.95,0.98,1.48,0.9905263157894737,0.21169878192612693,0.95,0.53,0.6111111111111112,148.54,52.815263157894734,1.27,0.8942105263157896,0.01,-0.14,-0.15000000000000002,-0.86,-1.16,-0.29999999999999993,-0.18,-0.36,-0.18,-24.53,11.05,35.58,-62.16,-49.53,12.629999999999995,-13.51,-4.61,8.899999999999999,normal_681.csv,0,normal
21,4.0,-0.13714285714285715,0.12438419743451566,0.2,-0.32,0.52,-0.13,-0.9814285714285715,0.1487711569587907,-0.61,-1.26,0.65,-0.97,-0.4028571428571428,0.258324270194321,-0.02,-1.25,1.23,-0.38,-9.41047619047619,29.078352511136266,48.47,-54.76,103.22999999999999,-2.85,-55.47619047619047,46.74375118410914,52.55,-153.05,205.60000000000002,-58.56,-17.199047619047622,19.202757329290474,21.53,-56.29,77.82,-19.34,1.096666666666667,0.2037727492412401,1.7,0.66,1.04,1.05,1.7,1.096666666666667,0.2037727492412401,1.04,0.66,0.5,153.05,65.40333333333334,1.26,0.9861904761904763,-0.13,-0.16,-0.03,-1.05,-0.89,0.16000000000000003,-0.02,-0.63,-0.61,29.41,-43.64,-73.05,-36.73,-119.47,-82.74000000000001,-28.75,-22.47,6.280000000000001,normal_682.csv,0,normal
19,3.609999895095825,-0.10842105263157897,0.21772212560189694,0.32,-0.68,1.0,-0.1,-0.9368421052631581,0.5243202226754493,-0.23,-1.84,1.61,-0.8,-0.483157894736842,0.21343884452197823,-0.14,-0.86,0.72,-0.47,-3.727368421052632,27.735647307732833,33.98,-64.67,98.65,7.44,-1.0142105263157897,45.97287597846142,63.96,-93.76,157.72,3.45,0.803157894736842,20.410296163301606,36.79,-27.5,64.28999999999999,-5.92,1.083157894736842,0.5619811447171017,2.08,0.37,1.71,0.98,2.08,1.083157894736842,0.5619811447171017,1.71,0.37,0.5,93.76,41.81473684210526,1.84,0.9442105263157897,-0.15,-0.04,0.10999999999999999,-0.99,-0.67,0.31999999999999995,-0.54,-0.35,0.19000000000000006,-64.67,5.77,70.44,-75.81,-38.13,37.68,-27.5,18.92,46.42,normal_683.csv,0,normal
24,4.650000095367432,-0.11958333333333333,0.2712207374184303,0.34,-0.73,1.07,-0.11,-0.89,0.5016841202606867,-0.26,-1.94,1.68,-0.725,-0.45375000000000004,0.1533626704763978,-0.19,-0.82,0.6299999999999999,-0.455,0.401666666666667,17.95901219000031,32.92,-43.69,76.61,0.42999999999999994,-0.5545833333333311,49.021558875676824,96.48,-81.71,178.19,3.17,0.005833333333333949,30.32238488909338,55.15,-61.53,116.68,2.45,1.055,0.4931443037771258,2.02,0.42,1.6,0.89,2.02,1.055,0.4931443037771258,1.6,0.42,0.6521739130434783,96.48,45.39875,1.94,0.9066666666666667,-0.44,0.23,0.67,-0.73,-0.5,0.22999999999999998,-0.19,-0.66,-0.47000000000000003,11.34,16.19,4.850000000000001,-9.77,59.22,68.99,19.27,32.24,12.970000000000002,normal_684.csv,0,normal
21,4.0,-0.09095238095238097,0.17070163332272956,0.33,-0.41,0.74,-0.1,-0.930952380952381,0.45263566763904894,-0.3,-1.7,1.4,-0.93,-0.4752380952380952,0.24658911264731556,-0.06,-1.19,1.13,-0.45,1.0671428571428576,27.080971759310472,48.15,-55.15,103.3,-3.25,-15.272857142857141,87.80232082028681,162.11,-155.02,317.13,-20.27,-5.9123809523809525,39.93081002243279,79.08,-75.2,154.28,-10.38,1.0747619047619046,0.487192149440229,1.84,0.39,1.4500000000000002,1.06,1.84,1.0747619047619046,0.487192149440229,1.4500000000000002,0.39,0.55,162.11,78.77285714285715,1.7,0.9361904761904762,-0.27,-0.06,0.21000000000000002,-0.93,-1.16,-0.22999999999999987,-0.55,-0.76,-0.20999999999999996,48.15,-4.57,-52.72,-8.4,-92.07,-83.66999999999999,-27.37,-10.38,16.990000000000002,normal_685.csv,0,normal
21,4.0,-0.09428571428571429,0.19668684319423677,0.14,-0.71,0.85,-0.07,-0.9095238095238096,0.6417201585619404,-0.14,-2.0,1.8599999999999999,-0.87,-0.41190476190476183,0.2582173318663767,0.11,-0.84,0.95,-0.4,-6.062857142857142,28.61645490672406,48.55,-80.68,129.23000000000002,-8.63,-2.481904761904762,72.43958500840874,162.29,-102.05,264.34,-9.37,-3.425238095238094,27.828406820917294,60.59,-41.86,102.45,-6.74,1.0623809523809524,0.6229037225920613,2.12,0.31,1.81,1.16,2.12,1.0623809523809524,0.6229037225920613,1.81,0.31,0.55,162.29,61.254761904761914,2.0,0.9419047619047619,-0.0,-0.2,-0.2,-1.36,-0.15,1.2100000000000002,-0.84,-0.19,0.6499999999999999,-25.4,-14.79,10.61,-91.34,-102.05,-10.709999999999994,-39.48,-30.55,8.929999999999996,normal_686.csv,0,normal
21,4.0,-0.04238095238095238,0.14331450596170514,0.2,-0.39,0.5900000000000001,-0.03,-0.8842857142857143,0.3665592916374025,-0.24,-1.76,1.52,-0.92,-0.4552380952380953,0.2330154296955257,-0.06,-0.87,0.81,-0.36,11.585238095238095,31.44789684844562,69.14,-46.69,115.83,7.67,21.096190476190472,61.207834341380725,143.72,-101.44,245.16,16.58,4.926190476190476,21.652300911494482,55.42,-28.76,84.18,1.79,1.023809523809524,0.38738193285795075,1.94,0.4,1.54,0.98,1.94,1.023809523809524,0.38738193285795075,1.54,0.4,0.65,143.72,59.70571428571429,1.76,0.8971428571428571,0.09,-0.03,-0.12,-0.99,-1.16,-0.16999999999999993,-0.39,-0.57,-0.17999999999999994,20.82,7.67,-13.15,-13.92,57.44,71.36,-15.76,16.21,31.97,normal_687.csv,0,normal
18,3.4000000953674316,-0.10500000000000002,0.1561767475349267,0.14,-0.45,0.5900000000000001,-0.09,-0.9227777777777777,0.4427295756149379,-0.41,-1.83,1.4200000000000002,-0.8999999999999999,-0.4766666666666667,0.1354295996840729,-0.32,-0.79,0.47000000000000003,-0.445,-1.123888888888889,25.602919672405214,74.13,-49.43,123.56,-3.6799999999999997,-39.062222222222225,47.817680037649325,53.03,-108.76,161.79000000000002,-43.04,-13.002222222222223,19.340853000093915,17.02,-53.23,70.25,-11.46,1.0672222222222223,0.43657497914825655,1.93,0.54,1.39,1.0350000000000001,1.93,1.0672222222222223,0.43657497914825655,1.39,0.54,0.0,108.76,51.763333333333335,1.83,0.9266666666666666,-0.39,-0.07,0.32,-1.83,-0.97,0.8600000000000001,-0.46,-0.56,-0.10000000000000003,-24.31,-20.63,3.6799999999999997,-108.76,-99.47,9.290000000000006,8.14,-53.23,-61.37,normal_688.csv,0,normal
20,3.809999942779541,-0.149,0.21165761826218554,0.34,-0.67,1.01,-0.155,-0.869,0.4463288851107561,-0.13,-1.64,1.5099999999999998,-0.76,-0.4589999999999999,0.30726124663584004,-0.09,-1.27,1.18,-0.33999999999999997,-2.7255000000000007,33.28743946374716,48.0,-69.4,117.4,-4.195,-54.117,62.99974629021595,59.13,-165.53,224.66,-47.625,-27.1325,26.323296441105462,12.58,-74.49,87.07,-33.120000000000005,1.033,0.5056116670872388,1.99,0.3,1.69,0.9750000000000001,1.99,1.033,0.5056116670872388,1.69,0.3,0.7368421052631579,165.53,69.2885,1.64,0.8779999999999999,0.03,-0.05,-0.08,-0.56,-0.13,0.43000000000000005,-0.09,-0.27,-0.18000000000000002,-17.26,6.31,23.57,-16.89,23.48,40.370000000000005,-18.18,-2.05,16.13,normal_689.csv,0,normal
21,4.0,-0.11380952380952382,0.17992988052227987,0.17,-0.5,0.67,-0.07,-0.9185714285714285,0.3397099603232987,-0.4,-1.76,1.3599999999999999,-0.91,-0.4980952380952382,0.3097195351865789,0.1,-1.26,1.36,-0.43,-2.5538095238095235,26.185370052032965,60.26,-47.62,107.88,-0.08,-29.136666666666667,74.85025152485017,93.52,-200.31,293.83,-20.81,-7.480000000000002,33.15010844627812,69.91,-58.54,128.45,0.74,1.09,0.3976179070414209,2.2,0.45,1.7500000000000002,1.05,2.2,1.09,0.3976179070414209,1.7500000000000002,0.45,0.35,200.31,63.726666666666674,1.76,0.9342857142857142,0.14,0.17,0.03,-0.4,-0.73,-0.32999999999999996,-0.14,-0.67,-0.53,-22.67,-27.95,-5.279999999999998,-1.63,-5.68,-4.05,0.73,8.01,7.279999999999999,normal_690.csv,0,normal
19,3.6000001430511475,-0.13526315789473684,0.11758535533591624,0.22,-0.36,0.58,-0.14,-0.8184210526315789,0.17802194489864748,-0.48,-1.12,0.6400000000000001,-0.87,-0.5426315789473684,0.19136475076736914,-0.25,-0.98,0.73,-0.5,5.626842105263158,16.11650604974484,36.61,-24.83,61.44,8.0,-1.8447368421052637,20.128459224695614,35.37,-38.69,74.06,0.03,-2.701578947368421,18.562818949944564,34.89,-30.21,65.1,-3.17,1.0026315789473685,0.23878958904495254,1.42,0.56,0.8599999999999999,1.02,1.42,1.0026315789473685,0.23878958904495254,0.8599999999999999,0.56,0.2777777777777778,38.69,23.900526315789474,1.12,0.8242105263157895,-0.1,-0.12,-0.01999999999999999,-0.86,-0.59,0.27,-0.42,-0.28,0.13999999999999996,14.23,36.61,22.38,-27.86,-29.69,-1.8300000000000018,-27.78,-30.21,-2.4299999999999997,normal_691.csv,0,normal
28,5.3999998569488525,-0.10535714285714284,0.1627650463627259,0.24,-0.41,0.6499999999999999,-0.10500000000000001,-0.902142857142857,0.09750050874918142,-0.72,-1.16,0.43999999999999995,-0.915,-0.4242857142857143,0.1928812448196418,-0.06,-0.95,0.8899999999999999,-0.405,5.093214285714285,21.636755259848997,65.82,-28.11,93.92999999999999,-0.41500000000000004,9.940714285714284,58.085995502745526,147.71,-77.25,224.96,7.535,1.9885714285714289,21.358304779845778,43.98,-46.02,90.0,-1.1400000000000001,1.0317857142857143,0.11810395833139961,1.33,0.76,0.5700000000000001,1.03,1.33,1.0317857142857143,0.11810395833139961,0.5700000000000001,0.76,0.037037037037037035,147.71,47.98214285714287,1.16,0.9028571428571428,-0.16,0.04,0.2,-1.16,-0.86,0.29999999999999993,-0.36,-0.86,-0.5,30.6,41.18,10.579999999999998,31.76,12.46,-19.3,29.24,22.35,-6.889999999999997,normal_692.csv,0,normal
