time,AccelX,AccelY,AccelZ,GyroX,GyroY,GyroZ,Total_A
0,0,0,0,0,0,0,0
1780906880.200179,0.2959,-0.916,-0.2405,-2.2443,5.1603,2.626,0.9922
1780906880.3990684,0.2769,-0.9363,-0.3157,-14.6489,0.2137,2.6489,1.0261
1780906880.5992732,0.2925,-0.9148,-0.2517,0.0916,-5.8092,0.6718,0.9929
1780906880.7993085,0.2747,-0.9319,-0.2795,-1.2595,-0.084,0.4122,1.0109
1780906880.9992259,0.2778,-0.9285,-0.2793,-1.7252,-0.6565,-0.8244,1.0086
1780906881.1994543,0.2783,-0.9246,-0.272,-1.2061,-0.7252,1.1603,1.0031
1780906881.4019518,0.2744,-0.9231,-0.2463,1.5038,-2.6794,-0.2214,0.994
1780906881.6037192,0.2793,-0.925,-0.2727,-1.8779,-1.2061,-0.0687,1.004
1780906881.7994547,0.2791,-0.9238,-0.2808,-2.9847,0.0763,-0.6489,1.0051
1780906881.999306,0.2827,-0.917,-0.2561,1.5191,-1.4885,0.7099,0.9932
1780906882.1994398,0.2791,-0.9314,-0.2817,-1.8702,-1.1985,-0.4733,1.0123
1780906882.39912,0.2954,-0.9192,-0.2568,-3.1069,-1.626,0.0153,0.9991
1780906882.6035612,0.2781,-0.9229,-0.2615,-0.5496,-1.229,-1.2214,0.9987
1780906882.7988367,0.2832,-0.9265,-0.2688,-2.8702,-1.145,0.771,1.0054
1780906882.9993792,0.2883,-0.9221,-0.2737,-1.9542,-1.4962,-0.5038,1.0042
1780906883.1988034,0.2727,-0.9336,-0.271,3.145,-1.3282,5.9313,1.0097
1780906883.398745,0.2187,-0.9509,-0.2832,-0.0611,-2.626,9.7099,1.016
1780906883.598642,0.2876,-0.9175,-0.2419,0.6565,-4.6183,-5.9313,0.9915
1780906883.79975,0.2581,-0.9319,-0.2458,0.2977,-1.3893,2.1374,0.9977
1780906883.9997747,0.2588,-0.9382,-0.2319,-3.1832,-3.7634,-2.4733,1.0005
1780906884.1993747,0.2385,-0.9417,-0.2307,1.0382,2.5573,5.0534,0.9984
1780906884.3995717,0.2581,-0.9321,-0.2449,-0.7786,-0.8015,-3.4656,0.9977
1780906884.599332,0.2556,-0.9426,-0.2646,-3.8702,-2.8702,-0.8855,1.0119
0,0,0,0,0,0,0,0
0,0,0,0,0,0,0,0
1780906901.9001613,-0.0649,-1.0454,-0.1997,-8.8321,-8.1527,24.7252,1.0663
1780906902.0994544,0.0195,-0.9658,-0.126,-8.084,27.9389,2.0611,0.9742
1780906902.300269,-0.1353,-0.9429,-0.0779,3.1603,34.6183,11.687,0.9557
1780906902.49936,-0.1309,-0.9802,-0.1558,-20.1069,6.2901,-8.4885,1.0011
1780906902.7000883,-0.1765,-0.9006,-0.1074,-24.0763,-7.374,-12.9237,0.924
1780906902.9021983,-0.1348,-1.0544,-0.0808,-7.9389,-8.0687,-8.2901,1.0661
1780906903.0995276,-0.011,-1.0154,-0.3733,-11.5038,-10.4962,-17.145,1.0819
1780906903.2998626,0.1797,-1.0547,-0.4014,-18.2748,6.6489,-10.2443,1.1427
1780906903.5001864,0.0176,-1.1687,-0.2234,-17.5802,-11.8855,-21.2748,1.19
1780906903.6996977,-0.0645,-1.063,-0.1743,-12.855,-36.5802,8.2214,1.0791
1780906903.899761,0.0117,-0.5542,-0.3474,8.9237,-20.4656,-12.8321,0.6542
1780906904.099463,0.1025,-0.812,-0.2556,-12.8855,-21.0763,-30.916,0.8574
1780906904.2999878,-0.0234,-1.0256,-0.124,5.687,19.8168,-5.1603,1.0334
1780906904.4997456,-0.0168,-1.0181,-0.5432,-3.6412,41.6107,-4.3664,1.154
1780906904.6997294,-0.0813,-1.0308,-0.333,-8.0229,37.3206,26.5954,1.0863
1780906904.8998506,-0.1069,-1.1399,-0.156,5.7252,-15.8626,6.9389,1.1555
1780906905.14954,-0.1826,-1.2231,-0.271,-27.1908,-51.0153,-25.3893,1.266
1780906905.2998793,-0.1929,-0.908,-0.1587,-1.4198,-34.9084,18.4122,0.9417
1780906905.5545666,0.0046,-0.9885,-0.1052,7.7328,-34.8473,-4.7099,0.9941
1780906905.706438,-0.0012,-1.0427,-0.1943,13.7176,14.1985,-9.0382,1.0607
1780906905.8999138,0.1335,-0.5623,-0.3079,32.2824,32.687,9.2901,0.6548
1780906906.0999906,0.0281,-0.7629,-0.2031,9.9542,41.7328,12.5649,0.79
1780906906.300357,-0.1775,-0.9934,-0.0896,16.0153,-1.771,20.9466,1.0131
1780906906.5080957,-0.1953,-1.3103,-0.3267,-36.5344,-32.4656,-5.542,1.3645
1780906906.69971,-0.0691,-0.9128,-0.2402,18.5344,-4.9389,57.8779,0.9464
1780906906.8993444,0.0896,-0.7666,-0.2642,-2.3435,10.0076,-7.5496,0.8158
0,0,0,0,0,0,0,0
0,0,0,0,0,0,0,0
1780906909.0267036,0.0474,-0.9722,-0.2839,-4.229,-3.3282,-2.8855,1.0139
1780906909.2275367,0.0046,-0.9609,-0.252,-1.1145,-13.855,2.3664,0.9934
1780906909.4262052,-0.012,-0.9675,-0.2874,-1.2137,-32.7176,-4.2214,1.0094
1780906909.6780539,0.104,-0.9333,-0.3494,-10.4656,-29.2901,-6.9847,1.002
1780906909.8261423,0.1331,-0.9539,-0.3174,-10.687,-17.6718,-6.8321,1.014
1780906910.026452,0.0764,-0.9597,-0.2852,-2.7328,1.2061,15.7405,1.0041
1780906910.2268095,0.2173,-1.0093,-0.3196,15.8626,37.9008,32.1679,1.0807
1780906910.4267085,0.0894,-0.8599,-0.3457,27.7023,97.542,26.4198,0.9311
1780906910.6266496,-0.0515,-0.8396,-0.4341,11.7863,120.2824,19.6641,0.9466
1780906910.827376,-0.2119,-0.8196,-0.3982,15.3053,127.542,28.9466,0.9355
1780906911.0264306,-0.1946,-1.0017,-0.4236,12.3435,126.1298,9.3969,1.1049
1780906911.2261384,-0.1243,-0.9099,-0.3325,10.4046,103.2214,-0.4427,0.9767
1780906911.4442444,0.2512,-0.9033,-0.4368,-11.2748,94.6412,20.0611,1.0343
1780906911.6267126,0.0549,-0.948,-0.3154,7.4656,63.7557,28.626,1.0006
1780906911.8288298,0.1465,-0.927,-0.2183,-3.9695,48.9389,26.1908,0.9635
1780906912.0266557,-0.0784,-1.0776,-0.3643,4.1145,62.5267,64.1985,1.1402
1780906912.2262352,-0.3674,-1.0159,-0.3721,-5.2977,42.4809,36.6489,1.1426
1780906912.4282246,-0.4004,-0.8804,-0.2173,-7.4351,-15.3588,-9.2366,0.9913
1780906912.6296144,-0.4609,-0.9124,-0.2278,5.1069,-89.542,-35.0,1.0473
1780906912.876992,-0.104,-0.9143,-0.3748,-19.7786,-102.2443,-46.8244,0.9936
1780906913.027418,0.0295,-0.9619,-0.3674,-17.1069,-99.7099,-30.1985,1.0301
1780906913.2269228,0.0605,-0.9236,-0.3987,-20.5191,-87.9618,-25.3511,1.0078
1780906913.4272065,0.1221,-0.9512,-0.3447,-13.3282,-85.458,-24.4275,1.0191
1780906913.631532,0.1658,-0.9507,-0.3625,3.3893,-65.8855,-10.4122,1.0309
1780906913.8257227,-0.0752,-0.8945,-0.2498,21.1145,18.8931,42.0458,0.9318
1780906914.0263734,-0.2344,-1.0471,-0.3621,-13.0611,77.2061,24.5725,1.1325
1780906914.226343,-0.3433,-1.0938,-0.3479,-3.626,100.4122,25.084,1.198
1780906914.4271517,-0.2161,-0.9204,-0.3879,17.4504,118.6718,31.0076,1.0219
1780906914.6280532,-0.0081,-0.7344,-0.4468,-21.855,104.6641,-15.6718,0.8596
1780906914.826414,0.01,-0.9668,-0.582,-22.542,85.4504,19.2519,1.1285
1780906915.027129,0.0732,-0.9363,-0.405,22.2366,25.8779,13.3435,1.0228
0,0,0,0,0,0,0,0
0,0,0,0,0,0,0,0
1780906916.9459648,-0.1284,-0.946,-0.2637,-3.1603,-10.3588,6.2519,0.9905
1780906917.1452787,-0.135,-0.9536,-0.3472,-12.1756,-20.7328,-3.7863,1.0238
1780906917.3452644,-0.1028,-0.999,-0.2441,-9.9008,-3.3969,-8.3511,1.0335
1780906917.5490487,-0.0156,-0.8623,-0.4365,-3.5725,22.542,3.7176,0.9666
1780906917.7501194,0.0986,-0.9055,-0.4546,-12.7405,46.8015,9.374,1.018
1780906917.9457898,0.1714,-0.9353,-0.3679,1.3435,64.916,27.8397,1.0196
1780906918.145223,0.0789,-0.9644,-0.3562,13.0305,53.1527,25.4504,1.0311
1780906918.3462005,-0.1128,-0.8672,-0.4507,9.8397,30.0687,25.7405,0.9838
1780906918.5456047,-0.1721,-0.9585,-0.5496,13.9008,40.3435,38.3588,1.1182
1780906918.7452328,-0.1064,-0.8083,-0.4624,15.2443,79.7252,42.1221,0.9373
1780906918.9453962,-0.0945,-0.95,-0.5757,4.4122,102.9313,17.9084,1.1148
1780906919.1454995,0.0691,-0.9478,-0.4919,-34.8015,94.3664,-35.8397,1.0701
1780906919.3462124,0.262,-0.9797,-0.5937,-15.9618,64.8855,8.1603,1.1752
1780906919.5511928,0.2122,-1.009,-0.3684,-12.3664,31.5878,10.084,1.0949
1780906919.7464712,0.2561,-0.9148,-0.4192,5.2672,34.4351,30.9389,1.0383
1780906919.9453223,-0.1431,-0.9014,-0.3157,30.6794,36.2748,41.7099,0.9657
1780906920.146202,-0.157,-0.9546,-0.3101,7.7099,31.9466,19.5344,1.0159
1780906920.3447337,-0.1772,-0.9988,-0.1877,-15.5878,11.229,-7.6947,1.0316
1780906920.5457377,-0.2915,-0.9829,-0.177,9.7252,23.0763,6.6183,1.0404
1780906920.746273,-0.2039,-1.0198,0.0315,6.4122,2.1756,-26.3893,1.0404
1780906920.94594,-0.0476,-0.6165,-0.3005,16.7176,-5.4962,-6.3893,0.6875
1780906921.1464596,0.0227,-0.9634,-0.105,2.4962,-24.8321,-3.6641,0.9693
1780906921.3470154,-0.0076,-0.9604,-0.1736,1.3511,-23.9924,12.2214,0.976
1780906921.5463436,-0.0684,-1.2671,-0.2932,-29.8397,-0.6107,38.1374,1.3024
1780906921.7540362,-0.2744,-0.8264,-0.1997,-13.9924,6.9924,25.9924,0.8934
1780906921.94855,-0.1326,-0.78,-0.1509,0.0076,2.7557,17.6641,0.8055
1780906922.147293,-0.1245,-0.9917,-0.125,7.313,13.4504,-18.9847,1.0073
1780906922.3463786,-0.1323,-0.9797,-0.2498,-8.7481,19.1374,-14.4351,1.0197
1780906922.5462215,0.0813,-0.9263,-0.304,-21.5878,6.8855,-19.3969,0.9783
1780906922.7466018,-0.019,-1.0618,-0.2935,-16.5573,-11.6412,-12.6489,1.1017
1780906922.9462433,-0.1416,-0.8955,-0.2974,16.8779,-17.9847,6.1832,0.9542
0,0,0,0,0,0,0,0
0,0,0,0,0,0,0,0
1780906924.0000465,0.0505,-0.9924,-0.2854,4.6794,39.0305,13.916,1.0339
1780906924.2011907,0.0708,-0.9731,-0.3176,-13.3893,61.9771,-3.7176,1.0261
1780906924.4020538,0.127,-0.9387,-0.3809,1.3053,76.5496,11.1679,1.021
1780906924.602444,0.1318,-0.9294,-0.3198,11.6565,73.0916,26.0687,0.9917
1780906924.8010855,0.0937,-0.9585,-0.2622,3.5496,84.0687,33.5191,0.9981
1780906925.0006902,-0.168,-0.8579,-0.0427,20.7176,36.229,-9.1603,0.8752
1780906925.2018847,-0.3701,-0.8352,-0.0552,-0.2595,31.3969,27.9237,0.9152
1780906925.4012115,-0.1699,-1.0076,-0.158,-3.4962,25.7252,-3.4962,1.0339
1780906925.6002977,-0.3079,-0.988,-0.1753,9.9237,15.7023,-16.0992,1.0496
1780906925.8040848,0.1152,-0.6462,-0.2195,16.8931,-7.4427,-15.1985,0.6922
1780906926.0007558,-0.0413,-0.8408,-0.1997,-1.458,-1.9008,-11.6336,0.8652
1780906926.2009957,0.1663,-0.9189,-0.2366,-1.6489,-12.6565,-1.0382,0.9634
1780906926.4007366,0.2146,-0.9199,-0.2283,-0.7634,12.9847,12.8168,0.9718
1780906926.6051848,0.1577,-1.0955,-0.1875,0.2824,19.374,17.4809,1.1225
1780906926.8002443,0.0059,-0.7571,-0.2893,10.0153,57.8702,27.1756,0.8105
1780906927.0002332,0.0417,-0.7515,-0.198,-14.4351,65.1145,19.229,0.7782
1780906927.2000594,-0.1064,-0.9695,-0.2297,-1.0305,51.2061,-0.0916,1.002
1780906927.4001207,-0.1741,-1.2759,-0.5703,-34.374,31.5878,-19.5344,1.4083
1780906927.6007266,0.0901,-0.9404,-0.4255,-38.7252,26.2519,-30.8931,1.0361
1780906927.8003888,0.1099,-0.8633,-0.2688,0.5573,5.7252,1.5954,0.9108
0,0,0,0,0,0,0,0
0,0,0,0,0,0,0,0
1780906929.359133,0.0647,-0.9397,-0.2024,1.6183,2.4046,2.145,0.9634
1780906929.559046,0.1572,-0.9634,-0.2812,-13.5344,9.5267,0.7481,1.0158
1780906929.7590854,0.0645,-0.9937,-0.249,-2.6947,21.6336,13.5649,1.0264
1780906929.9581745,0.0598,-0.8748,-0.3052,5.1756,29.6565,14.7863,0.9284
1780906930.1595218,-0.1672,-0.9609,-0.218,-9.7252,35.7863,19.6183,0.9995
1780906930.3603694,-0.166,-0.8689,-0.1636,-2.5344,29.3969,8.9847,0.8996
1780906930.5639439,-0.1238,-1.0259,-0.2266,4.145,45.5573,17.5267,1.0579
1780906930.7605438,-0.0579,-1.0239,-0.5837,-2.4198,-4.4198,-8.855,1.1801
1780906930.9645894,0.2061,-1.2793,-0.5266,-50.4733,26.0916,-38.0534,1.3987
1780906931.158941,0.053,-0.9727,-0.377,-27.3588,1.8931,-8.4351,1.0445
1780906931.3590896,0.0911,-0.9883,-0.2009,1.4275,-9.1832,12.0534,1.0126
1780906931.5590155,0.0334,-1.1404,-0.3982,-1.5267,1.1221,21.4351,1.2084
1780906931.7592773,-0.3162,-1.0342,-0.259,-39.2214,8.2901,20.5267,1.112
1780906931.959452,-0.1438,-0.7278,-0.0596,-16.8626,6.626,19.916,0.7442
1780906932.1589224,-0.1006,-0.9705,-0.2573,9.771,4.2366,-13.0763,1.009
1780906932.4046702,-0.061,-0.5461,-0.3906,45.0382,-14.6031,2.6565,0.6742
1780906932.5585346,0.304,-1.1135,-0.645,-14.4656,-21.8321,-0.5344,1.3223
1780906932.7591734,0.1182,-1.1199,-0.4458,-10.0916,-44.3359,-15.0305,1.2111
1780906932.9590971,0.0723,-0.9822,-0.3301,29.3588,-58.8779,-15.687,1.0387
1780906933.1585543,0.0063,-0.5271,-0.2617,8.5802,-16.8779,-0.9542,0.5885
1780906933.3584845,0.1128,-0.7166,-0.1929,-9.8473,-9.5878,-32.4122,0.7506
1780906933.5592947,-0.1616,-1.0391,-0.3037,3.1832,19.3282,-12.458,1.0945
1780906933.7598882,0.3064,-0.7856,-0.4929,-17.9313,24.2061,-7.1374,0.9768
0,0,0,0,0,0,0,0
0,0,0,0,0,0,0,0
1780906935.4001005,-0.0796,-0.9287,-0.4341,10.5496,-9.687,-10.7863,1.0282
1780906935.5986352,-0.1125,-0.8586,-0.4014,12.6489,-33.5496,-25.5573,0.9545
1780906935.800522,-0.0083,-0.9006,-0.5042,-9.6412,-25.6412,-17.4046,1.0322
1780906935.9997234,0.0679,-0.8799,-0.3208,-14.313,-22.3969,-15.9237,0.939
1780906936.1987643,-0.1338,-1.0825,-0.3298,13.626,-47.084,-5.4656,1.1395
1780906936.3984768,-0.1104,-0.8984,-0.5615,2.6412,-45.4198,-6.2519,1.0652
1780906936.6005123,-0.4312,-1.1936,-0.4924,-65.9466,-50.916,-14.1374,1.3613
1780906936.8007298,-0.2429,-0.8972,-0.3586,-27.5038,-39.1374,-18.626,0.9963
1780906937.000319,-0.2061,-1.1021,-0.2253,0.2519,-14.7023,-15.9924,1.1436
1780906937.2486107,-0.1792,-0.5916,-0.3708,1.1527,-43.4809,-23.0992,0.7208
1780906937.4052405,-0.0425,-0.7187,-0.0942,-1.1221,-60.0992,-14.5191,0.7261
1780906937.5988982,0.0083,-0.8975,-0.2561,4.4885,-60.3053,-12.9771,0.9333
1780906937.8094068,-0.0505,-1.0459,-0.2244,22.6718,-63.0229,-30.2748,1.0709
1780906938.0494616,-0.2573,-0.7163,-0.325,1.7328,-69.7252,5.1908,0.8276
1780906938.1986094,-0.0745,-1.0676,-0.4578,0.8015,-52.313,-21.2748,1.164
1780906938.399297,-0.2673,-0.9509,-0.3425,7.7099,-16.7939,-16.8397,1.0455
1780906938.5996041,-0.0337,-1.4988,-0.5579,-28.0382,-24.3511,-50.5115,1.5996
1780906938.7996454,-0.0854,-0.9758,-0.679,-63.0534,-29.7405,-54.7939,1.1919
1780906938.9987464,-0.0449,-0.8066,-0.292,-18.855,-33.1221,-14.7252,0.859
1780906939.1991336,-0.0056,-0.9497,-0.2957,12.4198,-57.8015,-6.3359,0.9947
1780906939.398585,0.116,-0.9919,-0.3811,15.5191,-75.9771,-8.6794,1.0689
1780906939.5984342,-0.1289,-0.6233,-0.251,-6.771,-70.2595,-3.7405,0.6842
1780906939.799163,-0.0366,-0.7439,-0.1606,7.9389,-36.1832,-2.3817,0.7619
0,0,0,0,0,0,0,0
0,0,0,0,0,0,0,0
1780906941.0615876,-0.1521,-0.9714,-0.2366,-8.8931,-32.5191,-3.0916,1.0113
1780906941.2618477,-0.2153,-0.946,-0.3196,-11.6183,-30.2977,-5.8244,1.0215
1780906941.462256,-0.0972,-0.9622,-0.3655,-5.3359,-39.5267,-24.3206,1.0338
1780906941.6631203,-0.0271,-0.8735,-0.4707,3.1145,-51.5115,-29.6718,0.9927
1780906941.8639941,0.042,-0.9673,-0.3647,9.6031,-51.1832,-33.3893,1.0346
1780906942.0663486,0.0569,-1.0103,-0.3337,-4.1374,-39.0611,-4.9542,1.0655
1780906942.264593,0.1619,-1.1443,-0.2505,3.8855,-25.3359,1.9008,1.1825
1780906942.4618905,-0.0486,-0.5598,-0.3591,36.2061,-12.9542,5.1679,0.6669
1780906942.6622694,-0.0422,-0.8894,-0.2871,13.5191,8.3206,-28.2977,0.9356
1780906942.86459,-0.1155,-1.0491,-0.3672,-3.7328,12.7939,-8.8092,1.1175
1780906943.0622325,-0.1975,-1.293,-0.5137,-15.4198,21.9542,3.8702,1.4052
1780906943.2615077,0.062,-0.9993,-0.395,-60.5573,17.9389,-27.1756,1.0763
1780906943.4614968,0.0093,-0.9243,-0.3337,-19.6183,12.6107,1.9695,0.9828
1780906943.6617799,0.0288,-1.0007,-0.2568,12.8168,-28.5191,6.084,1.0336
1780906943.8648112,-0.0686,-0.7896,-0.615,-3.9771,10.0916,19.7023,1.0031
1780906944.0618198,-0.106,-1.1436,-0.6233,-3.229,24.5725,1.5954,1.3067
1780906944.2638726,-0.165,-1.1248,-0.3394,-13.2748,27.0229,9.7099,1.1864
1780906944.4619877,-0.2026,-1.063,-0.2002,12.7481,51.6031,14.3359,1.1005
1780906944.6630712,-0.0581,-0.5254,-0.1802,-1.6718,26.9924,8.5115,0.5585
1780906944.8622797,-0.0696,-0.6875,-0.104,-7.0382,17.4351,1.8626,0.6988
0,0,0,0,0,0,0,0
0,0,0,0,0,0,0,0
1780906946.731991,-0.0305,-0.9512,-0.386,2.7481,11.0992,13.6641,1.027
1780906946.9293084,-0.1165,-0.916,-0.4265,3.8015,21.7176,13.2595,1.0171
1780906947.1314628,-0.1216,-0.9316,-0.4033,9.2824,28.1298,9.1221,1.0224
1780906947.3290107,-0.1182,-0.9338,-0.3352,-4.7252,31.6489,2.7176,0.9992
1780906947.5283937,-0.1619,-0.9944,-0.4084,-9.4046,51.6718,14.8931,1.0871
1780906947.729547,0.0642,-1.0801,-0.6055,-38.9542,67.4733,1.5267,1.2399
1780906947.9285102,0.0937,-0.8879,-0.6162,-25.0916,108.2672,24.771,1.0849
1780906948.1290503,0.1663,-0.7908,-0.4548,-5.4122,111.7786,30.0916,0.9273
1780906948.3292,0.2615,-0.8767,-0.4526,-2.6947,95.1298,49.0076,1.0207
1780906948.5284257,0.1284,-0.9919,-0.4683,21.6794,72.3817,53.3664,1.1044
1780906948.7290876,-0.053,-0.8247,-0.334,25.2824,57.2519,7.9847,0.8913
1780906948.9289458,-0.3018,-0.8979,-0.2893,5.5115,63.5725,38.6565,0.9905
1780906949.1288576,-0.0168,-0.9382,-0.3896,0.2061,30.0229,15.084,1.0161
1780906949.3288133,-0.1541,-0.9663,-0.2629,-5.542,25.1069,6.3664,1.0132
1780906949.529114,-0.053,-1.2051,-0.5603,-21.7481,-1.2672,-28.3511,1.33
1780906949.7286413,-0.135,-1.1177,-0.5762,-58.7176,0.0534,-37.687,1.2647
1780906949.9300053,0.0481,-0.9038,-0.386,-14.5573,-1.542,0.6947,0.984
1780906950.12848,0.0771,-0.9514,-0.3076,-1.2824,-28.542,4.1756,1.0029
1780906950.3284721,0.0696,-1.168,-0.5603,-19.3664,-3.8473,31.2748,1.2973
1780906950.5293105,-0.3721,-0.948,-0.4365,-49.3511,4.8015,39.0687,1.108
1780906950.729423,-0.2375,-0.8496,-0.2659,-6.7786,19.6412,21.5954,0.9214
0,0,0,0,0,0,0,0
0,0,0,0,0,0,0,0
1780906952.309791,-0.1694,-0.8325,0.0127,19.1756,-56.7176,7.9008,0.8497
1780906952.509679,-0.2305,-0.8923,-0.1677,3.0992,-79.4885,1.8168,0.9368
1780906952.7087848,-0.2346,-1.0413,-0.2366,-37.7786,-97.1679,8.1069,1.0933
1780906952.9092543,-0.0581,-1.0149,-0.1875,-19.5573,-60.1298,-20.2137,1.0337
1780906953.1101217,-0.2085,-0.9033,-0.3591,-21.4122,-5.5496,-32.4656,0.9942
1780906953.3137252,-0.0952,-0.866,-0.2126,-60.4351,8.8626,7.0992,0.8968
1780906953.5101001,0.0569,-0.8005,-0.4983,-10.9237,-30.2977,10.0,0.9447
1780906953.709725,-0.0679,-0.7207,-0.4458,29.8015,-6.3588,-18.3817,0.8502
1780906953.9100966,-0.1489,-0.8154,-0.5535,-12.6489,-10.7023,0.6641,0.9967
1780906954.109674,-0.1392,-0.7925,-0.4268,-12.9924,-7.0916,6.4427,0.9108
1780906954.309693,-0.1221,-0.6565,-0.4377,10.4198,3.626,0.5725,0.7984
1780906954.5095363,-0.2024,-0.7451,-0.4495,-1.4351,-14.4198,0.9313,0.8934
1780906954.7103024,-0.1248,-1.115,-0.6626,-4.458,-0.0763,-3.626,1.303
1780906954.911495,-0.0823,-1.0269,-0.6865,-6.1374,-9.8855,-4.771,1.2379
1780906955.109321,-0.2429,-1.0149,-0.5884,23.9542,-20.9237,-18.8626,1.198
1780906955.3096218,-0.2839,-1.0366,-0.3855,-8.145,0.1603,27.0763,1.1418
1780906955.5116987,-0.1133,-0.821,-0.4211,6.687,-8.0153,-14.4275,0.9297
1780906955.7096,-0.197,-0.949,-0.3779,4.626,-1.2748,0.0305,1.0403
1780906955.910036,-0.0845,-0.9072,-0.4297,-1.4046,-2.5496,-4.2366,1.0074
1780906956.1100178,-0.1328,-0.9568,-0.3628,3.4275,-3.2366,0.4962,1.0318
1780906956.308781,-0.1904,-1.1633,-0.4905,-24.7099,9.4122,14.7939,1.2768
1780906956.5101848,-0.1294,-1.0681,-0.5698,-23.1908,7.6718,16.2748,1.2175
1780906956.71028,-0.2175,-1.0662,-0.5161,4.8321,2.8855,1.9466,1.2043
1780906956.9088442,-0.0254,-0.8003,-0.3918,18.5114,-9.7328,-16.3282,0.8914
0,0,0,0,0,0,0,0
0,0,0,0,0,0,0,0
1780906958.8561373,-0.1533,-0.9946,-0.1482,0.6565,-13.6107,-13.1985,1.0172
1780906959.0552883,-0.2495,-0.9438,-0.196,-16.084,-23.626,3.084,0.9958
1780906959.25526,-0.1851,-0.9536,-0.2229,-24.7557,-41.3664,12.374,0.9966
1780906959.4552433,-0.0828,-1.0735,-0.1121,-6.9618,14.458,-33.2061,1.0825
1780906959.6547406,-0.4509,-0.9976,-0.2307,12.7481,25.9313,-6.4962,1.1188
1780906959.8547623,-0.0776,-0.8567,0.0405,11.4733,1.1603,15.8626,0.8612
1780906960.0547001,0.0713,-0.9729,-0.2549,-13.5649,-36.6718,-11.8244,1.0083
1780906960.2562797,0.1226,-0.9773,-0.2546,-16.2901,-20.3664,-6.8015,1.0173
1780906960.4552836,-0.0325,-1.0632,-0.0479,21.9237,-22.8473,19.8244,1.0648
1780906960.659606,-0.0547,-0.7854,-0.2776,42.6183,-22.1985,10.0534,0.8348
1780906960.857201,-0.2412,-0.9233,-0.0662,-16.7023,8.3664,11.0382,0.9566
1780906961.0581293,-0.1101,-0.9534,-0.1169,-7.7176,27.6336,-6.3588,0.9668
1780906961.3141885,-0.0396,-0.5876,-0.0261,25.9237,18.2366,-19.7405,0.5896
1780906961.4564397,-0.0366,-0.9402,-0.3228,-14.1374,13.6183,-6.5267,0.9947
1780906961.655246,-0.1355,-0.8196,-0.4106,-15.8015,14.3664,5.2137,0.9267
1780906961.8550968,-0.2048,-1.2039,-0.3726,-10.6718,7.2901,-0.313,1.2767
1780906962.0559502,-0.0315,-0.9751,-0.3611,11.9466,2.0763,5.7328,1.0403
1780906962.2552185,-0.1194,-1.2192,-0.1775,35.5115,-26.2061,1.7557,1.2379
1780906962.4614794,-0.1443,-1.032,-0.1724,-11.6183,3.7023,10.2137,1.0562
1780906962.65544,-0.1018,-0.9585,-0.0891,11.8626,-9.2214,3.4962,0.968
1780906962.8552945,-0.1965,-0.9243,-0.0862,-5.5038,-11.0382,5.2214,0.9489
1780906963.0554955,-0.1592,-0.9585,-0.1086,2.0687,-3.4885,2.7481,0.9777
1780906963.255534,-0.1929,-0.9695,-0.1516,-6.9237,-2.9695,-0.2519,1.0
0,0,0,0,0,0,0,0
0,0,0,0,0,0,0,0
1780906964.2091649,-0.2141,-0.9819,-0.1523,-0.4046,-7.2748,-0.8168,1.0165
1780906964.4086497,-0.1494,-0.9729,-0.1577,-1.9389,0.9924,-0.3282,0.9969
1780906964.6089213,-0.1882,-0.9583,-0.157,-0.9313,1.2672,1.1374,0.9891
1780906964.8229122,-0.1763,-0.9583,-0.1433,1.6794,-1.7099,1.4962,0.9848
1780906965.00942,-0.1868,-0.9714,-0.1492,-0.6794,-3.3359,0.0,1.0004
1780906965.207913,-0.1848,-0.9653,-0.1389,-2.8702,-1.9695,-0.3053,0.9926
1780906965.4102972,-0.1814,-0.9592,-0.1489,-3.4275,-0.1069,-0.2977,0.9875
1780906965.60924,-0.1714,-0.9592,-0.1675,-2.3893,-1.1756,-1.1603,0.9887
1780906965.8071675,-0.1592,-0.9644,-0.1472,-4.3893,-3.5115,-1.5802,0.9884
1780906966.0079029,-0.155,-0.9541,-0.1509,-6.8702,1.1756,-3.2366,0.9783
1780906966.2075782,-0.145,-0.9548,-0.1899,-5.8244,-1.1527,-1.8626,0.9843
1780906966.4076,-0.1714,-0.9641,-0.1697,-2.1145,-8.8015,-1.0916,0.9938
1780906966.6242566,-0.2126,-1.4055,-0.7329,-61.9771,27.7405,2.1145,1.5993
1780906966.8080826,-0.1392,-1.1506,-0.3687,-25.2901,8.2901,-14.0763,1.2162
1780906967.0076945,-0.1726,-0.915,-0.2402,28.9313,-4.5115,-10.7939,0.9617
1780906967.2086253,-0.1223,-0.9819,-0.3132,24.771,-5.4504,-15.458,1.0379
1780906967.4197376,-0.0132,-0.7229,-0.1672,22.0763,-18.4504,-12.2748,0.7421
1780906967.6075974,-0.0503,-1.0303,0.0271,22.6565,-24.4275,-9.1374,1.0319
1780906967.822123,-0.0208,-1.0313,0.0027,-16.1679,-32.2901,3.8779,1.0315
1780906968.0071936,0.0076,-0.9849,0.1748,-7.916,-25.1679,-2.8626,1.0003
1780906968.2189312,-0.092,-0.9758,0.0427,-3.0611,10.4046,-6.8779,0.9811
1780906968.4096317,-0.0549,-0.9221,0.0605,-2.2901,21.9924,-8.5573,0.9257
1780906968.6076999,-0.156,-0.9885,0.1189,4.6336,14.3053,-3.3206,1.0078
1780906968.807586,-0.2539,-0.9797,0.0674,-19.9008,-24.145,16.9924,1.0143
1780906969.0105627,-0.189,-0.9998,0.0659,-13.7481,-60.4504,-1.5496,1.0196
1780906969.21222,-0.0793,-0.9131,0.1165,4.0687,-32.9771,-11.9389,0.9239
0,0,0,0,0,0,0,0
0,0,0,0,0,0,0,0
1780906970.4284558,-0.0171,-0.8538,0.0203,17.8015,51.7405,-9.7481,0.8542
1780906970.6276176,-0.0081,-0.9185,0.01,3.2901,70.8626,7.084,0.9185
1780906970.8263192,-0.0674,-0.9619,-0.0242,-7.9389,102.5191,8.3359,0.9646
1780906971.0263298,-0.0833,-0.9365,0.0061,-19.0305,57.1221,-7.3511,0.9402
1780906971.2262132,-0.1445,-1.0129,0.0161,-12.9618,70.6794,-2.3282,1.0233
1780906971.425621,-0.0879,-1.0334,-0.0139,20.2977,54.687,-15.4733,1.0373
1780906971.625642,0.1091,-0.6479,-0.2017,15.8321,61.7939,9.0763,0.6873
1780906971.8260748,0.1304,-0.8728,-0.0735,4.6489,68.8015,14.4046,0.8855
1780906972.0260959,0.0767,-1.0562,-0.041,6.5649,13.1603,7.1221,1.0597
1780906972.2294092,0.1755,-1.2234,-0.0432,-1.0229,2.542,8.9084,1.2367
1780906972.4262733,-0.0273,-0.8289,-0.0298,-16.542,53.4885,18.8702,0.8298
1780906972.6262228,-0.0891,-0.8088,0.0391,-19.4198,54.374,24.3511,0.8147
1780906972.825646,-0.0559,-0.9436,0.0229,-0.5496,34.916,0.3969,0.9455
1780906973.026258,-0.0408,-1.2744,-0.1401,-19.3817,24.542,-23.5725,1.2827
1780906973.2267122,-0.085,-0.8608,-0.1753,-34.6107,18.0076,-6.7557,0.8826
1780906973.4262903,0.0283,-0.8521,0.0449,-24.8931,12.0611,-12.0076,0.8537
1780906973.6257665,-0.0027,-0.9736,-0.0112,11.8321,-20.2977,1.8168,0.9737
1780906973.8253067,0.0684,-0.968,-0.3091,1.0534,-7.0916,8.3435,1.0185
1780906974.025702,-0.4414,-1.3159,-0.1938,-21.8015,33.0458,25.1603,1.4014
1780906974.2261887,-0.1689,-0.9187,0.011,-15.0,64.3664,18.6412,0.9342
1780906974.4259348,-0.0066,-1.0342,-0.1843,4.5115,63.2061,-1.4885,1.0505
1780906974.6258616,-0.0391,-0.9202,-0.1826,-7.6565,49.4122,2.7099,0.9389
1780906974.825844,-0.3064,-0.7493,0.1833,-9.5344,-8.0076,5.3969,0.83
0,0,0,0,0,0,0,0
0,0,0,0,0,0,0,0
1780906976.1974103,-0.1333,-1.0417,-0.127,-9.6947,-28.7252,-1.8015,1.0579
1780906976.3928225,-0.0271,-0.8848,-0.1985,-28.5038,-25.5267,3.1756,0.9072
1780906976.5950675,-0.1924,-1.0615,-0.1318,-17.145,-25.6947,0.2366,1.0868
1780906976.7927313,-0.1812,-0.967,-0.2266,0.6412,-28.2137,-13.8626,1.0096
1780906976.9928205,-0.0847,-0.9326,-0.2488,9.5649,15.0229,-11.145,0.9689
1780906977.1927943,-0.1409,-1.031,-0.3171,-21.3511,8.7939,-3.4885,1.0878
1780906977.3927853,0.0222,-1.0684,-0.1318,-18.542,20.084,2.4885,1.0767
1780906977.5928807,0.0676,-0.707,-0.0811,2.771,45.1603,8.9008,0.7149
1780906977.7957869,0.1157,-0.9187,-0.2539,10.1756,91.0382,30.2214,0.9601
1780906977.9948456,0.2568,-0.9534,-0.3687,7.0305,98.3511,13.1985,1.0539
1780906978.1933408,-0.3699,-0.99,-0.3589,19.9466,117.3435,34.4198,1.1161
1780906978.393195,-0.1716,-1.0667,-0.3333,-6.7863,75.3282,33.5802,1.1306
1780906978.5933197,-0.0293,-1.1799,-0.1887,-15.6183,26.5573,-9.9084,1.1953
1780906978.7949739,-0.2021,-1.0557,-0.123,-0.8626,44.6489,15.1603,1.0819
1780906978.993277,-0.0186,-0.9978,-0.4194,33.2977,11.0611,1.8321,1.0825
1780906979.1931362,0.3408,-1.2134,-0.4429,-18.6107,40.6794,-21.0611,1.3359
1780906979.394011,0.074,-1.03,-0.1133,-6.8092,8.0,3.2977,1.0389
1780906979.5940363,0.0923,-1.0259,-0.1006,22.7099,-31.4809,0.4046,1.0349
1780906979.7928765,0.1133,-0.5823,-0.1953,11.1679,24.7786,-8.0534,0.6245
1780906979.992911,0.1108,-0.6494,-0.0554,2.5573,28.1908,1.2214,0.6611
1780906980.1930518,-0.0376,-1.0217,-0.1106,10.229,33.8855,-7.5954,1.0284
1780906980.394642,-0.2065,-1.1099,-0.1372,-0.626,30.4733,-2.0458,1.1372
1780906980.5932329,-0.0703,-0.6934,-0.0637,0.3511,4.9008,4.4656,0.6998
1780906980.8009727,0.0066,-0.9138,-0.1868,-4.6412,1.9313,17.4656,0.9327
1780906981.002898,0.0393,-1.0701,-0.3562,7.4275,-28.4656,19.8168,1.1285
0,0,0,0,0,0,0,0
0,0,0,0,0,0,0,0
1780906981.958184,-0.0881,-0.9604,-0.1597,-0.229,5.5802,4.8321,0.9776
1780906982.1582122,0.0493,-0.8879,-0.2922,-42.4198,32.4275,7.687,0.9361
1780906982.355562,0.2429,-0.9507,-0.3027,-13.9237,73.0763,-12.0229,1.0269
1780906982.554559,0.085,-0.9656,-0.2695,12.8473,71.1908,15.5954,1.0061
1780906982.754929,0.2944,-0.8901,-0.3279,2.4351,83.3588,15.0687,0.9932
1780906982.9562194,0.2329,-0.8616,-0.2563,0.4198,66.0763,16.7863,0.9286
1780906983.1560476,0.1323,-1.0652,-0.1648,9.3969,52.0687,21.4809,1.0859
1780906983.3583906,0.1311,-1.0703,-0.2061,-9.8931,81.4351,3.8702,1.0978
1780906983.555175,-0.1067,-0.9106,-0.1851,-3.1832,114.313,19.9084,0.9354
1780906983.8056757,-0.0886,-0.9143,-0.2021,-8.7557,96.3893,3.6947,0.9406
1780906983.9540374,-0.1379,-1.0,-0.1145,-6.855,54.771,3.2137,1.0159
1780906984.15504,-0.1165,-1.0432,-0.0706,-5.6031,39.9389,2.0,1.0521
1780906984.354343,0.0007,-0.73,-0.1477,-21.0916,22.7863,6.626,0.7448
1780906984.555142,-0.0364,-0.6873,-0.0937,-2.7939,24.7176,-8.9084,0.6946
1780906984.7554555,0.0454,-0.9421,-0.0862,15.2137,-9.3664,10.7328,0.9472
1780906984.9542308,0.2344,-1.0986,-0.124,24.8855,-21.229,-2.8168,1.1302
1780906985.2086651,0.1208,-0.7166,-0.1675,2.8473,34.145,13.7252,0.7457
1780906985.3542368,0.0674,-0.8867,-0.1824,-6.9924,21.5725,-9.5191,0.9078
1780906985.555472,-0.1348,-1.0293,-0.1211,4.4733,30.8702,0.5649,1.0451
1780906985.7552378,-0.0806,-1.1604,-0.2563,-22.0534,40.9847,2.3588,1.1911
1780906985.9554296,-0.2083,-0.9417,-0.1953,-28.2366,2.313,-11.9313,0.984
0,0,0,0,0,0,0,0
0,0,0,0,0,0,0,0
1780906988.2109504,-0.0347,-0.9705,-0.2002,-2.3817,-7.626,-11.3053,0.9915
1780906988.4105783,0.1487,-0.9497,-0.2793,-27.3359,5.6489,-15.8626,1.001
1780906988.6131573,0.092,-0.9321,-0.2031,-13.6718,6.2595,-5.687,0.9584
1780906988.810915,0.0354,-1.0432,-0.2434,25.5267,-14.1756,9.8015,1.0718
1780906989.0106192,-0.1738,-0.853,-0.2192,10.8168,-23.0305,-5.458,0.8977
1780906989.2096732,-0.3269,-1.106,-0.2244,-19.5038,-24.145,4.2595,1.1749
1780906989.410656,-0.1689,-1.0063,-0.1094,-11.8244,-24.7634,-10.3588,1.0263
1780906989.6111357,-0.0806,-0.6938,-0.3401,1.2748,-3.4885,-3.5344,0.7769
1780906989.810582,-0.0706,-0.6445,-0.3098,-0.2519,-25.6794,-3.7634,0.7186
1780906990.0100963,0.0361,-0.845,-0.3931,0.8779,-29.8321,-23.8168,0.9326
1780906990.2105877,-0.0542,-0.7734,-0.6589,-8.374,-95.5038,-7.1603,1.0175
1780906990.4102154,-0.127,-1.1201,-0.3481,6.4046,-60.5573,-44.5038,1.1798
1780906990.6107073,-0.1565,-0.7856,-0.366,8.6336,-46.5038,-21.8015,0.8807
1780906990.81051,-0.1694,-0.7668,-0.4021,-6.4733,6.0916,-14.1603,0.8823
1780906991.0098794,0.3989,-1.0925,-0.3716,-66.7328,-24.8855,-3.5802,1.221
1780906991.2097359,-0.0112,-0.8914,-0.5391,-29.7252,-33.6947,-4.8015,1.0417
1780906991.410325,-0.2383,-1.1245,-0.6467,2.6947,-3.2748,-37.0305,1.3189
1780906991.610512,-0.3284,-0.7566,-0.5535,36.1679,-13.0305,-0.4046,0.9933
1780906991.8104448,-0.2671,-0.8818,-0.3506,38.2137,-45.6031,-13.3206,0.9858
1780906992.010396,-0.3005,-0.9722,-0.2222,1.313,-77.7786,-10.7481,1.0415
1780906992.210396,-0.2134,-0.9768,-0.0479,18.0,-51.6336,-25.2061,1.001
1780906992.4104025,-0.1082,-0.9568,-0.3284,-26.9313,-29.3511,10.4427,1.0173
1780906992.6104093,0.1145,-0.8999,-0.0984,-2.8015,13.4275,2.9237,0.9125
1780906992.8139458,-0.0632,-1.073,-0.0498,23.9847,-18.7252,6.7328,1.076
1780906993.012415,-0.0552,-0.7097,-0.1528,33.0687,-38.4122,-6.5573,0.7281
1780906993.2099528,-0.217,-0.9868,-0.144,2.145,-26.1985,-4.3359,1.0206
0,0,0,0,0,0,0,0
0,0,0,0,0,0,0,0
1780906995.201503,0.0469,-1.0281,-0.1021,5.3053,21.2366,15.6412,1.0342
1780906995.3995981,0.1299,-0.9897,-0.1199,-2.6336,30.3053,6.4656,1.0054
1780906995.6006513,0.0593,-1.0305,-0.1404,-8.7634,36.1985,9.5038,1.0417
1780906995.800514,0.0081,-0.9727,-0.1538,-14.1298,32.8168,16.2977,0.9848
1780906996.000763,-0.1692,-0.8823,-0.2583,-20.7481,23.7557,11.7634,0.9348
1780906996.2002282,-0.1001,-0.8792,-0.3413,-38.7863,9.8168,10.5191,0.9484
1780906996.4004922,-0.1733,-0.8918,-0.623,-52.7252,12.0229,-3.3359,1.1016
1780906996.599673,-0.084,-0.8728,-0.7075,-66.4198,-5.0305,4.3969,1.1267
1780906996.8016653,-0.0779,-0.6575,-0.7502,-43.1298,-1.0305,0.7176,1.0006
1780906997.0008173,-0.0698,-0.55,-0.8303,-46.9542,0.7328,10.1069,0.9984
1780906997.2004755,-0.0208,-0.428,-0.7761,-28.4733,3.3435,-3.1985,0.8865
1780906997.400405,-0.1467,-0.4268,-1.1162,-35.6412,3.771,2.313,1.204
1780906997.6000197,-0.0945,-0.4238,-1.0947,14.7099,0.7176,0.8931,1.1777
1780906997.8000093,-0.0837,-0.2871,-1.0085,-20.0076,-1.084,11.1374,1.052
1780906997.9997847,-0.0698,-0.2878,-1.0022,-41.8626,-0.2137,8.1832,1.045
1780906998.2000604,-0.1121,-0.2097,-1.1624,-13.6489,0.374,5.6565,1.1864
1780906998.400243,-0.1077,-0.2231,-1.0803,1.1298,-0.7939,4.7863,1.1084
1780906998.6002698,-0.1182,-0.2502,-1.019,-0.2061,-4.2366,1.2443,1.056
1780906998.8001993,-0.0894,-0.1492,-0.991,6.8855,-2.1069,-6.5802,1.0061
1780906999.0003116,-0.0823,-0.1404,-1.0786,0.6031,-0.6031,-3.0153,1.0908
1780906999.2006614,-0.0811,-0.1543,-1.0823,-4.8702,-0.2214,-0.9466,1.0962
1780906999.4001694,-0.0889,-0.1958,-1.0918,-2.9618,0.0992,-1.6641,1.1128
1780906999.600347,-0.0903,-0.1926,-1.0823,5.9313,1.4962,-3.0,1.103
1780906999.8003812,-0.0957,-0.2307,-1.0771,24.5802,-3.0611,-7.0458,1.1057
1780907000.000301,-0.1047,-0.3833,-1.061,46.145,-3.9008,-11.6489,1.133
1780907000.2006679,-0.0908,-0.4851,-0.9409,44.8626,-4.3817,-8.8626,1.0625
1780907000.4003403,-0.0549,-0.5786,-0.8545,28.0611,-2.7176,-8.4885,1.0334
1780907000.600046,-0.0295,-0.6331,-0.7048,18.2595,-0.4122,-2.0992,0.9479
1780907000.7997696,-0.0193,-0.7297,-0.7769,-13.1374,-6.6183,-2.3053,1.066
1780907001.0036852,-0.0559,-0.821,-0.8555,9.5954,1.2901,1.2748,1.187
1780907001.200473,-0.0532,-0.6846,-0.7263,-0.1145,-2.0611,2.8092,0.9995
1780907001.400309,-0.0293,-0.7371,-0.7678,-5.9771,-2.6641,-0.7099,1.0647
1780907001.6004176,-0.0833,-0.7297,-0.7734,-0.2214,-3.3969,0.9389,1.0666
1780907001.8005261,-0.1187,-0.749,-0.7307,10.374,-0.9313,9.0076,1.0531
0,0,0,0,0,0,0,0
0,0,0,0,0,0,0,0
1780907004.6178734,0.0249,-0.9756,-0.0361,14.5115,-0.1221,-7.4656,0.9766
1780907004.8185394,0.0698,-0.9651,-0.0271,0.5573,9.6489,-3.7634,0.968
1780907005.018513,0.0618,-0.9932,-0.0435,-16.687,6.5344,-9.1069,0.996
1780907005.218507,0.0801,-0.9519,-0.0393,-1.7786,-1.0458,0.7557,0.9561
1780907005.4252565,0.022,-1.0098,-0.012,4.7099,-3.8015,3.6336,1.0101
1780907005.6189506,0.0266,-0.9541,-0.0564,-26.9771,-10.6031,-5.2748,0.9561
1780907005.8177366,0.0925,-0.9688,-0.1936,-35.1985,-9.7557,0.7939,0.9922
1780907006.0220206,0.0054,-0.9314,-0.3069,-50.1908,-15.626,2.6947,0.9807
1780907006.221371,0.0081,-0.9634,-0.4709,-47.9847,-12.5191,-2.5038,1.0724
1780907006.4704027,-0.0408,-0.7834,-0.6443,-45.8931,-14.1679,4.1756,1.0152
1780907006.6180854,-0.0654,-0.6699,-0.6997,-53.6565,-5.916,3.6947,0.9709
1780907006.818821,0.009,-0.6279,-0.8804,-46.3053,-0.6718,-3.1145,1.0814
1780907007.019803,-0.0325,-0.5413,-0.9314,-51.4351,0.6031,-12.7557,1.0777
1780907007.218313,-0.0715,-0.3645,-1.0737,-49.2443,2.0763,1.3359,1.1362
1780907007.4183414,-0.0442,-0.3022,-1.0774,-40.5496,2.0229,1.2595,1.1199
1780907007.6681905,-0.0234,-0.1592,-1.093,-15.916,-4.0153,4.6489,1.1048
1780907007.8182952,-0.0176,-0.0681,-1.0823,0.2595,-4.6412,-2.5496,1.0846
1780907008.0199819,-0.0396,-0.0691,-1.1782,-6.2443,4.5191,6.0611,1.1809
1780907008.218383,0.0105,-0.0044,-1.0513,-10.3893,0.9237,3.9466,1.0513
1780907008.418173,-0.012,0.002,-0.9714,6.7176,-5.5954,0.3817,0.9715
1780907008.6170769,-0.1045,-0.0852,-1.1636,-5.7939,-0.4504,-0.2901,1.1714
1780907008.8195164,0.0161,-0.0342,-1.019,-3.4962,-5.8626,0.8015,1.0197
1780907009.0185583,-0.0305,0.0554,-1.0471,-14.0458,-1.9924,-5.0458,1.049
1780907009.2180662,-0.0266,0.0723,-1.1426,-46.1527,6.8855,-5.1603,1.1452
1780907009.4684124,-0.0547,0.0469,-1.1721,0.5191,-2.916,-3.9466,1.1743
1780907009.6172996,0.001,0.0295,-1.0354,5.1069,-1.916,1.8244,1.0358
1780907009.818405,-0.0413,-0.0142,-1.1753,8.2519,-3.4885,-3.2137,1.1761
1780907010.0186427,0.011,-0.0554,-1.1809,32.0534,-2.2748,-1.4733,1.1823
1780907010.2233062,-0.0176,-0.1604,-1.0254,67.0382,-2.7099,-9.6183,1.038
1780907010.4210925,0.0073,-0.5117,-1.0854,73.5649,1.7405,-0.229,1.2
1780907010.6185708,0.0664,-0.6133,-0.7266,70.5649,7.1145,-9.1374,0.9531
1780907010.8180375,0.0105,-0.7502,-0.561,61.0916,3.145,1.313,0.9369
1780907011.018259,-0.0059,-0.8804,-0.4268,61.6031,7.7405,2.0611,0.9784
1780907011.2192798,0.03,-0.8455,-0.1025,41.0763,13.1221,3.8473,0.8522
1780907011.418746,0.0454,-0.9705,-0.2007,6.8168,9.855,-5.1679,0.992
0,0,0,0,0,0,0,0
0,0,0,0,0,0,0,0
1780907012.6974573,0.1458,-0.9707,-0.1558,-9.8931,15.8626,12.5496,0.9939
1780907012.8968768,0.1345,-0.9475,-0.248,-6.5802,28.8855,15.2519,0.9886
1780907013.0979393,0.0256,-0.9253,-0.1633,5.4275,37.0916,10.1908,0.9399
1780907013.2972822,-0.0535,-0.8596,-0.2717,13.1145,28.2214,19.0153,0.9031
1780907013.498239,-0.1335,-0.9048,-0.1685,-14.0305,4.7634,16.0916,0.93
1780907013.697278,-0.1567,-1.0229,-0.2488,-19.6489,-37.1145,-13.9466,1.0644
1780907013.8985274,-0.168,-1.0667,-0.3127,0.5954,17.4886,14.0458,1.1242
1780907014.0985625,-0.0542,-0.6799,-0.2593,23.458,1.8092,17.2672,0.7297
1780907014.2972584,-0.1228,-0.916,-0.2122,22.7481,20.7405,28.8855,0.9482
1780907014.4973862,-0.0876,-1.1204,-0.1282,5.374,-20.855,8.1985,1.1311
1780907014.6994314,-0.1941,-1.0574,-0.4094,-9.3588,-48.7634,-10.0076,1.1504
1780907014.8969908,-0.3796,-1.1594,-0.3206,-55.7863,-61.8168,-7.145,1.2614
1780907015.097337,-0.0608,-1.0181,-0.2844,-15.8931,35.771,6.855,1.0588
1780907015.2973206,-0.3562,-1.1201,-0.5088,-19.4122,97.4809,30.2519,1.2808
1780907015.49808,0.1375,-0.9951,-0.4592,-23.9466,117.8702,-3.2214,1.1046
1780907015.6978278,-0.022,-0.8843,-0.4021,10.6183,154.8779,43.9237,0.9717
1780907015.8978019,0.2358,-0.8289,-0.3862,13.9466,108.9771,29.916,0.9444
1780907016.0976832,-0.0239,-0.9307,-0.2786,12.5649,90.771,18.6794,0.9718
1780907016.2991564,0.0,-0.9712,-0.1597,-6.3511,92.9008,0.4046,0.9842
1780907016.4968812,-0.3752,-0.8511,-0.0959,11.7786,59.5115,13.1145,0.9351
1780907016.6994052,-0.1694,-0.9465,-0.0391,6.4733,45.9542,7.7557,0.9624
1780907016.8978834,-0.3057,-0.9163,0.0635,13.1374,17.9542,-10.771,0.968
1780907017.0963328,0.0496,-0.5615,-0.1692,35.0153,13.9542,-18.1985,0.5885
1780907017.2971292,-0.0198,-0.6418,0.03,25.8779,24.4275,-10.8855,0.6429
1780907017.4969428,-0.1982,-0.9417,0.0513,18.7481,-15.0534,2.5038,0.9637
1780907017.6970642,0.1396,-1.175,0.0122,-9.1069,-19.5878,0.0305,1.1834
1780907017.8997836,-0.072,-0.7017,-0.1719,26.145,-3.7939,0.458,0.726
1780907018.1008563,0.0413,-0.823,-0.0413,9.6412,-12.9466,-18.8397,0.8251
1780907018.2960854,-0.1472,-1.0842,-0.0908,4.5267,-8.3664,-10.9695,1.0979
1780907018.4968314,-0.1299,-1.1655,-0.1736,-16.0076,44.5954,-1.5725,1.1855
1780907018.6968322,-0.1655,-0.7346,-0.1758,-10.8168,9.2901,-0.3206,0.7733
0,0,0,0,0,0,0,0
0,0,0,0,0,0,0,0
1780907019.8283653,-0.3374,-0.9497,-0.0027,-2.9389,-22.1985,14.6489,1.0079
1780907020.0269845,-0.1414,-0.8491,-0.0422,-11.2214,-18.4962,0.1374,0.8618
1780907020.2287712,-0.252,-1.0281,-0.0525,-4.7328,-8.5496,-12.6107,1.0598
1780907020.4274638,-0.1624,-1.0962,-0.1699,-7.3588,-11.229,-19.0916,1.1211
1780907020.6273613,0.1838,-0.8809,-0.2356,-20.4656,-2.9237,-40.0687,0.9302
1780907020.8268905,0.0601,-0.8594,-0.0488,-12.8626,13.6947,-12.2519,0.8629
1780907021.0779996,0.1541,-1.0427,-0.04,14.2595,-25.1221,1.4504,1.0548
1780907021.2299044,-0.0532,-0.7964,-0.522,20.9695,-3.1145,25.9695,0.9537
1780907021.4274857,0.0383,-1.1948,-0.3037,1.7634,3.8626,-5.1985,1.2334
1780907021.6274493,-0.1213,-1.1787,-0.2283,-23.5038,5.4275,2.2137,1.2067
1780907021.8278685,0.0022,-1.2385,-0.2209,-4.9542,54.6641,-1.8702,1.2581
1780907022.027379,0.0251,-0.8088,-0.2043,-42.8626,47.8168,-10.6107,0.8346
1780907022.2273667,-0.0527,-0.8579,-0.0869,-15.0076,20.7405,5.9313,0.8639
1780907022.4278338,0.009,-0.9421,-0.1008,-1.9313,-40.9847,6.2443,0.9476
1780907022.6277597,0.0505,-0.5981,-0.3494,26.6489,-2.4733,18.458,0.6945
1780907022.8273377,-0.4814,-1.3369,-0.3103,-21.687,39.3969,-11.0992,1.4544
1780907023.0273569,-0.1731,-1.1658,-0.3315,-9.5954,66.9542,4.8855,1.2243
1780907023.227701,-0.2646,-0.9192,-0.3188,14.7328,112.1603,10.9542,1.0083
1780907023.428262,0.1785,-0.719,-0.2837,12.2672,74.7863,-0.5038,0.7933
1780907023.629419,0.0847,-1.3723,-0.5554,46.3588,63.4885,-3.855,1.4829
1780907023.8288813,0.2598,-1.144,-0.2407,0.8321,38.0382,-11.2137,1.1976
0,0,0,0,0,0,0,0
0,0,0,0,0,0,0,0
1780907025.8968816,-0.1118,-1.05,-0.1533,13.6641,49.0076,6.5802,1.0671
1780907026.095426,-0.0691,-0.7258,-0.1819,19.084,35.916,-4.6336,0.7515
1780907026.29644,0.2312,-0.7854,-0.2986,3.7328,34.313,-6.3359,0.8715
1780907026.4975119,0.0493,-0.8555,-0.2,0.8015,43.5802,5.4275,0.8799
1780907026.6951668,0.105,-0.9832,-0.1963,1.4809,-9.6107,19.458,1.008
1780907026.8959992,0.0925,-0.9495,-0.2561,25.8473,-28.4122,12.6947,0.9877
1780907027.0953963,-0.4089,-1.3362,-0.2925,-58.4351,-24.1069,35.2137,1.4276
1780907027.295512,-0.1714,-0.9058,-0.1294,-27.5725,-3.6718,11.0611,0.9309
1780907027.49938,-0.0652,-1.1025,-0.1328,14.1069,37.2519,0.0763,1.1124
1780907027.6960342,-0.0825,-0.5139,-0.2488,4.0763,43.8092,11.6565,0.5769
1780907027.8955586,-0.0442,-0.6929,-0.1462,21.0,42.4275,6.1679,0.7095
1780907028.0957181,-0.0679,-0.9321,-0.083,28.1985,3.3588,15.3969,0.9383
1780907028.2990472,0.074,-1.1382,-0.2322,-13.1298,-15.374,-1.9237,1.164
1780907028.4951808,-0.2361,-1.4417,-0.436,-45.8473,-3.9618,-3.8092,1.5245
1780907028.6956728,-0.1458,-1.0898,-0.1758,-32.9313,-20.6718,-6.0,1.1135
1780907028.9447303,-0.0535,-0.9597,-0.0623,-6.313,13.771,3.5802,0.9632
1780907029.095844,-0.0903,-1.1421,-0.4456,7.9389,5.6336,-4.313,1.2292
1780907029.295282,0.198,-1.3757,-0.2783,-56.7786,30.3893,-28.9389,1.4175
1780907029.4979742,0.0969,-0.9917,-0.1829,-25.6412,-1.3206,-16.6641,1.0131
1780907029.6953373,-0.0161,-0.9656,-0.1882,-1.2824,-54.313,-0.5802,0.9839
1780907029.8950086,-0.0847,-0.9507,-0.3613,0.0611,-50.8015,1.1527,1.0206
1780907030.0984356,-0.1094,-1.0906,-0.3052,-6.1908,-30.626,-4.4885,1.1377
0,0,0,0,0,0,0,0
0,0,0,0,0,0,0,0
1780907032.86102,-0.1038,-0.9724,-0.1875,-7.8626,-24.7252,-4.4275,0.9957
1780907033.0611851,-0.1223,-0.9612,-0.2144,-8.3893,-12.2977,2.1069,0.9924
1780907033.2618337,-0.1636,-1.0107,-0.2126,-10.7634,0.1527,0.6336,1.0457
1780907033.4638305,-0.1096,-0.9382,-0.2407,-1.6336,20.0992,11.5802,0.9748
1780907033.6653233,-0.1106,-0.9983,-0.1702,9.626,46.626,-2.5725,1.0187
1780907033.8613956,-0.2688,-1.1594,-0.1914,-11.4351,9.8855,1.8397,1.2055
1780907034.0607553,-0.0618,-0.8313,-0.2559,14.0076,5.7939,12.9313,0.872
1780907034.2610424,0.0464,-0.8857,-0.28,34.6031,27.9924,17.8321,0.9301
1780907034.4629414,-0.0046,-0.9458,-0.3135,18.0458,12.3817,15.6489,0.9964
1780907034.6613004,-0.0481,-1.041,-0.1807,8.8321,-36.916,2.4809,1.0577
1780907034.8617876,0.2307,-0.6531,-0.4028,7.6794,9.0687,-19.2214,0.8013
1780907035.0617235,-0.3594,-1.0037,-0.0791,10.1985,10.7557,-9.0916,1.069
1780907035.2618454,-0.2305,-0.9128,-0.1853,34.6336,51.9008,10.1221,0.9595
1780907035.461024,-0.2075,-0.9326,-0.2065,9.1603,35.7863,2.0534,0.9775
1780907035.662178,-0.2324,-0.9763,-0.1025,21.4886,39.8397,11.4504,1.0088
1780907035.86153,-0.2324,-0.7297,0.0471,36.3817,40.9847,22.8092,0.7673
1780907036.06195,0.0586,-0.8777,-0.2253,17.0,42.4809,-1.9924,0.908
1780907036.261961,0.0344,-0.9819,-0.4114,1.1985,34.0382,-5.855,1.0652
1780907036.4616249,0.0374,-1.0549,-0.3423,-4.626,-7.4046,-12.0382,1.1097
1780907036.6616216,-0.0098,-0.9619,-0.2839,-1.8168,-27.855,3.3511,1.003
1780907036.8618426,-0.1348,-0.8225,-0.3748,3.5344,-28.0,14.084,0.9139
1780907037.0611844,-0.0906,-0.927,-0.2144,-41.3359,-65.0305,7.8702,0.9558
1780907037.2611058,-0.1401,-0.8252,-0.0627,-10.6107,-21.8321,-0.8092,0.8394
1780907037.4609902,-0.2297,-0.8792,-0.2881,11.3206,-16.2366,-16.4427,0.9532
1780907037.6626463,-0.1587,-0.9919,-0.4116,-33.7863,-33.8855,-20.8092,1.0856
1780907037.8620398,-0.1472,-1.1726,-0.1147,-26.0305,-19.3588,-6.0992,1.1874
0,0,0,0,0,0,0,0
0,0,0,0,0,0,0,0
1780907039.5593443,-0.0486,-0.8982,-0.2295,-0.313,-27.7863,15.1298,0.9283
1780907039.7651832,-0.3269,-0.9751,-0.2573,-19.3893,-39.8168,20.7405,1.0601
1780907039.972592,-0.0955,-0.9055,-0.304,1.2061,-13.7863,12.626,0.9599
1780907040.1792593,-0.1216,-0.9946,-0.1472,-16.084,-29.7863,-24.0687,1.0128
1780907040.3411705,-0.1282,-1.0278,-0.2407,13.0916,-2.5496,6.542,1.0634
1780907040.5820544,-0.0376,-0.7522,-0.2947,26.8015,-22.3664,-28.9771,0.8087
1780907040.741183,-0.0552,-1.0305,-0.28,4.4962,3.0916,2.2595,1.0693
1780907040.9415503,0.0166,-0.991,-0.1736,-4.3664,6.8321,6.5191,1.0062
1780907041.1436884,0.0188,-1.0552,-0.1965,-7.8015,-23.3969,14.374,1.0735
1780907041.3413534,0.0034,-0.9966,-0.2686,4.4122,-2.7939,14.1832,1.0321
1780907041.5412395,-0.3022,-1.1008,-0.4026,-7.9313,44.3053,27.3664,1.2105
1780907041.7420423,-0.0518,-0.8428,-0.3455,-5.1679,68.7634,30.1145,0.9123
1780907041.9483833,-0.1743,-0.8796,-0.2004,5.626,26.4046,-9.0076,0.9189
1780907042.156248,-0.165,-1.0942,-0.2329,16.8855,40.8626,-14.3511,1.1309
1780907042.362779,-0.0369,-0.6191,-0.259,25.9237,7.8015,5.3282,0.6722
1780907042.5410523,0.1819,-1.1177,-0.4661,23.3969,-7.8626,-6.5038,1.2245
1780907042.7414246,0.0095,-1.0645,-0.2966,-4.3969,-24.8321,3.7557,1.1051
1780907042.9702408,0.0542,-1.0146,-0.2124,15.2824,-20.1603,5.9924,1.0381
1780907043.1724036,0.0806,-0.7449,-0.2883,12.3206,6.8244,-5.6641,0.8028
1780907043.3801684,-0.2371,-0.9412,-0.4143,3.8855,59.5954,27.4886,1.0553
1780907043.5410137,-0.291,-0.98,-0.1245,4.145,81.4046,23.0382,1.0298
1780907043.7419062,-0.2173,-1.0178,-0.2893,34.7481,104.0687,15.4656,1.0802
0,0,0,0,0,0,0,0
0,0,0,0,0,0,0,0
1780907045.4559677,0.1377,-0.9729,-0.2371,-12.4198,39.5496,9.3588,1.0108
1780907045.6567287,0.175,-0.9521,-0.3801,-5.0076,17.4122,10.2137,1.0401
1780907045.8613918,0.2166,-0.9065,-0.3286,-6.4427,38.7634,26.9237,0.9882
1780907046.0587153,0.0156,-0.9641,-0.2998,10.0534,36.7863,42.0992,1.0098
1780907046.2563484,-0.1177,-1.1213,-0.2053,13.4504,51.6794,30.8015,1.146
1780907046.4568121,-0.2727,-0.8892,-0.1257,25.5038,32.9237,34.1832,0.9385
1780907046.6663284,0.0161,-0.9744,-0.2195,-14.6107,22.8931,0.5344,0.9989
1780907046.8591049,-0.2566,-1.093,-0.2915,13.6031,50.4275,-4.374,1.16
1780907047.0566583,-0.2212,-1.0696,-0.0349,-46.542,20.1985,0.6336,1.0928
1780907047.2553267,0.1619,-0.9873,-0.4092,40.4885,42.1908,1.9618,1.0809
1780907047.4554904,0.1184,-0.991,-0.0049,75.7939,27.8168,-20.5725,0.998
1780907047.6566265,0.1348,-0.9841,0.0017,27.8397,-4.5802,14.9847,0.9933
1780907047.9130464,0.092,-1.0793,-0.1265,-9.3511,-0.6336,12.3969,1.0906
1780907048.0577064,-0.0972,-1.1777,-0.1672,-36.4504,11.0763,30.0,1.1935
1780907048.2559009,0.0271,-0.8784,0.0398,0.7481,17.6031,34.3969,0.8797
1780907048.455756,0.0542,-0.9397,-0.2383,-4.6183,56.1679,-6.8855,0.971
1780907048.655513,0.001,-0.46,-0.3867,-0.0611,36.2748,-7.5496,0.6009
1780907048.855967,0.043,-0.6843,-0.0671,-14.4275,26.0076,22.0992,0.689
1780907049.0565963,0.1316,-0.9456,-0.1655,0.0305,-5.4656,-0.4122,0.9689
1780907049.2574763,0.1138,-1.217,-0.1873,7.8626,-20.7405,1.2901,1.2366
1780907049.4560664,0.0718,-0.6919,-0.2874,20.229,14.6183,11.8931,0.7526
1780907049.6555862,0.2598,-0.8083,-0.033,-14.0382,47.771,-1.855,0.8497
1780907049.855427,-0.0212,-0.9531,-0.1863,-9.5344,44.0458,-3.9084,0.9714
1780907050.0560076,-0.0723,-1.1807,-0.2095,-8.3511,59.855,5.0534,1.2013
1780907050.2568846,-0.1541,-0.5652,-0.3457,23.2901,20.3359,16.145,0.6802
1780907050.4590333,0.1206,-0.7954,-0.0098,29.3282,7.687,2.7863,0.8046
1780907050.6553738,0.0276,-0.9878,0.0312,30.0992,-36.8855,-6.7328,0.9887
0,0,0,0,0,0,0,0
0,0,0,0,0,0,0,0
1780907051.7823915,0.146,-0.9741,-0.1689,-11.374,-8.1756,-8.3511,0.9994
1780907051.9826322,0.1108,-0.9355,-0.1621,-8.7405,-3.1145,-5.2977,0.9559
1780907052.1813707,-0.0012,-1.061,-0.3052,-20.0992,-9.3588,22.7176,1.1041
1780907052.3814244,-0.0845,-1.1096,-0.3245,-31.1145,-11.3282,24.1069,1.1592
1780907052.5817924,-0.1057,-0.929,-0.4175,-34.3359,32.3664,21.0305,1.0239
1780907052.7816598,-0.1887,-0.8625,-0.4128,-11.7023,56.3817,6.2824,0.9747
1780907052.9808342,-0.1733,-0.7749,-0.5657,-35.229,47.3359,24.1221,0.9749
1780907053.1837928,-0.0623,-0.9851,-0.4109,7.7023,68.1527,14.9542,1.0692
1780907053.3815296,-0.0679,-0.8491,-0.6711,-22.1832,55.0382,3.4275,1.0845
1780907053.5825434,-0.1587,-0.7502,-0.5776,-54.3588,-19.1756,33.2443,0.9601
1780907053.7817082,-0.1313,-0.9026,-0.7058,-37.3969,15.0534,21.3206,1.1533
1780907053.9815342,-0.3306,-0.438,-0.5403,0.6107,31.8092,28.1298,0.7701
1780907054.1820924,-0.0525,-0.4253,-0.738,-13.6183,-3.7939,-25.1221,0.8534
1780907054.3820658,-0.2124,-0.4758,-0.9402,48.9466,-7.4427,5.9847,1.0749
1780907054.6321938,-0.1079,-0.634,-0.8699,6.5191,11.4351,-1.1221,1.0818
1780907054.7883344,0.0032,-0.6321,-0.95,-0.4504,23.7176,10.916,1.141
1780907054.9816265,0.0737,-0.5181,-0.8752,16.5573,14.6565,1.7863,1.0197
1780907055.2321775,0.0925,-0.4988,-0.918,40.4656,8.5649,-9.7176,1.0488
1780907055.383641,0.1384,-0.5957,-0.7988,65.9237,-4.6489,-13.7557,1.0061
1780907055.5823045,0.0303,-0.9858,-0.761,19.5496,-7.3053,-2.9618,1.2458
1780907055.7837026,-0.0779,-1.3667,-0.1523,54.5954,-3.0916,4.0992,1.3774
1780907056.0326998,0.061,-0.9436,0.0947,36.9847,5.6565,6.9847,0.9503
1780907056.1836238,0.167,-0.9182,-0.0442,9.3206,2.6641,7.687,0.9343
1780907056.3817737,0.1453,-0.9675,-0.0537,6.3435,7.8015,1.3206,0.9798
1780907056.5823338,0.0952,-0.9458,0.092,-0.2061,3.0992,2.0916,0.955
0,0,0,0,0,0,0,0
0,0,0,0,0,0,0,0
1780907057.8022282,0.1118,-1.0156,-0.0801,-7.9847,0.4809,12.4733,1.0249
1780907058.0049906,0.1521,-0.9688,-0.1025,7.2214,-1.2443,3.0458,0.986
1780907058.2027915,0.0654,-0.9988,-0.0522,-7.7099,0.0992,1.3511,1.0023
1780907058.4021747,0.0676,-0.9827,-0.0825,-9.5878,0.4122,0.3664,0.9884
1780907058.6024454,0.1011,-0.9836,-0.0845,-1.8092,3.5038,-0.2061,0.9924
1780907058.8018463,0.0979,-1.0264,-0.1086,-3.6718,20.8779,-0.8931,1.0367
1780907059.0025437,0.0967,-1.0186,-0.0876,-2.4809,42.5878,5.6718,1.0269
1780907059.201581,0.0842,-0.99,-0.073,6.1374,74.2366,1.145,0.9962
1780907059.4416878,0.0015,-1.0122,-0.0698,12.6183,44.6718,8.2061,1.0146
1780907059.6013453,-0.032,-0.9827,-0.0107,-7.1298,-3.374,-13.3053,0.9832
1780907059.8512511,-0.0371,-0.9775,-0.0139,0.6183,-54.7939,-0.1145,0.9783
1780907060.0018995,0.0078,-0.96,0.0261,-3.855,-90.9389,3.8855,0.9603
1780907060.202023,0.0566,-1.0022,-0.0537,-0.2595,-95.0153,-0.0229,1.0052
1780907060.4030914,0.135,-1.0034,-0.093,2.9618,-75.6412,-4.9771,1.0167
1780907060.6021903,0.1763,-0.959,-0.125,-2.8779,2.626,-3.0763,0.983
1780907060.8050804,0.1089,-0.9756,-0.0632,-12.9084,43.3588,-1.916,0.9837
1780907061.0013998,0.1194,-0.9697,-0.1011,-2.1527,59.9924,-0.8779,0.9823
1780907061.2015185,0.0149,-1.0327,-0.1606,-5.9237,69.1221,3.0305,1.0452
1780907061.4017832,-0.0696,-0.9885,-0.0554,-5.5344,23.3282,-3.6489,0.9925
1780907061.601742,0.0652,-0.8787,-0.1257,6.4122,-28.0611,-2.8855,0.89
1780907061.8041258,0.0081,-1.0425,-0.0535,-20.1603,-36.4122,15.0,1.0439
1780907062.0019097,-0.1082,-0.8223,-0.0759,-3.6489,-9.0992,5.0305,0.8328
1780907062.201934,-0.1616,-1.2058,-0.3479,-30.458,23.6947,13.4504,1.2654
1780907062.4020977,-0.0088,-0.9304,-0.8706,-40.6336,14.2672,8.3817,1.2742
0,0,0,0,0,0,0,0
0,0,0,0,0,0,0,0
1780907063.867379,-0.0693,-0.9883,-0.0557,4.9771,-14.084,0.4733,0.9923
1780907064.0678334,-0.0305,-1.0239,0.0181,1.8473,-4.542,4.7023,1.0245
1780907064.2683032,0.0378,-0.9763,-0.0493,-0.4504,7.2137,4.3359,0.9783
1780907064.4677603,-0.134,-0.9543,-0.1646,-12.8092,28.9618,4.4275,0.9777
1780907064.6706362,-0.1265,-0.9309,-0.1594,-32.2672,-7.4733,8.771,0.9529
1780907064.8672373,-0.093,-0.9307,-0.2,-41.542,-41.1527,5.1298,0.9564
1780907065.067346,-0.0251,-0.9067,-0.356,-26.8015,-25.4198,-11.4427,0.9744
1780907065.2680805,0.0388,-0.8794,-0.5142,-58.6565,23.7328,-41.1145,1.0194
1780907065.4689534,-0.0747,-0.9517,-0.6663,-30.6107,0.0076,7.0153,1.1641
1780907065.6672466,0.0645,-0.8489,-0.7241,-43.0611,0.626,1.8168,1.1176
1780907065.8672707,0.0486,-0.6943,-0.7583,-22.542,3.9695,2.8397,1.0293
1780907066.0678256,0.0728,-0.7739,-0.6108,17.7634,-14.9466,9.5954,0.9886
1780907066.2672515,0.0098,-0.6853,-0.4316,67.4657,-6.0916,15.4122,0.81
1780907066.4683702,-0.0437,-0.9851,-0.511,65.6718,-6.0992,5.9542,1.1106
1780907066.6680818,-0.04,-1.104,-0.3518,87.4427,-12.1679,7.2519,1.1594
1780907066.8674736,-0.1921,-0.7563,-0.1172,34.4885,-21.0305,0.2595,0.7891
1780907067.0679834,0.0835,-1.085,0.0605,58.4198,-5.2748,1.6794,1.0899
1780907067.2680652,0.033,-0.9165,0.3357,7.5038,-4.9008,-2.5344,0.9766
1780907067.4681246,0.104,-0.9185,0.0979,-23.9466,-4.542,5.229,0.9295
1780907067.6673357,-0.0078,-0.8826,0.1414,32.0458,-0.0382,-15.6718,0.8939
1780907067.8729913,-0.0562,-0.8562,0.0847,4.4733,-2.0763,-3.1527,0.8622
1780907068.0710797,0.0098,-0.9377,0.1826,-4.8397,4.6412,-5.1603,0.9554
1780907068.267317,-0.0354,-0.8679,0.3196,8.458,27.2748,2.0763,0.9256
1780907068.467337,0.0178,-1.062,0.1558,-21.4122,-7.7023,6.8397,1.0735
1780907068.6675532,-0.0249,-1.1565,0.0808,-38.2977,-11.8473,-26.458,1.1596
1780907068.8700092,-0.0234,-0.9688,0.1038,-11.1298,-2.2366,-3.3206,0.9746
1780907069.0674489,-0.0181,-0.9812,0.1313,-3.5649,-0.5802,-3.1145,0.9901
0,0,0,0,0,0,0,0
0,0,0,0,0,0,0,0
1780907069.9437237,-0.0071,-1.0103,0.0728,-7.3969,-2.084,-2.6565,1.0129
1780907070.1431558,0.0281,-0.9507,0.0874,-16.1756,-0.4351,-4.8015,0.9551
1780907070.3435493,0.0452,-1.0181,-0.0339,-17.229,4.1298,2.1603,1.0196
1780907070.5436313,0.0317,-0.9597,-0.0586,-13.5802,2.2824,0.7405,0.962
1780907070.7436857,-0.0024,-1.0132,-0.0686,-30.3359,2.916,6.7023,1.0155
1780907070.9435925,0.0366,-1.0388,-0.2563,-21.1298,8.3893,16.5114,1.0706
1780907071.143569,0.0388,-0.936,-0.4971,-45.9313,9.9237,7.5496,1.0605
1780907071.3447504,0.0327,-0.9756,-0.5469,13.3053,-0.0763,12.9389,1.1189
1780907071.5435617,0.0432,-0.8596,-0.3955,38.6718,-0.3435,1.1527,0.9472
1780907071.7436304,-0.0288,-0.9143,-0.353,40.0382,6.2519,-2.8015,0.9805
1780907071.9438078,0.0444,-0.823,-0.2288,60.084,-2.0382,-20.0,0.8554
1780907072.1450374,-0.1943,-1.3479,-0.0203,6.1527,-35.3282,-4.5573,1.362
1780907072.342982,0.104,-1.1116,-0.0969,-15.3282,-33.9924,8.0229,1.1206
1780907072.543597,0.0046,-1.0354,-0.0291,1.1374,-32.3664,14.9084,1.0358
1780907072.7429454,-0.1355,-0.9734,0.01,-4.9084,-55.374,22.0229,0.9828
1780907072.9440036,-0.114,-0.9663,-0.0161,-14.1145,-87.1221,23.5802,0.9731
1780907073.1411786,-0.0776,-0.9973,0.0391,-9.0,-36.7252,13.9695,1.0011
1780907073.3418934,-0.0552,-0.9531,0.0222,-2.6947,28.374,-9.0076,0.955
1780907073.5418909,-0.1868,-1.0442,-0.0352,3.4962,76.7481,-14.3359,1.0613
1780907073.742005,-0.2522,-1.0398,-0.0029,10.916,81.7405,-22.3282,1.0699
1780907073.9417088,-0.0063,-0.9915,-0.074,-9.7557,100.0763,-13.8244,0.9942
1780907074.1429427,0.0515,-1.033,-0.0547,-8.626,75.3435,-17.3282,1.0357
1780907074.3429363,0.054,-0.9666,-0.0803,-14.4198,63.9466,-13.4275,0.9714
1780907074.5434394,0.0312,-0.9954,0.0002,2.7176,26.7252,-6.8244,0.9959
1780907074.7419808,0.1211,-0.9697,-0.0059,-5.0076,-16.5878,4.626,0.9773
0,0,0,0,0,0,0,0
0,0,0,0,0,0,0,0
1780907076.1036923,-0.3018,-0.9438,0.0427,-19.1374,-28.1145,2.145,0.9918
1780907076.302596,-0.136,-1.2102,-0.1099,-35.4275,-36.9695,-18.6336,1.2228
1780907076.5028045,-0.0967,-1.0469,-0.3347,-20.0382,-70.3893,-28.9771,1.1033
1780907076.702979,-0.0579,-0.884,-0.0474,-5.5191,-61.8931,-8.8702,0.8872
1780907076.9038537,-0.0347,-1.0315,0.001,12.9542,-67.3282,3.9084,1.0321
1780907077.104767,-0.1135,-0.9915,-0.1372,-3.2672,-48.7786,7.1374,1.0073
1780907077.3024244,-0.1904,-1.2327,-0.2744,-47.9084,11.6794,1.6183,1.2771
1780907077.5044081,-0.1641,-1.1536,-0.1216,1.3893,56.3282,7.084,1.1715
1780907077.7026572,-0.0042,-1.1091,-0.3328,-21.1221,39.4046,-7.0153,1.158
1780907077.9057634,0.1904,-1.0847,-0.2095,-44.3893,34.9237,-7.1527,1.121
1780907078.1054842,0.1404,-0.9072,-0.1042,-23.8397,38.916,2.145,0.9239
1780907078.3038669,-0.1536,-0.9758,0.0193,23.0076,-10.4656,21.5267,0.988
1780907078.5036292,0.0603,-0.9185,-0.324,8.5038,3.1603,11.2595,0.9758
1780907078.70294,-0.2874,-1.1758,-0.2827,-13.1527,-19.3206,1.9542,1.243
1780907078.906215,-0.3132,-1.0481,-0.1907,-0.2137,-22.6336,-10.7557,1.1104
1780907079.1021018,-0.0911,-1.002,-0.1707,4.542,-8.9847,-16.0763,1.0205
1780907079.303724,-0.0581,-1.0881,-0.5264,-40.145,-10.2214,-10.6947,1.2102
1780907079.5549748,0.1355,-0.9583,-0.5859,-34.8015,-10.626,-17.3053,1.1313
1780907079.7036915,-0.0173,-0.8054,-0.374,-37.916,-21.2748,-7.855,0.8882
1780907079.9027832,-0.0254,-0.8213,-0.5642,-35.2824,-43.0305,9.2137,0.9967
1780907080.102937,-0.0334,-0.7969,-0.6199,-50.4885,-5.5954,-10.1221,1.0101
1780907080.3022866,-0.1506,-0.6362,-0.7292,-20.1069,-14.3359,-0.9542,0.9794
1780907080.5039244,-0.1709,-0.7607,-0.8735,-14.374,-1.9695,1.3053,1.1709
1780907080.702392,-0.2092,-0.6636,-0.8213,7.0916,-5.1603,-0.9695,1.0764
1780907080.9035592,-0.1824,-0.6343,-0.7351,9.084,-7.3664,-6.0992,0.9879
1780907081.1106472,-0.1902,-0.7087,-0.7747,21.2443,1.2977,-6.9237,1.067
1780907081.3028743,-0.1211,-0.8857,-0.7854,9.2901,14.7481,-6.8015,1.19
0,0,0,0,0,0,0,0
0,0,0,0,0,0,0,0
1780907082.3694348,0.0649,-0.9607,-0.4458,26.6412,91.4657,10.9924,1.0611
1780907082.5686836,0.1545,-0.866,-0.5117,-5.3359,116.1221,12.5115,1.0177
1780907082.7680094,-0.054,-1.0789,-0.3013,-5.8473,96.5878,37.4656,1.1214
1780907082.9689915,0.2485,-1.0732,-0.355,-8.0916,103.4351,20.8473,1.1574
1780907083.1690762,-0.3352,-0.9358,-0.2964,-5.5573,110.3664,44.2061,1.0373
1780907083.369011,-0.1802,-1.0757,-0.219,-30.0,27.6718,0.1832,1.1124
1780907083.5684326,-0.1968,-1.0891,-0.2002,-2.4122,21.1985,-1.8626,1.1247
1780907083.7694972,0.147,-0.9922,-0.6858,12.7176,-9.542,-19.6489,1.215
1780907083.9690871,0.2664,-1.1077,-0.509,4.687,17.6565,6.6183,1.2478
1780907084.1690104,0.0898,-1.0261,-0.2788,12.1298,2.1832,6.4046,1.0671
1780907084.3686037,0.0244,-1.1106,-0.1787,15.0,-14.6718,11.5344,1.1251
1780907084.5688303,-0.0378,-0.782,-0.4248,38.5191,-54.9084,2.6031,0.8907
1780907084.7684383,0.144,-0.7312,-0.1748,26.9847,2.9389,5.0992,0.7655
1780907084.9703448,-0.1641,-1.02,-0.1719,14.9618,3.9542,-6.084,1.0473
1780907085.1719232,-0.2798,-1.1685,-0.4619,8.3053,-12.5191,-9.2824,1.2872
1780907085.368809,0.2122,-1.4963,-0.293,-55.9008,22.7481,-14.313,1.5394
1780907085.5688157,0.0461,-1.0898,-0.1035,-22.3511,18.3053,-1.8015,1.0957
1780907085.7688074,-0.144,-0.9912,-0.0862,6.1145,-24.4046,8.8779,1.0053
1780907085.968958,0.1189,-0.8303,-0.3574,6.4656,8.7023,-2.7939,0.9118
1780907086.1688843,-0.3442,-1.2017,-0.3354,-0.5573,29.626,-5.7405,1.2942
1780907086.3692052,-0.2065,-0.8616,-0.0972,5.4809,49.4885,17.7481,0.8913
1780907086.5687408,-0.0813,-0.9453,-0.1306,20.4122,66.9618,11.3359,0.9578
1780907086.7690713,-0.0522,-1.1746,-0.4307,-14.855,68.5725,-0.5115,1.2521
0,0,0,0,0,0,0,0
0,0,0,0,0,0,0,0
1780907088.2698362,0.0601,-0.9646,-0.1816,-12.2061,24.626,-2.6489,0.9834
1780907088.4685135,0.0764,-0.9473,-0.1917,-14.5496,41.0305,-1.4504,0.9695
1780907088.669009,0.0471,-0.9629,-0.2153,-12.2824,44.6412,8.9466,0.9878
1780907088.8690736,0.0291,-1.0884,-0.1782,1.5649,9.8702,10.6107,1.1033
1780907089.0687814,0.1467,-0.7654,-0.3748,34.3206,28.5878,4.0916,0.8647
1780907089.2709758,-0.3176,-1.1445,-0.3904,-10.8931,42.8244,6.1832,1.2503
1780907089.471929,-0.2224,-1.0281,-0.2651,-18.0382,49.1908,18.8168,1.0848
1780907089.668683,-0.1626,-1.0427,-0.2898,5.0458,35.1374,1.5496,1.0944
1780907089.8692117,0.1165,-0.6746,-0.4565,17.5802,22.5802,-3.1985,0.8228
1780907090.067979,0.4229,-0.9329,-0.5486,-0.4351,66.6565,-8.084,1.1619
1780907090.2707584,0.2334,-0.9883,-0.4868,-19.8321,78.458,-3.6718,1.1261
1780907090.4682648,0.2439,-0.9053,-0.387,0.8092,36.0687,16.7557,1.0143
1780907090.6682436,0.2,-0.9209,-0.3628,15.4885,49.8626,34.2977,1.0098
1780907090.8692217,-0.022,-0.8689,-0.1631,8.1145,77.0229,22.6794,0.8843
1780907091.0700743,-0.2483,-0.6523,-0.1504,8.2672,68.2137,35.687,0.714
1780907091.2691762,-0.1587,-0.9983,-0.2263,-10.0076,13.6183,-3.5802,1.0359
1780907091.4689012,-0.2456,-1.011,-0.2146,-5.3435,11.2748,-1.1069,1.0623
1780907091.6690078,-0.074,-1.1331,-0.2673,-15.3817,3.9542,-18.5725,1.1665
1780907091.8689113,0.1267,-0.8406,-0.3308,-33.4427,44.313,-11.2214,0.9122
1780907092.068941,0.0022,-0.8064,-0.1443,-21.7023,48.6641,-6.3817,0.8192
1780907092.2680173,-0.0852,-1.0015,-0.2146,15.2901,-21.5954,14.7252,1.0277
1780907092.4691725,0.1243,-0.4563,-0.3169,39.916,6.916,1.3435,0.5693
1780907092.668347,-0.1853,-1.0784,-0.4946,49.8015,33.2443,-12.1145,1.2008
1780907092.8684416,-0.1689,-1.2205,-0.3811,-5.4656,65.626,12.084,1.2897
1780907093.0690517,-0.3425,-0.8857,-0.2397,34.3893,92.4351,13.0763,0.9795
0,0,0,0,0,0,0,0
0,0,0,0,0,0,0,0
1780907095.6583812,0.0376,-1.1941,-0.3203,-4.7634,16.5038,-8.1145,1.2369
1780907095.858499,0.1145,-1.0513,-0.2905,-5.5878,26.3511,-9.5115,1.0967
1780907096.059374,0.0845,-0.9985,-0.1504,6.1221,40.6336,-0.2595,1.0133
1780907096.2587445,0.0798,-0.9009,0.0957,20.0382,15.9313,6.8244,0.9095
1780907096.4593856,0.0107,-1.3154,0.0208,-16.2595,-3.626,25.6641,1.3156
1780907096.6592486,-0.0754,-0.8828,-0.2461,-16.8473,31.0076,19.5878,0.9196
1780907096.8591344,-0.1003,-0.7117,-0.0837,-20.916,35.1832,15.7939,0.7236
1780907097.059101,-0.1226,-0.9321,-0.0505,-5.9924,32.2824,1.1679,0.9415
1780907097.258933,-0.2478,-1.2803,-0.3555,-17.6947,37.7328,-18.6718,1.3516
1780907097.463531,0.0273,-1.1375,-0.3318,-41.3664,44.9466,-35.0763,1.1852
1780907097.6588328,-0.0127,-0.8896,-0.1711,-16.0153,48.3664,-10.2748,0.906
1780907097.8586376,-0.0554,-0.9431,-0.0947,7.4656,-4.7634,21.687,0.9495
1780907098.058019,0.1252,-1.0918,-0.0579,6.4504,-33.374,12.6336,1.1005
1780907098.2581313,-0.0596,-0.7168,-0.2095,-9.9618,16.3359,5.4809,0.7491
1780907098.4599347,-0.0542,-0.8247,-0.2024,-8.7328,5.1527,-1.7634,0.8509
1780907098.6590054,-0.1978,-1.0325,-0.1814,0.4733,-0.2443,-11.2443,1.0668
1780907098.8589454,-0.2278,-1.0713,-0.251,1.4656,10.5878,-10.6489,1.1236
1780907099.0599337,-0.1526,-0.6904,-0.1401,-27.9924,-28.7634,-25.1298,0.7208
1780907099.2575839,-0.0669,-0.7307,-0.1702,-20.2824,-34.8779,-19.5344,0.7532
1780907099.457685,-0.0332,-0.9436,-0.3313,-3.2214,-94.7786,-0.626,1.0006
1780907099.6580775,-0.2148,-0.8328,-0.5208,-4.5573,-95.0687,37.6489,1.0054
1780907099.8571463,-0.1272,-0.7896,-0.4075,-16.5038,-118.687,-2.0,0.8976
1780907100.0579655,-0.3479,-0.8806,-0.3708,5.7176,-57.6412,-11.3206,1.0169
1780907100.2582643,-0.3999,-0.9448,-0.4053,-4.2977,-66.0305,-19.0153,1.1031
1780907100.4588978,-0.3547,-0.9077,-0.2009,-9.8702,-53.9618,-22.5878,0.9951
1780907100.6584752,-0.0061,-0.9343,-0.3467,16.7557,-34.8244,-38.8779,0.9966
1780907100.8598874,0.1292,-1.093,-0.3992,5.145,-49.4504,-22.6718,1.1708
1780907101.0581188,-0.1987,-1.0896,-0.2905,-10.0458,-43.3206,-14.1069,1.145
1780907101.2597823,-0.0701,-1.0142,-0.1807,-1.2061,-64.1221,-9.6565,1.0325
1780907101.4583519,-0.0151,-1.1846,-0.5852,-7.7557,-41.7786,2.0611,1.3213
0,0,0,0,0,0,0,0
0,0,0,0,0,0,0,0
1780907102.4935248,-0.188,-0.918,-0.2847,-11.4046,-41.2519,8.8931,0.9793
1780907102.6936393,-0.2253,-0.908,-0.2261,-4.6031,1.7176,-7.4885,0.9624
1780907102.8936331,-0.2798,-1.02,-0.3008,18.542,23.4351,-15.3664,1.0996
1780907103.0947356,-0.1299,-0.6235,-0.1777,46.7786,-21.7481,-3.542,0.6613
1780907103.295089,-0.0212,-1.0969,-0.3621,23.5267,-50.5115,-1.9313,1.1553
1780907103.4935763,0.0159,-1.0542,-0.2158,-10.3435,-31.4656,2.6489,1.0762
1780907103.6936653,0.0681,-0.98,-0.1492,3.7786,-54.8397,8.4885,0.9936
1780907103.8936756,-0.0056,-0.499,-0.3274,33.4046,-26.8931,8.4885,0.5969
1780907104.0935943,0.0083,-0.8633,-0.3352,48.4962,-0.5725,-15.313,0.9261
1780907104.2935863,-0.2268,-0.9763,-0.2473,17.3282,10.7481,-13.6336,1.0324
1780907104.4939873,-0.2144,-1.1643,-0.2378,55.6947,61.5115,11.0916,1.2075
1780907104.693561,-0.0085,-0.5776,-0.1355,41.6794,36.5802,2.3511,0.5934
1780907104.8930266,0.021,-0.7295,-0.1328,27.5038,12.8321,5.2137,0.7418
1780907105.0935304,0.0212,-0.9841,-0.1975,1.4733,-36.313,10.4885,1.004
1780907105.2935205,0.2024,-1.3367,-0.4565,-10.6947,-10.1679,20.5344,1.4269
1780907105.491953,-0.2258,-1.0669,-0.3608,-36.2519,44.8626,49.0153,1.1487
1780907105.691954,-0.1213,-0.8096,-0.2358,-13.5725,44.0305,16.5802,0.8519
1780907105.8915412,-0.0596,-1.0315,-0.2083,18.7939,58.9313,-5.5191,1.054
1780907106.0916939,-0.0144,-0.9722,-0.5112,19.4886,31.5344,-22.145,1.0985
1780907106.2919219,0.3965,-1.3599,-0.3748,-34.2595,5.4275,-28.916,1.4652
1780907106.4919786,0.1167,-1.0464,-0.219,-5.4656,-8.5878,1.2519,1.0754
1780907106.6918318,0.0178,-0.9634,-0.1909,7.9924,-44.3435,3.1069,0.9823
1780907106.8921285,0.04,-0.9233,-0.2446,10.8779,-40.3359,1.8397,0.956
1780907107.091759,0.071,-0.949,-0.2476,-7.229,9.9008,1.4962,0.9833
1780907107.2929013,0.094,-0.9995,-0.2715,-15.9542,43.9237,-3.0076,1.04
0,0,0,0,0,0,0,0
0,0,0,0,0,0,0,0
1780907108.3520455,0.1387,-0.9749,-0.2278,-15.1679,12.1756,15.6565,1.0107
1780907108.5481658,-0.0032,-0.8757,-0.2563,-20.4198,33.9313,13.9924,0.9125
1780907108.7463496,-0.1394,-1.0083,-0.3582,-17.4427,9.7481,1.2672,1.0791
1780907108.9471133,-0.2256,-0.9463,-0.179,-2.8779,15.0687,8.5267,0.9891
1780907109.1472478,-0.1597,-0.9758,-0.2688,17.7328,16.5191,6.6565,1.0247
1780907109.3468819,0.0078,-0.395,-0.2588,22.8168,8.0916,2.7786,0.4723
1780907109.5515594,0.0342,-0.5703,-0.2258,5.6336,15.9084,7.4046,0.6143
1780907109.7506232,0.0625,-0.9695,-0.2532,37.8168,-25.4198,-3.5115,1.0039
1780907109.9467356,-0.2683,-1.1753,-0.6948,-7.2977,21.0763,22.2977,1.3914
1780907110.1469042,0.0466,-0.4016,-0.3066,-8.8321,3.4809,-16.2824,0.5074
1780907110.3467717,-0.0078,-2.0,-0.2588,-45.4275,101.4809,86.0763,2.0167
1780907110.546738,-0.0034,-0.1614,-0.3669,8.7252,-8.5802,28.7405,0.4009
1780907110.7495558,-0.2588,-1.0117,-0.1609,46.084,-12.0916,7.1527,1.0566
1780907110.9468062,0.1938,-1.147,-0.1458,-48.1679,11.3053,-23.0687,1.1723
1780907111.1471467,-0.0007,-0.8926,-0.373,0.5802,2.8244,8.4198,0.9674
1780907111.3492153,-0.4045,-1.6714,-0.5129,22.7481,-25.8092,-14.7481,1.7945
1780907111.5503154,-0.0669,0.0518,0.0317,1.8855,-19.687,5.5267,0.0903
1780907111.7474785,0.5881,-2.0,0.0063,-193.8473,41.8855,-50.3206,2.0847
1780907111.950585,0.1392,-0.2554,-0.3979,38.5496,9.4351,5.4198,0.4929
1780907112.1474578,-0.2576,-1.8889,-0.561,-19.4198,32.4351,25.4809,1.9872
1780907112.3473837,0.0815,-1.502,-0.1772,-39.2366,-23.3969,-39.2519,1.5146
1780907112.5473154,-0.0425,-1.1157,-0.2683,-7.0534,-12.9924,0.8244,1.1483
1780907112.7466714,0.0059,-0.9575,-0.1326,-4.0,10.9084,6.3511,0.9667
0,0,0,0,0,0,0,0
0,0,0,0,0,0,0,0
1780907113.8265266,-0.0818,-1.033,-0.3437,-2.3511,2.8931,7.458,1.0917
1780907114.0269861,-0.1721,-0.9465,-0.4055,-6.5115,12.2672,4.8626,1.044
1780907114.2264886,-0.1348,-0.8884,-0.3562,15.8168,64.6031,13.2672,0.9666
1780907114.4259858,-0.1724,-0.8557,-0.4397,26.7252,82.7252,4.8626,0.9774
1780907114.6264787,0.259,-0.9839,-0.1497,5.8626,94.7099,8.5802,1.0284
1780907114.8269296,0.0491,-0.8086,-0.105,12.9237,64.6031,4.7328,0.8169
1780907115.0259717,0.155,-0.9441,-0.2578,-0.1527,79.5038,26.542,0.9909
1780907115.2816508,0.1487,-0.9888,-0.2075,-5.313,91.916,33.3053,1.0212
1780907115.426028,-0.1208,-0.8044,-0.2468,37.1756,75.3511,13.2901,0.8501
1780907115.6261883,-0.2852,-0.854,-0.3103,-12.0611,94.8702,31.1298,0.9523
1780907115.8271656,-0.1011,-0.9839,-0.1812,-12.3435,20.3664,1.0382,1.0055
1780907116.0266795,-0.2556,-1.0764,-0.1667,-17.5954,26.1679,22.1374,1.1188
1780907116.2267222,-0.0837,-0.9973,-0.407,15.0305,25.542,3.0229,1.0804
1780907116.4278352,0.0601,-1.3247,-0.3521,-42.0229,86.0687,10.2061,1.372
1780907116.6269345,0.0559,-1.2407,-0.2512,4.9237,8.0076,-7.374,1.2671
1780907116.8264465,-0.241,-1.0303,-0.4978,-2.5115,-77.7252,-19.7863,1.1693
1780907117.0272074,0.2468,-1.0164,-0.2869,-25.0687,-76.313,-26.2595,1.0845
1780907117.2264955,0.1267,-1.0759,-0.0762,-18.3206,8.8931,-6.0992,1.086
1780907117.4260223,0.2573,-0.3931,-0.5984,35.3053,137.2977,40.5802,0.7608
1780907117.6269433,-0.0376,-0.9912,-0.2625,36.916,57.2519,-14.1679,1.0261
1780907117.8304508,-0.2363,-0.875,-0.0977,18.1679,-43.5649,-9.4427,0.9116
1780907118.0766568,-0.0366,-0.4294,-0.4375,36.7252,-76.8321,12.1145,0.6141
1780907118.2297947,-0.0959,-0.7729,-0.1841,48.1908,-14.3817,27.7099,0.8003
1780907118.4308503,0.0562,-1.1558,-0.207,15.5649,62.5573,-3.8855,1.1755
1780907118.6284635,-0.0608,-0.4841,-0.3542,19.9237,84.7176,28.2977,0.603
1780907118.8271601,0.0249,-0.6875,-0.0415,3.1908,14.916,-9.5649,0.6892
1780907119.0268476,-0.2427,-1.0295,-0.0867,10.9618,-42.0,5.1603,1.0613
1780907119.2270215,-0.0732,-0.522,-0.4341,17.0763,-52.2137,2.2137,0.6828
1780907119.4279556,0.0977,-0.8926,-0.2295,35.374,-21.9237,13.626,0.9268
1780907119.625489,-0.0393,-1.2791,-0.2466,-0.3359,29.855,-26.2748,1.3032
1780907119.826116,-0.0081,-0.7141,-0.4697,27.1527,72.4198,26.229,0.8548
0,0,0,0,0,0,0,0
0,0,0,0,0,0,0,0
1780907120.829939,-0.2361,-1.1252,-0.1589,-35.8015,3.8244,17.2748,1.1607
1780907121.0285757,-0.1035,-1.0149,-0.0803,-9.0992,1.145,-4.7481,1.0233
1780907121.2287786,-0.3374,-0.9106,-0.0708,-1.313,-19.687,-22.4351,0.9737
1780907121.4283931,-0.2954,-1.2126,-0.2695,-13.2595,-100.6412,-45.8473,1.2769
1780907121.6285043,0.2322,-0.8928,-0.4631,-36.4198,-152.2443,-47.4198,1.0322
1780907121.8302102,0.3281,-0.9182,-0.2795,-16.5725,-69.687,0.9313,1.0144
1780907122.0284073,0.333,-1.0513,-0.2549,-8.3588,50.5878,30.0076,1.1318
1780907122.2779593,-0.1255,-0.584,-0.4524,54.4275,114.8244,45.8321,0.7493
1780907122.4275196,-0.283,-0.9629,-0.1672,2.145,65.2977,22.771,1.0174
1780907122.628006,-0.3728,-1.0176,-0.1411,-17.0611,14.687,-9.9084,1.0929
1780907122.8785796,0.1182,-1.2747,-0.6042,-36.7405,-34.3053,-36.6947,1.4156
1780907123.0785728,0.0605,-0.8945,-0.3755,-5.8015,-24.3588,-19.3664,0.972
1780907123.227937,0.1423,-0.9553,-0.2251,22.3359,32.3588,29.8244,0.9918
1780907123.4277885,0.0415,-0.8069,-0.4978,41.0,81.5725,30.9847,0.949
1780907123.6780076,-0.2974,-1.0952,-0.5691,-8.8244,158.3817,27.8779,1.2696
1780907123.9143388,-0.1355,-0.991,-0.4741,18.0687,156.9618,13.1527,1.1069
1780907124.0289538,-0.5024,-0.8054,-0.4136,15.8092,149.7557,33.7481,1.0355
1780907124.2288866,0.3806,-0.8674,-0.3245,9.5496,33.0763,-23.7557,1.0013
1780907124.4282148,0.1387,-0.9944,-0.2075,32.5725,32.6183,-3.9542,1.0252
1780907124.677928,0.2803,-0.8972,-0.2422,-11.4046,22.8702,7.8855,0.9707
1780907124.8279114,0.2747,-0.9329,-0.2478,-10.7863,22.4427,20.4122,1.0035
1780907125.027901,0.3047,-0.9583,-0.2349,9.7786,11.2366,23.7328,1.0326
1780907125.230621,0.0466,-0.8972,-0.5239,31.2901,62.2901,42.2824,1.04
1780907125.428135,-0.167,-0.7371,-0.2109,29.8931,71.9466,49.9542,0.7846
1780907125.6278706,-0.2429,-1.0513,-0.2883,20.6489,-14.1908,-9.374,1.1168
1780907125.8285398,0.0251,-1.3142,-0.2256,5.7099,67.4275,2.7328,1.3337
1780907126.0283403,-0.0349,-0.2036,-0.3242,11.1221,86.4657,9.5191,0.3844
1780907126.228409,0.0354,-0.6731,-0.0901,6.2824,32.0534,16.0,0.68
1780907126.427856,0.0417,-1.248,-0.3315,15.2595,-56.2595,-6.1832,1.292
1780907126.6284316,-0.3826,-0.5881,-0.3269,4.9237,-40.687,8.6489,0.774
1780907126.8280988,-0.1492,-0.7153,-0.2351,-1.9695,-28.3359,-8.2366,0.7676
1780907127.0278697,-0.1792,-1.1018,-0.2725,-12.458,52.2901,1.5496,1.1491
1780907127.228078,-0.1086,-1.5076,-0.9026,-26.9695,16.0763,-35.6794,1.7605
1780907127.4279904,0.0815,-1.0789,-0.4551,-30.9466,10.7328,-20.7252,1.1737
0,0,0,0,0,0,0,0
0,0,0,0,0,0,0,0
1780907128.2270105,-0.0085,-0.9412,-0.2278,-12.4427,-38.0382,-22.1527,0.9684
1780907128.4277835,0.178,-1.0715,-0.3098,-16.8855,-27.7252,-22.7023,1.1295
1780907128.626174,0.1558,-1.1062,-0.3303,-11.9008,-34.3282,-10.9389,1.1649
1780907128.82779,0.2563,-0.8867,-0.1641,-2.4504,-15.458,13.6031,0.9375
1780907129.026657,-0.1143,-0.751,-0.6384,32.0992,7.4046,38.0305,0.9923
1780907129.2277153,-0.2183,-0.7021,-0.2292,34.5954,-15.0382,14.5954,0.7702
1780907129.4281137,-0.1733,-1.135,-0.2175,-16.8473,-0.855,-9.7328,1.1686
1780907129.6318047,0.1123,-1.322,-0.8345,-9.7634,68.3588,-15.4198,1.5674
1780907129.828089,-0.0735,-1.2476,-0.4973,-69.0153,82.7176,8.4351,1.345
1780907130.0270207,-0.0322,-1.033,-0.2957,15.1527,11.8244,16.2443,1.0749
1780907130.2275236,-0.1968,-1.4622,-0.7668,-20.9542,-62.5267,-3.8855,1.6627
1780907130.4280334,-0.3044,-0.9114,-0.2754,-71.7252,-110.4962,-17.7405,0.9996
1780907130.6267283,-0.0337,-0.8501,-0.29,-4.9008,-59.8779,-25.6489,0.8988
1780907130.828149,-0.0662,-1.0879,-0.2458,1.3893,27.0382,-0.6718,1.1173
1780907131.0281954,-0.2073,-0.6138,-0.3687,6.7939,13.7481,15.5725,0.7454
1780907131.2312267,-0.1157,-0.7656,-0.186,-2.1985,-10.5878,-2.2595,0.7964
1780907131.4284241,-0.1147,-1.0217,-0.3354,-8.7405,-64.145,-15.7557,1.0815
1780907131.6711755,-0.1509,-1.2063,-0.8269,-33.8473,-96.4046,1.084,1.4703
1780907131.831327,-0.2998,-0.9658,-0.4014,-56.6794,-105.4351,-13.313,1.088
1780907132.0439265,-0.0784,-0.8687,-0.2424,-13.0992,-70.0916,-31.084,0.9052
1780907132.2265725,0.1052,-1.1709,-0.2844,11.7557,59.1374,9.3893,1.2095
1780907132.4298625,-0.1536,-0.5361,-0.3777,34.4733,60.0687,19.9466,0.6735
1780907132.6286297,-0.178,-0.7595,-0.2461,13.4733,35.4046,17.4427,0.818
1780907132.827887,-0.075,-1.0,-0.1851,14.7252,-21.1603,16.7023,1.0197
1780907133.0272636,-0.1228,-0.926,-0.3547,13.3053,-57.6565,2.145,0.9992
1780907133.2272213,-0.01,-0.8943,-0.3479,-10.9695,-67.4351,-16.7176,0.9596
1780907133.4268374,-0.0391,-0.8682,-0.2446,11.7863,-31.7939,-6.6565,0.9028
0,0,0,0,0,0,0,0
0,0,0,0,0,0,0,0
1780907134.6229587,-0.1125,-1.0847,-0.3386,3.229,-54.9542,-16.9008,1.1419
1780907134.8199186,0.1638,-1.0183,-0.4475,-26.4122,-70.4198,-27.9237,1.1243
1780907135.0206463,0.0415,-0.9558,-0.2734,-10.687,-37.0382,-6.5115,0.995
1780907135.2210948,0.0989,-1.0054,-0.2712,-11.0153,-33.9466,-12.9618,1.046
1780907135.4186656,0.1157,-1.0991,-0.5269,-27.4122,0.9695,11.4351,1.2244
1780907135.6197078,-0.3623,-1.3467,-0.5322,-43.8931,-30.4733,19.5725,1.4927
1780907135.8197749,-0.1238,-1.0613,-0.3059,-2.9695,-30.0611,-1.542,1.1114
1780907136.0197077,-0.1287,-1.3176,-0.3206,18.374,42.7405,19.313,1.3621
1780907136.2182295,-0.0256,-0.6199,-0.293,-21.1069,21.4198,-21.7634,0.6861
1780907136.419518,-0.042,-0.7766,-0.2202,-14.8702,24.084,0.5649,0.8083
1780907136.6183157,-0.1377,-1.1277,-0.2629,18.4427,-34.2519,9.2519,1.1661
1780907136.820451,-0.0122,-0.3706,-0.3982,20.9771,-54.5725,-6.4198,0.5441
1780907137.0195997,0.0383,-0.6494,-0.0444,6.9313,-29.374,-8.8092,0.6521
1780907137.2197812,-0.0701,-1.084,-0.3579,2.9542,19.3588,1.2901,1.1437
1780907137.4182675,0.0986,-0.4504,-0.5471,31.6794,75.3359,26.0305,0.7155
1780907137.619538,-0.0608,-0.9404,-0.2227,41.4504,51.2977,13.4656,0.9683
1780907137.8182504,-0.0737,-1.1646,-0.3638,6.6031,-11.8855,7.2519,1.2223
1780907138.0273983,-0.1418,-0.4226,-0.3918,-1.0687,-43.916,-9.8626,0.5935
1780907138.2198966,0.0222,-0.9421,-0.291,15.7405,-44.3206,-19.6489,0.9863
1780907138.422533,-0.0894,-1.0872,-0.3618,15.8244,3.0382,-6.4809,1.1493
1780907138.6240683,0.1055,-0.6267,-0.7251,7.374,56.374,3.687,0.9642
1780907138.8207219,0.032,-1.011,-0.5024,13.8321,55.4885,32.5267,1.1294
1780907139.0250657,0.0454,-0.9731,-0.4106,18.7023,7.4809,9.3435,1.0572
1780907139.221017,0.1077,-0.7119,-0.4675,8.3282,17.3511,29.4351,0.8585
1780907139.4252663,-0.208,-1.2759,-0.7336,5.8626,63.2748,13.8626,1.4864
1780907139.6196501,-0.1023,-1.1152,-0.4812,12.4351,81.0763,11.4656,1.2189
0,0,0,0,0,0,0,0
0,0,0,0,0,0,0,0
1780907141.2382321,0.0166,-0.7261,-0.4014,11.3206,24.4733,17.3588,0.8298
1780907141.4372594,-0.1875,-0.7341,-0.3315,0.7863,57.3206,38.2214,0.8271
1780907141.637744,0.009,-0.9509,-0.4219,-3.626,13.9618,-7.0382,1.0403
1780907141.837551,-0.1057,-0.9949,-0.3015,1.9466,48.7176,7.3435,1.0449
1780907142.0373278,-0.0935,-1.0908,-0.6885,2.084,20.0534,2.229,1.2933
1780907142.2368596,0.2419,-1.3469,-0.7197,-58.7023,29.4351,-27.8168,1.5462
1780907142.437126,-0.0654,-1.1208,-0.3923,6.9008,-25.7099,7.3969,1.1893
1780907142.6364918,-0.1101,-1.0315,-0.9465,-36.1908,-73.0916,-25.916,1.4043
1780907142.8374717,0.0354,-0.8677,-0.4353,-53.8015,-56.8092,-29.0916,0.9714
1780907143.0373375,-0.1558,-0.7065,-0.3948,-29.313,-62.3817,-62.2672,0.8242
1780907143.238065,0.1392,-0.4089,-0.6946,-18.8702,-39.9466,5.1527,0.8179
1780907143.4898632,0.092,-0.2371,-0.7903,-9.7023,-40.9084,-18.1603,0.8302
1780907143.6412027,-0.2649,-0.7354,-0.9319,-12.5191,-10.2519,9.4198,1.2163
1780907143.836995,-0.1863,-0.5952,-1.0085,-13.3206,-18.3817,3.6794,1.1858
1780907144.0380723,-0.2141,-0.5903,-0.7339,44.229,1.5725,1.916,0.9659
1780907144.237089,-0.2573,-0.7683,-0.8152,46.9084,-33.5954,-6.1527,1.1494
1780907144.4407773,-0.3425,-0.5576,-0.5818,35.0153,6.8321,16.2977,0.8756
1780907144.6373403,0.4045,-0.5439,-0.3491,29.3511,43.1985,-82.0458,0.7625
1780907144.8876796,-0.0679,-0.7793,0.2014,117.3969,44.1069,-9.9695,0.8078
1780907145.0879533,0.1785,-0.9397,-0.0081,86.8397,-4.4351,-14.5496,0.9565
1780907145.2375731,0.0842,-0.9224,0.1794,17.4122,-6.2595,-10.4656,0.9434
1780907145.4370797,0.0312,-0.8225,0.4211,27.4122,-16.6794,-4.4809,0.9246
1780907145.6379268,0.1311,-0.8982,0.1978,-2.1985,-8.7176,-1.2137,0.929
1780907145.8386092,0.0891,-0.9185,0.2542,-25.2214,-8.3435,6.9237,0.9571
1780907146.0374002,0.0635,-0.8892,0.1729,-39.1527,-10.5267,12.3206,0.908
1780907146.2379286,0.0198,-0.9751,-0.03,-34.1603,4.8702,1.8931,0.9758
1780907146.4400887,0.0149,-0.9895,-0.0671,-28.0687,5.8015,0.4046,0.9919
1780907146.6375742,0.0444,-0.9924,-0.1387,-7.5573,-3.3588,-3.542,1.0031
1780907146.8384867,0.0444,-0.9883,-0.1487,-1.6336,-0.8855,-1.5649,1.0004
1780907147.0381546,0.0454,-0.9775,-0.1323,-2.8779,-0.2137,-1.0687,0.9875
1780907147.2439609,0.05,-0.9817,-0.1184,-1.084,-0.9618,0.0992,0.9901
1780907147.4371173,0.0225,-1.0186,-0.1848,-7.3817,-1.542,6.2061,1.0354
0,0,0,0,0,0,0,0
0,0,0,0,0,0,0,0
1780907148.5799272,-0.0293,-0.9753,-0.1348,-22.4504,47.4198,32.9313,0.985
1780907148.7773995,-0.0657,-0.916,-0.0935,11.7023,56.8168,45.6107,0.9231
1780907148.9775865,-0.1985,-0.9106,-0.1907,-11.7557,21.4504,6.5344,0.9513
1780907149.1767554,-0.1521,-0.9143,-0.1553,-3.6031,73.1374,2.6947,0.9398
1780907149.429604,-0.313,-0.9202,-0.2886,31.2595,99.5802,2.4885,1.0139
1780907149.5808618,-0.0718,-0.9207,-0.4233,11.374,59.2061,-18.5267,1.0159
1780907149.7774918,0.0544,-1.0078,-0.3528,-40.542,23.9847,-32.0229,1.0692
1780907150.027484,0.3862,-0.8877,-0.2725,-13.6336,15.4275,-34.4351,1.0057
1780907150.1776323,0.1934,-0.8918,-0.3186,-3.916,26.7481,31.9924,0.9666
1780907150.377376,0.0962,-0.9082,-0.3484,2.8473,-16.8702,6.2977,0.9775
1780907150.5771549,0.1409,-0.9827,-0.2219,23.4656,-21.1527,6.0992,1.0172
1780907150.7767668,0.0134,-0.9666,-0.1504,13.626,-17.1527,9.7328,0.9783
1780907150.9771225,0.1433,-0.9866,-0.1357,48.2214,-6.7328,-2.3664,1.0061
1780907151.177652,0.1416,-0.9639,0.011,3.7634,-5.4427,0.0916,0.9743
1780907151.3776867,0.1113,-0.8923,-0.0149,-53.3817,-0.7557,4.1832,0.8994
1780907151.577661,0.0901,-0.9956,-0.3804,-71.855,4.3817,7.4351,1.0696
1780907151.7774591,-0.0566,-0.8801,-0.4016,-34.7557,-11.9695,9.0229,0.9691
1780907151.9773023,0.0125,-0.8079,-0.6538,-27.7252,-9.2824,6.1908,1.0394
1780907152.1777673,-0.0933,-0.8606,-0.9878,-10.2748,-1.7481,-3.9466,1.3134
1780907152.3767128,-0.0093,-0.7856,-0.6543,42.5878,4.6412,-3.5725,1.0225
1780907152.5795238,-0.002,-0.8765,-0.5139,49.7939,23.5496,-10.9237,1.016
1780907152.7770212,-0.0176,-0.8992,-0.2844,52.7328,-0.4275,2.0687,0.9432
1780907152.9772487,0.0227,-0.8936,0.0586,39.6718,0.2672,5.0305,0.8958
1780907153.197628,0.02,-0.9106,-0.0273,19.916,-21.0992,5.0611,0.9113
1780907153.3772182,0.0984,-0.9775,-0.1035,-17.5038,-41.6794,-6.1908,0.9879
1780907153.5768964,0.2327,-0.9431,-0.0232,-8.8015,-18.6336,-17.8626,0.9717
1780907153.778149,0.1011,-0.9753,-0.239,-21.8015,43.2061,2.1374,1.0093
1780907153.9769335,0.0437,-0.9536,-0.2749,-26.1298,23.9084,8.9008,0.9934
0,0,0,0,0,0,0,0
0,0,0,0,0,0,0,0
1780907155.1771522,0.0554,-0.9673,-0.3867,-3.2443,2.4504,0.0687,1.0432
1780907155.373639,0.0759,-0.9888,-0.3401,15.9466,0.4046,-2.2061,1.0484
1780907155.573972,0.0588,-0.9812,-0.1868,33.4275,-2.2214,-3.1985,1.0005
1780907155.7743835,0.0203,-0.9475,-0.0315,16.7786,-15.8321,4.6794,0.9482
1780907155.9849522,0.033,-1.009,-0.0732,-22.855,-40.2061,0.2672,1.0122
1780907156.174946,0.0437,-0.9578,-0.354,-28.0382,-49.2366,1.4809,1.022
1780907156.3741968,0.1025,-0.8284,-0.125,8.7328,20.5649,-21.4046,0.844
1780907156.5739748,0.2471,-0.5937,-0.4089,-49.7939,3.3359,-4.8397,0.7621
1780907156.7738006,0.2415,-0.908,-0.8291,-65.374,-10.855,20.3817,1.253
1780907156.9746616,-0.0579,-0.7083,-1.2412,-100.7939,-22.2061,8.5573,1.4302
1780907157.1739712,-0.0728,-0.5437,-0.8337,-43.8092,-5.1908,19.5344,0.998
1780907157.3740795,-0.051,-0.5796,-1.1423,6.9237,7.0763,-4.1374,1.282
1780907157.5744064,0.0286,-0.4331,-0.7856,59.6107,11.4504,-13.542,0.8976
1780907157.7764823,-0.0837,-0.5833,-0.6458,52.4351,18.771,-5.9924,0.8742
1780907157.9761033,0.0242,-0.698,-0.5059,92.2137,5.0611,-8.7634,0.8624
1780907158.1744037,0.0186,-0.9709,-0.0928,4.1679,11.8321,14.0382,0.9755
1780907158.3740697,-0.0334,-0.79,-0.1182,29.2061,32.5573,7.7099,0.7995
1780907158.5739663,0.1721,-1.0371,-0.7332,-26.9542,10.1603,-26.6107,1.2817
1780907158.7762978,0.1191,-1.3662,-0.5527,-43.0687,51.3053,33.3359,1.4786
1780907158.9742095,0.0571,-1.178,-0.3687,-8.8168,6.3664,10.3588,1.2356
1780907159.1743572,0.1057,-1.2507,-0.3823,-8.4885,-22.7023,10.4275,1.3121
1780907159.3746638,-0.0618,-0.7493,-0.4233,-17.1374,-5.6947,12.7176,0.8628
1780907159.5740414,0.074,-0.6748,-0.2366,-3.5267,5.2137,18.5496,0.7189
1780907159.7738779,0.1067,-1.0059,-0.3367,2.5725,29.9542,-6.3664,1.0661
1780907159.9748135,-0.05,-1.1406,-0.6267,-22.6718,59.2519,-2.8397,1.3024
1780907160.1740754,0.1047,-1.093,-0.4158,-49.6718,34.2595,-25.1679,1.1741
1780907160.3756819,0.0671,-0.9966,-0.3159,-16.4504,9.5802,-4.626,1.0476
1780907160.5739188,0.0286,-1.0159,-0.4211,10.6031,-41.4351,3.5725,1.1001
1780907160.7743075,0.1506,-0.8716,-0.3325,-1.8244,-32.4122,-26.9695,0.9449
0,0,0,0,0,0,0,0
0,0,0,0,0,0,0,0
1780907161.8284113,-0.0715,-0.9634,-0.4141,13.8092,1.7634,-1.4809,1.051
1780907162.0288892,0.064,-0.8914,-0.3726,-12.2672,-6.7405,-8.0687,0.9682
1780907162.227614,0.2212,-0.9663,-0.3157,-20.4733,2.4275,-5.0305,1.0403
1780907162.427804,0.0569,-0.7842,-0.0818,8.9389,11.7939,13.687,0.7905
1780907162.6274445,0.21,-0.7917,-0.4067,-5.7252,94.0382,44.0916,0.9145
1780907162.8280137,0.2131,-0.8169,-0.6885,0.5649,149.7863,49.0916,1.0894
1780907163.0281072,-0.1995,-1.0342,-0.3567,5.0458,174.0534,53.9618,1.112
1780907163.2287529,0.0925,-0.8799,-0.4255,-20.4886,152.7939,25.0229,0.9818
1780907163.4267476,-0.4182,-1.0034,-0.3083,-4.0687,76.1221,28.0534,1.13
1780907163.6277366,-0.082,-0.9734,-0.3115,-7.4046,40.2061,13.0,1.0253
1780907163.8273861,-0.0708,-1.0378,-0.2908,-5.7099,41.1298,16.2443,1.0801
1780907164.0288982,0.0247,-1.1401,-0.8003,-12.0305,-1.2595,-15.8321,1.3932
1780907164.2287238,-0.1169,-1.2549,-0.5337,5.687,20.9389,21.9008,1.3687
1780907164.4287083,0.0466,-1.2283,-0.3994,4.3969,-18.3588,-7.5267,1.2924
1780907164.6287105,-0.0193,-1.1902,-0.4912,-26.5267,-27.4886,-9.4809,1.2877
1780907164.8276193,-0.208,-1.1616,-0.3469,-72.8473,-40.0763,-28.7634,1.23
1780907165.027579,-0.0696,-0.9011,-0.21,19.7557,-20.0153,-5.3664,0.9279
1780907165.227963,0.0015,-1.1477,-0.3843,17.4962,44.7099,18.2824,1.2103
1780907165.4316685,0.0066,-0.4553,-0.4326,7.3893,53.2977,26.5649,0.6281
1780907165.628739,-0.0723,-0.6326,-0.1782,-15.0534,16.2901,-4.7863,0.6612
1780907165.8413012,-0.0403,-1.0244,-0.3259,7.0153,-42.8855,-4.1221,1.0758
1780907166.0375922,0.074,-0.7583,-0.6763,-12.916,-60.4427,-4.9542,1.0187
1780907166.2293053,-0.1084,-1.5803,-0.8396,-9.6183,-46.7405,-16.1679,1.7928
1780907166.4387195,-0.085,-1.0754,-0.5022,-3.0,23.145,0.3817,1.19
1780907166.6294646,0.0359,-0.7722,-0.406,11.1679,61.1985,8.5115,0.8732
1780907166.8296824,-0.0112,-0.9023,-0.3579,0.229,11.2748,-7.9771,0.9708
1780907167.0281074,0.5491,-0.6604,-1.2202,-9.5954,4.4504,11.9924,1.4922
0,0,0,0,0,0,0,0
0,0,0,0,0,0,0,0
1780907168.1856916,0.123,-0.9229,-0.4185,-9.0,-5.6183,-3.2137,1.0207
1780907168.388791,0.1213,-0.9434,-0.3972,-4.7939,-18.5649,1.6718,1.0307
1780907168.5962007,0.1477,-1.0684,-0.5032,7.4198,-20.4351,2.5954,1.1901
1780907168.836803,-0.0371,-0.6523,-0.5024,11.2901,-16.4656,1.0763,0.8242
1780907168.9913259,0.0725,-0.7876,-0.3755,-1.0687,1.8779,-12.6565,0.8755
1780907169.1859753,-0.1069,-1.1145,-0.262,12.9771,-3.3817,-16.1908,1.1499
1780907169.3854337,-0.0647,-1.1248,-0.4724,-43.7481,22.7405,-5.8015,1.2217
1780907169.586389,0.198,-0.906,-0.4241,-15.4122,10.9695,19.7023,1.0197
1780907169.7859945,-0.0229,-0.8794,-0.1558,-5.3435,1.7023,15.687,0.8934
1780907169.9848392,-0.0669,-0.9668,-0.3254,27.4733,-40.2443,-6.0611,1.0223
1780907170.1867077,0.0896,-0.552,-0.575,10.7863,-31.4427,-25.4351,0.8021
1780907170.3850634,-0.2617,-1.0427,-0.5544,-2.7939,-38.5191,2.2214,1.2096
1780907170.6366525,-0.1035,-1.0432,-0.5813,5.6336,-0.2061,11.9466,1.1987
1780907170.7857046,-0.1855,-0.9978,-0.4514,-8.4351,35.6565,9.5191,1.1108
1780907170.985509,-0.1482,-0.9373,-0.3499,-2.2824,29.8931,-7.6718,1.0113
1780907171.185187,0.0334,-0.8555,-0.3889,-5.855,43.3511,11.0611,0.9403
1780907171.391732,0.043,-0.9128,-0.3875,0.8321,29.6565,-2.5878,0.9926
1780907171.5861628,0.0398,-0.9646,-0.4253,4.0,6.7939,-5.6336,1.0549
0,0,0,0,0,0,0,0
0,0,0,0,0,0,0,0
1780907172.915343,0.0903,-1.0667,-0.4543,8.626,40.6412,39.6794,1.1629
1780907173.115053,0.071,-1.1375,-0.324,-11.1145,72.0076,22.0382,1.1848
1780907173.3160133,-0.2139,-0.9226,-0.3225,-11.5802,45.3511,16.8244,1.0005
1780907173.5140765,0.0388,-0.9683,-0.3391,-3.9466,79.2443,25.9847,1.0267
1780907173.7140405,-0.2065,-1.0786,-0.3523,17.8015,74.8626,7.3893,1.1533
1780907173.915533,0.0383,-1.0811,-0.8223,-35.7023,33.6718,-24.4733,1.3588
1780907174.1140075,0.0713,-1.3884,-0.6631,-23.145,43.6031,34.0611,1.5403
1780907174.314506,0.0488,-1.1235,-0.5227,-11.9466,31.1374,25.7863,1.2401
1780907174.5139625,0.0847,-0.8887,-0.2041,38.0229,-18.3435,-0.2672,0.9157
1780907174.7139974,-0.0085,-0.5095,-0.4023,34.8779,-12.3435,-11.9618,0.6493
1780907174.913465,0.1475,-0.7852,-0.2185,1.8473,11.8855,16.3511,0.8282
1780907175.114252,0.0713,-1.0093,-0.2266,14.8244,13.9237,-0.3893,1.0368
1780907175.3145587,0.0244,-1.083,-0.7129,-54.6183,31.8092,-22.1603,1.2968
1780907175.5149136,-0.0742,-1.2407,-0.429,-14.3511,57.0,47.5878,1.3149
1780907175.7144191,0.083,-1.0613,-0.3611,8.5954,11.1985,5.5649,1.1241
1780907175.9143033,0.1309,-1.0693,-0.3108,-9.2595,-30.687,-20.0687,1.1212
1780907176.1144187,-0.1436,-0.7205,-0.2412,-2.4504,-47.5725,-0.3664,0.7732
1780907176.3151941,0.0969,-0.8196,-0.3357,0.9237,-11.8931,24.5191,0.891
1780907176.5155957,0.1072,-1.0708,-0.2959,22.4046,21.1527,15.6565,1.1161
1780907176.7156165,0.1084,-0.7036,-0.6357,2.8168,38.7023,13.9695,0.9545
1780907176.9171462,0.1345,-0.8511,-0.4607,15.9237,21.2137,1.4962,0.9771
1780907177.1137981,0.0215,-1.012,-0.408,9.8626,0.6183,7.8855,1.0913
1780907177.3148062,-0.0818,-1.1538,-0.3113,-10.2977,-37.2595,-16.5114,1.1979
1780907177.5150023,0.0063,-0.6741,-0.4731,1.8244,-33.9389,-0.8244,0.8236
1780907177.7143607,0.072,-0.7043,-0.4265,-0.4198,8.1221,16.4351,0.8266
1780907177.91439,0.1216,-1.0193,-0.4753,-8.7786,21.5725,-6.1908,1.1312
0,0,0,0,0,0,0,0
0,0,0,0,0,0,0,0
1780907179.2896705,-0.0393,-0.7791,-0.2771,-6.6641,35.1679,16.9924,0.8278
1780907179.4879773,0.1189,-0.9785,-0.4353,27.9237,9.4122,2.6412,1.0776
1780907179.6896033,0.0049,-0.9028,-0.5474,26.1985,34.8321,19.6641,1.0558
1780907179.89052,-0.1221,-0.9639,-0.5552,15.9008,67.9008,40.458,1.119
1780907180.0881176,0.0073,-0.7651,-0.4841,4.2748,74.1374,42.1527,0.9055
1780907180.288211,-0.0808,-0.8684,-0.4172,6.3969,34.7405,16.5573,0.9668
1780907180.4882164,0.0142,-1.0244,-0.4187,11.1298,38.1832,20.6489,1.1068
1780907180.6895785,0.0637,-0.5937,-0.7883,-4.5878,43.1527,-13.5038,0.989
1780907180.8886697,0.0527,-0.8193,-0.7837,-29.2748,4.8015,-21.3511,1.135
1780907181.0884984,-0.1917,-0.8816,-0.5581,-2.4122,-62.626,-15.1374,1.0609
1780907181.2883003,0.3655,-0.781,-0.7634,-28.0382,-90.8015,-32.2061,1.1517
1780907181.4881852,-0.5979,-0.7129,-0.6548,-96.2519,-63.8321,52.7939,1.1377
1780907181.6887162,-0.5164,-0.5078,-0.7036,-52.7557,-19.4962,59.7557,1.0097
1780907181.8883562,-0.7207,-0.2026,-0.6987,-45.4046,-39.0305,39.4198,1.0241
1780907182.0885227,-0.6992,-0.0837,-0.7117,-53.1756,-27.8015,9.9847,1.0012
1780907182.28852,-0.7197,-0.054,-0.6416,-47.6336,-10.2366,-22.9313,0.9657
1780907182.488273,-0.5999,-0.0498,-0.3701,14.4885,-42.0992,-101.0076,0.7066
1780907182.6881175,-0.6458,-0.5862,-0.5066,14.7023,-25.145,-113.5496,1.0086
1780907182.8876703,-0.7148,-0.8979,-0.4526,-1.5115,-11.3206,-120.4198,1.2338
1780907183.0879207,-0.3821,-0.6533,-0.1077,34.4351,12.8779,-84.3588,0.7645
1780907183.288182,0.1011,-1.0781,0.0515,69.4809,-10.5267,-55.1527,1.0841
1780907183.4885814,0.2915,-0.99,-0.1919,8.7405,-0.9084,-26.145,1.0497
0,0,0,0,0,0,0,0
0,0,0,0,0,0,0,0
1780907184.7397828,0.1526,-0.9634,-0.3203,8.2214,0.5573,8.3053,1.0266
1780907184.93989,0.1934,-0.9385,-0.2249,-13.6412,4.2824,6.6947,0.9842
1780907185.139766,0.2048,-0.937,-0.22,-23.5649,-6.7176,0.8626,0.984
1780907185.3398707,0.1077,-0.9585,-0.1709,-24.3359,-22.4886,11.6412,0.9795
1780907185.5399086,0.022,-0.968,-0.4124,-30.1145,-32.4962,24.5496,1.0524
1780907185.74404,0.0752,-0.8164,-0.7959,-40.8321,-25.542,25.0229,1.1426
1780907185.9396467,-0.197,-0.7727,-0.7009,-15.6489,-3.4046,12.2977,1.0617
1780907186.1406174,-0.2178,-0.8594,-0.8411,14.8473,11.9618,1.9466,1.222
1780907186.3413436,-0.199,-0.8491,-0.4697,28.4809,21.2214,-10.5267,0.9906
1780907186.5398927,-0.0898,-0.8401,-0.5237,47.1756,9.8244,-15.084,0.994
1780907186.7397633,0.0608,-0.9001,-0.353,4.8397,2.7176,-12.8168,0.9688
1780907186.9394507,0.0283,-0.9207,-0.2197,28.4656,3.2519,-19.4122,0.9469
1780907187.140901,0.1968,-0.8767,-0.1565,18.7176,9.7786,-4.7176,0.912
1780907187.3395205,0.175,-0.9043,-0.0515,17.9084,14.0992,-1.1298,0.9225
1780907187.5397587,0.0469,-1.0869,-0.2114,-34.7099,-8.9542,13.6565,1.1083
1780907187.7396448,-0.0449,-0.9197,0.0986,-17.9695,-0.374,5.1679,0.926
1780907187.9395688,0.1809,-1.0103,-0.4277,-6.8779,-16.1603,-4.8321,1.1119
1780907188.1398516,-0.0581,-1.0085,-0.4456,-5.7481,-34.4122,7.3053,1.1041
1780907188.3394876,-0.0234,-0.9363,-0.2173,4.5725,-67.1527,-12.1221,0.9614
1780907188.5398998,0.0403,-0.9795,-0.0771,14.0992,-36.9008,-18.7481,0.9834
1780907188.7388496,0.1399,-0.9951,-0.0637,-5.8397,0.0229,-21.084,1.0069
1780907188.939638,0.1973,-0.9497,-0.1228,-6.4885,43.3206,-5.687,0.9777
0,0,0,0,0,0,0,0
0,0,0,0,0,0,0,0
1780907190.1120813,0.1252,-1.0271,-0.4163,14.1145,-30.6794,-3.5267,1.1153
1780907190.314056,0.0693,-0.916,-0.1873,32.5115,-15.2595,17.2519,0.9375
1780907190.5115604,0.0981,-0.9646,-0.1401,6.2519,-12.2595,-7.3664,0.9797
1780907190.7118113,0.1453,-0.9868,0.041,21.5802,8.2519,-10.8092,0.9983
1780907190.9111347,0.1794,-0.9526,0.0259,25.3817,22.6183,-7.4046,0.9697
1780907191.1115487,0.1321,-0.9509,0.1172,15.3435,5.0611,-23.4733,0.9672
1780907191.3115263,0.1765,-0.8921,0.252,36.4656,20.7328,-16.8702,0.9436
1780907191.5118651,0.2673,-0.8289,0.333,54.1832,22.5649,-21.2061,0.9324
1780907191.7615104,0.2502,-0.7046,0.5225,64.5191,11.7023,-24.916,0.9122
1780907191.9610677,0.209,-0.4014,0.9558,78.8702,23.8779,-6.1985,1.0575
1780907192.1120079,0.0884,-0.3828,0.8765,38.3969,28.4046,-8.0916,0.9605
1780907192.3619666,0.1523,-0.0005,0.7881,47.2901,60.4046,1.542,0.8027
1780907192.5643322,-0.2219,0.1909,1.1196,-1.458,17.0763,20.7176,1.1573
1780907192.7118564,-0.0557,-0.0388,0.7683,-13.1374,-13.4504,-19.3282,0.7713
1780907192.9118202,0.0295,-0.1116,0.7737,-12.9618,2.1756,-8.8015,0.7822
1780907193.112132,-0.1802,-0.1143,1.0508,2.6183,-1.4351,20.2824,1.0722
1780907193.3120582,-0.27,0.0906,1.0759,9.2672,-0.1679,8.3969,1.113
1780907193.5140376,-0.0615,-0.1565,0.9375,-3.6718,3.4656,2.4351,0.9525
1780907193.7132602,-0.2383,-0.0886,0.8884,11.6794,25.0153,20.9084,0.9241
1780907193.9100273,-0.2273,-0.1926,0.8752,-8.5725,-18.8168,-5.8168,0.9246
1780907194.1123297,-0.0337,-0.073,0.8394,-23.4198,-19.9695,-9.8321,0.8432
1780907194.3115563,-0.0205,-0.1838,0.9395,-12.8244,-24.3435,-29.0305,0.9575
1780907194.512209,-0.0459,-0.0742,0.8604,-5.7023,-9.1756,-3.542,0.8648
1780907194.7147763,-0.1118,-0.1099,0.8933,-1.6718,6.2824,4.5038,0.907
1780907194.912334,-0.072,-0.1162,0.9424,0.3969,2.8321,2.6412,0.9522
0,0,0,0,0,0,0,0
0,0,0,0,0,0,0,0
1780907196.649416,-0.0876,-0.1143,0.925,9.4656,4.7557,8.7786,0.9362
1780907196.845089,-0.1035,-0.0974,0.9507,8.3664,9.0534,9.1985,0.9613
1780907197.0447617,-0.2197,-0.1396,0.8975,-11.4504,3.8473,8.8779,0.9345
1780907197.2445326,-0.1484,-0.1101,0.9248,-10.1145,6.5954,-2.1603,0.9431
1780907197.4483387,-0.1042,-0.0354,0.8811,7.0687,4.916,2.1527,0.888
1780907197.6449685,-0.1702,-0.1252,0.8689,-2.229,-0.0076,-2.4275,0.8942
1780907197.91538,-0.1763,-0.179,0.894,-4.8397,-12.4504,9.542,0.9287
1780907198.0451908,-0.1741,-0.0779,0.9358,-6.5115,-5.2519,-3.5267,0.955
1780907198.2448976,-0.092,-0.0583,0.9207,-3.2443,0.6565,3.5802,0.9271
1780907198.4447699,-0.1572,-0.1306,0.8979,-3.4198,-4.3893,1.6183,0.9209
1780907198.6452725,-0.1646,-0.0928,0.918,-4.7023,-1.1832,-2.2137,0.9372
1780907198.8450525,-0.1704,-0.1118,0.9233,1.5573,-0.9237,0.3282,0.9456
1780907199.04561,-0.074,-0.0676,0.8696,-17.916,-11.0076,-15.916,0.8754
1780907199.2493727,-0.1587,-0.041,0.9883,-5.3053,-24.7328,-13.313,1.0018
1780907199.4478295,0.0198,-0.2219,0.8501,-12.3969,3.9695,3.9466,0.8788
1780907199.6450536,0.041,-0.2749,0.7876,-38.7786,-12.2137,-12.1298,0.8352
1780907199.844864,0.0176,-0.3564,0.8403,-92.542,16.1374,-15.0992,0.913
1780907200.0446563,0.1228,-0.689,0.6826,-52.5573,-8.9695,9.7252,0.9776
1780907200.248419,0.0715,-0.8411,0.2598,-77.084,-24.0992,-45.7252,0.8832
1780907200.444678,0.0374,-0.8657,0.3464,-78.855,-21.2977,1.6718,0.9332
1780907200.6461253,0.1392,-0.8828,0.2615,-50.7405,-19.9695,-1.5115,0.9312
1780907200.8961139,0.1609,-0.9167,0.0349,-72.3969,-28.1221,-16.2672,0.9314
1780907201.0480578,0.2771,-1.0098,-0.325,-35.5878,-13.9313,3.6641,1.0964
1780907201.2458093,0.24,-0.9214,-0.5996,-49.145,-8.8244,9.2595,1.1252
1780907201.445045,0.1492,-0.8713,-0.4973,-22.8015,-9.1221,6.7557,1.0143
0,0,0,0,0,0,0,0
0,0,0,0,0,0,0,0
1780907203.0079954,0.1187,-0.9265,-0.2075,-2.7023,-26.7939,10.1908,0.9569
1780907203.207462,0.1765,-0.9436,-0.3071,9.4275,-28.5114,-9.542,1.0079
1780907203.4072354,0.1697,-1.0063,-0.271,7.5267,-21.4275,-15.7328,1.0559
1780907203.6083522,0.0647,-0.9568,-0.1787,3.2901,15.1832,-1.3664,0.9755
1780907203.807706,0.1033,-1.0017,-0.1482,9.4809,18.8626,-13.1527,1.0179
1780907204.0070784,0.2163,-0.9863,-0.1035,7.1832,28.3282,-18.6412,1.0151
1780907204.2073927,0.1689,-0.9658,0.009,-1.2748,69.4427,-17.9008,0.9805
1780907204.4081037,0.2837,-0.9697,-0.0806,-21.1374,94.2519,-11.1527,1.0136
1780907204.606727,0.2896,-0.9502,0.1626,-8.8855,95.313,2.5115,1.0066
1780907204.8072972,0.0525,-1.1563,0.1086,-32.6412,48.7634,-40.1756,1.1625
1780907205.007963,0.1372,-0.9729,0.0747,7.5725,24.687,13.0076,0.9854
1780907205.2077727,0.2288,-0.9724,-0.0239,24.6565,-35.5038,19.5038,0.9992
1780907205.4078138,0.2788,-0.9287,0.0251,0.6718,-57.6947,21.8473,0.97
1780907205.6075044,0.0513,-0.9832,0.1799,27.1756,-87.7328,21.5114,1.0008
1780907205.8073177,0.1514,-0.9268,0.1575,39.2748,-36.1756,30.771,0.9521
1780907206.00774,0.1372,-0.8308,0.4915,46.8168,-35.2137,29.3053,0.975
1780907206.2105155,0.041,-0.7588,0.5186,70.313,10.6412,27.0153,0.92
1780907206.461014,-0.0781,-0.5815,0.7329,82.458,4.916,18.313,0.9389
1780907206.6077025,-0.0457,-0.2673,0.7305,60.542,7.5115,30.9008,0.7792
1780907206.8079026,-0.0376,0.2173,1.0486,16.0458,8.0076,6.1603,1.0715
1780907207.007297,-0.333,-0.0894,1.0952,3.7023,-12.2366,10.229,1.1482
1780907207.2077866,-0.2107,-0.1133,0.9067,8.2748,-8.9084,9.687,0.9378
1780907207.4080386,-0.207,-0.1189,0.8875,25.0305,8.7786,-6.3664,0.919
1780907207.6078327,-0.1899,-0.0774,0.9148,-0.2672,2.2214,-0.5115,0.9375
1780907207.8072548,-0.2253,-0.1191,0.9932,2.5191,1.5802,0.9618,1.0254
1780907208.0073085,-0.2759,-0.0872,0.8999,2.2595,0.6641,0.2748,0.9453
1780907208.208032,-0.2515,-0.1318,0.916,-2.6489,-22.5038,4.542,0.959
1780907208.4078248,-0.1838,-0.0906,0.9045,2.458,7.2366,11.5267,0.9275
1780907208.6079018,-0.1919,-0.0469,0.9348,2.626,1.4122,2.4198,0.9555
1780907208.80753,-0.2,-0.0637,0.9312,-5.6107,-4.5038,-3.1374,0.9545
1780907209.0077496,-0.1851,-0.0566,0.9302,-1.7405,-0.626,-1.1832,0.9501
1780907209.2070863,-0.1687,-0.0693,0.9111,-1.687,0.6947,-0.2824,0.9292
1780907209.4081357,-0.1982,-0.0857,0.9124,-1.0153,1.2137,0.3969,0.9376
0,0,0,0,0,0,0,0
0,0,0,0,0,0,0,0
1780907210.8133934,-0.2161,-0.1113,0.896,-0.8626,-4.2061,-0.1832,0.9284
1780907211.012051,-0.1785,-0.1128,0.9065,-1.9847,0.5191,10.7023,0.9308
1780907211.2116885,-0.188,-0.0867,0.9077,-0.8168,-1.0534,-0.7405,0.931
1780907211.4114833,-0.1829,-0.0754,0.9104,-1.084,-0.2214,1.1069,0.9316
1780907211.6121304,-0.1797,-0.0876,0.9121,-1.0305,-0.5115,0.6565,0.9338
1780907211.811687,-0.1873,-0.0784,0.9321,-2.3969,-0.0916,1.9847,0.954
1780907212.0117595,-0.1953,-0.1055,0.9041,-7.1832,-0.5038,-5.2366,0.9309
1780907212.2113073,-0.2644,-0.0911,0.927,-7.6489,1.5496,-3.6718,0.9683
1780907212.4148262,-0.2043,-0.0349,0.9792,5.1374,-14.0916,14.6107,1.001
1780907212.6120033,-0.2036,-0.083,0.9988,-0.1527,-12.2901,-0.4885,1.0227
1780907212.8115485,-0.0813,-0.1052,0.9158,-6.9847,9.916,0.0305,0.9254
1780907213.01199,-0.1765,-0.1621,0.8657,7.8244,-0.6565,-3.7023,0.8983
1780907213.212212,-0.1206,-0.0679,0.9973,-22.6107,-13.6565,-20.2443,1.0069
1780907213.4126914,-0.0952,-0.1448,0.9353,-39.9313,-1.2977,-7.9084,0.9512
1780907213.6127388,-0.1646,-0.3455,0.8503,-75.916,-1.0382,-30.8931,0.9325
1780907213.8111093,-0.2588,-0.613,0.9731,-30.4351,-26.1832,11.5191,1.1789
1780907214.0112345,0.094,-0.7644,0.6084,-44.0076,-5.7481,-5.7099,0.9815
1780907214.2113616,-0.0811,-0.8979,0.4175,-42.0382,-15.0153,-9.229,0.9936
1780907214.4109814,0.0144,-0.9065,0.3303,-34.2748,-1.2595,0.4351,0.9649
1780907214.6113636,0.0381,-0.918,0.29,-51.7939,-7.8931,-8.4122,0.9635
1780907214.8112388,0.0525,-0.9753,0.0864,-51.5878,-6.8626,-13.9237,0.9806
1780907215.0131118,0.0979,-0.9888,-0.1301,-53.7023,-5.3588,-10.1832,1.0021
1780907215.2171402,0.1208,-0.9531,-0.302,-35.6412,-2.5267,-11.3435,1.0071
1780907215.4116924,0.1565,-0.9248,-0.3677,-22.8092,-6.9008,-4.9542,1.0074
1780907215.6120496,0.1953,-0.8987,-0.4775,-9.5496,-3.0916,-0.2977,1.0363
1780907215.8129797,0.1721,-0.9116,-0.4521,-4.1069,0.5267,7.313,1.032
1780907216.012504,0.1638,-0.9114,-0.4329,-1.4198,10.1069,10.7252,1.0222
1780907216.2120924,0.1777,-0.9363,-0.4292,10.6183,25.1298,16.0992,1.0452
1780907216.411709,0.0076,-0.8955,-0.4465,7.1221,38.0153,7.4198,1.0007
1780907216.6124556,0.1731,-0.9341,-0.3223,8.4122,5.3053,-4.2443,1.0032
1780907216.8124256,0.1169,-0.9412,-0.2305,4.2595,-18.0,-8.855,0.976
0,0,0,0,0,0,0,0
0,0,0,0,0,0,0,0
1780907217.6402993,0.3394,-0.7922,-0.2466,50.8931,-40.374,1.3053,0.8964
1780907217.8398347,0.3386,-0.8975,-0.199,28.7176,-23.0992,17.4962,0.9796
1780907218.0407884,0.1262,-0.9268,-0.1807,22.145,-19.8473,26.3588,0.9526
1780907218.289858,0.2317,-0.9795,-0.2253,-4.8168,-25.1069,-16.8702,1.0314
1780907218.4394438,0.1487,-0.9749,0.0295,19.229,3.0534,3.9313,0.9866
1780907218.6393776,0.1409,-1.0845,-0.1021,9.5344,-1.5496,2.5649,1.0983
1780907218.8381276,0.2048,-0.9797,-0.0491,23.0458,-8.8015,6.9237,1.0021
1780907219.0405405,0.2046,-0.9653,0.0244,35.5038,-29.4733,4.8702,0.9871
1780907219.239634,0.1548,-0.9543,0.1528,30.8015,-36.1298,-6.1527,0.9788
1780907219.4398885,0.137,-0.8997,0.2737,19.2595,7.855,-0.1527,0.9503
1780907219.6410556,0.1863,-0.9407,0.2056,-10.4962,24.9847,-8.8397,0.9807
1780907219.9139779,0.218,-0.9143,0.3115,-18.0153,8.9771,-8.7405,0.9902
1780907220.0419173,0.2124,-0.9746,0.1533,-31.3359,19.8779,-7.3511,1.0092
1780907220.2398808,0.1108,-1.012,0.0916,-16.9847,56.5802,-0.1298,1.0221
1780907220.4402761,0.1316,-0.9446,0.032,0.1985,82.3206,-5.1069,0.9542
1780907220.640932,0.0796,-0.9404,0.0325,27.916,76.6412,5.5344,0.9444
1780907220.8395593,-0.0095,-0.9802,0.2063,20.7328,12.5802,-15.7328,1.0017
1780907221.1607761,0.1716,-0.9307,0.272,37.4885,-2.2672,8.5649,0.9847
1780907221.2409327,0.1553,-0.6855,0.5542,100.4885,-10.2519,-3.1221,0.8951
1780907221.4406488,0.0693,-0.5151,0.8303,106.6412,9.6031,44.5802,0.9796
1780907221.6400082,-0.073,-0.3577,0.8257,53.7405,6.1679,12.3969,0.9028
1780907221.8405585,0.0156,-0.2478,1.0518,68.5649,-11.8397,18.7557,1.0807
1780907222.040498,-0.2058,-0.0933,0.9641,32.8702,1.1756,30.2672,0.9902
1780907222.2394998,0.0647,-0.0886,0.8535,1.9313,-21.0458,-15.5954,0.8605
1780907222.4393857,-0.1213,-0.0896,0.8135,-1.0992,-12.0458,-6.6947,0.8273
1780907222.6448615,0.0166,-0.1084,0.8699,-2.3817,6.8855,-0.8321,0.8768
1780907222.8400552,-0.1621,-0.0657,0.8916,-11.0611,1.3969,-5.9847,0.9086
1780907223.0393746,-0.0845,-0.1152,0.9065,-4.4504,2.1756,1.4046,0.9177
0,0,0,0,0,0,0,0
0,0,0,0,0,0,0,0
1780907224.4855225,-0.1504,-0.1357,0.9075,-0.2061,0.6565,3.3893,0.9298
1780907224.6833792,-0.2124,-0.1414,0.9373,-2.6565,8.6183,11.1985,0.9714
1780907224.8834078,-0.0852,-0.1694,0.8955,-1.6947,0.0458,13.7328,0.9154
1780907225.0829322,-0.1741,-0.0874,0.905,-0.8931,15.1527,13.2595,0.9258
1780907225.2826922,-0.2686,-0.0735,0.927,-6.8702,27.5344,2.1221,0.9679
1780907225.482938,-0.3503,-0.0784,0.8259,-1.0916,54.6183,20.8931,0.9006
1780907225.6827402,-0.6006,-0.0852,0.7178,12.1679,76.5954,13.2366,0.9398
1780907225.8833091,-0.752,0.0049,0.554,5.2214,60.1145,-1.2443,0.934
1780907226.0832715,-1.0059,0.1528,0.3552,18.5573,58.9771,35.6183,1.0776
1780907226.282453,-1.0298,0.0356,0.3437,-0.6183,27.9695,14.8397,1.0862
1780907226.4845233,-0.8811,0.0286,0.197,-4.3969,12.1985,-5.5573,0.9033
1780907226.686581,-0.9531,0.146,0.0984,25.4198,61.7557,17.1985,0.9692
1780907226.8831182,-1.0144,0.1079,-0.1594,-40.1679,49.2519,20.1756,1.0325
1780907227.0831804,-0.9536,0.1768,-0.2319,18.0229,8.7939,7.2672,0.9972
1780907227.290865,-0.9888,0.1943,-0.3286,-4.0382,22.8702,3.9313,1.0599
1780907227.4823658,-0.9478,0.1768,-0.4011,-10.145,14.8244,4.916,1.0442
1780907227.6825247,-1.0632,0.2151,-0.3921,-9.0611,-13.3817,0.7252,1.1535
1780907227.8826165,-1.0356,0.1672,-0.3101,3.2977,-33.9084,-4.3359,1.0939
1780907228.0831323,-0.9243,0.2175,-0.2056,-13.1603,-31.687,-25.8779,0.9716
1780907228.2841458,-1.0457,0.0674,-0.0007,27.1908,15.7481,19.7405,1.0478
1780907228.482673,-0.8879,0.1594,-0.1426,-5.9847,20.5725,-6.1603,0.9133
1780907228.6826954,-1.113,0.1479,-0.2737,3.7023,22.6412,1.6718,1.1557
1780907228.8827603,-0.9429,0.1433,-0.3562,1.4427,4.9847,-3.9313,1.018
1780907229.0830848,-0.9807,0.175,-0.2952,-13.6489,-7.7939,-10.0916,1.039
1780907229.282849,-0.929,0.1521,-0.2747,-11.4351,-19.9466,0.1756,0.9806
1780907229.4826276,-0.9788,0.1321,-0.2065,6.2214,-6.2595,5.2824,1.009
1780907229.6833863,-0.9822,0.0989,-0.2002,-3.6794,-4.2901,-6.2595,1.0072
1780907229.8825548,-0.9675,0.1362,-0.2288,0.916,6.4046,0.4733,1.0035
0,0,0,0,0,0,0,0
0,0,0,0,0,0,0,0
1780907230.844904,-0.9497,0.1311,-0.2563,-4.1832,2.3282,0.4275,0.9924
1780907231.0424495,-0.9766,0.1243,-0.3,1.4275,0.771,1.3893,1.0291
1780907231.2427578,-0.9924,0.1228,-0.2766,-1.5115,-8.9618,-3.5496,1.0376
1780907231.4430609,-1.0457,0.1143,-0.2461,0.2977,-29.0611,0.0,1.0803
1780907231.6423473,-0.991,0.0789,-0.1399,0.8092,-46.0687,-7.7863,1.0039
1780907231.8428187,-1.0518,0.0959,0.1072,-11.1527,-71.1298,-12.1145,1.0615
1780907232.042845,-0.9675,-0.0083,0.2815,-24.1832,-103.3817,-34.1603,1.0077
1780907232.2431648,-0.5977,-0.1443,0.563,-1.1756,-82.9008,-16.7023,0.8336
1780907232.4431355,-0.5806,-0.2405,0.7485,13.1985,-62.1908,-3.6718,0.9773
1780907232.6427464,-0.2358,-0.1584,0.9407,-24.9847,-78.4809,-28.8855,0.9826
1780907232.8426669,-0.0164,-0.1045,0.9612,18.1756,-27.4351,-16.2366,0.967
1780907233.0424135,0.1458,-0.292,0.8152,5.084,-50.1756,12.6489,0.8781
1780907233.2430692,0.0964,-0.2144,0.8574,28.0,21.7252,1.084,0.8891
1780907233.4446244,-0.1658,-0.1965,0.9766,1.0153,-24.2366,6.9618,1.0098
1780907233.643289,-0.0173,-0.1584,0.9058,-21.0687,-58.5878,1.6947,0.9197
1780907233.8466196,0.395,-0.0608,0.8672,-3.7023,-49.4198,2.2977,0.9549
1780907234.043005,0.6702,-0.2642,0.6067,-9.2748,-39.1069,7.8855,0.9418
1780907234.2426963,0.4001,-0.2505,0.6675,-16.9008,-42.0611,-12.9466,0.8176
1780907234.4430442,0.7383,-0.3245,0.4243,-22.6183,-76.2061,-3.0458,0.9113
1780907234.6432223,0.7112,-0.6599,0.2737,13.3588,-21.8855,21.7557,1.0081
1780907234.8431551,0.8105,-0.3535,0.3052,6.0153,-9.7863,17.8168,0.9355
1780907235.0430682,0.7988,-0.3594,0.3875,8.8168,16.7328,-19.7786,0.9578
1780907235.2433093,0.8359,-0.2583,0.4309,10.5496,32.0305,-6.8168,0.9753
1780907235.4429433,0.7539,-0.123,0.5398,-24.6718,19.7786,-6.1069,0.9354
1780907235.6431682,0.7534,-0.4192,0.4805,-29.855,-8.9542,8.8626,0.987
1780907235.914722,0.7615,-0.2502,0.499,-21.3359,-15.2137,1.6565,0.9442
1780907236.043932,0.7478,-0.2688,0.4951,3.374,0.6031,-0.3511,0.9363
1780907236.242981,0.7935,-0.2498,0.4434,-7.2595,-1.313,-0.9695,0.9426
1780907236.4434214,0.7739,-0.2979,0.4536,-6.0076,-1.7557,0.771,0.9452
1780907236.6427794,0.7795,-0.2725,0.4241,-26.4656,-7.687,4.9695,0.9283
1780907236.8440027,0.8452,-0.2754,0.4521,8.8092,29.542,3.4427,0.9973
1780907237.046588,0.7329,-0.3101,0.5459,9.2595,42.8092,5.9542,0.965
1780907237.24323,0.5007,-0.3376,0.6614,18.5725,55.6183,3.4046,0.8956
1780907237.4451025,0.2607,-0.137,0.9104,-0.3511,48.3053,-37.8626,0.9569
1780907237.6429827,-0.1624,-0.3003,0.9075,8.5573,30.0687,21.0992,0.9696
1780907237.843773,0.1548,-0.1538,0.9209,-9.4427,1.4962,-9.1527,0.9464
0,0,0,0,0,0,0,0
0,0,0,0,0,0,0,0
1780907239.3453143,0.1306,-0.9297,0.1465,-45.0382,-15.4351,-8.2366,0.9502
1780907239.5442996,0.3013,-0.9688,-0.3953,-36.7176,-2.458,-11.9542,1.0888
1780907239.7439995,-0.0315,-0.905,0.0469,-55.8855,3.9924,2.8855,0.9068
1780907239.9972782,0.0969,-0.9519,-0.5203,-68.4657,-30.2366,3.5115,1.0891
1780907240.1427019,0.0498,-0.9014,-0.7288,-48.5115,-29.2214,48.7557,1.1602
1780907240.3430114,-0.2766,-0.7498,-1.2742,-97.7939,-28.0229,18.3359,1.504
1780907240.543242,0.0132,-0.5786,-0.9919,11.7786,-6.3435,6.1679,1.1484
1780907240.7430377,0.1091,-0.6201,-0.959,51.771,18.3588,-2.5344,1.1472
1780907240.9449835,-0.0632,-0.5811,-0.4917,83.4427,15.4962,27.458,0.7638
1780907241.1433141,0.0227,-0.6182,-0.4895,48.8855,-6.3053,17.1985,0.7888
1780907241.342511,-0.1042,-0.8242,-0.364,-20.0458,-12.8855,-6.458,0.907
1780907241.5434024,-0.1653,-1.0229,-0.438,-2.5725,-47.4351,-41.4656,1.125
1780907241.743403,-0.1909,-1.033,-0.4172,-9.6183,-91.7481,-36.1069,1.1303
1780907241.9438324,0.1404,-1.0767,-0.7705,-20.084,-74.8931,-5.6107,1.3314
1780907242.1429121,0.1013,-0.8843,-0.4302,1.0305,-19.8931,29.9847,0.9886
1780907242.3434517,0.3132,-0.7793,-0.3889,5.8855,23.1374,28.2366,0.9256
1780907242.5426865,0.031,-1.0554,-0.623,-11.4351,15.5344,-17.2366,1.226
1780907242.7939653,-0.1936,-1.084,-0.6194,3.1985,45.6183,43.7405,1.2634
1780907242.944508,-0.1174,-0.9365,-0.3955,-26.8779,67.6107,18.7863,1.0234
1780907243.143288,-0.123,-0.9617,-0.5845,16.1374,128.626,61.626,1.1321
1780907243.3429732,0.2271,-0.6226,-0.6858,-27.374,105.4885,20.5267,0.9536
1780907243.5424821,0.0562,-0.9839,-0.7334,21.8321,75.3511,50.7863,1.2284
1780907243.743062,0.0454,-0.9126,-0.5435,-13.4885,35.6412,11.6031,1.0631
1780907243.9428706,0.0298,-0.7896,-0.6389,-14.145,25.1527,28.6947,1.0161
1780907244.1433,-0.3428,-1.1282,-0.2458,-52.9618,-47.7405,-26.8779,1.2045
1780907244.3511028,-0.2036,-0.9387,-0.175,-12.4351,-22.4733,-17.6718,0.9764
1780907244.5429626,-0.0356,-0.8372,-0.6663,-18.7481,11.9847,-47.3893,1.0705
1780907244.7433753,-0.1538,-0.7783,-0.5168,-28.3893,-7.7023,-27.3817,0.9469
1780907244.9429536,0.0098,-1.1248,-0.4705,-18.7786,-43.9313,-9.8931,1.2192
1780907245.1435034,0.1797,-0.7837,-0.3391,-3.4656,-82.2214,-25.6794,0.8726
1780907245.3424518,0.0195,-0.9492,-0.2322,51.1756,13.9542,34.2672,0.9774
1780907245.543488,0.1372,-0.9485,-0.3767,-15.2519,-3.5573,-20.1145,1.0297
1780907245.7432506,0.0703,-0.918,-0.2754,-7.4885,30.7405,12.1374,0.961
0,0,0,0,0,0,0,0
0,0,0,0,0,0,0,0
1780907247.4173422,-0.0769,-0.9756,-0.2883,2.0076,30.3588,4.9847,1.0202
1780907247.6175911,0.0439,-0.9373,-0.6086,-12.3435,21.0687,-29.084,1.1184
1780907247.816656,0.2986,-0.8257,-0.5649,-57.1145,27.626,-29.687,1.0441
1780907248.0179377,0.229,-0.7698,-0.2224,12.8473,33.4351,6.3282,0.8333
1780907248.2178333,0.1072,-0.8965,-0.1782,30.084,1.4046,23.4122,0.9203
1780907248.4181166,0.1042,-1.0505,-0.439,-15.8168,-24.9847,-14.6412,1.1433
1780907248.618178,-0.1807,-1.1611,-0.5884,-22.0153,7.0153,45.6183,1.3142
1780907248.8197415,-0.051,-0.8984,-0.2388,-20.2595,12.8321,18.0076,0.931
1780907249.0187013,-0.1228,-1.0884,-0.3916,9.8168,24.6336,13.9008,1.1632
1780907249.2182724,0.0,-0.5374,-0.3879,1.7176,7.1679,6.8321,0.6628
1780907249.4183884,0.0376,-0.8469,-0.4033,22.1756,-10.7481,4.5191,0.9388
1780907249.6183245,-0.0505,-1.1123,-0.1521,3.1679,-32.7634,-4.5496,1.1238
1780907249.8179677,0.1011,-1.1628,-0.3105,-12.2595,-21.3588,-29.2366,1.2078
1780907250.0180392,-0.0374,-0.8472,-0.1899,2.6489,10.2443,5.8626,0.869
1780907250.2178552,-0.0127,-0.7637,-0.2808,-0.6489,27.8702,-16.6947,0.8137
1780907250.418226,-0.062,-0.8933,-0.2583,11.6031,69.9084,8.7252,0.932
1780907250.6184285,-0.02,-0.949,-0.2234,-4.1221,24.4351,6.8244,0.9751
1780907250.8187943,-0.022,-1.1931,-0.2366,-2.5725,32.3359,-2.2519,1.2165
1780907251.0186298,0.3533,-1.0569,-0.2583,-2.2443,9.2824,-20.1145,1.1439
1780907251.2181995,0.2498,-0.9329,-0.145,-8.7786,-2.4733,-12.6794,0.9765
1780907251.4166565,0.2805,-0.9478,-0.2061,-1.0382,10.0534,-3.6718,1.0096
1780907251.617318,0.283,-0.9404,-0.158,-1.7863,0.374,-1.2672,0.9947
0,0,0,0,0,0,0,0
0,0,0,0,0,0,0,0
1780907252.810811,0.1931,-0.9612,-0.2434,-5.0382,35.7786,17.8626,1.0102
1780907253.007507,0.2107,-0.9783,-0.2217,-7.855,29.3053,30.3817,1.025
1780907253.211408,0.2161,-0.9304,-0.1448,1.1298,65.145,36.5496,0.9661
1780907253.4079027,-0.0525,-0.9358,-0.2593,-34.626,50.0992,35.8779,0.9725
1780907253.6082358,0.063,-0.9729,-0.4236,-31.2443,93.7328,35.9695,1.063
1780907253.8082955,-0.1973,-0.8618,-0.2217,5.8626,92.8321,18.0763,0.9115
1780907254.0086317,-0.1008,-1.0217,-0.1628,-1.0229,78.916,5.3969,1.0395
1780907254.2138035,-0.0688,-1.0896,-0.3147,-22.4046,87.0687,8.2977,1.1362
1780907254.409377,0.0549,-0.7708,-0.3347,31.8779,105.7939,13.1298,0.8421
1780907254.6080687,0.1631,-0.9009,-0.4202,-6.4962,90.3359,12.5115,1.0073
1780907254.8081026,0.1433,-0.9705,-0.1455,-15.7328,12.9695,7.2824,0.9917
1780907255.0083067,0.1338,-1.0032,-0.5122,-22.0687,-1.1221,8.8168,1.1343
1780907255.208309,-0.1997,-1.2024,-0.1404,-8.9771,-10.8931,-8.9237,1.2269
1780907255.4084177,-0.2004,-1.106,-0.1499,15.7939,-0.5954,11.8168,1.1339
1780907255.6083272,-0.1099,-1.1545,-0.0833,9.7328,20.916,-15.9237,1.1627
1780907255.808185,0.0732,-0.6396,-0.4478,22.1756,50.5496,14.771,0.7842
1780907256.0077033,-0.0422,-0.7866,0.0264,3.8702,40.7176,-15.855,0.7882
1780907256.2594895,0.021,-0.978,-0.1575,5.0992,12.2977,7.1069,0.9908
1780907256.4083893,0.2046,-1.0581,-0.4121,-47.1298,-21.8702,-1.7328,1.1538
1780907256.6085138,-0.178,-1.4268,-0.2949,13.855,57.9924,23.4886,1.4678
1780907256.8085997,-0.1475,-1.0085,-0.0637,-6.2443,58.9389,11.3817,1.0213
1780907257.0106032,-0.1653,-1.0317,-0.2583,15.9924,60.5344,16.8321,1.0763
1780907257.2080727,0.1013,-0.9028,-0.4031,27.9389,67.1069,11.3893,0.9939
1780907257.410841,0.1714,-1.0732,-0.1741,-5.4962,34.2366,-19.9924,1.1007
1780907257.61115,0.0422,-0.9448,-0.1006,11.3664,47.5496,11.2519,0.9511
1780907257.809,-0.189,-1.0237,-0.0442,7.1756,-0.7328,1.855,1.0419
0,0,0,0,0,0,0,0
0,0,0,0,0,0,0,0
1780907259.1385622,0.0342,-0.9246,-0.1072,9.3053,-12.5725,-0.2672,0.9314
1780907259.3388019,0.0178,-1.114,-0.3059,18.5878,-10.0534,15.2519,1.1554
1780907259.5369694,0.1321,-0.9426,-0.3042,11.4427,-24.5344,4.1221,0.9993
1780907259.7367625,-0.115,-0.9673,-0.5298,-0.7252,2.9084,26.8855,1.1088
1780907259.936833,-0.0859,-0.8894,-0.3462,-5.8015,3.4198,5.7863,0.9583
1780907260.1381156,0.0076,-0.9426,-0.2676,-17.6489,-9.3511,-23.9389,0.9799
1780907260.3373895,-0.2136,-1.1033,-0.4687,2.4962,43.4427,19.5649,1.2176
1780907260.5366328,0.0828,-1.0376,-0.3665,-52.5725,7.1985,-41.4504,1.1035
1780907260.7367995,0.0632,-0.8892,-0.1968,32.5573,37.5649,30.6107,0.9129
1780907260.9372692,-0.061,-0.989,-0.1384,14.9542,-18.4351,15.1603,1.0005
1780907261.1372585,-0.0168,-1.1167,-0.3037,-26.458,-52.4733,-5.4275,1.1574
1780907261.3393745,-0.2141,-0.8196,-0.304,4.9313,7.6794,41.2443,0.9
1780907261.5364256,-0.1643,-0.7585,-0.2305,19.9313,11.1603,17.2672,0.8096
1780907261.736835,-0.1987,-0.939,-0.2244,12.3282,6.8168,-9.9237,0.9856
1780907261.9396164,-0.1216,-0.9966,-0.1445,18.3435,24.3664,-12.4809,1.0143
1780907262.136647,-0.0691,-0.5061,-0.313,23.9695,24.9847,15.0076,0.5991
1780907262.3376408,0.1262,-1.0906,-0.5779,-16.0076,22.4122,7.6183,1.2407
1780907262.5371807,0.0771,-1.0085,-0.3047,-13.7099,22.0076,2.145,1.0564
1780907262.7375572,-0.0676,-0.9761,-0.332,-16.6947,-26.4962,-3.9466,1.0332
1780907262.9608731,0.0933,-0.7932,-0.4683,-9.4046,28.1985,19.6336,0.9258
0,0,0,0,0,0,0,0
0,0,0,0,0,0,0,0
1780907264.2984536,-0.0005,-0.9373,-0.354,3.6641,-5.0229,-0.687,1.0019
1780907264.500567,0.0442,-0.8857,-0.4407,-26.0153,23.9237,0.1832,0.9903
1780907264.6971986,-0.0049,-1.0313,-0.4104,0.7328,72.8168,27.9771,1.1099
1780907264.897522,0.082,-0.9705,-0.5676,16.1374,104.8244,45.7557,1.1273
1780907265.0970125,0.231,-0.9233,-0.5544,4.6565,95.458,43.0687,1.1015
1780907265.2969005,0.0732,-0.8655,-0.4055,1.4885,88.7099,47.916,0.9586
1780907265.5018651,-0.0193,-0.9185,-0.583,-10.2672,31.229,25.6641,1.088
1780907265.705001,-0.115,-0.9072,-0.5513,0.7557,82.8321,46.6489,1.0678
1780907265.9031823,-0.1499,-1.0496,-0.3186,-18.7405,45.3359,10.0153,1.107
1780907266.0973003,-0.3584,-1.0161,-0.2063,-15.0229,49.4351,9.1298,1.097
1780907266.2965498,-0.1077,-1.0125,-0.2036,-4.2519,12.1527,0.771,1.0383
1780907266.499841,0.1487,-0.9983,-0.3025,-30.1069,20.5878,-20.8702,1.0537
1780907266.697919,-0.1287,-0.8792,-0.0952,-18.4809,-4.4198,-14.1298,0.8936
1780907266.8968256,-0.0637,-0.9219,-0.1257,-23.1374,-44.7786,-3.6718,0.9326
1780907267.1015093,0.0388,-1.0579,-0.6619,-37.3206,2.3206,21.145,1.2485
1780907267.2967024,-0.1355,-1.0613,-0.5564,-44.8321,-33.3206,-24.8168,1.2059
1780907267.4966555,-0.1587,-0.9233,-0.2605,5.7786,-13.8855,-5.458,0.9724
1780907267.6975892,-0.0601,-1.0476,-0.2683,-5.916,23.4198,-0.2443,1.0831
1780907267.897563,-0.0686,-0.8333,-0.6204,26.1374,6.9008,31.6794,1.0411
1780907268.0978136,-0.0271,-0.9578,-0.6624,14.1603,-45.8473,7.7023,1.1648
1780907268.2975285,-0.0847,-1.0986,-0.3447,-3.0916,-80.1756,1.3588,1.1546
1780907268.4973464,0.1038,-1.0186,-0.2825,-17.3893,-96.855,-42.8092,1.0621
1780907268.6971657,-0.1357,-0.5889,-0.1665,4.3664,-95.1603,-17.6336,0.6268
0,0,0,0,0,0,0,0
0,0,0,0,0,0,0,0
1780907270.2774155,0.0723,-0.9565,-0.2019,2.2824,26.2366,11.7557,0.9803
1780907270.4782362,-0.0649,-0.9106,-0.1892,7.6336,23.5878,2.8092,0.9324
1780907270.6772285,-0.0061,-0.9006,-0.2798,0.1374,26.4427,2.5038,0.9431
1780907270.8780415,0.0366,-0.9587,-0.2273,-10.6794,26.2519,12.2061,0.986
1780907271.0777745,0.2585,-0.9084,-0.145,-8.8244,-3.4275,-5.1145,0.9556
1780907271.2783225,0.0874,-0.9812,-0.4685,-15.542,61.9008,12.1145,1.0908
1780907271.4782543,0.0393,-0.9451,-0.3445,0.0534,59.8702,2.8473,1.0067
1780907271.6777163,-0.21,-0.9377,-0.4663,-17.3435,43.8473,15.1832,1.0681
1780907271.8782558,-0.0291,-0.9373,-0.2993,0.8473,2.1679,-8.8092,0.9843
1780907272.077852,-0.1335,-0.9373,-0.3167,-13.4427,7.9313,4.6641,0.9983
1780907272.2783563,-0.0354,-1.0056,-0.1797,16.9695,44.8473,10.7023,1.0222
1780907272.4783592,-0.1624,-0.5732,-0.1108,24.2824,-12.4275,-19.3817,0.606
1780907272.6922343,0.207,-0.8718,-0.6614,5.313,18.2443,21.1603,1.1137
1780907272.877606,0.0647,-1.0437,-0.3347,8.9008,-27.5725,2.458,1.098
1780907273.078211,0.1301,-1.0981,-0.4023,2.5954,-37.6718,-17.8855,1.1767
1780907273.2812274,-0.313,-0.7646,-0.165,-1.1908,-15.7634,23.0992,0.8425
1780907273.4787436,-0.2461,-0.814,-0.2217,-3.4351,-27.5191,-0.2061,0.8788
1780907273.678084,-0.0852,-0.9709,-0.2532,11.8626,-17.3893,-27.0,1.007
1780907273.8782375,-0.2158,-1.0884,-0.6743,27.9466,-15.6031,32.8779,1.2984
1780907274.080064,0.1799,-1.354,-0.7571,-44.7328,-87.1985,-36.9389,1.5617
1780907274.2779772,0.075,-0.9492,-0.3684,-39.3359,-120.5878,-32.4504,1.021
1780907274.477789,0.1582,-0.9231,-0.4417,5.0687,-124.7557,-26.9313,1.0355
1780907274.6775954,-0.1946,-0.8657,-0.3652,-12.1145,-104.4809,-26.6947,0.9595
1780907274.877975,-0.0032,-1.0674,-0.2839,-17.3588,-81.4122,-38.0076,1.1045
1780907275.0780897,-0.1084,-0.9797,-0.2827,-13.916,-6.0458,1.2061,1.0255
1780907275.2782762,-0.0273,-0.9492,-0.2593,-5.0382,3.626,2.5115,0.9844
0,0,0,0,0,0,0,0
0,0,0,0,0,0,0,0
1780907276.5197382,-0.0764,-1.0842,-0.4741,-12.7863,-80.5954,-47.0,1.1858
1780907276.7186525,-0.0015,-0.8831,-0.4514,-32.3969,-85.4962,-17.3664,0.9917
1780907276.919562,0.2683,-0.8491,-0.2451,4.9542,-70.6107,-26.9466,0.9236
1780907277.1194434,0.0024,-0.9856,-0.2646,12.5954,-43.8092,-0.9695,1.0205
1780907277.3182285,0.2595,-0.9866,-0.2217,-5.0305,-18.9466,-2.3817,1.0439
1780907277.518527,0.0901,-1.0291,-0.3469,14.2977,33.7405,11.9771,1.0897
1780907277.7182927,-0.2712,-1.1643,-0.4082,-31.8855,-5.4809,5.5573,1.2633
1780907277.9188147,-0.22,-0.8591,-0.1765,-12.5878,5.855,20.5191,0.9042
1780907278.119584,0.0164,-1.1047,-0.2158,-1.7634,33.8626,5.2672,1.1257
1780907278.31861,0.157,-0.9126,-0.7415,-47.9084,20.1069,-10.6718,1.1863
1780907278.518135,0.0669,-0.9004,-0.5164,-9.9771,-21.0458,-37.5496,1.0401
1780907278.7182772,-0.0486,-1.1184,-0.3894,10.9313,-37.9695,2.7939,1.1853
1780907278.9181395,-0.0198,-0.9377,-0.6399,-72.5878,-62.1832,-51.4885,1.1354
1780907279.1195495,0.0745,-1.3396,-0.7219,-81.5343,-83.1603,-68.7176,1.5236
1780907279.3194482,-0.156,-0.9846,-0.2839,-48.3435,-40.1527,-38.1832,1.0365
1780907279.5206091,-0.123,-1.0291,-0.0698,3.2901,4.084,16.7176,1.0387
1780907279.7182012,-0.0029,-0.634,-0.1743,9.229,-2.7176,14.5802,0.6576
1780907279.918066,-0.0027,-0.7058,-0.0791,22.8702,-24.0229,0.4275,0.7102
1780907280.1197276,-0.1226,-1.0457,-0.2712,14.1908,-55.1908,-15.9237,1.0872
1780907280.3187866,0.0398,-0.907,-0.7017,-35.0458,-67.5496,-51.3511,1.1474
1780907280.5195062,-0.0254,-1.2283,-0.666,-32.1145,-67.0687,-61.4809,1.3975
1780907280.718234,-0.1499,-0.928,-0.2229,-33.2137,-26.0458,-35.9389,0.9661
1780907280.9195416,-0.2371,-1.0215,-0.0398,33.9313,51.0382,54.4809,1.0494
1780907281.1196537,-0.1514,-0.5208,-0.1438,-35.3053,6.4046,-21.2977,0.561
1780907281.320123,-0.1099,-0.7236,-0.2302,17.1298,32.6794,18.0153,0.7673
0,0,0,0,0,0,0,0
0,0,0,0,0,0,0,0
1780907282.5281813,-0.0056,-0.9509,-0.4058,6.4351,-0.9771,3.0534,1.0339
1780907282.7274766,0.0718,-0.9329,-0.439,-5.5878,-8.6412,1.0534,1.0335
1780907282.9779363,-0.0266,-0.9077,-0.5012,-12.8321,-22.3817,0.2672,1.0372
1780907283.1260712,-0.0557,-0.7556,-0.45,-33.9313,-28.3817,3.855,0.8812
1780907283.3286538,-0.146,-0.9397,-0.5173,-47.5878,-16.1298,-11.2824,1.0826
1780907283.5283282,-0.0979,-0.8137,-0.7295,-39.8702,-7.229,-13.0458,1.0972
1780907283.7273786,0.0134,-0.8762,-0.7405,-17.8702,1.6107,-19.1069,1.1473
1780907283.9318743,-0.0049,-0.7952,-0.6619,-20.0992,18.4886,3.2214,1.0346
1780907284.1293285,0.0527,-0.7385,-0.7798,8.229,-51.2366,10.2901,1.0753
1780907284.377212,0.0852,-0.4509,-0.2141,38.7481,0.084,-8.2443,0.5064
1780907284.5295262,-0.0967,-0.6726,-0.667,38.3893,27.458,21.6565,0.9522
1780907284.7287457,-0.0459,-0.8552,-0.6685,32.5649,2.0229,-1.771,1.0864
1780907284.9271982,0.2715,-0.938,-1.4236,19.0916,3.7939,-15.2672,1.7263
1780907285.1283195,0.3772,-0.9321,-0.5383,5.2901,-12.1756,-32.9237,1.1406
1780907285.328317,0.0547,-0.8491,-0.4905,29.6794,-13.7328,-5.4427,0.9821
1780907285.5781074,-0.0151,-0.9399,-0.3643,3.7405,1.7405,-3.7939,1.0082
1780907285.7294667,0.0164,-0.9458,-0.4121,1.6489,7.0382,-1.8244,1.0318
1780907285.9369726,0.0278,-0.916,-0.3804,-0.2061,-0.5496,-0.0076,0.9922
1780907286.1310315,0.0278,-0.9231,-0.4395,-5.8626,-7.6489,2.0534,1.0227
1780907286.326945,0.01,-0.9253,-0.4399,-1.8473,-4.7405,-0.3359,1.0246
1780907286.5271535,0.0178,-0.9148,-0.4382,-2.7099,-2.8397,0.7328,1.0145
1780907286.7281358,-0.0007,-0.9331,-0.4165,-2.3359,0.0916,1.1603,1.0218
1780907286.977792,0.0093,-0.9187,-0.4084,-3.7176,-1.5496,-0.2137,1.0054
1780907287.1269712,0.01,-0.9233,-0.4404,-4.6107,-1.2977,1.2595,1.0231
0,0,0,0,0,0,0,0
0,0,0,0,0,0,0,0
1780907288.299534,-0.0208,-0.9104,-0.4712,-3.0992,-6.1298,-0.7939,1.0253
1780907288.4984932,-0.0117,-0.894,-0.5039,-7.1374,-6.4122,1.1298,1.0263
1780907288.6985269,-0.0293,-0.8865,-0.5186,-5.4962,-0.8931,0.0,1.0274
1780907288.8985226,-0.0139,-0.8838,-0.5293,-11.1374,-0.4198,-0.7405,1.0303
1780907289.0985882,-0.0154,-0.8396,-0.551,-24.374,-1.5267,12.7786,1.0044
1780907289.2988427,-0.1392,-0.9734,-1.051,-42.6794,5.8626,21.8321,1.4393
1780907289.5614016,-0.0222,-0.8035,-0.8279,-16.687,2.5115,0.6947,1.1539
1780907289.6986697,-0.0547,-0.8943,-0.7559,56.1756,3.8397,8.4962,1.1722
1780907289.8978648,-0.0776,-0.8665,-0.4907,50.3053,-0.3206,-2.4275,0.9988
1780907290.0981636,-0.04,-0.3936,-0.1357,12.5115,5.4427,5.542,0.4182
1780907290.2987206,0.1169,-1.123,-0.6123,-58.3282,-2.4122,10.9008,1.2845
1780907290.4996753,-0.2358,-0.9265,-0.2708,-37.1908,-28.4046,-23.0076,0.9937
1780907290.7065632,-0.2488,-0.8818,-0.1562,-13.7557,-46.9466,-0.0611,0.9295
1780907290.8993623,-0.0308,-0.947,-0.1741,-10.8321,-34.2672,-15.9771,0.9634
1780907291.0993056,-0.1602,-0.8562,-0.0078,9.4198,-0.6718,-5.4656,0.8711
1780907291.2994037,-0.2432,-1.3733,-0.3828,-24.5573,-16.374,-16.855,1.4462
1780907291.4984388,0.3779,-0.8582,-0.4763,-27.8473,-14.4656,-30.3053,1.0517
1780907291.6983268,0.0127,-0.738,-0.0049,1.7405,10.6489,-8.5573,0.7382
1780907291.9071844,-0.0286,-1.0696,-0.2202,28.7023,-2.4733,0.9695,1.0924
1780907292.1003075,0.0154,-0.5291,-0.4524,12.5573,-0.3206,26.916,0.6963
1780907292.2988238,-0.0591,-0.8613,-0.24,16.2901,-16.5267,-7.7099,0.8961
1780907292.505613,-0.0613,-1.0486,-0.1868,19.7634,3.4122,-6.2977,1.0668
1780907292.6980693,-0.0032,-1.0229,-0.8857,-2.6107,27.8015,23.8702,1.3531
1780907292.8987892,0.3232,-1.1924,-0.8513,-26.7176,32.3053,37.1679,1.5003
1780907293.0983758,0.145,-1.071,-0.3989,-9.9084,-8.4427,17.145,1.1521
1780907293.2989163,0.1311,-1.0857,-0.3062,-22.6565,-45.6031,-5.4962,1.1356
1780907293.5008798,0.0239,-0.8904,-0.2068,-22.855,8.5954,-0.4046,0.9144
1780907293.698263,-0.1267,-0.9407,-0.3486,-17.5496,-13.6412,-30.3282,1.0112
0,0,0,0,0,0,0,0
0,0,0,0,0,0,0,0
1780907294.4430776,-0.0178,-0.9556,-0.2988,1.542,10.5802,2.6489,1.0014
1780907294.6377401,0.0476,-0.8772,-0.4016,-10.7405,18.4504,11.0534,0.9659
1780907294.843481,0.0947,-0.9822,-0.3713,-8.4427,17.3053,-7.1832,1.0543
1780907295.0354521,-0.0117,-1.1924,-0.3374,11.8321,93.7557,12.5878,1.2393
1780907295.2352412,0.2485,-0.8228,-0.5542,-14.145,115.8702,15.5954,1.0227
1780907295.4347217,0.2866,-0.8735,-0.4644,-16.2748,125.0611,34.3893,1.03
1780907295.635337,0.2302,-0.8418,-0.176,-5.1298,44.8168,-1.4351,0.8903
1780907295.8352633,0.0891,-0.949,-0.1235,4.3969,62.2061,46.771,0.9611
1780907296.0349755,0.0684,-0.6804,-0.3635,32.0382,65.2061,45.3511,0.7745
1780907296.2349894,0.0383,-0.7839,-0.2229,4.5725,22.0229,5.626,0.8159
1780907296.4351635,0.0886,-1.0061,-0.219,18.2672,24.0382,1.7557,1.0335
1780907296.63679,-0.1799,-1.156,-0.23,-36.4275,69.1908,28.4122,1.1923
1780907296.8349142,-0.0125,-0.791,-0.1709,-46.145,40.3893,-45.6031,0.8094
1780907297.038193,-0.095,-0.7126,0.0281,29.6031,65.1069,15.4504,0.7195
1780907297.235163,-0.071,-0.96,-0.0393,32.2595,4.1985,23.9084,0.9634
1780907297.4349856,0.1523,-1.0918,-0.259,3.0611,-22.5725,-10.3893,1.1324
1780907297.6458645,0.0002,-0.822,-0.323,-30.0534,27.4886,5.0763,0.8832
1780907297.8357043,0.207,-0.8772,-0.4053,-21.1527,25.1374,0.1679,0.9882
1780907298.0355291,-0.1006,-1.0867,-0.3091,-13.687,46.3053,10.5344,1.1342
1780907298.234957,-0.1047,-0.9783,-0.123,16.9008,64.145,2.2748,0.9915
1780907298.4354858,-0.0732,-0.8125,-0.2107,13.9313,49.6794,5.771,0.8426
1780907298.6354632,0.1436,-0.9595,-0.2798,15.8092,16.8855,-7.5496,1.0097
1780907298.8383079,0.1746,-0.8152,-0.1157,-3.7023,17.5649,1.4733,0.8417
1780907299.035082,0.0535,-0.8914,-0.0752,-8.3817,-22.3206,3.6336,0.8961
1780907299.2351143,0.1826,-1.1736,-0.4106,-32.1221,-14.6183,-8.855,1.2567
1780907299.4351346,0.0354,-0.8582,-0.3875,-27.2672,42.4656,7.8168,0.9422
1780907299.6357372,0.0237,-0.9475,-0.4885,-18.5344,32.8855,14.9695,1.0663
0,0,0,0,0,0,0,0
0,0,0,0,0,0,0,0
1780907300.4867747,-0.0225,-0.967,-0.3035,-5.3511,7.5267,1.0153,1.0138
1780907300.6872017,0.0117,-0.9304,-0.3379,3.5802,30.3206,10.6718,0.9899
1780907300.8872712,-0.0601,-0.9392,-0.3093,12.1145,19.2672,13.2214,0.9907
1780907301.0875738,-0.043,-0.9124,-0.2227,-5.1679,1.7557,-7.916,0.9401
1780907301.2870674,-0.0813,-0.9683,-0.1641,-13.6641,30.9008,2.2443,0.9854
1780907301.4868987,-0.0386,-0.9575,-0.4626,11.5267,8.458,-7.6641,1.0641
1780907301.6877725,0.0532,-1.1343,-0.4785,-9.9084,31.7786,1.8626,1.2322
1780907301.886788,0.0908,-0.9644,-0.4136,-16.9924,12.6031,-0.7328,1.0532
1780907302.0873215,0.0894,-1.0383,-0.2778,25.0076,-9.5191,6.3435,1.0786
1780907302.287316,-0.1724,-0.3787,-0.0967,53.5802,34.8015,53.4656,0.4271
1780907302.4872308,-0.1116,-0.6753,-0.1042,36.0153,21.7939,21.9237,0.6923
1780907302.6875129,0.01,-1.0125,-0.228,29.2824,16.7786,6.9466,1.0379
1780907302.9003165,-0.1042,-1.1223,-0.7148,33.1756,12.5038,32.5496,1.3347
1780907303.0883126,0.4324,-1.2275,-0.6133,-20.0687,4.1374,-12.2061,1.4387
1780907303.2875023,0.1062,-1.0715,-0.3298,-26.1221,-25.0153,-29.8244,1.1262
1780907303.4894602,-0.0989,-0.9927,-0.3047,-24.4656,-22.1679,-11.3511,1.0431
1780907303.6904936,-0.2156,-0.7888,-0.1377,-23.9389,-0.8244,11.8092,0.8293
1780907303.8871677,-0.1611,-0.7559,-0.1602,-12.6794,2.7634,10.687,0.7893
1780907304.0872157,-0.1194,-0.8472,-0.3628,-14.4885,9.542,13.7023,0.9293
1780907304.2877605,-0.0598,-0.842,-0.5769,-30.1832,4.5954,-0.7252,1.0225
1780907304.4909093,-0.1001,-0.7788,-0.7478,-24.1145,5.9618,-5.8931,1.0843
1780907304.6869428,-0.0049,-0.7239,-0.7903,2.7634,19.8321,11.3206,1.0717
1780907304.8880548,-0.0137,-0.7554,-0.7253,-17.8702,-8.542,0.0611,1.0473
1780907305.0873642,-0.0212,-0.7175,-0.7239,-3.687,15.5267,1.3359,1.0195
1780907305.2873871,0.0063,-0.7241,-0.8447,0.7481,0.3435,-0.2061,1.1126
1780907305.4872377,0.0344,-0.7131,-0.7493,-0.0611,5.8855,4.9771,1.035
1780907305.6865425,0.0398,-0.7004,-0.801,0.8855,-2.5267,0.3206,1.0648
1780907305.8875604,0.0366,-0.6836,-0.8398,1.1679,-0.7328,3.6412,1.0835
1780907306.085686,0.0459,-0.7236,-0.8044,-5.7634,-5.4656,-3.9771,1.083
1780907306.2866025,-0.012,-0.7134,-0.6824,13.5802,-11.0611,1.4962,0.9873
1780907306.4884155,0.0093,-0.7581,-0.7317,20.6107,-1.5191,-1.374,1.0536
1780907306.6875198,-0.0151,-0.7966,-0.6147,18.313,-14.6412,-1.9008,1.0064
1780907306.887183,0.0005,-0.8335,-0.5334,25.4198,-2.084,3.9389,0.9896
1780907307.0908194,-0.0405,-0.9187,-0.4724,18.3282,-15.8855,-0.8321,1.0338
1780907307.2875578,0.0295,-0.9197,-0.4612,41.0916,-12.0916,4.8015,1.0293
1780907307.5367494,-0.0552,-0.9795,-0.3347,11.2595,-25.9924,-5.9084,1.0366
1780907307.6950607,-0.1187,-0.9661,-0.1743,10.0458,-37.9924,-0.5038,0.9888
1780907307.8879375,-0.23,-0.9055,-0.0713,-9.3359,-40.3435,-4.7481,0.937
1780907308.0893552,-0.1392,-0.9844,-0.1965,-5.8015,-10.5878,-9.7328,1.0134
1780907308.319329,-0.1594,-1.0977,-0.3437,0.1679,15.5267,0.8168,1.1612
1780907308.4872322,0.031,-0.9353,-0.3987,-25.626,-17.4809,-29.4656,1.0172
0,0,0,0,0,0,0,0
0,0,0,0,0,0,0,0
1780907309.3659906,-0.1902,-0.9524,-0.2957,-4.6336,-27.1374,-4.5496,1.0152
1780907309.5658967,-0.1133,-0.8147,-0.2817,-1.5725,-18.0305,2.8931,0.8694
1780907309.8149128,-0.0044,-0.9277,-0.2102,11.1221,-18.9389,-12.2824,0.9513
1780907309.9660163,-0.1077,-1.0681,-0.2217,-11.1298,35.0992,14.7634,1.0962
1780907310.1658058,0.1487,-0.9124,-0.627,21.6107,26.8473,10.8855,1.1169
1780907310.3667085,0.3826,-1.1116,-0.7656,-38.7176,80.4885,22.4733,1.4029
1780907310.5660372,0.0525,-1.011,-0.3381,-11.1221,29.3053,15.1527,1.0673
1780907310.8157477,0.0884,-1.3989,-0.502,-46.9008,-19.2977,-30.9313,1.4889
1780907311.0164366,-0.1523,-1.0264,-0.5137,-27.7863,44.8015,35.8168,1.1578
1780907311.1664073,-0.1235,-0.8967,-0.2539,2.8473,78.9542,36.313,0.9401
1780907311.3672378,-0.0852,-1.0164,-0.2712,10.7939,49.3053,10.2137,1.0554
1780907311.5660534,0.0159,-1.0713,-0.26,-33.0992,34.3969,-22.9008,1.1025
1780907311.7660758,-0.2222,-1.0466,0.0688,-28.2977,39.855,-18.0229,1.0722
1780907311.966014,-0.1619,-0.9229,0.0818,-25.9924,10.626,-1.7939,0.9405
1780907312.166603,-0.0483,-1.009,-0.2166,8.8397,-50.3206,-17.0992,1.0331
1780907312.4152792,0.231,-0.7654,-0.5056,26.2214,-17.7939,-4.458,0.9459
1780907312.5661888,-0.46,-1.042,-0.4263,27.9084,0.1985,20.5878,1.2161
1780907312.7661676,-0.1074,-1.0437,-0.2187,-9.7328,4.5038,20.0916,1.0718
1780907312.9643013,-0.0063,-0.98,-0.1978,42.1298,29.2366,-20.5649,0.9998
1780907313.1650727,-0.3652,-0.686,-0.0708,17.7023,23.3664,19.145,0.7804
1780907313.3647244,0.1663,-0.8459,-0.2695,26.3969,-17.3206,23.1145,0.9033
1780907313.5637527,0.1448,-1.0283,-0.3501,18.626,-111.8473,-38.2748,1.0959
1780907313.7642553,-0.3958,-0.9446,-0.041,-18.5114,-76.5267,-3.1985,1.025
1780907313.9645524,-0.26,-0.9529,-0.3977,0.3969,-122.6412,1.0,1.0648
1780907314.1647267,-0.0227,-0.9829,-0.3975,5.6794,-152.9237,-31.9695,1.0605
1780907314.3642578,-0.0605,-0.9619,-0.3374,-8.7099,-12.8321,0.4427,1.0212
1780907314.564163,-0.0483,-0.9238,-0.4287,0.0076,0.0611,-10.1374,1.0196
1780907314.7661371,-0.0547,-0.9978,-0.3777,-8.2137,11.0992,-6.0229,1.0683
1780907314.9638705,-0.1716,-0.9094,-0.3923,4.8244,-9.5802,-4.7176,1.0052
1780907315.1647437,0.0137,-1.1155,-0.3193,-11.6947,-43.5573,-24.3053,1.1604
1780907315.3678026,-0.0459,-0.9626,-0.1809,-21.1908,-55.229,-22.1832,0.9806
1780907315.5674074,0.0601,-0.8948,-0.2542,5.542,-52.6489,-3.1908,0.9321
0,0,0,0,0,0,0,0
0,0,0,0,0,0,0,0
1780907316.68782,-0.1218,-0.9204,-0.3503,7.1603,-35.5649,2.9008,0.9923
1780907316.886831,-0.1133,-0.9763,-0.3218,-43.0305,-86.9466,-50.6641,1.0342
1780907317.0866258,-0.2048,-0.8826,-0.0989,-11.7023,-54.4656,-32.2977,0.9114
1780907317.2867591,-0.0107,-0.9492,-0.333,-17.2214,20.2214,15.4351,1.006
1780907317.4866233,0.0332,-0.6897,-0.2598,9.7634,-17.0916,-16.0611,0.7377
1780907317.6869135,0.0991,-0.8345,-0.4111,45.916,-7.0153,7.5725,0.9355
1780907317.8861284,-0.1035,-1.1296,-0.2317,51.7099,-59.0534,4.7786,1.1578
1780907318.0858645,-0.2781,-0.8667,-0.4827,62.1832,-69.7023,23.6183,1.0303
1780907318.2982311,-0.0425,-0.7959,-0.3435,35.3511,-41.8244,4.2137,0.8679
1780907318.4872425,-0.1101,-0.8472,-0.1553,-41.3511,-17.6031,-16.0,0.8683
1780907318.686628,-0.2134,-0.9255,-0.4155,-32.1679,-23.1221,-17.4886,1.0367
1780907318.8859386,0.1367,-1.1423,-0.5386,-15.6336,-18.6412,-4.0534,1.2703
1780907319.0857341,-0.0334,-1.0461,-0.2341,7.3206,-17.4809,4.9313,1.0725
1780907319.2862866,-0.1223,-1.2717,-0.9841,-24.6947,-39.2214,3.5573,1.6127
1780907319.486095,-0.0657,-1.1721,-0.7747,-63.8321,-51.8702,5.3588,1.4065
1780907319.6870124,-0.0295,-0.6882,-0.5359,-75.7786,-7.7328,-13.8473,0.8728
1780907319.8866243,-0.2214,-0.6389,-0.5913,-80.5191,5.1145,8.229,0.8983
1780907320.0868468,-0.1057,-0.4602,-0.6584,-18.6565,-16.0,9.4046,0.8103
1780907320.2937198,-0.1304,-0.5601,-0.8564,21.7176,11.6947,8.1756,1.0316
1780907320.4875531,-0.1851,-0.5981,-0.7178,44.4351,0.2901,-6.4351,0.9525
1780907320.6874428,-0.1948,-0.7878,-0.7773,57.4198,4.9466,-9.1145,1.1238
1780907320.8959458,-0.0935,-0.708,-0.8872,-3.0916,17.3817,-18.542,1.1389
1780907321.1057765,-0.0652,-0.6792,-0.5608,-12.8092,9.6183,5.6107,0.8832
1780907321.2909038,0.0393,-0.6855,-0.8003,14.3817,23.0305,7.9237,1.0545
1780907321.4938657,0.106,-0.8904,-0.6484,28.7634,31.0992,-4.7176,1.1066
1780907321.698213,-0.012,-0.7187,-0.3306,55.3053,15.7328,13.8702,0.7912
1780907321.8863268,0.0281,-0.8154,-0.0518,53.4504,92.8321,20.3359,0.8176
1780907322.0865824,0.0281,-0.9788,-0.0608,36.9084,19.3969,22.5038,0.981
1780907322.2870178,0.1804,-0.9353,-0.0034,17.8015,15.3817,-8.3969,0.9526
0,0,0,0,0,0,0,0
0,0,0,0,0,0,0,0
1780907323.643928,0.2058,-0.9656,-0.0952,23.9771,8.3664,5.9466,0.9918
1780907323.843153,0.3367,-0.9341,-0.0046,37.3893,26.8321,3.4733,0.9929
1780907324.043614,0.2529,-0.9502,0.0132,17.6107,26.8397,1.6641,0.9834
1780907324.2451625,0.1909,-0.9221,0.1479,14.8702,13.6947,8.8397,0.9532
1780907324.4437404,0.1885,-0.8765,0.2964,24.0534,-11.5878,-2.9389,0.9442
1780907324.6439793,0.2356,-0.9102,0.2075,32.4962,-17.9389,1.0382,0.9628
1780907324.8430467,0.2021,-0.8435,0.3499,31.9924,-14.9542,8.8931,0.9353
1780907325.0436287,0.1809,-0.8589,0.3921,18.458,-14.1374,8.5267,0.9613
1780907325.2446322,0.0913,-0.7146,0.5696,-1.6565,-8.2748,-0.3511,0.9184
1780907325.4438808,0.1448,-0.991,0.418,-4.916,4.8397,20.2214,1.0852
1780907325.643989,0.1213,-0.8455,0.4302,10.2977,6.0611,10.8015,0.9563
1780907325.8435142,0.0527,-0.9165,0.3503,4.9237,15.5115,15.8855,0.9826
1780907326.0436435,0.1575,-0.8672,0.3745,-20.5114,8.6565,14.0687,0.9576
1780907326.2435696,0.0837,-0.9265,0.1267,-46.1145,18.3282,-7.8015,0.9389
1780907326.4440317,0.0833,-0.9402,0.1323,-15.8321,1.7939,3.855,0.9531
1780907326.643966,0.1907,-1.0205,-0.0588,-23.9237,-10.5344,-14.6336,1.0398
1780907326.8439262,0.1772,-0.9468,-0.1956,-18.855,2.1679,-27.5114,0.9829
1780907327.044433,0.2727,-1.0002,-0.1414,-20.8092,35.5191,5.7328,1.0463
1780907327.2458835,-0.0261,-1.0427,-0.2295,-35.1679,38.0992,11.1679,1.068
1780907327.4461486,0.0327,-1.0,-0.106,-18.7405,-32.7099,5.2901,1.0061
1780907327.650777,0.0718,-0.9685,-0.1689,-0.2443,-101.7481,-13.8702,0.9857
1780907327.8436966,0.1016,-0.9763,-0.1362,24.3206,-40.5649,-8.2977,0.991
1780907328.0441537,0.085,-0.936,-0.1494,12.9618,19.2901,-5.2214,0.9517
1780907328.2444034,0.1458,-0.9929,-0.1375,7.0763,13.2595,2.8931,1.0129
1780907328.4436996,0.1516,-0.9919,-0.1228,0.1374,-4.2748,-1.2137,1.0109
0,0,0,0,0,0,0,0
0,0,0,0,0,0,0,0
1780907329.6327803,0.1606,-0.9502,-0.0222,-0.1679,0.9008,2.1298,0.9639
1780907329.8327813,0.1514,-0.9832,0.0144,1.6641,2.3588,1.2748,0.9948
1780907330.032772,0.157,-0.9849,-0.0474,-3.0916,-8.7328,0.3588,0.9984
1780907330.232091,0.2549,-0.9316,0.0422,4.4504,17.2061,-7.4122,0.9668
1780907330.4320598,0.2209,-0.9983,0.0286,-9.3435,70.4504,-6.0763,1.0228
1780907330.6323626,0.0657,-0.9937,-0.0872,-24.458,43.8931,-30.8397,0.9996
1780907330.8326678,0.2632,-0.8591,-0.0325,-41.0534,45.7252,9.4885,0.8991
1780907331.0346954,0.0481,-1.1033,-0.0493,-0.5267,-0.1756,34.8702,1.1054
1780907331.2357993,0.2893,-1.1011,-0.6035,-61.6489,7.6107,34.2519,1.2885
1780907331.432798,-0.0759,-0.8813,-0.8691,-26.3588,-16.5191,34.855,1.2401
1780907331.6326022,-0.1772,-0.9375,-1.0459,-30.6107,-8.145,51.5802,1.4157
1780907331.8326254,-0.2195,-0.6853,-0.7854,-31.8092,30.3969,17.4427,1.0652
1780907332.0361717,-0.1096,-0.687,-0.9006,1.8397,27.4656,39.229,1.138
1780907332.2326238,0.0002,-0.6106,-0.6514,91.3053,38.6565,15.3511,0.8928
1780907332.4321778,-0.0549,-0.6484,-0.4001,83.5802,59.9847,7.9695,0.7639
1780907332.6325793,-0.0085,-0.7329,-0.3391,13.7328,24.6794,-0.7023,0.8076
1780907332.8329906,0.1648,-0.8376,-0.3027,-26.0076,27.9237,-20.7634,0.9058
1780907333.0321195,0.2695,-0.9646,-0.4763,17.5725,33.9542,-7.3588,1.109
1780907333.2377048,0.0642,-0.9944,-0.249,-19.5878,47.4733,22.9542,1.0271
1780907333.4326353,0.0601,-0.9563,-0.0366,4.7634,45.3206,41.8244,0.9589
1780907333.6321244,-0.0051,-0.9409,-0.2991,-20.5267,22.6947,19.1603,0.9873
1780907333.8326318,-0.2356,-1.0234,-0.4287,5.9466,14.542,29.9618,1.1343
1780907334.0326083,-0.1191,-0.9348,-0.2712,-5.6489,11.6718,9.542,0.9806
1780907334.2321098,-0.0359,-0.9651,-0.3713,23.4733,30.6031,21.1756,1.0347
0,0,0,0,0,0,0,0
0,0,0,0,0,0,0,0
1780907366.2870457,0.0696,-0.9402,0.1572,-4.0458,-4.4733,-7.1908,0.9558
1780907366.486777,0.0747,-0.9526,0.1689,3.0229,-7.7176,-1.0992,0.9704
1780907366.6869211,0.1389,-0.9226,0.1914,-16.3664,-5.0534,-4.5267,0.9524
1780907366.889653,0.1318,-0.9202,0.2629,-8.7786,24.2672,7.4962,0.966
1780907367.0900571,0.1641,-1.1553,0.1943,1.8244,11.0534,2.2137,1.1829
1780907367.2864754,-0.0566,-0.8062,0.0596,-11.7328,22.3359,-10.1527,0.8103
1780907367.488809,-0.0591,-0.8499,0.1587,2.6336,25.9466,-11.5573,0.8666
1780907367.6895368,-0.114,-1.2239,0.4329,3.771,10.4504,-13.6947,1.3032
1780907367.8871462,0.2825,-0.8215,-0.0012,-8.1298,-33.0916,12.4351,0.8687
1780907368.0875745,0.0227,-0.5928,0.2283,-3.2061,-23.9313,6.5649,0.6356
1780907368.289103,0.0508,-1.0928,0.2756,4.0,15.6031,17.5573,1.1281
1780907368.4870033,-0.2058,-1.0964,-0.0015,16.2443,59.2824,13.8626,1.1156
1780907368.6866882,-0.0713,-0.6951,0.0625,30.6565,80.2977,4.7252,0.7015
1780907368.887029,-0.0608,-1.0127,0.2625,17.916,32.7176,-10.3053,1.0479
1780907369.0872276,0.0715,-1.3784,-0.166,35.5802,24.4809,33.5954,1.3902
1780907369.2867043,0.0881,-0.8342,0.0234,-8.0687,-59.3435,-1.8092,0.8392
0,0,0,0,0,0,0,0
0,0,0,0,0,0,0,0
1780907371.5948443,0.0732,-0.9229,0.1755,5.626,2.0,8.5344,0.9422
1780907371.794144,0.0859,-0.9751,0.2253,-4.1527,-8.1603,4.5191,1.0045
1780907371.994971,0.001,-0.9106,0.3835,-22.5267,-15.1908,0.4427,0.9881
1780907372.1945755,-0.2007,-0.822,-0.0093,45.8168,20.9924,-26.3969,0.8462
1780907372.395295,0.0688,-0.7021,0.0854,29.313,13.5573,-6.7099,0.7107
1780907372.6029983,-0.093,-0.8513,0.2158,11.6489,19.0076,-11.8015,0.8832
1780907372.7932148,-0.1719,-1.249,0.2036,31.9313,11.9313,-6.9466,1.2771
1780907372.9940813,0.1851,-0.9246,0.0967,-25.8244,-5.2443,1.4351,0.9478
1780907373.1951373,0.0176,-0.802,0.147,-3.1298,-13.5267,17.771,0.8155
1780907373.3944197,-0.0667,-1.0496,0.4214,-8.458,-7.2519,12.1221,1.133
1780907373.594031,-0.114,-1.0217,0.0178,4.1298,-14.626,-48.8473,1.0282
1780907373.7947395,-0.0024,-0.7388,0.0422,39.0305,52.313,3.9695,0.74
1780907373.994459,-0.1028,-0.9163,0.2961,-1.7328,28.1374,-14.1145,0.9684
1780907374.1942322,0.0898,-1.4131,0.1479,56.4427,23.4351,-11.5954,1.4236
1780907374.3934023,-0.2725,-0.8672,0.322,-56.458,12.084,-23.374,0.9643
1780907374.593666,-0.033,-0.9146,0.0854,8.8397,-9.6794,24.0229,0.9191
0,0,0,0,0,0,0,0
0,0,0,0,0,0,0,0
1780907395.586103,-0.0676,-0.9429,0.2498,18.8397,29.7557,4.0076,0.9777
1780907395.7855036,-0.0176,-1.2766,0.4856,22.0534,-21.2061,-2.5344,1.366
1780907395.9858522,0.0332,-0.9219,0.1819,-49.7023,-51.1985,-13.687,0.9402
1780907396.188855,0.1619,-0.9407,0.0952,-23.0611,-34.1908,-4.2824,0.9592
1780907396.385754,-0.0205,-1.0583,0.4429,-22.1145,3.9084,1.229,1.1475
1780907396.5847085,-0.3235,-0.9514,-0.043,15.8702,27.0687,-74.2366,1.0058
1780907396.786435,0.0132,-0.8357,0.2065,28.9313,-0.8168,20.3969,0.8609
1780907396.9860823,0.0076,-1.1956,0.4038,36.3435,-24.2443,-6.7023,1.2619
1780907397.1864817,0.156,-0.8301,-0.0454,3.1374,41.084,4.6489,0.8458
1780907397.3920481,0.0842,-0.7505,0.0808,16.4962,-16.2366,14.0916,0.7595
1780907397.5855396,0.021,-0.9202,0.3149,-13.374,-5.3511,14.1908,0.9728
1780907397.7909493,0.3186,-1.4954,-0.1213,-19.9084,-12.3664,50.3817,1.5337
1780907397.9859316,-0.1199,-0.7061,0.1064,24.1298,2.8092,-2.3664,0.724
1780907398.188017,-0.1782,-0.8499,0.2402,11.8779,19.5496,-14.4046,0.901
1780907398.3857436,-0.1726,-0.8594,0.3616,9.3969,27.9618,-8.2901,0.9482
1780907398.5891745,-0.1226,-1.2839,-0.0334,25.4886,54.6565,-4.542,1.2902
0,0,0,0,0,0,0,0
0,0,0,0,0,0,0,0
1780907400.1889808,-0.0488,-0.8806,0.2212,-7.2595,-110.1756,14.1908,0.9093
1780907400.3879292,0.0972,-0.7854,-0.1252,-27.9924,-69.0687,13.6336,0.8012
1780907400.5869837,0.0022,-1.3601,-0.1965,26.2977,-8.8931,44.771,1.3742
1780907400.7869997,-0.595,-2.0,0.8831,-24.855,-77.8473,17.8092,2.2658
1780907401.0374293,-0.6777,-0.491,0.5884,-40.0305,-90.9084,1.9542,1.023
1780907401.2385097,0.0925,-0.01,-0.2136,19.9008,-13.9466,-19.3588,0.233
1780907401.3977995,0.115,-1.3728,0.7092,-43.9771,-9.3206,-14.8397,1.5495
1780907401.588207,0.4453,-1.2373,-0.249,-17.9695,-140.9313,-7.8626,1.3384
1780907401.7875865,0.3528,-0.3674,0.0625,116.7252,0.3511,-24.6794,0.5132
1780907401.98806,0.1899,0.0085,-0.3411,12.5573,3.5344,-1.9771,0.3905
1780907402.1870427,-0.4634,-2.0,0.8977,-59.4275,-3.8473,-19.4427,2.2407
1780907402.3890822,0.429,0.2769,-0.7617,61.4885,10.0229,0.0076,0.917
1780907402.5868921,-0.2036,0.3137,-0.0166,60.5344,81.1221,15.3282,0.3744
1780907402.7868743,-0.0771,-0.6033,-0.0271,-5.3817,-4.6107,30.3511,0.6088
1780907402.988084,0.386,-2.0,0.9751,25.6412,33.0458,11.0076,2.2583
1780907403.18684,-0.4023,-0.1934,-0.0125,-108.0229,-10.0153,13.3664,0.4466
1780907403.388431,-0.1213,-0.082,-0.2676,1.9237,44.0076,-13.3359,0.305
1780907403.5867379,-0.2288,-2.0,0.8157,1.626,-12.8244,-15.0763,2.172
1780907403.7870777,0.0059,0.2046,-0.3813,94.8626,38.0305,-20.0,0.4328
1780907403.9868793,0.2498,0.0884,-0.1926,70.7786,72.374,27.145,0.3276
1780907404.1865978,0.1267,-1.1326,0.2278,60.2824,-8.2366,47.7481,1.1622
1780907404.3872526,-0.1838,-1.2151,0.3291,-43.4504,-2.3359,7.0534,1.2722
0,0,0,0,0,0,0,0
0,0,0,0,0,0,0,0
0,0,0,0,0,0,0,0
1780907415.4929202,0.0356,-0.6545,0.2412,8.0534,-7.1374,20.145,0.6985
1780907415.697203,0.0112,-1.0676,0.375,-16.9008,-23.9924,18.916,1.1316
1780907415.892098,-0.0532,-0.5649,0.0818,-21.1679,-112.6412,7.2061,0.5733
1780907416.0925715,-2.0,-2.0,1.2031,-104.8397,76.9542,-18.7634,3.0737
1780907416.2919579,-0.2551,-0.5149,0.1006,-20.2519,-120.5115,53.1069,0.5834
1780907416.4920318,-0.1882,-0.9119,0.3987,8.9771,-113.0763,28.9542,1.0129
1780907416.691574,-0.1077,-0.9543,0.2534,-28.6412,-129.5649,52.916,0.9933
1780907416.8919966,-0.2004,-1.0386,0.2314,-30.9389,-84.0687,20.0992,1.0828
0,0,0,0,0,0,0,0
0,0,0,0,0,0,0,0
1780907420.1009061,-0.0005,-0.6321,0.2324,9.9466,-20.7939,0.5725,0.6735
1780907420.3012664,-0.1301,-0.6321,0.3711,8.9389,0.1679,-11.771,0.7444
1780907420.501554,0.1365,-1.731,0.4004,101.8321,94.8321,11.9771,1.7819
1780907420.700803,-0.1858,-0.8013,0.3347,-73.0611,-24.0153,-32.7099,0.888
1780907420.9009588,0.1389,-0.8328,0.2483,42.0687,29.4046,26.9847,0.88
1780907421.1014032,0.1257,-0.9138,0.4844,1.5725,1.084,15.7252,1.0419
1780907421.3009367,-0.2341,-1.0549,0.2593,72.1679,66.3893,-8.1756,1.1113
1780907421.5015676,-0.0527,-0.7705,0.3479,-32.6031,-25.5649,-26.1069,0.8471
1780907421.7006094,-0.0034,-0.927,0.3142,-3.9542,2.4885,-9.4809,0.9788
1780907421.900697,-0.0339,-1.2502,0.2798,12.5878,35.4046,-12.9008,1.2816
1780907422.1007419,0.0056,-0.8418,0.3108,8.2595,-11.0153,-4.6412,0.8974
1780907422.3011203,-0.0476,-0.8977,0.4031,-4.8855,-27.4198,15.5038,0.9852
1780907422.5012076,-0.0359,-1.1057,0.1389,40.4198,-25.4198,33.2519,1.115
1780907422.7005556,-0.1338,-0.8533,0.4209,-37.145,-50.1221,31.9542,0.9608
1780907422.9011333,-0.1086,-0.8899,0.3701,4.4198,-63.4809,18.5114,0.9699
1780907423.1013982,-0.1616,-0.7507,0.2004,12.0534,-52.4275,14.4275,0.7937
1780907423.3010032,0.104,-0.7964,0.2412,-8.6412,-125.1527,35.6641,0.8386
1780907423.5514975,0.0115,-0.9624,0.1589,-33.1603,-140.0611,75.0305,0.9755
1780907423.701408,-0.1006,-0.9839,0.3596,-20.313,-122.916,52.2672,1.0524
1780907423.9085078,-0.1262,-0.8608,0.304,-0.4351,-85.7557,40.916,0.9216
1780907424.1050532,-0.145,-0.8389,0.3723,1.5954,-61.7863,12.4733,0.9292
1780907424.3005393,-0.1719,-0.9241,0.437,4.229,-54.458,10.8931,1.0365
1780907424.5014641,0.0645,-0.7678,0.23,-11.8397,-30.2443,21.7786,0.8041
1780907424.7003026,0.0647,-0.8333,0.3335,-4.1908,-17.2748,18.4733,0.8998
1780907424.9016201,0.0281,-0.8662,0.3259,7.6336,1.626,9.5954,0.9259
0,0,0,0,0,0,0,0
0,0,0,0,0,0,0,0
1780907429.6993053,-0.0649,-0.6445,0.3147,6.3206,1.6947,1.1756,0.7202
1780907429.8985004,-0.0427,-0.8896,0.2104,-2.1298,-14.0916,10.1679,0.9152
1780907430.098267,-0.0007,-0.9397,0.2192,24.2366,27.4046,3.3893,0.9649
1780907430.2975376,-0.2461,-0.8533,0.3633,29.6794,6.2443,-0.0153,0.9595
1780907430.4976041,-0.0916,-0.8188,0.395,-6.7252,3.2748,-7.0534,0.9137
0,0,0,0,0,0,0,0
0,0,0,0,0,0,0,0
1780907433.940238,-0.0671,-0.7991,0.2764,-17.4504,-34.6107,-10.4427,0.8482
1780907434.1372237,0.1216,-0.865,0.313,18.6489,-18.9313,22.6947,0.9279
1780907434.336865,-0.147,-0.9077,0.345,-11.771,4.3893,-5.313,0.9821
1780907434.5368192,0.0002,-0.8999,0.3484,8.1908,29.1069,0.5725,0.965
1780907434.7369788,-0.0178,-0.9028,0.314,-13.6336,28.0534,-17.1221,0.956
1780907434.942464,-0.002,-0.9629,0.3926,-30.2748,36.3359,-33.0153,1.0398
1780907435.1384127,0.02,-0.9026,0.3088,14.1679,66.5802,-17.0992,0.9542
1780907435.337118,0.0364,-0.8726,0.3374,-7.229,44.7099,-16.771,0.9362
1780907435.538522,0.2085,-0.8892,0.4587,13.0229,54.5038,2.7863,1.022
1780907435.7387683,-0.1077,-1.0186,0.1841,10.2748,60.3893,-45.687,1.0406
1780907435.9369755,-0.0654,-0.7366,0.3254,-30.1603,3.3435,11.5496,0.8079
1780907436.1367104,-0.24,-0.7854,0.4351,10.8168,27.2977,-26.0611,0.9294
1780907436.3366792,-0.1836,-1.3157,0.5627,-7.5038,23.4351,-13.0992,1.4427
1780907436.5375917,-0.1321,-0.9185,0.3596,-58.8855,-32.7481,10.2595,0.9952
1780907436.7427702,-0.0757,-0.804,0.4133,-12.3969,-11.1756,17.5191,0.9071
1780907436.93752,-0.0146,-1.0649,0.3291,48.2519,-22.8321,28.7252,1.1147
1780907437.1374133,-0.2812,-0.8079,0.2527,-27.7634,-25.2443,0.7405,0.892
1780907437.3375955,-0.1536,-0.8201,0.3672,-22.4504,-9.5496,5.8855,0.9115
1780907437.53724,-0.1597,-1.0486,0.2397,7.1832,14.8931,3.8092,1.0874
0,0,0,0,0,0,0,0
0,0,0,0,0,0,0,0
1780907439.2704167,-0.1934,-0.8062,0.377,-26.9771,-106.3969,30.6489,0.9107
1780907439.4734354,-0.2646,-1.3169,0.3132,-3.7252,-86.5725,46.0763,1.3793
1780907439.6717627,-0.1616,-0.7786,0.3303,-49.2595,-83.9771,-10.0763,0.861
1780907439.8708549,0.0076,-0.856,0.3254,-14.6031,-29.9695,22.3664,0.9158
1780907440.0713792,-0.0586,-1.1318,0.6318,-29.9008,-50.6336,-15.3435,1.2976
1780907440.281438,-0.1731,-0.8542,0.1716,-12.9084,16.6183,-15.2214,0.8883
1780907440.4716556,-0.0891,-0.7053,0.2749,31.2595,44.9084,10.1527,0.7622
1780907440.671346,-0.1628,-0.9902,0.7388,-7.3206,27.1069,-12.687,1.2461
1780907440.8718326,0.0706,-0.8904,0.0742,-30.5573,8.0916,34.5038,0.8963
1780907441.07473,-0.0698,-0.6047,0.3486,2.8931,-24.7328,-6.6794,0.7015
1780907441.2717845,-0.0708,-0.9482,0.345,17.9466,23.9389,16.6947,1.0115
1780907441.4769685,-0.1819,-0.9258,-0.0059,106.8015,71.1985,-4.9237,0.9435
1780907441.671776,-0.1011,-0.6763,0.3022,-8.1374,-43.9237,-6.1908,0.7476
1780907441.8708525,-0.1365,-0.821,0.3323,14.5191,23.4122,-7.626,0.8962
1780907442.0718293,-0.0505,-1.2771,0.4709,5.8168,13.9008,-21.7252,1.3621
1780907442.2717366,-0.0583,-1.031,0.2434,-31.5191,-23.6031,-26.1908,1.061
0,0,0,0,0,0,0,0
0,0,0,0,0,0,0,0
1780907443.6745343,0.0303,-0.8816,0.1802,-8.5649,85.6107,-36.9618,0.9003
1780907443.8738456,0.1084,-0.823,0.1973,18.5802,82.1832,-12.8626,0.8532
1780907444.0728173,0.1289,-0.8374,0.4492,-20.1832,29.7481,13.5191,0.959
1780907444.2730196,-0.0415,-0.9326,-0.0771,43.7786,37.5267,-20.2519,0.9367
1780907444.4737666,-0.0623,-0.7556,0.2371,-1.0992,11.3893,3.9237,0.7944
1780907444.6734304,-0.127,-0.752,0.2747,9.7939,24.8473,-18.6565,0.8105
1780907444.873332,-0.2402,-1.0698,0.3291,38.542,9.0534,-11.9237,1.1448
1780907445.0737717,0.0686,-0.7502,0.3374,-47.458,-28.8397,-18.4809,0.8255
1780907445.2736099,0.03,-0.7678,0.3396,-5.6336,-14.8473,16.7328,0.8401
1780907445.47348,-0.2292,-0.9651,0.6885,-32.5954,-0.0687,0.2137,1.2075
1780907445.6733263,-0.4792,-0.7715,0.3005,91.2901,57.7481,-28.8702,0.9567
1780907445.8735735,0.0037,-0.7756,0.3867,-11.313,22.7557,-11.9084,0.8667
1780907446.073713,-0.094,-0.843,0.2791,5.8092,20.9466,-25.4733,0.893
1780907446.2734518,-0.4102,-1.0903,0.2568,14.2901,-21.2443,-23.4198,1.1929
1780907446.4801052,-0.1826,-0.7888,0.2866,-35.2595,-58.1374,3.8702,0.8589
1780907446.6802855,-0.1194,-0.8428,0.4109,-18.0992,-49.6718,22.6718,0.9452
1780907446.8731503,0.0203,-1.2729,0.1787,0.8779,-69.2214,13.2214,1.2856
0,0,0,0,0,0,0,0
0,0,0,0,0,0,0,0
1780907448.620258,-0.1765,-0.7319,0.323,-28.8015,-61.4046,6.5878,0.8193
1780907448.8182607,-0.071,-0.9065,0.1113,-16.4046,-51.3206,7.1298,0.9161
1780907449.0685163,-0.0366,-0.8462,0.1802,1.1145,-65.7939,-12.1221,0.8659
1780907449.2242463,-0.2222,-1.0874,0.6191,-39.2366,-14.1298,2.6565,1.2709
1780907449.4192433,-0.2485,-1.0276,0.0229,19.313,9.1679,3.3206,1.0575
1780907449.6194947,-0.2395,-0.4941,0.2793,-8.4733,-72.2595,-4.0153,0.6161
1780907449.8185618,-0.2478,-1.2205,0.7786,-59.6412,-81.2443,-40.2137,1.4687
1780907450.0254445,-0.125,-1.2046,0.0105,24.0153,-8.1221,50.6183,1.2111
1780907450.2188268,0.1641,-0.7983,0.1501,63.1679,-58.3206,-41.7023,0.8287
1780907450.418072,0.0542,-1.197,0.4089,-20.5114,-53.8931,3.5725,1.2661
1780907450.6181133,-0.4719,-0.9041,0.6482,55.2061,-33.8626,47.5344,1.2084
1780907450.8180108,-0.2561,-0.9314,0.2065,-2.0763,-28.7939,44.2061,0.9878
0,0,0,0,0,0,0,0
0,0,0,0,0,0,0,0
1780907454.6084137,-0.1594,-0.9143,0.1721,31.7557,94.9466,15.3359,0.9439
1780907454.8067894,-0.136,-1.1812,0.0208,0.8397,59.5115,11.2977,1.1891
1780907455.0076666,-0.3936,-1.2161,0.1792,35.542,39.9466,20.3206,1.2907
1780907455.2070312,-0.0833,-0.2026,-0.0386,-3.2214,1.1221,-5.855,0.2224
1780907455.407244,-0.1602,-1.3662,0.3477,-53.5115,16.0687,-23.374,1.4188
1780907455.6065078,-0.5034,-1.4329,-0.3418,32.5573,-8.1985,30.5573,1.5567
1780907455.8064704,-0.1855,-0.2976,0.2463,-70.4962,-61.374,-58.9237,0.4286
1780907456.0059931,-0.3984,-1.0854,0.3337,-43.9237,27.0534,-57.6336,1.2035
1780907456.2063434,-0.7004,-1.5469,0.0054,-2.6794,-55.4122,-2.0382,1.6981
1780907456.4063156,0.0935,-0.3545,0.0547,3.5115,-89.0229,-68.9084,0.3707
1780907456.6061842,-0.0959,-0.7896,0.6057,22.6947,-61.7786,47.1221,0.9997
1780907456.80688,-0.3669,-0.4509,0.2239,-7.5344,-37.0611,21.3511,0.623
1780907457.007967,-0.425,-0.8311,0.3413,-51.3664,49.8015,-23.2977,0.9939
1780907457.2074285,-0.2324,-0.9309,0.3582,33.4198,9.1756,21.542,1.0242
1780907457.4073536,-0.1086,-1.7485,0.6204,13.9695,-81.2595,64.5802,1.8585
1780907457.6071675,-0.2849,-1.1167,0.1777,-33.0382,-35.7099,29.916,1.1661
1780907457.807446,-0.3652,-0.8818,0.2078,1.1221,11.2595,-5.2672,0.9768
1780907458.0082564,-0.1299,-0.9744,0.4712,23.4351,27.8702,4.0763,1.0901
1780907458.2314482,-0.2925,-0.7036,0.1582,-47.8702,-33.1756,32.5725,0.7782
1780907458.4077535,-0.145,-0.6833,0.335,-20.9847,-166.2443,36.6641,0.7747
1780907458.6069527,-0.5327,-0.9661,0.0732,-1.9542,-128.5114,4.5038,1.1056
0,0,0,0,0,0,0,0
0,0,0,0,0,0,0,0
1780907462.9693046,0.4353,-0.7913,0.1345,-19.5038,-22.6031,34.8397,0.9131
1780907463.1685057,0.113,-0.7126,0.2488,-34.8855,0.6107,6.3435,0.7632
1780907463.3683822,0.4253,-1.6626,0.3892,42.7023,26.8015,9.8702,1.7597
1780907463.568302,0.6553,-1.6628,0.2205,21.0229,-64.3435,-45.0458,1.8008
1780907463.7713647,0.8999,-0.0962,0.4961,-47.5954,-43.1298,-5.5496,1.0321
1780907463.9688883,0.0139,0.0247,-0.0664,-51.855,-90.7863,-11.6718,0.0722
1780907464.168862,0.9741,-2.0,1.49,-105.2595,-93.2366,-7.6336,2.6775
1780907464.3741174,1.0935,-1.2644,0.2917,58.9542,38.0229,-23.0992,1.6969
1780907464.5689244,-0.2305,-0.2456,0.3882,-104.8015,-92.6794,-5.5878,0.5139
1780907464.7687168,-0.0715,-0.2847,0.2437,-16.458,-11.7252,-34.4122,0.3815
1780907464.97173,1.0452,-2.0,0.5017,28.8931,13.3511,0.7023,2.3117
1780907465.167983,0.7161,-0.9919,-0.1331,20.0534,38.9924,32.313,1.2306
1780907465.3688147,0.0947,-0.1421,0.1521,22.7786,51.0687,2.9542,0.2287
1780907465.568209,0.2317,-0.2427,0.0833,46.8321,17.3053,3.8702,0.3457
1780907465.7704039,1.1721,-2.0,1.0305,-14.5496,28.8702,-97.3206,2.5369
1780907465.976025,-0.0986,0.0916,-0.6377,-20.8779,-14.7176,68.0382,0.6517
1780907466.168641,-0.2966,-0.0522,-0.3335,-35.3893,8.0153,-19.7328,0.4494
1780907466.3690245,1.2136,-2.0,0.0889,45.8931,44.2137,12.2977,2.3411
1780907466.5684354,0.627,-0.8137,0.2881,-7.9466,18.8015,1.771,1.0669
1780907466.7700696,0.1555,-0.1294,-0.0076,20.8168,72.5496,2.4656,0.2024
1780907466.9694698,0.3591,-0.4661,0.178,37.1603,-8.6641,14.6947,0.6147
0,0,0,0,0,0,0,0
0,0,0,0,0,0,0,0
1780907472.4381232,-0.384,-0.8562,0.3108,8.3817,27.7252,2.8015,0.9885
1780907472.6385503,-0.2729,-0.8235,0.3201,-2.1527,-1.1756,-12.1679,0.9247
1780907472.8439877,-0.2673,-0.8435,0.4319,-1.313,17.5191,-19.7176,0.9846
1780907473.0369205,-0.2051,-1.0344,0.0967,11.4198,-61.542,-3.3359,1.059
1780907473.2377405,-0.009,-0.7698,0.229,4.6183,-58.2748,18.145,0.8032
1780907473.4887102,-0.1484,-1.0344,0.2939,-20.0763,-7.1832,23.6794,1.0856
1780907473.6359253,-0.0359,-1.2397,-0.1953,68.2672,23.8931,-3.9466,1.2555
1780907473.9154613,-0.3171,-0.6711,0.281,54.8015,47.7023,-5.542,0.7937
1780907474.036892,-0.1782,-1.0444,0.4963,-21.0992,49.1145,-12.0534,1.17
1780907474.2369628,-0.2568,-1.103,-0.1775,11.8855,-27.4504,17.916,1.1464
1780907474.4364665,-0.0911,-0.4924,0.1172,6.2595,-91.5573,4.9618,0.5143
1780907474.6365354,-0.1721,-1.2666,0.5159,-67.0916,-4.5802,30.5649,1.3784
1780907474.8365285,-0.1604,-0.9827,-0.1538,20.4656,-15.6336,-43.8397,1.0075
1780907475.036107,-0.1545,-0.6086,0.0618,51.3817,-20.7557,-10.1603,0.631
1780907475.2368875,-0.2148,-1.1768,0.5515,25.5191,86.2137,-13.916,1.3172
1780907475.4368432,0.0276,-1.1597,-0.0422,12.6718,-90.1374,29.1527,1.1608
1780907475.6367602,-0.1973,-0.8657,0.092,0.2366,-120.1985,29.4733,0.8927
0,0,0,0,0,0,0,0
0,0,0,0,0,0,0,0
1780907476.984214,-0.3391,-0.8062,0.2871,-3.1756,-81.7939,11.6718,0.9205
1780907477.1831264,-0.3367,-0.7212,0.3528,0.2901,-37.9771,-13.5954,0.8706
1780907477.382446,-0.085,-0.9893,-0.0996,67.5343,-96.0229,13.8015,0.9979
1780907477.5828006,-0.0791,-0.7512,0.2825,-51.0611,-60.3588,-12.8015,0.8065
1780907477.7819169,-0.3279,-0.9036,0.3281,-36.8092,20.771,-6.5496,1.0157
1780907477.982496,-0.0215,-1.2212,-0.1487,26.3053,-0.9924,19.3588,1.2304
1780907478.1830182,-0.1802,-0.9148,0.2644,18.313,-15.8321,1.9924,0.9691
1780907478.3857203,-0.2876,-0.7166,0.3096,-70.6336,-11.3206,8.2214,0.8319
1780907478.582148,0.1938,-1.1472,-0.5618,9.4275,27.8626,-13.3817,1.292
1780907478.7826486,-0.0432,-0.5181,0.0073,5.5115,-63.0992,-0.855,0.5199
1780907478.984941,-0.2214,-1.1248,0.3955,-39.7176,-33.9084,-12.5725,1.2127
1780907479.1827533,-0.4067,-0.918,-0.179,71.1603,48.1374,-9.8779,1.0199
1780907479.3825111,-0.0774,-0.4456,0.0869,79.9389,49.2824,12.8702,0.4605
1780907479.5824776,-0.3625,-0.9529,0.574,23.6794,50.7176,-36.4809,1.17
1780907479.7827616,0.0205,-1.375,0.1245,71.374,-18.2137,7.4885,1.3808
1780907479.9828095,-0.2366,-0.9114,0.4099,23.8244,-31.229,-10.9618,1.0269
0,0,0,0,0,0,0,0
0,0,0,0,0,0,0,0
1780907480.976466,-0.2134,-0.8982,0.3936,-14.9084,-2.8931,16.3359,1.0036
1780907481.1770191,-0.3989,-1.1179,0.0464,70.0534,-30.3053,1.8473,1.1879
1780907481.3783777,-0.231,-0.7876,0.2322,-51.6794,-47.2443,14.9313,0.853
1780907481.5768929,-0.2419,-0.7761,0.2664,3.5038,-11.8168,6.1756,0.8555
1780907481.7769313,-0.446,-0.7693,0.7161,-11.5115,-27.6412,-25.0534,1.1417
1780907481.978756,-0.176,-0.907,0.126,-73.6641,-48.2977,4.0153,0.9325
1780907482.1770132,-0.1238,-0.7698,0.2825,-0.9542,-34.6565,11.9924,0.8293
1780907482.3792267,-0.2388,-1.0039,0.4585,-31.771,-10.8092,17.8779,1.1292
1780907482.5760405,-0.1982,-0.9702,0.0354,77.8321,34.0458,30.1985,0.9909
1780907482.776181,-0.1746,-0.7642,0.1482,16.0305,15.2901,-5.9847,0.7977
1780907482.977311,-0.3372,-0.8748,0.1609,15.8092,38.0763,-35.2901,0.9512
1780907483.178955,-0.2549,-1.2007,0.1335,40.7252,75.4427,-50.3664,1.2347
1780907483.3767807,-0.1909,-1.0269,0.0688,-73.3206,58.2519,-30.9847,1.0467
1780907483.5761938,-0.1816,-0.8523,0.1978,-2.4427,-16.4198,-3.0229,0.8936
1780907483.7770526,-0.1497,-0.9673,0.3267,-32.8092,-64.5343,27.4275,1.0319
1780907483.9767923,-0.1196,-0.9021,0.2327,-36.229,-47.8244,-0.9313,0.9393
1780907484.1757472,-0.4783,-0.8047,-0.1584,-8.542,12.458,-29.9466,0.9494
1780907484.378862,-0.3013,-0.9263,0.0994,16.5725,-92.916,22.0763,0.9791
0,0,0,0,0,0,0,0
0,0,0,0,0,0,0,0
1780907490.6847878,-0.2153,-0.9075,0.3254,0.7557,14.5878,-5.9084,0.9878
1780907490.9348853,-0.2461,-0.8386,0.3611,4.9618,5.1908,0.3435,0.9456
1780907491.0841897,-0.2568,-0.8057,0.3904,23.626,30.9313,-4.9847,0.9314
1780907491.2849863,-0.3474,-0.7671,0.3962,21.2519,38.7099,-12.3511,0.9307
1780907491.4861758,-0.3618,-0.7,0.4075,0.8855,10.8855,-17.8397,0.8871
1780907491.6842837,-0.6304,-1.3169,0.3367,-0.2366,-18.6718,-37.542,1.4983
1780907491.8850715,-0.1426,-0.8103,0.1646,-25.916,-86.9084,15.7863,0.839
1780907492.0847368,-0.0991,-0.7842,0.2732,7.9313,-42.0153,17.9237,0.8363
1780907492.2842093,-0.1282,-0.7905,0.3401,3.771,5.9466,7.542,0.8701
1780907492.5347068,-0.2551,-1.3967,0.3293,-34.9618,-37.1603,2.2595,1.4575
1780907492.6847317,-0.0481,-0.8264,0.1448,23.4733,23.2901,-13.313,0.8404
1780907492.884221,-0.2971,-0.7068,0.2507,-1.0534,36.9313,-30.1832,0.8067
1780907493.084384,-0.4263,-0.915,0.6677,21.6107,53.542,12.7863,1.2103
1780907493.2974513,-0.0598,-0.957,0.24,-20.2519,-88.2672,47.6031,0.9885
1780907493.4835641,-0.1016,-0.6282,0.3291,-53.5038,64.2595,8.145,0.7164
1780907493.6839051,-0.2329,-1.0669,0.3767,11.6641,9.3969,5.6183,1.1552
1780907493.8838937,-0.4133,-0.8401,0.1218,65.0687,-4.1832,-26.3053,0.9442
1780907494.0839107,-0.3389,-0.7148,0.3218,55.5954,46.8397,2.8779,0.854
1780907494.2839708,-0.3252,-0.8718,0.4133,-4.855,27.4886,-30.0458,1.0182
0,0,0,0,0,0,0,0
0,0,0,0,0,0,0,0
1780907497.0389035,-0.1033,-1.0442,0.0635,-10.6183,-53.0534,1.8321,1.0512
1780907497.2380068,-0.2573,-0.6689,0.0193,-3.3053,-23.4504,6.7328,0.717
1780907497.4376411,-0.1177,-0.5042,0.0085,21.5878,-23.7557,-17.6183,0.5178
1780907497.6377206,-0.0649,-1.1113,0.3157,7.7786,48.2748,1.5267,1.1571
1780907497.839184,-0.8499,-1.7383,0.4932,-5.1069,-33.1679,64.6336,1.9968
1780907498.0388236,0.2527,-0.3596,-1.1108,-91.2901,-21.9237,1.8092,1.1946
1780907498.2401302,0.0596,-0.5862,0.0703,83.3282,-79.9008,72.0382,0.5934
1780907498.4381173,-0.7336,-1.3738,1.0894,-91.6565,-7.1985,-56.8321,1.9006
1780907498.6406069,-0.1018,-0.4116,-0.6655,155.687,-161.0687,-3.7252,0.7891
1780907498.8388894,-0.2439,-0.127,0.3269,-44.3435,48.3588,-16.084,0.4272
1780907499.0377576,-0.6172,-2.0,0.5613,37.5344,10.2519,-100.4962,2.167
1780907499.237209,-0.7429,-1.7158,0.9805,25.1908,63.2824,-42.2214,2.1112
1780907499.43776,0.1902,-0.0493,-0.5449,-28.1527,12.4885,6.2672,0.5793
1780907499.637968,-0.418,-1.1931,0.1077,150.084,-122.3893,98.8244,1.2688
1780907499.837418,-0.8379,-1.0686,1.0093,-113.0687,22.2061,-28.9084,1.6919
1780907500.0380032,0.2976,0.0581,-0.4521,41.5573,-52.6107,38.4351,0.5444
1780907500.2373407,-0.355,-0.1304,0.269,39.084,28.0305,-25.4809,0.4641
1780907500.4377058,-0.9883,-1.5056,1.0667,-87.2672,5.7176,-36.9618,2.0932
1780907500.637979,0.2429,-0.345,-0.4778,111.8168,-58.6565,-8.2061,0.6374
1780907500.8376708,-0.2842,0.3665,0.5579,37.4504,-9.6641,-8.374,0.7254
1780907501.0381284,0.1514,-0.6636,0.6602,-47.7252,116.0992,-59.313,0.9482
1780907501.2403984,-0.1523,-0.6592,0.3555,11.5496,35.2443,2.0382,0.7643
0,0,0,0,0,0,0,0
0,0,0,0,0,0,0,0
1780907505.717043,-0.4094,-0.8914,0.4551,23.1908,22.1756,1.8015,1.0813
1780907505.9163117,-0.3765,-0.8525,0.4019,-11.0687,44.5191,4.5267,1.0149
1780907506.1167557,-0.3499,-0.7336,0.3545,-18.7176,-18.9847,-9.0687,0.8867
1780907506.3163624,-0.417,-0.8899,0.3113,-22.855,-32.8015,5.9466,1.0309
1780907506.5171578,-0.0786,-0.865,0.2981,-33.8702,9.5496,-1.8473,0.9183
1780907506.7171385,-0.3203,-0.7144,0.386,-9.6565,23.5649,-17.1603,0.8729
1780907506.9162903,-0.3569,-1.0608,0.5779,-46.8702,-27.6412,-7.2595,1.2596
1780907507.1167011,-0.2251,-0.8511,-0.0945,82.771,60.4656,-1.8168,0.8854
1780907507.3168964,-0.1929,-0.6489,0.2373,20.916,8.2748,9.4733,0.7174
1780907507.5172749,-0.269,-0.8315,0.4858,-15.2901,1.1908,-24.3053,0.9999
1780907507.7169418,-0.3938,-1.0696,0.0151,-23.3206,-30.0382,-11.7557,1.1399
1780907507.9164164,-0.3384,-0.4417,0.2974,-50.6336,8.4275,-13.2137,0.6309
1780907508.1170142,-0.1741,-0.8987,0.3406,-4.0,-18.1679,16.9313,0.9767
1780907508.3165503,-0.2261,-1.519,-0.0776,-31.2901,-67.4046,23.8397,1.5377
1780907508.5162747,-0.1052,-0.614,0.2156,26.9237,23.2595,-2.6718,0.6592
1780907508.7171576,-0.2739,-0.75,0.2544,-7.6183,20.2366,-26.313,0.838
1780907508.9169602,-0.519,-1.0657,0.4514,38.1756,12.3359,-10.3664,1.2684
1780907509.1172411,-0.146,-0.8777,0.1565,-101.9084,-64.9237,15.2443,0.9034
1780907509.3163013,-0.144,-0.8972,0.0991,0.2748,-97.3664,54.2443,0.9141
0,0,0,0,0,0,0,0
0,0,0,0,0,0,0,0
1780907510.5800881,-0.3516,-0.7295,0.1577,-25.5649,-98.374,-7.5878,0.825
1780907510.7812092,-0.3457,-0.8191,0.7227,-69.374,-27.6412,2.0076,1.1457
1780907510.9812436,-0.0503,-1.3721,0.2356,-49.3664,-112.458,66.7405,1.3931
1780907511.1805232,-0.1899,-0.6924,0.1143,-8.4351,-145.855,59.5267,0.727
1780907511.3807404,0.0442,-0.7686,0.325,-50.084,-3.0687,11.7405,0.8356
1780907511.5804858,-0.1519,-1.3252,-0.1523,23.6183,-74.374,33.6718,1.3425
1780907511.7806516,-0.1101,-0.6958,0.302,-25.9237,44.313,5.0305,0.7665
1780907511.9810836,-0.2778,-0.7141,0.2102,-27.2748,0.4351,-36.6183,0.7946
1780907512.1820369,-0.5784,-1.4556,0.2,35.6794,-8.7176,-7.8397,1.579
1780907512.381627,-0.0752,-0.5713,0.0803,-10.5115,20.0611,19.1908,0.5818
1780907512.5844562,-0.0791,-1.0891,0.3296,-25.0611,-54.1374,19.4427,1.1406
1780907512.7804048,-0.2104,-1.5586,0.1396,32.7023,-18.0992,12.0458,1.5789
1780907512.9811554,-0.0759,-0.8481,0.1943,-7.9695,55.6489,14.0763,0.8734
1780907513.1804354,-0.1426,-0.8596,0.1846,13.9695,100.0458,-53.3206,0.8907
1780907513.3808548,-0.2168,-0.7793,0.4465,7.6794,47.4351,-37.4351,0.924
0,0,0,0,0,0,0,0
0,0,0,0,0,0,0,0
1780907517.551465,-0.1619,-0.9133,0.2351,18.8626,-12.9924,4.9237,0.9569
1780907517.751377,-0.2493,-1.0159,0.1404,-6.0992,-5.0611,-4.8092,1.0554
1780907517.950603,-0.1929,-0.8481,0.1316,-14.1527,12.1221,-6.7481,0.8797
1780907518.150393,-0.1885,-0.9578,0.041,-1.0153,-17.7405,7.8092,0.977
1780907518.3512065,-0.1184,-0.4653,0.0579,24.0305,-20.2519,3.4351,0.4836
1780907518.5504637,-0.0317,-1.7939,0.8713,186.6488,-77.8397,34.5802,1.9946
1780907518.7513454,0.4314,0.4727,1.075,146.9313,-3.5649,46.687,1.251
1780907518.9516275,-0.3274,-0.3118,0.325,69.771,86.5115,-110.9237,0.5568
1780907519.1507573,-0.0361,-0.1418,1.1411,6.1145,-25.2214,22.4962,1.1505
1780907519.3509305,-0.3704,-0.6035,0.4639,-65.0916,21.0611,3.3511,0.8465
1780907519.55173,-0.4976,-1.0239,0.3892,-138.3053,-1.5573,-23.1374,1.2031
1780907519.7550864,-0.2771,-1.0015,0.1475,7.4733,-33.4351,-9.7481,1.0495
1780907519.951128,-0.1399,-0.8342,0.1133,-1.9237,13.313,30.4275,0.8534
1780907520.1514218,-0.1191,-0.9014,0.1042,-26.0153,-13.2672,-8.9618,0.9152
1780907520.351025,-0.2148,-0.9207,0.1414,21.1832,-40.0763,17.6489,0.9559
0,0,0,0,0,0,0,0
0,0,0,0,0,0,0,0
1780907522.4624023,-0.3042,-0.9319,0.0762,-3.5344,2.6107,-14.2137,0.9832
1780907522.6616538,-0.2815,-0.8276,0.0354,-16.5267,-29.0305,0.5649,0.8749
1780907522.8622482,-0.1846,-0.845,0.0713,-7.9771,18.2977,-3.7557,0.8678
1780907523.0623643,-0.3132,-0.8174,0.1318,109.5802,-29.8244,15.0076,0.8852
1780907523.2621102,-0.7273,-1.4587,1.9443,-43.771,34.771,-66.1145,2.5372
1780907523.4615867,-0.2834,-0.2815,0.7646,-143.6947,46.9389,-47.7939,0.8627
1780907523.6621957,-0.4453,-0.6509,0.3787,3.3359,-45.5496,-0.2137,0.8748
1780907523.8618474,-0.3823,-0.6184,0.7271,12.542,19.2977,16.2672,1.0282
1780907524.0618343,-0.427,-0.6365,0.5835,-24.1298,15.8015,0.6794,0.9633
1780907524.2632291,-0.4109,-0.6646,0.502,-38.7634,13.3893,7.5115,0.9287
1780907524.4655523,-0.4819,-0.7869,0.3987,-70.145,35.4122,-24.3817,1.0052
1780907524.6623027,-0.2849,-0.8928,-0.1558,-33.4122,13.0992,-21.2672,0.95
1780907524.8638866,-0.3625,-0.9497,-0.1047,-7.9084,-11.229,-9.0382,1.0219
1780907525.0618286,-0.3091,-0.9526,-0.0596,18.6489,-35.9542,6.7481,1.0033
1780907525.2628617,-0.3032,-0.9639,0.0034,15.9313,-8.2137,-10.5725,1.0104
1780907525.461726,-0.3022,-0.845,0.0867,37.5573,-14.1527,3.8168,0.9016
1780907525.6623697,-0.3452,-0.8157,0.1575,31.5878,-10.5878,8.0458,0.8996
0,0,0,0,0,0,0,0
0,0,0,0,0,0,0,0
1780907527.705638,-0.3203,-0.9001,0.0015,-17.5954,21.9847,-2.6183,0.9554
1780907527.9046276,-0.3013,-0.7712,-0.0703,-12.6718,-24.4046,-1.229,0.831
1780907528.1051497,-0.3606,-1.0044,0.2029,39.9618,-22.9924,-34.0687,1.0863
1780907528.3051534,-0.5757,-0.6995,1.219,223.1374,23.9466,26.7557,1.5188
1780907528.5052419,-0.1304,-0.0181,1.0889,14.9389,145.3512,-67.9008,1.0968
1780907528.7049503,-0.5076,-0.5649,0.4619,-19.1221,-44.6489,10.7176,0.8889
1780907528.905787,-0.4551,-0.6174,0.6653,2.4962,29.542,-5.6183,1.0153
1780907529.1051965,-0.3123,-0.5801,0.5959,-7.9389,-8.8626,10.4962,0.8883
1780907529.3045278,-0.4023,-0.6018,0.6111,-12.6336,10.1145,-3.6489,0.9474
1780907529.5052307,-0.4182,-0.5874,0.5889,-59.1985,4.5878,-18.2748,0.931
1780907529.7051635,-0.4397,-0.896,0.2705,-74.2061,41.3588,0.229,1.0341
1780907529.9051626,-0.3516,-1.3391,0.0305,-57.5496,9.8244,-48.4351,1.3848
1780907530.1053226,-0.2786,-0.8115,-0.0083,42.0153,-15.916,24.3435,0.858
1780907530.307471,-0.2766,-0.7603,0.0937,21.7634,-28.3435,13.8168,0.8144
1780907530.5074918,-0.3335,-0.7874,0.158,12.4046,4.0,3.8626,0.8695
1780907530.7074792,-0.333,-0.8589,0.199,4.1069,-4.1145,-0.4198,0.9424
0,0,0,0,0,0,0,0
0,0,0,0,0,0,0,0
1780907555.7952507,0.283,-0.9309,0.25,-22.687,50.4809,-30.8702,1.0046
1780907555.9928443,0.3928,-0.8428,0.3486,-32.0229,36.8321,-8.145,0.993
1780907556.1928473,0.2998,-0.8706,0.436,-43.5802,-26.3511,-6.0153,1.0188
1780907556.3931112,0.481,-0.9258,0.1753,-6.8779,39.458,-11.9237,1.0579
1780907556.593955,0.0981,-0.8931,0.1599,-32.145,67.7405,-7.6489,0.9126
1780907556.7963433,0.3708,-0.9695,0.2607,-1.5954,93.6641,12.4275,1.0702
1780907557.0455925,0.1548,-1.0471,0.4297,15.1832,52.0153,-7.8092,1.1424
1780907557.2518415,0.4062,-0.8125,0.002,29.4733,-22.4351,54.7252,0.9084
1780907557.3938894,0.1201,-0.7056,0.3899,-8.4198,-53.1527,-2.0229,0.815
1780907557.5938072,0.2236,-1.239,0.4436,-1.0,-28.1985,17.3359,1.3349
1780907557.7931993,-0.1353,-0.8835,0.0747,16.1603,56.3511,-37.5954,0.897
1780907557.9934714,0.1328,-0.8047,0.2656,-13.4733,11.3664,-7.4046,0.8577
1780907558.1951787,0.2231,-1.2678,0.5227,-20.855,49.1679,16.0229,1.3894
1780907558.39443,0.2534,-0.8977,0.0547,-25.458,-20.9695,11.5496,0.9344
1780907558.594027,0.3103,-0.7148,0.1655,4.4809,-35.7939,23.229,0.7967
1780907558.7929688,0.3123,-1.2527,0.3625,34.3969,-21.5878,7.5496,1.341
1780907558.9933476,0.1809,-0.8179,0.1331,-71.855,-3.4656,-10.8626,0.8481
1780907559.2088406,-0.0442,-0.8474,0.1782,-15.5115,10.8015,-12.8931,0.8671
1780907559.3935885,0.0728,-1.2808,0.1958,25.0687,33.0687,-9.3053,1.2977
1780907559.5931458,0.2373,-0.8105,0.0591,-40.2672,-47.2519,-21.2366,0.8466
1780907559.793453,0.2051,-0.7898,0.2175,-5.8473,-28.7176,9.1069,0.8445
1780907559.9936006,0.3508,-1.1375,0.2834,20.2672,-29.3893,10.4427,1.2236
1780907560.1939821,0.0254,-0.8191,0.1223,-19.6031,10.458,-29.2748,0.8286
1780907560.393599,0.0549,-0.9233,0.1917,6.7099,36.916,-15.771,0.9446
1780907560.5932355,0.092,-1.0405,0.3845,-15.6107,17.626,-14.313,1.1131
0,0,0,0,0,0,0,0
0,0,0,0,0,0,0,0
1780907568.0577579,-0.105,-1.0139,0.4363,-8.8855,15.7634,-0.9466,1.1088
1780907568.2612364,0.2998,-0.853,-0.0222,18.5114,-18.8168,22.5573,0.9045
1780907568.473834,0.0596,-0.8484,0.3035,12.6489,-48.8702,-5.8779,0.903
1780907568.6574762,0.2913,-0.9841,0.2644,-0.4351,-1.1221,7.5878,1.0598
1780907568.8579943,0.345,-0.9705,-0.2771,50.5344,67.8092,38.4275,1.0666
1780907569.057978,0.0833,-0.8367,0.1855,6.8779,75.2672,6.6183,0.861
1780907569.2584639,0.1006,-0.9031,0.2017,-2.084,7.313,-2.5573,0.9308
1780907569.4581633,0.2512,-1.1372,-0.3069,33.7557,-5.687,23.1069,1.2044
1780907569.6583066,0.0828,-0.6829,0.1917,-10.542,-22.4962,-10.0534,0.7141
1780907569.8571167,0.2371,-1.1436,0.3735,-2.0458,12.0763,8.5267,1.2261
1780907570.0579064,-0.186,-0.9375,-0.054,56.6183,54.7176,19.3817,0.9573
1780907570.2582648,-0.0056,-0.6748,0.1589,34.7328,51.9313,7.7786,0.6933
1780907570.4583094,0.0911,-1.0469,0.4028,-7.1603,16.8473,-17.145,1.1254
1780907570.6584108,0.1521,-0.9397,0.0742,54.7939,-53.1679,38.1145,0.9548
1780907570.8581107,0.1807,-0.6443,0.2209,-56.687,-17.8702,-12.2366,0.7047
1780907571.0585594,0.2683,-1.0518,0.2935,-4.4962,-25.5878,8.1298,1.1244
1780907571.2611585,-0.0657,-0.8813,0.0122,39.6565,94.2137,7.5802,0.8839
1780907571.458045,0.1196,-0.801,0.2339,26.0763,30.6947,6.9466,0.843
1780907571.6580906,0.1677,-1.1238,0.3733,-6.9389,6.3282,-11.1908,1.196
1780907571.8583226,0.3037,-0.7878,-0.0383,43.4733,-17.0916,25.7863,0.8452
1780907572.0619583,0.1104,-0.9568,0.3491,-20.6947,-60.0611,2.2061,1.0245
1780907572.2580938,0.2644,-0.9719,0.2034,1.6183,-26.1374,17.9389,1.0276
0,0,0,0,0,0,0,0
0,0,0,0,0,0,0,0
1780907576.2787676,0.0659,-0.9143,0.1956,21.2214,34.4198,16.8779,0.9373
1780907576.4755347,0.0039,-0.8647,0.2083,1.313,19.1603,-8.0534,0.8895
1780907576.6765482,-0.0676,-1.0488,0.4226,-5.3282,13.0687,-8.771,1.1328
1780907576.8761141,0.2979,-0.8428,0.1016,-51.4122,-64.229,-23.2366,0.8996
1780907577.0766325,0.2737,-0.6951,0.1016,-10.1069,-38.4656,20.9237,0.7539
1780907577.2760227,0.3052,-1.3235,0.259,41.6565,-51.0611,-10.9924,1.3827
1780907577.475926,0.2949,-1.043,0.2922,-26.6183,49.2748,8.8244,1.1226
1780907577.678431,0.0093,-0.8164,0.1897,-18.145,13.7023,-5.2672,0.8382
1780907577.8764539,0.1223,-1.2937,0.4021,0.5191,54.5496,25.0458,1.3603
1780907578.076517,0.3325,-0.9097,0.1699,-15.9008,-69.7252,10.5878,0.9833
1780907578.2767303,0.2649,-0.7542,0.0806,19.1603,-38.2901,-7.7328,0.8034
1780907578.475606,0.1963,-1.1829,0.3535,16.2366,-23.4809,5.4809,1.2501
1780907578.6818204,-0.1748,-1.0017,-0.1531,15.9847,92.145,13.6107,1.0283
1780907578.879005,0.126,-0.8042,0.1514,16.7557,63.2061,-13.4809,0.828
1780907579.075239,0.2195,-1.0618,0.3123,6.5954,31.6641,4.0534,1.1283
1780907579.2758434,0.0903,-0.918,0.1333,38.4122,-48.2366,32.4198,0.932
1780907579.4746153,0.1538,-0.7896,0.1672,13.2977,-62.7328,-6.6489,0.8216
1780907579.6771264,0.1348,-1.1399,0.2195,6.7863,-11.9466,9.1908,1.1686
1780907579.883719,-0.0181,-0.8035,-0.1335,82.2443,60.5649,53.5191,0.8147
1780907580.0907974,0.0178,-0.9529,0.3416,25.7099,93.3969,6.5649,1.0124
1780907580.2765942,0.0405,-0.9778,0.2122,-2.0382,24.7176,-18.8168,1.0014
1780907580.4792714,0.1655,-1.343,-0.2136,9.1221,5.687,20.1985,1.3699
1780907580.6785393,-0.0435,-0.8455,0.0994,-49.0763,-58.8321,-22.0611,0.8524
1780907580.8755727,0.043,-0.9048,0.1323,-17.0153,-72.2366,13.7863,0.9154
1780907581.0771663,0.1277,-1.1516,0.259,-22.3588,-159.3969,5.0153,1.1873
1780907581.2759838,-0.2866,-0.8647,-0.0669,2.4427,-96.6336,-7.3664,0.9135
0,0,0,0,0,0,0,0
0,0,0,0,0,0,0,0
1780907582.2348387,-0.0654,-1.0396,0.2795,-6.084,-81.0763,6.9542,1.0785
1780907582.434149,0.2166,-0.8289,-0.0308,28.1908,-137.4657,50.9924,0.8572
1780907582.6344576,-0.1321,-1.1628,0.4077,10.2061,-100.1145,19.7099,1.2393
1780907582.8340402,0.2666,-1.0762,0.2527,-11.0916,-48.1298,25.3893,1.1371
1780907583.0383434,-0.002,-0.8167,-0.2068,60.7557,43.5725,7.9618,0.8424
1780907583.2374034,0.0229,-0.9053,0.259,19.1069,34.2519,17.8473,0.9419
1780907583.43381,0.1204,-1.0056,0.1226,10.0687,-20.0076,0.7634,1.0202
1780907583.6461556,0.0559,-0.9668,-0.1672,12.6183,0.4504,10.1756,0.9827
1780907583.8351488,-0.0134,-0.7812,0.198,-16.2443,-10.1069,-5.6794,0.8061
1780907584.034079,0.1641,-1.0491,0.2224,-14.6489,-3.9237,8.2977,1.0849
1780907584.2348285,0.4788,-1.0278,-0.3032,51.7405,11.6183,59.2748,1.1737
1780907584.434628,0.0305,-0.8735,0.1052,-4.1603,73.9084,5.1374,0.8804
1780907584.6335816,0.0076,-0.925,0.1882,2.8015,5.2672,-1.4962,0.944
1780907584.83447,0.207,-1.3401,-0.1406,10.6947,3.8626,-9.5191,1.3633
1780907585.0348392,0.2622,-0.698,0.0723,-56.6412,-35.7786,-22.7023,0.7491
1780907585.234575,0.1902,-0.9404,0.1953,-2.8779,-13.1527,12.2748,0.9791
1780907585.433575,0.5444,-1.1697,-0.3926,41.5725,60.8626,30.8244,1.3486
1780907585.634689,0.0732,-0.6584,0.1074,-41.4351,11.2366,-18.0229,0.6712
1780907585.8344567,0.0254,-0.9653,0.1333,5.7252,-4.8855,-7.6031,0.9748
1780907586.034417,0.1301,-1.3286,-0.1079,16.2748,29.1679,-17.4046,1.3393
1780907586.2337708,0.2493,-0.7898,0.0481,-25.3053,-12.4198,-20.5267,0.8296
1780907586.4336195,0.1614,-0.9194,0.2559,-1.5954,-35.1145,11.3435,0.9679
1780907586.6354675,0.2598,-1.3079,0.2539,24.4504,-43.9847,2.4275,1.3574
0,0,0,0,0,0,0,0
0,0,0,0,0,0,0,0
1780907589.8687582,-0.0925,-0.9487,0.1746,26.626,11.5725,26.7328,0.9691
1780907590.0680816,-0.1685,-1.3508,0.5469,21.0305,-4.5725,-8.9771,1.467
1780907590.2678604,-0.428,-1.6299,-0.1555,-128.1756,-132.4198,19.8244,1.6923
1780907590.467563,-0.3608,-2.0,0.9072,8.7099,26.5267,12.8397,2.2256
1780907590.6671238,-0.2556,0.178,-0.1636,4.6641,-73.2901,16.0458,0.3518
1780907590.8676639,0.0889,-1.8694,0.5508,9.9618,-17.2366,3.3435,1.9509
1780907591.067779,0.106,0.1257,-0.3093,105.9847,8.4427,14.6794,0.3503
1780907591.2672038,0.0967,-1.6648,0.1404,85.2824,42.9237,-33.3206,1.6735
1780907591.4670885,-0.0796,-1.0857,0.2952,-6.4122,16.9466,-12.6336,1.1279
1780907591.666911,-0.1289,-0.2839,-0.2361,-46.2366,-52.0076,13.771,0.3911
1780907591.870191,-0.1589,-1.999,0.4229,-66.7176,-9.4351,14.2061,2.0494
1780907592.067308,0.3223,0.1172,-0.2563,76.8244,132.0763,-28.374,0.4281
1780907592.268537,-0.3684,-2.0,0.0967,-50.7786,17.4962,-1.7099,2.0359
1780907592.5176733,0.1672,-1.0474,0.2605,10.3435,-101.3282,14.687,1.0922
1780907592.669309,-0.1082,-0.094,-0.1865,-23.3053,-158.8931,49.1298,0.2352
1780907592.8680117,-0.1497,-1.3389,-0.4492,-30.5344,62.0229,41.2824,1.4201
1780907593.0694606,-0.1951,-1.0151,-0.0591,-56.4427,-79.2977,-0.1374,1.0354
1780907593.2688816,-0.448,-1.0378,0.2026,59.2519,-123.1298,3.3664,1.1484
1780907593.4687927,-0.1753,-0.0029,-0.1743,56.4198,-123.4962,33.374,0.2472
1780907593.668562,0.106,-2.0,0.0493,-232.2977,-250.1374,48.2137,2.0034
1780907593.8677585,-0.1821,-1.7107,0.387,54.687,-110.1679,6.3359,1.7633
1780907594.0685651,0.2046,0.1833,-0.1482,-72.3435,-112.5802,20.6336,0.3121
1780907594.269945,-1.0845,-2.0,0.3193,-104.0076,-101.1756,35.6489,2.2974
1780907594.4769464,-0.1646,-0.6406,-0.0007,-21.7328,29.9847,-26.5267,0.6614
0,0,0,0,0,0,0,0
0,0,0,0,0,0,0,0
1780907595.2016268,-0.26,-0.822,0.7788,-28.7939,19.3664,-27.2901,1.1618
1780907595.394897,0.1189,-0.7227,0.2388,-114.7023,40.458,8.3359,0.7703
1780907595.5971725,0.1172,-0.7524,0.0579,27.7863,42.145,1.2672,0.7637
1780907595.798665,0.0125,-1.2004,0.4126,31.9542,-28.1756,24.9771,1.2694
1780907595.9967127,-0.2358,-1.0813,-0.0664,52.3359,54.9771,-19.8015,1.1087
1780907596.196654,-0.0891,-0.7187,0.0737,16.0382,32.6031,-8.6183,0.728
1780907596.3963242,-0.0308,-1.2085,0.5085,14.5878,26.0229,-28.9924,1.3115
1780907596.5969994,0.0444,-0.8367,0.2209,34.4733,-7.3817,50.1527,0.8665
1780907596.7954526,-0.1775,-0.8103,0.2832,-15.145,-91.3588,-25.7328,0.8765
1780907596.9965334,-0.0435,-1.2737,0.5857,-7.8321,-110.1298,20.2366,1.4026
1780907597.195154,-0.3586,-0.7412,-0.0405,7.3969,90.4122,-10.1603,0.8244
1780907597.3953931,-0.2644,-0.9678,0.1826,2.2443,46.4504,-20.7176,1.0197
1780907597.5956335,-0.2029,-0.9915,0.2988,6.8397,4.4427,-18.4351,1.0552
1780907597.7958329,-0.3003,-1.0527,-0.3364,44.7863,-50.5878,-9.6183,1.1453
1780907597.995812,-0.334,-1.043,-0.0437,-26.3893,-238.8702,37.0458,1.096
1780907598.2038262,0.1001,-0.9167,0.1008,-66.6336,-161.8015,44.8702,0.9277
1780907598.4476812,-0.4968,-1.2341,-0.0122,90.2824,-119.6565,49.7176,1.3304
1780907598.5980005,-0.1372,-0.7424,0.3638,-182.9847,-120.9695,-19.9237,0.8381
1780907598.795721,-0.2378,-0.8904,0.1868,3.9466,-59.084,-26.7176,0.9403
1780907598.9971628,-0.3286,-1.4651,0.0908,59.7176,20.8855,13.626,1.5042
1780907599.1958287,0.0166,-0.7756,0.0073,-61.3282,-124.687,0.4885,0.7758
1780907599.3960361,0.1006,-0.9688,-0.0217,-21.8779,-169.6794,52.0153,0.9742
1780907599.596745,-0.0571,-0.9133,0.2246,18.1527,-91.7176,15.9924,0.9423
0,0,0,0,0,0,0,0
0,0,0,0,0,0,0,0
1780907600.2538965,-0.1516,-0.8955,0.2439,-26.7176,5.313,-14.0687,0.9404
1780907600.453291,-0.075,-1.0698,0.4465,-10.2443,34.8855,11.7023,1.1617
1780907600.6532385,0.136,-0.77,0.0647,-30.8779,-75.1756,18.8244,0.7846
1780907600.8566666,0.0029,-0.7058,0.1997,24.313,28.0916,-17.2366,0.7335
1780907601.0613592,0.4304,-1.3203,-0.252,56.0305,-45.5496,18.458,1.4114
1780907601.2538726,0.0789,-0.729,0.0129,-130.1527,-21.5344,-1.1679,0.7334
1780907601.4557424,-0.0024,-1.135,0.2595,-32.4809,13.8931,-6.8702,1.1643
1780907601.6536267,0.2319,-0.7166,-0.1331,27.5114,-17.0458,20.8626,0.7648
1780907601.8530269,-0.001,-0.7029,0.0188,12.5496,23.6718,-7.6336,0.7031
1780907602.0536287,0.2681,-1.2539,-0.3359,87.6794,6.771,13.5267,1.3255
1780907602.253098,-0.1162,-0.6411,0.2771,-96.1069,-36.1908,-31.0458,0.708
1780907602.4536533,-0.0669,-1.1638,0.2537,-5.0153,7.3053,-3.3359,1.193
1780907602.653179,0.4082,-0.9316,-0.0295,15.9847,53.3053,23.4886,1.0176
1780907602.8533192,-0.1511,-0.6812,0.1423,18.1298,-18.6107,13.1756,0.7121
1780907603.0534487,-0.0649,-1.1702,0.3193,6.542,47.9389,15.1908,1.2147
1780907603.2534268,-0.0266,-1.1392,-0.2009,-19.7557,169.2977,-24.2366,1.1571
1780907603.4533782,-0.0972,-0.8269,-0.074,47.4656,161.7481,-35.1374,0.8359
1780907603.6531637,-0.241,-0.7778,0.0576,5.3969,113.1756,-40.8702,0.8163
1780907603.8538213,-0.0837,-1.0833,0.3401,34.687,131.0153,-3.1985,1.1385
1780907604.053845,-0.1213,-1.2063,-0.1384,-106.5115,28.1985,-60.0687,1.2203
1780907604.253632,-0.1245,-0.8191,0.0801,-7.1756,49.626,-14.313,0.8324
1780907604.4537756,0.1465,-1.1353,0.3735,-1.9313,-20.2214,6.3053,1.2041
1780907604.6567383,-0.2463,-1.259,-0.2385,9.5725,42.5725,-15.9695,1.3049
1780907604.853319,-0.0884,-0.7429,0.0049,73.771,75.2748,-14.5725,0.7482
0,0,0,0,0,0,0,0
0,0,0,0,0,0,0,0
1780907605.8258562,-0.0271,-0.9812,0.4641,-39.7328,178.2824,-9.5038,1.0858
1780907606.0250168,-0.2483,-1.0942,-0.332,65.6718,48.4427,-5.4275,1.1701
1780907606.2264087,-0.1582,-0.7322,0.0464,55.4885,37.2214,-11.3511,0.7505
1780907606.4263842,-0.1255,-0.7976,0.2874,-26.084,17.3206,-20.0687,0.857
1780907606.6268883,-0.3206,-1.3188,-0.2744,17.6641,-3.8321,-37.6794,1.3847
1780907606.8267705,-0.0054,-0.5659,0.0259,-80.4427,20.9847,-2.8092,0.5665
1780907607.0267634,0.1396,-0.8977,0.1521,-5.2214,18.458,12.4885,0.9211
1780907607.2260346,0.2751,-1.1287,-0.408,41.1069,21.9466,34.9695,1.2313
1780907607.4258273,-0.1345,-0.8394,0.1094,-67.2519,77.2672,-19.4656,0.8571
1780907607.6252732,-0.1116,-0.8875,0.3018,-43.6641,14.4198,-15.1756,0.944
1780907607.8254383,-0.1919,-1.3872,-0.3154,61.3359,-36.4656,-16.4351,1.4355
1780907608.0252016,0.167,-0.5942,0.0012,-47.1985,-6.3511,8.7863,0.6173
1780907608.2274342,-0.0266,-0.9836,0.2522,7.626,-10.8015,11.6794,1.0158
1780907608.4284787,-0.0308,-1.1316,0.0298,48.0,-10.9389,30.7252,1.1324
1780907608.6257334,-0.1665,-0.8513,0.0508,-66.1145,-54.2137,1.4733,0.8689
1780907608.8259466,-0.2563,-0.8364,0.1921,15.7557,-49.8473,-9.7176,0.8957
1780907609.0281432,-0.7271,-1.2488,-0.2681,93.7252,-250.1374,-8.3893,1.4697
1780907609.2263963,-0.2732,-0.7209,0.0173,-30.2061,-250.1374,1.9618,0.7712
1780907609.4279933,-0.0388,-0.9868,0.1543,-47.0153,-166.6412,2.6947,0.9996
1780907609.6255379,-0.1599,-1.5654,0.1179,19.3893,-134.3435,19.855,1.578
1780907609.8250992,-0.0435,-0.7874,-0.0559,-57.9618,-50.3511,12.1603,0.7905
1780907610.025829,-0.2356,-0.8481,0.0806,28.9008,-99.0992,-15.2977,0.8839
1780907610.225925,-0.4597,-1.2012,0.5137,-0.2977,22.0916,-15.1985,1.3849
1780907610.4256966,0.0708,-0.9431,0.0835,8.5878,-132.855,69.8244,0.9494
0,0,0,0,0,0,0,0
0,0,0,0,0,0,0,0
1780907611.8646402,-0.2957,-0.8608,0.2446,-6.0611,2.2519,-16.0687,0.9425
1780907612.063721,-0.0298,-1.3674,-0.0769,9.1908,-6.5038,-7.8397,1.3699
1780907612.2633832,0.0344,-0.9189,0.0549,-73.3511,-25.4656,-14.6794,0.9212
1780907612.463317,0.0188,-0.9883,0.127,-10.2214,4.1221,6.1298,0.9966
1780907612.6641974,0.0986,-1.0723,0.3403,-5.626,-3.4809,-8.6412,1.1293
1780907612.8658538,-0.3579,-0.6541,-0.1304,69.4504,97.8855,-19.2901,0.7569
1780907613.064395,-0.0669,-0.7849,0.2253,33.1603,6.4046,-4.0763,0.8194
1780907613.2629635,-0.1692,-0.9336,0.3386,-13.145,4.2748,-9.5267,1.0074
1780907613.463008,0.0591,-1.1831,-0.2891,53.0153,19.4809,2.2519,1.2193
1780907613.6637123,-0.1494,-0.7119,0.2012,25.3435,23.0076,5.2748,0.7547
1780907613.8636086,-0.0127,-0.9651,0.2229,11.084,3.5878,18.1603,0.9906
1780907614.0638304,0.2498,-1.3264,-0.1445,41.4427,0.7023,4.1603,1.3574
1780907614.264181,-0.0481,-0.8792,0.2429,-97.229,55.0916,-8.6489,0.9134
1780907614.4643605,-0.1106,-0.7854,0.1768,-6.3817,1.6565,-23.7405,0.8126
1780907614.6634955,0.0393,-1.5681,0.2249,-13.3664,52.4275,24.5038,1.5846
1780907614.864302,-0.0261,-0.8254,-0.0176,-31.1221,-37.4198,-12.6031,0.826
1780907615.0636694,0.156,-0.8459,0.1677,9.7405,-13.9084,21.229,0.8764
1780907615.2638814,0.1846,-1.2649,0.3047,5.0,-65.1832,-26.8168,1.3141
1780907615.465894,-0.0925,-0.7542,-0.0178,-17.145,44.5496,-27.8244,0.76
1780907615.6633499,-0.083,-0.9009,0.2554,-9.626,64.4962,-29.2137,0.94
1780907615.8630917,0.0513,-0.9268,0.2988,1.3435,72.2214,-21.4427,0.9751
1780907616.063398,0.2852,-0.7183,0.0044,17.5496,66.0,11.9008,0.7728
1780907616.2651737,0.1609,-0.9985,0.0771,14.8473,105.8779,-17.4122,1.0144
1780907616.463267,0.1401,-1.0564,0.2578,-14.4656,41.5649,23.626,1.0964
1780907616.6637127,0.1494,-1.1223,0.0347,46.687,37.9847,5.6947,1.1327
0,0,0,0,0,0,0,0
0,0,0,0,0,0,0,0
1780907617.6887345,-0.0447,-0.9614,0.3054,1.0687,42.1374,-14.5191,1.0098
1780907617.885531,-0.0391,-1.2319,-0.1726,-9.0916,22.7557,5.6565,1.2446
1780907618.0904706,0.2068,-1.0493,0.1995,11.5802,52.5344,5.313,1.0879
1780907618.2855809,-0.0264,-1.0569,0.2788,-45.1374,51.916,5.0611,1.0934
1780907618.4858513,0.7346,-1.0461,0.1135,-18.5649,-23.8473,-28.4504,1.2833
1780907618.6855597,-0.6274,-0.9612,0.053,-92.7328,74.1374,35.7176,1.1491
1780907618.8866627,-0.1472,-1.0457,0.1355,-27.5191,-8.2443,18.145,1.0646
1780907619.085283,-0.4775,-0.9041,-0.3733,-15.084,58.2977,86.6183,1.0884
1780907619.286186,0.1311,-0.8076,-0.0281,-18.8855,38.771,-7.2748,0.8187
1780907619.4867988,0.218,-0.8853,0.2952,-70.4809,6.916,-19.2824,0.9583
1780907619.6852674,0.075,-1.1711,-0.4641,117.7023,-49.7863,-29.5954,1.262
1780907619.8918808,-0.2441,-0.5,0.3682,-37.0611,-18.8626,9.3664,0.6672
1780907620.0882878,-0.3306,-1.043,0.0898,17.7405,38.5496,-7.0916,1.0978
1780907620.2947876,0.3037,-1.3474,0.0234,21.3969,-33.6718,68.3282,1.3814
1780907620.4852462,0.252,-0.5864,0.0222,-12.2748,57.6412,-18.542,0.6386
1780907620.685692,0.166,-0.8992,0.1748,-32.4122,50.7786,-11.542,0.9309
1780907620.8869314,0.2417,-1.1367,-0.3745,131.9008,-34.2748,3.4504,1.221
1780907621.0856278,-0.2034,-0.5146,0.2546,-31.6031,-23.1298,14.5038,0.6091
1780907621.2860258,-0.0637,-0.9026,0.178,9.1985,18.8626,-2.0992,0.9222
1780907621.4852848,-0.0098,-1.3337,-0.1306,61.4351,-28.3588,59.2672,1.3402
1780907621.6859343,0.1077,-0.4727,0.1858,3.2672,36.0382,-34.8702,0.5191
1780907621.8854218,0.2021,-0.8491,0.2158,-14.1679,-0.8244,0.7405,0.8991
0,0,0,0,0,0,0,0
0,0,0,0,0,0,0,0
1780907623.4359188,-0.012,-0.9919,0.5068,-42.1221,-29.7176,3.9008,1.114
1780907623.6388378,0.0444,-1.2881,-0.1599,37.1145,2.1145,24.9618,1.2987
1780907623.923094,-0.0286,-0.8667,0.1992,-43.9618,-17.4122,22.1145,0.8898
1780907624.037779,-0.1409,-0.853,0.1421,0.8931,-46.6641,-11.1069,0.8762
1780907624.2373545,-0.3816,-1.0942,0.3716,-3.2443,-27.5573,1.4504,1.217
1780907624.4398181,0.1858,-0.7993,-0.0369,-12.1298,-118.5954,47.6031,0.8215
1780907624.6364927,0.1013,-0.856,0.1074,6.1908,-116.8626,26.6183,0.8686
1780907624.8354213,-0.2993,-1.0784,0.5498,16.6947,-81.7405,19.6718,1.2469
1780907625.0408337,-0.311,-0.5076,0.2881,10.2443,-53.4656,0.7099,0.6613
1780907625.2355018,-0.1047,-0.7947,0.1318,7.7481,-48.8473,3.2748,0.8123
1780907625.435355,-0.2449,-1.4636,0.5159,-46.9313,16.0076,-0.5573,1.5711
1780907625.6359851,-0.064,-0.8352,-0.0593,41.6565,-145.5954,58.6565,0.8397
1780907625.8363378,0.2847,-0.9192,-0.031,34.0076,-180.4198,28.084,0.9628
1780907626.0352223,0.0469,-1.1885,0.1663,16.6336,-100.7023,20.4886,1.201
1780907626.2361782,-0.6731,-0.7878,0.0012,23.8779,30.6641,21.3969,1.0362
1780907626.4365575,-0.0652,-0.9827,0.1733,3.8626,5.1527,-1.1832,1.0
1780907626.6358783,-0.7378,-0.929,0.1365,7.4046,54.5191,16.7023,1.1941
1780907626.836571,1.6929,-1.2546,-0.1748,28.7786,-54.771,16.3359,2.1144
1780907627.034628,-0.158,-0.752,0.1729,45.1298,10.6947,-28.9771,0.7876
1780907627.2352748,1.0828,-0.9314,0.0254,27.1756,-95.687,-29.0305,1.4285
1780907627.4355295,-0.7363,-1.4492,0.1531,-6.6718,-15.916,9.4122,1.6327
1780907627.6358745,-0.0593,-0.9768,-0.2,-13.6031,-82.0229,20.9542,0.9988
1780907627.8362198,-0.3057,-0.8232,0.1035,-17.7328,-45.916,-13.0153,0.8842
1780907628.0352538,-0.1858,-1.5103,0.3325,-39.6031,10.0458,30.7099,1.5575
1780907628.2357934,0.0918,-1.1985,0.0593,-13.5878,-178.2443,46.9771,1.2035
1780907628.435514,-0.1208,-0.6902,0.1987,-12.4427,-119.3588,22.9542,0.7283
1780907628.636094,0.1001,-1.7371,-0.3931,51.9695,-123.4809,98.8473,1.7838
1780907628.8451345,-0.0623,-0.8083,0.0867,-31.7252,16.5114,-18.6412,0.8154
1780907629.0487373,-0.2944,-0.9065,0.073,4.9008,64.4885,-28.6794,0.9559
0,0,0,0,0,0,0,0
0,0,0,0,0,0,0,0
1780907630.7364576,-0.0608,-1.3491,0.0088,11.4046,-17.2824,-38.1756,1.3505
1780907630.9364626,-0.1467,-1.0222,0.0466,-33.3359,-28.771,19.7099,1.0337
1780907631.1361659,-0.0393,-0.8894,0.0439,13.1374,-46.4733,-10.2748,0.8914
1780907631.3371303,-0.1758,-1.0535,0.1951,-15.1679,-31.6794,-2.5878,1.0857
1780907631.5417938,0.1636,-1.1292,-0.4309,70.0687,-68.8931,4.3206,1.2196
1780907631.7392976,-0.0051,-0.6516,0.0303,-48.0382,-90.6336,7.0992,0.6523
1780907631.937231,0.1279,-0.8257,0.1003,10.2519,-64.3282,18.5802,0.8415
1780907632.1366336,0.0112,-1.2329,0.5459,14.5725,-68.8473,-2.4809,1.3484
1780907632.3485975,-0.2039,-0.7917,-0.0857,-53.4351,-22.1298,5.2977,0.822
1780907632.5360897,-0.1018,-0.9277,0.0605,-4.7481,-76.8168,-7.0763,0.9353
1780907632.7360802,-0.1008,-1.1721,0.1948,-35.7099,-27.8397,-11.6031,1.1925
1780907632.9368656,0.344,-0.9536,-0.166,64.9389,-50.6412,41.8244,1.0273
1780907633.1455615,0.082,-0.7957,0.2156,-70.9618,-76.4046,11.4962,0.8284
1780907633.336661,0.1658,-0.9119,0.1929,9.0992,-30.4046,37.145,0.9467
1780907633.5383387,-0.2375,-1.1985,-0.1768,53.5267,9.0076,35.9237,1.2345
1780907633.7360413,0.1104,-0.5518,0.1487,-46.4351,5.9237,-5.5573,0.582
1780907633.940562,-0.2334,-0.9458,0.1472,22.084,-50.4427,-23.6718,0.9852
1780907634.1365585,0.0684,-1.3931,-0.0503,38.8855,38.229,-2.7863,1.3956
1780907634.3384843,-0.064,-0.377,0.4097,-61.3588,-47.7939,-11.4809,0.5604
1780907634.5396996,0.2537,-0.9739,0.1855,15.7481,-23.7099,29.9771,1.0233
1780907634.7378042,0.3315,-1.502,-0.4141,46.5344,61.1832,31.6641,1.5929
1780907634.9364123,-0.0713,-0.4348,0.1089,-56.687,-35.7023,-12.1603,0.4539
1780907635.1362777,-0.0732,-1.0198,0.2832,-0.229,-7.5038,-22.4046,1.0609
1780907635.3872437,-0.0264,-1.2898,-0.3481,70.4122,57.0229,-14.3817,1.3362
1780907635.5466475,0.1484,-0.7476,-0.1262,3.1298,-84.8244,54.0534,0.7725
1780907635.7364872,0.218,-0.9399,0.1516,-13.5649,-133.5114,17.8244,0.9767
1780907635.9366622,0.229,-0.8408,0.1721,-4.7252,-66.687,14.2214,0.8883
1780907636.1354327,-0.186,-1.4365,-0.0366,17.8702,-79.3359,65.8779,1.449
1780907636.336086,0.0503,-0.7546,-0.0081,1.6031,-77.1145,42.0687,0.7564
0,0,0,0,0,0,0,0
0,0,0,0,0,0,0,0
1780907636.9970748,-0.3154,-1.2256,0.1475,21.2366,-15.8244,-28.2519,1.2741
1780907637.1931317,0.302,-0.8408,-0.0999,-8.8015,-169.0687,35.7481,0.899
1780907637.3930318,0.1204,-1.011,0.2053,22.5267,-39.3206,25.2748,1.0386
1780907637.5930047,-0.0498,-1.4485,0.5349,28.6794,-32.9847,8.6336,1.5449
1780907637.7930663,-0.1794,-0.7415,-0.2124,36.6565,110.9542,-38.0076,0.7919
1780907637.9930072,-0.0896,-0.821,0.2119,31.855,53.4198,4.8702,0.8527
1780907638.1927872,0.1787,-1.3857,0.407,-18.4275,69.2748,-8.4122,1.4553
1780907638.394124,0.0664,-0.9253,0.0264,-40.2443,-110.084,10.5878,0.928
1780907638.599691,0.1184,-0.7002,0.0999,28.1985,-25.3435,4.9237,0.7171
1780907638.792257,0.5508,-1.6023,-0.2473,56.7023,-87.9466,-28.4198,1.7123
1780907638.9929442,0.1848,-0.7944,0.0759,-51.8931,20.229,9.1298,0.8192
1780907639.19302,-0.0542,-0.8677,0.1907,-25.0992,8.3511,-20.5038,0.89
1780907639.3916502,0.1404,-1.4795,-0.1628,14.0687,-20.2137,-10.6718,1.495
1780907639.5956206,-0.1702,-0.8418,0.0332,2.3282,16.4504,37.4275,0.8595
1780907639.7922473,0.155,-0.9749,0.2637,-24.145,-25.9389,17.5267,1.0217
1780907639.992808,0.3159,-1.1833,-0.1921,12.9924,-49.6489,59.2977,1.2398
1780907640.1932702,-0.0283,-0.7988,0.1819,-52.3206,-42.4275,-1.0382,0.8198
1780907640.3931847,-0.019,-0.9778,0.1079,9.8702,-33.0611,-13.687,0.9839
1780907640.5932472,-0.1558,-1.314,-0.218,37.1908,21.3893,18.5878,1.341
1780907640.793289,-0.1243,-0.7949,0.1975,-64.8244,-118.687,65.0076,0.8285
1780907640.9944117,0.0486,-0.9668,0.0139,27.7634,-208.2366,39.9084,0.9681
1780907641.1994667,0.0957,-0.9072,0.2917,-23.5114,-136.4733,54.1603,0.9578
1780907641.3974447,0.1543,-1.5881,-0.209,-14.7252,-42.1603,14.7099,1.6092
1780907641.5954757,0.0183,-0.8108,0.0969,-74.2672,-64.4198,8.2824,0.8168
1780907641.7928863,-0.0688,-0.8164,0.0652,-6.3053,-0.9389,-5.9847,0.8219
1780907641.9931276,-0.3826,-1.3245,0.4756,-25.4122,49.4962,-15.8626,1.4583
1780907642.193113,0.5933,-0.9336,-0.0464,-9.4122,-103.313,19.9008,1.1071
0,0,0,0,0,0,0,0
0,0,0,0,0,0,0,0
1780907642.842129,0.0518,-1.1394,0.428,-5.3664,-28.3817,25.313,1.2182
1780907643.0431926,-0.0032,-0.9546,-0.0188,-46.5496,12.0534,-19.0153,0.9548
1780907643.2439735,-0.1638,-0.6912,0.0737,3.9008,-5.1756,-13.7786,0.7141
1780907643.4407027,0.1594,-1.4937,0.5166,21.4275,88.8931,-1.9389,1.5885
1780907643.6407583,0.1238,-1.2136,-0.2209,-32.1527,-60.0305,-24.1298,1.2398
1780907643.8447082,-0.0483,-0.5679,0.0862,22.8015,21.0611,-3.7252,0.5764
1780907644.0528352,0.3794,-1.479,0.5222,-7.6489,-40.3206,-8.1832,1.6137
1780907644.2565815,-0.2402,-0.8625,0.0674,-75.4504,49.3206,-26.4046,0.8979
1780907644.4642246,-0.0537,-0.7671,-0.0005,4.1527,6.2977,-15.9237,0.769
1780907644.647336,-0.0334,-1.2512,0.4473,-42.7786,57.626,-15.8626,1.3292
1780907644.865017,0.072,-1.1619,-0.5298,28.5038,-67.9389,13.2366,1.279
1780907645.0732503,-0.1318,-0.696,-0.1985,23.9237,-141.4504,30.7786,0.7357
1780907645.305977,0.2517,-0.8381,0.2222,16.7863,-97.0458,27.1756,0.9029
1780907645.442025,-0.1921,-1.147,-0.2659,63.3817,-118.6031,69.0,1.193
1780907645.641817,0.1677,-0.6353,0.2,-54.7023,-101.9237,8.7786,0.6868
1780907645.8430696,-0.2427,-0.8982,0.1699,5.0229,-23.6412,-22.626,0.9458
1780907646.0406926,-0.0076,-1.3833,-0.2197,64.6794,-92.4885,23.9847,1.4007
1780907646.2410395,-0.1018,-0.9602,0.137,34.3664,-217.4733,22.4122,0.9753
1780907646.4480274,0.175,-1.0532,-0.0137,-1.7176,-168.5725,41.4809,1.0678
1780907646.7065992,-0.1125,-0.9561,0.3958,-50.7252,-105.8855,25.9695,1.0408
1780907646.865347,-0.3057,-0.8618,-0.4297,71.5649,-3.9847,28.1756,1.0103
1780907647.0612004,-0.1179,-0.5586,0.0056,23.9924,-11.7481,-13.7328,0.5709
1780907647.2678556,-0.0068,-0.8867,0.3982,42.8092,43.6183,1.916,0.972
1780907647.4420242,-0.5146,-1.2083,0.2229,-95.9847,-31.1756,-5.313,1.3321
1780907647.6695652,0.2925,-1.2761,-0.2493,6.5954,73.5267,37.9847,1.3327
1780907647.8864906,-0.0425,-0.0232,-0.0359,-22.1832,-30.1603,3.4885,0.0603
1780907648.0842595,-0.2585,-2.0,0.1216,112.3664,-90.9771,36.4962,2.0203
1780907648.2405515,0.1123,-0.2861,-1.3845,217.5343,26.2595,17.4733,1.4182
1780907648.4406323,-0.2683,0.1648,-0.0461,116.8473,18.3969,-0.2443,0.3182
0,0,0,0,0,0,0,0
0,0,0,0,0,0,0,0
1780907650.3055391,-0.0491,-0.8679,-0.396,-31.7328,126.9847,8.7405,0.9553
1780907650.5040605,-0.0295,-0.9597,0.0476,-47.6107,75.6565,-22.4809,0.9614
1780907650.716427,0.0793,-2.0,0.2402,14.8092,-69.3053,14.3206,2.0159
1780907650.9046128,-0.3093,-0.0977,-1.375,175.084,-41.9618,54.8779,1.4127
1780907651.104386,-0.146,0.3472,0.3076,76.084,29.2977,15.6183,0.4863
1780907651.305179,-0.1797,-2.0,-1.4548,-56.2366,27.9847,48.8473,2.4797
1780907651.5047061,-0.585,-0.7119,1.395,5.0229,-98.2977,-28.3053,1.6718
1780907651.7064066,0.0125,-0.054,0.2366,-151.0763,204.5878,-60.6718,0.243
1780907651.904832,-0.1299,-0.0247,1.0713,91.0534,8.5573,25.1679,1.0794
1780907652.105621,-0.1804,-2.0,1.687,-139.7634,40.8931,-46.0382,2.6227
1780907652.3053381,0.1836,0.042,-1.4207,-105.626,-84.9847,79.6183,1.4331
1780907652.505467,0.0725,0.2939,0.6965,68.145,-30.8397,-1.4427,0.7595
1780907652.7165105,-0.6936,-2.0,1.6204,-183.7863,-38.0534,13.4427,2.6658
1780907652.9050875,0.3601,0.2781,-1.1177,-45.6336,88.0229,8.4046,1.2067
1780907653.1053607,-0.1292,-0.7878,0.1201,181.458,-63.3359,65.4809,0.8073
0,0,0,0,0,0,0,0
0,0,0,0,0,0,0,0
1780907654.4293492,-0.3145,-1.04,0.342,-9.9313,165.8321,-22.458,1.1391
1780907654.6296794,-0.0881,-0.9993,0.2798,10.6031,98.7863,-11.1221,1.0414
1780907654.8319902,-0.2048,-0.6338,0.2966,-17.5649,31.7405,-22.3969,0.7291
1780907655.0309725,-0.4062,-1.657,-0.259,-34.1756,14.2748,-7.3511,1.7256
1780907655.2304077,0.0144,-0.5493,0.1553,11.7252,-27.8244,-30.4809,0.571
1780907655.430535,0.1162,-0.8774,0.5266,6.3511,-15.3969,14.5649,1.0299
1780907655.63056,0.0574,-1.5212,-0.3691,36.145,22.7786,55.4504,1.5664
1780907655.829618,-0.0134,-0.5435,0.0813,-20.4504,48.4275,5.8321,0.5497
1780907656.0371795,-0.0952,-0.9626,0.2393,28.1603,-34.6718,-11.4656,0.9965
1780907656.2295172,-0.2087,-1.2417,-0.1453,33.771,-59.7099,-12.7099,1.2675
1780907656.4286993,-0.0432,-0.5591,0.2798,-5.6031,19.626,-6.0,0.6267
1780907656.6313844,-0.2134,-1.1582,0.6575,16.4809,-43.8397,33.2824,1.3488
1780907656.830524,-0.1475,-1.0093,-0.1477,-0.5038,103.3206,-1.4427,1.0306
1780907657.0299072,-0.2095,-0.7019,0.2539,29.8092,34.4275,5.1832,0.7753
1780907657.2294302,0.1121,-1.2886,0.1282,-16.3969,65.5878,12.4962,1.2998
1780907657.429721,0.0613,-0.6709,0.031,31.3817,-147.4427,-2.0763,0.6744
1780907657.629369,-0.0364,-1.2715,0.5728,-71.145,-9.7252,12.7405,1.395
1780907657.8294451,0.1067,-1.4851,0.2065,0.3893,-82.229,-23.6412,1.5032
1780907658.0284994,-0.0393,-0.6328,0.1814,-47.6031,23.8702,11.4122,0.6595
1780907658.2293005,-0.1565,-0.9702,0.4622,33.9847,-18.687,-31.1756,1.086
1780907658.429195,-0.4219,-1.6389,-0.0132,12.313,9.9618,7.2977,1.6924
1780907658.6295822,-0.0581,-0.8401,-0.0537,-16.9847,-100.3435,21.5725,0.8438
1780907658.829055,0.1033,-0.9358,0.1375,4.4504,-103.0305,34.4504,0.9515
1780907659.0287874,0.0273,-1.4275,0.1321,35.0305,-102.6641,49.1985,1.4338
1780907659.2300596,-0.1389,-0.8584,0.2832,-152.4886,-129.0916,33.3511,0.9145
1780907659.4287744,-0.1335,-0.8899,0.2944,2.0763,-81.7939,3.0534,0.9468
1780907659.6315088,-0.3623,-1.3335,-0.0364,43.6641,-21.5496,11.0763,1.3823
1780907659.829443,-0.0862,-0.8501,0.2141,-5.2595,-98.6794,39.2977,0.8809
1780907660.0298986,-0.0393,-0.8516,0.1838,-7.145,-89.374,19.0458,0.8721
0,0,0,0,0,0,0,0
0,0,0,0,0,0,0,0
1780907661.1481185,0.0784,-1.0129,0.2756,-44.7786,-6.2595,8.3053,1.0527
1780907661.3487947,-0.0659,-0.8767,0.2351,-19.1832,0.3282,15.9924,0.9101
1780907661.5478566,0.1208,-0.9666,0.2556,6.6565,-15.6412,4.145,1.0071
1780907661.7499542,-0.1313,-1.0012,-0.1387,69.0534,45.2137,1.313,1.0193
1780907661.9482732,-0.0127,-0.8347,0.3264,-57.229,5.6565,10.0611,0.8964
1780907662.148074,-0.054,-0.8892,0.2366,4.3359,-1.6718,-19.8397,0.9217
1780907662.3474789,-0.2556,-1.553,-0.1362,24.2672,11.4885,-22.9924,1.5798
1780907662.5468724,0.0664,-0.5715,0.082,-69.4046,31.8626,-28.6031,0.5812
1780907662.7469425,0.1543,-0.7839,0.2212,9.916,12.2672,1.6107,0.829
1780907662.9475107,0.1445,-1.136,-0.2969,36.9237,25.1298,13.1832,1.183
1780907663.1478493,-0.0747,-0.8572,0.0969,-34.1298,-0.3893,-11.9695,0.8659
1780907663.347799,-0.1013,-0.998,0.2415,6.1221,-23.6947,-15.3282,1.0318
1780907663.552823,-0.1572,-1.094,-0.3208,59.1221,-34.8168,-29.2595,1.1509
1780907663.7473733,-0.0913,-0.5637,0.1387,-38.5191,-34.4046,14.229,0.5877
1780907663.94828,0.0459,-0.9529,0.261,12.7557,-11.771,15.2977,0.989
1780907664.1474292,-0.2839,-1.2439,-0.3113,59.5344,-27.2901,27.3588,1.3133
1780907664.3499897,0.0027,-0.7751,0.0793,-88.0534,-100.6031,8.6794,0.7792
1780907664.548131,-0.1248,-0.8738,0.1089,18.6489,-47.3817,-8.1145,0.8893
1780907664.7480047,-0.4253,-1.3611,-0.3167,49.5344,-72.916,1.5496,1.4607
1780907664.9537747,-0.186,-0.7966,0.0986,19.0305,-169.1603,36.1221,0.824
1780907665.1469562,0.0476,-0.8979,0.1169,-35.1679,-163.2214,32.9771,0.9068
1780907665.348236,-0.199,-1.2244,0.7214,22.1756,-148.6336,21.9618,1.435
1780907665.5465248,-0.1709,-0.9705,-0.0583,-3.8015,-78.687,24.8931,0.9871
1780907665.7482228,-0.0823,-1.022,0.1155,-50.7863,-79.1908,16.2595,1.0318
1780907665.9463465,-0.1804,-0.9749,0.3188,-3.9084,-24.8168,-33.4351,1.0414
0,0,0,0,0,0,0,0
0,0,0,0,0,0,0,0
1780907666.8511224,-0.1052,-1.2344,0.1721,1.2061,-24.0916,11.0229,1.2508
1780907667.0495229,-0.3091,-0.9736,-0.1184,-56.6031,46.5573,13.9924,1.0284
1780907667.247993,-0.0957,-0.98,-0.1685,-18.9542,22.0458,-12.2901,0.9989
1780907667.4475648,-0.0483,-0.8586,-0.1963,2.5344,48.0,-17.8244,0.8821
1780907667.647697,-0.2961,-0.8606,-0.4333,-66.2748,71.3206,-17.5802,1.008
1780907667.8473935,0.0818,-1.0671,-0.2261,-6.6947,-44.771,-7.6489,1.0939
1780907668.047981,0.2036,-0.9292,-0.281,9.9466,-57.9389,-10.1908,0.9919
1780907668.258228,0.157,-0.7979,-0.2046,47.2977,-61.1298,11.0687,0.8385
1780907668.4502058,0.1431,-1.0637,-0.1931,-22.084,44.4809,20.6565,1.0905
1780907668.6539054,0.0579,-0.8787,-0.1436,-7.9313,31.4351,16.5802,0.8922
1780907668.847601,-0.093,-1.0039,-0.1296,2.855,17.0611,-6.4046,1.0165
1780907669.0484223,-0.03,-0.9443,-0.1526,2.7328,24.3588,-15.9618,0.9571
1780907669.2476354,0.106,-1.0271,-0.1528,-14.0153,-38.2672,-1.5573,1.0438
1780907669.448091,0.1387,-0.9243,-0.0583,-9.7634,-11.374,7.084,0.9365
1780907669.6490276,0.0393,-0.9778,-0.1296,20.4886,-11.8321,26.7328,0.9871
1780907669.8540251,-0.1218,-0.8948,-0.2246,-17.1374,40.3053,-0.8702,0.9305
1780907670.0490336,-0.1091,-0.9109,-0.1699,-3.7863,23.8855,-7.1145,0.933
1780907670.2480326,-0.0771,-0.9712,-0.0847,34.626,18.7481,-16.458,0.9779
1780907670.4517522,0.0742,-0.9407,-0.2151,22.4198,-48.6489,-3.4809,0.9678
1780907670.6532192,0.0579,-0.9888,-0.0894,-12.0534,-36.7099,-3.374,0.9945
1780907670.8477201,0.0603,-0.9509,-0.0269,-3.3282,-18.4046,10.0,0.9532
1780907671.0529182,-0.0588,-1.0024,-0.1653,-6.9237,16.5802,15.5649,1.0177
1780907671.248331,-0.1135,-0.9771,-0.0801,1.8092,20.6489,-1.8855,0.9869
0,0,0,0,0,0,0,0
0,0,0,0,0,0,0,0
1780907674.5653145,-0.0115,-1.0073,0.1438,-4.687,-49.5267,-14.6641,1.0176
1780907674.7612884,-0.0854,-0.9272,0.0764,-8.8321,-67.4809,-4.2443,0.9343
1780907674.9604733,-0.0725,-1.0173,0.1038,-37.4046,-29.2443,-20.4275,1.0252
1780907675.160447,0.1377,-1.0535,0.0872,-21.9924,-48.5191,-11.7863,1.066
1780907675.3610773,0.1028,-0.8931,-0.0286,20.0611,-62.0076,-16.5267,0.8994
1780907675.5611591,0.2104,-0.9338,-0.116,10.5725,-39.0611,12.4962,0.9643
1780907675.7641244,0.0964,-1.0872,-0.0417,23.1603,-39.7863,23.5878,1.0922
1780907675.9615872,-0.0964,-0.969,-0.1345,16.0916,14.0229,24.4504,0.983
1780907676.1609821,-0.0146,-1.0625,-0.0159,-2.626,-19.4733,6.9924,1.0627
1780907676.364128,-0.0676,-1.0015,0.0854,15.2977,44.0382,-5.7023,1.0074
1780907676.5605106,0.0581,-0.8074,-0.1042,40.7939,-37.5344,-5.9008,0.8161
1780907676.7630801,0.1309,-1.1477,0.0386,-21.4275,-62.4809,23.3053,1.1558
1780907676.9606843,-0.0159,-0.8125,0.0308,-5.5115,-45.626,0.626,0.8132
1780907677.163674,0.2073,-1.1768,0.0928,-42.4046,-48.7099,17.8779,1.1985
1780907677.361167,-0.0916,-1.1157,0.0149,-28.8626,-17.6412,7.9618,1.1196
1780907677.5611706,0.0132,-0.9417,0.0239,12.6641,24.9847,-16.3511,0.942
1780907677.7610722,0.0671,-1.0945,-0.0327,17.5496,-37.0916,-18.3893,1.097
1780907677.960739,0.2144,-0.9558,0.0186,-1.3969,-32.1756,6.916,0.9797
1780907678.163939,0.0864,-0.8967,0.0107,10.8855,-58.6565,29.0687,0.9009
1780907678.361098,0.1812,-1.2197,-0.0933,-17.4656,-12.5725,9.8397,1.2366
1780907678.5606468,-0.0586,-0.8611,-0.0432,3.9847,21.8931,-8.0458,0.8642
1780907678.763545,0.0469,-0.9814,0.1492,-17.3435,22.0458,-1.7481,0.9938
1780907678.961233,-0.0203,-0.9954,0.1946,3.0,16.7863,6.6718,1.0144
1780907679.1611857,0.1221,-0.9302,-0.0916,-18.1756,-39.1298,-0.916,0.9426
1780907679.3606582,-0.0234,-0.9133,0.0581,5.5267,-47.0687,11.916,0.9155
0,0,0,0,0,0,0,0
0,0,0,0,0,0,0,0
1780907687.9683242,-0.0002,-0.9646,0.3677,3.145,-93.5267,12.145,1.0323
1780907688.169301,0.157,-0.9131,0.1213,33.7786,-33.0534,45.2214,0.9344
1780907688.3683572,0.2185,-0.9111,0.1794,2.2214,-77.9237,0.0,0.954
1780907688.5692282,0.377,-0.8562,0.0471,-25.3053,-55.9542,-13.8168,0.9367
1780907688.7693906,0.2776,-1.0,-0.0776,-3.4656,-46.2672,29.2901,1.0407
1780907688.971067,0.061,-1.0989,0.0906,30.9466,13.2901,32.3359,1.1043
1780907689.1688774,0.0156,-0.6924,0.1353,5.3282,-35.5038,-3.6641,0.7056
1780907689.3677502,-0.0981,-0.7639,-0.0808,1.626,-7.0153,29.1756,0.7744
1780907689.5816712,0.1206,-1.2056,0.3374,-30.8015,-53.0687,-15.9618,1.2577
1780907689.7730057,0.209,-0.7913,0.019,-19.2519,-71.2901,26.7557,0.8186
1780907689.968168,-0.0073,-1.3845,0.198,22.1527,-120.916,48.5802,1.3986
1780907690.1831267,-0.0029,-0.9866,0.0862,19.4275,11.2443,-8.8015,0.9903
1780907690.3688395,0.1382,-0.6746,0.1277,18.1145,-38.145,-11.7557,0.7003
1780907690.5730858,0.0488,-0.9141,0.0249,-27.8702,-93.4733,-16.3817,0.9157
1780907690.7686036,0.1636,-0.8882,0.2383,-21.2443,-148.916,4.5725,0.934
1780907690.9692686,0.2339,-0.8093,-0.0535,21.4886,-14.6412,6.7481,0.8441
1780907691.170184,0.1758,-1.1848,0.0281,13.5573,72.0611,29.4809,1.1981
1780907691.3744314,0.0535,-0.7263,0.2146,16.1298,-36.1298,18.6412,0.7592
1780907691.568822,-0.009,-0.7668,0.0984,-7.4427,-34.2977,11.8473,0.7732
1780907691.768926,0.1907,-1.166,0.2388,-60.2061,-18.687,-9.5954,1.2054
1780907691.9684741,0.0405,-0.6541,0.0232,-27.229,13.2977,-4.1985,0.6557
1780907692.1694584,0.3093,-1.0642,-0.1626,-8.8702,-47.9313,18.9466,1.1201
1780907692.369476,0.0054,-1.1096,0.1711,7.855,-4.9313,-25.1603,1.1228
1780907692.568758,0.1543,-0.9343,0.2815,15.4809,-57.1908,-30.7557,0.9879
1780907692.7690253,0.1665,-0.9297,0.1528,-21.0305,-13.6565,16.4886,0.9568
0,0,0,0,0,0,0,0
0,0,0,0,0,0,0,0
1780907694.3650541,0.2832,-0.7947,0.1387,3.7405,-64.7939,-1.3969,0.855
1780907694.5649755,0.3892,-0.8301,0.1172,-3.0687,-69.542,12.2443,0.9242
1780907694.7651625,0.4333,-0.978,0.0979,-38.3053,-9.3206,-4.2137,1.0742
1780907694.9687831,0.4124,-1.0627,-0.2366,7.4275,-21.1069,22.084,1.1642
1780907695.1650753,0.1792,-1.3232,-0.0029,11.7634,70.6031,-10.1527,1.3353
1780907695.3650684,0.1692,-0.5034,0.0339,11.3206,-10.7328,-8.0305,0.5322
1780907695.5648391,0.0754,-1.3701,0.282,-2.6947,24.7176,23.7481,1.4009
1780907695.765564,0.3254,-0.9011,0.02,-41.1679,-24.374,9.0992,0.9583
1780907695.966511,0.2354,-0.8125,0.0779,-12.1832,19.3053,7.9542,0.8495
1780907696.1655114,0.072,-1.0667,-0.2505,31.4198,76.4962,13.8473,1.098
1780907696.3881872,-0.1282,-0.8401,0.1516,3.6412,-15.4656,-0.3893,0.8632
1780907696.5654573,0.1619,-0.9343,0.0918,37.7557,53.7557,4.9695,0.9527
1780907696.76593,0.4863,-1.1501,-0.053,-5.6183,-45.6031,17.916,1.2499
1780907696.9656243,0.1189,-0.9109,0.1531,-32.7023,-38.8931,3.2748,0.9313
1780907697.1657825,0.3337,-0.99,-0.0593,18.2595,48.5649,36.4122,1.0464
1780907697.3644629,0.0769,-0.959,0.0303,5.1221,36.8015,23.0076,0.9625
1780907697.619375,-0.0273,-0.9253,0.2097,-13.4504,-53.0305,-19.0992,0.9492
1780907697.7646878,0.1814,-0.9546,-0.0076,16.8321,27.2519,-36.9924,0.9717
1780907697.9640636,0.4143,-0.9055,0.0356,-9.9313,-41.6183,15.3206,0.9964
1780907698.1655035,0.2766,-0.9336,0.1165,-29.145,-20.5954,6.0382,0.9806
1780907698.37318,0.1648,-1.1401,-0.085,22.7405,39.3893,2.9542,1.1551
1780907698.5661788,0.0759,-0.9915,-0.0637,12.9389,60.6489,-5.084,0.9964
1780907698.7644172,-0.0164,-0.9988,0.1523,13.3969,-79.0382,1.7252,1.0105
1780907698.9657705,0.1995,-1.2434,0.1382,48.4962,-68.1069,-2.687,1.2669
1780907699.21455,0.5249,-1.0051,0.0916,0.084,-78.9771,12.0458,1.1376
1780907699.365398,0.2395,-0.906,0.2002,-9.6031,-72.1221,22.8244,0.9583
0,0,0,0,0,0,0,0
0,0,0,0,0,0,0,0
1780907700.665369,-0.0137,-0.9189,0.2556,21.8092,-22.1756,-6.855,0.9539
1780907700.8638053,0.2222,-1.1023,-0.0566,34.1985,-29.9618,3.9771,1.1259
1780907701.0663326,0.2827,-0.8625,0.1768,-16.458,-62.3893,-2.2977,0.9247
1780907701.3150928,0.2844,-0.8794,0.1882,-6.687,-3.5725,-2.5191,0.9432
1780907701.4679575,0.301,-1.0879,-0.031,26.2061,-15.6031,43.7939,1.1292
1780907701.7179034,-0.1008,-0.854,0.1355,-30.8779,-38.7099,-12.6412,0.8705
1780907701.8653219,0.1702,-0.9629,0.0688,3.8397,-56.4504,-2.8397,0.9802
1780907702.066117,0.1392,-1.1582,0.0244,91.4962,-42.374,10.1069,1.1668
1780907702.2715003,0.6636,-1.165,0.2119,-27.5038,-70.3588,-29.916,1.3574
1780907702.4652395,0.2515,-0.8928,0.1746,-33.8168,-42.7863,6.9542,0.9438
1780907702.7146416,0.5254,-1.1155,0.0752,15.7634,-41.7023,25.9542,1.2353
1780907702.8648129,0.1355,-1.0149,-0.0581,27.5573,-5.0153,28.916,1.0255
1780907703.067736,-0.0164,-0.7417,0.1777,11.6489,-91.8855,12.4885,0.7629
1780907703.264195,0.1279,-0.8499,0.074,44.8855,-44.0305,-21.3893,0.8626
1780907703.4644246,0.3547,-1.0596,0.189,-33.4962,-20.6336,-21.5267,1.1332
1780907703.6663368,0.2893,-0.7688,0.2036,-2.084,-38.084,0.7328,0.8463
1780907703.869056,0.3909,-1.3452,0.062,-12.1832,-106.7176,37.2977,1.4022
1780907704.068819,0.0359,-0.6914,0.1892,9.3664,46.7786,32.6794,0.7177
1780907704.2653627,0.1748,-1.0737,0.2524,46.2977,-3.6947,-20.6794,1.1168
1780907704.4663603,0.5735,-1.1021,0.074,-44.1374,-32.4962,-13.1527,1.2445
1780907704.6772501,0.199,-0.6655,0.1631,-27.6794,-18.2137,10.4122,0.7135
1780907704.8646655,0.1848,-0.9595,0.031,18.3817,24.9313,-3.2061,0.9776
1780907705.0642993,0.1641,-0.7627,0.0396,9.4427,45.9618,2.6641,0.7811
1780907705.2639525,0.1387,-1.0476,0.5081,18.7481,-2.7328,-36.9237,1.1725
0,0,0,0,0,0,0,0
0,0,0,0,0,0,0,0
1780907720.0545087,-0.1785,-0.8284,0.4595,-11.8015,-2.9771,9.5573,0.9639
1780907720.254411,-0.1096,-0.821,0.4517,-1.8855,-2.5344,6.8397,0.9435
1780907720.456046,-0.1655,-0.8987,0.5,-13.5649,20.0382,-10.9542,1.0416
1780907720.656786,-0.1372,-0.7659,0.4856,-17.916,6.5573,-16.8702,0.9172
1780907720.8553019,-0.2158,-0.6924,0.4602,17.9618,11.8931,-3.3893,0.8589
1780907721.0549905,-0.2246,-1.2385,0.7913,-7.3359,62.6718,-20.5573,1.4868
1780907721.253883,0.0149,-0.9153,0.272,-50.9084,-1.1985,-10.6565,0.955
1780907721.455032,-0.0349,-0.7688,0.3264,24.4046,60.9771,15.6565,0.836
1780907721.6626496,-0.0264,-1.3103,0.2881,-16.3511,-32.5115,3.916,1.3419
1780907721.8539028,-0.1929,-0.8811,0.106,-9.8702,-4.1221,5.4046,0.9082
1780907722.0544443,-0.1877,-0.7378,0.3582,5.9771,9.0763,-14.5878,0.8413
1780907722.2539594,-0.2373,-1.2883,0.0359,14.2366,-14.1527,-23.4198,1.3105
1780907722.4545987,-0.0286,-0.6558,0.2119,-19.2519,57.6641,-13.5954,0.6897
1780907722.70576,-0.002,-0.9658,0.2988,-19.2443,-20.5191,-8.8015,1.011
1780907722.8535354,-0.126,-0.8762,-0.1855,119.3282,99.7939,26.6489,0.9045
1780907723.053494,-0.1392,-0.6467,0.3188,-24.1298,-21.0382,-13.9084,0.7344
1780907723.2544053,-0.0552,-1.0635,0.3933,7.4351,0.5802,-10.5725,1.1352
1780907723.4548647,-0.0471,-0.8645,0.2778,24.4733,-11.2672,2.3053,0.9093
1780907723.6529636,0.0972,-0.658,0.24,-30.3588,-2.2977,3.0611,0.7071
1780907723.8542743,-0.1528,-1.1455,0.6238,-60.7023,-6.1374,7.6183,1.3133
1780907724.054471,0.0046,-0.887,0.1558,-13.1145,-4.0,-35.3053,0.9005
1780907724.2593787,-0.1145,-0.7708,0.2549,-17.5114,-7.9389,-21.0992,0.8198
1780907724.4545908,-0.1968,-0.9629,0.5664,2.9466,-19.0305,4.5573,1.1343
1780907724.6537974,-0.0344,-0.9258,0.3003,-30.9542,-69.8015,-1.5649,0.9739
1780907724.8547351,0.0898,-0.7771,0.2441,-22.9695,2.7939,3.6412,0.8195
1780907725.0545948,-0.2688,-1.093,0.5286,-30.5802,-0.0382,7.2443,1.2435
1780907725.2633595,-0.1384,-0.9329,0.1453,-3.458,-5.5191,-10.1908,0.9542
1780907725.4543564,-0.1653,-0.7388,0.2351,-9.5573,-24.0153,-12.7176,0.7927
1780907725.6535082,-0.2622,-0.7712,0.5627,39.2137,-29.3893,-4.5649,0.9901
1780907725.8543205,-0.0083,-0.8264,0.2668,39.4351,-26.9084,21.5954,0.8685
1780907726.0537236,-0.0801,-0.7915,0.2197,-33.2061,-74.2214,7.771,0.8253
1780907726.2550614,0.1023,-0.9136,0.1165,-26.3282,-131.0229,56.4427,0.9266
1780907726.4550467,-0.4871,-0.8938,0.3406,-33.5573,-41.7252,18.0916,1.0734
0,0,0,0,0,0,0,0
0,0,0,0,0,0,0,0
1780907727.745285,-0.0234,-1.0022,0.1162,-5.2366,-71.9542,27.6947,1.0092
1780907727.9441562,0.0078,-0.8677,0.251,-21.0229,-31.1069,4.1069,0.9033
1780907728.1462755,0.0566,-1.2908,-0.0386,25.5191,-21.2366,14.8473,1.2926
1780907728.3488107,0.0095,-1.0637,0.0034,-13.229,16.1298,-2.9313,1.0638
1780907728.5460353,-0.2144,-0.8149,0.2112,18.9084,-14.8321,-4.0534,0.8687
1780907728.746774,-0.0898,-1.1721,0.1814,45.8168,21.626,7.9771,1.1895
1780907728.945151,-0.0273,-0.8579,0.1272,-35.5725,2.0458,-6.5725,0.8677
1780907729.1450887,0.0393,-0.8955,0.3437,1.313,28.1679,7.2595,0.96
1780907729.3509028,0.061,-1.302,0.1868,4.313,-17.145,36.6489,1.3167
1780907729.5441134,-0.1252,-0.9094,0.1304,-1.7786,22.5954,-15.4122,0.9272
1780907729.7446022,-0.1604,-0.8428,0.2974,5.1985,-3.2366,-10.1069,0.908
1780907729.9441583,-0.0063,-1.2529,-0.1609,43.8931,-6.7176,-14.458,1.2632
1780907730.1447744,0.0159,-0.8325,0.2754,-16.6336,20.2977,0.8244,0.877
1780907730.3443375,-0.1248,-0.7903,0.333,-13.8855,2.855,2.3588,0.8666
1780907730.544547,-0.4451,-1.0449,0.2485,82.1374,31.2672,35.0229,1.1626
1780907730.744057,-0.1047,-0.738,0.1575,13.8321,-0.2901,-12.3435,0.7619
1780907730.9441257,-0.0613,-0.9561,0.4629,-37.8168,16.2901,-15.916,1.064
1780907731.144279,-0.0461,-0.9814,0.2896,-4.8931,-28.145,13.7252,1.0243
1780907731.3442752,-0.0361,-0.8538,0.3262,-18.5496,13.0076,5.8931,0.9147
1780907731.544659,-0.1594,-0.9082,0.4077,-35.8779,8.5191,-3.2214,1.0082
1780907731.7434392,0.0759,-1.083,0.0437,-40.1145,-31.8321,-13.1985,1.0865
1780907731.9455576,-0.1917,-0.8342,0.1814,11.8244,8.2061,1.4885,0.875
1780907732.1952786,-0.1345,-1.0522,0.4136,0.4962,-7.2672,3.4198,1.1386
1780907732.3450842,-0.1243,-0.9915,0.1946,-59.2443,-5.4046,-7.4504,1.018
1780907732.5437434,-0.0513,-0.8252,0.239,5.0305,3.7252,7.0229,0.8606
1780907732.748561,-0.0156,-0.9675,0.4053,-39.1374,-40.3893,-1.0,1.0491
1780907732.9454267,0.0466,-1.0681,0.054,-21.4656,-12.1069,-14.313,1.0705
1780907733.1451082,-0.1248,-0.8281,0.2158,3.1756,13.6489,-9.8092,0.8648
0,0,0,0,0,0,0,0
0,0,0,0,0,0,0,0
1780907734.6149175,-0.313,-0.9482,0.0706,12.8015,113.9466,-52.6336,1.0011
1780907734.815125,-0.1519,-0.9539,0.2534,10.0305,69.5038,-14.7099,0.9986
1780907735.0158627,-0.2549,-0.8628,0.4421,-25.084,4.145,-1.6565,1.0024
1780907735.214507,0.1587,-0.9241,-0.3225,80.4657,37.1527,5.0153,0.9915
1780907735.4134686,0.0083,-0.8867,0.2109,-7.0229,-2.5954,-8.3817,0.9115
1780907735.6202261,-0.2512,-0.8342,0.4685,-18.6718,41.771,13.4733,0.9892
1780907735.8168204,-0.4133,-0.8667,0.2402,52.9847,25.7252,11.7939,0.9898
1780907736.016733,-0.2627,-0.687,0.3215,10.0534,-5.3206,-2.7176,0.8027
1780907736.2131147,-0.2175,-1.3499,0.1848,-10.7176,-1.5954,4.6947,1.3797
1780907736.4134552,-0.0249,-0.8369,0.2129,-44.1832,-17.6641,-38.8473,0.8639
1780907736.6130435,-0.0344,-0.8928,0.3994,-14.7252,21.7099,8.4504,0.9787
1780907736.8127284,0.1958,-1.0439,-0.2231,107.3817,33.4656,35.4962,1.0853
1780907737.013317,-0.2361,-0.6135,0.384,-41.6718,-19.3817,-17.0458,0.7613
1780907737.2145128,-0.1023,-1.1182,0.4827,-9.3435,-18.8092,6.3969,1.2222
1780907737.4142518,-0.0757,-0.9028,0.2039,-14.3817,14.1756,27.1908,0.9287
1780907737.6146462,0.0952,-0.6255,0.1599,22.5038,-0.3511,11.5115,0.6526
1780907737.8142643,-0.0667,-1.53,0.2395,2.2366,-52.6031,8.2061,1.5501
1780907738.0142727,-0.1528,-0.8337,0.0439,-28.1069,18.687,5.8092,0.8488
1780907738.2141774,-0.3179,-0.7683,0.4214,6.084,-19.9313,-26.9313,0.9322
1780907738.4142044,-0.196,-1.4333,-0.0505,28.3053,7.4122,-12.8473,1.4476
1780907738.6145492,-0.2344,-0.7002,0.4744,-61.2519,-11.6794,-0.5954,0.8776
1780907738.8138328,-0.1157,-0.9521,0.2805,-4.0076,7.7863,23.0916,0.9993
1780907739.0231335,-0.1372,-0.874,0.1287,78.0076,41.084,2.145,0.894
1780907739.213679,0.0063,-0.7573,0.1189,-14.5725,27.9237,-2.5802,0.7666
0,0,0,0,0,0,0,0
0,0,0,0,0,0,0,0
1780907740.3239222,-0.1387,-0.959,0.1748,11.3206,65.771,-24.5954,0.9846
1780907740.5262632,-0.1272,-0.7595,0.1489,19.5573,101.0992,-26.1832,0.7844
1780907740.7235126,-0.2935,-0.8079,0.2529,-11.2748,83.5878,-27.4046,0.896
1780907740.9236066,-0.3613,-1.355,0.2122,37.1603,-1.5878,-24.1298,1.4183
1780907741.1251626,0.1716,-1.2451,-0.1899,-52.6336,-114.2977,-24.4656,1.2712
1780907741.3242989,0.0015,-0.7112,0.0571,31.0534,-0.1679,29.9695,0.7135
1780907741.5246158,-0.0945,-1.1553,0.3933,-43.3282,-100.5725,33.9618,1.224
1780907741.7236598,-0.2141,-1.1216,-0.0183,16.6412,31.9237,-23.2366,1.142
1780907741.923754,-0.1536,-0.667,0.2556,15.9542,92.229,-14.6565,0.7306
1780907742.1238837,-0.2549,-1.4521,0.1687,-21.3206,-29.2214,-32.1603,1.484
1780907742.323797,-0.2048,-0.3718,0.2207,-30.4656,-14.916,-5.3817,0.4785
1780907742.5242522,-0.3914,-1.5232,0.2566,14.1756,-8.4885,30.687,1.5935
1780907742.7245297,0.0698,-0.292,0.0005,-36.2214,-1.2824,-23.1756,0.3002
1780907742.924468,-0.239,-1.4138,0.3159,-27.0229,21.229,-32.5802,1.4683
1780907743.1244502,-0.1023,-0.2512,0.1152,1.687,-9.1908,-26.7328,0.2947
1780907743.3230667,-0.0964,-1.0437,0.4421,-5.5725,-69.6412,16.4198,1.1376
1780907743.5249333,-0.0835,-1.083,0.3059,44.8855,41.1298,-7.1756,1.1285
1780907743.7269273,-0.2424,-0.7786,0.3362,23.5725,15.916,-31.1527,0.882
1780907743.9235132,-0.249,-1.3083,0.5549,-11.229,-48.0,61.7405,1.4428
1780907744.124099,-0.0339,-0.5942,0.3557,-13.9389,-40.0687,25.855,0.6934
1780907744.3240275,-0.019,-1.1716,0.4653,-15.8855,49.0153,27.5954,1.2608
1780907744.5236182,-0.1062,-0.6372,0.1929,14.5725,56.6107,0.0916,0.6742
1780907744.725326,-0.2976,-1.043,0.3943,-33.5573,-6.8244,-22.5496,1.154
0,0,0,0,0,0,0,0

0,0,0,0,0,0,0,0
1780907784.7808897,-0.0161,-0.9385,0.3477,1.9847,-58.687,12.1221,1.0009
1780907784.9807518,-0.1042,-0.8787,0.2988,9.5038,9.6183,27.145,0.9339
1780907785.1805744,-0.0044,-0.9194,0.3445,-9.0458,11.4809,-1.9847,0.9819
1780907785.3891795,-0.0784,-0.9246,0.3215,-1.3969,21.3359,6.7481,0.982
1780907785.581925,-0.1162,-0.8447,0.3616,-9.3969,60.2748,-2.7634,0.9262
1780907785.7822156,-0.3096,-1.011,0.502,-16.4427,34.2748,-25.7863,1.1704
1780907785.983162,-0.1006,-0.8398,0.2231,-41.8779,-16.1603,-4.8168,0.8748
1780907786.1809585,-0.083,-0.7871,0.1765,-8.6489,2.4962,0.7405,0.8109
1780907786.3854325,-0.1145,-1.0454,0.1917,47.2366,-15.0,12.3893,1.069
1780907786.580226,-0.1309,-0.7078,0.3972,-76.5191,7.5344,13.8015,0.8221
1780907786.7804098,-0.1721,-0.7996,0.207,-33.1985,-30.7786,-5.229,0.8437
1780907786.9809852,-0.2178,-1.4277,0.0129,39.3664,-26.6641,-27.7557,1.4443
1780907787.180084,-0.0732,-0.5437,0.2615,2.6336,22.1221,-2.8168,0.6077
1780907787.3804576,-0.033,-1.0591,0.572,-67.855,3.7252,-6.0611,1.2041
1780907787.5812414,-0.2319,-0.8992,0.0386,0.0611,-45.9771,-39.5191,0.9294
1780907787.7807693,-0.1472,-0.6814,0.2808,20.3664,-15.6489,-3.7863,0.7515
1780907787.9803243,-0.2031,-1.6379,0.4099,23.687,23.2672,7.6565,1.7006
1780907788.1800988,-0.0764,-0.8127,0.187,-36.2061,29.4504,-5.4504,0.8375
1780907788.379412,-0.0115,-0.9658,0.384,-26.3435,-17.6489,26.2366,1.0394
1780907788.580258,-0.1511,-0.8367,-0.0488,96.084,-44.0076,7.2214,0.8516
1780907788.7808812,-0.0671,-0.6011,0.3577,5.8473,1.0611,-2.4046,0.7027
1780907788.9802299,-0.1382,-0.8921,0.4409,5.9542,-33.0229,-11.8168,1.0047
1780907789.1805785,-0.0442,-0.8389,0.1616,14.4885,-65.4504,33.2366,0.8554
1780907789.3818388,-0.105,-0.7136,0.3193,-15.5954,-19.0687,9.542,0.7888
1780907789.631166,-0.0178,-0.9016,0.3303,-17.6947,-5.6641,19.9847,0.9604
0,0,0,0,0,0,0,0
0,0,0,0,0,0,0,0
1780907792.884227,-0.0654,-0.9497,0.2153,10.3817,14.3893,-6.7863,0.976
1780907793.0822372,-0.165,-0.9421,0.1865,24.229,6.855,1.5115,0.9745
1780907793.2923622,-0.2124,-1.0513,0.3401,-2.9771,2.3206,-2.4275,1.1251
1780907793.4844077,-0.2603,-0.916,0.2737,-31.8779,-10.7939,2.1298,0.9908
1780907793.6832373,-0.2517,-0.8806,0.3164,4.4809,-0.5496,-17.3359,0.969
1780907793.8836055,-0.0566,-1.0269,0.1648,33.5725,-6.4809,1.5878,1.0415
1780907794.0822525,0.0454,-0.9402,0.1533,-42.5573,16.6336,-26.5344,0.9537
1780907794.2857878,-0.0471,-0.929,0.3303,-4.5573,17.6718,-0.2748,0.9871
1780907794.4865844,0.061,-0.8918,0.282,0.2748,15.6718,0.7863,0.9374
1780907794.6825666,-0.1641,-1.0889,0.0139,42.7786,20.8626,-7.0611,1.1012
1780907794.8828,-0.2324,-0.9907,0.2593,-23.2748,-6.9771,16.5038,1.0501
1780907795.082804,-0.1885,-0.8384,0.2559,-15.8473,-16.0153,-0.313,0.8966
1780907795.2835646,-0.322,-1.2192,0.1885,3.5267,12.4809,0.9008,1.2751
1780907795.4829557,0.1433,-0.8503,0.094,10.9313,-16.9084,6.7939,0.8674
1780907795.6824872,-0.0547,-0.8787,0.2061,7.0687,-3.3435,0.6489,0.9042
1780907795.883353,-0.0129,-0.9568,0.302,-4.855,4.1756,-1.229,1.0034
1780907796.083224,-0.2092,-1.2131,0.0884,71.2519,-20.771,-13.7557,1.2342
1780907796.2843134,-0.1689,-0.9021,0.3008,-90.7634,2.2214,20.8321,0.9658
1780907796.4832718,-0.2253,-0.8044,0.2971,-23.5267,-5.5725,-9.0763,0.8867
1780907796.6826875,-0.2817,-1.0313,0.4375,-29.9084,6.2443,-6.687,1.1551
1780907796.8830905,0.2334,-1.0134,0.0308,44.1908,5.6336,29.3664,1.0404
1780907797.0824838,-0.147,-0.7478,0.2656,7.1145,42.3282,-31.3282,0.8071
1780907797.281913,-0.0344,-0.9382,0.3938,-27.7099,12.5115,-2.5344,1.0181
1780907797.4838045,-0.1079,-1.3677,-0.144,78.8321,-75.1603,30.9008,1.3795
1780907797.6830544,-0.1238,-0.8093,0.02,-79.4198,23.2748,10.5725,0.819
1780907797.8847346,-0.2139,-0.8323,0.291,9.4885,-10.3893,-8.9924,0.9073
1780907798.0884893,-0.2722,-0.948,0.438,-30.4733,7.3206,-7.9695,1.0792
1780907798.2829332,0.1296,-0.8804,0.0623,35.4198,-32.8931,21.5573,0.892
1780907798.4849446,-0.0071,-0.8635,0.2317,-41.3664,85.4351,-16.0305,0.8941
1780907798.6838615,0.0012,-0.8879,0.2461,0.9847,6.5267,11.7786,0.9214
1780907798.8990948,0.0359,-0.9956,0.2573,-0.6718,11.5115,-13.145,1.0289
0,0,0,0,0,0,0,0
0,0,0,0,0,0,0,0
1780907800.933107,-0.2693,-0.9988,0.0688,25.1069,-7.8321,-19.9389,1.0367
1780907801.1312022,-0.1184,-0.9255,0.104,53.6412,21.5344,-14.145,0.9389
1780907801.3306148,-0.0715,-1.0012,0.2339,-18.6183,-3.3511,-19.2519,1.0307
1780907801.5309808,-0.0671,-0.9504,0.1992,-4.4656,9.7634,-3.6107,0.9734
1780907801.7347002,-0.0107,-0.9412,0.175,-8.4427,45.5344,-11.1069,0.9574
1780907801.9361207,0.0088,-0.9456,0.2935,12.5954,66.9084,-7.6641,0.9901
1780907802.1346133,-0.0771,-0.9587,0.2666,8.4962,60.374,-24.542,0.9981
1780907802.3352373,-0.2812,-0.8723,0.1741,32.7023,16.5725,-18.5802,0.9329
1780907802.5345898,-0.2869,-0.8635,0.427,-18.4504,26.0458,1.3817,1.0051
1780907802.7345953,-0.1316,-0.9399,0.386,-25.374,10.6794,-7.0153,1.0246
1780907802.9348772,-0.2461,-1.0818,0.197,16.855,4.5725,-12.8855,1.1268
1780907803.13457,0.0222,-0.7593,0.1118,18.9924,0.5115,-1.626,0.7678
1780907803.3346841,-0.0891,-0.8721,0.3003,10.1527,17.8702,-9.9466,0.9266
1780907803.5360477,-0.0344,-0.9019,0.291,-3.3359,21.5954,-0.4198,0.9483
1780907803.7356212,-0.0732,-1.0864,0.1963,10.1298,6.0382,3.6412,1.1064
1780907803.9361064,-0.3281,-0.6489,0.1782,27.9389,2.4656,-11.2366,0.7487
1780907804.1351366,-0.0881,-0.8572,0.2498,10.7252,-19.7405,-1.1527,0.8972
1780907804.3355842,-0.094,-0.9617,0.3337,2.7099,-2.5115,-11.1069,1.0223
1780907804.5443437,-0.3005,-1.2158,0.2664,-1.2672,1.4122,-10.687,1.2804
1780907804.7361333,0.0542,-0.7466,0.0798,-4.687,-57.4504,9.7405,0.7528
1780907804.9356778,-0.0107,-0.9463,0.2156,-6.1985,-47.5038,14.7939,0.9706
1780907805.149394,-0.0229,-0.947,0.3052,-1.0305,-42.145,17.2672,0.9952
1780907805.3365166,-0.0515,-1.1472,0.2781,-6.1145,-41.6565,21.9313,1.1816
1780907805.5363984,-0.1711,-0.6309,0.1421,8.0229,-44.5191,8.542,0.6689
1780907805.7385705,-0.1821,-0.8813,0.2483,16.4656,-45.4885,15.0916,0.9336
1780907805.9364989,-0.1499,-0.8904,0.3257,-1.5496,-41.084,-10.2824,0.9599
1780907806.1368222,-0.1982,-0.9038,0.1226,21.7557,-71.7099,21.0611,0.9334
1780907806.3361099,-0.0916,-1.0325,0.0603,-32.8473,-107.1603,61.4351,1.0383
1780907806.5383432,-0.2546,-0.9324,0.0942,-28.084,-167.5878,58.2137,0.9711
1780907806.7361386,-0.2004,-0.9832,0.1384,-23.7176,-131.0534,57.5344,1.0129
1780907806.9370286,-0.2263,-1.1099,0.2139,-26.5344,-111.4962,17.6794,1.1527
1780907807.1365974,-0.2915,-0.8723,0.3184,-11.6412,-72.1069,14.626,0.9733
1780907807.3364658,-0.3767,-0.8281,0.343,-14.8473,-9.8626,-1.3206,0.9723
1780907807.53619,-0.1265,-1.0989,0.1887,-19.3664,-10.8321,37.1756,1.1221
1780907807.7380877,0.042,-0.8157,0.2112,-16.4275,16.2977,-21.9924,0.8436
1780907807.9489872,-0.1899,-0.8342,0.3198,0.1832,42.6107,0.8473,0.9134
1780907808.13765,-0.0334,-1.0642,0.3289,-8.5038,28.145,-8.9084,1.1144
1780907808.3378706,-0.2607,-0.7581,0.0552,45.5496,-11.5878,-23.084,0.8035
0,0,0,0,0,0,0,0
0,0,0,0,0,0,0,0
1780907810.3437395,-0.28,-0.8657,0.3293,2.5649,-37.7176,-5.0916,0.9677
1780907810.5435998,-0.2366,-0.8147,0.314,-3.7939,-28.5649,-15.5115,0.9046
1780907810.741448,-0.1296,-1.1133,0.0286,27.4733,-74.1527,31.6794,1.1212
1780907810.9418652,-0.1077,-0.8333,0.24,-34.7328,-6.4351,7.5649,0.8738
1780907811.1414797,-0.0642,-0.8962,0.2429,-7.7405,-46.8092,45.9313,0.9308
1780907811.3534548,-0.2122,-1.3059,0.2651,-3.9542,-53.1145,16.7863,1.3493
1780907811.5435436,-0.2427,-0.8215,0.0708,-25.9924,-27.9466,3.5344,0.8595
1780907811.7414958,-0.2791,-0.8708,0.3027,0.2366,-35.8397,-1.0611,0.9633
1780907811.9862187,-0.2129,-0.9727,0.5144,-31.4046,-5.9618,-6.8092,1.1207
1780907812.142029,-0.0112,-0.7805,0.0618,42.6107,-70.3969,40.687,0.783
1780907812.341724,-0.2261,-0.9216,0.4771,-68.6336,-50.458,13.1145,1.0621
1780907812.5412138,-0.0381,-0.9006,0.2329,-22.0611,-58.2366,39.8931,0.931
1780907812.7413888,-0.0728,-1.1667,0.3064,12.4656,-66.4733,16.2824,1.2085
1780907812.942444,-0.196,-0.7422,0.0803,-69.458,-31.6489,11.6412,0.7718
1780907813.142901,-0.2485,-0.8435,0.2566,21.1832,-54.6107,8.8244,0.916
1780907813.347928,-0.2007,-0.9297,0.3628,-2.1908,-26.8321,-13.0076,1.0179
1780907813.5459895,-0.1028,-0.926,0.063,58.6794,-35.7252,19.9847,0.9338
1780907813.7414644,-0.0398,-0.8542,0.1135,-79.0229,12.1679,8.3817,0.8627
1780907813.9415388,-0.0801,-0.8215,0.2212,9.6031,-45.3893,27.4962,0.8545
1780907814.1442666,-0.1003,-1.3735,0.2695,-11.4198,-40.9618,18.5725,1.4033
1780907814.3416758,-0.1978,-0.6021,0.0122,2.8244,-71.7176,16.7863,0.6338
1780907814.5443795,-0.2163,-0.9666,0.3171,-24.8779,-41.4656,18.7863,1.04
1780907814.744155,-0.137,-0.9126,0.2771,-8.1985,-28.7252,-4.3969,0.9635
1780907814.9422114,-0.2166,-0.9519,0.3643,4.6107,-4.2137,-8.9542,1.042
1780907815.1434524,-0.0823,-0.7625,0.1143,20.2901,-63.8092,28.2824,0.7753
1780907815.3943179,-0.0972,-0.8318,0.3699,-44.3206,-3.145,13.0534,0.9155
1780907815.5419424,-0.1331,-0.8372,0.2087,-3.6641,-60.084,30.3282,0.873
1780907815.7422771,-0.1047,-1.1218,0.2708,-4.0153,-75.6947,24.7786,1.1588
0,0,0,0,0,0,0,0
0,0,0,0,0,0,0,0
1780907817.346024,-0.241,-0.8481,0.2959,-5.8168,3.1069,-7.2977,0.93
1780907817.5456002,-0.2869,-0.8501,0.3188,-3.4962,-8.7176,-3.7557,0.9522
1780907817.745429,-0.2053,-1.1165,0.2329,-11.1221,-14.4733,18.2977,1.1588
1780907817.948407,0.0483,-0.8506,0.1484,-20.8168,-63.7252,12.0534,0.8648
1780907818.145782,-0.179,-0.949,0.3857,-48.2901,3.7099,-1.0534,1.0399
1780907818.3462415,0.1533,-0.9045,0.1318,18.3435,-53.542,13.0229,0.9269
1780907818.544682,-0.6257,-0.8674,0.2354,-1.3817,22.2519,-24.0687,1.0952
1780907818.7453258,-0.2007,-0.8445,0.1111,-1.0,-24.1527,2.8855,0.8751
1780907818.946332,-0.2996,-0.8784,0.1782,-0.7557,25.4427,-15.8092,0.945
1780907819.1452956,-0.3782,-1.2256,0.1438,-22.855,60.1221,79.3588,1.2906
1780907819.3458185,0.0759,-0.9202,0.1191,21.9008,5.0076,-15.0382,0.9309
1780907819.5457947,-0.2368,-0.9575,0.1521,-3.084,21.8702,-10.1908,0.998
1780907819.745714,0.0449,-0.9805,0.2019,10.9771,-10.855,-15.0153,1.002
1780907819.9458165,-0.4216,-0.7981,0.1057,23.2137,-17.5191,-36.7481,0.9088
1780907820.146594,-0.2659,-0.7537,0.0776,8.0153,-70.6718,36.1985,0.8029
1780907820.346192,-0.2444,-0.8416,0.2578,-15.1679,-30.1374,7.6641,0.9135
1780907820.5463629,-0.3618,-0.8606,0.1819,-3.9008,-57.9237,42.2748,0.9511
1780907820.745608,0.1614,-0.9016,0.1182,-0.9695,-40.6336,40.5038,0.9235
1780907820.945228,-0.218,-1.0298,0.2588,-11.2977,-7.3893,-9.4885,1.084
1780907821.1452887,-0.0571,-1.0754,0.217,28.7252,-89.0763,9.3282,1.0986
1780907821.3464699,-0.4595,-0.6956,0.2202,-5.687,4.2443,27.2443,0.8622
1780907821.5444415,-0.24,-0.8865,0.2532,2.1298,-49.5649,-1.4809,0.9526
1780907821.7455413,-0.4397,-0.8208,0.3455,-7.9084,-56.2366,11.3588,0.9932
1780907821.945229,-0.5078,-1.2625,0.1516,-22.9618,-7.6107,28.3511,1.3692
1780907822.1456735,0.0864,-0.9341,0.1697,-43.2519,-61.3893,-14.0153,0.9533
1780907822.3452618,-0.1912,-1.0271,0.2732,-23.916,-21.916,2.7863,1.0799
1780907822.5612173,0.0107,-0.9392,0.2205,17.9542,-32.1527,13.8779,0.9648
1780907822.74876,-0.2654,-1.0898,0.1697,14.8015,-9.5038,4.6489,1.1344
1780907822.9459722,-0.4014,-0.9744,0.199,-48.7023,-14.2519,28.1832,1.0724
1780907823.1829393,-0.3359,-0.8977,0.2202,-7.7023,-28.0229,-2.2366,0.9835
0,0,0,0,0,0,0,0
0,0,0,0,0,0,0,0
1780907841.598237,-0.0315,-0.8784,0.3838,11.5191,-12.9466,8.4809,0.9591
1780907841.8489406,-0.0417,-0.8516,0.4011,-3.8321,-3.4885,6.5573,0.9422
1780907841.9985547,0.0229,-0.8845,0.4353,-10.9618,-25.8397,2.2214,0.9861
1780907842.2014081,0.033,-0.8889,0.3828,1.2443,12.6031,-8.3282,0.9684
1780907842.3979287,0.0251,-0.887,0.4014,-7.8702,-5.0229,1.2519,0.9739
1780907842.5979438,-0.0059,-0.8853,0.394,-2.0458,1.2443,-4.3664,0.969
1780907842.7983515,0.0181,-0.8872,0.3909,-1.0,3.4809,-2.6565,0.9697
1780907843.0131526,0.0271,-0.8699,0.3977,-0.9618,-4.7863,-0.2672,0.9569
1780907843.198463,0.0198,-0.8699,0.3906,0.1908,-0.6947,-0.5725,0.9538
1780907843.398101,0.0225,-0.8723,0.4026,-2.4275,-2.0992,-1.4733,0.961
1780907843.5979307,0.0266,-0.8704,0.3875,-1.0153,0.7481,-0.4275,0.9531
1780907843.7976983,0.0256,-0.8721,0.405,-1.4809,-2.5802,-0.0611,0.9619
1780907843.9976153,0.0344,-0.8687,0.4045,-2.0458,-4.4504,-1.7099,0.9589
1780907844.1975884,0.0435,-0.8691,0.3953,-1.5191,-1.1832,-1.9771,0.9558
1780907844.3965266,0.043,-0.8701,0.4001,-2.4962,-1.4809,-0.3969,0.9587
1780907844.5975542,0.0359,-0.8738,0.4021,-2.5573,-0.4046,-1.0916,0.9625
1780907844.798774,0.0435,-0.8704,0.3918,-2.2061,-2.0992,-1.2366,0.9555
1780907844.997992,0.0442,-0.8718,0.3853,-2.7252,-1.9466,-1.1298,0.9542
1780907845.1976082,0.0454,-0.874,0.3857,-2.2366,-0.5725,-0.855,0.9564
1780907845.3977997,0.0479,-0.876,0.387,-2.4885,-1.3206,-0.6031,0.9588
1780907845.599693,0.0527,-0.8733,0.385,-1.4656,-2.5496,0.2061,0.9559
0,0,0,0,0,0,0,0
0,0,0,0,0,0,0,0
1780907864.1080623,0.0,-0.8499,0.3743,-10.3053,-91.6489,17.8473,0.9286
1780907864.306153,0.0625,-0.8716,0.3628,6.9313,-84.8015,59.0153,0.9461
1780907864.5063848,0.0505,-0.8137,0.3997,-32.8015,-105.1298,24.5267,0.908
1780907864.7064831,0.085,-1.3342,0.3342,-22.0763,-60.9237,35.7328,1.3781
1780907864.905834,0.1016,-0.9363,0.2307,-13.0916,13.5802,-3.0458,0.9696
1780907865.1062038,0.1047,-0.8027,0.2534,-15.4427,11.7786,-26.9618,0.8483
1780907865.3064814,-0.2703,-0.9277,0.4768,10.771,-13.0,-6.5573,1.0775
1780907865.5059218,0.2031,-0.8049,0.124,13.9466,4.6565,11.313,0.8394
1780907865.7175136,0.1367,-0.8154,0.1997,7.5344,-9.313,4.6641,0.8506
1780907865.9078405,0.0273,-1.0605,0.4263,-26.145,-87.0763,-5.8244,1.1433
1780907866.1059847,-0.135,-0.9827,0.1211,-31.4046,-97.2443,6.2137,0.9993
1780907866.3061402,0.0435,-0.9983,0.1584,-11.7939,-98.2595,27.0076,1.0117
1780907866.5066159,0.0068,-0.9338,0.105,34.7786,-55.2672,18.4962,0.9397
1780907866.706639,0.3079,-1.0647,0.1887,3.5573,-55.9771,-3.8092,1.1243
1780907866.90641,0.1643,-0.8975,0.1992,-13.5649,-15.9847,6.9618,0.9339
1780907867.113612,0.1016,-0.906,0.2732,6.9542,-16.7099,19.8168,0.9517
1780907867.306465,-0.1782,-0.9817,0.1123,-12.5573,-70.229,-0.1527,1.004
1780907867.5068362,-0.022,-0.8765,0.1377,7.7328,-29.5802,22.0992,0.8875
1780907867.7108886,0.0005,-0.9016,0.2996,-16.8321,-55.3435,-2.1832,0.9501
1780907867.9109485,0.0583,-1.0066,0.0583,43.0,12.4122,4.9008,1.01
1780907868.1066635,0.022,-0.8586,0.1362,18.0076,6.2595,11.4809,0.8697
1780907868.3060732,0.0828,-0.8989,0.2583,-18.8397,-34.5038,16.9237,0.939
1780907868.5121057,0.052,-0.8879,0.3115,-2.5573,-46.3969,23.8168,0.9424
1780907868.7058477,-0.3364,-1.0186,0.2969,-1.7863,-52.0229,8.3053,1.113
1780907868.9068394,-0.1145,-0.8579,0.1575,16.7176,-31.8626,35.4885,0.8797
1780907869.114043,-0.082,-0.929,0.2444,-11.458,-24.1985,8.5725,0.9641
1780907869.306307,-0.2078,-0.9124,0.3076,3.313,-27.771,2.5878,0.985
1780907869.5064948,0.1228,-0.9861,0.1392,33.5344,-14.6107,36.4122,1.0034
1780907869.7067852,0.0164,-0.844,0.2187,-5.7328,-75.8168,10.1756,0.872
1780907869.90605,0.1831,-0.864,0.1902,-17.6794,-54.374,22.7023,0.9034
0,0,0,0,0,0,0,0
0,0,0,0,0,0,0,0
1780907871.6987598,0.0771,-0.9241,0.2607,-16.8473,8.1069,-17.2824,0.9632
1780907871.8993564,0.1016,-0.9419,0.2317,-3.9389,9.9847,-6.0458,0.9753
1780907872.0975704,0.1121,-0.9158,0.2852,-13.2061,10.7405,-7.8702,0.9657
1780907872.2979221,0.0735,-0.8582,0.292,-13.9084,28.4351,-0.7252,0.9094
1780907872.4967008,0.2683,-1.0767,0.2327,11.9008,3.0916,8.6107,1.1337
1780907872.6967885,-0.2112,-0.7673,0.134,64.3588,94.0916,-16.0382,0.8071
1780907872.8976552,-0.104,-0.9319,0.3601,-3.7405,26.1145,-21.3359,1.0044
1780907873.1087825,-0.0879,-0.8896,0.4155,-15.6183,3.2824,-23.9847,0.9858
1780907873.296449,-0.0686,-1.3374,0.1953,-7.7328,-3.8168,-12.0763,1.3533
1780907873.4967422,0.1348,-0.9138,0.189,-53.0534,-60.4122,-8.313,0.9428
1780907873.69761,0.0464,-0.8096,0.2993,3.1908,-45.5802,25.9695,0.8644
1780907873.898491,0.0635,-0.9116,0.3787,-14.0763,-113.5573,40.7405,0.9892
1780907874.0975535,-0.3245,-0.6821,0.2395,34.2748,-60.1527,34.3664,0.7924
1780907874.2975457,-0.1792,-0.9307,0.2766,-17.6947,-67.145,15.3282,0.9873
1780907874.4961808,-0.1836,-0.9133,0.198,-15.4351,-64.6718,17.3359,0.9524
1780907874.6968162,-0.2085,-0.9539,0.2129,-23.8244,-105.1603,28.3206,0.9993
1780907874.8962648,-0.2466,-1.2397,-0.0083,43.8702,-40.7176,44.084,1.2641
1780907875.096846,0.2903,-0.8008,0.1143,-25.9466,-101.1145,17.0458,0.8594
1780907875.2977707,0.0222,-0.9529,0.2991,7.4504,-18.2977,4.5038,0.999
1780907875.4967313,0.043,-0.927,0.3135,-3.229,20.3206,-0.3588,0.9795
1780907875.6975462,0.0903,-0.9382,0.4658,-15.2824,-6.2748,-1.6183,1.0514
1780907875.896736,-0.5708,-0.9268,-0.0872,83.3664,55.9924,-47.7939,1.0919
1780907876.0982523,0.0137,-0.8037,0.2578,-20.2672,-30.0687,-12.5725,0.8442
1780907876.2967813,-0.2402,-0.8796,0.2493,32.5191,17.5496,-10.7252,0.9453
1780907876.504127,0.1533,-1.261,0.2451,7.7786,-56.313,41.6107,1.2937
1780907876.6963294,-0.0833,-0.7417,0.3547,-29.2977,-35.084,-12.0305,0.8264
1780907876.897505,0.0168,-0.8018,0.4304,-8.916,-44.2519,5.1069,0.9101
1780907877.098559,-0.0044,-0.9712,0.384,-15.687,-48.5954,-7.1679,1.0444
1780907877.2962742,-0.4443,-0.7957,0.1968,15.313,-13.6412,-25.5802,0.9323
1780907877.496763,-0.1101,-0.8457,0.2139,-19.5954,-44.458,6.1985,0.8792
1780907877.6974187,-0.2322,-0.8789,0.2629,8.7786,-33.5649,-10.771,0.9463
1780907877.903525,0.1699,-1.2449,0.2593,19.771,15.6183,26.7634,1.2829
1780907878.0959373,0.0959,-0.8713,0.2986,0.6107,-48.3282,11.0458,0.9261
0,0,0,0,0,0,0,0
0,0,0,0,0,0,0,0
1780907881.608209,-0.0632,-0.9446,0.2488,12.084,91.687,-20.3969,0.9788
1780907881.798424,-0.1667,-0.8787,0.3254,-11.5115,68.687,-22.2214,0.9517
1780907881.9987085,-0.1809,-0.8853,0.2705,23.9542,49.0611,-32.7786,0.9432
1780907882.199701,-0.0229,-0.967,0.3025,22.2061,24.6794,5.0229,1.0135
1780907882.3979478,-0.1509,-0.9053,0.3982,-3.5954,10.0611,-18.5038,1.0004
1780907882.5986369,-0.2017,-0.8225,0.6421,-10.0992,-37.5038,-4.6031,1.0628
1780907882.7980545,-0.0508,-0.7339,0.2881,1.0763,13.3435,-2.0305,0.79
1780907883.0149999,-0.075,-0.8538,0.4194,-14.2824,45.2366,-23.8321,0.9542
1780907883.1977882,-0.0959,-0.8628,0.4644,10.4656,-5.0,1.4427,0.9845
1780907883.401707,-0.3718,-0.6675,0.1211,85.9542,15.1298,-37.1603,0.7736
1780907883.5987291,-0.2534,-0.7957,0.4297,-79.0763,-63.7557,16.0382,0.9391
1780907883.803362,-0.1367,-0.9111,0.3066,22.4351,-13.8931,14.3282,0.971
1780907883.9984982,-0.303,-0.7566,0.4436,-27.6794,-43.1298,-9.2443,0.9279
1780907884.199348,-0.0046,-0.9128,0.4351,34.916,-50.6641,65.687,1.0112
1780907884.39776,-0.0225,-0.8013,0.3706,-75.8168,-73.5954,-8.4275,0.8831
1780907884.601779,0.1296,-1.179,-0.136,154.0687,7.374,53.0305,1.1938
1780907884.801733,-0.0476,-0.6697,0.2549,-32.0611,-37.2977,-11.9389,0.7181
1780907884.998317,-0.1113,-0.8994,0.3579,-14.6718,-10.6412,-1.3588,0.9744
1780907885.2133899,-0.1592,-0.8196,0.3591,4.084,-8.3969,-1.6183,0.9089
1780907885.3989358,-0.1196,-1.0952,0.1357,-18.8702,-8.7634,-6.7328,1.1101
1780907885.5997527,0.0869,-0.8037,0.2637,-20.8092,-38.9924,-5.6031,0.8503
1780907885.7984278,0.0608,-0.8992,0.375,-15.2366,22.3817,0.374,0.9761
1780907885.9986708,0.0564,-0.8669,0.4253,12.7939,20.0687,18.0992,0.9673
1780907886.1980908,-0.3857,-0.7451,0.2632,50.6412,50.0229,-71.6336,0.8794
1780907886.399521,-0.2178,-0.8486,0.3215,-32.8473,4.8626,5.1908,0.9333
1780907886.6130657,-0.1699,-0.8843,0.2795,17.3588,36.2443,-7.626,0.9428
1780907886.7979374,-0.2151,-0.7961,0.4158,7.6107,16.0992,-24.0076,0.9236
1780907886.9978156,0.1426,-1.0728,0.2568,26.3969,52.6794,5.1221,1.1122
1780907887.1976516,-0.0867,-0.7793,0.2458,-0.1221,20.3435,-7.8473,0.8217
1780907887.399109,0.0347,-0.8562,0.3152,-6.7786,-7.4122,13.855,0.913
0,0,0,0,0,0,0,0
0,0,0,0,0,0,0,0
1780907891.9391341,-0.0801,-0.8584,0.3633,-4.8015,-27.5649,12.0305,0.9355
1780907892.1379712,-0.0515,-0.7869,0.4058,-23.626,-25.4504,-2.3282,0.8868
1780907892.3379333,-0.0701,-0.8416,0.386,-11.9466,-17.2824,5.7099,0.9285
1780907892.538114,-0.0554,-0.9771,0.4807,-19.4656,-25.1527,0.7786,1.0903
1780907892.7388124,-0.0718,-0.8279,-0.0325,94.5573,91.3588,14.5344,0.8316
1780907892.9385996,-0.2893,-0.7859,0.3752,-73.2214,-22.3206,-8.2061,0.9177
1780907893.1380165,-0.1853,-0.8369,0.2866,10.7786,-11.145,-23.771,0.9038
1780907893.338212,-0.1472,-1.1147,0.5005,19.4886,46.1374,-11.4962,1.2308
1780907893.544968,-0.0195,-0.7651,0.3437,-23.7405,-59.5954,-31.1908,0.839
1780907893.738352,-0.0134,-0.8975,0.2815,-0.3511,6.3893,20.8397,0.9407
1780907893.9383051,-0.073,-0.9197,0.6167,-33.8321,-75.084,8.0382,1.1097
1780907894.1378741,-0.55,-0.4976,0.4568,37.8244,-8.313,-21.2672,0.8711
1780907894.3385012,-0.1394,-0.876,0.2852,-12.7099,-6.9542,-7.7939,0.9317
1780907894.538865,-0.0857,-0.9241,0.2969,-12.1374,0.1832,-8.0687,0.9744
1780907894.7378418,0.1216,-1.2302,0.2319,55.855,1.4733,-4.4122,1.2578
1780907894.939325,0.1243,-0.7488,0.3643,-48.9695,-66.3206,-18.5038,0.8419
1780907895.1387856,0.0239,-0.8635,0.3955,2.458,-18.8168,29.4275,0.9501
1780907895.3429413,0.0728,-0.9397,0.4004,-22.1069,-60.8321,-0.3588,1.024
1780907895.552324,-0.4548,-0.6113,0.2178,52.4504,21.1756,-21.2214,0.7925
1780907895.7391102,-0.1282,-0.8589,0.3423,-75.9771,-63.0916,-18.0687,0.9334
1780907895.9379835,-0.0576,-0.8274,0.3743,6.6489,-59.458,1.3588,0.9099
1780907896.1387036,0.0662,-1.4324,0.0635,25.5954,-54.1527,31.4504,1.4353
1780907896.3433936,0.0889,-0.9224,0.2021,-13.8397,-123.4198,32.7405,0.9484
1780907896.538509,0.2661,-0.8979,0.2581,-9.9389,-74.6107,44.9084,0.9715
1780907896.7388415,0.1577,-1.0854,0.0447,24.5725,-100.1679,16.2901,1.0978
1780907896.9379947,-0.322,-0.6667,0.3096,-25.687,-73.7481,40.9695,0.8025
1780907897.1381884,-0.052,-1.0098,0.1831,5.0916,-118.4198,45.1527,1.0275
1780907897.3380158,-0.0908,-0.8469,0.2952,17.7176,-73.8397,7.6718,0.9015
1780907897.538454,-0.043,-1.1221,0.3401,19.6412,-75.5802,35.7176,1.1733
1780907897.745486,0.103,-1.0347,0.0857,-28.1527,-126.2366,51.0687,1.0433
1780907897.9381568,0.0874,-0.8711,0.3804,-6.1145,-60.9618,46.0,0.9545
1780907898.139352,-0.0911,-0.8862,0.4968,-21.0763,-27.9237,8.855,1.0201
1780907898.3382468,-0.0686,-0.7388,0.2229,64.9237,-17.2748,3.9313,0.7747
1780907898.5382042,-0.1843,-0.7844,0.2478,20.4886,34.1069,-15.1679,0.843
1780907898.7437806,-0.1438,-0.8875,0.3862,2.7939,15.8015,-22.2901,0.9785
1780907898.938722,-0.2056,-0.9031,0.4612,6.4351,-1.458,-6.8626,1.0346
1780907899.1413524,-0.052,-0.6799,0.3518,21.0,-38.5038,4.8168,0.7673
1780907899.3378978,-0.0195,-0.7781,0.5283,-56.9389,-31.0,19.0611,0.9407
0,0,0,0,0,0,0,0
0,0,0,0,0,0,0,0
1780907908.934988,-0.3718,-0.8115,0.2493,-21.8855,4.5725,23.4886,0.9268
1780907909.1355376,-0.3745,-0.8325,0.2573,-11.0229,-95.771,-9.3435,0.9485
1780907909.3952353,-0.5715,-1.1799,0.3289,-52.3282,-20.7481,4.3664,1.3517
1780907909.585132,-0.3396,-0.8677,-0.0044,-48.8626,-59.0534,15.9237,0.9318
1780907909.7423246,-0.2725,-0.8342,0.0718,2.6718,-112.458,14.2061,0.8805
1780907909.9853024,-0.4114,-0.9377,0.4329,-7.4427,-28.2901,22.2824,1.1117
1780907910.1342766,-0.5391,-0.8513,-0.1194,7.9313,-76.6412,35.3969,1.0147
1780907910.3342152,-0.45,-0.9353,0.2007,7.1603,-55.6489,3.0534,1.0571
1780907910.5347655,-0.3503,-0.8279,0.292,-7.2519,-50.7939,-19.3282,0.9452
1780907910.739599,-0.7625,-1.1985,0.1042,30.4733,33.4122,-5.1679,1.4243
1780907910.9395506,-0.2964,-0.946,0.0527,-52.9618,-54.0611,10.5802,0.9928
1780907911.1389887,-0.3562,-0.8328,0.2,-26.3588,-131.4962,61.2595,0.9276
1780907911.3358946,-0.2043,-0.8726,0.2649,-17.4122,-67.6794,28.0916,0.9345
1780907911.5341063,-0.5046,-1.2073,0.0266,5.4809,-38.2748,46.542,1.3088
1780907911.7490227,-0.3831,-0.7759,0.2625,-61.916,25.7481,37.8626,0.9042
1780907911.9532385,-0.4043,-0.8318,0.3562,-14.0763,-33.2901,-5.0611,0.9911
1780907912.135472,-0.4612,-1.0735,0.3643,-25.0458,55.1985,-5.8473,1.2238
1780907912.3408802,-0.1111,-0.8472,0.2029,-37.6031,-49.626,13.6947,0.8782
1780907912.5342777,-0.231,-0.7944,0.3738,2.5649,-0.2519,35.0382,0.9078
1780907912.7345588,-0.2869,-1.0085,0.5562,-3.2748,-10.7405,19.5496,1.1869
1780907912.9354794,-0.395,-0.7922,0.0601,11.2901,-10.0916,-30.1069,0.8873
1780907913.1352365,-0.1768,-0.6672,0.2095,14.0687,-3.145,-0.771,0.7213
1780907913.3337731,-0.3359,-0.8767,0.3401,-17.1374,6.855,-10.5725,0.9986
1780907913.53539,-0.4478,-0.9885,-0.176,52.0382,-28.0076,-1.4351,1.0994
1780907913.7346148,-0.2104,-0.7732,0.2322,-3.7252,49.8473,5.5038,0.8343
1780907913.9344652,-0.199,-0.8049,0.2334,-1.9847,-24.855,21.8779,0.8614
1780907914.1476078,-0.0857,-1.0205,0.4277,-22.3588,-25.374,8.229,1.1098
1780907914.3337245,-0.5452,-0.8035,0.0513,-0.6565,25.7023,-10.771,0.9723
1780907914.5346403,-0.2556,-0.7524,0.2114,-9.2672,5.6489,-22.9695,0.8223
1780907914.7437885,-0.3665,-0.8994,0.2898,7.0763,-25.6336,-24.6794,1.0135
1780907914.938724,-0.3176,-0.9656,-0.0264,76.8244,-79.3664,-7.7939,1.0168
1780907915.1345022,-0.2334,-0.6545,0.2473,-30.5344,77.4198,7.6947,0.7376
1780907915.334257,-0.21,-0.855,0.2581,-39.3206,-42.9771,41.9237,0.9174
1780907915.5342407,-0.241,-1.1047,0.2925,7.2366,-76.9695,33.7939,1.1679
1780907915.7343638,-0.4905,-0.8928,0.2273,-59.7863,17.3588,18.8473,1.0437
1780907915.9362588,-0.4595,-0.8752,0.0872,-24.0076,-61.7939,11.7481,0.9924
0,0,0,0,0,0,0,0
0,0,0,0,0,0,0,0
1780907952.921376,0.0266,-0.9543,0.0762,-15.4504,82.0076,5.9389,0.9578
1780907953.1334977,0.0386,-0.9868,-0.1746,-11.0153,17.6107,18.0076,1.0029
1780907953.3285313,0.0764,-0.9204,-0.219,2.0916,43.7328,9.6031,0.9492
1780907953.521642,-0.1416,-0.9216,-0.3074,-24.0305,54.4198,31.3359,0.9818
1780907953.7221243,-0.0488,-0.9788,-0.2407,-5.3053,42.4656,3.771,1.0091
1780907953.9214041,0.002,-1.2495,-0.1936,14.9771,56.3359,-6.8168,1.2644
1780907954.1202824,-0.0596,-0.6333,-0.4175,22.3664,35.9771,7.916,0.7609
1780907954.3211875,0.0073,-0.9539,-0.2439,-10.1908,-27.7099,-21.6718,0.9846
1780907954.5213182,-0.0376,-0.9873,-0.2529,-1.9008,-43.5344,9.0763,1.0199
1780907954.7211208,-0.0281,-0.8972,-0.6504,-27.5725,-37.1756,-3.9695,1.1085
1780907954.9203115,-0.0952,-1.115,-0.54,0.5649,-41.8931,-22.0153,1.2425
1780907955.1218097,0.0366,-0.9917,-0.3013,-8.6718,15.2137,-6.7099,1.0371
1780907955.3208556,-0.0181,-1.2397,-0.4128,-13.1679,78.9466,28.5878,1.3068
1780907955.521248,-0.2441,-0.7124,-0.4709,-16.1756,27.5649,25.0611,0.8882
1780907955.7206576,0.0154,-0.8989,-0.3076,-14.6565,-38.9389,-15.1221,0.9502
1780907955.9206095,-0.0383,-1.3013,-0.3164,21.7481,-69.8626,-47.9847,1.3397
1780907956.1204681,-0.1672,-0.5664,-0.4746,27.687,-46.5496,17.2366,0.7577
1780907956.3232265,0.1602,-0.9795,-0.2908,12.4504,-48.2214,-44.8397,1.0342
1780907956.521336,-0.116,-1.0115,-0.2341,16.7252,16.1985,-8.6183,1.0447
0,0,0,0,0,0,0,0
0,0,0,0,0,0,0,0
1780907971.9081976,-0.1077,-0.7527,-0.1841,17.0534,27.7786,-3.4122,0.7823
1780907972.1118312,0.125,-0.9126,-0.1826,16.626,-6.2748,5.1756,0.939
1780907972.3060887,0.1306,-0.9922,-0.3115,-9.5344,11.2748,12.313,1.0481
1780907972.507555,-0.0562,-1.0232,-0.4204,1.2137,41.374,0.1527,1.1076
1780907972.7066708,-0.1265,-0.7986,-0.1538,-32.687,97.1756,38.3282,0.823
1780907972.9065468,-0.105,-0.9106,-0.156,-30.1374,66.8779,33.7786,0.9299
1780907973.106244,-0.0222,-1.1572,-0.3237,9.084,62.2824,-7.0076,1.2019
1780907973.3115318,-0.0356,-0.491,-0.3269,29.4046,38.0076,2.8473,0.5909
1780907973.506877,0.0083,-0.6104,-0.1931,-27.3435,-25.145,-25.8702,0.6402
1780907973.7079263,-0.0886,-1.2131,-0.4475,-10.0992,-60.1756,7.374,1.2961
1780907973.9096272,-0.0923,-0.4902,-0.6287,36.2901,-77.3206,9.1374,0.8025
1780907974.1064649,0.0305,-0.7153,-0.2913,0.771,-37.0534,-22.3893,0.773
1780907974.3162324,-0.051,-1.1667,-0.3557,-6.4046,14.855,-12.6412,1.2208
1780907974.507368,0.1028,-0.4517,-0.4382,59.4046,24.8244,-1.4962,0.6377
1780907974.7083957,-0.0339,-0.8342,-0.3162,-8.1908,-16.0763,-17.8244,0.8928
1780907974.9113333,-0.0825,-1.1113,-0.4109,-11.6641,-58.3282,8.1756,1.1877
1780907975.1075592,-0.1021,-0.4758,-0.55,33.0382,-77.0534,-2.916,0.7344
1780907975.3092475,-0.0486,-0.7102,-0.3032,11.0076,-49.5267,-25.313,0.7738
1780907975.5076787,-0.104,-1.0706,-0.3254,20.6565,1.3511,-12.0458,1.1238
1780907975.7058983,-0.1692,-0.7124,-0.5857,20.7405,27.7939,28.5038,0.9376
1780907975.9065988,-0.2134,-1.0178,-0.3503,0.2214,-51.4046,-23.3435,1.0974
1780907976.1059108,-0.1399,-0.9819,-0.4092,-13.9618,-107.5725,-12.9389,1.0729
0,0,0,0,0,0,0,0
0,0,0,0,0,0,0,0
1780907979.8175642,-0.03,-0.9688,-0.2446,-1.0229,20.6107,-10.7328,0.9996
1780907980.0152745,-0.1187,-0.9797,-0.6331,25.8702,43.3282,8.9542,1.1725
1780907980.215029,0.0369,-1.1323,-0.5286,-10.5954,-0.3817,-15.4809,1.2502
1780907980.4151063,0.012,-0.9648,-0.291,-2.5115,-8.542,1.084,1.0078
1780907980.6141038,-0.1636,-1.2378,-0.3921,-12.626,-53.7328,-21.9542,1.3087
1780907980.8146915,0.001,-0.7986,-0.4072,-56.374,-16.0382,14.3053,0.8964
1780907981.0150647,-0.0054,-0.9363,-0.2419,-11.4809,32.6947,15.9618,0.967
1780907981.2161226,0.0369,-1.1394,-0.4707,29.5802,51.9084,-3.5802,1.2334
1780907981.4146078,-0.0054,-0.5435,-0.5581,16.8931,99.0382,27.9618,0.779
1780907981.6150508,0.1624,-0.7209,-0.3633,-6.9389,38.1069,-1.0458,0.8235
1780907981.8145757,-0.0046,-0.9404,-0.3025,1.3282,31.8244,31.3893,0.9879
1780907982.016358,0.2361,-1.0652,-0.5955,-10.5725,16.1679,3.3206,1.243
1780907982.215057,-0.2532,-1.0857,-0.3611,-34.7176,55.2214,37.6107,1.1718
1780907982.4145522,0.0024,-1.0317,-0.3572,-22.7252,76.8015,38.7023,1.0918
1780907982.6154566,0.0579,-1.0793,-0.3982,30.7176,39.0305,-13.0458,1.1519
1780907982.8155541,-0.1145,-0.5483,-0.5359,6.2366,41.7328,25.1832,0.7752
1780907983.014995,-0.0144,-0.718,-0.3596,5.4656,-18.2214,-14.5344,0.8032
1780907983.215515,-0.0081,-1.0403,-0.3767,9.1145,-46.2595,11.0305,1.1064
1780907983.4177737,-0.3054,-0.7698,-0.5991,-35.1069,-50.8626,17.6107,1.0221
1780907983.6161983,-0.198,-1.1875,-0.4783,-7.7405,-66.0611,-7.9313,1.2954
1780907983.8148797,-0.1704,-1.0342,-0.2544,-11.5573,-32.4809,-17.8321,1.0786
1780907984.0174642,0.0833,-1.0708,-0.4136,24.0458,-4.5802,-27.7328,1.1509
1780907984.2261438,-0.1367,-0.6514,-0.219,-15.5344,-62.5725,-32.8244,0.7007
0,0,0,0,0,0,0,0
0,0,0,0,0,0,0,0
1780907986.4765463,0.0334,-0.7874,-0.3987,-33.0763,-19.9084,1.6718,0.8832
1780907986.6785626,-0.0989,-1.7073,-0.6265,36.7557,-12.7176,4.374,1.8213
1780907986.8752294,0.2678,0.0581,-0.1018,12.4504,-18.2366,3.9847,0.2924
1780907987.0743258,-0.564,-2.0,-0.5354,-2.4962,-72.9924,-46.8855,2.1459
1780907987.2745252,0.1055,0.0583,-0.446,14.1756,-64.4809,5.6489,0.462
1780907987.474606,-0.1731,-0.354,-0.2642,-36.6794,-27.374,0.4198,0.4744
1780907987.6751833,0.1084,-0.4055,-0.6458,-12.0153,-46.6336,3.0382,0.7702
1780907987.8746119,-0.0615,0.1689,0.0024,-47.0382,-7.1985,19.1527,0.1798
1780907988.0748947,-1.3586,-0.7844,-0.0942,27.5191,-54.9008,39.0076,1.5717
1780907988.2751815,0.1038,0.1716,-0.283,8.7863,-22.0611,10.0763,0.3468
1780907988.478456,0.2119,-2.0,-0.0374,65.6336,-36.9924,-13.626,2.0115
1780907988.6752648,-0.1685,0.4363,0.5627,-24.4656,10.6183,-34.1832,0.7317
1780907988.8750055,-0.9749,-2.0,0.1011,-48.6336,-89.2901,-97.8168,2.2272
1780907989.0890367,-0.0352,0.5334,-0.22,22.8702,-32.2214,30.4886,0.5781
1780907989.2746582,0.0132,-1.2852,-0.6372,-6.0458,-88.687,40.8702,1.4345
1780907989.4750195,0.1418,-0.1978,-0.4893,-21.7176,-24.8855,19.3664,0.5464
1780907989.6748793,-0.3567,-1.3811,-0.5312,-40.4275,-93.4809,5.2137,1.5221
1780907989.8752313,-0.0999,-0.928,-0.2476,-26.374,-36.8168,8.4427,0.9656
0,0,0,0,0,0,0,0
0,0,0,0,0,0,0,0
1780907996.982145,0.0381,-0.9216,-0.1448,-19.5267,-70.8015,-31.7023,0.9337
1780907997.1818697,-0.1179,-0.9724,-0.1777,2.5496,-96.8168,-13.3511,0.9955
1780907997.3819726,-0.1252,-1.0872,-0.6377,-8.1069,-62.7634,-5.0687,1.2666
1780907997.591697,-0.1873,-1.3928,-0.5525,-64.6031,-43.2443,-16.6489,1.5101
1780907997.7813141,-0.1812,-1.0029,-0.1833,-8.8168,-5.3588,-12.9618,1.0355
1780907997.9821467,-0.1631,-1.3213,-0.4937,-19.9084,49.6641,23.1298,1.4199
1780907998.182397,-0.157,-0.9031,-0.2268,-56.5344,21.8855,-1.1756,0.9443
1780907998.3816957,-0.1079,-1.009,-0.0627,10.0305,-43.5038,-11.9084,1.0167
1780907998.589858,-0.2346,-1.1563,-0.731,-18.6031,-52.9237,-13.1908,1.3879
1780907998.781094,-0.1194,-1.418,-0.4336,-83.6641,-56.3511,-28.7863,1.4876
1780907999.032003,-0.1772,-1.031,-0.1428,-27.1832,4.3053,4.1832,1.0558
1780907999.1891632,-0.103,-1.2253,-0.812,3.7939,54.9695,29.5191,1.4736
1780907999.3812582,-0.144,-0.8726,-0.4863,-32.5725,13.8397,-4.9084,1.0093
1780907999.5822964,-0.1106,-0.9858,-0.218,8.5954,-54.2824,-7.3206,1.0157
1780907999.7822535,-0.0291,-0.8425,-0.9285,16.229,-64.9771,-25.5344,1.2541
1780907999.9817016,0.012,-1.1235,-0.5537,36.0534,-42.458,-38.7252,1.2526
1780908000.1829667,-0.1453,-0.9453,-0.1814,6.4046,14.1145,-4.7786,0.9735
1780908000.3810327,0.0381,-0.8074,-0.6411,17.916,51.1756,34.145,1.0317
1780908000.5839865,-0.1724,-1.2722,-0.1147,12.9008,-0.8779,-13.5267,1.289
1780908000.7829766,-0.1135,-0.9785,-0.311,-11.855,-42.5267,3.3282,1.033
1780908000.980587,-0.0676,-0.8335,-0.6599,1.458,-53.3053,3.7252,1.0653
1780908001.1811254,0.0273,-1.1504,-0.4409,19.8779,-17.2824,-28.542,1.2323
1780908001.381591,-0.1125,-1.0437,-0.2795,21.7252,31.1985,-1.5573,1.0863
1780908001.580883,-0.1245,-0.9307,-0.677,22.7557,31.9771,-10.5649,1.1576
1780908001.782134,-0.1384,-1.3545,-0.4756,16.0,-51.6336,-19.229,1.4422
1780908001.98135,-0.1165,-0.9868,-0.4434,-4.8626,-99.3969,-12.4198,1.0881
0,0,0,0,0,0,0,0
0,0,0,0,0,0,0,0
1780908005.2034886,-0.022,-1.2861,-0.3506,28.3435,-57.9466,-53.1603,1.3332
1780908005.4022534,-0.0222,-0.4607,-0.2471,16.7328,-27.0992,18.8702,0.5232
1780908005.6018016,0.0173,-0.7698,-0.2512,-15.2137,-0.084,-7.8626,0.8099
1780908005.8019025,0.052,-1.1487,-0.4229,-8.7939,30.4886,-14.5954,1.2251
1780908006.001861,-0.0586,-0.3655,-0.3342,4.1756,31.5954,11.7405,0.4987
1780908006.2034676,0.0474,-0.6797,-0.1694,-17.4656,-7.1527,-1.6107,0.7021
1780908006.4032755,-0.1365,-1.2576,-0.321,6.0763,-23.2061,12.6183,1.3051
1780908006.601855,0.0242,-0.3813,-0.3496,35.3893,-35.7557,3.0763,0.5179
1780908006.8017128,-0.1221,-0.7144,-0.2451,0.7405,21.626,8.9771,0.765
1780908007.001705,-0.0513,-1.0129,-0.3872,5.7176,43.6794,-2.4656,1.0856
1780908007.2022324,0.0483,-0.7354,-0.6582,13.8092,35.5038,21.9618,0.9881
1780908007.402346,-0.0347,-0.772,-0.3096,2.6031,4.2748,8.1527,0.8325
1780908007.6019897,-0.1904,-1.0986,-0.4189,-19.9847,-31.0763,25.3359,1.1911
1780908007.8035061,-0.1338,-0.7681,-0.7129,-45.3435,9.0,29.2137,1.0564
1780908008.0019188,-0.405,-0.5762,-0.5667,-11.3817,127.1221,58.9924,0.9039
1780908008.20261,-0.3191,-0.6348,-0.4932,8.9771,91.9771,21.4275,0.8648
1780908008.4018323,-0.075,-0.8188,-0.7063,36.5267,46.9008,2.2672,1.084
1780908008.6185985,0.0906,-1.1445,-0.8792,88.5649,33.1603,15.4198,1.4461
1780908008.8034215,0.0388,-0.5439,-0.3806,28.3359,-83.1527,-41.374,0.665
1780908009.0030656,-0.093,-0.9785,0.21,-23.7405,41.6565,15.5649,1.0051
1780908009.2021196,-0.186,-0.7827,0.7695,50.9924,-30.771,-2.7099,1.1133
1780908009.4016912,0.0842,-0.8545,0.2075,3.0611,-9.5191,10.4198,0.8834
1780908009.6057913,-0.0732,-0.8884,0.3416,8.2672,10.6107,-6.1756,0.9546
1780908009.8023715,-0.0176,-0.8684,0.4236,-35.6412,-13.0382,-1.7786,0.9664
1780908010.0023942,0.0227,-0.9624,0.1775,-32.687,-1.9771,-0.4275,0.9789
0,0,0,0,0,0,0,0
0,0,0,0,0,0,0,0
1780908026.6238973,0.084,-1.0283,-0.1489,-52.9466,-32.1832,6.1221,1.0424
1780908026.8134296,0.0054,-1.0034,-0.1826,-18.2214,-53.313,-19.4275,1.0199
1780908027.0146024,-0.0422,-1.0811,-0.207,-12.7176,-73.0382,-1.7176,1.1015
1780908027.2144966,-0.0686,-0.948,-0.6089,10.0611,-71.5954,1.542,1.1288
1780908027.4142964,-0.1995,-1.0303,-0.4421,-23.0153,-115.1908,-15.4809,1.1387
1780908027.6133952,-0.1768,-1.0596,-0.0999,-6.9313,-32.7252,-9.8702,1.0788
1780908027.8147402,-0.2917,-1.0901,-0.7419,12.229,5.313,-9.1679,1.3505
1780908028.0138052,0.0042,-0.9512,-0.2883,-12.7863,-50.5344,-24.9008,0.9939
1780908028.2138474,-0.1165,-1.0771,-0.2368,-2.8626,-50.7176,-0.229,1.109
1780908028.4122565,-0.0825,-1.0042,-0.7163,0.0153,-48.6565,-33.2366,1.2362
1780908028.6145086,0.0032,-1.2434,-0.5547,-7.6794,-21.7939,2.5649,1.3615
1780908028.812117,-0.1216,-0.9236,-0.1421,-14.5878,14.0763,-9.1832,0.9423
1780908029.0260124,-0.1167,-1.2158,-0.6299,-19.3817,54.2824,30.7176,1.3743
1780908029.2128186,-0.3379,-1.1721,-0.4072,-12.2366,-24.8473,-3.6489,1.286
1780908029.4137626,0.0291,-1.0063,-0.1809,-2.8702,-39.5573,1.542,1.0229
1780908029.6123366,-0.1909,-1.2769,-0.3967,-13.7557,-78.3359,-26.9389,1.3506
1780908029.8180401,-0.1001,-0.9004,-0.1807,-84.8321,-40.3893,2.8626,0.9238
1780908030.0134537,-0.061,-0.958,-0.231,-2.0076,21.9466,6.626,0.9873
1780908030.213727,0.0354,-1.2712,-0.1907,22.7634,76.1603,5.6565,1.2859
1780908030.4133394,-0.1479,-0.6519,-0.0908,-38.2748,25.9618,4.9466,0.6746
1780908030.6123483,-0.0464,-0.8313,-0.2024,-24.374,-25.229,1.542,0.8568
1780908030.8132396,-0.0615,-1.2319,-0.3118,33.1908,-65.4733,-28.7176,1.2723
1780908031.01312,0.0715,-0.5208,-0.1492,13.8855,-53.8168,-12.2519,0.5464
1780908031.2196174,-0.01,-0.7405,-0.1975,-3.7405,-39.2061,-24.0916,0.7664
1780908031.4122941,0.1936,-1.1226,-0.3521,2.5878,1.8092,-25.1908,1.1923
1780908031.6129694,-0.157,-0.5066,-0.3486,16.3282,-7.1145,-13.1603,0.6347
0,0,0,0,0,0,0,0
0,0,0,0,0,0,0,0
1780908033.5989652,0.0259,-1.104,-0.3457,-24.1679,-38.8626,-16.687,1.1572
1780908033.798006,0.054,-0.8606,-0.5171,-15.6107,-34.9237,6.3817,1.0054
1780908034.0002291,-0.0569,-1.0854,-0.5349,14.2672,-13.9542,-4.9542,1.2114
1780908034.2167952,-0.0015,-0.4458,-0.3091,112.7939,-1.6107,-42.0153,0.5425
1780908034.3986819,-0.3423,-0.6135,-0.1565,3.3664,59.4275,68.0458,0.7198
1780908034.6042733,0.1252,-0.1599,-0.2068,27.5496,1.2214,39.5573,0.2899
1780908034.798458,0.0481,-0.9963,-0.45,12.7863,-54.8779,-38.8855,1.0943
1780908034.999728,-0.0745,-0.2634,-0.4614,13.3969,20.1298,1.9466,0.5365
1780908035.2016644,-0.6069,-0.6023,-0.2588,-21.6489,92.0153,37.2901,0.8934
1780908035.407496,-0.0325,-0.2444,-0.2827,37.6031,-3.2595,12.5038,0.3751
1780908035.5980356,0.2114,-0.6177,-0.355,-12.5191,-44.3893,-31.7328,0.7431
1780908035.7997782,-0.094,-0.6621,-0.3582,12.5344,4.1221,-17.8626,0.7586
1780908035.9986577,-0.8232,-0.6831,-0.4009,-3.1908,63.9313,65.6947,1.1424
1780908036.1981614,0.196,-0.5872,-0.1094,-5.4275,-14.7481,13.7405,0.6286
1780908036.3981633,-0.4878,-1.1792,-0.481,-55.3893,-60.9542,-37.084,1.3637
1780908036.6029496,-0.073,-0.489,-0.1526,22.4351,19.1069,-8.2214,0.5174
1780908036.8036952,0.8367,-1.491,-0.4822,48.7557,-64.2214,-37.0458,1.7764
1780908036.9977436,-0.2266,-0.3738,-0.4041,1.4656,-165.8702,-53.0763,0.5952
1780908037.1987286,-0.4075,-1.9294,-0.7366,-58.7176,-165.9389,-55.7023,2.1051
1780908037.3987608,-0.0593,-1.0593,-0.4631,-24.0229,-130.7099,-11.1832,1.1577
1780908037.598853,-0.0669,-0.8989,-0.425,-44.2901,-103.7557,-37.145,0.9966
0,0,0,0,0,0,0,0
0,0,0,0,0,0,0,0
1780908039.3253458,-0.0002,-0.7065,-0.1421,12.0763,4.9084,12.3206,0.7207
1780908039.5262203,0.1064,-1.6304,-0.667,0.2901,-41.9847,-0.6565,1.7647
1780908039.7239335,-0.1045,-0.8162,-0.3066,47.1603,14.0153,1.0153,0.8781
1780908039.9276724,0.3015,-2.0,-0.9971,-46.2595,68.1221,-11.6412,2.255
1780908040.125642,0.0317,-0.6926,-0.0791,-13.3053,-40.1603,-41.0458,0.6979
1780908040.3242915,-0.1719,-2.0,-0.915,-52.1145,-65.7786,-70.0,2.2061
1780908040.5285375,0.0298,-0.605,-0.1523,10.7405,5.1069,-1.6565,0.6246
1780908040.7248557,0.8474,-2.0,-1.2056,63.9313,63.7252,-6.9847,2.4842
1780908040.9239511,0.0818,-0.4482,-0.2412,28.0076,-17.3969,-13.5496,0.5156
1780908041.1239367,0.1003,-2.0,-0.2451,49.0305,-23.0611,49.7023,2.0175
1780908041.3249636,0.0002,-0.4902,-0.1802,6.3511,5.8473,-10.8473,0.5223
1780908041.5254521,0.7537,-1.9651,-0.906,100.0153,36.4656,9.4427,2.2914
1780908041.72426,0.0369,-0.3188,-0.2395,9.3053,-121.1603,-59.2443,0.4005
1780908041.9239435,-0.1138,-2.0,-1.0376,61.5954,-94.5954,-42.771,2.256
1780908042.1353164,-0.2522,-0.2737,-0.2007,-0.687,-122.7099,-41.4275,0.4228
1780908042.3241675,0.5049,-2.0,-1.2922,-25.1832,-94.0992,-39.3969,2.4341
1780908042.524276,-0.3386,-0.636,-0.5913,-57.1756,-232.6565,-51.4275,0.9321
1780908042.7250416,-0.1091,-0.6943,-0.7065,-35.5115,-188.9313,-2.2061,0.9966
1780908042.9239185,0.0308,-0.4399,-0.2258,-37.916,-80.6718,0.374,0.4955
0,0,0,0,0,0,0,0
0,0,0,0,0,0,0,0
1780908055.823581,0.0549,-0.9583,-0.2542,-35.7634,-97.0992,-20.8779,0.9929
1780908056.0325298,-0.2854,-1.0544,-0.0679,-60.1069,-150.9924,0.1832,1.0945
1780908056.2308495,0.0693,-0.8589,-0.1709,11.542,-29.7023,4.8092,0.8785
1780908056.4218495,0.0576,-0.9856,-0.6304,-17.6336,33.6565,-0.0763,1.1714
1780908056.6262193,-0.3352,-0.9946,-0.1914,-69.374,-31.4275,-28.5954,1.0669
1780908056.837486,-0.0413,-0.6519,-0.156,30.8168,-32.4962,3.6641,0.6715
1780908057.0194762,0.3174,-0.7961,-0.1875,-22.687,-53.1985,2.6412,0.8773
1780908057.22065,-0.3049,-1.0737,-0.2339,-81.5878,41.7481,12.9084,1.1404
1780908057.4205406,-0.1951,-0.7417,-0.0464,-13.7328,-13.8168,-20.2519,0.7683
1780908057.6199768,-0.1094,-2.0,-0.9751,-17.9771,-69.8626,-59.9237,2.2277
1780908057.820767,0.0161,-0.6313,-0.1177,18.4427,11.4198,25.6183,0.6424
1780908058.0204868,0.4214,-2.0,-1.1782,20.1985,30.1069,-67.6183,2.3592
1780908058.2190177,-0.1304,-0.3018,-0.1824,9.8473,-81.4733,-53.1374,0.3759
1780908058.4308748,0.2368,-2.0,-0.4119,72.5115,-96.9771,-1.2672,2.0557
1780908058.6195195,-0.2627,-0.2107,-0.2571,7.6489,-107.2519,-29.5878,0.4237
1780908058.8190618,-0.0977,-2.0,-1.3354,13.5267,-122.7176,-32.4275,2.4069
1780908059.0194752,-0.3052,-0.4795,-0.3689,-44.313,-203.0763,-33.2061,0.6776
1780908059.2202356,-0.2209,-0.5786,-0.6252,17.3053,-179.6412,-38.626,0.8801
1780908059.4204307,0.1704,-0.75,-0.2698,-41.9618,-84.9084,-22.7863,0.8151
1780908059.6215086,0.0181,-0.4155,-0.5098,-6.4504,-6.2595,-5.3664,0.6579
1780908059.8191383,-0.3723,-0.7639,0.0588,-22.9084,1.8779,0.1985,0.8518
1780908060.020879,-0.4009,-0.5322,-0.2429,-1.9695,-86.3817,9.0382,0.7092
1780908060.2195394,0.3096,-0.8445,-0.2227,8.1145,8.7939,-3.3893,0.9266
1780908060.4247088,-0.0759,-1.2217,-0.4338,-57.9008,47.7634,5.2901,1.2986
1780908060.6204298,-0.2725,-0.896,-0.0496,-37.0916,2.6718,-3.4275,0.9378
1780908060.8207948,-0.5945,-1.469,-0.5432,-85.9084,-54.8321,-12.4656,1.6752
1780908061.0211408,0.1216,-0.6201,-0.1755,10.9771,17.084,41.374,0.6559
0,0,0,0,0,0,0,0
0,0,0,0,0,0,0,0
1780908062.707843,-0.3198,-0.4463,-0.2949,-16.458,-137.2672,-36.1145,0.6232
1780908062.9073715,-0.0466,-2.0,-0.7683,-78.1145,-81.6794,-79.4809,2.143
1780908063.1073158,-0.1265,-0.3757,-0.1753,-31.2061,-53.6718,-3.7939,0.4335
1780908063.3073263,0.1414,-2.0,-0.7808,63.3282,-37.8702,11.6107,2.1516
1780908063.507327,-0.0884,-0.7771,-0.4824,34.2061,3.8092,15.5191,0.9189
1780908063.707325,0.1519,-2.0,-0.8792,22.2977,19.5114,-20.3053,2.19
1780908063.906397,-0.0247,-0.2686,-0.1743,17.0153,-35.6031,14.4198,0.3211
1780908064.1085198,-0.2424,-1.6138,-0.3538,3.855,-50.313,35.4275,1.6698
1780908064.3073177,-0.0623,-0.5513,-0.3176,23.9618,22.0153,2.5038,0.6393
1780908064.5073123,-0.3313,-1.0908,-0.21,23.771,67.9618,26.8321,1.1592
1780908064.706402,0.0942,-0.0505,-0.2144,48.5878,-11.6107,9.9618,0.2395
1780908064.9073117,-0.4863,-1.3376,-0.4392,-1.8779,-79.1527,-8.1603,1.4895
1780908065.1072838,-0.1565,-0.5613,-0.3267,44.3664,-13.1145,-33.9695,0.668
1780908065.3073006,-0.5349,-0.853,-0.0208,-26.1756,33.7786,31.0992,1.0071
1780908065.5073142,-0.0469,-0.0486,-0.2773,20.8397,-81.9008,-10.145,0.2854
1780908065.7073026,-0.4958,-1.0352,-0.2302,1.1908,-165.687,-57.2901,1.1706
1780908065.9073346,-0.2163,-0.2195,-0.3538,10.0611,-144.7405,-56.0763,0.4692
1780908066.1067514,-0.6809,-1.0122,-0.0662,-16.6107,-118.2977,-10.9771,1.2217
1780908066.307269,0.4797,-1.1592,-0.7178,-5.6489,-150.3588,-48.0,1.4454
1780908066.515847,-0.4917,-1.8616,-0.7048,-45.8702,-131.3893,-34.9771,2.0504
1780908066.7067485,-0.2458,-0.7563,-0.2363,-22.6565,7.1679,15.3359,0.8297
1780908066.910445,0.2314,-2.0,-0.7805,-30.6718,54.0,-41.1908,2.1593
1780908067.1072915,-0.3176,-0.8591,-0.002,-6.6412,-30.1145,-22.5725,0.916
1780908067.3073041,-0.2039,-1.7007,-0.2849,-35.6794,-74.916,-64.0687,1.7364
1780908067.5067327,-0.001,-0.644,-0.2175,-21.7023,8.8931,12.5191,0.6798
0,0,0,0,0,0,0,0
0,0,0,0,0,0,0,0
1780908080.5179675,-0.0935,-0.9526,-0.2397,-8.2443,-0.3664,-4.8015,0.9868
1780908080.7136889,-0.1418,-1.0779,-0.3054,4.6794,3.8779,-11.0992,1.1293
1780908080.913753,-0.1892,-1.2236,-0.5273,3.9084,10.1985,-8.8473,1.3458
1780908081.1135314,-0.0757,-0.7058,-0.3118,8.5878,-17.3359,-10.2595,0.7753
1780908081.3133569,0.1687,-2.0,-0.7729,29.6565,-64.2672,-63.1298,2.1508
1780908081.5140502,-0.1379,-0.7954,-0.217,29.6565,4.145,12.9847,0.8359
1780908081.7194436,0.1257,-2.0,-1.1194,37.4885,61.8015,-11.1145,2.2954
1780908081.9188483,0.0129,-0.573,-0.2656,5.7786,-19.9771,-46.3435,0.6317
1780908082.116066,-0.2991,-1.8896,-0.197,39.4733,-39.7405,46.1221,1.9233
1780908082.3138564,-0.0972,-0.3904,-0.3682,31.9771,1.9466,-21.4656,0.5453
1780908082.5139122,0.0759,-1.0103,-0.0154,47.7405,27.3588,12.4275,1.0132
1780908082.713462,0.1265,-0.3167,-0.2429,51.5802,-73.084,-27.2595,0.4187
1780908082.9251254,-0.5596,-1.6328,-0.0186,11.9771,-124.855,-15.3359,1.7261
1780908083.1258616,-0.3447,-0.3403,-0.2898,-15.7634,-101.6565,-33.229,0.5645
1780908083.3136268,-0.021,-1.1458,-0.1985,46.771,-119.458,-26.7634,1.163
1780908083.513553,0.01,-0.2378,-0.5183,-15.1985,-161.8473,-53.5802,0.5703
1780908083.7139752,-0.2136,-1.8481,-0.5461,14.9084,-150.626,-26.1374,1.939
1780908083.913397,-0.3132,-0.554,-0.2195,-2.687,-87.4122,-18.3206,0.6732
1780908084.1141202,0.1575,-2.0,-0.4558,17.4886,-21.4886,-22.9008,2.0573
1780908084.31328,-0.1108,-0.6643,-0.1685,-19.0763,-57.5115,-21.6183,0.6942
1780908084.5129666,-0.4612,-2.0,-0.9402,9.9084,-61.2214,-24.7634,2.2576
1780908084.713778,-0.1626,-0.5398,-0.1892,32.5191,36.5115,19.2137,0.5947
1780908084.912949,0.3774,-2.0,-0.6697,76.6794,35.6107,-65.1756,2.1426
1780908085.1129525,0.0251,-0.5295,-0.0491,-15.5191,-6.5344,-18.7328,0.5324
1780908085.3133652,-0.3125,-2.0,-0.9578,70.1908,-40.374,-6.3511,2.2394
1780908085.5133471,0.0737,-0.553,-0.0281,19.1908,44.0687,23.6183,0.5586
1780908085.7142315,0.2729,-2.0,-1.1768,95.3893,-1.8168,-52.6718,2.3365
1780908085.91577,-0.0962,-0.4507,-0.2498,9.9695,-33.2137,-33.8779,0.5242
1780908086.1136413,-0.4756,-2.0,0.0249,35.7939,-23.5573,-4.8626,2.0559
1780908086.3151276,0.0215,-0.3953,-0.0532,13.3282,-36.7252,-17.3664,0.3994
0,0,0,0,0,0,0,0
0,0,0,0,0,0,0,0
1780908087.3963594,0.0105,-2.0,-0.5786,-21.7786,-74.9771,-48.5038,2.082
1780908087.6012304,-0.0854,-0.532,-0.2319,6.0611,-80.0458,-0.1756,0.5866
1780908087.7940083,-0.1128,-2.0,-0.9207,-23.6412,-137.9771,-83.1221,2.2046
1780908087.9958236,-0.0964,-0.6067,-0.1882,6.1679,0.5344,25.4351,0.6425
1780908088.1942177,0.0554,-2.0,-0.5159,44.9466,22.7863,-44.1756,2.0662
1780908088.3949664,-0.1125,-0.7009,-0.2671,13.3969,-30.4962,-36.0305,0.7585
1780908088.5945592,-0.2688,-2.0,-0.8457,0.855,-52.5802,-25.687,2.188
1780908088.7961879,-0.1663,-0.5959,-0.3679,-15.7786,2.9084,7.4733,0.7198
1780908088.9959216,0.1318,-1.5273,-0.7439,46.5191,41.7023,-2.6641,1.704
1780908089.2035155,-0.0056,-0.2695,-0.3206,34.5725,10.6336,-14.4198,0.4188
1780908089.3985827,-0.3674,-1.6072,-0.5728,-15.8321,-63.7481,32.3053,1.7453
1780908089.6039696,-0.0828,-0.3413,-0.2085,10.6412,19.0153,5.5344,0.4084
1780908089.7949545,-0.2976,-0.8318,-0.1274,-1.8626,60.5267,26.687,0.8926
1780908089.9942565,0.0793,-0.1123,-0.2043,52.6183,-42.1374,-29.7176,0.2463
1780908090.195351,-0.582,-1.0864,-0.5183,-13.3282,-134.6336,-33.0611,1.3371
1780908090.3952274,-0.2268,-0.3076,-0.2004,5.0,-89.3359,-32.4275,0.4316
1780908090.595475,-0.4224,-1.2131,-0.1362,-37.0458,-124.0534,-39.771,1.2918
1780908090.794879,-0.0095,-0.1975,-0.5286,-30.7863,-205.7405,-42.0,0.5643
1780908090.994857,-0.697,-1.113,-0.3989,-17.9466,-119.1145,-30.313,1.3725
1780908091.195036,0.0415,-0.5173,-0.3025,17.2366,-124.626,-73.8702,0.6007
1780908091.3953288,-0.082,-1.2336,-0.6128,18.9847,4.9847,-22.6183,1.3799
1780908091.5950725,-0.1426,-0.5188,-0.1587,13.7863,-39.771,-7.4962,0.5609
1780908091.8035297,-0.384,-1.5613,-0.5422,9.4198,-61.1908,5.8626,1.6968
1780908091.9944725,-0.0952,-0.334,-0.2253,37.3588,32.1679,9.7481,0.414
1780908092.1949046,-0.4023,-1.2305,-0.1968,15.1603,50.0992,27.4733,1.3094
1780908092.394981,0.0154,-0.3767,-0.2397,33.0992,-1.0,-12.1069,0.4468
1780908092.594572,-0.3076,-1.4971,-0.0244,-29.0305,-45.313,56.0534,1.5285
1780908092.7950628,0.0051,-0.5249,-0.1548,47.0229,16.2672,-9.9389,0.5473
1780908092.9941704,0.2051,-1.374,0.0015,81.6489,50.7557,-21.4656,1.3892
0,0,0,0,0,0,0,0
0,0,0,0,0,0,0,0
1780908094.8906643,-0.0923,-0.4854,-0.2197,12.1908,102.2061,33.771,0.5407
1780908095.0898817,-0.3723,-1.6785,-0.1555,85.313,51.4962,32.0229,1.7263
1780908095.289307,-0.0422,-0.6758,-0.3826,40.9618,120.4657,22.9008,0.7777
1780908095.4895506,-0.4678,-1.1704,-0.5242,19.0916,67.6565,14.1908,1.3651
1780908095.6917639,0.0527,-0.2312,-0.2632,47.5496,7.5191,21.9313,0.3543
1780908095.8893168,-0.4895,-1.5483,-0.5212,-43.5573,-74.9313,21.9313,1.7055
1780908096.1409106,0.02,-0.5383,-0.2888,29.3511,24.8779,11.4504,0.6112
1780908096.2899718,-0.3704,-1.3003,-0.2883,36.5115,62.4809,22.0229,1.3824
1780908096.4895792,0.0569,-0.4036,-0.251,44.7099,-13.3359,-11.2595,0.4786
1780908096.6973372,-0.5386,-1.3787,-0.0476,-19.6718,-63.3359,-15.3359,1.4809
1780908096.890115,0.0117,-0.425,-0.175,29.9542,6.4656,-0.3206,0.4598
1780908097.0898943,-0.083,-1.8633,-0.5166,13.3664,27.4962,1.2748,1.9354
1780908097.3399446,-0.1548,-0.2974,-0.323,12.0916,-84.9847,-28.7939,0.4655
1780908097.491408,-0.4272,-1.9641,-0.2351,26.9542,-85.2595,-7.7176,2.0237
1780908097.6897998,-0.1836,-0.3257,-0.2346,18.5802,-116.4427,-44.3511,0.4414
1780908097.8936768,0.3599,-2.0,-1.8926,19.9466,-126.1756,-33.7099,2.7769
1780908098.0927892,-0.28,-0.4404,-0.3472,-34.2824,-189.9084,-41.5191,0.6268
1780908098.2929797,-0.4934,-1.8093,-0.9612,-70.4809,-155.2824,-25.9542,2.1074
1780908098.489771,-0.113,-0.7053,-0.2119,-24.1832,-70.4122,-20.3206,0.7451
1780908098.6898577,-0.4084,-1.4539,-0.6365,-87.7099,-35.6947,-16.3282,1.6388
1780908098.8898003,-0.2739,-0.502,0.2537,-48.7939,-34.4198,10.0992,0.6256
1780908099.0902076,-0.1379,-1.3247,-0.6145,-28.1374,-88.7939,13.6794,1.4668
1780908099.289813,0.2292,-0.5999,-0.1196,-17.3969,24.458,-8.4275,0.6532
1780908099.4894102,-0.5342,-1.3591,-0.4175,-86.1374,81.9542,11.3282,1.5188
1780908099.6957703,-0.4546,-0.886,0.0032,5.7481,8.0687,0.4885,0.9958
1780908099.8898242,-0.6868,-1.9951,-0.8313,-77.9695,-5.4962,-47.6489,2.2679
1780908100.089984,0.0691,-0.7686,-0.1133,-2.1603,15.0153,13.3435,0.7799
0,0,0,0,0,0,0,0
0,0,0,0,0,0,0,0
1780908117.233811,0.1084,-0.9536,-0.3601,-23.9313,43.2061,-9.5191,1.0251
1780908117.4256523,0.0078,-1.0547,-0.1292,2.9084,-14.0382,-13.8244,1.0626
1780908117.6338227,-0.5066,-1.4021,-0.4536,-82.1145,-92.3206,-11.3359,1.5583
1780908117.8259728,0.165,-0.7107,-0.1519,-23.8244,-20.8015,-8.9466,0.7452
1780908118.0260298,0.2803,-2.0,-1.4153,-62.4351,62.4504,-42.7023,2.4661
1780908118.2259066,-0.084,-0.467,-0.1907,-9.8473,-31.2748,-36.3282,0.5114
1780908118.425402,-0.1392,-2.0,-0.7073,16.7786,-48.0687,31.4275,2.1259
1780908118.6248126,-0.071,-0.2651,-0.0227,22.145,23.5802,-10.8473,0.2754
1780908118.875681,0.0637,-0.8413,-0.1108,39.0305,48.9466,25.3664,0.851
1780908119.0239997,0.0632,-0.1367,-0.1604,29.2824,-53.7481,-22.7557,0.22
1780908119.2266035,-0.5852,-1.0571,-0.2778,36.9542,-88.4275,-24.4046,1.2398
1780908119.424833,-0.165,-0.5862,-0.2234,17.2901,-72.5725,-43.3282,0.6487
1780908119.6250865,-0.0837,-1.199,-0.1228,51.5878,-96.3588,-10.0,1.2082
1780908119.8285887,0.0171,-0.105,-0.4495,15.9924,-194.8702,-41.3206,0.4619
1780908120.0289857,0.0288,-1.6143,-0.4875,48.8092,-143.9313,-39.1679,1.6865
1780908120.2245226,-0.2849,-0.6099,-0.272,-3.9847,-101.3588,-19.9313,0.726
1780908120.4759657,0.2847,-1.8164,-0.5964,17.8931,0.9466,-22.5573,1.9329
1780908120.6304665,-0.0066,-0.7207,-0.292,-9.0687,-57.2366,-16.1374,0.7776
1780908120.824956,-0.1177,-1.8557,-0.8687,-13.0534,-101.458,-20.9695,2.0523
1780908121.0336874,-0.1006,-0.3064,-0.3972,23.1908,7.6107,-10.8931,0.5116
1780908121.2250562,-0.0381,-0.7766,-0.2598,48.8779,73.7939,60.6336,0.8198
1780908121.4261014,0.0193,-0.293,-0.3667,62.9695,-28.9389,-3.2061,0.4698
1780908121.6260002,0.0427,-0.8167,-0.45,-19.9771,-56.5038,-50.7786,0.9334
1780908121.8251612,0.0071,-0.531,-0.752,65.8168,23.5267,-16.1756,0.9206
1780908122.0251808,-0.2439,-0.8555,-0.2683,-43.8397,31.9466,27.9008,0.9291
0,0,0,0,0,0,0,0
0,0,0,0,0,0,0,0
1780908123.6919775,-0.1021,-0.7439,-0.207,-17.5114,-65.1679,-15.4885,0.7789
1780908123.891922,-0.1477,-0.7961,-0.6375,-39.9466,-177.1756,-22.9313,1.0305
1780908124.0916255,0.1638,-0.9089,-0.2483,5.6641,-38.0992,-4.2977,0.9564
1780908124.2941678,-0.1133,-0.9248,-0.4863,-66.2595,19.5573,-16.0229,1.051
1780908124.4946637,-0.2043,-0.9895,-0.2163,-51.5802,-12.8473,-23.6641,1.0333
1780908124.6924014,-0.7354,-1.2712,-0.106,-61.4885,-51.5802,44.3817,1.4724
1780908124.8921163,0.1353,-0.637,-0.1189,-21.7557,-18.6565,9.9618,0.6619
1780908125.0922816,-0.1431,-1.8669,-0.4509,-79.084,39.1145,-26.5878,1.9259
1780908125.2934415,-0.0562,-0.989,-0.1501,-31.9237,-18.2901,-29.1374,1.0019
1780908125.492085,-0.3027,-1.52,-0.3271,-72.1145,-40.1756,2.1908,1.584
1780908125.6913168,0.3176,-0.6975,-0.1409,-9.0916,-19.7481,-1.3282,0.7793
1780908125.893478,-0.2627,-1.481,-0.4993,-84.1221,9.4427,-23.5191,1.5848
1780908126.0975492,-0.3552,-0.6758,-0.0496,-4.3206,-80.2824,-33.6718,0.7651
1780908126.2926927,-0.6182,-1.3586,-0.4565,-111.1527,-119.7328,-24.6947,1.5609
1780908126.4934313,-0.147,-0.4346,-0.1111,22.6641,-150.3588,-47.2824,0.472
1780908126.6928184,0.0012,-1.1001,-0.4146,-112.0305,-131.5649,-60.1832,1.1756
1780908126.9017775,-0.1597,-0.55,-0.5164,-4.7634,-162.6412,-46.8168,0.7712
1780908127.0926554,-0.4275,-0.7256,-0.4395,47.2977,-148.0687,-24.7328,0.9499
1780908127.293069,0.1567,-0.9243,-0.4946,-6.9389,-90.5191,-30.3893,1.06
1780908127.4927814,0.2966,-0.2031,-0.4832,88.7176,-6.4656,-16.7176,0.6022
1780908127.6956336,-0.1501,-0.7732,-0.356,13.0687,38.3969,8.771,0.8643
1780908127.907367,-0.0212,-0.6355,-0.6775,61.0,-36.4504,-11.2672,0.9291
1780908128.0943756,0.3137,-0.843,-0.2463,2.1069,-48.6565,-42.1221,0.9326
1780908128.2934735,0.0593,-0.4585,-0.6104,88.1145,61.3053,29.8931,0.7657
1780908128.494521,-0.3232,-0.7512,-0.0828,-18.0611,41.7863,23.5038,0.822
1780908128.6935163,-0.1196,-0.5454,-0.4707,23.5114,-47.0687,15.8702,0.7303
1780908128.8934567,0.26,-0.7712,-0.269,-14.1298,-25.3817,-30.5802,0.8572
0,0,0,0,0,0,0,0
0,0,0,0,0,0,0,0
1780908130.4615464,-0.3677,-1.6941,-0.3215,39.0916,68.6412,24.4809,1.7631
1780908130.673231,0.157,-0.9683,-0.3972,14.1069,48.8397,4.5954,1.0583
1780908130.8735623,0.1882,-1.595,-0.4573,-70.4198,93.4275,14.5496,1.6699
1780908131.0723307,-0.1001,-0.7549,-0.2246,-7.2366,-22.0382,-31.9466,0.7939
1780908131.2754216,-0.2517,-1.6465,-0.7026,-57.5191,-67.4046,2.4809,1.8078
1780908131.460487,0.1863,-0.6958,-0.2085,-23.3359,-24.8702,-6.4656,0.7499
1780908131.660775,0.1638,-1.1267,-0.6599,-43.0916,41.1985,22.5496,1.316
1780908131.875134,-0.2212,-0.8169,-0.0876,-19.3969,1.9924,-3.7557,0.8508
1780908132.060715,-0.0815,-1.1697,-0.3467,-29.0229,-31.1603,24.313,1.2227
1780908132.2630723,0.2361,-0.5789,-0.0789,-21.4886,-36.1298,-5.9389,0.6301
1780908132.4673142,0.0811,-0.8936,-0.4834,-12.5344,-25.2061,-8.8015,1.0192
1780908132.6631925,-0.4495,-0.8477,-0.1216,19.2061,-43.3359,-16.3206,0.9671
1780908132.8605125,-0.0286,-0.5044,-0.3386,-50.7252,-133.916,9.1298,0.6082
1780908133.0605087,0.1277,-0.5244,-0.2468,23.8168,-128.0076,-51.313,0.5935
1780908133.2608924,0.2053,-0.7771,-0.6345,66.5343,-117.2137,-66.6641,1.024
1780908133.4609282,-0.2554,-0.905,-0.6299,-5.1527,-142.3512,-47.313,1.1318
1780908133.6678922,-0.0627,-0.6548,-0.3198,57.8702,-146.145,-25.7252,0.7314
1780908133.865406,0.073,-0.9585,-0.6416,-12.4885,-151.6718,-57.2214,1.1557
1780908134.060963,0.0015,-0.427,-0.2041,32.4046,-49.7023,-52.6947,0.4733
1780908134.260614,-0.1016,-1.3535,-0.6865,7.2443,11.2901,-15.4427,1.5211
1780908134.4608724,0.0925,-0.5669,-0.2114,2.8473,-34.855,-2.2977,0.6121
1780908134.6606584,-0.2383,-1.5417,-0.3718,9.4122,-31.9313,1.8779,1.6038
1780908134.8629677,0.0903,-0.615,-0.238,19.7939,68.0305,17.2137,0.6656
1780908135.0686367,0.1792,-1.4143,-0.5229,32.3359,78.9313,28.7557,1.5185
1780908135.2734542,0.0686,-0.3901,-0.219,29.1908,-14.458,-13.4122,0.4526
1780908135.469119,-0.3262,-1.5029,-0.353,-0.6412,-30.2824,14.1603,1.5779
1780908135.6604009,0.0305,-0.4263,-0.1365,22.0611,36.626,-6.0458,0.4486
1780908135.8607244,0.4417,-1.853,-0.8396,81.2061,84.2824,11.5496,2.0818
0,0,0,0,0,0,0,0
0,0,0,0,0,0,0,0
1780908137.35183,0.0728,-0.8308,-0.425,-17.8931,67.8092,20.4275,0.9361
1780908137.5514915,-0.1038,-0.8655,-0.6697,-33.4962,108.4275,35.7634,1.0992
1780908137.7516527,-0.176,-0.9631,-0.2517,-22.229,39.5267,8.5954,1.0109
1780908137.952064,-0.1931,-0.6406,-0.5276,-9.145,-67.1756,40.7252,0.8521
1780908138.1523454,0.1274,-0.6079,-0.2168,-10.8473,-61.0305,-20.8702,0.6579
1780908138.35317,0.1204,-0.5691,-0.4214,25.6183,-18.542,4.7939,0.7183
1780908138.5583982,-0.2925,-0.6609,-0.1841,-2.7863,24.8244,19.0763,0.7458
1780908138.7580602,-0.0884,-0.5422,-0.3813,-17.855,-51.374,28.7099,0.6688
1780908138.952441,0.2385,-0.7356,-0.4238,-10.9313,-39.6794,-26.2443,0.8818
1780908139.1525364,-0.0498,-0.6699,-0.5791,53.0534,15.2443,-13.7634,0.8869
1780908139.3516085,-0.3276,-0.8804,-0.1982,-0.1221,37.8015,12.542,0.9601
1780908139.5514517,0.0535,-0.4817,-0.5037,5.1679,-64.0916,-10.3435,0.699
1780908139.7516725,0.0659,-0.7925,-0.4888,22.855,-118.3969,-71.6107,0.9334
1780908139.9520297,-0.1826,-0.7244,-0.4998,31.0076,-109.5191,-52.3511,0.8988
1780908140.1623788,-0.4219,-1.022,-0.1609,-44.1832,-86.4427,-8.6031,1.1173
1780908140.3520267,-0.0437,-0.1292,-0.5991,11.0992,-206.5802,-65.3893,0.6144
1780908140.5523968,-0.3813,-1.1711,-0.3848,8.0916,-121.2748,-43.8397,1.2904
1780908140.7508643,-0.2212,-0.5681,-0.3398,5.1832,-97.542,-34.7405,0.698
1780908140.9509773,0.4121,-1.8506,-0.7847,-3.3969,-43.8626,-27.1985,2.0519
1780908141.1511421,-0.2202,-0.9727,-0.2983,-49.6489,-63.8702,-20.9313,1.0409
1780908141.3519828,-0.2278,-1.5901,-0.5486,-32.0458,-76.4962,-29.1527,1.6974
1780908141.551823,0.0183,-0.616,-0.105,-4.2672,28.6031,-8.1985,0.6251
1780908141.7520502,0.1914,-1.2095,-0.5295,-50.2366,58.7481,-2.084,1.3341
1780908141.9523616,-0.293,-0.731,-0.0635,10.3893,4.5573,-10.5573,0.79
1780908142.1522994,-0.2209,-0.7373,-0.2957,-70.3206,-63.4427,76.771,0.8245
1780908142.3526137,0.2922,-0.6562,-0.283,-11.5954,-38.8244,-12.9847,0.7721
1780908142.5521157,-0.2788,-0.6707,-0.5823,27.0382,9.0992,2.1069,0.9309
1780908142.751903,-0.2573,-0.8333,-0.3223,14.771,43.5725,39.0916,0.9297
0,0,0,0,0,0,0,0
0,0,0,0,0,0,0,0
1780908143.9473417,-0.0571,-0.9128,-0.4072,48.229,146.2672,31.4733,1.0012
1780908144.1954205,-0.22,-0.7893,-0.4077,-19.374,126.9008,34.9695,0.9152
1780908144.3952339,-0.0405,-1.7866,-1.2141,-2.8015,118.6412,18.9313,2.1605
1780908144.5555341,0.1599,-0.4724,-0.0474,36.9466,17.8092,-0.7252,0.501
1780908144.7462227,0.0381,-2.0,-1.0835,11.1221,-63.0763,-37.1603,2.275
1780908144.9526975,0.1978,-0.5627,-0.1113,-17.3206,-30.0229,-21.2748,0.6068
1780908145.1531365,0.3547,-1.8599,-0.7356,-71.1145,76.0763,-22.855,2.0313
1780908145.3958445,-0.1165,-0.5994,-0.1008,-45.1832,-3.5191,-30.9466,0.6188
1780908145.5448189,-0.4888,-1.9829,-1.0325,-98.5115,-37.2061,25.7634,2.2884
1780908145.7464545,0.2415,-0.5161,-0.0876,5.5191,-32.3893,-7.5878,0.5765
1780908145.9453373,0.0571,-1.2678,-0.6692,-61.2595,31.5038,-8.2901,1.4347
1780908146.1464667,-0.2686,-0.4067,0.0317,15.7863,-8.7939,-3.5267,0.4884
1780908146.3531356,0.1125,-0.8455,-0.7151,-20.916,-117.0458,-10.8092,1.113
1780908146.546051,0.0271,-0.4919,-0.3948,30.2672,-124.771,-52.2672,0.6313
1780908146.7543535,0.0994,-0.6196,-0.7324,104.084,-63.4351,-42.1221,0.9645
1780908146.946246,-0.3003,-1.1155,-0.6406,2.374,-112.0153,-42.8626,1.3209
1780908147.144814,-0.0139,-0.3665,-0.5337,-8.6489,-177.0229,-36.1985,0.6475
1780908147.3463526,-0.3396,-1.1965,-0.4661,-42.3359,-173.0229,-33.8855,1.3282
1780908147.5458815,-0.2742,-0.7075,-0.502,34.3053,-98.8092,-50.9237,0.9098
1780908147.7447257,0.3892,-1.9399,-0.8408,21.1756,-9.0382,10.084,2.1498
1780908147.945697,0.0325,-0.603,-0.3623,-3.7405,-66.3969,-12.1527,0.7042
1780908148.1459389,-0.0769,-1.5913,-0.7151,6.0687,-47.9389,-0.3664,1.7463
1780908148.3454688,0.0649,-0.5022,-0.2573,13.9847,32.7863,3.4885,0.568
1780908148.5456107,0.6746,-1.7993,-0.7737,38.9618,72.6794,-7.3969,2.0715
1780908148.7493737,-0.0723,-0.5508,-0.061,12.5725,6.9389,-28.8855,0.5588
1780908148.945487,-0.0662,-2.0,-1.0571,46.5115,-33.3817,-9.4504,2.2632
1780908149.144597,0.0847,-0.6155,-0.0977,-5.2061,6.2977,-5.3435,0.6289
1780908149.3449743,0.405,-2.0,-0.8994,-10.1908,23.7634,-32.4198,2.23
0,0,0,0,0,0,0,0
0,0,0,0,0,0,0,0
1780908150.8450503,0.0994,-0.9746,-0.4568,-37.2061,115.3206,24.7405,1.0809
1780908151.0446463,-0.0327,-1.3013,-0.7263,-16.3435,153.8168,22.9847,1.4906
1780908151.2482543,-0.1086,-0.854,-0.2332,8.7252,47.9237,-0.7557,0.8919
1780908151.4441724,-0.209,-0.7048,-0.605,-31.6489,-71.5573,37.5496,0.9521
1780908151.6450937,0.0728,-0.5188,-0.2385,-10.1603,-72.3511,-31.0916,0.5756
1780908151.8441496,-0.0122,-0.6887,-0.4832,51.0229,8.2519,-8.1832,0.8414
1780908152.0440457,-0.2297,-0.5723,-0.3137,-5.3053,33.9618,9.1832,0.6919
1780908152.2445328,0.0852,-0.7859,-0.5251,19.2366,-6.2672,-3.0229,0.949
1780908152.4454436,0.1541,-0.9441,-0.5664,-5.0076,-88.1679,-39.3817,1.1117
1780908152.644234,-0.0735,-0.4651,-0.4751,18.084,-12.9008,-11.8626,0.6689
1780908152.8437896,-0.1599,-1.0215,-0.3735,-35.8931,62.1908,23.8244,1.0993
1780908153.0440621,0.0835,-0.4146,-0.2781,36.9466,3.3664,-9.8015,0.5061
1780908153.2451222,-0.384,-1.2004,0.1873,34.8626,-76.2672,-22.1832,1.2742
1780908153.4437783,-0.0806,-0.5527,-0.2649,-10.1908,-46.5267,-38.2443,0.6182
1780908153.6437626,0.5303,-1.9622,-1.395,-5.9771,-73.229,-53.3053,2.4652
1780908153.84407,-0.0981,-0.2578,-0.4106,0.6794,-187.8626,-75.0687,0.4947
1780908154.044251,-0.0178,-1.5183,-0.418,-60.4809,-173.6947,-69.7634,1.5749
1780908154.2443423,-0.1182,-0.4683,-0.4558,-15.0382,-108.7786,-59.0305,0.6641
1780908154.4436538,0.1882,-1.364,-0.553,-37.1298,-40.084,-26.5878,1.4838
1780908154.6436734,-0.0928,-0.4766,-0.2253,2.6336,-73.771,-16.6336,0.5353
1780908154.8541384,0.1208,-1.0193,-0.7285,-0.1527,-101.2748,6.855,1.2587
1780908155.0437462,0.2502,-0.6292,-0.3699,-3.9008,-9.5496,-17.6641,0.7715
1780908155.2436752,0.0234,-0.614,-0.5847,-5.3817,29.6336,-15.8779,0.8482
1780908155.4474134,-0.0752,-0.8914,-0.4792,-15.4962,20.1603,34.855,1.0148
1780908155.655473,0.0222,-0.623,-0.562,43.6489,-51.7939,15.4733,0.8394
1780908155.843803,0.3225,-0.7803,-0.3696,-9.1985,-36.4351,-30.145,0.9217
1780908156.044952,0.1055,-0.8298,-0.9133,49.229,43.2824,6.855,1.2385
1780908156.2444792,-0.2563,-0.6819,-0.2888,-13.7099,57.2824,15.5649,0.7836
1780908156.4446511,0.1479,-0.6716,-0.3701,25.0382,-32.6412,-0.8397,0.781
1780908156.6442454,0.1782,-1.1064,-0.5417,15.0916,-74.8931,-59.4427,1.2448
1780908156.8585575,-0.209,-0.8093,-0.3572,-4.3053,-23.0611,-25.7557,0.909
1780908157.0441883,-0.1387,-1.0935,-0.4043,12.3359,-66.1908,-23.4809,1.1741
0,0,0,0,0,0,0,0
0,0,0,0,0,0,0,0
1780908157.720426,0.0518,-0.3977,-0.491,-17.8473,-115.3282,-67.1069,0.634
1780908157.9153862,0.1023,-1.0796,-0.2686,46.7939,-36.771,-2.8626,1.1172
1780908158.1154838,-0.0024,-0.7378,-0.2681,15.4656,-79.313,-23.0534,0.785
1780908158.315223,-0.0764,-1.303,-0.7986,-25.1069,-91.2824,-18.0763,1.5301
1780908158.5195112,-0.1169,-0.5603,-0.1199,47.3206,20.8626,-7.0229,0.5848
1780908158.717467,0.02,-1.5649,-0.6902,26.6565,49.8015,25.5954,1.7105
1780908158.9152787,0.0603,-0.4915,-0.23,39.2824,-20.4198,-0.7099,0.5459
1780908159.1152236,0.1689,-1.6189,-0.8584,17.6336,-40.4504,21.7405,1.8402
1780908159.3155463,0.0886,-0.6421,-0.2437,-5.1908,29.626,-5.8626,0.6925
1780908159.5156403,0.5334,-1.4014,-0.4783,-4.8321,58.8321,15.8702,1.5739
1780908159.7155144,-0.0891,-0.571,-0.0427,33.374,-20.3053,-45.5191,0.5795
1780908159.9146662,-0.0151,-1.9631,-1.0637,19.2824,-12.626,-12.3664,2.2329
1780908160.1222038,0.1809,-0.6484,-0.2812,-24.0687,20.9237,6.8626,0.7296
1780908160.3154476,0.1194,-1.3179,-0.8328,-84.6412,37.5191,-8.771,1.5635
1780908160.5148833,-0.1782,-0.6572,-0.1106,7.1908,35.7863,20.4809,0.6899
1780908160.720467,0.2134,-0.803,-0.9187,13.374,32.4809,62.0076,1.2387
1780908160.915025,0.2971,-0.6377,-0.5757,-31.1145,170.6565,47.313,0.909
1780908161.1154134,-0.1648,-0.3999,-0.7668,2.5878,214.2137,71.3053,0.8804
1780908161.315434,-0.0115,-0.6519,-0.2712,30.771,119.9847,69.2901,0.7061
1780908161.5149133,-0.0652,-0.73,-0.4575,5.5649,52.4122,49.1374,0.864
1780908161.7152617,-0.0405,-0.5103,-0.3335,14.7634,23.771,31.771,0.6109
1780908161.914927,0.0352,-0.8201,-0.2732,62.0153,88.2901,-2.6947,0.8651
1780908162.1147573,-0.2124,-1.1091,-0.4429,-0.8473,35.4656,18.6565,1.213
1780908162.3145416,-0.0359,-0.3062,-0.2214,21.1221,-0.1603,27.4962,0.3795
1780908162.514879,-0.0154,-0.9155,-0.4587,-12.9084,-77.4275,-37.6336,1.0241
1780908162.718506,0.0586,-0.3691,-0.2312,19.8931,9.7557,-4.2977,0.4395
1780908162.9149237,-0.3137,-0.7351,-0.207,-29.4198,43.9771,36.4427,0.8256
1780908163.1151054,0.0894,-0.3437,-0.1423,25.0305,-0.6947,-2.9618,0.3826
1780908163.318677,-0.3364,-1.2227,-0.186,13.0229,-57.2061,-46.7099,1.2817
1780908163.5225267,-0.0305,-0.5972,-0.4185,24.9542,27.4733,2.6641,0.7298
0,0,0,0,0,0,0,0
0,0,0,0,0,0,0,0
1780908164.9643927,-0.0347,-1.011,-0.5747,32.9847,-128.9313,-53.1832,1.1634
1780908165.1640117,-0.127,-0.5217,-0.4045,8.6565,-88.2748,-44.4046,0.6723
1780908165.3632011,0.0615,-1.0354,-0.3999,24.5878,3.0916,-21.9695,1.1116
1780908165.562984,0.0129,-0.7312,-0.3198,34.6107,-46.1527,-19.9542,0.7982
1780908165.7640269,-0.2488,-1.4199,-0.655,-29.5649,-78.8779,-17.8397,1.5834
1780908165.9638677,0.1902,-0.6282,-0.2549,28.9695,14.374,5.3053,0.7041
1780908166.1635456,0.4436,-1.8828,-0.9824,2.4427,100.8168,-10.084,2.1695
1780908166.3636024,0.0164,-0.7773,-0.3228,-31.5954,-25.0687,-33.1527,0.8418
1780908166.5634756,-0.4216,-2.0,-0.9839,-23.313,-59.5344,-35.7405,2.2684
1780908166.7632225,0.1128,-0.5203,-0.2998,-38.6183,-23.9466,-20.2366,0.611
1780908166.9638898,0.1306,-1.7607,-0.7974,-36.3893,65.9008,-3.7939,1.9373
1780908167.163307,-0.366,-0.7087,-0.0562,38.084,3.4962,-11.6412,0.7996
1780908167.4145546,-0.2507,-1.2703,-0.7688,-109.1908,-69.1832,-10.7863,1.5058
1780908167.5648878,0.1433,-0.3357,-0.1543,-13.8779,-37.1908,-12.6565,0.3963
1780908167.762941,-0.1948,-1.4773,-0.8174,-19.2901,-16.0687,-44.9084,1.6996
1780908167.9636204,-0.1672,-0.595,-0.2058,12.1069,-74.4122,-23.5191,0.6514
1780908168.1643782,-0.0823,-0.8484,-0.8298,19.3588,-197.9084,-54.542,1.1896
1780908168.362546,-0.0261,-0.7104,-0.3054,44.6947,-119.3206,-74.6489,0.7738
1780908168.5637422,0.064,-0.5588,-0.762,-6.4733,-100.7939,-47.9084,0.9471
1780908168.762732,-0.1353,-0.6135,-0.5461,-12.0611,-115.2061,-46.2443,0.8325
1780908168.9629138,-0.0022,-0.8691,-0.3584,38.8397,-124.0076,-18.3588,0.9401
1780908169.165578,-0.0664,-1.626,-1.0085,-12.6336,-96.8855,-52.3588,1.9145
1780908169.3628101,0.1204,-0.5688,-0.189,58.5878,13.0611,-4.1069,0.6114
1780908169.5653765,-0.2686,-0.9268,-0.3035,48.7863,52.374,33.5954,1.0115
1780908169.7633514,0.0239,-0.6616,-0.3611,26.8626,-18.6336,-12.0534,0.7541
1780908169.9696414,-0.2034,-1.2764,-0.4915,22.7252,-48.0458,8.7557,1.3828
1780908170.1650782,0.1116,-0.4365,-0.2151,13.0534,50.0153,-0.7557,0.4993
1780908170.3653922,0.3169,-1.1587,-0.6255,57.7099,64.7405,30.3282,1.3543
1780908170.5757728,0.0078,-0.6135,-0.0361,39.7863,-14.916,-31.4962,0.6146
1780908170.764063,-0.1709,-1.8772,-0.9094,61.8473,-12.4809,24.6794,2.0929
1780908170.9633193,0.0923,-0.5708,-0.2517,-1.1374,6.7176,-6.7328,0.6306
0,0,0,0,0,0,0,0
0,0,0,0,0,0,0,0
1780908172.322725,0.0801,-0.6804,-0.4875,5.0,-132.2366,-66.3664,0.8409
1780908172.5228894,-0.1826,-1.0854,-0.5798,15.1908,-118.0611,-20.8321,1.2441
1780908172.722813,0.0833,-0.7109,-0.5532,-19.313,-51.6794,-28.1679,0.9047
1780908172.9226613,0.2358,-0.8267,-0.7451,-40.2595,-5.626,-42.9237,1.1376
1780908173.1262915,-0.1409,-0.6321,-0.2664,4.2901,0.0305,2.6107,0.7002
1780908173.3236399,-0.1389,-0.6216,-0.6279,-2.1069,-59.2977,-13.145,0.8944
1780908173.523203,0.2056,-0.7119,-0.4241,16.542,-52.8855,-12.8168,0.8538
1780908173.7224097,0.0708,-0.7673,-0.5693,55.5344,36.3817,3.1527,0.9581
1780908173.922872,-0.1863,-0.6436,-0.3291,-1.7939,45.7939,25.4122,0.7464
1780908174.121151,0.1284,-0.5974,-0.2532,29.9084,-18.1603,22.2214,0.6614
1780908174.3203912,0.0291,-1.0088,-0.5669,-37.2748,-72.8473,-42.3511,1.1575
1780908174.52233,-0.0081,-0.575,-0.1685,12.1069,45.5954,1.458,0.5992
1780908174.7228134,0.3435,-1.168,-0.3774,44.8397,39.4122,20.4656,1.2746
1780908174.922568,0.0422,-0.468,-0.313,23.8473,-87.8015,-50.7863,0.5646
1780908175.1228049,-0.1936,-2.0,-1.2344,-1.1145,-85.2214,-25.5114,2.3582
1780908175.3228316,-0.1626,-0.2461,-0.2825,-5.7939,-97.3511,-35.8931,0.4084
1780908175.5222778,0.0605,-1.6526,-0.9553,-107.5496,-83.6794,-91.4122,1.9098
1780908175.722795,-0.0715,-0.2441,-0.3083,12.9847,-172.6183,-41.1221,0.3998
1780908175.924878,-0.0488,-0.9695,-0.6316,28.1756,-165.0534,-30.1908,1.1581
1780908176.1215093,0.0981,-0.5654,-0.3599,5.6641,-111.7557,-44.626,0.6774
1780908176.3242617,0.063,-0.5947,-0.4343,16.8015,-19.9313,-30.4886,0.7391
1780908176.5207827,-0.0024,-0.7483,-0.334,5.1069,3.5115,-9.5573,0.8194
1780908176.7227435,0.1216,-0.6304,-0.2263,24.0382,-24.1527,6.7252,0.6807
1780908176.9222462,-0.1643,-1.2405,-0.8396,12.4427,-57.4656,-39.2214,1.5069
1780908177.1222029,0.0396,-0.533,-0.2644,34.1069,46.4122,20.2366,0.5963
1780908177.3222044,-0.252,-0.8552,-0.3979,1.6718,76.0611,51.2824,0.9763
1780908177.5224402,0.1096,-0.4644,-0.1919,33.771,-3.6641,8.2443,0.5143
1780908177.722655,-0.1187,-1.196,-0.4548,-23.7634,-31.7328,0.0305,1.2851
1780908177.9221778,0.0525,-0.5156,-0.2234,10.0,46.1527,11.1221,0.5644
1780908178.1206465,0.4773,-1.2043,-0.5925,55.2748,79.2519,8.9084,1.4246
0,0,0,0,0,0,0,0
0,0,0,0,0,0,0,0
1780908181.752514,0.0176,-1.0049,-0.4363,-11.9466,72.3435,36.2214,1.0956
1780908181.9507244,0.1064,-0.8145,-0.3464,-1.6718,71.3511,16.1221,0.8914
1780908182.1497843,0.4604,-1.3987,-0.6426,-1.4962,112.0153,35.9466,1.6066
1780908182.3501225,0.1499,-0.9319,-0.2312,-4.855,-25.7634,-55.8626,0.9718
1780908182.5506995,-0.126,-1.5088,-0.946,-23.4122,-99.9466,-53.0992,1.7853
1780908182.7616012,0.1917,-0.6482,-0.2844,-19.0382,-14.9771,-4.4962,0.7333
1780908182.9635348,-0.114,-1.1882,-0.7695,-67.8473,38.5191,-8.542,1.4202
1780908183.1508205,-0.2278,-0.8916,-0.1306,-41.9771,-3.6107,-1.9389,0.9295
1780908183.3522775,-0.5059,-1.2776,-0.4353,-24.6489,-42.4122,25.2824,1.4414
1780908183.5506432,0.2739,-0.7495,-0.2263,-10.5573,-5.8168,4.1832,0.8295
1780908183.7497587,-0.0654,-0.8096,-0.8137,-58.4962,21.5954,-18.9695,1.1497
1780908183.9497824,-0.2263,-0.8181,-0.1716,-12.0687,21.0,4.4275,0.866
1780908184.1506147,-0.0078,-0.6968,-0.4998,-58.7405,-78.8779,7.1679,0.8575
1780908184.3501532,0.281,-0.5374,-0.1707,25.3969,-64.8931,-19.5802,0.6299
1780908184.5511694,-0.0752,-1.0686,-0.4954,63.084,-66.0153,-33.9237,1.1802
1780908184.7505667,-0.1943,-1.436,-0.6033,-6.1756,-108.0153,-20.1832,1.5697
1780908184.9506035,0.0271,-0.2195,-0.5977,3.0763,-203.7939,-54.7939,0.6373
1780908185.150544,-0.3921,-0.9231,-0.416,61.6718,-91.1603,-54.3588,1.0858
1780908185.3503828,-0.0664,-0.5232,-0.4521,9.5038,-95.9771,-69.1832,0.6947
1780908185.550901,0.0852,-1.4495,-0.8569,122.5878,-15.6565,-14.8779,1.686
1780908185.7515583,0.0415,-0.8416,-0.3179,26.3588,-104.2519,-34.916,0.9005
1780908185.9506488,-0.0024,-1.1414,-0.6521,-42.5649,-100.5725,-21.4656,1.3145
1780908186.1497962,0.1016,-0.7524,-0.292,7.6107,4.8321,-12.855,0.8135
1780908186.350387,0.3362,-1.4473,-0.9565,-45.3664,42.2214,-35.6565,1.7671
1780908186.550361,-0.0452,-0.6438,-0.2615,-21.4046,-34.3817,-12.5878,0.6963
1780908186.7550595,0.0916,-0.9736,-0.6406,-17.458,-75.0,46.0534,1.1691
1780908186.950643,0.323,-0.636,-0.3291,-28.4046,-17.9466,-4.855,0.7856
1780908187.1502075,0.0391,-0.5823,-0.5474,-29.4046,20.1908,-0.1603,0.8001
1780908187.3508475,-0.1885,-0.9011,-0.3147,-11.7405,20.2519,10.1756,0.9729
1780908187.5647297,0.2153,-0.7693,-0.6187,-26.4809,-61.6031,19.458,1.0104
1780908187.7505565,0.3198,-0.717,-0.355,-14.0534,-42.4198,-26.1908,0.8617
1780908187.95006,-0.0039,-0.9211,-0.4092,44.0916,40.7939,1.2901,1.0079
1780908188.1503935,-0.2703,-0.9961,-0.4883,-15.1527,46.7176,37.5649,1.1418
1780908188.3500462,0.1682,-0.5686,-0.2776,31.2214,-25.4275,-3.687,0.6547
0,0,0,0,0,0,0,0
0,0,0,0,0,0,0,0
1780908190.655374,0.1038,-0.9329,-0.2522,7.8473,-33.1527,-1.1679,0.9719
1780908190.8083477,0.1531,-0.9553,-0.5107,-14.1985,-36.9542,-7.5649,1.094
1780908191.0235066,0.0276,-0.7537,-0.2834,-1.1832,-10.626,3.3588,0.8057
1780908191.202444,0.0715,-1.0981,-0.3125,32.1145,-4.2061,-13.687,1.144
1780908191.402821,0.0964,-0.8232,-0.7642,15.1221,15.1069,-9.771,1.1274
1780908191.602369,0.1475,-0.6152,-0.1841,-20.8702,1.3053,-4.5344,0.6589
1780908191.8022354,0.1245,-1.0227,-0.2063,13.4046,-4.9924,15.4275,1.0507
1780908192.0020645,0.0779,-0.657,-0.5583,23.8092,-39.229,8.5802,0.8657
1780908192.202262,0.0889,-0.7498,-0.3132,-7.4885,-22.1756,-6.3206,0.8174
1780908192.4037573,0.1448,-1.2239,-0.3035,-10.0611,6.5038,7.1603,1.2692
1780908192.606662,0.0913,-0.5728,-0.209,-36.7023,26.2519,-6.3206,0.6165
1780908192.8026907,0.2385,-0.9993,-0.334,19.0,20.8626,5.0382,1.0803
1780908193.0024529,0.1521,-0.9849,-0.7725,-12.7939,-39.3511,-21.5038,1.2609
1780908193.2041082,0.1675,-0.917,-0.3809,17.4351,-36.6336,-11.4427,1.007
1780908193.402693,0.0796,-1.0317,-0.3591,8.8397,-30.8855,-25.6794,1.0954
1780908193.603023,0.0811,-0.9094,-0.7261,30.9771,-19.8626,-10.2366,1.1665
1780908193.8055172,-0.0364,-0.6094,-0.4285,21.6565,-156.3588,-42.084,0.7458
1780908194.0021405,0.1599,-0.7712,-0.6047,32.6794,-213.1908,-54.5802,0.993
1780908194.2026918,-0.1335,-0.7749,-0.3899,4.0458,-129.6641,-59.5649,0.8777
1780908194.4026546,-0.0962,-0.8579,-0.4934,3.4809,-120.0229,-82.8168,0.9943
1780908194.603007,0.0703,-1.1865,-0.4597,21.3435,-28.6031,-22.7023,1.2744
1780908194.802744,0.2983,-0.6855,-0.5046,-20.4656,-69.084,-50.0458,0.902
1780908195.003558,0.1179,-0.8662,-0.2766,3.7252,-14.6031,-11.687,0.9169
1780908195.2024472,0.1826,-1.0886,-0.2991,7.3206,-45.8473,9.374,1.1436
1780908195.4044673,0.0298,-0.5981,-0.3726,26.5878,-17.8855,23.0305,0.7053
1780908195.6028068,0.1023,-0.7795,-0.3049,-16.542,-7.6489,-9.3817,0.8433
1780908195.8026972,0.1348,-1.1279,-0.4431,7.916,11.8244,-4.2672,1.2193
1780908196.007636,0.0806,-0.5476,-0.3538,17.313,14.7176,5.7557,0.6569
1780908196.203041,0.2449,-1.0784,-0.325,-18.8855,-5.2977,-4.7328,1.1526
1780908196.4046822,-0.0034,-1.499,-0.3386,-5.1832,-41.3664,-26.4886,1.5368
1780908196.6056023,0.0642,-0.7107,-0.0735,-29.3053,-31.687,-4.0382,0.7174
0,0,0,0,0,0,0,0
0,0,0,0,0,0,0,0
1780908199.1515245,0.1304,-0.9351,-0.6899,5.0305,-92.6183,-20.3053,1.1693
1780908199.3505175,-0.0212,-0.8872,-0.6094,-22.2443,-33.0687,-9.6947,1.0765
1780908199.5513859,-0.0562,-0.6001,-0.552,-38.687,-9.5878,13.2672,0.8173
1780908199.751797,0.0542,-0.8518,-0.4417,-21.4504,12.2977,-23.2977,0.961
1780908199.9509418,0.0168,-0.7566,-0.5425,5.9771,22.5191,-10.626,0.9311
1780908200.1529806,0.2773,-0.8977,-0.8418,-13.7405,23.1603,6.6107,1.2615
1780908200.3503952,0.0164,-0.855,-0.4856,32.2366,7.0763,22.4427,0.9834
1780908200.5494413,0.1833,-1.1743,-0.9963,-29.1603,-0.9695,2.2519,1.5509
1780908200.751184,0.1501,-0.792,-0.5901,-8.374,-0.7023,18.5344,0.999
1780908200.9528942,0.0881,-0.7913,-0.8372,-26.1527,-8.5725,25.7481,1.1553
1780908201.1552126,-0.033,-0.5142,-0.6135,56.8092,27.9008,48.7557,0.8012
1780908201.3494892,0.0144,-0.7942,-0.2571,5.6947,-4.9237,-0.0687,0.8349
1780908201.55392,-0.2395,-0.811,-0.3508,18.8092,-71.6107,-35.4733,0.9155
1780908201.7543054,0.0288,-0.7129,-0.5771,-35.9924,-120.2061,-44.458,0.9177
1780908201.950703,-0.0869,-1.7505,-0.8105,5.3282,-138.9237,-36.542,1.931
1780908202.1534564,0.0559,-0.6748,-0.4558,-0.4198,-132.8168,-76.6412,0.8162
1780908202.3534427,-0.3196,-0.9446,-0.6208,-13.8015,-97.6336,-32.8092,1.1747
1780908202.5508764,0.3647,-0.717,-0.7417,28.1145,-76.3664,-52.3206,1.0942
1780908202.7539485,0.1177,-0.7559,-0.4065,-4.9313,-96.5343,-66.374,0.8663
1780908202.9506342,-0.0769,-1.0413,-0.2542,24.8015,-56.8931,-11.2595,1.0746
1780908203.1506352,0.0947,-0.7986,-1.0698,28.4198,-60.6183,-20.2748,1.3384
1780908203.3541317,0.0559,-0.6699,-0.353,12.4122,-59.0611,-23.5878,0.7593
1780908203.5509691,0.0857,-1.1191,-0.3164,26.0229,-32.7786,-18.855,1.1662
1780908203.750679,-0.0171,-0.3442,-0.3657,24.4198,0.8092,7.8168,0.5025
1780908203.9505866,0.054,-0.6621,-0.3435,-17.0611,32.313,25.2824,0.7479
1780908204.1508565,-0.0264,-1.2671,-0.5042,13.4504,-33.4198,-0.2901,1.364
1780908204.3538823,0.1279,-0.4749,-0.1448,-6.855,-38.0687,2.4275,0.5127
1780908204.553709,0.0583,-0.8716,-0.2837,13.2748,7.9389,-4.6565,0.9184
0,0,0,0,0,0,0,0
0,0,0,0,0,0,0,0
1780908208.6406677,0.1448,-0.8989,-0.7227,17.3053,46.8168,7.2748,1.1624
1780908208.8400586,0.1169,-1.0164,-0.344,15.8244,-3.916,-14.0611,1.0793
1780908209.0920804,0.0103,-1.0127,-0.303,17.6183,-30.1374,-4.7634,1.0571
1780908209.2406185,0.125,-0.6101,-0.4172,20.3511,-15.3282,3.3359,0.7496
1780908209.439055,0.0464,-0.7808,-0.3379,2.8397,-17.9313,-15.0916,0.852
1780908209.6395385,0.1899,-1.0859,-0.3757,15.3664,14.313,-10.4046,1.1647
1780908209.8393822,0.1414,-0.5701,-0.3989,18.7634,9.458,-8.2061,0.71
1780908210.0423064,0.0591,-0.9209,-0.1028,15.2977,-26.7099,-18.8626,0.9285
1780908210.2408214,0.144,-1.3298,-0.5476,17.626,-32.8168,1.9008,1.4454
1780908210.440336,0.0286,-0.5659,-0.3596,-1.8626,-82.1145,-14.6794,0.6711
1780908210.645432,-0.0071,-0.7441,-0.3665,-31.8626,-60.1145,-35.3664,0.8295
1780908210.8443892,0.0928,-0.7241,-0.7163,3.6183,81.8779,40.0382,1.0228
1780908211.040815,0.1257,-0.6392,-0.7063,-20.2977,134.3512,53.7481,0.9608
1780908211.2498348,-0.0623,-0.4768,-0.5869,-29.4809,59.6412,61.1832,0.7587
1780908211.444021,0.0786,-0.916,-0.5024,-19.5191,58.8855,24.8626,1.0477
1780908211.6546824,-0.1223,-0.8142,-0.5205,14.5878,18.6641,15.0153,0.9741
1780908211.84219,-0.0479,-0.9326,-0.6675,7.084,-10.8473,-10.374,1.1479
1780908212.0437312,0.1621,-1.1423,-0.8337,9.2443,24.9771,-0.7481,1.4235
1780908212.241633,0.2617,-1.3118,-0.7961,11.6183,17.3282,-13.9008,1.5566
1780908212.4486697,0.1079,-0.9067,-0.8201,-12.7176,-40.0382,20.2824,1.2273
1780908212.6393974,0.1377,-0.9634,-0.5527,-43.1908,-3.1679,-9.4962,1.1192
1780908212.839205,0.1169,-0.9871,-0.5471,27.3969,15.2137,14.6947,1.1346
1780908213.0408695,0.1323,-0.6775,-0.3533,26.2137,8.8397,2.1679,0.7754
1780908213.2420173,0.0293,-0.5649,-0.563,34.9466,28.8702,21.626,0.7981
1780908213.4398263,-0.0388,-0.7441,-0.0542,-92.1221,-20.7863,-12.0534,0.7471
1780908213.6391985,-0.1069,-0.5999,-0.5625,-14.0382,55.5878,27.6641,0.8293
1780908213.8397892,0.2322,-0.8945,-0.5049,3.313,-36.374,-22.8015,1.0531
1780908214.0395355,0.0793,-0.7539,-0.4419,-0.8397,-15.5267,-16.9695,0.8775
1780908214.238422,0.1042,-0.98,-0.55,-5.9771,12.0,-25.2214,1.1286
1780908214.4411433,0.3413,-1.3943,-0.9978,-8.6794,-4.5496,-9.9389,1.7482
1780908214.6398306,0.1702,-1.1692,-0.7971,2.1908,-19.374,19.313,1.4253
1780908214.8394966,0.022,-0.7891,-0.4595,37.1603,-1.4046,7.6489,0.9134
1780908215.0546227,0.0093,-0.4106,-0.3242,25.458,-3.2366,6.9084,0.5233
0,0,0,0,0,0,0,0
0,0,0,0,0,0,0,0
1780908216.7556803,0.1106,-0.5801,-0.3088,-32.7023,104.1679,29.5344,0.6664
1780908216.9551675,0.1338,-0.9063,-0.3411,-10.458,48.458,9.8321,0.9775
1780908217.1547465,0.0125,-1.2375,-0.4436,34.6412,-1.1756,14.5725,1.3147
1780908217.3687088,-0.0701,-0.4988,-0.4026,-13.4351,-15.3588,26.4351,0.6448
1780908217.5554817,0.1658,-0.6992,-0.2656,-3.0534,-33.0458,-20.6412,0.7661
1780908217.7605486,0.1104,-1.187,-0.3699,9.6336,40.5038,8.5878,1.2482
1780908217.9564254,0.1028,-0.5283,-0.2751,-22.3435,33.8702,22.4809,0.6045
1780908218.1571455,0.2329,-0.9324,-0.3296,-31.916,-3.2137,-17.458,1.016
1780908218.354042,0.0769,-1.3616,-0.5493,-8.7786,-86.9466,-59.1985,1.4702
1780908218.5537162,0.3379,-1.0686,-0.6108,14.2137,-28.7786,-29.4046,1.2764
1780908218.7644286,0.1221,-0.7761,-0.187,6.6412,14.0,-9.8244,0.8076
1780908218.954893,0.3333,-0.8545,-0.6804,63.2595,39.9389,3.6107,1.142
1780908219.1597002,-0.0398,-0.8193,-0.2151,-8.0382,-7.4656,10.9542,0.848
1780908219.3589988,0.1458,-1.2336,-0.4456,5.4504,-72.0992,-28.9847,1.3197
1780908219.5559084,0.0808,-1.0935,-0.6572,-28.9695,-87.687,-84.9008,1.2784
1780908219.7592697,0.0598,-0.833,-0.3281,16.4656,-18.9695,-18.0992,0.8973
1780908219.9594498,0.3577,-1.0085,-0.8633,33.9847,-57.1374,-43.0611,1.3749
1780908220.1648402,0.0234,-0.6101,-0.4553,13.2214,-179.6412,-76.9237,0.7616
1780908220.3553443,0.1589,-1.5935,-0.832,4.0229,-161.2443,-72.5878,1.8047
1780908220.5645602,-0.0964,-0.7012,-0.4922,13.0458,-149.8931,-67.0763,0.8621
1780908220.754245,0.1807,-0.9434,-0.6533,10.5191,-94.0229,-71.5115,1.1616
1780908220.9556403,0.2632,-0.9841,-0.2954,0.4809,9.2824,-0.0992,1.0607
1780908221.1606445,0.033,-0.8372,-0.2874,26.0992,-38.9695,1.0916,0.8857
1780908221.3540459,0.0618,-1.4124,-0.9531,20.4733,-64.2519,-20.5649,1.705
1780908221.553797,0.103,-0.5515,-0.3416,-38.5573,-46.6489,-30.8779,0.6568
1780908221.7585213,0.0188,-1.0903,-0.7778,-30.0153,25.3817,17.8397,1.3395
1780908221.9545248,-0.0039,-0.8286,-0.5867,-23.3053,23.0687,8.0916,1.0153
1780908222.157527,0.0989,-0.7947,-0.1304,7.0763,-39.9771,7.3511,0.8113
1780908222.3547285,-0.2124,-0.7002,-0.4326,0.771,-56.9542,9.0916,0.85
1780908222.5553353,0.4077,-0.6052,-0.3147,-9.6183,-0.2748,-20.2443,0.7947
1780908222.7557354,0.6353,-1.0588,-0.8508,38.687,68.5573,22.4809,1.4995
1780908222.9589522,-0.0669,-0.7715,-0.239,-22.7328,-0.6489,7.2595,0.8104
1780908223.1547642,0.1555,-1.6084,-0.8406,-18.1221,1.4351,-35.7176,1.8215
1780908223.3547919,0.2034,-0.8149,-0.5415,-0.5573,-54.1221,-31.1603,0.9994
1780908223.556163,0.0657,-0.9526,-0.1709,12.4733,64.9924,3.9771,0.9701
0,0,0,0,0,0,0,0
0,0,0,0,0,0,0,0
1780908225.059278,0.1338,-0.7041,-0.2349,28.6107,-73.7023,-57.7252,0.7542
1780908225.2604127,0.1001,-1.2207,-1.0151,23.5573,-94.3893,-19.6107,1.5908
1780908225.4607754,0.251,-0.7114,-0.2788,-7.1679,-48.3817,-27.458,0.8043
1780908225.6597922,0.2,-1.0107,-0.7161,-36.7481,52.1145,-3.4809,1.2547
1780908225.8602095,-0.1304,-0.9705,-0.3201,8.0458,30.9847,28.8168,1.0302
1780908226.0599604,0.0793,-0.9514,-0.4736,6.229,-35.6565,21.1527,1.0657
1780908226.2598917,0.1326,-0.7483,-0.4133,-26.1756,-78.8244,-27.6794,0.8651
1780908226.4759579,0.1987,-0.6428,-0.239,2.458,33.1374,-6.145,0.714
1780908226.6609445,0.1396,-0.4626,-0.2959,5.6031,63.5344,56.5573,0.5667
1780908226.8599384,0.1917,-0.5818,-0.1096,47.0305,-11.1069,-41.6947,0.6223
1780908227.0611544,0.3357,-1.2488,-1.0142,88.5649,-39.3435,34.1679,1.6434
1780908227.2598636,0.2773,-0.7073,-0.1443,11.4275,-20.6718,-16.2748,0.7733
1780908227.4636889,0.0845,-1.1147,-0.7175,-57.542,-57.4885,-14.1679,1.3284
1780908227.659884,0.1208,-0.9963,-0.5059,60.3206,-110.8321,-31.4809,1.1239
1780908227.8592558,0.0295,-0.5342,-0.9756,-27.3588,-179.3512,-70.1985,1.1126
1780908228.059904,-0.3706,-0.814,-0.4036,30.6336,-70.8244,-39.8855,0.9812
1780908228.2600758,0.1001,-0.489,-0.6206,31.9542,-102.4733,-101.0687,0.7964
1780908228.4612496,0.6055,-1.5364,-0.512,44.7099,-53.916,-27.7252,1.7289
1780908228.6605892,-0.0024,-0.6782,-0.2793,48.4809,-82.7405,-15.5115,0.7335
1780908228.8609226,-0.0479,-0.8884,-0.2986,17.8397,-83.3893,27.2824,0.9385
1780908229.059891,0.1829,-0.6306,-0.4663,-5.2595,16.4351,-23.2672,0.8053
1780908229.2598608,0.3833,-1.5469,-1.2266,-46.5649,55.5802,-13.3969,2.011
1780908229.459753,-0.0803,-0.6594,-0.1665,-5.2519,0.5878,9.0458,0.6848
1780908229.6598854,0.4058,-1.1675,-0.8623,1.6565,-85.9695,-2.9008,1.5071
1780908229.8598428,0.3474,-0.553,-0.104,36.7786,-20.626,-48.3664,0.6613
1780908230.0608227,0.1785,-1.0449,-0.6294,27.4504,53.4198,15.3053,1.2328
1780908230.3103523,0.0266,-0.8708,-0.4319,-61.0992,82.7557,78.9237,0.9724
1780908230.4600532,0.1147,-0.5955,-0.1025,20.5573,-27.6489,-1.0076,0.615
1780908230.6595838,-0.0444,-0.8323,-0.501,2.0611,-52.2672,23.8855,0.9724
0,0,0,0,0,0,0,0
0,0,0,0,0,0,0,0
1780908232.2171116,0.1987,-0.7668,-0.5542,-18.9618,152.8626,71.2977,0.9668
1780908232.4149528,0.0779,-1.2192,-0.624,34.2061,100.7634,65.7176,1.3719
1780908232.6170716,0.1658,-0.8018,-0.5166,-28.9389,36.4122,-2.6565,0.9681
1780908232.8139925,0.1169,-1.0627,-0.7263,-83.1527,75.4885,17.626,1.2925
1780908233.0144649,-0.0078,-0.7449,-0.2168,-10.2137,-7.0916,-5.5954,0.7758
1780908233.2130003,0.0762,-0.7261,-0.5356,4.1527,-73.1298,-12.6412,0.9055
1780908233.4138236,0.3137,-0.6453,-0.2998,21.8321,-45.9084,-21.8931,0.7776
1780908233.613682,0.1721,-0.7793,-0.3611,-14.2977,62.3969,11.0992,0.876
1780908233.81419,-0.0151,-1.1914,-0.6187,-36.4198,50.9313,28.3664,1.3425
1780908234.0194926,0.2256,-0.6543,-0.2864,31.6641,-14.1679,8.5496,0.749
1780908234.2120092,-0.0828,-0.8313,-0.4333,-62.2672,-59.7939,-28.2443,0.9411
1780908234.4140115,0.1177,-0.5425,-0.2202,12.1527,20.8321,-1.5725,0.5972
1780908234.6123705,0.6602,-0.8594,-0.573,69.374,51.8168,29.458,1.2258
1780908234.8145206,0.1169,-0.7122,-0.1584,37.4351,-19.5878,-28.2901,0.7389
1780908235.0183158,0.2056,-1.4597,-1.1157,90.7176,-53.1908,16.1527,1.8487
1780908235.2145548,0.1067,-0.4653,-0.2065,-43.2748,-88.4657,-29.9695,0.5202
1780908235.4138563,0.0554,-1.146,-0.6982,-65.687,-76.4198,-25.626,1.3431
1780908235.6146715,-0.0029,-0.7124,-0.3086,56.687,-151.9695,-56.8168,0.7764
1780908235.8136315,0.2556,-0.5581,-0.4138,36.6718,-182.7939,-3.0611,0.7403
1780908236.013621,-0.1409,-0.4355,-0.386,-22.1374,-118.771,-70.1221,0.5988
1780908236.2140908,0.1821,-0.7961,-0.6746,-8.8321,-59.9313,-22.9924,1.0593
1780908236.4136653,-0.114,-0.8291,-0.0332,-4.1756,-31.9389,28.916,0.8376
1780908236.613284,0.0198,-0.5852,-0.3662,53.8244,-101.6336,1.229,0.6906
1780908236.8140256,0.1301,-0.8333,-0.4556,7.0382,-75.0687,-29.1679,0.9585
1780908237.0138135,0.2002,-0.7432,-0.3572,30.0382,34.1603,-3.374,0.8485
1780908237.2126977,0.123,-1.0332,-0.4893,-19.4886,39.5038,29.687,1.1498
1780908237.4123538,0.0767,-0.4373,-0.1333,32.7481,-17.4809,-15.5878,0.4635
1780908237.6122649,0.0505,-1.1003,-0.3403,28.0229,-44.9313,43.3588,1.1529
1780908237.8126235,0.3347,-0.564,0.0254,34.1145,34.4046,-2.5344,0.6563
1780908238.0126505,0.8428,-1.3816,-1.1636,13.084,67.5725,-28.9008,1.9932
1780908238.2132766,0.0652,-0.531,-0.0928,-1.4885,-30.4962,-17.9313,0.543
1780908238.4124029,0.4729,-1.7637,-1.26,51.8702,-34.0687,-26.5496,2.2185
1780908238.6138577,0.1792,-0.6584,-0.2686,-8.1679,-2.3435,-2.374,0.7333
0,0,0,0,0,0,0,0
0,0,0,0,0,0,0,0
1780908251.6032126,-0.0271,-0.6616,-0.1499,-9.3206,-57.5573,-24.1145,0.6789
1780908251.8030477,0.0537,-1.1873,-0.459,-34.7634,22.2901,-13.4427,1.274
1780908252.0033617,-0.1895,-0.8721,-0.248,-15.0534,-0.8702,-6.6107,0.9262
1780908252.2024884,-0.2925,-0.7578,-0.4465,-45.1527,-57.7023,-1.4351,0.9269
1780908252.4072258,0.0588,-0.7559,-0.1826,-35.7405,-38.7023,-8.6794,0.7798
1780908252.6029265,-0.1965,-1.094,-0.7041,8.3511,18.5573,-37.1985,1.3158
1780908252.817601,-0.4148,-0.7537,-0.1868,5.1603,13.6947,41.2519,0.8803
1780908253.00301,-0.0574,-1.074,-0.6675,-81.9695,-76.7176,-10.4885,1.2658
1780908253.2031467,0.168,-0.7097,-0.1187,-21.7023,-2.0153,-8.7786,0.7389
1780908253.4045687,-0.0193,-1.1692,-0.4785,-71.0534,40.9389,-51.0153,1.2635
1780908253.6028726,-0.4158,-0.7441,-0.2246,-11.0458,-4.9237,-3.5573,0.8815
1780908253.8150973,0.0811,-1.6887,-1.1311,-117.0305,-70.9389,-19.8092,2.0341
1780908254.003137,-0.0298,-0.6382,-0.2214,-17.3435,-45.0458,-32.0229,0.6762
1780908254.2032812,-0.4175,-0.8152,-0.4478,-113.8473,-23.8779,-77.8244,1.0195
1780908254.4025536,-0.4358,-0.7876,-0.5493,-71.2443,-134.4122,-52.2824,1.0545
1780908254.602749,-0.072,-0.782,-0.7307,-5.4809,-204.8626,-72.8473,1.0727
1780908254.802797,-0.2148,-0.6462,-0.3708,-48.0534,-99.5038,-71.4504,0.7754
1780908255.0043843,0.0374,-0.9954,-0.4829,-47.5496,-92.4122,-45.7328,1.107
1780908255.2079985,-0.1743,-0.7568,-0.5127,-26.1069,-30.4504,-25.1679,0.9306
1780908255.4030037,-0.1692,-0.6863,-0.6396,-64.8702,-66.8244,1.8244,0.9533
1780908255.6024544,0.1929,-0.668,-0.3191,-26.7176,-38.5191,-82.9237,0.765
1780908255.8528178,0.1162,-0.7249,-0.6348,2.4427,59.6031,11.6107,0.9705
1780908256.0032046,-0.2734,-0.8018,-0.3367,8.4122,56.687,40.2748,0.9116
1780908256.2063315,-0.0835,-0.6924,-0.5024,-44.2595,-9.1908,8.9924,0.8595
1780908256.4573233,0.0547,-0.8533,-0.2004,-2.9924,-26.0992,-29.084,0.8782
1780908256.6125572,0.1685,-0.6294,-0.5757,-2.5496,50.9466,17.855,0.8694
1780908256.8534951,-0.4558,-0.9077,-0.3704,-32.145,66.5878,61.2214,1.0811
1780908257.0044925,-0.095,-0.8572,-0.6096,-106.1298,-28.3511,-11.5115,1.0561
1780908257.2049482,0.1582,-0.8184,-0.3281,4.5649,-62.542,-54.0534,0.8958
1780908257.4037087,-0.0845,-0.6519,-0.4685,-32.5573,-28.458,-16.0534,0.8072
0,0,0,0,0,0,0,0
0,0,0,0,0,0,0,0
1780908258.538343,0.1326,-0.9883,-0.2847,-9.8244,-65.8168,-19.6412,1.037
1780908258.738394,-0.1431,-0.9236,-0.217,24.916,-1.9008,-9.8244,0.9595
1780908258.9379396,-0.1206,-0.6184,-0.4573,-31.4733,-103.1298,-22.4962,0.7785
1780908259.1381145,0.0457,-0.8596,-0.4219,-13.3282,-46.3359,-74.4962,0.9586
1780908259.3384078,0.2615,-0.6294,-0.5291,-28.6565,26.2214,5.3282,0.8628
1780908259.5374494,-0.3181,-0.7275,-0.1648,-37.5038,50.9847,9.5267,0.811
1780908259.7374847,-0.2073,-0.7942,-0.4875,-66.2366,-64.1908,-1.5954,0.9547
1780908259.9383109,0.2507,-0.6677,-0.0591,6.6794,-33.8015,-37.7786,0.7157
1780908260.1372187,0.0703,-0.9504,-0.5874,-78.5343,48.9237,1.7634,1.1195
1780908260.3372734,-0.3015,-0.7573,-0.2773,-4.8168,20.7786,8.2595,0.861
1780908260.537282,0.2412,-1.3772,-1.0881,-115.9237,-41.4275,-3.3435,1.7717
1780908260.7432432,0.2261,-0.5552,-0.1685,3.5038,19.626,-26.1985,0.6227
1780908260.9446812,0.0806,-1.6169,-0.8665,-3.8168,120.3588,72.5038,1.8362
1780908261.1375065,-0.3213,-0.6594,-0.1372,25.1603,49.9771,59.1145,0.7463
1780908261.3381038,0.385,-0.9292,-0.8167,-40.3206,89.8931,80.4885,1.2956
1780908261.5381055,0.2322,-0.377,-0.5188,14.0916,228.1603,43.7023,0.682
1780908261.7398753,-0.3604,-1.4719,-0.9644,-12.1221,218.5573,84.2824,1.7962
1780908261.9393156,0.0945,-0.6157,-0.2117,-24.0229,113.3511,36.0534,0.6579
1780908262.1373775,-0.6604,-1.6035,-0.9797,-39.8626,66.7252,47.3053,1.9918
1780908262.3392484,0.0732,-0.3074,-0.1101,-32.5191,48.1374,-7.8855,0.3346
1780908262.5374396,-0.1318,-0.8896,-0.6235,-17.8397,71.0916,12.6412,1.0944
1780908262.7373028,-0.2117,-0.6379,-0.0586,-18.2595,18.8397,19.6794,0.6747
1780908262.9395542,-0.1555,-0.9558,-0.6646,-88.4427,-71.2824,-8.9618,1.1745
1780908263.1374495,0.1555,-0.6172,-0.1335,5.1603,-15.4351,-34.3893,0.6503
1780908263.337881,-0.0996,-0.8604,-0.4441,-21.6412,44.9313,-5.6031,0.9733
1780908263.53829,-0.3562,-0.7449,-0.2202,-34.8321,34.7023,12.1679,0.8545
1780908263.7372673,-0.2102,-1.0442,-0.5481,-63.1069,-47.4351,16.7863,1.1979
1780908263.9374452,0.1184,-0.6846,-0.1616,-16.4504,-17.6336,-34.5725,0.7133
1780908264.1471055,-0.0403,-1.2219,-0.6519,-36.5573,60.916,-2.1985,1.3855
1780908264.3372147,-0.2698,-0.5737,-0.0271,10.6718,-14.3511,-13.3817,0.6346
0,0,0,0,0,0,0,0
0,0,0,0,0,0,0,0
1780908265.4303098,-0.7336,-2.0,-0.842,-17.771,-181.3435,-48.3282,2.2907
1780908265.6300533,-0.2803,-0.5437,-0.4968,-27.1679,-119.2366,-58.542,0.788
1780908265.8311832,0.0349,-1.9592,-0.4082,-31.3893,-89.5573,-23.7786,2.0016
1780908266.0361705,-0.2495,-0.252,-0.3782,-32.9542,-47.9084,-8.2672,0.5184
1780908266.2322268,-0.5115,-2.0,-1.2622,-77.8931,-84.3511,-13.9313,2.4197
1780908266.4333906,0.0134,-0.6296,-0.3115,11.6794,-18.145,10.2366,0.7026
1780908266.6295447,-0.3125,-2.0,-0.8152,45.7557,44.3893,20.4886,2.1822
1780908266.8308983,-0.2542,-0.7297,-0.2415,12.687,-21.626,14.6565,0.8096
1780908267.029889,-0.1162,-1.8076,-0.7432,-31.6183,-65.6718,18.3359,1.9579
1780908267.2300777,0.1162,-0.5371,-0.1484,-3.2061,-23.313,-30.2977,0.5692
1780908267.4302514,-0.2664,-2.0,-1.6143,56.687,113.0458,-2.1985,2.5839
1780908267.6311557,-0.1191,-0.5725,-0.2063,-6.9618,-11.4275,-28.6412,0.6201
1780908267.8304565,-0.4663,-1.8914,-0.9775,16.1527,-95.374,3.8092,2.1795
1780908268.0297096,0.0022,-0.562,-0.1682,-14.4809,17.313,0.9847,0.5866
1780908268.2294722,0.0305,-2.0,-1.1975,-42.7939,116.6412,-8.084,2.3313
1780908268.4300237,-0.2979,-0.5879,-0.0325,31.1527,2.5954,13.3282,0.6598
1780908268.6298563,0.3831,-1.6431,-1.6145,-30.8931,143.1527,62.6336,2.3352
1780908268.8293195,0.0996,-0.4417,-0.5486,8.4656,199.7634,58.4427,0.7113
1780908269.029689,-0.3657,-1.3254,-0.5005,11.9924,229.7405,99.229,1.4632
1780908269.2345164,-0.0334,-0.5989,-0.2463,-19.8473,118.6641,45.6718,0.6484
1780908269.4304266,-0.2498,-0.9775,-0.8281,-60.1985,63.2137,22.7557,1.3053
1780908269.6295547,-0.0659,-0.4529,-0.0076,-26.3282,34.6794,-3.8855,0.4577
1780908269.830218,0.0046,-0.6572,-0.5503,28.687,81.687,25.3282,0.8572
1780908270.0307271,-0.3779,-1.0198,-0.5586,27.3359,23.084,14.855,1.2226
1780908270.2302673,-0.2881,-0.5686,-0.5645,36.1908,-48.1221,26.4427,0.8514
1780908270.4302473,-0.1125,-0.9753,-0.4221,-3.3893,-57.1298,-32.0534,1.0687
1780908270.6337764,0.0378,-0.4551,-0.3247,-4.0763,47.4351,-16.8855,0.5603
1780908270.8301647,-0.1277,-0.7537,-0.0549,32.1603,88.4046,80.3969,0.7664
1780908271.030322,-0.1165,-0.5295,-0.2173,8.9847,-65.9313,-20.3664,0.5841
1780908271.2300582,-0.0212,-1.1223,-0.3896,29.5954,-62.374,-30.8702,1.1882
1780908271.4295511,-0.0649,-0.4568,-0.3357,28.5344,37.2672,-7.145,0.5706
1780908271.6312644,-0.1797,-0.5234,-0.1958,-23.7863,75.6718,46.4046,0.587
0,0,0,0,0,0,0,0
0,0,0,0,0,0,0,0
1780908290.5681171,-0.0122,-0.9202,-0.2312,7.6336,10.6794,4.6489,0.9488
1780908290.7679038,0.1531,-0.8562,-0.4727,-25.2061,4.8321,5.6107,0.9899
1780908290.968178,0.0701,-0.8982,-0.5005,-39.7023,29.771,11.8931,1.0306
1780908291.1681075,-0.0427,-0.8604,-0.3665,-32.374,-37.8015,-2.8321,0.9361
1780908291.3683197,-0.043,-0.7871,-0.5432,5.2137,15.6107,12.0992,0.9573
1780908291.5740976,-0.1257,-0.8494,-0.5752,49.2214,38.6489,-16.5038,1.0335
1780908291.7684844,0.0735,-0.9529,-0.6294,36.5115,-2.916,6.6412,1.1443
1780908291.9721322,-0.1062,-1.1799,-0.7781,22.1908,-19.3664,-1.0534,1.4174
1780908292.1845531,-0.1101,-0.8835,-0.7112,87.5878,14.687,-30.0305,1.1395
1780908292.3724132,0.0537,-0.9163,-0.3977,48.8779,6.3588,-17.2824,1.0003
1780908292.5712273,0.0552,-0.9021,-0.2595,1.5496,14.9466,2.5267,0.9403
1780908292.7712498,0.0642,-0.9536,-0.2122,3.1145,1.0382,1.7939,0.979
1780908292.9713097,0.0562,-0.916,-0.1868,-0.8931,-2.1679,-1.2901,0.9365
1780908293.1720884,0.0288,-0.9316,-0.22,-2.6336,0.4504,2.2672,0.9577
1780908293.3782144,0.0251,-0.9778,-0.3442,-9.9008,1.916,1.9542,1.0369
1780908293.577052,0.05,-0.9644,-0.2517,-11.2214,-0.5954,-0.9771,0.9979
1780908293.77095,-0.0339,-0.9468,-0.2026,-17.7939,5.5573,-1.9084,0.9688
1780908293.9745715,0.062,-0.8999,-0.396,-48.4198,7.7557,4.0382,0.9851
1780908294.183093,-0.019,-0.8384,-0.9585,-76.4351,-0.4046,24.3969,1.2736
1780908294.3725958,-0.0032,-0.8359,-0.885,-59.6412,-29.0153,-11.0076,1.2174
1780908294.573123,0.1689,-0.7407,-0.7073,8.9389,37.6336,-28.9313,1.038
1780908294.7876992,0.0149,-0.7778,-0.696,90.8473,13.2137,-12.1908,1.0439
1780908294.9745114,0.0564,-0.6611,-0.3352,30.313,-18.3893,0.2901,0.7434
1780908295.1724267,-0.0352,-0.7312,-0.4412,40.2748,4.4809,1.0076,0.8547
1780908295.3760037,0.1147,-0.9126,-0.5046,14.1756,4.1069,-15.084,1.0491
1780908295.571454,0.0166,-0.9253,-0.4414,-2.0076,6.084,2.3282,1.0253
0,0,0,0,0,0,0,0
0,0,0,0,0,0,0,0
1780908307.9607751,-0.1313,-0.8975,-0.259,-2.3664,14.1908,-5.7557,0.9433
1780908308.1615565,-0.105,-0.9651,-0.2756,4.5802,11.2672,2.0916,1.0092
1780908308.3670294,0.019,-1.1055,-0.7087,-16.2214,-22.6031,6.9695,1.3133
1780908308.5610034,0.0994,-0.8918,-0.48,-4.8473,-27.3893,-44.5344,1.0177
1780908308.7615354,0.1311,-0.8589,-0.4607,-50.8779,-97.0229,-43.1832,0.9834
1780908308.961468,0.2026,-0.8645,-0.7161,22.3435,-145.5649,-60.6489,1.1407
1780908309.1608655,-0.1914,-0.7654,-0.4905,-18.1069,-100.4809,-8.1832,0.929
1780908309.3605475,0.043,-0.7617,-0.4702,-2.7176,-40.0992,-20.2137,0.8962
1780908309.5609698,0.1072,-0.8157,-0.5256,-13.2214,17.7099,-19.2901,0.9763
1780908309.7612264,-0.0308,-1.196,-0.5256,-24.9313,-29.8779,-1.4046,1.3068
1780908309.9646082,0.1748,-0.6077,-0.6731,-35.687,-58.0916,-5.313,0.9235
1780908310.1616337,0.1877,-0.835,-0.3843,-49.6183,-34.1908,-26.4886,0.9381
1780908310.361703,0.0259,-0.7065,-0.6819,-3.8321,-7.9389,-2.0305,0.9823
1780908310.561633,0.0056,-0.8657,-1.0449,54.8855,-9.2748,13.0305,1.357
1780908310.764422,0.0234,-0.9788,-1.0435,3.9618,0.145,4.7557,1.4308
1780908310.961504,-0.0347,-1.0566,-0.5505,46.6641,4.8855,0.5191,1.192
1780908311.1619172,-0.0215,-1.1289,-0.4636,24.7557,-13.2595,-2.9847,1.2206
1780908311.3614314,0.0872,-0.9878,-0.2947,36.8321,7.2824,2.6947,1.0345
1780908311.5608096,0.0198,-0.926,-0.2686,13.0458,-5.9084,3.0305,0.9644
1780908311.761508,-0.0344,-0.9639,-0.2463,1.7481,3.3817,3.2595,0.9954
1780908311.9610782,0.03,-0.9717,-0.3054,-4.0611,-2.4046,-0.8092,1.019
1780908312.1606913,0.0039,-0.9463,-0.2805,-8.7023,-4.1069,-1.8015,0.987
1780908312.361092,0.0015,-0.9558,-0.3103,-16.1756,-1.5496,-1.9008,1.0049
1780908312.560838,0.0232,-0.9158,-0.3979,4.5267,5.7023,0.9389,0.9988
0,0,0,0,0,0,0,0
0,0,0,0,0,0,0,0
1780908315.508851,-0.0312,-0.9636,-0.248,-7.3206,-10.1527,-11.458,0.9955
1780908315.7094345,0.1619,-1.0173,-0.4136,-12.084,7.0916,0.9084,1.1101
1780908315.9091995,0.03,-0.9163,-0.2803,-13.5573,-3.5878,-7.9389,0.9586
1780908316.109258,-0.0615,-1.0881,-0.356,9.0611,-43.2061,5.1985,1.1465
1780908316.3137872,0.0889,-0.761,-0.4714,15.1069,-11.458,18.7863,0.8996
1780908316.5186214,-0.0525,-0.8311,-0.4958,2.7939,48.542,18.9847,0.9692
1780908316.7092211,0.0066,-0.906,-0.646,0.5725,133.6183,30.5878,1.1127
1780908316.9093845,0.1719,-0.7207,-0.498,-11.7939,158.9084,23.855,0.8928
1780908317.109476,0.1948,-0.8582,-0.4109,9.7405,96.7099,30.8321,0.9712
1780908317.3091533,0.1021,-0.9336,-0.3926,18.6565,55.9313,33.1221,1.0179
1780908317.5091267,0.0879,-0.9812,-0.3062,10.374,25.0076,0.8244,1.0316
1780908317.7236583,-0.1997,-0.8684,-0.4849,31.9008,-0.7481,30.2366,1.0144
1780908317.9081285,-0.1084,-0.8625,-0.2361,-17.916,-32.4962,8.916,0.9008
1780908318.1091902,0.1575,-0.9932,-0.3286,-10.2061,-24.6107,-47.5878,1.0579
1780908318.3130963,-0.0886,-0.9124,-0.6587,5.6489,1.3588,-17.084,1.1288
1780908318.5091968,0.2046,-0.7002,-0.626,-39.6107,-126.9771,-73.687,0.9612
1780908318.709566,0.0146,-0.6946,-0.7239,-5.7786,-105.8321,-17.9924,1.0033
1780908318.914981,0.1367,-0.646,-0.4888,-63.0305,-70.0763,-16.9466,0.8215
1780908319.109298,0.0061,-0.7661,-0.5872,17.6107,-17.8473,-13.1221,0.9653
1780908319.3092375,0.0166,-0.8652,-0.8008,49.2977,-13.4351,-25.1832,1.179
1780908319.5095263,-0.0696,-1.0532,-0.8274,46.7176,-32.4046,-10.6718,1.3412
1780908319.7086184,-0.198,-1.218,-1.2468,35.6794,16.2672,-13.4275,1.7542
1780908319.9093878,0.05,-1.084,-0.157,5.6565,15.1298,12.0534,1.0964
1780908320.109591,0.0391,-1.011,-0.1931,5.6107,-1.374,4.2443,1.03
1780908320.3094292,-0.1072,-0.9688,-0.1135,1.5802,-17.542,0.4656,0.9813
1780908320.5190685,-0.0608,-0.9695,-0.1418,9.1985,-2.5115,3.3588,0.9817
1780908320.7195783,0.0361,-0.9775,-0.3254,-18.5725,2.1527,-1.8397,1.0309
0,0,0,0,0,0,0,0
0,0,0,0,0,0,0,0
1780908335.5156808,0.1287,-0.7878,-0.5398,-15.6718,61.916,29.771,0.9637
1780908335.7147405,0.1604,-1.1501,-0.7935,-21.5802,43.458,31.0992,1.4065
1780908335.922493,0.0718,-0.8206,-0.5916,-16.1145,89.0534,69.9389,1.0141
1780908336.1139016,-0.0054,-0.8813,-0.4102,-17.7099,69.8855,42.0153,0.9721
1780908336.3138392,-0.0007,-0.9033,-0.4836,-16.6794,66.5267,38.3969,1.0246
1780908336.5139556,0.0059,-1.0486,-0.4241,-1.1145,64.1069,-2.8244,1.1311
1780908336.7139068,0.0144,-0.7703,-0.5552,-2.6947,15.8855,5.5802,0.9496
1780908336.9145505,-0.0964,-1.0173,-0.6448,0.8855,-39.1298,7.5573,1.2083
1780908337.1143715,-0.0901,-0.9224,-0.5662,-28.3588,-148.5114,-48.0458,1.086
1780908337.3137996,0.0898,-0.7927,-0.8862,-10.8015,-126.1603,-44.7557,1.1924
1780908337.5177464,-0.1384,-0.7502,-0.408,-25.5496,-92.8397,-67.9847,0.8651
1780908337.714401,-0.0842,-0.7654,-0.72,-1.0611,-85.0305,-50.687,1.0542
1780908337.9180896,0.2361,-0.5764,-0.8064,-54.4275,-31.2366,-41.6641,1.019
1780908338.1237462,0.0,-0.7271,-0.7634,-52.1756,-57.1756,-20.4656,1.0542
1780908338.3138485,-0.0984,-0.6587,-0.5027,-48.9542,-5.3359,4.2519,0.8344
1780908338.5137675,0.1533,-0.7656,-0.7283,70.3359,-6.6718,-15.084,1.0677
1780908338.7164211,0.0549,-0.8904,-1.1306,43.374,19.8626,-14.4885,1.4402
1780908338.9139912,0.2349,-0.8882,-0.8787,78.2519,15.0305,-0.145,1.2713
1780908339.1150608,0.0154,-0.8284,-0.0012,56.4275,32.1145,9.5802,0.8285
1780908339.3144102,0.0452,-0.9834,-0.4407,9.458,-3.2366,15.229,1.0786
1780908339.527013,0.0215,-0.9868,-0.2744,11.0076,-12.3282,-4.4427,1.0245
1780908339.7140915,-0.0103,-0.9692,-0.2266,-6.4656,-14.4656,-2.1756,0.9954
1780908339.9144154,-0.0034,-0.9421,-0.2854,-36.0305,-2.0916,-2.458,0.9844
0,0,0,0,0,0,0,0
0,0,0,0,0,0,0,0
1780908341.9571128,-0.0369,-1.0669,-0.6238,-21.2672,-70.5038,-19.229,1.2364
1780908342.1570437,-0.1018,-0.8997,-0.4507,-14.687,-54.9466,-8.9695,1.0114
1780908342.3727083,0.0063,-0.8657,-0.4116,-29.2137,-6.916,-8.0153,0.9586
1780908342.5570385,-0.0488,-1.1545,-0.55,19.6107,18.6794,1.1145,1.2798
1780908342.7570481,0.011,-0.678,-0.499,13.8397,51.2214,27.7939,0.8419
1780908342.957477,0.0251,-0.7903,-0.2959,0.8168,-1.9008,-0.8702,0.8442
1780908343.1572719,0.1116,-1.2014,-0.5168,-45.7557,13.374,10.5649,1.3126
1780908343.3571894,0.0891,-0.5237,-0.4565,-0.0305,117.7328,60.7939,0.7004
1780908343.5570548,-0.1499,-0.8511,-0.3772,1.0,147.626,35.8321,0.9429
1780908343.7570448,0.1592,-0.9143,-0.7166,23.084,171.084,51.5802,1.1725
1780908343.9575725,0.3127,-0.845,-0.561,-41.916,110.7634,63.0916,1.0614
1780908344.1580553,0.0479,-0.8792,-0.1782,6.5115,56.1221,31.4886,0.8983
1780908344.3571613,0.2234,-0.9631,-1.2126,-11.1756,46.3817,65.9695,1.5646
1780908344.5570219,-0.2461,-0.7544,-0.2629,23.9924,-0.0992,-9.771,0.8359
1780908344.7581458,-0.0796,-0.9036,-0.3955,9.3664,14.0153,-3.542,0.9895
1780908344.9570353,-0.0149,-1.0383,-0.4583,-27.1679,8.0611,-6.4122,1.1351
1780908345.1570053,0.0222,-0.5784,-0.2434,0.2748,-10.7099,-14.0153,0.6279
1780908345.357509,-0.1143,-0.8533,-0.3088,-23.4809,-100.5573,-41.2366,0.9146
1780908345.5574174,0.1873,-0.8638,-1.2412,18.4427,-139.4962,-92.6718,1.5237
1780908345.7579224,-0.208,-0.7063,-0.2717,22.8779,-58.2824,-39.4198,0.7848
1780908345.9575682,-0.0432,-0.6477,-0.4592,-5.9924,-64.6641,-53.1145,0.7952
1780908346.1569726,0.0564,-0.5864,-0.387,-69.2595,-90.4122,-58.6641,0.7049
1780908346.3559926,0.0769,-0.8904,-0.4875,-24.5573,-24.3282,-14.0992,1.018
1780908346.5561554,-0.2268,-0.9629,-1.0801,42.8015,-17.4962,-3.6718,1.4646
1780908346.7554748,0.1438,-1.4111,-1.5498,8.1908,-41.9847,16.771,2.1009
1780908346.967078,-0.1111,-1.0508,-0.2969,50.2061,20.1985,2.5649,1.0975
1780908347.165215,-0.1042,-1.019,-0.0957,24.8779,6.313,1.1756,1.0288
0,0,0,0,0,0,0,0
0,0,0,0,0,0,0,0
1780908349.7338107,-0.115,-0.9868,-0.1943,41.3206,-61.4427,-4.2672,1.0123
1780908349.9249318,-0.0061,-1.063,-0.7324,-10.1679,-110.458,-12.4351,1.2909
1780908350.125291,-0.1104,-1.1213,-0.3953,-32.771,-128.771,-47.2672,1.1941
1780908350.3256197,-0.1321,-0.8237,-0.3579,25.916,-58.0534,-34.3893,0.9078
1780908350.5254447,0.4104,-1.0994,-0.5237,-73.5267,-51.687,-70.2748,1.285
1780908350.7254796,-0.2083,-0.731,-0.0889,17.916,-57.4122,-27.8855,0.7652
1780908350.9257004,0.2251,-0.8652,-0.6902,35.771,-117.0229,2.5725,1.1294
1780908351.1300411,-0.002,-0.8169,-0.106,-5.916,-37.7786,-2.6718,0.8237
1780908351.3239765,0.4753,-1.23,-0.6223,-13.5038,10.5496,-27.5267,1.4581
1780908351.532515,-0.2932,-0.7151,0.0703,-50.5115,-55.1832,-0.9695,0.7761
1780908351.7257624,-0.3787,-1.9824,-1.1318,-27.229,-127.4504,-6.687,2.314
1780908351.935389,0.2009,-0.4512,-0.4724,29.7481,-5.7176,-15.1832,0.6834
1780908352.1255388,0.2737,-1.634,-0.5879,-23.4962,19.8397,1.7099,1.758
1780908352.3253784,-0.1196,-0.3076,-0.3335,24.5496,-59.6718,-4.3282,0.4692
1780908352.5256693,0.019,-1.0464,-0.1824,-41.1145,-29.9847,-38.7328,1.0623
1780908352.7696137,-0.0757,-0.3625,-0.3276,56.7634,-35.8397,-31.8092,0.4945
1780908352.9752731,0.3618,-0.8855,-0.5139,-41.8397,-62.7023,-20.7863,1.0859
1780908353.1285381,-0.1089,-0.2253,-0.4351,133.4275,-109.0992,-55.7634,0.5019
1780908353.3244812,0.136,-0.5029,-0.5535,-6.5878,-142.4351,-129.4962,0.7601
1780908353.5255983,0.0891,-0.4785,-0.5081,42.0,-91.5649,-63.3817,0.7036
1780908353.7238212,-0.1013,-0.9368,-0.4722,49.3206,-7.6412,14.9313,1.0539
1780908353.9243484,0.1006,-0.5549,-0.5286,17.145,-129.6718,-52.0611,0.7729
1780908354.125642,0.2339,-0.6868,-0.3025,-34.9924,-58.2519,-44.7939,0.786
1780908354.3253558,0.2258,-0.7234,-0.6494,46.5954,32.2748,-18.6031,0.998
1780908354.533417,-0.3118,-0.8203,-0.2068,-3.9542,54.1069,58.0534,0.9016
1780908354.7247987,0.1851,-0.8967,-0.7749,44.1069,-130.1679,-9.3817,1.1995
1780908354.9307237,0.1079,-0.7859,0.2627,93.9847,27.7481,-26.0153,0.8356
1780908355.128095,0.5608,-1.3918,-0.6355,-9.7328,62.2595,49.1679,1.6296
1780908355.3273594,-0.2102,-0.6633,-0.2471,14.6412,58.4046,20.0076,0.7384
0,0,0,0,0,0,0,0
0,0,0,0,0,0,0,0
1780908358.9179642,0.0696,-1.0291,-0.2856,-58.9084,-33.771,-7.4046,1.0702
1780908359.1172,-0.0381,-0.7344,-0.8262,15.0458,-10.313,39.4885,1.106
1780908359.3228445,0.0925,-0.7434,-0.4995,-15.6565,8.8702,4.6107,0.9004
1780908359.5174363,-0.0498,-0.5413,-0.1941,-4.0763,28.7023,12.0382,0.5772
1780908359.7174475,0.3423,-1.0496,-1.2358,-39.4198,39.9847,1.3435,1.6571
1780908359.9176373,-0.1477,-0.6394,-0.2029,-0.8015,21.5038,-11.7863,0.6869
1780908360.1175954,0.1094,-0.4502,-0.0583,-14.8931,-45.626,4.3206,0.467
1780908360.3182619,0.002,-1.2092,-0.5823,-0.3282,-38.3969,-13.8015,1.3421
1780908360.5170348,0.0439,-0.2732,-0.1907,91.3511,22.3511,-18.4122,0.336
1780908360.7175171,0.3315,-1.2092,-0.5559,73.9237,118.0382,-6.5038,1.3716
1780908360.9177408,0.2007,0.0234,-0.2097,18.2519,-25.3817,1.229,0.2912
1780908361.1170797,-0.1277,-1.1509,-0.281,-16.7481,-101.1374,-56.1832,1.1915
1780908361.327514,0.1121,-0.3381,-0.1882,20.3893,-19.0916,-23.1069,0.4029
1780908361.5172577,-0.1536,-1.5217,-0.9595,6.8244,-76.084,-112.6794,1.8055
1780908361.7185242,-0.1125,-0.1082,-0.2351,2.7863,-183.7634,-48.5725,0.2822
1780908361.9176083,-0.3613,-2.0,-1.311,-25.9542,-146.4122,-37.8779,2.4185
1780908362.1170628,-0.0718,-0.3755,-0.3958,33.3969,-99.7634,-39.626,0.5502
1780908362.3172758,0.343,-1.8455,-0.5791,17.1756,-61.5267,-35.1832,1.9644
1780908362.517051,-0.1406,-0.5811,-0.1238,-0.8702,-67.0,-25.8473,0.6105
1780908362.7169716,-0.0354,-1.9666,-0.9487,-19.4962,-90.1679,13.7939,2.1837
1780908362.9171846,0.2603,-0.5378,-0.2349,-5.4809,-18.0458,-5.7252,0.642
1780908363.1171591,0.6543,-2.0,-1.2322,-15.687,59.0076,30.8473,2.4385
1780908363.3180318,0.0667,-0.3157,-0.1616,1.8092,-50.9466,-50.1221,0.3609
1780908363.5193014,-0.4285,-2.0,-1.2998,-29.855,-34.1908,23.9237,2.4234
1780908363.720275,-0.0081,-0.4585,-0.1567,-1.8397,18.9237,17.084,0.4846
0,0,0,0,0,0,0,0
0,0,0,0,0,0,0,0
1780908368.0054493,-0.0632,-0.7747,-0.6218,-27.7328,-63.6947,-38.0153,0.9954
1780908368.1918292,-0.092,-0.842,-0.6392,-47.2061,-6.8092,1.0458,1.0611
1780908368.391454,0.0781,-0.4099,-0.4058,-23.8244,-56.4351,-2.9313,0.582
1780908368.591799,-0.1655,-0.6504,-0.3452,4.1756,4.1145,-6.5038,0.7547
1780908368.7976873,-0.0225,-0.895,-0.9133,1.9695,1.9466,-11.6718,1.279
1780908368.997662,-0.1572,-0.9724,-0.8137,46.145,9.2137,15.1145,1.2777
1780908369.1917315,-0.0215,-1.0283,-0.9893,-17.916,-18.7863,-4.2214,1.4271
1780908369.3914332,-0.0571,-0.957,-0.3889,-7.8168,-1.2901,2.8321,1.0346
1780908369.591284,-0.0037,-0.9082,-0.4131,-12.6107,-7.1145,-2.2214,0.9977
1780908369.791264,0.011,-0.9202,-0.4363,-17.374,6.3893,-5.687,1.0184
1780908369.9912972,0.1382,-0.8423,-0.4456,-32.0305,10.687,-19.7023,0.9628
1780908370.191861,0.0364,-1.2073,-1.2043,-28.5038,-11.0763,-2.6412,1.7057
1780908370.3913949,-0.0811,-1.1296,-0.9055,11.1908,3.1756,5.458,1.45
1780908370.5930283,0.1296,-1.04,-0.9114,16.0611,31.0611,1.2595,1.3889
1780908370.7918978,0.052,-0.7866,-0.5168,29.458,-23.7176,0.8626,0.9427
1780908370.9940288,-0.1423,-0.6238,-0.3381,40.7481,3.2748,27.1069,0.7237
1780908371.1950667,-0.0596,-0.7673,-0.5042,-13.0153,-18.8321,19.5725,0.9201
1780908371.3916218,-0.0503,-0.8022,-0.4531,57.3817,19.0458,-26.2748,0.9227
1780908371.5933158,-0.0996,-0.9929,-0.6401,-21.1145,-4.9237,-0.626,1.1856
1780908371.7969,0.0156,-0.7974,-0.5964,-29.3969,1.7786,1.1908,0.9959
1780908371.9912996,-0.1465,-0.7534,-0.6714,-27.3664,2.7481,3.6718,1.0197
1780908372.191282,0.0146,-0.6614,-0.5647,-45.0916,11.6641,9.3511,0.8698
0,0,0,0,0,0,0,0
0,0,0,0,0,0,0,0
1780908373.8056147,0.0449,-0.7803,-1.0093,-65.0153,4.2061,0.4275,1.2765
1780908374.0054255,0.0981,-0.7151,-1.0225,-9.2366,0.6794,0.4809,1.2516
1780908374.2052402,-0.1357,-0.7151,-0.7527,9.7099,-13.1985,-6.7328,1.047
1780908374.4054973,-0.2256,-0.8049,-0.814,24.1527,-32.8626,-44.0458,1.1668
1780908374.6145222,0.053,-0.4197,-0.6694,37.6565,-57.9466,-54.2443,0.7919
1780908374.814453,-0.0671,-0.6799,-0.3782,12.4733,-40.9389,-19.4886,0.7809
1780908375.0054708,-0.3364,-1.1514,-0.5688,17.2824,-68.0687,-11.0076,1.3276
1780908375.20525,-0.1116,-0.3706,-0.5823,-15.3817,-91.4809,-35.0382,0.6992
1780908375.405528,-0.1702,-0.7781,-0.2524,-5.5115,-43.6489,-37.0916,0.8355
1780908375.6055422,-0.1797,-0.9934,-0.6494,26.7634,-5.6183,-25.1069,1.2004
1780908375.8070245,-0.0649,-0.4663,-0.4192,-25.2519,-72.5191,-34.7481,0.6304
1780908376.012556,-0.0278,-0.8611,-0.3716,18.5191,-57.8092,-33.8626,0.9383
1780908376.2098885,-0.3301,-1.2185,-0.4246,-3.2366,-91.916,-38.4962,1.3319
1780908376.4053555,-0.0857,-0.4675,-0.2849,-39.8092,-67.2137,-12.2137,0.5542
1780908376.6054828,-0.2021,-0.8281,-0.2412,-22.9008,-21.4198,-13.9008,0.8859
1780908376.8051977,-0.1458,-1.2427,-0.5195,18.8092,30.0611,5.4733,1.3548
1780908377.0058506,-0.1177,-0.4983,-0.3201,-38.2901,-30.7863,1.0153,0.6038
1780908377.206,-0.2859,-0.948,-0.0918,14.2748,-68.6641,-73.2748,0.9944
1780908377.4220562,-0.1047,-0.9937,-0.9487,-20.9847,-83.4733,-22.5267,1.3778
1780908377.6068888,-0.0293,-0.8586,-0.4221,-62.4656,-66.2519,-35.6718,0.9572
1780908377.8062365,-0.0571,-0.9016,-0.4048,-2.7939,9.3435,-17.2366,0.99
1780908378.0055315,-0.0312,-0.6748,-0.6882,-0.5649,62.5115,13.5267,0.9644
1780908378.2051167,0.0486,-0.5566,-0.3772,-22.3511,-26.6107,2.8779,0.6742
1780908378.4136136,-0.1736,-0.9575,-0.7095,-7.2137,-43.4962,-8.9466,1.2043
1780908378.6041098,-0.2107,-1.0381,-0.7598,-14.4198,-16.8931,-30.5878,1.3036
1780908378.8059237,-0.4714,-1.2568,-1.0916,-29.7481,-6.3893,-18.5573,1.7301
1780908379.0053413,-0.1602,-0.9009,-0.6099,10.3282,-7.9542,-31.7328,1.0996
1780908379.2049718,-0.1016,-0.4749,-0.3669,20.6031,-1.0458,19.3893,0.6086
1780908379.405522,0.0737,-0.4165,-0.3809,-16.8702,-7.9008,21.0,0.5692
1780908379.6060765,-0.2288,-1.4941,-0.8103,26.3282,-54.7405,-13.4504,1.715
1780908379.8051279,-0.2102,-0.5454,-0.4424,3.5496,-18.855,0.3053,0.733
1780908380.0053334,-0.2632,-0.8359,-0.2803,-8.4046,11.3282,13.6107,0.9201
0,0,0,0,0,0,0,0
0,0,0,0,0,0,0,0
1780908383.1191938,-0.3916,-0.823,-0.916,27.4809,17.6718,-16.8168,1.2922
1780908383.3179443,-0.1599,-0.8616,-0.4902,-14.4046,25.771,71.8626,1.0041
1780908383.5203927,-0.0698,-1.3091,-0.5769,1.2748,-12.7099,-26.2519,1.4323
1780908383.717221,-0.1108,-0.5291,-0.4873,73.1069,35.5038,2.4427,0.7278
1780908383.918152,-0.0784,-0.9148,-0.4797,14.7099,3.2366,-8.2061,1.0359
1780908384.123125,0.0999,-1.396,-0.5449,13.313,28.2061,-26.374,1.5019
1780908384.3173614,-0.0671,-0.5215,-0.4514,71.7405,1.8321,-48.8168,0.693
1780908384.5238638,0.2029,-0.865,-0.2058,-24.5954,-26.1145,-9.5573,0.912
1780908384.7182856,0.2834,-1.1934,-0.2185,-10.8931,-28.6412,-19.3969,1.2459
1780908384.921696,0.0571,-0.6809,-0.0508,-72.313,-47.7863,14.8244,0.6852
1780908385.1269317,0.0344,-0.8418,-0.0881,12.084,13.9313,-2.542,0.8471
1780908385.3262596,-0.2686,-1.2366,-0.4224,-42.4122,10.1374,77.1756,1.334
1780908385.5182064,-0.1533,-1.0593,-0.3132,-59.0229,-17.3359,18.626,1.1153
1780908385.7186053,-0.0339,-0.9282,-0.1003,-0.2443,-26.9084,7.3893,0.9342
1780908385.9180422,-0.5098,-0.9753,-0.99,-100.5267,-37.0611,15.2748,1.4803
1780908386.1184764,-0.0742,-1.0247,-0.9224,-49.626,87.1756,87.8244,1.3806
1780908386.3173645,-0.3931,-0.813,-0.8398,-5.8244,199.1679,91.1756,1.2332
1780908386.5177486,0.2043,-0.6321,-0.3481,44.5038,173.2901,35.6183,0.75
1780908386.7171881,0.1304,-0.7529,-0.082,6.0229,26.6107,16.771,0.7685
1780908386.9176202,0.4106,-0.8579,-0.2417,22.6336,11.145,-21.1221,0.9814
1780908387.1171467,-0.2053,-0.8403,-0.5691,-31.1679,44.7328,56.145,1.0355
1780908387.3180165,-0.1462,-0.749,-0.3879,1.0687,34.8092,33.1832,0.8561
0,0,0,0,0,0,0,0
0,0,0,0,0,0,0,0
1780908388.8853397,-0.116,-0.9648,-0.4238,-7.6031,10.7939,-23.458,1.0602
1780908389.0813274,-0.3684,-0.928,-0.5466,26.3511,18.7405,-5.855,1.1383
1780908389.2842588,-0.3108,-0.6968,-0.3188,-12.1221,-9.145,3.7023,0.8269
1780908389.481425,0.1082,-0.5854,-0.3052,17.4886,-32.7099,-27.3893,0.669
1780908389.692148,-0.0127,-0.9399,-0.4636,54.4198,-14.1679,-55.8168,1.0481
1780908389.881337,-0.1409,-0.6135,-0.4854,13.8855,-31.1527,7.7863,0.7949
1780908390.0827591,-0.2798,-1.0923,-0.2996,-73.0229,-3.2061,37.0229,1.1667
1780908390.2851646,-0.2271,-0.7192,-0.6895,85.8626,-10.9008,-61.6107,1.0219
1780908390.482079,-0.1167,-0.7112,-0.4324,-20.3206,-17.5954,-5.7939,0.8404
1780908390.6815572,0.1384,-1.3826,-0.5125,32.8015,7.5649,-29.3359,1.481
1780908390.8813765,0.0625,-0.7974,-0.2791,-4.5725,-64.313,-41.4122,0.8471
1780908391.0816987,0.1504,-0.7561,-0.1304,22.626,-4.5496,-22.855,0.7819
1780908391.282149,-0.7195,-0.8428,-0.7019,-125.4962,-118.9237,69.1679,1.3117
1780908391.4815838,-0.4927,-0.5103,-0.6919,-76.1679,-237.5496,-115.9389,0.9909
1780908391.6833706,0.0327,-0.5894,-0.5339,-39.9313,-174.458,-79.2748,0.7959
1780908391.8858135,-0.6775,-1.0107,-0.835,-71.9924,-156.8702,-53.1527,1.4757
1780908392.084179,-0.115,-0.7053,-0.3828,-21.8015,-42.3511,-3.4351,0.8107
1780908392.2929938,-0.2771,-1.0767,-0.3936,-9.374,-25.0153,-38.0534,1.1794
1780908392.4817488,-0.157,-0.4795,-0.5925,11.2061,-62.6412,-28.9924,0.7782
1780908392.6817904,-0.0928,-0.6667,-0.3267,11.6641,-3.2137,-20.6718,0.7482
1780908392.8817363,0.0024,-1.3325,-0.6301,50.2137,-20.3282,-36.3435,1.474
0,0,0,0,0,0,0,0
0,0,0,0,0,0,0,0
1780908394.2200873,-0.0056,-0.5071,-0.2388,21.5344,-10.916,-16.8626,0.5605
1780908394.4219174,-0.2427,-0.7124,-0.2847,5.8244,18.0458,-1.4046,0.8046
1780908394.6189265,-0.127,-1.1841,-0.6245,24.0534,36.3511,-4.9084,1.3447
1780908394.8191133,-0.1685,-0.4849,-0.3433,35.1069,-11.0458,-5.1679,0.6175
1780908395.0191214,-0.0107,-0.9636,-0.4863,-4.5267,-11.1679,-20.6565,1.0794
1780908395.2204278,-0.1011,-1.2739,-0.3203,-6.0687,-1.9313,8.0687,1.3175
1780908395.4187598,0.0269,-0.646,-0.197,-35.4351,-36.145,5.7557,0.6759
1780908395.6181874,-0.145,-0.8413,-0.1892,0.2595,-17.7786,-24.4351,0.8744
1780908395.8213506,-0.4133,-1.0295,-0.7371,-77.9771,-79.2443,20.2748,1.3319
1780908396.0183198,-0.2612,-0.8933,-0.6519,-43.5496,-145.0992,-31.4962,1.1363
1780908396.2180934,-0.1453,-0.7107,-0.7185,1.9466,-158.1756,-91.6183,1.021
1780908396.4185245,-0.5745,-0.8877,-0.6355,-43.1527,-135.4886,-23.5038,1.2336
1780908396.6185668,-0.0671,-1.0117,-0.479,-37.9542,-98.2595,-8.1603,1.1214
1780908396.8181593,-0.3672,-0.9172,-0.4814,-43.7328,-35.3588,-14.5878,1.0991
1780908397.019115,-0.5137,-0.7537,-1.5386,-41.2519,-58.6489,-1.6412,1.7886
1780908397.2182667,-0.051,-0.4573,-0.4995,74.9618,2.2214,-66.8168,0.6791
1780908397.4181092,-0.1284,-0.9216,-0.2822,69.084,13.1679,-3.9389,0.9724
1780908397.6191602,-0.2222,-1.032,-0.3035,109.8855,-8.5649,-43.6641,1.0984
1780908397.8269846,-0.0713,-0.5591,-0.2493,13.5878,-7.5344,-6.3969,0.6163
1780908398.0217247,-0.2195,-1.4443,-0.666,8.7252,35.1985,-6.7252,1.6056
1780908398.2190816,-0.0337,-0.5637,0.0288,66.1221,56.4962,-20.9771,0.5655
1780908398.4187403,0.1082,-1.2532,-0.48,12.6107,-3.9924,-44.0916,1.3463
1780908398.6221368,-0.4604,-1.3826,-1.3091,-79.313,-42.8779,-14.9771,1.9589
1780908398.828623,-0.1494,-0.7864,-0.6753,-23.4351,-0.626,11.4733,1.0473
1780908399.0186613,-0.3232,-1.0039,-0.3337,3.9084,14.8931,6.2824,1.1062
1780908399.2184777,-0.5518,-0.6052,-1.0293,-32.0458,2.7252,50.7786,1.3154
1780908399.4187083,-0.1663,-0.6975,-0.4497,-0.2519,-33.855,-15.8626,0.8464
0,0,0,0,0,0,0,0
0,0,0,0,0,0,0,0
1780908400.5110407,-0.1609,-1.0486,-0.6565,-25.6031,-139.8473,-65.916,1.2476
1780908400.7689044,-0.0891,-0.958,-0.5908,-37.7176,-167.1603,-54.6718,1.1291
1780908400.9633243,-0.4958,-0.5752,-0.5088,-17.6489,-156.855,-62.6031,0.9141
1780908401.1147773,0.1545,-0.7793,-0.4133,41.626,-78.9084,-79.8702,0.8956
1780908401.3120322,-0.2766,-1.0381,-0.356,-0.9847,-38.9237,-25.3588,1.1317
1780908401.5127616,-0.2222,-0.8228,-0.7605,-48.542,-82.0611,-44.1603,1.1422
1780908401.77571,-0.0112,-0.8276,-0.5356,-6.7328,-66.0305,-42.9924,0.9859
1780908401.9152825,0.1187,-1.281,-0.377,18.4275,-43.0611,-37.8779,1.3406
1780908402.1692336,-0.0498,-1.1729,-0.6267,-65.3969,-29.4809,9.5115,1.3307
1780908402.311833,0.0291,-0.8208,-0.313,-56.7023,3.5649,34.2977,0.8789
1780908402.5115495,0.1292,-0.9548,-0.1741,34.0153,50.8397,12.1832,0.9791
1780908402.7139893,-0.3296,-0.8794,-0.8425,-67.4504,32.2748,71.458,1.2617
1780908402.9117048,-0.0781,-1.0938,-0.5066,-1.7481,23.7481,12.2137,1.2079
1780908403.123224,-0.1296,-0.9915,-0.4277,-5.3664,-22.8244,-5.4122,1.0875
1780908403.3117223,-0.1592,-0.7336,-0.8472,-32.1679,-32.8015,35.1832,1.1319
1780908403.5121274,0.0046,-0.6904,-0.3223,-21.771,-3.7252,4.8779,0.762
1780908403.7116501,-0.1775,-1.0908,-0.2942,-19.1298,23.0916,34.0229,1.1437
1780908403.9136722,-0.0979,-0.5876,-1.0845,34.9008,11.084,36.7481,1.2373
1780908404.1105998,-0.125,-0.8887,-0.4114,12.4198,-6.1679,-31.5878,0.9872
1780908404.3130486,0.0322,-1.2761,-0.5461,36.2214,-8.0229,-57.6794,1.3885
1780908404.5103414,-0.3406,-0.5327,-0.3931,19.6947,-27.9695,31.9847,0.7445
1780908404.7122195,-0.041,-0.7542,-0.2769,-7.5496,-3.9924,-3.1221,0.8044
1780908404.9134266,0.0315,-1.1814,-0.3608,86.0763,73.0992,-28.1908,1.2357
1780908405.1176836,-0.2664,-0.3643,-0.4863,-26.1145,-27.8779,52.1908,0.6634
0,0,0,0,0,0,0,0
0,0,0,0,0,0,0,0
1780908407.201546,-0.0027,-0.7205,-0.2747,51.4198,83.2214,13.1908,0.771
1780908407.4014568,-0.1829,-0.8679,-0.7026,-48.9847,29.0382,105.9695,1.1316
1780908407.6023893,-0.4558,-0.8184,-0.6121,19.0229,-11.0076,17.5344,1.119
1780908407.8008242,-0.1238,-0.6841,-0.196,18.9313,5.0763,22.6718,0.7223
1780908408.0010617,-0.0613,-1.314,-0.2053,6.4656,-62.7176,-28.5267,1.3313
1780908408.20452,0.2141,-0.5549,-0.3069,27.8168,24.0458,-20.9771,0.6693
1780908408.4016485,-0.2644,-0.8872,-0.9045,-109.0534,-64.0763,106.6183,1.2943
1780908408.606808,-0.3079,-0.6919,-0.2263,-40.4504,16.4962,-2.8092,0.7904
1780908408.8016891,0.1199,-1.0105,-0.2339,25.9084,-15.6412,-14.0382,1.0441
1780908409.002131,-0.3318,-0.8362,-0.1184,58.3053,-10.374,-25.7481,0.9074
1780908409.202913,0.116,-0.6948,-0.2468,0.2443,20.084,-32.374,0.7464
1780908409.4014995,-0.3521,-0.9985,-0.2966,18.1679,-63.3053,-16.229,1.0995
1780908409.6048613,-0.1047,-0.7297,-0.093,-10.5954,-36.3282,-33.084,0.7431
1780908409.8024695,-0.156,-0.7937,-0.1775,23.4886,-42.7786,-4.7863,0.8281
1780908410.005327,-0.3218,-1.1123,-1.3066,62.2748,-39.8168,-62.7252,1.7459
1780908410.2038505,-0.0901,-0.677,-0.3533,46.3359,-93.1908,-85.1985,0.7689
1780908410.405715,-0.2681,-1.1355,-0.6714,-53.4427,-111.9924,-22.6031,1.3461
1780908410.6016104,-0.1802,-0.5007,-0.1089,4.8626,-191.8321,-78.771,0.5432
1780908410.8023317,-0.1062,-0.7776,-0.7117,-6.771,-147.0,-73.4275,1.0594
1780908411.007342,-0.4888,-1.0454,-0.8816,-24.5114,-116.1527,-58.4962,1.4522
1780908411.213942,-0.0288,-0.6147,-0.3044,41.7863,-30.1069,-38.0763,0.6866
1780908411.4025357,-0.3689,-0.9944,-0.2344,16.2977,-10.0916,0.1832,1.0862
1780908411.6015182,0.114,-0.7617,-0.5122,29.4351,-20.1603,-53.1069,0.925
1780908411.8017108,-0.0845,-1.135,-0.4822,25.4733,21.2214,2.771,1.2361
0,0,0,0,0,0,0,0
0,0,0,0,0,0,0,0
1780908413.1689568,-0.3059,-0.6599,-0.6626,-49.1374,-54.4504,13.4427,0.9839
1780908413.3744886,-0.2061,-0.9023,-0.594,-8.6718,-18.8015,15.374,1.0998
1780908413.5782104,-0.282,-1.0554,-0.2817,-25.5496,-0.0687,0.7099,1.1282
1780908413.7796454,-0.3689,-0.7034,-0.7903,-0.7939,-19.855,-2.313,1.1204
1780908413.9685445,-0.1482,-0.7476,-0.241,-13.4198,6.6947,21.9618,0.7993
1780908414.1684575,-0.0557,-1.3149,-0.3777,19.7405,4.6336,-9.8321,1.3692
1780908414.3679454,-0.2036,-0.5952,-0.4277,39.0305,34.7481,8.9695,0.7607
1780908414.5683799,-0.033,-0.73,-0.4854,1.0992,94.374,23.1603,0.8772
1780908414.7731829,-0.3638,-0.4766,-0.571,23.3588,144.7481,83.1756,0.828
1780908415.0218017,-0.1221,-0.6143,-0.6228,26.8244,45.4198,21.6107,0.8832
1780908415.1685393,-0.2163,-0.6182,-0.4622,-14.1679,14.084,40.0992,0.8016
1780908415.3686614,-0.0466,-1.2046,-0.51,68.8702,50.1756,-9.4122,1.3089
1780908415.5704846,0.6023,-0.2097,0.144,124.2443,92.2443,-34.1756,0.6538
1780908415.7736478,0.4978,-1.4412,-0.3381,128.4733,75.1527,25.4427,1.5618
1780908415.968351,-0.4248,-0.6331,-0.1013,-50.8397,-1.8473,-29.5954,0.7691
1780908416.2185416,0.0637,-0.3464,0.1226,-134.0992,26.7252,71.3817,0.373
1780908416.3692498,0.1216,-0.5137,0.1255,-29.9542,16.9313,6.9084,0.5426
1780908416.5675106,-0.6606,-0.634,-0.0168,18.0916,-4.9847,22.1985,0.9158
1780908416.7689376,-0.4448,-1.7517,-1.2905,-43.3511,3.3817,-0.1527,2.2208
1780908416.9713912,-1.0813,-0.7961,-0.0171,-127.2366,-4.0992,59.3588,1.3429
1780908417.1718965,-0.3088,-0.2881,-0.3848,-12.3588,-25.2061,39.0305,0.5713
0,0,0,0,0,0,0,0
0,0,0,0,0,0,0,0
1780908421.7935216,-0.137,-0.738,-0.2898,-34.2061,-66.9771,6.1985,0.8046
1780908421.991644,-0.0598,-0.7131,-0.1594,-4.0763,-24.626,-22.229,0.7332
1780908422.2446043,-0.2791,-1.0386,-0.4277,7.7939,-8.7252,-11.5573,1.1574
1780908422.3972824,-0.032,-0.5034,-0.3745,7.8321,-21.0534,-6.229,0.6283
1780908422.6101823,-0.2834,-1.2085,-0.1025,-30.2901,-57.9237,-29.0458,1.2455
1780908422.791907,-0.3904,-1.1775,-0.5747,32.6794,-25.5802,6.2824,1.3672
1780908422.9930198,-0.1921,-0.5435,-0.5835,19.4198,-31.8855,-0.1221,0.8202
1780908423.1920893,-0.1072,-0.9731,-0.3328,0.7481,-29.8015,-39.6336,1.034
1780908423.3925169,-0.2861,-0.9067,-0.5295,35.1603,-27.0916,-57.0687,1.0883
1780908423.5925832,-0.0989,-0.4756,-0.5645,-2.8244,-82.9618,-55.9237,0.7447
1780908423.792438,-0.0444,-0.9922,-0.5493,-60.2137,-122.4198,-68.4504,1.135
1780908423.9922,-0.373,-1.0522,-0.4761,-87.0687,-110.3969,13.2137,1.2137
1780908424.191556,-0.2051,-1.2783,-0.8174,-69.313,-89.145,-50.5344,1.5311
1780908424.3936422,-0.3496,-0.7268,-0.1816,-20.7786,16.9084,0.0687,0.8267
1780908424.5916207,-0.3508,-1.0298,-0.9744,7.4427,-40.8779,-1.8931,1.4605
1780908424.7927446,-0.3755,-1.0281,-0.5613,-62.0305,-55.0229,2.084,1.23
1780908424.9919953,-0.0581,-0.8267,-0.4067,-16.2824,-60.9924,-4.8931,0.9231
1780908425.1938145,-0.2913,-0.7744,-0.845,57.6412,-45.1221,-14.4198,1.1826
1780908425.4016871,-0.0347,-0.8474,-0.7002,-40.3359,-39.3969,-32.2061,1.0998
1780908425.5938742,-0.1902,-1.074,-0.311,-4.0458,12.5038,-8.7328,1.1342
1780908425.7919848,-0.3103,-0.864,-0.8425,36.4122,60.2061,23.5573,1.2461
1780908426.0315485,-0.1458,-0.7671,-0.3452,9.0382,6.5649,13.8626,0.8537
1780908426.2171855,-0.3113,-1.2449,-0.3201,-23.1527,-48.229,-9.0611,1.3225
1780908426.3945868,-0.2649,-0.4355,-0.4397,16.3969,-34.229,-15.2672,0.6732
0,0,0,0,0,0,0,0
0,0,0,0,0,0,0,0
1780908434.049037,-0.2075,-0.9041,-0.2515,-28.4351,-90.1221,-32.4427,0.961
1780908434.2494557,-0.2524,-1.092,-0.6831,-30.2824,-113.1298,-11.1374,1.3126
1780908434.4488873,-0.3359,-0.8306,-0.3325,-30.3053,-92.6641,-23.2672,0.9556
1780908434.6489263,-0.1511,-0.468,-0.2314,19.3053,-31.9084,-16.9847,0.5435
1780908434.8485367,-0.2478,-1.0347,-0.6631,20.4504,-42.8244,-37.084,1.2536
1780908435.0490196,-0.3987,-1.0811,-0.6426,-60.4351,-11.1756,28.1679,1.3193
1780908435.2485778,-0.1804,-0.7715,-0.2202,-39.4122,-76.1756,-50.5038,0.8223
1780908435.44905,-0.6191,-0.7266,-0.5818,70.6412,-38.5802,-8.3359,1.1179
1780908435.6484654,0.0469,-0.4919,-0.2375,9.8855,-23.0763,-13.8244,0.5483
1780908435.8488677,-0.4888,-1.5784,-0.6213,-38.1527,37.3588,12.1298,1.7653
1780908436.0489233,-0.2417,-0.9172,-0.229,-2.916,56.1832,55.8779,0.9758
1780908436.2490876,-0.3525,-0.5842,-0.2056,-38.8168,-28.8702,-21.3282,0.7126
1780908436.4485679,-0.0615,-0.9788,-1.3176,46.3206,-79.0458,30.374,1.6425
1780908436.6492,-0.1287,-0.6091,-0.2112,-46.0,-39.9542,-69.5573,0.6574
1780908436.849086,-0.3088,-0.9565,-0.3169,11.1679,18.9618,-3.1832,1.0539
1780908437.0492618,-0.1804,-0.5957,-0.4739,19.1298,-67.1374,-44.4885,0.7823
1780908437.249348,-0.1702,-0.6296,-0.4331,-58.2366,-153.8779,-49.5344,0.7829
1780908437.4503775,-0.5806,-1.3318,-0.7776,-133.0382,-243.9618,-81.4657,1.6478
1780908437.658375,-0.1711,-0.3911,-0.364,-26.0916,-111.1298,-64.9313,0.561
1780908437.8498127,-0.3394,-1.1487,-0.666,-21.0305,-73.8779,-49.7557,1.3705
1780908438.049632,0.1667,-0.8354,-0.6743,20.8015,-49.1908,-9.0458,1.0865
1780908438.2492392,-0.3564,-0.7922,-0.3137,11.0305,-26.6641,3.5725,0.9236
1780908438.448565,-0.3555,-1.1511,-1.0078,-8.4885,-77.9771,-19.5954,1.5707
1780908438.6495202,-0.0635,-0.5327,-0.3418,0.3359,-4.0229,-15.7099,0.6361
0,0,0,0,0,0,0,0
0,0,0,0,0,0,0,0
1780908439.9205463,-0.5317,-1.6814,-0.0337,-46.5878,76.1298,94.313,1.7638
1780908440.120236,-0.0723,-0.7095,-0.4697,41.5802,51.1298,-19.5038,0.8539
1780908440.3204052,-0.3723,-0.5198,-0.3208,4.5038,34.5649,36.2901,0.7153
1780908440.5258522,-0.3257,-1.2505,-0.8047,-90.9313,-115.6183,-79.8168,1.5223
1780908440.7244725,-0.3027,-0.6023,-0.3757,-44.9008,-54.3969,-24.313,0.7717
1780908440.9195983,-0.2629,-1.0122,-0.1973,-38.771,-70.4504,-53.6183,1.0642
1780908441.120127,-0.5532,-1.1113,-0.929,30.9084,-99.5038,-51.0992,1.5505
1780908441.3209453,-0.2842,-0.6606,-0.1987,-40.0611,-157.2366,-55.7252,0.7461
1780908441.5214999,-0.2117,-0.7869,-0.5793,-32.458,-170.4275,-66.2748,0.9998
1780908441.719752,-0.093,-0.6997,-0.427,-70.8397,-142.8092,-69.0153,0.825
1780908441.9203644,-0.0481,-0.7629,-0.5291,-5.7023,-41.2137,-10.6718,0.9297
1780908442.1196678,-0.1702,-0.8682,-0.5051,-84.1374,-36.6183,-55.8779,1.0187
1780908442.3195243,0.0161,-0.6228,-0.4148,39.7786,5.8321,4.6794,0.7485
1780908442.5219944,-0.4438,-1.2095,-0.5422,1.4198,14.771,43.6794,1.3978
1780908442.7210352,-0.4722,-0.9204,-1.0798,-30.7252,-69.0458,-0.8092,1.4954
1780908442.919655,-0.0955,-0.4526,-0.1465,-33.6641,-36.458,-48.3817,0.4852
1780908443.1196585,-0.5229,-1.5654,-0.2083,47.2748,90.5954,75.2595,1.6636
1780908443.3213086,0.0693,-0.5525,-0.4558,33.3511,70.5649,17.7786,0.7196
1780908443.5214932,-0.5444,-0.6926,-0.0508,-10.9695,17.1374,33.3282,0.8825
1780908443.7185345,-0.5417,-1.3474,-0.9883,-62.374,-104.4733,-77.9542,1.7566
1780908443.9209971,-0.2727,-0.5854,-0.4434,2.2443,-55.3053,-61.1679,0.7834
1780908444.1198506,-0.2866,-1.2285,0.0007,-26.9542,33.5725,0.0305,1.2615
1780908444.3194284,-0.5798,-1.0784,-0.7998,9.4809,-123.4351,-89.2824,1.4625
1780908444.5272949,-0.1792,-0.6277,-0.2935,-26.9313,-112.4046,-15.6794,0.7157
1780908444.7725592,-0.3914,-0.844,-0.8821,-43.4351,-220.9466,-98.1221,1.282
1780908444.9315894,-0.2876,-0.5769,-0.4263,-37.626,-158.3664,-66.687,0.7728
0,0,0,0,0,0,0,0
0,0,0,0,0,0,0,0
1780908452.5846689,-0.0391,-0.7466,-0.197,7.9313,-8.3511,-19.5496,0.7731
1780908452.7846296,-0.1384,-0.7739,-0.2329,-10.1908,-28.6565,-21.3664,0.82
1780908452.9851544,-0.4163,-1.179,-0.2515,-14.9542,7.3435,57.7481,1.2753
1780908453.1845636,-0.3313,-0.6938,-0.2881,20.1298,-40.687,-10.7863,0.8211
1780908453.3864539,-0.2668,-0.6755,-0.4202,11.458,-34.2443,-56.5725,0.8391
1780908453.5882413,-0.4028,-1.2078,-0.3003,13.8702,4.1298,-21.1527,1.3081
1780908453.7895443,-0.4033,-0.8672,-0.3828,-22.4046,-113.8702,-20.6489,1.0302
1780908453.9952753,-0.3125,-0.5667,-0.4585,-65.7786,-158.4809,-48.5573,0.7931
1780908454.1913466,-0.2124,-0.8179,-0.6682,-45.8931,-173.0534,-37.6947,1.0773
1780908454.391306,-0.2605,-0.9329,-0.4695,-30.2672,-118.4046,-80.2214,1.0763
1780908454.5933995,-0.3201,-0.8901,-0.2461,-12.0763,-28.9618,-15.8244,0.9774
1780908454.7948015,-0.3831,-1.1633,-0.7847,-14.4198,-56.626,-15.8244,1.4546
1780908454.991542,0.043,-0.76,-0.4463,-37.1908,-45.8473,-20.5191,0.8824
1780908455.188512,-0.1479,-0.8708,-0.4556,-23.3435,-13.8321,6.7634,0.9939
1780908455.3849473,-0.1396,-0.9475,-0.5593,-24.4962,17.5267,63.1985,1.1091
1780908455.5855699,-0.2288,-0.5544,-0.49,10.4351,79.458,51.0916,0.7745
1780908455.7862458,-0.3706,-0.502,-0.7397,8.0687,122.542,75.9618,0.9677
1780908455.9951758,-0.4236,-0.5857,-0.5457,-48.6107,198.3053,60.6031,0.9056
1780908456.1873152,-0.0547,-0.3838,-0.4089,-21.687,90.7099,66.1908,0.5635
1780908456.3858473,-0.1785,-0.9436,-0.4365,-50.6718,58.5038,64.5573,1.0549
1780908456.5861895,0.0042,-0.9214,-1.1343,87.2595,-7.9771,15.2366,1.4614
1780908456.7859833,-0.2104,-0.7043,-1.509,-25.6565,-15.2595,-5.2366,1.6786
1780908456.9866364,-0.1094,-0.5549,0.3132,240.0458,-10.1298,0.8321,0.6465
1780908457.193128,-0.1477,-1.0725,-0.6245,-30.3435,-34.771,4.4885,1.2498
1780908457.3867688,-0.3069,-1.1106,-0.4312,32.8092,12.5496,0.1069,1.2302
1780908457.5944064,-0.1609,-0.9409,-0.2312,24.8321,-14.5802,-1.2977,0.9822
1780908457.793614,-0.3037,-0.9507,-0.1855,-49.3664,8.3435,18.6947,1.0151
1780908457.9878345,-0.2048,-0.8801,-0.3489,-29.8321,-0.1756,4.7405,0.9687
1780908458.1860557,-0.1858,-0.8804,-0.4285,-79.1985,21.1527,14.0229,0.9966
1780908458.3873873,-0.177,-0.7075,-0.8594,-7.5954,2.9618,-5.7863,1.1271
1780908458.5892317,-0.1692,-0.8206,-0.801,39.7405,7.8397,17.6641,1.1591
1780908458.8002543,-0.5481,-0.6582,-0.1011,37.2214,17.6183,11.7939,0.8625
0,0,0,0,0,0,0,0
0,0,0,0,0,0,0,0
1780908460.8975346,-0.0161,-0.908,-0.5398,-34.771,-138.374,-49.4351,1.0564
1780908461.0959494,-0.2112,-0.5625,-0.9141,-36.6489,-163.1069,-100.8015,1.0939
1780908461.2939181,-0.1365,-0.8779,-0.644,-0.4122,-114.374,-95.2824,1.0974
1780908461.4951146,-0.3003,-0.8484,-0.5029,13.1679,-41.6794,-28.4046,1.031
1780908461.6941545,-0.2771,-0.9199,-0.792,-20.4656,-96.7405,-30.4122,1.2451
1780908461.8966732,0.1292,-0.8582,-0.3972,7.2595,-85.4351,-51.6336,0.9544
1780908462.0936205,-0.166,-0.9956,-0.2759,17.0,-61.1221,-14.2901,1.0464
1780908462.293988,-0.2036,-0.9624,-0.6226,-48.8855,-81.2901,-2.374,1.1642
1780908462.4941463,-0.2671,-1.0244,-0.6318,-42.4427,-95.5802,-55.4046,1.2329
1780908462.693387,-0.1299,-0.7878,-0.2673,-14.5115,-31.9466,-32.3435,0.842
1780908462.8981802,-0.1084,-1.2141,-0.8926,55.8321,-4.3282,-11.0458,1.5108
1780908463.0948741,-0.2175,-0.7925,-0.4355,2.9313,-40.0687,-0.7176,0.9301
1780908463.295842,0.0383,-0.6565,-0.1543,-35.6107,-73.2519,-44.0153,0.6755
1780908463.5025218,-0.469,-0.8154,-0.8318,51.4809,-95.6947,-18.4198,1.2557
1780908463.7049878,0.0964,-0.5254,-0.2937,-2.6031,-45.7634,-19.2137,0.6096
1780908463.894238,-0.1106,-1.5066,-0.7144,8.5649,23.5878,-5.9008,1.671
1780908464.094972,-0.0117,-1.0083,-0.3323,7.4351,67.3435,58.3053,1.0617
1780908464.2978537,-0.2688,-0.5476,-0.249,-5.2137,-20.9847,-17.9771,0.6589
1780908464.4959161,-0.0552,-1.0149,-1.2729,-58.0305,-72.9084,7.3511,1.6289
1780908464.6933498,-0.1548,-0.6477,-0.4038,-17.6565,-66.0305,-51.3588,0.7788
1780908464.8969023,-0.333,-1.3635,-0.3081,37.8931,13.0687,11.6718,1.437
1780908465.0961266,-0.1775,-0.8796,-0.8542,-9.6412,-125.5954,-61.6336,1.239
1780908465.2960808,-0.2041,-0.6001,-0.5142,-24.7634,-156.0076,-67.0458,0.8162
1780908465.4960482,-0.4944,-1.0264,-0.7881,-2.5878,-215.0305,-64.5954,1.3853
1780908465.6949613,0.0029,-0.6008,-0.4019,-36.7099,-102.916,-70.8168,0.7228
1780908465.950112,-0.2734,-0.9468,-0.2908,24.3359,-24.7328,18.4886,1.0275
1780908466.1551213,0.0527,-1.2249,-0.8652,8.2443,-46.6336,-23.1679,1.5006
1780908466.2938354,-0.1274,-0.4299,-0.3157,-37.4427,-24.626,-19.6489,0.5484
1780908466.4942634,0.0757,-1.3618,-0.8611,38.5649,-83.2137,-16.374,1.613
1780908466.696777,0.1873,-0.6392,-0.5007,23.5038,-49.771,-52.1832,0.8333
1780908466.8991292,-0.082,-1.0188,-0.2419,34.7023,30.9389,29.1985,1.0503
1780908467.096013,0.0598,-0.6479,-0.6299,1.084,56.4885,4.2595,0.9056
1780908467.2961135,-0.0212,-0.657,-0.3242,-7.4122,42.0,36.0992,0.7329
1780908467.493414,-0.1938,-1.2876,-0.4683,6.0153,-45.7786,-27.771,1.3837
0,0,0,0,0,0,0,0
0,0,0,0,0,0,0,0
1780908487.5828676,-0.1724,-1.114,-0.4561,-17.7252,-93.2748,-15.3359,1.216
1780908487.782521,0.2153,-0.5928,-0.7949,6.855,-33.9542,16.8168,1.0147
1780908487.982831,0.1506,-0.7844,-0.3228,-38.0992,-54.4046,-53.3664,0.8615
1780908488.1824088,-0.1233,-0.9617,-0.375,9.7481,32.9542,1.6565,1.0395
1780908488.3837013,-0.0078,-0.5842,-0.6072,32.313,85.374,20.7863,0.8426
1780908488.5831192,-0.0671,-0.739,-0.2559,-7.0611,24.9466,13.2824,0.7849
1780908488.7867503,-0.1301,-1.2188,-0.5034,-1.6489,-53.1374,-17.8473,1.325
1780908488.986063,-0.1282,-0.5464,-0.5815,12.1221,-37.0611,18.5038,0.8082
1780908489.1829712,0.0928,-0.7903,-0.4666,-38.4351,-16.1374,-11.4962,0.9224
1780908489.3830047,-0.0581,-1.0378,-0.5078,23.9084,41.0305,-9.0611,1.1569
1780908489.5831187,0.1382,-0.6162,-0.4746,22.5725,72.145,48.7176,0.79
1780908489.783217,-0.1614,-0.8892,-0.292,-6.4198,-21.2061,-15.3206,0.9497
1780908489.982653,-0.0933,-1.2844,-0.3997,-62.145,-78.9313,-45.916,1.3484
1780908490.1838057,-0.0789,-0.864,-0.4468,15.7634,-47.5038,-42.4733,0.9759
1780908490.3832192,-0.042,-1.0588,-0.5903,27.0916,51.542,33.9313,1.213
1780908490.5828462,0.0793,-0.9192,-0.8594,-26.0,58.5649,42.7557,1.2608
1780908490.783424,-0.2451,-0.6587,-0.5439,-18.1832,39.3511,36.9618,0.8887
1780908490.9829774,-0.0879,-0.9226,-0.4116,-33.229,-51.9771,-25.2443,1.0141
1780908491.1830008,-0.2249,-0.3367,-0.3577,0.6565,-40.9924,-14.0382,0.5402
1780908491.3840258,0.0244,-0.7766,-0.4451,18.6183,-78.6947,-68.2595,0.8954
1780908491.587082,-0.1113,-0.9487,-0.8291,55.458,-18.4733,-22.0611,1.2649
1780908491.783271,-0.1553,-0.6023,-0.6006,21.1221,-108.9008,-23.2901,0.8646
1780908491.9836068,-0.123,-0.8591,-0.78,-25.2443,-146.9008,-61.3511,1.1669
1780908492.1824396,-0.3855,-0.8962,-0.7434,-35.0,-101.0534,18.7405,1.2266
1780908492.3880496,-0.0964,-0.9121,-0.6633,-5.9313,-139.5496,-84.4275,1.1319
1780908492.583738,-0.2827,-1.2432,-0.4526,34.7634,-50.5344,-17.3969,1.3529
1780908492.7837243,0.0247,-0.8811,-0.9587,-6.7557,-39.7252,-30.7328,1.3024
0,0,0,0,0,0,0,0
0,0,0,0,0,0,0,0
1780908502.1503065,-0.0649,-0.9207,-0.1411,-38.9924,-31.9313,-16.3893,0.9337
1780908502.347498,0.043,-1.0032,-0.644,-36.2977,-65.1221,4.1603,1.1929
1780908502.5477822,-0.0803,-0.978,-0.231,-18.6565,-35.1374,-5.8397,1.0081
1780908502.7472773,0.2222,-0.4722,-0.6396,45.6412,41.7481,-43.3664,0.8255
1780908502.9466665,-0.5076,-0.8884,-0.2371,1.916,55.2137,22.8931,1.0503
1780908503.1472447,0.3303,-1.2388,-0.4749,-70.2519,-97.1756,38.4656,1.3672
1780908503.3532822,0.0935,-0.7817,0.04,-20.084,-28.9237,-14.9313,0.7883
1780908503.5544193,0.0632,-2.0,-0.5637,-5.7099,29.4656,54.3206,2.0789
1780908503.7460842,-0.2817,-0.4795,-0.2725,-42.8397,-71.3359,-32.2366,0.6193
1780908503.9493015,-1.2,-2.0,-0.5522,66.1145,-138.5191,25.8931,2.3968
1780908504.1488547,-0.0645,-0.6667,-0.2869,23.4122,-115.6336,-47.2366,0.7287
1780908504.3476603,-0.1519,-2.0,-1.3926,94.3969,-117.5496,36.374,2.4418
1780908504.5512905,0.072,-0.3887,-0.5515,12.7328,-213.1603,-23.3588,0.6785
1780908504.749444,-0.1465,-1.6206,-0.0088,-124.145,-199.6412,-19.2672,1.6272
1780908504.9987535,-0.0591,-0.7007,-0.3291,-47.3969,-64.2519,-47.229,0.7764
1780908505.146585,-0.0356,-1.896,-0.4695,-44.9237,58.1603,-10.9313,1.9536
1780908505.3472965,-0.1184,-0.2881,-0.218,64.084,-57.1527,14.0458,0.3802
1780908505.5481434,-0.1079,-1.1404,-0.2458,10.1374,-86.5649,-37.2901,1.1716
1780908505.7525964,0.063,-0.3259,-0.3091,27.3206,44.0382,9.0916,0.4536
1780908505.9464104,-0.0291,-1.4048,-0.6877,36.5649,63.3511,48.9237,1.5644
1780908506.1472182,-0.0762,-0.0947,-0.1028,12.0534,-27.8779,-14.7328,0.1592
1780908506.3480053,-0.3054,-1.2939,-0.282,-14.8168,-55.7634,13.4122,1.3591
1780908506.5471113,0.2078,-0.3792,-0.4104,4.2214,33.6031,-12.9847,0.5961
0,0,0,0,0,0,0,0
0,0,0,0,0,0,0,0
1780908508.6959841,-0.1433,-0.9817,-0.3711,-1.3282,50.5954,20.4275,1.0592
1780908508.891447,0.1086,-0.8733,-0.0867,23.0687,71.9237,5.3817,0.8843
1780908509.090024,-0.2283,-1.5115,-0.4788,-3.2214,99.2977,32.0305,1.6018
1780908509.2903411,-0.0042,-0.6606,-0.1653,0.1756,-15.1603,-35.3511,0.681
1780908509.4900868,-0.2388,-1.7668,-0.697,-56.3206,-89.4657,-24.3664,1.9143
1780908509.6920133,0.1555,-0.6755,-0.2112,5.8473,-20.313,-12.9237,0.7247
1780908509.8960626,0.1084,-2.0,-1.2188,-40.3053,13.3282,-33.1603,2.3446
1780908510.091874,0.0493,-0.5139,-0.3501,-22.4656,-24.3206,-32.0153,0.6238
1780908510.2896862,-1.0581,-1.9568,-0.3054,19.3282,-56.1374,16.7786,2.2454
1780908510.490724,0.186,-0.2986,-0.3843,76.5725,30.1374,23.2824,0.521
1780908510.6943312,0.1965,-1.4214,-0.5068,30.7252,51.1908,-7.0458,1.5218
1780908510.889826,0.0149,-0.1809,-0.2297,38.8092,-51.7099,-47.5573,0.2928
1780908511.0914598,-0.6602,-1.4966,0.5542,-37.5191,-102.3817,-79.9847,1.727
1780908511.2913144,-0.0781,-0.344,-0.1147,12.1603,-86.9237,-44.7481,0.3709
1780908511.4914622,-0.7373,-2.0,-1.4141,34.0916,-130.3053,-12.3969,2.558
1780908511.695075,-0.0122,-0.3154,-0.4155,-33.6641,-201.6183,-51.1298,0.5218
1780908511.9003737,-0.1384,-1.9285,-0.8726,-120.1527,-245.1985,-5.6489,2.1212
1780908512.1006525,-0.0759,-0.5435,-0.1638,5.4427,-93.4962,-31.0076,0.5727
1780908512.2902477,-0.2454,-2.0,-0.9551,19.916,22.5954,-40.3282,2.2299
1780908512.492173,-0.3472,-0.6675,-0.156,-6.7481,-59.5191,-17.0305,0.7684
1780908512.691509,-0.1641,-2.0,-0.9929,-29.7786,-76.5343,32.4733,2.2389
1780908512.8922324,-0.0127,-0.2163,-0.0083,27.0992,38.6031,-9.084,0.2168
1780908513.090789,-0.2856,-1.4065,-0.3274,39.7939,92.7023,-7.7176,1.4721
1780908513.2922683,-0.0808,-0.418,-0.3169,59.7786,-29.5114,-4.5878,0.5307
1780908513.4953344,0.0117,-0.7507,-0.363,-44.3511,-41.687,-32.4427,0.834
1780908513.6909435,0.0115,-0.4636,-0.364,34.8397,26.6641,6.8321,0.5896
0,0,0,0,0,0,0,0
0,0,0,0,0,0,0,0
1780908515.7846303,0.0334,-0.9438,-0.2786,7.1298,5.3588,-2.7252,0.9847
1780908515.9881086,-0.1409,-0.9292,-0.75,-17.1145,92.4351,21.4504,1.2024
1780908516.1818438,0.0642,-0.6775,-0.4709,-44.2137,26.9389,12.4046,0.8276
1780908516.3832476,-0.0117,-0.3018,-0.6829,-17.6794,-46.626,-13.1832,0.7467
1780908516.5820322,-0.0154,-0.7739,-0.7576,9.2443,-35.2748,19.4886,1.0831
1780908516.7917871,-0.3091,-1.2327,-0.9824,21.0611,-36.8702,17.3206,1.6063
1780908516.9843462,-0.1619,-1.2744,-1.0354,-24.6718,7.9771,-5.5878,1.65
1780908517.182246,-0.0205,-0.9746,-0.5349,2.5267,14.542,14.0076,1.1119
1780908517.3836136,-0.0581,-0.5715,-0.3643,8.1527,2.1679,23.1527,0.6802
1780908517.5819244,-0.1692,-0.5244,-0.3757,27.3817,-26.542,-18.0,0.6669
1780908517.781382,-0.2615,-1.2202,-0.4736,9.4427,-1.7176,20.3664,1.3348
1780908517.9884577,-0.0964,-0.7424,-0.5376,-16.7176,-7.458,2.8397,0.9217
1780908518.1824787,-0.0344,-0.7102,-0.3684,-51.5267,-13.4351,-0.229,0.8008
1780908518.395879,0.0632,-1.1306,-0.6035,-0.4733,2.0763,-6.6641,1.2832
1780908518.5823364,0.0618,-1.0496,-0.6526,7.7786,-14.6794,-14.0992,1.2374
1780908518.7819114,-0.1885,-1.5068,-0.958,-21.7328,-5.8779,-0.2901,1.7955
1780908518.9860072,-0.0583,-1.0637,-0.4536,5.084,1.1298,-16.7023,1.1579
1780908519.192222,-0.0518,-0.6963,-0.4417,10.9847,-5.458,10.1985,0.8262
1780908519.3835475,-0.0322,-0.5491,-0.3069,18.6565,48.4733,12.8779,0.6298
1780908519.5950716,0.1743,-1.0061,-0.6895,-67.9008,45.2214,23.5802,1.2321
1780908519.7814116,0.1067,-0.8025,-0.1729,19.4351,68.5649,22.9924,0.8278
1780908519.9815187,0.3794,-0.7332,-0.3752,8.0229,37.2137,4.8168,0.9068
1780908520.189472,-0.145,-0.9016,-0.2859,17.0992,134.687,28.6641,0.9569
1780908520.3812964,-0.2363,-0.7966,-0.2178,-27.9008,85.9695,38.6031,0.859
1780908520.583288,0.0059,-0.9524,-0.353,-5.771,98.4962,18.7099,1.0157
1780908520.7809596,-0.2053,-0.9443,-0.8425,16.6947,102.7939,43.0458,1.2821
1780908520.9812872,-0.2722,-1.0083,-0.5164,2.0611,16.4351,25.1679,1.1651
0,0,0,0,0,0,0,0
0,0,0,0,0,0,0,0
1780908522.0128393,-0.178,-0.9558,-0.4585,18.1908,62.9237,41.9466,1.0749
1780908522.2106478,-0.2644,-0.9973,-0.2495,-23.5114,8.0382,14.0229,1.0615
1780908522.4134057,-0.1399,-1.0095,-0.7954,-59.9389,-87.2748,4.1756,1.2928
1780908522.6108778,-0.0986,-0.6738,-0.4312,-24.8855,-45.4351,-44.4198,0.806
1780908522.810991,-0.3196,-1.2483,0.1694,36.2366,-49.7405,-13.3282,1.2996
1780908523.0112584,-0.2144,-1.1465,-0.8267,44.9847,-18.8473,0.1374,1.4296
1780908523.213827,-0.2339,-0.6631,-0.3484,-2.0458,-83.0305,-38.9237,0.7847
1780908523.4100347,-0.2048,-0.9397,-0.52,-46.5802,-122.2519,-21.2137,1.0933
1780908523.610262,-0.4087,-0.885,-0.6477,-53.3664,-141.3435,-40.6641,1.1704
1780908523.8108757,-0.3953,-0.7522,-0.6572,-54.4656,-157.7405,-82.0992,1.0742
1780908524.0106862,-0.1348,-0.9746,-0.5286,-12.0992,-44.7939,-33.1756,1.1169
1780908524.2104666,-0.095,-0.8274,-0.6963,-9.0382,-63.8015,-39.9313,1.0855
1780908524.4113402,-0.0413,-0.6655,-0.3865,-8.4122,-48.3893,-39.9466,0.7707
1780908524.6123688,-0.3018,-0.9465,-0.2742,33.374,-55.458,17.1221,1.0306
1780908524.8106616,-0.1243,-0.7632,-0.7834,10.6947,-52.0534,-6.4885,1.1008
1780908525.011166,0.0046,-0.719,-0.1609,-11.5344,-39.458,-23.8321,0.7368
1780908525.210651,-0.127,-0.9141,-0.4412,20.1756,27.1298,-23.1221,1.0229
1780908525.4136333,-0.1685,-0.8484,-0.9204,47.8015,63.0687,-3.1908,1.2631
1780908525.6169214,-0.2976,-0.5662,-0.3357,11.9771,28.1145,32.2977,0.7224
1780908525.817467,-0.0276,-0.5542,-0.3303,35.229,1.8931,-17.626,0.6458
1780908526.0115883,-0.4441,-1.2507,-1.0332,-2.1221,-46.7786,-6.2366,1.682
1780908526.2180052,0.0742,-0.6028,-0.2937,-16.4886,4.6031,-19.3359,0.6746
1780908526.4112804,-0.1914,-0.8191,-0.2708,-10.9771,20.0076,-9.3893,0.8837
1780908526.611038,-0.5095,-0.7207,-0.5437,106.6412,42.8397,1.1221,1.0366
1780908526.810289,-0.1526,-0.4121,-0.2234,4.3435,-29.9237,-13.3817,0.493
1780908527.0104382,-0.3254,-1.7065,-0.3796,-45.8702,-78.8855,-7.3893,1.7783
0,0,0,0,0,0,0,0
0,0,0,0,0,0,0,0
1780908529.0978265,-0.2639,-0.8416,-0.1274,-10.8015,65.1527,31.8855,0.8911
1780908529.3032348,0.1167,-0.7844,-0.3347,5.0382,59.9008,41.8702,0.8608
1780908529.4962986,-0.115,-1.106,-0.3552,-16.3664,88.3893,61.313,1.1673
1780908529.6972923,-0.2024,-0.9094,-0.2964,-32.3893,95.3206,39.5267,0.9777
1780908529.8970313,-0.3254,-0.4099,-0.2981,-15.1985,55.9618,15.6183,0.6023
1780908530.0969024,-0.238,-1.2092,-0.5093,23.9847,-14.2443,-38.8473,1.3335
1780908530.3031454,0.0693,-0.7109,-0.7131,-14.6718,-132.8244,-68.7252,1.0094
1780908530.4956875,0.0259,-0.3047,-0.3596,-31.9771,-131.5038,-66.6794,0.472
1780908530.6957963,0.3328,-1.5828,-0.3723,-8.7023,-68.9008,-39.916,1.6597
1780908530.8963943,-0.3784,-0.8347,-0.6169,29.626,68.7099,32.9237,1.1048
1780908531.0956903,-0.0747,-0.2075,-0.1973,13.1221,84.2901,45.8397,0.2959
1780908531.2960937,-0.6172,-1.8547,-0.2817,15.2595,32.7328,-11.2748,1.9749
1780908531.498991,0.2107,-0.5327,-0.3647,-21.6183,-9.6565,23.5802,0.6791
1780908531.6961098,-0.0435,-0.3154,-0.1748,-26.1527,-41.687,-12.9313,0.3632
1780908531.8971584,-0.1914,-1.6157,-1.0898,-11.5878,-93.4427,-94.084,1.9583
1780908532.0972354,-0.2717,-0.9417,-0.3582,-78.3435,-126.2672,-42.5725,1.0435
1780908532.2960978,-0.1218,-0.4858,-0.377,-9.4046,-48.9466,-71.8397,0.6269
1780908532.4972718,-0.083,-1.8535,-1.0808,57.916,-112.687,2.8168,2.1472
1780908532.6960895,0.1519,-0.5002,-0.4771,-4.7939,-123.3664,-60.9924,0.7077
1780908532.8956826,-0.0503,-1.0024,-0.594,-23.1908,-145.0534,-76.5115,1.1663
1780908533.095708,-0.1355,-0.9802,-1.0991,-3.7939,-112.3511,16.2748,1.4789
1780908533.295879,0.0046,-0.7305,-0.4072,-9.1679,-103.2748,-45.8015,0.8363
1780908533.4971578,0.2466,-0.772,-0.8757,-64.8397,20.374,-36.3053,1.1932
1780908533.7168944,-0.0837,-0.7058,-0.3479,59.7634,21.8015,18.2214,0.7913
1780908533.8988342,-0.1582,-0.8721,-0.4026,27.3359,-89.1603,2.5191,0.9735
1780908534.0959153,0.1614,-0.5769,-0.4778,-59.313,-20.5878,-37.771,0.7662
1780908534.2961333,-0.0549,-0.8894,-0.3066,11.7557,40.9924,11.6947,0.9424
1780908534.4958713,0.1055,-0.5676,-0.4478,-3.7863,64.5115,-15.855,0.7306
1780908534.696276,-0.2927,-0.7266,-0.1682,-17.8855,8.0458,18.6031,0.8012
1780908534.895898,0.061,-1.5903,-0.9844,-50.3664,-83.0763,-38.8015,1.8713
0,0,0,0,0,0,0,0
0,0,0,0,0,0,0,0
1780908574.0000813,0.0208,-0.8938,-0.4343,17.9237,-30.9847,-27.9237,0.994
1780908574.199416,0.0242,-0.8945,-0.5071,6.3359,-28.4351,-17.3664,1.0285
1780908574.3995197,-0.1116,-1.0227,-0.4336,-9.6641,-53.9313,-17.7481,1.1164
1780908574.5996096,-0.0291,-0.8445,-0.7942,29.0611,-72.4198,-27.9847,1.1596
1780908574.8004794,-0.3081,-0.8865,-0.6125,-34.7328,-102.771,-32.8321,1.1207
1780908575.0000732,-0.0591,-0.9209,-0.5344,-5.8931,-29.3359,-26.9237,1.0664
1780908575.2065105,-0.3921,-1.2356,-0.7539,-27.4198,13.7099,2.6489,1.4996
1780908575.4000745,0.1345,-0.8274,-0.6885,-18.9008,-74.3511,-49.0916,1.0847
1780908575.5995817,-0.0254,-1.0208,-0.2998,-25.8244,-119.4962,-61.6336,1.0642
1780908575.7994256,-0.0193,-0.7217,-1.2727,15.7939,-136.1374,-45.4962,1.4632
1780908576.000148,0.0125,-0.4946,-0.2712,-8.3588,-54.4962,-5.9389,0.5643
1780908576.20132,0.2007,-1.1606,-0.3933,-18.8626,28.4122,-27.3817,1.2418
1780908576.399857,-0.3037,-0.6431,-0.093,41.0,104.8931,11.6489,0.7172
1780908576.6108286,-0.2051,-1.0161,-0.3132,-40.8931,45.9924,8.9695,1.0829
1780908576.813005,-0.1069,-1.3298,-0.7007,-40.1985,-55.1374,-31.1985,1.5069
1780908577.000516,-0.0667,-1.0627,-0.4973,-16.6336,-40.8473,-31.6183,1.1752
1780908577.203318,-0.3071,-1.1462,-0.3733,10.3817,11.1832,6.3053,1.244
1780908577.3994346,-0.3491,-0.9927,-1.4751,64.9695,-133.4046,-62.6336,1.812
1780908577.6006775,-0.1553,-0.4407,-0.3638,-24.2366,-187.145,-92.0076,0.5921
1780908577.7995899,-0.1685,-0.5378,-0.9016,-5.2595,-217.1298,-118.8397,1.0633
1780908578.0001554,-0.2712,-0.6187,-0.4131,2.2214,-91.2901,-33.8015,0.7918
1780908578.2003918,-0.2766,-0.6943,-0.429,-14.6718,-95.0076,-28.6489,0.8618
1780908578.3997304,0.1509,-1.0303,-0.6296,-24.5267,-77.6107,-58.7328,1.2168
1780908578.600001,-0.2534,-0.894,-0.3457,18.8473,-42.3282,-19.1527,0.9915
1780908578.7998219,-0.5012,-1.2966,-0.4031,-47.5725,-39.145,-16.771,1.4474
0,0,0,0,0,0,0,0
0,0,0,0,0,0,0,0
1780908581.7273993,0.0349,-0.7651,-0.5334,1.8626,69.229,46.0382,0.9334
1780908581.9247005,-0.0576,-0.9036,-0.5303,24.4886,13.1298,34.2366,1.0493
1780908582.1395612,0.2996,-0.8679,-0.5886,18.5114,21.1985,16.0916,1.0906
1780908582.3248882,-0.313,-0.9192,-0.6116,0.8473,90.916,88.4122,1.1476
1780908582.5244794,-0.1438,-0.5017,-0.3293,28.9237,87.458,50.0,0.6171
1780908582.725969,-0.1455,-1.0212,-0.3911,57.3206,101.9771,34.1221,1.1032
1780908582.9325678,-0.0217,-0.738,-0.8994,54.4046,121.8092,28.6641,1.1637
1780908583.1258366,-0.2227,-0.5469,-0.1685,-27.2061,64.7099,47.0076,0.614
1780908583.3259747,-0.2361,-1.4705,-0.4858,-26.1145,-56.6718,-30.2901,1.5665
1780908583.5242884,-0.3,-0.9641,-0.3376,3.3282,-48.1374,-17.9008,1.0647
1780908583.7245502,-0.1152,-0.9292,-0.3689,-6.8855,23.4427,32.0382,1.0064
1780908583.9265575,-0.0134,-0.9316,-1.0647,40.8168,-3.0,-7.9542,1.4148
1780908584.124739,-0.2354,-0.6799,-0.3325,20.4656,31.3282,3.5038,0.7926
1780908584.32435,-0.1462,-1.2419,-0.3025,-28.8855,-62.458,-17.2977,1.2866
1780908584.5244677,-0.0271,-0.7866,-0.3706,-64.4122,-91.1908,-68.7252,0.87
1780908584.7258105,-0.2139,-0.7659,-0.2131,46.0153,7.6183,11.0229,0.8232
1780908584.9247744,-0.5923,-1.322,-1.085,95.4885,-110.2443,-51.9313,1.8099
1780908585.128203,-0.1377,-0.532,-0.6135,-35.7328,-199.2748,-96.5649,0.8236
1780908585.3251173,0.125,-1.3025,-1.1333,-63.5191,-247.0153,-71.4809,1.731
1780908585.5246212,-0.2805,-0.3247,-0.116,-1.4504,-95.4198,-38.8168,0.4445
1780908585.729078,-0.3662,-1.0486,-0.7234,19.855,-104.9924,-44.542,1.3255
1780908585.9303536,0.1074,-0.8167,-0.6096,28.3817,-66.0076,-33.0382,1.0247
1780908586.134797,-0.0044,-1.2156,-0.5745,2.4885,-76.6794,-67.4275,1.3445
1780908586.3259993,-0.1316,-0.7686,-1.0696,54.8092,-28.6565,-6.0687,1.3236
0,0,0,0,0,0,0,0
0,0,0,0,0,0,0,0
1780908587.72475,-0.1873,-1.012,-0.366,56.4122,17.6107,8.0458,1.0923
1780908587.9254322,-0.3359,-1.072,-0.9817,17.4656,-62.0916,-43.8092,1.4919
1780908588.1241114,-0.196,-0.7,-0.4631,-25.0382,-154.1069,-67.8473,0.8619
1780908588.3358757,0.1506,-0.7791,-0.3975,-27.0992,-157.2366,-73.7557,0.8875
1780908588.523735,-0.0623,-0.7344,-0.5544,-14.0992,-143.9695,-80.2137,0.9223
1780908588.725116,-0.3223,-0.7839,-0.4895,-24.4046,-102.9618,-61.9618,0.9788
1780908588.9258118,0.0559,-0.9636,-0.6436,47.8092,-32.4198,-19.8931,1.1601
1780908589.1254842,-0.197,-0.7329,-0.2561,-18.4122,-87.9847,-30.0992,0.801
1780908589.3230445,-0.3208,-1.0964,-0.4497,22.3664,-75.1679,-11.7634,1.2277
1780908589.52663,0.1252,-0.645,-0.3489,33.9695,-21.8702,-13.8473,0.7439
1780908589.7235193,0.0845,-1.0479,-1.0376,6.4962,67.1145,28.374,1.4771
1780908589.9243693,-0.208,-0.5591,-0.2588,-3.0382,33.7481,21.9313,0.6502
1780908590.128505,-0.3218,-1.0449,-0.4609,10.7481,-89.5725,-47.7939,1.1865
1780908590.3337991,-0.1431,-0.8716,-0.4766,-42.7252,-68.6947,-50.0763,1.0036
1780908590.5330892,-0.0454,-0.7529,-0.2512,-30.8397,-0.0076,-14.2595,0.795
1780908590.7235682,-0.1626,-0.873,-0.6956,9.1603,-88.6412,-47.0153,1.128
1780908590.9260168,-0.1699,-0.3921,-0.2983,-9.0763,-129.8015,-42.771,0.5212
1780908591.1236145,-0.0923,-1.7727,-1.1631,-12.0687,-196.6565,7.8931,2.1222
1780908591.3236375,-0.2805,-0.4258,-0.3616,-50.8244,-100.0458,-44.2595,0.6251
1780908591.5239453,-0.0627,-0.9939,-0.5171,-66.1908,-100.9771,-50.3282,1.1221
1780908591.7233617,-0.019,-0.6963,-0.3425,11.6641,-36.6336,-8.2901,0.7762
1780908591.936085,-0.1577,-1.0068,-0.7573,41.4809,-108.6183,-51.2443,1.2697
1780908592.1237814,-0.0178,-0.8103,-0.4561,-12.0153,-57.8855,-52.9008,0.93
1780908592.3257146,-0.0896,-0.6775,-0.2507,23.0305,21.5496,6.2519,0.7279
1780908592.526623,0.1477,-0.8501,-0.48,-2.7252,33.2824,-21.4809,0.9874
1780908592.723389,-0.3345,-0.5928,-0.0242,62.0153,-19.9618,7.0076,0.6811
0,0,0,0,0,0,0,0
0,0,0,0,0,0,0,0
1780908594.0414069,0.1226,-0.9019,-0.7766,8.4885,137.0458,71.5496,1.1964
1780908594.2409487,-0.1013,-0.5295,-0.5608,78.6336,200.0992,69.9695,0.7779
1780908594.4421268,0.0098,-0.6206,-0.0886,49.687,96.3206,34.374,0.627
1780908594.6423333,-0.0742,-0.8984,-0.3799,-8.2977,63.542,36.8244,0.9783
1780908594.8411925,-0.3057,-0.959,-0.5222,15.8779,70.1603,37.229,1.1339
1780908595.0428112,0.2217,-0.6331,-0.3738,8.0992,101.3359,5.145,0.7679
1780908595.243414,-0.1711,-1.3059,-0.9402,41.3969,103.5573,57.3435,1.6182
1780908595.4460664,-0.1082,-0.5115,-0.0537,8.0992,-36.1985,-42.9924,0.5255
1780908595.6409113,-0.3547,-1.3127,-1.4717,79.5878,-60.9542,44.6641,2.0037
1780908595.8432558,0.3982,-0.5361,-0.3354,19.7786,-68.2901,-49.4351,0.7473
1780908596.0413737,0.1577,-1.0664,-0.9802,-35.1603,48.0611,-14.2519,1.457
1780908596.2415724,-0.269,-0.8606,-0.4939,16.3511,68.8779,31.4962,1.0281
1780908596.4408166,-0.1589,-0.6086,-0.3193,-17.0916,-50.5344,-29.0611,0.7055
1780908596.6544464,-0.0493,-0.8787,-0.4917,-54.5878,-134.1221,-74.3435,1.0081
1780908596.8420188,-0.1331,-0.6038,-0.2996,-5.3664,-103.687,-35.2901,0.687
1780908597.0427358,-0.1299,-0.719,0.0354,20.1374,-128.7786,-57.8473,0.7315
1780908597.2416244,-0.2036,-0.3433,-0.4187,-25.6641,-227.229,-87.9618,0.5784
1780908597.4404938,-0.543,-1.7034,-0.9817,23.2214,-120.687,-45.1908,2.0396
1780908597.64086,-0.1992,-0.6023,-0.3352,17.5496,-54.145,-20.0305,0.7175
1780908597.8427544,-0.2344,-2.0,-1.3589,-9.1908,1.2519,34.5802,2.4293
1780908598.0410266,-0.2014,-0.4221,-0.2241,-25.8244,-46.916,-23.1603,0.5186
1780908598.2422469,-0.0308,-1.8918,-1.5469,-56.9542,-80.4427,62.0763,2.4439
1780908598.4414752,0.2234,-0.4854,-0.2576,2.5954,22.1603,25.5573,0.5931
1780908598.6405146,-0.0522,-1.0959,-0.7036,-28.6489,60.4885,19.3359,1.3034
1780908598.8420959,-0.3784,-0.7622,-0.3401,35.374,46.5573,14.7939,0.9164
0,0,0,0,0,0,0,0
0,0,0,0,0,0,0,0
1780908599.9191039,-0.0457,-0.5063,-0.4746,-5.3206,-93.3511,-44.7405,0.6955
1780908600.1181958,-0.251,-0.7781,-0.564,-7.4733,-87.1985,-47.2748,0.9932
1780908600.3177211,0.04,-0.6677,-0.6072,-15.2366,-92.8779,-41.7557,0.9034
1780908600.5204115,-0.1658,-1.1702,-0.4114,17.3359,-59.0305,-20.2366,1.2514
1780908600.717946,-0.384,-0.6694,-0.4326,21.0076,-121.5496,-22.3206,0.8847
1780908600.9179292,0.1785,-1.0171,-0.5874,-26.8473,-136.3359,-74.9389,1.188
1780908601.1207907,-0.0391,-0.238,-0.0789,20.7863,-55.313,-69.3664,0.2538
1780908601.322758,-0.2571,-0.8523,-0.0667,49.4122,59.8702,21.5114,0.8927
1780908601.5186741,-0.0967,-0.2483,-0.1982,15.2748,-52.5496,-39.4885,0.3321
1780908601.7178955,0.0964,-1.1824,-0.5854,-18.7863,-86.5725,-47.2214,1.3229
1780908601.9183843,-0.0342,-0.3538,-0.3159,-4.7634,-17.2595,-40.7557,0.4755
1780908602.1177466,-0.1079,-0.875,-0.5142,73.5573,48.7634,57.3282,1.0206
1780908602.317922,-0.1069,-0.3293,-0.3279,1.0458,-74.9618,-40.7939,0.4769
1780908602.5179331,-0.1077,-1.0229,-0.4478,18.855,-156.5114,-89.9313,1.1218
1780908602.7236412,-0.0593,-0.3352,-0.332,-5.9313,-61.6641,-39.3969,0.4755
1780908602.918462,0.1777,-0.8723,-0.9204,49.4733,-109.5649,-133.5267,1.2805
1780908603.1179738,-0.3931,-0.53,-0.2659,11.0763,-177.2214,-31.7481,0.7114
1780908603.3182046,-0.6963,-2.0,-1.1641,-42.374,-177.687,-66.229,2.4166
1780908603.5181851,-0.0615,-0.4114,-0.5723,10.1527,-79.313,-93.1145,0.7075
1780908603.7183259,-0.0005,-1.1243,-0.7996,45.8321,65.0382,-2.3511,1.3796
1780908603.9182622,-0.1855,-0.3608,-0.2871,4.9924,-98.9008,-54.5573,0.4971
1780908604.1176693,-0.3479,-1.0022,-0.3787,7.7405,-38.1298,-37.8244,1.1264
0,0,0,0,0,0,0,0
0,0,0,0,0,0,0,0
1780908606.614422,-0.0525,-0.8445,-0.2627,-32.3893,76.4122,68.6031,0.886
1780908606.8043392,-0.0911,-0.7607,-0.7839,8.2977,58.4962,70.1832,1.0962
1780908607.004946,-0.1555,-0.6804,-0.6479,5.8855,8.2443,26.9237,0.9524
1780908607.2040346,-0.1084,-0.8647,-0.6841,42.9542,65.1832,30.6031,1.1079
1780908607.404745,0.1726,-1.0376,-0.8914,-33.8779,-3.2443,-2.4046,1.3787
1780908607.6046875,-0.1099,-0.6145,-0.2339,12.4427,-19.7405,-4.2443,0.6666
1780908607.8043704,-0.1484,-1.2014,-1.2471,40.7557,2.2901,-25.1298,1.738
1780908608.004854,0.0164,-0.7271,-0.5276,8.229,-29.2519,-19.2672,0.8985
1780908608.2041173,0.0867,-0.4998,-0.6824,-47.8473,18.6031,-17.6565,0.8502
1780908608.4177132,0.2178,-0.989,-0.8354,-0.0611,29.084,21.8855,1.3128
1780908608.6039562,0.1445,-0.4841,-0.3149,20.1298,24.374,3.5573,0.5954
1780908608.8051429,-0.0615,-1.1897,-0.6941,-11.6412,-46.6718,-12.5802,1.3787
1780908609.0042534,-0.0024,-0.583,-0.1621,18.9924,-83.9466,-49.9924,0.6051
1780908609.2036772,-0.2593,-1.0657,-1.0916,56.7557,-25.1985,-22.0229,1.5474
1780908609.4041538,-0.2986,-1.1343,-0.3254,-27.9084,-123.9466,-41.9924,1.2172
1780908609.6116705,-0.0942,-0.4346,-0.6245,1.7786,-119.7557,-52.6031,0.7666
1780908609.8057668,-0.1233,-0.7263,-0.9224,-6.6718,-174.4046,-106.2595,1.1805
1780908610.0041914,-0.2014,-0.4917,-0.3811,0.0305,-117.7099,-70.5115,0.6539
1780908610.2046719,-0.1321,-1.408,-0.8215,34.8092,-86.3435,-48.8779,1.6355
1780908610.4037805,-0.1504,-0.6025,-0.3564,-7.8321,-4.7405,-1.4656,0.716
1780908610.60792,0.05,-0.6914,-0.749,-42.5878,-112.8015,-58.5115,1.0206
0,0,0,0,0,0,0,0
0,0,0,0,0,0,0,0
1780908611.404262,-0.0125,-0.5225,-0.167,9.4427,-31.855,-26.6412,0.5486
1780908611.6044977,-0.2769,-1.0649,-1.186,36.1603,-20.5038,21.8626,1.6178
1780908611.8055122,0.1726,-0.4397,-0.366,-11.8244,5.9771,-15.3817,0.5975
1780908612.0088067,-0.0396,-1.1084,-1.0149,-7.2061,50.8168,16.8092,1.5034
1780908612.2050369,-0.2178,-1.0742,-0.6833,10.8473,53.0992,67.2595,1.2916
1780908612.4102774,-0.0405,-0.655,-0.2268,-19.4962,-17.0076,-34.0382,0.6944
1780908612.6036592,-0.2603,-0.5857,-0.1069,-10.0992,34.8779,50.2443,0.6498
1780908612.80596,-0.0654,-0.5608,-0.4231,3.916,94.7328,54.8397,0.7055
1780908613.0049167,0.0864,-1.3132,-0.8528,-9.9237,172.5496,108.5878,1.5682
1780908613.2050095,-0.0215,-0.5569,-0.2766,-14.0611,67.8092,27.4122,0.6222
1780908613.406183,-0.0935,-1.0037,-0.9651,36.3282,81.855,63.1756,1.3955
1780908613.6046956,0.0889,-0.5125,-0.1951,40.1221,43.1221,0.4351,0.5555
1780908613.8134139,0.1543,-0.7756,-0.5525,27.5573,145.0458,54.6183,0.9647
1780908614.0041318,-0.2585,-0.8853,-0.6743,-44.8855,97.7099,68.4275,1.1425
1780908614.2042542,-0.0181,-0.6396,-0.2014,6.458,-15.1145,-2.2672,0.6709
1780908614.4055023,-0.4187,-0.6301,-0.6406,-31.2977,-61.2214,-27.6183,0.9913
1780908614.6042283,0.0457,-0.4783,-0.1511,-32.7481,-57.1145,-53.8397,0.5037
1780908614.8052242,0.1902,-1.3689,-1.4116,-6.9084,19.0076,27.8321,1.9755
1780908615.006568,-0.3394,-0.9277,-0.2563,9.2748,29.0611,25.8779,1.0206
1780908615.2048218,-0.0957,-0.8711,-0.7749,-72.1985,-70.8931,-25.145,1.1698
1780908615.4041905,-0.325,-0.8511,-0.1633,23.4351,-3.0076,15.313,0.9255
1780908615.6065454,0.0728,-1.0203,-0.5413,0.6183,14.7176,-44.3588,1.1572
1780908615.8050683,0.0359,-1.1807,-1.5088,-31.229,38.4046,19.7176,1.9162
1780908616.0048757,-0.1677,-0.6562,-0.2583,-31.7176,-61.6794,-43.4351,0.7249
1780908616.2050319,0.021,-0.9688,-0.8086,-34.3817,-153.8168,-75.6565,1.262
1780908616.4591253,-0.0708,-1.0183,-0.6599,8.626,-103.6641,-38.0992,1.2155
1780908616.6218765,-0.2681,-0.8225,-0.4126,-9.916,-119.8626,-52.8855,0.9584
0,0,0,0,0,0,0,0
0,0,0,0,0,0,0,0
1780908617.2814167,-0.0308,-1.0068,-0.4788,1.4733,-9.5954,3.2901,1.1153
1780908617.4827366,-0.1575,-0.5164,-1.0969,-64.2061,-54.4809,-2.1145,1.2226
1780908617.881451,0.1406,-0.7444,-0.4761,42.855,-28.0992,-25.1985,0.8947
1780908617.8829587,-0.0103,-0.9705,-0.3252,32.771,6.5496,-35.9924,1.0235
1780908618.081951,-0.0803,-0.6243,-0.3098,52.626,39.2748,-3.542,0.7015
1780908618.2930067,-0.1636,-0.9224,-0.3984,13.6107,25.3206,10.687,1.018
1780908618.4834948,-0.3345,-1.4543,-0.2957,5.1527,-36.2748,-18.9618,1.5213
1780908618.683582,-0.2173,-0.7156,-0.4216,63.8015,-42.3053,12.2061,0.8585
1780908618.8841403,0.0464,-0.5132,-0.3613,-48.5649,-51.5725,-12.916,0.6293
1780908619.0825467,-0.2197,-1.8264,0.252,58.8702,167.9924,158.0611,1.8568
1780908619.2816103,0.011,-0.6177,-0.3044,4.2061,-0.2214,8.6947,0.6887
1780908619.481032,-0.1665,-0.6597,-0.3213,-43.0611,-4.2595,-10.5496,0.7524
1780908619.6808078,-0.3511,-1.1746,-0.3604,11.5649,-80.5649,-18.7023,1.2778
1780908619.8840785,-0.3862,-0.7837,-0.4116,-24.8168,-135.9618,-75.7328,0.9658
1780908620.0827093,0.0037,-1.0557,-0.595,-2.229,4.3969,-4.2977,1.2118
1780908620.2811627,-0.2561,-0.6306,-0.3403,13.1603,12.6947,-19.9389,0.761
1780908620.4810112,-0.3694,-0.8828,-0.3484,-58.2366,-84.9618,-36.0458,1.0184
1780908620.6811695,-0.3,-1.2424,-0.5083,-6.7557,-95.4046,-21.1221,1.3755
1780908620.882552,-0.262,-0.5356,-0.5005,-16.6947,-124.7481,-39.0916,0.7785
1780908621.1330676,-0.0369,-0.5808,-0.467,-59.3817,-98.8168,-70.229,0.7462
1780908621.2818017,-0.0833,-1.2964,-0.366,-20.8244,-18.3664,13.4198,1.3496
0,0,0,0,0,0,0,0
0,0,0,0,0,0,0,0
1780908622.231063,-0.2781,-1.2864,0.168,-16.2061,31.9389,53.6336,1.3268
1780908622.4303124,-0.0059,-1.2378,-0.9561,37.7176,-44.3893,-25.0153,1.564
1780908622.630627,-0.1648,-0.6855,-0.5703,-46.3588,-44.7481,9.0763,0.9069
1780908622.8332531,-0.4719,-1.3738,-0.4592,60.6107,-60.8855,-72.5573,1.5234
1780908623.0309303,-0.3276,-1.0339,-0.9795,-65.0611,-108.9618,17.4122,1.4614
1780908623.2305565,-0.1624,-0.679,-0.4138,-33.8015,-89.1298,-66.0687,0.8115
1780908623.43085,-0.0554,-1.1619,-0.4568,-0.5649,-36.5954,-28.1069,1.2497
1780908623.6407845,-0.2659,-1.2009,-0.748,70.145,-18.7176,6.2061,1.4396
1780908623.8317616,-0.1931,-0.4568,-0.3267,6.229,-29.1985,-6.1832,0.5938
1780908624.0388706,-0.2329,-1.4636,-0.4307,-85.8855,-139.4122,-98.3206,1.5433
1780908624.2811952,-0.2375,-0.4526,-0.3293,13.6031,-64.8244,-4.9847,0.6081
1780908624.430946,-0.1831,-0.7744,-0.436,-24.2824,-89.3359,-52.1756,0.9074
1780908624.6376255,-0.2517,-0.9724,-0.2703,-2.5878,-50.7863,-37.7863,1.0402
1780908624.8303683,-0.0752,-0.5093,-0.428,-6.3893,-56.4656,-19.2595,0.6695
1780908625.0307758,-0.177,-0.8713,-0.3396,-41.2824,-67.4198,-41.145,0.9518
1780908625.2341456,-0.3718,-1.2051,-0.6409,36.4885,-75.6489,12.6107,1.4146
1780908625.4369507,-0.1702,-0.5093,-0.4788,-26.6031,-76.2672,-7.1221,0.7194
1780908625.63084,-0.0098,-0.8074,-0.4453,-41.9313,-60.1756,-39.2443,0.9221
1780908625.829984,-0.345,-1.0867,-0.7339,2.8779,25.3282,15.1527,1.3559
1780908626.0302844,-0.0979,-0.7275,-0.4854,-25.0382,-33.7557,13.1985,0.88
1780908626.2329834,-0.1421,-0.9351,-0.3228,-2.6489,-46.9695,3.2214,0.9993
1780908626.4306788,-0.3437,-1.1147,-0.4529,-29.2672,-73.1145,-15.7328,1.2514
0,0,0,0,0,0,0,0
0,0,0,0,0,0,0,0
1780908632.7460108,-0.3901,-0.5061,-0.5061,-35.4885,5.0229,13.0382,0.8152
1780908632.9463124,-0.1396,-0.4016,-0.9641,-79.0229,-23.7481,-25.374,1.0537
1780908633.1467822,-0.3181,-0.4526,-0.7319,-57.5878,-57.374,-75.4198,0.9175
1780908633.3459432,-0.1682,-0.5122,-1.1243,-1.8015,-22.9771,-26.3206,1.2468
1780908633.5460205,-0.2546,-0.6431,-0.9028,77.8244,3.0,4.7557,1.1373
1780908633.7491314,-0.2808,-0.6604,-0.8003,80.8244,22.4275,-24.9008,1.0749
1780908633.9490993,-0.2187,-0.8125,-0.8269,-3.6947,-30.6565,-10.7176,1.1797
1780908634.1460366,-0.0625,-0.7639,-0.3801,-5.2824,-15.5344,-13.4504,0.8556
1780908634.3461633,-0.1865,-0.8201,-0.4883,5.145,-4.1908,-1.7176,0.9725
1780908634.5464227,-0.2241,-0.9048,-0.5803,5.7023,-3.7099,-6.0,1.098
1780908634.7460706,-0.1663,-0.876,-0.5222,-7.9618,-4.7328,-0.0992,1.0333
1780908634.9459264,-0.1804,-0.8718,-0.5466,-12.0076,-3.2137,2.2214,1.0447
1780908635.1459482,-0.1919,-0.8511,-0.5303,-1.4962,-2.0916,-1.1603,1.021
1780908635.3466442,-0.2,-0.864,-0.5339,-0.1374,-0.9847,-0.1527,1.0352
1780908635.5457995,-0.1577,-0.8723,-0.512,7.0763,-1.7023,-3.2519,1.0237
1780908635.7453601,-0.1873,-0.8682,-0.5298,2.4733,-0.3206,-0.8855,1.0341
1780908635.946641,-0.1921,-0.8818,-0.5449,4.9084,2.855,-2.5267,1.0543
1780908636.146894,-0.1848,-0.876,-0.4583,12.9847,4.3588,-3.0305,1.0057
1780908636.3466969,-0.1782,-0.9041,-0.488,12.2748,5.0458,-3.3359,1.0427
1780908636.5966437,-0.1372,-0.9199,-0.363,-4.9542,-0.8473,1.7328,0.9984
1780908636.7464266,-0.1455,-0.9226,-0.3569,1.5038,-0.1832,2.0611,0.9999
1780908636.946996,-0.1514,-0.9229,-0.3726,-4.9847,-1.8626,-0.5344,1.0067
1780908637.1974947,-0.158,-0.9316,-0.3743,6.4656,1.9237,-1.6718,1.0164
1780908637.3478155,-0.1514,-0.946,-0.4116,1.4962,-0.9084,-0.8855,1.0428
1780908637.5467036,-0.156,-0.9253,-0.3662,3.3282,-1.2214,1.0,1.0073
1780908637.797042,-0.1372,-0.9297,-0.3516,-1.5802,-1.8702,-0.3969,1.0034
1780908637.9547188,-0.1167,-0.9253,-0.3809,-3.3664,2.5649,-2.5267,1.0074
0,0,0,0,0,0,0,0
0,0,0,0,0,0,0,0
1780908639.6305103,-0.1394,-0.8374,-0.6113,34.9847,-15.5115,1.9466,1.0461
1780908639.830358,-0.052,-0.5781,-0.5217,67.8855,-13.5496,-9.6794,0.7805
1780908640.0330358,-0.0872,-0.6289,-0.312,57.8931,10.8397,11.084,0.7074
1780908640.231414,-0.1968,-0.8896,-0.5334,32.6565,-4.1908,6.8092,1.0558
1780908640.4302986,-0.093,-0.9006,-0.4202,7.4809,-9.6718,-13.0305,0.9982
1780908640.6308033,-0.2043,-0.9094,-0.3792,0.8855,-3.6565,3.3511,1.0063
1780908640.8311124,-0.1665,-0.9514,-0.4387,-11.6947,-0.5954,2.542,1.0608
1780908641.0313456,-0.1475,-0.9114,-0.4065,-1.1679,-3.8244,0.1298,1.0088
1780908641.230703,-0.1484,-0.9128,-0.4368,-8.5802,-4.0153,-0.0153,1.0228
1780908641.4307675,-0.1465,-0.853,-0.446,-13.2366,-0.8397,0.1374,0.9737
1780908641.6341143,-0.1318,-0.8037,-0.4795,-38.5725,9.9695,1.3206,0.9451
1780908641.8465157,-0.1519,-0.6335,-0.6255,-69.5649,5.5344,9.2366,0.9031
1780908642.0802605,-0.0203,-0.717,-0.4692,-34.8702,-19.8702,-3.0153,0.8572
1780908642.2304494,-0.0955,-0.6819,-0.5923,50.8321,10.1221,-5.3817,0.9082
1780908642.4326892,-0.1372,-0.8867,-1.1396,34.0611,-0.916,-4.6183,1.4505
1780908642.6335797,-0.2102,-0.9238,-0.9653,50.2443,-12.3359,2.8015,1.3526
1780908642.8811426,-0.1929,-0.915,-0.2961,0.7099,14.5649,7.8015,0.9809
1780908643.0302622,-0.1189,-1.0022,-0.322,12.9771,-8.0916,-5.1221,1.0594
1780908643.2301922,-0.1711,-0.9504,-0.384,9.1908,-10.8702,-0.1374,1.0393
1780908643.4304237,-0.1719,-0.9077,-0.3342,5.5573,-3.8244,-1.1603,0.9824
1780908643.6312437,-0.1689,-0.9175,-0.3052,-2.2748,0.9389,2.1985,0.9816
1780908643.8303695,-0.2288,-0.8982,-0.3228,-11.3053,7.1527,2.8397,0.9815
1780908644.030162,-0.1597,-0.8721,-0.354,-24.6107,4.2824,2.3817,0.9546
0,0,0,0,0,0,0,0
0,0,0,0,0,0,0,0
1780908646.6628444,-0.1448,-0.8757,-0.4263,-5.7481,-2.9847,-5.2824,0.9847
1780908646.8625846,-0.1658,-0.8179,-0.5569,-2.3817,4.9389,-3.1832,1.0033
1780908647.0625772,-0.0874,-0.6565,-0.6294,-35.9466,12.229,1.0534,0.9137
1780908647.2681048,-0.1096,-0.6233,-0.4482,-76.8855,-5.0534,-1.1374,0.7755
1780908647.4672422,-0.1011,-0.5823,-0.6108,21.5802,2.8855,9.0229,0.8499
1780908647.6646283,-0.144,-0.6553,-0.6777,4.6489,-9.542,-6.3664,0.9537
1780908647.86577,-0.2734,-0.9851,-1.1252,22.626,-27.4962,-2.4962,1.5203
1780908648.0619183,-0.3357,-1.2351,-0.8628,-20.0611,-8.9847,26.6107,1.5436
1780908648.2629166,-0.1482,-0.9644,-0.3567,29.9924,-2.4809,2.0916,1.0388
1780908648.4615464,-0.1858,-0.8596,-0.1895,37.0076,-18.0,1.4733,0.8996
1780908648.6619444,-0.2378,-0.9058,-0.1611,5.0687,-8.9542,-0.1985,0.9502
1780908648.861487,-0.1787,-0.9373,-0.2754,-9.1374,-1.6565,0.458,0.9931
1780908649.0643141,-0.1897,-0.9148,-0.2773,-16.0305,4.687,1.1679,0.9746
1780908649.2680624,-0.239,-0.928,-0.3772,-26.8779,4.9847,4.0305,1.0298
1780908649.4615242,-0.2295,-0.874,-0.4556,-35.3893,1.9924,2.1679,1.012
1780908649.6635838,-0.2078,-0.9097,-0.5059,-12.7786,10.7252,1.3588,1.0614
1780908649.8618011,-0.2241,-0.8369,-0.6704,-19.3435,6.1985,4.0076,1.0955
1780908650.0626173,-0.1624,-0.7109,-0.6462,-9.8473,14.229,-5.8244,0.9744
1780908650.261948,-0.1855,-0.7839,-0.6655,-33.8015,25.7099,5.9008,1.0449
1780908650.4618037,-0.1653,-0.8315,-1.2808,-18.5344,-4.0229,-10.6641,1.5359
1780908650.6613727,-0.0881,-0.6064,-0.8884,-22.1221,-1.0076,-40.7176,1.0793
1780908650.8627584,0.0432,-0.6208,-0.823,18.5878,-9.5496,19.5802,1.0318
1780908651.1124532,-0.1697,-0.6589,-0.4746,49.1603,-6.1069,4.0687,0.8296
1780908651.2624912,-0.0869,-0.5955,-0.5093,45.7405,-17.8626,4.4046,0.7883
1780908651.4710832,-0.0981,-0.7664,-0.4944,17.6183,-17.2137,-12.7863,0.9173
0,0,0,0,0,0,0,0
0,0,0,0,0,0,0,0
1780908652.5926151,-0.0718,-0.9744,-0.4751,3.5878,-8.313,-5.4962,1.0864
1780908652.784811,-0.0415,-0.8979,-0.4622,5.6031,0.5344,2.5954,1.0108
1780908652.983856,-0.041,-0.8401,-0.4905,-3.8473,15.0458,3.0305,0.9737
1780908653.183981,-0.0591,-0.6826,-0.5386,-58.7099,-4.6336,8.3359,0.8715
1780908653.383834,-0.0654,-0.637,-0.4858,-56.2214,-1.4504,3.3511,0.8038
1780908653.5857854,-0.0171,-0.6409,-0.6401,-12.2519,6.0305,1.1756,0.906
1780908653.7838697,-0.0615,-0.7351,-0.7168,13.1756,-6.4885,5.374,1.0286
1780908653.984027,-0.1006,-0.9812,-1.2117,39.1069,-20.6718,-5.0763,1.5624
1780908654.185076,-0.4932,-1.0298,-0.9402,31.4275,-8.2824,6.3435,1.4791
1780908654.3939962,-0.2698,-0.9719,-0.4116,-17.7863,-11.5496,9.0458,1.0894
1780908654.5869064,-0.114,-0.876,-0.3037,25.3664,-14.8855,-4.145,0.9341
1780908654.782636,-0.1328,-0.9182,-0.2764,9.9924,-19.4198,-5.6794,0.9681
1780908654.998938,-0.1465,-0.929,-0.3066,-8.9008,-4.6336,-0.374,0.9892
1780908655.1833928,-0.1272,-0.9146,-0.3145,-6.7557,6.8931,0.5267,0.9754
1780908655.3857467,-0.1624,-0.8953,-0.3457,-16.7786,1.6031,2.2061,0.9733
1780908655.5867288,-0.1523,-0.8801,-0.4207,-30.0229,6.0229,2.5267,0.9873
1780908655.8449285,-0.1646,-0.8542,-0.5015,-32.9847,17.7557,3.3969,1.0041
1780908655.987666,-0.1687,-0.8132,-0.6311,-47.4046,33.5038,7.2748,1.0431
1780908656.1839006,-0.137,-0.7534,-1.1399,-42.1908,-8.1221,-22.3206,1.3732
1780908656.383821,-0.1243,-0.6641,-0.8804,-3.1221,-7.3588,-13.3435,1.1097
1780908656.5867417,-0.0762,-0.5972,-0.8601,20.3053,5.4122,6.5191,1.0499
1780908656.78413,-0.1416,-0.6946,-0.4856,57.4122,-20.0763,-4.3588,0.8592
1780908656.9854486,-0.1487,-0.6726,-0.4695,43.5954,-14.0229,-5.626,0.8336
0,0,0,0,0,0,0,0
0,0,0,0,0,0,0,0
1780908658.2267044,-0.1431,-0.9082,-0.3286,-1.2519,-7.2137,-0.9237,0.9764
1780908658.441886,-0.1365,-0.8848,-0.5195,-15.1298,-0.9924,-0.4809,1.0351
1780908658.629239,-0.1111,-0.7622,-0.6021,-35.1298,-2.1908,1.8931,0.9776
1780908658.8257794,-0.1987,-0.7007,-0.5681,-49.9008,13.4275,5.6641,0.9237
1780908659.0259554,-0.0437,-0.5645,-0.3445,-19.3359,17.9618,16.8244,0.6627
1780908659.2249115,-0.1204,-0.5867,-0.7927,-12.2672,-14.626,1.0534,0.9935
1780908659.4759557,-0.124,-0.7327,-0.9087,-68.6412,8.8473,-26.7863,1.1738
1780908659.6755214,-0.0251,-0.8142,-1.0107,49.855,-11.0305,-0.2901,1.2981
1780908659.8260016,-0.3145,-0.9453,-0.781,58.4198,-5.8931,4.5344,1.2659
1780908660.0314274,-0.1768,-0.9966,-0.4473,-3.1527,-21.3511,-15.2977,1.1066
1780908660.2250676,-0.0901,-0.8423,-0.2146,15.1908,-8.0687,-0.0611,0.8738
1780908660.425093,-0.104,-0.916,-0.304,14.9695,-2.1985,0.9389,0.9707
1780908660.6829262,-0.1892,-0.9561,-0.4666,-15.2519,-6.7023,-0.7634,1.0805
1780908660.8284237,-0.1797,-0.8931,-0.4075,-11.0076,1.6718,3.2061,0.9979
1780908661.076285,-0.1995,-0.8989,-0.4275,-3.9771,1.0153,1.9771,1.0152
1780908661.2263436,-0.1997,-0.8757,-0.4744,-6.3588,-2.2214,-0.3588,1.0158
1780908661.4757462,-0.2017,-0.8865,-0.4487,-2.3893,-1.1679,-0.8244,1.0138
1780908661.625428,-0.1885,-0.8801,-0.4714,-5.1374,-3.0687,-0.8779,1.0161
1780908661.8292835,-0.1978,-0.8984,-0.4656,-3.9466,-2.9084,-1.542,1.031
1780908662.031781,-0.2048,-0.8906,-0.4646,-4.9847,-2.7634,-0.2672,1.0252
1780908662.225037,-0.1831,-0.8486,-0.4761,-16.6336,2.4122,2.3893,0.9901
1780908662.4317603,-0.1304,-0.8303,-0.5911,-18.5114,14.1832,-0.4962,1.0275
0,0,0,0,0,0,0,0
0,0,0,0,0,0,0,0
1780908664.0608773,-0.1487,-0.9443,-0.5039,14.5344,12.4733,0.6794,1.0806
1780908664.2515054,-0.1746,-0.9138,-0.6013,-11.1221,-9.3969,-5.5802,1.1078
1780908664.4550314,-0.1882,-0.9019,-0.469,0.9847,-1.4962,3.5496,1.0338
1780908664.7017763,-0.1365,-0.8538,-0.582,-28.1145,-0.8855,5.1985,1.0423
1780908664.8527205,-0.1343,-0.7651,-0.6941,-42.2214,-2.2824,1.5191,1.0417
1780908665.0516138,-0.1758,-0.7207,-0.656,-55.771,-7.6565,0.8015,0.9903
1780908665.3012526,-0.0286,-0.593,-0.6572,-47.2061,-5.8321,-2.7634,0.8857
1780908665.451275,-0.1855,-0.4978,-0.5598,3.8626,13.7863,0.3053,0.7718
1780908665.651879,-0.104,-0.6069,-0.8474,13.855,-10.6794,-14.6947,1.0475
1780908665.8611188,-0.1238,-0.6858,-1.1892,44.9008,-34.1374,-15.7557,1.3783
1780908666.1091013,-0.2283,-0.8416,-1.0996,50.2595,-0.084,3.4733,1.4034
1780908666.2518237,-0.146,-0.5598,-0.3091,62.3664,35.3206,-0.7405,0.6559
1780908666.4513378,-0.199,-0.9255,-0.5376,6.4885,-9.2214,-5.0763,1.0887
1780908666.6527455,-0.2466,-0.9126,-0.5371,5.4885,-7.4198,-1.0153,1.0873
1780908666.8519382,-0.1648,-0.8853,-0.4365,0.1603,-10.458,-1.1832,1.0007
1780908667.065822,-0.2112,-0.9097,-0.4382,-0.8779,-0.4885,0.3817,1.0316
1780908667.2512639,-0.2151,-0.8972,-0.4141,-14.771,-1.0611,6.9771,1.0113
1780908667.451643,-0.2654,-0.863,-0.405,-7.7557,2.8168,-2.1603,0.9896
1780908667.6532168,-0.1294,-0.8074,-0.4956,-40.8168,4.5725,3.4504,0.9561
1780908667.8516474,-0.1909,-0.8298,-0.5498,-27.229,18.4656,4.0916,1.0136
1780908668.0528758,-0.1191,-0.7922,-0.8254,-38.5496,31.6336,10.2061,1.1503
1780908668.2597988,-0.1267,-0.926,-1.1526,-13.6183,-1.855,0.9771,1.4839
1780908668.4517171,-0.1714,-0.8196,-0.7219,19.3817,-8.5878,11.2061,1.1056
1780908668.651304,-0.2856,-1.1069,-0.9053,68.8244,-16.1221,-21.2214,1.4582
1780908668.8549416,-0.0254,-0.479,-0.3196,30.8855,-18.0458,-5.3282,0.5764
1780908669.051591,-0.0339,-0.6042,-0.5684,31.4046,-2.5267,1.1298,0.8302
0,0,0,0,0,0,0,0
0,0,0,0,0,0,0,0
1780908669.9453213,-0.1575,-0.8613,-0.4463,-19.6412,2.0534,-2.1069,0.9828
1780908670.1455462,-0.0359,-0.6958,-0.7017,-17.9695,-7.9847,-2.855,0.9888
1780908670.3471937,-0.0945,-0.8582,-0.7205,-80.3817,-2.3435,-5.145,1.1245
1780908670.544279,-0.0928,-0.5378,-0.5413,-8.5573,-1.6489,-0.9847,0.7687
1780908670.746125,-0.0945,-0.6318,-0.7288,-9.4427,-24.9924,-6.1603,0.9691
1780908670.9460425,-0.123,-0.7063,-0.832,5.2824,-19.8473,-10.8015,1.0983
1780908671.1451044,-0.2244,-0.7566,-0.9968,30.4962,2.3817,-1.2366,1.2714
1780908671.3609998,-0.1211,-0.7539,-0.9182,65.7252,-0.9771,2.4885,1.1942
1780908671.5478292,-0.1794,-0.8391,-0.3193,-5.9466,15.1374,13.3359,0.9156
1780908671.7462294,-0.1006,-0.8679,-0.3997,4.7863,-7.1832,-7.771,0.9608
1780908671.946892,-0.1343,-0.9023,-0.53,10.0534,-13.7863,-9.6641,1.0551
1780908672.14998,-0.1375,-0.9204,-0.3796,3.2214,-18.5267,11.1069,1.0051
1780908672.3627443,-0.1958,-0.9302,-0.3391,-10.916,1.2519,1.3206,1.0092
1780908672.545518,-0.1765,-0.9099,-0.3608,7.1221,-5.5878,4.8931,0.9946
1780908672.7456908,-0.1753,-0.9734,-0.4241,-11.084,2.9924,1.7176,1.0761
1780908672.9452477,-0.2375,-0.8638,-0.3108,-5.1145,6.8397,2.1221,0.9482
1780908673.1452749,-0.1663,-0.9148,-0.4016,-25.1069,-0.7023,-1.145,1.0128
1780908673.3462222,-0.1641,-0.9089,-0.5039,-3.5649,23.3893,-3.4427,1.0521
1780908673.546078,-0.0967,-0.8564,-0.4783,-32.4427,31.2672,3.4504,0.9857
1780908673.7454684,0.1562,-1.0247,-0.9548,-35.5573,3.5802,10.313,1.4093
1780908673.945608,0.0,-0.7898,-0.8313,-3.6336,-10.9084,-6.4656,1.1467
1780908674.1451387,-0.1558,-0.9844,-0.9021,8.5344,-9.5954,-2.4046,1.3443
1780908674.3461215,-0.0503,-0.688,-0.6267,42.1679,-15.4046,0.458,0.932
0,0,0,0,0,0,0,0
0,0,0,0,0,0,0,0
1780908675.4473145,-0.1541,-0.7483,-0.4285,-11.3053,-8.2672,1.8244,0.8759
1780908675.6474144,-0.0833,-0.7544,-0.6396,-4.5802,10.2519,1.9618,0.9926
1780908675.8625808,-0.1216,-0.6726,-0.6985,-31.5802,-2.084,-7.1756,0.9773
1780908676.04795,-0.019,-0.5632,-0.603,-60.2901,5.9771,-0.8321,0.8254
1780908676.247503,-0.123,-0.6418,-0.7988,-17.5573,-35.1527,-9.3817,1.0321
1780908676.4513474,0.0576,-0.7402,-0.9426,43.2137,5.0916,22.145,1.1999
1780908676.6566067,-0.2593,-0.8562,-0.855,55.1756,-20.4733,-9.5649,1.2375
1780908676.8480213,-0.1367,-1.0044,-0.7568,36.458,8.7099,3.3817,1.265
1780908677.0471346,-0.1921,-1.0315,-0.2957,-58.9542,-12.6565,3.855,1.0901
1780908677.2974155,-0.1755,-0.9688,-0.3113,30.8473,-3.6947,-8.3893,1.0326
1780908677.4545314,-0.1692,-0.8679,-0.4988,4.8015,-12.5802,-1.9924,1.0152
1780908677.647885,-0.1392,-0.886,-0.4514,5.7023,-4.7634,-3.1603,1.004
1780908677.8466222,-0.1704,-0.8884,-0.4207,-8.4809,1.7405,1.084,0.9976
1780908678.0494535,-0.198,-0.8716,-0.4873,-4.1069,2.8168,0.542,1.018
1780908678.2485192,-0.1819,-0.8545,-0.4849,-8.2366,2.4962,2.4656,0.9992
1780908678.446805,-0.2002,-0.8879,-0.5249,-4.9771,-1.0076,0.7557,1.0507
1780908678.6486175,-0.1858,-0.8972,-0.4785,-18.4122,-9.8168,-1.3969,1.0337
1780908678.8979661,-0.2007,-0.8589,-0.5134,-16.229,2.0153,-0.5496,1.0206
1780908679.0471523,-0.1499,-0.8037,-0.6082,-30.6412,14.3664,11.4809,1.019
1780908679.2469695,-0.1191,-0.8792,-0.9651,-56.916,46.0,22.7939,1.3109
1780908679.4469764,-0.0249,-0.6367,-0.9529,-15.855,1.0229,-10.0763,1.1463
1780908679.6480129,-0.0479,-0.6021,-0.895,-1.7405,-4.9084,-32.4962,1.0797
0,0,0,0,0,0,0,0
0,0,0,0,0,0,0,0
1780908680.9558809,-0.1228,-0.9131,-0.3982,4.855,-10.1298,-9.4962,1.0037
1780908681.1607711,-0.0371,-0.833,-0.5515,1.0611,-6.2214,15.3206,0.9997
1780908681.3525004,-0.1226,-0.8469,-0.54,-62.8473,0.9771,-1.4198,1.0119
1780908681.5539434,-0.0586,-0.6753,-0.5708,-53.0763,4.6718,-2.7557,0.8862
1780908681.7615995,-0.0825,-0.5835,-0.5742,18.8779,-2.8168,1.8168,0.8228
1780908681.9516146,-0.0735,-0.729,-0.6909,14.8168,-3.916,-5.7099,1.0071
1780908682.153064,-0.0322,-0.7629,-0.7681,35.4122,7.5191,0.3206,1.0831
1780908682.3515494,-0.0261,-1.0835,-0.9531,36.084,-14.1832,10.9924,1.4433
1780908682.552863,-0.2231,-1.0,-0.8442,45.3817,5.8931,16.4886,1.3276
1780908682.7647953,-0.2493,-0.9009,-0.0662,23.8092,-8.8702,10.9771,0.9371
1780908682.9519162,-0.3015,-1.0088,-0.3518,1.8321,-17.7939,-3.2672,1.1101
1780908683.1511273,-0.1897,-0.8569,-0.2693,-25.916,-16.4046,-2.0076,0.9181
1780908683.40218,-0.2083,-0.8894,-0.3127,-1.5573,-0.229,-0.1679,0.9655
1780908683.5511656,-0.2441,-0.8972,-0.3909,-4.6947,5.7328,3.4504,1.0087
1780908683.7539415,-0.2266,-0.8755,-0.4475,-5.9008,0.9618,0.5573,1.009
1780908683.9511247,-0.2471,-0.887,-0.4421,-15.7557,-6.3511,-2.9084,1.0214
1780908684.202511,-0.2231,-0.8721,-0.4531,-7.229,3.687,-10.7252,1.0078
1780908684.3526163,-0.1638,-0.8584,-0.4277,-19.7099,11.4351,-4.2672,0.973
1780908684.5511558,-0.2085,-0.8767,-0.5366,-45.2519,41.1374,18.084,1.0488
1780908684.7540264,-0.189,-0.6833,-0.8596,12.1069,7.5496,-11.1069,1.1143
1780908684.9529712,-0.0413,-0.7583,-0.9194,52.5191,-8.1069,-30.7863,1.1925
1780908685.1530845,-0.0942,-0.8721,-0.74,10.7939,-9.8015,3.8626,1.1476
1780908685.3635843,-0.0671,-0.5759,-0.4531,54.3511,-9.8015,-10.1603,0.7359
1780908685.563941,-0.0713,-0.6426,-0.4072,45.9924,-15.9466,-13.3969,0.7641
0,0,0,0,0,0,0,0
0,0,0,0,0,0,0,0
1780908686.594855,-0.1907,-0.7144,-0.4641,-57.6641,0.084,8.687,0.873
1780908686.791626,-0.105,-0.6882,-0.4736,-36.0382,-1.8626,5.1221,0.842
1780908686.9916534,-0.1477,-0.5776,-0.6599,-5.7023,-8.1221,-0.7481,0.8894
1780908687.1955698,-0.1726,-0.7146,-0.739,30.5496,-4.8015,5.313,1.0424
1780908687.396226,-0.1843,-0.7917,-0.7668,23.7786,11.1298,-11.8015,1.1175
1780908687.591131,-0.1921,-0.8955,-1.0332,40.5267,-5.7099,-0.3969,1.3807
1780908687.791058,-0.3174,-1.0044,-0.8279,40.8473,-12.4885,4.2748,1.3397
1780908687.9929073,-0.2219,-0.9551,-0.3496,25.5496,-4.9847,-5.626,1.041
1780908688.1918116,-0.0903,-0.8323,-0.2593,34.7557,-4.5802,-7.7405,0.8764
1780908688.3911972,-0.1833,-0.9504,-0.3403,10.8244,-12.6947,2.1298,1.026
1780908688.5918772,-0.1567,-0.9658,-0.2866,-15.7786,0.4427,2.7634,1.0196
1780908688.802715,-0.1699,-0.9114,-0.2686,-12.2137,3.0992,4.3969,0.9652
1780908688.991782,-0.1545,-0.9138,-0.3796,-35.0076,4.4122,2.626,1.0015
1780908689.1916592,-0.1614,-0.897,-0.4165,-20.8779,15.5725,3.0382,1.002
1780908689.392923,-0.22,-0.8787,-0.603,-60.8931,32.5115,12.3053,1.0882
1780908689.5914905,-0.1682,-1.0071,-0.9519,-15.9313,-10.4656,-16.3969,1.3959
1780908689.7910857,-0.1143,-0.7222,-0.6853,0.7863,-13.8473,5.8092,1.0021
1780908690.0117326,-0.1208,-0.9883,-0.8281,-2.1603,-3.7099,11.7252,1.295
1780908690.1908908,-0.1978,-0.6431,-0.5603,48.8168,-20.0076,-6.2061,0.8755
1780908690.3917456,-0.1833,-0.6716,-0.3691,22.7405,-18.9008,-3.7786,0.788
1780908690.5915654,-0.1455,-0.8862,-0.4255,17.229,-1.9618,-3.4427,0.9938
1780908690.7915635,-0.1211,-0.9844,-0.4458,-8.2748,-10.3664,-6.6183,1.0874
0,0,0,0,0,0,0,0
0,0,0,0,0,0,0,0
1780908691.6908348,-0.136,-0.7876,-0.4612,-43.4427,-1.1756,0.2519,0.9228
1780908691.8900354,-0.199,-0.7224,-0.6101,17.9924,18.9237,7.5115,0.9663
1780908692.089881,-0.1082,-0.6692,-0.3689,5.1832,18.0305,9.4351,0.7717
1780908692.2895615,-0.127,-0.8135,-0.5059,21.7099,0.3588,-4.1908,0.9663
1780908692.4891238,-0.1299,-0.8911,-0.6018,-31.9008,-2.6641,9.1145,1.0831
1780908692.6892903,-0.343,-1.0852,-0.7515,20.687,-41.9237,-10.5496,1.3638
1780908692.8913698,-0.2712,-0.8169,-0.7163,83.7405,-0.1679,-20.4198,1.1198
1780908693.0899103,-0.2358,-0.9084,-0.1899,18.1374,-1.0916,0.2824,0.9576
1780908693.2892022,-0.1887,-0.9661,-0.0322,5.4122,-12.8473,-2.9466,0.9849
1780908693.49995,-0.1545,-0.9792,-0.2107,-12.8626,-22.7328,-6.458,1.0135
1780908693.691069,-0.3181,-0.978,-0.292,-14.6947,1.4427,-0.2137,1.0691
1780908693.8893173,-0.1416,-0.9304,-0.2659,-31.2824,0.9084,4.9466,0.978
1780908694.0892968,-0.2012,-0.9355,-0.324,-44.374,7.6947,3.1145,1.0103
1780908694.290775,-0.0229,-0.8794,-0.4224,-38.2824,25.2748,-0.0763,0.9758
1780908694.4913182,-0.0681,-0.8799,-0.7346,-93.2672,52.3435,17.0611,1.1483
1780908694.6899102,-0.0471,-0.8784,-1.0684,-22.6107,-1.0229,-1.2748,1.3839
1780908694.8894207,-0.1187,-0.7488,-0.8184,-0.1908,-0.1679,2.0611,1.1156
1780908695.0896716,-0.041,-0.8208,-0.7185,2.916,-4.5344,7.4962,1.0916
1780908695.292682,-0.0461,-0.6663,-0.7449,50.3053,-21.3664,-12.2443,1.0004
1780908695.4965367,-0.1548,-0.5583,-0.4048,42.6489,-20.9771,2.2061,0.7068
1780908695.7053287,-0.1208,-0.8376,-0.5879,43.4046,-8.2061,9.5878,1.0305
1780908695.889877,-0.0637,-0.8254,-0.4558,31.5878,37.687,22.3206,0.9451
0,0,0,0,0,0,0,0
0,0,0,0,0,0,0,0
1780908696.913103,-0.1494,-0.8738,-0.2957,15.4351,2.3053,3.9008,0.9345
1780908697.1097338,-0.1523,-0.8057,-0.5415,-18.229,6.374,8.3969,0.9826
1780908697.3092442,-0.1143,-0.5496,-0.5137,-31.229,6.6794,7.5267,0.7609
1780908697.509432,-0.1777,-0.7483,-0.4746,-33.6641,8.7863,14.0992,0.9038
1780908697.7095995,-0.1658,-0.8684,-0.6196,8.5802,-4.8473,-1.8855,1.0796
1780908697.9099617,-0.2334,-0.9651,-0.7249,4.0763,10.9084,-4.8397,1.2293
1780908698.1095903,-0.2366,-1.0552,-0.9314,75.4122,-10.0916,1.3969,1.4272
1780908698.3128586,-0.0564,-0.594,-0.092,31.6183,-0.7405,-2.1985,0.6037
1780908698.5111105,-0.2148,-0.939,-0.3054,19.9695,-1.3664,-0.6107,1.0105
1780908698.7086053,-0.231,-0.9561,-0.1726,11.3511,-15.9084,0.6412,0.9986
1780908698.9097338,-0.186,-0.9014,-0.116,10.855,-11.2824,3.2443,0.9276
1780908699.1086206,-0.1089,-0.9954,-0.1721,-20.6565,3.0611,0.6641,1.016
1780908699.3092253,-0.2346,-0.9412,-0.2058,-18.0611,5.3817,-1.7939,0.9916
1780908699.5093405,-0.2217,-0.9204,-0.2898,-28.6412,3.084,-0.4046,0.9901
1780908699.7094948,-0.2148,-0.9819,-0.4084,-21.3053,17.0916,-9.0687,1.085
1780908699.922592,-0.1013,-0.8945,-0.4121,-37.5191,21.5954,2.9924,0.9901
1780908700.1095848,-0.1289,-1.0559,-1.0471,-49.916,30.8931,8.542,1.4927
1780908700.3098242,-0.0544,-0.7637,-0.7734,-56.5878,3.1908,-11.3053,1.0883
1780908700.513838,0.2385,-0.8789,-1.1465,21.3206,-25.4122,-7.0,1.4642
1780908700.7092397,-0.1731,-0.6753,-0.5403,55.7557,-8.1298,15.5496,0.882
0,0,0,0,0,0,0,0
0,0,0,0,0,0,0,0
1780908702.0381176,-0.1455,-0.8982,-0.2937,-6.6718,9.6412,9.2061,0.9561
1780908702.2375784,-0.1313,-0.7795,-0.6167,-21.9618,-8.7252,-3.9618,1.0026
1780908702.437734,-0.1055,-0.5776,-0.573,-24.5344,4.3282,-0.4427,0.8204
1780908702.6925468,-0.0779,-0.6492,-0.5493,-4.0687,4.9084,9.3664,0.854
1780908702.8376834,-0.0781,-0.7803,-0.6453,-13.7023,-0.4885,-1.5038,1.0155
1780908703.0803688,-0.0544,-0.7175,-0.7598,-22.5496,-12.9542,-16.687,1.0464
1780908703.2390416,-0.2634,-1.0347,-0.9819,34.8168,-15.1374,-0.8168,1.4506
1780908703.4878807,-0.1907,-1.4263,-0.2942,-58.0382,-4.9695,30.3969,1.4687
1780908703.6383984,-0.1394,-0.947,-0.009,0.8473,-10.7176,4.8626,0.9573
1780908703.837537,-0.2139,-0.9297,-0.2996,35.4275,-26.0534,0.4275,0.9999
1780908704.0474076,-0.2078,-0.9316,-0.1863,5.5954,-9.9695,0.145,0.9725
1780908704.2370286,-0.1421,-0.9636,-0.2605,1.0763,4.4198,-2.1221,1.0083
1780908704.4370828,-0.1775,-0.8674,-0.1716,-21.6336,1.8397,2.5649,0.9019
1780908704.6377962,-0.1829,-0.9158,-0.2847,-15.6641,7.1908,1.0305,0.9763
1780908704.8394914,-0.2004,-0.9326,-0.3799,-21.7634,4.1756,-1.3817,1.0268
1780908705.0377915,-0.1548,-0.9077,-0.3401,-12.0534,18.7176,-8.3359,0.9816
1780908705.2369866,-0.0791,-0.8665,-0.4819,-39.0916,21.2519,2.2214,0.9946
1780908705.4392684,-0.1226,-1.0901,-1.1252,-40.145,29.6183,9.916,1.5715
1780908705.6370082,-0.1528,-0.6501,-0.8833,-27.7405,-0.0534,-9.7176,1.1074
1780908705.8416064,0.0906,-0.908,-0.9429,51.2901,1.6489,2.6489,1.3121
1780908706.0954483,-0.0767,-0.6658,-0.6116,37.3206,-17.4504,-3.6947,0.9073
1780908706.238835,0.0078,-0.4766,-0.4819,27.4427,-37.084,-35.2595,0.6778
0,0,0,0,0,0,0,0
0,0,0,0,0,0,0,0
1780908707.2860038,-0.1248,-0.9619,-0.3477,9.7634,-2.313,3.229,1.0304
1780908707.4852304,-0.0776,-0.7781,-0.4768,5.1679,-0.2214,-6.3206,0.9158
1780908707.6851983,-0.0559,-0.6091,-0.6531,-79.4962,1.0611,-3.1145,0.8948
1780908707.8860831,-0.0388,-0.4592,-0.5688,-38.1527,9.8931,9.8015,0.7321
1780908708.0937643,0.0239,-0.6758,-0.6672,-15.6641,-21.7939,-11.9847,0.95
1780908708.2857757,-0.3279,-0.8625,-1.0332,11.8473,-27.7023,-14.9237,1.3853
1780908708.4857645,-0.1973,-0.8855,-1.2307,50.687,-12.6107,-20.8779,1.5289
1780908708.6852605,-0.0142,-0.668,-0.5288,110.4046,21.3664,-28.6794,0.8521
1780908708.888479,-0.1743,-0.9426,-0.3198,7.8168,-14.916,-13.6947,1.0106
1780908709.0888379,0.0068,-0.9436,-0.2373,8.7099,-23.2748,-13.0534,0.973
1780908709.292786,-0.1711,-0.9543,-0.2295,14.6794,5.7863,13.771,0.9964
1780908709.4884024,-0.063,-0.9568,-0.3127,-21.5496,-4.7634,-0.9389,1.0086
1780908709.6853147,-0.105,-0.9397,-0.3296,-14.771,2.542,3.9466,1.0013
1780908709.8843267,-0.1331,-0.9299,-0.3765,-10.7634,0.4351,1.2977,1.012
1780908710.0845726,-0.113,-0.9097,-0.4397,-19.4427,-2.4656,1.7328,1.0167
1780908710.2852154,-0.1157,-0.866,-0.4263,-23.1145,-4.5496,4.8244,0.9721
1780908710.4848895,-0.1292,-0.8489,-0.5295,-42.3435,10.5344,8.0153,1.0088
1780908710.685206,-0.1499,-0.7903,-0.5239,-64.9847,27.6565,21.3511,0.96
1780908710.884477,-0.1868,-0.5276,-1.0229,-4.0229,-8.9237,-21.2748,1.166
1780908711.084641,-0.1865,-0.6038,-0.8079,-15.313,17.3969,9.458,1.0256
1780908711.287616,-0.2876,-0.6248,-0.521,-2.855,17.0,-6.3893,0.8628
1780908711.485067,-0.0823,-0.4736,-0.5251,26.8244,-14.7099,-10.8855,0.712
0,0,0,0,0,0,0,0
0,0,0,0,0,0,0,0
1780908712.929231,-0.1135,-0.863,-0.5442,-5.9542,0.7863,3.145,1.0266
1780908713.128123,-0.0608,-0.7205,-0.8359,-10.3206,-2.0458,-2.8015,1.1052
1780908713.328126,-0.0417,-0.512,-0.5164,-55.6336,21.3664,1.4046,0.7283
1780908713.5280385,-0.0332,-0.5776,-0.7136,-37.7939,22.9618,-4.3817,0.9187
1780908713.7282135,0.0293,-0.6003,-0.8267,-23.2977,-20.3817,-6.0611,1.0221
1780908713.9302053,-0.0347,-0.814,-0.8899,36.4122,2.6107,-13.0076,1.2065
1780908714.1349897,0.0139,-0.8252,-1.2078,55.0687,0.3511,11.0,1.4628
1780908714.3326519,-0.3386,-1.124,-1.199,-59.6641,-37.3359,11.9924,1.678
1780908714.52794,-0.1504,-0.8684,-0.2761,56.0763,-7.5725,0.9237,0.9236
1780908714.7274468,-0.1353,-0.9282,-0.4802,7.0305,-27.4427,-14.1603,1.0538
1780908714.9279244,-0.0999,-0.8811,-0.4355,-10.0534,-10.3664,-6.4809,0.9879
1780908715.127863,-0.1501,-0.8762,-0.4709,-3.8397,-0.9084,0.2824,1.006
1780908715.3280363,-0.1426,-0.9202,-0.5315,0.8015,5.6794,5.0305,1.0722
1780908715.5278704,-0.1455,-0.9004,-0.4431,-2.2443,2.2137,1.5573,1.014
1780908715.7274246,-0.158,-0.9023,-0.5183,-3.8473,-2.8626,-0.1069,1.0525
1780908715.927904,-0.1594,-0.8914,-0.4736,-5.7557,-0.9237,0.5496,1.0219
1780908716.128,-0.1565,-0.8674,-0.4829,-7.9008,-1.4275,-2.1374,1.0051
1780908716.329696,-0.1528,-0.8696,-0.4978,-4.5802,-1.0,-0.7481,1.0136
1780908716.527866,-0.1365,-0.8838,-0.5261,2.9542,0.9084,0.3969,1.0376
1780908716.7282674,-0.1423,-0.8311,-0.5308,-12.0458,5.2748,-0.2977,0.9963
1780908716.9280524,-0.1458,-0.8286,-0.4646,-20.4809,-0.5191,-2.0992,0.9611
0,0,0,0,0,0,0,0
0,0,0,0,0,0,0,0
1780908718.1337872,-0.1357,-0.614,-0.6033,37.7786,-1.4427,32.3359,0.8714
1780908718.3339725,-0.0088,-0.3943,-0.634,50.7557,-11.1832,0.6565,0.7467
1780908718.5350485,-0.0879,-0.5869,-0.4419,32.084,15.3282,-9.1985,0.7399
1780908718.7432933,-0.1743,-0.822,-0.4246,132.6107,25.1908,25.5573,0.9415
1780908718.930946,-0.0818,-0.9775,-0.812,20.7863,-4.9542,-15.5725,1.2734
1780908719.131554,-0.1343,-0.9246,-0.5764,-2.7252,-3.3282,-0.9542,1.0978
1780908719.3469465,-0.0771,-0.8843,-0.5125,-2.0763,-4.3893,-4.5802,1.0249
1780908719.5317404,-0.1106,-0.8828,-0.4863,0.7634,0.0458,-0.313,1.014
1780908719.7316804,-0.1292,-0.8804,-0.4753,-3.6031,-4.687,-1.8092,1.0088
1780908719.932861,-0.1272,-0.8916,-0.5022,-0.9695,-0.4656,1.542,1.0312
1780908720.182923,-0.1313,-0.8896,-0.4895,-0.3664,-1.7405,1.0534,1.0239
1780908720.332779,-0.1177,-0.8794,-0.4963,1.3206,-0.8855,-2.1908,1.0166
1780908720.531816,-0.0894,-0.8699,-0.5249,1.916,-0.6489,0.9389,1.0199
0,0,0,0,0,0,0,0
0,0,0,0,0,0,0,0
1780908729.920653,-0.3181,-0.8975,-0.3174,-58.8702,-23.2366,-23.3435,1.0037
1780908730.1213155,-0.3706,-0.9766,-0.5601,-14.9313,-40.1374,-22.1679,1.1852
1780908730.3211107,0.0491,-0.7454,-0.501,-30.0534,-99.4427,-63.5725,0.8994
1780908730.5207276,-0.0454,-1.0237,-0.4565,-17.9389,-89.0916,-61.0076,1.1218
1780908730.7252793,-0.2524,-1.1328,-0.4497,-10.0153,-112.9847,-21.5954,1.2447
1780908730.920418,-0.0901,-0.4419,-0.697,26.458,-71.3206,-53.3282,0.8302
1780908731.1335354,0.1182,-0.7725,-0.2764,-5.4275,-36.0916,-32.2595,0.8289
1780908731.3213909,-0.2646,-1.2554,-0.5146,40.2519,31.1603,-2.3282,1.3823
1780908731.5413465,-0.0393,-0.4197,-0.51,22.5878,21.6718,-16.2595,0.6617
1780908731.725177,-0.2544,-0.843,-0.1243,-8.9389,-72.5496,-70.6794,0.8893
1780908731.9195843,-0.158,-0.9517,-0.6333,-82.6565,-115.9237,-49.8931,1.154
1780908732.122409,0.082,-0.5857,-0.4041,-40.7939,-68.7252,-29.4504,0.7163
1780908732.321341,-0.1948,-0.916,-0.3813,14.9313,9.0611,2.6718,1.0112
1780908732.5263255,-0.1104,-0.7678,-0.7756,50.9771,41.5802,24.0458,1.097
1780908732.7208657,-0.3181,-0.7759,-0.4351,-5.0992,-3.2366,14.0992,0.9447
1780908732.9732978,-0.4512,-1.3223,-0.8137,-55.8244,-129.374,-51.3588,1.6168
1780908733.1811411,-0.2769,-0.5977,-0.3057,-10.9695,-105.3435,-48.9847,0.7261
1780908733.3210306,-0.2642,-0.5537,-0.4597,3.9313,-91.5115,-38.9618,0.7666
1780908733.5212002,-0.3142,-0.9785,-0.6099,-46.626,-104.3817,-77.3435,1.1951
1780908733.7200372,-0.1128,-0.5652,-0.4326,-57.3511,-130.2977,-43.0305,0.7206
1780908733.92092,-0.0784,-0.9402,-0.3669,4.6641,-138.8244,-90.5191,1.0123
1780908734.1203766,-0.0354,-0.9197,-0.8174,-74.0763,-109.5878,-12.4885,1.2309
1780908734.320551,-0.0669,-0.6685,-0.5232,-18.4656,-32.0,-24.4275,0.8515
1780908734.5239553,-0.2375,-1.1016,-0.3257,45.7405,39.145,41.3511,1.173
1780908734.7225652,-0.0737,-1.0122,-0.9226,6.3206,26.374,10.687,1.3716
1780908734.921432,-0.2637,-0.686,-0.707,9.8397,35.7557,36.2672,1.0198
1780908735.1248477,0.0579,-0.9355,-0.4612,-45.8931,-30.2595,9.5038,1.0446
1780908735.3299475,-0.2717,-0.4771,-0.4958,4.542,-16.6031,4.9618,0.7398
1780908735.5210075,-0.0298,-0.6956,-0.3484,-37.7557,-29.687,-32.5649,0.7785
1780908735.7199733,-0.2756,-1.1731,-0.4404,17.7863,43.8015,4.9389,1.283
0,0,0,0,0,0,0,0
0,0,0,0,0,0,0,0
1780908751.901648,-0.3286,-0.9346,0.0425,7.6718,-57.1679,23.0687,0.9916
1780908752.0928547,-0.3098,-0.9392,-0.0334,5.0,-36.0,-1.2977,0.9896
1780908752.2995229,-0.1704,-0.814,0.1929,-2.8168,-31.0382,0.4733,0.8537
1780908752.4930751,-0.2263,-1.0195,0.1472,-10.1527,-17.1221,-15.2366,1.0547
1780908752.692331,-0.2373,-1.0718,0.2366,-4.2977,3.0382,-24.8321,1.1229
1780908752.893269,0.1311,-0.6396,-0.2114,19.7557,-23.8473,-4.5267,0.6863
1780908753.1442378,0.1575,-0.7573,-0.01,5.1069,-43.0,5.1756,0.7736
1780908753.3425403,0.0576,-0.9216,0.0972,-11.1527,-52.7023,15.8244,0.9285
1780908753.492341,0.0813,-1.0122,0.1138,20.374,-53.5954,26.0153,1.0218
1780908753.6938713,-0.1926,-0.8162,-0.1304,-18.4656,15.8397,15.5878,0.8487
1780908753.8936446,-0.1719,-0.7791,-0.0391,-5.5344,35.5802,4.5878,0.7987
1780908754.0934675,-0.1006,-0.9685,-0.0522,-7.0153,25.2137,-18.229,0.9751
1780908754.2923963,-0.3115,-1.0583,-0.187,-40.8855,47.3817,-23.1145,1.119
1780908754.492556,-0.0337,-1.2551,-0.1785,-76.0076,-21.9847,-20.8015,1.2682
1780908754.6925132,0.1157,-0.9656,-0.1052,-36.6489,-39.1679,-5.3664,0.9782
1780908754.9035184,0.1558,-1.1465,-0.1526,19.4656,-38.855,-3.7023,1.167
1780908755.0924175,-0.1272,-0.5571,-0.3574,-14.1221,10.229,27.3893,0.674
1780908755.2911718,-0.0232,-0.6531,-0.2419,3.2672,28.6489,3.6718,0.6968
1780908755.4927692,-0.071,-0.8757,-0.1665,25.9313,32.8015,-18.5344,0.8942
0,0,0,0,0,0,0,0
0,0,0,0,0,0,0,0
1780908756.8754933,-0.0471,-1.0508,-0.1941,-12.1985,-12.7328,3.7328,1.0696
1780908757.0759234,-0.2156,-0.97,-0.0581,0.5115,-17.8702,7.5267,0.9953
1780908757.2760072,-0.1897,-0.9673,-0.095,3.8626,-15.5878,6.3511,0.9903
1780908757.525849,-0.2339,-1.0259,-0.0857,-18.7328,-26.6031,-0.4504,1.0557
1780908757.6873698,-0.1838,-0.9565,-0.0637,-16.3206,-22.8244,-3.771,0.9761
1780908757.8758378,-0.1973,-0.9578,-0.0918,-17.8092,-22.1603,-9.5573,0.9822
1780908758.075908,-0.2275,-0.9407,-0.0291,-8.5878,-10.7405,-13.458,0.9682
1780908758.2761536,-0.0491,-1.1155,-0.29,2.0,-28.5725,-34.5496,1.1536
1780908758.4760292,0.2971,-1.03,-0.2737,-8.2519,-19.3969,-39.8855,1.1064
1780908758.675897,0.2722,-0.9399,-0.1172,-0.7099,-21.7939,-9.1527,0.9856
1780908758.875712,0.1311,-0.9607,-0.1624,2.4733,-16.9466,22.3893,0.9831
1780908759.0764964,-0.03,-1.293,-0.4258,1.1298,-30.7252,20.4504,1.3616
1780908759.2762918,-0.1394,-1.032,-0.4482,0.1374,-10.9237,-21.3282,1.1337
1780908759.4756043,-0.1609,-1.1296,-0.1243,14.2061,28.4962,-3.1221,1.1478
1780908759.67566,-0.1121,-1.2029,-0.1335,-18.145,83.2901,-11.0076,1.2154
1780908759.8793623,0.071,-1.0264,-0.2693,-62.8244,65.1985,-15.2672,1.0635
1780908760.0765896,0.0168,-0.9907,-0.1572,-3.7481,9.9084,8.5191,1.0033
1780908760.2760274,0.1887,-1.1526,-0.0422,5.8397,-19.9542,0.2366,1.1687
1780908760.4762683,-0.1111,-0.6379,-0.2805,5.3206,3.8244,-20.458,0.7057
1780908760.676073,-0.0452,-1.0427,0.0093,16.3206,50.8321,-8.2901,1.0437
1780908760.8749678,-0.0068,-1.1252,-0.1299,1.6412,51.8244,-2.1374,1.1327
1780908761.075856,-0.1462,-1.3274,-0.155,-33.6641,17.4427,-2.2366,1.3444
1780908761.277521,-0.0496,-0.9375,-0.3052,-70.458,2.2901,-7.8702,0.9872
1780908761.4798415,-0.0232,-0.9436,-0.2786,-19.7634,-59.9313,-15.855,0.9841
1780908761.6749976,0.231,-0.8933,-0.4307,0.2366,-96.7939,-1.6107,1.0182
1780908761.8770983,-0.2598,-0.9138,-0.4607,-18.0458,-57.9771,28.5878,1.0558
1780908762.0763965,-0.2278,-0.9385,-0.2759,-5.2595,-38.1221,31.626,1.0044
1780908762.2760117,-0.2773,-0.9014,-0.3289,-6.5496,-17.2443,10.8855,0.9988
1780908762.475861,-0.3125,-0.877,-0.2163,3.2824,3.9313,6.542,0.9558
0,0,0,0,0,0,0,0
0,0,0,0,0,0,0,0
1780908763.4501925,-0.229,-0.9517,-0.467,-6.4809,-10.0534,-8.8626,1.0845
1780908763.650476,-0.3225,-0.8879,-0.6003,14.5496,13.9618,3.4351,1.1193
1780908763.850472,-0.2397,-0.8967,-0.5,15.4656,14.5496,3.1832,1.0543
1780908764.0505815,-0.2363,-0.8843,-0.3682,18.3893,23.3511,-13.7939,0.9866
1780908764.2537932,-0.0977,-0.915,-0.418,13.084,28.9542,-31.6336,1.0107
1780908764.449198,0.2817,-0.9399,-0.4675,-35.6489,53.1985,-30.1374,1.0869
1780908764.657512,0.238,-0.8108,-0.4326,-10.5649,20.2595,-24.2519,0.9493
1780908764.8491147,0.3408,-0.8442,-0.4836,-5.1145,45.3817,16.0458,1.0309
1780908765.0500836,0.2832,-0.9102,-0.6099,-16.8779,79.2901,54.6031,1.1316
1780908765.2524345,0.1946,-0.8386,-0.6938,-1.7099,123.9008,74.6947,1.1057
1780908765.4490848,0.0754,-0.8042,-0.5784,7.8015,101.5191,57.3817,0.9934
1780908765.6585262,-0.3032,-1.1914,-0.3557,13.2137,107.5267,64.6947,1.2798
1780908765.8502796,-0.1936,-0.8357,-0.1084,28.3435,12.229,33.9466,0.8646
1780908766.050035,-0.0405,-0.9514,-0.2058,21.1756,63.4275,5.2519,0.9743
1780908766.2526486,-0.29,-0.9626,-0.3013,19.7481,92.3511,-6.8092,1.0496
1780908766.4539523,-0.2068,-0.9524,-0.1575,-5.5496,91.8473,7.084,0.9872
1780908766.6489022,-0.1782,-1.229,-0.2119,13.7405,-5.2748,-47.8931,1.2598
1780908766.8505216,0.2185,-1.2703,-0.1895,-7.229,-12.7557,-29.6489,1.3028
1780908767.049744,0.1143,-0.918,0.0767,8.3206,-45.4046,-14.5725,0.9282
1780908767.2490177,0.0657,-1.0981,-0.0874,3.8244,-58.6641,6.1069,1.1036
1780908767.4497824,-0.0449,-0.9521,-0.3181,2.855,-61.229,3.6107,1.0049
1780908767.6490266,0.0544,-1.2275,-0.2341,-18.1374,-7.3588,-11.6412,1.2509
1780908767.8490202,-0.0835,-1.1921,-0.02,14.4962,70.5954,3.8244,1.1952
1780908768.0492196,-0.1514,-1.428,-0.2986,-37.9008,58.0,-9.229,1.4667
0,0,0,0,0,0,0,0
0,0,0,0,0,0,0,0
1780908768.9996293,-0.0059,-0.9937,-0.1157,-1.0916,-7.8015,3.4275,1.0004
1780908769.1989954,0.05,-0.9631,-0.1604,-1.8855,3.1985,-5.1069,0.9777
1780908769.4124234,-0.0615,-0.9951,-0.0422,-22.6336,0.5191,12.8931,0.9979
1780908769.6499014,0.0457,-1.0447,-0.1743,-18.9695,-47.1603,-0.5725,1.0601
1780908769.7986116,-0.0991,-1.0684,-0.3911,-13.1069,-25.6489,7.626,1.142
1780908770.001021,-0.2795,-1.1921,-0.301,-37.1679,-22.1221,20.2366,1.2609
1780908770.199048,0.0154,-1.0066,-0.1577,-3.7786,20.4656,18.1832,1.019
1780908770.3993466,-0.0979,-1.062,-0.3489,-17.3359,63.7405,28.6565,1.1221
1780908770.5999994,0.2756,-0.8838,-0.2913,37.9695,73.8779,-21.6718,0.9705
1780908770.799861,-0.0139,-0.9949,-0.1565,10.9389,52.4122,15.4198,1.0072
1780908770.999455,-0.1252,-1.0903,-0.0903,21.4656,8.0916,8.0763,1.1012
1780908771.1994252,-0.1707,-0.5989,-0.3123,4.1985,10.1298,13.5649,0.6966
1780908771.3996806,-0.2612,-0.615,-0.1724,-20.7634,-21.3053,20.9237,0.69
1780908771.5992606,-0.229,-0.8921,-0.2483,2.8779,-43.6947,-11.0153,0.9539
1780908771.799323,-0.2598,-0.9478,-0.106,-11.1374,-12.1374,0.6489,0.9884
1780908771.99981,-0.1609,-1.0063,-0.1233,-19.7252,-4.3206,-22.4046,1.0266
1780908772.1992574,-0.0046,-0.7837,-0.3162,-18.2748,13.4351,-16.5649,0.8451
1780908772.3997142,-0.0156,-0.8167,-0.3235,-14.0,-12.229,-10.9542,0.8785
1780908772.6039574,-0.052,-0.957,-0.2598,42.2061,-65.6183,13.0687,0.993
1780908772.8025036,-0.1304,-0.7461,-0.2705,-1.4885,-47.0382,-0.8626,0.8043
1780908773.0435798,-0.1877,-0.8499,-0.1855,-8.7481,-1.3282,1.4962,0.8899
0,0,0,0,0,0,0,0
0,0,0,0,0,0,0,0
1780908774.0941036,-0.0588,-0.9836,-0.1797,1.1985,20.3588,12.4962,1.0016
1780908774.2937622,-0.1604,-0.8977,-0.1917,12.6412,21.0687,6.5649,0.9318
1780908774.4979897,-0.2209,-0.9158,-0.0886,2.458,-25.9008,-5.7557,0.9462
1780908774.6924896,-0.0232,-0.9443,-0.0105,-12.7252,-12.855,-21.8168,0.9447
1780908774.8995426,-0.1646,-1.0493,-0.1182,-34.9924,48.1374,13.0611,1.0687
1780908775.0961168,-0.0312,-0.7673,-0.4993,-42.7176,-11.1832,-14.9084,0.916
1780908775.342713,0.0337,-0.9446,-0.2834,0.6031,-21.2519,-2.7786,0.9868
1780908775.4927697,0.1113,-1.0732,-0.2451,-6.313,-64.7786,-11.7252,1.1065
1780908775.6926398,0.0225,-0.9902,-0.2058,47.1679,-80.5191,5.6794,1.0116
1780908775.8930614,-0.2297,-0.5149,-0.3025,-12.5573,-72.0534,27.3206,0.6398
1780908776.0926137,-0.0068,-1.001,-0.0654,-5.9542,-75.2977,-29.8855,1.0031
1780908776.3424604,-0.1587,-1.0137,-0.0991,13.7252,-3.0916,-43.3664,1.0308
1780908776.4937432,-0.0547,-0.9746,-0.3867,-10.5115,-15.458,-1.3206,1.05
1780908776.6997368,0.1514,-1.0342,-0.5342,-11.7557,12.0458,-8.4885,1.1738
1780908776.8927224,-0.0232,-0.9514,-0.0103,-1.9466,24.374,9.9084,0.9518
1780908777.1427794,-0.0308,-1.011,-0.1204,-9.0,-13.8092,32.0534,1.0186
1780908777.2925293,0.0872,-0.6584,-0.322,8.8092,-8.5573,-11.458,0.7381
1780908777.492389,-0.3372,-1.2075,-0.4558,-4.3282,36.7939,15.6641,1.334
1780908777.721632,-0.1621,-1.0454,-0.2568,-13.8321,74.374,7.229,1.0886
1780908777.8932357,-0.2622,-0.9539,-0.2893,9.6489,113.3969,9.5267,1.0307
1780908778.0926757,-0.0942,-0.749,-0.2471,4.7176,60.6718,19.2672,0.7943
0,0,0,0,0,0,0,0
0,0,0,0,0,0,0,0
1780908778.8463347,-0.1438,-0.9824,-0.1177,28.0687,13.7176,3.855,0.9998
1780908779.087882,0.0044,-0.8469,-0.4341,-2.6794,33.5191,-11.374,0.9517
1780908779.2888498,0.1733,-0.907,-0.3442,-33.1145,72.3817,-21.8931,0.9855
1780908779.4383783,0.2412,-0.9182,-0.4729,-23.9695,34.7786,1.4656,1.0606
1780908779.6377442,0.2854,-0.9163,-0.4258,-2.7023,17.3435,11.2366,1.0499
1780908779.8387563,0.3079,-0.8699,-0.3779,0.6489,30.084,25.6565,0.9971
1780908780.0941684,0.1389,-0.9617,-0.3235,14.855,28.4427,49.1527,1.0241
1780908780.2393582,0.0415,-0.8967,-0.231,42.9924,50.1832,16.8626,0.9269
1780908780.4392788,-0.2542,-0.78,-0.2329,31.6718,107.8168,34.2519,0.8528
1780908780.637323,-0.1409,-0.9431,-0.2009,15.5115,74.1679,-7.7252,0.9745
1780908780.8377573,-0.2971,-1.0447,-0.0959,-4.1145,90.6489,19.4275,1.0903
1780908781.0371125,-0.1318,-1.0015,-0.0681,19.7252,57.229,-8.3359,1.0124
1780908781.2387114,0.1353,-0.5317,-0.5232,-21.6565,46.3359,-33.4656,0.7581
1780908781.4374359,-0.1211,-1.0203,0.0918,-10.458,18.771,-4.0611,1.0315
1780908781.637627,0.0918,-1.1116,-0.0957,37.6183,-9.7328,-3.1756,1.1195
1780908781.83754,-0.1228,-0.7104,-0.3923,-8.5573,15.6412,6.458,0.8208
1780908782.0372603,-0.1519,-0.6985,-0.0581,0.2214,9.7557,5.0382,0.7172
1780908782.2378309,-0.1057,-1.0313,0.009,10.6641,24.4809,-8.084,1.0367
1780908782.4380171,-0.1301,-1.1606,-0.2634,-14.1527,14.4198,-8.4046,1.1973
1780908782.6379018,-0.0894,-1.1794,-0.3005,-13.4809,-19.2748,5.4046,1.2204
1780908782.8374813,-0.0251,-0.9749,-0.1816,-1.7863,-80.084,-7.3282,0.992
1780908783.0381138,0.0903,-1.0449,-0.1851,3.1069,-94.9313,-10.8855,1.065
1780908783.2375908,0.0393,-1.1018,-0.3647,-29.7176,-38.1756,5.5496,1.1613
1780908783.4372714,-0.2263,-1.0686,-0.259,-3.2901,11.084,2.3893,1.1226
0,0,0,0,0,0,0,0
0,0,0,0,0,0,0,0
1780908784.3957095,0.0073,-0.9417,-0.1362,11.7786,14.5802,-6.6412,0.9515
1780908784.5950277,-0.1094,-0.9873,-0.1687,31.8397,31.8321,6.6183,1.0076
1780908784.7953465,-0.0728,-0.968,-0.0344,2.0153,46.3359,1.7252,0.9714
1780908784.9951699,-0.1235,-1.0127,-0.051,14.1374,65.8855,-0.5725,1.0215
1780908785.1969955,-0.0259,-1.1184,-0.3638,-25.0458,37.9771,-11.6107,1.1764
1780908785.3977687,0.2466,-1.1697,-0.5161,-28.0916,30.458,13.1298,1.302
1780908785.5964847,-0.0806,-0.9866,-0.3228,11.8779,4.8702,4.458,1.0411
1780908785.797291,0.0981,-1.0244,-0.0571,16.6565,-30.8779,-4.6565,1.0307
1780908785.9953988,-0.1335,-1.2471,-0.364,9.2519,-7.8397,32.7481,1.306
1780908786.195088,-0.3889,-0.8992,-0.2581,-6.9695,32.9771,18.2977,1.0131
1780908786.3960044,-0.2944,-0.791,-0.1267,-5.6412,22.1527,-6.4275,0.8535
1780908786.5964649,-0.2412,-1.0122,-0.0576,10.7863,29.313,-0.2824,1.0421
1780908786.7957435,-0.3293,-1.0308,-0.1216,2.0382,43.1145,-37.4962,1.0889
1780908787.0635912,-0.0054,-0.9172,-0.3469,-35.1908,6.9237,-14.8779,0.9807
1780908787.197088,-0.1733,-0.95,-0.0146,8.6336,-12.9542,1.3359,0.9657
1780908787.3960855,-0.084,-1.0701,-0.1348,-5.2901,-35.3511,17.9771,1.0818
1780908787.5957422,0.0935,-0.7256,-0.272,32.5954,-9.7176,-6.8244,0.7805
1780908787.7961197,-0.2463,-1.0308,-0.2668,5.9618,28.0153,-18.1374,1.0929
1780908787.9956267,-0.1594,-0.9668,-0.1348,6.2061,48.5115,-11.7863,0.9891
1780908788.195458,-0.2964,-1.1523,-0.0483,15.4122,85.7405,7.2519,1.1908
1780908788.3956854,0.0398,-0.6433,-0.2898,4.2901,13.5954,-24.626,0.7067
1780908788.5956795,0.1047,-0.7676,-0.2266,-7.2519,17.3435,-8.229,0.8071
1780908788.7954822,0.0637,-0.9192,-0.2263,11.5802,-15.8244,17.0076,0.9488
1780908789.007072,0.1086,-1.0535,-0.2139,21.771,-26.8855,22.3359,1.0804
0,0,0,0,0,0,0,0
0,0,0,0,0,0,0,0
1780908790.127732,0.0898,-0.8843,-0.178,-36.5878,122.9466,9.9313,0.9065
1780908790.3278344,-0.0571,-0.8601,-0.2395,3.3817,97.6794,8.8855,0.8947
1780908790.52809,0.2424,-1.1611,-0.2747,7.5115,80.7557,12.8931,1.2176
1780908790.7276871,-0.0298,-0.8455,-0.228,-8.7634,95.458,-1.3969,0.8762
1780908790.9312658,-0.4917,-1.4768,0.1304,-5.145,43.5954,-0.5267,1.562
1780908791.1272018,-0.0544,-0.8086,-0.0356,31.1603,83.3969,13.6412,0.8112
1780908791.327911,-0.0894,-1.2283,-0.2827,-17.7099,73.4962,35.6565,1.2636
1780908791.53471,-0.0427,-0.7515,-0.0862,-1.687,16.2672,17.1145,0.7576
1780908791.735439,-0.3435,-1.126,-0.2646,-10.687,31.8168,46.3664,1.2066
1780908791.9775796,-0.1553,-0.3145,-0.1445,23.5573,16.1603,6.6489,0.3793
1780908792.1335135,-0.0552,-2.0,-0.2708,34.5725,80.6718,3.9847,2.019
1780908792.3276942,0.0291,-0.374,-0.2312,-0.0687,-26.0763,-12.8626,0.4407
1780908792.5361671,-0.3198,-1.4028,-0.0627,-28.1756,-48.5344,-15.2214,1.4402
1780908792.727007,-0.1208,-0.5237,-0.2949,53.8092,-20.5878,-14.6336,0.613
1780908792.927922,-0.2339,-0.7935,-0.2187,-45.1679,22.6183,28.5954,0.8556
1780908793.1266422,-0.1631,-0.4805,-0.1316,8.2137,-76.4657,8.4733,0.5242
1780908793.3277395,-0.2122,-1.0305,-0.074,14.4046,-21.0229,-11.7099,1.0547
1780908793.5292697,-0.1235,-0.5276,-0.1353,12.0992,4.1298,-15.5725,0.5585
1780908793.7283192,-0.2139,-1.043,0.116,-13.8473,33.0382,42.1145,1.071
1780908793.9290648,-0.0967,-0.7654,-0.0535,32.229,1.2901,32.2366,0.7733
1780908794.1273954,-0.644,-1.4907,-0.2258,-8.5267,1.5878,-25.7939,1.6395
1780908794.3266678,-0.1262,-0.5393,-0.1772,12.4885,15.0458,0.0611,0.5815
1780908794.5283155,0.0293,-1.2449,-0.1931,25.1603,63.7863,29.771,1.2601
1780908794.777288,0.0383,-0.4324,-0.189,-13.1298,22.229,32.2977,0.4734
1780908794.9279726,-0.3577,-1.0859,-0.4446,10.0076,3.6336,26.1527,1.2267
0,0,0,0,0,0,0,0
0,0,0,0,0,0,0,0
1780908795.8609507,-0.165,-0.9302,-0.1177,3.3664,-4.3511,3.542,0.952
1780908796.0602021,-0.2678,-1.0562,-0.3174,-13.0,-28.3893,16.9084,1.1349
1780908796.2600334,-0.1858,-0.9048,-0.2212,7.4656,22.6947,1.9389,0.9498
1780908796.4617662,-0.5583,-1.7627,-0.3875,11.9084,73.9389,-1.9008,1.8892
1780908796.6653125,-0.0608,-0.3237,-0.4041,-23.2595,62.3435,-22.6183,0.5213
1780908796.8610065,-0.0078,-1.1372,-0.1111,8.7557,86.229,13.1527,1.1426
1780908797.0675747,0.0269,-0.7075,-0.3574,6.7023,110.1679,30.6336,0.7931
1780908797.2625468,0.0771,-0.3662,-0.4614,-95.916,134.5802,41.3664,0.5941
1780908797.460222,-1.0664,-1.2603,-0.0549,-25.313,120.2977,86.8855,1.6518
1780908797.6597888,0.1011,-0.6323,-0.1621,34.3969,73.3282,-35.5496,0.6606
1780908797.859617,0.1057,-1.063,-0.6646,15.7634,58.4962,-7.0382,1.2581
1780908798.063943,0.0627,-0.5937,-0.0117,51.3969,35.4809,-12.5725,0.5972
1780908798.2598565,-0.3921,-1.4031,-0.3008,35.2443,12.374,3.1832,1.4876
1780908798.5112453,-0.0515,-0.3044,-0.0933,-19.2824,13.9313,17.4656,0.3225
1780908798.6610036,0.3987,-1.3491,-0.5713,31.2214,25.0,-1.8015,1.5184
1780908798.8594098,-0.0818,-0.6877,-0.0195,-0.7023,5.0611,20.542,0.6929
1780908799.0604215,-0.4756,-1.4307,-0.3928,-102.542,-137.8321,-46.1756,1.558
1780908799.2655587,-0.0686,-0.6929,-0.0168,19.0763,-37.8931,-29.8092,0.6965
1780908799.4610946,-0.3435,-1.3774,-0.04,-30.5191,-54.2672,-53.0916,1.4202
1780908799.6633885,-0.0547,-0.8901,-0.0142,1.0534,61.3969,-8.4885,0.8919
1780908799.8597357,0.0283,-1.0261,-0.2314,20.313,86.229,-12.9771,1.0523
1780908800.0595672,-0.355,-0.675,-0.2158,29.8779,66.7252,18.4351,0.7926
1780908800.2599516,-0.2021,-0.9014,0.0361,48.2137,0.7863,-62.7557,0.9245
1780908800.4602053,0.1047,-1.106,-0.0491,18.2061,-26.7481,-46.9847,1.112
0,0,0,0,0,0,0,0
0,0,0,0,0,0,0,0
1780908801.4339523,0.178,-0.9861,-0.4209,-47.1145,61.0458,-4.6565,1.0868
1780908801.634934,0.207,-1.1675,-0.4705,-19.7176,74.2748,2.3817,1.2756
1780908801.8327076,0.343,-0.9451,-0.3943,10.458,86.1221,5.3206,1.0799
1780908802.0347161,0.251,-0.8242,-0.3494,14.4733,128.9542,32.8779,0.9297
1780908802.232411,0.043,-1.0168,-0.2432,2.0229,137.1679,41.374,1.0464
1780908802.4324515,-0.073,-0.7944,0.0178,4.0458,116.3053,17.7634,0.798
1780908802.6327174,-0.3298,-1.2456,-0.0413,23.7863,87.5802,-1.1069,1.2892
1780908802.8383832,-0.0312,-0.834,-0.0723,24.5725,72.5496,-11.145,0.8377
1780908803.0324743,0.0269,-1.7839,-0.5935,-23.6183,34.6336,-83.1908,1.8803
1780908803.2325287,0.0884,-0.7566,-0.0022,-5.6183,7.6336,-23.6107,0.7617
1780908803.4323087,0.0149,-1.0793,-0.0972,51.4351,-67.0229,32.9389,1.0838
1780908803.632657,-0.2869,-1.0957,-0.0112,0.0,-79.8779,0.2214,1.1327
1780908803.832777,0.0183,-0.9646,0.04,-1.771,-0.1145,2.0687,0.9656
1780908804.0379555,0.2605,-1.4387,-0.613,-39.2137,79.2901,-59.2595,1.5854
1780908804.2345877,-0.1096,-1.4302,-0.0303,-12.4122,47.3969,-10.5878,1.4347
1780908804.4355934,-0.1626,-1.0381,-0.1252,8.9084,-62.0458,11.0305,1.0582
1780908804.6323671,0.0142,-0.6489,-0.6614,12.3359,-114.2595,8.7252,0.9267
1780908804.832318,-0.0935,-0.6846,-0.1838,17.1527,-71.3969,-0.9389,0.715
1780908805.0326018,0.2339,-1.1887,-0.1191,-7.7328,49.2519,5.0534,1.2174
1780908805.2324638,0.0676,-0.7781,-0.6519,10.0763,90.1832,-7.6489,1.0173
1780908805.4331224,-0.1047,-0.8735,-0.1382,10.2595,36.8321,4.1298,0.8906
1780908805.6327205,-0.2256,-1.1482,-0.1099,4.1985,-74.626,7.6336,1.1753
1780908805.8327215,0.0254,-0.7539,-0.3242,20.084,-92.2214,-7.7481,0.8211
1780908806.0327935,0.0151,-1.0461,-0.3196,10.6794,-67.9313,-35.4962,1.094
1780908806.2326055,0.0071,-1.0928,-0.1265,5.3511,11.4504,-18.7557,1.1001
1780908806.432344,-0.0308,-1.1985,-0.0798,4.458,115.0611,35.2901,1.2015
1780908806.6326413,-0.0999,-0.6343,-0.3374,13.1603,40.3969,-4.6794,0.7253
0,0,0,0,0,0,0,0
0,0,0,0,0,0,0,0
1780908807.5484507,0.0874,-0.946,-0.1455,4.6641,16.6947,1.2214,0.9612
1780908807.7471402,0.1633,-0.9827,-0.2236,-3.3359,24.0763,-2.0458,1.0209
1780908807.9474597,0.0928,-0.9438,-0.1272,-16.0534,9.4046,7.9771,0.9569
1780908808.147921,0.2615,-1.0933,-0.1277,-4.1985,11.9847,10.916,1.1313
1780908808.3477619,0.0737,-0.9133,-0.3044,12.3511,51.7099,16.7023,0.9656
1780908808.5477464,-0.0989,-1.2405,-0.3535,-4.1603,58.1832,2.3893,1.2937
1780908808.7486277,-0.2178,-1.1704,-0.2434,-30.2061,35.855,2.5649,1.2151
1780908808.9523416,-0.1306,-1.0322,-0.1365,22.1832,62.7481,-5.2137,1.0494
1780908809.1471846,-0.0227,-0.272,-0.3191,2.5573,-5.771,10.6412,0.4199
1780908809.3486857,0.0161,-0.5452,-0.1318,-15.313,-26.9466,7.3588,0.5611
1780908809.547005,0.165,-1.0029,-0.1548,14.0076,-63.1603,-3.458,1.0281
1780908809.7478993,0.0386,-1.2368,-0.5422,-2.0229,-51.4733,10.4198,1.351
1780908809.9500084,-0.0649,-1.3447,-0.2485,-19.6565,-8.2366,2.2137,1.369
1780908810.1475523,-0.1721,-1.2024,-0.2515,-6.5267,26.2519,0.084,1.2404
1780908810.3469765,-0.1511,-1.29,-0.1841,-9.0534,57.7634,1.8092,1.3118
1780908810.5475223,-0.0264,-0.3979,-0.3528,-6.3053,22.7023,-6.2595,0.5325
1780908810.7472658,0.0654,-0.6609,-0.2483,-36.8321,5.8855,-0.1374,0.709
1780908810.947845,0.0962,-0.9651,-0.2842,14.5267,-25.2901,17.0992,1.0106
1780908811.1479344,0.0134,-0.863,-0.3687,18.0687,0.6489,22.1069,0.9386
1780908811.347017,-0.1716,-0.7576,-0.3289,-15.6794,49.6183,32.7481,0.8435
1780908811.547351,-0.1985,-0.9028,-0.2998,0.9313,35.7634,8.6947,0.9718
1780908811.7479,-0.2239,-0.9216,-0.3308,24.1908,53.1908,-7.4885,1.0045
1780908811.947094,0.0029,-0.8416,-0.2534,26.8473,10.687,-31.7023,0.8789
1780908812.1475515,0.0605,-0.8914,-0.1731,9.5954,23.6183,-11.687,0.91
1780908812.3475926,0.0779,-0.8967,-0.1562,3.0611,16.8168,-8.6489,0.9136
1780908812.5479138,0.1431,-0.9871,-0.1665,-3.084,17.2595,-8.5267,1.0112
1780908812.8059576,0.0828,-0.9697,-0.1951,-5.6031,-4.5573,-6.6718,0.9926
0,0,0,0,0,0,0,0
0,0,0,0,0,0,0,0
1780908813.5229394,0.2,-0.9507,-0.2786,-0.2672,9.6183,-4.7023,1.0106
1780908813.721709,0.2444,-0.917,-0.3621,2.2443,18.9695,11.7252,1.0157
1780908813.9350405,0.2742,-0.9246,-0.3972,0.3359,55.4427,30.5038,1.043
1780908814.1218731,0.2593,-0.9043,-0.3818,-10.4351,66.5343,15.9695,1.0153
1780908814.3213704,-0.1274,-0.8767,-0.4275,-4.0,86.5267,49.0382,0.9837
1780908814.5208497,-0.1514,-0.8083,-0.3557,-1.3664,118.9924,46.8015,0.896
1780908814.723691,-0.1177,-1.0042,-0.3459,11.8015,81.9924,16.7557,1.0686
1780908814.9241874,-0.2644,-0.9812,-0.2085,1.6412,43.0611,5.1985,1.0374
1780908815.1228032,-0.1357,-1.0073,-0.0864,27.6107,38.9466,-3.916,1.0201
1780908815.3214865,-0.0374,-0.5676,-0.4211,-18.1298,-12.9466,-13.6565,0.7078
1780908815.5223806,-0.0544,-0.781,-0.145,-22.5344,-9.8702,-4.4046,0.7962
1780908815.7224557,0.1301,-1.0308,-0.1292,7.9771,-30.3359,-2.2595,1.0469
1780908815.9211304,-0.1106,-1.1755,-0.4956,-17.0763,-12.1603,8.1756,1.2805
1780908816.171535,-0.1313,-1.0364,-0.3154,-14.9008,11.1985,-3.6031,1.0912
1780908816.3259804,-0.2244,-1.0986,-0.3223,-17.626,4.0076,-0.5954,1.1667
1780908816.5227175,-0.0591,-1.0232,-0.1631,18.3053,40.7099,-15.0458,1.0378
1780908816.7212403,0.0457,-0.9272,-0.3428,-23.916,42.7557,0.7786,0.9896
1780908816.9296489,0.0327,-1.03,-0.2012,-13.8397,-5.1069,-6.9618,1.05
1780908817.1223056,-0.0159,-0.7498,-0.2095,10.7634,-59.3435,-13.5267,0.7786
1780908817.3216534,-0.2883,-1.1558,-0.2129,-45.7481,-53.4351,-17.3053,1.2101
1780908817.5224845,-0.0479,-1.0334,-0.2656,-18.5038,-11.626,-1.3282,1.0681
1780908817.721299,0.0269,-1.0166,-0.1118,9.7176,43.2824,-4.8626,1.0231
1780908817.92044,0.2458,-0.8037,-0.4275,-32.9237,75.7863,1.8473,0.9429
1780908818.1212573,0.0833,-0.8594,-0.1658,6.9618,-2.9924,-21.084,0.8792
1780908818.321345,0.0564,-1.0857,-0.103,24.1527,-49.542,-6.6489,1.092
0,0,0,0,0,0,0,0
0,0,0,0,0,0,0,0
1780908819.2671192,0.0071,-0.9219,-0.1887,6.4809,44.8015,12.1908,0.941
1780908819.4650478,-0.1531,-1.1179,-0.3157,-16.4427,-7.1298,17.374,1.1717
1780908819.6651473,0.0059,-0.9604,-0.2036,-13.5267,13.2519,4.3359,0.9818
1780908819.8711848,-0.1951,-1.0986,-0.196,15.4885,65.0916,7.5649,1.1329
1780908820.0662935,0.1648,-0.533,-0.2952,-22.0076,23.7328,-46.2061,0.6311
1780908820.26563,0.0706,-0.7068,0.124,53.2366,25.6794,5.1756,0.721
1780908820.4733582,-0.0911,-1.1138,-0.1633,-7.5191,-35.1298,12.9924,1.1294
1780908820.6652567,-0.135,-1.0815,-0.2744,7.1221,-62.2901,8.4962,1.124
1780908820.8669214,-0.2021,-0.9163,-0.3103,-34.1374,-80.7405,-31.2214,0.9883
1780908821.0649948,-0.1868,-1.0215,0.0684,20.6794,14.7863,14.313,1.0407
1780908821.2668824,-0.0215,-1.1172,-0.0835,5.9237,68.0382,3.7099,1.1205
1780908821.4659083,0.0037,-0.8713,-0.3208,-15.4656,93.6031,14.6794,0.9285
1780908821.7176294,-0.1782,-0.8501,0.095,31.0,46.6947,3.8473,0.8738
1780908821.8679318,-0.2327,-1.0103,-0.1196,-10.8855,-31.2366,18.2443,1.0436
1780908822.0655305,-0.0576,-0.9875,-0.3384,-18.1603,-40.1374,-4.9542,1.0455
1780908822.2747602,-0.2871,-1.0923,-0.3423,-13.9389,29.7863,-4.6183,1.1801
1780908822.4649732,-0.2798,-1.0083,-0.2473,-15.3053,82.6412,10.8702,1.0752
1780908822.7168334,-0.1675,-0.7917,-0.2407,22.4122,141.9389,33.8473,0.8443
1780908822.8659356,0.2,-0.7249,-0.321,-1.0611,90.1756,-5.855,0.8176
1780908823.0657723,0.1038,-0.8491,-0.4475,8.1069,102.5038,9.5954,0.9654
1780908823.265972,0.196,-0.8958,-0.2598,9.9466,73.6489,20.6565,0.953
0,0,0,0,0,0,0,0
0,0,0,0,0,0,0,0
1780908824.3200803,0.1152,-1.0559,-0.2053,-18.5573,3.8855,-18.9771,1.0818
1780908824.5197778,0.1565,-0.949,-0.165,1.1221,0.0458,13.6031,0.9758
1780908824.7307017,0.053,-0.866,-0.3103,4.1298,55.2748,10.4275,0.9214
1780908824.918797,-0.2434,-0.9854,-0.3015,29.8092,66.2824,21.4275,1.0588
1780908825.1186953,-0.1284,-1.2615,-0.3206,-11.8855,40.9237,9.9618,1.3079
1780908825.32055,-0.2417,-0.9976,-0.3313,4.3435,54.4351,9.6947,1.0786
1780908825.5197768,0.04,-0.6165,-0.4167,6.4733,25.6794,-29.3053,0.7452
1780908825.7201695,0.0437,-0.8101,-0.2314,-8.1756,44.7481,-4.8473,0.8436
1780908825.9192352,-0.1646,-1.1675,-0.1113,4.6107,-8.5954,18.7557,1.1843
1780908826.1227908,-0.1289,-1.0076,-0.4819,9.9542,-32.9542,1.6641,1.1243
1780908826.3186405,-0.4302,-1.6956,-0.197,-26.8168,-8.4733,16.8931,1.7603
1780908826.5196714,-0.3252,-1.0286,-0.2258,-14.4733,-0.4198,17.1832,1.1021
1780908826.7201333,-0.2075,-1.0681,-0.1089,25.771,49.8015,0.5878,1.0935
1780908826.9266052,0.0161,-0.5703,-0.3706,0.1832,60.771,10.3817,0.6803
1780908827.1190102,-0.1223,-0.7798,-0.1626,6.1756,9.0153,-17.8931,0.8059
1780908827.326891,-0.1685,-1.1072,-0.1504,15.1527,-57.4885,-6.9313,1.13
1780908827.518519,-0.0955,-0.5049,-0.4568,-7.3511,-96.9084,-28.2443,0.6875
1780908827.71882,0.0266,-0.7473,-0.1924,1.8626,-55.3511,-18.687,0.7721
1780908827.9188359,-0.1038,-1.1611,-0.1956,10.6336,11.3206,-20.3817,1.182
0,0,0,0,0,0,0,0
0,0,0,0,0,0,0,0
1780908828.6786368,0.0276,-0.9563,-0.3147,8.0687,-13.2519,1.1756,1.0071
1780908828.8789907,0.0493,-0.9014,-0.4141,20.1374,-2.0458,9.9389,0.9931
1780908829.0806017,-0.2312,-0.855,-0.3054,-13.5038,1.9771,29.8779,0.9369
1780908829.2775674,-0.2007,-0.8938,-0.2986,-26.0,-17.3893,3.6641,0.9635
1780908829.4774284,-0.3965,-1.0076,-0.304,-3.8626,-44.5038,-29.2061,1.1246
1780908829.6780708,-0.49,-0.7786,-0.4526,-17.6718,-103.1145,-29.4198,1.0252
1780908829.877919,0.6213,-1.2488,-0.1873,29.0,-88.6718,-71.3969,1.4073
1780908830.0775387,0.478,-1.0667,-0.3621,-1.4122,-13.0534,-39.2366,1.2237
1780908830.2775948,-0.0862,-1.0977,-0.0974,15.0076,-32.5267,-3.6412,1.1053
1780908830.4776955,0.05,-0.8298,-0.1826,30.1756,20.1985,55.3588,0.8512
1780908830.67814,-0.1619,-0.5864,-0.3213,-11.374,0.2901,-3.4809,0.688
1780908830.8773737,-0.3247,-0.6992,0.1357,19.2672,31.7099,-10.8397,0.7828
1780908831.0780082,-0.0444,-1.1047,-0.1885,-9.7176,48.2824,-4.7405,1.1216
1780908831.2775366,-0.0654,-0.679,-0.4536,-12.6183,20.9618,2.2214,0.8192
1780908831.480318,-0.1492,-0.656,-0.0391,-4.8702,50.2748,26.9084,0.6739
1780908831.6861029,-0.1084,-1.0559,-0.2805,21.3282,14.4198,19.4886,1.0979
1780908831.8771646,-0.134,-1.4163,-0.5493,-9.2443,21.0229,-7.3664,1.525
1780908832.081675,0.1313,-0.2146,-0.4717,-9.7176,45.4733,-17.1679,0.5346
1780908832.2780962,0.0559,-0.624,-0.2205,-33.8473,50.2137,15.9237,0.6642
1780908832.4779806,-0.259,-0.8474,-0.4307,-15.1221,-32.7176,34.6107,0.9852
1780908832.6779706,0.0698,-0.2407,-0.0068,33.9008,20.9924,-2.9695,0.2507
1780908832.8779497,-0.2332,-1.8071,-0.5173,46.2366,21.5114,-8.313,1.8941
0,0,0,0,0,0,0,0
0,0,0,0,0,0,0,0
1780908833.4893196,-0.1235,-0.8203,-0.1477,-11.6031,0.2061,-0.7328,0.8426
1780908833.6888123,-0.0037,-0.8455,-0.3193,-4.0305,10.8397,-9.2977,0.9038
1780908833.886131,-0.0657,-1.2927,-0.1775,11.9618,36.3053,2.2519,1.3065
1780908834.0909684,0.1794,-0.6248,-0.2896,15.0382,77.313,19.5802,0.7116
1780908834.286117,-0.396,-1.3669,-0.3425,61.5267,186.2977,81.6565,1.4638
1780908834.4909453,0.1833,-0.5149,-0.3274,-40.7634,85.2977,47.9924,0.6371
1780908834.6861813,-0.2173,-1.5171,-0.3733,3.2595,60.5344,-36.7863,1.5774
1780908834.8934581,-0.2307,-0.509,-0.1907,-11.9008,97.9008,18.0229,0.5905
1780908835.0869956,-0.021,-1.4897,-0.0889,50.145,8.5038,-34.1679,1.4925
1780908835.3435986,-0.1814,-0.8552,-0.6113,-14.6718,2.5725,-12.6412,1.0668
1780908835.5433283,-0.3582,-1.4604,-0.3198,15.7405,34.4198,66.2977,1.5374
1780908835.6878543,0.0535,-0.6414,-0.0566,16.2519,57.1832,20.0153,0.6461
1780908835.9365504,-0.0652,-1.2925,-0.4849,7.9618,-5.4885,-29.3817,1.382
1780908836.088377,0.0256,-1.2688,-0.3455,-16.8321,71.542,34.145,1.3152
1780908836.2948673,-0.0999,-1.21,-0.1934,-24.1221,18.9771,40.458,1.2294
1780908836.493274,-0.1787,-0.8257,-0.0046,10.3053,-20.0611,13.5191,0.8448
1780908836.6864812,-0.1189,-0.7671,-0.521,-7.8397,44.5191,43.6031,0.9349
1780908836.8860784,-0.219,-0.7888,-0.155,0.6565,71.3664,29.3664,0.8332
1780908837.1374075,-0.0693,-0.8418,-0.2625,31.3969,143.9466,7.7099,0.8845
1780908837.2865596,-0.0649,-0.658,-0.261,27.8626,79.4351,-2.1832,0.7108
1780908837.4875913,0.1086,-0.9526,-0.259,34.9008,78.8931,-2.2977,0.9932
0,0,0,0,0,0,0,0
0,0,0,0,0,0,0,0
1780908838.21678,0.1558,-0.9172,-0.2065,-7.0305,33.0382,-4.7328,0.953
1780908838.4138336,0.2493,-0.9976,-0.3423,-18.0611,31.5725,1.0916,1.0837
1780908838.6135414,0.0112,-0.8679,-0.3027,6.7634,8.6412,27.9313,0.9193
1780908838.8140073,0.0444,-0.8777,-0.4089,-8.6031,-9.0916,38.9542,0.9693
1780908839.0131853,-0.094,-1.0017,-0.4194,-7.7481,-16.2748,15.4427,1.09
1780908839.212733,-0.2378,-1.0037,-0.2866,-25.2443,9.4046,11.1069,1.0705
1780908839.4137704,-0.3904,-0.8008,-0.394,-10.3053,-2.0458,38.084,0.9741
1780908839.6125686,-0.2668,-1.1125,-0.4919,-2.0153,19.2137,-27.6107,1.2454
1780908839.8137827,-0.2522,-0.7595,-0.438,4.3664,-14.1527,-18.5038,0.9123
1780908840.0180564,-0.0139,-0.8423,-0.5576,-25.9618,-9.3511,2.8779,1.0102
1780908840.2138047,-0.0396,-0.8633,-0.2073,-27.4427,-4.1679,-14.1832,0.8887
1780908840.4227672,-0.1497,-0.7771,-0.5347,9.5802,-17.4427,-19.5573,0.9551
1780908840.6180236,-0.2673,-0.8848,-0.6238,37.7023,-22.8168,-17.542,1.1151
1780908840.813931,-0.261,-0.9209,-0.532,49.2824,-13.6107,-2.6489,1.0951
1780908841.0139186,-0.2461,-1.0332,-0.2551,84.6107,-11.0458,-6.6641,1.0923
1780908841.2140212,-0.0398,-0.4827,0.5396,123.3511,7.5649,5.6794,0.725
1780908841.4140046,-0.1162,-0.8359,0.3103,59.7786,-5.145,0.458,0.8992
1780908841.613344,-0.0706,-0.9534,0.2463,15.3282,-5.1985,-13.1527,0.9872
1780908841.8143008,-0.0972,-0.8696,0.353,-12.6947,3.0763,-7.4885,0.9436
0,0,0,0,0,0,0,0
0,0,0,0,0,0,0,0
1780908842.97894,-0.0916,-0.9287,0.2861,5.4504,-0.8626,-3.8931,0.9761
1780908843.1790957,-0.0967,-0.9116,0.2705,1.6947,-3.6031,0.1298,0.9558
1780908843.3826365,-0.0723,-0.9351,0.2632,6.7176,-3.0076,-1.3969,0.9741
1780908843.5924299,-0.0833,-0.9473,0.2952,5.0229,-1.9847,-3.1374,0.9957
1780908843.779041,-0.0261,-0.873,0.344,15.374,1.542,-4.4351,0.9387
1780908843.9788384,-0.1584,-0.8938,0.4778,10.4885,0.5191,0.2519,1.0258
1780908844.1789482,-0.0576,-0.8105,0.6211,8.9389,-1.3664,0.4656,1.0228
1780908844.3880515,-0.0713,-0.8481,0.3743,-11.8702,-2.0992,-4.1985,0.9298
1780908844.5808806,-0.0845,-0.8201,0.4246,-43.3969,-3.5191,11.145,0.9273
1780908844.79131,-0.0696,-0.8975,0.3083,-47.6641,3.313,0.2901,0.9515
1780908844.978791,-0.0796,-1.1118,0.0601,-17.5344,1.542,16.5267,1.1163
1780908845.1792347,-0.1121,-0.9573,-0.0779,-23.3053,19.1603,8.1145,0.967
1780908845.3784513,-0.1277,-0.7727,-0.0596,-18.5038,42.5496,5.916,0.7854
1780908845.5790932,-0.022,-0.8716,0.0171,-37.0458,11.3511,-6.2672,0.872
1780908845.7779868,-0.0469,-1.0728,-0.4751,-61.6336,20.2901,4.8244,1.1742
1780908845.9790814,-0.0879,-1.0105,-0.6609,-30.6794,16.0,-7.145,1.2106
1780908846.1891453,-0.1726,-1.0994,-0.605,23.1069,-1.4885,0.771,1.2666
1780908846.3777857,-0.022,-0.7712,-0.4741,39.8931,9.6489,-10.1832,0.9056
1780908846.5784707,-0.1641,-0.8164,-0.2539,57.7176,9.5802,8.2443,0.8706
1780908846.7783935,-0.0967,-0.8367,-0.1672,43.4809,-10.4198,-10.6565,0.8587
1780908846.9783478,-0.0042,-0.9048,-0.0718,18.4198,9.3359,-9.458,0.9076
0,0,0,0,0,0,0,0
0,0,0,0,0,0,0,0
1780908847.9115965,0.1484,-0.9639,0.0767,-1.5267,7.9847,-1.8855,0.9782
1780908848.111082,0.0774,-0.9375,-0.0186,-22.3969,16.9847,17.4427,0.9409
1780908848.3110733,-0.0413,-0.9846,0.0579,-5.1756,-4.1374,16.0916,0.9872
1780908848.5111556,0.01,-1.1826,-0.1257,-10.7328,3.3435,8.7099,1.1893
1780908848.7108312,-0.168,-0.8887,-0.1614,-11.4656,68.3435,16.9237,0.9187
1780908848.9111238,-0.144,-0.769,0.1118,11.5038,35.9008,30.4809,0.7904
1780908849.1111672,-0.2632,-0.9734,0.0796,32.4504,21.542,10.0153,1.0115
1780908849.3112135,-0.2673,-1.1775,-0.0337,-4.855,28.0153,-9.9695,1.2079
1780908849.5102518,-0.1118,-1.011,-0.0281,-34.5115,49.5267,4.6183,1.0175
1780908849.710787,-0.1257,-0.9873,0.1604,-19.3817,-4.9389,-8.7405,1.0081
1780908849.9135132,-0.1333,-1.1426,0.3818,13.3053,-68.9008,-6.5802,1.212
1780908850.1137667,-0.0229,-0.5623,-0.0334,44.771,-38.9389,-16.8244,0.5637
1780908850.310597,0.0483,-0.698,0.1572,18.5191,36.8015,16.374,0.7171
1780908850.5108528,-0.2205,-1.1077,0.1509,31.8473,16.1221,-18.9466,1.1394
1780908850.711058,0.0022,-1.2515,0.0552,-28.542,35.4733,-7.5573,1.2527
1780908850.9108105,0.0061,-1.0886,-0.0659,-28.6794,28.374,-46.4809,1.0906
1780908851.1124249,-0.2456,-0.9404,0.2124,-17.8321,17.4733,-5.8473,0.9949
1780908851.31041,-0.0713,-1.0347,0.0056,11.1756,-33.1679,20.687,1.0371
1780908851.5109437,0.0186,-0.759,-0.1367,19.626,6.542,1.8855,0.7715
0,0,0,0,0,0,0,0
0,0,0,0,0,0,0,0
1780908852.458754,-0.0378,-0.9146,-0.0662,11.1069,-20.313,-19.3893,0.9177
1780908852.656005,-0.061,-1.0542,-0.2085,-9.5954,15.0992,-7.6107,1.0764
1780908852.8555648,0.0684,-1.0286,-0.2498,-14.1221,66.6565,31.145,1.0607
1780908853.0560706,-0.0728,-1.0234,-0.186,3.7939,75.9237,29.4351,1.0427
1780908853.256159,0.051,-0.9729,-0.2515,14.9542,103.3817,-12.6031,1.0062
1780908853.4555979,-0.0195,-0.9614,-0.094,40.9084,79.9847,28.1679,0.9662
1780908853.655634,-0.3042,-0.9983,0.0554,8.4275,68.7023,-23.1221,1.0451
1780908853.855592,-0.4309,-0.6963,-0.0405,14.8092,49.5496,44.3359,0.8198
1780908854.0553024,-0.1414,-0.9744,0.0474,-4.9771,9.0763,-15.4275,0.9857
1780908854.2560658,-0.5598,-0.9131,0.0808,13.626,-5.9389,-1.3282,1.0741
1780908854.4552858,-0.0583,-0.7556,-0.2351,28.9847,-40.0305,10.626,0.7935
1780908854.6549668,0.0808,-1.2612,0.0693,-16.5114,-71.0229,-9.4809,1.2657
1780908854.8552108,-0.1702,-1.1096,-0.0469,-26.8855,-57.8931,2.2137,1.1236
1780908855.0559354,-0.1213,-0.9568,-0.1616,16.5344,-94.9313,-17.9924,0.9779
1780908855.2544727,-0.1016,-0.4985,-0.1204,-11.3511,-25.5114,16.4427,0.5228
1780908855.4549804,-0.1487,-0.6094,-0.0186,29.5114,-8.2061,-30.3435,0.6275
1780908855.6559393,-0.2346,-1.0967,0.033,26.3969,13.8855,-16.542,1.122
1780908855.855654,-0.2039,-1.0166,-0.1975,-8.8779,29.7557,11.5038,1.0555
1780908856.0559134,-0.0015,-1.1658,-0.2175,-2.7099,-17.5114,-31.1832,1.1859
1780908856.26686,-0.1409,-0.9036,0.0884,-2.7786,-38.6947,-7.2977,0.9187
1780908856.4582102,-0.1287,-0.9905,-0.0027,-0.0763,-86.0229,12.6489,0.9988
1780908856.6671307,-0.1021,-1.0422,-0.178,-18.771,-51.8931,15.687,1.0622
0,0,0,0,0,0,0,0
0,0,0,0,0,0,0,0
1780908857.6642034,-0.0935,-0.9004,-0.0007,-19.1527,34.8168,-9.687,0.9052
1780908857.8624,-0.0393,-0.9758,-0.0806,-21.9237,36.3435,8.3511,0.9799
1780908858.0623627,0.0613,-0.9351,-0.0806,27.1527,2.7939,13.6336,0.9405
1780908858.2626202,-0.1958,-0.9272,-0.0735,14.8244,44.4962,16.1221,0.9505
1780908858.4634502,-0.1863,-0.9023,0.011,19.0,33.0458,-31.2519,0.9214
1780908858.6633608,-0.3098,-0.9678,0.0125,1.1603,42.3588,29.8092,1.0162
1780908858.8624468,-0.2039,-0.9456,0.1357,-11.542,5.1908,-3.145,0.9768
1780908859.063626,-0.2253,-0.918,0.2217,-14.7099,-18.542,-11.0382,0.9709
1780908859.2627122,-0.1667,-1.0835,-0.0874,-5.855,-31.7634,-16.4886,1.0997
1780908859.462265,-0.1409,-0.916,-0.0674,11.5191,-15.0916,0.0458,0.9292
1780908859.6626985,-0.083,-0.8452,-0.0269,-13.6031,-54.7405,7.313,0.8497
1780908859.863287,-0.2017,-1.0674,-0.0125,-7.229,-94.4504,15.3359,1.0863
1780908860.0630124,-0.2253,-0.8823,-0.3008,-25.2061,-79.7634,47.4122,0.959
1780908860.2633789,-0.302,-1.2195,-0.1433,-39.9771,-56.2595,8.1832,1.2645
1780908860.4626274,-0.3228,-0.8542,-0.0198,-35.6794,-56.8244,-1.6183,0.9134
1780908860.6646924,-0.2534,-0.8584,-0.103,-13.0076,-26.9924,-21.8855,0.9009
1780908860.864781,0.1487,-0.989,0.0171,11.229,-23.2595,-40.8473,1.0003
1780908861.0627246,0.0139,-0.979,-0.1565,5.2061,-13.8397,-21.145,0.9915
1780908861.26443,0.0466,-0.9778,-0.179,18.7863,3.542,-8.2519,0.9951
1780908861.462492,0.0891,-0.9788,-0.0757,26.7557,42.0153,-6.2214,0.9857
1780908861.6625228,0.0317,-0.969,0.0054,15.2443,33.6565,7.1985,0.9695
1780908861.862549,-0.1062,-0.8899,-0.0112,1.9466,19.0076,17.2748,0.8963
1780908862.0624235,-0.1824,-0.9233,0.1133,-15.916,-11.1679,9.7328,0.948
1780908862.2624989,-0.2224,-0.9915,-0.1221,-8.9618,-23.9847,4.8321,1.0234
0,0,0,0,0,0,0,0
0,0,0,0,0,0,0,0
1780908863.2650664,-0.0393,-0.9905,-0.0833,7.7328,5.9466,13.3435,0.9947
1780908863.4641972,-0.0613,-0.9692,-0.0308,-5.5649,18.4427,8.5496,0.9717
1780908863.6638618,-0.0989,-0.9648,0.0061,7.145,-14.2824,14.6641,0.9699
1780908863.8635776,-0.1555,-1.041,-0.032,-31.7405,-32.0229,15.6947,1.0531
1780908864.0625384,-0.2397,-0.9995,-0.0225,-18.1603,-11.2519,12.0,1.0281
1780908864.2635756,-0.1851,-0.9287,-0.0146,-5.3817,-7.7099,-3.7328,0.9471
1780908864.4696097,-0.1865,-1.0151,-0.1199,-8.0076,-23.5649,-15.4962,1.0391
1780908864.66488,0.0349,-1.0127,-0.146,-19.0305,13.3893,-23.1679,1.0238
1780908864.8648722,0.0415,-0.9871,-0.2666,-22.4962,33.4733,-12.4809,1.0233
1780908865.070974,0.0371,-1.0071,-0.2349,-40.2824,37.3817,22.771,1.0348
1780908865.2654908,-0.1001,-0.9485,-0.4138,-29.0153,16.4351,7.1298,1.0397
1780908865.464899,-0.2163,-0.8584,-0.2966,-12.5878,-37.3664,12.6107,0.9336
1780908865.6640408,0.1968,-0.7825,-0.165,40.5954,-29.313,-49.1298,0.8235
1780908865.8635974,-0.2085,-0.8965,-0.4551,49.0992,-2.6107,-30.0534,1.0268
1780908866.0637789,-0.0625,-0.9607,-0.447,44.1221,14.6412,26.3588,1.0614
1780908866.2641766,-0.2227,-1.0615,-0.2393,25.5649,1.5954,-0.0534,1.1107
1780908866.4648933,-0.2893,-1.0073,-0.2725,60.2595,-19.687,-2.2214,1.0829
1780908866.6647735,-0.1143,-0.8401,0.064,35.5038,-19.2977,3.6718,0.8502
1780908866.8644562,-0.0193,-0.7883,0.2905,59.3053,-17.771,-10.0305,0.8404
1780908867.0639927,-0.1064,-0.9346,0.1931,17.7252,-11.0534,2.0,0.9602
1780908867.2649596,-0.168,-0.9075,0.3076,-10.0229,3.8779,2.0611,0.9728
1780908867.470884,0.0601,-0.8523,0.3662,-1.8397,0.7405,-7.3435,0.9296
0,0,0,0,0,0,0,0
0,0,0,0,0,0,0,0
1780908868.2506595,-0.1521,-0.895,0.2954,-5.7405,0.4504,-5.7099,0.9547
1780908868.4494774,-0.0818,-0.9563,0.2043,-24.2366,4.6718,14.5725,0.9813
1780908868.65085,-0.3235,-0.9514,-0.0071,-37.1145,7.6031,9.9237,1.0049
1780908868.852727,-0.2114,-1.0637,-0.2512,-56.4962,7.8473,13.6336,1.1132
1780908869.0500839,-0.2578,-1.0452,-0.4553,-50.542,11.3435,-1.8931,1.1688
1780908869.2553499,-0.3162,-1.0872,-0.5095,-17.4656,7.542,-38.7634,1.2416
1780908869.4499218,-0.2524,-0.9624,-0.4092,34.0076,-23.3053,7.1679,1.0758
1780908869.652871,-0.0706,-0.8513,-0.2344,43.8015,-5.8702,-9.1756,0.8858
1780908869.8527803,-0.0417,-0.783,0.0044,54.1298,-9.5573,-1.5573,0.7841
1780908870.0503924,0.0359,-0.6721,0.0249,30.2977,-21.3588,-10.1527,0.6735
1780908870.2504406,0.0637,-0.9014,0.0908,-25.8702,-19.5954,12.0534,0.9082
1780908870.4495084,0.134,-0.9163,0.1638,-38.2443,28.916,17.8855,0.9404
1780908870.6497746,0.1067,-1.0269,0.1187,-3.7405,56.7405,0.6718,1.0392
1780908870.8499875,0.1025,-0.9795,0.05,0.8855,125.3969,-15.8092,0.9861
1780908871.0495803,-0.0791,-1.0776,0.0735,20.6107,122.3588,-51.5573,1.083
1780908871.2494159,-0.4231,-0.9009,0.23,-9.9466,20.7328,-3.9542,1.0215
1780908871.4531653,-0.0962,-1.0249,0.0986,-4.3053,-110.1298,30.0,1.0341
1780908871.650251,-0.1121,-0.9172,0.0674,-21.8321,-120.3053,33.145,0.9265
1780908871.8504562,-0.1904,-0.9177,0.1313,-15.2595,-121.8015,20.9618,0.9464
1780908872.050386,-0.0251,-1.075,0.1211,-22.0534,-90.1756,30.1603,1.082
1780908872.2500918,0.1897,-1.2302,-0.0244,-5.6489,12.9313,-25.7405,1.245
1780908872.4494095,0.0566,-1.2266,0.105,14.687,44.0992,-33.7328,1.2323
1780908872.6500719,0.0049,-0.9729,0.1709,21.9008,-5.5573,-25.8779,0.9878
0,0,0,0,0,0,0,0
0,0,0,0,0,0,0,0
1780908873.7216947,0.0828,-0.9285,0.1968,6.7252,24.0305,-7.9924,0.9527
1780908873.9168513,0.0481,-1.0247,0.0378,-27.7176,-3.1832,7.542,1.0265
1780908874.1161273,0.0308,-0.9109,-0.1482,-19.5191,0.0,8.8702,0.9234
1780908874.321152,-0.1582,-0.9731,-0.2786,-46.626,-7.374,29.0916,1.0245
1780908874.5177517,0.0464,-1.0815,-0.0359,-8.4122,-29.6107,-6.4427,1.0831
1780908874.7746036,-0.198,-0.7876,-0.1213,0.4504,11.6718,-9.6489,0.8211
1780908874.9196682,-0.1375,-0.9036,-0.2524,-9.9542,32.7557,-15.5038,0.9482
1780908875.1154485,-0.0107,-0.8489,-0.2754,-23.1221,61.4809,7.1069,0.8925
1780908875.3180218,0.1191,-1.2649,-0.3042,31.9618,51.9847,-6.6489,1.3064
1780908875.5158796,0.072,-0.801,-0.2922,12.8168,41.9924,1.9618,0.8557
1780908875.71734,-0.0989,-0.7727,-0.2676,12.1603,-12.1145,22.1374,0.8237
1780908875.9222274,-0.0737,-1.0979,-0.3479,8.3969,-37.2672,0.0992,1.1541
1780908876.1191058,-0.1179,-0.8142,-0.3926,-19.0076,-9.9695,2.8702,0.9116
1780908876.3165953,-0.1843,-0.8076,-0.4048,-52.313,6.1985,12.4885,0.922
1780908876.5176203,-0.188,-1.0081,-0.5374,-11.0992,4.3053,10.8931,1.1577
1780908876.716654,0.0186,-0.8955,-0.3708,21.0611,2.0305,12.0,0.9694
1780908876.9199016,-0.1282,-1.0615,-0.4399,37.5802,4.9389,4.229,1.1562
1780908877.1176364,-0.2126,-1.126,-0.312,59.3359,-14.8397,-9.6794,1.1876
1780908877.3173957,-0.2036,-1.5591,0.2153,84.6183,-6.8015,-11.8702,1.587
1780908877.5152693,-0.2271,-0.9143,0.3672,16.4962,11.4962,-6.0992,1.0111
1780908877.7172441,-0.1096,-0.8699,0.3074,23.8702,-4.5496,0.0763,0.9291
1780908877.9158757,-0.1035,-0.8215,0.3721,12.2061,-15.626,-7.2061,0.9078
1780908878.114631,-0.0771,-0.8503,0.4163,-3.3664,-8.5725,-4.6641,0.9499
0,0,0,0,0,0,0,0
0,0,0,0,0,0,0,0
1780908878.9540431,-0.0867,-0.9302,0.2737,-2.0305,-4.8244,-1.8321,0.9735
1780908879.1532462,-0.0842,-0.9768,0.1472,-4.6565,-8.9771,2.3435,0.9914
1780908879.3745267,-0.1292,-0.9871,0.1951,13.3435,-0.2901,-0.9924,1.0144
1780908879.5554066,-0.0928,-0.9084,0.293,22.1832,-1.6183,-11.084,0.959
1780908879.7522469,-0.1001,-0.885,0.3447,22.7481,0.5573,-5.771,0.955
1780908879.9522061,-0.0769,-0.8608,0.4373,30.1985,2.4351,-3.5878,0.9686
1780908880.151586,-0.0581,-0.7585,0.5286,35.8092,-3.7634,-6.9847,0.9264
1780908880.3611221,-0.0325,-0.7168,0.6062,40.9084,-2.8244,-4.2672,0.9393
1780908880.5529804,0.0103,-0.5647,0.7615,69.1832,-7.4962,-4.5191,0.9481
1780908880.7521484,0.0627,-0.3398,0.894,75.4809,-9.7023,-24.5267,0.9585
1780908880.9531374,0.0994,0.0662,0.9275,75.7786,1.1221,-21.1832,0.9351
1780908881.1540637,-0.0459,0.4856,1.0693,41.0763,1.7328,-23.2443,1.1753
1780908881.3540113,-0.1641,0.2427,0.8625,4.0992,-3.3817,-16.4427,0.9109
1780908881.5537791,-0.0281,0.2119,0.9514,-2.1832,-12.8779,-14.1145,0.9751
1780908881.7582133,-0.0649,0.1729,0.8853,-3.8015,-0.9313,0.7557,0.9043
1780908881.9545653,-0.1025,0.1458,0.8687,0.3206,4.0305,0.5954,0.8867
1780908882.1551228,-0.0132,0.2021,0.9319,-1.3053,-1.458,1.4809,0.9536
1780908882.3530447,0.0149,0.2209,0.9055,-7.4656,-1.2748,9.9389,0.9322
1780908882.5531867,0.0645,0.2061,0.9417,1.8855,-7.7634,-0.3817,0.9661
1780908882.7620044,-0.0332,0.1458,0.8782,-3.7023,3.7099,-2.687,0.8908
0,0,0,0,0,0,0,0
0,0,0,0,0,0,0,0
1780908883.9816067,0.0342,0.2163,0.9507,2.7634,-3.2824,-5.4809,0.9756
1780908884.1805007,0.0176,0.2231,0.9075,-2.8931,-2.0534,1.1603,0.9347
1780908884.3832545,0.0105,0.207,0.9216,-2.7634,-1.2519,0.916,0.9447
1780908884.5816014,0.0588,0.1711,0.8972,-4.855,14.7863,-8.6336,0.9153
1780908884.7812808,-0.0288,0.251,0.9385,7.4275,56.0687,-40.9924,0.9719
1780908884.9807405,-0.4419,0.0999,0.9075,-33.4351,49.6183,-13.9313,1.0143
1780908885.1807995,-0.4351,0.0874,0.8447,-2.5344,46.7634,-14.9695,0.9542
1780908885.3810127,-0.5161,-0.3301,0.7747,7.6565,15.8626,-19.0305,0.9876
1780908885.580686,-0.5474,0.0513,0.5276,32.2672,27.313,-15.5725,0.762
1780908885.7819996,-0.6963,0.1396,0.5808,-25.1832,41.7939,-10.2901,0.9174
1780908885.981222,-0.8003,-0.0388,0.4294,-27.771,89.2137,6.5573,0.9091
1780908886.1806145,-0.9827,0.0339,0.2444,-21.9924,45.1069,0.1908,1.0132
1780908886.380697,-0.8455,-0.1147,0.2334,-85.5954,87.2137,-66.0611,0.8846
1780908886.580732,-0.9626,0.0222,-0.5872,-98.2061,93.9008,53.2901,1.1278
1780908886.7807682,-0.8538,0.0181,-0.509,22.6718,12.2977,-6.9924,0.9942
1780908886.9815059,-0.9692,0.0923,-0.6069,-1.4656,33.7557,25.2748,1.1473
1780908887.1823814,-0.8982,0.0437,-0.6687,-2.4885,-13.1527,-12.5573,1.1206
1780908887.380626,-0.9077,0.0698,-0.4963,14.6183,-51.4962,-29.3435,1.0369
1780908887.5810773,-0.9172,-0.0735,-0.3677,-28.8931,-28.4733,-3.0076,0.9909
1780908887.7812123,-0.999,-0.0613,-0.2874,0.0229,-40.855,8.3282,1.0413
1780908887.9826624,-1.0857,-0.1045,-0.168,-4.6031,-60.7634,-16.855,1.1036
1780908888.1814623,-0.9658,-0.1123,0.1431,3.3817,-97.7634,-22.3969,0.9828
1780908888.380352,-0.8352,-0.0945,0.2668,-30.2519,-89.8779,-22.0,0.8819
1780908888.5813751,-0.6008,-0.1365,0.5515,-25.9389,-50.6565,5.542,0.8269
1780908888.7808135,-0.6816,-0.6055,1.04,-44.4122,-157.8702,-39.229,1.3831
1780908888.9811976,0.3269,-0.0935,1.0081,56.5802,-42.1908,-24.4504,1.0639
0,0,0,0,0,0,0,0
0,0,0,0,0,0,0,0
1780908889.703877,-0.3123,-0.4009,0.8057,-10.1527,17.0458,5.8702,0.9525
1780908889.9119341,-0.333,-0.4548,0.7725,2.7481,-5.6412,7.7328,0.9563
1780908890.09644,-0.1255,-0.4233,0.8499,-2.9466,-12.7634,-3.6947,0.9577
1780908890.296242,-0.2151,-0.3967,0.8179,3.1679,-5.5038,1.9618,0.9341
1780908890.4979622,-0.0808,-0.4309,0.8611,-6.542,5.2672,-18.8015,0.9663
1780908890.6956656,-0.2983,-0.4294,0.8262,-24.7099,9.2901,-6.0153,0.9777
1780908890.8966522,-0.2339,-0.5779,0.6531,-8.0687,-2.3435,-4.9542,0.9029
1780908891.0965564,-0.1323,-0.5146,0.6899,32.8397,-33.5267,-26.7023,0.8709
1780908891.3032527,0.012,-0.4094,0.8677,9.3893,-10.0534,-12.6718,0.9595
1780908891.5464778,-0.1006,-0.4841,0.8242,-0.2137,-17.2748,10.8702,0.9612
1780908891.6995404,0.062,-0.5454,0.762,17.8244,-18.9771,-12.2748,0.9391
1780908891.9467115,0.021,-0.4902,0.8162,6.1985,-19.4198,-14.3206,0.9523
1780908892.1009495,0.1299,-0.3948,0.8396,13.6412,-40.6031,-17.6641,0.9368
1780908892.2979252,0.2703,-0.4268,0.6887,9.9313,-58.2519,-20.9313,0.8541
1780908892.4966788,0.51,-0.2815,0.6604,10.1908,-54.8626,-57.6183,0.8806
1780908892.695665,0.7363,-0.103,0.6519,15.5573,-61.0763,-36.3817,0.9888
1780908892.8967428,0.8728,0.032,0.4021,29.5191,-16.8779,-22.7481,0.9615
1780908893.096287,0.8503,0.1008,0.3887,5.0229,-10.542,-15.8473,0.9404
1780908893.2968314,0.8853,0.2187,0.5076,10.3817,-6.374,-19.0153,1.0436
1780908893.4959345,0.7583,0.2068,0.4299,10.2748,-13.9771,8.4046,0.8959
1780908893.6967285,0.8948,0.303,0.3052,32.4046,-38.4504,-14.3435,0.9927
1780908893.9032912,0.9626,0.1865,0.0845,45.7786,-33.4122,7.1985,0.9842
1780908894.102019,1.0752,0.4563,0.0132,-6.9237,-27.542,6.6565,1.1681
1780908894.2961066,1.0647,0.3137,-0.0742,7.0611,-25.4198,-6.2137,1.1124
1780908894.4968953,0.9329,0.3562,-0.1399,13.1756,-6.2901,-10.458,1.0083
1780908894.696019,0.9526,0.3892,-0.1045,4.2977,11.1908,0.5191,1.0344
1780908894.896613,0.9775,0.3774,-0.0562,-11.5725,28.9695,1.7405,1.0494
1780908895.0956516,0.9001,0.377,0.0068,-49.8244,40.1298,23.0611,0.9759
1780908895.2958093,0.9065,0.2397,0.3286,10.7863,60.5191,0.9542,0.9936
1780908895.5030541,0.782,0.1143,0.4534,-39.1756,43.9542,8.6489,0.9111
1780908895.696113,0.7581,0.1277,0.5789,-28.1603,51.374,18.5191,0.9623
1780908895.8979952,0.5493,0.0459,0.8203,-18.9695,28.3817,-1.9237,0.9883
1780908896.0969877,0.5498,-0.2634,0.7422,-14.229,41.9618,18.2672,0.9605
1780908896.3031204,0.074,-0.3347,0.7576,-40.2214,52.6565,57.9389,0.8315
0,0,0,0,0,0,0,0
0,0,0,0,0,0,0,0
1780908897.0915017,0.189,-0.4546,0.8364,-2.2366,-2.4885,2.0076,0.9706
1780908897.289518,0.176,-0.4829,0.7356,-7.4809,8.6107,3.6565,0.8974
1780908897.493846,0.0461,-0.4675,0.8289,-8.4733,14.6641,-2.6718,0.9527
1780908897.6907713,0.0684,-0.4221,0.811,-7.8473,3.1603,-5.8015,0.9169
1780908897.8891294,0.0178,-0.5305,0.8005,-10.9924,-0.0305,29.6412,0.9605
1780908898.098615,0.0,-0.4976,0.7837,-28.2443,0.5038,-0.1603,0.9283
1780908898.2896113,-0.0701,-0.5916,0.6257,-27.3435,-0.8702,8.8931,0.8639
1780908898.494215,0.05,-0.8306,0.5886,-30.8397,20.1069,38.2519,1.0192
1780908898.693323,0.1333,-0.7673,0.3584,-83.7405,-1.9466,-8.6412,0.8573
1780908898.889553,0.0166,-0.9998,0.0903,-101.6183,-19.6947,-20.7863,1.004
1780908899.0901558,0.0786,-1.0146,-0.1665,-29.8779,-19.7099,-3.2672,1.0312
1780908899.2896783,0.0623,-0.9431,-0.3633,-60.4046,-13.8473,-2.0534,1.0126
1780908899.4917955,0.1414,-0.9443,-0.4758,-45.855,-13.5649,4.4427,1.0668
1780908899.6908,0.0305,-0.866,-0.6052,-29.1832,-13.2748,16.8931,1.0569
1780908899.8894258,0.0308,-0.8313,-0.6228,20.3053,-12.9008,6.5344,1.0392
1780908900.0946739,0.0615,-0.9136,-0.4377,30.3969,11.1832,2.0992,1.0149
1780908900.2922812,0.0671,-0.9126,-0.3081,4.771,7.1756,-19.9847,0.9655
1780908900.4894662,0.0649,-0.96,-0.4375,-25.1603,21.4198,-0.3435,1.057
1780908900.6899369,-0.0979,-0.95,-0.2378,30.7328,1.7863,-1.229,0.9841
1780908900.9008093,0.0774,-0.9851,-0.2375,-3.771,-24.0382,-10.8397,1.0163
0,0,0,0,0,0,0,0
0,0,0,0,0,0,0,0
1780908901.7719042,0.0034,-0.9414,-0.1909,-4.5802,8.9618,9.2901,0.9606
1780908901.9730263,-0.0229,-1.0242,-0.2102,-0.8931,-2.5802,1.2443,1.0458
1780908902.1730084,-0.0513,-0.9626,-0.1616,8.374,2.1145,-0.0076,0.9775
1780908902.3730032,-0.0081,-0.9868,-0.1404,14.6183,3.5725,-6.3206,0.9968
1780908902.5797503,-0.0076,-0.9751,-0.0767,16.8626,1.5267,-2.9389,0.9781
1780908902.7741148,0.0044,-1.0151,0.0095,10.626,4.8931,-4.2443,1.0152
1780908902.9786093,0.0063,-0.9609,0.1013,11.7634,8.1679,-1.5878,0.9663
1780908903.1731029,-0.0266,-0.9919,0.1484,23.1145,8.8779,-3.9618,1.0033
1780908903.3740032,0.0325,-0.9919,0.1765,14.2366,-1.1069,-5.1527,1.008
1780908903.574558,0.0632,-0.9685,0.1624,14.8626,-0.5954,-0.2137,0.9841
1780908903.7768347,0.0129,-0.8955,0.3081,29.7634,8.3435,-4.6794,0.9471
1780908903.979785,0.0483,-0.9023,0.3567,38.7557,4.4656,-8.1374,0.9715
1780908904.1800241,-0.0066,-0.9187,0.3828,32.6336,1.0458,0.6947,0.9953
1780908904.3738673,-0.0315,-0.7654,0.6165,52.8244,12.7939,15.5191,0.9833
1780908904.5889552,-0.0937,-0.5137,0.7507,46.5191,-14.5954,-8.0916,0.9145
1780908904.7755976,0.0,-0.1323,0.9722,55.3435,-1.4351,-7.458,0.9811
1780908904.974331,-0.176,-0.2866,0.8945,34.9695,-9.3817,-19.8321,0.9557
1780908905.1777544,0.1406,-0.0083,1.0129,11.4198,-1.855,-14.0611,1.0227
1780908905.375019,0.0486,0.1797,0.9302,15.7863,-4.3206,8.1908,0.9486
1780908905.5753667,0.0232,0.1206,0.9392,3.0458,3.084,-0.0687,0.9472
1780908905.7755804,0.0063,0.0508,0.9272,-1.8779,1.2977,-6.9084,0.9287
1780908905.9782035,0.054,0.082,0.9294,-4.1756,-8.7557,-8.2901,0.9346
1780908906.1737523,0.0427,0.0127,0.9031,-1.0763,-1.0992,-12.7328,0.9042
1780908906.3762496,0.0671,0.0493,1.0339,0.4122,6.626,2.7634,1.0373
1780908906.573989,0.0159,0.0574,0.9309,-8.4122,-2.2214,4.2748,0.9328
1780908906.773111,0.0481,0.0564,0.9644,5.8473,-2.5115,1.8168,0.9672
1780908906.9759197,0.074,-0.0083,0.9504,1.7557,-12.7405,0.3206,0.9534
1780908907.1743677,0.103,0.0195,0.9314,-2.4656,0.145,4.2977,0.9373
1780908907.3765664,0.1072,0.0432,0.9673,-2.9542,-1.9389,2.9618,0.9742
1780908907.5757847,0.084,0.0449,0.9158,1.916,0.542,-0.5496,0.9207
0,0,0,0,0,0,0,0
0,0,0,0,0,0,0,0
1780908908.4221709,0.085,0.0583,0.9595,-0.8397,0.0687,0.0382,0.965
1780908908.622421,0.105,0.0569,0.917,-2.6107,1.5725,0.6718,0.9247
1780908908.8314369,0.1111,0.0217,0.9241,-8.6412,-4.3053,-5.9008,0.931
1780908909.027195,0.1055,0.0579,0.9375,-3.3206,2.2824,-0.2214,0.9452
1780908909.2289948,0.0828,0.0476,0.958,-7.9389,-2.916,1.0763,0.9628
1780908909.4221888,0.0667,0.0591,0.9893,-15.8779,-9.6031,-12.2748,0.9933
1780908909.6243324,0.1697,-0.0503,0.9414,-12.4885,2.3435,18.1832,0.9579
1780908909.8221538,0.1819,0.0342,0.9775,1.9466,6.4122,12.5496,0.9949
1780908910.0220315,0.0391,-0.0212,1.0217,-12.3359,1.7405,9.4504,1.0227
1780908910.2220335,0.0,-0.0461,0.8789,-14.7176,0.0153,8.5878,0.8801
1780908910.421776,-0.0273,-0.3308,0.8293,-57.7481,16.7023,16.9542,0.8933
1780908910.625237,0.1106,-0.4299,0.7668,-65.0153,-6.0611,-20.8779,0.8861
1780908910.822595,-0.0107,-0.5854,0.7283,-70.1069,5.9389,5.229,0.9345
1780908911.023083,-0.1831,-0.6902,0.4724,-71.9542,4.5725,-18.2672,0.8562
1780908911.224046,-0.1072,-0.9294,0.2141,-77.1908,-24.3206,-10.0687,0.9598
1780908911.4230773,0.03,-0.9414,0.1721,-54.0916,-15.3282,-0.4427,0.9575
1780908911.6235957,0.0044,-0.9143,-0.0195,-55.3435,-9.4733,4.8779,0.9145
1780908911.8212647,-0.1575,-1.0999,-0.3081,-29.6412,9.0916,19.1221,1.153
1780908912.0237937,-0.0178,-1.0413,-0.563,-10.916,-0.7176,8.2672,1.1838
1780908912.2278924,-0.1516,-0.9216,-0.4419,-2.1069,0.8626,9.4427,1.0333
1780908912.4268742,-0.1836,-0.9495,-0.3425,-0.542,3.5496,-3.7023,1.0259
1780908912.6214898,-0.1858,-0.936,-0.2251,8.7252,-3.9237,-18.2214,0.9805
0,0,0,0,0,0,0,0
0,0,0,0,0,0,0,0
1780908913.4429195,-0.0957,-0.9255,-0.1072,-21.7786,-14.1221,-15.8931,0.9366
1780908913.6369362,-0.0117,-0.8765,-0.6572,-60.5267,-13.7405,18.9542,1.0956
1780908913.836039,-0.2007,-0.7935,-0.8481,-28.6947,-15.9237,-5.1145,1.1786
1780908914.0365546,-0.1577,-0.8269,-0.8477,26.7252,18.2366,-27.6565,1.1946
1780908914.2454004,0.075,-0.8215,-0.5867,40.7405,3.9008,-9.3588,1.0123
1780908914.4415429,-0.051,-0.7271,-0.3025,76.1908,-28.2443,-32.2824,0.7891
1780908914.64673,-0.1211,-0.5491,-0.2834,46.4733,-38.4962,-15.4962,0.6297
1780908914.8473902,0.1035,-1.061,-0.1116,28.3969,-34.1603,-7.5191,1.0719
1780908915.0490315,0.0278,-0.9294,0.1094,17.0382,-9.3664,17.1756,0.9363
1780908915.239397,0.2625,-0.8464,-0.2368,57.2595,-45.7176,-41.626,0.9173
1780908915.4394035,0.1621,-0.7822,-0.02,-6.7557,-27.0534,14.3893,0.7991
1780908915.6367068,0.1343,-0.9468,0.0376,43.0153,-30.0,19.3282,0.957
1780908915.8500412,0.1697,-0.8418,-0.3979,-18.0763,-34.1908,26.0687,0.9465
1780908916.038995,-0.0105,-0.8794,0.022,-33.4885,34.6794,22.8321,0.8797
1780908916.2395678,-0.0637,-1.01,0.0159,-3.2519,53.9618,-27.6183,1.0121
1780908916.4436567,0.2004,-0.9336,-0.4136,-20.7328,-24.9084,-27.0153,1.0406
1780908916.638502,0.1636,-1.0059,-0.3989,20.542,-81.1756,-19.5038,1.0944
1780908916.8354187,0.1958,-0.96,-0.1851,-4.2901,-86.3664,0.0992,0.9971
1780908917.0490448,0.4302,-0.9617,-0.1982,21.3588,-36.6565,-23.3969,1.072
1780908917.2354734,0.3083,-1.2695,-0.3406,-25.6718,75.229,16.0763,1.3501
1780908917.4556842,-0.0811,-1.3345,-0.4272,-38.0305,111.6336,51.3817,1.4035
1780908917.6361663,-0.0908,-1.0474,-0.2642,-45.4046,129.0229,41.8321,1.084
1780908917.8400238,-0.2114,-0.9263,-0.3259,-2.3969,137.6107,18.3282,1.0044
1780908918.036162,0.3379,-0.8723,-0.3496,62.4427,65.1145,-38.0458,0.9987
0,0,0,0,0,0,0,0
0,0,0,0,0,0,0,0
1780908918.9961445,-0.1636,-0.9421,-0.1216,-33.9008,-55.9542,22.0076,0.9639
1780908919.1952124,-0.3867,-1.0977,-0.3914,-52.9084,-108.2672,-7.542,1.2278
1780908919.3953176,-0.2546,-1.009,-0.1045,-14.5802,-35.1527,-25.3206,1.0459
1780908919.5968049,-0.0269,-1.0486,-0.4014,-24.0382,-57.1527,-63.1985,1.1231
1780908919.807363,0.1724,-0.905,-0.4253,-4.0763,-71.9237,-50.7405,1.0147
1780908920.0087435,0.1387,-0.9602,-0.1902,29.4504,-13.4885,20.1145,0.9886
1780908920.196913,0.0667,-1.0808,-0.1958,-3.4122,-31.1985,-4.0076,1.1004
1780908920.403886,0.0947,-1.1389,-0.2603,28.1985,-12.5496,13.0,1.1721
1780908920.5946226,-0.2607,-1.0742,-0.3674,-11.2824,-25.8321,11.0458,1.1649
1780908920.795688,-0.1055,-0.8594,-0.0222,-33.7405,-1.5954,1.687,0.8661
1780908921.0068529,0.03,-0.9116,-0.1226,55.8473,30.2366,-10.5496,0.9203
1780908921.2085557,-0.1282,-0.4062,-0.3877,12.5725,4.5649,-3.0458,0.576
1780908921.4043002,-0.0334,-0.5659,0.04,-59.0687,38.2672,66.4657,0.5683
1780908921.6003222,-0.0386,-0.9009,-0.3906,27.4733,16.8702,42.3282,0.9827
1780908921.799283,0.125,-0.8455,-0.303,21.6718,101.0916,13.1908,0.9068
1780908921.9955792,-0.2048,-0.8376,-0.5681,68.0229,130.0382,2.6031,1.0326
1780908922.1964648,-0.1714,-1.1128,-0.4961,-49.8015,137.4275,23.7939,1.2304
1780908922.3952475,0.2888,-1.0669,-0.3684,21.9542,62.3588,-30.8015,1.1651
1780908922.5994875,0.0913,-0.9641,-0.3328,-24.4275,50.1603,14.5496,1.024
1780908922.7964222,0.2166,-0.8589,-0.0493,47.1985,62.916,19.2824,0.8871
1780908923.0009334,-0.0874,-0.801,-0.1658,14.8321,52.9389,26.4504,0.8227
1780908923.1955307,-0.27,-0.7439,-0.0322,-12.6641,46.855,44.084,0.792
1780908923.3942916,-0.1013,-1.0784,-0.189,15.4046,16.2748,-27.2672,1.0995
0,0,0,0,0,0,0,0
0,0,0,0,0,0,0,0
1780908924.2984989,-0.0999,-1.0103,-0.0322,10.855,-41.6641,-29.0076,1.0157
1780908924.5005813,0.0823,-0.9348,-0.2356,-3.8092,-17.9771,-22.8321,0.9675
1780908924.6970916,0.1621,-1.0256,-0.0847,-39.7099,40.3969,23.0153,1.0418
1780908924.903467,0.0049,-1.0034,-0.1853,-4.9084,1.145,2.4122,1.0204
1780908925.0994391,0.1914,-1.0193,-0.2139,29.6718,-6.7939,-16.0,1.0589
1780908925.2988446,0.0967,-1.1418,-0.4934,26.0611,36.229,-30.7939,1.2476
1780908925.5035682,-0.2935,-0.9951,-0.1252,54.2748,71.8779,26.4962,1.045
1780908925.6976485,-0.209,-1.0063,-0.3306,10.3893,48.0916,-0.9695,1.0797
1780908925.9005504,0.0161,-1.0068,0.2637,26.0687,28.7176,-33.7557,1.0409
1780908926.0995257,-0.0073,-1.21,0.0642,-19.0763,37.5725,-10.7786,1.2117
1780908926.3037348,0.0701,-0.8247,-0.0588,-8.8702,54.2748,3.626,0.8298
1780908926.4981909,0.0166,-0.9722,-0.1558,-3.5191,4.9466,-15.0992,0.9847
1780908926.6994174,0.0989,-1.0371,-0.0479,19.084,-34.084,-3.542,1.0429
1780908926.8981025,-0.094,-0.6863,-0.5593,-45.3588,5.855,19.6183,0.8903
1780908927.099162,-0.0166,-0.8223,0.0442,67.7786,35.0992,8.3588,0.8236
1780908927.2976468,-0.0693,-1.1648,0.0002,35.6641,18.5038,-10.9542,1.1669
1780908927.497901,-0.2312,-1.061,-0.2314,-29.2595,-62.855,-31.6107,1.1103
1780908927.6980588,-0.2908,-1.3269,-0.4019,-77.8397,-156.0153,34.2443,1.4166
1780908927.9075723,-0.1189,-1.1089,-0.4419,-36.229,-185.0916,10.9389,1.1996
1780908928.1093643,0.0525,-0.8037,-0.4092,-14.9618,-163.9847,-27.6107,0.9034
1780908928.3127198,-0.2085,-1.2209,-0.0525,16.9924,-52.6565,4.0076,1.2397
0,0,0,0,0,0,0,0
0,0,0,0,0,0,0,0
1780908929.1395926,-0.0349,-0.9041,-0.2471,-1.9313,-2.7786,-5.5496,0.9379
1780908929.333004,-0.2529,-1.0474,-0.1643,-29.5878,-13.4351,22.4962,1.0899
1780908929.5417802,-0.1589,-0.9543,-0.2041,-11.5725,-34.1832,-12.5038,0.9888
1780908929.7353938,-0.123,-0.8499,-0.3623,-26.2519,-31.9008,-28.5725,0.932
1780908929.930574,0.2617,-1.0618,-0.1934,-23.7176,11.1221,62.4809,1.1105
1780908930.133989,0.2344,-0.5613,-0.334,27.4046,60.9847,-31.7557,0.6939
1780908930.3309586,-0.0569,-0.8901,-0.4426,10.5878,152.2366,34.8015,0.9957
1780908930.5313845,0.1104,-0.8967,-0.5391,0.5038,141.8244,21.374,1.0521
1780908930.7340484,-0.1211,-1.1943,-0.2285,8.9771,86.8321,15.4504,1.222
1780908930.931211,-0.1509,-1.2156,-0.3506,13.7405,97.9389,26.5038,1.2741
1780908931.1303127,-0.3037,-0.7056,-0.0642,-28.2519,68.6565,36.8015,0.7708
1780908931.3311713,-0.1484,-0.8159,-0.146,4.458,21.8779,-15.3664,0.8421
1780908931.5311441,-0.3108,-1.2041,-0.0613,-9.0076,-48.7252,-13.8092,1.2451
1780908931.7320044,-0.2859,-0.6653,-0.3826,13.8931,-125.5573,-28.7023,0.819
1780908931.9479773,-0.1868,-0.7349,-0.2976,-35.6031,-166.5343,21.9924,0.8145
1780908932.1310775,-0.2004,-1.0835,-0.4583,-38.855,-192.5649,-2.2824,1.1934
1780908932.3327851,0.0728,-0.9761,-0.5505,-38.0,-160.8931,-46.7405,1.123
1780908932.5305336,-0.366,-1.2605,-0.3455,-49.0153,-95.2748,-61.8931,1.3573
1780908932.737983,-0.0745,-1.0715,-0.1387,4.9008,-41.2519,8.2901,1.083
1780908932.942772,-0.0476,-0.7852,-0.3071,-17.1679,-18.2595,-13.7557,0.8444
1780908933.13086,-0.0305,-0.9961,-0.2812,16.8092,-33.2061,-22.4656,1.0355
0,0,0,0,0,0,0,0
0,0,0,0,0,0,0,0
1780908933.8838189,0.1147,-1.0217,-0.1448,6.9542,-7.374,-23.1985,1.0383
1780908934.09342,0.0708,-0.9094,-0.251,-35.4198,26.7939,14.4733,0.9461
1780908934.2855368,-0.0317,-0.9851,-0.2241,-15.5496,29.7557,19.9313,1.0108
1780908934.481488,0.0762,-0.9834,-0.2019,3.0382,23.5344,6.3893,1.0068
1780908934.6815186,-0.1072,-1.0164,-0.2151,15.4504,37.3664,23.0153,1.0444
1780908934.8852851,-0.5408,-0.7947,-0.2131,-8.0153,20.4351,52.1832,0.9846
1780908935.0827365,-0.0935,-0.8049,-0.1924,9.2901,-91.9695,-45.0153,0.8329
1780908935.2819464,-0.2212,-0.9697,-0.02,10.458,-27.9847,-21.4122,0.9948
1780908935.482346,-0.2039,-0.9966,-0.4062,-3.8779,-60.1221,-31.8931,1.0953
1780908935.6811974,0.1533,-1.001,-0.0847,-64.5038,12.2901,35.6794,1.0162
1780908935.8822432,0.1694,-0.9905,-0.1865,9.6031,-20.2595,-6.4504,1.022
1780908936.085284,-0.0212,-1.0525,-0.1995,-5.3817,16.7939,14.7786,1.0714
1780908936.2806475,-0.3281,-0.7771,-0.3804,15.4122,7.3053,24.6718,0.9253
1780908936.4833674,-0.3142,-1.2805,-0.3398,10.4427,18.3359,-8.2519,1.3616
1780908936.690892,-0.1165,-0.9641,-0.0725,5.8015,64.5267,45.5573,0.9738
1780908936.894755,0.2903,-0.5144,-0.168,14.2595,37.0229,-32.7176,0.6141
1780908937.0938675,-0.032,-0.813,-0.1638,5.1832,38.6412,10.4885,0.8299
1780908937.2945454,-0.0334,-1.0981,-0.209,28.8015,-52.084,-10.687,1.1184
1780908937.4855018,-0.1089,-0.5405,-0.479,-2.4504,11.0382,45.5573,0.7304
1780908937.6871386,-0.1953,-0.8262,-0.3291,-40.3435,23.7786,6.6718,0.9105
1780908937.8906827,-0.0989,-0.9851,-0.5334,-5.6107,31.1298,20.6489,1.1246
1780908938.0906713,-0.1272,-0.7468,-0.9358,-16.4198,-4.3359,4.1527,1.204
1780908938.285466,0.0598,-0.7993,-0.7314,-11.8168,3.2672,8.9237,1.0851
1780908938.4840198,0.021,-0.8269,-0.5981,3.0229,-25.8092,3.1527,1.0208
1780908938.6854095,-0.1897,-0.9331,-0.9731,-16.4275,-16.7939,-53.3511,1.3615
0,0,0,0,0,0,0,0
0,0,0,0,0,0,0,0
1780908939.5536926,-0.1929,-0.6694,-0.7227,-41.374,-9.229,-16.2214,1.0038
1780908939.7466547,-0.1553,-0.6694,-0.8274,-30.5191,23.3282,11.916,1.0756
1780908939.945264,-0.1775,-0.6843,-0.7844,37.7176,9.3053,-17.6183,1.056
1780908940.1478076,-0.0195,-0.6523,-0.8003,35.4809,-7.7099,-13.8092,1.0327
1780908940.3487947,0.0488,-0.6812,-0.6616,8.7328,-0.0916,7.8168,0.9508
1780908940.546136,-0.0449,-0.9143,-0.532,12.4962,-0.4198,25.2061,1.0588
1780908940.750515,0.0444,-1.2634,-1.0835,9.0763,-17.3969,-34.6183,1.665
1780908940.954475,-0.4292,-0.9065,-0.7112,-9.6489,-22.8473,12.4198,1.2295
1780908941.1509044,-0.1597,-0.7327,-0.4805,-13.0382,29.7786,7.458,0.8906
1780908941.345414,-0.1948,-0.6873,-0.8716,-45.9542,19.8855,-55.8473,1.1269
1780908941.5471675,0.0754,-0.6907,-0.8525,-14.687,-27.229,-43.1374,1.0998
1780908941.7493916,-0.0576,-0.6907,-0.7534,-24.4198,-13.7786,6.4733,1.0237
1780908941.9474952,-0.0518,-0.7979,-0.5618,7.9771,-36.3053,12.3359,0.9772
1780908942.1462643,0.0002,-1.0405,-1.3645,17.2748,-28.458,-112.9695,1.716
1780908942.3453343,-0.4541,-0.6909,-0.9053,2.0229,-4.3282,5.4351,1.226
1780908942.5455892,-0.0996,-0.7468,-0.6792,4.6412,94.8321,50.6031,1.0144
1780908942.747284,-0.0562,-0.6521,-0.7026,18.2061,130.8168,39.1985,0.9603
1780908942.946117,0.7136,-0.6204,-0.6387,-17.5114,46.0611,30.8092,1.1411
1780908943.1492224,0.4282,-0.5989,-0.8105,24.5649,29.3969,-7.2977,1.095
1780908943.3445985,0.3015,-0.6091,-0.8218,2.0458,68.0305,37.3435,1.0664
1780908943.544619,0.2688,-0.7429,-0.6187,52.6947,54.1221,89.4122,1.0035
1780908943.7442522,-0.1785,-0.7886,-0.3845,22.1756,98.1298,86.916,0.8953
1780908943.954048,-0.2505,-0.8091,-0.3989,-4.687,96.1603,81.855,0.9362
1780908944.154513,-0.3064,-0.9131,-0.4324,-11.7557,29.2748,30.7405,1.0557
1780908944.345639,-0.2627,-0.8928,-0.4087,4.8855,15.1603,8.6718,1.0164
1780908944.544375,-0.2783,-0.8831,-0.5874,0.5649,-8.9695,-24.1908,1.0965
0,0,0,0,0,0,0,0
0,0,0,0,0,0,0,0
1780908945.233367,-0.2136,-0.8264,-0.4214,15.4351,-20.3893,-24.0,0.9519
1780908945.4296145,-0.019,-0.8503,-0.6316,-7.7176,-21.0458,-25.9008,1.0594
1780908945.6293592,-0.03,-0.8918,-0.4932,1.9847,4.3969,-8.9771,1.0196
1780908945.8312464,0.0837,-0.8113,-0.3999,21.9618,0.0534,-7.1527,0.9084
1780908946.0297074,0.0491,-0.8193,-0.4277,-0.9389,11.9313,34.0229,0.9256
1780908946.2300167,-0.3467,-0.7861,-0.5093,4.8015,35.0611,42.0076,0.9988
1780908946.428194,-0.3987,-0.8079,-0.468,8.8779,14.5115,35.6794,1.0152
1780908946.6295009,-0.3796,-0.8875,-0.2751,16.7786,30.8855,-14.1985,1.0037
1780908946.830396,-0.2551,-0.906,-0.3203,22.7405,5.7481,-3.7939,0.9943
1780908947.034148,0.0432,-0.6582,-0.4001,44.2595,-60.5191,1.771,0.7715
1780908947.2323945,-0.0112,-0.718,-0.4246,-4.5649,-95.3206,-28.4198,0.8342
1780908947.4345663,-0.1565,-0.7874,-0.7009,-29.8779,-147.7557,-74.8168,1.0657
1780908947.6294658,-0.2532,-0.9158,-0.626,-70.3206,-104.6336,22.0076,1.1378
1780908947.8330178,-0.2876,-0.8606,-0.5967,5.0076,-100.5343,-58.2519,1.086
1780908948.0408652,-0.3103,-0.7759,-0.5461,29.6031,-59.1374,-41.7405,0.9983
1780908948.229364,-0.1709,-0.7166,-0.6353,-35.229,-38.8855,-47.4885,0.9727
1780908948.428281,0.1951,-1.1611,-0.0603,2.1832,19.5878,-22.687,1.1789
1780908948.6285264,-0.1433,-0.7046,-0.127,21.4656,9.5802,7.2137,0.7301
1780908948.8345888,0.0198,-0.7112,-0.4443,-2.229,44.9695,8.4046,0.8388
1780908949.0383053,-0.033,-0.74,-0.5769,-15.3893,38.5115,12.6183,0.9389
1780908949.2290537,-0.2354,-1.2561,-0.2319,-4.7176,26.4962,43.5802,1.2988
1780908949.4318824,-0.2961,-0.8345,-0.2444,33.1985,-23.3359,-16.8397,0.9186
1780908949.6290793,-0.3674,-0.8501,-0.5105,12.771,-61.7176,-32.1527,1.0575
1780908949.8377743,-0.197,-0.8489,-0.4902,-28.2748,-99.626,-45.145,0.9999
1780908950.031065,0.1621,-0.8743,-0.3337,-29.3511,-39.7405,-9.1756,0.9497
1780908950.2301157,0.0117,-1.1226,-0.3933,-2.0534,-41.3664,-4.8397,1.1895
0,0,0,0,0,0,0,0
0,0,0,0,0,0,0,0
1780908950.9215064,0.0825,-0.9741,-0.4009,7.1145,37.0229,5.6565,1.0566
1780908951.124115,-0.1423,-0.9646,-0.4238,29.8473,34.084,4.1603,1.0632
1780908951.3206701,-0.1775,-0.938,-0.3047,-7.3664,18.6107,15.0076,1.0021
1780908951.5198793,-0.2092,-0.9148,-0.634,-17.5344,-2.5649,19.6489,1.1325
1780908951.7192326,-0.1665,-0.8618,-0.1667,7.0763,1.229,-13.7252,0.8935
1780908951.9198873,-0.0796,-0.9451,-0.1321,56.9771,44.2748,-15.8397,0.9576
1780908952.1251292,-0.0637,-1.1563,-0.7253,-69.9008,-14.6565,-41.9389,1.3664
1780908952.3199813,0.2056,-1.1287,-0.4519,-37.2901,-19.1374,-10.5115,1.233
1780908952.5255668,0.0549,-1.0542,-0.2478,-14.4809,-27.9771,-15.5038,1.0843
1780908952.727312,-0.0762,-1.0339,-0.3708,-59.9466,-60.9924,51.229,1.1011
1780908952.929727,-0.1021,-0.6541,-0.5374,-6.7252,-71.2061,-44.6412,0.8526
1780908953.1203287,-0.4292,-1.0708,-0.5933,-9.1985,-29.4198,24.3817,1.2972
1780908953.3282294,-0.0874,-0.9822,-0.4128,38.4733,-1.1908,21.9313,1.069
1780908953.527267,0.0308,-0.9436,-0.103,40.4733,57.626,-18.9237,0.9497
1780908953.727908,-0.1885,-0.8162,-0.4355,76.7099,19.6565,-10.9771,0.9441
1780908953.9199843,0.1807,-1.1265,-0.1321,21.4656,4.4504,17.3053,1.1485
1780908954.1230109,0.0979,-0.9912,0.2217,-1.1145,-28.1221,19.9466,1.0204
1780908954.3200169,-0.0098,-0.9563,0.1536,48.7863,-27.9389,19.855,0.9686
1780908954.5196104,0.0427,-0.8691,-0.0471,43.7863,-25.542,-47.1603,0.8715
1780908954.7279947,-0.3235,-1.1206,-0.2537,-31.1832,36.3817,5.2901,1.1936
1780908954.9198828,-0.333,-1.011,-0.1011,0.7557,61.8931,-2.1832,1.0692
1780908955.1200607,-0.2988,-0.9063,-0.3757,-16.145,84.9847,1.3664,1.0256
1780908955.3266811,-0.0864,-0.97,-0.2935,-4.0229,47.2061,4.4046,1.0171
1780908955.5310938,-0.0325,-0.9431,-0.3193,3.8015,49.1298,2.3893,0.9962
1780908955.7213368,-0.1047,-0.9194,-0.2969,-4.2748,64.2824,12.9008,0.9718
1780908955.9191053,-0.2476,-0.9678,-0.2336,-16.9466,25.6107,18.1069,1.0259
1780908956.1347635,-0.167,-0.8843,-0.3562,-1.1603,4.6183,0.7252,0.9678
1780908956.3296237,-0.2358,-1.062,-0.1111,-27.1832,-3.5802,0.8015,1.0935
1780908956.5245283,-0.2434,-0.7776,-0.1689,2.9924,6.3969,0.3511,0.8321
1780908956.7201838,-0.1296,-0.9424,-0.3618,-35.771,18.4427,-1.0763,1.0177
0,0,0,0,0,0,0,0
0,0,0,0,0,0,0,0
1780908958.192657,-0.2434,-0.9414,-0.1318,-8.5649,-16.6183,-14.9084,0.9813
1780908958.3906274,-0.3015,-0.9988,-0.2764,-17.6107,-36.0382,-12.2519,1.0793
1780908958.5908105,-0.1323,-0.9541,-0.1748,7.4809,-48.8931,-21.9466,0.979
1780908958.7912238,-0.2356,-0.9648,-0.282,-31.0305,-35.3206,-20.4427,1.0324
1780908958.9916108,-0.053,-1.1042,-0.4253,-29.916,-23.4962,3.2137,1.1845
1780908959.1907327,-0.1028,-0.9326,-0.2942,-3.4809,-63.1603,-8.8626,0.9833
1780908959.4132383,-0.2212,-0.9048,-0.3267,-21.5878,-64.2824,-8.542,0.9871
1780908959.5906465,-0.3123,-0.9536,-0.3799,-11.3053,-51.8092,-10.7786,1.0729
1780908959.7895226,-0.0972,-0.8936,-0.3694,12.6794,-33.2748,-29.4962,0.9718
1780908959.995825,-0.0452,-0.9023,-0.4541,-36.2824,7.4198,-18.4198,1.0112
1780908960.197628,-0.1035,-1.1294,-0.3557,-55.8015,-4.5802,-10.7863,1.1886
1780908960.3966691,-0.0315,-0.6963,-0.0103,15.8702,0.5038,8.6718,0.6971
1780908960.5894465,-0.0896,-0.9021,-0.4712,11.0916,-8.4809,4.1374,1.0217
1780908960.794052,-0.1472,-0.908,-0.5903,-28.9618,14.6336,30.5802,1.093
1780908960.9922197,-0.1221,-0.9512,-0.4561,57.0076,0.8397,-34.8855,1.0619
1780908961.1910086,-0.2498,-1.0247,-0.3586,33.8626,10.3817,-12.8244,1.114
1780908961.4032462,-0.2117,-0.7703,-0.3899,-1.3282,3.6947,-14.7786,0.8889
1780908961.5919137,0.2429,-1.0132,-0.0923,-11.2977,14.4427,7.9847,1.046
1780908961.7977095,0.0837,-0.6382,-0.1621,19.2901,24.2519,12.5725,0.6638
1780908961.9905539,-0.0278,-1.1072,-0.6091,31.2137,18.6718,8.7099,1.264
1780908962.1895535,0.1138,-0.8215,-0.4863,5.4733,50.6183,14.5725,0.9614
1780908962.3895972,-0.3652,-1.1594,-0.2434,-21.7863,44.4122,42.6107,1.2397
1780908962.5914211,-0.3276,-1.167,-0.1733,47.1985,51.5573,16.2748,1.2244
0,0,0,0,0,0,0,0
0,0,0,0,0,0,0,0
1780908964.8797102,0.1553,-0.9402,-0.3142,26.7252,-9.4504,21.1527,1.0034
1780908965.0859075,0.0005,-0.8252,-0.4612,3.9313,-19.8168,-11.3817,0.9453
1780908965.278425,-0.0786,-0.8413,-0.3159,36.0229,-35.2061,-7.7023,0.9021
1780908965.4771783,-0.0505,-1.0557,-0.355,-16.687,-24.374,-10.2977,1.1149
1780908965.6728735,-0.0159,-0.9868,-0.3665,-19.4351,16.4198,-9.3969,1.0528
1780908965.8782835,-0.0093,-0.9263,-0.5701,-5.5954,-5.3359,-23.4656,1.0877
1780908966.0778468,0.3477,-0.864,-0.5452,-19.9008,3.3511,-26.6565,1.0792
1780908966.2742388,0.2051,-0.8059,-0.3933,-12.3511,-21.4809,-33.1603,0.9199
1780908966.4743307,0.2363,-0.9749,-0.5278,7.9466,-50.6718,-10.6107,1.1335
1780908966.6797125,0.0793,-0.9956,-0.7886,-5.7557,-25.4733,-6.3511,1.2725
1780908966.873896,0.0273,-1.2058,-0.7935,-33.7099,-61.3588,-24.084,1.4437
1780908967.0741212,0.061,-1.0278,-0.4456,6.7176,-23.7023,-12.4656,1.1219
1780908967.2777252,0.1958,-1.1797,-0.3159,-1.0076,27.2748,-1.3359,1.2369
1780908967.4786322,-0.0598,-0.3083,-0.3667,44.8473,10.6412,-7.5878,0.4828
1780908967.674765,0.1265,-0.5923,-0.2476,14.084,-34.9924,-31.3969,0.6543
1780908967.879339,0.2922,-0.8184,-0.4478,30.4962,-65.5649,-14.9695,0.9775
1780908968.073126,0.3022,-1.3147,-0.7903,-54.6412,-6.4275,41.1908,1.5634
1780908968.2751796,-0.1357,-0.783,-0.6479,-33.1908,39.6641,67.2672,1.0253
1780908968.4770966,-0.0723,-0.7883,-0.564,-18.1832,50.6336,36.6565,0.972
1780908968.675263,-0.1194,-0.803,-0.6641,1.1756,91.3588,31.145,1.0488
1780908968.8744862,0.5046,-0.7202,-0.5022,22.4733,54.4198,9.6718,1.0127
1780908969.0739968,0.2324,-0.8188,-0.4246,30.2748,28.2061,22.0687,0.9512
1780908969.2754157,0.2998,-0.801,-0.3193,47.7405,2.6718,3.0153,0.913
0,0,0,0,0,0,0,0
0,0,0,0,0,0,0,0
1780908970.210054,0.3311,-0.7881,-0.4585,-22.7863,23.084,-0.0153,0.97
1780908970.409763,0.2266,-0.8867,-0.6311,-4.6412,17.4504,13.542,1.1117
1780908970.612636,0.3462,-0.7495,-0.585,18.0382,-3.6183,4.8702,1.0118
1780908970.8072352,0.2717,-0.7571,-0.6523,16.626,-4.1679,3.0458,1.0356
1780908971.0036426,-0.021,-1.0635,-0.45,-28.8626,-20.687,23.9542,1.1549
1780908971.207212,0.1641,-0.6587,-0.3916,32.0458,-19.2977,-20.6947,0.7837
1780908971.403875,-0.0225,-1.104,-0.6387,27.458,-16.2214,-26.313,1.2756
1780908971.605579,0.0076,-0.8025,-0.5771,-7.4656,-19.2595,-14.7557,0.9885
1780908971.8156106,0.3276,-0.7649,-0.175,-6.5649,41.542,31.3435,0.8503
1780908972.0055547,0.3975,-0.5466,-0.2942,-0.6031,30.1069,29.4656,0.7371
1780908972.2055478,0.3025,-0.8342,-0.7329,7.7405,99.5954,51.0229,1.1509
1780908972.4096272,0.2878,-0.6997,-0.7322,-18.4886,115.7481,57.2061,1.0529
1780908972.6085234,-0.0952,-1.238,-0.8125,-88.5267,86.5496,57.7099,1.4839
1780908972.8090422,0.075,-0.4009,-0.4326,42.5649,27.7939,54.3435,0.5945
1780908973.0144594,0.1682,-0.5242,-0.8164,0.771,118.8244,28.687,0.9847
1780908973.2054627,0.0596,-0.5701,-0.2236,-7.8779,22.1832,9.4427,0.6153
1780908973.4100466,0.1138,-0.8181,-1.0962,-44.7405,55.5344,-9.9542,1.3725
1780908973.610503,0.0947,-0.4114,-0.3918,0.8397,6.0076,-2.7176,0.576
1780908973.809003,-0.145,-1.3862,-0.6755,32.5496,-26.0687,-23.6489,1.5489
1780908974.00905,0.062,-0.2581,-0.8191,66.9618,-75.6107,-39.458,0.861
1780908974.2073786,0.1514,-0.5063,-0.7874,52.5344,-157.458,-96.3359,0.9483
1780908974.4060676,0.2532,-0.7205,-0.7871,30.5725,-138.458,-78.7786,1.0967
1780908974.6154118,0.4126,-0.8496,-0.7288,21.7328,-61.5954,-32.8244,1.193
0,0,0,0,0,0,0,0
0,0,0,0,0,0,0,0
1780908975.7361145,0.0146,-0.7766,-0.3965,-4.9008,-18.229,-4.1679,0.8721
1780908975.935182,0.1208,-0.9058,-0.6218,-18.3817,-27.7405,-25.9008,1.1053
1780908976.1327586,0.0544,-0.8093,-0.7039,-7.9237,18.2977,5.0687,1.074
1780908976.3401632,0.0803,-0.8879,-0.7578,45.687,12.5344,4.2061,1.1701
1780908976.533429,0.2666,-0.7612,-0.6252,4.9695,-36.3359,-31.9542,1.0205
1780908976.744409,0.3047,-0.7107,-0.4548,18.6336,-29.771,-29.0534,0.8971
1780908976.9445598,0.1917,-0.8169,-0.4539,24.6641,-37.687,-11.2366,0.954
1780908977.1389081,0.2869,-0.9866,-0.5024,10.3969,-29.7557,-28.4275,1.1437
1780908977.3339984,0.0176,-0.531,-0.5386,2.1832,20.4351,38.5115,0.7565
1780908977.5358417,0.2747,-0.6042,-0.7126,15.4809,17.0305,-1.0687,0.9739
1780908977.7366507,0.1113,-0.8779,-0.6128,-28.3969,15.855,3.3206,1.0764
1780908977.9388416,-0.0535,-0.9966,-0.5422,-2.0992,4.5649,21.9008,1.1358
1780908978.1403935,0.303,-0.6223,-0.5024,-20.5954,18.374,29.4809,0.8553
1780908978.3351688,0.1792,-0.6812,-0.353,16.1221,24.0916,18.313,0.7879
1780908978.5336082,0.0535,-1.0276,-0.5535,32.6794,-48.8015,-23.7023,1.1684
1780908978.7340531,-0.0715,-0.2051,-0.344,44.1298,14.5725,17.626,0.4068
1780908978.936389,-0.1152,-0.585,-0.4636,31.8779,23.229,21.8321,0.7553
1780908979.1383111,-0.0344,-0.843,-0.803,-24.1374,62.1069,62.3664,1.1647
1780908979.3354332,0.0105,-0.5864,-0.4224,-16.5344,54.8321,2.7557,0.7228
1780908979.5337722,0.2942,-0.7341,-0.7795,50.3053,25.1985,-84.5649,1.1105
1780908979.73643,0.375,-0.5291,-0.5217,33.5115,18.3588,-24.8779,0.8323
1780908979.934313,0.4644,-0.7544,-0.7207,22.6565,2.3664,-10.145,1.142
1780908980.1436057,0.4485,-0.8159,-0.752,26.5878,21.7481,23.4427,1.1968
0,0,0,0,0,0,0,0
0,0,0,0,0,0,0,0
1780908981.447402,0.3823,-0.7329,-0.6057,26.4351,27.6183,41.2977,1.0248
1780908981.6467254,0.293,-0.7344,-0.6426,-1.7863,17.9618,27.6565,1.0188
1780908981.8487935,0.0925,-0.9058,-0.7576,-13.1527,-32.2824,2.1985,1.1844
1780908982.0412905,0.3423,-0.9072,-0.8081,-16.5038,-30.0153,21.2137,1.2622
1780908982.2583792,0.0337,-0.8198,-0.5439,-20.4427,65.5267,48.3511,0.9844
1780908982.4420347,0.1392,-0.6516,-0.7959,-93.7481,76.6183,27.5114,1.038
1780908982.6452138,0.0928,-0.8621,-0.6333,-82.5038,13.7481,-6.4962,1.0737
1780908982.8431847,0.2041,-0.5146,-0.4319,7.3053,41.855,73.7939,0.7022
1780908983.04126,0.3884,-0.4385,-0.5654,4.3359,78.2672,83.3435,0.8142
1780908983.2500594,0.135,-0.7234,-0.9102,-48.1374,86.3511,75.3969,1.1704
1780908983.4457078,-0.0759,-0.5994,-0.8098,7.9924,86.3893,86.8244,1.0103
1780908983.6411328,-0.1426,-0.948,-0.7295,-42.2901,50.2443,40.3511,1.2047
1780908983.8453417,-0.1267,-0.5703,-0.3003,34.4351,23.7099,-7.6718,0.6569
1780908984.0417485,-0.1128,-0.9514,-0.8525,-37.7099,-33.1832,-60.626,1.2825
1780908984.241084,0.1257,-0.7988,-0.7102,9.5115,-91.8702,-76.1832,1.0763
1780908984.4415772,0.323,-1.0535,-1.0217,41.2214,-119.5496,-88.1832,1.5027
1780908984.6427531,0.136,-0.4819,-0.6179,9.1756,-145.7786,-49.2595,0.7953
1780908984.8491309,0.4612,-1.5103,-1.2625,2.458,-151.7786,-146.1832,2.0217
1780908985.0411415,0.1804,-0.6418,-0.47,15.2061,-108.2137,-62.0916,0.8157
1780908985.247402,-0.0891,-0.8086,-0.8901,35.1298,-97.4122,-80.7328,1.2059
1780908985.4410527,0.1873,-0.6074,-0.7166,-21.9695,-86.3511,-39.9008,0.9578
1780908985.6421642,0.304,-0.8247,-0.571,33.771,11.8397,7.4885,1.0482
0,0,0,0,0,0,0,0
0,0,0,0,0,0,0,0
1780908986.4507253,0.3328,-0.709,-0.5791,14.7786,20.6565,-5.3359,0.974
1780908986.6515594,0.2205,-0.6714,-0.6643,-61.5573,10.0534,-4.6412,0.9699
1780908986.8515406,0.3521,-0.6738,-0.8157,-22.1374,63.9389,78.8473,1.115
1780908987.0500612,0.4578,-0.4768,-0.8538,-12.9008,112.2748,101.8244,1.0797
1780908987.2505064,0.168,-0.7002,-0.7732,12.145,107.9466,94.6336,1.0566
1780908987.4654365,0.208,-0.7358,-0.759,-18.0305,136.1603,124.229,1.0774
1780908987.6506014,-0.3025,-0.5798,-0.7234,-18.4198,132.2748,118.0916,0.9752
1780908987.8540761,-0.127,-0.6943,-0.8689,20.4886,93.7328,72.3664,1.1195
1780908988.0612907,-0.3582,-0.6528,-0.5161,8.229,71.8168,28.6565,0.906
1780908988.2616322,-0.3606,-0.7527,-0.6204,39.7786,-28.7176,-55.9084,1.0399
1780908988.450826,0.3608,-0.5593,-0.6343,68.3282,-84.145,-79.0076,0.9194
1780908988.6581597,0.2473,-0.3323,-0.5488,40.8702,-97.687,-87.7634,0.6876
1780908988.8520842,0.4612,-1.0315,-0.874,37.6336,-91.5496,-83.0458,1.4285
1780908989.0586176,0.2146,-0.519,-0.5898,16.3511,-88.4427,-54.5344,0.8145
1780908989.2504656,0.2437,-0.6719,-0.9956,-27.5649,-110.6565,-45.3435,1.2256
1780908989.4510593,-0.3679,-0.5342,-0.1499,-21.5496,-84.7023,-23.6794,0.6657
1780908989.7009702,0.1321,-0.7205,-0.6909,48.4656,-63.6183,-79.3817,1.0069
1780908989.8513896,-0.3403,-0.4304,-0.7742,-23.5267,-69.1985,-78.8931,0.9489
1780908990.0511577,0.4045,-0.8152,-0.8477,28.9924,-45.771,-87.229,1.2437
1780908990.2575197,0.1033,-0.79,-0.512,15.4046,-59.1908,-84.3359,0.9471
1780908990.4554214,0.3437,-0.7568,-0.5618,37.3282,-26.1069,-30.8168,1.0033
0,0,0,0,0,0,0,0
0,0,0,0,0,0,0,0
1780908991.2615054,0.291,-0.8174,-0.2573,10.8855,25.4046,35.2214,0.905
1780908991.4612422,0.3647,-0.8608,-0.5308,-23.3511,17.1603,51.0382,1.0751
1780908991.6660743,0.3535,-0.9238,-0.8618,-16.0916,40.7328,40.7481,1.3119
1780908991.8673933,-0.176,-0.4897,-0.7522,-9.9008,38.5802,62.7099,0.9147
1780908992.0680416,-0.0327,-0.7258,-0.6638,-18.9924,23.9084,36.4656,0.9842
1780908992.2634284,-0.1663,-0.5962,-0.571,14.5496,33.9313,17.313,0.8421
1780908992.4674785,-0.1733,-1.4441,-0.9658,25.0534,-33.0229,-37.1832,1.7459
1780908992.661856,0.5764,-0.5,-0.7551,53.0611,-43.9389,-79.7863,1.0735
1780908992.862927,0.1956,-0.4236,-0.4265,-1.3359,-57.2901,-79.1985,0.6321
1780908993.060981,0.4661,-0.7986,-0.6924,20.0382,-78.8626,-67.4657,1.1551
1780908993.2594733,0.6091,-0.6301,-0.4685,13.6489,-3.855,10.4122,0.9938
1780908993.4598374,-0.2351,-0.6169,-0.4883,3.4046,64.229,31.0458,0.8212
1780908993.6593487,0.0112,-0.5859,-0.6917,-36.6412,74.5649,102.9008,0.9065
1780908993.8601263,-0.043,-0.6516,-0.7417,-29.1298,88.2824,80.0992,0.9882
1780908994.0601428,-0.3538,-0.7446,-0.511,18.3282,61.0305,36.6336,0.9699
1780908994.2592947,0.252,-0.4153,-0.6714,106.6336,-53.6336,-91.0076,0.8287
1780908994.4601705,0.2415,-0.4426,-0.7065,37.9542,-114.3511,-125.1069,0.868
1780908994.659914,0.2305,-0.6204,-0.738,27.0611,-151.8931,-123.5496,0.9913
1780908994.860186,0.5703,-0.5554,-0.5774,20.5038,-98.2901,-57.9084,0.9834
1780908995.0601492,0.6482,-0.7805,-0.9626,1.8015,20.9466,17.0992,1.3986
1780908995.2592769,0.0552,-0.7017,-0.7498,-32.6031,56.6183,48.5802,1.0284
1780908995.4590805,0.2686,-0.842,-0.5737,-23.1832,72.7023,35.1221,1.0537
1780908995.6592834,-0.2078,-0.6028,-0.7,-9.7863,97.687,86.7328,0.9468
1780908995.8634098,0.3167,-1.2986,-1.0635,-14.3282,5.9008,-62.1756,1.7081
0,0,0,0,0,0,0,0
0,0,0,0,0,0,0,0
1780908997.0240018,0.2192,-0.7192,-0.4009,37.9695,-85.1221,-53.3588,0.8521
1780908997.22561,0.4268,-0.7634,-0.7756,-11.9771,-118.9542,-78.916,1.169
1780908997.4238057,0.3608,-0.4001,-0.4741,36.6794,-50.8931,5.7023,0.7177
1780908997.6243174,0.457,-0.845,-0.9319,-66.9847,87.0534,82.9847,1.3384
1780908997.8254628,0.1707,-0.7209,-0.7888,-33.1832,145.5267,104.8092,1.0822
1780908998.0316753,0.0254,-0.9158,-0.8223,-28.1985,122.771,86.7939,1.231
1780908998.2239482,-0.2773,-0.8003,-0.6726,-19.3206,91.4427,61.4046,1.0816
1780908998.4253376,-0.1858,-0.8313,-0.4868,9.5191,-7.0992,-39.7252,0.9811
1780908998.6245642,0.1707,-0.6555,-0.7048,1.0153,-127.6794,-124.6183,0.9776
1780908998.8254795,0.2803,-0.6523,-0.7253,18.0229,-141.0382,-94.4809,1.015
1780908999.025435,0.4626,-0.7222,-0.6438,22.3053,-108.5038,-67.6947,1.0724
1780908999.2254865,0.5105,-0.7749,-0.6238,24.0153,-23.4275,-8.8626,1.1181
1780908999.4229379,0.4797,-1.001,-0.7991,10.0229,79.2672,69.4885,1.3677
1780908999.6306312,-0.085,-1.0442,-0.7639,-39.6107,114.3435,95.2061,1.2966
1780908999.8298695,-0.0505,-0.8264,-0.717,-24.5496,121.9237,92.7557,1.0953
1780909000.0244195,-0.0474,-0.8345,-0.6514,-11.7328,112.2443,61.8168,1.0597
1780909000.2235081,-0.2559,-0.8274,-0.6367,0.7863,93.7863,42.0,1.0749
1780909000.423991,0.0737,-0.7454,-0.3726,23.6565,10.8015,-0.0687,0.8365
1780909000.6307817,0.2402,-0.7253,-0.5032,13.3817,-71.855,-51.0916,0.9149
1780909000.8244133,0.197,-0.7417,-0.7251,17.0,-135.0458,-75.0153,1.0558
1780909001.027155,0.3748,-0.7573,-0.6809,36.3282,-117.1221,-41.1908,1.0852
0,0,0,0,0,0,0,0
0,0,0,0,0,0,0,0
1780909001.856767,0.21,-0.9519,-0.5283,14.1298,90.3053,54.6641,1.1088
1780909002.057746,0.282,-0.6313,-0.6611,-22.4046,109.7481,96.8473,0.9567
1780909002.2554605,0.3464,-0.8516,-0.885,-32.3588,125.9618,82.7863,1.2761
1780909002.4569833,0.2961,-0.686,-0.793,-34.5573,121.4427,67.9389,1.0896
1780909002.655217,-0.0801,-0.9199,-0.8914,-24.7099,106.3664,62.9847,1.2834
1780909002.8561478,-0.1177,-0.6074,-0.6348,-12.9237,90.9237,98.9466,0.8864
1780909003.054319,-0.02,-0.7869,-0.709,8.7252,83.1374,62.2137,1.0593
1780909003.2563403,-0.1882,-0.8582,-0.5847,3.0382,54.9389,21.9618,1.0553
1780909003.4557142,-0.3977,-0.9695,-0.4451,4.2672,-22.8931,-22.313,1.1385
1780909003.6569803,0.0017,-1.0144,-1.2351,-20.2366,-126.0458,-129.9847,1.5983
1780909003.8577106,-0.0752,-0.6504,-0.6609,19.3893,-153.6718,-83.7176,0.9303
1780909004.0564723,0.1931,-0.7473,-0.5854,2.7481,-149.0916,-70.458,0.9688
1780909004.2560763,0.4177,-0.7485,-0.7161,4.6489,-103.2595,-58.626,1.1169
1780909004.4573007,-0.4583,-1.1003,-0.7805,-5.8092,-94.0534,-33.229,1.4248
1780909004.6553943,-0.1313,-1.0544,-0.7771,-7.0153,-75.1145,-43.8321,1.3164
1780909004.856659,-0.1497,-0.688,-0.7952,18.4122,-79.8931,-77.8015,1.0621
1780909005.055174,0.0859,-0.7393,-0.7678,10.5496,-75.458,-78.6031,1.0693
1780909005.2588623,0.2322,-0.7166,-0.5251,34.5878,-24.6718,-38.3282,0.9182
1780909005.4558794,0.3152,-1.0261,-0.6333,0.0992,-1.2366,-51.1603,1.2463
1780909005.6559749,0.3098,-0.823,-0.5447,-34.5496,6.458,-20.7252,1.0344
1780909005.8552084,0.4543,-0.6753,-0.6257,-20.7481,45.4275,34.4809,1.0266
1780909006.0537093,0.3477,-0.6477,-0.6436,-20.1832,63.9084,63.9542,0.977
1780909006.2579958,0.2258,-0.623,-0.6724,-15.0534,51.9389,73.9313,0.9441
1780909006.455438,-0.0859,-1.0784,-0.6123,41.6183,51.2366,65.9466,1.2431
0,0,0,0,0,0,0,0
0,0,0,0,0,0,0,0
1780909007.3206213,-0.0122,-0.832,-0.4375,8.2748,-36.0992,-26.6641,0.9401
1780909007.5202215,-0.1238,-0.8792,-0.5518,-0.7176,-52.2901,-27.6336,1.0453
1780909007.7213638,-0.0496,-0.801,-0.6865,-57.8321,-109.0458,-72.2443,1.0561
1780909007.9200754,-0.2024,-1.001,-0.8079,-14.3969,-112.9618,-71.9618,1.3021
1780909008.119936,0.0642,-0.3918,-0.5076,-15.5496,-99.8168,-64.0687,0.6444
1780909008.327115,0.2224,-0.9688,-1.1863,2.0611,-87.6489,-79.6565,1.5476
1780909008.5242548,0.2346,-1.1624,-1.3274,-79.9695,-66.5343,-72.0458,1.7799
1780909008.721185,-0.1973,-0.781,-0.6638,-5.8779,-51.1374,-13.3206,1.0438
1780909008.919942,-0.1643,-0.6531,-0.5974,3.7023,-72.4733,-63.5954,0.9002
1780909009.1199288,-0.0808,-0.532,-0.561,-1.0763,-94.3206,-84.0611,0.7774
1780909009.3199234,0.272,-1.2693,-0.7769,-12.1374,-99.3817,-62.5649,1.5128
1780909009.5209498,0.0339,-0.4587,-0.5535,-10.229,-102.7023,-68.8092,0.7197
1780909009.7199914,0.2,-0.4167,-0.5298,26.4886,-113.3511,-35.4733,0.7031
1780909009.920094,-0.1404,-0.9409,-1.1504,37.229,-134.2214,-83.1603,1.4928
1780909010.1194665,-0.363,-1.2998,-1.0869,-25.8779,-136.6718,-79.1756,1.7328
1780909010.3198845,0.1033,-0.8938,-0.7209,-1.6336,-64.9695,-65.3359,1.153
1780909010.523513,-0.2444,-0.7004,-0.4556,-9.1603,-56.3588,-53.0,0.8706
1780909010.7198691,0.1968,-0.8079,-0.6213,8.2595,-35.9695,-64.0534,1.038
1780909010.9202976,0.2893,-0.5837,-0.5332,9.8626,-61.9847,-72.7939,0.8419
1780909011.119928,0.3093,-0.6592,-0.6641,11.4885,-92.229,-68.0611,0.9855
1780909011.3200908,0.4307,-0.6848,-0.7039,17.5954,-79.3817,-38.2214,1.0723
1780909011.5220556,0.2998,-0.9351,-0.8052,-19.8092,-41.8397,17.2061,1.2699
1780909011.7203119,-0.1223,-1.0088,-0.7029,-6.1756,32.8626,38.7328,1.2356
1780909011.9703772,-0.0422,-0.894,-0.7393,-1.4122,83.2061,66.771,1.1609
1780909012.119777,-0.1379,-0.8018,-0.7209,36.8779,114.2443,76.6794,1.087
0,0,0,0,0,0,0,0
0,0,0,0,0,0,0,0
1780909013.110392,-0.0173,-0.7952,-0.5486,0.1221,-35.7405,-25.9695,0.9662
1780909013.3102295,-0.0957,-0.8391,-0.6323,6.5954,-52.7481,-39.4122,1.055
1780909013.5099359,0.062,-0.8193,-0.5515,11.7863,-37.4351,-45.7939,0.9896
1780909013.7096963,0.0989,-0.7891,-0.6741,-12.5725,-28.6947,-23.9924,1.0425
1780909013.909936,0.2053,-0.8113,-0.6306,-4.6412,20.0916,13.7481,1.0479
1780909014.1093447,0.2922,-0.7253,-0.7346,-4.0382,90.3588,54.6107,1.0729
1780909014.3093214,0.0513,-0.7769,-0.7229,-6.2366,120.4657,65.0076,1.0624
1780909014.5223043,0.1863,-0.7424,-0.7134,-13.9847,130.084,68.5802,1.0463
1780909014.7091928,0.1606,-0.7566,-0.6658,-12.1145,147.542,77.6412,1.0205
1780909014.9101303,0.126,-0.8945,-0.5457,-26.542,105.0687,46.0382,1.0554
1780909015.1115916,-0.0854,-0.7751,-0.5732,-9.374,83.1756,95.4427,0.9679
1780909015.3100815,-0.0242,-0.7722,-0.5344,-8.4962,-2.916,0.9695,0.9394
1780909015.510317,0.0549,-0.8191,-0.6392,-15.5802,-45.3893,-18.8244,1.0404
1780909015.7101188,-0.1096,-0.9104,-0.7173,-15.6031,-38.7786,12.9618,1.1642
1780909015.9101434,0.0483,-0.7571,-0.5859,-0.3817,-15.3359,11.6947,0.9586
1780909016.109524,-0.0347,-0.7717,-0.5286,5.2443,34.5344,25.458,0.936
1780909016.3098264,-0.1514,-0.8533,-0.5647,0.6794,63.6031,41.7634,1.0343
1780909016.5226123,-0.0701,-0.8767,-0.5078,17.2672,33.2824,-20.9313,1.0156
1780909016.709877,-0.0947,-0.946,-0.781,-63.4275,20.1069,-29.0611,1.2304
1780909016.9107926,-0.0271,-0.5264,-0.6025,-3.6183,-73.1832,-80.0534,0.8005
1780909017.1243677,0.2092,-0.7861,-0.5476,11.9313,-96.0916,-51.0229,0.9806
1780909017.3223448,0.343,-0.7944,-0.6025,24.9466,-85.5573,-58.3206,1.0544
1780909017.5100262,-0.3052,-0.6504,-0.6096,-0.4733,-52.8321,16.0916,0.9422
1780909017.7095647,0.0093,-0.8308,-0.5955,-12.9618,-26.0076,4.7863,1.0222
1780909017.9100227,-0.0415,-0.7922,-0.6001,3.313,-14.3359,9.9084,0.9947
0,0,0,0,0,0,0,0
0,0,0,0,0,0,0,0
1780909018.892709,0.0554,-0.8728,-0.5396,-3.5802,48.542,23.0763,1.0276
1780909019.0929122,-0.041,-0.8342,-0.6785,-1.0305,78.084,39.3435,1.0761
1780909019.2938328,-0.1909,-0.8018,-0.6406,-10.6412,52.2519,28.2901,1.0439
1780909019.4934065,-0.3037,-0.7791,-0.7109,-16.8244,-55.9695,-34.5725,1.0975
1780909019.6930346,-0.2056,-0.6665,-0.8284,14.7481,-181.5114,-104.7252,1.0829
1780909019.8942213,-0.1995,-0.7236,-0.9763,-17.9771,-189.2519,-133.6336,1.2315
1780909020.0937076,0.2009,-0.9578,-0.6069,-18.3969,-137.3969,-73.542,1.1515
1780909020.2953098,0.4746,-0.6072,-0.6631,-52.855,-18.4351,-71.0,1.0167
1780909020.4923043,0.1897,-0.7905,-0.6296,-20.229,43.4427,33.0229,1.0283
1780909020.6932247,0.1023,-0.8782,-0.5642,0.2519,20.3435,34.4351,1.0488
1780909020.8929718,0.2119,-1.3708,-1.291,-68.9008,37.4198,-18.6183,1.895
1780909021.1030118,-0.2253,-0.5422,-0.689,-21.3511,-9.5878,7.0153,0.9052
1780909021.2930532,-0.0339,-0.5652,-0.4172,-20.9542,-33.5496,-37.5115,0.7033
1780909021.4931893,-0.0239,-0.897,-0.5957,45.1374,-9.8931,-9.855,1.077
1780909021.69329,-0.0378,-0.5515,-0.4761,83.4351,-22.3817,6.916,0.7296
1780909021.8926213,0.6077,-0.835,-0.708,-18.0763,-7.9313,-6.6947,1.2521
1780909022.0927105,0.3076,-0.8694,-0.6333,-26.6565,-9.5573,-3.6718,1.1187
1780909022.296621,0.1863,-0.9158,-0.6682,14.9542,-22.626,-3.8168,1.1488
1780909022.4925034,0.1895,-0.4692,-0.531,37.8626,17.542,36.2061,0.7335
1780909022.6934462,-0.0188,-0.9785,-0.8408,-27.313,1.3588,-15.626,1.2903
1780909022.903929,-0.0608,-0.9036,-0.6147,0.084,7.542,-6.0458,1.0945
1780909023.1046839,-0.0298,-0.9768,-0.6421,49.6641,41.2824,37.7939,1.1693
1780909023.2929733,-0.0447,-0.5605,-0.4897,30.4656,19.1832,27.2595,0.7457
1780909023.4935222,0.436,-0.6711,-0.6348,-0.2672,12.7099,-6.458,1.0215
0,0,0,0,0,0,0,0
0,0,0,0,0,0,0,0
1780909024.326845,0.1147,-0.7341,-0.5818,14.8321,-53.626,-61.374,0.9437
1780909024.5262232,0.1743,-0.8118,-0.6575,-10.916,-51.5802,-15.855,1.0591
1780909024.7332559,0.1282,-0.8374,-0.5627,-5.4809,-52.0458,-23.1069,1.017
1780909024.9264297,0.0762,-1.0842,-0.666,3.5649,-29.9771,-4.4046,1.2747
1780909025.126688,0.0366,-0.6233,-0.6882,10.1069,-13.7481,-3.7405,0.9292
1780909025.3264186,0.125,-0.9087,-1.1338,-0.0534,-4.3893,-34.0534,1.4584
1780909025.526715,-0.1785,-1.0388,-0.7654,-27.8015,30.6718,22.3053,1.3026
1780909025.730788,-0.1135,-0.6555,-0.791,-26.855,90.8015,83.7939,1.0336
1780909025.927329,0.2769,-0.5364,-0.6899,0.145,60.8397,39.1908,0.9167
1780909026.1279542,0.1052,-0.5447,-0.7532,26.3359,33.084,25.6718,0.9354
1780909026.327367,0.2104,-0.5796,-0.926,-6.7786,40.5649,43.2672,1.1125
1780909026.5271263,0.0825,-0.5564,-0.9441,-10.9008,38.4122,34.2595,1.099
1780909026.7274077,-0.3276,-0.9038,-0.9128,-32.6031,-5.1908,4.2061,1.3257
1780909026.9264865,-0.1172,-0.676,-0.7305,55.9313,-0.7557,9.2061,1.0022
1780909027.1329749,-0.2383,-0.802,-0.8335,6.9847,-5.1221,-7.1069,1.181
1780909027.3268278,0.1284,-0.542,-0.6204,26.4427,-38.3053,-79.9389,0.8337
1780909027.525988,0.3672,-0.585,-0.6282,23.5954,-4.6183,-4.3588,0.9336
1780909027.7257316,0.436,-0.7317,-0.7292,3.8092,0.1985,-7.0,1.1213
1780909027.9274235,0.239,-0.7676,-0.7302,0.8168,50.6565,58.4198,1.0861
1780909028.1364615,-0.1238,-0.6912,-0.8416,16.6412,59.5954,78.9542,1.096
1780909028.3261495,-0.2581,-0.6487,-0.856,22.9695,95.0382,129.1374,1.1046
1780909028.5274565,-0.2698,-0.803,-0.7249,-18.3511,43.3053,35.8168,1.1149
1780909028.7274315,-0.3782,-0.7339,-0.5786,12.9542,22.6718,22.4504,1.0082
1780909028.9264715,-0.2153,-0.8213,-0.5937,81.626,-8.1298,-8.1145,1.0361
1780909029.1269448,0.1558,-0.1733,-0.4626,13.3435,-32.3664,-10.1603,0.518
0,0,0,0,0,0,0,0
0,0,0,0,0,0,0,0
1780909030.0452728,0.052,-0.7319,-0.5835,-5.7939,-6.2366,-21.0076,0.9375
1780909030.2455087,0.1599,-0.887,-0.5447,-11.3893,-1.9847,-11.6107,1.0531
1780909030.4451623,0.1741,-0.8459,-0.6118,0.2824,-4.0992,20.2595,1.0584
1780909030.6475759,-0.0288,-1.0964,-0.6255,42.4351,-37.855,25.6718,1.2626
1780909030.8475456,0.1333,-0.3682,-0.5596,-13.0992,43.5115,52.687,0.683
1780909031.0455148,-0.0718,-0.6638,-0.6499,38.3664,80.2137,39.3282,0.9318
1780909031.2442658,-0.2922,-0.8767,-0.7219,13.6107,74.0992,49.3206,1.1727
1780909031.46761,-0.0439,-0.7454,-0.8066,-44.9924,-2.0534,-39.5954,1.0992
1780909031.6539838,0.0056,-0.8347,-0.5432,-12.5115,-67.8855,-53.6412,0.9959
1780909031.8574965,0.0479,-0.8635,-0.6406,-27.5725,-73.5038,-27.1603,1.0763
1780909032.0452766,0.0842,-0.6538,-0.8489,-27.3893,-145.4962,-114.7176,1.0748
1780909032.245181,-0.188,-0.7678,-0.542,-3.2672,-60.5649,32.8321,0.9585
1780909032.4453206,-0.1641,-0.7676,-0.5642,-8.1832,-78.5038,-46.6412,0.9667
1780909032.6532912,-0.2273,-0.7617,-0.6492,31.3359,-58.9466,-45.0229,1.0263
1780909032.8508983,-0.0447,-0.906,-0.8555,-23.1603,-39.2366,-67.1374,1.2469
1780909033.0539796,0.04,-1.0452,-0.5378,-7.3969,12.0992,12.4275,1.1761
1780909033.2608097,0.0369,-0.6042,-0.3101,4.4962,-20.7176,-21.8473,0.6802
1780909033.4672005,0.24,-0.7629,-0.5437,29.0382,13.0382,30.4962,0.9671
1780909033.674214,0.0854,-0.7356,-0.645,-24.626,72.6947,46.9771,0.9821
1780909033.880665,-0.2671,-0.8804,-0.6589,13.7176,69.1679,76.5573,1.1316
1780909034.0461605,-0.0867,-0.864,-0.7124,56.3435,87.7099,81.9313,1.1232
1780909034.2830136,-0.2126,-0.6897,-0.6077,9.7176,78.2443,47.2977,0.9435
1780909034.4440823,-0.2012,-0.7212,-0.7004,12.5573,98.4733,60.2748,1.0253
1780909034.6444938,-0.2,-0.7834,-0.5962,-7.6107,6.7939,-27.0076,1.0046
0,0,0,0,0,0,0,0
0,0,0,0,0,0,0,0
1780909035.7875445,-0.1572,-0.8381,-0.2932,-13.1221,-54.0382,-25.6641,0.9018
1780909035.9947762,-0.3293,-0.8721,-0.6216,-2.916,-60.6794,-26.5725,1.1204
1780909036.2017581,-0.0879,-0.7151,-0.5063,-15.8473,-88.0916,-60.8015,0.8806
1780909036.3735337,-0.0283,-0.7039,-0.7625,-30.3282,-103.542,-89.5573,1.0381
1780909036.5967016,0.1655,-0.7642,-0.5488,-7.2748,-63.6107,-35.0534,0.9553
1780909036.7806706,0.0178,-0.9922,-0.7043,6.5725,-50.4809,-23.6336,1.2169
1780909036.9698613,0.0693,-0.6448,-0.3066,42.4504,-33.1756,7.0763,0.7173
1780909037.1702595,-0.4158,-0.4556,-0.7224,-7.4046,-90.7252,-25.7099,0.9499
1780909037.3698258,-0.1462,-0.6711,-0.6545,-4.1145,-46.9008,1.458,0.9488
1780909037.5698786,-0.1172,-1.2688,-0.6091,-2.5954,-2.229,5.7405,1.4123
1780909037.7715065,0.0488,-0.2297,-0.5535,-9.4962,51.9008,-14.4275,0.6012
1780909037.9698768,-0.0037,-0.3079,-0.396,4.2214,35.3588,26.8779,0.5016
1780909038.1698809,-0.031,-0.7935,-0.5073,25.4809,-22.6107,0.0611,0.9423
1780909038.3726952,0.1216,-0.9502,-0.99,-19.6336,-9.0153,-38.7481,1.3776
1780909038.5698867,-0.0386,-1.2888,-1.0535,18.2366,-24.4351,13.9847,1.665
1780909038.7704458,0.082,-0.842,-0.595,-8.7557,20.7939,19.6794,1.0343
1780909038.9702427,0.0613,-0.9602,-0.6404,-35.0458,70.5802,33.6031,1.1558
1780909039.16954,0.2798,-0.5017,-0.8406,-4.5191,76.3053,56.8702,1.0181
1780909039.370518,0.1155,-0.75,-1.0408,-30.6794,102.9924,101.855,1.288
1780909039.5699356,0.1614,-0.5833,-0.8276,-17.855,73.5115,56.1603,1.0253
1780909039.7733214,0.0955,-0.5649,-0.825,3.771,71.5267,83.6641,1.0044
1780909039.9786358,-0.031,-0.6816,-0.8584,13.1298,7.3053,13.5191,1.0966
1780909040.168929,0.0535,-1.1257,-0.8796,17.5954,4.374,38.4275,1.4296
1780909040.3740444,-0.1182,-0.7825,-0.4927,31.7328,49.0229,39.2748,0.9322
1780909040.5699165,0.064,-0.8586,-0.5522,24.0382,64.4427,58.5267,1.0229
0,0,0,0,0,0,0,0
0,0,0,0,0,0,0,0
1780909041.5515945,-0.0088,-0.9575,-0.4812,-13.1298,-14.1374,-11.0153,1.0717
1780909041.7514634,0.1711,-0.6499,-0.5408,-5.8321,-7.5191,-23.9847,0.8626
1780909041.959739,0.0828,-0.5186,-0.4495,0.4809,27.8626,21.771,0.6912
1780909042.1505287,-0.0112,-0.8269,-0.5027,25.4351,14.9847,41.6947,0.9678
1780909042.351161,-0.0564,-0.9514,-0.8115,-37.6718,20.8473,0.0229,1.2518
1780909042.551382,-0.1143,-0.833,-0.7598,1.9389,6.8626,-10.542,1.1332
1780909042.7512612,-0.1074,-0.885,-0.6453,-0.0305,20.6565,6.8626,1.1005
1780909042.951018,-0.1294,-1.0469,-0.6052,-1.9924,16.6336,4.916,1.2161
1780909043.1515672,0.009,-0.8152,-1.0186,-2.4275,14.2748,-40.7328,1.3046
1780909043.3513813,0.0652,-0.7427,-0.7056,15.9237,27.6412,26.7634,1.0265
1780909043.5513093,-0.1724,-1.0637,-0.6287,27.1221,-21.4504,27.3359,1.2476
1780909043.7536612,0.1663,-0.6519,-0.2065,34.542,-53.2824,-30.2443,0.7037
1780909043.9538765,-0.1006,-0.8503,-0.7673,28.5114,-68.9084,4.1908,1.1498
1780909044.151807,-0.0815,-0.437,-0.3254,-19.1985,-31.1298,-23.4656,0.5509
1780909044.3554986,0.0503,-1.0422,-0.6777,36.4351,-36.2901,-41.771,1.2442
1780909044.5507042,-0.3379,-0.3501,-1.0103,-68.7405,-93.3664,-40.1985,1.1213
1780909044.7506382,0.2332,-0.6414,-0.7251,-15.8321,-115.8855,-69.9695,0.9957
1780909044.9507253,0.196,-0.554,-0.9524,-11.687,-120.6794,-120.6718,1.1191
1780909045.1511252,-0.0847,-0.6348,-0.7344,4.3664,-46.5878,-36.2214,0.9744
1780909045.3510902,-0.1987,-0.7478,-0.7446,39.2977,-65.6031,-42.1145,1.0739
1780909045.5506685,-0.1382,-0.7185,-0.613,6.1298,-66.1374,-61.6718,0.9545
1780909045.7514472,-0.0527,-0.7495,-0.7324,0.9924,-15.4733,-16.1756,1.0493
1780909045.9510639,-0.095,-0.8035,-0.7629,-12.6565,-14.6107,-33.3435,1.112
0,0,0,0,0,0,0,0
0,0,0,0,0,0,0,0
1780909046.9975214,-0.0281,-0.8721,-0.5459,-12.0305,47.3206,25.3359,1.0292
1780909047.198171,0.0383,-1.0581,-0.6045,14.7176,-18.1603,-22.5725,1.2192
1780909047.3980753,-0.0002,-0.7734,-0.3943,24.1145,3.5725,14.2824,0.8681
1780909047.5981157,-0.1597,-0.7476,-0.6716,-14.5878,-25.5038,-2.9695,1.0176
1780909047.798266,-0.1177,-0.7756,-0.3437,-15.7405,-31.3359,3.9924,0.8565
1780909047.997407,0.0706,-0.8911,-0.3889,35.0,-14.1908,14.3435,0.9748
1780909048.2110977,-0.1167,-1.022,-0.6199,74.9084,-16.0,-34.2824,1.201
1780909048.3979595,0.0186,-1.0149,-0.4026,-19.7481,-24.8779,-20.7252,1.092
1780909048.61447,0.0959,-1.1277,-0.2817,-21.7252,-40.7863,1.7176,1.1663
1780909048.7976325,0.3081,-1.2373,-0.9805,24.374,-0.771,17.5191,1.6085
1780909049.00043,-0.2351,-0.9204,0.0022,33.3435,-42.4504,-20.6718,0.95
1780909049.1985095,-0.0457,-1.0156,0.1448,65.0916,22.2519,55.2824,1.0269
1780909049.3982,-0.3074,-1.2769,0.2756,33.2748,59.7405,-4.7863,1.3419
1780909049.5987873,-0.0051,-1.1321,0.113,9.626,73.3206,14.6947,1.1377
1780909049.797464,-0.1086,-0.8635,0.3674,-7.3588,41.8473,-19.6412,0.9447
1780909049.9991584,-0.0659,-0.8962,0.4148,3.4351,-31.7328,6.687,0.9898
1780909050.1999943,0.0005,-0.5115,-0.1125,7.313,6.7405,-13.5878,0.5237
1780909050.3976924,-0.0596,-0.5552,0.158,-0.0305,46.3817,-24.1298,0.5803
1780909050.599409,-0.0818,-0.9866,0.2969,10.3511,23.6718,-6.9084,1.0335
1780909050.797558,-0.2773,-0.8628,0.3767,39.8626,70.9008,-5.2595,0.9814
1780909050.9980373,-0.0371,-0.4504,0.0352,-2.7176,59.8855,-2.6489,0.4533
1780909051.1982396,-0.1042,-0.7622,0.0906,25.542,14.0687,-6.5344,0.7746
1780909051.3980334,-0.0471,-0.8945,0.2539,-2.1603,1.8244,-18.9466,0.9311
0,0,0,0,0,0,0,0
0,0,0,0,0,0,0,0
1780909052.303705,-0.0173,-1.0227,0.2205,-11.4198,56.8855,0.5496,1.0463
1780909052.5035596,0.2954,-0.9041,0.0408,1.8168,67.1603,-4.0992,0.952
1780909052.7038958,0.1243,-0.9373,0.1394,-1.3664,80.2366,9.542,0.9557
1780909052.9036338,-0.1836,-0.863,0.1147,18.7328,85.3435,-0.9618,0.8898
1780909053.1033576,-0.2019,-0.6968,0.0396,-5.2061,131.4046,6.4962,0.7265
1780909053.3062754,-0.1516,-0.8679,-0.1699,-20.0153,102.9313,-6.8244,0.8973
1780909053.5074487,-0.3069,-1.0208,-0.1165,-17.4886,58.9084,-28.6718,1.0722
1780909053.7039027,-0.3013,-1.3809,-0.5579,-46.1603,-23.6565,-69.2214,1.5195
1780909053.9052012,-0.1257,-1.436,-0.3962,20.9466,-91.8626,-15.687,1.495
1780909054.1122916,0.0562,-1.0955,-0.4253,-21.5573,-89.8702,-5.1221,1.1765
1780909054.30387,0.2703,-0.9575,-0.4067,17.8015,-170.6718,-50.2137,1.0749
1780909054.5066764,-0.1558,-0.7349,-0.4424,-20.7939,-117.5954,21.9542,0.8718
1780909054.7053828,-0.113,-1.1047,-0.5073,-9.8321,-76.1908,-15.0,1.2209
1780909054.9036164,-0.1321,-0.8181,-0.3513,-22.6412,-69.6565,-84.2137,0.9001
1780909055.1033475,0.0823,-0.9785,-0.5369,20.458,-42.2366,4.9618,1.1191
1780909055.303754,-0.0481,-1.2615,-0.2043,-20.1908,-38.1069,-11.0992,1.2788
1780909055.503652,0.1318,-0.7712,-0.1963,-3.2519,-0.1603,-10.7023,0.8067
1780909055.7035875,0.2041,-0.9424,-0.2927,27.0611,53.5344,23.3206,1.0077
1780909055.903337,0.1233,-0.8508,-0.5371,-26.3588,72.9542,-26.2901,1.0137
1780909056.10388,-0.4548,-1.3486,-0.4233,9.1145,98.687,92.5802,1.4849
1780909056.3034575,0.1807,-0.7002,-0.4778,-42.0382,103.626,22.8855,0.8667
1780909056.5017762,-0.0315,-1.136,-0.3584,22.8702,120.4427,20.1985,1.1916
1780909056.7036839,-0.1343,-0.9561,-0.5027,-13.2366,75.2137,32.9008,1.0885
1780909056.9021177,0.0073,-0.9268,-0.334,-1.687,3.5115,10.7099,0.9851
0,0,0,0,0,0,0,0
0,0,0,0,0,0,0,0
1780909057.7834885,-0.0039,-0.9756,-0.1824,-3.8855,-17.5267,-7.2748,0.9925
1780909057.9863455,-0.0989,-1.0237,-0.3384,-2.542,-30.6412,-18.0305,1.0827
1780909058.1852396,-0.2083,-0.9546,-0.324,-32.7634,-75.3969,-33.7405,1.0294
1780909058.3833363,0.2505,-0.7148,-0.5579,-0.7328,-107.2061,-38.7099,0.9407
1780909058.5832164,0.1875,-0.8696,-0.4666,-3.6031,-73.145,-16.3588,1.0045
1780909058.7830918,0.1638,-0.925,-0.4475,-4.6031,-79.374,-32.5267,1.0406
1780909058.9837835,0.2976,-0.8167,-0.2832,17.145,-36.1145,-3.5725,0.9142
1780909059.183563,0.209,-0.9973,-0.2432,43.313,-5.0076,19.5954,1.0476
1780909059.3837547,0.0242,-0.7312,-0.4126,-18.7939,42.229,-4.687,0.8399
1780909059.5827765,-0.2256,-1.0486,-0.4275,-0.9771,9.855,9.5191,1.1546
1780909059.783436,-0.0864,-1.0261,-0.2656,-41.9618,1.2824,-12.9237,1.0635
1780909059.9833055,0.0005,-1.071,-0.3584,36.5725,40.5954,40.5573,1.1294
1780909060.1853397,0.071,-0.5881,-0.366,-9.2595,-11.9389,-52.6641,0.6963
1780909060.3817892,0.1499,-0.6804,-0.3494,16.8702,-30.4275,7.1221,0.7794
1780909060.585627,0.0332,-0.9363,-0.3484,2.5115,-26.5344,14.1985,0.9995
1780909060.7835195,0.1616,-0.9971,-0.3159,5.6412,-25.7557,20.4427,1.0583
1780909060.9829166,0.0486,-0.5146,-0.313,-12.1679,17.6336,1.3969,0.6043
1780909061.1837442,-0.2273,-1.0366,-0.5222,-13.7481,11.1908,-12.3893,1.1828
1780909061.383313,-0.1819,-1.0437,-0.3982,-12.1527,50.3817,10.9618,1.1318
1780909061.5833352,-0.2695,-0.9067,-0.532,23.7634,100.3969,49.9084,1.0853
1780909061.785606,0.0364,-0.7517,-0.481,-31.6794,64.8855,-7.9466,0.8931
1780909061.9851894,-0.1157,-1.0081,-0.3887,46.3969,23.8779,22.6107,1.0866
1780909062.196647,-0.0291,-0.8875,-0.5833,-3.855,67.3664,4.0153,1.0624
1780909062.385377,-0.2664,-0.9128,-0.3362,3.145,51.9618,21.5649,1.0086
1780909062.584291,-0.0969,-0.8342,-0.4382,-9.1374,22.1069,-9.4962,0.9473
1780909062.784249,-0.2637,-1.0872,-0.4351,26.8168,-28.2214,-11.4504,1.2003
0,0,0,0,0,0,0,0
0,0,0,0,0,0,0,0
1780909063.9394157,0.0732,-0.863,-0.3479,-2.0992,-18.2214,-26.0992,0.9334
1780909064.1395295,0.1299,-0.9448,-0.4009,5.3435,-54.8397,-30.0076,1.0345
1780909064.3399467,0.0557,-1.0432,-0.3857,-9.6794,-40.4122,-17.8626,1.1136
1780909064.5406024,0.2373,-0.8237,-0.5779,6.9771,-57.8931,-15.8168,1.0338
1780909064.7408366,0.3376,-0.7913,-0.3262,19.6565,-66.8626,-16.7481,0.92
1780909064.944007,-0.0676,-0.8486,-0.7593,-13.542,-59.6947,14.5878,1.1407
1780909065.1387851,-0.0654,-0.6177,-0.491,27.8779,-43.0,8.1679,0.7917
1780909065.3480465,-0.0576,-0.8213,-0.6204,40.4427,-57.1221,-16.9466,1.0309
1780909065.5388958,-0.1018,-1.0503,-0.6399,-9.9237,-2.1221,-5.084,1.2341
1780909065.73926,0.0571,-0.9089,-0.3459,27.3588,-13.2137,-22.2137,0.9742
1780909065.9390943,0.002,-0.8738,-0.457,16.0076,5.7557,2.2901,0.9861
1780909066.1438282,0.4316,-1.2397,-0.5522,40.3282,16.3206,-33.3359,1.4242
1780909066.3391094,0.0488,-0.8965,-0.5198,-9.916,55.7176,15.0916,1.0374
1780909066.5394905,0.0989,-0.6296,-0.7585,-104.0305,44.855,-14.0,0.9908
1780909066.7393453,0.1711,-0.968,-0.2561,17.0153,-44.7405,6.4046,1.0158
1780909066.9390528,0.0483,-0.9351,-0.3633,1.6031,-34.3206,-14.1679,1.0043
1780909067.1391413,-0.0442,-0.751,-0.5999,-9.8626,-18.8168,6.7405,0.9622
1780909067.3387308,0.5535,-0.7739,-0.3149,82.0763,-46.9847,-8.6718,1.0022
1780909067.5392792,0.1072,-0.7622,-0.5203,-11.6031,-6.8473,-44.7557,0.929
1780909067.7391987,0.3066,-1.127,-0.605,-4.313,45.687,30.084,1.3153
1780909067.9393902,0.2869,-0.824,-0.5977,-3.9237,62.2366,16.0229,1.0576
1780909068.1388268,0.1233,-0.8433,-0.5549,-13.4275,71.458,40.0076,1.017
1780909068.339353,-0.1167,-0.9719,-0.4795,10.8321,37.0687,38.7786,1.09
1780909068.539106,0.208,-0.8447,-0.3545,0.7176,98.7939,16.0992,0.9394
1780909068.789638,-0.1799,-0.8943,-0.3938,-5.2824,60.9466,11.6336,0.9936
1780909068.9528158,-0.0601,-0.9131,-0.4216,-10.6107,24.3206,9.916,1.0075
0,0,0,0,0,0,0,0
0,0,0,0,0,0,0,0
1780909070.1345267,-0.0833,-0.9507,-0.4167,-4.1298,-39.5878,-22.3435,1.0413
1780909070.2336676,-0.1997,-0.9197,-0.3828,-7.2061,-51.1985,-15.0305,1.016
1780909070.4328444,-0.0879,-0.9888,-0.3872,-11.458,-71.1069,-25.458,1.0655
1780909070.6326632,0.0767,-0.8086,-0.29,23.916,-75.2214,-17.0534,0.8625
1780909070.8335323,-0.1255,-0.8157,-0.8347,-71.3511,-45.8168,4.313,1.1738
1780909071.0886922,0.0962,-0.7854,-0.5051,-6.2061,-56.4656,-24.7634,0.9388
1780909071.283234,0.1045,-0.8572,-0.4873,-6.4656,-26.0763,-23.5114,0.9915
1780909071.4414628,0.0139,-1.105,-0.5637,17.3969,-33.5573,3.4809,1.2405
1780909071.6326432,0.0215,-0.582,-0.4709,-44.4122,20.0458,25.8321,0.749
1780909071.833446,-0.084,-1.0303,-0.8252,5.3359,-13.0534,-0.5573,1.3227
1780909072.0828037,-0.127,-0.8342,-0.457,-67.2061,7.0611,-8.0916,0.9597
1780909072.232659,-0.0447,-0.9875,-0.4666,42.1832,19.7634,34.8244,1.0931
1780909072.4322906,-0.0439,-0.6006,-0.6213,0.8244,24.5267,-32.5802,0.8653
1780909072.6835685,-0.1121,-0.8696,-0.7009,14.3511,-36.3893,-12.9924,1.1225
1780909072.8345618,-0.0178,-0.8547,-0.4529,-9.2443,-45.5115,-40.7023,0.9675
1780909073.0374875,0.0908,-0.9011,-0.4453,49.2595,-75.145,-13.7634,1.0092
1780909073.2321544,-0.0437,-0.4255,-0.416,-31.5114,4.1679,1.3282,0.5967
1780909073.4322479,-0.0505,-0.8809,-0.386,39.145,-33.9924,-13.7099,0.963
1780909073.6325676,-0.186,-1.1438,-0.1611,14.1145,-7.3893,-26.5649,1.17
1780909073.8326185,-0.2004,-1.0012,-0.6006,-17.8626,46.8931,25.2977,1.1846
1780909074.032985,0.0181,-0.8604,-0.3154,-65.7481,0.6718,-43.4809,0.9165
1780909074.2326062,0.1165,-0.8735,-0.4609,2.2901,31.9008,8.6947,0.9945
1780909074.4328494,0.2688,-0.8845,-0.6091,-4.5267,-10.4504,-18.8473,1.1071
1780909074.6318579,0.2371,-0.9124,-0.4248,-4.916,7.9542,-5.3588,1.0339
0,0,0,0,0,0,0,0
0,0,0,0,0,0,0,0
1780909075.4323258,0.2444,-0.9004,-0.4575,-7.3053,2.5191,7.2366,1.0391
1780909075.6312435,0.282,-0.876,-0.501,25.1756,-18.0153,9.6565,1.0478
1780909075.8309424,0.1814,-0.7603,-0.5615,-12.9237,-25.9466,2.8931,0.9624
1780909076.0317106,-0.0398,-0.8589,-0.6636,1.9237,-36.9771,46.4122,1.0861
1780909076.2313867,0.0667,-1.009,-0.6106,-74.626,-0.7176,-28.1145,1.1813
1780909076.4308474,-0.3792,-1.0728,-0.3899,-1.7863,24.3588,8.5115,1.2027
1780909076.6308112,-0.1213,-0.8311,-0.4431,-46.3511,29.8702,-46.2137,0.9496
1780909076.831196,0.3313,-0.6665,-0.6716,64.5573,-22.3282,-24.6183,1.0025
1780909077.033622,-0.0332,-1.0186,-0.6504,-44.0916,-2.145,1.6489,1.209
1780909077.232173,0.3101,-0.9568,-0.6904,-20.7634,-7.5649,-7.9618,1.2199
1780909077.432634,0.3469,-0.6543,-0.5437,-17.2443,37.3664,5.9084,0.9187
1780909077.6330888,-0.2566,-0.7441,-0.4302,-11.8168,19.7099,13.0305,0.897
1780909077.8374736,0.3362,-0.823,-0.6726,79.9389,2.8015,44.5649,1.1148
1780909078.0312002,-0.3201,-0.9199,-0.364,14.855,-22.2595,8.2977,1.0398
1780909078.2307396,-0.0149,-1.0132,-0.5996,-31.5496,-15.7252,-36.8702,1.1774
1780909078.4308014,0.0767,-0.9595,-0.1001,-61.4885,-2.3969,23.9466,0.9677
1780909078.6314957,0.3564,-0.8132,-0.2688,24.9237,7.4046,-2.0153,0.9277
1780909078.8316448,0.2612,-0.9966,-0.5369,-41.7939,100.313,23.0687,1.1617
1780909079.0406733,0.2466,-0.8044,-0.6196,-32.3511,122.5267,53.5267,1.0449
1780909079.2315676,0.115,-0.7898,-0.5642,8.0687,104.5649,44.2748,0.9774
1780909079.4308727,0.0193,-0.8806,-0.5432,-2.5267,62.6565,32.3206,1.0349
1780909079.6318262,-0.1355,-1.0872,-0.2351,102.9466,18.5802,57.0,1.1205
1780909079.8316693,-0.1711,-0.7798,-0.3442,6.2595,78.0153,52.855,0.8694
1780909080.0313213,-0.1052,-0.9221,-0.3201,-8.8855,28.1832,8.6641,0.9817
0,0,0,0,0,0,0,0
0,0,0,0,0,0,0,0
1780909080.9296973,-0.0732,-0.9348,-0.2102,-4.6412,-28.0229,-15.0458,0.961
1780909081.1210063,-0.0403,-0.9536,-0.3303,-14.1756,-40.7481,-31.458,1.01
1780909081.321184,-0.0305,-1.0178,-0.417,16.458,-49.0305,-9.4809,1.1004
1780909081.5216134,0.1086,-0.9871,-0.4958,23.1908,-85.8321,-21.1756,1.1099
1780909081.7205362,0.1626,-0.9158,-0.4485,-25.9695,-92.3359,-62.8321,1.0326
1780909081.9704816,0.3694,-0.8164,-0.6211,34.6794,-85.7099,-2.5878,1.0903
1780909082.120633,0.1753,-1.0271,-0.4648,-5.6947,-58.5878,-25.6794,1.1409
1780909082.3215535,0.2568,-0.9939,-0.3516,1.7252,-25.229,9.5649,1.0851
1780909082.5214252,0.0513,-1.0452,-0.2002,14.771,-17.5344,11.2137,1.0654
1780909082.7212632,0.0605,-0.7627,-0.4407,31.7786,-10.542,-7.7099,0.8829
1780909082.9201334,0.0676,-0.7688,-0.251,-43.4427,43.9008,18.6565,0.8116
1780909083.1208928,-0.0708,-1.0671,-0.2498,1.9008,29.8015,13.2748,1.0983
1780909083.320614,0.0298,-1.0554,-0.3386,-22.6107,1.1832,-14.5573,1.1088
1780909083.5206652,0.1082,-0.6841,-0.395,-11.7328,-5.916,-14.771,0.7973
1780909083.7203012,0.0144,-0.9001,-0.1807,-1.2977,-33.8702,-5.2443,0.9182
1780909083.9198668,0.0542,-0.9407,-0.345,1.1298,-42.4962,-4.687,1.0034
1780909084.120234,0.1675,-1.0608,-0.3987,-28.8244,-29.3817,-8.8015,1.1455
1780909084.3198516,-0.1704,-0.9275,-0.4961,12.9771,-13.0305,7.3053,1.0655
1780909084.5203745,0.1018,-0.8838,-0.1589,48.3588,-32.2748,8.6489,0.9037
1780909084.7207453,0.1396,-0.8943,-0.3455,28.1832,-34.9237,-20.9695,0.9688
1780909084.9202106,-0.0098,-1.1016,-0.4553,-45.229,-17.8244,-15.2061,1.192
1780909085.1237864,-0.0256,-0.9119,-0.252,-13.9008,-53.4809,-23.1145,0.9464
1780909085.3324575,0.1641,-0.8577,-0.3789,14.2519,-20.5344,-18.3969,0.9519
1780909085.5233698,0.2437,-0.8918,-0.4265,-10.2901,-13.5649,-18.6794,1.0182
1780909085.7202597,0.2351,-0.9109,-0.4646,-21.5802,2.0305,-1.6565,1.0492
0,0,0,0,0,0,0,0
0,0,0,0,0,0,0,0
1780909086.6270485,0.1516,-0.8945,-0.4185,22.3359,51.1679,36.5038,0.9991
1780909086.8274043,0.0752,-0.853,-0.3821,-0.3359,43.1985,28.1298,0.9377
1780909087.0271795,-0.1091,-0.9922,-0.5081,24.7481,12.8244,36.4504,1.12
1780909087.2273679,0.2627,-0.9602,-0.4255,-57.0229,14.1374,-24.5114,1.0826
1780909087.4271896,-0.0178,-0.981,-0.2761,-24.9542,2.6107,-17.0,1.0192
1780909087.6273272,-0.2083,-0.9287,-0.3469,-6.7634,25.8015,-14.5649,1.013
1780909087.83229,0.1133,-1.0156,-0.5103,43.2824,8.2137,10.8244,1.1422
1780909088.02582,-0.0554,-1.1519,-0.3855,-4.1145,29.7405,10.0305,1.2159
1780909088.227301,0.1877,-0.946,-0.4121,2.8321,27.3282,-6.9847,1.0488
1780909088.4259791,0.2246,-0.9294,-0.605,-18.5954,94.9466,45.9695,1.1315
1780909088.6270893,0.2991,-0.8477,-0.8567,-75.5038,129.6488,32.8473,1.2417
1780909088.8281837,-0.1575,-0.9221,-0.0552,42.542,151.2977,69.7634,0.9371
1780909089.0271325,-0.2073,-0.9285,-0.6697,-22.1756,167.9542,83.626,1.1634
1780909089.2357662,-0.1292,-0.9636,-0.4922,-33.9771,60.2061,41.7939,1.0897
1780909089.438682,-0.1189,-0.8845,-0.3376,48.6565,46.8473,51.2519,0.9542
1780909089.6284251,-0.0693,-1.2446,-0.8809,-87.7252,-56.8473,-69.8168,1.5264
1780909089.9301443,-0.0002,-1.0134,-0.6279,-11.7176,-104.6031,-36.3817,1.1922
1780909090.0279195,0.1846,-1.0632,-0.5789,-10.9084,-95.313,-35.0229,1.2246
1780909090.2273772,0.2451,-0.896,-0.7329,-0.6107,-101.5649,-41.8931,1.1832
1780909090.4276505,-0.2688,-0.8149,-0.186,66.2366,-74.6107,32.9389,0.8781
1780909090.6773467,-0.0879,-1.0139,-0.3364,31.229,-14.2443,0.2443,1.0719
1780909090.8272872,-0.0496,-1.0105,-0.5312,14.3053,23.1908,12.9237,1.1427
0,0,0,0,0,0,0,0
0,0,0,0,0,0,0,0
1780909091.663807,0.0872,-0.9448,-0.3491,1.3664,-38.0305,-15.9084,1.011
1780909091.8628297,0.0977,-0.8577,-0.3904,5.9695,-26.1374,-31.8244,0.9474
1780909092.1139078,0.0222,-1.0039,-0.438,23.3969,-59.313,-27.5267,1.0955
1780909092.2614307,0.1116,-0.8611,-0.4482,30.0229,-83.2824,-28.0534,0.9772
1780909092.462274,0.2959,-0.7393,-0.6665,9.3359,-129.3664,-74.3969,1.0384
1780909092.7147603,0.2607,-0.9619,-0.4272,22.1756,-139.2748,-61.1985,1.0843
1780909092.8638256,0.4099,-0.8884,-0.4846,5.2595,-81.1374,-46.3206,1.0919
1780909093.0641644,0.3699,-0.8147,-0.3831,48.4809,-58.2519,-17.5649,0.9733
1780909093.273547,0.0046,-0.7217,-0.5569,51.4275,-5.1374,28.4962,0.9116
1780909093.5145617,0.0603,-0.7053,-0.3291,20.7634,-31.2595,-3.6412,0.7807
1780909093.6619906,0.3154,-1.0049,-0.3652,-10.3359,13.8931,9.0458,1.1148
1780909093.8672063,0.0732,-0.9529,-0.3665,-9.9466,57.5725,23.458,1.0235
1780909094.0622854,0.2158,-0.6943,-0.5129,-85.0763,55.9847,-11.374,0.8898
1780909094.2615254,0.0925,-0.8015,-0.3816,-31.2595,60.5191,39.5954,0.8925
1780909094.4614043,0.1582,-0.9519,-0.3943,1.7557,-14.9084,10.1756,1.0424
1780909094.6732633,0.094,-0.7053,-0.4104,35.6718,-17.8321,-3.4351,0.8214
1780909094.8614244,-0.0349,-1.2441,-0.6003,20.6107,34.6794,47.7634,1.3819
1780909095.0621412,0.0586,-1.0261,-0.0674,11.5038,18.8626,9.7863,1.03
1780909095.3119965,-0.0139,-1.0115,-0.2095,23.3588,71.9313,24.9313,1.033
1780909095.4649692,0.1023,-0.645,-0.1577,24.0458,-2.374,-4.7786,0.6719
1780909095.6642444,0.5005,-0.7468,-0.4575,-15.7634,-18.5878,-38.145,1.0087
1780909095.8618345,0.2634,-0.917,-0.3093,-16.1756,0.1221,-9.7863,1.003
1780909096.0612416,0.3647,-0.9033,-0.4009,-11.5573,-5.7634,-5.1603,1.0534
0,0,0,0,0,0,0,0
0,0,0,0,0,0,0,0
1780909097.0012317,0.3313,-0.8225,-0.4395,-27.6412,90.7939,44.5115,0.9896
1780909097.201444,0.3804,-0.7546,-0.562,-2.4733,50.7634,29.6183,1.0149
1780909097.3984334,0.4104,-0.7627,-0.4998,-7.8168,57.7252,38.3359,0.9999
1780909097.604155,0.2258,-1.0801,-0.5916,-12.8626,89.7176,68.8321,1.252
1780909097.8056827,0.0925,-0.7524,-0.2732,-1.0763,107.5649,39.9618,0.8058
1780909097.9972808,-0.0588,-1.0127,-0.3606,-20.7939,75.4885,47.6947,1.0766
1780909098.197774,-0.1165,-0.9924,-0.179,0.9771,59.1069,-4.1221,1.0151
1780909098.3976798,-0.0149,-1.0393,-0.0137,19.7786,42.2366,-4.4046,1.0395
1780909098.5970423,0.0906,-0.5859,-0.2881,3.2901,63.2061,-22.3053,0.6592
1780909098.797347,-0.103,-0.7834,-0.3025,-5.5649,89.0153,25.8321,0.8461
1780909099.002353,0.1023,-0.9102,-0.1936,1.0076,14.2061,7.8702,0.9361
1780909099.1971915,0.1345,-1.0881,-0.4204,-15.0,-9.4885,21.1527,1.1743
1780909099.401749,-0.03,-1.3525,-0.2932,-31.0229,4.0229,29.7481,1.3843
1780909099.5985234,-0.1582,-0.8657,-0.1396,-7.6336,32.2137,16.8321,0.8911
1780909099.7970715,-0.1106,-1.0249,-0.1865,-3.9466,-20.9313,-43.0992,1.0476
1780909100.0082254,-0.052,-1.4219,-0.908,-51.2443,-109.3817,-22.5802,1.6878
1780909100.1970017,-0.021,-1.2085,-0.4492,-0.9924,-148.8168,-63.5115,1.2895
1780909100.3990173,0.0535,-1.1392,-0.4644,-4.8092,-141.374,-54.5038,1.2313
1780909100.5977294,0.2427,-1.0171,-0.5281,7.5725,-111.0763,-41.2214,1.1714
1780909100.7970257,0.0652,-0.9163,-0.4631,-26.4122,-24.7328,-13.2672,1.0287
1780909101.0104299,0.0076,-0.9006,-0.376,-12.2366,-49.5954,-32.6336,0.976
1780909101.1997962,-0.0881,-0.8435,-0.2319,6.1145,21.3282,17.3588,0.8792
1780909101.3986812,0.0134,-0.9553,-0.3354,7.0611,23.4122,13.0458,1.0126
0,0,0,0,0,0,0,0
0,0,0,0,0,0,0,0
1780909102.5475328,0.0486,-0.9387,-0.1628,9.3511,-61.3359,-37.0687,0.954
1780909102.7456264,-0.2712,-0.978,-0.2849,-14.0992,-51.7786,-19.4275,1.0542
1780909102.9470198,0.0312,-1.0085,-0.4553,-29.8244,-84.1145,-55.8397,1.107
1780909103.1458757,0.1228,-0.8782,-0.4353,21.3893,-87.0992,-32.7099,0.9878
1780909103.3495245,0.1995,-0.9031,-0.5076,4.7405,-86.8855,-30.4275,1.055
1780909103.5641696,0.1956,-0.864,-0.332,8.9618,-85.6489,-21.4351,0.946
1780909103.7503114,0.3706,-1.0149,-0.4961,-12.4733,-52.2748,-42.4733,1.1889
1780909103.9461339,0.2419,-0.926,-0.2207,26.1603,-38.1069,-3.9695,0.9822
1780909104.1527932,0.1257,-0.7249,-0.6436,-0.0076,21.855,23.6107,0.9774
1780909104.3460624,0.1406,-0.9644,-0.7241,-18.2519,27.0687,48.7023,1.2141
1780909104.546698,-0.0071,-0.9998,-0.2058,7.7634,37.5344,5.6718,1.0207
1780909104.746203,0.032,-1.04,-0.4329,58.3893,44.9771,18.4886,1.127
1780909104.945839,0.135,-0.6333,-0.511,62.3206,-41.0687,-21.6947,0.8249
1780909105.1469226,0.0396,-0.8289,-0.4766,-19.145,-34.0992,14.916,0.9569
1780909105.3458672,0.1824,-0.8677,-0.4077,9.8244,-52.084,-11.1679,0.9759
1780909105.5457287,0.426,-1.0066,-0.3748,69.5802,-55.0763,-20.2748,1.1555
1780909105.7521122,-0.1079,-1.0332,-0.9063,-46.626,25.855,-0.2366,1.3786
1780909105.9521124,-0.1013,-0.8953,-0.4163,-36.0534,23.8702,-24.3206,0.9925
1780909106.1502323,0.032,-0.6941,-0.5107,1.6565,45.8473,11.7786,0.8623
1780909106.349778,-0.1318,-0.979,-0.573,-15.5038,-33.3053,16.4427,1.142
1780909106.546916,0.1116,-0.8875,-0.3857,14.0611,-29.5344,-1.8244,0.9741
1780909106.745807,-0.0276,-0.8813,-0.447,-6.7939,34.1298,12.7939,0.9886
1780909106.946933,-0.1172,-0.8821,-0.4089,4.313,32.458,8.1756,0.9793
1780909107.1459887,-0.2419,-0.8994,-0.5168,-1.4656,28.2595,28.1374,1.0652
1780909107.3543425,0.314,-0.9932,-0.4404,47.5725,36.1603,0.8626,1.1309
0,0,0,0,0,0,0,0
0,0,0,0,0,0,0,0
1780909108.0773015,0.0872,-0.96,-0.4473,-45.1069,-22.4962,-5.1221,1.0626
1780909108.2795475,0.1038,-0.8928,-0.4963,-25.2366,8.9771,-0.2977,1.0268
1780909108.5273123,0.1926,-0.8992,-0.5063,-13.9618,48.2672,22.3435,1.0498
1780909108.6784008,0.1294,-0.7988,-0.5493,-14.1985,112.8779,45.4275,0.9781
1780909108.879498,0.1545,-0.7329,-0.7954,-32.3435,108.2672,86.3588,1.0926
1780909109.0856204,0.1174,-0.925,-0.7998,10.3588,75.0382,54.855,1.2285
1780909109.286311,-0.2312,-1.0715,-0.4199,6.9771,115.0229,53.374,1.1739
1780909109.5282981,-0.3164,-0.8638,-0.457,48.2672,61.6412,62.3664,1.0272
1780909109.6771452,-0.0049,-0.8218,-0.405,-4.3893,15.4962,-9.0,0.9162
1780909109.8770633,-0.3665,-1.0208,-0.2585,10.9847,-15.3359,-18.9466,1.1149
1780909110.0799189,-0.0789,-0.7217,-0.5137,56.1832,-75.7176,-11.3206,0.8893
1780909110.2773883,-0.0073,-1.0637,-0.5371,18.3817,-64.9237,-11.4809,1.1917
1780909110.4778817,0.0439,-1.0435,-0.2368,-9.3664,-52.9008,-5.7023,1.0709
1780909110.6772904,-0.0325,-0.9377,-0.0977,15.7939,-77.5343,-11.9313,0.9434
1780909110.8771443,-0.1646,-1.2864,-0.3252,-10.4046,17.9466,53.2901,1.337
1780909111.078033,-0.3867,-0.7822,-0.1445,-13.9008,11.374,64.1145,0.8845
1780909111.2783983,-0.6658,-0.8154,-0.1699,-5.9847,-5.0916,27.4046,1.0663
1780909111.4838927,-0.6255,-0.7725,-0.2349,-13.5344,-18.0076,-3.7863,1.0213
1780909111.9269962,-0.5264,-0.7925,-0.2078,-12.8015,-21.0382,-20.3435,0.9738
1780909111.928473,-0.4783,-0.8037,-0.1946,-14.2901,-37.1374,-49.5573,0.9553
1780909112.1285462,-0.3975,-0.8533,-0.1553,-33.2672,-47.8473,-68.4962,0.954
1780909112.2813196,0.3625,-1.1084,-0.4885,-41.8702,-34.5267,-58.0382,1.2644
1780909112.4782743,0.2461,-0.8687,-0.4343,-19.7939,-37.8168,-58.3206,1.0019
0,0,0,0,0,0,0,0
0,0,0,0,0,0,0,0
1780909113.469243,0.229,-0.9561,-0.27,0.4733,-21.1985,-7.3664,1.0195
1780909113.619165,0.1865,-0.814,-0.2683,-2.6947,-47.8702,-2.3664,0.8771
1780909113.8741355,0.3215,-0.9531,-0.3867,-14.7099,-48.7176,1.229,1.0777
1780909114.0192728,0.1238,-0.8633,-0.291,-6.5649,-70.7099,12.3893,0.9194
1780909114.2203996,0.1313,-1.0537,-0.6616,-52.0229,-38.145,52.3053,1.2511
1780909114.4183338,-0.458,-0.7439,-0.3237,-16.4962,-29.6107,36.9695,0.9316
1780909114.6195822,-0.2832,-0.7363,-0.3359,23.3053,-0.2901,0.687,0.8575
1780909114.8193262,-0.365,-0.8464,-0.2595,4.6336,23.1145,-8.3664,0.9576
1780909115.0187812,-0.2012,-0.967,-0.3049,34.1603,82.4962,-20.0153,1.0337
1780909115.219178,0.1572,-0.8022,-0.8884,25.084,89.7557,-39.7557,1.2073
1780909115.4189692,0.2595,-1.0732,-0.7375,18.5114,17.0763,-43.0458,1.3278
1780909115.6195078,0.5588,-0.843,-0.6167,-11.7176,-50.0153,-50.4427,1.1846
1780909115.8189898,0.3318,-0.7705,-0.5269,18.0382,-45.5954,-4.542,0.9906
1780909116.018902,0.3708,-0.8062,-0.4617,34.0992,-57.3053,22.2061,1.0003
1780909116.2189767,0.2781,-1.0559,-0.6335,12.9008,-7.6947,55.5954,1.2624
1780909116.4190474,-0.1807,-1.0281,-0.2524,-0.4885,44.9008,37.8092,1.0739
1780909116.619093,-0.1418,-0.8909,-0.4053,4.5496,80.2366,27.0153,0.9889
1780909116.822998,-0.3064,-0.825,-0.5374,25.229,135.1603,32.542,1.0311
1780909117.0194385,0.3049,-1.1619,-0.9529,-78.084,71.2748,-38.2061,1.5333
1780909117.2183928,0.3777,-1.3445,-1.0083,-127.3511,58.5649,-42.0229,1.7225
1780909117.4200475,0.1641,-0.8127,-0.5659,-54.916,-3.8855,-44.2443,1.0039
0,0,0,0,0,0,0,0
0,0,0,0,0,0,0,0
1780909118.4047058,0.2651,-0.8323,-0.3452,15.7786,58.5267,81.9847,0.9392
1780909118.5980427,-0.1919,-0.9199,0.0046,27.5114,62.7634,49.916,0.9397
1780909118.7975414,-0.407,-0.7576,-0.0752,-5.4656,88.2061,49.8244,0.8632
1780909118.9984136,-0.4255,-0.8875,-0.1255,9.2214,41.1756,9.1756,0.9922
1780909119.1986673,-0.3296,-0.7878,-0.1819,-3.5725,47.8626,-14.0916,0.8732
1780909119.4472694,-0.2781,-0.9146,-0.1982,7.2366,50.2748,-25.9466,0.9762
1780909119.5973577,0.0061,-0.5823,-0.7009,8.1908,13.0458,-35.7023,0.9113
1780909119.7974825,0.1201,-0.6187,-0.5217,-0.6183,-47.2061,-42.3817,0.8181
1780909119.9973478,0.2976,-0.8411,-0.7087,2.3359,-74.5725,-25.5573,1.1394
1780909120.201535,0.1289,-0.8062,-0.4531,32.1908,-67.6641,15.8321,0.9337
1780909120.400842,-0.6184,-1.5347,-0.9358,45.0458,-59.8931,52.8855,1.9009
1780909120.599851,-0.2432,-0.6011,-0.2786,18.2748,1.2672,15.4809,0.7057
1780909120.8038206,-0.5032,-0.8091,-0.324,8.2595,9.5038,-18.4427,1.0064
1780909120.9974217,-0.2915,-0.8977,-0.2532,8.8397,16.3053,-43.7634,0.9772
1780909121.2115443,0.0225,-1.0291,-0.2686,0.1603,58.5496,-45.2824,1.0638
1780909121.4031856,-0.2212,-0.5637,-0.3538,-5.1527,6.7557,-20.3511,0.7013
1780909121.5993092,0.2791,-0.781,-0.5769,-20.3817,-44.0458,-31.9466,1.0103
0,0,0,0,0,0,0,0
0,0,0,0,0,0,0,0
1780909122.5046058,-0.1162,-0.7573,-0.3809,-1.5038,27.9313,-10.9618,0.8556
1780909122.713482,0.2246,-0.8479,-0.5168,-29.9542,74.5878,-6.5649,1.0181
1780909122.9008226,0.1516,-0.8564,-0.4036,0.7099,51.0534,8.2748,0.9588
1780909123.1016405,0.387,-0.8286,-0.374,-5.4733,44.5496,34.8473,0.988
1780909123.298254,0.1379,-1.0857,-0.5869,-15.0458,48.4198,65.3435,1.2419
1780909123.4979863,-0.03,-0.9792,-0.6152,-8.0,61.6412,21.3664,1.1569
1780909123.698011,-0.2681,-0.7983,-0.2278,-1.8702,11.8931,24.9237,0.8724
1780909123.8994157,0.0762,-0.9536,-0.2312,0.7939,44.9847,19.771,0.9842
1780909124.0986006,-0.1455,-0.8879,-0.3125,11.3435,69.084,15.7252,0.9525
1780909124.3027313,-0.116,-0.5068,-0.2825,34.9695,49.542,24.3664,0.5917
1780909124.4973266,-0.1118,-0.78,-0.2461,28.8473,88.9389,41.0534,0.8255
1780909124.700136,-0.134,-0.97,-0.2065,27.6107,18.5573,56.855,1.0007
1780909124.8977575,0.0029,-0.7266,-0.2632,7.7405,62.9618,22.7939,0.7728
1780909125.0980685,-0.0598,-0.8669,-0.1804,-25.2748,77.4962,-0.6031,0.8875
1780909125.3484278,-0.2742,-0.9478,-0.5981,-28.3588,102.3588,13.5267,1.1538
1780909125.4974926,-0.0164,-0.9177,-0.6521,-35.5573,28.4962,18.4275,1.1259
1780909125.7002099,-0.0911,-0.8425,-0.6895,-48.2748,13.3282,29.0534,1.0925
1780909125.9286153,-0.0881,-0.6072,-0.6882,-35.1603,0.5344,13.1374,0.922
1780909126.0977225,-0.2424,-0.5396,-0.8928,-58.8015,-0.3359,24.5496,1.071
1780909126.2977977,-0.1155,-0.3794,-0.9473,-39.3435,5.1069,10.0305,1.0269
1780909126.4976416,-0.0828,-0.2937,-1.0759,-10.8015,14.7405,-0.2214,1.1184
1780909126.698165,-0.1282,-0.3171,-0.9612,5.3893,-8.4885,-31.2214,1.0202
1780909126.904313,-0.1514,-0.385,-1.0107,56.3053,-6.916,-29.5038,1.0921
1780909127.1120446,0.0376,-0.6309,-1.1128,67.9313,6.7939,-22.9313,1.2797
1780909127.3028286,0.0085,-0.7522,-0.8169,90.5115,2.8702,-7.1298,1.1105
1780909127.4973195,0.0171,-0.7356,-0.0229,115.2061,12.0153,2.1832,0.7362
1780909127.6985018,0.0259,-0.7847,0.0996,83.4809,29.9084,1.7557,0.7914
1780909127.897638,0.0803,-0.9329,0.1958,20.3511,5.9313,-19.4198,0.9566
1780909128.0981476,0.0493,-0.9546,0.0471,16.7328,4.771,-4.5115,0.957
0,0,0,0,0,0,0,0
0,0,0,0,0,0,0,0
1780909129.0437658,0.093,-0.9648,0.2864,8.6565,18.0611,-2.0153,1.0107
1780909129.2373474,0.1411,-0.9224,0.3,7.6412,2.9618,-9.3511,0.9802
1780909129.443223,0.1775,-0.9138,0.2905,30.4504,15.0076,-4.8779,0.9752
1780909129.637146,0.2004,-0.8477,0.4048,26.7863,8.5496,-5.5802,0.9605
1780909129.8373742,0.1216,-0.7437,0.5552,38.3511,9.1603,-4.626,0.936
1780909130.0384576,0.1128,-0.5625,0.7241,-10.9466,-5.2214,1.2519,0.9238
1780909130.2374904,0.0637,-0.7456,0.5696,-17.9389,-11.9618,5.6565,0.9404
1780909130.4388545,0.1611,-0.752,0.4683,-51.6794,-23.0076,9.5344,0.9004
1780909130.6557095,0.1733,-0.8528,0.3562,-60.5802,-13.9771,4.0916,0.9403
1780909130.8385623,0.1335,-1.0264,0.0371,-46.6336,0.0763,15.5878,1.0357
1780909131.0419056,-0.0195,-0.9651,-0.0486,-72.0076,-8.9008,11.6641,0.9665
1780909131.2492743,-0.0549,-1.0461,-0.4741,-64.0382,25.1145,13.2366,1.1499
1780909131.4376302,0.0134,-0.8904,-0.6802,-62.9924,14.3053,7.4275,1.1205
1780909131.638788,-0.0007,-0.7358,-0.7722,-46.0992,-0.9618,2.084,1.0667
1780909131.8384871,0.0686,-0.7383,-0.8054,-6.9618,-6.4962,3.1603,1.0947
1780909132.0380192,-0.0801,-0.6389,-0.6812,15.8244,-2.8321,5.9466,0.9373
1780909132.243875,-0.04,-0.6968,-0.6011,42.9771,0.4962,-3.7634,0.9211
1780909132.4387455,0.0603,-0.8796,-0.5034,77.4198,-2.626,-13.7939,1.0153
1780909132.638475,-0.02,-0.8967,-0.2524,61.8397,-0.9618,-11.9466,0.9318
1780909132.8926344,0.1104,-1.1245,-0.1409,44.9542,5.2443,-12.0382,1.1387
1780909133.0430062,0.0981,-0.9404,0.0779,45.6641,1.8779,-7.313,0.9487
1780909133.2372255,0.1584,-0.9495,0.1467,11.9389,5.4504,-9.9237,0.9737
1780909133.447399,0.0735,-0.9705,0.1782,-16.1985,23.7405,2.7863,0.9894
0,0,0,0,0,0,0,0
0,0,0,0,0,0,0,0
1780909134.1799493,0.1458,-0.9153,0.1558,-15.7863,19.6489,17.9542,0.9398
1780909134.370904,0.2166,-1.272,0.1208,-38.7863,14.3588,23.4504,1.2959
1780909134.5682359,0.1299,-0.8762,-0.0615,70.1298,26.6183,0.6794,0.8879
1780909134.76721,-0.0349,-1.0701,-0.167,13.0305,57.3969,-16.542,1.0836
1780909134.9669375,-0.3032,-1.0164,0.0139,-3.8397,3.0687,-3.4504,1.0607
1780909135.1676004,0.0559,-0.9697,0.0176,-39.9695,19.8626,18.8397,0.9715
1780909135.423284,0.0522,-1.1743,-0.197,-32.2901,15.8855,-17.0305,1.1919
1780909135.5678654,-0.0718,-1.2532,-0.3604,-36.7023,15.3053,-44.687,1.3059
1780909135.772071,0.3535,-0.9788,-0.3005,82.8168,28.8168,57.4122,1.0832
1780909135.9672391,-0.3337,-0.9875,0.4216,-37.3053,-10.1069,-25.5649,1.1245
1780909136.1684709,-0.113,-0.7051,-0.2085,-0.0534,-18.458,1.0611,0.7439
1780909136.367278,-0.2759,-0.7874,0.0723,-39.3053,-0.6107,-16.1679,0.8374
1780909136.5677686,-0.2151,-1.0215,0.1167,-8.855,-22.458,-24.6718,1.0504
1780909136.7678304,-0.0967,-0.9871,0.0239,-16.3588,30.8473,-17.0534,0.9921
1780909136.9816506,-0.0911,-0.5403,-0.25,-33.9847,37.9313,16.0992,0.6022
1780909137.175314,0.0703,-0.6963,-0.2014,-28.4886,12.2137,0.6489,0.7282
1780909137.3682075,-0.0496,-0.907,-0.0964,21.374,-8.6107,27.5954,0.9134
1780909137.5739627,-0.0757,-1.2209,-0.1328,36.1374,-19.145,8.7786,1.2305
1780909137.8236845,-0.2979,-1.1182,-0.063,17.2366,57.8931,41.9542,1.1589
1780909137.9678268,-0.147,-0.947,-0.0208,2.3969,66.5038,18.4656,0.9586
1780909138.171318,-0.0947,-1.0137,-0.0266,-4.5344,84.1527,-6.374,1.0184
1780909138.368198,-0.1658,-1.3337,-0.1279,-35.2824,77.4122,-21.2366,1.3501
1780909138.5774555,0.0,-0.793,-0.116,-14.4351,30.229,-22.8168,0.8014
1780909138.768311,-0.0728,-0.7896,-0.0352,9.229,-20.3359,-9.1985,0.7937
1780909138.9679606,0.0781,-0.9497,-0.126,10.1374,-49.2672,2.7634,0.9612
1780909139.167074,0.1995,-0.98,-0.1343,21.3282,-56.9466,-15.1298,1.009
1780909139.3931913,0.0144,-0.8481,-0.196,-1.7786,-48.9389,-3.8702,0.8706
0,0,0,0,0,0,0,0
0,0,0,0,0,0,0,0
1780909140.15487,0.0215,-0.9226,-0.189,-12.8168,42.6489,-15.8321,0.942
1780909140.3244765,0.1887,-1.002,-0.1831,-16.3359,49.3359,6.8244,1.0359
1780909140.5257788,0.366,-1.0356,-0.2109,-17.8931,63.8473,-6.9847,1.1185
1780909140.7252018,0.1648,-0.9333,-0.2231,-8.458,87.3435,4.2443,0.9737
1780909140.9282463,0.1699,-0.9092,-0.2737,-6.7328,69.0076,36.4198,0.9646
1780909141.124469,0.1528,-0.8909,-0.2751,0.4427,67.6489,48.4122,0.9448
1780909141.324017,-0.4922,-0.9141,-0.1562,6.3206,86.4809,104.0153,1.0498
1780909141.5340183,-0.3357,-0.8721,-0.0596,20.4275,67.1603,40.6794,0.9363
1780909141.7238946,-0.293,-0.875,-0.0454,14.3893,49.3969,17.7557,0.9239
1780909141.9298792,-0.262,-0.9231,-0.0625,8.0763,49.9237,-18.4122,0.9616
1780909142.124551,-0.2373,-1.019,-0.1863,11.5191,47.542,-26.9237,1.0628
1780909142.3257837,-0.0513,-0.6763,-0.3191,-18.9313,8.7939,-24.5496,0.7495
1780909142.5239887,-0.0244,-0.8145,-0.0415,11.4809,5.6794,4.5191,0.8159
1780909142.726936,0.0144,-0.9502,-0.1438,16.3969,-19.771,10.2443,0.9611
1780909142.9259305,0.137,-1.2004,-0.2971,-5.9008,2.3359,18.9924,1.2442
1780909143.17696,-0.1184,-1.2385,-0.4019,-23.6565,33.1298,28.5802,1.3075
1780909143.323255,-0.2385,-0.9641,-0.1167,-15.1221,29.6031,25.4198,1.0
1780909143.53282,-0.0249,-1.0615,-0.1519,19.9618,35.6947,-10.4504,1.0726
1780909143.7239168,0.0496,-0.7009,-0.4312,-10.0916,47.5496,-5.5725,0.8244
1780909143.9257398,0.033,-1.2856,-0.3733,-14.9618,-10.9466,-33.6718,1.3391
1780909144.127328,-0.0017,-1.1475,-0.3628,10.542,-5.145,18.8244,1.2034
1780909144.323647,0.0342,-1.2312,-0.1851,1.1679,-44.5649,-0.9695,1.2455
1780909144.5235162,-0.0164,-0.6045,-0.3838,11.3893,8.9542,6.8779,0.7162
1780909144.724569,0.0161,-0.6677,-0.3301,-25.3206,52.4275,3.0611,0.745
1780909144.9330046,-0.1433,-0.949,-0.2656,-8.3893,48.9389,-12.5725,0.9958
1780909145.1235666,-0.2056,-0.8672,-0.2969,2.0305,83.5649,12.4122,0.9394
0,0,0,0,0,0,0,0
0,0,0,0,0,0,0,0
1780909146.1172838,-0.2551,-0.9067,-0.2214,-9.0305,-42.6565,0.3359,0.9676
1780909146.367265,-0.0859,-0.9314,-0.3291,-19.7939,-45.916,-24.9771,0.9916
1780909146.5168588,0.0281,-0.7012,-0.5649,-15.5573,-28.9695,-28.9008,0.9009
1780909146.7170405,0.0493,-0.8625,-0.5129,-6.3817,-85.9771,-30.8321,1.0048
1780909146.9177868,-0.0339,-0.8821,-0.5652,-3.0153,-98.4427,-10.0458,1.0482
1780909147.1202617,-0.3044,-1.1753,-0.1724,-14.5038,-94.145,0.0687,1.2263
1780909147.3154955,-0.134,-0.939,-0.1172,-6.3588,-79.8855,-12.1527,0.9557
1780909147.5156288,-0.3784,-0.9353,-0.2905,-6.3206,-67.1679,-18.0458,1.05
1780909147.7175848,-0.2261,-0.9712,-0.2349,-17.8626,-61.5191,-25.084,1.0244
1780909147.9174707,0.0396,-1.0386,-0.425,-4.2137,-42.2901,-38.6107,1.1229
1780909148.1228445,0.1082,-0.9915,-0.3904,6.5649,-43.374,-32.5115,1.071
1780909148.3173425,-0.0112,-1.0364,-0.2905,-18.2137,-31.145,-3.3893,1.0764
1780909148.5169384,0.0767,-1.0364,-0.2114,1.5344,-58.1221,-7.1985,1.0605
1780909148.7171736,0.0588,-1.1252,-0.4856,-9.3969,-4.7786,14.7939,1.227
1780909148.9176905,-0.3398,-1.0298,-0.4421,-17.7939,17.7634,58.0229,1.1711
1780909149.122965,-0.0442,-0.8735,-0.3416,7.626,29.0458,30.542,0.939
1780909149.3180485,-0.0078,-0.9871,-0.2092,17.2061,36.5573,-3.2977,1.009
1780909149.5271907,-0.1157,-1.2107,-0.5684,-21.1298,10.9695,-12.5267,1.3425
1780909149.724416,0.208,-1.3643,-0.5896,-63.2977,19.7252,-22.8931,1.5007
1780909149.9163086,-0.0374,-1.0259,-0.2673,-12.7252,-1.9695,-6.6183,1.0608
1780909150.1176217,-0.071,-0.9585,-0.3083,15.7557,-30.7863,16.0916,1.0094
1780909150.3175068,0.1179,-0.7102,-0.3982,-4.8321,6.1908,-11.8855,0.8227
1780909150.5211585,-0.4375,-1.0166,-0.2581,-37.0,-10.4504,-19.8321,1.1364
1780909150.7198515,-0.1018,-1.0908,-0.2502,12.7252,16.8244,-9.7557,1.1238
1780909150.9182308,-0.1399,-0.7405,-0.2688,13.5115,14.9008,-8.6183,0.8001
0,0,0,0,0,0,0,0
0,0,0,0,0,0,0,0
1780909151.9541852,0.1382,-0.9844,-0.3638,2.4504,57.1374,-0.8702,1.0585
1780909152.1527321,0.1213,-0.9514,-0.436,-15.4885,42.1603,2.374,1.0536
1780909152.3533466,0.125,-0.9287,-0.3232,-5.0305,12.9618,9.4198,0.9913
1780909152.5523286,0.1099,-1.021,-0.322,16.7786,10.5191,25.5344,1.0762
1780909152.7501998,-0.0449,-0.7852,-0.2986,28.7786,0.2519,20.9313,0.8412
1780909152.9606614,-0.2144,-1.0352,-0.2773,-33.3206,22.1145,18.1145,1.0929
1780909153.16065,-0.0225,-1.0325,-0.2996,9.0,-0.5115,-15.9618,1.0753
1780909153.3506227,-0.1411,-1.1189,-0.0369,6.0305,7.6794,-8.6718,1.1284
1780909153.5654092,-0.0864,-0.7278,-0.2795,14.1527,-30.855,-8.8779,0.7844
1780909153.753854,0.1746,-1.0432,-0.3684,-19.4275,-70.8321,-18.8015,1.12
1780909153.9506981,-0.0278,-1.0505,-0.1978,-21.1527,-116.3969,0.3969,1.0694
1780909154.1530137,0.0701,-1.0264,-0.2852,14.5038,-144.7328,-4.1145,1.0675
1780909154.3521616,-0.2537,-0.7832,-0.2913,-30.2824,-93.9237,20.4656,0.8733
1780909154.5520763,-0.1663,-0.9807,-0.2122,-59.9924,-64.2595,-10.9389,1.0171
1780909154.7547991,-0.1921,-0.8254,-0.4866,-66.4427,12.1298,1.542,0.9773
1780909154.9515593,-0.1938,-0.7808,-0.5315,-39.1298,-10.3817,-13.0,0.9642
1780909155.1507213,-0.0664,-0.7424,-0.7839,-4.7557,-7.1603,6.8168,1.0817
1780909155.3504553,-0.022,-0.6372,-0.7573,-6.1069,14.9008,-11.6947,0.99
1780909155.550769,-0.0461,-0.7256,-0.7625,31.9313,-1.4046,-2.3359,1.0535
1780909155.7510061,-0.1558,-0.9614,-0.7292,31.6336,-7.7939,-4.9084,1.2167
1780909155.9504,-0.2942,-1.3923,-0.3872,34.4504,-10.6718,-16.7176,1.4748
1780909156.1504672,-0.0486,-0.9695,-0.1277,32.2061,-9.5344,-6.1832,0.9791
1780909156.363365,-0.0283,-0.9219,0.0525,57.0534,8.1298,19.0992,0.9238
1780909156.5543516,-0.1575,-0.9158,0.0996,20.1756,25.1832,9.8321,0.9345
1780909156.7528298,-0.2512,-0.9202,0.1228,16.2366,25.7023,13.2366,0.9617
0,0,0,0,0,0,0,0
0,0,0,0,0,0,0,0
1780909157.7314165,-0.3093,-1.0007,0.0093,-15.5344,9.0153,-0.2519,1.0475
1780909157.9310353,-0.2104,-0.9722,-0.082,-23.458,7.9618,-8.3893,0.9981
1780909158.1328511,-0.1494,-0.9661,-0.1147,-15.1756,0.3282,-14.4198,0.9843
1780909158.3269644,-0.1582,-0.947,-0.1479,1.2519,-12.2137,-20.0763,0.9715
1780909158.528436,-0.0781,-0.9941,-0.1267,15.5649,-45.2366,-17.3282,1.0052
1780909158.7284968,0.0347,-0.9844,-0.0544,25.5573,-63.9847,-20.3664,0.9865
1780909158.927222,0.0747,-0.9995,0.0042,16.3969,-16.8092,2.7405,1.0023
1780909159.1275184,0.0767,-0.9343,0.2061,30.1832,2.5191,-0.8931,0.9598
1780909159.3306577,-0.0149,-1.0049,0.3528,26.3206,6.3053,-6.9313,1.0651
1780909159.5275323,0.0012,-0.8486,0.3965,36.855,-2.2595,-13.2366,0.9367
1780909159.7294574,0.0684,-0.8525,0.4138,41.2748,-7.4656,-11.5573,0.9501
1780909159.928266,0.1262,-0.687,0.5723,58.9466,1.0076,-12.5725,0.903
1780909160.18078,0.1357,-0.5398,0.7043,70.4275,-2.5038,-22.5878,0.8977
1780909160.3318377,0.1406,-0.2422,0.8965,52.6107,-0.0305,6.229,0.9392
1780909160.5317903,0.1362,0.0486,0.9414,29.5267,26.0382,13.9084,0.9525
1780909160.7329412,-0.2446,-0.1877,0.9395,17.4733,11.3664,9.4275,0.9888
1780909160.9287827,0.0303,-0.1399,0.7402,-51.9313,-12.458,-38.9618,0.7539
1780909161.128936,-0.0134,-0.0261,0.8704,-4.9466,-9.9695,-14.8397,0.8709
1780909161.3279688,-0.1511,-0.0688,0.9548,2.7786,12.8015,2.374,0.9692
1780909161.5292528,-0.1436,-0.0803,0.9329,1.6031,8.8015,9.9618,0.9473
1780909161.728725,-0.1855,-0.0415,0.9048,10.855,0.0,-2.2748,0.9245
1780909161.9386182,-0.1558,0.0388,0.9561,-1.0992,-2.4962,3.1221,0.9694
1780909162.1287305,-0.198,-0.0591,0.908,-0.7099,1.2824,3.2977,0.9312
1780909162.3312068,-0.1965,-0.0642,0.8879,-10.374,-0.0382,-0.0992,0.9117
1780909162.5279832,-0.7891,-0.1895,1.0352,-0.6641,12.2901,4.2748,1.3153
0,0,0,0,0,0,0,0
0,0,0,0,0,0,0,0
1780909163.5392184,-0.2083,-0.0488,0.9187,4.7405,2.7786,2.8473,0.9433
1780909163.7392128,-0.1982,-0.0769,0.9055,-12.542,-3.1603,-3.374,0.9301
1780909163.989919,-0.2102,-0.0737,0.9087,-3.0458,-1.084,-0.6565,0.9356
1780909164.138842,-0.2102,-0.0737,0.9233,-3.1221,-0.8702,-0.3359,0.9498
1780909164.3392751,-0.2119,-0.0894,0.9065,-2.4427,-1.4885,-0.7023,0.9352
1780909164.591276,-0.2021,-0.0811,0.9128,-2.2672,-2.1527,-0.6718,0.9385
1780909164.7455885,-0.2029,-0.0774,0.917,-2.8779,-2.1069,-0.1985,0.9424
1780909164.9461634,-0.2002,-0.0891,0.9053,-1.6565,-1.3282,-0.2901,0.9314
1780909165.1382434,-0.2024,-0.0876,0.917,-2.2672,-1.5878,-0.1069,0.9431
1780909165.3397605,-0.2034,-0.0874,0.8862,-3.1069,-1.0687,-1.0382,0.9135
1780909165.5410175,-0.2007,-0.0823,0.9038,-1.9313,-1.2595,-0.0382,0.9295
1780909165.7388985,-0.2061,-0.092,0.906,-1.542,-1.4427,-0.4733,0.9337
1780909165.939882,-0.2014,-0.0801,0.9097,-1.6336,-1.771,-0.4809,0.9351
1780909166.145858,-0.2051,-0.0908,0.9087,-1.8702,-0.9771,-0.7099,0.936
1780909166.338337,-0.2019,-0.0859,0.9043,-0.4427,-0.7939,-0.1756,0.9305
1780909166.539404,-0.2048,-0.0911,0.9109,-1.2901,-1.0153,0.1679,0.9381
1780909166.7598722,-0.2087,-0.0869,0.9075,-1.4885,-1.313,-0.2443,0.9352
0,0,0,0,0,0,0,0
0,0,0,0,0,0,0,0
1780909168.1056092,-0.2593,-0.0627,0.9346,2.6565,5.7099,7.145,0.9719
1780909168.3077893,-0.2026,-0.0781,0.8865,-1.5954,-1.1603,-3.9924,0.9127
1780909168.5051086,-0.1423,-0.0918,0.8879,-11.6641,-9.4046,-0.6641,0.9039
1780909168.7052128,-0.1895,-0.166,0.9631,-24.145,-3.4504,-5.8321,0.9955
1780909168.905269,-0.2344,-0.1702,0.9746,-0.0076,3.4046,3.3206,1.0167
1780909169.1059167,-0.1699,-0.2551,0.9426,-2.5038,-41.5115,2.9542,0.9912
1780909169.304828,-0.0073,-0.1597,0.9114,-2.0076,-24.9313,15.9389,0.9253
1780909169.505786,0.1025,-0.2317,0.9778,-22.3969,-36.1527,-7.0534,1.0101
1780909169.7054365,0.2544,-0.1924,0.864,1.771,-38.4656,5.3664,0.921
1780909169.9062376,0.3535,-0.1526,0.834,-10.5649,-62.3206,4.5344,0.9186
1780909170.112593,0.6108,-0.2546,0.7581,-48.9466,-70.7405,17.7023,1.0063
1780909170.3056307,0.6992,-0.3362,0.5449,-27.7023,-54.3282,9.2519,0.9481
1780909170.5052803,0.8262,-0.4143,0.344,-36.313,-45.1298,5.5802,0.9862
1780909170.7058127,0.8511,-0.4739,0.2048,5.0687,-9.5038,-2.6794,0.9954
1780909170.905881,0.8289,-0.3315,0.252,-19.0153,-11.8244,-12.3664,0.9276
1780909171.1095078,0.9326,-0.3945,0.1541,-31.916,-36.0992,10.9695,1.0243
1780909171.305557,0.8145,-0.4194,0.0369,-26.229,-14.687,9.5802,0.9169
1780909171.5051072,0.9277,-0.4373,-0.0774,-14.9084,-22.8168,0.5267,1.0285
1780909171.705858,0.9287,-0.5229,-0.1624,4.2443,-4.9618,-2.9237,1.0781
1780909171.9054239,1.0215,-0.457,-0.124,8.458,-5.9695,-29.771,1.1259
1780909172.1070848,0.9563,-0.3704,-0.1106,4.626,3.1527,-6.855,1.0315
1780909172.3185658,0.9355,-0.3745,-0.0713,11.1985,7.8931,-4.8779,1.0102
1780909172.5111868,0.9304,-0.3291,-0.0298,-0.0687,4.5573,-4.7863,0.9874
1780909172.705636,0.9368,-0.3398,-0.0115,0.9084,5.5344,-3.687,0.9966
1780909172.9062324,0.9346,-0.3411,0.001,-0.8397,1.0,-0.855,0.9949
0,0,0,0,0,0,0,0
0,0,0,0,0,0,0,0
1780909173.7855387,0.9109,-0.3179,0.0054,0.458,-0.6565,-0.2366,0.9648
1780909173.9846394,0.9453,-0.3086,0.0085,-1.7557,-0.145,-0.5115,0.9944
1780909174.1854486,0.946,-0.3081,0.0334,-0.7557,0.7481,-0.5802,0.9955
1780909174.38766,0.949,-0.3245,0.0156,-2.2672,-1.229,-2.1221,1.003
1780909174.5887904,0.9365,-0.3162,0.0198,-0.2137,-0.4809,-1.1832,0.9886
1780909174.7881444,0.9221,-0.2944,0.0557,2.0229,0.7786,-0.4198,0.9696
1780909174.9882865,0.9587,-0.314,0.0547,5.2748,9.6412,0.0382,1.0103
1780909175.1876533,0.946,-0.2981,0.0994,21.0305,31.2366,-4.2595,0.9969
1780909175.3873568,0.9258,-0.3157,0.231,9.9847,50.5878,-0.4351,1.005
1780909175.5847616,0.8245,-0.2361,0.498,-22.1145,107.2748,18.4886,0.9917
1780909175.7847545,0.3699,-0.3335,0.6963,14.5267,98.687,20.3893,0.8561
1780909175.99441,0.0671,-0.3892,0.8376,5.3664,38.3359,-3.6641,0.9261
1780909176.1943643,0.1248,-0.3772,0.8079,21.0916,28.3588,1.2366,0.9003
1780909176.435434,0.0491,-0.2688,0.948,1.6336,28.2519,-12.4504,0.9866
1780909176.5828078,-0.0937,-0.3081,0.8687,3.2824,23.9695,-5.229,0.9264
1780909176.784887,-0.2483,-0.2603,0.908,5.2672,61.5191,-2.0534,0.9766
1780909176.983886,-0.4619,-0.1309,0.7415,17.9695,59.1832,10.458,0.8833
1780909177.191324,-0.8303,0.0193,0.6802,28.4733,84.9847,29.5649,1.0735
1780909177.3850713,-0.7622,-0.0491,0.3867,-22.5878,23.0229,-22.0,0.8561
1780909177.5852432,-0.9216,-0.2295,0.2688,-12.5649,59.8779,10.6641,0.9871
1780909177.7847857,-0.99,0.0403,0.0618,0.626,60.7405,18.0687,0.9927
1780909177.9841397,-0.9492,0.064,0.0042,-5.2595,51.5191,14.7634,0.9514
1780909178.1833367,-1.053,0.0664,-0.1223,0.6947,24.3969,-0.5344,1.0621
1780909178.3847277,-0.9573,0.0796,-0.2397,-5.3435,15.9542,4.0382,0.99
1780909178.5854864,-1.0269,0.0625,-0.2556,-7.374,-1.8397,3.0687,1.06
1780909178.7839892,-0.9805,0.0557,-0.2507,-0.2901,-3.1603,-2.2061,1.0136
1780909178.984539,-0.9788,0.0422,-0.2664,2.3435,6.3053,-1.5573,1.0152
0,0,0,0,0,0,0,0
0,0,0,0,0,0,0,0
1780909180.2305512,-0.9731,0.0881,-0.0964,4.4504,5.9389,10.0076,0.9819
1780909180.4348412,-0.9871,0.0745,-0.1277,-5.9084,-18.0992,-5.0687,0.9981
1780909180.6387496,-1.052,0.0696,0.0388,-21.3282,-63.4046,-6.4427,1.055
1780909180.8825483,-0.9753,0.0486,0.3235,2.3206,-61.5344,-26.9084,1.0287
1780909181.0300977,-0.7825,-0.0847,0.5266,-11.2824,-72.855,-27.9771,0.947
1780909181.2290206,-0.6072,-0.106,0.5591,-4.1145,-63.2672,0.5115,0.8321
1780909181.4307806,-0.5835,-0.1099,0.8037,-3.8931,-62.7786,12.2214,0.9992
1780909181.6310613,-0.2332,-0.1929,0.8872,-8.5496,-60.626,9.229,0.9374
1780909181.8311362,-0.0298,-0.2065,0.9429,-2.2977,-22.5267,9.8931,0.9657
1780909182.0296578,-0.168,-0.1636,0.8511,-30.2214,-31.8015,-4.2214,0.8828
1780909182.2306538,0.0139,-0.1802,0.8752,2.1832,12.1221,4.3282,0.8937
1780909182.4293358,-0.1997,-0.0574,0.9658,19.4198,16.8321,30.1221,0.9879
1780909182.6308553,-0.7295,-0.2144,0.6338,9.5878,77.374,63.8168,0.9898
1780909182.828505,0.1179,0.0437,1.4976,13.7252,-95.6718,-79.9847,1.5028
1780909183.029646,-0.3875,-0.1331,1.2886,19.8244,42.7023,33.4275,1.3521
1780909183.2295094,-0.2742,-0.217,0.9131,-4.855,-16.7099,8.3435,0.9778
1780909183.4292386,-0.1304,-0.0337,0.9604,-10.5267,-3.0153,2.0687,0.9698
1780909183.63252,0.1504,-0.2375,0.8438,22.0,4.0687,-16.1374,0.8894
1780909183.8304114,-0.2031,-0.0222,0.9512,19.9847,11.8397,-7.4275,0.9729
1780909184.0292501,-0.1909,0.0112,0.9819,4.2214,8.6107,-5.2595,1.0004
1780909184.2381678,-0.1838,-0.0076,0.9409,-10.8702,-4.1145,-8.3969,0.9587
1780909184.4382937,-0.2273,-0.0288,0.9126,-3.374,-6.8321,0.2901,0.9409
1780909184.6290507,-0.1816,-0.1084,0.9231,-10.9008,0.7557,-9.4809,0.947
1780909184.8433657,-0.1953,-0.1235,0.8901,-2.1832,1.5954,0.5954,0.9196
1780909185.0291958,-0.2156,-0.1196,0.8899,-3.0458,-1.0382,0.855,0.9234
1780909185.2290072,-0.2158,-0.1052,0.9116,-9.5038,2.5573,-3.4351,0.9427
0,0,0,0,0,0,0,0
0,0,0,0,0,0,0,0
1780909186.3571424,-0.2661,-0.2109,0.9287,5.3282,2.0458,5.3817,0.9888
1780909186.5559301,-0.165,-0.1882,0.8953,-15.5878,-7.2214,-9.1527,0.9296
1780909186.7565541,-0.1846,-0.2812,0.9331,5.0534,-10.9618,-9.229,0.9919
1780909186.9553819,-0.1882,-0.011,0.9839,1.9695,-9.2137,-8.855,1.0018
1780909187.155986,-0.1274,-0.251,0.8008,-59.2901,8.4885,-16.374,0.8488
1780909187.355689,-0.2239,-0.4155,1.012,-78.8321,11.2214,-9.6947,1.1166
1780909187.5562148,-0.001,-0.6948,0.5142,-85.5878,-15.5878,-11.6183,0.8644
1780909187.7554548,0.0784,-0.9417,0.2761,-30.5802,-14.5496,-8.855,0.9844
1780909187.9609234,0.0117,-0.896,0.4763,-13.5878,-8.7176,-3.3817,1.0148
1780909188.1725652,0.0293,-0.877,0.3904,-20.0611,-5.9695,-4.3053,0.9604
1780909188.356397,0.0525,-0.9106,0.3069,-24.8092,-1.458,-4.084,0.9624
1780909188.5592902,0.0952,-0.9248,0.2158,-34.6641,0.0916,-3.5115,0.9544
1780909188.756209,0.052,-0.9556,0.115,-41.916,-1.3893,-0.2977,0.9639
1780909188.9556806,0.1418,-0.9553,-0.0842,-45.7557,4.5496,-0.3435,0.9695
1780909189.1618938,0.1431,-0.9226,-0.2805,-25.4733,5.5802,4.2595,0.9749
1780909189.35992,0.1504,-0.9321,-0.3633,-13.3588,5.8321,-3.8015,1.0117
1780909189.5553298,0.1777,-0.9451,-0.3679,-16.6641,0.7099,-7.0229,1.0296
1780909189.7560115,0.1348,-0.949,-0.3474,0.7557,2.5802,2.626,1.0195
1780909189.961924,0.1292,-0.9531,-0.3618,0.8321,-0.7328,-0.9313,1.0276
1780909190.1554747,0.1123,-0.9409,-0.3374,0.9695,-3.229,-0.4046,1.0059
1780909190.3558245,0.1362,-0.9541,-0.3394,-5.1221,-2.9618,-2.2366,1.0218
1780909190.5605943,0.1575,-0.9407,-0.3696,-2.9618,-0.4885,-1.4504,1.0229
1780909190.7553456,0.1316,-0.928,-0.3545,-0.6183,-0.6718,-0.4962,1.0021
1780909190.957582,0.1047,-0.9521,-0.3838,-3.542,5.687,2.9313,1.0319
0,0,0,0,0,0,0,0
0,0,0,0,0,0,0,0
1780909191.4772193,0.0889,-0.9548,-0.3596,9.3053,-1.1679,-0.1145,1.0242
1780909191.678405,0.1216,-0.938,-0.3049,5.8702,-0.5496,0.4504,0.9938
1780909191.8762467,0.1362,-0.9578,-0.3223,13.7557,-0.542,1.2977,1.0197
1780909192.0761247,0.1318,-0.9717,-0.2434,19.7252,-1.8092,2.4351,1.0103
1780909192.276153,0.1323,-0.9849,-0.1458,27.5649,-5.1527,4.084,1.0043
1780909192.4780488,0.1321,-0.9624,-0.073,25.9389,-4.4504,6.1985,0.9742
1780909192.676238,0.0757,-0.9619,-0.0083,23.626,2.5573,10.6183,0.9649
1780909192.8760853,0.0222,-0.9995,0.043,18.4886,-8.9237,4.145,1.0007
1780909193.0871005,0.0535,-1.0171,0.1038,18.374,2.542,4.6947,1.0238
1780909193.2782047,0.0022,-0.9685,0.2419,35.6031,3.3969,3.8473,0.9983
1780909193.4757607,-0.0127,-0.8716,0.3696,56.4885,8.6107,-1.6412,0.9468
1780909193.6769073,-0.1343,-0.6248,0.615,84.5802,-10.3588,3.8397,0.8869
1780909193.8754911,0.0962,-0.2405,0.7241,56.8244,23.8855,19.0763,0.769
1780909194.0759325,-0.2515,0.1646,1.2451,70.0229,12.0305,15.771,1.2809
1780909194.279891,-0.0569,-0.0325,0.6235,37.7481,30.2595,9.6412,0.627
1780909194.4833934,-0.1829,0.0186,0.8906,-7.8473,7.0076,-9.3511,0.9094
1780909194.6757982,-0.2908,0.0281,0.9412,-29.4427,41.0305,2.2977,0.9855
1780909194.8764749,-0.2942,-0.0183,0.8945,-3.4427,5.1145,6.4122,0.9418
1780909195.0760617,-0.2917,-0.0215,0.8752,3.8397,-11.0305,-1.0611,0.9228
1780909195.2775354,-0.2764,-0.0674,0.8677,-2.3588,-8.8931,1.5878,0.9131
1780909195.4774978,-0.196,-0.0996,0.9055,-12.6489,1.2137,-6.6565,0.9318
1780909195.67805,-0.252,-0.1096,0.9055,-3.7481,-5.313,-5.3053,0.9463
1780909195.8771715,-0.2402,-0.0952,0.9128,-3.8855,4.0076,-0.1908,0.9487
1780909196.076901,-0.6907,0.0615,1.0159,-3.6031,19.7786,0.2595,1.23
0,0,0,0,0,0,0,0
0,0,0,0,0,0,0,0
1780909197.3780131,-0.2935,-0.1433,0.9138,4.1679,12.6412,5.0687,0.9704
1780909197.6258721,-0.2542,-0.1057,0.8738,-4.626,2.4351,-2.0534,0.9161
1780909197.7750564,-0.2844,-0.114,0.8718,-1.7023,0.1832,0.4885,0.9241
1780909197.9751825,-0.2673,-0.1245,0.8687,1.2901,-9.3435,-3.1145,0.9173
1780909198.2246025,-0.2629,-0.1187,0.9741,-11.5496,5.3817,0.5038,1.0159
1780909198.378091,-0.2683,-0.0859,0.8623,16.3588,-9.9695,-0.0076,0.9072
1780909198.5793724,-0.1953,-0.1086,0.9011,11.1527,-6.0229,-2.1374,0.9284
1780909198.776291,-0.2187,-0.0908,0.9189,8.5267,5.3893,4.687,0.949
1780909198.9751287,-0.2209,-0.0808,0.9136,0.1832,-8.1374,2.3969,0.9434
1780909199.1754892,-0.1689,-0.1069,0.8652,-5.4656,-17.3359,-12.2061,0.888
1780909199.425626,-0.1406,-0.0486,0.8684,-2.3282,-20.2443,-7.7328,0.8811
1780909199.6257384,-0.1309,-0.0156,0.9949,-29.2519,-10.1603,-12.3206,1.0036
1780909199.7898424,-0.1724,-0.3298,0.8491,-55.6718,27.3053,-17.7939,0.9271
1780909199.9761987,-0.2983,-0.5229,1.0015,-13.4809,5.4351,0.8931,1.1685
1780909200.1892824,-0.2307,-0.4961,0.8508,-10.8168,-18.3053,8.8702,1.0116
1780909200.4254732,-0.2036,-0.6387,0.6072,-61.7481,-18.9542,-17.1374,0.9044
1780909200.5821567,-0.0222,-0.7036,0.5706,-51.7481,-20.0076,2.4885,0.9061
1780909200.8183427,-0.0337,-0.8547,0.3608,-58.3206,-8.1527,0.458,0.9284
1780909200.974741,0.0813,-0.9792,0.1606,-49.0534,-8.3511,-7.4656,0.9957
1780909201.2244375,0.0232,-1.0017,0.0613,-49.2137,-1.2672,-9.855,1.0038
1780909201.3753953,-0.0085,-1.0288,-0.1992,-54.2748,-2.5038,-11.0687,1.048
1780909201.5815642,0.0361,-0.9712,-0.2905,-8.9466,3.6489,-1.6489,1.0144
1780909201.7754579,0.0593,-0.9512,-0.2852,-2.626,-4.3664,-1.6641,0.9948
1780909201.9770124,0.064,-0.9768,-0.24,6.5496,-0.7481,1.7863,1.0079
0,0,0,0,0,0,0,0
0,0,0,0,0,0,0,0
1780909202.7886565,-0.0081,-1.0244,-0.0835,10.7099,11.7786,7.3053,1.0278
1780909202.985337,0.0613,-0.9951,-0.1387,-0.9771,2.313,-3.9313,1.0066
1780909203.1920216,0.0955,-0.9856,-0.1323,0.313,9.7481,-4.7405,0.999
1780909203.3879893,0.1328,-0.9846,-0.1282,-4.8168,36.5725,1.0382,1.0018
1780909203.5862033,0.0698,-0.9893,-0.1157,2.8092,68.7863,17.8779,0.9984
1780909203.786023,0.0247,-0.9731,-0.0881,32.458,87.6947,28.5649,0.9774
1780909203.9854834,-0.1443,-1.0071,-0.0247,15.0076,115.6107,23.4351,1.0177
1780909204.1870873,-0.2734,-0.9072,0.0122,7.2443,77.3969,17.9237,0.9476
1780909204.3856156,-0.375,-0.9365,-0.1992,22.0611,23.3588,23.4198,1.0283
1780909204.585609,-0.2852,-0.979,-0.2485,-16.2137,-94.0076,-25.4809,1.0495
1780909204.7868352,-0.2793,-0.9795,-0.1565,-38.0763,-109.626,-21.3893,1.0305
1780909204.985336,-0.0986,-0.9683,-0.2625,-58.8244,-70.145,-36.313,1.008
1780909205.1853,-0.0208,-0.9172,-0.3779,-69.3206,-17.3969,-33.2824,0.9923
1780909205.3856928,0.0293,-1.0718,-0.3745,-60.4122,6.0076,-22.1374,1.1357
1780909205.5894601,0.0762,-1.0044,-0.8333,-21.916,25.4656,-16.2366,1.3073
1780909205.7860634,0.1448,-0.9106,-0.9202,-2.2672,8.8626,-11.7863,1.3027
1780909205.9846966,0.113,-0.7732,-0.5969,25.3893,3.7176,6.0458,0.9833
1780909206.1867878,0.0796,-0.7849,-0.5645,19.4198,5.0229,-1.7023,0.9701
1780909206.385716,0.0349,-0.729,-0.4258,42.4656,-6.0916,11.2214,0.845
1780909206.5859892,0.0305,-0.8762,-0.4006,27.626,-14.6031,1.4046,0.964
1780909206.7860734,0.05,-0.834,-0.3406,21.1756,-11.9084,-2.4885,0.9022
0,0,0,0,0,0,0,0
0,0,0,0,0,0,0,0
1780909207.8161037,-0.0178,-0.8933,-0.5325,-20.0076,-62.2748,4.5038,1.0401
1780909208.017099,0.0522,-0.9976,-0.3389,-3.1985,-90.6183,-33.145,1.0548
1780909208.2212565,-0.1411,-0.8662,-0.2429,13.6794,-27.2214,-8.626,0.9106
1780909208.4154801,-0.0154,-1.0483,-0.634,-5.3511,-55.8473,-25.3588,1.2253
1780909208.6170928,0.0317,-0.6619,-0.4497,-13.9771,-66.9313,-23.2137,0.8008
1780909208.8170228,0.1199,-0.8386,-0.4377,4.8092,-77.0076,-22.1221,0.9536
1780909209.0202806,0.0857,-0.9673,-0.7646,-24.9618,2.145,-42.1832,1.236
1780909209.2281878,0.1443,-0.9336,-0.2451,83.4122,-54.6641,7.542,0.976
1780909209.4154396,0.2634,-1.084,-0.5259,-41.5496,63.0,16.4962,1.2333
1780909209.6158986,-0.0686,-0.8206,-0.5149,-76.2748,74.855,29.3817,0.9712
1780909209.8155587,0.0188,-0.7241,-0.3857,2.8321,53.7939,39.1985,0.8207
1780909210.0154755,-0.0134,-1.0234,-0.4089,-8.9389,25.9389,-3.374,1.1022
1780909210.2154324,-0.1604,-1.1816,-0.5002,-54.9924,14.5191,-9.5802,1.2932
1780909210.4152942,0.3225,-0.8303,-0.2422,-36.4046,17.7328,5.4962,0.9231
1780909210.6154428,0.1348,-0.8035,-0.0674,18.5878,-3.1756,5.8168,0.8175
1780909210.8214142,0.0454,-1.0579,-0.3772,-0.8015,-13.5038,5.9924,1.124
1780909211.015687,0.1582,-0.5757,-0.3032,48.7252,-16.313,1.4046,0.6696
1780909211.215477,-0.1077,-1.0833,-0.7397,-38.1603,79.5573,39.2366,1.3162
1780909211.415752,-0.0627,-0.9385,-0.4822,-9.5725,82.0076,9.1756,1.057
1780909211.6155307,-0.2563,-0.8008,-0.4338,26.3817,110.458,38.458,0.9461
1780909211.815348,0.2051,-0.7251,-0.6536,-40.3969,84.6641,-11.0534,0.9975
1780909212.0157018,0.074,-0.863,-0.5552,-7.7939,43.7405,35.7863,1.0288
1780909212.2156415,0.3564,-0.8276,-0.3511,20.4351,47.0382,25.6031,0.9671
1780909212.423157,0.1248,-0.8704,-0.4573,-1.2519,79.3053,36.1221,0.9911
1780909212.6149657,0.1052,-0.8616,-0.5181,-27.0076,70.4122,33.1679,1.0108
1780909212.8151186,-0.1306,-0.9788,-0.4089,2.7405,35.1069,21.8244,1.0688
0,0,0,0,0,0,0,0
0,0,0,0,0,0,0,0
1780909213.88685,0.0151,-0.9797,-0.3574,4.6565,-48.5191,-16.2977,1.043
1780909214.0889585,0.0869,-0.947,-0.3066,-9.313,-25.4046,-14.0229,0.9992
1780909214.2989986,0.0784,-1.0059,-0.3369,-10.6641,0.0916,-14.8473,1.0637
1780909214.487094,0.1135,-0.989,-0.304,25.7481,10.7939,-4.0229,1.0409
1780909214.685732,0.21,-0.8821,-0.3813,0.2824,-2.8397,-3.8702,0.9837
1780909214.887795,0.1804,-0.947,-0.3826,-16.6107,-11.5878,-18.9084,1.0372
1780909215.0860193,0.1338,-1.0288,-0.3247,-23.8779,14.145,15.229,1.0871
1780909215.286831,0.1597,-1.0098,-0.2537,5.5038,-22.374,26.9542,1.0533
1780909215.486155,0.2495,-1.0488,-0.5088,-13.0687,14.458,9.7786,1.1921
1780909215.6859019,-0.105,-1.001,-0.6824,-19.3282,47.0229,12.6336,1.216
1780909215.8868213,0.0154,-0.8984,-0.4304,-12.1374,53.2443,25.4962,0.9963
1780909216.0898414,-0.0823,-0.9463,-0.3821,-7.5344,-12.8244,-7.855,1.0238
1780909216.2977214,-0.1326,-0.9956,-0.2646,22.7023,2.6794,3.4809,1.0387
1780909216.4859588,-0.0464,-0.8035,-0.675,3.8779,4.8015,-13.8321,1.0504
1780909216.6860247,0.2295,-0.8882,-0.6384,8.9237,-65.0992,-31.8321,1.1176
1780909216.8863375,0.0925,-1.094,-0.5137,-5.6412,-80.3664,-29.0153,1.2121
1780909217.1004467,0.4165,-0.8267,-0.373,11.2977,-89.4733,-33.8321,0.998
1780909217.286192,-0.0835,-0.989,-0.4993,-31.4046,-76.8321,-17.3969,1.111
1780909217.4853463,-0.0884,-1.0144,-0.4946,-36.3053,-70.6031,-10.5878,1.132
1780909217.6857944,-0.0496,-0.9351,-0.4011,12.458,-92.8473,-21.1069,1.0187
1780909217.8862407,-0.1616,-0.8582,-0.3638,11.0229,-49.1527,-25.4962,0.946
1780909218.086425,0.0566,-0.9658,-0.3894,3.8702,-2.5038,-34.9618,1.0429
1780909218.2861276,0.1404,-0.9268,-0.4248,-19.1374,53.5191,-22.8855,1.0291
1780909218.4862437,0.1196,-0.9885,-0.3057,-4.3053,22.5191,-8.229,1.0416
1780909218.6864274,0.1873,-0.9714,-0.2087,3.1908,5.3664,1.7405,1.0111
0,0,0,0,0,0,0,0
0,0,0,0,0,0,0,0
1780909219.5349214,0.2446,-0.9243,-0.1633,-8.0611,13.8015,17.1374,0.97
1780909219.734598,0.2898,-0.9541,-0.252,-1.7557,-0.8092,16.1756,1.0285
1780909219.933895,0.1472,-1.0039,-0.3838,-7.4733,21.8931,24.1298,1.0848
1780909220.134787,0.0879,-0.9016,-0.3391,0.6718,-26.1756,7.313,0.9673
1780909220.3344343,-0.0686,-0.8774,-0.3782,0.8702,-52.3511,19.3206,0.9579
1780909220.5346565,-0.0093,-0.8762,-0.2622,23.2595,-31.4886,9.2901,0.9147
1780909220.733895,-0.1553,-1.0159,-0.3979,-11.7176,-24.0992,-12.8702,1.102
1780909220.9347925,-0.2576,-0.9631,-0.1926,-8.2443,-8.7405,-6.9771,1.0154
1780909221.134468,-0.0374,-1.2112,-0.363,18.4656,-51.7023,-37.3359,1.265
1780909221.3353446,-0.2166,-1.3887,-0.6843,-60.0763,-12.6031,-50.1374,1.5632
1780909221.5352457,0.4165,-0.8469,-0.5046,-13.771,-17.145,-40.5878,1.0702
1780909221.7845473,0.4441,-1.158,-0.4082,-2.229,-33.7557,-57.6565,1.3056
1780909221.9346747,0.2642,-0.7195,-0.2378,-22.8397,-40.3893,-12.9313,0.8025
1780909222.13421,0.239,-0.7915,-0.1348,14.1145,7.8855,50.0534,0.8377
1780909222.3345578,0.2937,-1.2568,-0.7886,-30.229,62.4275,32.1908,1.5125
1780909222.5359972,-0.0398,-1.0752,-0.6279,-42.626,85.458,41.855,1.2458
1780909222.7844722,-0.0405,-0.8296,-0.5581,-7.7405,82.5115,44.1603,1.0007
1780909222.9859467,-0.188,-0.8545,-0.4995,-0.4046,34.2901,18.1756,1.0075
1780909223.1345348,-0.1743,-0.74,-0.4988,7.687,82.3588,22.1145,0.9093
1780909223.3348367,0.3589,-0.7007,-0.502,-13.8015,43.7099,-20.8931,0.9337
1780909223.53455,0.3406,-0.7017,-0.3403,30.4886,62.3511,36.5038,0.851
1780909223.7849572,0.3516,-0.8337,-0.5701,-22.1832,71.0992,19.771,1.0694
1780909223.9346979,0.261,-0.9014,-0.6267,-37.7252,99.5038,45.6489,1.1284
1780909224.1348484,0.2295,-0.8262,-0.5615,-11.5191,49.5725,26.8321,1.025
1780909224.3343754,0.2639,-0.7949,-0.5713,3.6489,2.8168,21.5725,1.0139
1780909224.6235423,0.2134,-0.8862,-0.4866,29.0305,-24.2443,17.542,1.0333
0,0,0,0,0,0,0,0
0,0,0,0,0,0,0,0
1780909226.397939,0.251,-0.9697,-0.3328,2.8168,-23.4809,-28.1069,1.0555
1780909226.5985992,0.252,-0.8552,-0.3757,0.542,-37.2901,-20.7863,0.9675
1780909226.8003893,0.3293,-0.8545,-0.3896,2.3206,-42.7634,-14.1069,0.9952
1780909226.9989285,0.3235,-0.9304,-0.2859,24.5496,-21.0229,23.1603,1.0257
1780909227.1999936,0.1802,-0.7729,-0.5208,-4.7863,68.687,57.8626,0.9493
1780909227.4003246,-0.0522,-0.938,-0.2061,13.9466,58.374,0.5725,0.9618
1780909227.5988364,-0.239,-0.8101,-0.2317,-0.4656,52.2901,20.2137,0.8758
1780909227.7982738,-0.0081,-0.9202,-0.259,-0.7481,22.0916,-7.0076,0.956
1780909228.0073261,-0.0171,-1.1799,-0.4387,-36.3282,67.3588,15.5038,1.259
1780909228.1986885,0.2585,-0.8726,-0.3154,2.6412,5.3282,-22.1832,0.9632
1780909228.397803,0.1523,-0.823,-0.2761,-16.313,56.9084,-17.5344,0.8814
1780909228.598586,0.2383,-0.9514,-0.2654,-16.7939,35.9313,-4.0458,1.0161
1780909228.7982943,0.2883,-0.9004,-0.2126,-13.084,25.4656,16.1756,0.969
1780909228.99881,0.2007,-1.002,-0.1843,13.1145,-2.7405,27.4656,1.0383
1780909229.2481885,0.2107,-0.7952,-0.4309,4.4427,44.6565,43.458,0.9286
1780909229.4043255,-0.0139,-0.9268,-0.3521,2.7099,90.9618,35.4733,0.9915
1780909229.6022625,-0.0078,-1.0728,-0.2429,-11.6565,46.3893,5.7863,1.0999
1780909229.7981296,-0.1794,-0.9448,-0.1226,11.7328,28.8168,-1.3893,0.9695
1780909229.999142,-0.031,-1.1042,-0.2874,-25.8626,-12.8397,-22.1908,1.1414
1780909230.199335,0.0234,-0.9641,-0.4094,-24.7252,-117.6031,-36.6031,1.0477
1780909230.3984485,0.1584,-0.8411,-0.3164,-9.5802,-142.3664,-35.7176,0.9125
1780909230.5980928,0.1736,-0.863,-0.5068,23.3588,-183.4427,-39.855,1.0158
1780909230.7980802,0.1042,-0.8987,-0.4731,-17.6489,-153.1832,-27.5191,1.021
1780909230.9975722,-0.0793,-0.885,-0.366,-49.2061,-108.4733,-11.0,0.961
1780909231.198268,-0.0229,-0.9402,-0.3848,7.4885,-57.4809,-21.771,1.0161
1780909231.4006765,-0.1353,-0.8918,-0.5586,21.9008,-65.8321,-30.7939,1.061
1780909231.5979981,0.0247,-0.8604,-0.3657,4.8626,-16.0076,-12.5496,0.9352
1780909231.7983274,0.8101,-0.8169,-1.1504,17.1221,-47.8626,-31.7405,1.6269
0,0,0,0,0,0,0,0
0,0,0,0,0,0,0,0
1780909232.6353128,0.1653,-0.9219,-0.2322,-16.2061,16.7939,6.5954,0.9649
1780909232.8354156,0.2131,-0.9324,-0.3284,-19.0916,28.5267,-5.3359,1.0112
1780909233.034987,0.0374,-1.0115,-0.2683,17.4733,-14.6641,-14.5802,1.0471
1780909233.234671,0.2544,-0.7432,-0.2314,8.229,21.6718,18.3588,0.8189
1780909233.4339533,-0.1504,-1.2256,-0.4419,-15.2824,-39.8855,-14.8092,1.3115
1780909233.6355152,-0.1216,-0.8171,-0.104,-35.6718,2.6412,18.1069,0.8327
1780909233.834963,0.0847,-1.0605,-0.3313,-4.4198,-40.3664,-18.5802,1.1143
1780909234.0371656,-0.032,-1.0112,-0.478,-15.1985,2.4885,-17.7863,1.119
1780909234.2385843,0.3796,-1.2058,-0.4258,10.3282,14.3511,-23.3664,1.3339
1780909234.4374697,0.2698,-0.9731,-0.3184,-3.1908,-52.5038,-28.8397,1.0588
1780909234.6375365,0.3787,-0.8201,-0.3054,28.916,-58.9924,16.8168,0.9535
1780909234.8374217,0.2258,-1.6912,-0.7666,-81.6718,42.0305,19.313,1.8705
1780909235.0373433,0.0513,-0.8904,-0.5522,-37.2748,30.5802,23.0916,1.049
1780909235.2415576,-0.116,-1.0647,-0.5503,1.1756,90.4275,26.3511,1.2041
1780909235.4394774,-0.1406,-1.0754,-0.3257,20.4733,45.6718,-21.4504,1.1324
1780909235.6378107,0.4307,-1.1711,-0.6729,23.2519,-30.5725,-86.2901,1.4177
1780909235.8379118,0.0894,-0.5581,-0.2351,12.7557,-51.9313,-36.4504,0.6122
1780909236.03921,0.3562,-0.825,-0.3699,28.6336,-110.9695,-20.771,0.9717
1780909236.2374785,0.4775,-0.8792,-0.3306,30.5649,-81.0992,8.2519,1.0537
1780909236.4386184,0.4519,-0.8579,-0.4856,-33.2061,25.3435,33.0763,1.0844
1780909236.638236,-0.093,-0.855,-0.4868,-43.3206,88.5878,48.5802,0.9882
1780909236.83827,0.002,-0.884,-0.5667,-22.9237,99.5343,41.7405,1.0501
1780909237.0393646,-0.1794,-0.8848,-0.6541,-7.5573,148.3588,71.4962,1.1148
1780909237.2387993,0.022,-0.7583,-0.4868,7.7557,65.2595,7.084,0.9014
0,0,0,0,0,0,0,0
0,0,0,0,0,0,0,0
1780909238.053042,0.2002,-0.9373,-0.3396,-15.2137,-17.8779,-12.855,1.0168
1780909238.2528343,0.4873,-0.8054,-0.3025,-22.0916,50.7786,19.1298,0.9888
1780909238.4520605,0.1675,-0.9192,-0.3037,-41.3588,88.2824,48.5115,0.9824
1780909238.6536264,0.1882,-1.0125,-0.3931,-3.374,111.9924,36.771,1.1023
1780909238.8523722,-0.1416,-0.6082,-0.4587,-1.2366,141.145,73.313,0.7748
1780909239.051873,0.0581,-0.9089,-0.3884,2.3282,86.4962,19.084,0.9902
1780909239.2515373,-0.1907,-0.7764,-0.2336,12.8626,51.3588,9.1985,0.8329
1780909239.4529865,-0.1665,-1.1528,-0.2244,2.1069,20.7557,-17.6031,1.1862
1780909239.6510334,0.2856,-0.5078,-0.5161,-5.6947,-35.229,-61.9618,0.7784
1780909239.853632,0.2334,-0.6792,-0.4094,26.1985,-67.626,-48.1679,0.8267
1780909240.0546913,0.48,-0.7793,-0.4766,34.0076,-103.4809,-62.1832,1.0319
1780909240.308865,0.4502,-0.7527,-0.4373,29.313,-79.1145,-5.2061,0.98
1780909240.4614449,0.5933,-0.8159,-0.3503,14.7786,-39.7786,44.2061,1.0679
1780909240.709824,0.3394,-0.7949,-0.4263,-44.6412,71.8779,65.687,0.9637
1780909240.8527372,-0.0513,-0.9158,-0.5261,-42.9466,126.4198,61.7863,1.0574
1780909241.0526483,-0.3,-0.8008,-0.563,-10.3282,156.2901,77.3282,1.0238
1780909241.253182,-0.373,-0.7356,-0.4856,10.8855,109.1908,34.687,0.9571
1780909241.4519022,-0.4827,-0.7566,-0.5122,26.8779,47.9313,-22.9695,1.0333
1780909241.6527116,-0.033,-1.1299,-0.5894,-2.3053,-40.2977,-105.0458,1.2748
1780909241.8515131,0.4404,-0.9688,-0.54,15.5725,-116.916,-61.6336,1.1934
1780909242.0519638,0.4021,-0.7703,-0.4687,47.9313,-155.6718,-25.4656,0.9873
1780909242.253046,0.3252,-0.8005,-0.3987,14.0153,-102.4275,-1.0153,0.9516
1780909242.453487,0.1321,-1.0627,-0.4961,7.5573,-125.3053,6.2061,1.1802
1780909242.651603,-0.405,-0.4871,0.186,10.9389,-109.1603,24.4427,0.6602
1780909242.8515117,-0.2969,-0.8867,-0.134,6.542,-17.2748,-3.3282,0.9447
1780909243.0519197,-0.1248,-1.0793,-0.3806,-13.4656,-36.9008,-46.9466,1.1513
0,0,0,0,0,0,0,0
0,0,0,0,0,0,0,0
1780909243.9139369,-0.1689,-0.8589,-0.2925,-24.0687,14.6489,0.4656,0.9229
1780909244.1723657,-0.1528,-0.8914,-0.3088,12.8473,-43.8168,-18.2443,0.9556
1780909244.3124218,-0.2639,-0.9055,-0.4163,15.1298,-79.2748,-42.8473,1.031
1780909244.5111709,-0.1538,-0.96,-0.1445,7.8779,-63.2824,-37.7786,0.9829
1780909244.7103577,0.2488,-0.6421,-0.2476,7.1603,-73.2519,-54.1832,0.7317
1780909244.9106853,0.4111,-0.7424,-0.3999,26.7099,-84.0458,-60.916,0.9382
1780909245.111153,0.6377,-0.7861,-0.4302,8.9695,-61.7405,-56.0153,1.0999
1780909245.3102372,0.5864,-0.7852,-0.3716,19.8321,-76.8931,-13.5725,1.0481
1780909245.5109568,0.4961,-0.9285,-0.4155,28.0229,-33.0458,49.2672,1.1317
1780909245.7104082,0.1111,-1.2036,-0.6643,16.3359,60.6947,87.542,1.3792
1780909245.9100604,-0.2126,-0.9177,-0.4719,-41.6031,59.3893,90.4275,1.0536
1780909246.1103363,-0.2725,-0.7195,-0.4436,2.0687,64.6947,38.3588,0.8881
1780909246.3133655,-0.3364,-0.843,-0.3862,5.5191,47.8855,-20.5573,0.9864
1780909246.5108104,-0.3601,-0.96,-0.4583,20.4427,35.4046,-58.2672,1.123
1780909246.7613163,0.4128,-0.488,-0.2756,49.5038,-10.7634,-29.7634,0.6961
1780909246.9144902,0.4082,-0.7185,-0.4299,19.9542,-45.7557,-67.2824,0.9315
1780909247.111056,0.4871,-0.6709,-0.4348,25.4198,-77.0763,-30.8473,0.9362
1780909247.3108866,0.4326,-0.7617,-0.4385,10.8168,-76.1832,8.1832,0.9796
1780909247.5104113,0.3379,-0.9163,-0.4329,31.5878,-76.5954,53.8779,1.0682
1780909247.7103853,-0.312,-1.0649,-0.9124,41.5344,5.7405,101.6183,1.4366
1780909247.9155178,-0.2239,-0.7427,-0.5012,15.1832,63.916,47.3053,0.9235
1780909248.1102965,-0.3413,-0.731,-0.5142,12.9237,101.687,40.2366,0.9566
1780909248.3105378,-0.3491,-0.8035,-0.4836,19.5496,79.2214,13.1527,1.0007
1780909248.5106199,-0.2878,-0.8872,-0.4951,65.7481,71.8626,-9.5267,1.056
0,0,0,0,0,0,0,0
0,0,0,0,0,0,0,0
1780909249.6184154,0.2004,-0.8489,-0.5867,-6.6412,55.1221,19.8015,1.0512
1780909249.8176277,0.4014,-0.8816,-0.8071,13.0382,23.229,29.8855,1.2609
1780909250.0175602,0.3821,-0.6829,-0.6777,4.6794,54.084,47.3588,1.0352
1780909250.2171667,0.1982,-0.708,-0.6562,-18.4351,137.5191,81.4427,0.9855
1780909250.4169457,0.1277,-0.8267,-0.5779,14.7099,66.6794,61.7481,1.0167
1780909250.617117,-0.1218,-0.8999,-0.4312,3.3206,22.9695,70.5573,1.0053
1780909250.8213542,-0.3289,-1.0217,-0.4612,22.2214,64.6107,60.0687,1.1682
1780909251.0180254,-0.241,-0.8096,-0.4226,38.9695,66.0153,13.313,0.9445
1780909251.2178557,-0.1831,-1.0291,-0.5356,9.9771,37.8244,-9.6641,1.1745
1780909251.4197698,-0.2512,-1.26,-0.3447,-36.7023,48.4504,-20.916,1.3303
1780909251.6223361,0.0076,-0.8342,-0.3691,-10.3359,-24.6107,-51.7863,0.9123
1780909251.8180883,0.2354,-0.9995,-0.3904,20.9008,-44.9313,-24.8168,1.0985
1780909252.0179312,0.2625,-0.9556,-0.4988,19.0687,-81.4885,-45.6794,1.1094
1780909252.2178159,0.3416,-0.8447,-0.4351,7.5954,-92.9771,-30.7557,1.0097
1780909252.417669,0.3701,-0.8882,-0.416,2.4504,-53.1069,13.3969,1.0483
1780909252.617679,0.21,-0.781,-0.3711,-18.8321,23.8626,49.3817,0.8898
1780909252.8173563,-0.1814,-0.8916,-0.3025,-20.542,88.2824,25.9618,0.9588
1780909253.0172536,-0.2217,-0.8403,-0.4988,19.9237,97.0076,43.3053,1.002
1780909253.2169251,-0.3425,-0.8865,-0.4487,3.0305,80.0153,30.3053,1.051
1780909253.417555,-0.3035,-0.835,-0.2988,26.626,48.9313,-0.1145,0.9373
1780909253.617149,-0.0925,-1.0745,-0.4375,28.1756,-33.1145,-36.9542,1.1638
1780909253.8212583,0.053,-1.1567,-0.2959,8.2977,-95.4885,-25.1756,1.1952
1780909254.0171752,0.0225,-0.9487,-0.5334,-18.6107,-120.5802,-34.6794,1.0887
1780909254.217015,0.0483,-0.7412,-0.5813,-18.1603,-134.6412,-44.1756,0.9432
1780909254.4175696,0.1243,-0.8269,-0.5081,-5.1221,-66.9237,-24.6183,0.9784
0,0,0,0,0,0,0,0
0,0,0,0,0,0,0,0
1780909255.235518,0.021,-0.9192,-0.3127,-1.7557,38.5649,16.5114,0.9712
1780909255.434714,-0.0637,-0.9585,-0.4509,-43.6107,10.7481,-1.7481,1.0612
1780909255.6346724,-0.0312,-0.8743,-0.6924,-10.2443,-49.5725,-3.9084,1.1157
1780909255.8348703,0.071,-0.9602,-0.5676,5.3053,-6.8626,-3.6565,1.1177
1780909256.0372121,-0.2034,-0.9185,-0.3892,-4.9771,-32.4656,-36.1374,1.018
1780909256.2391155,-0.1316,-0.9009,-0.4485,-16.7176,-117.4885,-51.1221,1.0149
1780909256.4398088,0.0049,-0.9065,-0.365,-43.7634,-44.0,-46.6718,0.9772
1780909256.6353192,0.1638,-0.8245,-0.5085,6.7634,-96.8321,-71.7863,0.9824
1780909256.8394985,0.5801,-0.7778,-0.6638,-3.0229,-41.6031,-53.3435,1.1757
1780909257.0398672,0.3567,-0.824,-0.6953,-36.3893,-57.8168,-33.1298,1.1356
1780909257.2342398,0.3232,-0.7112,-0.3735,46.7786,-65.4351,2.4122,0.8659
1780909257.4349906,0.3069,-1.0781,-0.8972,-83.7481,42.2748,60.458,1.4358
1780909257.6346333,-0.2517,-0.9165,-0.677,-19.1298,33.4809,42.9237,1.1669
1780909257.8366528,-0.0483,-0.8914,-0.6279,8.5573,58.5725,40.7786,1.0914
1780909258.0342238,-0.2856,-0.7959,-0.6765,17.542,32.4198,8.2672,1.0829
1780909258.2345355,0.0654,-0.9521,-0.782,9.855,32.6718,-9.7939,1.2338
1780909258.4347026,0.3101,-0.9221,-0.5674,19.458,-48.5878,-60.7176,1.1262
1780909258.6341274,0.2024,-0.8826,-0.4888,9.0992,-69.5802,-41.0687,1.029
1780909258.8879344,0.4373,-0.8162,-0.469,0.3359,-69.1374,-27.2824,1.0379
1780909259.0339532,0.3755,-0.834,-0.4038,29.6718,-34.5267,11.5954,0.9998
1780909259.23398,0.156,-0.8345,-0.8101,21.2977,51.7481,55.3893,1.1734
1780909259.4399755,-0.1606,-1.0107,-0.7297,-22.2137,70.8779,64.9924,1.2569
1780909259.6345887,-0.0688,-0.8171,-0.5261,-1.7328,58.5878,31.3893,0.9743
1780909259.8346758,-0.2759,-0.8289,-0.5864,11.7176,93.9313,55.1985,1.0521
1780909260.035038,-0.3264,-0.8611,-0.4265,27.6565,65.4275,21.5191,1.0149
1780909260.2350438,0.1963,-0.8828,-0.708,6.8244,9.0076,-56.7939,1.1485
0,0,0,0,0,0,0,0
0,0,0,0,0,0,0,0
1780909261.224072,0.2798,-0.8394,-0.4609,-26.5344,43.5191,6.2443,0.9976
1780909261.4230669,0.2471,-0.8613,-0.5752,-2.1908,16.4809,-0.0992,1.0648
1780909261.6227827,0.3865,-0.8015,-0.7002,-43.4656,68.3588,29.6565,1.1323
1780909261.8228667,0.2642,-0.7249,-0.5869,-20.0229,122.5725,72.8244,0.9694
1780909262.0229652,0.3132,-0.7732,-0.6233,-8.2977,115.4351,81.7023,1.0414
1780909262.222713,0.0442,-0.7546,-0.4238,63.3206,80.1832,60.8931,0.8666
1780909262.422667,-0.146,-0.7205,-0.4824,63.0534,97.6718,86.7481,0.8793
1780909262.622595,-0.0583,-0.9773,-0.3801,4.8321,54.9924,7.084,1.0502
1780909262.8231578,-0.1904,-0.9446,-0.28,-0.1069,69.9237,15.2366,1.0034
1780909263.022648,-0.2256,-1.0134,-0.2866,-7.3053,2.6183,-31.2366,1.0771
1780909263.22269,-0.2253,-0.8943,-0.1687,5.3817,43.5267,11.6947,0.9375
1780909263.4222078,0.1609,-1.2444,-0.5088,-38.7557,-51.8092,-61.0534,1.354
1780909263.622118,0.1567,-1.1409,-0.5286,-19.3664,-42.1679,-28.7023,1.2671
1780909263.822936,0.3662,-0.9287,-0.4419,1.6947,-70.8397,-36.5038,1.0917
1780909264.0233467,0.3186,-0.8647,-0.3926,3.1679,-97.9313,-32.5954,1.0017
1780909264.2226784,0.3005,-0.8237,-0.4209,7.4962,-111.5496,-12.9466,0.9726
1780909264.4226966,0.3071,-0.887,-0.6143,-61.0687,-146.7099,-41.5496,1.1218
1780909264.6223493,-0.3718,-0.9858,-0.2937,-26.313,-107.1985,2.5038,1.0938
1780909264.8219178,-0.1187,-0.8169,-0.5037,14.1145,-135.7634,-48.5344,0.967
1780909265.022689,-0.1028,-0.8081,-0.5732,-11.5267,-126.7405,-54.7634,0.9961
1780909265.2230597,0.0315,-0.8428,-0.1565,8.2748,-58.3664,-10.0992,0.8578
1780909265.4235768,0.0796,-1.0176,-0.2834,-2.8779,-31.313,-3.7328,1.0593
1780909265.622568,0.0747,-0.9282,-0.2637,19.5038,-45.8473,-14.0229,0.9678
0,0,0,0,0,0,0,0
0,0,0,0,0,0,0,0
1780909266.5853553,0.0122,-0.9136,-0.23,13.1679,11.6718,11.5649,0.9422
1780909266.7856064,-0.0085,-0.998,-0.4326,-41.6794,-19.5802,-22.3817,1.0878
1780909267.0355077,0.0098,-0.8865,-0.3616,-6.5954,41.6947,26.6183,0.9574
1780909267.1871223,-0.0649,-0.7344,-0.5496,-37.6336,28.5573,-11.5344,0.9195
1780909267.4033446,-0.0127,-0.73,-0.3198,-3.3969,26.9695,37.1069,0.7971
1780909267.6305544,-0.1897,-0.8372,-0.3352,-17.458,26.9313,-8.5038,0.9215
1780909267.8141046,-0.1062,-0.8652,-0.1184,4.8168,31.313,-13.5115,0.8797
1780909267.9868984,-0.2036,-1.1594,-0.3218,-25.1374,31.6336,-31.4351,1.2204
1780909268.1853197,-0.134,-1.011,-0.2131,-14.3511,-83.8626,-56.3282,1.0419
1780909268.3874035,0.1023,-0.7651,-0.3416,33.6031,-103.2595,-12.9771,0.8441
1780909268.586698,0.2285,-0.9014,-0.4353,1.0992,-92.2137,-22.6718,1.0267
1780909268.78586,0.1279,-0.99,-0.2949,12.3206,-57.1527,-9.3664,1.0409
1780909268.9871643,0.3079,-0.8857,-0.2163,15.5725,-49.4809,15.542,0.9623
1780909269.1854343,0.1223,-0.7754,-0.7222,-12.9084,19.5878,56.2061,1.0666
1780909269.4425187,-0.0835,-0.9207,-0.7798,-17.8931,70.2824,30.8473,1.2094
1780909269.6390703,-0.1877,-0.8105,-0.5332,10.2137,117.458,63.5344,0.9882
1780909269.7883906,-0.2603,-0.8638,-0.5229,31.4656,70.542,69.8397,1.0427
1780909269.9886339,-0.3396,-0.8005,-0.5017,29.6718,82.1603,37.1832,1.0039
1780909270.1859963,-0.2234,-0.9121,-0.5723,-11.084,66.9847,-5.9084,1.0997
1780909270.3911972,0.2583,-1.1199,-0.3135,16.1832,37.7939,-17.9542,1.1913
1780909270.593622,0.123,-1.5093,-0.783,15.9695,5.2901,-35.6336,1.7047
1780909270.785075,0.0723,-1.1047,-0.6101,-3.4122,38.9771,11.3435,1.2641
1780909270.9851518,0.2905,-0.8418,-0.509,-1.4504,29.458,30.1145,1.0257
1780909271.1851144,-0.1101,-0.9263,-0.3279,12.145,8.6794,34.0305,0.9887
0,0,0,0,0,0,0,0
0,0,0,0,0,0,0,0
1780909272.1591425,-0.1082,-0.999,-0.2678,-5.7176,43.6107,38.0229,1.0399
1780909272.3583057,-0.1443,-0.9924,-0.3513,23.626,-67.3664,-33.8779,1.0626
1780909272.5575051,0.019,-0.9592,-0.5901,-68.4198,17.3817,-43.0458,1.1264
1780909272.7659779,0.1189,-0.6917,-0.4253,1.1221,-34.4275,-10.374,0.8206
1780909272.9580483,-0.1074,-0.9707,-0.2803,32.145,-72.7863,-23.2748,1.016
1780909273.158033,0.0354,-0.6587,-0.4026,47.9389,-59.229,-21.7786,0.7728
1780909273.3577619,0.22,-0.7285,-0.6812,3.2901,-65.0458,-32.9847,1.0213
1780909273.5575337,0.2214,-0.8076,-0.4812,21.1527,-99.8168,-32.9847,0.9658
1780909273.7571836,0.0186,-0.8738,-0.5662,-24.6565,-95.6336,12.855,1.0413
1780909273.9578624,-0.5239,-0.9468,-0.8394,-10.1679,-88.1985,33.2748,1.3695
1780909274.1629138,-0.3977,-0.8596,-0.4092,-44.8626,-36.916,8.3969,1.0318
1780909274.3575296,-0.5432,-0.7832,-0.2939,-11.0611,21.2443,18.2595,0.9974
1780909274.562627,-0.5098,-0.7896,-0.3962,-14.4962,20.8626,-21.5649,1.0199
1780909274.7670753,-0.344,-0.9048,-0.4756,14.7023,2.3359,-32.4504,1.0785
1780909274.960724,-0.1763,-0.9587,-0.5793,-36.6031,-14.3359,-96.2901,1.134
1780909275.158082,-0.1042,-1.0679,-0.3164,-23.2672,-34.7405,-41.542,1.1186
1780909275.3571246,0.3022,-0.8176,-0.1912,-8.8931,12.8092,-1.6565,0.8924
1780909275.5577924,0.2039,-0.97,-0.3186,-2.8779,41.626,35.0229,1.0411
1780909275.7605557,0.1855,-1.0095,-0.4382,-20.458,73.9847,46.0687,1.1161
1780909275.9579256,-0.1023,-0.8994,-0.4805,-23.5267,84.8779,52.7252,1.0248
1780909276.157492,-0.321,-0.9377,-0.5815,2.9237,47.0992,54.1908,1.1492
1780909276.358896,-0.2856,-0.877,-0.4929,10.2824,23.5954,15.916,1.0458
1780909276.558369,-0.282,-0.9263,-0.5103,23.4809,43.7557,6.6565,1.0945
1780909276.7590768,-0.3137,-0.8899,-0.4587,31.1603,75.458,-1.1527,1.0492
1780909276.9580545,0.1418,-0.7468,-0.3684,13.1756,67.8626,-12.0076,0.8447
1780909277.1580942,0.0142,-0.9399,-0.2273,19.8092,63.6641,14.7405,0.9671
1780909277.3579826,0.0937,-0.9453,-0.2627,4.8244,14.2443,-4.542,0.9856
0,0,0,0,0,0,0,0
0,0,0,0,0,0,0,0
1780909278.3812113,-0.2273,-0.874,-0.5081,-38.0916,-103.7786,-31.6565,1.0362
1780909278.5802903,-0.1121,-0.9736,-0.4705,-36.0916,-84.7176,-54.0305,1.0871
1780909278.7811515,0.073,-0.9998,-0.4185,-14.2366,19.1298,-63.5038,1.0863
1780909278.9806354,-0.1831,-1.0532,-0.2717,-7.8321,15.5954,-1.3206,1.103
1780909279.180165,0.3123,-1.0254,-0.5181,-21.3359,-63.8855,-81.9618,1.1905
1780909279.380473,0.1311,-0.8254,-0.3821,-14.1221,-74.0916,-20.374,0.919
1780909279.5801115,0.1812,-0.8232,-0.7068,-25.5573,-106.0992,-32.2519,1.1
1780909279.7819283,-0.0747,-0.7703,-0.6953,35.9542,-121.8931,3.6412,1.0404
1780909279.9819717,-0.175,-0.6602,-0.4749,19.2519,-81.1374,-18.8855,0.8318
1780909280.184386,-0.0452,-0.751,-0.637,-7.3435,-29.374,-40.8092,0.9858
1780909280.3804333,-0.113,-0.9753,-0.6128,29.4351,-15.3511,-14.6183,1.1574
1780909280.5804656,-0.0925,-0.7402,-0.5444,0.4885,-2.9389,8.5496,0.9235
1780909280.7814333,-0.0608,-0.9124,-0.5334,13.313,-1.9771,10.626,1.0586
1780909280.9811985,0.0879,-0.9326,-0.5842,20.2977,51.1527,27.5725,1.104
1780909281.1804326,0.0881,-0.8171,-0.5068,-6.0153,40.2366,4.5191,0.9656
1780909281.3811026,0.1733,-0.7852,-0.5532,5.8931,38.7252,13.1985,0.976
1780909281.5827398,-0.1499,-0.6086,-0.4343,28.4733,27.4427,46.916,0.7626
1780909281.7801802,-0.1914,-0.8955,-0.7131,-17.0763,13.1145,22.1832,1.1607
1780909281.9808342,-0.0955,-0.8596,-0.7163,-36.8397,-0.8168,-10.3053,1.123
1780909282.181109,-0.0562,-0.9912,-0.6621,16.1908,-11.0382,5.6794,1.1933
1780909282.3804653,0.0974,-0.7727,-0.6675,-36.9924,29.3053,-28.458,1.0257
1780909282.5799384,0.2192,-0.7986,-0.6433,5.7863,35.916,2.0687,1.0486
1780909282.7802052,0.1235,-0.8745,-0.4456,41.0382,-22.6489,17.8702,0.9892
1780909282.9806051,0.0652,-1.0142,-0.374,26.2137,48.4122,39.3588,1.0829
1780909283.1805403,-0.1355,-0.915,-0.3125,14.5344,7.2061,-11.6641,0.9764
0,0,0,0,0,0,0,0
0,0,0,0,0,0,0,0
1780909284.0375555,-0.0781,-0.9219,-0.3037,-11.8931,-0.8855,13.4962,0.9738
1780909284.2361422,-0.197,-0.9597,-0.356,-12.542,-10.2137,4.0687,1.0424
1780909284.4361165,-0.2065,-0.9146,-0.3462,-16.1756,-4.4198,-8.1374,0.9995
1780909284.6355817,-0.0779,-0.9028,-0.5527,-26.8015,9.1221,-16.916,1.0615
1780909284.835987,-0.0688,-0.842,-0.5796,-23.5267,10.3664,-4.8397,1.0245
1780909285.0360496,-0.0874,-0.8291,-0.5164,-21.9466,32.8931,10.8015,0.9806
1780909285.2359283,-0.0598,-0.8083,-0.6277,-42.916,18.5573,4.0229,1.0252
1780909285.4423366,-0.04,-0.6001,-0.5745,-33.2824,-4.2137,-0.2748,0.8317
1780909285.6352704,-0.0112,-0.6978,-0.9495,-13.4885,22.7557,-2.1069,1.1783
1780909285.8360126,-0.0181,-0.6455,-0.8413,15.1221,3.3664,-2.9237,1.0606
1780909286.0361629,0.0505,-0.6724,-0.6929,21.7405,-0.6565,2.7557,0.9668
1780909286.2374632,-0.1782,-0.7878,-0.6746,30.2214,-10.855,11.1298,1.0524
1780909286.4369786,-0.0854,-0.9758,-0.7751,62.6947,-11.6718,7.145,1.2492
1780909286.6358523,-0.0312,-0.6675,-0.0291,61.8779,-1.7863,1.4427,0.6688
1780909286.8354537,-0.0513,-0.9409,-0.3711,82.3053,7.6183,-42.7634,1.0128
1780909287.0352967,0.012,-0.9724,-0.0496,37.4504,15.9618,14.9924,0.9737
1780909287.2352266,-0.0862,-0.9507,0.1316,10.8321,10.7863,3.458,0.9636
1780909287.4357388,-0.0686,-1.0142,0.0464,10.8321,17.4122,15.3206,1.0175
1780909287.6351972,-0.1841,-0.908,0.0698,-12.0916,15.2901,0.6565,0.9291
1780909287.8351934,-0.1787,-0.9763,-0.0005,-3.3817,-11.9313,-4.6489,0.9925
1780909288.0351129,-0.0698,-0.957,0.0549,-4.3206,0.229,-10.2824,0.9611
1780909288.2360427,-0.1016,-0.9624,0.0793,-5.6565,-1.2443,-3.7863,0.971
1780909288.435328,-0.021,-0.9927,-0.001,-9.5344,2.2672,-9.0076,0.9929
1780909288.6356125,0.0242,-0.9216,0.0222,-3.6718,3.7176,-0.2519,0.9222
0,0,0,0,0,0,0,0
0,0,0,0,0,0,0,0
1780909289.3388882,-0.0217,-0.9583,-0.0674,-8.9466,6.2824,4.6336,0.9609
1780909289.538511,0.0278,-0.9592,-0.293,-30.7939,1.5878,-4.4046,1.0034
1780909289.7482412,0.0735,-0.9377,-0.3174,-40.626,-8.0992,-22.0382,0.9927
1780909289.938318,0.2302,-0.8623,-0.6118,-61.6641,-25.8779,-21.4198,1.0821
1780909290.1887877,0.1702,-0.8516,-0.6333,-50.6489,-0.1221,-8.5267,1.0748
1780909290.3377051,0.0117,-0.8113,-0.4734,-7.2748,2.4733,36.8779,0.9394
1780909290.5382578,0.0293,-0.6499,-0.98,19.2061,-30.3817,23.8855,1.1763
1780909290.7434924,0.0264,-0.6699,-0.6145,25.6412,17.7863,6.8473,0.9095
1780909290.938282,0.0461,-0.5837,-0.5791,71.0153,18.9618,38.4504,0.8236
1780909291.1383283,-0.1206,-0.717,-0.7595,11.3511,-3.1603,-14.229,1.0515
1780909291.3377643,-0.3008,-0.9268,-0.54,26.5802,-6.4198,29.4656,1.114
1780909291.5888708,-0.2412,-0.9556,-0.6975,-54.8855,-25.7481,-34.3359,1.2074
1780909291.788938,-0.4172,-0.8491,-0.4832,-40.9008,-48.6489,-32.458,1.0623
1780909291.9385245,-0.2542,-0.8755,-0.3816,20.9313,-80.7863,-40.2748,0.9883
1780909292.1388853,-0.0996,-0.9038,-0.3496,-11.3511,-33.9084,-35.9466,0.9742
1780909292.3389137,0.0635,-0.8547,-0.5083,-31.4656,-33.0458,-28.3282,0.9965
1780909292.5877843,0.1445,-1.0105,-0.2651,0.7634,-34.9389,-25.2748,1.0547
1780909292.7420025,-0.0667,-0.9265,-0.3906,-18.3969,-25.084,-26.9542,1.0077
1780909292.9367578,0.1489,-0.9685,-0.3462,-19.5725,-12.145,-10.6947,1.0392
1780909293.1917233,0.0154,-0.8877,-0.5862,3.0382,17.3969,39.6489,1.0639
1780909293.3383236,-0.1086,-0.8293,-0.4055,16.5114,44.0916,35.5573,0.9295
1780909293.5376315,0.0125,-0.9661,-0.4326,11.4885,104.9389,22.3053,1.0586
1780909293.7379317,-0.3711,-0.9846,-0.3252,31.2137,110.8626,-0.3359,1.1013
1780909293.9367738,-0.0793,-0.9771,-0.448,5.8702,27.855,-14.5725,1.0778
1780909294.1374753,0.0222,-1.033,-0.2258,-22.9313,-47.7099,-19.8015,1.0576
1780909294.337345,0.063,-0.905,-0.2485,-10.4122,-87.0305,-14.1985,0.9406
1780909294.5382693,0.251,-0.9336,-0.3928,-12.5725,-138.8855,-25.4733,1.0435
1780909294.737707,0.2585,-0.9133,-0.533,-42.0,-8.4122,13.6565,1.0886
0,0,0,0,0,0,0,0
0,0,0,0,0,0,0,0
1780909295.3419814,-0.0178,-0.9043,-0.543,-18.1603,28.1832,6.4198,1.0549
1780909295.536835,0.0476,-0.8826,-0.3801,4.0076,22.0229,12.9618,0.9621
1780909295.737064,-0.1663,-1.0693,-0.5212,-3.3206,27.9847,27.4275,1.2012
1780909295.9355767,-0.1279,-0.8811,-0.3354,-15.2214,8.9313,-6.5725,0.9514
1780909296.1370182,-0.1729,-0.7959,-0.4304,-5.3664,63.3969,4.458,0.9212
1780909296.3370209,0.2529,-0.5713,-0.3437,10.0534,36.4122,34.3817,0.7131
1780909296.5433092,0.1973,-0.9534,-0.3086,-0.1145,29.3664,5.374,1.0213
1780909296.736971,0.0979,-0.9102,-0.1086,10.4046,-0.1985,18.0611,0.9218
1780909296.9355547,0.0654,-0.7878,-0.2917,5.1374,5.3588,21.9618,0.8427
1780909297.1371207,-0.0466,-0.8013,-0.616,-12.4427,62.2366,30.4275,1.0117
1780909297.337399,-0.0896,-0.6624,-0.4172,9.0763,95.5954,35.8092,0.7879
1780909297.5372307,0.1223,-1.1016,-0.553,21.7405,113.2214,-28.8168,1.2386
1780909297.7370481,-0.1384,-0.845,-0.4863,-0.7481,100.9924,30.5649,0.9847
1780909297.952929,0.2578,-1.1255,-0.5679,-54.4275,76.771,-29.8397,1.2867
1780909298.1367464,0.2466,-1.0259,-0.6052,-29.3893,74.3511,-22.6107,1.2164
1780909298.339109,0.2627,-0.9094,-0.3193,-3.3511,43.6412,6.4733,0.999
1780909298.5369303,0.3237,-0.8154,-0.3718,-15.4427,22.9695,-5.2519,0.9529
1780909298.73681,0.4011,-0.8132,-0.2998,-13.8779,42.458,24.4504,0.9551
1780909298.9373143,0.3896,-1.0188,-0.272,4.0382,13.4198,30.6794,1.1242
1780909299.1395853,0.2603,-1.0686,-0.2068,50.3282,14.3588,75.0458,1.1191
1780909299.3391163,0.1453,-0.7812,-0.3892,-11.8397,15.3588,1.542,0.8848
1780909299.5354142,-0.1282,-0.7629,-0.4036,10.3359,110.6489,62.6412,0.8726
1780909299.7372541,-0.1704,-0.9202,-0.4187,11.5267,86.0916,18.9924,1.0252
1780909299.9371831,-0.0991,-1.0347,-0.4216,15.1603,7.3511,-26.9542,1.1217
0,0,0,0,0,0,0,0
0,0,0,0,0,0,0,0
1780909300.9367523,-0.1167,-0.8945,-0.1873,-0.3511,-26.6336,-10.4733,0.9213
1780909301.1366894,-0.0952,-1.032,-0.4133,-6.0305,-73.0534,-23.1832,1.1157
1780909301.336143,0.0188,-0.929,-0.3833,-1.5191,-65.6107,-27.5344,1.0051
1780909301.5356736,0.1775,-0.8318,-0.4727,-36.4962,-19.2901,-49.5344,0.973
1780909301.736819,0.3215,-0.7009,-0.6196,-54.9618,-30.9008,-58.9084,0.9893
1780909301.939378,0.3271,-0.8167,-0.5479,4.0382,-65.1298,-19.5344,1.0364
1780909302.1367333,0.1899,-0.8474,-0.7156,-7.229,-73.0534,-14.9389,1.1253
1780909302.3369155,0.0693,-0.7075,-0.8682,-23.626,-90.458,-76.6107,1.1221
1780909302.5367615,-0.1655,-0.8569,-0.7822,46.2824,-104.6718,33.2901,1.172
1780909302.7354822,-0.1685,-0.7529,-0.7642,23.6718,-68.9008,-65.8931,1.0859
1780909302.9354692,-0.1914,-0.6692,-0.6804,-9.2214,-20.9084,-15.4733,0.9734
1780909303.13574,-0.1794,-0.7385,-0.709,43.2672,-33.5573,-21.8168,1.0394
1780909303.3369308,-0.1355,-0.7627,-0.4775,25.771,-34.1298,-3.7405,0.91
1780909303.5419414,0.0649,-0.8474,-0.2578,15.374,-0.2672,-44.6183,0.8881
1780909303.745697,0.2676,-1.1316,-0.4189,-6.4427,-4.9313,-39.8015,1.236
1780909303.9372892,0.2024,-0.8899,-0.2065,-9.6412,10.4275,13.1756,0.9357
1780909304.1354966,0.396,-0.8181,-0.2632,-1.8092,53.7939,15.7328,0.9463
1780909304.3360698,-0.02,-0.9797,-0.1755,26.9389,47.7252,56.4046,0.9955
1780909304.5358465,-0.3105,-0.9683,-0.3342,-12.8321,23.4886,45.3282,1.0704
1780909304.7357233,-0.4817,-0.8438,-0.2937,-20.0153,-42.8092,19.7557,1.015
1780909304.9354212,-0.1804,-0.906,-0.2239,-3.3359,-18.4809,-17.6947,0.9505
1780909305.1355426,-0.3264,-1.0161,-0.1616,10.5115,7.5115,-31.1985,1.0794
1780909305.335478,-0.1926,-0.8525,-0.4243,15.2061,-18.0763,-16.2061,0.9716
1780909305.5359457,0.1309,-1.0122,-0.446,-3.4733,-17.2595,-12.4809,1.1138
0,0,0,0,0,0,0,0
0,0,0,0,0,0,0,0
1780909306.280307,-0.2356,-0.9497,-0.4387,-18.8244,-23.5649,14.9237,1.0723
1780909306.4801042,-0.2817,-0.9285,-0.437,-28.5114,-35.2519,-0.6947,1.0641
1780909306.6793115,-0.3425,-0.8853,-0.3252,-1.5878,-54.4351,-36.1221,1.0034
1780909306.8793387,-0.2358,-0.9331,-0.4463,17.5802,-53.1908,-56.1603,1.0609
1780909307.079951,-0.063,-1.0913,-0.6106,26.4733,-48.9008,-44.1908,1.2521
1780909307.2803385,0.1689,-0.9182,-0.2927,23.3282,-75.7939,-43.8855,0.9784
1780909307.4804199,0.1536,-0.9658,-0.3259,1.5191,-44.3817,-1.7786,1.0308
1780909307.6796517,0.1226,-0.9805,-0.2524,-16.5114,-58.2443,-1.6947,1.0198
1780909307.887914,0.1812,-0.9312,-0.1582,-11.9389,-65.6336,4.4046,0.9617
1780909308.0797076,0.0972,-0.937,-0.5811,8.5573,23.0229,31.9389,1.1068
1780909308.2800162,-0.1709,-1.0493,-0.7141,-4.9389,64.458,38.1603,1.2807
1780909308.4797754,-0.2207,-0.8945,-0.5085,4.6947,85.4504,21.9618,1.0524
1780909308.681316,-0.3198,-0.8418,-0.4504,29.3206,99.9924,40.7939,1.0069
1780909308.8804357,-0.1675,-0.74,-0.553,17.458,109.8931,8.2672,0.9388
1780909309.0802495,0.5244,-0.8386,-0.3794,24.0458,62.0687,-27.0611,1.0594
1780909309.2801492,0.0422,-1.1775,-0.5452,-2.9847,72.4962,31.8702,1.2983
1780909309.4808488,0.2642,-0.8953,-0.6636,-35.0611,57.1221,15.7328,1.1453
1780909309.6813805,0.1943,-0.7878,-0.5706,-5.0229,54.0687,20.0458,0.992
1780909309.882066,0.2012,-0.813,-0.5105,14.3053,66.084,59.6412,0.9808
1780909310.0838454,0.0706,-0.9321,-0.439,18.7176,37.2214,57.7023,1.0327
1780909310.2793093,-0.1052,-1.0632,-0.366,15.9466,112.3511,35.0611,1.1294
1780909310.4794774,-0.2021,-0.8147,-0.2805,9.1679,104.7786,27.4809,0.885
1780909310.6906548,-0.3027,-0.8772,-0.3286,3.8931,48.2214,12.5573,0.9844
1780909310.8817337,-0.2578,-0.981,-0.3584,-14.687,-32.0458,-17.1756,1.0757
1780909311.0822122,-0.2393,-0.9331,-0.3235,-5.6489,-73.8092,-30.8092,1.0162
0,0,0,0,0,0,0,0
0,0,0,0,0,0,0,0
1780909311.8938878,0.0344,-0.9099,-0.3096,-22.3435,29.542,17.0,0.9617
1780909312.0983562,0.1165,-0.9502,-0.3157,-11.9389,-12.771,-0.5038,1.008
1780909312.2925808,0.0483,-0.9861,-0.1047,28.1145,-28.4656,21.3817,0.9928
1780909312.489538,-0.1697,-0.7278,-0.5017,27.9466,-13.9237,33.8244,0.9001
1780909312.6877606,-0.1426,-0.6665,-0.364,-19.6794,-17.0916,-19.0382,0.7727
1780909312.8879492,-0.2419,-0.8521,-0.1921,3.8397,-1.9924,-8.5267,0.9063
1780909313.087899,-0.3979,-1.0496,-0.2351,-22.5344,30.7023,4.3359,1.1468
1780909313.287682,-0.2251,-0.9209,-0.3708,-23.9847,-61.084,-16.687,1.018
1780909313.4878302,0.072,-0.7874,-0.2085,-9.2977,-115.9847,-39.0305,0.8177
1780909313.7030704,0.0027,-0.9441,-0.342,-22.1908,-72.1527,-24.6412,1.0041
1780909313.887739,0.0198,-0.8777,-0.1414,-6.0,-43.3435,12.1298,0.8892
1780909314.0886233,-0.3193,-1.1453,-0.5183,-47.8931,21.8168,54.2824,1.297
1780909314.2936075,-0.5625,-1.0825,-0.4482,-28.0229,-1.5496,38.0687,1.2997
1780909314.4900227,-0.4983,-0.7754,-0.5286,7.2824,42.7405,29.8168,1.0625
1780909314.6882584,-0.626,-0.7253,-0.4226,24.5344,27.7099,0.0153,1.0472
1780909314.9382656,-0.5881,-0.7187,-0.4126,19.9008,7.2748,-22.5954,1.0162
1780909315.0885057,-0.5664,-0.8074,-0.2832,3.8321,-57.3664,-52.4885,1.0261
1780909315.2879124,-0.4182,-1.2485,-0.4031,-15.9389,-75.9313,-64.374,1.377
1780909315.539319,-0.0247,-1.0693,-0.4482,-44.8855,-81.6947,-56.687,1.1597
1780909315.7011645,-0.0212,-0.9209,-0.3032,-46.9771,-54.9924,-30.0763,0.9698
1780909315.8879795,0.0068,-1.0361,-0.2434,3.0,-53.3282,-2.0992,1.0644
1780909316.0877843,-0.0649,-0.7939,-0.4143,0.9389,-12.7939,29.6641,0.8979
1780909316.2879746,-0.27,-1.0471,-0.4102,-27.4427,-8.3893,12.2977,1.1565
1780909316.4886088,-0.2258,-1.0198,-0.3418,-4.2366,13.9847,14.687,1.099
0,0,0,0,0,0,0,0
0,0,0,0,0,0,0,0
1780909317.1984196,-0.2522,-0.9539,-0.374,-1.084,-2.0076,-11.2443,1.0551
1780909317.3881092,-0.1729,-0.95,-0.2915,18.4504,23.2977,-28.7328,1.0086
1780909317.5921555,0.3633,-0.9651,-0.3538,9.9389,76.3435,-28.8092,1.0902
1780909317.7882073,0.1377,-0.9263,-0.1816,-22.313,30.3359,-7.3893,0.9539
1780909317.9874573,0.1479,-0.9587,-0.22,-23.6412,-29.4962,-9.3053,0.9947
1780909318.18757,0.1147,-0.9197,-0.4507,-10.6031,3.1603,47.3817,1.0306
1780909318.389729,-0.2075,-0.9324,-0.6089,-25.771,19.4656,43.7557,1.1328
1780909318.5953035,-0.1589,-0.8286,-0.4543,-11.5954,-7.313,4.7176,0.9583
1780909318.7881064,-0.2783,-0.9617,-0.3728,17.2061,22.5725,17.7328,1.0683
1780909318.9883797,-0.2734,-0.7578,-0.3472,32.2214,55.687,15.8397,0.8773
1780909319.1879807,0.2542,-0.6987,-0.5337,-7.2901,21.7023,-34.9695,0.9152
1780909319.3888998,0.1375,-0.8342,-0.499,-24.6412,61.4046,4.2214,0.9818
1780909319.5909061,-0.0005,-0.7192,-0.6423,-41.8626,19.8244,6.4275,0.9643
1780909319.7876315,0.1135,-0.72,-0.6887,-33.7863,-12.8015,10.542,1.0028
1780909319.9877725,-0.0654,-0.9067,-0.8064,15.5344,13.9237,12.8092,1.2152
1780909320.1875234,-0.0344,-0.7812,-0.6497,49.9313,-19.2519,6.1756,1.0167
1780909320.3890536,-0.0486,-0.9734,-0.5042,56.313,-16.1145,7.0992,1.0973
1780909320.5885506,-0.0806,-0.8975,-0.4038,31.542,-9.4733,1.3435,0.9874
1780909320.787447,-0.0527,-0.8274,-0.3447,7.771,7.8168,-21.9313,0.8979
1780909320.9883516,0.001,-0.907,-0.355,-46.0382,-1.6565,-7.3282,0.974
1780909321.1878603,-0.0081,-0.854,-0.4004,-42.3511,5.7252,-3.1908,0.9432
1780909321.3882108,-0.0142,-0.8738,-0.4548,-28.3053,-0.3435,-2.3359,0.9852
1780909321.5879426,0.042,-0.9028,-0.5928,6.7481,-4.4504,-8.7634,1.0809
1780909321.7876127,-0.0115,-0.9395,-0.53,37.7176,-11.9924,8.5802,1.0787
1780909321.987883,-0.1323,-1.1514,-0.248,123.2595,-20.374,27.2748,1.1852
1780909322.1878324,-0.1465,-0.6365,0.6301,64.9847,-9.4656,19.9389,0.9075
1780909322.3875034,-0.0566,-0.8022,0.4099,67.5267,-13.8473,6.9542,0.9027
1780909322.5874877,-0.0723,-0.751,0.376,41.2443,-6.9924,12.0076,0.8429
0,0,0,0,0,0,0,0
0,0,0,0,0,0,0,0
1780909323.44076,-0.1868,-0.7869,0.5361,-2.1832,-7.4809,-1.7634,0.9703
1780909323.640606,-0.1462,-0.7979,0.4248,-35.4122,-10.9084,-11.0763,0.9156
1780909323.8406284,-0.1074,-0.8875,0.3811,-61.0382,-0.3664,-12.5344,0.9718
1780909324.0405874,0.0259,-0.925,0.1931,-41.0992,-0.5573,-8.0076,0.9453
1780909324.2395976,-0.0645,-1.0154,0.0891,-51.2214,-8.1298,-2.1679,1.0213
1780909324.4408994,0.0208,-0.9453,0.0146,-50.687,-4.0153,-19.1756,0.9457
1780909324.6407979,0.0278,-1.1404,-0.1553,-36.6641,9.1679,27.7176,1.1512
1780909324.8412974,-0.0176,-1.072,-0.4875,-20.6794,2.1069,6.3969,1.1778
1780909325.0456374,-0.0112,-0.9497,-0.3457,25.9237,7.0992,2.8626,1.0107
1780909325.242669,-0.0615,-0.8242,-0.1587,60.374,13.4122,8.3053,0.8416
1780909325.4398768,-0.1184,-0.9368,-0.0662,35.145,-2.229,-17.4809,0.9465
1780909325.6405842,0.095,-0.8398,0.0271,33.9924,34.6641,17.626,0.8456
1780909325.841149,-0.2078,-0.9397,0.0874,-2.9084,73.2214,35.5344,0.9664
1780909326.0393822,-0.4646,-0.991,0.0437,-38.6107,-10.5344,-10.4046,1.0953
1780909326.2405965,-0.3354,-0.9189,-0.0657,-8.687,-83.4733,0.1908,0.9805
1780909326.4405818,-0.196,-0.9475,-0.1392,-32.9084,-143.5573,-12.4275,0.9775
1780909326.6406436,0.0781,-0.9597,-0.1072,-41.7939,-139.8473,-17.3053,0.9688
1780909326.840752,0.0559,-0.9788,-0.0964,-18.8702,-7.916,5.5496,0.9851
1780909327.0392957,-0.0142,-0.8936,-0.2695,-34.3893,76.4885,16.3588,0.9334
1780909327.2389977,-0.1606,-0.7292,-0.3823,-17.1679,85.5496,28.6718,0.8389
1780909327.4405718,-0.126,-1.0786,-0.4468,-25.1908,22.5344,8.8092,1.1743
1780909327.6407301,-0.0679,-0.9373,-0.5144,9.0611,18.4122,-4.4885,1.0713
1780909327.840668,-0.0396,-0.7681,-0.3918,22.1221,4.7786,-7.7405,0.8632
1780909328.0407832,-0.031,-1.0715,-0.3437,35.3511,6.5878,-3.0076,1.1257
1780909328.238883,0.1318,-1.0151,-0.0945,138.2366,-10.0992,25.8092,1.028
1780909328.4534864,-0.0637,-0.8662,0.304,74.4046,5.1221,13.6412,0.9202
1780909328.639786,-0.0945,-0.9543,0.2498,25.9618,-11.7099,-9.4733,0.991
1780909328.8389266,-0.2002,-0.9365,0.3054,-8.8168,-1.7176,4.1221,1.0052
0,0,0,0,0,0,0,0
0,0,0,0,0,0,0,0
1780909329.4918814,-0.1548,-0.8711,0.3904,-0.0229,5.1679,4.7481,0.967
1780909329.6910138,-0.0945,-0.8735,0.3606,-6.3588,-0.9008,-3.4656,0.9497
1780909329.8919404,-0.1189,-0.8491,0.3647,2.4046,-5.6489,17.0229,0.9318
1780909330.0910065,-0.2471,-0.7993,0.4114,-45.4122,-7.5115,-26.2366,0.9323
1780909330.2916086,-0.1633,-0.8472,0.3638,-17.1221,5.3893,5.6412,0.9363
1780909330.491141,-0.0103,-0.9744,0.0867,-50.4122,-6.8015,-21.1145,0.9783
1780909330.741498,0.0889,-1.0117,0.052,-48.7099,-8.9924,-11.6794,1.0169
1780909330.8916347,-0.0098,-1.0103,-0.1755,-19.5191,-7.313,-1.687,1.0254
1780909331.094594,0.0381,-1.0146,-0.2866,-13.9313,0.0687,-5.1756,1.055
1780909331.2915337,0.0703,-1.0183,-0.2051,-27.0305,-9.1756,-3.3435,1.0411
1780909331.4941282,0.1238,-0.9536,-0.4448,-27.1603,-6.8855,1.313,1.0595
1780909331.6916513,-0.075,-1.189,-0.4177,2.8702,1.5115,20.8702,1.2624
1780909331.894134,-0.05,-1.2539,-0.4321,41.1298,-5.8473,-3.2748,1.3272
1780909332.0918007,-0.0029,-0.6455,-0.1729,59.7023,0.4885,-17.3664,0.6683
1780909332.2917142,0.0425,-0.7339,-0.0911,73.2977,6.6107,4.1985,0.7407
1780909332.49171,0.0259,-0.7717,-0.0261,18.7176,6.3435,8.7939,0.7726
1780909332.6927238,-0.0034,-0.9446,0.124,-16.7176,-10.5649,1.0458,0.9527
1780909332.9423134,-0.001,-0.9458,0.0615,-36.9466,-8.6565,11.2595,0.9478
1780909333.0928671,-0.0635,-0.9348,0.0205,-22.5802,-18.8931,13.7863,0.9372
1780909333.2914207,-0.1936,-1.0054,0.0796,-27.542,-27.4122,-8.0305,1.0269
1780909333.4919693,-0.1597,-0.949,0.0396,-1.5115,-12.5115,-1.5725,0.9631
1780909333.6968665,-0.1001,-1.0051,-0.012,2.9847,-21.1221,-13.8779,1.0102
1780909333.892041,-0.092,-1.073,-0.1912,-4.4809,-27.5573,-14.6794,1.0938
0,0,0,0,0,0,0,0
0,0,0,0,0,0,0,0
1780909364.9432948,0.0649,-0.9878,0.1057,6.626,-0.1298,-0.3664,0.9956
1780909365.1433504,0.0234,-0.8923,0.1443,-6.229,-7.3664,-11.0611,0.9042
1780909365.3418434,-0.0168,-1.0142,0.0464,8.916,-8.5649,2.9008,1.0154
1780909365.5426676,-0.2014,-1.0496,0.0791,-6.374,-38.5344,-3.5725,1.0716
1780909365.7424169,-0.0488,-0.9932,0.1123,-9.1145,-75.9466,8.313,1.0007
1780909365.944736,-0.1819,-0.8699,0.1108,-21.626,-26.3511,5.916,0.8956
1780909366.1425934,-0.0933,-0.9536,-0.2085,29.5802,-58.0153,30.6336,0.9806
1780909366.342542,0.1411,-0.9001,0.1772,-18.7939,-41.7023,-9.5725,0.9282
1780909366.5470748,-0.0059,-0.9807,0.1121,13.916,2.5573,10.2519,0.9871
1780909366.7502549,0.011,-1.1411,0.345,-26.8931,-12.8931,-6.3511,1.1922
1780909366.9541302,-0.0791,-0.8018,-0.1294,32.5344,34.8702,-1.7405,0.816
1780909367.1416194,-0.0173,-0.9429,0.1941,-34.1221,53.0992,-21.8244,0.9628
1780909367.3425784,-0.1885,-0.9192,0.1057,5.4733,-5.916,-20.145,0.9442
1780909367.5424657,-0.1541,-1.2534,-0.2068,42.2672,4.3893,-28.9237,1.2797
1780909367.7457972,0.092,-0.8076,-0.0186,-42.0382,-77.1374,-10.1832,0.8131
1780909367.9426625,0.1128,-0.9727,0.0029,14.3282,-94.3359,20.4275,0.9792
1780909368.143002,0.0596,-1.0535,0.1543,0.3969,-66.0611,22.3893,1.0664
1780909368.342002,-0.1897,-0.9692,-0.1228,26.3817,-42.3053,19.7557,0.9952
1780909368.5421498,-0.0388,-0.9368,0.0549,-6.2137,-2.1527,-5.7023,0.9392
1780909368.741903,-0.1013,-0.917,0.0496,5.855,-8.2977,-10.1527,0.9239
1780909368.9425967,-0.0605,-1.05,0.2605,7.6718,32.2824,2.2901,1.0836
1780909369.1426315,-0.0554,-0.9026,-0.0347,-21.0916,-37.8015,-7.6489,0.905
1780909369.3425696,0.092,-0.9236,0.054,4.9389,-68.5496,15.4885,0.9297
1780909369.5435264,0.0544,-0.9785,0.1467,-11.4962,-32.4885,12.5725,0.991
1780909369.741786,0.083,-1.1907,-0.155,9.5191,0.687,33.3359,1.2036
1780909369.9426286,-0.0793,-0.9314,-0.0046,-56.1985,-12.4046,-9.145,0.9348
1780909370.1419322,-0.1052,-0.8792,0.0818,-6.8244,-6.1756,-12.2137,0.8892
1780909370.3433099,-0.114,-1.093,0.2815,-29.5038,8.2137,-19.7023,1.1344
1780909370.5425837,0.1621,-0.9099,-0.1025,33.8244,-36.9084,32.0229,0.9299
1780909370.742595,-0.0405,-0.8918,0.0933,0.0687,-34.3206,13.0,0.8976
1780909370.9486547,0.0061,-0.9568,0.0557,-21.0229,-33.2366,14.687,0.9584
1780909371.141511,0.0505,-1.2122,-0.1631,30.7405,-106.1221,1.1298,1.2241
0,0,0,0,0,0,0,0
0,0,0,0,0,0,0,0
1780909398.8533642,0.3901,-0.8601,-0.1211,6.8092,-17.2137,24.4122,0.9522
1780909399.0520778,0.0754,-0.7368,0.0815,-17.9466,-8.7328,-2.5496,0.7451
1780909399.2520607,0.2014,-0.8994,0.1067,-13.3359,-8.0534,-3.5191,0.9278
1780909399.4518945,0.4119,-1.031,-0.2341,32.7481,-15.1985,-12.8092,1.1346
1780909399.6522334,0.2549,-0.8679,-0.0627,26.1145,-7.3588,12.084,0.9067
1780909399.8518481,0.1445,-0.9509,0.1145,1.4504,-1.2519,-2.6947,0.9686
1780909400.051754,0.1223,-1.1123,-0.0496,25.1374,-2.6412,-7.2443,1.1201
1780909400.2527382,0.1035,-1.0012,0.1731,-37.4046,-14.3893,-23.1145,1.0213
1780909400.4535725,0.4106,-0.9111,0.0103,14.4809,-15.3282,9.0382,0.9994
1780909400.6533508,0.3479,-1.1802,-0.0229,12.6412,-53.8321,-4.9618,1.2306
1780909400.9019725,0.207,-0.8608,-0.1611,1.0382,-36.4122,22.7099,0.8999
1780909401.0549726,0.0872,-0.8435,0.0566,-13.8702,9.5115,-9.5878,0.8499
1780909401.2516737,0.1506,-1.312,0.405,38.7099,16.1374,19.5649,1.3813
1780909401.4516866,0.1919,-0.7551,-0.0117,-41.9542,-3.3282,16.0992,0.7792
1780909401.653322,0.3154,-0.8494,0.0715,-16.6183,-28.7557,2.7099,0.9089
1780909401.8517,0.1597,-1.3027,0.3174,-10.9237,-39.8855,-4.0458,1.3503
1780909402.0519533,0.0354,-0.8447,-0.0535,-27.8626,-30.0763,-18.9847,0.8472
1780909402.2549126,0.0696,-0.8545,0.0664,-8.5191,-7.4809,-9.9618,0.8599
1780909402.4587412,0.2119,-1.0784,0.2305,-3.8092,21.2672,-3.4656,1.1229
1780909402.6628673,0.2434,-0.8486,-0.1497,6.5115,29.0,3.6565,0.8954
0,0,0,0,0,0,0,0
0,0,0,0,0,0,0,0
1780909428.184971,0.2153,-0.8752,0.2969,14.7863,-14.9618,-5.3511,0.949
1780909428.3890054,0.1475,-0.8621,0.2837,-46.6183,-6.9466,6.1374,0.9194
1780909428.5905106,0.2385,-0.8857,0.2207,8.9389,15.4504,-1.4122,0.9435
1780909428.788738,0.0396,-1.0317,0.3535,-1.0153,16.4504,-10.0534,1.0913
1780909428.9879808,0.2542,-0.738,-0.1619,27.7786,8.9466,7.1069,0.7972
1780909429.186529,0.1787,-0.7568,0.114,30.916,-49.6412,21.2061,0.786
1780909429.3857234,0.3389,-1.1331,0.0869,-3.084,-32.2366,-8.0916,1.1858
1780909429.585833,0.3408,-0.8867,-0.4043,35.5344,52.916,-1.2214,1.0324
1780909429.7850919,0.2131,-0.7039,0.0942,23.6794,0.7328,12.4733,0.7414
1780909429.9858232,0.2761,-1.0945,0.1797,-6.1603,-0.6947,-1.5115,1.143
1780909430.1842704,0.3254,-0.7349,-0.2473,8.7557,12.8473,30.084,0.8409
1780909430.3843904,0.3271,-0.8396,0.0286,-12.3511,-0.2061,15.2366,0.9015
1780909430.5849483,0.2878,-1.2715,0.2144,-21.0076,-24.0611,7.9237,1.3212
1780909430.7842252,-0.3232,-0.832,0.2686,-5.8931,9.0763,-27.3359,0.9321
1780909430.9845302,0.147,-0.8386,0.0789,-0.0382,-0.0076,0.9466,0.855
1780909431.1849504,0.1702,-1.3848,0.3848,35.0076,-21.2748,26.0,1.4473
1780909431.384564,0.1487,-0.8469,-0.0786,-53.5038,16.4809,17.1756,0.8635
1780909431.5843184,0.3694,-0.791,0.0535,-20.0,-19.1527,-6.8168,0.8746
1780909431.7889042,0.2756,-1.2622,0.0862,4.9771,-38.229,-6.7252,1.2948
1780909431.9845078,0.1997,-0.9348,-0.1516,-27.0229,-57.5725,-11.9466,0.9679
1780909432.1861172,0.0322,-0.8574,0.1794,-1.7099,5.4275,-12.3817,0.8766
1780909432.384897,0.3137,-1.3992,0.0383,33.1832,-5.855,7.4198,1.4344
1780909432.5841258,0.0417,-0.8767,0.158,-51.229,4.1298,-27.3893,0.8918
1780909432.7871926,0.3208,-0.8879,0.1296,13.2137,-30.542,13.229,0.953
0,0,0,0,0,0,0,0
0,0,0,0,0,0,0,0
1780909437.1464906,0.093,-0.9231,0.1914,-13.9618,7.9084,-3.2824,0.9473
1780909437.346852,0.1443,-0.9429,0.1528,-9.4046,-0.9771,-10.4198,0.966
1780909437.558471,0.3025,-1.022,-0.2988,10.2595,12.9466,-14.4733,1.1069
1780909437.746986,0.2485,-0.7737,-0.0623,6.5954,-13.2672,0.3359,0.815
1780909437.9545326,0.2981,-0.9143,0.1721,-3.3969,3.1908,-1.2824,0.977
1780909438.1457372,0.5291,-1.05,-0.2434,17.0382,-7.9466,6.7786,1.2007
1780909438.347779,0.3457,-0.8726,-0.155,-16.9924,-38.5344,-4.3359,0.9513
1780909438.60009,0.123,-0.9009,0.1763,15.4809,-12.5115,8.5878,0.9262
1780909438.7471957,0.3752,-1.2056,-0.479,19.7863,22.2061,-2.542,1.3504
1780909438.9478166,0.2144,-0.804,0.0103,-10.8626,-52.1679,-16.7634,0.8321
1780909439.146454,0.3301,-0.9883,0.1328,0.0687,-3.458,-0.4656,1.0504
1780909439.3469021,0.4724,-0.8721,-0.6445,12.5878,59.4504,-16.3435,1.1828
1780909439.547284,0.2847,-0.6174,0.0859,10.7481,28.9237,11.6183,0.6853
1780909439.7477112,0.2476,-0.9546,0.1536,2.7634,28.8321,-25.3969,0.9981
1780909439.9475474,0.2205,-0.8042,-0.2368,17.8473,42.0382,0.9618,0.8668
1780909440.1481,0.3511,-0.7468,-0.1047,-19.9084,-10.7176,22.0687,0.8318
1780909440.3472042,0.376,-1.2019,0.0767,-8.6489,-26.9542,3.9237,1.2617
1780909440.5508401,-0.0669,-0.71,0.1921,1.8168,22.1145,-7.1298,0.7385
1780909440.747335,0.1167,-0.845,0.0649,-3.4809,12.1908,-2.5878,0.8555
1780909441.0031095,0.2668,-1.2163,0.4534,0.313,-27.5725,1.0076,1.3252
1780909441.1972342,0.2622,-0.6304,0.0308,-23.8397,5.0,20.3359,0.6834
1780909441.348276,0.2671,-0.7878,0.1475,-19.2595,-43.2901,0.4504,0.8449
1780909441.5469067,0.2949,-1.2017,0.2075,11.8397,-46.3893,11.0,1.2546
1780909441.7476652,-0.0701,-0.7983,0.0496,-22.7099,-30.6718,-25.313,0.8029
1780909441.947326,0.0693,-0.8696,0.0745,7.229,1.1145,-6.626,0.8756
0,0,0,0,0,0,0,0
0,0,0,0,0,0,0,0
1780909444.9928725,0.1677,-0.9324,0.0825,-5.2519,-8.8015,7.2519,0.9509
1780909445.1922963,0.3647,-1.084,0.0508,3.9084,-18.7099,-5.8321,1.1448
1780909445.3922136,0.1545,-1.0378,0.0959,25.8702,-23.4427,-0.1908,1.0537
1780909445.5924056,0.0662,-0.7605,0.1208,-45.6565,-40.2137,-18.8626,0.7729
1780909445.7916431,0.2354,-0.8911,0.0549,2.3664,-30.6412,-3.1603,0.9233
1780909445.9917667,0.3989,-1.2202,0.103,-10.6107,-59.8473,7.2977,1.2879
1780909446.2514994,-0.1929,-0.8604,-0.0479,-5.8702,16.9847,-14.5267,0.883
1780909446.3906975,0.1191,-0.7441,-0.0728,10.7786,12.7099,6.3511,0.7571
1780909446.594711,0.0691,-1.2207,0.4766,31.9466,1.5115,2.4504,1.3123
1780909446.7946992,0.2319,-0.688,-0.1555,-48.9618,-17.0076,18.5878,0.7425
1780909446.9932523,0.3337,-0.989,0.2024,-10.5496,-27.1374,-9.7176,1.0632
1780909447.1915152,0.366,-1.2522,0.0481,13.5802,-34.9618,-14.8015,1.3055
1780909447.3918715,0.3015,-0.9636,-0.3081,2.6107,-24.3817,15.1756,1.0557
1780909447.5940602,0.0056,-0.9307,0.2207,4.7939,-2.9695,-9.5573,0.9565
1780909447.792226,0.3784,-1.1072,-0.4363,-14.9313,-4.916,-31.0611,1.2488
1780909447.991585,0.3074,-0.7437,-0.0024,-0.6107,-40.6565,-2.9389,0.8047
1780909448.1916513,0.334,-1.0049,0.0654,-8.9695,3.5725,4.4046,1.061
1780909448.3918278,0.491,-1.0249,-0.73,7.9771,71.2519,18.8473,1.3507
1780909448.5905023,0.2273,-0.8037,0.0195,16.1527,22.9389,0.5191,0.8355
1780909448.7909226,0.1812,-0.9731,0.0447,7.2824,8.5802,-4.9237,0.9909
1780909448.9905496,0.1704,-0.7251,-0.0405,18.9847,11.1679,-7.0611,0.746
1780909449.1908255,0.1841,-0.6987,-0.0642,-8.9008,-25.5725,16.1908,0.7254
1780909449.3907661,0.2896,-1.1362,0.0349,-3.8779,-5.458,6.4504,1.1731
1780909449.5907063,-0.1282,-0.7793,-0.0459,12.1679,55.0458,-27.3206,0.7911
1780909449.7960827,0.1863,-0.7891,0.0015,12.542,29.2595,-0.9313,0.8108
1780909449.990806,0.3003,-1.0366,0.0427,-10.3435,33.3435,-17.5267,1.0801
1780909450.191096,0.1311,-1.1138,-0.1677,4.9695,63.3664,-5.4962,1.1339
1780909450.3907819,0.1416,-0.7893,0.0425,14.9695,-46.5191,17.4962,0.803
1780909450.5907187,0.2715,-0.9189,-0.0696,10.7328,-75.6489,21.8321,0.9607
1780909450.7913067,0.3569,-1.3167,-0.3362,-2.5344,-98.7328,10.313,1.405
0,0,0,0,0,0,0,0
0,0,0,0,0,0,0,0
1780909453.2128456,-0.1482,-0.5225,-0.2234,7.3893,13.1221,-8.0611,0.5872
1780909453.4119213,1.3057,-1.3567,-1.1941,-15.0916,-3.374,40.2519,2.2296
1780909453.6118398,0.4185,-1.3718,-0.0615,8.1603,-10.7328,-5.0534,1.4355
1780909453.8117752,-0.0002,-1.3127,0.0962,5.5802,27.626,24.1298,1.3163
1780909454.0116093,0.0449,-0.7104,0.261,19.687,-30.9237,-24.0534,0.7582
1780909454.2118533,0.7559,-1.4768,-0.145,-31.8015,5.4733,43.8855,1.6653
1780909454.4114656,-0.0461,-0.189,-0.1277,-13.4809,35.1221,-23.9771,0.2327
1780909454.6119545,1.2925,-1.3567,-1.041,-10.6336,37.0,-18.0458,2.1436
1780909454.8116567,0.322,-1.5173,0.1924,25.7939,-30.5114,9.7252,1.563
1780909455.0116296,-0.0271,0.1316,-0.1223,21.0076,-20.4656,-36.3969,0.1817
1780909455.2134545,0.1658,-1.0342,-0.2385,-12.7405,-67.771,-27.3435,1.0742
1780909455.4117622,0.1953,-1.4448,0.2197,-12.8244,-44.7176,2.1145,1.4744
1780909455.6121943,0.0742,-0.3044,-0.1719,38.1374,-93.7939,37.7634,0.3574
1780909455.8119824,-0.0898,-1.5422,-0.0205,37.8626,23.9237,47.6489,1.545
1780909456.01573,0.0188,-1.1501,0.3833,45.2366,26.0534,61.458,1.2125
1780909456.2327094,0.0974,-0.1802,-0.0222,-38.8092,-21.1221,-45.4656,0.206
1780909456.4147246,0.0417,-1.3955,-0.0005,0.1221,24.2519,69.7634,1.3961
0,0,0,0,0,0,0,0
0,0,0,0,0,0,0,0
1780909460.7516096,0.0569,-0.9294,0.1743,31.4427,-93.6641,11.2672,0.9474
1780909460.9591436,0.0315,-0.9182,0.0037,-3.1145,-41.1069,6.9771,0.9188
1780909461.1533313,0.1382,-0.8828,0.1177,2.8092,-20.9542,-3.4733,0.9013
1780909461.4018564,-0.0117,-1.0051,0.2571,7.9695,-2.6031,-7.7557,1.0375
1780909461.5524127,0.3525,-0.8489,-0.1465,-9.7252,-0.5725,-17.9924,0.9308
1780909461.7517614,0.2312,-0.6882,-0.0308,11.0916,-27.6412,0.9771,0.7267
1780909462.0019565,0.2854,-1.0352,0.1301,-10.313,5.2748,4.2366,1.0816
1780909462.204153,0.2878,-0.749,-0.5154,40.9542,97.8168,-3.2748,0.9537
1780909462.3550184,0.2581,-0.8,0.0984,30.5114,19.6565,7.7786,0.8464
1780909462.5516958,0.3115,-1.0415,0.1025,-13.1221,66.5649,-9.1679,1.0919
1780909462.7526226,0.4341,-0.6584,-0.1904,6.374,-48.9924,18.0916,0.8113
1780909462.9518135,0.3792,-0.7661,-0.1541,-3.4656,-2.1374,19.8626,0.8686
1780909463.1514778,0.3818,-1.1716,0.1348,1.8168,-17.0763,16.2672,1.2396
1780909463.3522322,-0.1553,-0.9795,0.1123,-18.3969,4.8626,-15.4962,0.9981
1780909463.553661,0.1577,-0.8792,0.0515,10.7252,13.458,-12.0458,0.8947
1780909463.7527924,0.1541,-1.3726,0.3008,52.6489,-12.6641,37.0305,1.4135
1780909463.953864,0.0903,-0.9995,-0.0308,-67.0305,-14.2137,-25.5114,1.0041
1780909464.1541564,0.5129,-0.8037,0.0002,5.8702,-37.4504,7.3969,0.9534
1780909464.3534381,0.6016,-1.2793,-0.2168,-25.8626,-31.2137,-14.7557,1.4302
1780909464.5530448,0.3679,-0.9089,-0.2415,4.3053,-36.7099,-6.5573,1.0099
1780909464.7518833,0.043,-0.8882,0.1077,7.626,5.9542,2.5038,0.8957
1780909464.9518821,0.3645,-1.325,-0.4548,-4.1908,36.7405,-9.5267,1.4475
1780909465.151962,0.2676,-0.7729,-0.0039,-30.7786,-25.1832,-23.1145,0.818
1780909465.3515394,0.21,-0.9153,0.1772,4.084,11.0076,21.8015,0.9556
1780909465.6021748,0.8489,-1.2048,-0.5747,9.0076,-5.542,2.7939,1.5819
1780909465.7515614,0.2214,-0.8552,0.0039,3.7863,-16.1374,-12.0992,0.8834
0,0,0,0,0,0,0,0
0,0,0,0,0,0,0,0
1780909468.24369,0.0149,-1.0691,-0.043,-49.3511,65.4427,-17.855,1.0701
1780909468.4441237,0.1719,-0.9333,0.1711,-8.8473,41.1985,1.3053,0.9644
1780909468.6434603,0.0935,-0.8752,0.1421,5.2519,42.0992,7.7557,0.8916
1780909468.8606262,0.8584,-1.1272,-0.2817,-33.4122,2.2824,-10.145,1.4446
1780909469.0455575,0.2478,-0.7432,-0.0413,-29.6641,55.6947,-36.084,0.7845
1780909469.247303,0.4675,-0.8196,-0.0913,-10.9084,24.8855,9.9542,0.948
1780909469.443535,0.7041,-0.8743,0.1162,22.3435,-41.6183,-14.0,1.1285
1780909469.6454704,0.1816,-1.2505,-0.2556,4.2901,-37.1221,12.2443,1.2892
1780909469.8499553,0.4663,-1.1013,0.1936,27.9389,-51.1069,4.4885,1.2115
1780909470.0448546,-0.2527,-1.4741,0.2273,-14.7252,50.8092,-7.4885,1.5128
1780909470.244243,0.7485,-1.2148,-0.0659,-41.9924,-62.4427,-18.855,1.4285
1780909470.444459,0.3633,-0.9194,-0.0408,-38.0916,21.0992,3.5802,0.9894
1780909470.6507995,0.457,-0.6299,0.0745,-7.7405,9.374,-17.7557,0.7818
1780909470.8453948,0.9539,-0.8635,-0.4238,-16.6183,30.5878,-100.0229,1.3547
1780909471.044061,0.3823,-0.5547,0.1309,15.5878,-12.0687,23.7634,0.6863
1780909471.2580092,0.0083,-0.9475,0.051,4.9771,46.2366,25.2214,0.9489
1780909471.445243,0.4521,-0.9292,-0.5464,-6.0763,-21.7328,4.8626,1.1689
1780909471.644764,-0.0325,-1.1833,0.002,-43.0076,65.1527,9.7405,1.1838
1780909471.8436148,0.4814,-1.105,-0.1096,0.8321,-50.2595,13.3206,1.2103
1780909472.0450304,0.3342,-0.917,0.0435,-28.8168,17.4656,-24.9008,0.977
1780909472.2457073,0.3437,-1.324,-0.6348,-2.6412,78.2214,-41.4427,1.508
1780909472.4497824,0.3486,-0.7603,0.1245,1.0763,-24.9618,9.9389,0.8456
1780909472.6433713,-0.1575,-0.8774,0.0837,5.9771,33.2137,25.5802,0.8954
0,0,0,0,0,0,0,0
0,0,0,0,0,0,0,0
1780909480.1672184,0.1479,-0.981,0.0696,9.2672,1.8168,-1.9695,0.9945
1780909480.367263,0.0776,-0.9648,0.0464,-0.6183,15.9924,1.7252,0.9691
1780909480.5673215,0.166,-0.929,0.0964,-4.5191,20.9389,10.9695,0.9486
1780909480.7673566,0.0271,-0.9121,0.1033,4.3817,27.6947,2.0229,0.9183
1780909480.9677687,-0.0417,-0.9128,0.1716,-21.1756,15.6565,-10.8931,0.9298
1780909481.1660006,0.4485,-1.5967,-0.2788,-30.7557,8.7634,-59.1527,1.6817
1780909481.3649166,0.5659,-0.938,-0.031,42.2672,-64.4122,3.5267,1.0959
1780909481.5687404,0.3552,-0.7546,-0.0056,4.8168,-60.3588,-0.3282,0.8341
1780909481.7648885,0.3838,-1.2285,0.1929,-10.3588,-77.5725,-13.4351,1.3014
1780909481.9653678,-0.6331,-1.0969,-0.042,-15.2595,21.8168,9.6718,1.2672
1780909482.166396,-0.1343,-0.7454,-0.1636,-14.6794,46.2137,12.5038,0.7748
1780909482.3669832,-0.0532,-0.9766,-0.0974,-19.1603,42.2366,-8.4351,0.9829
1780909482.5663013,0.7529,-1.0337,-0.2686,9.4122,21.7634,61.7786,1.3067
1780909482.765678,0.0898,-0.54,-0.0969,-30.9389,9.916,-7.9847,0.556
1780909482.9653115,0.4407,-0.8118,0.1501,22.8321,-8.7481,-8.1679,0.9358
1780909483.165576,0.27,-1.343,-0.8647,11.313,33.0763,-23.9466,1.62
1780909483.3648994,0.2969,-0.5664,0.0046,31.542,9.4351,28.8473,0.6395
1780909483.5653956,-0.113,-0.7668,0.0098,10.7405,72.9542,13.4427,0.7752
1780909483.769883,-0.3708,-1.2688,-0.1023,-8.313,52.2595,61.5496,1.3258
1780909483.966174,1.0232,-0.5298,-0.3303,10.1527,47.8855,-27.8855,1.1986
1780909484.1697361,0.2476,-1.0122,0.1416,-3.7405,-46.2824,-24.4656,1.0516
1780909484.3679664,0.8933,-1.134,-0.0527,-28.0458,-11.0611,-60.7863,1.4446
1780909484.5689979,-0.4336,-1.1748,-0.5071,-38.2824,-8.8015,-11.0992,1.351
1780909484.7656126,0.5251,-0.9209,0.0356,11.5191,-45.7405,34.1832,1.0607
1780909484.9664402,0.03,-0.9265,-0.2085,-33.916,56.7557,14.8397,0.9502
1780909485.166143,0.9019,-0.6245,-0.325,-16.9924,-44.8015,-33.6794,1.1441
1780909485.3777223,0.2646,-0.8701,-0.0708,-13.626,9.1679,-10.3817,0.9122
1780909485.5747676,0.4075,-0.9214,0.0613,-0.9618,19.9008,-33.4351,1.0093
1780909485.7747188,0.6682,-0.823,-0.8076,28.3206,84.9008,-51.6489,1.3327
1780909486.015283,0.1926,-0.7488,0.1069,6.1985,-76.458,4.7405,0.7805
1780909486.164983,-0.0566,-0.8679,-0.0608,-7.3206,40.9389,-4.5802,0.8719
1780909486.365607,0.519,-1.2595,-0.3796,-26.5649,-33.0305,12.8092,1.4142
0,0,0,0,0,0,0,0
0,0,0,0,0,0,0,0
1780909490.1476653,0.0518,-0.7715,-0.2839,-30.5038,-7.9847,14.3435,0.8237
1780909490.3489764,-0.1128,-0.918,-0.0774,-20.145,-18.5649,-1.313,0.9281
1780909490.5464098,0.1145,-1.0425,-0.4209,-1.0229,9.6565,1.0229,1.1301
1780909490.7469516,0.0449,-0.8037,-0.2849,14.3664,10.5954,-28.8015,0.8539
1780909490.9486022,0.1553,-0.854,-0.3499,1.0,-27.7786,2.4885,0.9359
1780909491.1476183,0.0771,-0.9973,-0.2905,-20.8244,-4.6718,-34.6718,1.0416
1780909491.3472846,0.4968,-0.6973,-0.2961,23.7405,-16.7481,29.4351,0.9059
1780909491.5469563,0.29,-0.9128,-0.5649,20.8168,-14.6183,11.626,1.112
1780909491.74721,0.0425,-0.8748,-0.23,8.0916,-52.1679,-24.0076,0.9055
1780909491.9464226,0.1875,-1.2385,-0.1616,-13.5267,-2.7939,19.6336,1.263
1780909492.147937,0.2119,-0.9331,-0.2751,-26.5573,18.4046,-3.7481,0.9956
1780909492.3471272,0.2666,-0.9021,-0.2986,-6.374,-27.3817,0.7481,0.9869
1780909492.55402,0.3728,-0.9106,-0.5691,0.0153,4.9618,3.7023,1.1367
1780909492.7467017,0.2542,-0.9299,-0.3889,-31.542,46.4504,8.3053,1.0395
1780909492.9497445,0.3923,-0.8687,-0.342,-1.5649,25.5344,-23.3435,1.0127
1780909493.146919,0.6072,-0.6458,-0.3784,-9.4504,13.458,16.5038,0.9638
1780909493.347115,0.3391,-0.7124,-0.3074,-7.8626,-21.7939,11.7481,0.8468
1780909493.5467718,0.5203,-1.1626,-0.6174,3.542,-21.771,4.2977,1.4155
1780909493.7466967,0.3518,-1.01,-0.4712,-4.5496,11.2595,-9.1832,1.1687
1780909493.9468462,0.2271,-0.8413,-0.3403,23.7939,-4.7863,-3.4885,0.9355
1780909494.1465926,0.3625,-1.2959,-0.1423,10.8244,-44.6336,14.2901,1.3532
1780909494.3468764,0.3865,-0.9551,-0.3174,-6.687,-33.3435,14.458,1.0781
1780909494.5472887,0.1504,-0.8254,-0.2476,3.6183,-36.8015,6.1679,0.8748
1780909494.7476063,0.2163,-0.9629,-0.7302,9.687,56.1603,12.7252,1.2277
1780909494.9466386,0.1687,-0.8499,-0.4216,4.4809,-1.458,-28.0992,0.9636
1780909495.146605,0.1433,-0.801,-0.2334,26.0382,39.7023,7.6947,0.8466
1780909495.3471131,0.7979,-0.6709,-0.6848,-6.0229,-11.5649,-37.5878,1.2473
1780909495.5499027,0.3374,-0.8562,-0.325,5.3817,-31.6718,18.5267,0.976
1780909495.746765,0.2844,-0.8259,-0.3843,7.2595,-56.0763,18.1374,0.9543
0,0,0,0,0,0,0,0
0,0,0,0,0,0,0,0
1780909500.5069387,-0.0061,-0.8792,-0.167,-0.5649,-13.9771,-0.5115,0.8949
1780909500.7050576,0.0259,-0.9746,-0.2429,2.1221,-15.5954,7.855,1.0048
1780909500.9054182,-0.0276,-0.937,-0.3127,-13.5802,13.313,3.855,0.9882
1780909501.1532764,-0.0559,-0.9299,-0.3015,0.6947,15.4198,-5.6718,0.9792
1780909501.3030424,0.1614,-1.0225,-0.3721,0.9084,-8.9695,-12.7863,1.1
1780909501.5035868,0.1558,-0.9475,-0.3367,1.7939,-3.8626,-3.1832,1.0175
1780909501.7059782,0.0925,-0.8779,-0.1399,-6.1908,-14.6336,14.5496,0.8938
1780909501.902817,-0.1028,-0.8496,-0.3679,-14.7099,26.6031,10.2214,0.9315
1780909502.1032524,-0.0598,-0.948,-0.4258,-0.3969,7.3053,12.1145,1.0409
1780909502.3042524,-0.1113,-0.9104,-0.2922,9.4275,20.084,-13.5191,0.9626
1780909502.505346,0.0625,-0.8801,-0.3223,19.1374,-34.9847,-27.2748,0.9394
1780909502.704864,0.0862,-1.0222,-0.322,-2.8855,1.8779,-5.4504,1.0752
1780909502.9041445,0.1265,-0.9221,-0.2878,1.7786,8.084,15.4809,0.9742
1780909503.1039007,-0.0525,-1.1296,-0.2356,23.0687,24.8321,25.8015,1.1551
1780909503.3060005,-0.1133,-1.0349,-0.4326,-3.6107,39.6107,2.7252,1.1274
1780909503.5094075,0.0005,-0.8586,-0.1968,5.0076,13.2366,-19.6565,0.8809
1780909503.703961,-0.1108,-1.105,-0.0481,-4.7023,13.5725,-5.916,1.1116
1780909503.9603863,0.0996,-0.9912,-0.2095,-2.9695,-16.0534,-6.5878,1.018
1780909504.1032674,0.0408,-0.9141,-0.2131,-0.8015,-39.8626,23.6183,0.9395
1780909504.3036473,0.0078,-1.1021,-0.248,-11.9389,0.4962,27.2595,1.1296
1780909504.5030031,-0.2163,-1.0352,-0.3071,-0.0534,4.9695,-1.145,1.1012
1780909504.704563,-0.0898,-0.8242,-0.1533,9.4275,-0.8015,-17.8168,0.8432
1780909504.9034011,0.0994,-0.999,-0.105,37.5344,-16.8626,3.3206,1.0094
1780909505.1031556,0.0918,-1.1025,-0.1633,-55.9466,13.8779,-9.5878,1.1183
1780909505.3021545,-0.0745,-0.7683,-0.1963,14.1145,-54.7557,21.9389,0.7965
1780909505.5037456,-0.1475,-1.0374,-0.4136,-11.9313,17.2519,10.6107,1.1265
1780909505.7027292,-0.1497,-0.8049,-0.238,34.4198,10.0611,-18.7634,0.8526
1780909505.9038582,-0.1433,-0.9695,-0.1792,24.1145,38.0076,-18.6565,0.9963
1780909506.1077483,0.136,-1.1079,-0.3584,-48.0229,-3.1756,-7.0916,1.1724
1780909506.30635,0.0288,-0.865,-0.134,-2.8092,-63.855,6.8244,0.8758
0,0,0,0,0,0,0,0
0,0,0,0,0,0,0,0
1780909509.1655688,-0.3333,-0.7783,-0.1147,-8.5802,135.3359,-3.7634,0.8544
1780909509.3634953,-0.512,-0.9692,-0.1436,12.3893,87.8015,2.4427,1.1055
1780909509.5652893,-0.269,-0.9824,-0.1267,7.3206,23.4656,-4.3893,1.0264
1780909509.7777665,-0.2698,-0.9653,-0.3018,13.1374,17.4275,-13.8931,1.0468
1780909509.9651532,-0.1753,-1.0266,-0.3074,14.4504,-33.1374,-6.3282,1.0859
1780909510.1695795,-0.1335,-0.9541,-0.1621,-8.8015,-2.4885,4.8931,0.9769
1780909510.3631787,-0.1782,-0.8171,-0.1331,-14.3282,-15.2366,19.9542,0.8469
1780909510.5727634,-0.2649,-0.9277,-0.2185,3.2901,22.0687,2.5038,0.9892
1780909510.76847,-0.3845,-0.8711,-0.2986,6.7405,14.8015,6.4122,0.9979
1780909510.9679694,-0.293,-0.8862,-0.1379,22.3359,8.4122,-14.1069,0.9435
1780909511.168843,-0.1812,-1.0681,-0.1316,-6.229,37.3664,-7.0687,1.0913
1780909511.3793693,-0.1567,-0.9263,-0.2158,-26.6947,15.7023,7.3893,0.9639
1780909511.5739064,-0.2732,-0.8755,-0.1189,-8.6641,-10.855,10.771,0.9248
1780909511.7671542,-0.4211,-1.1343,-0.3604,-28.1145,-11.6031,-8.2519,1.2625
1780909511.968162,-0.2942,-0.7305,-0.1812,-4.0992,-7.9924,-16.229,0.8081
1780909512.1676538,-0.283,-0.8923,-0.1289,-17.3664,-10.4351,-14.5267,0.945
1780909512.3666346,-0.3328,-1.0459,-0.3345,30.7405,-15.8702,-26.3282,1.1474
1780909512.5694494,-0.0952,-1.0212,-0.2451,17.7481,-36.6412,0.9008,1.0546
1780909512.7690804,-0.1721,-0.9907,-0.0908,-28.6183,-25.7405,5.8473,1.0097
1780909512.971806,-0.1799,-0.7544,-0.158,-24.7176,-108.9237,6.6718,0.7915
1780909513.168171,-0.5105,-1.1582,-0.3032,-46.6718,-53.9389,-6.2824,1.3015
1780909513.3684685,-0.4128,-0.8608,-0.3223,-55.8702,-149.0229,-23.6031,1.0076
1780909513.5686467,-0.4146,-0.8137,-0.321,-43.4504,-149.2366,-17.5725,0.968
1780909513.7701464,-0.4094,-0.9824,-0.3508,2.3893,-97.8244,-29.9847,1.1207
1780909513.9756725,-0.1121,-0.9912,-0.2661,-7.6336,-90.4657,-39.7099,1.0324
1780909514.1767972,-0.1704,-0.9463,-0.1338,-8.1527,-42.9771,-4.8397,0.9708
1780909514.3679245,-0.2634,-0.8501,-0.0439,-16.2519,-43.7786,6.4733,0.8911
1780909514.570247,-0.5237,-1.083,-0.2295,-8.2214,-11.5573,-14.2748,1.2247
1780909514.7715719,-0.3647,-0.8403,-0.1665,-26.6718,-19.2672,-13.2901,0.9311
1780909514.9698322,-0.1997,-0.7571,-0.061,4.1069,-2.5496,-20.0076,0.7854
0,0,0,0,0,0,0,0
0,0,0,0,0,0,0,0
1780909516.2964804,-0.3464,-0.9006,-0.1018,-13.5344,-3.2977,-4.5878,0.9703
1780909516.4952023,-0.374,-0.9536,-0.1296,-20.5496,-3.7405,-7.626,1.0325
1780909516.697013,-0.2378,-0.9673,-0.553,36.855,-12.4351,-10.5649,1.1393
1780909516.94611,-0.0471,-1.0103,-0.3777,25.6107,-15.7557,-13.2672,1.0796
1780909517.0953927,-0.0459,-0.8584,-0.21,8.2824,4.1985,15.2824,0.8849
1780909517.2954752,-0.2478,-0.991,-0.3948,7.8473,-21.5114,21.6565,1.0951
1780909517.4956381,-0.3643,-0.9048,-0.2832,29.0687,-23.7252,-1.1145,1.0156
1780909517.6947582,-0.2261,-0.8457,-0.1865,-29.6489,29.4046,-14.2901,0.895
1780909517.894803,-0.272,-1.0632,-0.5103,37.8168,11.4733,-6.9237,1.2103
1780909518.0947943,-0.0806,-0.9778,-0.3782,13.5038,-7.1221,-10.5725,1.0515
1780909518.2950842,-0.1357,-0.9084,-0.1367,9.7023,0.4122,10.1069,0.9287
1780909518.4988213,-0.262,-1.1116,-0.4463,41.2519,-51.4656,29.4886,1.2261
1780909518.6956909,-0.3142,-0.9063,-0.2947,43.1756,-16.4427,2.7481,1.0034
1780909518.895067,-0.2712,-0.8074,-0.1526,-37.9008,42.7405,-14.084,0.8653
1780909519.094646,-0.2673,-1.1255,-0.4292,43.5038,38.3206,-5.687,1.2339
1780909519.2947662,-0.1636,-1.0627,-0.4072,27.0305,-43.4275,-4.9313,1.1498
1780909519.495745,-0.1692,-0.8547,-0.083,-5.7252,2.4962,6.9389,0.8753
1780909519.696837,-0.2668,-1.1321,-0.6802,0.9618,-60.0916,19.3053,1.3474
1780909519.8949723,-0.4333,-0.9473,-0.2859,32.1145,2.4046,-9.9542,1.0802
1780909520.09513,-0.3308,-0.8284,-0.1877,-16.9389,11.6107,-13.3053,0.9115
1780909520.2955322,-0.2583,-0.8481,-0.0205,8.5496,18.8473,-13.1603,0.8868
1780909520.495323,-0.2156,-1.124,-0.4041,4.771,-23.6565,-4.8702,1.2137
1780909520.6954913,-0.1748,-0.7739,-0.01,-34.4427,-6.5649,8.542,0.7935
1780909520.895126,-0.3767,-1.063,-0.3496,-3.1908,-38.7405,21.916,1.1807
1780909521.0972037,-0.3511,-0.9368,-0.2532,38.2519,-34.4122,-2.8244,1.0319
1780909521.2959695,-0.2961,-0.7727,-0.0503,-49.7405,23.2595,-21.0305,0.829
1780909521.495103,-0.3115,-1.0718,-0.4219,33.6183,0.5802,-20.8626,1.1932
0,0,0,0,0,0,0,0
0,0,0,0,0,0,0,0
1780909523.7673187,-0.2187,-0.9565,-0.2319,-2.3206,29.9008,-6.8626,1.0083
1780909523.966347,-0.1128,-0.7305,-0.3118,-9.458,-17.7939,13.1069,0.8022
1780909524.1649601,-0.2673,-1.0261,-0.0386,16.0916,48.229,-14.4809,1.0611
1780909524.372981,-0.4031,-1.8721,-0.0986,38.4504,-36.2137,-46.0458,1.9175
1780909524.5651655,0.0356,0.0745,-0.5432,-99.771,19.9847,-14.1985,0.5495
1780909524.7707622,-0.1367,-1.553,-0.4819,50.084,-67.5343,22.084,1.6318
1780909524.9651551,-0.5168,-2.0,0.0769,-19.9542,3.2977,4.084,2.0671
1780909525.1675935,0.0349,-0.095,-0.0356,-17.0229,31.5802,-6.4351,0.1073
1780909525.365317,-0.0867,-0.0818,-0.1191,-15.2061,-15.855,8.7176,0.1685
1780909525.5648308,0.0769,-2.0,0.2781,94.2061,2.9618,-11.2901,2.0207
1780909525.7641497,-0.5273,-2.0,-0.1641,16.5267,-56.6489,-3.4198,2.0749
1780909525.967071,0.2922,0.3723,-0.5798,16.1374,10.5496,-92.8702,0.7485
1780909526.1714985,-0.0618,-0.2273,-0.1707,9.7176,-25.7939,13.7023,0.2909
1780909526.378219,-0.5852,-1.8899,0.4133,5.7634,-5.7786,-8.4809,2.0211
1780909526.5707996,-0.022,-0.4458,-0.0984,-46.1145,0.4504,-38.0534,0.4571
1780909526.8176827,-0.0281,-0.072,-0.1689,-31.8321,11.4656,-4.3969,0.1858
1780909526.9733593,-0.6572,-2.0,-0.0032,-8.8092,71.2366,62.5191,2.1052
1780909527.1656709,-0.6863,-1.908,0.022,27.1298,-79.8779,21.5191,2.0278
1780909527.366123,0.0964,0.093,-0.4602,-85.4657,-54.0534,-27.8626,0.4793
1780909527.5657938,-0.2576,-0.9441,-0.4658,26.7328,-65.2672,0.0458,1.0838
1780909527.766297,-0.5354,-1.374,-0.0239,8.6641,41.9771,-3.3282,1.4748
0,0,0,0,0,0,0,0
0,0,0,0,0,0,0,0
1780909530.4036446,-0.3938,-0.7104,0.0359,10.1069,34.6336,-9.3282,0.8131
1780909530.6029377,-0.3936,-0.7246,-0.001,3.4885,-16.9008,3.9695,0.8246
1780909530.8231745,-0.3481,-0.8672,0.0549,-19.5573,20.3969,6.7252,0.9361
1780909531.0052521,-0.178,-1.1096,-0.1946,-18.2901,-14.7481,2.1832,1.1405
1780909531.2034726,-0.2083,-0.9006,-0.2317,19.3053,-4.0687,-11.4962,0.953
1780909531.4071076,-0.2603,-0.9958,0.0156,5.6565,29.1374,7.6183,1.0294
1780909531.6085408,-0.3271,-0.9927,-0.1118,16.6641,-8.3969,17.4962,1.0512
1780909531.806403,-0.4146,-0.9058,-0.1069,5.2137,-22.8168,1.0687,1.0018
1780909532.0049193,-0.2896,-0.8643,0.1228,-7.8015,-1.8855,-7.7939,0.9197
1780909532.2054703,-0.3174,-1.1045,-0.2061,-13.0,48.1756,-3.5344,1.1675
1780909532.4059718,-0.2041,-0.8862,-0.1799,-12.542,10.4198,-7.7634,0.9271
1780909532.604581,-0.2332,-0.8479,-0.0527,-7.3969,-14.9008,7.8626,0.881
1780909532.8537383,-0.1917,-0.9973,-0.3518,16.9313,8.6412,27.3053,1.0748
1780909533.0600631,-0.3052,-0.8965,-0.1897,9.8855,4.2901,-3.2137,0.9658
1780909533.2043579,-0.3691,-0.8735,-0.0317,-11.9466,-3.4809,-5.0916,0.9489
1780909533.453224,-0.4304,-1.1301,-0.3057,42.9771,36.6641,19.6336,1.2473
1780909533.6034613,-0.0823,-0.9705,-0.207,28.7176,-14.9542,-12.0458,0.9957
1780909533.8057065,-0.2366,-0.8213,-0.0063,-12.9313,-10.4198,3.9695,0.8547
1780909534.003804,-0.2827,-0.801,0.1487,-3.1603,-7.5267,10.626,0.8624
1780909534.2046638,-0.4502,-1.2043,-0.1323,-26.8015,42.4427,-4.9618,1.2925
1780909534.4039867,-0.2454,-0.7393,-0.0457,-10.6336,22.9084,-12.3893,0.7802
1780909534.6537068,-0.2639,-0.8777,0.0898,-12.0229,-6.145,-17.855,0.9209
1780909534.8051264,-0.2646,-1.3518,-0.0261,-10.9466,-16.6641,-35.4046,1.3777
1780909535.0137982,-0.1997,-0.9543,-0.0754,24.542,-7.9466,0.3817,0.9779
1780909535.2023535,-0.1577,-0.853,0.0288,-40.1145,-9.8168,9.2137,0.868
1780909535.4029632,-0.3721,-1.2002,-0.4509,72.9771,-62.855,24.2519,1.335
1780909535.6032832,-0.2932,-0.9902,-0.0967,10.5344,-13.4275,-5.9847,1.0372
1780909535.8031192,-0.3286,-0.8472,-0.0383,-31.6489,1.8626,-17.4504,0.9095
1780909536.0027509,-0.2056,-0.8643,0.0359,-2.8473,-6.1756,-23.1756,0.8891
1780909536.2028108,0.0449,-1.1208,-0.2085,-9.771,-9.2061,0.1679,1.141
1780909536.4041345,-0.1284,-0.8506,-0.1394,4.9237,-46.3435,4.3588,0.8714
1780909536.6032455,-0.1536,-0.9624,-0.0115,-15.3969,-77.145,16.6031,0.9746
1780909536.8030574,-0.1697,-0.8516,0.009,4.4122,-82.8931,19.9924,0.8683
0,0,0,0,0,0,0,0
0,0,0,0,0,0,0,0
1780909537.997157,-0.249,-1.0525,-0.0039,-25.5649,-96.9618,-1.6565,1.0816
1780909538.1958742,-0.1875,-1.061,-0.208,-39.6107,-162.7481,16.374,1.0974
1780909538.396109,-0.0857,-0.8381,-0.1938,-32.6794,-138.2901,11.3817,0.8645
1780909538.5958676,-0.0049,-1.1187,-0.0667,-15.1603,-48.4962,1.3206,1.1206
1780909538.8001378,-0.019,-0.875,0.0969,-3.6336,-5.9695,-0.3053,0.8806
1780909538.9964206,-0.5271,-1.0793,-0.1003,-12.1832,-9.8626,26.5038,1.2054
1780909539.1958888,-0.2988,-0.7839,-0.0151,-5.9695,-49.7557,3.916,0.8391
1780909539.3956122,-0.3669,-0.821,-0.3035,60.6947,36.8702,-7.1527,0.9491
1780909539.5957952,-0.0593,-1.0173,-0.1077,10.4962,4.2366,28.084,1.0247
1780909539.796286,-0.0923,-1.0117,0.0322,-6.1374,34.916,-8.1374,1.0164
1780909539.9960601,-0.2278,-0.719,0.0549,10.3435,-19.0076,-6.2214,0.7562
1780909540.1972175,-0.6687,-0.9128,-0.0588,-34.8702,-5.5649,-1.6336,1.1331
1780909540.3964322,-0.4709,-0.8508,-0.1772,-20.6489,-31.0382,-8.5725,0.9885
1780909540.5960433,-0.5022,-0.7156,-0.1328,28.374,20.8092,-5.7405,0.8842
1780909540.7957988,-0.146,-1.3911,-0.2463,-51.374,8.6794,51.9237,1.4203
1780909540.9977345,-0.177,-0.8455,-0.1843,10.3053,8.5115,-5.2595,0.8832
1780909541.1961997,-0.1187,-1.0161,0.1326,-11.6183,24.6641,-15.4809,1.0316
1780909541.4013898,-0.1257,-0.7319,0.0664,22.0229,0.8931,-9.2901,0.7456
1780909541.5969317,-0.7532,-1.1528,-0.3247,-5.8168,6.0153,-40.3053,1.4148
1780909541.7999673,-0.6531,-0.6877,-0.001,5.5802,-46.5573,15.7405,0.9484
1780909541.9968705,-0.6191,-0.8196,0.1123,-11.7328,3.687,-0.7557,1.0333
1780909542.196058,-0.3315,-1.7249,0.0994,-17.5878,-79.3206,69.4122,1.7592
1780909542.396211,-0.0703,-0.6562,-0.2183,10.4504,-11.542,-21.0458,0.6952
1780909542.5963984,-0.3562,-1.3374,0.2126,-7.8397,34.2443,1.4504,1.4003
1780909542.7961977,-0.0398,-0.7073,0.2061,12.5496,4.6336,-28.8931,0.7378
1780909542.9963014,-1.1277,-1.1211,-0.3887,23.1298,43.1145,-17.2214,1.6369
1780909543.1967506,-0.3245,-0.6536,-0.0574,31.3588,-123.3817,31.6718,0.7319
1780909543.3961098,-0.6045,-1.0317,0.0806,-49.3282,-8.7328,-6.1756,1.1985
1780909543.5983703,0.0264,-1.2786,0.0078,-73.374,-19.7099,40.4122,1.2789
1780909543.7961245,-0.0876,-0.5068,-0.1812,22.4427,0.8779,-10.9237,0.5453
1780909543.9960077,-0.1118,-1.7097,0.0708,-9.8702,11.2748,-16.3511,1.7148
1780909544.1990285,-0.0215,-0.5593,-0.0518,-1.4351,-25.0382,-41.0076,0.5621
1780909544.3969214,-1.3945,-1.9912,0.0061,-16.145,45.8626,29.5267,2.431
1780909544.5967004,-0.6067,-1.0796,-0.3003,-1.5267,-139.5114,12.3969,1.2743
1780909544.7965665,-0.481,-0.5647,-0.0156,22.2977,-29.4122,35.4504,0.7419
1780909544.9966438,0.0952,-2.0,-0.5034,-54.7252,-28.8626,-12.8244,2.0646
0,0,0,0,0,0,0,0
0,0,0,0,0,0,0,0
1780909549.985713,-0.1978,-0.9058,0.0857,9.0229,72.0458,7.8702,0.9311
1780909550.1827364,-0.2478,-0.8799,0.0898,3.1221,0.9084,-2.3817,0.9185
1780909550.3842437,-0.2661,-0.8347,0.0903,7.3511,-20.8855,11.9084,0.8808
1780909550.586958,-0.366,-0.9805,0.2358,-8.3969,13.2824,-6.3588,1.0728
1780909550.7867427,0.0637,-1.1411,-0.137,-2.5878,-17.0458,9.4733,1.1511
1780909551.0362341,-0.1252,-0.824,0.0718,0.229,34.0382,-22.9618,0.8365
1780909551.2387872,-0.1541,-0.9729,0.2571,20.3435,14.3969,16.7328,1.018
1780909551.3864534,-0.1511,-0.8782,-0.0505,14.0992,27.4122,-7.7557,0.8925
1780909551.592935,-0.3057,-0.8882,0.0198,-14.3969,-13.9466,-6.9618,0.9395
1780909551.789728,-0.1357,-0.8074,0.0298,5.7786,-23.4122,-8.9771,0.8192
1780909551.9866219,-0.2812,-1.2546,0.0432,-33.9008,17.7557,8.7099,1.2865
1780909552.2027094,-0.1438,-0.8604,-0.043,-0.7557,28.2443,0.7099,0.8733
1780909552.3910336,-0.374,-1.0974,-0.2141,36.8473,-74.6031,47.229,1.179
1780909552.636955,-0.3057,-0.769,-0.053,21.2824,-63.4504,-3.3435,0.8293
1780909552.7878952,-0.2666,-0.834,0.0923,-24.9695,-9.0534,-8.771,0.8804
1780909552.9897861,-0.2742,-0.9451,-0.2253,53.1679,9.1374,7.229,1.0095
1780909553.1893299,-0.0937,-1.1316,0.0269,3.458,51.1145,-13.4351,1.1358
1780909553.3869867,-0.1494,-0.7229,0.1287,-19.1832,52.4809,-9.7939,0.7493
1780909553.6024766,-0.4639,-1.2471,-0.3274,-8.8015,-6.6718,16.0534,1.3702
1780909553.787899,-0.2605,-0.7524,-0.0251,82.0534,-8.542,2.1908,0.7967
1780909553.987977,-0.2693,-0.9121,0.1206,-26.6641,6.3206,-8.7481,0.9586
1780909554.1879168,-0.1946,-0.8201,0.1448,2.0,12.8168,-4.9008,0.8552
1780909554.3870008,0.1143,-0.9944,0.0789,28.2977,0.2672,0.145,1.004
1780909554.5889165,-0.1523,-0.8125,0.0503,36.8626,7.3817,-6.5496,0.8282
1780909554.8389406,-0.1331,-0.9456,0.3218,-10.1603,21.6183,1.7099,1.0076
1780909555.038683,-0.2134,-0.7307,-0.1465,95.0,-82.0611,4.9695,0.7752
1780909555.191177,-0.0701,-0.9785,0.2849,-57.1603,13.6565,-15.3053,1.0216
1780909555.3884416,-0.1746,-0.7273,0.1467,-1.8626,13.4122,-14.9237,0.7622
1780909555.5902784,-0.3984,-1.1616,0.178,-19.6489,60.2595,41.0687,1.2409
1780909555.7882957,-0.3528,-0.9097,0.0095,28.6565,9.3817,-20.8321,0.9757
1780909555.988836,-0.1448,-0.7456,0.0454,22.4809,20.1298,-7.3969,0.7609
1780909556.1930463,-0.1775,-0.8711,0.2891,-7.5496,-47.5954,8.6718,0.9348
0,0,0,0,0,0,0,0
0,0,0,0,0,0,0,0
1780909557.0614839,-0.375,-0.884,0.238,-13.1756,-4.1374,-1.5649,0.9893
1780909557.26174,-0.197,-0.7556,0.135,-38.4198,32.0,-8.7405,0.7925
1780909557.4621367,-0.4858,-1.3999,-0.1492,-63.4962,-6.9771,-14.8779,1.4893
1780909557.6616802,-0.1104,-0.7993,-0.0107,29.7939,6.6794,-6.229,0.807
1780909557.8618126,-0.3394,-0.8569,0.1279,-4.4962,19.145,2.5038,0.9305
1780909558.0617673,-0.3479,-1.0886,-0.0396,-19.6641,-30.9542,0.8015,1.1435
1780909558.2614694,-0.2241,-0.6729,0.0569,38.2137,-21.2137,0.4046,0.7115
1780909558.4615133,-0.3242,-0.8596,0.259,-54.7634,41.7557,-19.5038,0.9545
1780909558.661502,-0.1658,-1.0037,-0.0112,-23.687,53.9084,-24.6183,1.0173
1780909558.8661475,-0.1541,-1.1221,-0.0781,-17.6336,23.9695,-5.5344,1.1353
1780909559.0606308,-0.1741,-0.7285,0.0403,37.5573,-26.8244,22.1756,0.7501
1780909559.2618032,-0.3508,-1.1555,0.0737,31.4122,-39.8015,51.6947,1.2099
1780909559.461359,-0.168,-0.73,-0.0701,31.9466,-5.0076,11.0534,0.7523
1780909559.6619406,-0.3103,-0.8223,0.0857,-38.458,38.6641,-22.5191,0.883
1780909559.8614368,-0.2832,-0.6982,0.0386,-1.9466,63.229,-8.6412,0.7545
1780909560.06148,-0.1013,-1.4319,-0.0107,1.9618,68.0153,-7.4275,1.4355
1780909560.2613838,-0.1416,-0.98,-0.0833,71.3817,67.4427,-8.3893,0.9937
1780909560.4632654,-0.1299,-0.7273,0.052,9.8321,79.626,-14.6565,0.7406
1780909560.6643713,-0.0686,-0.8328,0.0974,8.8931,60.7481,10.2748,0.8412
1780909560.8617465,-0.4109,-0.7458,-0.0125,-25.7634,46.0992,-6.8473,0.8516
1780909561.0615957,-0.3235,-0.7651,0.0022,23.687,13.313,3.7099,0.8307
1780909561.2618964,-0.2766,-0.7368,0.0098,-3.3053,72.9237,1.2977,0.7871
1780909561.468394,-0.4055,-1.2275,-0.1592,-11.2443,50.8168,-34.7023,1.3025
1780909561.6617014,-0.2466,-0.9424,-0.145,28.8092,-12.1603,-1.3969,0.9848
1780909561.8620405,-0.2661,-0.7964,0.0593,27.7557,31.5344,25.8397,0.8418
1780909562.0617454,-0.4124,-1.1133,-0.168,40.9924,-54.9389,33.374,1.199
1780909562.2616384,-0.3525,-0.7961,-0.0576,-0.2519,35.6947,5.4046,0.8726
1780909562.461803,-0.363,-0.7642,-0.0664,20.3511,72.9313,-27.1374,0.8486
1780909562.66134,-0.3569,-0.7402,-0.0322,-6.626,80.1985,-23.4122,0.8224
1780909562.8617747,-0.5034,-1.2856,-0.2808,14.3206,71.8702,9.7252,1.4089
1780909563.0793052,-0.2559,-0.9988,-0.2671,22.6794,8.1756,3.1679,1.0651
1780909563.2617972,-0.2544,-0.7932,-0.071,36.4275,5.626,1.2443,0.836
1780909563.462122,-0.2537,-0.6946,0.1411,7.7023,9.9771,4.2977,0.7528
0,0,0,0,0,0,0,0
0,0,0,0,0,0,0,0
1780909564.4387255,-0.4741,-0.8716,0.0244,2.5725,21.0,-13.3969,0.9925
1780909564.638743,-0.3557,-0.7271,0.0593,-13.2519,31.8397,-16.9695,0.8116
1780909564.838315,-0.3855,-1.1785,-0.2778,-15.0611,32.2595,-48.0458,1.2707
1780909565.037994,-0.207,-0.9558,-0.1504,-0.1374,-45.0992,-15.0534,0.9895
1780909565.2380946,-0.2476,-0.624,-0.0139,18.9618,14.9389,6.3664,0.6715
1780909565.438117,-0.6069,-1.3735,-0.551,17.2214,-98.7023,35.8702,1.5996
1780909565.6377845,-0.2727,-0.6887,-0.1299,18.6183,-59.7634,-1.0992,0.752
1780909565.8380966,-0.3174,-0.7769,-0.0288,-37.7634,17.1985,-7.0229,0.8397
1780909566.0390062,-0.2422,-0.842,0.053,-28.4122,7.7405,-20.2977,0.8778
1780909566.2381802,-0.1902,-1.2693,-0.3765,-23.0382,-44.4198,-29.8473,1.3375
1780909566.4372652,-0.1965,-0.7214,-0.0684,20.916,-42.7405,24.3435,0.7508
1780909566.6385891,-0.291,-0.8555,0.0625,-31.2214,-3.1985,28.3893,0.9058
1780909566.8378744,-0.3269,-0.8137,-0.3521,18.5114,-51.0687,13.7557,0.945
1780909567.037128,-0.3762,-0.7749,-0.0957,-11.771,12.6031,-12.3664,0.8667
1780909567.2375808,-0.4705,-0.8381,-0.0132,-13.5802,5.2366,-18.626,0.9612
1780909567.4387674,-0.3801,-0.7795,0.0911,0.4122,-9.1145,-11.0229,0.8721
1780909567.6382053,-0.292,-1.5288,-0.4148,-27.6183,-54.9237,-65.0382,1.6108
1780909567.8384955,-0.1506,-0.8301,-0.0161,4.2901,47.6718,0.1298,0.8438
1780909568.037389,-0.3323,-0.8904,-0.0293,-16.3511,-5.1298,12.1298,0.9508
1780909568.2406995,-0.6206,-1.1853,-0.4587,59.4962,-152.0458,-14.4656,1.4144
1780909568.439005,-0.3523,-0.8315,-0.0774,-25.1679,8.145,18.6794,0.9064
1780909568.6385872,-0.3538,-0.7925,-0.0706,1.2519,20.7939,-6.0229,0.8707
1780909568.8906744,-0.271,-0.9944,0.0376,-0.542,27.1985,-18.8473,1.0313
1780909569.0377455,-0.2236,-1.1428,-0.1726,-27.374,35.1221,14.2214,1.1772
1780909569.2385309,-0.1772,-0.9219,-0.1567,11.2366,41.3969,18.1832,0.9518
1780909569.4618871,-0.2395,-0.9336,-0.0122,-3.0458,14.4198,26.3435,0.9639
1780909569.6378565,-0.2712,-0.896,-0.4961,93.4885,-26.145,54.3893,1.0595
1780909569.8381696,-0.2856,-0.7222,-0.2,92.5802,17.0382,14.0534,0.8019
1780909570.037899,-0.3032,-0.8188,-0.3542,28.0305,155.2672,-15.6336,0.9423
1780909570.288425,-0.4744,-1.0813,-0.5608,86.9008,204.542,-34.9771,1.3072
1780909570.4380486,-0.1899,-0.7908,-0.0378,78.7328,49.0458,-3.3664,0.8141
1780909570.6380503,-0.291,-0.9775,-0.0068,-14.1832,49.1145,12.687,1.02
1780909570.838367,-0.2461,-0.9778,0.0596,-11.4504,43.5649,14.4275,1.01
1780909571.0401094,-0.1587,-1.0474,-0.1936,22.0687,-12.855,16.5954,1.0769
0,0,0,0,0,0,0,0
0,0,0,0,0,0,0,0
1780909572.0781283,-0.4045,-0.8962,0.0977,-28.855,8.626,-6.0076,0.9881
1780909572.2774444,-0.1213,-0.7222,-0.3076,25.5267,-30.0153,5.9237,0.7943
1780909572.4774702,-0.4131,-1.207,-0.0962,4.2824,-33.4046,-3.855,1.2794
1780909572.6759899,-0.2153,-0.7617,-0.1248,33.2366,-18.6947,9.8397,0.8013
1780909572.876874,-0.158,-0.7686,0.0024,10.374,-36.1221,5.6412,0.7846
1780909573.0768106,-0.6223,-1.1455,-0.251,-7.3817,7.0687,22.1985,1.3276
1780909573.3270154,-0.2383,-0.6182,-0.053,20.5267,9.9618,4.0076,0.6646
1780909573.4768388,-0.4702,-0.9368,0.0576,-42.1985,28.7328,-19.8168,1.0497
1780909573.7275853,-0.2761,-0.6689,-0.1782,45.1832,-38.5725,5.2595,0.7453
1780909573.8768947,0.0095,-1.1328,-0.2598,-48.3206,-85.4046,5.0,1.1623
1780909574.0775123,-0.3064,-0.9465,0.0178,17.7939,61.3588,22.5725,0.995
1780909574.2768564,0.0293,-0.553,0.0317,51.7176,1.855,25.626,0.5547
1780909574.4792655,-0.501,-0.8079,-0.1653,29.8626,43.626,-7.8855,0.9649
1780909574.6775277,-0.4568,-0.9973,-0.1736,-0.855,77.8779,-26.1832,1.1106
1780909574.8915517,-0.3418,-0.7954,-0.0857,9.7252,54.4809,1.229,0.87
1780909575.079542,-0.2627,-1.1401,-0.054,-7.2748,64.1069,18.2061,1.1713
1780909575.2769554,-0.2893,-1.1187,-0.3293,-34.9466,31.4504,0.8779,1.2015
1780909575.477195,-0.2153,-0.7869,-0.2363,51.1908,-31.7634,5.4427,0.8493
1780909575.6771617,-0.2346,-0.7483,0.043,4.6031,-46.1527,9.916,0.7854
1780909575.8762615,-0.5186,-0.927,-0.2197,26.8015,-39.5954,11.5878,1.0847
1780909576.0762289,-0.4263,-0.7485,-0.0911,-22.1298,-1.2519,1.0992,0.8662
1780909576.2764618,-0.3792,-0.8203,-0.0249,-22.0763,40.9771,-14.6489,0.904
1780909576.4828596,-0.4238,-1.5972,-0.2625,5.4656,-59.4885,-11.6183,1.6732
1780909576.6800287,-0.1675,-0.8267,-0.0769,-5.1908,3.229,-4.4351,0.847
1780909576.8779237,-0.3088,-0.8281,0.0166,36.9542,12.0305,27.8473,0.884
1780909577.0777311,-0.7771,-1.2458,-0.4768,63.0916,-102.8092,43.0687,1.5438
1780909577.2763293,-0.0251,-0.5581,0.1355,-24.3893,21.8779,14.4885,0.5749
1780909577.4773896,-0.5269,-0.8518,-0.085,29.6565,5.3206,-8.9008,1.0052
1780909577.6773493,-0.4763,-0.8079,-0.0007,-25.3359,9.0611,-15.8626,0.9378
1780909577.8765612,-0.2341,-0.7871,0.0471,9.9084,10.1069,-22.4351,0.8225
0,0,0,0,0,0,0,0
0,0,0,0,0,0,0,0
1780909580.2968264,-0.428,-0.6968,0.0103,15.3511,36.1298,10.2214,0.8178
1780909580.4959555,-0.7109,-0.9553,-0.0715,2.6107,13.3893,12.2443,1.193
1780909580.6955886,0.3098,-0.3789,0.3684,50.7252,74.7481,-28.2901,0.6126
1780909580.902224,-0.1521,-1.6667,0.022,13.1221,106.4351,-58.0076,1.6738
1780909581.0955563,-0.1931,0.3877,-0.2627,120.4351,50.5496,33.1298,0.5066
1780909581.2960675,-0.7209,-1.7476,-0.0969,-96.3969,-119.6412,-1.6794,1.8929
1780909581.495148,0.1775,0.2444,-0.1245,37.2214,13.6794,20.9389,0.3267
1780909581.6954153,-0.3696,-2.0,-0.1726,36.4198,69.855,-41.458,2.0412
1780909581.895972,-0.0232,0.0967,-0.158,28.2366,8.2137,-5.8702,0.1866
1780909582.0956864,-1.1008,-1.7344,0.1213,-20.4275,-31.2824,-13.0534,2.0578
1780909582.2981966,-0.3784,-0.5073,-0.0305,-41.8855,102.145,45.6641,0.6336
1780909582.4954722,-0.0618,-1.6001,-0.3909,61.8397,78.5496,34.7863,1.6483
1780909582.695575,-0.552,-1.1941,0.3379,-72.4275,-10.313,-39.1298,1.3582
1780909582.8952587,-0.5186,-0.1975,-0.4534,52.084,-30.2901,20.7023,0.7166
1780909583.0959313,-0.6846,-1.0757,0.1575,-55.0992,28.1374,30.1069,1.2847
1780909583.2991188,0.1992,-0.0698,0.1277,28.5114,43.771,58.6565,0.2467
1780909583.4983544,-0.5469,-1.3997,0.2163,12.6336,36.5191,-10.6107,1.5182
1780909583.6957018,-0.1331,-0.1375,0.2734,31.7252,-39.8015,-91.6718,0.3337
1780909583.9022412,-1.2246,-1.4395,0.1804,51.4656,19.3359,26.9847,1.8985
1780909584.095495,-0.3467,-0.2126,0.0891,-26.6412,89.8473,69.7557,0.4163
1780909584.295838,-0.7629,-2.0,0.2988,105.0229,17.7786,37.2443,2.1613
1780909584.4954407,-0.1248,-1.1404,0.1318,-58.6031,34.313,-49.3969,1.1547
1780909584.6954093,-0.3059,-0.3972,-0.0264,25.3588,-80.2595,-54.8855,0.5021
0,0,0,0,0,0,0,0
0,0,0,0,0,0,0,0
1780909586.5876806,-0.2014,-0.7651,0.1152,37.5649,-67.4657,-20.4733,0.7996
1780909586.788047,-0.1199,-0.7756,-0.0754,-24.3435,11.0458,16.7863,0.7885
1780909586.9880779,-0.4353,-0.7856,0.1316,-0.2137,5.6336,20.1069,0.9078
1780909587.1874607,-0.0044,-1.6897,-0.4131,-6.8931,-104.9542,65.4962,1.7395
1780909587.3871696,-1.1563,-1.3562,0.6428,24.4809,250.1298,-39.0534,1.8946
1780909587.5873792,-0.1738,-0.1011,-0.0908,28.5344,-41.9695,-87.6107,0.2206
1780909587.8024735,-0.103,-1.5601,0.2778,21.374,26.2443,62.6794,1.588
1780909587.9918828,0.1489,-0.3696,0.0461,24.7328,118.0763,43.0534,0.4012
1780909588.1901836,-0.2241,-1.395,0.2344,-2.5954,87.4962,-26.0076,1.4322
1780909588.38805,0.106,-0.7122,-0.3989,-6.0611,-60.2137,-65.145,0.8231
1780909588.5876412,-0.8269,-1.6484,0.5488,-137.7405,14.771,-20.3664,1.9241
1780909588.7882493,-0.4563,-0.6599,0.3411,36.5344,131.5114,103.6489,0.8718
1780909588.9890413,-0.0339,0.0037,-0.1257,17.7252,-16.2061,46.4351,0.1303
1780909589.1879053,-0.043,-1.457,0.1736,-24.0687,84.6107,-6.7405,1.468
1780909589.3916898,0.283,-0.8447,0.0767,32.3206,-55.0229,-13.1832,0.8942
1780909589.587914,-0.5403,-1.2361,-0.0293,18.8092,-77.8702,-5.0916,1.3493
1780909589.7866542,-0.22,-1.2468,0.3352,56.2901,47.9695,71.2824,1.3097
1780909589.9875534,0.1165,-0.0957,0.4417,5.1145,169.374,-26.5878,0.4667
1780909590.1868594,0.1343,-1.1436,0.8137,-73.0305,110.1985,-33.9008,1.4099
1780909590.387702,-0.0781,-0.1912,-0.0366,26.4275,-120.4427,-53.2366,0.2097
0,0,0,0,0,0,0,0
0,0,0,0,0,0,0,0
1780909595.6336896,0.0444,-0.8906,0.2981,54.7176,72.4504,-17.8168,0.9402
1780909595.835051,-0.156,-1.0901,0.1711,-41.084,43.458,-4.8702,1.1144
1780909596.086392,-0.3784,-0.9089,0.0635,-1.5496,103.7252,23.1679,0.9866
1780909596.2452848,-0.2119,-0.9453,0.3076,-17.2977,22.3664,3.5344,1.0164
1780909596.4371169,-0.3706,-0.854,0.2822,22.6947,48.1069,-12.4198,0.9728
1780909596.6336913,-0.0156,-1.0398,-0.0266,18.3969,-44.7176,19.4275,1.0403
1780909596.8834484,-0.0137,-0.9209,0.1025,-23.8015,107.1908,-14.9847,0.9267
1780909597.0331025,-0.0557,-0.9932,0.0981,26.0534,-15.5573,0.4275,0.9996
1780909597.2340853,-0.6047,-0.6096,0.1599,32.5344,-59.7786,-17.1832,0.8734
1780909597.440723,-0.2139,-0.854,0.2649,-47.5954,12.229,39.3282,0.9194
1780909597.6328208,-0.4165,-0.8384,0.251,-11.7023,-26.1679,-10.1679,0.9692
1780909597.8338914,-0.0308,-1.02,0.022,31.7176,-48.6183,-7.8168,1.0207
1780909598.034173,-0.0796,-0.8159,0.1418,-15.374,8.1221,5.6718,0.832
1780909598.2365162,-0.0891,-0.8894,0.1995,24.7176,48.0992,7.8626,0.9158
1780909598.433642,-0.5645,-1.1174,-0.1638,-13.084,-10.6031,-15.3511,1.2626
1780909598.6352832,-0.4172,-0.6211,0.1045,-23.542,-24.8702,19.1145,0.7555
1780909598.8343806,-0.3572,-0.8523,0.2314,0.771,-0.8244,3.2595,0.9527
1780909599.0335286,-0.467,-0.9143,0.2717,-2.9466,47.9695,-1.3359,1.062
1780909599.2847936,-0.0049,-0.9314,-0.0376,13.1679,27.6031,-10.7328,0.9322
1780909599.4332361,-0.251,-1.0,0.1511,-19.626,7.9771,-5.0534,1.042
1780909599.6323695,-0.1467,-1.0383,0.1428,-8.9466,26.0763,20.3435,1.0583
1780909599.8375845,-0.5264,-0.5747,-0.135,19.2519,-24.5038,-8.1603,0.7909
1780909600.0334733,-0.5212,-0.7185,0.0168,-11.8702,-16.0076,4.1756,0.8878
1780909600.2839549,-0.5642,-0.6963,0.083,23.6489,9.916,-33.7939,0.9
1780909600.4329076,0.0037,-1.4636,-0.2822,14.7557,-42.1832,48.9695,1.4906
1780909600.6438,-0.2747,-0.709,0.0046,9.0229,9.8702,-4.5573,0.7603
1780909600.8377576,-0.0635,-0.9822,0.0701,10.0229,7.0458,-1.6412,0.9867
1780909601.0449884,-0.6077,-1.3401,-0.1934,-18.2214,-30.9237,-37.7023,1.4841
1780909601.2342942,-0.2588,-0.4966,0.0635,-20.0229,-30.0305,27.6336,0.5636
1780909601.43491,-0.4854,-0.8708,0.1023,20.4809,-7.5496,-19.8855,1.0022
1780909601.6348407,-0.5354,-0.9153,0.2637,-11.8626,51.3511,30.9466,1.0927
1780909601.8380451,-0.1067,-0.9822,-0.1362,-33.9084,-89.0916,-12.1985,0.9973
1780909602.036389,0.0591,-0.8481,0.0068,9.8015,-28.3817,5.7252,0.8502
1780909602.238726,-0.0378,-1.0288,0.1238,-2.084,-7.7252,-7.3359,1.0369
1780909602.4427726,-0.6665,-1.1418,0.2693,-50.7252,-9.2214,-36.2595,1.3493
1780909602.6327744,-0.5842,-0.9238,0.4402,45.5038,-63.2443,-1.1908,1.1784
0,0,0,0,0,0,0,0
0,0,0,0,0,0,0,0
1780909604.38295,0.0591,-0.9343,0.3416,20.0153,-125.7328,50.2901,0.9966
1780909604.58661,0.0781,-0.8613,0.5063,0.687,-14.2824,13.145,1.0022
1780909604.782756,0.0894,-0.7888,0.4937,-11.3664,-34.0992,27.916,0.9348
1780909604.984991,-0.0923,-1.3274,0.8022,4.5802,-147.7557,-5.8015,1.5537
1780909605.1872156,0.2856,-0.6729,-0.053,-52.1527,-38.5802,34.7023,0.7329
1780909605.382754,0.2195,-1.0981,0.1216,-0.7099,-84.8244,24.4656,1.1264
1780909605.5828972,-0.2581,-1.3884,0.5068,8.542,1.8702,-10.1298,1.5004
1780909605.7857451,0.0078,-0.4763,0.0745,57.0458,17.2443,-32.2137,0.4822
1780909605.983194,0.218,-1.0674,0.5391,-30.6031,-21.0763,-4.0763,1.2155
1780909606.1834729,0.0964,-1.0415,0.0708,-26.0611,31.4275,-38.4427,1.0484
1780909606.3834944,0.1318,-0.7671,0.2573,-27.6183,-17.6336,53.4962,0.8198
1780909606.5825918,0.3914,-1.1482,0.2639,-14.7099,-15.8321,-8.4885,1.2414
1780909606.7831905,-0.2922,-1.1404,0.1665,43.3969,7.2977,-33.7939,1.1889
1780909606.982753,0.0339,-0.522,0.2417,-0.9924,44.5496,-11.5115,0.5762
1780909607.1828408,0.5288,-1.0405,0.718,33.8168,-75.5573,-60.9008,1.3704
1780909607.3826408,0.064,-0.8369,0.2988,-82.9771,9.8092,38.8244,0.891
1780909607.5834994,0.1638,-0.7156,0.1401,-15.9008,-43.8702,26.0,0.7473
1780909607.783313,0.3113,-0.9836,0.2043,12.9771,-49.6031,33.4198,1.0518
1780909607.9820378,0.2415,-1.2473,0.334,36.0076,-8.5725,-8.3664,1.3136
1780909608.1830556,0.248,-0.6526,0.2856,-13.2595,22.7405,-14.8244,0.7543
1780909608.385682,0.6531,-0.9666,0.7891,31.145,-63.9618,-16.6412,1.4083
1780909608.5875995,0.0977,-0.7791,0.1174,-55.2061,13.6718,45.8244,0.7939
1780909608.7835102,0.343,-0.8618,0.1797,-19.5191,-35.8168,30.1756,0.9448
1780909608.9831583,0.4856,-1.1243,0.2205,-33.4046,0.0763,15.3588,1.2443
1780909609.1830347,-0.0286,-0.9167,0.0703,22.2748,31.2061,-34.6718,0.9199
1780909609.3833463,0.1755,-0.5857,0.2278,17.8473,30.9084,-33.5267,0.6525
1780909609.5829155,0.3489,-0.9871,0.522,-5.3435,8.8779,-31.5344,1.1698
1780909609.809272,0.5112,-0.97,-0.1079,12.0992,-5.0916,-3.5649,1.1017
0,0,0,0,0,0,0,0
0,0,0,0,0,0,0,0
1780909616.2640767,0.2976,-0.7654,0.0547,13.1908,38.9618,7.687,0.823
1780909616.464878,0.4878,-0.8059,0.063,-6.8397,20.6031,-23.7328,0.9441
1780909616.6613042,0.5071,-0.7566,-0.042,15.1985,23.9924,-4.0916,0.9118
1780909616.8612218,0.4868,-0.6997,0.3823,9.0229,1.1298,-13.1298,0.9342
1780909617.0628176,0.4695,-0.688,0.3108,42.4427,49.7634,-1.8855,0.889
1780909617.2612586,0.552,-0.5286,0.177,114.8931,88.2366,8.2901,0.7845
1780909617.461394,0.3779,-0.3611,0.8442,43.4046,41.0992,-20.5267,0.993
1780909617.6629617,0.3154,-0.4333,0.7502,21.3053,40.0153,-6.4046,0.922
1780909617.8615334,0.1721,-0.2778,0.9221,31.9847,13.7557,7.9695,0.9783
1780909618.0614064,-0.011,-0.1431,1.0063,7.9008,21.5191,9.2443,1.0165
1780909618.2613525,0.2048,-0.1704,0.8103,-0.1985,-29.4046,9.9924,0.853
1780909618.462497,0.2283,-0.2849,0.8147,-5.1908,-1.1756,-3.0153,0.8928
1780909618.6607869,0.1321,-0.2136,0.9006,1.7252,11.2443,-14.4656,0.935
1780909618.8613157,0.1858,-0.1592,0.8884,-3.6107,-9.2901,2.9542,0.9215
1780909619.0687315,0.2642,-0.2424,0.8433,-2.5573,14.0076,11.2137,0.9163
1780909619.264948,0.1216,-0.2197,0.8464,-42.1069,20.4886,-56.542,0.8829
1780909619.4615173,0.1003,-0.1758,0.9773,24.6641,15.2519,16.3588,0.998
1780909619.6740274,0.2446,-0.2869,0.8447,-24.8168,-45.9237,-1.6107,0.925
1780909619.8614948,0.2993,-0.4185,0.7979,-50.9618,-51.7863,-0.8015,0.9493
1780909620.0656335,0.5049,-0.5083,0.6033,-57.3359,-29.1374,20.1298,0.9366
1780909620.2613716,0.6892,-0.825,0.3694,-64.8092,-33.0305,8.0916,1.1367
1780909620.461338,0.573,-0.7729,0.1826,-15.5725,-17.2748,-18.084,0.9793
1780909620.6624143,0.6106,-0.7214,0.312,-0.5954,10.7481,6.5649,0.9953
1780909620.9136646,0.4771,-0.6179,0.1177,30.2824,24.1832,19.0153,0.7895
1780909621.0632703,0.4756,-0.7722,0.1147,-9.4427,-14.0763,1.2061,0.9141
1780909621.262867,0.4893,-0.8499,0.0908,-1.3588,-14.8626,0.3435,0.9848
0,0,0,0,0,0,0,0
0,0,0,0,0,0,0,0
1780909622.799219,0.5432,-0.8223,0.0227,-6.0305,10.6107,-0.9542,0.9858
1780909622.9997318,0.4849,-0.7627,0.0374,1.7939,34.1756,-1.4351,0.9045
1780909623.248683,0.3826,-0.6245,0.0127,32.3435,58.916,-20.0611,0.7325
1780909623.399245,0.3059,-0.769,0.7766,111.2824,71.771,-3.4427,1.135
1780909623.598758,-0.5217,0.1125,0.7844,46.229,3.3817,-18.9847,0.9488
1780909623.7990386,0.1274,-0.2798,0.9883,5.313,8.9618,-18.8702,1.035
1780909624.0012898,0.1577,-0.6152,0.8274,-12.7099,-27.2595,14.2137,1.0431
1780909624.2079778,0.2686,-0.4705,0.8284,14.7557,2.1985,-7.8702,0.9898
1780909624.3980143,0.2844,-0.323,0.8176,1.1527,7.6565,-6.0611,0.924
1780909624.5984507,0.2874,-0.4521,0.8037,-3.2061,-0.3206,-1.687,0.9659
1780909624.8038902,0.2727,-0.3403,0.8176,0.3511,0.6489,-0.2748,0.9267
1780909624.9975595,0.2854,-0.3755,0.8018,-3.8321,-3.0611,-0.1221,0.9302
1780909625.1991105,0.2876,-0.3953,0.804,0.687,-1.3053,-1.7863,0.9409
1780909625.398514,0.2607,-0.3716,0.8694,1.7099,5.5725,1.1527,0.9808
1780909625.5997112,0.2251,-0.3445,0.855,-10.8244,-7.4351,2.687,0.9489
1780909625.7999005,0.2913,-0.3674,0.8159,-29.2137,-24.4351,11.2366,0.941
1780909625.99961,0.2927,-0.4902,0.7183,-27.916,15.2901,-9.9847,0.9176
1780909626.1984658,0.3022,-0.6223,0.7061,-72.5649,-45.8015,-0.5267,0.9885
1780909626.4196763,0.4104,-0.8523,0.4133,-48.6641,-27.1985,-5.313,1.0323
1780909626.6016715,0.3997,-0.8931,0.2991,-27.5038,-15.5802,10.9618,1.0231
1780909626.8020685,0.4062,-0.8337,0.1738,-6.145,-16.9313,2.7557,0.9436
1780909627.023807,0.407,-0.801,0.1638,-0.6183,-15.3053,5.6107,0.9133
1780909627.198158,0.4067,-0.8391,0.1599,6.9542,-22.8626,-2.8321,0.9461
1780909627.39874,0.4238,-0.8208,0.179,24.771,8.7176,5.3817,0.9409
1780909627.5979886,0.3315,-0.8269,0.2693,-0.3359,-2.7405,-1.7939,0.9307
0,0,0,0,0,0,0,0
0,0,0,0,0,0,0,0
1780909628.5027566,0.406,-0.8633,0.1858,-11.5878,18.8168,-10.7634,0.9719
1780909628.7007043,0.3264,-0.7266,0.1328,-9.1985,56.5191,-18.8015,0.8075
1780909628.9012675,0.2424,-0.5427,0.168,100.8779,73.7252,17.5802,0.6177
1780909629.1003754,-0.2107,-0.719,1.7441,250.1298,119.4122,45.2748,1.8983
1780909629.3012276,0.2734,-0.0071,0.7705,9.6031,-53.3511,-11.4351,0.8176
1780909629.5014896,0.219,-0.4675,0.7454,14.2901,-37.626,-3.0916,0.9067
1780909629.710358,0.1743,-0.4204,0.8694,-11.2061,1.6031,-8.145,0.9813
1780909629.8997784,0.2288,-0.3599,0.8096,4.0229,-4.9084,6.6641,0.915
1780909630.100704,0.1948,-0.3691,0.8459,-3.3206,-0.5038,-4.626,0.9433
1780909630.3245788,0.1992,-0.3948,0.8206,-0.3588,-3.3969,0.7557,0.9321
1780909630.5088484,0.2034,-0.3623,0.8284,0.2901,-1.2137,-0.0229,0.9267
1780909630.704424,0.2085,-0.3806,0.8323,-3.3282,-2.1832,-1.2137,0.9386
1780909630.9423342,0.2012,-0.3816,0.8293,-2.1298,-0.3435,-0.2061,0.9348
1780909631.1106355,0.2056,-0.3845,0.8232,-1.5496,-0.6031,-0.0076,0.9316
1780909631.3003461,0.1987,-0.3799,0.825,-0.9008,-0.0458,-1.2214,0.9297
1780909631.5683212,0.2026,-0.4048,0.8262,-0.4275,8.9313,-2.2366,0.9421
1780909631.7196178,0.1541,-0.3777,0.8647,-0.5573,4.4122,-1.3206,0.9561
1780909631.9515615,0.1458,-0.3806,0.8618,-25.4809,5.2595,-1.2061,0.9533
1780909632.099696,0.1467,-0.396,0.761,-22.6183,-8.9084,7.458,0.8703
0,0,0,0,0,0,0,0
0,0,0,0,0,0,0,0
1780909634.069244,0.3938,-0.8481,0.2368,-3.9618,11.7023,-2.7557,0.9646
1780909634.3391774,0.395,-0.8306,0.1636,-12.1832,8.9313,-5.8397,0.9342
1780909634.4689744,0.2729,-0.5808,0.1003,20.3969,3.4885,-42.0305,0.6495
1780909634.6743705,0.4346,-0.7502,0.426,5.7634,42.5725,-38.8015,0.966
1780909634.8738155,0.394,-0.864,0.801,-30.9084,-53.6565,10.229,1.2423
1780909635.0686371,0.5232,-0.1533,0.8296,18.9466,-75.7557,0.5496,0.9927
1780909635.2695081,0.2959,-0.4839,0.7458,14.626,-3.6183,12.0534,0.937
1780909635.4690287,0.3213,-0.449,0.7444,3.5725,1.145,8.0687,0.9268
1780909635.6730227,0.2957,-0.3621,0.8103,-2.1985,-6.9924,6.0763,0.9355
1780909635.8690753,0.3093,-0.3779,0.7876,-2.8702,-0.0382,-4.4733,0.9267
1780909636.0691576,0.3044,-0.3931,0.7998,-3.2595,-0.9466,-2.229,0.9417
1780909636.272764,0.2888,-0.3745,0.8013,-0.9924,-2.4427,0.1374,0.9304
1780909636.469156,0.3132,-0.3831,0.7998,-1.9008,-3.145,-0.2595,0.9405
1780909636.6684852,0.3098,-0.3875,0.8008,-1.1298,-1.9771,-0.2366,0.942
1780909636.9188602,0.3125,-0.3728,0.7903,-2.145,-0.7099,-0.7481,0.928
1780909637.0716662,0.3171,-0.3975,0.7922,-2.5267,-1.6489,-0.7939,0.9414
1780909637.2737498,0.3127,-0.3818,0.7944,-1.0458,-2.0382,-1.1527,0.9353
1780909637.4689078,0.2761,-0.376,0.8,14.0153,-3.8931,-9.0305,0.9261
1780909637.6713877,0.303,-0.3269,0.834,-16.1832,-13.374,-3.313,0.9456
1780909637.8689725,0.3643,-0.4116,0.7112,-12.5878,0.1145,-1.3282,0.8988
0,0,0,0,0,0,0,0
0,0,0,0,0,0,0,0
1780909639.6823924,0.4612,-0.8198,0.2126,5.4046,4.2366,-1.3664,0.9644
1780909639.8814952,0.4661,-0.8418,0.1743,-8.2214,-10.4122,-9.542,0.9779
1780909640.0817487,0.4456,-0.7734,-0.0254,1.3588,31.4046,-12.8855,0.893
1780909640.281425,0.3271,-0.615,0.0979,35.3817,31.6183,-7.313,0.7034
1780909640.483079,0.9773,-0.9404,0.2798,229.8931,207.8015,-59.6947,1.3848
1780909640.6836655,0.0562,-0.0466,0.9868,39.458,-5.2824,18.7634,0.9895
1780909640.8830593,0.3884,-0.4021,0.8167,4.9924,40.2443,13.7939,0.9897
1780909641.0814924,0.3799,-0.3865,0.7739,-10.771,-4.7328,14.7328,0.9448
1780909641.28269,0.2886,-0.2776,0.8406,1.8626,-2.6031,4.7863,0.9311
1780909641.4814582,0.2729,-0.259,0.8591,1.1145,-6.5344,-2.1145,0.9379
1780909641.682982,0.3113,-0.3828,0.7881,-3.3435,-1.1298,-6.4962,0.9298
1780909641.8813963,0.2866,-0.2866,0.845,-2.4122,1.1908,-0.2061,0.9372
1780909642.0815156,0.3416,-0.3042,0.8269,-2.4733,-4.8015,1.5267,0.945
1780909642.2820282,0.3352,-0.3071,0.8462,1.5344,-3.8626,0.8092,0.9606
1780909642.4825354,0.3167,-0.2844,0.8301,-3.5191,-2.7023,-3.3282,0.9328
1780909642.6822639,0.3669,-0.2908,0.8049,-3.458,0.2748,-6.0229,0.9312
1780909642.93271,0.3335,-0.3037,0.793,-4.4656,-4.8168,3.1221,0.9123
1780909643.0821452,0.3306,-0.3098,0.7937,-15.8092,-4.458,-0.7252,0.9139
1780909643.2826211,0.3271,-0.3643,0.812,-39.9466,-29.8244,1.6794,0.9482
1780909643.4817612,0.5059,-0.5132,0.7327,-64.2366,-41.0458,4.6183,1.0276
0,0,0,0,0,0,0,0
0,0,0,0,0,0,0,0
1780909645.3775861,0.5154,-0.8213,0.1609,13.2672,17.3969,6.4275,0.9829
1780909645.592347,0.4614,-0.7371,0.1843,-16.0992,19.3511,-8.3511,0.8889
1780909645.7775424,0.4172,-0.4792,-0.0149,10.2366,30.4198,-35.6565,0.6356
1780909645.977419,0.5261,-0.6682,0.8982,134.5038,168.5343,30.8015,1.237
1780909646.1794822,-0.4595,0.0925,1.2522,82.6183,-103.313,69.145,1.337
1780909646.3774302,0.429,-0.4631,0.7979,5.5344,-40.2061,-34.0687,1.0174
1780909646.5798233,0.5442,-0.3533,0.407,-1.5649,17.1298,-4.6718,0.7659
1780909646.7792075,0.4624,-0.3979,0.7295,-0.8931,0.7023,0.5496,0.951
1780909646.9783576,0.4536,-0.3174,0.7854,-7.5267,10.4275,-4.8855,0.9609
1780909647.1788769,0.3884,-0.4148,0.7764,-7.9695,0.1756,1.2977,0.9621
1780909647.3824363,0.4272,-0.3276,0.7627,0.1908,-5.2214,0.8855,0.9336
1780909647.577789,0.4441,-0.3677,0.7378,-1.5115,-0.3588,5.3817,0.9363
1780909647.7819242,0.4121,-0.3718,0.7549,-3.0,3.9389,1.0076,0.937
1780909647.9778483,0.4102,-0.3906,0.792,-1.9924,-0.7252,-1.3435,0.9737
1780909648.1766558,0.4019,-0.3867,0.7585,-2.7634,-0.1374,-0.5725,0.9415
1780909648.3781173,0.4058,-0.3818,0.752,-2.3053,-1.1832,0.5344,0.9359
1780909648.577907,0.4087,-0.3848,0.7339,-2.4046,-1.5725,-0.7099,0.9239
1780909648.7771096,0.4033,-0.4016,0.7437,-0.3435,-1.9466,-0.8244,0.9365
1780909648.9778116,0.4009,-0.4084,0.7036,-8.2443,9.4962,1.4122,0.907
1780909649.1781633,0.3745,-0.3503,0.7419,-16.5496,-13.4809,2.4962,0.9019
1780909649.3779254,0.4138,-0.418,0.7644,-9.9389,-9.145,9.7252,0.9645
1780909649.577882,0.6565,-0.5137,0.5688,-12.2748,10.3664,8.3511,1.0092
0,0,0,0,0,0,0,0
0,0,0,0,0,0,0,0
1780909651.5328145,0.1462,-0.9749,0.0225,-1.2061,10.2901,3.1603,0.986
1780909651.7329283,0.1367,-0.9614,-0.011,-9.3282,5.8168,-5.4733,0.9712
1780909651.9319892,0.1699,-0.9321,-0.053,6.2519,2.458,0.8244,0.949
1780909652.1370313,0.0791,-0.6152,-0.0664,7.771,12.2748,4.4046,0.6238
1780909652.3346355,0.5481,-1.4944,0.3735,250.1298,180.8702,-78.5649,1.635
1780909652.5339181,-0.324,-0.2598,0.8538,99.0229,-14.1221,-4.2824,0.9494
1780909652.7338674,0.0112,-0.3972,0.8293,22.7863,5.6412,-2.7328,0.9196
1780909652.9375463,0.1326,-0.4236,0.8665,-20.6489,13.3588,13.458,0.9735
1780909653.1327178,0.0149,-0.2654,0.9905,-10.1603,-30.3511,15.3282,1.0255
1780909653.3334606,0.178,-0.4297,0.8269,-5.2137,12.4046,-16.1985,0.9487
1780909653.5330536,-0.0193,-0.5688,0.8408,32.2214,3.3206,-1.3664,1.0154
1780909653.732249,0.0586,-0.4436,0.8501,-9.458,-4.1527,2.771,0.9607
1780909653.9354432,0.1282,-0.4871,0.7937,-3.4046,1.0229,-0.9466,0.94
1780909654.1330018,0.0559,-0.4121,0.8289,0.2519,1.3359,-4.4275,0.9273
1780909654.3345454,0.0876,-0.4424,0.8145,-3.7328,-4.5496,2.4733,0.931
1780909654.534817,0.0974,-0.4331,0.8254,1.8092,0.0382,-0.2214,0.9372
1780909654.7342386,0.0706,-0.4294,0.8279,-1.5038,-0.687,-0.9847,0.9353
1780909654.9337673,0.0801,-0.4368,0.8218,-0.9924,-2.0611,1.6489,0.9341
1780909655.1342943,0.0647,-0.425,0.823,-1.9008,0.2519,-1.1832,0.9285
1780909655.334596,0.0205,-0.4226,0.8452,10.9924,18.4809,13.0763,0.9452
0,0,0,0,0,0,0,0
0,0,0,0,0,0,0,0
1780909659.7485616,0.6292,-0.6487,0.1089,5.3588,20.0687,5.3969,0.9102
1780909659.9557886,0.5088,-0.5103,0.1423,7.6031,-5.5267,1.4122,0.7345
1780909660.1991546,0.7332,-0.3877,-0.0242,61.0992,59.0916,-2.1985,0.8297
1780909660.3493927,0.9004,-0.4514,1.1995,71.4733,112.8626,-21.374,1.5663
1780909660.548464,0.2783,-0.1772,0.76,30.1374,-51.3969,103.9771,0.8285
1780909660.7483702,0.5508,0.2617,1.0571,-88.3359,94.855,4.7176,1.2204
1780909660.9548354,0.4636,-0.3889,0.9922,-28.5954,-9.8855,-9.1374,1.1622
1780909661.1485703,0.2478,-0.29,0.8469,-3.1527,-11.4962,-4.6718,0.9289
1780909661.3505673,0.1946,-0.3064,0.8469,-2.0,-3.5954,-4.3969,0.9214
1780909661.5495512,0.2187,-0.3066,0.8564,-3.4656,-6.6031,2.0076,0.9356
1780909661.747485,0.2366,-0.3088,0.8508,-0.4962,-5.1832,2.3817,0.9356
1780909661.9487157,0.2427,-0.3113,0.8516,-1.9847,-2.1679,0.5038,0.9386
1780909662.1513095,0.2371,-0.302,0.8462,-1.3588,-1.9695,-0.4427,0.9292
1780909662.3479178,0.2344,-0.3174,0.8513,-2.084,-1.8092,0.4122,0.9383
1780909662.5490804,0.2295,-0.3105,0.8359,-1.9542,-1.8473,0.0382,0.9208
1780909662.750069,0.238,-0.321,0.8455,-2.6107,-1.9084,0.8473,0.9352
1780909662.9497004,0.2546,-0.3269,0.8345,-2.7786,-2.9389,0.2137,0.9317
1780909663.1512802,0.25,-0.3242,0.8425,-1.6412,-1.0076,-0.3588,0.9367
1780909663.3488097,0.2461,-0.3242,0.8389,-1.1603,-0.4885,-0.4733,0.9324
1780909663.55082,0.2441,-0.3247,0.8364,-2.0305,-1.626,-0.0611,0.9299
1780909663.7560117,0.24,-0.3181,0.8379,-2.2137,-2.2824,0.0,0.9278
1780909663.9485815,0.2485,-0.3279,0.8423,-2.145,-1.8168,0.0458,0.9374
1780909664.1515331,0.2417,-0.3149,0.8403,-1.6107,-1.1145,-0.1756,0.9294
1780909664.3487256,0.2449,-0.3308,0.8479,-1.4122,4.9466,0.2061,0.9425
1780909664.5480576,0.2905,-0.3066,0.916,-3.2672,36.3053,3.313,1.0087
0,0,0,0,0,0,0,0
0,0,0,0,0,0,0,0
1780909675.0275412,-0.4175,-0.7168,-0.0793,-19.5573,-65.2214,-3.2137,0.8333
1780909675.2270212,-0.6702,-0.7522,-0.0283,-35.5191,-114.1603,9.0916,1.0078
1780909675.4282973,-0.5713,-0.8813,0.0271,-16.5114,-112.5191,-0.1145,1.0507
1780909675.627958,-0.6006,-0.9553,0.395,-49.2901,21.6718,-24.7634,1.1956
1780909675.8276703,-0.3003,-0.9309,-0.1042,19.4046,-19.6794,-24.4122,0.9837
1780909676.0267482,-0.2412,-0.6675,0.0774,6.1069,-130.2672,-5.4046,0.7139
1780909676.2276738,-0.3821,-1.0046,0.5942,33.7634,7.3206,13.2748,1.2282
1780909676.4280562,-0.3105,-1.0596,0.168,-97.1603,93.7328,3.2901,1.1168
1780909676.6313682,-0.4583,-0.5474,0.2056,-26.4656,-1.3969,5.7786,0.7429
1780909676.82706,-0.5078,-1.0962,0.4045,-13.6031,0.0229,-14.7328,1.274
1780909677.0270197,-0.3018,-0.9922,0.0405,-10.687,15.8397,-17.3511,1.0379
1780909677.2318287,-0.2402,-0.5076,0.02,16.542,-70.2366,-4.8779,0.5619
1780909677.426616,-0.4333,-1.1582,0.8142,14.0687,-38.1985,44.9389,1.4806
1780909677.6270134,-0.2847,-0.9524,0.1736,-43.1985,105.0076,-7.7863,1.0091
1780909677.827503,-0.4482,-0.6973,0.0886,3.229,2.5878,-0.8244,0.8336
1780909678.0306222,-0.45,-0.8362,0.313,18.7328,16.916,-10.6183,0.9998
1780909678.2281344,-0.3101,-0.8406,-0.0891,4.5649,-40.374,0.0992,0.9004
1780909678.4287267,-0.21,-0.554,-0.0903,-4.5802,-153.5802,-12.2595,0.5993
1780909678.626512,-0.3406,-0.9331,0.1934,-47.3969,-121.229,43.7176,1.012
1780909678.8293676,-0.0979,-0.731,0.2961,-36.9847,-94.7099,42.5344,0.7947
1780909679.0285494,-0.8127,-0.8599,0.1768,-4.3511,49.1832,30.2901,1.1963
1780909679.228807,-0.7319,-0.7717,0.1562,-46.6031,-42.0534,34.7786,1.075
1780909679.427504,-0.6863,-0.6724,0.1245,-38.5267,-78.0153,12.542,0.9688
1780909679.6275475,-0.6809,-0.6926,0.2419,-72.6947,-76.1603,29.3893,1.001
1780909679.8270648,-0.8484,-0.7898,-0.207,2.6031,-94.2672,-1.7863,1.1775
1780909680.0285149,-0.5522,-1.0269,-0.0977,-2.7634,-60.0687,-12.7863,1.17
1780909680.2285402,-0.3513,-0.7988,0.1189,-63.229,-81.5649,22.2443,0.8807
1780909680.4275372,-0.4551,-0.9504,0.2815,29.4046,-51.8168,7.6947,1.0907
1780909680.6271253,-0.4351,-0.811,0.0657,-7.4427,79.458,9.7176,0.9227
0,0,0,0,0,0,0,0
0,0,0,0,0,0,0,0
1780909681.7288554,-0.4036,-0.7305,0.1677,51.5496,-1.0153,-12.5878,0.8512
1780909681.9107087,-0.2861,-0.8147,0.136,27.3817,-0.4733,-13.7023,0.8741
1780909682.1054513,-0.2366,-0.9055,0.3604,3.313,-1.8321,10.1832,1.0029
1780909682.300756,-0.5312,-0.8816,0.0339,-15.8321,67.0763,-13.9847,1.0298
1780909682.5002615,-0.4592,-0.6472,0.1768,2.9771,-15.7863,-25.4427,0.813
1780909682.7030103,-0.499,-0.7756,0.2461,-1.4885,-5.3817,-20.6947,0.9546
1780909682.9049962,-0.7041,-1.2341,-0.0815,17.9847,25.229,-49.3893,1.4232
1780909683.1009228,-0.2546,-0.6938,0.0801,-1.5573,78.4046,-24.0763,0.7434
1780909683.3016877,-0.1133,-0.835,0.293,-11.8779,5.3206,12.6412,0.8921
1780909683.503013,-0.2056,-1.1929,0.2903,35.3359,-39.6794,-13.2824,1.2448
1780909683.7065408,-0.2385,-0.7512,0.03,-27.5954,66.5878,-9.3053,0.7888
1780909683.9003599,-0.4182,-0.7981,0.1748,17.4351,31.9466,-19.8931,0.9178
1780909684.1042094,-0.4663,-0.9075,0.2803,-5.4198,-10.1221,-7.4733,1.0581
1780909684.3004873,-0.5801,-0.9609,-0.1509,37.2443,-96.7634,-26.1985,1.1325
1780909684.500337,-0.2441,-0.7354,0.2317,13.8168,42.8092,10.8092,0.8087
1780909684.7008626,-0.2212,-0.8584,0.2664,-15.9618,7.3511,22.5954,0.9256
1780909684.89911,-0.4539,-1.1287,0.2615,24.084,-42.9847,-0.4351,1.2443
1780909685.1017625,-0.4138,-0.6875,0.1221,-32.6107,-4.9771,25.0076,0.8117
1780909685.3104208,-0.5901,-0.8242,0.1565,-1.626,-11.4198,-5.5344,1.0257
1780909685.499315,-0.4551,-0.7764,0.2756,-17.6565,-31.3817,-24.1603,0.9412
1780909685.700092,-0.6177,-1.0093,-0.0476,-28.9237,8.2672,10.8092,1.1842
1780909685.8992045,-0.3616,-0.843,-0.0364,-15.3435,-72.7939,-22.3817,0.918
1780909686.1015756,-0.1997,-0.8491,0.1199,-27.1985,-141.3359,27.8779,0.8805
1780909686.3015184,-0.4165,-0.928,0.3523,-7.7634,-17.9237,16.5344,1.0764
1780909686.5011501,-0.3586,-0.8694,-0.0142,-25.7786,-44.2519,10.855,0.9406
1780909686.704459,-0.4907,-0.804,0.0994,5.0916,-1.4046,2.2824,0.9471
1780909686.9024167,-0.3564,-0.9043,0.0991,25.3359,43.5649,-13.8931,0.9771
0,0,0,0,0,0,0,0
0,0,0,0,0,0,0,0
1780909688.6451716,-0.4548,-0.8445,0.2581,4.2443,27.8168,-2.5115,0.9933
1780909688.8456984,-0.4756,-0.741,0.2664,-6.374,33.8092,-10.5496,0.9199
1780909689.0499723,-0.5874,-1.082,-0.2803,-1.4198,31.8626,-11.5878,1.2627
1780909689.2451866,-0.3645,-0.9097,-0.1047,21.0763,-10.4046,-2.8397,0.9856
1780909689.45492,-0.2314,-0.8472,0.0337,35.084,4.7099,-17.8397,0.8789
1780909689.6446946,-0.2693,-0.9724,0.1416,5.0,24.5344,1.9924,1.0189
1780909689.845542,-0.6208,-0.9729,-0.1089,1.1374,-26.9695,-3.2519,1.1592
1780909690.0451639,-0.467,-0.7944,0.1096,-13.9771,1.9542,16.4886,0.928
1780909690.2508512,-0.4668,-0.8472,0.1787,6.8855,12.4122,-0.5496,0.9836
1780909690.4451532,-0.4011,-0.8423,0.2083,7.6565,49.3588,-19.3511,0.9559
1780909690.6451635,-0.0884,-1.3481,-0.1528,-6.916,-86.8321,-51.9618,1.3597
1780909690.8445385,-0.2542,-0.8662,0.0598,11.3359,96.8931,-7.9695,0.9047
1780909691.0496008,-0.1191,-0.9163,0.1829,28.626,64.916,5.1069,0.9419
1780909691.246044,-0.1143,-1.1519,-0.052,47.5649,64.145,3.229,1.1587
1780909691.4450552,-0.7051,-0.7095,-0.0393,-1.8092,53.9542,-5.8168,1.001
1780909691.6581707,-0.4075,-0.8108,0.0698,1.3053,35.4885,-3.0992,0.9101
1780909691.8609173,-0.5317,-0.7727,0.1484,-2.8855,6.5038,-10.2672,0.9497
1780909692.0454512,-0.6411,-0.9602,-0.168,47.0916,-37.2977,-20.771,1.1667
1780909692.2471097,-0.2058,-0.9106,-0.012,-59.313,-1.1145,-0.4809,0.9337
1780909692.4455688,-0.3081,-0.8499,0.075,-9.855,-99.626,2.4809,0.9071
1780909692.644105,-0.1011,-0.9307,0.0698,-14.8321,-63.3588,20.626,0.9387
1780909692.8454435,-0.4866,-1.0859,-0.0522,-20.9084,2.9542,4.374,1.1911
0,0,0,0,0,0,0,0
0,0,0,0,0,0,0,0
1780909697.3394592,-0.5527,-0.7756,0.1917,12.9466,34.3817,-2.5954,0.9715
1780909697.535808,-0.6125,-0.7571,0.1182,-6.5573,-15.0992,-21.229,0.981
1780909697.7388682,-0.5942,-0.7109,0.2693,8.7328,65.0,-3.8168,0.9649
1780909697.9351377,0.0601,-1.281,0.1194,-23.5191,-3.542,-14.8092,1.288
1780909698.1357863,-0.1782,-0.8337,0.1167,0.6947,44.9313,-1.374,0.8605
1780909698.3353512,-0.2046,-0.9209,0.2524,19.8702,-7.4275,-3.0534,0.9765
1780909698.5386531,-0.6382,-0.7544,0.1223,-54.7176,34.6641,-8.2672,0.9957
1780909698.738106,-0.7122,-1.0095,0.0977,15.6183,-14.0153,-11.0916,1.2393
1780909698.9408877,-0.4426,-0.7124,0.199,24.2061,-92.9618,-9.5267,0.862
1780909699.138279,-0.45,-0.8176,0.3425,-47.1527,31.1527,2.1832,0.9941
1780909699.3376274,0.3281,-1.2673,0.2354,-1.9466,-36.5725,58.4809,1.3301
1780909699.5362277,-0.1592,-0.8481,0.1489,0.8702,4.8473,-36.2366,0.8757
1780909699.7350714,-0.1326,-0.7908,0.3142,7.626,-31.8244,15.2061,0.8612
1780909699.935231,-0.5576,-1.1025,0.1824,57.0992,17.7557,-8.3359,1.2489
1780909700.1351087,-0.2837,-0.6516,0.2617,-30.6031,-24.4886,33.5115,0.7573
1780909700.3440626,-0.384,-0.8391,0.147,-7.1527,23.0992,-0.3664,0.9344
1780909700.5340998,-0.5879,-0.7695,0.2371,-5.6336,-7.5649,-6.4046,0.997
1780909700.7396164,-0.5256,-0.7302,0.3145,-6.084,-28.0458,2.0382,0.9531
1780909700.934279,-0.1775,-1.1479,-0.103,16.6489,-84.6489,-3.1221,1.1661
1780909701.1362371,-0.2568,-0.8596,0.2122,16.1298,9.9313,-31.8092,0.9219
1780909701.3381665,-0.135,-0.946,0.2471,11.7252,54.6412,-8.8397,0.9871
1780909701.5340054,-0.1165,-0.9336,0.4595,0.8244,4.8855,-3.5038,1.047
1780909701.7479346,-0.6443,-0.7688,0.0229,-17.5496,18.7634,-7.8702,1.0033
1780909701.9396791,-0.4841,-0.8899,0.1086,-21.145,-48.8321,8.1756,1.0189
1780909702.1352859,-0.5295,-0.7451,0.2214,11.6183,-25.8473,-1.8931,0.9406
1780909702.3340516,-0.4453,-0.6814,0.4297,-15.7786,7.9237,12.084,0.9205
1780909702.5340865,-0.0256,-0.9746,0.1108,18.9389,-52.0458,22.0611,0.9812
1780909702.7347617,-0.2388,-0.7686,0.0249,19.7176,-62.4046,4.458,0.8052
1780909702.933954,-0.189,-0.7666,0.2256,-39.4427,-34.8092,39.1221,0.8211
1780909703.1347272,-0.4011,-1.1702,0.3367,63.1527,-20.4275,-4.0687,1.282
1780909703.3348434,-0.6992,-0.9539,0.0945,19.5573,67.8015,8.2748,1.1865
0,0,0,0,0,0,0,0
0,0,0,0,0,0,0,0
1780909704.126434,-0.5496,-0.7617,0.1489,-49.1985,15.2901,7.4656,0.951
1780909704.3337178,-0.1035,-1.1926,-0.0454,2.4504,-41.1221,-8.5267,1.198
1780909704.5213547,-0.1499,-0.7678,0.0608,23.0687,12.7252,-3.1069,0.7847
1780909704.7201154,-0.208,-0.9194,0.4006,1.4427,-1.771,20.8321,1.0243
1780909704.9223535,-0.4629,-0.9929,-0.2104,6.7634,-27.8855,19.4809,1.1155
1780909705.1235487,-0.4526,-0.7561,0.1592,22.1221,29.3969,-3.2061,0.8955
1780909705.3203354,-0.366,-0.8552,0.1724,12.5649,9.0916,-14.4733,0.9461
1780909705.5204103,-0.4434,-0.79,0.2126,-2.4809,17.6489,-13.9389,0.9306
1780909705.7203126,-0.4873,-1.2983,-0.0256,58.8702,28.0611,-23.0153,1.387
1780909705.9204483,-0.1438,-0.9231,-0.0525,42.458,71.2366,-26.5344,0.9357
1780909706.119735,-0.0884,-0.9849,0.1135,-1.4885,83.0,-10.916,0.9953
1780909706.3306644,-0.0356,-0.907,0.1594,21.6412,55.7786,-10.626,0.9216
1780909706.5203345,-0.0071,-0.9475,0.2576,20.9008,125.229,17.6412,0.9819
1780909706.7233965,-0.2644,-0.6399,-0.0635,84.4046,110.3359,-40.9924,0.6953
1780909706.9201965,-0.3582,-0.9358,0.0654,49.1985,145.5954,-43.0,1.0041
1780909707.1197264,-0.3828,-0.7507,0.1973,45.1756,89.2443,-49.374,0.8655
1780909707.3205032,-0.1992,-0.8345,0.2612,5.7634,77.0534,-26.8473,0.8968
1780909707.519523,-0.3115,-0.9854,0.4868,6.6412,78.4351,-18.0076,1.1423
1780909707.7222152,-0.1765,-0.8247,0.2002,-6.0916,-62.3893,9.9389,0.8668
1780909707.9201343,-0.2102,-0.9055,0.2178,24.1985,-129.1145,31.7405,0.9548
1780909708.1195498,-0.1562,-0.916,0.2661,-11.7252,-37.9466,43.9618,0.9666
1780909708.3203592,-0.4373,-1.283,-0.2239,-28.229,-65.6183,35.5115,1.3738
1780909708.5268831,-0.3384,-0.678,0.0833,-39.3664,7.7405,27.2595,0.7623
1780909708.7210836,-0.4595,-0.8718,0.1074,3.9237,-22.2366,8.1298,0.9913
1780909708.9196658,-0.4783,-0.7993,0.1855,-8.4809,-3.9771,-10.9313,0.9498
1780909709.1233654,-0.4377,-0.7798,0.2834,-12.6412,-6.4733,-9.084,0.9381
1780909709.32072,0.2083,-1.1274,0.1797,-42.4656,54.0687,13.145,1.1605
1780909709.51978,-0.0737,-0.7288,0.0894,21.145,-89.3359,-11.542,0.7379
1780909709.7270427,-0.0706,-0.8872,0.2644,17.8015,3.9618,15.3206,0.9285
1780909709.9191332,-0.113,-1.2322,0.2195,25.5038,47.7023,-8.3664,1.2567
1780909710.1197455,-0.5264,-0.5618,0.2429,-17.1221,76.5343,10.7634,0.8073
1780909710.3198748,-0.3599,-0.865,0.1296,6.8092,5.2519,5.3511,0.9458
0,0,0,0,0,0,0,0
0,0,0,0,0,0,0,0
1780909711.6208673,-0.1062,-0.9487,0.0117,36.5573,103.5725,-10.0076,0.9547
1780909711.7638953,-0.1792,-0.946,0.0615,8.9389,127.7023,-3.6489,0.9648
1780909711.9659274,-0.1826,-1.2285,0.0112,19.9695,77.6183,-7.5954,1.2421
1780909712.1599634,-0.5603,-0.6992,-0.0508,8.1298,12.5649,29.3511,0.8975
1780909712.3610318,-0.4534,-0.8821,-0.052,-13.7557,32.6412,-2.6031,0.9931
1780909712.5639908,-0.4961,-0.804,0.1174,-0.4809,-26.374,-32.7481,0.952
1780909712.7608616,-0.5562,-1.2607,-0.4368,64.7252,41.0229,-11.9389,1.4455
1780909712.960944,-0.2375,-0.822,-0.1157,4.0611,-58.5878,-10.9237,0.8634
1780909713.1610608,-0.1682,-0.9663,-0.0203,-5.4809,-33.3282,4.2672,0.981
1780909713.3611872,-0.1658,-0.9102,0.1748,-12.1679,-2.4122,4.3359,0.9415
1780909713.5598454,-0.1265,-1.0444,0.1746,13.3969,35.5573,19.2137,1.0664
1780909713.760884,-0.4849,-0.6589,0.0327,-58.5878,-3.5954,26.2137,0.8188
1780909713.9607859,-0.4773,-0.9465,0.0286,-20.2824,-51.2366,-11.9847,1.0604
1780909714.1597416,-0.3872,-0.8193,0.1887,-22.1756,34.0076,-7.8702,0.9257
1780909714.3715909,0.2478,-1.1545,0.0867,-27.9924,-108.2748,5.4351,1.184
1780909714.561795,-0.0396,-0.8308,0.0667,4.9847,-27.8015,-11.5191,0.8344
1780909714.761772,-0.0737,-0.9041,0.1484,4.4809,3.2061,13.2595,0.9191
1780909714.9609168,-0.0706,-0.8657,0.2859,-21.1527,39.2748,5.2443,0.9144
1780909715.1646907,-0.8396,-0.8704,-0.2471,41.145,-142.2977,60.0534,1.2343
1780909715.3607054,-0.2507,-0.8901,0.1147,-21.7786,-12.0229,-2.3969,0.9319
1780909715.5675747,-0.4336,-0.772,0.2051,8.5267,11.4504,-19.2748,0.9088
1780909715.7606516,-0.5544,-0.7742,0.2996,-4.6183,46.8702,-12.0611,0.9982
1780909715.9605918,-0.4031,-1.4255,0.0042,14.9924,-97.3206,-48.0458,1.4814
1780909716.1642148,-0.1201,-0.8655,-0.0503,-9.2061,-1.0229,-8.5115,0.8752
0,0,0,0,0,0,0,0
0,0,0,0,0,0,0,0
1780909717.2695012,-0.1021,-0.9277,0.3811,-24.7481,0.4198,16.5496,1.0081
1780909717.4676871,-0.7656,-0.8596,-0.0579,-21.1374,39.2595,21.0916,1.1526
1780909717.6783895,-0.4941,-0.8354,-0.0403,14.3588,-45.0916,-10.0687,0.9715
1780909717.86713,-0.4768,-0.8474,0.0989,9.4962,-17.4275,-19.6183,0.9774
1780909718.0678284,-0.3066,-0.8008,0.1912,10.5802,49.542,-17.687,0.8785
1780909718.2694843,-0.1184,-1.3914,0.3445,-69.8931,-17.9618,-33.5191,1.4383
1780909718.4710457,-0.1069,-0.6838,-0.0027,49.9924,18.9618,-26.4809,0.6922
1780909718.6688836,0.0269,-1.1028,0.0891,-9.6641,65.9313,6.8473,1.1067
1780909718.8687766,-0.0217,-0.9189,0.0696,18.542,33.6489,-3.7023,0.9218
1780909719.0687659,-0.0571,-0.9126,0.1533,11.0992,45.1145,10.9237,0.9271
1780909719.2673974,-0.0901,-0.9438,0.3054,11.1985,38.8855,13.5573,0.9961
1780909719.4676118,-0.6699,-0.7837,-0.0903,32.2061,104.7099,1.2595,1.035
1780909719.666495,-0.4639,-0.8696,0.0732,20.1069,39.5115,-19.9389,0.9883
1780909719.8727314,-0.4285,-0.9001,0.1113,28.8931,56.6794,-33.4962,1.0031
1780909720.0739095,-0.3584,-0.6851,0.1531,16.1298,96.9542,6.542,0.7882
1780909720.2748792,0.302,-1.3762,0.114,-82.3359,-62.8244,-10.4122,1.4136
1780909720.4667559,-0.198,-0.8467,-0.01,13.7634,33.5267,-8.9618,0.8696
1780909720.6738515,-0.0974,-0.8733,0.0168,25.0458,17.5649,-3.313,0.8789
1780909720.8985994,-0.1165,-0.9922,0.0889,-7.4504,68.0611,-1.7939,1.0029
1780909721.0715516,-0.0767,-0.8533,0.2119,-1.229,26.8702,11.3206,0.8825
1780909721.27855,-0.8149,-1.1938,-0.2546,14.8931,17.1374,1.7863,1.4677
1780909721.475458,-0.3872,-0.7039,-0.1321,22.4198,5.3664,-9.1679,0.8141
1780909721.6688726,-0.3235,-0.8601,0.1287,-10.2366,42.9771,-4.3206,0.9279
1780909721.8683379,-0.3472,-0.8235,0.1396,-1.2214,54.3435,-27.2519,0.9045
0,0,0,0,0,0,0,0
0,0,0,0,0,0,0,0
1780909723.026608,-0.0969,-0.8584,0.3955,-30.1679,15.8092,32.7405,0.9501
1780909723.2249122,-0.6887,-0.9639,-0.1111,-32.6947,97.5267,6.3588,1.1898
1780909723.4243422,-0.5225,-0.8076,-0.105,15.8473,-67.771,-11.4656,0.9676
1780909723.6250436,-0.3604,-0.7214,0.0469,16.5038,-13.5344,-19.8168,0.8078
1780909723.8340256,-0.3804,-0.7896,0.2129,10.2901,52.542,-33.5878,0.9019
1780909724.0251653,0.4666,-1.2319,0.0854,-48.6794,-146.6412,-11.9237,1.3201
1780909724.224496,-0.2334,-0.9819,0.0352,-17.7481,-14.2901,-13.2519,1.0099
1780909724.4249685,-0.093,-0.8235,0.0552,-4.0992,-74.9695,-0.2214,0.8306
1780909724.62479,-0.0483,-0.9199,0.1396,-9.2977,-10.8855,14.9924,0.9317
1780909724.8242853,-0.1624,-0.8159,0.2834,2.916,-12.8397,23.1756,0.8789
1780909725.0244205,-0.511,-1.4919,-0.4185,-50.7557,-15.2061,30.4733,1.6316
1780909725.2321332,-0.5251,-0.7932,-0.1277,14.5191,-13.5802,10.3206,0.9598
1780909725.4321802,-0.3987,-0.8303,0.0693,6.542,-18.2977,-8.6183,0.9237
1780909725.625167,-0.449,-0.8892,0.1985,1.6031,-5.3053,-22.1985,1.0157
1780909725.8268034,-0.3447,-1.3225,-0.2268,44.8702,60.9008,-42.2366,1.3854
1780909726.0245988,-0.3601,-0.8232,0.1401,47.7176,-109.1298,-48.7328,0.9094
1780909726.2251744,-0.0811,-0.9634,0.1145,-40.2824,3.5344,26.0382,0.9735
1780909726.4241138,-0.1128,-0.917,0.1606,-10.687,-10.8397,16.9542,0.9378
1780909726.6241088,-0.1218,-0.8105,0.2839,-20.1603,1.5725,34.1832,0.8674
1780909726.8244882,-0.4014,-1.0452,0.0193,3.5802,37.6183,-5.9237,1.1197
1780909727.0244772,-0.2844,-0.6663,-0.0254,35.4198,-33.1298,-28.5191,0.7249
1780909727.2240348,-0.3481,-0.9019,0.1016,-15.1908,25.6031,-17.3588,0.972
1780909727.4251475,-0.2339,-0.8745,0.1589,6.229,113.1603,-30.6565,0.9191
1780909727.624485,0.6528,-0.8054,0.1646,30.3664,-97.1985,-28.2366,1.0497
1780909727.8241408,0.0215,-0.9385,0.0525,6.6947,28.2672,-9.3817,0.9402
1780909728.0241902,0.0283,-0.8821,0.0444,-1.6031,-35.687,4.6031,0.8837
1780909728.224165,-0.0198,-0.9927,0.1707,-23.5267,4.3511,23.9389,1.0074
1780909728.424985,0.0166,-0.9128,0.2017,-13.2519,-10.0382,31.6641,0.935
1780909728.6246667,-0.5183,-1.1877,-0.0125,7.2901,-1.7481,33.8931,1.296
1780909728.8253524,-0.439,-0.8862,-0.0547,-24.5954,62.1069,13.0458,0.9905
1780909729.0249686,-0.4038,-0.8645,0.0037,15.7786,-0.7405,-17.458,0.9542
1780909729.2241585,-0.3384,-0.8589,0.1057,8.1527,37.9618,-20.6947,0.9292
1780909729.4239767,-0.405,-1.1975,-0.4043,96.4351,30.0,-24.9542,1.3272
0,0,0,0,0,0,0,0
0,0,0,0,0,0,0,0
1780909730.485023,-0.0679,-0.896,0.0588,2.8321,59.542,24.313,0.9005
1780909730.6850793,-0.4709,-1.3123,-0.085,20.8779,79.6336,20.0763,1.3968
1780909730.886591,-0.1719,-0.5757,-0.0239,21.6489,17.2595,3.916,0.6013
1780909731.0855246,-0.4102,-0.938,0.0532,22.542,36.1985,-11.1603,1.0251
1780909731.2849693,-0.3489,-0.8469,0.1975,4.458,13.5267,-36.3282,0.937
1780909731.4905727,-0.405,-1.3777,-0.2595,39.9237,50.7863,-71.145,1.4593
1780909731.6862566,-0.1121,-0.885,-0.0239,27.6718,35.7023,4.3969,0.8924
1780909731.8855426,-0.0647,-0.8804,0.0139,29.8779,0.1908,6.6641,0.8829
1780909732.0849435,-0.0522,-0.9399,0.1123,-25.7099,31.7176,11.855,0.9481
1780909732.2867727,0.0117,-0.8748,0.1885,-4.916,-14.4656,20.458,0.8949
1780909732.4967618,-0.396,-1.3857,-0.0156,-32.9313,-61.6183,9.8702,1.4413
1780909732.6849422,-0.3604,-0.656,0.0908,-0.2061,22.8015,18.1756,0.754
1780909732.8865964,-0.208,-0.9426,0.1301,3.9542,-0.2824,-8.5573,0.974
1780909733.0880454,-0.2249,-0.802,0.3015,-21.9466,73.2748,-29.0687,0.8858
1780909733.2861364,0.5103,-0.95,0.1477,36.5191,-161.2214,-17.2366,1.0884
1780909733.4850404,-0.0032,-0.8804,0.1753,-25.3282,-3.0153,13.2443,0.8977
1780909733.6863937,0.0298,-0.9377,0.1555,-13.1985,16.2366,19.3206,0.951
1780909733.8890476,-0.0322,-0.8337,0.2593,-18.916,60.8855,18.9618,0.8737
1780909734.0861292,-0.415,-1.3123,-0.1089,-5.1527,6.9924,29.9466,1.3806
1780909734.28615,-0.3933,-0.8928,-0.0522,-21.9695,-15.0458,9.8092,0.977
1780909734.486513,-0.3633,-0.8945,0.0564,-15.9618,-12.0305,-17.0153,0.9671
1780909734.6865315,-0.2717,-0.7988,0.2544,-0.3511,51.1145,-40.6718,0.8813
1780909734.8884196,0.0527,-0.8687,0.0461,-84.626,43.9695,24.4886,0.8715
1780909735.086123,-0.0911,-0.9631,-0.0156,-0.7099,-43.0,-0.229,0.9676
1780909735.284964,-0.0818,-0.8845,0.0806,-0.5954,-25.9313,14.084,0.8919
1780909735.4861252,-0.1653,-0.8467,0.2534,-6.6489,-23.9237,27.2137,0.8991
1780909735.686257,-0.574,-1.3303,0.2263,8.3969,-62.2977,33.8779,1.4664
1780909735.8864696,-0.0886,-0.6919,0.1091,-14.229,76.0687,23.4733,0.706
1780909736.0862763,-0.4409,-0.9397,-0.002,8.7786,-3.7557,-6.4198,1.038
1780909736.286494,-0.385,-0.7664,0.1421,-10.0534,25.7939,-30.2672,0.8693
1780909736.4865954,-0.5217,-1.3997,-0.4211,87.0534,33.2824,-50.4504,1.552
1780909736.6862493,-0.1318,-0.9495,-0.01,20.1832,-13.8168,-2.8321,0.9586
1780909736.88896,-0.0535,-0.918,0.0269,-2.2137,-18.9542,6.4046,0.9199
0,0,0,0,0,0,0,0
0,0,0,0,0,0,0,0
1780909737.626442,-0.6541,-0.8137,-0.1616,25.5878,39.7252,-10.4656,1.0564
1780909737.8221924,-0.4407,-0.791,-0.0532,32.0534,-6.542,-23.313,0.907
1780909738.0267458,-0.4858,-0.8682,0.0281,31.8855,2.6183,-21.6641,0.9953
1780909738.2230153,-0.4438,-0.7947,0.1338,7.6412,-22.8779,-14.687,0.92
1780909738.4253318,-0.2849,-0.9863,0.3481,-38.771,84.4198,-32.3359,1.0841
1780909738.634557,-0.0759,-1.0532,0.0076,-25.7023,14.7099,-8.2595,1.056
1780909738.821396,-0.0571,-0.9775,0.0229,-19.7786,-79.0076,32.4275,0.9795
1780909739.021659,0.0063,-0.8789,0.1172,-7.6107,-36.771,18.8931,0.8867
1780909739.2216706,-0.1497,-0.8994,0.2964,-8.771,38.1985,34.6031,0.9587
1780909739.4219103,-0.2783,-1.0527,-0.4714,46.1603,-71.1832,101.3893,1.1866
1780909739.6215072,-0.3945,-0.6716,-0.1768,83.7939,81.3053,-13.7634,0.7987
1780909739.8212628,-0.4612,-0.96,-0.113,72.5649,137.5954,-9.7557,1.071
1780909740.021863,-0.4009,-0.8391,0.0049,58.7786,137.084,-39.5496,0.93
1780909740.2223365,-0.397,-0.8992,0.2014,10.9389,58.7176,-24.9542,1.0033
1780909740.4217358,-0.3943,-1.2747,-0.3291,67.8397,39.687,-25.4198,1.3742
1780909740.6228576,-0.1445,-0.929,0.1177,-20.5573,62.5725,-33.1145,0.9475
1780909740.8246264,-0.0879,-0.9326,0.1267,-3.0458,18.4351,10.3359,0.9453
1780909741.0204036,-0.054,-0.9197,0.1611,-0.8626,-8.4198,15.7405,0.9352
1780909741.2204828,-0.0193,-1.1003,0.124,-0.4122,87.0687,16.2214,1.1075
1780909741.4206448,-0.502,-1.0369,-0.1479,2.6336,60.6947,-0.5115,1.1614
1780909741.6223085,-0.3379,-0.8613,-0.0242,27.3664,58.8015,-32.6641,0.9255
1780909741.8227851,-0.355,-0.8877,0.1284,13.8015,71.1603,-32.1527,0.9646
1780909742.0206587,-0.3396,-1.3176,0.0471,33.2443,49.9542,-24.3359,1.3615
1780909742.2237988,-0.0698,-0.7354,-0.0518,5.0763,-11.5649,-22.1985,0.7405
1780909742.4221277,-0.1086,-1.0586,0.0454,-6.1069,28.3053,6.2061,1.0651
1780909742.6238368,-0.0215,-1.0085,0.1245,-12.8244,-8.9237,19.0076,1.0164
1780909742.836528,-0.0352,-1.135,-0.0034,2.4504,70.9618,13.9084,1.1356
1780909743.0226865,-0.3208,-0.7136,-0.0452,-5.1603,36.0305,7.7405,0.7837
1780909743.2226548,-0.3184,-0.8213,0.0654,6.1985,52.1908,-6.3893,0.8833
0,0,0,0,0,0,0,0
0,0,0,0,0,0,0,0
1780909744.5638673,-0.1023,-0.9868,0.166,-7.8321,3.6031,7.5115,1.0059
1780909744.7633364,-0.1638,-0.9265,0.0811,2.3053,-1.6489,8.9695,0.9444
1780909744.962261,-0.1003,-0.9089,0.156,-21.8626,-9.771,8.3053,0.9277
1780909745.1615844,-0.0205,-1.0239,0.2827,-38.7863,88.7176,20.5267,1.0624
1780909745.361741,-0.5833,-0.8862,-0.4797,-36.3435,-49.3817,21.9008,1.1644
1780909745.5619638,-0.4084,-0.8457,-0.0417,-12.4198,-33.313,-7.0153,0.9401
1780909745.761768,-0.4521,-0.8562,0.0195,1.7786,-56.7405,-18.2824,0.9685
1780909745.9616141,-0.4138,-0.8838,0.2266,-5.9008,-17.8168,-10.0458,1.0018
1780909746.1622703,0.2588,-0.9387,-0.1304,-12.9924,-86.9084,18.7557,0.9824
1780909746.3636417,-0.0947,-0.948,0.0474,-17.3053,5.3588,2.6031,0.9539
1780909746.5674078,-0.0486,-0.9211,0.0076,10.1679,-1.7328,4.9084,0.9225
1780909746.7627368,-0.0586,-0.946,0.1628,-6.9313,11.2901,4.0763,0.9617
1780909746.9615135,-0.386,-1.2183,-0.3101,-8.4885,-10.8015,28.7328,1.315
1780909747.1638205,-0.2412,-0.8357,0.0681,-21.5802,-11.9771,26.9924,0.8725
1780909747.3621185,-0.3523,-0.8557,0.0955,-5.0458,-8.4122,-6.3435,0.9303
1780909747.56383,-0.3699,-0.927,0.1433,-9.8092,15.6031,-11.4656,1.0083
1780909747.7618713,-0.1167,-1.1973,-0.1116,1.7252,-67.855,-36.6183,1.2081
1780909747.9631007,-0.0203,-0.8921,-0.0073,-15.0,24.2214,-18.4122,0.8924
1780909748.1637356,0.0134,-0.9531,0.0042,2.6336,22.4427,10.626,0.9532
0,0,0,0,0,0,0,0
0,0,0,0,0,0,0,0
1780909749.3840106,-0.3752,-0.8755,0.1724,-4.5802,-15.1527,-13.2748,0.968
1780909749.582939,-0.3933,-0.9141,0.2109,-22.5038,-39.9771,-13.0534,1.0172
1780909749.7825134,0.04,-0.9485,-0.0144,0.8397,-90.8855,-2.4733,0.9494
1780909749.9813843,-0.0632,-0.8142,0.0994,16.374,-28.2214,9.1985,0.8227
1780909750.1820955,-0.1423,-1.0007,0.1135,-7.4733,-85.1221,29.2061,1.0172
1780909750.3816173,-0.0752,-0.9893,0.0874,-7.9695,-87.5038,24.2214,0.996
1780909750.5818932,-0.0796,-0.9182,0.2546,-17.2977,-4.7099,17.687,0.9562
1780909750.7815166,-0.2698,-0.8523,-0.1274,19.687,-59.5115,4.5802,0.903
1780909750.981813,-0.2805,-0.897,0.2134,-24.3282,-28.6794,11.8626,0.9637
1780909751.1819277,-0.354,-0.7847,0.1584,-13.6565,-68.9847,-8.9389,0.8753
1780909751.3815453,-0.4355,-1.1431,0.0251,3.6031,-19.5725,23.5191,1.2235
1780909751.5824127,-0.4705,-0.9182,-0.1182,-60.229,-129.5496,36.374,1.0385
1780909751.7826014,-0.2302,-0.9041,-0.0117,-30.2672,-170.4504,57.9313,0.933
1780909751.9822717,-0.1567,-0.874,0.085,-25.4886,-99.9466,13.2366,0.892
1780909752.18191,-0.3013,-1.4966,-0.2192,-14.1069,-9.5802,4.9771,1.5423
1780909752.3822749,-0.3752,-0.7415,-0.0789,-33.458,-7.5573,18.9695,0.8347
1780909752.5815074,-0.3445,-0.9084,0.1721,-7.0153,-11.0229,8.7252,0.9867
0,0,0,0,0,0,0,0
0,0,0,0,0,0,0,0
1780909753.8416166,-0.0959,-0.9817,0.0923,2.8626,0.6031,1.5878,0.9907
1780909754.0410264,-0.1406,-0.9414,0.0754,-8.542,-2.3511,-8.3359,0.9548
1780909754.2405212,-0.1401,-0.9607,0.073,-12.0763,15.4504,10.8779,0.9736
1780909754.4430363,-0.0881,-0.9832,0.0742,-12.8321,30.3435,13.5573,0.9899
1780909754.6408699,-0.2834,-1.0627,-0.0784,24.855,-11.458,15.5496,1.1027
1780909754.8412714,-0.5117,-0.9473,0.0195,-6.1985,0.1298,19.0305,1.0768
1780909755.0415874,-0.3584,-0.8828,0.0149,-4.9313,3.3817,-8.229,0.9529
1780909755.2410717,-0.3054,-0.9102,0.1938,7.5878,-2.6489,-9.7557,0.9794
1780909755.4408991,-0.4883,-1.1277,-0.0669,33.1603,-10.9542,-30.0687,1.2307
1780909755.6485934,-0.0916,-0.8542,0.0034,-15.9313,-13.4809,-16.6336,0.8591
1780909755.840986,-0.1609,-0.9761,0.0251,-17.9618,-14.0763,0.374,0.9896
1780909756.0409257,-0.1064,-0.9585,-0.0034,-13.2214,-23.9542,12.2977,0.9644
1780909756.2432892,-0.0986,-1.1074,-0.0664,1.2595,7.6183,10.0382,1.1138
1780909756.4411962,-0.4658,-0.8142,-0.1238,-9.3053,30.1298,2.2901,0.9462
1780909756.641027,-0.3328,-0.834,-0.0132,-5.4733,-17.1145,-3.1756,0.898
1780909756.840773,-0.3923,-0.9639,0.1008,2.9237,0.4962,-10.7099,1.0455
1780909757.0412252,-0.439,-1.0747,-0.0498,5.1679,31.6412,-19.229,1.162
1780909757.2407923,-0.2239,-1.1724,-0.166,-38.5954,22.0534,-5.5496,1.205
1780909757.4406817,-0.0945,-0.9453,-0.0664,-9.4122,-38.0687,8.7863,0.9523
1780909757.6479628,-0.0959,-0.9749,-0.0144,-4.3359,-12.2443,12.8626,0.9797
1780909757.8413572,-0.3979,-0.9004,-0.0603,-23.0916,-14.229,14.9237,0.9863
1780909758.0918372,-0.3687,-0.9338,-0.0273,-10.8244,-23.1374,6.6336,1.0043
1780909758.240957,-0.3916,-0.8726,-0.0085,-12.2824,-31.313,-8.4504,0.9564
1780909758.4413893,-0.437,-1.002,0.0137,-17.5725,-56.4427,-26.855,1.0932
1780909758.6408925,-0.1194,-1.0801,0.0522,13.7481,-39.458,-17.6336,1.0879
1780909758.8414564,-0.0017,-0.8894,0.0107,-8.1603,-35.9618,11.4656,0.8895
0,0,0,0,0,0,0,0
0,0,0,0,0,0,0,0
1780909759.5995858,-0.2202,-0.8953,-0.0029,-29.1298,-40.4122,13.3664,0.922
1780909759.7996306,-0.3252,-0.8284,0.001,0.8931,-29.7252,1.0763,0.8899
1780909759.9999437,-0.3311,-0.9229,0.0271,-10.2748,-21.4275,-7.0611,0.9808
1780909760.2000515,-0.3413,-0.9104,0.0818,-9.7786,-26.2061,1.3053,0.9757
1780909760.399983,-0.4011,-1.0754,-0.1013,-0.8092,26.9389,-13.855,1.1523
1780909760.600107,-0.0945,-0.8777,-0.0708,-21.9084,-6.0229,-16.8702,0.8856
1780909760.8003163,-0.085,-0.9719,-0.0139,-7.7176,-11.6565,6.5267,0.9757
1780909760.9999514,-0.1467,-1.0559,0.1106,8.3053,-17.5725,23.8855,1.0718
1780909761.2029595,-0.3538,-0.8435,-0.0769,-0.6641,-10.229,-4.4198,0.9179
1780909761.40002,-0.4363,-0.8252,-0.0457,-10.6947,38.5878,-4.916,0.9345
1780909761.6002376,-0.3425,-0.9595,0.0557,-5.5954,1.687,-20.626,1.0203
1780909761.8001466,-0.1628,-1.0962,-0.1831,15.7252,-23.0,-38.8626,1.1232
1780909761.9997215,-0.0647,-0.8203,-0.0239,-3.4962,-13.7176,-1.2366,0.8232
1780909762.1996372,-0.0752,-0.9082,0.021,1.916,-10.0,18.3817,0.9116
1780909762.3997717,-0.1443,-1.2275,0.0378,14.7557,0.1069,17.7328,1.2366
1780909762.5999453,-0.3657,-0.7144,-0.147,15.2824,24.5114,3.5496,0.8159
1780909762.7997713,-0.4912,-1.0396,0.0117,14.8931,39.9466,-5.4275,1.1498
1780909763.000744,-0.5264,-0.9453,0.0889,-5.8473,-13.0305,-13.229,1.0856
1780909763.2004561,-0.3608,-0.8542,0.1067,5.0611,-37.2977,-14.3053,0.9334
1780909763.3999248,-0.3955,-1.2471,0.1621,-21.4504,47.7939,-10.8855,1.3183
0,0,0,0,0,0,0,0
0,0,0,0,0,0,0,0
1780909764.630993,-0.4431,-0.8398,0.303,-36.4351,51.5191,0.855,0.9967
1780909764.8298094,-0.3645,-0.8948,0.0586,-35.4809,-58.8397,7.6031,0.9679
1780909765.0294309,-0.2683,-0.9336,0.0786,-20.0611,-77.7481,6.1756,0.9746
1780909765.2294772,-0.4133,-0.885,0.1169,-16.2519,-80.084,-6.0611,0.9837
1780909765.4302416,-0.2427,-1.0588,-0.0657,-48.7099,-87.6031,6.4351,1.0883
1780909765.6293678,0.0007,-0.9624,-0.0498,-3.7863,-74.1832,-18.9542,0.9637
1780909765.8299947,-0.1282,-0.9636,-0.0371,8.9924,-155.7939,18.8015,0.9728
1780909766.0304606,0.0015,-0.9219,-0.0012,-1.4656,-47.0458,5.7405,0.9219
1780909766.2436407,-0.0591,-1.0566,0.0793,-16.4962,-10.7634,24.4198,1.0613
1780909766.429594,-0.3491,-1.0696,-0.1782,15.1832,-25.1298,28.7023,1.1391
1780909766.6314068,-0.4763,-0.8962,-0.0537,-33.0534,-57.2901,33.2366,1.0164
1780909766.8303955,-0.4707,-0.9824,0.0012,-12.7481,-68.5115,-25.0076,1.0894
1780909767.029837,-0.4248,-0.6824,0.1902,-29.8855,-66.1298,-6.374,0.826
1780909767.2299235,0.062,-1.0645,0.175,15.0458,-170.6718,5.3206,1.0805
1780909767.4295924,-0.0132,-0.7007,-0.1414,2.4427,-142.8168,12.1374,0.7149
1780909767.6304197,-0.3149,-1.2815,0.0764,-16.8779,-64.9771,0.5115,1.3218
1780909767.8295305,-0.1411,-0.46,0.1394,5.0305,-10.8931,25.0153,0.5009
1780909768.0293443,-0.0881,-1.4038,-0.0625,28.2595,-100.8397,24.4962,1.408
0,0,0,0,0,0,0,0
0,0,0,0,0,0,0,0
1780909768.8419936,0.0649,-0.9541,-0.1396,26.7634,-168.2595,-11.9847,0.9665
1780909769.0413852,0.0134,-0.9282,-0.0095,-32.313,-18.8473,2.6107,0.9284
1780909769.2423525,-0.0723,-0.6814,-0.1729,23.687,-152.4809,5.1985,0.7067
1780909769.4423556,-0.1631,-1.5242,0.0076,-22.4275,31.5649,11.7176,1.5329
1780909769.6417816,0.0095,-0.6763,-0.0208,17.8244,-12.2366,14.8779,0.6767
1780909769.8418813,-0.0483,-1.2456,0.0681,-27.5878,25.1679,20.0458,1.2484
1780909770.0423522,-0.5906,-0.595,-0.2898,44.6183,-7.7328,2.6412,0.887
1780909770.2421238,-0.3411,-0.7739,0.0623,18.6641,2.0992,-4.229,0.848
1780909770.4414895,-0.3467,-0.4917,-0.0366,5.8397,-60.2901,-24.4886,0.6027
1780909770.641716,-0.4451,-1.5037,-0.0063,-25.0382,-102.5954,14.3893,1.5682
1780909770.8422942,-0.2273,-0.2996,-0.0388,-24.374,-84.1069,-7.1374,0.378
1780909771.041936,0.0645,-1.7126,-0.2476,49.9542,-127.5496,-11.1908,1.7316
1780909771.241316,-0.0178,-0.5603,0.0366,24.0992,-7.3817,23.5802,0.5618
1780909771.4408703,-0.1677,-1.4854,0.1938,-32.1756,-32.9084,-30.458,1.5073
1780909771.6413283,0.0647,-0.707,-0.0073,-33.7634,10.1985,4.6107,0.71
1780909771.8422596,-0.6643,-0.8281,0.0505,12.5496,-6.4656,18.7939,1.0628
1780909772.041227,-0.8018,-1.283,-0.1221,-97.3282,-2.5649,1.5878,1.5178
1780909772.2410307,-0.3853,-0.2283,-0.0432,15.7939,-113.2901,16.7863,0.4499
1780909772.4422548,-0.7612,-1.4639,-0.3811,16.2214,40.4733,35.4504,1.6934
1780909772.6407025,0.156,-0.8987,-0.2009,25.9924,-52.5954,11.8931,0.934
0,0,0,0,0,0,0,0
0,0,0,0,0,0,0,0
1780909773.4343698,0.1926,-0.9336,-0.0125,-58.0458,106.6183,-11.7634,0.9533
1780909773.6458092,-0.6023,-1.1665,-0.1853,-41.3359,78.0,-57.8092,1.3258
1780909773.8431487,0.0046,-0.3025,-0.1423,9.687,-63.9084,6.7176,0.3343
1780909774.0347078,-0.2874,-1.5168,0.1619,-14.2595,12.7786,10.229,1.5523
1780909774.2348788,-0.3293,-0.6216,-0.092,-28.1527,-42.5191,25.6183,0.7094
1780909774.434002,-0.4512,-0.6951,-0.1562,-23.1069,3.2977,5.1679,0.8433
1780909774.6348276,-0.3484,-1.3064,0.3367,-66.6336,-36.5115,31.771,1.3933
1780909774.8354614,-0.0181,-0.7317,-0.083,32.7939,-16.7634,-35.1603,0.7366
1780909775.0343769,-0.4644,-1.1133,0.0667,27.6641,96.1603,-9.0229,1.2081
1780909775.2382243,0.0691,-0.4397,-0.0215,55.916,6.5115,-3.9084,0.4456
1780909775.4334881,0.1455,-1.0847,0.1375,-33.374,33.3359,-16.9924,1.103
1780909775.6362355,-0.5024,-0.7957,-0.2168,59.7023,-22.2595,-21.3664,0.9657
1780909775.8341503,-0.2688,-0.8364,0.0339,3.4962,7.3511,-7.2595,0.8792
1780909776.034112,-0.4961,-1.2263,-0.0498,-52.7634,57.4122,-31.4504,1.3238
1780909776.2337873,-0.1897,-0.71,-0.0811,-17.9237,-82.2748,10.0534,0.7393
1780909776.4385095,-0.4604,-0.7468,-0.1152,-49.9542,-15.0382,14.0992,0.8849
1780909776.6339717,0.3889,-1.5994,0.0505,34.7863,-61.1603,-3.0992,1.6467
1780909776.8338528,-0.1025,-0.5725,-0.1277,24.2061,22.145,23.687,0.5955
0,0,0,0,0,0,0,0
0,0,0,0,0,0,0,0
1780909779.8682983,0.189,-0.8567,0.4651,-4.3817,-40.8779,-14.7252,0.9929
1780909780.068413,0.2173,-0.7913,0.2896,-3.2901,-5.8473,-47.5878,0.8701
1780909780.2679853,-0.2136,-1.3906,0.4917,46.8092,32.6565,-27.9389,1.4904
1780909780.4674854,0.0134,-0.8345,0.5188,-16.6794,10.5344,88.1603,0.9827
1780909780.667808,0.0889,-0.5381,0.1902,-18.8626,46.7786,6.5802,0.5776
1780909780.8774514,0.1294,-0.7512,0.4399,-7.4733,43.3817,3.374,0.8801
1780909781.0677276,0.1523,-0.802,0.4036,-3.3817,40.2366,-35.4198,0.9106
1780909781.2672975,0.2004,-0.667,0.5442,-23.3053,-29.5114,-30.771,0.8839
1780909781.4696164,0.481,-0.5007,0.3906,-14.0382,-28.4504,-29.4351,0.7966
1780909781.6675625,-0.0667,-0.9832,-0.0178,6.374,58.6794,-24.0763,0.9856
1780909781.8689127,-0.2102,-1.0569,0.4153,-16.4504,85.4885,25.5573,1.1548
1780909782.0684147,0.0015,-0.7136,0.3665,-23.145,28.0076,4.7252,0.8022
1780909782.2678797,0.1868,-0.8257,0.5408,-29.1832,49.6794,2.229,1.0045
1780909782.4701555,0.3672,-1.043,0.229,31.229,110.4733,-24.9237,1.1292
1780909782.668084,0.1018,-0.7998,-0.0295,67.5649,83.0992,-3.5573,0.8068
1780909782.8681598,0.1384,-0.6399,0.2539,107.1679,-90.2672,63.9389,0.7022
1780909783.1215556,-0.292,-0.8955,0.4648,-80.084,30.5878,26.1298,1.0504
1780909783.2771795,-0.0515,-0.8682,0.2319,-46.1756,-70.1069,-5.542,0.9001
1780909783.4682193,0.0942,-0.9644,0.03,3.5191,-58.7252,26.8397,0.9694
1780909783.6739416,0.5388,-0.8757,0.2498,-0.1985,-3.9924,80.2366,1.0581
0,0,0,0,0,0,0,0
0,0,0,0,0,0,0,0
1780909784.4760323,-0.1084,-0.7991,0.5215,10.5191,20.4962,-37.7863,0.9603
1780909784.6747096,0.0149,-0.6365,0.646,11.458,87.9771,8.2595,0.907
1780909784.8748271,-0.1052,-1.4736,0.4709,7.2748,132.2366,-20.5649,1.5506
1780909785.0766466,-0.3323,-0.8096,0.2327,-36.1298,-60.542,44.6718,0.9055
1780909785.2752616,0.0999,-0.863,0.2583,63.1679,-132.0992,61.6336,0.9064
1780909785.4746482,-0.1106,-0.9541,0.4351,-2.3053,37.9771,-0.1221,1.0544
1780909785.6746902,0.0518,-0.9009,0.2627,-21.7328,50.458,-21.5725,0.9398
1780909785.8746345,0.0447,-0.9519,0.3457,-48.1679,-105.4046,0.1603,1.0137
1780909786.0746913,-0.1748,-1.0203,0.2446,-4.6718,-41.1832,32.7405,1.0636
1780909786.275105,0.0315,-1.3318,0.5005,22.3053,-14.5573,30.9084,1.4231
1780909786.4753594,0.127,-0.6562,0.9775,-9.0,-81.4504,26.313,1.1842
1780909786.674735,0.2078,-0.803,0.4978,-8.9237,-13.7481,-10.6947,0.9673
1780909786.8754022,-0.0259,-0.6614,0.5195,-1.4122,29.6641,-8.0076,0.8414
1780909787.0747519,-0.2153,-0.791,0.8101,-35.2137,35.3053,-46.7328,1.1525
1780909787.275075,0.6289,-1.0955,0.3457,-10.8931,124.2595,17.5496,1.3096
1780909787.477485,-0.1104,-0.8855,0.3408,21.8397,-146.2977,2.1298,0.9552
1780909787.6788392,-0.0256,-0.7554,0.3689,19.2366,-5.2519,11.9008,0.841
1780909787.878426,0.0308,-0.8433,0.3845,-11.7557,-25.4504,10.1603,0.9273
1780909788.0752661,0.1069,-1.1187,0.635,-36.2901,39.3969,-64.916,1.2908
1780909788.2754707,-0.0125,-0.8809,0.6565,-9.3511,33.0534,-42.4733,1.0987
1780909788.4806952,0.1799,-0.7898,0.3743,13.6412,84.5725,-23.1985,0.8923
1780909788.6762598,0.4407,-0.7693,0.6758,-4.2901,-6.2061,39.4122,1.1148
1780909788.8752713,-0.3652,-1.2332,0.3975,-16.8931,97.313,-7.2214,1.3461
0,0,0,0,0,0,0,0
0,0,0,0,0,0,0,0
1780909789.679467,-0.1541,-0.9417,0.5972,7.4427,7.7099,6.2824,1.1256
1780909789.8798282,-0.0879,-0.7715,0.498,13.0305,68.5878,-19.1298,0.9225
1780909790.0798633,-0.4624,-0.6758,0.4951,-5.9618,29.0076,-7.0534,0.9569
1780909790.2833328,0.3386,-0.7976,0.2896,25.1221,75.4427,13.5496,0.9136
1780909790.4798522,-0.0063,-0.8567,0.447,-1.4962,-9.8779,19.2214,0.9663
1780909790.6799479,0.106,-0.7126,0.4526,-10.6565,-27.5191,8.4656,0.8509
1780909790.8801436,0.0696,-0.7822,0.4834,-10.3893,2.5878,-36.5802,0.9222
1780909791.079641,0.2942,-1.2498,0.9946,10.9466,-72.8473,-4.5038,1.6241
1780909791.2804737,-0.3657,-1.4966,0.6917,-19.6336,-14.7099,0.4427,1.6888
1780909791.4804096,-0.1431,-0.5286,0.1641,-7.5878,90.7939,-15.313,0.5716
1780909791.679815,0.0317,-0.3757,0.2715,22.5725,-6.9084,-99.6107,0.4646
1780909791.880093,-0.7375,-1.8879,1.9999,-19.8626,-250.1374,24.9618,2.8475
1780909792.0818386,0.2698,-0.8989,0.4382,8.7099,38.2595,55.9542,1.0358
1780909792.2838244,0.0811,-0.8271,0.2046,-5.5267,22.8092,31.6794,0.8559
1780909792.4804225,-0.1638,-0.8103,0.2324,-3.4656,-1.0076,65.7328,0.8587
1780909792.6806078,0.6499,-0.9153,0.7207,-20.2901,-71.8931,-11.9084,1.334
1780909792.8846226,-0.0574,-0.7307,0.3289,10.7557,75.771,-62.2061,0.8034
1780909793.0800755,0.731,-0.5911,0.2583,91.9618,-91.145,50.458,0.9749
1780909793.2803607,-0.1865,-0.8179,0.1086,7.7634,70.9695,18.2977,0.8459
1780909793.4863267,0.2949,-1.1648,-0.0361,0.6718,-6.9924,60.4122,1.2021
1780909793.6801372,0.4338,0.1384,0.0356,-114.3053,-108.771,42.5878,0.4568
1780909793.8798528,0.6416,-0.8562,0.5039,4.2901,-250.1374,36.1374,1.1826
1780909794.080329,-0.1235,-0.8809,1.1367,-10.3664,33.7786,54.5267,1.4434
0,0,0,0,0,0,0,0
0,0,0,0,0,0,0,0
1780909795.1209376,0.1931,-0.5664,0.3069,1.5496,11.1298,5.0916,0.6725
1780909795.321012,-0.0593,-1.0505,0.4946,-13.1756,-31.9695,21.1221,1.1627
1780909795.5219402,-0.2468,-0.6064,0.0049,-24.2443,218.771,-82.687,0.6548
1780909795.7214353,-0.5146,-1.6694,1.9999,-29.3053,69.1145,-108.9008,2.6555
1780909795.9209814,0.2458,-0.8152,0.8916,3.1832,67.4275,-39.3435,1.2329
1780909796.121853,0.021,-0.1577,-0.4744,56.1145,69.2061,-97.1679,0.5003
1780909796.322193,-0.0217,-0.8306,0.1306,-17.916,36.1679,16.0305,0.8411
1780909796.519209,-0.2258,-1.3916,0.3928,-64.5573,159.9695,-44.7099,1.4635
1780909796.721478,1.0117,-0.7363,0.3792,21.0229,198.5649,54.0687,1.3075
1780909796.921872,0.3567,-1.7305,1.4282,-40.4198,127.6336,-99.1298,2.2719
1780909797.1214578,-0.5925,-0.218,0.1077,40.8626,-22.2137,55.5038,0.6405
1780909797.321869,-0.8438,-1.6021,1.0779,-28.4427,-136.9466,38.7176,2.1072
1780909797.5228658,0.0298,0.1934,0.1396,-51.5802,-75.3435,-11.8779,0.2404
1780909797.7218523,-0.0403,-1.7981,0.3215,51.5649,-233.8779,-19.9542,1.8271
1780909797.9211893,0.1401,-0.1665,0.428,10.5191,-155.8626,-34.2519,0.4801
1780909798.12437,-0.1497,-1.6511,0.4014,54.8779,-59.7176,-12.7786,1.7058
1780909798.3297827,-0.2659,-1.2576,0.1948,-42.5038,111.2824,0.6794,1.3
1780909798.5218759,0.7031,-0.2644,-0.2063,-1.7176,131.2137,83.9771,0.779
1780909798.723612,-0.0845,-0.8875,1.5127,-22.6183,-43.542,-26.6107,1.7558
1780909798.924442,-0.4492,0.144,0.168,70.2901,120.916,79.1069,0.5008
1780909799.121403,-0.5735,-1.4011,0.3887,29.7786,-67.6183,28.458,1.563
0,0,0,0,0,0,0,0
0,0,0,0,0,0,0,0
1780909808.165144,-0.1975,-0.6831,0.4468,-10.9695,-112.7634,53.4122,0.8398
1780909808.3645759,-0.0305,-0.7065,0.7166,10.3893,9.9695,-5.9389,1.0068
1780909808.5721073,-0.0227,-0.6228,0.5425,-7.5725,6.7252,-47.6565,0.8262
1780909808.7680752,-0.2083,-0.7065,0.5381,-10.916,-61.6489,11.3969,0.9122
1780909808.9660544,0.1309,-1.2097,0.5715,-21.3817,-87.3206,34.8321,1.3443
1780909809.165159,0.0994,-0.6956,0.3123,-19.1985,-82.5267,29.4962,0.7689
1780909809.36483,-0.0798,-0.7827,0.2673,16.084,-158.3435,114.7023,0.831
1780909809.5647855,-0.4167,-0.9019,0.6013,51.3359,-55.4122,19.2901,1.1613
1780909809.764639,-0.1519,-0.9045,1.0671,-77.4733,-38.3664,35.7405,1.4071
1780909809.9692914,0.0044,-0.7527,0.3975,-24.0916,-117.4657,46.0687,0.8512
1780909810.1641564,-0.1875,-0.6675,0.5264,-5.8244,26.3359,18.0076,0.8705
1780909810.3700576,0.2891,-0.77,0.7302,29.1908,-107.9008,88.3893,1.0999
1780909810.5663667,-0.0549,-0.5427,0.075,45.3664,-91.3511,37.0916,0.5506
1780909810.764798,-0.2146,-0.8877,0.531,-4.6565,-146.1985,35.0,1.0564
1780909810.9668782,-0.4841,-1.2871,0.2896,-37.8244,68.6947,-14.6183,1.4053
1780909811.164624,0.5369,-0.7495,0.6641,-86.4427,-128.1221,18.9924,1.1362
1780909811.3642664,-0.011,-1.1252,1.0259,9.7939,70.313,-53.0916,1.5227
1780909811.5661125,-0.3115,-0.1953,0.1855,65.0992,-51.1145,121.1298,0.4119
1780909811.764195,-0.2974,-1.0112,0.5559,-34.5038,-144.4275,70.6031,1.1917
1780909811.964073,-0.5605,-1.1384,0.6797,-55.0229,-70.4351,71.5038,1.4395
1780909812.1641304,0.1401,0.1169,-0.2588,-21.6336,-48.3435,82.2061,0.3167
1780909812.3652055,0.1169,-0.8188,1.1731,39.6412,-149.6031,50.8779,1.4354
1780909812.5648098,0.0564,-0.3074,-0.3455,43.0687,-250.1374,28.3969,0.4658
1780909812.767059,-0.0237,-2.0,0.7703,-19.8168,-92.9847,-73.7481,2.1433
1780909812.9679515,0.0076,-0.8591,0.3101,-15.9771,-158.8092,32.145,0.9134
1780909813.1649494,-0.7654,-1.1333,0.7729,-19.2901,30.4962,24.8397,1.5709
1780909813.3634038,0.1316,0.281,-0.3096,-37.6183,-10.2366,48.9008,0.4383
0,0,0,0,0,0,0,0
0,0,0,0,0,0,0,0
1780909814.472955,-0.6575,-1.2593,0.4028,-55.7252,-87.0229,67.1603,1.4766
1780909814.671919,0.2202,-1.1064,1.9999,-90.626,-3.771,38.7939,2.2962
1780909814.8724158,-0.0195,-0.7678,0.2329,-7.4885,-23.4962,-16.5878,0.8026
1780909815.0725162,0.0098,-0.7844,1.3337,9.9771,34.313,32.5954,1.5473
1780909815.272076,0.2358,0.177,-0.3008,80.2366,131.0458,51.1908,0.4212
1780909815.4725442,-0.7175,-1.5261,0.3904,-9.2519,96.0534,11.229,1.731
1780909815.6732762,-0.3921,-0.8198,0.4385,-37.2366,-18.2595,51.7328,1.009
1780909815.8730078,-0.0024,-0.4663,0.2844,38.8855,28.7863,-33.458,0.5462
1780909816.0724626,-0.2241,-1.1584,1.1038,-21.1069,-74.5954,149.5878,1.6157
1780909816.2724829,-0.4792,-0.9082,0.7419,-9.5573,-116.2977,48.3817,1.2669
1780909816.4733005,0.1941,0.3162,-0.1436,24.542,-75.8397,138.8779,0.3978
1780909816.6724648,-0.4543,-2.0,0.4663,113.374,123.6794,-61.7786,2.1033
1780909816.8725822,0.0508,-0.8271,0.2559,-52.0305,-220.2519,62.1832,0.8673
1780909817.0722017,-1.0291,-0.8906,1.1619,-78.3664,-97.4504,76.626,1.7894
1780909817.2748468,-0.0183,-0.1438,-0.2119,-37.855,247.4198,94.0458,0.2568
1780909817.4723737,-0.3726,-0.4766,0.5991,-25.2443,21.4656,-45.5954,0.8514
1780909817.6725662,0.1985,-0.4282,0.2019,60.0458,-221.3359,-41.5038,0.5134
1780909817.8723946,-0.2053,-2.0,1.1592,-4.1908,-75.7863,-8.7863,2.3207
1780909818.0720103,-0.1848,-0.9272,0.4153,-50.2824,-158.2214,111.7328,1.0327
1780909818.2725117,-0.1104,-0.2729,0.27,25.4351,109.0153,18.7328,0.3995
1780909818.4719887,-0.6968,-1.0269,1.2458,-21.084,-137.7786,176.8931,1.7584
1780909818.6735084,0.4041,-1.1511,0.5005,-5.5038,-38.6489,53.9389,1.3186
1780909818.8722148,-0.3022,-0.626,0.6892,-29.9389,-103.6412,67.7099,0.9789
1780909819.082796,0.0664,-0.9331,0.281,74.7023,-57.3969,-7.542,0.9768
1780909819.2728486,-0.2646,-0.7595,0.5835,-10.6794,69.3588,18.542,0.9937
1780909819.4724987,-0.6475,-1.2197,0.6025,-20.145,62.9771,67.9618,1.5066
1780909819.6724367,0.2456,-0.0127,-0.1406,3.3969,-29.1679,70.0153,0.2833
1780909819.8722825,-0.4792,-0.9526,0.9114,69.6183,-79.1908,13.2901,1.4028
1780909820.0724754,-0.0889,-0.4951,0.5942,7.855,-97.8779,25.2901,0.7786
0,0,0,0,0,0,0,0
0,0,0,0,0,0,0,0
1780909832.9587326,0.1208,-0.7444,-0.1499,45.0382,73.1908,27.0534,0.7689
1780909833.1589026,0.2112,-0.8679,-0.2725,23.3893,68.5038,21.7481,0.9339
1780909833.3607218,0.1553,-0.9534,-0.2312,-22.3893,16.3206,11.9008,0.9932
1780909833.5584204,0.1218,-1.073,-0.4849,4.0916,-2.3359,-0.0992,1.1837
1780909833.7593522,-0.0491,-0.6895,-0.3489,28.7939,27.7863,29.855,0.7743
1780909833.963263,-0.0574,-0.8855,-0.2314,-8.4504,32.2824,2.7176,0.917
1780909834.158042,0.0239,-1.0281,-0.2798,-13.145,70.313,-1.4198,1.0657
1780909834.3586314,0.4634,-1.0342,-0.7043,-40.9695,115.6183,3.7023,1.3343
1780909834.559066,-0.303,-1.29,-0.2324,-67.3282,3.9695,1.4504,1.3454
1780909834.7585878,0.0574,-1.1282,-0.3472,-14.0076,-36.6107,-21.3969,1.1818
1780909834.959791,0.2942,-1.0662,-0.7583,-2.0458,-58.8092,-42.7176,1.341
1780909835.1587522,-0.0413,-1.0117,-0.3708,-44.2214,-83.6565,-46.7939,1.0783
1780909835.3616507,0.0381,-1.0613,-0.2734,2.6031,-1.3511,-14.0076,1.0966
1780909835.5612397,0.1511,-1.0283,-0.7649,-15.4504,29.7481,40.3893,1.2905
1780909835.7582092,-0.5337,-0.9646,-0.1091,-52.1679,-113.8015,-30.4504,1.1078
1780909835.9587777,0.2107,-1.0049,-0.4697,0.8473,-93.4198,-1.6412,1.1291
1780909836.1588614,-0.2202,-0.6526,-0.3896,81.0229,-132.7405,-8.2137,0.7913
1780909836.3586454,0.0295,-0.9199,-0.5308,49.8855,-94.0305,-16.7328,1.0625
1780909836.5593414,0.0547,-1.0967,-0.3743,30.9695,-78.8015,-52.7405,1.1601
1780909836.7604947,0.0034,-0.4995,-0.3625,62.6412,-43.1374,6.9695,0.6172
1780909836.9628048,0.0986,-0.9573,-0.2822,9.1527,-109.4885,-61.916,1.0029
1780909837.1585774,0.2415,-1.0818,-0.313,14.1527,-65.5343,2.1145,1.1517
1780909837.3588753,0.2314,-0.7249,-0.7649,69.4427,-34.6794,4.3511,1.0789
1780909837.558142,0.1985,-1.1824,-0.4719,19.2824,-43.9313,-60.542,1.2885
1780909837.7586644,0.0476,-1.0581,-0.2922,1.4809,10.3282,-2.5954,1.0988
0,0,0,0,0,0,0,0
0,0,0,0,0,0,0,0
1780909841.7913396,-0.052,-0.8699,-0.2446,39.0687,-95.3511,-7.7557,0.9051
1780909841.990692,0.5347,-1.1506,-0.48,-3.8321,-117.3435,-69.2214,1.3565
1780909842.1912417,0.2075,-0.917,-0.2673,14.229,-60.1832,-9.2519,0.9774
1780909842.3961356,0.2361,-0.7554,-0.062,-13.9466,-39.8168,-17.0534,0.7938
1780909842.590793,0.2798,-1.155,-0.7739,-6.8244,-41.542,39.5496,1.4182
1780909842.790765,0.2351,-0.8477,-0.24,-49.1298,-53.7634,-55.4962,0.9118
1780909842.9908197,-0.0635,-1.0359,-0.248,-23.5649,13.3206,-3.771,1.0671
1780909843.1943803,0.3508,-0.9165,-0.8425,41.6565,73.5038,58.6183,1.2934
1780909843.3946078,0.0889,-0.7854,-0.2788,0.4885,-12.687,-28.8855,0.8381
1780909843.5908084,0.115,-1.3167,-0.2009,-0.9466,-18.6489,9.5115,1.3368
1780909843.7981234,0.043,-0.4487,-0.2034,40.6183,-36.2443,43.8015,0.4945
1780909843.9944494,0.1711,-1.0676,-0.0393,-30.9084,-12.5267,-13.8855,1.082
1780909844.1898127,0.2031,-1.3538,-0.2766,-0.7328,5.4504,-39.5649,1.3966
1780909844.4035275,0.0557,-0.6494,-0.3599,-17.6641,-0.4885,14.9771,0.7445
1780909844.5908856,0.0937,-0.9216,-0.2983,29.4198,-105.9542,-27.145,0.9732
1780909844.790823,0.0361,-1.4399,-0.9443,-43.0763,-125.3053,-12.6947,1.7224
1780909844.990903,0.1252,-0.6584,-0.6172,44.3893,-158.5496,-32.1756,0.9111
1780909845.1908422,0.1604,-1.3125,-0.4866,-12.1756,-136.6183,-66.626,1.4089
1780909845.3929799,0.3408,-0.592,-0.5361,61.4046,-70.7863,-23.0076,0.8684
1780909845.5908694,0.2314,-0.7747,-0.175,-13.0305,-99.1374,-58.3282,0.8272
1780909845.790886,0.0679,-0.9529,-0.1008,27.0305,-66.084,3.0458,0.9606
1780909845.9908454,0.4409,-0.6731,-0.8083,98.9542,-22.0992,12.145,1.1406
0,0,0,0,0,0,0,0
0,0,0,0,0,0,0,0
1780909854.7448444,0.1936,-0.9224,-0.1138,-22.2061,27.8244,15.6641,0.9493
1780909854.9430184,0.4932,-1.157,-0.3564,-40.0305,12.5496,1.4504,1.3072
1780909855.143223,0.1086,-0.981,-0.3843,-28.8168,17.3969,-4.1679,1.0591
1780909855.342724,0.1714,-0.5701,-0.2039,-6.5954,40.8397,4.5344,0.6292
1780909855.5430481,0.457,-1.9626,-0.8875,-52.0992,39.4504,-11.3206,2.2019
1780909855.7427413,0.1277,-0.5259,-0.3389,7.4046,-34.084,-61.1756,0.6385
1780909855.9438374,0.2253,-1.96,-0.9583,-5.0611,-89.8855,-56.0076,2.1933
1780909856.143058,0.207,-0.3413,-0.4373,54.8855,35.0534,29.084,0.5921
1780909856.3427863,0.5127,-1.0234,-0.6804,47.9313,63.9313,48.1679,1.3316
1780909856.5430167,0.0879,-0.4038,-0.417,57.8168,-28.0992,5.0229,0.5871
1780909856.7422366,0.584,-0.8999,-0.3459,-20.4962,-77.6947,-48.6794,1.1272
1780909856.9414053,0.1299,-0.7888,-0.3884,55.1145,26.2672,12.4885,0.8888
1780909857.1447878,-0.1064,-0.9104,-0.3096,26.5191,-21.8092,57.8931,0.9675
1780909857.3472614,0.0654,-0.6567,-0.5818,32.2443,-90.7481,-17.8779,0.8798
1780909857.541832,0.3401,-0.9788,-0.3098,10.0229,-176.2977,-72.8321,1.0815
1780909857.7427976,0.0112,-0.4417,-0.2507,42.3588,-134.7176,-57.4198,0.508
1780909857.9428196,0.1873,-1.0583,-0.3845,98.5802,-87.2519,-1.7252,1.1415
1780909858.1432843,0.1721,-0.5669,-0.4255,-46.6489,-153.3664,-44.5725,0.7294
1780909858.3452966,0.2415,-1.1646,-0.5,33.9847,-118.1985,-54.8702,1.2901
1780909858.5434976,0.1033,-0.2241,-0.3726,73.4198,-32.7023,-38.3435,0.4469
1780909858.7438707,-0.1785,-1.042,-0.3672,18.5191,59.5115,30.7481,1.1191
1780909858.9442186,0.4312,-0.3523,-0.5354,46.8168,-48.0,13.5573,0.7724
1780909859.1429439,0.3218,-1.075,-0.4395,29.4351,-68.626,-24.6031,1.2051
1780909859.343402,0.0312,-0.5496,-0.4207,40.1603,49.9924,22.374,0.6928
0,0,0,0,0,0,0,0
0,0,0,0,0,0,0,0
1780909860.544826,0.1824,-0.7078,-0.1646,-21.6565,104.5725,43.1298,0.7492
1780909860.7504227,-0.2156,-1.4341,-0.2378,20.4351,89.2443,-23.5114,1.4696
1780909860.9430258,0.0273,-0.7476,-0.4426,-33.1603,164.9084,64.3969,0.8692
1780909861.143901,0.1641,-1.3987,-0.563,-14.7786,146.9847,11.1145,1.5166
1780909861.3471875,0.1504,-0.4929,-0.3589,19.2748,51.687,20.374,0.628
1780909861.5442882,0.3276,-1.6218,-0.6719,12.3588,-71.4885,-24.0229,1.7858
1780909861.7442877,0.2568,-0.4282,-0.3806,45.8015,9.2443,11.2366,0.6279
1780909861.9440455,0.7722,-0.9194,-0.3394,20.9847,68.3664,24.7634,1.2477
1780909862.1447647,0.1189,-0.2856,-0.3298,28.6336,-48.9771,-19.4809,0.4522
1780909862.3443303,0.3088,-1.1213,-0.3188,-38.2061,-51.5191,-31.7863,1.206
1780909862.5446222,0.1021,-0.321,-0.2598,33.3969,24.5878,3.3206,0.4254
1780909862.7508066,0.3716,-1.1057,-0.3987,61.1985,-84.0153,-61.3206,1.2327
1780909862.9491386,0.1023,-0.3411,-0.4309,50.2366,-174.374,-63.3588,0.559
1780909863.1463866,-0.0774,-2.0,-1.4775,-84.4885,-204.9771,-79.8931,2.4878
1780909863.3532846,-0.002,0.051,-0.3838,48.2443,-125.4809,-9.5954,0.3872
1780909863.5445898,0.5696,-1.8748,-0.7205,61.6489,-75.5649,-5.7786,2.0876
1780909863.744407,0.0518,-0.4795,-0.1909,1.1069,-107.8397,-12.5954,0.5187
1780909863.9434397,-0.0237,-1.7,-0.8176,34.4275,-115.2748,-3.6183,1.8865
1780909864.1441777,0.0889,-0.4404,-0.2083,29.8779,-11.145,10.5344,0.4952
1780909864.3438623,0.4861,-1.5352,-0.9507,55.313,35.0534,-65.7176,1.87
1780909864.5450933,0.0012,-0.2893,-0.1011,8.2595,-16.5191,-8.1069,0.3065
1780909864.7441308,0.2446,-1.2119,-0.3457,15.3206,-30.7786,-26.4886,1.2838
1780909864.9436224,0.1587,-0.4238,-0.1765,20.0,42.4504,18.8702,0.4858
0,0,0,0,0,0,0,0
0,0,0,0,0,0,0,0
1780909866.307685,-0.1062,-1.189,-0.3232,-31.1374,92.8855,44.2748,1.2367
1780909866.5077457,0.0193,-0.6775,-0.2537,29.7405,83.3206,77.0382,0.7237
1780909866.7082622,0.2732,-0.7324,-0.6135,46.4275,150.9771,10.374,0.9937
1780909866.911145,-0.2402,-0.9187,-0.0376,-21.4962,60.2977,31.5878,0.9503
1780909867.1079028,-0.0691,-0.7737,-0.4036,-8.1832,-46.9771,11.1985,0.8753
1780909867.3078876,0.0964,-0.627,-0.1123,23.2748,-40.3893,-11.6947,0.6442
1780909867.5077379,0.1768,-0.7021,-0.6145,32.7557,47.9008,19.1603,0.9497
1780909867.7072287,-0.3552,-0.7908,-0.1831,19.1832,35.6794,67.1527,0.886
1780909867.9078848,0.1943,-0.3923,-0.6467,34.6718,9.3893,-1.3588,0.781
1780909868.1079032,0.2341,-0.4331,-0.176,41.7939,-40.5954,3.9542,0.5229
1780909868.3076615,0.0996,-0.9307,-0.7114,24.5954,-29.542,-21.2672,1.1757
1780909868.5077958,0.0278,-1.0879,-0.4233,79.4962,-88.771,32.5496,1.1677
1780909868.7078078,0.3064,-0.2024,-0.5208,53.0229,-202.0153,-49.9237,0.6372
1780909868.9073434,0.1545,-0.9231,-0.832,43.0916,-147.2672,-82.2214,1.2523
1780909869.1084554,-0.031,-0.4644,-0.3569,33.9313,-137.4657,-20.3588,0.5865
1780909869.3081422,0.4595,-1.2183,-0.3503,33.5725,-35.8931,-18.4122,1.3483
1780909869.5074203,-0.2583,-0.7253,-0.1851,-33.8168,-136.8015,-27.0229,0.7919
1780909869.711626,-0.0427,-1.25,-0.2275,0.0534,-66.6107,-44.5115,1.2713
1780909869.9077291,0.1609,-0.4121,-0.3372,46.3969,24.6794,2.2977,0.5562
1780909870.1097672,0.2444,-0.9182,-0.3093,20.7786,46.6794,-11.6794,0.9993
1780909870.3085854,0.0986,-0.6833,-0.2393,42.6718,-37.2366,10.6641,0.7307
0,0,0,0,0,0,0,0
0,0,0,0,0,0,0,0
1780909871.8930886,0.177,-0.4941,-0.1187,-6.1603,126.8015,59.5725,0.5381
1780909872.091464,-0.1409,-1.4731,-0.5354,-0.7786,73.7405,16.7557,1.5737
1780909872.2918763,0.2004,-0.3491,-0.1548,22.1527,62.6718,10.6031,0.4313
1780909872.4976778,0.1316,-1.8833,-0.78,-33.5649,72.374,0.9313,2.0427
1780909872.691446,-0.0735,-0.5908,-0.0479,-24.771,-24.9466,-14.1527,0.5973
1780909872.8913684,-0.1277,-1.7021,-0.3674,-12.4733,-73.6412,-0.7939,1.746
1780909873.0916276,0.0344,-0.657,0.0491,-16.1298,-24.313,-14.8855,0.6597
1780909873.2918959,0.5464,-1.7285,-0.6384,-96.8779,47.2595,-2.0305,1.922
1780909873.4993622,-0.3318,-0.6528,0.0273,4.5878,-23.5725,-13.0305,0.7328
1780909873.693542,-0.1343,-1.6575,-0.4824,-55.4885,-84.4122,-0.374,1.7315
1780909873.8917418,0.1401,-0.4019,0.0491,22.1985,-37.0534,-5.7405,0.4284
1780909874.0913398,0.0937,-1.092,-0.75,7.3053,-32.5802,-7.5802,1.3281
1780909874.3100352,-0.2349,-0.5857,-0.3489,33.5954,-149.1527,-14.4733,0.721
1780909874.4949865,0.1831,-0.7041,-0.594,58.7786,-229.8244,-24.8397,0.9392
1780909874.6947024,-0.0632,-0.4287,-0.1777,73.2443,-110.7939,-17.4275,0.4684
1780909874.8919218,0.4021,-0.9216,-0.4338,-5.0611,-121.3282,-48.0229,1.0951
1780909875.092745,-0.1975,-0.7004,-0.1687,42.7405,-61.1908,23.4275,0.7471
1780909875.2908978,0.3423,-0.616,-0.6182,51.4809,-59.5344,8.0458,0.9374
1780909875.493918,0.4131,-0.7493,-0.3328,56.3435,-58.5267,-3.8626,0.918
1780909875.6920197,0.3301,-0.4094,-0.6011,21.0305,-11.8626,-14.7939,0.7987
1780909875.8919628,-0.177,-0.7024,-0.2437,34.3359,43.542,55.0076,0.7642
0,0,0,0,0,0,0,0
0,0,0,0,0,0,0,0
1780909877.4566374,0.3547,-1.5229,-0.6428,-35.1221,130.0916,39.145,1.6907
1780909877.6552029,0.0786,-0.3999,-0.4409,-8.2977,83.9389,65.9847,0.6004
1780909877.8583827,0.5046,-1.2031,-0.5203,-9.8855,91.3053,30.2443,1.4046
1780909878.0591536,0.1182,-0.6409,-0.3484,6.2595,104.5573,13.9924,0.739
1780909878.2586176,0.1331,-1.1494,-0.4885,3.1221,75.626,34.1069,1.256
1780909878.4606423,0.1328,-0.4136,-0.2134,44.5878,2.374,23.6183,0.484
1780909878.6566231,0.0842,-1.4673,-0.6592,22.0,-49.6947,14.2519,1.6108
1780909878.862849,0.1204,-0.2629,-0.1851,21.4427,27.2824,16.7405,0.3433
1780909879.0553522,0.4863,-1.0046,-0.3823,-18.2214,97.5802,32.0305,1.1798
1780909879.2547863,0.198,-0.3765,-0.2944,36.8321,7.5954,-26.4122,0.5173
1780909879.4644403,0.2397,-1.4351,-0.6484,3.0611,-52.5649,-20.8168,1.5929
1780909879.6580887,0.0012,-0.5027,-0.0076,39.1145,-36.6947,-40.5267,0.5027
1780909879.8552184,0.5071,-1.4707,-0.7488,60.6412,-79.3893,-34.4427,1.7265
1780909880.0570197,0.0168,-0.1177,-0.4216,42.7939,-179.9542,-87.0687,0.4381
1780909880.256203,0.592,-2.0,-1.4751,-27.4046,-158.9847,-68.7405,2.5547
1780909880.4560912,-0.0908,-0.2283,-0.3044,45.5344,-92.2366,4.5725,0.3912
1780909880.6567311,1.0649,-2.0,-0.4026,-41.3053,-99.4427,-62.6183,2.3013
1780909880.8559763,-0.0679,-0.4319,-0.2187,-18.0076,-89.229,-22.2061,0.4889
1780909881.0554013,0.1492,-1.4753,-0.4292,-17.8626,-130.8779,11.8626,1.5437
1780909881.2552164,-0.0105,-0.7,-0.0066,11.6183,-34.5725,6.8168,0.7001
1780909881.4561422,0.4578,-2.0,-0.7104,-65.6336,-8.2748,-47.7863,2.1712
1780909881.656179,-0.1582,-0.7175,-0.0842,-29.1298,-58.9237,-42.0153,0.7396
1780909881.8567524,0.0496,-1.9814,-0.8318,-27.5191,-63.084,-5.8244,2.1495
1780909882.0559206,0.1599,-0.5483,-0.0076,-8.1908,20.084,16.0534,0.5712
1780909882.2559185,0.6355,-1.6345,-0.7808,-130.4733,48.6489,-9.4198,1.9197
0,0,0,0,0,0,0,0
0,0,0,0,0,0,0,0
1780909883.2104316,0.2097,-0.6829,-0.3018,34.1374,182.9389,100.4809,0.7755
1780909883.4107516,-0.0022,-0.802,-0.521,-24.1145,108.9389,69.2672,0.9564
1780909883.6107883,0.2549,-0.7871,-0.3916,1.5267,108.0,61.0305,0.9153
1780909883.8104348,0.0969,-0.7996,-0.3792,24.2748,81.2366,-3.8015,0.8902
1780909884.0137475,-0.1243,-1.0691,-0.5017,30.4351,114.4809,76.0076,1.1875
1780909884.2166915,0.1057,-0.4407,-0.2134,60.2824,65.5038,66.4351,0.5009
1780909884.4229856,0.355,-0.9851,-0.5095,35.5725,-21.7099,7.9313,1.1645
1780909884.6104,0.1853,-0.583,-0.3867,33.1756,39.2977,10.7786,0.7237
1780909884.8339674,0.0603,-1.1521,-0.5356,-19.2672,56.3588,58.4809,1.272
1780909885.0136454,0.2893,-0.4805,-0.2517,20.1603,-26.0,-7.5191,0.6147
1780909885.210748,0.1582,-1.0522,-0.5305,12.3893,-67.9008,-20.7634,1.189
1780909885.4183822,-0.0601,-0.594,0.0073,40.9771,0.8702,-8.0,0.5971
1780909885.6146657,0.4324,-1.2329,-0.4939,40.7634,-84.5038,-15.8779,1.3968
1780909885.8130653,-0.0703,-0.3564,-0.3884,59.8779,-184.8168,-97.2977,0.5319
1780909886.010223,0.0615,-2.0,-1.127,-23.7328,-169.3969,-17.8779,2.2965
1780909886.2112339,-0.1306,-0.3503,-0.2632,61.2137,-119.6336,-2.9237,0.4572
1780909886.4104273,0.8137,-2.0,-0.532,-37.374,-121.5115,-46.0763,2.2238
1780909886.610332,-0.0671,-0.6626,-0.3032,-36.1221,-126.6031,-42.0687,0.7318
1780909886.811407,-0.0408,-1.4771,-0.7097,-47.4351,-133.855,-6.4809,1.6392
1780909887.0131552,-0.0659,-0.5735,-0.0254,7.3664,-11.1985,0.6641,0.5778
1780909887.2108138,0.5427,-1.6704,-0.782,2.8931,-19.374,-49.2748,1.9226
1780909887.4114873,-0.1311,-0.5767,-0.0007,-14.7405,-37.1603,-36.4656,0.5914
0,0,0,0,0,0,0,0
0,0,0,0,0,0,0,0
1780909888.8185997,0.0911,-0.8025,-0.6438,-34.5573,188.8015,94.3435,1.0328
1780909889.0174837,0.103,-0.4561,-0.2393,1.6794,104.771,68.6794,0.5252
1780909889.217767,-0.0305,-1.0264,-0.6296,25.2519,73.0153,66.084,1.2045
1780909889.4175646,0.0996,-0.7336,-0.1665,0.4809,94.9313,59.4198,0.7589
1780909889.617242,0.2603,-0.6807,-0.4966,26.8168,141.0611,-1.5954,0.8818
1780909889.8173504,-0.1394,-1.1013,-0.1875,-22.145,87.1985,26.9771,1.1258
1780909890.0162687,0.1897,-0.3718,-0.5154,11.6031,-8.0305,35.9466,0.6632
1780909890.2168517,0.1926,-0.51,-0.0806,7.7328,-58.4733,6.4962,0.5511
1780909890.4245934,0.2183,-0.7646,-0.7043,56.6718,22.1756,-14.8168,1.0623
1780909890.6225019,-0.1885,-0.8132,-0.2859,10.2824,25.458,30.1145,0.8824
1780909890.8201125,0.4097,-0.866,-0.5305,43.3511,-24.5344,7.7176,1.0951
1780909891.0172663,0.2124,-0.8135,-0.2468,16.374,-65.8321,-21.9237,0.8762
1780909891.2181983,-0.0247,-0.9404,-0.2371,15.3435,-22.4962,-15.8855,0.9702
1780909891.4216855,0.3257,-1.3633,-0.4089,18.4046,-84.2672,-23.7863,1.4601
1780909891.6172166,-0.0073,-0.2239,-0.5093,10.145,-190.6794,-63.3893,0.5564
1780909891.8177521,0.3206,-1.7488,-1.241,61.6336,-150.7176,-68.6183,2.1682
1780909892.0183089,0.0217,-0.4045,-0.3813,38.1832,-138.2748,-44.7405,0.5564
1780909892.21946,0.6008,-1.8408,-0.6636,44.3053,-57.7252,-46.7405,2.0469
1780909892.4173212,0.0437,-0.6924,-0.3069,-21.0534,-88.5878,-27.4351,0.7586
1780909892.6205444,0.2891,-1.2634,-0.4639,-32.771,-77.8779,-25.1679,1.3766
1780909892.8174222,0.1257,-0.6194,-0.3289,19.3053,9.7176,13.6947,0.7125
1780909893.024423,0.821,-1.1934,-0.6196,16.2137,54.0992,3.313,1.5755
0,0,0,0,0,0,0,0
0,0,0,0,0,0,0,0
1780909894.2061532,0.1467,-1.759,-0.8398,-11.5038,84.0611,11.8473,1.9548
1780909894.4553058,-0.0691,-0.375,-0.4824,-35.8397,187.8244,88.8626,0.6149
1780909894.6045477,0.3962,-1.7954,-0.908,-67.6718,149.5725,53.4504,2.0506
1780909894.805006,0.0894,-0.3521,-0.1133,-4.5954,124.0992,53.5878,0.3805
1780909895.004373,-0.051,-1.5369,-0.6638,-37.5115,43.5725,24.6947,1.6749
1780909895.208452,0.3323,-0.4785,-0.0803,-20.2672,68.6183,13.3817,0.5881
1780909895.4063196,0.3096,-1.4968,-0.9187,-12.1145,94.7023,-24.7252,1.7833
1780909895.6070065,0.1191,-0.5393,-0.1492,-46.0305,-2.0916,-20.7099,0.5721
1780909895.8071012,-0.0042,-2.0,-1.3716,-24.9008,-88.5191,7.8321,2.4251
1780909896.0061855,0.1741,-0.6594,-0.1294,-13.9008,-31.0,-10.9466,0.6942
1780909896.2085376,0.4526,-1.9558,-1.0569,-112.3206,51.6107,12.4122,2.2687
1780909896.4045308,-0.1189,-0.3601,-0.2368,24.8702,-32.4198,-8.5038,0.4471
1780909896.6060412,-0.1108,-1.9282,-0.7266,-40.7939,-53.542,12.4427,2.0635
1780909896.805134,0.3525,-0.2378,-0.1401,21.0458,-61.9084,-11.542,0.4477
1780909897.0060427,0.1199,-0.6924,-0.7324,13.6565,-71.7023,-27.3893,1.015
1780909897.20522,-0.197,-0.6431,-0.5608,64.7252,-156.4198,-39.0,0.8757
1780909897.4048448,0.2136,-0.4858,-0.6274,44.7176,-212.8092,-54.1298,0.8218
1780909897.605295,-0.1731,-0.3904,-0.1763,56.9847,-120.4275,-44.9008,0.462
1780909897.8061914,0.6677,-0.8787,-0.4438,23.1145,-82.6718,-15.8321,1.1895
1780909898.0047407,-0.3362,-0.6548,-0.1145,54.1756,-45.8779,19.9695,0.7449
1780909898.2050574,0.7,-1.2795,-0.5637,6.6183,-114.5115,47.3435,1.5636
1780909898.4046152,0.1938,-0.6709,-0.0588,8.7939,-20.4351,8.1069,0.7008
0,0,0,0,0,0,0,0
0,0,0,0,0,0,0,0
1780909899.7240622,0.467,-0.8508,-0.2253,28.6947,50.0076,-3.0687,0.9964
1780909899.9263995,0.4546,-1.144,-0.698,-19.3511,165.1756,2.6718,1.4152
1780909900.124502,0.0564,-0.2268,-0.499,-22.3206,220.229,78.7023,0.551
1780909900.324717,0.5183,-1.4895,-0.9063,-7.1756,145.6565,74.2672,1.8189
1780909900.5285363,0.2131,-0.7078,-0.5364,20.4427,76.9008,13.2824,0.9133
1780909900.7281232,0.1956,-0.939,-0.5972,92.6107,59.1069,53.4046,1.1298
1780909900.9314735,0.2136,-0.4712,-0.2422,36.4733,90.4962,12.4427,0.5712
1780909901.1238742,0.0212,-1.1963,-0.4036,-19.6794,95.1145,37.2214,1.2627
1780909901.3243048,0.3486,-0.3623,-0.2874,62.7786,33.0382,20.687,0.5791
1780909901.5253363,0.2339,-1.3196,-0.5798,0.0534,-46.3359,1.4504,1.4602
1780909901.7244391,0.1038,-0.4355,-0.2656,52.4809,30.4046,7.7634,0.5206
1780909901.9246073,0.4089,-1.1965,-0.4802,5.1145,75.7099,13.6412,1.3526
1780909902.1247447,0.0605,-0.3394,-0.2634,57.5878,-59.5038,-50.2977,0.4338
1780909902.324964,0.1472,-1.5491,-0.7517,45.0611,-137.5114,-77.8931,1.7281
1780909902.5248356,-0.1199,-0.3718,-0.2556,47.3359,-98.9237,-46.1679,0.4669
1780909902.7248845,0.3999,-2.0,-1.0354,45.0458,-187.145,-81.5725,2.2874
1780909902.9239726,-0.0693,-0.3792,-0.3364,18.0,-201.5573,-31.4504,0.5116
1780909903.1238334,0.1086,-1.1848,-0.2666,-39.771,-147.5267,-28.3511,1.2193
1780909903.324605,-0.1812,-0.8386,-0.2419,-16.229,-78.9618,-45.2595,0.8914
1780909903.5245678,-0.0281,-1.9878,-0.7717,24.9542,-44.3817,-36.3282,2.1325
1780909903.7318463,-0.0183,-0.8599,-0.1938,0.5038,-54.6489,-25.7023,0.8816
0,0,0,0,0,0,0,0
0,0,0,0,0,0,0,0
1780909905.2474737,-0.0793,-0.7178,-0.4036,2.687,79.7405,77.8779,0.8273
1780909905.4484863,0.4661,-0.7988,-0.5308,-11.6565,71.1145,34.5038,1.0663
1780909905.647157,0.4775,-0.7761,-0.675,10.6107,171.3893,23.5191,1.1341
1780909905.8462849,-0.0076,-0.8521,-0.5427,-65.1145,215.1298,49.313,1.0102
1780909906.0467596,0.3479,-1.1323,-0.3823,-46.7481,68.9542,22.0382,1.2447
1780909906.2550528,0.0425,-0.4419,-0.498,8.2672,97.1298,36.6412,0.6672
1780909906.4464288,0.3704,-0.5884,-0.2854,7.2824,25.3893,43.4809,0.7515
1780909906.6488082,0.0095,-0.3379,-0.2922,47.7634,65.9924,23.2672,0.4468
1780909906.8481994,-0.051,-1.0537,-0.5046,6.3435,91.9542,82.8473,1.1694
1780909907.0464728,0.2395,-0.363,-0.2244,57.4504,18.0611,14.1756,0.4894
1780909907.246609,0.4312,-1.4451,-0.8428,7.0076,-35.0229,9.9008,1.7275
1780909907.447126,0.1755,-0.6289,-0.1804,22.5573,1.9389,0.5191,0.6774
1780909907.6470082,0.6003,-1.3723,-0.4941,-55.7481,30.9542,-1.5649,1.5773
1780909907.8530295,0.0581,-0.3733,-0.2844,75.5878,-82.6947,-46.0458,0.4729
1780909908.0472631,0.313,-1.4978,-0.7461,83.5649,-114.3969,-41.8244,1.7024
1780909908.2468915,0.0273,-0.3347,-0.2231,69.9771,-118.9466,-44.2519,0.4032
1780909908.447452,0.5078,-1.6863,-0.4219,-56.9695,-108.374,-49.4809,1.8109
1780909908.646505,-0.1335,-0.521,-0.3594,3.7328,-150.8244,-6.8855,0.6469
1780909908.8467982,0.2651,-1.0405,-0.5984,60.1069,-107.3969,44.8702,1.2293
1780909909.047295,0.4202,-0.6892,-0.2278,53.3664,-78.7786,-29.5496,0.8387
1780909909.2466383,0.2502,-0.6558,-0.5994,-19.4046,12.1145,-10.9313,0.923
1780909909.447474,-0.0791,-0.6934,-0.2903,-1.916,20.9313,8.3206,0.7558
0,0,0,0,0,0,0,0
0,0,0,0,0,0,0,0
1780909910.4862792,0.4458,-1.0105,-0.8633,-37.1069,38.1679,88.3817,1.4018
1780909910.6883197,0.4048,-0.4961,-0.5459,-23.0382,148.7328,67.4657,0.8414
1780909910.8866143,0.1633,-0.9414,-0.6426,-48.0076,250.1298,72.7176,1.1514
1780909911.0866108,-0.0322,-0.5566,-0.2466,-2.9695,107.6641,83.1145,0.6097
1780909911.2871313,0.1914,-0.865,-0.6482,6.2443,73.4122,8.5115,1.0977
1780909911.4895868,0.0344,-0.8855,-0.1926,46.7863,67.9771,27.5114,0.9069
1780909911.686919,0.2861,-0.573,-0.6956,38.5115,99.8168,6.1679,0.9455
1780909911.8918817,-0.1909,-0.9663,-0.3479,33.0305,90.2443,67.9771,1.0446
1780909912.0877454,0.1682,-0.6335,-0.6199,57.7252,34.9313,25.1908,0.9022
1780909912.2867103,0.1931,-0.731,-0.3687,-10.9313,-60.145,-30.2137,0.8411
1780909912.4881124,0.0642,-0.6602,-0.4199,28.374,20.5573,2.2672,0.785
1780909912.6862962,-0.1042,-0.9385,-0.197,1.3053,39.2137,57.7099,0.9646
1780909912.8867006,0.2285,-0.6865,-0.4407,63.7786,-35.0763,-48.5267,0.8472
1780909913.0929759,0.2036,-0.9871,-0.4282,43.8626,-116.3435,-20.4198,1.095
1780909913.2866678,-0.1731,-0.6101,-0.3481,36.313,-85.3435,-54.6641,0.7235
1780909913.5379028,-0.0022,-1.3779,-0.3008,27.9466,-111.4962,25.1756,1.4104
1780909913.687142,0.0688,-0.3157,-0.7302,48.3282,-203.9924,-50.0,0.7985
1780909913.8864765,0.5947,-1.3582,-0.9292,79.3969,-100.3435,-53.5267,1.7498
1780909914.0873008,-0.0002,-0.7319,-0.5225,67.458,-84.7023,-37.1985,0.8993
1780909914.2866108,0.4138,-1.6077,-0.5188,30.3511,38.8321,4.4733,1.7392
1780909914.4860306,-0.0242,-0.5042,-0.2378,13.0076,-32.6794,-12.6489,0.5579
1780909914.6864014,-0.02,-1.7119,-0.3928,-79.1603,-101.5115,6.4427,1.7565
0,0,0,0,0,0,0,0
0,0,0,0,0,0,0,0
1780909915.85223,0.2627,-1.9028,-0.5115,-1.687,80.4046,-39.7328,1.9878
1780909916.0529768,0.0527,-0.354,-0.1125,21.8702,46.8092,30.855,0.3752
1780909916.2528803,0.0562,-1.9578,-0.8115,-66.9466,56.5802,21.9008,2.12
1780909916.4540594,0.3936,-0.2085,-0.6584,-29.6565,224.7481,54.5267,0.7949
1780909916.6561732,0.2041,-2.0,-0.6416,-99.5802,124.4962,52.3969,2.1103
1780909916.85334,0.3853,-0.3992,-0.3215,-10.4885,103.7176,34.6336,0.6412
1780909917.052969,-0.6079,-2.0,-0.5232,-47.3511,4.0611,-0.2443,2.1548
1780909917.2529953,0.1008,-0.7898,-0.0796,-33.2519,2.1145,-8.9771,0.8002
1780909917.4543178,0.2888,-1.6045,-0.8975,-37.2519,40.2519,-22.6336,1.861
1780909917.6546297,-0.0066,-0.3921,-0.1606,0.5191,-20.4656,-22.2748,0.4238
1780909917.8531437,-0.2041,-1.8889,-0.9041,10.9084,-56.4427,-23.7328,2.104
1780909918.0574856,0.2095,-0.4917,-0.1121,18.2519,9.7328,-8.8626,0.5461
1780909918.2538867,0.3977,-1.5872,-0.9988,-78.5267,-16.8626,-9.8244,1.917
1780909918.453454,-0.1921,-0.3574,0.0098,24.9466,-49.2901,-20.9084,0.4059
1780909918.6577432,-0.1465,-1.5276,-1.1567,-54.3511,-78.313,15.1298,1.9217
1780909918.8575428,-0.1375,-0.3379,-0.1655,26.5802,-130.2824,-61.9466,0.4006
1780909919.056273,0.1797,-1.053,-0.8274,27.458,-141.1985,-87.0382,1.3512
1780909919.2599328,0.0149,-0.4519,-0.5486,74.8168,-182.1221,-96.229,0.7109
1780909919.4532363,0.0793,-0.8103,-0.5356,14.4656,-187.7481,-48.5573,0.9746
1780909919.653359,0.0464,-0.6865,-0.4541,58.2061,-79.8473,8.1069,0.8244
1780909919.8521101,0.2053,-0.7173,-0.4028,55.5191,-23.6947,-55.2824,0.8479
1780909920.0541396,-0.0054,-0.7725,-0.3762,7.0611,3.1221,31.0992,0.8592
1780909920.2529848,0.177,-0.9727,-0.5923,20.0382,-55.0611,-8.3359,1.1525
1780909920.4517024,0.2422,-0.7378,-0.3508,49.7634,-26.9466,-25.9237,0.8521
0,0,0,0,0,0,0,0
0,0,0,0,0,0,0,0
1780909921.9048498,0.5256,-0.8262,-0.8003,32.2061,95.145,54.5802,1.2646
1780909922.1034276,0.303,-0.5569,-0.5059,-7.0305,187.374,44.9695,0.8111
1780909922.3034358,0.0491,-0.959,-0.6672,-21.8779,233.7786,43.6489,1.1693
1780909922.510316,0.2612,-0.4348,-0.1973,29.9695,104.9466,51.9237,0.5443
1780909922.7049866,0.165,-0.9561,-0.7427,-5.3664,92.3969,8.0611,1.2218
1780909922.9041207,-0.0051,-0.7634,-0.3918,31.5344,54.0,5.8168,0.8581
1780909923.1033483,0.262,-0.9641,-0.2864,10.3359,88.7786,-19.5038,1.0393
1780909923.3029666,-0.0139,-1.5569,-0.593,-49.1908,64.374,70.5725,1.6661
1780909923.5059233,0.158,-0.3716,-0.2351,55.3206,6.313,31.8473,0.4672
1780909923.7102277,0.2563,-1.248,-0.6455,-12.7557,-68.6794,-39.3206,1.4283
1780909923.9036303,0.1704,-0.645,-0.2744,11.3664,-15.9695,-22.5267,0.7214
1780909924.1032028,0.2656,-1.5442,-0.6113,-25.542,77.3435,-14.2366,1.6819
1780909924.304501,0.0479,-0.4148,-0.1809,-5.626,-37.1069,-65.3893,0.4551
1780909924.5034227,-0.1946,-1.6477,-0.5015,1.8779,-96.1298,-58.1603,1.7333
1780909924.703942,0.0107,-0.5352,-0.1885,20.0382,-93.9618,-45.3359,0.5675
1780909924.903915,0.438,-1.9255,-1.2129,-33.2748,-174.1145,-78.7863,2.3175
1780909925.1028874,-0.2842,-0.3037,-0.2732,21.458,-190.3969,-53.5038,0.4976
1780909925.3048685,-0.1809,-2.0,-0.1584,-122.5954,-216.0611,-37.0458,2.0144
1780909925.5037107,-0.2041,-0.3896,-0.4294,9.6031,-58.916,-32.1908,0.6147
1780909925.7077274,0.4131,-1.6638,-0.7747,-14.5344,-80.6794,-75.2595,1.8812
1780909925.9052224,-0.2385,-0.3726,-0.2681,12.8321,-45.5496,12.6794,0.5173
1780909926.1048799,0.1467,-1.0923,-0.5708,27.8168,-72.6489,17.7023,1.2411
1780909926.3041346,0.1802,-0.4622,-0.1719,35.542,-19.9695,5.2443,0.525
0,0,0,0,0,0,0,0
0,0,0,0,0,0,0,0
1780909927.7547817,0.5469,-0.9346,-0.6731,25.4427,66.4046,31.0916,1.275
1780909927.9548476,0.3767,-1.0195,-0.6313,-28.2824,116.6183,-2.8702,1.257
1780909928.1604798,0.2441,-0.427,-0.6731,-42.9542,191.8855,56.7939,0.8337
1780909928.3550947,0.2214,-0.5549,-0.3381,22.6336,127.2519,93.9008,0.6865
1780909928.5552716,0.2542,-0.9824,-0.4661,-26.4656,60.0611,17.229,1.1167
1780909928.7552285,0.1145,-1.6514,-0.8621,34.7099,68.7481,54.9618,1.8664
1780909928.9671633,0.1726,-0.7761,-0.1831,53.1756,87.8092,-16.3282,0.8159
1780909929.1644266,0.0664,-1.2383,-0.6245,-32.4427,111.6107,70.2443,1.3884
1780909929.3549142,0.1809,-0.5347,-0.2561,71.374,6.4656,-7.0763,0.6198
1780909929.554609,0.1609,-1.5415,-0.7227,-10.4275,-49.8931,7.0382,1.7101
1780909929.7551978,0.126,-0.6797,-0.2007,7.1985,6.0763,-27.8473,0.7198
1780909929.9548874,0.646,-1.5005,-0.8044,-45.3359,39.1756,-45.9084,1.821
1780909930.155242,0.0024,-0.6719,-0.2915,41.6794,-28.0763,-37.8626,0.7324
1780909930.3551176,-0.0085,-1.3896,-0.1531,26.0458,-63.1832,-42.7557,1.3981
1780909930.56585,0.0991,-0.48,-0.1243,14.1145,-46.4656,-23.3206,0.5056
1780909930.7595193,0.321,-2.0,-1.2656,-2.9771,-59.8779,-62.2137,2.3885
1780909930.9552453,-0.0061,-0.2866,-0.375,51.5267,-185.9695,-57.0076,0.472
1780909931.1548674,0.2266,-1.178,-0.8149,-9.5496,-187.916,-13.2519,1.4502
1780909931.3564966,-0.1702,-0.3093,-0.312,17.8244,-108.4962,-23.2061,0.4712
1780909931.5552306,0.5193,-1.4429,-0.7441,-6.229,-79.2214,-49.4198,1.7045
1780909931.7545455,-0.2444,-0.467,-0.135,9.2519,-60.6336,7.2901,0.5441
1780909931.9577997,0.2168,-1.0461,-0.8315,-45.8931,-112.6183,49.1374,1.3538
1780909932.157704,0.189,-0.2781,0.1072,33.0305,1.1603,4.3206,0.3529
1780909932.3561854,0.3608,-1.365,-1.0203,-45.3206,69.916,8.9466,1.7419
0,0,0,0,0,0,0,0
0,0,0,0,0,0,0,0
1780909933.5145235,0.2754,-0.8682,-0.4453,-18.6489,14.1679,1.687,1.0138
1780909933.7137094,0.5127,-1.376,-0.9907,-3.4351,117.4809,20.3664,1.7714
1780909933.9133632,0.1648,-0.1797,-0.6777,-7.8702,240.3512,97.9924,0.7203
1780909934.1135936,0.6089,-1.0264,-0.8105,47.0992,147.7099,104.1527,1.4426
1780909934.3129816,0.1011,-0.8169,-0.4023,-6.313,91.9924,52.084,0.9162
1780909934.5224383,-0.4851,-1.4978,-0.5061,-27.4656,51.1298,8.8626,1.6537
1780909934.7232358,0.1282,-0.7258,-0.209,44.4427,74.6641,10.4733,0.7661
1780909934.9232326,0.0203,-1.1208,-0.7429,19.855,125.7176,37.0305,1.3449
1780909935.1128256,0.0139,-0.6023,-0.1609,38.458,4.4504,-11.7328,0.6236
1780909935.3141897,-0.1814,-1.6475,-0.7256,5.855,-82.3893,-6.9237,1.8093
1780909935.517203,0.2354,-0.4941,-0.1262,10.7481,-20.4122,-18.4046,0.5617
1780909935.7177453,0.5454,-1.6125,-0.8916,-14.1221,46.1832,-14.6107,1.9217
1780909935.9132962,-0.1558,-0.3882,-0.103,-2.626,-35.9771,-24.7863,0.4308
1780909936.113914,-0.1265,-1.5583,-0.6499,-33.8779,-81.3664,26.084,1.6932
1780909936.3197484,-0.0303,-0.332,0.0081,26.9542,-65.1603,-37.0305,0.3335
1780909936.5146642,0.2065,-1.1772,-0.7476,1.9084,-69.0305,-14.3817,1.4098
1780909936.715192,-0.1179,-0.5229,-0.5249,75.4657,-197.5649,-56.4122,0.7503
1780909936.9462628,0.1719,-0.8164,-0.6382,49.8473,-208.2595,-49.7939,1.0504
1780909937.1221092,0.0737,-0.4319,-0.3586,66.5191,-109.4885,3.8931,0.5662
1780909937.3138707,0.3677,-0.5979,-0.6619,17.2595,-75.6489,-46.0076,0.9647
1780909937.5271127,0.0564,-0.5583,-0.2688,33.2824,-31.374,20.7557,0.6222
1780909937.7156959,0.3101,-0.959,-0.7812,26.1756,-80.4427,-6.4656,1.2752
1780909937.9160306,0.3745,-0.4038,-0.2168,40.6565,-3.8779,-8.4351,0.5919
1780909938.119506,0.175,-0.7886,-0.7625,0.5878,40.6183,-4.2443,1.1108
0,0,0,0,0,0,0,0
0,0,0,0,0,0,0,0
1780909939.3476083,0.1067,-0.5371,-0.1162,31.6565,44.1679,10.2137,0.5598
1780909939.5520275,0.1108,-1.6711,-0.6982,-77.3664,74.5954,12.5878,1.8145
1780909939.757202,0.1133,-0.2483,-0.467,-25.6336,182.6031,78.9084,0.5409
1780909939.96207,-0.0562,-1.9441,-0.665,-87.4198,129.0382,71.3817,2.0555
1780909940.1669376,0.0959,-0.4524,-0.4082,5.6031,157.7099,88.8931,0.6168
1780909940.3716967,0.0081,-1.3196,-0.6436,-20.2519,58.7634,73.2061,1.4682
1780909940.5833979,0.2021,-0.231,-0.1514,-26.855,31.8168,1.3817,0.3422
1780909940.781608,0.3105,-1.1155,-0.7883,-58.5649,86.7023,17.9924,1.4008
1780909940.9966779,-0.1216,-0.6221,-0.1855,7.2137,22.6031,14.6489,0.6604
1780909941.1924827,0.1169,-1.3042,-0.8459,-36.2443,-64.687,0.7786,1.5589
1780909941.2762077,0.199,-0.2947,-0.1321,-4.0153,-20.9695,-5.8244,0.3793
1780909941.4760282,0.2639,-0.73,-0.7693,7.9237,62.0305,-4.542,1.0929
1780909941.6745737,-0.3279,-0.5444,-0.144,20.9466,10.8931,27.6565,0.6517
1780909941.8746166,0.2185,-0.8105,-0.5823,3.3588,-35.0153,4.6794,1.0217
1780909942.0780895,0.1458,-0.5083,-0.373,60.9695,-79.4351,-6.3588,0.6471
1780909942.2759204,0.0039,-0.9387,-0.8533,85.2672,-94.1527,-27.4046,1.2686
1780909942.4751172,-0.0547,-0.8408,-0.4241,41.1603,-136.7786,-3.3206,0.9433
1780909942.6758432,0.0327,-0.6484,-0.6099,-29.2137,-207.5267,-78.2137,0.8908
1780909942.875979,0.3093,-1.042,-0.7642,39.0305,-120.7099,-49.8321,1.3287
1780909943.0744932,0.0166,-0.5994,-0.2397,21.3817,-89.6336,-61.4962,0.6457
1780909943.274561,0.3813,-1.4849,-0.5771,-9.374,-43.0687,-55.0992,1.6381
1780909943.4748135,-0.1187,-0.4385,-0.2329,8.6183,-51.4122,-8.3435,0.5105
1780909943.6808755,0.1904,-1.0991,-0.8445,47.8855,-39.4885,19.3282,1.3991
1780909943.874859,0.2083,-0.4192,-0.1418,-24.2748,-2.2748,23.9008,0.4891
1780909944.0825622,0.2065,-0.8105,-0.4973,-23.8626,58.8626,-9.2901,0.9731
0,0,0,0,0,0,0,0
0,0,0,0,0,0,0,0
1780909945.6814134,0.1599,-0.4075,-0.5598,3.0534,160.8931,53.3588,0.7106
1780909945.8838232,0.1885,-1.7805,-0.5435,-15.2137,100.7863,53.0305,1.8711
1780909946.0842226,0.2593,-0.542,-0.4526,14.3053,91.0458,42.5649,0.7522
1780909946.2810597,-0.2046,-1.4202,-0.4968,-43.1145,83.542,40.9008,1.5184
1780909946.4800997,0.2261,-0.7014,-0.4451,18.8168,122.0305,37.229,0.8609
1780909946.6814725,0.2495,-1.1274,-0.5918,-8.5802,133.4427,23.2672,1.2975
1780909946.8811624,-0.1475,-0.7183,-0.0151,-7.9237,-10.7557,-23.8244,0.7334
1780909947.081434,-0.0129,-1.3445,-0.5107,4.2061,-44.1679,12.0611,1.4383
1780909947.2810905,0.1096,-0.6482,-0.0754,-0.0229,-17.3893,0.7405,0.6617
1780909947.4814525,0.5508,-1.4363,-0.98,-19.7863,41.5878,-28.7481,1.8239
1780909947.6861765,-0.2405,-0.469,-0.1216,3.5038,-0.3969,1.2595,0.5409
1780909947.8803763,0.1626,-1.4539,-1.0144,-57.9924,-48.1985,10.0992,1.7802
1780909948.0826206,0.1294,-0.3967,-0.2107,37.2366,-58.3359,-5.6031,0.4675
1780909948.2826955,0.0244,-0.9692,-0.7068,73.7786,-56.9313,-23.0458,1.1998
1780909948.479655,-0.0176,-1.2874,-0.6306,10.9695,-117.6183,34.7863,1.4336
1780909948.6806202,0.0022,-0.4465,-0.6162,4.3817,-205.0534,-60.3053,0.761
1780909948.8813698,0.095,-1.2266,-0.7815,13.9008,-124.1679,-60.8702,1.4575
1780909949.0804198,-0.0374,-0.7488,-0.3877,3.8015,-132.6412,-62.6565,0.844
1780909949.280805,0.3049,-1.3169,-0.5305,-5.1221,-48.5344,-20.1527,1.4521
1780909949.4797084,-0.1567,-0.7095,-0.2734,-7.8702,-71.5496,-26.4962,0.7763
1780909949.6807454,-0.0881,-1.3438,-0.5354,-34.9008,-82.6641,10.9618,1.4492
1780909949.8810954,0.2117,-0.5488,-0.1846,-1.0763,9.7939,1.3588,0.6165
1780909950.0834415,0.2332,-1.3279,-0.8826,-5.0458,43.7328,8.9924,1.6114
1780909950.2829084,-0.0002,-0.5869,-0.166,17.3511,-33.9084,1.3435,0.6099
0,0,0,0,0,0,0,0
0,0,0,0,0,0,0,0
1780909951.4312418,0.137,-1.2847,-0.4182,-37.5878,19.9313,35.5878,1.358
1780909951.631169,0.0908,-0.4282,-0.3159,9.9924,160.8702,30.9237,0.5398
1780909951.8302603,0.4707,-1.5288,-0.7507,-108.5115,137.771,67.7481,1.767
1780909952.0305154,0.2292,-0.4719,-0.4148,-4.5191,123.229,49.3435,0.6688
1780909952.242592,0.0337,-1.5605,-0.7219,0.8931,105.3664,49.4504,1.7198
1780909952.4339223,0.2463,-0.7747,-0.5359,5.5878,126.1985,28.1908,0.9736
1780909952.6307092,0.1562,-0.991,-0.7393,-31.9008,146.7939,31.0153,1.2462
1780909952.8307185,0.1626,-0.6145,-0.1785,2.3206,1.0687,-22.5725,0.6602
1780909953.0301278,-0.0137,-1.1953,-0.74,14.5267,-23.9237,23.5191,1.4059
1780909953.2302618,0.0952,-0.5256,-0.0686,18.5573,9.0611,-24.1527,0.5386
1780909953.4335635,0.4722,-1.7231,-1.0605,-51.6412,50.0916,-18.5496,2.0777
1780909953.6366482,-0.0852,-0.5464,-0.0615,-37.9924,-4.4885,-23.2519,0.5564
1780909953.830122,0.3052,-1.2927,-0.7678,12.8855,-24.4275,2.9008,1.5342
1780909954.0305693,0.1423,-0.3242,-0.1477,40.7023,-28.3511,-21.6718,0.3837
1780909954.2303705,-0.1047,-1.3164,-0.6282,77.6794,-52.0153,-32.7786,1.4624
1780909954.433954,0.0513,-1.0967,-0.3889,-15.313,-123.1679,-35.0763,1.1647
1780909954.640693,-0.0164,-0.3538,-0.7227,21.2443,-205.9466,-78.1374,0.8048
1780909954.8332663,0.1833,-1.3357,-0.8708,42.5038,-140.5725,-109.4351,1.605
1780909955.0305839,-0.094,-0.7012,-0.396,-12.084,-123.1832,-58.1832,0.8107
1780909955.2296977,0.1362,-1.0908,-0.6404,9.4351,-66.7634,-50.6565,1.2722
1780909955.4301982,-0.032,-0.4976,-0.0132,6.6336,-61.2443,-4.9313,0.4988
1780909955.6306915,0.3472,-1.0342,-0.7102,41.7176,-34.9695,-9.458,1.3017
1780909955.8301985,0.1963,-0.532,-0.2708,30.8779,-7.5496,-22.7557,0.6284
0,0,0,0,0,0,0,0
0,0,0,0,0,0,0,0
1780909957.9724767,0.113,-0.666,-0.1528,-31.0687,80.3282,50.1145,0.6926
1780909958.1723974,0.0259,-1.4282,-0.8101,-25.0382,41.9008,51.0458,1.6422
1780909958.3831167,0.0117,-0.2732,-0.1045,-29.6489,30.8168,55.1145,0.2927
1780909958.5745804,0.1621,-0.9001,-0.8152,-6.0611,101.2443,15.1908,1.2252
1780909958.770198,-0.1533,-0.5916,-0.1296,20.8931,-20.0687,21.7634,0.6247
1780909958.9715676,0.3625,-1.1636,-0.835,-46.9466,-58.0076,25.0229,1.4773
1780909959.1815512,0.1199,-0.3105,-0.2832,43.2061,2.5573,7.145,0.4371
1780909959.372412,0.1555,-1.0225,-0.8687,10.1832,36.4122,-22.1603,1.3506
1780909959.570668,0.0371,-0.9651,-0.304,0.9618,-0.2901,30.7863,1.0125
1780909959.7709348,0.1975,-0.9341,-0.292,17.2137,-49.1756,-59.9542,0.9984
1780909959.9844499,0.1011,-1.4087,-0.8525,-8.6107,-107.084,-52.2519,1.6497
1780909960.1714735,0.1511,-0.6167,-0.2166,38.687,-86.5267,-68.1756,0.6709
1780909960.3710504,0.6624,-1.4155,-1.2676,35.5649,-102.6947,-99.626,2.0123
1780909960.5708072,-0.1721,-0.3853,-0.3105,14.6412,-183.2748,-37.6412,0.5239
1780909960.771453,-0.0247,-1.8125,-0.3474,-73.4427,-199.0763,-27.4427,1.8457
1780909960.9707882,-0.0049,-0.4421,-0.1887,-11.0992,-66.5725,-42.2901,0.4808
1780909961.171577,0.3372,-1.408,-0.7534,-1.6031,-52.626,-47.5878,1.6321
1780909961.3762293,0.0076,-0.2246,-0.1992,30.4656,-11.5649,1.8626,0.3003
1780909961.571123,0.2983,-1.1565,-0.7686,35.5038,-61.084,9.4885,1.4203
1780909961.771727,0.2375,-0.2793,-0.0479,15.5954,-12.1298,-16.3817,0.3698
1780909961.9747248,0.3687,-1.1982,-0.7361,-38.8473,47.6489,12.7863,1.4538
1780909962.171587,-0.1799,-0.2993,0.0168,-3.8092,12.687,13.4275,0.3496
1780909962.371511,0.2209,-1.0461,-0.7988,-1.2519,-58.916,17.6718,1.3347
0,0,0,0,0,0,0,0
0,0,0,0,0,0,0,0
1780909963.6761084,0.2126,-1.4026,-0.4666,-60.687,180.3359,37.8015,1.4934
1780909963.8779476,0.2434,-0.4851,-0.3469,-40.0153,115.3511,65.0,0.6442
1780909964.0763328,0.2219,-1.3391,-0.7832,-15.2748,90.0229,68.0992,1.5671
1780909964.2761898,0.0972,-0.2371,-0.1919,-22.1985,46.1298,9.2672,0.3201
1780909964.4764602,0.2683,-0.9275,-0.6987,4.3817,93.7405,-9.2977,1.1918
1780909964.6786883,-0.1472,-0.99,-0.1445,15.8321,56.9466,33.0382,1.0113
1780909964.8813152,0.3035,-0.7937,-0.6399,35.2595,-5.6031,-1.7023,1.0637
1780909965.0808191,0.3623,-0.6804,-0.4097,30.3893,-31.5267,-5.8931,0.873
1780909965.2762144,0.0979,-0.9937,-0.6143,26.3969,51.5573,25.1832,1.1723
1780909965.4762204,0.0613,-0.8218,-0.2358,15.313,30.6489,21.5267,0.8571
1780909965.6767063,0.0918,-0.6938,-0.3435,12.7405,-62.5038,-48.2137,0.7796
1780909965.8907669,0.0637,-1.5093,-0.6597,26.2519,-116.084,-48.3435,1.6484
1780909966.076087,-0.0291,-0.7878,-0.3879,21.3053,-106.4275,-52.2824,0.8787
1780909966.2764828,0.0212,-1.3445,-0.3306,31.9924,-140.0687,-24.916,1.3847
1780909966.476869,0.0979,-0.5122,-0.7136,-1.626,-197.0992,-53.6718,0.8839
1780909966.6781976,0.3198,-1.4783,-0.626,-32.2137,-145.7786,-88.8931,1.6369
1780909966.8759627,-0.0273,-0.821,-0.2771,9.1527,-82.3588,-53.542,0.867
1780909967.0758848,0.5046,-1.4744,-0.7959,-2.0916,12.771,-14.2366,1.7498
1780909967.2771626,-0.1184,-0.7395,-0.2153,5.7481,-51.6107,0.7023,0.7793
1780909967.4763308,0.0132,-1.6023,-0.4624,-47.2214,-92.1832,-25.5114,1.6677
1780909967.6773038,0.1306,-0.8823,-0.2761,-1.0534,25.2901,14.5191,0.9337
1780909967.8759453,-0.0093,-1.3416,-0.6833,41.9237,40.2901,-19.7939,1.5056
0,0,0,0,0,0,0,0
0,0,0,0,0,0,0,0
1780909968.9280133,0.2187,-1.0237,-0.5154,2.2672,39.4427,12.2748,1.1668
1780909969.129318,0.2793,-1.1741,-0.7717,-22.8626,149.1679,41.8702,1.4325
1780909969.3314607,0.2637,-0.4419,-0.6062,-49.2595,220.4733,55.0458,0.7952
1780909969.5284328,0.1052,-0.9375,-0.6101,28.6565,142.0305,67.6718,1.1235
1780909969.7283354,0.1201,-0.8,-0.4363,2.5496,104.2214,68.3969,0.9192
1780909969.9284086,-0.2368,-1.7205,-0.3403,-36.9389,-7.9084,16.0,1.7697
1780909970.1493778,0.3513,-0.7393,-0.3772,21.5954,47.8015,-3.4198,0.9012
1780909970.3293598,0.3843,-1.2947,-0.7512,-27.2214,84.0229,14.374,1.5454
1780909970.5285468,-0.0076,-0.4526,-0.27,-27.7252,-28.3053,-7.2672,0.5271
1780909970.7332325,0.03,-1.4265,-0.5637,7.7176,-72.3817,11.9313,1.5342
1780909970.927933,0.2412,-0.5383,-0.1875,12.458,22.3664,0.1756,0.619
1780909971.128347,0.3855,-1.1301,-0.8899,3.5725,61.2824,11.4733,1.4892
1780909971.3286176,-0.0969,-0.3477,-0.1768,9.229,-10.7099,0.5191,0.4019
1780909971.5367653,-0.0879,-1.7275,-0.6113,40.8779,-91.7481,-13.2366,1.8346
1780909971.7308812,0.0625,-0.2793,-0.2173,64.6107,-98.8855,-53.9008,0.3593
1780909971.9280427,0.1436,-2.0,-1.2703,-37.1832,-86.0687,-53.7023,2.3736
1780909972.1283026,-0.1172,-0.4636,-0.3381,55.9695,-156.3664,-16.0153,0.5857
1780909972.330349,0.4883,-1.1123,-0.7532,41.374,-164.8321,-31.6031,1.4293
1780909972.528437,-0.0029,-0.3352,-0.3665,101.0992,-101.084,-34.1832,0.4966
1780909972.7279341,0.3105,-0.853,-0.6326,37.9542,-65.9389,-51.6489,1.1065
1780909972.9287817,0.0391,-0.7427,-0.1655,41.2824,18.2137,47.313,0.7619
1780909973.1281073,0.0742,-1.0454,-0.5664,33.5649,-71.3359,-32.8702,1.1913
1780909973.3274465,0.2925,-0.9521,-0.5269,20.4733,-48.9924,-10.2443,1.1268
1780909973.5286303,0.2522,-0.9851,-0.4897,21.4427,41.3969,-12.5115,1.1287
0,0,0,0,0,0,0,0
0,0,0,0,0,0,0,0
1780909974.568308,-0.0483,-0.874,-0.2217,3.8092,101.0229,87.4962,0.903
1780909974.7647166,0.1978,-0.8071,-0.3706,-0.7252,57.9847,13.8168,0.9099
1780909974.9651196,0.4648,-1.0981,-0.9104,-10.1832,175.8779,49.5496,1.5003
1780909975.165952,0.1838,-0.5593,-0.5916,-37.084,222.9618,52.3969,0.8346
1780909975.364205,0.0208,-1.0364,-0.4236,-4.8931,146.9008,63.2519,1.1198
1780909975.5649867,0.0098,-0.9087,-0.405,8.4656,89.5878,37.4427,0.9949
1780909975.7641053,0.1812,-1.5657,-0.7495,-6.3053,41.5573,60.3817,1.7453
1780909975.975214,0.123,-0.5432,-0.2532,-26.8321,8.9618,16.1221,0.6118
1780909976.1642191,0.5918,-1.0928,-0.658,-0.5115,80.2366,-26.4733,1.4062
1780909976.3714046,-0.2007,-0.5386,-0.0513,-12.6947,-21.4809,-19.4046,0.577
1780909976.564442,-0.0842,-1.2849,-0.7251,49.0611,-26.9924,32.1374,1.4778
1780909976.764279,0.1589,-0.3569,-0.1018,10.4198,-20.1069,-13.8244,0.4038
1780909976.9646087,0.0166,-1.6523,-0.9282,33.0992,-35.9008,-11.4122,1.8953
1780909977.1647642,-0.1943,-0.5183,-0.2388,13.2977,-153.8168,-29.9237,0.6028
1780909977.3646019,0.2271,-0.6743,-0.6797,18.3969,-186.9313,-48.8321,0.984
1780909977.5644524,-0.22,-0.4109,-0.4189,78.7405,-158.8855,-35.8473,0.6267
1780909977.7652621,0.4507,-0.8057,-0.5691,8.1298,-143.0763,-45.6947,1.0845
1780909977.9642692,-0.1331,-0.502,0.0967,-28.8244,-71.855,17.8321,0.5282
1780909978.1637185,-0.0115,-1.322,-0.437,65.687,-124.6489,-44.916,1.3924
1780909978.3643506,0.0742,-1.0625,-0.3884,-2.5802,-38.8168,-1.1145,1.1337
1780909978.5648444,0.0806,-0.793,-0.1572,46.5954,30.7023,-20.9847,0.8124
1780909978.7647436,0.2761,-1.2813,-0.4094,-20.0,37.6718,-7.7405,1.3731
1780909978.9726489,0.0271,-0.75,-0.4548,46.1145,1.7939,-5.8702,0.8776
0,0,0,0,0,0,0,0
0,0,0,0,0,0,0,0
1780909979.8613827,0.4031,-0.8425,-0.1904,17.4275,8.6565,-8.8244,0.9532
1780909980.0616684,0.449,-1.219,-0.7107,-31.8626,122.8397,-7.3817,1.4807
1780909980.2612383,0.1804,-0.3909,-0.6094,-28.6641,210.2366,40.1069,0.7461
1780909980.4614477,0.082,-1.8059,-1.0049,-55.5191,150.0763,123.6641,2.0683
1780909980.662428,0.1885,-0.6987,-0.0308,7.0153,77.0382,18.2977,0.7244
1780909980.8609571,0.1406,-1.5317,-0.6936,13.3893,66.8779,22.1832,1.6873
1780909981.061447,0.3013,-0.6833,-0.3579,22.9771,58.1985,1.6565,0.8281
1780909981.260409,0.4377,-1.0171,-0.7004,18.0534,138.3206,2.374,1.3102
1780909981.4606156,-0.0054,-0.3997,-0.1345,18.0458,13.1145,0.7252,0.4217
1780909981.660437,-0.05,-1.4492,-0.4802,-41.2824,-78.1832,-9.9313,1.5275
1780909981.860759,0.4097,-0.54,-0.1606,-17.9924,-12.0687,-29.8397,0.6966
1780909982.0626895,0.187,-1.2017,-0.8652,-10.7405,43.6031,6.9466,1.4925
1780909982.2623732,-0.0474,-0.2495,-0.0933,7.1527,-55.7405,-13.2061,0.2705
1780909982.4661348,0.1577,-1.4756,-1.2346,-19.7557,-115.1374,4.4885,1.9304
1780909982.6693814,-0.1719,-0.2463,-0.0667,65.0,-82.2748,-68.374,0.3077
1780909982.8623881,0.0886,-1.5588,-1.0696,22.6794,-112.4809,-54.0611,1.8926
1780909983.0603838,-0.1111,-0.4863,-0.4553,8.9618,-205.5496,-76.8321,0.6754
1780909983.264383,0.0125,-1.1167,-0.7998,37.3511,-203.7863,-39.771,1.3736
1780909983.4614677,0.2703,-0.4031,-0.313,-13.4809,-112.4657,-68.4809,0.5775
1780909983.6629198,0.2546,-0.8074,-0.5291,-13.1298,-30.3282,-64.4351,0.9983
1780909983.8604474,-0.043,-0.4893,0.0342,56.6107,14.2672,26.4504,0.4923
1780909984.0607653,-0.0588,-1.071,-0.7114,19.855,-57.3206,-13.7634,1.2871
1780909984.264946,0.1929,-0.6675,-0.4375,-0.3435,-33.3664,-41.9924,0.8211
0,0,0,0,0,0,0,0
0,0,0,0,0,0,0,0
1780909985.379282,0.3884,-1.6826,-0.6787,-19.7557,132.8473,48.626,1.8555
1780909985.5792003,-0.2249,-0.3723,0.0435,59.7863,45.4885,60.7863,0.4371
1780909985.7780013,0.541,-1.5833,-1.2429,-53.0763,55.6794,40.2748,2.0843
1780909985.9782734,0.1008,-0.0657,-0.4226,-30.7176,174.313,28.5649,0.4394
1780909986.178075,0.1672,-1.4749,-0.7708,-55.0611,117.9771,68.3969,1.6725
1780909986.3827407,0.2603,-0.5247,-0.4363,-41.4504,102.5802,73.0458,0.7303
1780909986.5788326,-0.0132,-1.7046,-0.9192,0.1985,57.5878,77.7557,1.9367
1780909986.778435,0.2097,-0.3977,-0.4575,-43.2901,61.1679,33.7481,0.6415
1780909986.9875941,0.5227,-0.9866,-1.0491,-32.8321,77.7786,6.2366,1.532
1780909987.1892145,-0.3103,-0.5894,0.0181,60.1145,25.5496,17.4886,0.6663
1780909987.3797593,0.3333,-1.2551,-0.7937,13.4427,-30.9466,-56.458,1.522
1780909987.5787456,0.2119,-0.5959,-0.2256,16.5038,-54.1756,-29.6565,0.6715
1780909987.778553,0.0947,-1.0525,-0.2754,19.4046,-17.0916,-19.9237,1.092
1780909987.9784465,0.2451,-1.021,-0.9314,35.1069,-112.2595,-66.7023,1.4036
1780909988.1787138,-0.0786,-0.2158,-0.4204,-13.8931,-174.4809,-65.9237,0.4791
1780909988.4085612,-0.1499,-1.5525,-0.8242,-9.7023,-168.8702,-130.3664,1.7641
1780909988.580292,-0.0847,-0.4492,-0.3572,6.3511,-126.771,-55.3588,0.5801
1780909988.7783496,0.1909,-1.0554,-0.7341,7.7481,-47.9389,-31.2672,1.2997
1780909988.9778721,0.4304,-0.8037,-0.7114,59.4809,-5.7786,19.687,1.1564
1780909989.178831,0.0769,-1.1978,-0.4172,52.687,-32.4656,16.687,1.2707
1780909989.3784027,0.0046,-0.5022,-0.4014,-13.4504,-34.4427,6.7786,0.6429
1780909989.578736,0.0161,-0.8154,-0.2146,-17.0,-17.2977,-2.5878,0.8433
0,0,0,0,0,0,0,0
0,0,0,0,0,0,0,0
1780909990.424004,0.2102,-0.6616,-0.469,-8.9771,22.7939,42.6947,0.8378
1780909990.6236248,0.1968,-0.6553,-0.2703,-10.9389,15.313,3.2214,0.7356
1780909990.8233294,0.0369,-1.2783,-0.5623,6.4656,8.374,-7.4046,1.397
1780909991.0231073,0.1443,-0.5278,-0.4717,-40.9695,0.374,-5.0687,0.7224
1780909991.2238889,0.0229,-0.8203,-0.2432,-9.3817,-59.8702,-82.7328,0.8559
1780909991.4234755,0.1455,-1.0945,-0.1785,61.8092,-66.0763,-41.771,1.1184
1780909991.624083,0.1279,-0.9983,-0.2876,29.5191,-117.3588,-74.6031,1.0467
1780909991.8237522,0.2639,-1.2012,-0.4407,-8.8473,-80.855,-44.374,1.3064
1780909992.0239947,0.0649,-0.7476,-0.2844,31.5191,-31.687,42.7481,0.8025
1780909992.2233412,-0.0022,-0.8904,-0.3306,14.4198,-98.1221,-18.6794,0.9498
1780909992.4233637,0.1765,-1.1836,-0.5618,28.2901,-88.1145,-19.0687,1.322
1780909992.6239717,-0.0818,-0.8489,-0.4207,4.4962,-125.0153,-37.3282,0.9509
1780909992.8240006,-0.0627,-0.9241,-0.3171,-6.3359,-99.7481,-61.9618,0.979
1780909993.0232182,0.0876,-0.905,-0.6697,8.9084,-39.6718,24.458,1.1293
1780909993.2260416,0.0278,-0.626,-0.3354,20.4427,-144.542,-35.771,0.7107
1780909993.4235084,0.166,-1.1501,-0.4146,15.6641,-100.1069,-35.7634,1.2338
1780909993.6245406,-0.1367,-0.4031,-0.397,6.7023,-82.4046,-10.0534,0.582
1780909993.8234332,0.0698,-0.626,-0.2407,29.0611,-89.687,-46.1908,0.6743
1780909994.0244691,0.1665,-1.1282,-0.5083,52.8397,21.1832,-14.8092,1.2485
1780909994.2270632,-0.0139,-0.9197,-0.4031,26.6336,-34.4351,-13.229,1.0042
1780909994.4244165,0.2944,-0.8799,-0.5916,25.5114,-129.0611,-47.0534,1.1004
0,0,0,0,0,0,0,0
0,0,0,0,0,0,0,0
1780909995.1536496,0.4192,-1.1372,-0.6018,8.6565,-3.3053,-5.2901,1.3532
1780909995.35515,0.2451,-0.8306,-0.4998,2.1756,-34.7481,8.145,0.9998
1780909995.5525937,0.1672,-0.9321,-0.4224,26.6794,-97.3969,-51.7023,1.0369
1780909995.7520716,0.084,-1.3455,-0.7974,-24.5267,-91.5191,9.9313,1.5662
1780909995.9522061,0.1155,-0.7551,-0.364,20.9542,-105.3206,-43.0229,0.8462
1780909996.154029,0.0649,-1.2964,0.0085,19.7481,3.1832,-51.7099,1.298
1780909996.3523583,0.144,-0.5352,-0.5308,5.0611,-35.3206,30.6336,0.7674
1780909996.55174,0.0532,-0.8713,-0.3406,-48.6489,-86.6336,-15.0305,0.937
1780909996.7524529,0.094,-0.9895,-0.2964,-19.1756,-84.0305,6.8855,1.0372
1780909996.9529626,-0.0454,-0.5696,-0.4539,11.5802,-90.2824,21.771,0.7297
1780909997.1526287,0.1157,-0.8196,-0.3538,10.3588,-87.3817,-44.4809,0.9001
1780909997.3632636,0.0574,-1.1777,-0.5088,28.5496,-21.9695,-39.9542,1.2842
1780909997.554022,0.1072,-0.5798,-0.4331,20.6947,-89.0229,-13.5573,0.7316
1780909997.7590058,0.2893,-0.8479,-0.2725,16.4122,-92.9847,-46.1985,0.9364
1780909997.9530034,-0.0872,-1.0522,-0.1431,67.0534,-48.7634,-34.4656,1.0655
1780909998.1551657,0.1196,-0.8232,-0.5452,-25.3588,-111.1679,-39.5038,0.9946
1780909998.354084,0.1978,-1.0186,-0.4131,12.8779,-77.6794,-69.1527,1.1168
1780909998.5586963,0.0342,-0.5728,-0.4062,46.2595,-57.9847,-7.2061,0.703
1780909998.7598004,0.0032,-0.7969,-0.5244,-13.9924,-59.5496,19.0382,0.954
1780909998.953713,0.072,-1.0754,-0.5596,12.1985,-140.6107,-74.5725,1.2144
1780909999.1525464,-0.0579,-0.498,-0.4348,34.4275,-118.9695,-32.7023,0.6637
1780909999.3531137,0.0706,-0.7805,-0.4736,23.7099,-76.6489,-34.9237,0.9157
1780909999.5548258,0.0281,-1.0027,-0.4465,35.0153,-21.0,-36.8244,1.098
0,0,0,0,0,0,0,0
0,0,0,0,0,0,0,0
1780910001.0254703,0.2231,-0.7847,-0.3047,-3.1679,16.9924,-7.3969,0.8708
1780910001.22653,0.1892,-0.9324,-0.2913,0.9466,10.6183,16.7939,0.995
1780910001.4243538,0.1816,-0.864,-0.6838,14.7023,-23.2137,22.3359,1.1168
1780910001.6243932,0.1479,-0.7715,-0.4451,-4.7939,32.8779,8.6183,0.9029
1780910001.825953,0.1047,-0.738,-0.3906,51.5878,87.458,-19.7328,0.8416
1780910002.0256424,0.1909,-0.6807,-0.5051,-48.7634,65.542,25.5344,0.8689
1780910002.2249565,0.1838,-1.1816,-0.0916,-25.7328,12.9313,-13.7099,1.1994
1780910002.4258783,0.0874,-0.7773,-0.7195,14.7023,47.9695,124.3206,1.0628
1780910002.6260765,0.5195,-1.0007,-0.6021,64.374,17.7328,-9.2748,1.2782
1780910002.82554,0.1111,-0.8003,-0.4456,-16.1603,7.9237,-23.5191,0.9227
1780910003.0258062,-0.5532,-1.562,1.1406,115.8015,-101.0687,-88.9237,2.0117
1780910003.2293403,0.3472,-0.9192,-0.1389,-30.6107,-2.6031,-4.9237,0.9923
1780910003.4308298,0.0798,-0.625,0.1541,-7.4122,-29.5267,19.145,0.6486
1780910003.6260974,0.2095,-0.9875,0.0535,-6.2366,8.3511,-4.5344,1.0109
1780910003.8255537,0.1438,-0.9502,-0.1626,5.6031,14.6565,7.4885,0.9747
1780910004.0285366,0.1353,-0.9917,-0.0112,-0.8244,2.5344,-1.771,1.0009
1780910004.225873,0.1106,-0.9692,-0.0754,-10.9313,-3.5344,-1.0992,0.9784
1780910004.425829,0.1313,-0.96,-0.0508,13.1832,0.4885,-0.9695,0.9702
1780910004.6256053,0.1948,-1.1824,-0.1311,31.4656,4.7405,4.8397,1.2055
1780910004.8256125,0.0891,-1.0486,0.0674,64.1756,14.3435,5.8015,1.0545
1780910005.02598,0.0737,-0.6147,0.1697,-44.7099,-1.3435,8.1298,0.642
1780910005.2243252,-0.0288,-1.2021,0.0803,5.771,-8.6031,-30.5496,1.2052
1780910005.4256659,0.2012,-0.9148,-0.1169,-37.2595,-2.2824,35.3893,0.9439
1780910005.6244352,0.072,-0.9919,-0.0056,-39.0458,14.8244,7.4962,0.9946
1780910005.82424,0.054,-0.8843,-0.2039,-77.6718,-17.1832,-0.3664,0.9091
0,0,0,0,0,0,0,0
0,0,0,0,0,0,0,0
1780910006.9149854,0.0085,-0.9663,-0.335,40.4656,-0.6718,-5.2214,1.0228
1780910007.1140826,0.1074,-0.8992,-0.3042,-14.1527,3.5802,4.9084,0.9553
1780910007.3133056,0.04,-0.8945,-0.3147,-27.5878,-6.9466,-0.5573,0.9491
1780910007.5142186,0.0808,-0.7881,-0.3606,-36.6107,1.3282,4.4809,0.8704
1780910007.7144566,0.0842,-0.7998,-0.4832,-45.1832,-8.2519,2.7328,0.9382
1780910007.9145083,-0.0083,-0.6758,-0.4556,-1.9771,-0.084,-5.8779,0.815
1780910008.1147106,0.145,-0.8328,-0.6433,67.4427,1.7557,12.2748,1.0622
1780910008.3141375,0.0928,-0.9995,-0.6521,46.5496,7.4733,-14.771,1.197
1780910008.5139527,-0.0935,-0.7832,-0.2815,5.0687,1.1298,-1.4504,0.8375
1780910008.714505,0.2166,-1.0139,0.0369,-38.1145,-17.6412,9.9847,1.0374
1780910008.9131474,0.1501,-1.0625,-0.1934,34.084,5.1603,23.9924,1.0903
1780910009.1144624,-0.0337,-0.9519,0.1814,63.6641,-13.4046,-43.2748,0.9696
1780910009.3133197,0.3784,-0.9216,-0.0073,-39.626,-28.4351,-26.5649,0.9963
1780910009.5133154,0.1345,-1.085,-0.1548,-15.4275,10.1603,9.145,1.1042
1780910009.7139494,0.136,-0.9397,0.0767,22.2061,6.9237,4.6794,0.9526
1780910009.9228666,0.2241,-0.9084,0.1819,-11.2214,-9.9008,6.6489,0.9532
1780910010.1139538,0.2383,-1.0715,-0.0115,22.7786,5.5954,-2.0229,1.0978
1780910010.3141522,0.175,-0.9917,0.1104,11.7176,7.1756,10.1145,1.0131
1780910010.514989,0.1428,-0.9417,0.2124,11.3969,13.3511,0.9084,0.9758
1780910010.7169418,0.1101,-0.8711,0.2837,14.1679,7.458,-2.4198,0.9227
1780910010.914437,0.0359,-0.9783,0.353,1.3359,-4.2595,6.1679,1.0406
1780910011.1143515,0.2305,-1.0366,0.1689,-34.916,-15.7557,-22.9847,1.0753
1780910011.3177161,0.1177,-0.8975,0.0725,-46.2977,-12.0534,30.0611,0.908
1780910011.522952,0.1023,-1.0586,-0.2712,-67.374,7.5191,13.3206,1.0976
0,0,0,0,0,0,0,0
0,0,0,0,0,0,0,0
1780910012.7531805,0.1377,-1.1113,-0.3181,15.1298,0.1145,4.9084,1.1641
1780910012.9559867,0.085,-0.9639,-0.2158,-9.7481,11.0229,-0.9618,0.9914
1780910013.154051,0.1426,-0.9656,-0.2568,-25.3817,-6.7252,1.5725,1.0093
1780910013.3529124,-0.0103,-0.7327,-0.3262,-90.4657,-8.1145,0.6412,0.8021
1780910013.5529504,0.1021,-0.7961,-0.4189,-79.6565,-14.6412,0.3511,0.9054
1780910013.7523322,0.0381,-0.7683,-0.6248,-3.4809,-6.0611,-13.4427,0.991
1780910013.9525278,0.2019,-1.0479,-0.7417,69.6947,-0.1679,10.2824,1.2996
1780910014.1525867,0.2532,-1.7114,-0.3647,98.5649,-17.5878,16.7481,1.7681
1780910014.353703,0.0769,-0.5356,0.335,137.6107,31.6947,-32.4351,0.6364
1780910014.5522566,0.1169,-0.9302,0.3145,71.5191,3.7328,10.8244,0.9888
1780910014.7522595,0.0171,-0.8069,0.3657,3.8244,-9.4733,9.7481,0.8861
1780910014.9525447,0.1968,-0.9717,0.2471,-22.4198,-16.5954,-17.8244,1.0217
1780910015.1528459,0.0537,-0.8982,0.2986,5.9466,9.2443,1.2366,0.948
1780910015.352673,0.0593,-0.9104,0.3394,-2.1756,-11.5725,-1.1374,0.9734
1780910015.553097,0.0815,-0.9163,0.3018,-3.6031,7.3588,0.4122,0.9681
1780910015.7524855,0.0623,-0.9189,0.3037,-1.1832,-4.0305,-0.3511,0.9698
1780910015.9527702,0.0774,-0.9153,0.3328,-2.8015,-2.7405,-1.6718,0.977
1780910016.160096,0.0955,-0.9092,0.2957,0.4962,-3.145,1.2366,0.9608
1780910016.35267,0.1069,-0.9539,0.1597,16.0992,-5.8702,7.6565,0.973
1780910016.5528524,0.0654,-0.9187,0.2708,-41.9008,-9.7023,21.1679,0.96
1780910016.7525,0.0842,-0.8201,0.2268,-44.458,-7.4122,7.6031,0.855
0,0,0,0,0,0,0,0
0,0,0,0,0,0,0,0
1780910018.6005187,0.1589,-0.9324,-0.1924,4.2977,-4.5344,-2.7557,0.9652
1780910018.796198,0.116,-0.95,-0.3494,2.145,1.5573,1.313,1.0188
1780910018.998839,0.0298,-0.9746,-0.3818,-37.9313,-4.5115,4.084,1.0472
1780910019.1971462,0.0222,-0.7815,-0.5701,-74.5954,-13.4809,10.9008,0.9676
1780910019.3965518,0.0554,-0.7869,-0.322,-33.0611,-9.5344,-26.4504,0.852
1780910019.5967796,-0.0071,-0.7681,-0.6147,-4.0534,7.1374,4.9618,0.9838
1780910019.79635,0.1348,-1.0979,-0.7402,56.6336,8.7405,-1.3282,1.331
1780910020.0029004,-0.0159,-0.9507,-0.8159,30.9313,12.4351,52.0382,1.2529
1780910020.19611,0.1206,-0.7061,0.4756,39.6718,1.9618,8.6183,0.8598
1780910020.3975842,0.0066,-0.8318,0.5452,69.4733,2.1679,15.5649,0.9945
1780910020.596656,0.1072,-0.7822,0.2954,5.626,-26.7328,5.1679,0.843
1780910020.7967417,0.2983,-0.999,0.1782,-16.6947,-7.0763,3.084,1.0577
1780910020.9964426,0.0796,-0.958,0.1819,4.1908,7.3511,5.0458,0.9784
1780910021.196594,0.1978,-0.8911,0.2988,-4.0305,-8.7099,-4.7557,0.9605
1780910021.4009757,0.1436,-0.9368,0.1885,-6.0534,3.0611,0.5267,0.9663
1780910021.5960548,0.1799,-0.9473,0.1479,-2.2137,-4.3588,-4.1298,0.9755
1780910021.796958,0.0723,-0.9033,0.177,-27.6107,0.5573,-0.6947,0.9233
1780910021.9968827,0.2051,-0.9646,0.1177,-68.458,-18.8779,5.458,0.9932
1780910022.196107,0.0454,-0.8994,0.0347,-65.3206,-13.7939,-2.8855,0.9012
0,0,0,0,0,0,0,0
0,0,0,0,0,0,0,0
1780910025.1416173,0.2339,-0.9077,-0.4087,17.2824,-15.8855,-11.0382,1.0226
1780910025.341616,0.0129,-0.9082,-0.4563,-0.9847,-0.1985,17.9389,1.0165
1780910025.541753,0.0986,-0.8647,-0.6184,0.8397,-13.6947,-6.8702,1.0677
1780910025.7413428,0.1458,-0.6848,-0.5715,-53.0,-13.6565,-17.9313,0.9038
1780910025.9419699,0.1282,-0.665,-0.5229,-58.1679,-2.7939,-7.8473,0.8557
1780910026.1415918,0.1814,-0.5989,-0.6538,21.3893,-2.7023,-9.0382,0.905
1780910026.3415408,0.0989,-0.7292,-0.6892,43.2214,10.4122,-0.9924,1.0083
1780910026.5413702,0.3193,-1.0823,-0.645,105.2214,4.3282,6.2366,1.2997
1780910026.7417486,0.2004,-0.8386,0.2087,90.2061,39.6947,28.145,0.8872
1780910026.9436445,0.1099,-0.887,0.1404,105.8321,0.6183,-4.1985,0.9047
1780910027.141582,0.0483,-0.9133,0.2283,45.2672,1.2366,2.2061,0.9427
1780910027.3448458,0.1118,-0.8337,0.3018,13.9924,-21.4656,-10.7939,0.8937
1780910027.550602,0.061,-0.9182,0.3113,0.3588,2.9924,0.4504,0.9715
1780910027.7518148,0.0225,-0.9229,0.2766,1.7252,3.2977,4.2595,0.9637
1780910027.945735,-0.0308,-0.9197,0.2773,-4.8702,-4.9313,-0.0305,0.9611
1780910028.1533139,0.0427,-0.936,0.2607,-1.6183,-3.9771,-2.5115,0.9726
1780910028.3423884,0.0417,-0.9136,0.3,-3.1832,-1.145,-1.1985,0.9625
1780910028.5459774,0.0173,-0.906,0.3108,-4.8168,-1.0534,-2.6489,0.958
1780910028.7421737,0.0461,-0.8872,0.3279,3.8931,-2.3206,-2.0,0.947
1780910028.9448016,0.0469,-0.8755,0.3601,-1.6565,-1.3511,-0.1527,0.9478
1780910029.149025,0.0728,-0.8542,0.2505,-6.0992,-9.5038,-3.4962,0.8932
0,0,0,0,0,0,0,0
0,0,0,0,0,0,0,0
1780910030.8787754,0.0662,-0.6736,-0.2341,55.7634,4.2137,4.6336,0.7162
1780910030.9990757,0.1667,-0.9753,-0.417,-15.8168,-1.7252,5.7176,1.0738
1780910031.2024848,0.1511,-0.9277,-0.2729,-16.9924,11.0382,14.6947,0.9788
1780910031.4009771,0.1785,-0.946,-0.4102,-7.0076,4.4427,1.8244,1.0465
1780910031.6057332,0.1619,-0.8818,-0.3706,6.1756,-4.5191,-3.8855,0.9701
1780910031.798762,0.1296,-0.8926,-0.4412,-8.9695,-7.7786,-1.0687,1.0041
1780910032.0696328,0.1521,-0.8389,-0.4983,-33.4046,-10.6489,-4.2595,0.9875
1780910032.2008305,0.1978,-0.7034,-0.6057,-52.9084,-15.1374,-1.8015,0.9491
1780910032.3982978,0.2976,-0.647,-0.4529,2.8702,8.687,-15.6794,0.8439
1780910032.5988941,0.187,-0.7476,-0.7209,8.5191,-2.6107,13.5573,1.0553
1780910032.8010938,0.1128,-0.7346,-0.9392,8.8473,7.1221,3.8168,1.1977
1780910032.999037,0.3,-0.9512,-0.7759,89.7863,23.0305,10.2061,1.2636
1780910033.1990666,0.4268,-0.8088,-0.0696,140.458,-1.7939,30.2748,0.9172
1780910033.410551,0.1323,-0.9028,-0.0833,108.3435,-31.0534,3.3817,0.9163
1780910033.600534,-0.0405,-0.8481,0.177,-2.771,27.5802,19.9847,0.8674
1780910033.8048043,0.0771,-0.9314,0.2468,9.7252,-7.771,-6.6794,0.9666
1780910033.9982595,0.1323,-0.9775,0.1931,-5.0305,-1.0382,1.6947,1.0052
1780910034.1990378,0.0254,-0.9194,0.2646,-3.3817,3.2748,-1.0992,0.9571
1780910034.400196,0.012,-0.9141,0.304,-6.771,2.4275,1.1679,0.9633
1780910034.6065981,0.0444,-0.9341,0.2312,-8.0916,-0.1298,-0.3588,0.9633
1780910034.807651,0.0659,-0.938,0.251,-6.4351,-1.3053,-0.0687,0.9732
1780910035.0048437,0.0574,-0.9229,0.26,-2.4046,-2.6794,-0.9771,0.9605
0,0,0,0,0,0,0,0
0,0,0,0,0,0,0,0
1780910036.3360934,0.2007,-0.7256,-0.4998,-0.542,37.9695,49.916,0.9036
1780910036.535691,0.3228,-0.5139,-0.4004,32.1832,98.7939,47.1069,0.727
1780910036.7379448,0.1067,-0.8142,-0.6943,18.5038,107.1298,64.8321,1.0754
1780910036.9355772,0.4211,-1.061,-0.3052,-42.8473,82.0916,20.9924,1.1816
1780910037.135658,0.314,-1.1355,-0.4749,-18.1603,82.1756,8.2901,1.2702
1780910037.3375857,0.2246,-0.4988,-0.1599,49.7557,43.3282,15.0916,0.5699
1780910037.5382004,0.322,-0.7925,-0.2085,-20.2748,32.4351,13.9618,0.8805
1780910037.7378767,0.197,-1.1514,-0.3508,79.6107,-3.229,-24.5267,1.2196
1780910037.9359274,0.2715,-0.8098,-0.197,21.2595,-3.313,-3.687,0.8765
1780910038.1361792,0.1643,-0.9097,-0.1067,-3.8626,11.1985,2.084,0.9305
1780910038.3357074,0.3289,-1.0227,-0.2461,-85.0763,51.5038,-4.4122,1.1021
1780910038.5350833,0.1846,-0.7927,-0.0344,-25.3053,-4.8321,15.5649,0.8147
1780910038.735847,0.325,-1.0815,-0.3806,22.9695,-27.0153,3.2977,1.1917
1780910038.9355147,0.1443,-0.801,-0.7104,64.8244,-34.4504,-11.9084,1.0804
1780910039.134512,0.0811,-0.875,-0.4783,8.374,-35.4351,-9.9466,1.0005
1780910039.347808,-0.0359,-1.2107,-0.3691,22.9466,-32.2748,-23.9924,1.2662
1780910039.5375578,0.199,-0.708,-0.2986,136.4198,-83.855,-50.0229,0.7937
1780910039.7360208,0.3394,-0.6401,-0.2686,53.8855,-173.687,-72.9084,0.7727
1780910039.9350784,0.3887,-0.6807,-0.3025,62.8626,-183.4351,-39.2748,0.8402
1780910040.1345992,-0.0808,-0.8779,-0.5476,10.9389,-140.9542,-38.5649,1.0379
1780910040.3364286,-0.0237,-0.9709,-0.2461,6.9771,-72.3435,-24.0687,1.0019
1780910040.5354466,-0.053,-1.0352,-0.4727,-19.687,-37.7939,-10.7023,1.1392
1780910040.7350588,0.4612,-0.8611,-0.3306,-13.8244,-72.5878,-22.0076,1.0312
0,0,0,0,0,0,0,0
0,0,0,0,0,0,0,0
1780910042.7362998,0.4297,-0.9524,-0.2251,-47.5115,87.1908,8.0458,1.0688
1780910042.9359498,0.2493,-0.6714,-0.5159,-127.0763,125.5267,35.5191,0.8826
1780910043.136423,0.4087,-0.6104,-0.5244,-39.6336,110.4885,18.6641,0.9025
1780910043.3381898,0.376,-0.8325,-0.3906,-47.2748,114.1527,87.9924,0.9935
1780910043.5368006,0.6721,-0.916,-0.3635,15.5954,39.2519,18.8397,1.1929
1780910043.74934,-0.1106,-1.1091,-0.6301,-56.8855,84.5573,55.6489,1.2804
1780910043.9458432,0.2588,-0.8401,-0.2102,-37.5878,66.6718,33.6412,0.9038
1780910044.1361964,0.4719,-1.1479,-0.1267,-23.0916,110.7634,14.4198,1.2476
1780910044.342622,-0.0657,-0.6023,-0.6943,20.3511,43.2824,17.7023,0.9215
1780910044.5395935,0.0737,-0.7195,-0.2566,-10.4351,19.3282,13.3969,0.7674
1780910044.7373376,0.2869,-1.3525,-0.8059,32.374,-15.9542,4.5878,1.6004
1780910044.9359307,0.1162,-0.5632,-0.4702,19.4809,-1.2901,22.9771,0.7429
1780910045.1361134,0.1057,-0.7947,-0.2388,-12.687,9.3282,-14.0458,0.8365
1780910045.3459027,0.4963,-1.2273,-0.2129,53.0153,30.3969,-1.3511,1.3409
1780910045.5370483,0.3091,-0.8604,-0.189,67.1603,-37.3053,-63.3435,0.9335
1780910045.7373028,0.385,-0.9341,0.1011,4.374,-33.2824,-22.0076,1.0154
1780910045.9421055,0.2554,-1.0334,-0.4951,-31.8931,-46.3893,8.0992,1.174
1780910046.1475596,-0.0688,-0.8555,-0.5649,-0.4275,-89.7023,-43.5496,1.0275
1780910046.3382912,0.031,-0.9846,-0.6128,37.4198,-124.916,-64.458,1.1602
1780910046.539344,0.4006,-0.8875,-0.8391,105.2366,-181.1145,-95.1679,1.2854
1780910046.7368493,0.229,-0.937,-1.0569,29.0382,-193.229,-109.5725,1.4309
1780910046.937815,0.3918,-0.9675,-0.1875,-9.6718,-52.5496,-14.6794,1.0606
0,0,0,0,0,0,0,0
0,0,0,0,0,0,0,0
1780910050.523012,0.2246,-1.5325,-0.8711,10.2901,-30.8855,-8.687,1.777
1780910050.7215898,-0.113,-0.0242,-0.3105,-9.1069,0.9084,-20.313,0.3314
1780910050.9222708,0.0486,-2.0,-0.9036,-35.7557,-3.2137,52.2901,2.1952
1780910051.122464,-0.1099,0.3147,0.0247,16.9389,12.5878,-19.9542,0.3342
1780910051.321397,0.6045,-2.0,-0.6726,-12.3893,-10.4656,50.374,2.195
1780910051.5220556,-0.1387,0.3354,0.0476,18.4809,-0.3053,4.2366,0.3661
1780910051.7215567,-0.0737,-1.593,-0.1055,-33.7634,-8.6641,3.145,1.5982
1780910051.9214776,0.2202,-0.1086,-0.3293,-0.0229,4.0,20.1679,0.4108
1780910052.1217916,0.1948,-0.7832,-0.4526,55.0763,20.9084,18.0229,0.9253
1780910052.3224087,0.2524,-1.5825,-0.7827,11.0,-13.7786,-32.4809,1.7835
1780910052.521126,0.0845,0.0007,-0.1042,-26.1145,-9.8931,-31.9008,0.1342
1780910052.722176,0.4119,-2.0,-0.4524,-59.7023,9.8244,-31.4198,2.0915
1780910052.9216502,0.1074,0.4333,0.1055,100.4885,16.6947,70.2214,0.4588
1780910053.1218464,0.0193,-0.7839,-0.0193,-0.7634,16.7863,4.7405,0.7844
1780910053.3262513,0.3459,-0.4514,-0.3601,0.4656,10.4427,-17.9618,0.6732
1780910053.5289109,0.0349,-0.1958,-0.0745,-8.5267,20.145,15.4122,0.2124
1780910053.7266302,0.3381,-2.0,-0.5083,-59.145,40.9084,35.687,2.0911
1780910053.9228556,-0.0623,0.4263,0.177,20.5649,52.4809,44.2901,0.4657
1780910054.1222465,-0.3645,-1.2522,-0.6619,-55.6565,30.1374,-9.8397,1.4625
1780910054.326564,0.2483,-0.5786,-0.4253,-37.626,42.6336,11.4275,0.7598
1780910054.530148,0.196,-0.7798,-0.5249,19.4962,7.4962,1.2977,0.9602
0,0,0,0,0,0,0,0
0,0,0,0,0,0,0,0
1780910055.8340256,0.0852,-0.8818,-0.269,6.3664,-49.6565,1.6718,0.9259
1780910056.0344281,0.437,-1.887,-0.6426,13.5802,-23.9924,-14.6489,2.0407
1780910056.234715,-0.1479,0.062,-0.1169,8.313,-33.1603,-21.4122,0.1985
1780910056.4343457,0.2869,-1.7148,-0.3567,9.5649,-13.855,-3.8015,1.7749
1780910056.6388361,-0.0752,-0.0564,-0.1599,-9.0916,-15.0458,18.5878,0.1855
1780910056.8337128,0.2139,-1.5669,-0.3826,34.855,-0.8931,34.3817,1.627
1780910057.0345426,0.1785,0.1597,-0.1296,16.2977,-41.5191,-33.084,0.2723
1780910057.238816,0.1782,-1.0725,-0.4971,32.8473,2.0305,-8.6031,1.1955
1780910057.4342892,0.2896,-0.1653,-0.2739,-0.2214,-19.4351,-18.0611,0.4315
1780910057.6410332,0.325,-0.7678,-0.5574,31.7405,-7.1069,-9.7634,1.0029
1780910057.8343978,0.2488,-0.4331,-0.2639,15.0,-15.8626,-25.9008,0.5649
1780910058.0429358,0.2573,-0.9238,-0.7063,14.4885,-5.9847,12.1527,1.191
1780910058.2338562,0.1538,-0.4905,-0.1885,64.0534,17.0534,-27.3206,0.5475
1780910058.4338102,0.4336,-0.8047,-0.5835,-23.7786,49.5344,53.4198,1.0844
1780910058.6336594,0.2341,-0.6721,-0.5542,26.8092,42.3206,-11.7176,0.9021
1780910058.8337548,0.166,-0.5149,-0.6138,-55.4046,25.0534,-2.6641,0.8182
1780910059.0438752,0.0376,-0.7407,-0.5171,76.6336,58.626,-8.0992,0.9041
1780910059.2349381,0.4651,-0.8984,-0.6143,-70.5802,43.8855,5.313,1.1836
1780910059.4343536,0.1189,-0.3948,-0.4077,52.9924,28.8015,-9.6718,0.5798
1780910059.6336827,0.2061,-0.7991,-0.4915,-20.5191,27.6031,19.1679,0.9605
0,0,0,0,0,0,0,0
0,0,0,0,0,0,0,0
1780910060.9646826,0.1653,-0.241,-0.0225,18.0763,23.9542,2.1908,0.2931
1780910061.1641068,0.3477,-1.897,-0.6279,27.2672,56.7176,12.9084,2.0282
1780910061.3642645,0.3298,0.1277,0.0071,38.1527,-12.1832,-14.9008,0.3538
1780910061.565322,0.3928,-2.0,-0.6567,-11.2901,-26.4351,-5.3817,2.1414
1780910061.7645254,-0.0244,0.1885,-0.104,54.9542,21.5191,38.2519,0.2166
1780910061.9643846,0.1235,-1.0764,-0.0125,41.7405,28.7252,43.3511,1.0836
1780910062.165312,0.0862,-0.3352,-0.2063,31.8397,-30.4046,-21.9847,0.4029
1780910062.3648255,0.0378,-0.7314,-0.5559,27.4427,-54.2748,-10.5191,0.9195
1780910062.564506,0.1399,-1.3962,-0.8235,-1.3435,-64.2137,-52.7634,1.627
1780910062.7644064,-0.0808,0.1541,-0.0955,-29.4122,-115.4046,-25.6336,0.1984
1780910062.9646046,-0.022,-2.0,-1.0686,-9.0153,-65.8244,7.7939,2.2677
1780910063.1631038,-0.2578,0.5066,0.1099,-9.3511,-45.3664,-28.0992,0.5789
1780910063.3650906,0.5725,-2.0,-0.1086,-26.5802,-65.8397,-31.8473,2.0832
1780910063.5647354,0.0962,0.4299,-0.1658,22.1221,-52.5496,20.0153,0.4707
1780910063.765994,0.3999,-1.2646,-0.3481,-30.4122,-76.9084,-1.1069,1.3713
1780910063.9652,0.3528,-0.3003,-0.0027,-19.2824,5.458,17.8702,0.4633
1780910064.1678507,0.2351,-1.0366,-0.6313,-59.3359,-34.5573,-7.6031,1.2363
1780910064.3664124,0.1865,-1.0669,-0.6096,31.9237,11.2519,1.8321,1.2429
1780910064.5645564,0.2085,-0.3855,-0.3342,-55.8931,-4.3511,-1.7557,0.5512
1780910064.765664,0.0859,-1.26,-0.6558,34.9542,5.8855,-19.4198,1.423
0,0,0,0,0,0,0,0
0,0,0,0,0,0,0,0
1780910065.652668,-0.0312,0.0908,-0.0937,22.4733,12.4275,4.4198,0.1342
1780910065.8532982,0.2317,-1.9792,-0.5249,-7.8779,28.771,41.4504,2.0607
1780910066.0535102,0.1665,0.0527,-0.1191,10.8321,-8.5954,3.3588,0.2114
1780910066.2529693,0.3579,-2.0,-0.4634,45.9695,27.9237,26.9237,2.0839
1780910066.4515088,0.0449,0.0454,-0.1187,38.3893,-10.1374,4.0687,0.1348
1780910066.6520653,0.9895,-2.0,-0.759,-36.374,32.9313,-28.1374,2.357
1780910066.8516803,-0.0288,0.2576,-0.0266,45.0687,-24.8779,23.9237,0.2605
1780910067.0521152,0.4402,-2.0,-0.5972,-6.8931,21.4046,40.7328,2.1332
1780910067.2534432,0.1423,0.0015,-0.1638,12.4733,29.916,36.4656,0.217
1780910067.4523299,0.2095,-1.7429,-0.7307,-51.1374,10.4809,14.1985,1.9015
1780910067.6677024,0.1489,-0.147,-0.2759,34.9237,6.1374,-15.6412,0.3462
1780910067.855502,0.0032,-1.2866,-0.77,-69.2901,5.8626,18.8244,1.4994
1780910068.0537677,0.1614,-0.4321,-0.3765,41.3664,4.3435,-23.6107,0.5954
1780910068.2526162,0.1189,-0.7686,-0.6025,-75.8092,-27.9771,-0.9618,0.9838
1780910068.4558525,0.0791,-1.0752,-0.6262,21.7481,-12.8702,-49.7863,1.2468
1780910068.65603,0.1423,-0.5303,-0.2798,-41.8855,-6.8931,12.5649,0.6162
1780910068.8523574,-0.0002,-1.1992,-0.4053,44.4351,-10.8473,-10.1603,1.2658
1780910069.0523784,0.0696,-0.1875,-0.3074,-65.0992,-2.5725,-3.2901,0.3667
1780910069.2532516,0.1655,-1.6069,-0.7114,26.4656,-1.7176,-9.0229,1.7652
1780910069.4523015,-0.1907,0.0603,-0.1487,-46.4046,5.7023,17.0687,0.2492
1780910069.6524231,0.178,-2.0,-1.1257,19.0763,26.6412,19.0992,2.3019
0,0,0,0,0,0,0,0
0,0,0,0,0,0,0,0
1780910071.2711272,0.2092,-0.7798,-0.4741,42.2595,-24.8702,-37.542,0.9363
1780910071.4706187,0.1079,-0.7043,-0.3157,10.6947,-8.313,-6.4885,0.7794
1780910071.6702695,0.0498,-1.6421,-0.3943,-42.7328,-42.4885,16.4809,1.6895
1780910071.871231,-0.1587,-0.6609,-0.4844,14.3435,-29.229,24.2214,0.8346
1780910072.0713363,0.0937,-0.5088,-0.1912,25.9389,28.5038,-9.6031,0.5515
1780910072.2717068,-0.1909,-1.8669,-0.9229,-35.7405,60.6489,18.0611,2.0913
1780910072.4707325,-0.1309,-0.5955,-0.2588,17.9771,25.0916,8.9847,0.6623
1780910072.6708286,0.0923,-1.6118,-1.146,-78.2748,-51.1069,29.8168,1.9798
1780910072.8727076,0.2019,-0.7695,-0.6663,11.3817,46.6412,-18.3893,1.0377
1780910073.0713873,-0.0789,-1.1338,-0.8838,-9.6412,90.084,63.4046,1.4397
1780910073.271562,-0.1528,-0.6182,-0.29,16.7328,60.7328,43.9313,0.6997
1780910073.4723701,0.2622,-1.1189,-1.1729,-42.0916,23.2519,28.2595,1.642
1780910073.6723142,0.1008,-0.4773,-0.3096,31.7481,165.374,57.5038,0.5778
1780910073.871958,0.2795,-1.4282,-0.8254,-42.2366,169.0534,60.4351,1.6731
1780910074.0710018,0.2378,-0.4775,-0.2568,9.1298,64.0076,31.4046,0.5921
1780910074.2708583,-0.1326,-1.0964,-0.6875,-26.4046,37.7405,32.3206,1.3009
1780910074.4708672,0.062,-0.4021,0.2593,38.9008,45.0763,-16.1756,0.4824
1780910074.675716,-0.0327,-0.8171,-0.2568,17.229,103.9618,32.2366,0.8572
1780910074.8702536,-0.175,-0.7236,-0.2329,-6.374,13.8931,7.7023,0.7801
1780910075.0725873,0.0054,-1.2964,-0.752,-34.6947,-59.6947,32.6412,1.4987
0,0,0,0,0,0,0,0
0,0,0,0,0,0,0,0
1780910076.2428043,-0.0283,-0.7917,-0.1899,9.8779,-52.3053,-36.8855,0.8147
1780910076.443071,-0.2947,-0.8835,-0.0027,28.8855,38.3588,35.5038,0.9314
1780910076.6419928,0.2903,-0.8757,-0.8059,16.2824,2.1832,-34.0305,1.225
1780910076.8414817,-0.2334,-0.6753,-0.1235,8.2443,25.145,8.3282,0.7251
1780910077.0440702,-0.1111,-1.0569,-0.7002,-50.2748,-99.9542,-14.2748,1.2726
1780910077.2426188,0.1628,-0.7109,-0.3123,42.0,-34.4733,-45.5725,0.7934
1780910077.454464,-0.2546,-1.2197,-0.5249,3.0916,-16.2519,14.0,1.3521
1780910077.6458917,-0.2136,-1.1487,-0.5688,-24.2137,-95.7481,9.3435,1.2995
1780910077.8422513,0.1101,-0.0398,-0.6072,5.5878,-218.7863,-98.5649,0.6184
1780910078.0415878,-0.447,-1.197,-0.8269,-7.7557,-142.9237,-63.542,1.522
1780910078.2417014,0.1499,-0.2366,-0.3914,-12.3282,-110.0076,-45.8244,0.4812
1780910078.441999,0.2522,-1.2764,-0.8037,37.5802,-39.3664,-67.7939,1.5293
1780910078.6434512,-0.2083,-0.4983,-0.074,-4.8779,-58.4504,-9.2061,0.5451
1780910078.8416936,-0.0198,-1.0427,-0.8584,-8.542,-69.229,30.4351,1.3507
1780910079.0419385,0.1943,-0.1941,-0.0393,7.9847,-16.4886,-16.2748,0.2775
1780910079.2416215,-0.0488,-1.3645,-0.7056,0.8855,75.2214,24.5802,1.5369
1780910079.4422774,-0.1702,-0.4749,-0.1096,20.4198,-9.145,-8.2672,0.5162
1780910079.6456327,0.2439,-0.8281,-0.5288,-42.0382,-70.6641,16.3817,1.0124
1780910079.841821,0.0466,-0.7952,-0.3447,39.8626,-44.3435,-58.145,0.8679
1780910080.041638,0.0972,-1.0452,-0.2288,-38.1298,63.9084,68.4427,1.0743
1780910080.2463818,0.2412,-0.7954,-0.2329,-16.626,50.2061,2.916,0.8632
1780910080.4452956,-0.0583,-0.4207,0.1113,34.9237,-16.7634,-11.3588,0.439
0,0,0,0,0,0,0,0
0,0,0,0,0,0,0,0
1780910081.6125884,0.1248,-0.4834,-0.1174,34.542,179.8321,7.4122,0.5129
1780910081.8126574,-0.7798,-1.5161,-0.3926,15.4122,143.9847,49.5191,1.7495
1780910082.012497,0.196,-0.5083,-0.3735,28.3206,82.1298,9.5344,0.6606
1780910082.2140229,-0.6626,-1.9258,-0.3354,39.8626,102.5954,58.1908,2.064
1780910082.4137042,0.1934,-0.4744,-0.1848,-14.9924,88.5496,31.542,0.5446
1780910082.629723,0.1155,-1.0593,-0.4436,-41.5344,40.4733,1.626,1.1542
1780910082.8191373,-0.1743,-0.4204,0.0586,-2.0992,-30.7863,-35.4733,0.4589
1780910083.026237,-0.3499,-1.741,-0.9514,9.7939,-45.0992,-2.7634,2.0146
1780910083.2125986,0.2146,-0.3518,-0.1692,32.084,8.2595,2.1298,0.4455
1780910083.4149928,-0.1592,-2.0,-0.9753,-16.8855,47.2901,-19.2595,2.2308
1780910083.61817,-0.1509,-0.4509,0.0247,-8.0305,-32.0229,-54.2137,0.4761
1780910083.8232858,-0.4382,-1.7512,-1.0962,-13.458,-45.4885,23.0458,2.112
1780910084.0257163,0.0798,-0.3591,-0.3242,-1.6565,-76.145,-28.855,0.4904
1780910084.2247362,-0.1384,-1.7114,-0.9492,-86.7405,-116.6565,-31.8626,1.9619
1780910084.4139626,-0.2334,-0.2273,-0.5764,-59.374,-218.5878,-102.855,0.6621
1780910084.6135557,-0.1445,-2.0,-0.8352,-93.2595,-173.5573,-15.0,2.1722
1780910084.813201,-0.2715,-0.2478,-0.2292,-9.5878,-123.2595,-71.9924,0.4332
1780910085.0126357,0.3682,-1.6741,-0.4194,-36.229,-28.9924,-7.687,1.7646
1780910085.2144256,-0.363,-0.4263,0.0054,-14.0687,-38.084,-3.9313,0.5599
1780910085.4138117,-0.3201,-1.542,-0.7844,-7.9542,-58.3511,-3.9389,1.7594
1780910085.6140246,-0.0872,-0.6445,-0.179,44.7023,36.3969,8.458,0.6746
0,0,0,0,0,0,0,0
0,0,0,0,0,0,0,0
1780910091.4517703,-0.1023,-0.8669,0.0811,-8.9771,-56.3282,3.8015,0.8767
1780910091.6524649,0.0706,-1.0356,-0.3437,25.3817,33.5573,-10.6565,1.0935
1780910091.8517115,-0.0645,-0.8354,-0.3772,6.229,28.0305,-24.771,0.9189
1780910092.0510833,-0.2097,-0.7419,-0.0522,-15.2824,-19.8321,-7.9313,0.7728
1780910092.2519703,-0.3745,-1.126,-0.9106,49.1832,-20.4886,23.7328,1.4958
1780910092.4525492,0.1711,-0.5879,-0.2732,8.2519,7.8168,28.1985,0.6705
1780910092.652332,-0.0957,-1.7258,-1.1296,-8.2672,38.9084,25.8702,2.0649
1780910092.8548815,-0.501,-0.7566,0.0322,40.8092,12.229,-31.4351,0.908
1780910093.0518422,-0.3059,-1.5955,-1.0991,-48.8015,-80.0611,17.6412,1.9614
1780910093.2519364,0.1528,-0.553,-0.1655,19.2901,-10.4733,1.3053,0.5971
1780910093.479934,-0.1482,-1.4326,-1.2583,-40.2977,22.0916,18.7634,1.9125
1780910093.6583598,-0.2908,-0.4998,-0.187,9.5115,-4.3053,-1.7557,0.6077
1780910093.8515036,-0.1997,-1.5537,-1.208,-95.4046,-109.1374,-5.6107,1.9782
1780910094.0562034,-0.0645,-0.6812,-0.4053,29.0687,-100.687,-47.3817,0.7952
1780910094.2614295,-0.4146,-1.04,-0.8303,-23.8092,-120.9847,-46.5496,1.3939
1780910094.4532387,-0.2439,-0.334,-0.3271,-15.4962,-210.0153,-45.1832,0.5273
1780910094.6518202,0.1484,-0.5525,-0.6892,0.3435,-205.1756,-85.5115,0.8957
1780910094.8526027,-0.5437,-0.9561,-0.6743,30.7405,-65.4504,5.1145,1.2901
1780910095.0519164,-0.0151,-0.6826,-0.541,-30.8702,-34.1603,-28.6565,0.8711
1780910095.2534935,-0.1362,-0.6792,-0.2642,3.2214,14.3664,-16.1756,0.7414
1780910095.4520507,-0.1018,-1.0142,-0.7847,-40.3969,-67.771,12.7252,1.2863
1780910095.6516106,0.0867,-0.8374,-0.6621,-4.7863,-2.4427,-25.5267,1.071
0,0,0,0,0,0,0,0
0,0,0,0,0,0,0,0
1780910106.6092474,-0.283,-0.8896,-0.0737,-1.3664,-6.9771,-4.1679,0.9365
1780910106.7989538,-0.3564,-0.9036,-0.5032,-8.8473,-42.1908,-30.0458,1.0939
1780910106.9994526,-0.1836,-0.8887,-0.4351,-47.2443,-72.3969,-31.313,1.0063
1780910107.1990047,0.0669,-0.7771,-0.4429,-19.5038,-98.0992,-42.1679,0.8969
1780910107.4077313,-0.1599,-0.8369,-0.397,-28.4962,-107.5649,-45.5725,0.94
1780910107.599135,-0.2029,-0.9932,-1.071,-20.0458,-125.6718,-31.313,1.4747
1780910107.8027022,0.0688,-0.6367,-0.2942,-12.9771,-39.5802,-13.0076,0.7048
1780910107.9989243,-0.1018,-1.0171,-0.4595,-1.1527,-8.0534,-5.8397,1.1207
1780910108.198906,-0.3706,-0.8257,-0.3672,-13.7252,14.0534,18.9008,0.9767
1780910108.3985083,-0.0432,-0.7419,-0.7844,20.626,-84.8168,-31.084,1.0806
1780910108.6078925,-0.1099,-0.8025,-0.4539,-7.6183,-55.3359,-12.2366,0.9285
1780910108.800461,-0.1289,-0.8931,-0.5283,-34.1069,8.6031,1.9542,1.0456
1780910109.0054126,-0.4385,-0.9092,-0.4275,-12.0687,24.9008,11.1069,1.0962
1780910109.1994119,0.0459,-0.7832,-0.6714,-3.687,-44.2672,-3.6947,1.0326
1780910109.39928,0.064,-0.8538,-0.459,-5.1679,-94.6489,-50.4122,0.9714
1780910109.5982382,-0.209,-1.0481,-0.8501,13.5496,-26.3664,-5.2214,1.3656
1780910109.7993274,-0.5278,-0.8206,-0.3572,-27.5802,-111.6107,8.5878,1.039
1780910109.998973,-0.01,-0.5742,-1.0359,-33.5344,-215.1832,-76.5115,1.1844
1780910110.1988723,-0.3186,-0.4871,-0.1956,46.2672,-118.7252,-60.0076,0.614
1780910110.402011,0.019,-0.9407,-0.7034,-37.0,-92.4046,-43.2672,1.1747
1780910110.5989766,-0.0706,-1.0415,-0.4929,13.6947,-26.8473,-37.8473,1.1544
1780910110.8602412,-0.262,-0.8271,-0.5159,-2.8168,-86.1374,-25.626,1.0094
1780910110.9993289,-0.0149,-0.9084,-0.4666,-22.4351,-50.6336,-26.4733,1.0214
1780910111.1994395,-0.0454,-0.686,-0.2837,9.458,4.9924,-22.9771,0.7438
0,0,0,0,0,0,0,0
0,0,0,0,0,0,0,0
1780910117.3149736,0.0508,-1.0564,-0.1604,-24.9008,-1.7786,6.0458,1.0697
1780910117.514365,-0.1768,-0.6733,-0.2871,-50.1908,-36.855,-16.5878,0.753
1780910117.7146773,-0.2612,-1.3484,-0.3867,-9.5954,-71.0992,-18.5725,1.4269
1780910117.9143844,0.2424,-0.4932,-0.1714,-39.1985,-5.1298,-34.5115,0.5756
1780910118.1140306,-0.4084,-1.3684,-0.6316,83.5878,62.1374,11.5573,1.5615
1780910118.3142257,-0.1206,-0.4438,-0.2129,-27.2977,42.8855,20.855,0.5068
1780910118.5138538,-0.0042,-1.1438,-0.6663,-107.5878,-74.7939,2.8015,1.3237
1780910118.7144475,0.2498,-0.4219,-0.1455,6.2443,-11.1527,9.7786,0.5114
1780910118.9142659,-0.1765,-1.437,-0.5681,-4.6718,22.4656,0.8015,1.5553
1780910119.1183188,-0.3337,-0.751,-0.4382,-7.5802,61.5954,14.6412,0.9313
1780910119.3194642,-0.093,-0.8518,-0.4058,-40.5191,0.9771,-10.1832,0.9481
1780910119.5139117,-0.031,-0.6082,-0.323,-27.5649,-67.0,-77.4427,0.6893
1780910119.7138827,-0.7271,-1.2056,-0.2729,21.8473,-19.9237,-5.6489,1.434
1780910119.9133382,0.0784,-1.2673,-0.9456,-43.4504,-160.0382,4.3511,1.5831
1780910120.1150749,0.0007,-0.2449,-0.543,-14.1374,-226.0916,-57.2366,0.5956
1780910120.3139443,-0.2859,-1.1423,-0.679,-22.8473,-134.458,-34.5115,1.3593
1780910120.5145147,0.158,-0.5134,-0.636,0.0763,-133.1679,-43.2214,0.8325
1780910120.7140923,-0.105,-1.217,-0.499,8.9466,-2.5725,-13.4504,1.3196
1780910120.9174504,-0.0583,-0.5562,-0.2993,-1.0916,-83.4962,-20.458,0.6343
1780910121.1140227,-0.0635,-0.8347,-0.3677,3.8702,-41.4809,-15.4733,0.9143
1780910121.314253,-0.2598,-0.7986,-0.1243,28.1221,9.6107,-5.8779,0.8489
1780910121.5144012,0.0063,-0.8354,-0.3442,-38.1374,57.6794,21.3206,0.9036
0,0,0,0,0,0,0,0
0,0,0,0,0,0,0,0
1780910142.6863594,-0.0164,-0.9377,-0.0381,22.6947,-61.9237,0.1985,0.9387
1780910142.887165,-0.01,-1.0452,-0.2051,7.5115,-55.2214,1.5115,1.0651
1780910143.0830953,-0.1426,-0.9099,-0.2515,7.313,-86.6718,-4.7863,0.9547
1780910143.2830756,-0.1714,-1.0588,-0.095,-26.6489,-89.7023,-15.6565,1.0768
1780910143.492918,-0.0759,-0.7024,-0.1943,-6.6947,-6.084,-29.458,0.7327
1780910143.685407,-0.3621,-1.0559,-0.1729,-6.145,18.1069,-9.229,1.1296
1780910143.883304,-0.052,-0.7339,-0.3711,9.3664,-61.3588,1.1985,0.824
1780910144.0832348,-0.1079,-1.0562,-0.2329,-63.8931,-87.3206,-13.4656,1.0869
1780910144.2839446,0.0032,-0.8311,-0.3464,37.6412,6.4504,-12.3435,0.9004
1780910144.4835193,-0.2905,-0.7751,-0.012,-29.2519,36.2443,6.5267,0.8279
1780910144.683784,-0.1797,-0.9692,-0.4917,9.8626,-44.9237,-0.2366,1.1016
1780910144.8853996,-0.1912,-0.9072,-0.1987,-19.3206,-92.1069,-11.9618,0.9482
1780910145.0852573,-0.1831,-0.8411,-0.3027,18.3359,-67.626,-44.3588,0.9125
1780910145.28308,-0.0183,-0.9897,-0.4216,-40.4122,-109.1756,54.3893,1.076
1780910145.4836974,-0.1494,-0.552,-0.5435,-25.1221,-193.3512,-33.0229,0.7889
1780910145.683166,-0.4238,-1.3625,-0.6001,-86.5649,-141.916,-79.9847,1.548
1780910145.891262,-0.0303,-0.6641,-0.3418,-11.0153,-111.6565,-41.0916,0.7475
1780910146.083523,0.115,-1.0427,-0.2556,0.4122,-19.3893,-26.7634,1.0797
1780910146.283138,-0.2661,-0.7285,-0.2634,-22.4733,-79.771,-11.313,0.8191
1780910146.4843729,-0.2371,-1.0708,-0.3396,5.0153,-76.6489,-23.5114,1.1481
1780910146.6834066,-0.0566,-0.5757,-0.1514,15.855,11.7634,-2.2137,0.5979
1780910146.8978148,0.1809,-1.1694,-0.6975,-10.3664,4.4504,-69.374,1.3736
1780910147.0902271,-0.2642,-0.6169,-0.1917,-16.1221,-7.4351,-10.3359,0.6979
0,0,0,0,0,0,0,0
0,0,0,0,0,0,0,0
1780910149.2210538,0.0657,-0.292,-0.2722,2.5115,172.687,32.6489,0.4046
1780910149.4209526,-0.6846,-1.8027,-0.5352,35.1603,109.4046,41.8473,2.0012
1780910149.6207318,0.0701,-0.5037,-0.2583,37.313,105.1756,32.3206,0.5704
1780910149.8211374,-0.3416,-1.2502,-0.5266,21.3893,125.1679,38.5191,1.399
1780910150.0215101,0.0151,-0.7126,-0.2417,-19.4504,90.6641,31.9313,0.7527
1780910150.2212782,0.0413,-1.1025,-0.4971,3.0382,103.1221,15.6794,1.2101
1780910150.4224567,-0.3345,-0.7361,-0.2969,-6.3435,60.626,40.0305,0.8613
1780910150.623209,-0.1609,-1.1536,-0.5981,14.4046,-68.2901,0.1069,1.3093
1780910150.8253329,-0.0408,-0.7104,-0.2256,-3.2366,-50.5649,-21.7481,0.7465
1780910151.0255656,-0.0471,-1.2605,-0.6023,23.4656,52.1298,19.2901,1.3978
1780910151.22517,-0.4604,-0.8994,-0.2258,43.6947,49.1298,23.2214,1.0354
1780910151.4217896,-0.1865,-0.7593,-0.5942,27.7023,-39.7023,22.1908,0.982
1780910151.6240113,0.1282,-0.5259,-0.248,-37.7252,-57.4809,-15.5344,0.5954
1780910151.8217444,-0.1006,-1.2844,-0.4519,40.2366,48.916,-10.2519,1.3653
1780910152.0210316,-0.3684,-0.7432,-0.3259,4.3435,5.542,54.3817,0.8912
1780910152.2212334,-0.1453,-0.9954,-0.5935,-6.5115,-87.6183,-0.8244,1.1679
1780910152.4230707,-0.2527,-0.9473,-0.3513,-38.2595,-78.7481,-61.7252,1.0414
1780910152.6216476,-0.3164,-1.1279,-0.7461,-20.916,-66.2443,-61.7634,1.3889
1780910152.8213062,-0.3481,-0.7476,-0.5522,-27.0382,-177.0229,-3.2366,0.9925
1780910153.0243113,0.0178,-0.7725,-1.1531,-16.8626,-201.4504,-61.3969,1.388
1780910153.2216384,-0.1899,-0.8315,-0.4734,-13.0611,-117.5954,-38.9695,0.9755
1780910153.4217222,0.0635,-0.9685,-0.5769,19.2443,-45.4733,-1.4733,1.1291
1780910153.621777,-0.1086,-1.1643,-0.571,-2.0611,23.1985,15.2824,1.3013
0,0,0,0,0,0,0,0
0,0,0,0,0,0,0,0
1780910156.7415817,0.1108,-0.5254,-0.4736,33.9466,157.2443,31.6947,0.716
1780910156.9418411,-0.4316,-1.6682,-0.6013,15.7176,128.8397,30.1298,1.8251
1780910157.143294,0.1785,-0.6218,-0.4067,34.5725,137.1908,50.8397,0.7642
1780910157.3420951,-0.3528,-1.3091,-0.5696,-16.8015,110.1527,41.8321,1.4706
1780910157.5420833,0.0786,-0.6694,-0.323,9.0305,83.0076,19.8779,0.7474
1780910157.7424724,-0.0588,-1.0742,-0.405,30.313,116.458,-24.5573,1.1495
1780910157.9408972,-0.1921,-0.5723,-0.1287,-4.8931,61.6641,9.5191,0.6172
1780910158.1432276,-0.3994,-1.7349,-0.7805,-5.1145,-52.6031,41.313,1.9438
1780910158.3911116,-0.0364,-0.6067,-0.1614,-11.6107,-41.1221,-23.2214,0.6288
1780910158.5520256,0.064,-1.2573,-0.355,-3.6641,42.3969,-18.8931,1.308
1780910158.796792,-0.2419,-0.6309,-0.1738,-9.0,-1.9695,21.9847,0.6977
1780910158.940857,-0.0918,-1.635,-0.8025,-26.7405,-83.9618,47.2366,1.8236
1780910159.1408205,0.1829,-0.7183,-0.1426,14.5344,-9.7099,-11.3282,0.7548
1780910159.3408017,0.1816,-1.6479,-0.6023,10.7405,66.1603,74.2901,1.7639
1780910159.5409522,-0.3599,-0.5801,-0.188,-7.1374,3.0458,-6.3817,0.708
1780910159.7406497,-0.3459,-1.6147,-0.791,-23.1985,-86.7481,31.0458,1.8311
1780910159.9428713,-0.022,-0.3652,-0.0999,4.6947,-80.8244,-33.6031,0.3793
1780910160.149089,-0.3928,-1.4829,-0.5212,-10.0534,-90.6107,-13.8397,1.6202
1780910160.3508985,-0.2593,-0.4915,-0.5166,-60.8244,-216.5725,-86.5115,0.7587
1780910160.5912447,-0.0833,-1.1833,-0.5571,-15.8321,-223.8473,-19.1832,1.3106
1780910160.740763,-0.2085,-0.4211,-0.1865,-5.3664,-93.8473,-17.0534,0.5056
1780910160.9407237,-0.1025,-1.4434,-0.6099,16.1679,-45.4733,-17.5038,1.5703
1780910161.1418114,-0.1304,-0.665,-0.0808,-33.8702,-18.5344,-15.9771,0.6825
0,0,0,0,0,0,0,0
0,0,0,0,0,0,0,0
1780910163.4297538,0.0676,-1.0115,-0.5325,-16.4122,-41.916,13.2901,1.1451
1780910163.6288607,0.1826,-0.0195,-0.3525,-27.2977,16.2519,-29.6947,0.3975
1780910163.8287928,-0.4902,-2.0,-0.9321,-80.5649,-11.6336,-29.2214,2.2604
1780910164.0281868,0.082,0.0496,-0.3606,10.9542,1.8397,-10.9389,0.3731
1780910164.22823,-0.0017,-0.9878,-0.7383,10.2214,5.4046,-25.5038,1.2332
1780910164.4282076,-0.0889,-1.1484,-0.4006,5.1679,12.0076,7.0076,1.2196
1780910164.6295352,-0.207,0.3083,0.4575,60.8397,-52.3359,9.7481,0.5893
1780910164.828458,-0.9763,-2.0,-0.3074,-20.771,1.0153,93.3282,2.2467
1780910165.0322618,0.2839,0.4094,-0.0884,26.1985,-15.7099,2.0916,0.506
1780910165.2286088,-0.8972,-2.0,-0.8694,-60.9924,-3.6031,-41.1145,2.3581
1780910165.4288526,0.0198,0.2388,-0.1643,-20.7786,17.4122,-0.8626,0.2905
1780910165.6317327,-0.0515,-0.9553,-0.4976,26.5802,-5.2901,-40.9771,1.0784
1780910165.8317297,0.0818,-1.1357,-0.6172,-70.9924,26.9618,4.2977,1.2952
1780910166.0287242,-0.0955,0.4163,0.2632,69.6031,2.6565,34.3053,0.5016
1780910166.2280767,-1.2505,-2.0,-0.9136,-32.3969,9.1374,24.2214,2.5295
1780910166.4292676,0.0752,0.1582,0.0767,-25.1756,1.6336,1.5802,0.1912
1780910166.6303227,-0.02,-1.1899,-0.7192,71.2748,6.626,-87.084,1.3906
1780910166.8288717,-0.1213,-0.7019,-0.5601,-57.7786,-1.8779,20.0458,0.9061
1780910167.0286744,0.0776,0.2019,-0.0381,34.4122,-40.4275,-14.8092,0.2196
1780910167.2284107,-0.4734,-2.0,-0.2905,-37.5954,-74.4657,-19.2214,2.0757
1780910167.428442,0.1379,0.4104,-0.0852,31.855,-59.3664,6.9466,0.4413
0,0,0,0,0,0,0,0
0,0,0,0,0,0,0,0
1780910187.8742092,-0.0232,-0.9663,-0.1899,-16.084,-26.313,-15.7405,0.9851
1780910188.07596,-0.179,-0.9546,-0.1646,8.1832,-53.1908,-16.687,0.9851
1780910188.2743483,-0.0312,-1.1624,-0.5183,4.7252,-67.1679,-12.1832,1.2731
1780910188.474118,-0.1348,-1.0955,-0.3613,-22.3206,-69.6565,-6.4809,1.1614
1780910188.6736846,-0.2273,-0.8591,-0.2205,-0.0458,-51.0458,-13.7176,0.9156
1780910188.8767798,-0.0623,-1.2256,-0.6794,-20.542,-41.7786,-18.145,1.4027
1780910189.0757575,-0.1375,-0.6338,-0.198,-7.0229,-67.1145,-26.9847,0.6781
1780910189.2746263,-0.0332,-0.6482,-0.4138,25.5573,-82.1221,-2.2901,0.7697
1780910189.4738305,-0.0117,-0.6133,-0.3088,-29.0076,-75.7176,-28.2977,0.6868
1780910189.6731014,0.1353,-1.2932,-0.4375,18.5954,-17.5649,2.3817,1.3719
1780910189.873824,-0.2437,-1.2258,-0.3416,-15.0,1.458,27.6412,1.2956
1780910190.0738857,-0.1787,-0.9856,-0.1846,15.8626,-84.9466,-36.9313,1.0185
1780910190.2737129,-0.4446,-0.7205,-0.6782,100.0382,-6.4733,11.7328,1.0848
1780910190.473939,0.0503,-0.4993,-0.1941,-12.8092,-41.7939,-16.9618,0.538
1780910190.6732223,-0.2087,-1.0889,-0.0732,12.8779,-28.7786,19.8321,1.1111
1780910190.8747492,-0.5076,-0.9814,-0.554,-48.5878,-109.5191,3.0305,1.236
1780910191.07285,-0.1868,-0.7251,-0.8945,-22.2901,-224.5649,-68.9695,1.1665
1780910191.2754552,-0.3198,-1.1021,-0.6235,-9.8015,-144.8321,-54.1527,1.306
1780910191.4746213,-0.2354,-0.5535,-0.2307,7.9847,-108.3282,-29.9008,0.6442
1780910191.6728342,0.2273,-1.6189,-0.2214,-41.5191,-99.6794,-52.4122,1.6497
1780910191.8730166,-0.1521,-0.5046,-0.2075,14.145,-37.916,-27.6565,0.5664
1780910192.0737221,-0.3208,-1.2715,-1.0879,-49.2748,-99.0229,7.5191,1.7038
0,0,0,0,0,0,0,0
0,0,0,0,0,0,0,0
1780910199.5253472,-0.2332,-0.8252,-0.5967,-19.8473,-29.313,0.8779,1.0447
1780910199.7254496,-0.1624,-0.5408,-0.3813,-31.5344,21.0382,13.4885,0.6813
1780910199.9243817,-0.1711,-0.7837,-0.7749,-20.2519,12.3893,-8.8931,1.1153
1780910200.1241474,-0.0332,-0.7366,-0.8218,-3.5725,-19.5038,-23.8779,1.1041
1780910200.3239825,-0.1331,-0.7542,-0.665,18.855,-10.5267,1.9542,1.0143
1780910200.5233126,-0.1162,-0.9595,-0.6763,62.2443,-30.9008,-16.4886,1.1796
1780910200.7275727,-0.4375,-1.2729,-1.0754,36.1527,25.9008,-50.2595,1.7229
1780910200.9237413,-0.126,-1.0029,0.0347,93.4351,3.2443,3.1298,1.0114
1780910201.1241639,-0.2336,-0.8479,0.4062,112.1679,-34.1298,9.8092,0.9688
1780910201.3242588,-0.2202,-0.8296,0.3938,102.2443,-16.0687,15.5496,0.9443
1780910201.5240488,-0.1655,-0.5342,0.791,105.0534,-7.0076,20.2672,0.9687
1780910201.723937,-0.1768,-0.1099,0.9846,97.2366,-14.3588,16.6031,1.0064
1780910201.923381,-0.1875,0.0903,0.8625,0.2672,-36.8473,4.2443,0.8873
1780910202.1371639,0.0408,0.0286,0.7805,-36.6947,12.0687,-22.3053,0.7821
1780910202.324562,-0.0042,-0.2144,0.9121,-30.145,-1.9313,-10.8244,0.937
1780910202.5242307,-0.2009,-0.188,0.8796,9.1908,31.0687,11.0229,0.9217
1780910202.7243721,-0.2441,-0.1372,0.8401,-2.8779,2.5802,5.0611,0.8855
1780910202.9245133,-0.1743,-0.1624,0.9124,1.7023,2.5496,-0.4656,0.9429
1780910203.1240625,-0.1958,-0.1318,0.9109,-1.3206,5.3282,-2.2672,0.941
0,0,0,0,0,0,0,0
0,0,0,0,0,0,0,0
1780910214.0125015,0.05,-0.9507,-0.3401,6.9389,2.1832,4.8855,1.0109
1780910214.2127151,0.0476,-0.937,-0.3096,6.3359,0.6947,0.1298,0.988
1780910214.411839,0.0068,-1.0042,-0.3508,22.5573,-8.9466,5.313,1.0637
1780910214.6122353,0.0054,-0.97,-0.1736,27.3282,-8.6565,9.1221,0.9854
1780910214.8121622,-0.0652,-1.054,-0.1865,70.7481,-10.0382,25.3969,1.0723
1780910215.0133297,-0.134,-0.8843,0.2563,67.5343,2.2748,26.8092,0.9304
1780910215.2127492,-0.2815,-0.7178,0.73,57.6336,26.9771,3.4733,1.0617
1780910215.4122565,-0.1682,-0.5566,0.6919,99.6641,-7.7634,28.1527,0.9038
1780910215.6115966,-0.1628,-0.0029,0.9456,77.7939,-35.5878,21.3969,0.9595
1780910215.8122873,-0.4141,-0.0144,1.189,-6.9008,-46.0992,-28.2366,1.2591
1780910216.0159585,0.1599,-0.1687,0.6841,46.6947,16.855,14.3817,0.7225
1780910216.2136252,-0.1528,-0.2595,0.7351,-9.4656,-0.6412,6.8473,0.7944
1780910216.4124405,-0.1091,-0.198,0.844,-0.7557,-1.0382,-0.1679,0.8737
1780910216.6127667,-0.145,-0.1311,0.9055,3.1679,0.8473,-0.6565,0.9264
1780910216.812291,-0.1406,-0.1279,0.886,1.5573,1.2061,-1.0229,0.9062
1780910217.0118785,-0.1458,-0.1089,0.9065,-2.6412,-1.2748,1.6489,0.9246
1780910217.2119496,-0.1548,-0.1626,0.9255,-15.2672,-0.9389,-2.9771,0.9524
1780910217.4121335,-0.1709,-0.0149,0.8186,-3.1756,17.2595,-28.626,0.8364
1780910217.6117487,-0.6338,-0.1316,0.6318,-72.3588,62.2977,-34.2443,0.9046
1780910217.812381,-0.3481,-0.55,0.647,-110.0458,8.7023,-46.7176,0.9178
1780910218.0124602,-0.252,-0.6807,0.4944,-55.8931,-26.2137,-14.1756,0.8782
1780910218.2115285,-0.0845,-0.9004,0.155,-79.9313,-39.542,-18.8855,0.9175
0,0,0,0,0,0,0,0
0,0,0,0,0,0,0,0
1780910220.1239555,0.0037,-0.9482,-0.272,22.3206,-3.084,5.3664,0.9865
1780910220.3205774,-0.0232,-0.9963,-0.2756,28.3359,-2.4962,8.0534,1.034
1780910220.5198662,0.0278,-0.9753,-0.1667,36.8702,-5.9618,0.145,0.9899
1780910220.723061,-0.0232,-0.9595,0.019,36.8702,0.9008,5.2443,0.9599
1780910220.9230819,-0.0654,-0.9578,0.1689,36.9695,-5.5649,1.5191,0.9747
1780910221.1206195,-0.0146,-0.9465,0.2512,51.9542,12.2366,8.8168,0.9794
1780910221.3212306,-0.0713,-0.8025,0.4192,57.8244,7.4733,9.0153,0.9082
1780910221.5207222,-0.1924,-0.6206,0.5808,87.2366,7.4122,11.5878,0.8715
1780910221.721335,-0.2654,-0.5691,0.8232,51.6336,-1.0076,21.7634,1.0354
1780910221.9212132,-0.3425,-0.2769,0.9678,49.2061,-28.2977,4.9237,1.0633
1780910222.1209466,-0.2769,0.041,1.1567,26.7634,-23.1832,-2.4733,1.1901
1780910222.3204339,-0.0354,-0.5469,0.7566,-29.4351,5.916,-6.0916,0.9342
1780910222.5208364,-0.3247,-0.2637,0.916,5.5267,1.084,-3.9771,1.007
1780910222.7220619,-0.249,-0.2158,0.9041,1.0687,-0.0458,4.3282,0.9622
1780910222.9210973,-0.2187,-0.1897,0.9153,5.374,-6.0,-2.3206,0.96
1780910223.1232748,-0.2141,-0.1931,0.8992,0.6183,-2.7939,-0.3817,0.9443
1780910223.324586,-0.2024,-0.21,0.8806,-3.3664,-3.3435,0.5649,0.9276
1780910223.5217474,-0.2097,-0.22,0.886,2.8321,0.4427,0.2595,0.9367
1780910223.72469,-0.2043,-0.1755,0.8923,0.9389,1.7481,0.4427,0.9321
0,0,0,0,0,0,0,0
0,0,0,0,0,0,0,0
1780910228.0353673,-0.0076,-0.946,-0.3403,-0.2824,-4.7023,0.0458,1.0054
1780910228.2319064,-0.0234,-0.947,-0.3445,-0.374,-4.5038,-0.2137,1.008
1780910228.43209,-0.0056,-0.9463,-0.3418,5.2519,-2.3435,1.6336,1.0061
1780910228.6313856,-0.0247,-0.9626,-0.3672,14.9466,-0.7099,3.0382,1.0306
1780910228.8321447,-0.0183,-0.9587,-0.3025,29.4275,7.771,4.3206,1.0055
1780910229.0322828,-0.0574,-0.9963,-0.1797,26.8092,8.5267,13.2824,1.014
1780910229.2331176,-0.1301,-0.9668,0.0134,39.6565,11.5496,14.2519,0.9756
1780910229.4314797,-0.199,-0.9585,0.166,40.1985,-5.5038,14.5496,0.9929
1780910229.632201,-0.1057,-0.8579,0.2056,43.5267,3.5496,5.1908,0.8885
1780910229.8317342,-0.281,-0.6753,0.4675,31.9924,23.7252,41.8321,0.8681
1780910230.0351152,-0.2576,-0.8025,0.2859,5.2061,-48.5954,-41.0,0.89
1780910230.2323146,-0.2307,-0.5894,0.6663,23.7405,-34.916,-10.2519,0.919
1780910230.4340656,-0.0134,-0.5225,0.6025,38.6489,-4.4275,-16.3969,0.7976
1780910230.6348748,-0.2822,-0.1106,1.27,62.3359,5.9466,27.3435,1.3057
1780910230.8317926,0.0403,-0.356,0.9121,-7.855,-33.2824,20.0229,0.9799
1780910231.035533,0.0278,-0.2129,0.9185,-5.0229,16.1374,4.6565,0.9432
1780910231.2317195,-0.134,-0.198,0.8718,-0.0229,-6.8779,-2.4198,0.904
1780910231.431971,-0.0583,-0.165,0.9185,-2.9084,0.0534,-5.6794,0.935
1780910231.6324217,-0.0723,-0.1685,0.925,-2.6412,-1.0687,-1.0611,0.943
1780910231.8383512,-0.0691,-0.1787,0.9067,-3.6107,-3.0,1.4809,0.9268
1780910232.0325038,-0.0652,-0.1748,0.9133,-4.5496,-2.084,0.4504,0.9322
1780910232.2321484,-0.0747,-0.1707,0.9197,2.4046,0.3893,0.3969,0.9384
1780910232.4325485,-0.0776,-0.1577,0.9219,0.8397,-1.084,-0.6641,0.9385
1780910232.6321452,-0.0696,-0.1516,0.918,2.7557,-2.7939,-0.0992,0.933
0,0,0,0,0,0,0,0
0,0,0,0,0,0,0,0
1780910238.884474,-0.0691,-0.9326,-0.3704,13.6489,-7.313,-6.855,1.0058
1780910239.085483,-0.0298,-0.9419,-0.3584,24.9008,-3.2824,9.0229,1.0082
1780910239.2965145,-0.0747,-0.9673,-0.2271,56.1221,2.0,2.542,0.9964
1780910239.4846315,-0.0649,-0.9451,-0.032,44.9084,-6.3053,9.1221,0.9478
1780910239.685237,-0.1367,-0.9802,0.1746,56.8855,-4.687,12.4885,1.005
1780910239.8886023,-0.0959,-0.9099,0.2363,59.3588,1.2748,21.1679,0.945
1780910240.0852618,-0.4839,-0.6902,0.6091,54.8321,12.2748,29.4046,1.04
1780910240.2855978,-0.3599,-0.8181,0.4297,29.9618,-20.9389,10.374,0.9917
1780910240.484947,-0.3821,-0.3992,0.9084,56.9008,-31.145,27.1908,1.0633
1780910240.6874197,-0.2578,-0.0913,1.2244,9.5649,-43.3359,-9.0992,1.2545
1780910240.8866477,-0.1489,-0.4946,0.7688,-15.2824,0.7328,-25.7634,0.9262
1780910241.0846336,-0.0999,-0.3394,0.8904,-2.5267,-5.3282,18.771,0.9581
1780910241.2847588,-0.0203,-0.0798,1.2471,29.7863,-23.4733,-8.916,1.2498
1780910241.4897575,-0.1104,-0.1304,0.9546,6.4656,-1.9466,-5.5191,0.9698
1780910241.6854842,-0.1177,-0.155,0.926,-3.7786,-0.9695,-1.1145,0.9463
1780910241.884727,-0.1055,-0.1458,0.9165,-4.8168,-1.5038,0.7939,0.934
1780910242.0846782,-0.1187,-0.1921,0.9031,-3.7786,-1.8855,1.4656,0.9309
1780910242.2869673,-0.106,-0.1826,0.895,-1.2824,-0.1221,1.1985,0.9196
1780910242.4850647,-0.1113,-0.1553,0.9192,-1.458,-1.0611,-0.9695,0.9388
1780910242.685351,-0.123,-0.1494,0.9216,0.2748,-1.0382,0.7176,0.9417
1780910242.8853185,-0.1277,-0.1499,0.9316,-0.374,-1.3435,-0.542,0.9522
1780910243.0837567,-0.0962,-0.1421,0.8936,-0.2672,0.2519,1.2214,0.9099
0,0,0,0,0,0,0,0
0,0,0,0,0,0,0,0
1780910251.225727,0.0271,-0.9778,-0.2905,20.7481,2.6107,11.771,1.0204
1780910251.424774,-0.1113,-1.0046,-0.1846,45.8702,4.0305,17.5344,1.0275
1780910251.625608,-0.1172,-1.0164,0.0024,55.3206,0.7481,30.374,1.0231
1780910251.8332932,-0.2998,-0.9246,0.2471,76.5496,-18.3435,20.0382,1.0029
1780910252.0255818,-0.3816,-0.9431,0.4553,96.4733,-10.8779,8.8702,1.1146
1780910252.2251444,-0.2988,-0.3972,0.9348,92.1679,-0.2366,31.084,1.0588
1780910252.4254684,-0.4836,-0.2493,1.1169,149.8015,29.9084,38.4733,1.2424
1780910252.6312995,-0.4316,0.5679,1.2737,64.2824,-40.855,24.2901,1.4598
1780910252.8263972,0.2202,-0.4001,0.821,-13.8168,-20.3817,-24.3893,0.9395
1780910253.0262873,-0.1665,-0.1348,0.9602,-25.1756,33.4122,6.8092,0.9838
1780910253.2261882,0.0076,-0.1658,0.9932,-0.458,32.0229,15.0916,1.0069
1780910253.425421,-0.321,-0.2,0.915,-27.7557,46.2977,0.916,0.9901
1780910253.6260827,-0.4487,-0.2014,0.7561,5.1145,56.3893,-11.687,0.902
1780910253.878581,-0.5789,0.0474,0.7012,48.9847,56.5267,15.4656,0.9105
1780910254.0246518,-1.0432,-0.0759,0.3259,27.4656,54.9924,33.5115,1.0956
1780910254.2265546,-0.9788,-0.0488,0.2771,-32.4962,29.0382,-5.1756,1.0184
1780910254.4245925,-0.8438,0.1077,0.4641,-16.5954,-48.7557,-23.2214,0.969
1780910254.6253963,-0.8672,0.0515,0.4646,-14.1832,-35.4427,-2.1908,0.9852
1780910254.8247495,-0.8657,-0.1602,0.5195,-18.687,-58.8779,-28.6489,1.0223
1780910255.0264575,-0.3665,-0.1323,0.7329,-21.3588,-82.3817,-34.0076,0.83
1780910255.22602,-0.5173,-0.1121,0.8013,-12.1069,10.1679,38.4504,0.9603
1780910255.4269967,-0.5156,-0.3684,0.7688,18.5344,-96.6565,-2.3206,0.9963
1780910255.6248345,0.0215,-0.3179,0.7595,5.4198,-9.4809,25.6718,0.8236
1780910255.8333306,-0.1777,-0.1667,0.8994,1.916,-12.9847,-10.9695,0.9318
1780910256.0252347,-0.1152,-0.176,0.9324,0.2214,-20.5114,-4.5496,0.9558
1780910256.224792,-0.0437,-0.1599,0.9067,13.1145,-2.0076,-3.6031,0.9218
0,0,0,0,0,0,0,0
0,0,0,0,0,0,0,0
1780910262.5444744,0.0281,-0.9607,-0.0928,8.9313,2.229,3.1603,0.9656
1780910262.7416148,0.0359,-1.0366,-0.147,23.855,15.374,13.0458,1.0476
1780910262.9408326,-0.0242,-0.9973,0.0017,25.8168,10.1908,12.5954,0.9976
1780910263.1407053,-0.0574,-0.98,0.0579,24.9008,-2.9313,14.1374,0.9834
1780910263.340638,-0.0879,-0.9063,0.2261,25.9847,11.1603,14.8626,0.9381
1780910263.5424478,-0.2036,-0.8806,0.2415,30.3511,44.7405,27.2595,0.9355
1780910263.7417233,-0.3572,-1.1147,-0.0068,73.9084,8.1298,2.0076,1.1706
1780910263.9415731,-0.3472,-0.8313,0.3269,84.9542,-2.9695,27.542,0.9584
1780910264.1418962,-0.2842,-0.467,0.5552,60.5802,19.0305,33.0229,0.7792
1780910264.3948863,-0.6218,-0.1665,0.8811,-6.0992,-14.8168,7.8168,1.0912
1780910264.5446882,-0.4351,-0.3811,0.7415,0.7176,-15.626,16.6565,0.9404
1780910264.7412102,-0.5901,-0.4214,0.77,2.6412,-26.7176,11.7328,1.0577
1780910264.940646,-0.0925,-0.2192,0.9045,-15.8473,2.0534,-21.542,0.9353
1780910265.1542063,-0.4702,-0.3728,0.8237,1.6336,57.3511,-1.7863,1.0191
1780910265.3409376,-0.5901,-0.176,0.7187,-18.542,56.5725,-15.4504,0.9465
1780910265.5408962,-0.8052,-0.354,0.6235,14.3969,20.8626,28.2977,1.0782
1780910265.7418652,-0.855,-0.4285,0.5486,21.7939,-32.4122,4.8092,1.1025
1780910265.9416008,-0.4548,-0.1628,0.7839,28.0916,-35.2519,11.8473,0.9208
1780910266.1417215,-0.5642,-0.3291,0.7656,12.0,4.5344,13.4656,1.0064
1780910266.3405955,-0.5874,-0.2063,0.7896,4.4504,0.7099,10.5878,1.0055
1780910266.545527,-0.573,-0.251,0.7456,0.5954,-4.4351,2.5725,0.9733
1780910266.740732,-0.5125,-0.2791,0.7698,-1.2061,-7.8779,-0.8397,0.9659
1780910266.9410784,-0.4868,-0.2783,0.7522,-1.3511,-0.229,-1.8015,0.9382
1780910267.1438172,-0.4888,-0.2988,0.8208,-9.5878,-10.2672,0.2061,1.001
1780910267.3407845,-0.4297,-0.1479,0.7368,7.687,-2.1756,-0.3435,0.8657
0,0,0,0,0,0,0,0
0,0,0,0,0,0,0,0
1780910271.51482,0.1089,-0.9404,-0.3254,22.2443,5.7328,7.4275,1.0011
1780910271.7164564,0.1196,-0.938,-0.3579,22.4427,10.9313,5.1832,1.0111
1780910271.9166596,0.1294,-0.9607,-0.1804,33.7176,11.1679,12.2443,0.986
1780910272.1163547,0.0378,-0.9705,-0.0339,47.7176,1.9695,22.2214,0.9718
1780910272.3147764,-0.0977,-0.948,0.1333,75.0458,19.3664,34.229,0.9623
1780910272.5148227,-0.1509,-0.8499,0.2971,45.6489,32.2519,42.8855,0.9129
1780910272.7146826,-0.4414,-0.7488,0.4246,49.5649,-15.2901,18.5344,0.9673
1780910272.922612,-0.5601,-0.5928,0.6606,58.0763,16.9084,57.1298,1.0495
1780910273.1165183,-0.6687,-0.3667,0.6541,29.0611,16.1985,46.9084,1.0047
1780910273.3156366,-0.4661,-0.1819,0.7058,-19.8321,-53.0458,-13.3053,0.8651
1780910273.5153363,-0.6729,-0.3091,0.5686,11.9084,-45.1985,-7.229,0.9336
1780910273.713673,-0.3169,-0.2686,0.8018,38.1221,-48.8855,-24.9389,0.903
1780910273.913725,-0.1711,-0.2878,0.8755,14.6183,-26.5878,13.4427,0.9373
1780910274.1140862,-0.1372,-0.1492,0.8779,23.5038,-40.5115,8.8626,0.901
1780910274.3136861,0.196,-0.1379,0.9097,-9.2901,-40.4733,6.1221,0.9407
1780910274.5146208,-0.0356,-0.0776,1.0173,-30.7023,-38.4351,21.2748,1.0209
1780910274.7128172,0.3953,-0.0972,0.8738,-1.6412,-21.3664,1.5267,0.9639
1780910274.9148057,0.3398,-0.2476,0.8877,-17.5649,-15.8168,12.2977,0.9822
1780910275.1136982,0.3718,-0.1721,0.8435,5.6947,-0.9618,8.6947,0.9378
1780910275.3172913,0.3853,-0.1992,0.6753,-19.3206,3.5115,-8.313,0.8026
1780910275.5148664,0.2778,-0.1897,0.8501,-14.0458,17.3206,-7.542,0.9142
1780910275.7158098,0.3711,-0.2046,0.8994,-1.6947,12.5267,-10.084,0.9942
1780910275.9150715,0.0623,-0.249,0.8647,5.6718,60.687,2.3053,0.902
1780910276.114683,0.1326,-0.2148,0.8108,2.1527,7.6565,6.4504,0.8492
1780910276.3147423,-0.0522,-0.2986,0.8525,-9.0153,27.3435,-14.8015,0.9048
1780910276.5135667,-0.106,-0.2485,0.9104,-20.3282,38.2977,0.542,0.9496
1780910276.7137165,-0.3171,-0.292,0.7822,1.7023,30.9237,-17.0076,0.8931
0,0,0,0,0,0,0,0
0,0,0,0,0,0,0,0
1780910291.880916,-0.0193,-0.9636,-0.0679,14.9618,-7.6107,9.6718,0.9662
1780910292.0871587,-0.1865,-0.8994,0.0557,11.5115,-21.6565,16.1298,0.9202
1780910292.2793014,-0.1582,-0.8164,0.2371,74.9695,18.0382,28.3359,0.8647
1780910292.4793744,-0.155,-0.8413,0.3167,40.4275,0.5115,29.8321,0.9122
1780910292.6796708,-0.4219,-0.97,0.4175,22.916,50.0611,27.0076,1.1372
1780910292.9304256,-0.416,-0.4814,0.707,103.4809,8.7252,60.2519,0.9512
1780910293.0800068,-0.5967,-0.4287,0.7815,82.5649,-12.3206,55.2595,1.0726
1780910293.2826993,-0.0613,0.2209,0.7786,-85.8779,-147.2061,-58.4733,0.8116
1780910293.4788415,0.0242,-0.1868,0.7686,-1.8244,-49.0534,-15.0076,0.7913
1780910293.6787982,-0.0505,-0.2585,1.0137,22.2214,-10.7405,-2.5802,1.0473
1780910293.8794045,-0.1101,-0.1816,0.8518,22.1374,-0.0992,9.9008,0.8779
1780910294.0791001,-0.1016,-0.0852,0.8892,-8.0534,-24.4504,-1.4198,0.899
1780910294.280091,0.1338,-0.144,0.7925,12.458,25.7405,26.7099,0.8165
1780910294.4794066,-0.0127,-0.051,0.8887,7.3664,13.6412,1.9008,0.8902
1780910294.6797495,-0.1047,-0.0891,0.9426,-4.3511,7.9313,2.9847,0.9526
1780910294.8792963,-0.1001,-0.1145,0.9351,0.7786,-3.4122,-0.9389,0.9473
1780910295.079711,-0.0872,-0.1021,0.9531,2.4885,0.6412,1.3435,0.9625
1780910295.2793484,-0.0898,-0.0959,0.9233,-1.9542,-2.0916,0.7023,0.9326
1780910295.4796875,-0.0801,-0.0745,0.9419,0.7023,-3.9466,11.9237,0.9482
1780910295.6794548,-0.0854,-0.103,0.9043,-7.7099,-3.8931,-4.9542,0.9141
1780910295.881092,-0.0378,-0.1438,0.9072,-2.1679,-1.0534,-6.7176,0.9193
1780910296.0829732,-0.02,-0.1196,0.9395,-10.4656,26.0382,-5.2824,0.9473
1780910296.2808359,-0.0945,-0.0791,0.9341,7.6947,11.7863,-18.2672,0.9422
1780910296.4791698,-0.303,-0.0784,0.915,0.7786,35.313,-15.0229,0.9671
1780910296.679759,-0.4343,-0.2258,0.8103,6.7023,42.9618,-4.6794,0.9467
1780910296.8797543,-0.6497,-0.1416,0.8511,-4.9924,9.1756,-0.0229,1.08
0,0,0,0,0,0,0,0
0,0,0,0,0,0,0,0
1780910299.3301277,-0.0959,-0.0723,0.9275,4.9618,3.4733,7.1908,0.9352
1780910299.5290504,-0.075,-0.0449,0.8767,-6.3053,-22.4504,-4.084,0.8811
1780910299.7291877,-0.0083,-0.134,0.9485,-10.3206,-21.313,7.5573,0.9579
1780910299.9281683,0.1577,-0.093,0.8738,-14.2748,-39.9771,-8.5038,0.8928
1780910300.1291986,0.2085,-0.1614,0.8779,5.313,-47.5496,-23.7786,0.9167
1780910300.3287747,0.5391,-0.0774,0.6919,24.0916,13.7176,8.855,0.8805
1780910300.5290105,0.2173,-0.1357,0.8938,-20.2824,1.0611,-17.9695,0.9298
1780910300.7297163,0.2373,-0.1455,0.8884,-7.8321,6.0229,-17.9542,0.931
1780910300.9330158,0.1863,-0.1531,0.8804,-23.1374,-5.3588,4.7099,0.9128
1780910301.1298714,0.1865,-0.262,0.8157,-20.3435,3.5802,-5.9924,0.8768
1780910301.3296902,0.177,-0.2256,0.8389,3.9924,16.9466,11.1832,0.8865
1780910301.530433,0.0261,-0.2131,0.9077,13.3664,18.2214,4.5725,0.9328
1780910301.7284434,-0.0227,-0.0959,0.9463,0.5038,4.9313,2.8397,0.9514
1780910301.9296544,-0.0103,-0.1008,0.9102,1.5725,0.3588,6.145,0.9158
1780910302.133046,0.032,-0.0898,0.9194,-2.3053,-3.5038,5.2977,0.9244
1780910302.3290763,-0.0024,-0.1118,0.9373,-6.1527,-4.9847,13.0229,0.9439
1780910302.5282369,-0.0127,-0.1228,0.9395,-2.4962,-6.8321,7.0229,0.9475
1780910302.7323654,0.012,-0.1384,0.9187,3.5954,2.1756,2.3664,0.9291
1780910302.928666,0.0112,-0.1389,0.9136,2.8626,2.4198,0.0076,0.9241
1780910303.129049,0.0435,-0.127,0.8633,1.5878,3.7405,-5.3969,0.8736
0,0,0,0,0,0,0,0
0,0,0,0,0,0,0,0
1780910304.643876,0.0017,-0.113,0.8467,9.2366,10.3588,-5.4275,0.8542
1780910304.8452978,-0.0813,-0.1104,0.896,1.3053,-1.0687,-7.0458,0.9064
1780910305.0427341,-0.0937,-0.094,0.9585,-1.626,7.5573,-6.3053,0.9676
1780910305.2427497,-0.1267,-0.0312,0.9534,-10.5802,-3.8397,-9.9313,0.9623
1780910305.4426014,-0.1743,-0.1772,0.9441,-1.6641,41.9924,-12.0916,0.9763
1780910305.643081,-0.3516,-0.0957,0.9126,-6.9466,79.1527,-11.0687,0.9826
1780910305.8442607,-0.5356,-0.1194,0.7485,19.8092,44.4351,-16.4886,0.9282
1780910306.04244,-0.7024,-0.1074,0.4841,-24.8931,55.3053,5.5038,0.8598
1780910306.2445686,-0.9673,-0.1389,0.4685,-2.5649,-2.0153,8.4656,1.0837
1780910306.4430044,-0.7781,-0.0215,0.6011,0.8092,-49.1145,-9.2824,0.9834
1780910306.643562,-0.5154,-0.115,0.7566,-11.5878,-30.9008,-12.5878,0.9226
1780910306.8432088,-0.553,-0.1711,0.7273,-1.7023,-1.6412,-5.4733,0.9295
1780910307.0445194,-0.6406,-0.1729,0.6721,1.4962,1.4122,-1.8015,0.9445
1780910307.2445376,-0.5635,-0.1685,0.7808,7.145,-8.1832,6.9542,0.9775
1780910307.4508328,-0.5864,-0.1038,0.7583,4.3282,-49.4427,2.8321,0.9642
1780910307.6435213,-0.5605,-0.0596,0.8018,-18.3206,17.6641,45.7405,0.9801
1780910307.8427358,-0.74,-0.199,0.7307,-18.6947,-30.0229,11.4122,1.0588
1780910308.0427256,-0.2725,-0.1682,0.8821,-1.7252,-47.7405,4.3588,0.9384
1780910308.243604,-0.3647,-0.1104,0.9536,14.9771,-28.5649,4.9237,1.0269
0,0,0,0,0,0,0,0
0,0,0,0,0,0,0,0
1780910309.4359715,0.0178,-0.0959,1.04,-9.7863,1.3969,-3.458,1.0446
1780910309.689125,0.1589,-0.1328,0.8831,-0.2061,2.2137,-4.4198,0.907
1780910309.8359,0.0479,-0.092,0.9543,-8.2137,8.7099,-1.3359,0.96
1780910310.03592,0.0811,-0.1108,0.947,-8.6794,8.5191,-6.8473,0.9569
1780910310.235455,0.011,-0.1431,0.9199,-8.3359,9.855,-3.1374,0.931
1780910310.4358983,0.0027,-0.1902,0.875,-10.084,36.7786,3.7863,0.8954
1780910310.6358883,0.0474,-0.1111,0.9727,7.4885,55.4962,-6.8244,0.9801
1780910310.8363006,-0.6206,-0.2375,0.8411,6.7099,73.9618,12.145,1.0719
1780910311.0371513,-0.7021,0.0288,0.7949,10.5954,29.0,-4.0,1.061
1780910311.2373435,-0.6565,-0.0901,0.5991,9.0305,17.145,-15.1069,0.8933
1780910311.4358876,-0.6853,-0.0381,0.5007,-28.0611,67.9313,-15.9008,0.8496
1780910311.6428418,-1.0916,-0.1428,0.4167,14.0992,-3.7099,-1.458,1.1771
1780910311.8360124,-0.842,-0.0969,0.5222,1.1603,-40.2519,1.9084,0.9956
1780910312.0354583,-0.593,-0.251,0.6172,4.6107,-77.9466,-12.4427,0.892
1780910312.2358556,-0.5796,-0.2126,0.7107,-33.8702,-14.3664,64.0611,0.9414
1780910312.4358788,-0.501,-0.1692,0.731,-2.1679,-34.4427,16.084,0.9022
1780910312.6373954,-0.3042,-0.147,0.8394,2.2748,-52.2977,4.9924,0.9048
1780910312.8365273,-0.2034,-0.1584,0.8281,3.3435,-60.2672,0.2443,0.8673
1780910313.0360034,0.0312,-0.1284,0.8792,-5.5573,-49.7634,7.2977,0.889
1780910313.236256,0.1382,-0.0676,0.9683,8.4962,-19.5344,-1.1069,0.9804
0,0,0,0,0,0,0,0
0,0,0,0,0,0,0,0
1780910314.2369878,0.0315,-0.0574,1.0056,4.6641,7.229,-7.6947,1.0077
1780910314.4363804,-0.0117,-0.0696,0.9355,7.6565,4.6336,-1.6412,0.9382
1780910314.63598,0.0854,-0.05,0.9204,-3.3969,2.5573,-6.4504,0.9257
1780910314.8369823,0.0234,-0.0378,0.9297,-2.8092,1.6412,-3.8015,0.9308
1780910315.0359704,0.0286,-0.0605,0.9326,-1.2595,2.6489,3.9389,0.935
1780910315.2367134,-0.0151,-0.1018,0.936,-14.4427,17.5038,7.1221,0.9417
1780910315.435973,-0.0405,-0.1191,0.9607,-9.7557,-7.7557,5.1756,0.9689
1780910315.6359603,0.0117,-0.1255,0.9006,-16.7634,-4.1527,10.3206,0.9094
1780910315.8392086,0.0376,-0.1313,0.9023,-2.2519,0.771,-2.0611,0.9126
1780910316.0370262,-0.0374,-0.1333,0.9158,1.4656,-2.9237,-8.1985,0.9262
1780910316.2384727,0.021,-0.0828,0.8867,6.0611,2.4504,-7.5191,0.8908
1780910316.43617,0.0322,-0.1472,1.0037,1.8855,21.5114,-6.3359,1.0149
1780910316.636259,-0.2102,-0.1072,0.9775,-0.687,17.9695,0.5344,1.0056
1780910316.837461,-0.2634,-0.1001,0.9697,-4.5496,3.2748,-3.6183,1.0098
1780910317.042757,-0.1816,-0.1316,0.8975,-6.2366,-9.0992,-4.3206,0.9251
1780910317.2434373,-0.1294,-0.1072,0.9399,-1.4198,-7.1756,-1.5344,0.9548
1780910317.436008,-0.1824,-0.1113,0.9624,-2.9542,1.0916,-3.9771,0.9858
1780910317.637318,-0.1541,-0.0889,0.9216,-0.8473,-3.0076,4.6794,0.9386
1780910317.8359897,-0.1677,-0.1135,0.8914,-0.4962,-5.1221,4.9771,0.9141
1780910318.0360525,-0.1357,-0.123,0.8423,-6.855,-2.0458,3.855,0.862
0,0,0,0,0,0,0,0
0,0,0,0,0,0,0,0
1780910319.5538254,0.0532,-0.0535,1.0193,4.6107,2.9618,-6.313,1.0221
1780910319.7501235,0.0439,-0.103,0.9136,-3.3282,4.0382,-5.4504,0.9204
1780910319.9517958,0.0562,-0.0911,0.9307,-3.313,2.2137,-5.0763,0.9368
1780910320.1509326,-0.0017,-0.1145,0.9146,-3.2366,0.6718,1.0305,0.9217
1780910320.3527353,0.0413,-0.1125,0.9119,-5.9618,-0.5802,3.0,0.9197
1780910320.5496078,0.0142,-0.1367,0.9092,-4.0687,-1.9466,0.5878,0.9195
1780910320.749076,0.0261,-0.1387,0.9121,-1.4427,-2.0305,-0.8473,0.923
1780910320.9512765,0.0291,-0.1409,0.9092,0.3053,-0.542,0.1221,0.9205
1780910321.1502619,0.022,-0.1316,0.9177,-0.1221,-0.8931,1.1374,0.9274
1780910321.3507528,0.0222,-0.116,0.929,0.4427,-0.3664,1.0916,0.9364
1780910321.5502262,0.0183,-0.0996,0.9331,3.6794,0.9313,-0.6107,0.9386
1780910321.7504742,0.0105,-0.0999,0.9324,-0.7786,-0.3817,0.1069,0.9378
1780910321.950626,0.0085,-0.0989,0.9255,-0.9466,-0.0992,-0.5725,0.9308
1780910322.1508174,0.0007,-0.093,0.9412,-3.7481,-1.5344,0.1603,0.9457
1780910322.3508587,0.0227,-0.115,0.9111,-8.2137,-2.8015,-0.229,0.9186
1780910322.5502436,0.021,-0.1221,0.9133,-3.3282,-1.4656,0.0687,0.9217
1780910322.750186,0.0117,-0.1394,0.9524,-2.2214,-4.7786,-2.1908,0.9626
1780910322.9510057,0.0317,-0.1475,0.9028,-1.1145,-0.3664,-0.0305,0.9153
1780910323.1516328,0.0232,-0.1328,0.9414,0.2443,-0.1374,-0.9847,0.951
1780910323.3512309,-0.0002,-0.1133,0.9216,-0.3893,-0.2366,-1.2901,0.9286
0,0,0,0,0,0,0,0
0,0,0,0,0,0,0,0
1780910324.8184428,0.0417,-0.1199,0.9568,-4.8168,-2.084,-1.374,0.9652
1780910325.0190785,0.0232,-0.1301,0.9055,1.0,1.3588,-1.1221,0.9151
1780910325.222638,0.0269,-0.1003,0.9385,3.771,6.0763,-4.4656,0.9442
1780910325.4176161,0.0303,-0.0972,0.9211,3.0,12.2672,-8.6794,0.9267
1780910325.6194913,-0.1785,-0.0754,0.9119,-3.4198,28.084,-0.1069,0.9322
1780910325.8183155,-0.1233,-0.0928,0.9329,-0.3969,22.6489,-12.4733,0.9455
1780910326.018972,-0.262,-0.1018,0.9309,-5.8397,38.6718,-17.9924,0.9724
1780910326.2191086,-0.5024,-0.1006,0.8103,11.458,42.2443,-3.4733,0.9587
1780910326.4190223,-0.6287,-0.0837,0.7456,3.4809,16.5267,-6.6641,0.9789
1780910326.6198883,-0.6067,-0.011,0.6675,0.5649,5.9542,1.6412,0.9021
1780910326.8190815,-0.6355,-0.0647,0.696,-2.1527,-28.0916,-2.2214,0.9447
1780910327.020044,-0.4707,-0.0339,0.781,-1.8473,-31.1527,14.4351,0.9125
1780910327.2198555,-0.5696,-0.0193,0.8564,-12.2824,-41.2824,18.1908,1.0287
1780910327.421239,-0.2209,-0.0354,0.9312,-10.0611,-49.9084,2.8626,0.9577
1780910327.6212466,-0.1565,-0.1025,0.9243,-14.9695,-50.6336,10.3969,0.9431
1780910327.8200238,0.0771,-0.1323,0.967,-12.8321,-26.0458,0.0382,0.9791
1780910328.0197353,0.0286,-0.189,0.9126,-7.8931,-22.2748,4.4656,0.9324
1780910328.2236402,0.209,-0.1157,0.8506,9.8321,-9.9847,-5.6947,0.8835
1780910328.4189599,0.1316,-0.0896,0.9587,0.3969,3.2748,0.6565,0.9719
1780910328.6190703,0.0974,-0.1025,0.8657,-0.3282,5.2519,-4.7176,0.8772
1780910328.823053,0.1138,-0.0806,0.9014,10.1908,15.8855,4.7634,0.9121
0,0,0,0,0,0,0,0
0,0,0,0,0,0,0,0
1780910329.9390059,0.0454,-0.1226,0.9373,-4.3817,-1.9847,0.6107,0.9463
1780910330.142382,0.0547,-0.1138,0.9094,-1.4351,2.3206,-1.0687,0.9181
1780910330.3442023,0.0713,-0.1252,0.9224,-1.6718,11.0763,-6.3435,0.9336
1780910330.5374715,0.0164,-0.0833,0.9163,6.8473,52.8092,-12.1832,0.9202
1780910330.7409925,-0.2397,-0.0823,0.887,5.9466,56.626,-1.4962,0.9225
1780910330.937455,-0.373,-0.0823,0.8457,2.2137,37.0611,-20.5114,0.928
1780910331.1385157,-0.5391,-0.0862,0.7515,19.7328,50.5344,-8.3969,0.9288
1780910331.3426886,-0.6931,-0.0103,0.5879,0.1908,46.5344,-4.8702,0.9089
1780910331.5389898,-0.8052,0.0149,0.4702,-4.4733,25.5344,-15.7023,0.9325
1780910331.7386777,-0.8967,0.0566,0.4978,5.7328,5.2366,0.6336,1.0272
1780910331.9486783,-0.896,0.0295,0.5442,7.9695,-24.0611,-9.2214,1.0487
1780910332.1400678,-0.9185,-0.0244,0.5764,-7.5649,-39.0534,12.687,1.0846
1780910332.337945,-0.6348,-0.0432,0.6392,-5.5802,-51.1908,13.1527,0.9018
1780910332.5408585,-0.6331,-0.1333,0.7822,-2.2519,-60.4885,18.2748,1.0151
1780910332.7417405,-0.2207,-0.0388,0.8679,-2.7252,-65.0076,4.8015,0.8964
1780910332.9380586,-0.0554,-0.0437,0.9407,-1.3893,-71.2672,10.5878,0.9433
1780910333.1397848,0.0781,-0.0969,0.9971,-17.855,-35.9847,7.6565,1.0048
1780910333.3384242,0.0752,-0.0884,0.9243,-16.1908,8.4046,9.7176,0.9316
1780910333.5389023,0.1477,-0.0815,0.9253,3.2748,-0.2214,-2.8702,0.9405
1780910333.7379944,0.1157,-0.1294,0.843,3.771,-0.0534,-0.6107,0.8607
0,0,0,0,0,0,0,0
0,0,0,0,0,0,0,0
1780910334.7609262,0.0032,-0.082,0.9741,-4.6794,-3.5038,-0.1832,0.9776
1780910334.9598756,0.0483,-0.0725,0.9333,-7.2061,-1.9466,6.8931,0.9374
1780910335.1603417,0.0911,-0.1133,0.9138,-1.9542,-1.7099,-2.0229,0.9253
1780910335.359687,0.0466,-0.0891,0.9307,-2.5191,-2.229,-0.0763,0.9361
1780910335.559157,0.0637,-0.1025,0.9053,2.5649,4.2519,1.3817,0.9133
1780910335.759789,0.0325,-0.0801,0.9116,0.4122,2.6489,4.2748,0.9157
1780910335.959396,0.0608,-0.0918,0.9263,-2.0992,-2.3435,-3.8244,0.9328
1780910336.1594398,0.0452,-0.0847,0.9319,1.2214,-0.8931,-1.7634,0.9368
1780910336.3596807,0.0251,-0.0728,0.939,1.7786,-0.374,1.6489,0.9421
1780910336.5633297,0.0251,-0.0833,0.9314,-2.0611,-0.9771,-0.9389,0.9354
1780910336.7600517,0.0347,-0.0754,0.946,-3.1069,-1.6412,-0.3511,0.9497
1780910336.9611235,0.0327,-0.0884,0.9243,-4.1908,-1.8168,-0.2366,0.9291
1780910337.1609216,0.033,-0.0952,0.9285,-4.6565,-1.7176,0.5344,0.9339
1780910337.360011,0.0325,-0.1064,0.9297,-4.3053,-1.6794,-0.8321,0.9363
1780910337.5602524,0.0325,-0.1096,0.9209,-2.7099,-1.8244,-0.5954,0.928
1780910337.7661605,0.0291,-0.1096,0.9167,0.9618,-1.2137,-0.5496,0.9237
1780910337.9637175,0.03,-0.0969,0.9395,-0.5267,-1.1832,-0.6107,0.9449
1780910338.1607673,0.0332,-0.0955,0.9202,-1.4427,-0.6183,-0.3282,0.9257
1780910338.362564,0.0254,-0.0896,0.9326,-0.5954,-0.9237,-0.8473,0.9373
1780910338.5606248,0.021,-0.071,0.8984,4.7557,1.542,-0.1221,0.9015
0,0,0,0,0,0,0,0
0,0,0,0,0,0,0,0
1780910340.7370558,-0.989,0.1106,0.4006,3.0,-7.1374,3.9695,1.0728
1780910340.9377787,-0.9038,0.0562,0.2551,-5.8321,-41.3664,1.458,0.9408
1780910341.1395497,-0.8125,0.0696,0.5247,-4.6794,-79.6947,1.3511,0.9697
1780910341.3354607,-0.6279,-0.0269,0.5942,-8.7176,-38.687,14.0229,0.8649
1780910341.5349865,-0.5969,-0.033,0.7773,-40.4733,-70.4657,8.4198,0.9806
1780910341.7345526,-0.2068,-0.0166,0.8608,-6.7939,-61.7939,-1.0153,0.8855
1780910341.9348676,-0.0972,-0.1084,0.9148,-14.0687,-70.8626,5.0382,0.9263
1780910342.1350958,0.0432,-0.0957,0.959,-10.8473,-21.084,7.1756,0.9647
1780910342.3348322,0.1511,-0.0684,0.9333,4.3282,-20.3969,-5.0305,0.948
1780910342.5366876,0.1257,-0.0959,0.9839,2.7863,7.8473,7.9695,0.9965
1780910342.7374377,0.0969,-0.0898,0.9224,-0.0076,10.8092,2.4962,0.9318
1780910342.9369335,0.0986,-0.0625,0.9421,-1.8397,2.8244,-0.3893,0.9493
1780910343.1369607,0.0642,-0.1006,0.9138,-5.5802,0.1374,-0.9847,0.9216
1780910343.3403385,0.0784,-0.1094,0.9231,-5.6107,-0.626,-0.3359,0.9329
1780910343.5356352,0.0742,-0.1257,0.9375,-3.2061,-1.1679,-0.1298,0.9488
1780910343.7366068,0.0723,-0.1252,0.9055,-0.4427,-0.2595,-1.5496,0.917
1780910343.9368773,0.0496,-0.1082,0.9265,0.8015,1.0611,-0.8092,0.9341
1780910344.137257,0.0518,-0.0989,0.9351,-0.2901,-0.2214,-0.458,0.9417
1780910344.3367076,0.0435,-0.0847,0.9456,2.9695,1.5344,-0.3282,0.9503
1780910344.5365484,0.0369,-0.0786,0.9448,0.2519,1.4809,0.5496,0.9488
1780910344.7407165,0.0339,-0.0833,0.9268,0.084,2.1603,-0.6641,0.9311
0,0,0,0,0,0,0,0
0,0,0,0,0,0,0,0
1780910362.0687475,-0.0271,-1.0078,0.1084,-25.4962,6.5191,6.7557,1.014
1780910362.26889,-0.1743,-1.0427,-0.2405,-9.9771,-14.1069,-35.2061,1.0842
1780910362.4681687,0.0562,-0.7427,-0.4233,-48.0153,-76.7252,-30.4046,0.8567
1780910362.668643,-0.0469,-0.8965,-0.2305,-21.5649,-83.8931,-28.8015,0.9268
1780910362.8695402,-0.1479,-1.0984,-0.4131,21.7023,-100.8626,-16.542,1.1828
1780910363.070106,-0.0627,-0.5964,-0.3923,12.7786,-90.5878,-29.0992,0.7167
1780910363.2698908,-0.0205,-0.8413,-0.2698,-7.3817,-43.4962,-16.2824,0.8837
1780910363.4707265,0.0166,-1.1877,-0.3069,8.5649,52.626,-3.0076,1.2269
1780910363.6714149,-0.05,-0.7493,-0.3101,23.7405,46.6794,20.7252,0.8124
1780910363.8707418,-0.0935,-1.0625,-0.2202,-7.7557,-1.3969,9.6336,1.0891
1780910364.073642,-0.2947,-1.2068,-0.3994,-11.7023,-68.8855,2.7481,1.3049
1780910364.268854,-0.0583,-0.7961,-0.1895,-6.8168,-82.0687,-34.542,0.8205
1780910364.480595,0.1262,-1.1177,-0.2163,-19.9542,-9.3969,-22.2443,1.1454
1780910364.6805296,0.1406,-0.7498,-0.2546,9.0,75.8702,1.5725,0.8042
1780910364.8714836,-0.1152,-0.8083,-0.1328,7.3206,39.1908,9.5496,0.8273
1780910365.0687988,-0.1655,-1.1582,-0.1028,-23.5496,-61.8244,0.8397,1.1745
1780910365.2685094,-0.0718,-0.6582,-0.3203,10.8321,-64.0229,-7.2824,0.7355
1780910365.468663,-0.0283,-0.8147,-0.2854,-16.313,-70.0076,-34.1527,0.8637
1780910365.6686347,-0.0962,-1.1958,-0.4429,5.4427,-66.0382,-15.3893,1.2788
1780910365.8695083,-0.2029,-0.781,-0.3391,-0.626,-140.0305,-7.1527,0.8753
1780910366.0688999,-0.1423,-0.9055,-0.5496,-38.9008,-222.4198,-20.8321,1.0688
1780910366.2682984,-0.2759,-1.1763,-0.3987,-45.5344,-172.7634,-50.626,1.2723
1780910366.4688137,-0.1333,-0.95,-0.1792,-46.0382,-96.5649,-41.4656,0.9759
1780910366.669013,-0.1208,-1.2544,-0.6721,24.1679,-29.2977,-9.0076,1.4282
0,0,0,0,0,0,0,0
0,0,0,0,0,0,0,0
1780910367.4986033,-0.1699,-0.6172,-0.1995,54.1679,-30.3664,15.3053,0.6705
1780910367.698337,0.0588,-0.9666,-0.1724,5.8855,-1.1069,-16.3435,0.9836
1780910367.8978744,-0.0249,-1.1379,-0.304,11.0992,101.2672,6.9542,1.1781
1780910368.0978944,0.0796,-0.6887,-0.2104,25.0,77.9466,6.1985,0.7245
1780910368.2978537,-0.2456,-0.8342,-0.2126,-6.6794,8.7557,-3.5038,0.8953
1780910368.5010595,-0.2571,-1.3875,-0.2024,-52.3664,-82.5725,27.8473,1.4255
1780910368.7010884,-0.1707,-0.873,-0.2041,-10.4885,-85.7099,-3.4733,0.9127
1780910368.8976803,0.0527,-0.9773,-0.2888,-3.2824,-33.9237,-19.687,1.0204
1780910369.09922,-0.0166,-1.3782,-0.375,-20.8092,72.1221,15.626,1.4284
1780910369.2981453,-0.1431,-0.9268,-0.2112,31.9618,65.3435,31.3282,0.9612
1780910369.498483,-0.2534,-1.0674,-0.1855,0.2901,-15.9847,16.5267,1.1126
1780910369.697661,-0.2085,-0.803,-0.2456,3.2672,-77.9542,-28.2214,0.8652
1780910369.8994236,0.0046,-0.8169,-0.3032,-26.771,-70.2672,-27.8397,0.8714
1780910370.0975947,-0.0488,-1.2278,-0.2197,-8.1985,26.6641,-9.8473,1.2482
1780910370.299465,0.1094,-0.6416,-0.1663,25.6183,65.0229,-5.1221,0.6718
1780910370.498005,-0.1025,-0.7632,-0.2434,2.0382,45.916,12.1908,0.8076
1780910370.6978683,-0.0447,-1.1228,-0.23,-14.0687,-6.458,19.0305,1.147
1780910370.8978431,-0.1013,-0.9319,-0.3408,22.7405,70.0916,8.1832,0.9974
0,0,0,0,0,0,0,0
0,0,0,0,0,0,0,0
1780910373.0269682,-0.2385,-1.2244,-0.0293,-14.3969,-37.1985,-15.9847,1.2477
1780910373.2287445,-0.0283,-0.9954,-0.6807,29.1756,-49.8931,3.1145,1.2062
1780910373.4266522,-0.1123,-0.9409,-0.3093,-21.7481,-45.0,-15.4275,0.9968
1780910373.6273994,0.0234,-1.1089,-0.1633,-10.3206,-2.0382,-19.6565,1.1211
1780910373.8269157,-0.1377,-1.0054,-0.5222,74.1832,54.3817,0.229,1.1412
1780910374.027044,-0.0989,-0.7952,-0.1816,13.2443,45.3206,9.8244,0.8216
1780910374.232857,-0.116,-1.2173,-0.2249,-3.5573,-29.2672,21.9695,1.2433
1780910374.4267042,-0.1064,-0.5366,-0.2263,8.6031,-70.1527,-8.0382,0.592
1780910374.6270883,0.0071,-0.8025,-0.2405,-23.0687,-60.6641,-27.1374,0.8378
1780910374.82736,0.0225,-1.2253,-0.2373,-1.7176,34.6183,-9.8015,1.2483
1780910375.0267048,0.0347,-0.7295,-0.2837,1.6794,65.0687,23.0687,0.7835
1780910375.227043,-0.0769,-0.8604,-0.1445,-8.0229,1.4809,1.4504,0.8758
1780910375.427169,-0.2537,-1.3179,-0.3579,-35.8244,-96.3893,-26.1756,1.389
1780910375.6271784,-0.2451,-0.8679,-0.4497,1.2443,-113.7481,-4.6336,1.0078
1780910375.8266816,-0.0376,-0.8806,-0.2966,-7.2519,-98.9542,-29.6107,0.93
1780910376.0273173,-0.1274,-1.0156,-0.4333,20.4427,-86.626,-7.313,1.1115
1780910376.236088,-0.0984,-0.8279,-0.407,-10.9695,-140.5267,-35.5115,0.9277
1780910376.427415,0.0894,-1.0146,-0.3096,-13.0305,-135.1679,-34.687,1.0646
0,0,0,0,0,0,0,0
0,0,0,0,0,0,0,0
1780910378.9091341,-0.2227,-1.4329,-0.4963,-27.7252,-29.4198,21.374,1.5327
1780910379.1092792,-0.1248,-1.1099,-0.3523,15.5802,35.3053,23.0458,1.1711
1780910379.3088517,0.01,-0.7905,-0.1931,10.3588,22.0076,-20.0687,0.8138
1780910379.5087655,0.1233,-1.1292,-0.3445,35.9847,52.6412,11.1221,1.1869
1780910379.7133791,-0.0845,-0.4038,-0.1006,-4.3893,23.3359,22.0382,0.4246
1780910379.910342,-0.1023,-1.0454,-0.0762,11.6565,0.4885,-4.2519,1.0532
1780910380.1090736,-0.0464,0.1196,-0.0701,2.2366,3.7099,-30.5573,0.1462
1780910380.3093815,-0.0024,-1.6575,-0.3003,0.313,16.9618,20.8015,1.6845
1780910380.5093763,0.0571,0.229,-0.1267,33.5038,28.8626,4.9771,0.2679
1780910380.709172,0.2283,-1.7666,0.0061,16.4427,33.2595,14.2214,1.7813
1780910380.908586,-0.0557,0.241,0.0583,-4.4351,0.0763,-5.2366,0.2541
1780910381.1091628,-0.0906,-2.0,-0.3958,5.6412,16.8015,26.2443,2.0408
1780910381.3100696,0.0454,0.209,-0.0059,-6.9847,9.6107,0.2901,0.2139
1780910381.5087047,0.2488,-2.0,-0.1086,-6.0992,-11.9847,-10.7863,2.0183
1780910381.7086115,0.144,0.4568,0.0972,-11.1069,-30.9008,4.5038,0.4887
1780910381.9102058,-0.5017,-2.0,-1.0867,-27.3664,-19.8397,19.7023,2.3308
1780910382.109171,0.165,-0.0447,-0.2358,-27.1374,-10.4962,-15.5802,0.2913
1780910382.3091297,-0.2075,-1.3943,-0.2993,-1.4198,-40.3511,-29.4275,1.4411
1780910382.5126092,-0.0845,-0.3752,-0.1409,-0.6794,16.4275,-24.3282,0.4096
1780910382.7110233,-0.1182,-0.9441,-0.4319,-4.687,-14.4809,-0.2519,1.0449
0,0,0,0,0,0,0,0
0,0,0,0,0,0,0,0
1780910384.0823836,0.0134,-0.9924,-0.429,16.4198,41.9695,20.0305,1.0813
1780910384.2871234,0.1135,-0.8706,-0.332,-5.5802,49.7939,3.4427,0.9387
1780910384.4809911,-0.4785,-1.0352,-0.4087,-12.8779,66.0382,41.542,1.2114
1780910384.6839094,-0.115,-0.8948,-0.1157,9.0687,43.2748,19.771,0.9095
1780910384.9349089,0.0256,-1.1396,-0.2627,1.1603,88.4275,10.1679,1.1698
1780910385.082426,-0.1497,-0.9321,-0.7402,-3.4962,110.8244,2.2366,1.1997
1780910385.2826076,-0.136,-1.0078,-0.405,-6.6031,68.6336,38.3435,1.0946
1780910385.482961,-0.0088,-1.0554,-0.2825,6.1145,10.5802,11.8702,1.0926
1780910385.6825774,-0.1179,-1.1128,-0.7783,16.8473,-34.3435,7.5725,1.3631
1780910385.882501,-0.1348,-1.1548,-0.1309,-13.3435,-58.9313,-41.0611,1.17
1780910386.0823305,-0.0498,-1.0876,-0.2134,16.2061,22.1069,-8.1298,1.1095
1780910386.2851286,-0.0999,-0.748,-0.5833,31.0305,80.4198,-8.8397,0.9538
1780910386.4824514,0.0042,-0.8101,-0.1917,-11.458,27.4504,18.0611,0.8324
1780910386.6860726,-0.2332,-1.375,-0.2424,12.6794,-60.6412,-11.3969,1.4155
1780910386.8823552,-0.2192,-0.5449,-0.3765,21.084,-63.2901,-3.6489,0.6977
1780910387.082519,0.0847,-0.7661,-0.1934,-2.0611,-63.9466,-20.6336,0.7947
1780910387.2859924,0.0239,-1.3848,-0.261,57.5725,-10.916,-26.8168,1.4093
1780910387.4823139,-0.0149,-0.9802,-0.4824,-59.6794,-38.8702,-6.5954,1.0926
1780910387.6825058,0.0532,-0.9932,-0.1245,-7.6107,-73.1527,9.7786,1.0024
1780910387.8812113,-0.2349,-0.9983,-0.4851,-23.1298,-78.4885,-5.3435,1.1345
1780910388.0822892,-0.1165,-0.8992,-0.3594,-31.7557,-79.1985,-12.4809,0.9753
0,0,0,0,0,0,0,0
0,0,0,0,0,0,0,0
1780910389.0776577,-0.2612,-0.9583,-0.5139,10.8931,-89.1603,-13.2824,1.1183
1780910389.2778397,-0.168,-1.1018,-0.3765,-18.084,-72.0992,2.6947,1.1764
1780910389.4832902,-0.0894,-1.0427,-0.0859,10.626,-46.7405,-14.7863,1.0501
1780910389.6800354,-0.1702,-1.0857,-0.2781,-9.4656,19.8092,-2.3893,1.1336
1780910389.8787098,0.0391,-0.9236,-0.3857,-54.1756,19.8779,3.6031,1.0017
1780910390.0775905,-0.0674,-0.9277,-0.1743,-7.3206,-6.5878,8.3435,0.9464
1780910390.2797992,0.0078,-1.2737,-0.425,-12.9084,-61.5115,2.6412,1.3428
1780910390.4788065,-0.1167,-0.5657,-0.325,-13.9847,-25.6107,22.0229,0.6627
1780910390.6774817,-0.0088,-0.8926,-0.1826,4.4275,-3.2137,-1.1069,0.9111
1780910390.8784583,-0.0181,-1.0991,-0.0513,62.6947,26.3206,-12.0611,1.1005
1780910391.077645,-0.0212,-0.6724,-0.2244,-49.5191,39.7939,9.542,0.7091
1780910391.2766418,-0.0488,-0.9419,-0.1775,-11.0611,-17.3511,-2.9847,0.9597
1780910391.4778895,-0.0481,-1.2317,-0.4155,-14.5191,-63.6489,-5.8244,1.3008
1780910391.6781242,-0.0989,-0.6067,-0.3474,-15.1069,-32.3206,16.8244,0.7061
1780910391.8776572,0.033,-0.9382,-0.199,-4.9084,-25.0916,-8.7939,0.9597
1780910392.0775082,0.0728,-1.0803,-0.1643,34.0687,30.9008,-15.9924,1.0952
1780910392.2767127,0.002,-0.6411,-0.3782,-35.7863,55.5649,2.2061,0.7443
1780910392.476923,-0.0378,-1.0469,-0.0391,-9.2748,-48.6412,-6.3511,1.0483
1780910392.6766841,-0.0522,-1.114,-0.3682,-0.9542,-60.2748,-6.8931,1.1744
1780910392.8784287,-0.0735,-0.5183,-0.4192,0.374,-29.8779,14.6183,0.6706
0,0,0,0,0,0,0,0
0,0,0,0,0,0,0,0
1780910393.758528,-0.1306,-1.1821,-0.1953,-27.4656,-146.2977,-30.5114,1.2053
1780910393.957425,-0.2593,-1.0945,-0.9065,-1.7557,-158.4427,-1.313,1.4446
1780910394.1650302,-0.114,-0.8567,-0.5063,-41.5954,-156.374,-47.9466,1.0017
1780910394.358507,-0.1995,-0.9851,-0.1804,-2.4733,-86.771,-42.0687,1.0212
1780910394.5627148,-0.2043,-1.0801,-0.3059,-14.9771,-44.1069,-34.0,1.141
1780910394.7588766,0.1577,-0.8445,-0.6731,-17.3893,-44.1221,-7.9313,1.0914
1780910394.960425,0.1116,-1.0251,-0.3918,-18.6336,-63.1603,-23.855,1.1031
1780910395.1576052,-0.2168,-1.2288,-0.1826,42.8015,-88.8779,2.3053,1.261
1780910395.3712091,-0.1272,-0.5818,-0.3838,-3.6031,-44.6031,4.7481,0.7085
1780910395.5575485,0.1707,-1.042,-0.165,27.8092,-34.9313,-20.9084,1.0687
1780910395.758037,-0.1104,-1.2092,-0.2161,40.9695,44.3664,-21.5496,1.2333
1780910395.9574318,0.0342,-0.6411,-0.311,-27.4046,71.0076,-0.4656,0.7134
1780910396.157773,-0.1428,-0.927,-0.1389,-47.0992,24.2061,22.1832,0.9482
1780910396.3633347,-0.2085,-1.3948,-0.5635,-51.2061,-111.9466,-12.8015,1.5187
1780910396.5587933,-0.1226,-0.6824,-0.4126,-28.5114,-94.3511,5.0076,0.8068
1780910396.7584283,0.0022,-1.1223,-0.0979,34.4885,-97.1908,-37.1221,1.1266
1780910396.9603755,0.2134,-1.0659,-0.5193,-55.8473,37.0992,-5.2443,1.2047
1780910397.158437,-0.0151,-0.8489,-0.3918,-8.1298,69.7252,30.4275,0.9351
0,0,0,0,0,0,0,0
0,0,0,0,0,0,0,0
1780910398.3558683,-0.2344,-0.8545,-0.2764,13.0076,-28.5878,9.4351,0.9282
1780910398.5546484,-0.0266,-1.0188,-0.5081,-33.1069,-135.4504,13.7023,1.1388
1780910398.7637572,-0.186,-0.6211,-0.5786,-26.458,-171.458,-43.9542,0.869
1780910398.9573095,-0.2307,-0.9668,-0.4062,-43.1298,-161.2901,-45.9847,1.0738
1780910399.1630945,0.0266,-1.0098,-0.3569,6.2748,-46.5038,-51.626,1.0713
1780910399.3549886,-0.2209,-0.9868,-0.4529,-29.7786,-28.4427,-22.5725,1.108
1780910399.5546257,0.2219,-0.8723,-0.5659,18.229,-49.1221,-14.1069,1.0632
1780910399.755149,0.0693,-1.0015,-0.2273,-18.3969,-51.5344,-18.4733,1.0293
1780910399.955819,-0.0986,-1.1001,-0.3596,-8.458,-88.2595,3.2748,1.1616
1780910400.1552482,-0.0757,-0.6113,-0.4316,-13.3435,-76.5343,2.6641,0.7522
1780910400.35527,0.0947,-0.9663,-0.3154,-16.2824,-49.5191,-23.7481,1.0209
1780910400.5568924,-0.052,-1.1519,-0.1926,41.855,43.2443,-19.4122,1.169
1780910400.756946,0.0498,-0.6558,-0.2874,-31.7557,83.2443,-2.2748,0.7177
1780910400.9645965,-0.1191,-0.9841,-0.1765,-0.4427,19.8244,20.3435,1.0069
1780910401.1550817,-0.2534,-1.1699,-0.4062,-19.916,-53.2977,19.4886,1.2641
1780910401.356114,-0.1575,-0.822,-0.3711,-28.0305,-65.5954,8.9924,0.9155
1780910401.5574512,-0.0271,-0.896,-0.1782,-3.5954,-27.0992,-3.5802,0.914
1780910401.7581625,-0.053,-1.4099,-0.228,-14.8855,38.6947,-8.2061,1.4292
1780910401.9555488,0.0869,-0.8826,-0.4731,0.626,51.8702,35.5878,1.0052
1780910402.1545782,-0.123,-0.8706,-0.1311,-16.0611,6.6489,11.7634,0.889
1780910402.355398,-0.1777,-1.2644,-0.4529,-8.5725,-79.5191,1.6718,1.3548
0,0,0,0,0,0,0,0
0,0,0,0,0,0,0,0
1780910403.6805809,-0.1165,-0.6772,-0.2153,-11.4809,27.4733,14.2748,0.7201
1780910403.8814905,0.0369,-0.957,-0.585,24.916,142.2977,21.2137,1.1223
1780910404.0840814,-0.0896,-0.8884,-0.5322,32.5802,192.6565,15.4351,1.0395
1780910404.2826872,0.0208,-0.8342,-0.4001,7.5191,113.8473,26.8092,0.9255
1780910404.4807098,0.05,-1.0295,-0.3159,-5.0458,94.3206,42.7863,1.0781
1780910404.6815104,-0.0657,-1.0276,-0.3115,-2.4427,66.0534,22.5496,1.0758
1780910404.8812299,-0.333,-0.9756,-0.4272,-4.7786,46.0611,21.7252,1.1159
1780910405.087295,-0.1741,-0.9458,-0.2004,-10.2214,38.4962,23.6412,0.9824
1780910405.2810354,-0.0215,-1.0364,-0.2463,16.0534,61.687,3.3511,1.0655
1780910405.4807358,-0.219,-0.8914,-0.4773,66.6412,84.229,5.3664,1.0345
1780910405.6814985,-0.1187,-0.8489,-0.1968,-18.4809,22.5802,19.5573,0.8794
1780910405.880625,-0.071,-1.1575,-0.4067,1.374,-35.7023,13.0382,1.2289
1780910406.082667,-0.144,-0.6118,-0.2683,6.7939,-40.2672,-15.3282,0.6834
1780910406.2827811,-0.0684,-0.7603,-0.186,-0.3053,-25.2214,-29.3282,0.7857
1780910406.481016,-0.0105,-1.1672,-0.2969,8.4198,50.8092,-8.4198,1.2044
1780910406.6822844,-0.0989,-0.6594,-0.3408,26.3511,100.8473,10.8779,0.7488
1780910406.8829775,-0.0278,-0.8535,-0.1389,-25.3053,33.3817,14.5191,0.8652
1780910407.0835822,-0.1785,-1.0884,-0.1353,7.1298,-35.687,-0.1756,1.1112
1780910407.3314767,-0.0518,-0.5186,-0.3149,5.145,-25.2748,4.0763,0.6089
1780910407.5391724,-0.0386,-0.9055,-0.2349,3.1985,-37.7405,-20.9924,0.9363
1780910407.8814201,-0.0408,-1.24,-0.2314,17.7557,-25.3664,-26.6565,1.2621
1780910407.8829203,-0.1328,-0.8191,-0.4624,-52.9924,-75.0,-8.7023,0.9499
1780910408.081315,0.0154,-0.9312,-0.3564,-20.1069,-124.7023,-16.4656,0.9972
1780910408.2809432,-0.136,-0.9006,-0.5532,-7.7176,-83.4275,-7.0611,1.0657
0,0,0,0,0,0,0,0
0,0,0,0,0,0,0,0
1780910409.2934341,-0.0305,-1.0698,-0.1897,-9.2672,-73.9389,-11.9618,1.0869
1780910409.493692,-0.1475,-0.9893,-0.5889,-9.6641,-96.4962,-20.8702,1.1607
1780910409.6973376,-0.1069,-0.5925,-0.3569,-16.0534,-72.687,-17.5191,0.6999
1780910409.892939,-0.0435,-0.9897,-0.1309,20.2061,-42.5954,-21.4809,0.9993
1780910410.0939002,-0.0281,-1.0813,-0.2778,-1.771,11.9847,-27.4275,1.1168
1780910410.293659,0.0107,-0.7429,-0.4736,0.3893,13.7023,16.5954,0.8811
1780910410.492791,0.1184,-0.9929,-0.238,-32.4656,-26.0153,-5.3053,1.0279
1780910410.693661,-0.165,-1.071,-0.1597,23.0,-60.458,-4.2901,1.0954
1780910410.8936782,0.0,-0.5703,-0.3442,8.0992,-28.5496,13.0611,0.6662
1780910411.0946882,0.05,-0.9851,-0.158,-2.8626,-24.6336,-19.6183,0.9989
1780910411.2952232,-0.0327,-1.1401,-0.2456,9.5954,27.0382,-12.2443,1.1667
1780910411.4936028,0.0974,-0.647,-0.3833,-34.3817,38.3664,4.9237,0.7583
1780910411.6957223,-0.0181,-1.0322,-0.1887,3.0763,-4.5191,14.6947,1.0495
1780910411.8956041,-0.0566,-1.2749,-0.5857,-30.8931,-56.1908,-3.5954,1.4041
1780910412.0934975,-0.1094,-0.8589,-0.3572,-2.4122,-24.5573,17.0687,0.9366
1780910412.2936826,-0.0186,-1.0073,-0.2185,1.7405,-8.9237,-13.5344,1.0309
1780910412.492492,0.0559,-1.0334,-0.168,-1.1832,22.313,-7.9542,1.0485
1780910412.6933055,0.0139,-0.7793,-0.3462,-34.9008,20.145,17.5725,0.8528
0,0,0,0,0,0,0,0
0,0,0,0,0,0,0,0
1780910415.2210698,-0.0312,-1.1274,-0.4189,-4.4351,64.8931,7.7252,1.2032
1780910415.4211235,-0.0671,-1.0073,-0.1321,28.5038,-16.0229,-4.6718,1.0182
1780910415.6301758,-0.0178,-0.9236,-0.8376,23.2824,-12.5802,4.1756,1.247
1780910415.821412,-0.1162,-1.0032,-0.3281,2.3511,-40.4885,-16.2214,1.0619
1780910416.0210922,-0.1167,-1.0542,-0.2651,13.3282,-4.4351,-11.3511,1.0933
1780910416.22162,-0.0718,-0.7729,-0.6094,28.1069,35.0076,-3.7099,0.9869
1780910416.4215455,0.0889,-0.8982,-0.3333,-21.145,9.3282,-2.3206,0.9621
1780910416.6241064,-0.1738,-1.2463,-0.3831,5.0992,-7.6183,12.9542,1.3154
1780910416.8209865,-0.2583,-0.4929,-0.1375,28.0992,-17.5649,2.5496,0.5732
1780910417.02157,-0.0454,-0.783,-0.2,-2.5878,-55.6336,-23.626,0.8094
1780910417.2226686,-0.1765,-1.354,-0.1235,39.4809,-44.8244,-23.5344,1.371
1780910417.4201012,-0.0505,-0.7673,-0.2422,-46.5496,-4.4351,4.6565,0.8062
1780910417.6211455,0.0701,-0.9878,-0.2393,-9.3893,-35.1985,-0.7176,1.0188
1780910417.821621,-0.1501,-1.124,-0.3606,-6.3053,-47.0611,-23.8168,1.19
1780910418.0210757,-0.1289,-1.0515,-0.384,-39.7786,-52.6947,-17.3053,1.1268
1780910418.220577,-0.0525,-0.9019,-0.178,6.7786,-20.4962,-12.8473,0.9207
1780910418.4224143,0.0244,-1.1277,-0.6926,-81.0229,0.0,-22.0382,1.3236
1780910418.622285,-0.1812,-0.9146,-0.3445,5.8092,-112.3817,-38.4809,0.9939
1780910418.8206878,-0.1643,-0.9443,-0.6833,-19.4122,-170.855,-26.8931,1.1772
1780910419.0212598,-0.0891,-0.8306,-0.3413,-22.3282,-196.6794,-66.0,0.9024
1780910419.2215798,-0.2249,-0.9824,-0.2114,23.458,-50.7252,-17.7786,1.0298
0,0,0,0,0,0,0,0
0,0,0,0,0,0,0,0
1780910419.9985974,0.0256,-1.0466,-0.2244,16.1298,-36.3817,4.7176,1.0707
1780910420.1986504,-0.0554,-0.75,-0.6162,13.7634,-15.7099,-0.8397,0.9723
1780910420.399147,0.0757,-0.8486,-0.2041,-22.916,-58.6183,-28.7481,0.8761
1780910420.5982206,-0.0688,-1.0667,-0.2749,6.9695,27.1069,-4.5496,1.1037
1780910420.7984633,-0.0051,-0.7971,-0.635,12.5573,76.1374,12.6565,1.0191
1780910420.997231,-0.0173,-0.7871,-0.2168,-5.458,53.4198,19.2061,0.8166
1780910421.1993432,-0.1199,-1.2859,-0.3169,6.7252,-13.0611,13.542,1.3298
1780910421.399058,-0.1943,-0.4465,-0.2202,36.5496,2.5267,11.4351,0.5345
1780910421.5988123,0.0115,-0.7766,-0.2493,-15.4198,-56.4351,-30.8244,0.8157
1780910421.7976227,-0.1226,-1.3477,-0.3137,16.0153,18.9695,-12.8779,1.3891
1780910421.9983916,0.031,-0.5769,-0.4031,-35.0992,37.3282,-5.5496,0.7045
1780910422.1969695,0.1292,-0.9048,-0.2051,-10.9084,-26.9466,-4.4885,0.9367
1780910422.397973,-0.1675,-1.198,-0.3372,-13.0,-49.8473,-0.7405,1.2558
1780910422.603195,-0.0972,-0.7773,-0.239,-17.8092,-49.0458,-11.1527,0.819
1780910422.797172,-0.0562,-0.9426,-0.2791,0.855,-6.5496,-6.0076,0.9847
1780910422.9974833,-0.0305,-1.1367,-0.1804,29.5573,16.1298,-2.7481,1.1514
1780910423.1980493,-0.0024,-0.6089,-0.2324,-21.9466,24.8092,10.6031,0.6517
1780910423.399772,0.0366,-0.8843,-0.1965,-17.9618,-3.1985,8.8168,0.9066
1780910423.597707,-0.0342,-1.0166,-0.2227,-0.4046,21.6794,13.7863,1.0413
1780910423.7991254,0.011,-0.8691,-0.334,-35.1145,41.4275,26.0992,0.9312
1780910424.0005302,0.0642,-0.9209,-0.5845,-7.771,120.5954,19.771,1.0926
0,0,0,0,0,0,0,0
0,0,0,0,0,0,0,0
1780910425.3445425,0.0051,-0.9175,-0.2952,4.5267,31.8473,-1.8931,0.9638
1780910425.5456343,-0.0911,-1.3423,-0.5056,-13.9695,7.2061,-15.7176,1.4372
1780910425.7434125,-0.2527,-0.7903,-0.3162,-19.9389,-79.2748,-28.8626,0.8879
1780910425.9463198,0.1951,-0.1423,-0.3796,-21.1603,-64.7786,-3.7557,0.4499
1780910426.1949713,0.2161,-1.8098,-0.9373,-2.0763,-98.3893,-47.5573,2.0495
1780910426.3433986,-0.3174,-0.2847,-0.3269,-31.1603,-91.3359,-35.3969,0.5372
1780910426.5436223,0.3403,-1.5403,-0.4331,57.4122,-99.5343,2.6336,1.6358
1780910426.7442346,-0.1279,-1.2837,-0.3003,30.8931,-110.9924,-8.9313,1.3245
1780910426.9434872,-0.04,-0.8103,-0.3638,-18.7786,-49.9084,-25.0534,0.8891
1780910427.1436512,0.0764,-0.6428,-0.7029,-33.8779,-21.916,-42.1069,0.9556
1780910427.3429637,0.2603,-1.3359,-0.2266,2.0916,-34.8092,-18.0687,1.3798
1780910427.5448556,-0.0266,-0.1594,-0.1433,25.8092,-44.6794,-0.9466,0.216
1780910427.7436628,0.0212,-1.668,-0.7107,16.8092,-4.6031,-14.8092,1.8132
1780910427.9437191,0.051,-0.8933,-0.2209,-35.9084,-24.3206,-12.6489,0.9216
1780910428.1437197,-0.0007,-0.5496,-0.1814,3.1221,26.542,36.4809,0.5787
1780910428.343584,0.1501,-0.8594,-0.2334,23.6565,41.145,3.9389,0.9031
1780910428.5435126,-0.0322,-0.679,-0.3474,12.3664,65.5878,23.9237,0.7634
1780910428.7435699,0.0835,-1.0056,-0.3586,29.0076,4.0382,19.3893,1.0709
1780910428.9433265,0.0466,-1.1843,-0.6348,-25.0382,94.2824,0.8321,1.3445
1780910429.1509895,-0.0918,-0.3467,-0.3948,25.3053,123.1374,29.687,0.5333
0,0,0,0,0,0,0,0
0,0,0,0,0,0,0,0
1780910430.055199,-0.0908,-0.4783,-0.1606,-14.0382,-75.4733,-40.5115,0.5126
1780910430.2546506,-0.0688,-1.2397,-0.8499,1.9924,-19.9313,-2.3053,1.5046
1780910430.455175,-0.1189,-0.9854,-0.2913,15.4046,-77.9771,-10.1145,1.0344
1780910430.6568878,0.0959,-0.7295,-0.5005,3.1374,-142.0076,-34.8626,0.8899
1780910430.854389,-0.0444,-1.0332,-0.7314,-11.0305,-132.3588,-36.8244,1.2667
1780910431.0544617,-0.0708,-0.3752,-0.0669,-3.8321,-45.7099,-30.3435,0.3877
1780910431.258696,-0.1599,-1.3838,-0.1472,-2.229,-2.9771,7.7176,1.4008
1780910431.4537961,0.1218,-1.113,-0.4951,-22.4504,17.542,30.3588,1.2243
1780910431.6543612,-0.0903,-0.7249,-0.2068,25.5725,-7.9924,9.8779,0.7592
1780910431.9357498,-0.144,-1.2764,-0.6492,9.3817,79.8779,25.3588,1.4392
1780910432.055503,0.113,-0.4583,-0.4287,28.9389,192.8473,45.2366,0.6376
1780910432.256842,-0.3718,-1.4199,-0.8416,-6.3206,200.916,70.9924,1.6919
1780910432.4544868,0.0247,-0.7126,-0.3384,-22.1298,141.4351,40.8702,0.7893
1780910432.6540558,0.2339,-1.033,-0.5913,12.7099,115.8092,45.8321,1.213
1780910432.860395,-0.1838,-1.0825,-0.3506,13.9237,80.229,52.3206,1.1526
1780910433.054852,-0.0168,-0.5039,-0.269,2.1527,39.3664,29.4656,0.5715
1780910433.2544153,-0.136,-1.0662,-0.3677,55.0153,-5.0687,-21.8092,1.1359
1780910433.4542265,-0.2004,-1.1108,-0.376,-75.4198,-132.5496,-37.7939,1.1897
1780910433.6546023,-0.0598,-0.3955,-0.5706,23.5267,-189.1908,-59.5725,0.6968
1780910433.853514,-0.2703,-1.397,-0.6956,-25.6107,-199.7481,-71.4122,1.5838
1780910434.0542052,-0.0786,-0.3672,-0.3252,-4.0382,-163.458,-59.7863,0.4967
1780910434.2546837,0.085,-1.3542,-0.6423,-9.4962,-97.6031,-40.4275,1.5013
0,0,0,0,0,0,0,0
0,0,0,0,0,0,0,0
1780910435.1000285,-0.0618,-0.8342,-0.7412,58.1985,157.3512,72.8244,1.1177
1780910435.2997146,-0.197,-0.967,-0.634,-2.5954,60.2137,10.6107,1.173
1780910435.4991183,-0.0791,-0.6846,-0.6665,7.3359,-15.2901,-9.0687,0.9587
1780910435.6996124,-0.4104,-1.7444,-0.5417,31.7786,-7.4504,-5.0992,1.8721
1780910435.8994555,0.0054,-0.3284,-0.4392,6.458,16.5878,-6.4427,0.5484
1780910436.0991437,-0.5002,-2.0,0.0464,87.9695,26.9313,20.687,2.0621
1780910436.2990155,0.1433,-0.5676,-0.3601,-8.3969,42.5725,7.6641,0.6873
1780910436.4995804,0.0818,-0.8435,-0.6694,11.6412,58.0916,8.2901,1.08
1780910436.698789,-0.134,-1.2395,-0.3252,-15.7405,50.9313,14.3206,1.2884
1780910436.899923,0.1313,-0.4343,-0.2468,6.0076,47.084,8.4122,0.5165
1780910437.0991204,-0.0603,-1.4468,-0.5984,-14.0763,2.8626,6.5344,1.5668
1780910437.2992792,-0.1946,-0.3394,-0.2468,4.9924,-106.0763,-43.8473,0.4625
1780910437.5008645,-0.3599,-2.0,-0.9055,-8.9924,-128.1527,6.7328,2.2247
1780910437.7003706,-0.1104,-0.7554,-0.3765,-5.3511,-81.542,-41.4656,0.8512
1780910437.9008486,-0.1335,-1.3076,-0.5144,-23.0992,-86.0992,-30.3053,1.4115
1780910438.0996456,0.0908,-1.2732,-0.575,10.2901,-44.4733,-16.8855,1.3999
0,0,0,0,0,0,0,0
0,0,0,0,0,0,0,0
1780910439.007627,-0.0415,-1.2336,-0.876,-37.542,150.8092,64.1908,1.5136
1780910439.2073386,0.2026,-0.9578,-0.5173,-23.2519,106.0611,52.4504,1.1073
1780910439.4068806,-0.052,-0.8928,-0.3103,2.0458,52.313,32.771,0.9466
1780910439.6066878,0.0054,-1.3159,-0.7832,6.6565,28.9695,12.8779,1.5314
1780910439.8076935,-0.2446,-1.0679,-0.5874,10.2443,-11.4427,-5.687,1.2431
1780910440.0080879,0.1841,-0.8386,-0.3882,-1.2366,51.458,25.313,0.9423
1780910440.2072237,0.071,-0.9041,-0.5168,-32.3893,117.6183,9.9847,1.0438
1780910440.4077659,-0.3384,-0.689,-0.1614,22.8168,59.4962,16.8321,0.7844
1780910440.606609,0.0806,-1.2097,-0.4363,18.0458,-16.3511,7.4504,1.2885
1780910440.8088512,-0.2639,-0.6587,-0.5222,44.7481,-30.145,-21.5573,0.881
1780910441.0078733,-0.0984,-1.0811,-0.2471,-36.7252,-103.3435,-61.6565,1.1133
1780910441.2075658,-0.064,-1.1523,-0.4329,-20.9237,-63.4885,-43.5267,1.2326
1780910441.4104412,-0.1025,-0.5237,-0.4143,-16.6031,-52.0229,-45.9237,0.6756
1780910441.607997,-0.1077,-0.4407,-0.6216,-18.8244,-150.5954,-46.9084,0.7695
1780910441.8079133,0.0259,-1.5886,-0.5376,-77.9084,-127.9924,-25.2061,1.6773
1780910442.0087984,-0.0986,-0.3245,-0.2664,-20.0534,-83.4657,-63.6565,0.4312
1780910442.2105532,0.2185,-1.4775,-0.3997,-15.4885,-63.6794,-41.3664,1.5462
1780910442.4103858,-0.1245,-0.47,-0.177,18.7634,-30.0611,-11.542,0.5174
1780910442.6077685,-0.4282,-1.9207,-1.1567,27.5649,-76.8855,-16.1756,2.2826
1780910442.8077798,0.1543,-0.5215,-0.2803,-3.1221,-7.3359,-7.374,0.6118
1780910443.0090108,-0.0466,-1.1367,-0.3252,44.4885,35.4046,22.5496,1.1832
1780910443.2080767,-0.1538,-0.9888,-0.4102,3.7023,47.6107,7.1603,1.0815
0,0,0,0,0,0,0,0
0,0,0,0,0,0,0,0
1780910444.1052012,-0.1553,-0.3313,-0.0571,36.2366,-23.7786,24.6641,0.3703
1780910444.3038628,0.0959,-1.3142,-0.425,0.916,-6.7481,-14.3969,1.3846
1780910444.5078688,-0.0701,-0.4309,-0.1394,6.7786,9.9237,3.3359,0.4583
1780910444.703486,0.21,-1.217,-0.2593,-60.0534,-58.145,-34.3435,1.2619
1780910444.9038863,-0.0432,-0.1409,-0.2,-4.1298,-63.1908,-41.1527,0.2484
1780910445.1052768,0.0825,-1.7173,-0.3872,-60.5802,-54.6718,-22.0992,1.7623
1780910445.3050015,0.0649,-0.4878,-0.8523,38.4733,-24.687,19.1374,0.9842
1780910445.5057476,0.1545,-0.6284,-0.4419,-8.1832,-0.9924,-20.2901,0.7836
1780910445.71255,-0.2439,-0.9536,-0.1731,37.4885,39.0992,38.313,0.9994
1780910445.9044354,-0.0017,-0.5642,-0.2434,-1.5267,45.916,5.2748,0.6145
1780910446.1049323,-0.2954,-1.6489,-1.3191,28.9924,49.5573,63.5191,2.1322
1780910446.3070247,-0.1301,-0.4441,-0.2261,-1.4427,64.3817,-29.1603,0.515
1780910446.5056386,-0.2505,-1.8196,-0.4368,24.8397,35.4733,36.2137,1.888
1780910446.7086139,-0.0554,-0.3469,-0.2808,7.2977,-93.2366,-35.687,0.4497
1780910446.9046352,-0.1292,-1.7781,-0.4878,-54.8931,-50.9466,-27.2214,1.8483
1780910447.1059694,0.064,-0.1873,-0.3193,7.8244,68.6947,18.8702,0.3757
1780910447.3045611,-0.3335,-1.8879,-0.9556,17.1145,174.3893,47.2443,2.1421
1780910447.5067282,-0.1011,-0.5271,-0.5208,-16.374,108.9924,30.0076,0.7478
1780910447.7039514,0.1167,-0.9094,-0.4387,20.9237,29.4809,14.9466,1.0164
0,0,0,0,0,0,0,0
0,0,0,0,0,0,0,0
1780910448.470766,-0.1128,-1.1267,-0.0066,8.0916,4.5496,39.8244,1.1324
1780910448.6631176,0.0068,-0.7515,-0.4055,11.5649,49.9084,0.2519,0.8539
1780910448.8607829,0.1313,-1.3738,-1.1125,-92.5725,-10.2748,17.687,1.7726
1780910449.0603502,-0.0664,-0.647,-0.3848,-19.145,20.0763,-12.4809,0.7557
1780910449.2602224,0.0635,-1.2949,-0.3057,20.1069,-6.1603,16.6641,1.332
1780910449.4614527,-0.0544,-0.6934,-0.0974,37.0,-22.229,8.458,0.7023
1780910449.660715,-0.293,-0.9924,-0.344,3.9695,22.7481,-2.4427,1.0905
1780910449.8605134,-0.012,-0.5422,-0.4141,7.2061,62.2748,28.6947,0.6824
1780910450.0607295,-0.032,-0.9512,-0.302,-18.1985,12.1985,-18.6641,0.9985
1780910450.26178,-0.3962,-1.0342,-0.7009,23.3435,34.2748,8.0763,1.3107
1780910450.4611962,-0.123,-0.5979,-0.4585,-26.313,-124.2595,-38.2595,0.7634
1780910450.6608608,-0.1321,-1.3267,-0.6079,-23.8168,-144.1221,-41.1679,1.4653
1780910450.8603694,-0.2676,-0.8164,-0.7869,-9.8626,-188.7557,-87.7939,1.165
1780910451.0603034,-0.1912,-0.6572,-0.3997,-15.7099,-127.458,-71.626,0.7926
1780910451.2599566,-0.019,-0.8572,-0.7502,-16.2748,-101.5954,-54.626,1.1393
1780910451.459738,0.4592,-1.2939,-0.322,-43.8244,-67.7328,-53.2748,1.4103
1780910451.6596437,-0.0173,-0.6843,-0.2808,41.4885,-4.7634,8.0305,0.7399
1780910451.8590276,-0.1152,-1.0662,-0.7356,-24.6031,-40.313,4.1221,1.3004
1780910452.0601459,-0.1113,-1.4014,-0.5349,-27.6107,-46.7252,-10.7481,1.5041
1780910452.263684,-0.0554,-0.8728,-0.3457,0.5344,16.1069,1.4809,0.9404
0,0,0,0,0,0,0,0
0,0,0,0,0,0,0,0
1780910452.923598,-0.0933,-1.0862,-0.2354,21.7405,-19.6107,10.5725,1.1153
1780910453.1257741,-0.0239,-0.958,-0.6316,-9.7405,-37.0534,-19.4962,1.1477
1780910453.322636,-0.1785,-1.1013,-0.437,-39.313,-29.3511,-13.1756,1.1982
1780910453.5230806,-0.0127,-0.5396,-0.312,15.6031,5.3435,-13.7939,0.6234
1780910453.7248175,-0.0701,-1.5742,-0.3477,-47.9924,19.9542,-18.084,1.6137
1780910453.9228234,0.0042,-0.8135,-0.3938,-7.0076,35.1374,17.0382,0.9038
1780910454.1226084,0.071,-0.5369,-0.3635,8.3282,-24.6183,-9.374,0.6522
1780910454.3254297,-0.4036,-1.5879,-0.2678,-8.9771,-30.1908,12.8397,1.6601
1780910454.522533,-0.0073,-0.6826,-0.8496,15.3588,0.4504,26.1069,1.0899
1780910454.7247176,0.0691,-0.5342,-0.4575,-12.2214,96.2137,32.6947,0.7067
1780910454.9795372,-0.064,-0.9192,-0.6663,35.3588,153.771,47.1145,1.1371
1780910455.1225145,-0.1677,-1.3049,-0.6912,4.4504,118.7176,41.7405,1.4862
1780910455.3237581,0.2002,-0.4302,-0.4124,9.0305,83.0229,33.1221,0.6286
1780910455.5237086,-0.4341,-1.5049,-0.1135,56.5802,120.3435,51.7786,1.5703
1780910455.7268658,0.011,-0.4143,-0.29,-3.5954,77.3588,36.3969,0.5059
1780910455.9226747,-0.0217,-1.5317,-0.2144,20.3817,51.771,-13.8855,1.5468
1780910456.1223838,-0.1345,-1.262,-0.6323,-12.8779,120.4275,61.9618,1.4179
1780910456.3226192,-0.0117,-0.2761,-0.0891,-18.2214,37.7939,10.374,0.2904
1780910456.5224006,-0.2158,-1.0701,-0.9736,58.6336,4.4351,5.8168,1.4627
1780910456.7227302,-0.0071,-0.7781,-0.3752,-14.9008,-92.7481,-57.5725,0.8639
1780910456.9226735,-0.1433,-1.2737,-0.4827,13.0076,1.0382,21.9924,1.3696
1780910457.1233475,0.1145,-0.4961,-0.428,-2.3969,-100.8779,-61.0382,0.6651
1780910457.330413,-0.1099,-0.4761,-0.4644,-10.2595,-151.5496,-36.9618,0.674
1780910457.5223677,0.1313,-0.9822,-0.7622,-27.5954,-186.0305,-69.3588,1.2502
1780910457.7255042,-0.1211,-0.6775,-0.3142,3.084,-104.1985,-51.771,0.7566
0,0,0,0,0,0,0,0
0,0,0,0,0,0,0,0
1780910458.4467878,0.0034,-1.2563,-0.1753,19.3817,-5.1221,17.8931,1.2685
1780910458.6460934,0.0798,-0.8667,-0.637,4.2443,25.8321,-7.6031,1.0785
1780910458.8455527,-0.2651,-1.0513,-0.1682,-21.8931,66.5725,1.0305,1.0972
1780910459.0450497,-0.1138,-0.679,-0.3123,-4.8015,3.2901,-9.5954,0.7559
1780910459.2446532,0.1228,-1.2842,-1.1377,-14.2519,25.0305,17.5725,1.72
1780910459.4452171,-0.208,-0.7834,-0.241,3.9542,-15.4504,-1.4046,0.8456
1780910459.6465182,-0.0764,-0.9363,-0.4138,-11.8473,-75.9771,0.8626,1.0265
1780910459.8450072,-0.2253,-0.9714,-0.5496,-14.7939,-107.4962,-3.7176,1.1386
1780910460.049213,0.1006,-0.5264,-0.22,3.1069,-45.6183,-28.0534,0.5793
1780910460.2468486,-0.1462,-1.385,-0.2341,-33.2137,-14.0687,-26.8397,1.4123
1780910460.4450717,-0.0437,-1.2114,-0.5967,26.2672,58.3435,41.7405,1.3511
1780910460.6452494,-0.2578,-0.6445,-0.1116,0.6336,5.2977,9.0763,0.7031
1780910460.846325,-0.0149,-1.3315,-1.125,6.8015,-58.771,-26.3969,1.7432
1780910461.047225,-0.0469,-0.853,-0.3477,-46.9695,-61.9237,-41.229,0.9223
1780910461.2455802,0.1707,-0.9729,-0.3533,-1.9466,52.3053,38.4962,1.049
1780910461.445161,0.2759,-0.7515,-0.356,-40.6031,48.0382,-22.8473,0.8761
1780910461.645113,-0.2136,-0.4961,-0.2515,20.8931,54.7634,40.4046,0.5958
1780910461.8455431,0.1489,-1.5618,-1.0095,1.8092,15.4504,-1.6641,1.8656
1780910462.0505545,-0.0046,-0.7659,-0.4744,-1.3359,130.0916,30.771,0.9009
0,0,0,0,0,0,0,0
0,0,0,0,0,0,0,0
1780910462.771367,0.0613,-1.3403,-0.489,3.7405,20.9313,33.0458,1.4281
1780910462.9725673,-0.1885,-1.1057,-0.5671,-20.0916,36.4504,31.0382,1.2569
1780910463.1709273,-0.0674,-0.7646,-0.3379,-32.9924,51.8168,34.5802,0.8387
1780910463.3697667,0.2432,-1.2402,-1.0334,-5.9389,60.8855,-19.9389,1.6326
1780910463.570371,-0.2112,-0.7656,-0.2236,26.3435,90.4198,33.4122,0.8251
1780910463.7729514,-0.0818,-0.9587,-0.3416,-18.2443,13.6336,57.6794,1.021
1780910463.979097,-0.3479,-0.7012,-0.2771,69.7863,-51.1832,4.542,0.8303
1780910464.1795068,0.0056,-0.387,-0.2561,-55.0992,-95.855,-59.8168,0.4641
1780910464.3697834,0.0388,-1.6636,-0.7947,54.5878,63.4962,70.0229,1.844
1780910464.5692418,0.2908,-0.6785,-0.6912,-2.771,48.9695,27.1069,1.0112
1780910464.77142,-0.0835,-0.5715,-0.2976,-32.0687,43.3893,20.1603,0.6498
1780910464.9693427,-0.2446,-1.5918,-0.4229,-89.3206,-94.5878,-28.2443,1.6651
1780910465.1698658,-0.3264,-0.9492,-0.5581,18.1145,-92.2672,-13.5878,1.1485
1780910465.3704014,-0.0217,-0.7275,-0.272,-1.4275,-95.6489,-22.4198,0.777
1780910465.5703447,-0.4976,-1.2485,-0.5271,22.5191,-118.7481,-36.313,1.4437
1780910465.769914,-0.1743,-0.4202,-0.4741,-46.2443,-195.3664,-64.4198,0.6571
0,0,0,0,0,0,0,0
0,0,0,0,0,0,0,0
1780910466.8080757,-0.1628,-0.4805,-0.0911,3.4046,-2.0153,-18.4962,0.5154
1780910467.0082688,-0.3257,-1.1274,-0.355,-1.8626,-63.0687,-11.6183,1.2261
1780910467.2080278,0.0427,-0.5601,-0.2046,-34.542,-20.855,-20.6107,0.5978
1780910467.409765,-0.0579,-1.1538,-0.4324,31.8931,50.0458,-20.8779,1.2335
1780910467.6075306,-0.3706,-0.9766,-0.3784,36.7023,29.7176,49.9695,1.111
1780910467.8097603,-0.1743,-0.7786,-0.1653,1.6183,-19.1832,-2.3893,0.8148
1780910468.0103557,-0.0913,-0.8931,-0.5146,1.4962,-94.0305,-12.8168,1.0348
1780910468.2078292,0.125,-0.4038,-0.1931,-39.0611,-61.2595,-38.0763,0.4647
1780910468.4089334,-0.0576,-1.5356,-0.3457,-0.2061,81.1527,24.7405,1.5751
1780910468.607764,-0.144,-0.7932,-0.3071,25.5649,73.2748,28.3817,0.8627
1780910468.8077064,-0.282,-0.6375,-0.165,-14.855,-22.3282,22.4962,0.7163
1780910469.007986,-0.2715,-0.9856,-0.5303,-9.0076,-91.4657,-3.9771,1.1516
1780910469.2077358,0.1116,-0.3687,-0.24,-46.1298,-42.855,-29.7634,0.4538
1780910469.4071214,-0.3201,-1.5757,-0.2937,80.626,89.7023,38.1145,1.6345
1780910469.6072555,-0.1582,-1.123,-0.6152,33.0,15.8931,10.7634,1.2903
1780910469.8073277,-0.1841,-0.4507,-0.2576,-7.9847,-41.9695,5.7252,0.5508
1780910470.0080156,-0.0613,-1.7703,-0.9907,54.8931,22.9466,20.4886,2.0296
1780910470.2083917,0.0083,-0.1392,-0.1924,-20.6412,60.5038,-36.6718,0.2376
1780910470.4080026,-0.1311,-1.5313,-0.5479,-19.0458,24.0611,8.4504,1.6316
1780910470.6079836,-0.1113,-0.229,-0.196,-5.1756,-19.1756,4.3053,0.3214
1780910470.8075354,-0.2166,-1.7412,-0.8997,20.9771,49.5496,19.5573,1.9718
1780910471.007538,0.0054,-0.3,-0.1829,5.542,35.8168,-12.8092,0.3514
1780910471.208964,-0.2437,-1.2747,-0.52,-32.0534,-14.3359,-23.4122,1.398
0,0,0,0,0,0,0,0
0,0,0,0,0,0,0,0
1780910472.2090778,-0.1746,-1.4377,-0.7605,-25.9618,110.0382,27.145,1.6358
1780910472.403991,-0.6069,-0.9001,-0.2539,-45.1679,-15.7557,-10.5954,1.1149
1780910472.6037729,-0.2668,-0.563,-0.4382,-21.6336,-134.0458,-33.3664,0.7617
1780910472.8039396,-0.1846,-0.7253,-0.3757,6.4504,-139.2443,-36.1527,0.8375
1780910473.006266,-0.1267,-0.7737,-0.3718,2.3817,-81.145,-60.2443,0.8677
1780910473.2043622,-0.4951,-1.7695,-1.0996,26.2595,6.0992,23.9084,2.1414
1780910473.4031897,-0.2109,-0.4604,-0.1543,-27.1679,-6.6641,4.1832,0.5294
1780910473.6046152,0.1309,-1.2307,-0.3989,71.7863,-15.2824,6.6107,1.3004
1780910473.8090346,-0.051,-0.9932,-0.668,-3.1374,78.855,6.5344,1.198
1780910474.0051877,0.0703,-0.3481,-0.7266,35.5725,166.2595,68.6718,0.8087
1780910474.203269,-0.0955,-1.6909,-0.7012,-56.7557,125.9618,47.2061,1.833
1780910474.403789,0.0657,-0.3118,-0.3738,55.0611,113.4885,20.229,0.4911
1780910474.60314,-0.302,-1.5193,-0.7161,-52.1298,76.3282,24.5496,1.7065
1780910474.8038402,0.0818,-0.439,0.0583,1.3511,41.2443,4.8626,0.4503
1780910475.0046272,0.1382,-1.2146,-0.291,-2.2977,35.2519,-35.1298,1.2566
1780910475.2060196,-0.3035,-0.9602,-0.3772,17.5649,-33.5191,-7.2443,1.0753
1780910475.406881,-0.0557,-0.6384,-0.686,24.6183,-160.6488,-59.1603,0.9388
1780910475.6068625,-0.1472,-0.8503,-0.53,-34.7863,-123.0305,-91.9771,1.0128
1780910475.8039541,-0.0044,-0.585,-0.373,-7.7176,-85.2748,-25.6565,0.6938
1780910476.0064435,0.1458,-1.6829,-0.7402,-49.7023,-100.5191,-44.4275,1.8442
0,0,0,0,0,0,0,0
0,0,0,0,0,0,0,0
1780910477.1254027,-0.0354,-1.042,-0.3469,-42.4885,22.5725,15.1832,1.0988
1780910477.3214104,-0.1602,-0.5474,-0.7209,-26.0229,7.8702,17.2748,0.9193
1780910477.5269387,-0.1279,-0.8547,-0.5337,-5.1221,-3.3053,10.7252,1.0158
1780910477.7215009,0.0518,-1.0303,-0.9438,8.9924,9.9313,2.0305,1.3982
1780910477.921015,-0.1724,-1.9197,-0.9453,20.0534,-3.9924,6.7939,2.1467
1780910478.1207938,0.0142,-0.7102,-0.6604,11.6718,16.0076,0.4504,0.9699
1780910478.3227584,-0.1042,-1.2412,-0.5535,0.5038,33.4351,70.9847,1.363
1780910478.5225139,0.0237,-0.4827,-0.2544,17.8931,-6.9466,-14.687,0.5461
1780910478.729046,-0.0796,-0.575,-0.4678,6.5496,-9.1832,-21.9008,0.7455
1780910478.922283,-0.0979,-0.9321,-0.4214,3.7252,-18.7557,-26.8092,1.0276
1780910479.12224,-0.073,-0.3352,-0.2847,-69.2748,-31.458,-10.1221,0.4458
1780910479.3223395,-0.1772,-0.8364,-0.6453,-60.6489,-9.8779,-10.4122,1.0712
1780910479.5212402,-0.1104,-0.8186,-0.6697,-23.8855,-6.458,10.313,1.0634
1780910479.7207778,-0.585,-0.8433,-0.8691,51.5267,-18.5344,9.0763,1.3449
1780910479.9212968,-0.5366,-1.1882,-1.28,6.5344,22.0229,-13.5878,1.8271
1780910480.1212425,-0.1248,-0.9758,-0.7708,6.1221,0.4198,23.3893,1.2497
1780910480.3207803,-0.2583,-0.8633,-0.6631,49.0687,-3.2519,2.2977,1.1188
1780910480.5207644,-0.1235,-0.5132,-0.353,-19.458,-28.5496,-56.5725,0.635
1780910480.7207725,0.0085,-0.6414,-0.5166,55.5725,-21.8244,-2.2672,0.8236
0,0,0,0,0,0,0,0
0,0,0,0,0,0,0,0
1780910481.7478168,-0.1692,-1.2197,-0.5227,21.1679,37.5725,56.6107,1.3378
1780910481.946762,-0.0955,-0.3442,-0.3604,14.0534,46.1145,25.9618,0.5074
1780910482.14709,-0.3311,-1.6392,-0.8115,-10.9695,36.2824,5.7634,1.8588
1780910482.3509881,0.0356,-0.2256,-0.2659,14.4504,61.687,-13.6183,0.3505
1780910482.5508335,0.1165,-1.3162,-0.4453,-3.9313,40.3053,4.4046,1.3943
1780910482.7471676,0.0688,-0.1606,-0.2734,5.0611,-7.374,-24.2901,0.3245
1780910482.9571023,0.1699,-1.3494,-0.7886,-22.7099,-46.8092,-40.3969,1.5721
1780910483.1471658,-0.1238,-0.3472,-0.4302,-13.9084,-104.229,-5.4733,0.5665
1780910483.3466353,-0.093,-1.3613,-0.7561,0.5573,-70.5878,-15.313,1.56
1780910483.5462387,-0.0894,-0.0134,-0.2659,1.6336,-86.6489,-34.5267,0.2808
1780910483.7462535,-0.1809,-1.4199,-0.9392,1.8855,10.8168,-9.4198,1.712
1780910483.9463067,-0.0005,-0.3962,-0.3669,49.8244,40.0305,-0.9084,0.54
1780910484.1466272,0.0125,-1.0371,-0.353,2.1527,37.8855,4.5802,1.0956
1780910484.3471603,0.1523,-0.7715,-0.5652,67.5878,31.8473,-6.9618,0.9684
1780910484.5460324,-0.175,-0.8342,-0.4224,10.8092,-69.2443,-16.4351,0.9513
1780910484.7464395,0.0034,-1.0176,-0.645,-3.7252,-118.6412,19.7252,1.2048
1780910484.9466395,-0.1726,-0.5386,-0.3672,21.7481,-53.7252,-33.5344,0.6743
1780910485.1465142,-0.166,-1.4548,-0.8875,-30.7481,-32.7481,32.6947,1.7122
1780910485.34678,-0.1379,-0.2783,-0.3254,-4.2672,40.3282,-26.2672,0.4499
1780910485.546417,0.0046,-2.0,-1.0044,-47.2977,58.9008,51.3664,2.238
1780910485.7483776,-0.0298,-0.2637,-0.3105,32.8702,67.1145,-6.2824,0.4085
0,0,0,0,0,0,0,0
0,0,0,0,0,0,0,0
1780910491.2060065,0.0801,-0.9509,-0.2148,7.6489,33.4656,-19.0458,0.9782
1780910491.4060826,0.0017,-0.7219,-0.594,5.5649,60.5573,-0.458,0.9349
1780910491.6134105,0.0898,-0.8655,-0.4373,-10.313,35.3817,12.1069,0.9738
1780910491.8070316,0.0327,-0.814,-0.5273,-2.7405,-17.542,15.2519,0.9704
1780910492.0045922,-0.1194,-0.76,-0.6143,-100.7023,-53.6794,23.8092,0.9845
1780910492.2045622,-0.3452,-0.6226,-0.6365,-63.458,10.0229,23.5114,0.9549
1780910492.405146,-0.094,-0.7583,-0.6411,-29.9695,1.1298,-10.5573,0.9974
1780910492.6135023,0.0984,-0.6704,-0.7075,-7.8168,-56.5725,-70.0916,0.9796
1780910492.8046443,-0.1941,-1.0334,-0.9006,70.9542,-25.8931,5.2977,1.3845
1780910493.004629,-0.0076,-0.9307,-0.6345,18.2519,73.5115,-19.0763,1.1264
1780910493.2055418,-0.0691,-0.9651,-0.5164,-20.8855,-27.8473,-26.5573,1.0967
1780910493.4083595,-0.2046,-1.0024,-0.1848,-19.2901,-14.8015,-7.145,1.0397
1780910493.605921,-0.0718,-0.9619,-0.2349,-10.6565,-6.1603,3.4046,0.9928
1780910493.8041332,-0.0627,-0.9404,-0.2781,-1.3588,-10.7634,-1.7481,0.9827
1780910494.0051064,-0.0576,-0.959,-0.342,-9.7176,-6.6336,0.2977,1.0198
1780910494.2052336,-0.0801,-0.9165,-0.2197,-11.3206,4.0687,-7.0916,0.9459
1780910494.408634,-0.0701,-0.9585,-0.3435,-10.7099,-1.6183,0.4351,1.0206
1780910494.604619,-0.1414,-1.3015,-0.6313,-49.6336,4.2366,25.9237,1.4535
1780910494.8051014,-0.0515,-0.991,-0.8635,-40.2977,-26.9618,-2.4046,1.3154
1780910495.005351,-0.0625,-0.8416,-0.5527,13.2824,-6.3511,-2.8397,1.0088
0,0,0,0,0,0,0,0
0,0,0,0,0,0,0,0
1780910495.9222796,-0.1047,-0.9172,-0.3591,-11.0382,-8.7405,-2.8015,0.9906
1780910496.1222048,0.0054,-0.7966,-0.6016,-27.3511,14.0305,12.9313,0.9983
1780910496.322323,0.0132,-0.6094,-0.6687,-51.5496,2.1145,21.4504,0.9048
1780910496.5213156,0.0151,-0.708,-0.5837,-26.3969,9.0763,11.6107,0.9177
1780910496.7222757,-0.0386,-0.8557,-0.7488,12.5191,-7.4504,3.8626,1.1377
1780910496.9210596,-0.2454,-1.0859,-0.9087,40.9542,3.5878,-8.6031,1.4371
1780910497.1209605,-0.043,-0.6479,-0.7214,70.8855,44.542,31.0611,0.9706
1780910497.3222942,-0.0437,-1.0371,-0.6799,-11.3053,6.7481,-8.5725,1.2409
1780910497.5365162,-0.0774,-0.9312,-0.2024,-7.3359,1.4122,-0.8015,0.956
1780910497.7218165,-0.0059,-0.9453,-0.209,4.4656,-2.0458,-2.3511,0.9682
1780910497.9222877,-0.052,-0.9651,-0.2148,1.0687,-1.1374,0.1756,0.9901
1780910498.123629,-0.0415,-0.9736,-0.2456,-1.8397,-6.0229,-0.9389,1.005
1780910498.326549,-0.0322,-0.9836,-0.2507,6.3359,0.7405,-0.3359,1.0156
1780910498.5245588,-0.0474,-0.978,-0.2271,-5.2901,-1.229,-1.1679,1.0052
1780910498.7222974,-0.0415,-0.9602,-0.2119,-6.1374,-2.4809,1.1603,0.9842
1780910498.9222856,-0.0518,-0.9651,-0.2358,-8.7328,-0.8779,0.3282,0.9948
1780910499.1223562,-0.0525,-0.9502,-0.2686,-11.1832,-2.7023,-0.4275,0.9888
1780910499.3223364,-0.0415,-0.9465,-0.2761,-24.5191,-2.4351,2.3664,0.9869
1780910499.5213754,-0.0564,-0.9341,-0.3647,-31.9771,-5.2366,-4.0,1.0044
0,0,0,0,0,0,0,0
0,0,0,0,0,0,0,0
1780910500.3684902,-0.0417,-0.6721,-0.5605,39.9237,-8.3511,-6.626,0.8762
1780910500.568825,-0.0796,-0.6748,-0.4836,43.7328,-7.1756,-8.0153,0.834
1780910500.769261,-0.0769,-0.7476,-0.3936,34.5649,4.5725,-2.1374,0.8483
1780910500.9690573,-0.0039,-0.8899,-0.4766,6.2061,-2.1374,-0.8855,1.0095
1780910501.1686244,-0.0029,-0.9253,-0.3125,-2.458,-3.4962,6.0763,0.9766
1780910501.3690488,0.0054,-0.9438,-0.3188,1.5496,-1.6641,-2.0382,0.9963
1780910501.568907,-0.0195,-0.9604,-0.3708,0.0229,-0.5649,-1.2443,1.0297
1780910501.7722192,-0.043,-0.9355,-0.3352,-2.145,3.8244,2.8321,0.9947
1780910501.9684606,-0.0247,-0.9307,-0.3625,-3.771,1.7252,1.5038,0.9991
1780910502.1683822,-0.054,-0.9419,-0.3372,0.4275,0.4504,-1.6794,1.0019
1780910502.368292,-0.0364,-0.9421,-0.4182,-1.855,-0.3969,-1.4046,1.0314
1780910502.5689304,-0.0481,-0.8606,-0.4487,-23.7786,-0.542,4.3435,0.9717
1780910502.7690005,-0.0151,-0.7468,-0.585,-70.3206,-2.7252,10.7405,0.9488
1780910502.969436,-0.0476,-0.6968,-0.4585,-67.7481,-5.1679,1.9618,0.8355
1780910503.169217,-0.0984,-0.6372,-0.7395,8.0076,-0.0534,6.8092,0.9811
1780910503.3687782,-0.137,-0.9617,-0.8726,38.5115,-15.1756,11.1832,1.3057
1780910503.568547,-0.5217,-1.0183,-1.0479,-39.9313,-75.8626,-42.5573,1.5515
1780910503.7694817,-0.0068,-0.7439,0.0449,-10.6107,-17.313,-2.2443,0.7453
1780910503.969014,-0.0562,-0.8855,-0.0454,45.5115,8.4275,-3.5496,0.8884
1780910504.169058,-0.064,-0.9607,-0.2104,28.1832,8.2137,1.5191,0.9856
0,0,0,0,0,0,0,0
0,0,0,0,0,0,0,0
1780910505.878918,-0.0686,-0.7388,-0.3323,38.9389,-13.0229,-10.3588,0.813
1780910506.0790677,-0.0527,-0.9551,-0.3643,12.7099,14.5878,-2.8092,1.0235
1780910506.2788749,0.0027,-0.8677,-0.2556,-14.9313,8.3969,-6.2137,0.9045
1780910506.478817,-0.0618,-0.9736,-0.3943,-8.3282,0.4962,-0.6641,1.0523
1780910506.6798763,-0.032,-0.9294,-0.3643,6.6947,5.7328,-4.2824,0.9988
1780910506.8787684,-0.0244,-0.8916,-0.3501,-6.8473,3.5802,-0.5038,0.9582
1780910507.078318,-0.0225,-0.9021,-0.3718,-1.3588,4.5573,1.8321,0.976
1780910507.2776797,-0.0334,-0.886,-0.4321,-11.1069,6.2824,5.1832,0.9863
1780910507.4791472,-0.0359,-0.7378,-0.5281,-48.6107,10.5802,16.9237,0.908
1780910507.6781564,-0.0432,-0.6382,-0.4946,-52.2443,-2.7939,1.1145,0.8086
1780910507.8786614,-0.0684,-0.728,-0.5759,-10.0076,-9.3359,-1.8397,0.9308
1780910508.079422,-0.0964,-1.0359,-0.9023,63.0916,-4.5191,-4.2137,1.3772
1780910508.2788594,-0.2625,-0.8799,-1.1716,-18.5573,-27.9466,-29.2443,1.4886
1780910508.479681,-0.0515,-0.96,-0.105,-20.4733,2.542,0.1527,0.9671
1780910508.6801736,-0.0085,-0.9116,-0.002,32.3511,-4.9542,4.0,0.9117
1780910508.8776562,-0.0718,-0.9829,-0.167,-1.7252,-12.4504,-2.8626,0.9996
1780910509.080546,0.0176,-0.9712,-0.3296,-44.8168,-15.1603,-4.6947,1.0257
1780910509.2794526,-0.0286,-0.9385,-0.0837,22.1374,21.6947,-7.2061,0.9426
1780910509.4822087,0.0024,-0.9077,-0.2993,-35.8779,-7.3511,0.0916,0.9558
1780910509.6788318,-0.0613,-0.8958,-0.3423,-49.8779,-17.0458,-3.4733,0.9609
1780910509.879017,-0.0383,-1.2764,-0.7029,-54.7863,-7.7939,12.3664,1.4576
0,0,0,0,0,0,0,0
0,0,0,0,0,0,0,0
1780910513.0355573,-0.1199,-1.0352,-0.1472,14.4275,5.4809,-0.542,1.0524
1780910513.2345488,-0.0029,-1.2341,-0.863,-9.8244,17.6336,9.0229,1.506
1780910513.4347382,-0.0566,-0.9529,-0.2637,-43.1985,42.4427,17.229,0.9903
1780910513.6323323,-0.0029,-1.0532,-0.1946,18.1832,-6.7481,3.229,1.071
1780910513.8314996,-0.0815,-0.8931,-0.7046,44.7939,19.7863,-12.6412,1.1405
1780910514.0321074,-0.1123,-0.7471,-0.3552,12.7939,-21.4733,-2.3588,0.8348
1780910514.2321792,-0.1077,-1.2522,-0.4346,0.6794,-8.6031,-12.7481,1.3298
1780910514.4344804,-0.228,-1.0928,-0.9597,31.313,-2.374,4.4656,1.4721
1780910514.6332972,-0.1743,-0.8362,-0.3064,-38.084,-135.6031,-36.458,0.9074
1780910514.832418,-0.1028,-0.9885,-0.6707,-35.4656,-207.8473,-37.6183,1.199
1780910515.0334666,-0.3437,-0.8506,-0.5273,-31.1679,-182.9466,-40.2519,1.0582
1780910515.2323565,-0.198,-0.8508,-0.376,-22.0916,-101.7939,-67.1679,0.951
1780910515.432387,-0.385,-0.8328,-0.3188,26.2366,-65.5954,-34.7328,0.9713
1780910515.6323743,0.166,-0.7869,-0.6011,-7.6947,-64.5267,-31.6183,1.004
1780910515.8350027,0.0732,-0.9531,-0.3416,-21.1603,-10.0916,-21.2366,1.0151
1780910516.035818,-0.3508,-1.1462,-0.1838,18.9542,-64.4198,-6.1374,1.2127
1780910516.2321868,-0.0144,-0.9338,-0.8313,19.6947,-47.7405,-20.0916,1.2503
1780910516.4358144,-0.1643,-1.0957,-0.3372,5.3435,-31.916,-9.9466,1.1581
1780910516.6325133,-0.0244,-1.0676,-0.406,27.2824,41.6412,4.3969,1.1425
1780910516.832515,-0.1111,-0.7869,-0.7915,26.2061,68.374,9.5725,1.1216
0,0,0,0,0,0,0,0
0,0,0,0,0,0,0,0
1780910519.0995638,-0.0266,-1.1038,-0.2278,-12.7786,-1.2519,4.4962,1.1273
1780910519.2904332,0.0842,-0.8262,-0.5466,-32.6565,-12.0229,-6.4198,0.9942
1780910519.48898,-0.0369,-0.9099,-0.2666,-19.6183,-36.9924,-10.9618,0.9489
1780910519.6894357,-0.0312,-1.0063,-0.4883,3.3893,-78.0763,-20.9084,1.119
1780910519.8892422,0.0264,-0.5344,-0.345,-6.4656,-85.2061,-27.9084,0.6366
1780910520.092395,-0.2402,-0.8271,-0.1687,0.3282,-86.4962,-33.2137,0.8777
1780910520.2945352,-0.0015,-0.9509,-0.4111,-7.6947,-51.3817,-15.1832,1.036
1780910520.490469,0.0317,-0.6277,-0.3506,-40.4351,-112.4198,-37.6412,0.7197
1780910520.689272,0.0095,-0.9299,-0.4146,-16.4275,-118.4427,-44.6489,1.0182
1780910520.8905342,-0.2424,-0.9875,-0.1448,52.626,-143.2595,-40.5344,1.0271
1780910521.0898283,0.0691,-0.8828,-0.2847,-39.0229,-114.3969,-36.1221,0.9301
1780910521.2923915,-0.1458,-1.0125,-0.2065,-10.0458,-59.3206,-22.1527,1.0435
1780910521.4995778,0.073,-1.0708,-0.7788,-28.9847,23.4733,4.0992,1.3261
1780910521.6922755,-0.0508,-1.0676,-0.5364,-26.2443,2.8015,17.145,1.1959
1780910521.8892982,0.0054,-1.0642,-0.4099,14.5802,-70.6031,-10.4656,1.1404
1780910522.0900397,-0.2729,-0.8008,-0.4314,82.1069,-27.3359,-1.2519,0.9497
1780910522.2896466,-0.2285,-0.8018,-0.3027,21.9466,-17.4351,-1.9008,0.887
1780910522.490958,-0.0334,-1.0959,-0.4268,26.8244,21.9771,-9.3664,1.1766
1780910522.6905377,-0.043,-0.5098,-0.3533,1.7405,50.0534,4.6794,0.6217
1780910522.889706,-0.0029,-0.8674,-0.3391,-17.9389,-7.542,11.9313,0.9314
0,0,0,0,0,0,0,0
0,0,0,0,0,0,0,0
1780910528.5956118,-0.0215,-0.9595,-0.4019,17.313,10.7634,-11.6183,1.0405
1780910528.795227,-0.0071,-0.8928,-0.2161,-27.1679,-3.9084,4.3511,0.9186
1780910528.994675,-0.1252,-1.0901,-0.3057,9.1908,-18.2137,21.5038,1.139
1780910529.1953802,-0.1436,-0.7837,-0.4172,21.1298,31.3206,10.3511,0.8994
1780910529.3946414,-0.1987,-0.8147,-0.3945,-16.2748,95.9008,13.1756,0.9268
1780910529.5963478,-0.0583,-0.7886,-0.9021,-6.0229,173.9237,60.5038,1.1996
1780910529.7983246,0.0955,-1.052,-0.5122,19.9237,129.0153,39.0076,1.174
1780910530.000182,-0.0107,-1.1018,-0.5527,20.4886,120.5649,53.2443,1.2327
1780910530.1954668,-0.0181,-0.7866,-0.3921,-27.6031,47.9389,-0.8931,0.8791
1780910530.3952117,-0.4456,-1.2131,-0.4397,-33.7252,-4.1221,22.7634,1.3651
1780910530.5995703,-0.1794,-1.0173,-0.3687,-10.7786,-35.8855,0.229,1.0968
1780910530.8048067,-0.2312,-0.9221,-0.3218,14.3893,-55.8168,-27.4046,1.0036
1780910530.995266,-0.2146,-0.7607,-0.2556,0.2137,-29.9466,-23.8855,0.8307
1780910531.1952486,-0.0977,-1.1379,-0.634,17.9924,-29.2824,-28.7099,1.3063
1780910531.3998117,0.0144,-0.5586,-0.333,-21.3969,-8.8321,-12.6412,0.6505
1780910531.594604,-0.0083,-0.8469,-0.2144,-27.1756,-17.7023,-5.1679,0.8737
1780910531.7953258,-0.1553,-1.0669,-0.3354,38.9084,-37.7863,5.9237,1.1291
1780910531.9946578,-0.0193,-0.6755,-0.5493,-6.7634,7.1221,3.3053,0.8709
1780910532.1947782,0.0352,-0.6843,-0.3645,21.2977,77.4275,17.0763,0.7761
1780910532.3955624,0.0344,-0.6111,-0.2187,14.1756,109.6183,3.3206,0.65
1780910532.5950415,-0.0815,-0.7874,-0.2456,9.3969,97.6336,32.1985,0.8288
0,0,0,0,0,0,0,0
0,0,0,0,0,0,0,0
1780910535.1444678,0.0195,-0.6636,-0.4321,12.5649,-22.1832,-6.9618,0.7921
1780910535.3424323,-0.2295,-1.1296,-0.0112,-3.3893,-9.2748,0.9695,1.1528
1780910535.5410414,-0.1697,-0.6182,0.0068,39.8626,23.626,7.3206,0.6411
1780910535.7406762,-0.1157,-0.8933,-0.416,-3.8244,-28.3969,-22.5191,0.9922
1780910535.943235,-0.145,-1.0986,0.4797,-3.855,-107.8168,-44.0992,1.2075
1780910536.140686,-0.1243,-0.7551,-0.0859,-9.6565,-35.4351,-7.1679,0.7701
1780910536.3422341,-0.1909,-1.011,-0.594,-0.5496,-68.3359,13.7176,1.188
1780910536.5410433,-0.1157,-0.6504,-0.1191,4.6336,-10.0229,-4.5802,0.6713
1780910536.7452588,-0.1858,-1.3137,-0.3806,40.0916,13.6107,5.8168,1.3803
1780910536.9421463,-0.2358,-1.1692,-0.6042,-4.9084,53.0076,43.4198,1.3371
1780910537.142303,0.1084,-0.7195,-0.0532,-17.4046,-61.0305,-28.4656,0.7295
1780910537.3421586,-0.553,-0.7527,-0.6729,85.458,-8.458,-10.4885,1.1511
1780910537.5427735,0.2095,-0.5859,-0.291,-23.5496,-6.9466,-5.5573,0.6869
1780910537.7454746,-0.373,-1.4316,-0.2222,19.8931,1.0382,-7.1679,1.496
1780910537.9466996,0.2964,-0.3809,-0.3132,-21.1527,70.5649,3.145,0.5753
1780910538.1422932,0.0381,-0.7703,-0.0947,-28.4809,-7.4122,0.542,0.777
1780910538.3423233,0.0181,-1.3909,-0.4478,-16.3206,-25.6565,-15.0534,1.4613
1780910538.5423102,-0.1528,-0.8423,-0.2898,-9.3893,48.5344,46.084,0.9038
1780910538.7423213,-0.1409,-0.9419,-0.415,33.9466,102.8626,25.4962,1.0389
1780910538.9435315,0.1367,-1.0315,-0.8394,-34.0305,80.0382,14.3588,1.3369
0,0,0,0,0,0,0,0
0,0,0,0,0,0,0,0
1780910540.5922225,0.0386,-1.1301,-0.1411,6.1908,-30.855,-5.8244,1.1396
1780910540.7906125,-0.1853,-1.0803,-0.6641,-25.8473,-39.374,-8.9771,1.2816
1780910540.9906466,-0.1252,-1.228,-0.4331,1.8015,-57.3588,-17.1145,1.3082
1780910541.1911922,-0.1604,-1.0386,-0.2798,17.4504,-34.2595,-18.3511,1.0875
1780910541.3909073,-0.3289,-0.6931,-0.4316,42.687,24.4886,-11.7634,0.8803
1780910541.6176088,0.0317,-0.6204,-0.332,-35.916,-62.4885,-19.771,0.7043
1780910541.7933714,-0.0642,-0.7644,-0.7537,-6.2137,-177.0229,-88.458,1.0754
1780910541.9907622,-0.2686,-0.7136,-0.2737,-6.4046,-109.2595,-13.3893,0.8101
1780910542.1995223,-0.0256,-0.9075,-0.5166,-10.7328,-102.2901,-48.0076,1.0445
1780910542.4068348,0.0215,-0.937,-0.7026,-20.9313,-15.2824,-8.1374,1.1714
1780910542.6128874,-0.0073,-1.0112,-0.386,27.7481,-20.2061,-29.4656,1.0824
1780910542.8201063,-0.0071,-0.9751,-0.3621,1.9389,-22.2214,7.2672,1.0402
1780910543.0278647,-0.2344,-1.0464,-0.6028,-67.6336,-54.1298,12.687,1.2301
1780910543.2341812,-0.2546,-1.0972,-0.3684,30.4962,-27.0153,-19.2214,1.185
1780910543.390905,-0.4402,-1.2344,-0.4961,-8.2595,-22.4427,-7.8397,1.4013
1780910543.5914826,-0.4006,-0.9241,-0.2856,-2.2061,-54.5649,-23.8092,1.0469
1780910543.7916424,0.2349,-0.7507,-0.4722,-22.1679,-35.4809,-19.3511,0.9174
1780910543.9953964,-0.0276,-0.8621,-0.2595,-16.8779,-2.0916,-10.9313,0.9007
1780910544.1945274,-0.1418,-1.1299,-0.1804,23.1679,-47.6794,-8.9084,1.153
1780910544.3914938,0.1389,-0.6736,-0.5764,13.1603,12.0382,9.2519,0.8974
0,0,0,0,0,0,0,0
0,0,0,0,0,0,0,0
1780910550.1070426,0.0105,-0.8582,-0.1826,-24.5344,-62.1603,-13.5115,0.8774
1780910550.3122792,0.1333,-1.0332,-0.4651,9.626,-43.0305,6.6107,1.1409
1780910550.5092661,-0.0715,-0.6511,-0.5188,16.5267,-10.4733,5.7557,0.8356
1780910550.7209845,-0.0681,-0.6255,-0.322,4.855,4.9847,-5.9389,0.7068
1780910550.9072897,-0.019,-0.9456,-0.2402,15.8855,5.9847,-19.2595,0.9758
1780910551.1073787,-0.2402,-0.5974,-0.5664,41.4427,74.7786,13.7176,0.8576
1780910551.3087509,0.0037,-0.7974,-0.259,-11.6641,-10.9237,-4.9924,0.8384
1780910551.5081205,-0.0896,-1.1094,-0.29,-18.0763,-66.8473,-29.8626,1.1502
1780910551.707439,-0.2395,-0.4673,0.0969,3.1145,-45.313,-7.374,0.534
1780910551.9072182,-0.1699,-0.8091,-0.1047,-2.855,-19.8244,-16.5038,0.8333
1780910552.1067932,-0.1233,-1.022,-0.3142,-13.2901,11.8626,-1.7023,1.0763
1780910552.3077536,-0.1008,-1.2729,-0.7402,-65.916,-100.2443,-44.1908,1.476
1780910552.507598,-0.1169,-0.7478,-0.6003,-46.0076,-135.0916,-23.458,0.9661
1780910552.7092388,-0.4023,-0.9792,-0.1094,-50.3511,-148.542,-43.8321,1.0643
1780910552.9075718,-0.3264,-0.9897,-0.1504,-10.2672,-69.3206,-28.5725,1.053
1780910553.109726,-0.3269,-1.1226,-0.3945,-1.8779,-28.2595,1.0153,1.234
1780910553.3087325,0.1147,-0.8831,-0.4861,-51.8321,-47.2672,-28.0458,1.0145
1780910553.5067217,-0.0574,-0.9133,-0.282,-30.229,-42.0458,-15.0305,0.9576
1780910553.7069876,-0.1404,-1.1584,-0.3618,11.0458,-49.5344,-4.6107,1.2217
0,0,0,0,0,0,0,0
0,0,0,0,0,0,0,0
1780910557.1424434,-0.1299,-1.0461,-0.0183,29.4122,-36.7328,-28.7481,1.0543
1780910557.3347335,-0.3181,-0.8762,-0.5049,48.4733,-20.1527,-25.916,1.0601
1780910557.5408106,0.2021,-0.9014,-0.4746,-50.0305,-58.5573,-56.2901,1.0385
1780910557.7358599,-0.0806,-0.9673,-0.24,-2.855,-58.7786,-23.1756,0.9999
1780910557.9352078,-0.0833,-1.062,-0.5454,-44.3817,-109.7252,-13.9618,1.1968
1780910558.135667,-0.1833,-0.9604,-0.3552,-38.2977,-153.0458,-38.6641,1.0403
1780910558.3344467,-0.1987,-0.9019,-0.26,-1.6947,-68.5343,-26.1679,0.9594
1780910558.5368204,-0.1377,-1.2583,-0.6572,-54.7634,-41.3969,-0.4275,1.4263
1780910558.7353313,-0.3215,-1.0205,-0.301,-12.9313,-95.4275,-33.0534,1.1115
1780910558.9350116,0.0376,-1.0217,-0.2598,13.2061,-50.2443,-2.6565,1.0549
1780910559.139915,-0.1121,-1.1514,-1.2498,14.8473,-90.0611,5.2137,1.703
1780910559.3377693,-0.0789,-0.8564,-0.4529,7.6794,-88.4198,-19.3435,0.972
1780910559.534844,-0.1663,-0.9988,-0.1675,2.0763,-68.771,-45.0305,1.0263
1780910559.7358701,-0.3098,-0.7415,-0.3772,29.5191,-8.3588,-17.2214,0.8877
1780910559.934719,-0.0422,-0.9658,-0.4998,-23.7634,-23.3282,5.7099,1.0883
1780910560.1345289,-0.0764,-1.1787,-0.1379,6.626,-72.2519,-32.3588,1.1892
1780910560.3356478,-0.219,-0.6145,-0.103,-37.1145,-22.8321,-3.9389,0.6604
1780910560.534683,-0.1248,-0.9531,-0.3259,7.2061,12.9084,5.3435,1.015
1780910560.7406933,-0.0754,-1.1201,-0.4248,-18.4733,52.5496,21.5344,1.2003
1780910560.9420576,-0.3025,-1.1213,-0.467,-28.7634,-44.374,-9.542,1.2518
1780910561.1375859,-0.1575,-0.8901,-0.6301,-43.6412,-119.4733,-22.4656,1.1019
0,0,0,0,0,0,0,0
0,0,0,0,0,0,0,0
1780910562.2623234,-0.1477,-0.9878,-0.5435,-64.6718,-75.8092,-27.5038,1.1371
1780910562.4624014,-0.0847,-0.687,-0.2263,-3.7786,-8.7328,-7.7023,0.7283
1780910562.6762652,-0.0288,-0.802,-0.5591,22.4275,29.2748,-22.3206,0.9781
1780910562.8607666,-0.1523,-1.1851,-0.3252,11.5267,3.4504,-10.6947,1.2383
1780910563.0665367,-0.1169,-0.6414,-0.4343,7.4427,-48.3511,6.2672,0.7834
1780910563.26727,-0.1863,-1.3015,-0.5203,-49.2672,-93.7557,-5.916,1.414
1780910563.4704468,0.0623,-0.2322,-0.2834,12.5573,18.8015,1.9084,0.3717
1780910563.6659,0.127,-1.6245,-0.75,24.0458,63.9618,-12.6565,1.7938
1780910563.8660917,0.0251,-0.2556,-0.3088,11.9924,39.8015,-5.9847,0.4017
1780910564.065686,-0.676,-1.8013,-0.7793,33.9771,-34.2595,18.2748,2.0758
1780910564.2663674,0.0117,-0.2957,-0.3411,0.3969,-17.8015,36.7939,0.4515
1780910564.5164435,-0.365,-1.8352,-0.8586,15.0458,63.4122,1.8015,2.0588
1780910564.6656473,-0.1353,-0.3484,-0.1436,12.7252,36.1832,-19.8702,0.4003
1780910564.8655827,-0.3469,-1.6423,-0.6704,-28.542,-21.6412,30.8092,1.8075
1780910565.0672636,0.0925,-0.55,-0.47,-34.8244,-38.9924,20.7176,0.7294
1780910565.2666557,0.3188,-1.2058,-0.811,-43.2748,31.5191,-26.5267,1.4878
1780910565.4662812,-0.103,-0.7078,-0.2722,-16.8626,49.6718,-14.0153,0.7653
1780910565.6686559,-0.3071,-1.0142,-0.5359,12.458,22.1374,32.9618,1.1874
1780910565.866689,-0.04,-0.6699,-0.3506,5.771,-38.1298,18.9237,0.7572
0,0,0,0,0,0,0,0
0,0,0,0,0,0,0,0
1780910566.4846597,-0.4375,-0.7273,-0.1912,11.3435,-9.771,19.2748,0.87
1780910566.6862488,-0.1274,-0.9712,-0.3496,-17.5954,-81.7099,6.0458,1.04
1780910566.8844976,0.1204,-0.4204,-0.3777,-8.084,-65.0305,-61.5267,0.5778
1780910567.0861788,0.1082,-0.9243,-0.3232,-8.1756,60.8168,-27.3053,0.9852
1780910567.2831597,-0.4204,-0.554,-0.4836,26.9237,-62.2519,-5.7405,0.8471
1780910567.4829063,-0.334,-1.3052,-0.5991,-12.3893,-34.0458,28.3282,1.4744
1780910567.6834388,0.2234,-0.2561,-0.4617,11.0763,-7.6641,-17.5649,0.5733
1780910567.8842635,-0.2747,-1.2339,-0.5388,-0.2748,84.8473,-40.4733,1.3741
1780910568.0857463,-0.3872,-0.3518,-0.2905,17.7099,-23.6412,3.9847,0.5984
1780910568.2861755,-0.3567,-1.6213,-0.6687,1.4885,-60.4351,31.0763,1.7897
1780910568.4835045,0.054,-0.3147,-0.2742,8.9695,8.6641,13.9542,0.4208
1780910568.6831923,0.3425,-1.4568,-0.4565,-43.687,35.2137,-54.0458,1.5646
1780910568.8887799,-0.1025,-0.3638,-0.3235,19.1756,2.7786,-16.9847,0.4975
1780910569.0885432,-0.4597,-1.7556,-0.8228,-21.7481,-55.5344,47.3282,1.9926
1780910569.2868998,-0.095,-0.4941,-0.3984,-17.8702,-27.9618,2.2824,0.6418
1780910569.4867837,0.0625,-1.9412,-0.5615,21.0458,33.0534,-15.6947,2.0217
1780910569.6838496,0.03,-0.5469,-0.3589,-21.0687,21.9924,-24.8779,0.6548
1780910569.8860927,-0.7314,-1.5266,-0.6406,8.145,18.458,34.3969,1.81
1780910570.0847843,-0.1736,-0.7207,-0.3208,-5.4351,-52.2824,2.6183,0.8077
1780910570.283474,0.1772,-0.7019,-0.5447,1.1298,4.687,-20.9008,0.906
1780910570.483626,0.0986,-0.6426,-0.3137,-6.3969,96.4809,-5.3206,0.7218
1780910570.6907382,-0.1221,-0.7881,-0.449,32.916,3.5573,13.8931,0.9152
1780910570.8837898,-0.2861,-1.2495,-0.5022,-3.7405,37.2443,55.145,1.3767
1780910571.1343288,0.229,-0.4973,-0.6599,16.1908,59.2214,32.2443,0.8575
0,0,0,0,0,0,0,0
0,0,0,0,0,0,0,0
1780910571.8823674,-0.2744,-0.9299,-0.5476,48.1527,-8.4046,-27.3664,1.1135
1780910572.1065915,-0.1121,-0.9668,-0.4172,-3.2519,-3.626,-7.8092,1.0589
1780910572.2809916,-0.0593,-0.8835,-0.3074,43.9466,14.9542,-31.1298,0.9374
1780910572.4858856,-0.2581,-1.4153,-0.5503,-16.1603,-72.0382,-16.1527,1.5403
1780910572.68106,-0.2266,-0.4656,-0.4468,22.2824,-155.0153,-75.1985,0.6839
1780910572.8813999,-0.0398,-1.637,-0.4888,1.9008,-93.3893,-52.7557,1.7088
1780910573.081222,-0.1304,-0.4185,-0.366,4.4962,-66.229,-27.2443,0.571
1780910573.2813327,0.3286,-1.7017,-0.5933,-39.7634,-101.5267,-45.8015,1.8318
1780910573.481081,-0.0627,-0.3582,-0.147,-3.5649,-46.9618,5.9542,0.3922
1780910573.6933498,-0.4094,-1.5537,-0.7312,-18.2519,-20.2748,13.0,1.7653
1780910573.8874626,-0.0547,-0.303,-0.2642,11.626,89.3359,49.6947,0.4057
1780910574.0805812,0.1782,-1.4009,-1.1865,-55.145,162.1069,79.084,1.8445
1780910574.2988899,0.1379,-0.4895,-0.062,6.1298,98.0458,14.2519,0.5123
1780910574.4810789,-0.1973,-1.228,-0.7644,-6.626,87.6565,62.3969,1.4599
1780910574.6809907,-0.0024,-0.7119,-0.3821,11.8779,62.9237,13.2137,0.808
1780910574.8807478,-0.1104,-1.1824,-0.4702,38.7786,93.9771,25.1603,1.2772
1780910575.0809555,-0.3188,-0.991,-0.4375,-13.1374,20.5802,21.9695,1.1292
1780910575.2837515,-0.1584,-0.3752,-0.4944,39.2824,-78.4427,-34.7328,0.6406
1780910575.4807625,0.0083,-0.8921,-0.269,-27.458,-134.229,-55.1985,0.9318
1780910575.6812224,-0.1016,-0.48,-0.2861,-18.145,-78.1145,-25.0992,0.568
1780910575.8812585,-0.0564,-1.1584,-0.759,-4.5725,-92.0687,-10.3817,1.3861
0,0,0,0,0,0,0,0
0,0,0,0,0,0,0,0
1780910576.5822392,-0.0039,-1.3586,-0.8354,-25.4046,-91.3359,-39.4809,1.595
1780910576.782006,-0.0674,-0.9182,-0.4854,48.5496,28.2748,-0.6794,1.0408
1780910576.98057,0.0964,-0.8718,-0.8062,-25.1069,-9.3664,-0.0916,1.1913
1780910577.1809313,0.1311,-0.8569,-0.7673,-23.0763,79.145,29.7176,1.1577
1780910577.381321,0.0176,-0.3616,-0.6548,6.0534,162.2901,60.5878,0.7482
1780910577.580535,-0.2139,-1.1108,-0.3235,20.4656,84.4733,40.1679,1.1766
1780910577.7806385,0.0747,-0.2866,-0.3867,16.6183,28.0153,7.5573,0.4871
1780910577.982433,0.001,-1.1013,-0.4553,15.6489,84.5267,21.229,1.1917
1780910578.1810381,0.1404,-0.502,-0.3972,21.3969,62.2748,0.7176,0.6553
1780910578.381165,0.114,-1.208,-0.5608,-27.1679,40.1679,-7.7634,1.3367
1780910578.5813138,-0.1465,-0.3936,-0.1833,1.0916,-7.4962,-13.4122,0.4582
1780910578.7808409,-0.7065,-2.0,0.0127,-16.2519,-27.5267,23.5344,2.1212
1780910578.983834,0.0154,-0.1621,-0.2749,-8.626,-16.4733,-7.6794,0.3195
1780910579.180511,-0.2859,-2.0,-0.6089,-35.0382,-13.2366,-34.4122,2.1101
1780910579.3807094,-0.0847,-0.323,-0.1604,1.0153,1.855,12.6107,0.3704
1780910579.5811036,-0.0654,-1.5107,0.1055,-26.771,-42.4351,-19.916,1.5158
1780910579.7811694,-0.106,-0.1379,-0.269,17.8931,-19.0076,-36.7252,0.3204
1780910579.9807591,-0.311,-2.0,-0.5161,-23.542,-96.9771,-28.7481,2.0888
1780910580.1814325,-0.1155,-0.323,-0.2671,30.3969,-97.7786,-41.8626,0.4347
1780910580.380935,-0.2476,-1.5332,-0.6113,-80.6794,-99.4198,-6.7405,1.669
1780910580.5820253,-0.1968,-0.1455,-0.1907,-14.7939,-102.0458,-30.5496,0.3102
0,0,0,0,0,0,0,0
0,0,0,0,0,0,0,0
1780910581.2405362,0.0859,-0.9937,-0.3884,20.8168,-13.9237,-15.7557,1.0703
1780910581.439297,0.0193,-0.6663,-0.2019,37.2061,5.8244,-5.3206,0.6964
1780910581.6393678,-0.1343,-0.9915,-0.3242,-46.6947,-60.2595,-11.916,1.0517
1780910581.8408225,-0.1687,-0.9211,-0.8704,-13.313,-101.4351,-28.7634,1.2785
1780910582.0407028,0.0703,-0.6394,-0.3198,12.1527,-11.7252,-14.9924,0.7184
1780910582.2405345,-0.2693,-0.9324,-0.064,54.7863,16.5802,4.5496,0.9726
1780910582.4407363,0.0999,-0.6116,-0.3567,-14.5878,63.5649,0.145,0.715
1780910582.639321,-0.3936,-0.8257,-0.3506,51.7328,57.4962,39.8015,0.9796
1780910582.8481119,0.0796,-0.9836,-0.5388,-5.626,1.7634,-16.1527,1.1244
1780910583.0406792,0.1958,-0.6599,-0.8643,-22.6336,-37.8015,-11.9084,1.1049
1780910583.2407782,-0.0469,-0.74,-0.2183,63.7557,25.1221,27.2366,0.7729
1780910583.4407218,-0.0132,-1.2229,-0.7622,27.0153,2.626,33.6565,1.441
1780910583.6441143,0.042,-0.4221,-0.3455,17.7405,78.7099,20.3206,0.5471
1780910583.8441014,-0.0149,-1.7583,-0.8149,6.6489,124.5038,55.4198,1.938
1780910584.0405943,-0.0818,-0.2358,-0.3118,0.6947,143.7176,5.0153,0.3994
1780910584.243457,-0.1394,-1.6704,-0.6421,-28.9847,85.1985,6.2214,1.795
1780910584.4430728,-0.1055,-0.4531,-0.2539,1.2443,26.9695,19.4198,0.53
1780910584.6448412,0.1423,-0.9302,-0.6443,-20.0534,-48.1756,1.7939,1.1404
1780910584.8407638,-0.0271,-0.8386,-0.4604,69.145,-31.1832,-18.1832,0.9571
1780910585.0407398,-0.2061,-0.918,-0.2773,24.5573,58.0153,-3.3511,0.9808
1780910585.2406487,-0.0305,-1.1646,-0.5696,7.6718,57.4351,16.2061,1.2967
0,0,0,0,0,0,0,0
0,0,0,0,0,0,0,0
1780910586.080135,-0.385,-1.835,-0.4619,-24.313,-108.7557,8.145,1.931
1780910586.2801542,0.0488,-0.4749,-0.3979,-1.4962,-96.3588,-21.1756,0.6215
1780910586.4769335,-0.1626,-1.7454,-0.5278,13.8015,-79.4351,-0.1527,1.8307
1780910586.677658,-0.0327,-0.4202,-0.3315,20.5267,16.1374,8.0687,0.5362
1780910586.8780417,-0.0728,-1.1902,-0.4976,-12.9008,-3.7023,-22.0687,1.2921
1780910587.0776289,0.1426,-0.8318,-0.343,74.1298,53.0305,-7.9618,0.911
1780910587.277575,-0.2905,-0.8049,-0.4143,4.8931,6.0382,8.0076,0.9508
1780910587.477901,0.0093,-1.3032,-0.7937,4.771,-51.1221,17.0153,1.5259
1780910587.6822455,0.0144,-0.4126,-0.4819,-27.2061,-102.6031,-52.4656,0.6346
1780910587.8770864,-0.4465,-1.2791,-0.7246,-49.4275,-57.2595,-10.9237,1.5364
1780910588.0778217,-0.1462,-0.5146,-0.4314,16.8244,-58.3053,-24.2443,0.6873
1780910588.2836275,-0.2219,-1.0215,-0.3975,-5.1832,-7.0916,-12.0,1.1183
1780910588.4769099,-0.1235,-0.5332,-0.366,-8.6565,-11.542,-17.1908,0.6584
1780910588.6777742,0.0239,-1.1311,-0.665,-7.0076,4.5954,-4.9542,1.3123
1780910588.8791955,0.0581,-0.438,-0.3218,11.8626,-4.2748,-14.4656,0.5466
1780910589.086742,-0.1086,-1.1118,-0.3735,-8.0229,-34.9618,-3.8473,1.1779
1780910589.277145,-0.1182,-0.623,-0.4973,-2.1832,-68.0458,-30.5954,0.8059
1780910589.4845908,-0.0696,-0.967,-0.5557,-20.626,-99.4733,-53.229,1.1175
0,0,0,0,0,0,0,0
0,0,0,0,0,0,0,0
1780910590.3102026,0.0322,-0.5591,-0.0881,-17.2595,-16.8931,-18.1832,0.5669
1780910590.5105257,-0.113,-1.2034,-0.2266,-7.8779,-9.5573,11.9771,1.2297
1780910590.7101545,-0.2,-0.7322,-0.2,-12.6107,-90.4427,-33.771,0.7849
1780910590.9133327,-0.3572,-1.4387,-1.2681,38.8244,-47.9466,1.6718,1.9508
1780910591.1105096,0.0469,-0.301,-0.2329,2.5344,25.916,1.145,0.3835
1780910591.3107107,-0.2617,-1.4077,-0.5811,-36.7176,-23.8015,-38.3588,1.5452
1780910591.5105307,-0.0107,-0.6309,-0.2375,48.0,59.1298,12.5802,0.6742
1780910591.7113953,-0.2407,-1.051,-0.8252,47.8244,17.6107,-20.3206,1.3578
1780910591.9129205,-0.1252,-0.4155,-0.2419,5.6565,-38.5954,-35.0,0.4969
1780910592.16342,-0.1807,-1.635,-0.2385,-59.2901,-128.3435,-74.4885,1.6622
1780910592.3132305,-0.231,-0.5991,-0.6394,14.458,-78.8397,-48.771,0.9062
1780910592.5100715,-0.3264,-0.9087,-0.7227,-24.9618,-165.5267,-72.1603,1.206
1780910592.7129402,-0.1235,-0.7922,-0.6636,-22.7328,-158.7252,-32.4656,1.0408
1780910592.9106593,0.3389,-0.657,-0.3796,-0.5115,-47.2977,-49.9695,0.831
1780910593.1162517,-0.6746,-1.6138,-0.9495,43.3359,-78.1145,-10.5267,1.9902
1780910593.3106987,-0.1863,-0.5291,-0.3936,-27.6031,-117.229,-45.5878,0.6852
1780910593.5103688,0.1184,-1.2793,-0.301,-69.3969,-115.5649,-52.2977,1.3196
1780910593.71786,-0.0725,-0.4324,-0.1948,27.2519,-69.5573,-37.2443,0.4798
1780910593.9102151,-0.3745,-1.0576,-0.5312,-9.7405,-22.0382,1.1679,1.2414
1780910594.1166346,-0.0522,-0.1335,-0.2673,6.3053,23.4809,-2.0534,0.3034
0,0,0,0,0,0,0,0
0,0,0,0,0,0,0,0
1780910594.741006,0.1384,-0.3979,-0.1445,-22.6718,-1.626,0.7252,0.4454
1780910594.9520786,-0.0911,-0.8223,-0.5171,0.4427,0.8321,15.313,0.9756
1780910595.1407669,0.0322,-1.1467,-0.5261,-24.1832,-28.9542,7.9924,1.2621
1780910595.3410084,-0.0002,-1.0862,-0.4272,48.1908,5.4427,6.1374,1.1672
1780910595.5409417,-0.0044,-0.5376,-0.4175,3.1221,93.5191,16.4886,0.6807
1780910595.7420077,-0.5007,-1.6096,-0.416,60.2595,46.6489,15.2519,1.7363
1780910595.9407947,-0.072,-0.6497,-0.1841,-0.0763,33.6107,-5.9084,0.6791
1780910596.1433089,-0.439,-1.7573,-1.2415,31.6412,67.5878,69.9084,2.1959
1780910596.341123,-0.0315,-0.4932,-0.4204,-11.5115,-18.7939,5.1985,0.6488
1780910596.540737,-0.3054,-1.2866,0.0972,6.8244,-51.9389,12.1603,1.3259
1780910596.7431757,0.0291,-0.9272,-1.2644,-22.771,-60.0305,0.7405,1.5682
1780910596.9409099,-0.0039,-0.6108,-0.3518,-37.1756,-49.5649,-58.542,0.7049
1780910597.1408856,-0.1785,-1.064,-0.302,-9.8473,32.8244,34.5802,1.1203
1780910597.3459804,-0.2405,-0.9404,-0.6914,-47.6183,-20.8092,-55.1985,1.1918
1780910597.544536,-0.1458,-0.7878,-0.4919,5.2137,-124.5038,-41.3817,0.9402
1780910597.7393897,-0.0452,-0.696,-0.6326,-16.7557,-199.0,-47.7405,0.9416
1780910597.9415011,0.0251,-0.907,-0.3835,8.084,-200.313,-51.0076,0.9851
1780910598.1411269,-0.2437,-0.9924,-0.5488,1.3817,-66.3893,-33.0458,1.16
1780910598.3409097,-0.3472,-0.9529,-0.3875,-8.7099,-34.1069,-37.9847,1.0856
1780910598.5408607,-0.1428,-0.876,-0.5544,10.5115,-30.626,-18.7786,1.0465
1780910598.7412293,0.1692,-0.7271,-0.6655,-27.9466,-5.6794,8.0076,1.0001
0,0,0,0,0,0,0,0
0,0,0,0,0,0,0,0
1780910599.299566,-0.0981,-0.864,-0.416,14.229,-27.8626,-27.7786,0.964
1780910599.4997528,-0.0833,-0.6919,-0.353,14.1832,0.0305,-7.3206,0.7812
1780910599.6995492,-0.2449,-0.9468,-0.7559,-24.8321,4.5802,4.626,1.236
1780910599.9006186,-0.124,-0.9211,-0.4761,-11.2137,-12.5038,-3.1679,1.0443
1780910600.0998461,-0.2446,-0.9924,-0.6375,-3.6031,-0.2214,34.8931,1.2046
1780910600.3031461,-0.3604,-1.1169,-0.8081,-17.0229,3.6107,-16.4886,1.4249
1780910600.4996297,-0.136,-0.6792,-0.6458,31.5191,-6.4427,-20.145,0.947
1780910600.699653,-0.1016,-0.9099,-0.6536,3.7176,28.5573,1.084,1.1249
1780910600.8993654,-0.2197,-0.8696,-0.9778,14.0,29.8321,19.7786,1.3269
1780910601.0996072,0.2183,-0.5,-0.4001,18.4198,5.9237,-3.6947,0.6766
1780910601.3036244,-0.1035,-0.9236,-0.6875,12.3893,35.3664,16.3282,1.156
1780910601.499766,-0.231,-0.9377,-0.458,9.5573,-11.2748,1.687,1.0689
1780910601.699531,-0.1516,-0.4797,-0.2456,7.3969,-24.8626,-29.4886,0.5599
1780910601.9005582,-0.1526,-0.9915,-0.6389,-8.2595,-9.687,-16.542,1.1893
1780910602.099203,-0.1453,-0.8743,-0.4956,8.0,7.4885,13.0687,1.0154
1780910602.300677,0.0159,-0.5989,-0.3501,-16.2519,9.0153,11.1527,0.6939
1780910602.5020626,-0.1299,-0.8218,-0.5459,15.6107,1.7634,17.2061,0.9951
1780910602.700285,-0.1819,-0.8521,-0.4526,2.4351,-38.687,-16.3282,0.9818
1780910602.8995273,-0.1228,-0.5913,-0.2759,36.6107,-29.6947,-30.2137,0.664
0,0,0,0,0,0,0,0
0,0,0,0,0,0,0,0
1780910603.6293929,-0.1621,-1.1626,-0.3586,30.5954,31.7557,29.2443,1.2274
1780910603.8285398,0.0706,-0.9285,-0.9529,17.5038,56.0534,15.6336,1.3323
1780910604.028665,-0.1868,-0.937,-0.4321,33.1985,93.7252,28.8702,1.0486
1780910604.2287548,0.0554,-0.7856,-0.605,-2.2443,147.7099,41.1679,0.9931
1780910604.4298935,-0.3184,-0.9177,-0.2268,31.8321,129.9542,21.4046,0.9975
1780910604.6280396,-0.0989,-0.7515,-0.0583,16.3817,66.1374,17.6641,0.7602
1780910604.8282244,0.2427,-0.8835,-0.3237,8.9847,36.5038,1.8015,0.9718
1780910605.0283918,-0.4148,-0.8997,-0.4785,65.8168,59.313,43.9847,1.1002
1780910605.2289476,0.0771,-0.8743,-0.2527,3.9542,-15.7252,15.542,0.9133
1780910605.4286187,-0.0181,-1.0747,-0.1929,-16.2137,17.9618,-10.1679,1.092
1780910605.6292126,-0.1914,-0.7705,-0.73,6.3817,43.9466,-24.5038,1.0785
1780910605.8290505,0.0618,-0.772,-0.373,-1.5267,-3.4656,-5.1221,0.8596
1780910606.0286546,-0.1465,-0.9778,-0.2964,6.5496,-71.855,-8.2672,1.0322
1780910606.2289324,-0.2673,-0.9448,-0.3796,-11.2977,-77.2519,-6.8855,1.0528
1780910606.4287336,-0.3647,-1.001,-0.4558,-19.0153,-52.0611,-10.6565,1.1588
1780910606.6284733,-0.0588,-0.9114,-0.4009,-2.9924,-55.1603,-46.0153,0.9974
1780910606.8330705,-0.0525,-0.7195,-0.6221,-6.8321,-10.8244,-13.0076,0.9526
1780910607.0411196,0.0867,-0.7969,-0.4097,-16.4427,0.5802,-4.084,0.9002
1780910607.2305956,-0.0391,-0.9836,-0.2917,-7.7023,-68.0305,-19.2519,1.0267
1780910607.4298284,-0.2214,-0.9302,-0.4963,-16.4275,-47.6412,-13.0916,1.0773
1780910607.6285896,-0.2888,-0.9875,-0.3145,-13.7099,-38.3206,-23.687,1.0759
1780910607.860308,-0.3118,-0.9607,-0.4336,0.7023,-18.5573,-18.374,1.0992
1780910608.028437,-0.2556,-0.874,-0.4612,-5.6641,5.4656,4.4885,1.0208
1780910608.2283638,-0.1067,-0.9158,-0.4497,-13.8779,9.6031,2.0992,1.0258
1780910608.4286761,-0.012,-0.9194,-0.3259,-28.1145,42.3817,15.5496,0.9756
1780910608.629127,-0.1331,-0.8306,-0.2473,25.7634,27.6718,13.313,0.8768
1780910608.830734,0.0552,-0.8982,-0.4648,15.8321,-43.9847,-14.2901,1.0129
1780910609.0285876,0.041,-0.8628,-0.8638,41.1756,12.458,22.3511,1.2216
0,0,0,0,0,0,0,0
