0,0,0,0,0,0,0,0
1780822982.05038,0.28,-0.9368,-0.1157,-8.542,10.2901,-3.1527,0.9846
1780822982.248616,0.2791,-0.9651,-0.1775,0.3511,-8.1603,3.7405,1.0202
1780822982.4491794,0.2917,-0.9177,-0.2307,-15.0382,-19.0611,1.8168,0.9902
1780822982.6494405,0.3015,-0.9241,-0.1763,-6.1145,-17.2519,13.2061,0.9879
1780822982.8486624,0.1748,-0.7187,-0.25,1.0,-43.2366,10.4122,0.7808
1780822983.0488727,0.1809,-0.7136,-0.3394,-8.1985,-71.771,1.626,0.8106
1780822983.2494473,0.1746,-0.8389,-0.4424,38.9847,-82.458,0.6031,0.9643
1780822983.4486668,-0.4578,-1.5488,-1.0574,89.0763,-160.855,-20.0305,1.9304
1780822983.6492743,1.1895,1.9999,-1.4712,-31.7252,-250.1374,-223.9771,2.753
1780822983.8491437,-0.8665,0.082,1.009,-79.6794,57.5267,-25.3282,1.3325
1780822984.0486922,-0.2822,-0.3374,0.7317,-186.8702,12.855,56.4504,0.8537
1780822984.2490819,-0.4624,-0.4668,0.6389,73.8702,15.3053,-1.7557,0.9165
1780822984.4493458,-0.3623,-0.3845,0.7192,28.1298,5.5191,-15.5725,0.8924
1780822984.6495636,-0.4636,-0.3188,0.8672,15.5802,-0.0687,-14.4275,1.0337
1780822984.8494093,-0.3967,-0.5393,1.1731,-20.229,3.7786,20.084,1.3507
1780822985.0510116,-0.4412,-0.2639,0.7307,-21.9542,-8.2443,6.0229,0.8934
1780822985.2494152,-0.5271,-0.3103,0.8589,34.9389,6.229,-4.9695,1.0544
0,0,0,0,0,0,0,0
0,0,0,0,0,0,0,0
1780823012.9084156,0.0471,-0.9541,-0.2737,15.2443,-23.9618,-4.145,0.9937
1780823013.1065514,0.082,-0.9749,-0.4202,-2.8397,-0.4733,-0.3511,1.0647
1780823013.306255,0.1182,-0.9209,-0.3318,-8.7634,-1.1908,9.6183,0.986
1780823013.510114,0.0029,-0.8596,-0.3838,-14.2595,-14.1603,24.8168,0.9414
1780823013.7071867,-0.0498,-0.6199,-0.3167,-3.9313,-44.8626,11.7634,0.6978
1780823013.9070673,-0.075,-0.7349,-0.3569,-1.4504,-95.9618,20.8626,0.8204
1780823014.108637,-0.062,-0.5381,-0.0999,74.1221,-105.0763,70.4657,0.5508
1780823014.3071253,-0.8215,-2.0,1.1821,203.3359,250.1298,250.1298,2.4642
1780823014.5071466,-1.592,1.2341,0.4285,52.7176,-78.0382,174.2443,2.0594
1780823014.7065232,-0.7742,0.0859,0.9087,134.3282,-4.084,75.542,1.1968
1780823014.9067426,-0.3699,-0.5596,0.6646,28.8168,1.542,5.2061,0.9442
1780823015.106716,-0.6841,-0.1858,0.7114,37.3435,-32.4962,-16.7176,1.0043
1780823015.3056512,-0.4856,-0.4363,0.6736,-3.9237,14.3282,-2.084,0.938
1780823015.5058253,-0.4587,-0.3267,0.8384,19.0534,-28.2443,2.7634,1.01
1780823015.705972,-0.3743,-0.3018,0.8774,3.542,-8.0687,-3.2977,1.0005
1780823015.9061842,-0.4321,-0.3503,0.802,-6.5725,-3.0534,-0.7481,0.9761
0,0,0,0,0,0,0,0
0,0,0,0,0,0,0,0
1780823027.947537,0.1299,-0.9453,-0.2739,-1.5115,-0.7252,0.0458,0.9927
1780823028.1448715,0.1365,-0.959,-0.3215,8.8168,0.8321,5.2214,1.0206
1780823028.3449018,0.1006,-0.9373,-0.269,-1.3588,6.0076,8.1679,0.9803
1780823028.5441642,0.0603,-0.7874,-0.2002,-9.687,3.9771,5.0153,0.8146
1780823028.7443929,0.1096,-0.9861,-0.2981,11.7252,-5.1756,18.7634,1.036
1780823028.944581,0.0684,-0.856,-0.321,0.2901,-8.3893,11.8015,0.9167
1780823029.1443481,0.0408,-0.7095,-0.0378,38.2595,-12.0076,-5.8702,0.7117
1780823029.3451355,0.0171,-0.5039,-0.2349,61.0382,7.4885,10.916,0.5562
1780823029.5444589,-0.1567,-0.3884,-1.0022,76.3053,-225.2672,-4.1221,1.0862
1780823029.7439651,-2.0,0.2253,1.9999,161.2824,250.1298,196.9542,2.8373
1780823029.9448605,-0.3638,-0.1421,1.0249,-39.4122,71.4809,18.4351,1.0968
1780823030.148786,0.0386,-0.0254,0.8755,-46.3435,58.2443,5.2672,0.8767
1780823030.344002,-0.2036,-0.3562,0.9646,22.7176,-10.3282,-24.084,1.0482
1780823030.5446267,0.0178,-0.6626,1.1926,19.0,13.4962,-18.1527,1.3644
1780823030.7446578,-0.2434,-0.2327,0.9871,10.7786,-8.0611,-12.4962,1.0429
1780823030.9444516,-0.4031,-0.2478,0.812,-7.0076,-10.5878,-5.4122,0.9398
0,0,0,0,0,0,0,0
0,0,0,0,0,0,0,0
1780823038.9799163,0.1504,-0.9875,-0.3313,-10.1679,-7.1908,-3.855,1.0524
1780823039.173015,0.1687,-0.9326,-0.3186,8.3817,11.8931,-6.084,0.9999
1780823039.3730228,0.1003,-0.8577,-0.3604,-15.2519,39.6641,-8.2901,0.9357
1780823039.5733597,0.1367,-1.0198,-0.3943,-8.313,28.4504,6.458,1.1019
1780823039.7730227,0.1387,-0.7903,-0.301,8.8321,-8.1832,-18.0382,0.857
1780823039.973344,0.2095,-0.5425,-0.2759,4.9466,18.0992,-39.8779,0.6436
1780823040.173097,0.4309,-0.8171,-0.3025,45.145,25.2061,-33.5344,0.9721
1780823040.3740368,1.7651,-1.428,-1.0039,-63.6947,86.7023,-125.6107,2.4825
1780823040.5737422,0.7285,-0.593,-0.5383,24.3435,60.2901,-68.1374,1.0827
1780823040.7735553,0.4204,0.5195,0.8086,-9.6794,163.5114,-25.4733,1.049
1780823040.9740388,0.5159,-0.689,0.7957,-10.2061,-8.7557,55.6336,1.1721
1780823041.173151,-0.2786,-0.2031,0.9641,57.1985,-25.2977,3.4504,1.0239
1780823041.3739443,0.4932,-0.3442,0.7185,-11.5115,-1.626,24.3817,0.937
1780823041.573563,0.2383,-0.1199,0.8376,14.7176,5.7099,0.5496,0.8791
1780823041.7736402,0.1621,-0.3447,0.8455,7.3206,8.3206,10.8855,0.9273
1780823041.9761915,0.2234,-0.3618,0.8416,-0.8015,-1.458,-4.3053,0.9429
1780823042.1735744,0.2256,-0.2922,0.8662,-7.3588,-21.3664,-3.3206,0.9416
0,0,0,0,0,0,0,0
0,0,0,0,0,0,0,0
1780823049.5376449,0.1001,-0.9614,-0.2578,-0.6031,7.626,6.6107,1.0004
1780823049.7361808,0.0681,-0.9255,-0.3057,-4.5725,-2.5725,2.626,0.9771
1780823049.9367006,0.136,-0.8784,-0.3474,-9.9389,-7.1679,6.1527,0.9544
1780823050.1368852,0.0896,-0.7881,-0.3123,-16.5649,-9.8473,10.1985,0.8524
1780823050.3368857,0.0435,-0.748,-0.2825,-7.9618,-50.3206,24.0382,0.8008
1780823050.5367937,-0.0234,-0.6323,-0.3118,41.1069,-61.0229,23.5344,0.7054
1780823050.7369974,-0.155,-0.575,-0.2622,37.2214,-118.9237,62.8931,0.6507
1780823050.936473,-0.9873,-1.2678,-0.5583,17.626,-250.1374,140.9924,1.7011
1780823051.1371927,-0.9683,0.864,0.7393,147.3359,-79.1679,58.9618,1.4935
1780823051.3368742,-0.4258,-0.0627,0.5037,84.0,-28.5878,1.2672,0.6625
1780823051.5357497,-0.429,-0.3381,0.6631,13.4122,26.3206,-2.7099,0.8591
1780823051.7367961,-0.55,-0.1089,0.8564,41.7863,-2.9924,-31.9618,1.0237
1780823051.9352512,-0.8123,-0.2544,0.6699,5.9008,-17.6107,11.8015,1.0832
1780823052.1363792,-0.4285,-0.1582,0.7212,-10.9389,-28.1374,-12.8779,0.8537
1780823052.3363655,-0.4927,-0.2,0.7441,-11.8931,-5.8015,-8.7099,0.9146
0,0,0,0,0,0,0,0
0,0,0,0,0,0,0,0
1780823062.0849168,0.062,-0.9407,-0.2585,-0.4046,-2.855,-0.1679,0.9775
1780823062.2853913,0.0996,-0.9495,-0.3452,-2.0076,-11.8779,3.1679,1.0152
1780823062.4832876,0.1021,-0.9778,-0.2922,-6.9695,0.0076,-0.0153,1.0256
1780823062.6838677,0.1223,-0.9392,-0.3401,-2.8931,-4.3282,-0.1603,1.0063
1780823062.8830874,0.1372,-0.8552,-0.3367,-5.3588,-23.145,-7.5191,0.9293
1780823063.083658,0.105,-0.7397,-0.3296,-13.3053,-30.7786,-6.6489,0.8166
1780823063.2834864,0.2539,-0.6816,-0.3401,1.229,-60.6336,-13.8015,0.803
1780823063.483762,-0.156,-0.7097,-0.2634,45.8931,-70.1908,53.0382,0.7729
1780823063.6839128,-0.8704,-2.0,0.7268,104.6947,5.1374,250.1298,2.2991
1780823063.883391,-0.0425,0.2993,0.373,25.8015,-20.9084,124.6947,0.4802
1780823064.083977,0.0825,-0.4609,0.7458,-41.9924,-11.626,-22.1145,0.8807
1780823064.2864947,-0.4407,-0.0144,0.7319,-66.687,27.2443,-58.0687,0.8545
1780823064.4834068,-0.6987,-0.1267,0.5374,51.5954,-4.6641,-27.1374,0.8905
1780823064.6838927,-0.7607,-0.3015,0.5039,-31.7099,18.6412,-9.5725,0.961
1780823064.8829668,-0.6672,-0.0447,0.6873,16.8321,-12.8473,2.5878,0.9589
1780823065.0834427,-0.6968,-0.2388,0.6968,3.2748,0.3435,-4.4351,1.0139
1780823065.2845232,-0.7117,-0.2407,0.6052,-2.1603,0.8092,-0.6489,0.9647
1780823065.484085,-0.6785,-0.2537,0.6052,-6.9084,-5.9389,-1.916,0.9439
1780823065.6835287,-0.6826,-0.2319,0.5884,3.1527,-13.9008,-6.1221,0.9306
0,0,0,0,0,0,0,0
0,0,0,0,0,0,0,0
1780823072.0805898,0.062,-0.9609,-0.2671,-1.9237,-12.313,2.6412,0.9993
1780823072.2791488,0.1152,-0.9348,-0.3118,-0.6794,7.1908,2.5802,0.9921
1780823072.4785914,0.1018,-0.8918,-0.3042,-5.9695,9.5115,9.5725,0.9478
1780823072.679638,0.0752,-0.8914,-0.3667,-1.9389,11.8092,14.8397,0.9668
1780823072.8785572,0.085,-0.8884,-0.4126,15.1985,-0.1832,-2.3053,0.9832
1780823073.0780897,0.0815,-0.7585,-0.3059,-15.6336,-21.1069,6.1069,0.822
1780823073.2778308,0.0149,-0.5605,-0.2144,26.771,-19.0992,-9.9924,0.6003
1780823073.4771738,0.1448,-0.7424,-0.1868,74.6641,-6.7405,-4.771,0.7791
1780823073.6798935,-1.5688,-0.1367,1.7913,-32.4198,-34.2748,33.1374,2.3851
1780823073.8786297,0.1831,0.4717,0.7275,12.1221,-13.3282,-3.9237,0.8862
1780823074.077892,-0.375,0.1116,1.5684,-162.0763,-48.084,-78.687,1.6164
1780823074.2773411,-0.2856,-0.2512,0.7373,48.4198,12.145,20.5725,0.8297
1780823074.4774418,-0.5288,-0.281,0.7166,-7.6565,3.9313,20.0763,0.9338
1780823074.6786222,0.0437,-0.5518,0.5894,-24.3359,-23.9313,-24.7176,0.8085
1780823074.8773465,-0.291,-0.3081,0.8047,1.4656,-3.9466,-5.3664,0.9095
0,0,0,0,0,0,0,0
0,0,0,0,0,0,0,0
1780823081.8100102,0.1218,-0.9619,-0.2312,5.5802,-0.855,-0.6031,0.9968
1780823082.0061028,0.1521,-0.9424,-0.2869,-10.1832,8.7863,-5.1985,0.9968
1780823082.2064412,0.1897,-0.9058,-0.2998,-15.7023,34.2824,-20.0382,0.9728
1780823082.4047866,0.1509,-0.7949,-0.3357,-11.7099,49.4198,-10.1603,0.876
1780823082.6060889,0.0759,-0.8433,-0.2556,-37.0458,68.313,16.4198,0.8844
1780823082.8054867,0.1157,-0.8367,-0.2993,58.6565,-14.855,-5.9237,0.8961
1780823083.00602,0.531,-1.1501,-0.2051,49.9237,66.3664,-39.6412,1.2833
1780823083.2056797,1.5991,-1.7266,-0.1567,144.2748,230.1527,-92.4657,2.3586
1780823083.4063454,0.1028,-0.7241,0.1531,97.7328,28.7939,-107.458,0.7472
1780823083.6062334,0.3352,0.3667,0.4841,44.7863,139.2824,-39.5954,0.6937
1780823083.8055203,-0.2026,-0.3689,1.0574,-25.3969,-7.9313,-18.9847,1.1381
1780823084.0053432,0.0281,-0.3743,0.9749,14.1756,37.7328,0.8855,1.0446
1780823084.2051268,-0.3271,-0.2175,0.8479,5.5038,9.4962,3.8779,0.9345
1780823084.4056482,-0.2725,-0.2471,0.8149,-1.542,-7.7099,12.8015,0.8941
1780823084.6056983,-0.1682,-0.3694,0.8181,-0.7252,1.5725,2.2595,0.9133
1780823084.8059711,-0.2627,-0.238,0.8916,-2.916,-9.5878,-0.9389,0.9595
0,0,0,0,0,0,0,0
0,0,0,0,0,0,0,0
1780823093.3394914,0.1326,-0.9265,-0.3064,-2.3664,-6.7405,-2.3282,0.9848
1780823093.5383804,0.1211,-0.918,-0.354,-12.8779,-18.5802,3.2748,0.9913
1780823093.7385817,0.1316,-0.8174,-0.2981,-29.1298,-29.6412,2.7023,0.8799
1780823093.9392674,0.0564,-0.7522,-0.3774,14.5496,-42.8779,-3.2519,0.8435
1780823094.1386733,0.1528,-0.8044,-0.4014,11.8779,-76.2443,-1.5038,0.9119
1780823094.3382914,-0.158,-0.543,-0.2947,58.626,-100.3893,31.5802,0.6377
1780823094.5393364,-1.3718,-2.0,-0.1313,53.1221,32.374,233.7405,2.4288
1780823094.7390423,-0.2795,0.5483,0.1055,114.0076,-22.7099,139.0763,0.6245
1780823094.9388833,-0.1406,-0.845,1.8936,-147.8092,137.7405,35.7939,2.0783
1780823095.139075,-0.344,-0.1494,0.7507,-91.6565,15.626,-65.8702,0.8392
1780823095.338301,-0.5632,-0.2314,0.7214,12.9771,61.1374,-26.0534,0.9441
1780823095.5388615,-0.8669,-0.6218,0.3618,-43.4275,15.0687,11.5267,1.1266
1780823095.7467787,-0.6606,-0.3682,0.5774,25.5496,-0.7786,29.2977,0.9515
1780823095.9399388,-0.7466,-0.4617,0.5229,-14.5191,-1.916,-0.1145,1.0218
1780823096.1466985,-0.6741,-0.405,0.5706,-2.0153,-0.7786,-1.7939,0.9716
1780823096.3387482,-0.7187,-0.3716,0.553,-5.0382,-1.0611,0.374,0.98
0,0,0,0,0,0,0,0
0,0,0,0,0,0,0,0
1780823102.2671127,0.1062,-0.9277,-0.3276,4.3282,-7.1069,2.1756,0.9896
1780823102.464426,0.1958,-0.9268,-0.4119,2.084,-3.6641,-2.9542,1.0329
1780823102.6640396,0.2312,-0.9116,-0.3538,-2.0076,19.7481,8.0153,1.0048
1780823102.8639503,0.1401,-0.854,-0.3474,-22.8015,53.8473,22.3435,0.9326
1780823103.0639565,0.1011,-0.8694,-0.3892,-4.3282,31.6107,22.6489,0.9579
1780823103.2639778,0.0098,-0.4993,-0.3608,-5.1908,-22.9618,18.4962,0.6161
1780823103.4644604,0.0608,-0.8638,-0.4834,35.2061,-52.6794,6.8244,0.9917
1780823103.6640117,0.0273,-0.615,-0.2473,83.4122,-93.6336,24.1908,0.6634
1780823103.8636045,-1.0186,-2.0,1.4358,250.1298,209.4962,250.1298,2.6644
1780823104.06437,0.002,0.5527,0.7151,231.7176,-97.7176,77.0916,0.9038
1780823104.2640402,0.0911,0.2019,0.6636,11.6412,-6.9008,10.5649,0.6996
1780823104.4640517,-0.2676,-0.1033,0.8491,-5.3588,-8.8702,-56.374,0.8963
1780823104.6671705,-0.9316,-0.1646,0.6985,-52.6412,3.229,-14.0992,1.176
1780823104.8635757,-0.5781,-0.4778,0.5139,-3.374,63.0916,33.7176,0.9092
1780823105.0640855,-0.8613,-0.4548,0.3074,-4.1298,-38.1527,-15.1069,1.0214
1780823105.268428,-0.4968,0.01,0.6104,-15.2824,-3.4733,0.0611,0.7871
1780823105.467249,-0.6082,-0.2234,0.6243,5.2443,5.3664,-8.6794,0.8997
1780823105.6636522,-0.7378,-0.332,0.5625,1.3435,4.4809,0.1145,0.9854
0,0,0,0,0,0,0,0
0,0,0,0,0,0,0,0
1780823110.6498976,0.1067,-0.9177,-0.4685,-1.0382,3.1832,3.4275,1.0359
1780823110.850289,0.1165,-0.9077,-0.4331,-1.6641,5.5878,2.2672,1.0125
1780823111.0488853,0.1213,-0.7932,-0.5178,-5.6947,-0.7634,-7.3435,0.955
1780823111.2493567,0.105,-0.8147,-0.2961,4.0076,2.0916,18.0458,0.8732
1780823111.4495018,0.0999,-0.8733,-0.5854,6.687,-3.0076,18.3359,1.0561
1780823111.6504297,0.0642,-0.7642,-0.4309,19.8168,-15.4656,8.0916,0.8796
1780823111.8501506,0.0791,-0.5852,-0.3042,73.0,-50.1985,-15.3817,0.6643
1780823112.050328,0.1909,-2.0,0.5989,250.1298,-104.6718,18.9924,2.0965
1780823112.2499206,-0.1018,0.6926,0.3494,250.1298,-102.1679,52.1374,0.7824
1780823112.449379,-0.3643,0.2725,0.7144,-120.458,-48.8321,-65.8015,0.8469
1780823112.6503146,-0.4292,0.0232,0.9783,8.3053,71.5038,82.855,1.0685
1780823112.8521543,-0.5059,-0.501,0.6982,-50.5954,-3.0458,0.084,0.9972
1780823113.0500498,-0.3875,-0.5098,0.8796,16.7328,-54.0611,-11.2748,1.088
1780823113.2487395,-0.302,0.0312,1.0129,-3.7481,-16.7252,11.0229,1.0575
1780823113.4497387,-0.3455,-0.3684,0.7825,2.0153,-4.5191,0.5038,0.9313
1780823113.6502948,-0.2954,-0.2935,0.8394,-4.0916,3.542,-1.916,0.937
1780823113.8503048,-0.3831,-0.345,0.7698,6.5191,-11.5344,1.2137,0.9264
0,0,0,0,0,0,0,0
0,0,0,0,0,0,0,0
1780823120.4463446,0.1562,-0.9058,-0.2126,-1.9237,-5.5496,-5.8779,0.9434
1780823120.632062,0.1475,-0.9568,-0.2903,6.1679,17.4122,2.5344,1.0107
1780823120.8318014,0.2107,-0.9512,-0.3235,6.1221,15.3282,0.1603,1.0265
1780823121.0318036,0.1592,-0.9495,-0.3171,-29.0916,15.0916,14.4504,1.0136
1780823121.2319574,0.1008,-0.801,-0.3308,-3.3511,-6.4198,8.6565,0.8725
1780823121.4318488,0.0415,-0.7646,-0.3984,-14.3511,-34.8931,27.8168,0.8632
1780823121.632452,0.0886,-0.8611,-0.3672,10.9695,0.0992,3.1527,0.9403
1780823121.834369,0.0183,-0.5747,-0.2588,54.7557,-72.7634,6.3435,0.6306
1780823122.0346684,-0.8643,-1.7778,0.292,135.4886,-164.1908,98.7557,1.9982
1780823122.2319055,0.521,0.2473,-0.3223,201.7176,-94.4885,7.6565,0.6606
1780823122.4323545,-0.0327,0.3247,1.9999,-68.5038,52.1374,23.8092,2.0264
1780823122.6319032,-0.2468,0.0554,0.7988,-72.2137,56.1985,42.4962,0.8379
1780823122.8325438,-0.2102,-0.4924,0.7734,56.8931,54.3969,6.1679,0.9407
1780823123.0331562,-0.4543,-0.2261,0.7363,-31.1145,29.771,-15.9389,0.8943
1780823123.2319229,-0.344,-0.5479,1.2034,-59.4809,26.3664,32.7939,1.3662
1780823123.431948,-0.4541,-0.0493,1.0208,-23.6794,-26.4886,-8.3435,1.1183
1780823123.6319556,-0.4407,-0.2166,0.9163,9.6794,-4.2595,-2.4962,1.0395
0,0,0,0,0,0,0,0
0,0,0,0,0,0,0,0
1780823135.3641267,0.0146,-0.9216,-0.1924,4.0229,-2.6565,0.5267,0.9416
1780823135.5627716,0.051,-0.9473,-0.3674,-8.2748,13.4809,-2.9771,1.0173
1780823135.7630453,0.0491,-0.9304,-0.3159,-3.1069,43.0153,1.4427,0.9838
1780823135.9661045,0.0378,-0.8643,-0.3164,3.2061,25.5114,2.8244,0.9211
1780823136.1646473,0.0669,-0.6941,-0.3298,26.6947,19.7634,-2.6565,0.7714
1780823136.363368,0.0352,-0.7168,-0.1523,1.4198,29.1756,2.2137,0.7337
1780823136.5630863,0.0696,-0.8401,0.0491,50.0458,76.2137,-20.2061,0.8444
1780823136.762877,1.5798,-2.0,-0.1641,57.4809,5.855,-83.0611,2.554
1780823136.9914346,-0.3748,-0.2424,0.2375,52.1756,-31.9084,-21.6107,0.5056
1780823137.162694,-0.418,0.1453,-0.3608,-96.5878,125.5725,25.3893,0.571
1780823137.3673918,0.0994,-0.2097,1.3706,40.3282,36.0229,-3.5115,1.3901
1780823137.563007,0.3418,-0.0752,0.7913,9.687,-52.6947,49.9466,0.8652
1780823137.7640047,0.6614,-0.0183,0.6694,13.1298,-46.9237,-8.4962,0.9412
1780823137.9626305,0.5005,-0.2854,0.6328,14.3969,36.5878,-24.2748,0.8558
1780823138.1619773,0.2791,-0.1096,0.8535,-22.6794,3.313,21.0534,0.9046
1780823138.3615568,0.3252,-0.1057,0.8616,-4.7328,-17.8855,5.3511,0.9269
1780823138.5618024,0.4746,-0.0815,0.7976,6.458,-0.2061,0.916,0.9317
0,0,0,0,0,0,0,0
0,0,0,0,0,0,0,0
1780823147.7998817,0.0491,-0.9463,-0.1814,-3.9542,3.9084,6.5344,0.9648
1780823147.9998808,0.1379,-1.0437,-0.459,9.5267,1.2748,5.6107,1.1485
1780823148.1989255,0.0627,-0.9119,-0.2981,6.3588,12.0305,12.3817,0.9614
1780823148.3999455,0.0835,-0.844,-0.2256,19.8626,9.1374,9.6031,0.8776
1780823148.5994842,0.0066,-0.7126,-0.1931,-16.7099,-12.0534,9.7634,0.7384
1780823148.799905,0.0273,-0.6738,-0.1606,20.4275,-20.2061,5.6412,0.6933
1780823148.9991384,-0.0317,-0.8105,-0.1223,12.313,-32.6107,-0.1756,0.8203
1780823149.1992302,-0.1953,-0.7031,1.1882,111.8092,0.7023,250.1298,1.3944
1780823149.3999143,-0.6667,-0.6694,0.8423,111.4275,-70.4427,93.1603,1.2658
1780823149.5999248,-0.0647,-0.1426,0.8352,-218.7328,-15.5267,-89.0153,0.8498
1780823149.7999818,-0.4812,-0.5264,0.5276,24.3282,-65.9542,15.6031,0.8871
1780823149.9991238,-0.3813,-0.3193,0.9172,19.8779,0.4504,-1.1832,1.0434
1780823150.199954,-0.5381,-0.1172,0.9741,-19.5649,-26.1527,-21.8092,1.119
1780823150.3999553,-0.2571,-0.3884,0.7534,1.3511,-15.5267,-0.8473,0.8858
1780823150.5991411,-0.3391,0.0139,0.9004,15.6031,-3.626,12.3435,0.9622
1780823150.8020427,-0.3154,-0.1487,0.8,14.5496,5.1221,11.6718,0.8727
1780823150.9999735,-0.2471,-0.1807,0.8171,-1.2672,0.5038,1.6641,0.8726
0,0,0,0,0,0,0,0
0,0,0,0,0,0,0,0
1780823157.140198,0.0283,-0.9346,-0.1636,-0.2824,3.5115,2.0611,0.9492
1780823157.3400128,0.0024,-0.978,-0.2659,-6.8168,-3.7557,4.9389,1.0135
1780823157.5403514,0.0613,-0.9021,-0.29,0.3359,-26.9389,7.5115,0.9496
1780823157.7393322,0.0862,-0.7346,-0.3777,-14.5954,-28.0687,7.8855,0.8305
1780823157.9398053,-0.0537,-0.6663,-0.2134,-13.2443,-41.7176,12.7023,0.7017
1780823158.1399632,-0.167,-0.6741,-0.2581,7.8244,-52.4504,28.3435,0.7408
1780823158.3402977,-1.2456,-1.5227,0.9207,39.6718,-24.374,250.1298,2.172
1780823158.5399785,-0.0962,0.3264,0.3521,68.8092,-57.3817,116.2672,0.4896
1780823158.7394147,-0.1018,-0.0125,0.6824,-89.4122,-19.6031,-108.3511,0.69
1780823158.9403977,-0.4827,0.0115,0.6035,11.7557,37.6794,-21.1374,0.7729
1780823159.1402898,-0.6997,-0.1533,0.6328,24.7099,44.3664,-6.3053,0.9558
1780823159.3403668,-1.0173,-0.0845,0.5686,-8.7023,-29.9771,-9.8702,1.1685
1780823159.540708,-0.7627,-0.1099,0.5481,-11.5573,-33.313,-10.374,0.9456
1780823159.7401237,-0.7822,-0.1309,0.6479,-11.2901,-13.2595,-6.5878,1.0241
1780823159.939937,-0.7388,-0.1394,0.5598,1.6947,7.2977,3.7099,0.9373
1780823160.1429687,-0.7703,-0.1528,0.522,-5.0763,1.6718,0.5802,0.9429
1780823160.3401556,-0.7632,-0.0737,0.5935,-2.0076,-4.0076,2.2748,0.9696
0,0,0,0,0,0,0,0
0,0,0,0,0,0,0,0
1780823176.1050205,0.0386,-0.9519,-0.179,-5.0305,4.2595,-1.9389,0.9693
1780823176.291721,0.0486,-0.9697,-0.2556,-3.9466,13.5344,5.4809,1.004
1780823176.4900444,0.0388,-0.9839,-0.2437,-3.7634,14.5344,1.7481,1.0144
1780823176.6899316,0.0149,-0.9907,-0.2788,-7.7099,19.3893,7.5954,1.0293
1780823176.891322,0.0315,-0.9631,-0.3086,-5.2061,19.6031,13.1298,1.0119
1780823177.0906222,0.0149,-0.8599,-0.3638,10.2366,23.1603,28.0305,0.9338
1780823177.2913754,-0.1252,-0.7634,-0.1787,-21.9924,26.0992,15.3282,0.794
1780823177.4905941,-0.1582,-0.9312,-0.2581,-19.0,-24.0382,25.4886,0.9791
1780823177.6908407,-0.0837,-0.6155,-0.2412,47.2137,-76.9008,24.2519,0.6663
1780823177.8904123,-1.1414,-1.5845,0.5474,139.8779,-161.4275,146.9008,2.028
1780823178.090749,0.7502,-0.0298,-0.0469,240.6718,-131.855,74.084,0.7523
1780823178.2903984,-0.812,0.5662,0.1345,-250.1374,-112.3893,-53.2672,0.999
1780823178.4904196,-0.4004,-0.0422,0.8481,-93.0382,66.313,43.7023,0.9389
1780823178.6904433,-0.446,-0.2405,0.7817,39.8779,-9.084,1.5038,0.9316
1780823178.8906622,-0.3584,-0.1296,0.6829,-30.5191,-54.6641,-11.6336,0.782
1780823179.0903666,-0.2856,-0.2427,0.8079,15.2137,-21.771,17.1985,0.8906
1780823179.2917163,-0.0767,-0.1221,0.8787,23.4733,7.855,-3.0,0.8904
1780823179.4906414,-0.3245,-0.2815,0.7939,5.4275,-3.1756,3.2977,0.9027
1780823179.6918428,-0.2751,-0.1868,0.8579,-16.9924,-1.7863,-1.5496,0.9201
0,0,0,0,0,0,0,0
0,0,0,0,0,0,0,0
1780823189.630052,0.0364,-1.0225,-0.1853,-3.2748,-6.9847,0.5725,1.0398
1780823189.8297174,0.0129,-0.9937,-0.2903,3.4046,0.1756,2.4275,1.0353
1780823190.0319643,0.0,-0.9844,-0.2378,-3.9542,2.4122,0.5267,1.0127
1780823190.2298784,0.0349,-0.9238,-0.261,1.9847,10.0763,5.5115,0.9606
1780823190.429907,0.009,-0.9556,-0.2898,-4.2214,17.5267,7.6336,0.9986
1780823190.6299865,0.0054,-0.8242,-0.3171,-9.5115,13.0153,14.9618,0.8831
1780823190.8296947,-0.0447,-0.9597,-0.3181,-31.6031,15.4275,15.6412,1.0121
1780823191.0298996,-0.0061,-0.7649,-0.3748,9.2137,-10.9237,41.5802,0.8518
1780823191.229297,-0.0898,-0.5613,-0.2024,9.8168,-15.7328,40.0076,0.6034
1780823191.4335492,-1.3694,-1.3638,0.9438,75.374,22.6565,172.4046,2.1508
1780823191.6291332,-0.1716,0.1531,0.5164,76.9084,-25.4733,-3.1374,0.5653
1780823191.8293471,-0.0925,0.8943,0.7217,87.771,-181.8244,-7.7099,1.1529
1780823192.0298595,-0.0327,0.1765,0.5784,-57.5878,133.5267,18.8244,0.6056
1780823192.2295194,-0.5383,-0.3577,0.7388,2.6107,-11.3206,-9.3511,0.9816
1780823192.429655,-0.6284,-0.0479,0.6931,38.0611,-8.4962,-8.0687,0.9368
1780823192.6298892,-0.5071,0.054,0.7683,6.7786,6.6183,22.7023,0.9221
1780823192.8294425,-0.5325,0.0215,0.7588,-27.6489,-6.7023,-13.5267,0.9272
1780823193.028957,-0.4888,-0.019,0.7917,-5.8015,-2.3053,-6.0992,0.9307
1780823193.2292125,-0.4937,0.0083,0.791,0.8473,-6.0763,-0.4351,0.9325
1780823193.430014,-0.5281,-0.0229,0.8044,-10.0229,-0.9084,-0.7405,0.9626
0,0,0,0,0,0,0,0
0,0,0,0,0,0,0,0
1780823201.8347857,0.0388,-0.9719,-0.2126,4.374,1.3053,-1.2595,0.9957
1780823202.0344145,0.0613,-0.9851,-0.3699,3.1298,7.6183,1.7252,1.054
1780823202.2342741,0.0786,-0.9624,-0.324,1.3893,14.3053,7.0382,1.0185
1780823202.4342926,0.0789,-0.8662,-0.3232,0.5267,26.4427,10.2672,0.9279
1780823202.6336925,-0.0132,-0.9216,-0.3213,3.6183,27.9466,28.0763,0.9761
1780823202.8343468,-0.001,-0.812,-0.2642,-1.6412,16.0916,23.8321,0.8539
1780823203.0374248,-0.0645,-0.7651,-0.2983,20.1527,-18.4122,19.7176,0.8238
1780823203.2338378,0.0186,-0.7776,-0.2004,71.8779,-29.916,22.3435,0.8032
1780823203.434269,-0.7798,-1.3618,1.3235,198.2595,-43.229,134.5267,2.0529
1780823203.6397645,0.1699,0.0249,0.1399,228.855,-21.6412,50.3282,0.2215
1780823203.834266,-0.9363,1.3987,1.2783,154.1374,109.2443,118.229,2.1135
1780823204.034301,-0.3809,0.1519,0.8606,-52.7328,-54.1221,-83.9924,0.9533
1780823204.2342665,-0.2961,-0.4495,0.7395,-6.7099,-20.6336,0.1756,0.9146
1780823204.4353063,-0.3799,-0.2004,0.7031,-6.8168,-1.8626,-1.8015,0.8239
1780823204.6342583,-0.4131,-0.2051,0.9373,22.6412,2.2748,-0.3664,1.0446
1780823204.8336158,-0.4426,-0.0649,0.8821,21.4198,-31.4733,-6.8473,0.989
1780823205.0345218,-0.4487,-0.3694,0.8623,-38.8015,11.4885,9.2595,1.0399
1780823205.236655,-0.3777,-0.083,0.8789,-15.9466,-5.3588,-6.5496,0.9602
1780823205.437662,-0.4272,-0.2371,0.7954,-4.8092,-1.145,4.6031,0.9335
1780823205.6352777,-0.363,-0.2747,0.8071,-7.9695,-6.5725,-3.4198,0.9267
1780823205.834261,-0.4019,-0.2222,0.8076,-1.626,-5.1527,-0.9466,0.929
1780823206.0366638,-0.3896,-0.2534,0.8606,19.626,-12.2824,-3.8855,0.9781
0,0,0,0,0,0,0,0
0,0,0,0,0,0,0,0
1780823212.719338,0.063,-0.9778,-0.1406,18.084,-8.8473,6.4504,0.9898
1780823212.9187553,0.0454,-0.9956,-0.2671,0.7252,1.855,-2.7328,1.0318
1780823213.1178637,0.1016,-0.9934,-0.2632,-4.8931,13.0382,-5.6107,1.0327
1780823213.3180728,0.064,-0.9165,-0.2104,-4.6641,34.2443,-3.7176,0.9425
1780823213.5188158,0.0625,-0.8088,-0.229,-11.7557,42.0992,-1.7023,0.843
1780823213.7177157,-0.0149,-0.782,-0.2375,-13.3893,29.0382,-3.2977,0.8174
1780823213.9182541,-0.0239,-0.7417,-0.2109,-11.1527,2.5802,0.2061,0.7715
1780823214.117728,0.4238,-1.3933,-0.4204,0.626,64.8626,-34.0611,1.5158
1780823214.3189898,0.9111,-2.0,-0.1306,250.1298,35.0687,-190.6488,2.2016
1780823214.51905,-0.2983,-0.6711,0.0049,52.229,70.0382,-18.0763,0.7345
1780823214.7207742,-0.105,0.0833,0.4397,-25.5878,168.8015,72.5267,0.4597
1780823214.9187908,-0.28,-0.4844,1.2534,128.0076,-227.1985,-143.1298,1.3726
1780823215.1203685,-0.321,0.1204,1.084,-52.4198,132.0229,92.0382,1.1369
1780823215.3188143,-0.3806,-0.5974,0.915,57.0305,40.313,32.9542,1.1572
1780823215.518604,-0.2295,-0.2373,0.9634,37.0992,-42.0763,-52.8626,1.0184
1780823215.7186575,-0.2979,-0.1099,0.9236,-4.2595,-2.1908,-3.374,0.9766
1780823215.918334,-0.2344,-0.2402,0.8396,2.1832,-5.5954,-4.7557,0.9042
1780823216.1191573,-0.2646,-0.2305,0.8855,2.9389,-6.542,-0.8779,0.9525
0,0,0,0,0,0,0,0
0,0,0,0,0,0,0,0
1780823222.8186526,0.0994,-0.9434,-0.1431,15.0153,-4.5115,-8.771,0.9593
1780823223.0061026,0.1179,-0.9963,-0.2251,7.9618,-0.4427,3.7939,1.0282
1780823223.205537,0.1274,-0.9673,-0.2263,-4.4504,-0.9847,9.6718,1.0015
1780823223.4065843,0.114,-0.946,-0.2852,-14.2748,8.2214,12.1603,0.9946
1780823223.605675,0.0688,-0.8242,-0.2708,-4.5954,1.9008,15.9924,0.8703
1780823223.806335,0.0464,-0.7542,-0.3008,-6.6412,-21.1069,12.0229,0.8132
1780823224.0057874,0.0232,-0.5913,-0.1746,7.0916,-36.0763,13.1985,0.617
1780823224.2059834,-0.4275,-0.6025,0.0,68.0,-71.4275,82.1832,0.7388
1780823224.406293,-1.8657,-1.6313,-0.2754,65.2061,-250.1374,142.3664,2.4936
1780823224.6061697,-0.7939,0.3369,0.4038,-25.6336,-10.3206,152.0382,0.9523
1780823224.8063006,-0.6807,0.1907,0.9817,58.1985,-41.9847,-49.626,1.2097
1780823225.0054476,-0.3647,-0.1777,0.8169,33.4275,-38.8397,-44.4656,0.9121
1780823225.2062464,-0.6436,-0.0752,0.7119,63.4656,52.4962,-27.5878,0.9626
1780823225.4057536,-0.8232,-0.082,0.3557,33.0076,59.4427,-5.771,0.9005
1780823225.6054327,-0.7275,-0.2827,0.2271,-0.1069,30.9771,-0.374,0.8129
1780823225.8064816,-0.7209,-0.1936,0.5059,30.2137,-36.3511,32.1985,0.9017
1780823226.0059235,-0.792,-0.3672,0.5537,-22.1374,-17.8626,-6.0458,1.0338
1780823226.2057414,-0.8386,-0.2539,0.5168,-13.8473,12.8244,-6.0611,1.0173
1780823226.4122746,-0.8481,-0.1814,0.4827,4.4962,-2.6489,2.7328,0.9926
0,0,0,0,0,0,0,0
0,0,0,0,0,0,0,0
1780823234.7106125,-0.0063,-0.9749,-0.0889,5.2061,7.5878,-1.0229,0.9789
1780823234.9097917,0.0083,-1.0032,-0.1804,-9.4046,14.0763,8.1908,1.0193
1780823235.109674,0.0068,-0.9768,-0.1885,-15.0076,24.0,19.6641,0.9948
1780823235.3099108,-0.1243,-0.8496,-0.2827,1.0611,-6.4122,33.9313,0.904
1780823235.5103629,-0.1765,-0.8237,-0.2144,28.6031,-11.9466,36.6718,0.8693
1780823235.7134094,-0.1128,-0.7073,-0.1213,37.7252,-54.7863,10.542,0.7264
1780823235.9095795,0.0127,-0.6948,0.0452,37.5954,12.6412,-37.771,0.6964
1780823236.1123424,-1.9453,-2.0,1.9999,3.916,69.9466,250.1298,3.4328
1780823236.315856,0.0654,0.3835,0.6199,250.1298,-187.9313,5.4733,0.7319
1780823236.510386,-0.1433,0.2385,0.0801,-218.8397,-45.3206,-54.9237,0.2896
1780823236.7103794,0.1921,0.3684,0.9614,148.8855,-28.2214,-33.3282,1.0474
1780823236.9094567,-0.1382,0.0007,1.0457,4.8168,2.9771,-59.3359,1.0547
1780823237.1098475,-0.0796,-0.1133,0.9094,12.2519,5.6412,2.2748,0.9199
1780823237.3098884,-0.156,0.3496,0.9031,7.5344,5.0153,-2.0229,0.9809
1780823237.5101824,-0.1863,0.1477,0.9072,-1.1069,6.5267,-2.7176,0.9379
1780823237.7104163,-0.1465,0.1833,0.907,-6.3511,-6.7099,-2.4046,0.9369
0,0,0,0,0,0,0,0
0,0,0,0,0,0,0,0
1780823244.7243273,0.0618,-0.9849,-0.115,-0.313,4.2672,-3.9695,0.9935
1780823244.9211745,0.0151,-0.967,-0.2341,-7.1374,12.2672,-1.7634,0.9951
1780823245.1228213,0.0249,-0.9761,-0.2187,4.5649,19.7328,4.5649,1.0006
1780823245.3207102,-0.0042,-0.9053,-0.2715,-3.9389,23.458,-8.229,0.9451
1780823245.5205793,-0.0486,-0.7598,-0.1729,-14.2672,28.9237,-1.855,0.7807
1780823245.7205696,-0.0425,-0.8018,-0.2847,-38.374,1.7939,12.7557,0.8519
1780823245.9205441,0.0071,-0.781,-0.4167,-32.458,-19.6718,-9.7786,0.8853
1780823246.1212156,0.1418,-1.6919,-0.9202,33.9618,-33.4962,61.8702,1.9311
1780823246.3211935,0.3625,-0.2727,0.4363,250.1298,39.3817,-227.9389,0.6294
1780823246.5211763,0.7385,-0.9888,1.1499,250.1298,161.8855,104.9618,1.6868
1780823246.7259233,-0.4382,0.5332,0.7375,64.6641,43.0916,142.626,1.0101
1780823246.9206548,0.176,0.0042,0.905,-34.9924,67.7023,10.9771,0.922
1780823247.121382,0.0498,-0.5762,0.7815,-18.2214,-48.2366,26.0382,0.9722
1780823247.3231592,0.3955,-0.4739,0.8247,8.0,14.2366,-7.916,1.0301
1780823247.5243175,0.1758,-0.2092,0.9106,-8.3893,-4.7252,-19.5038,0.9508
1780823247.7214246,0.1804,-0.1401,0.9001,1.7557,0.0611,-1.0992,0.9287
1780823247.9208417,0.2107,-0.2031,0.8875,0.6718,-9.1679,-6.6718,0.9345
1780823248.1207702,0.1584,-0.137,0.8672,1.9237,-4.9618,-1.8855,0.8921
1780823248.3202102,0.2146,-0.1729,0.8767,2.1985,-3.5878,1.9924,0.919
0,0,0,0,0,0,0,0
0,0,0,0,0,0,0,0
1780823257.5754924,0.1499,-0.9641,-0.2556,0.8702,5.2519,-1.0,1.0086
1780823257.7771723,0.084,-0.9285,-0.3716,-10.2901,13.8931,6.3206,1.0036
1780823257.9760053,0.1006,-0.8323,-0.3362,-20.4427,9.0458,3.4122,0.9032
1780823258.174981,0.1067,-0.8042,-0.4216,-2.5038,6.0305,21.0076,0.9143
1780823258.3887594,0.011,-0.7034,-0.3384,6.3817,-25.2443,14.2824,0.7806
1780823258.5752275,0.0488,-0.6938,-0.4016,58.9008,-25.0382,14.7328,0.8032
1780823258.7759106,-0.1587,-1.5586,-0.3643,100.6336,-68.0,-35.5267,1.6084
1780823258.9755101,0.1011,0.5352,-0.8906,-27.1985,-95.3053,52.6718,1.0439
1780823259.175573,-0.4387,0.7822,1.0259,65.9542,-7.3435,129.771,1.3626
1780823259.375064,-0.0249,-0.7969,0.7788,74.8092,4.7328,49.145,1.1145
1780823259.5755599,-0.1414,0.0247,0.6904,7.0763,-76.3893,-10.2519,0.7052
1780823259.777604,-0.4067,-0.1294,0.6047,-43.916,-30.145,23.2672,0.7402
1780823259.9765275,0.0605,-0.1526,0.7678,-9.5954,-20.5267,-23.4275,0.7852
1780823260.1763177,-0.3577,0.0698,0.7908,14.6794,17.1985,20.3053,0.8707
1780823260.3747766,-0.1836,-0.0505,0.9001,0.2748,-11.6336,-9.8473,0.9201
1780823260.5758097,-0.249,0.011,0.8806,-4.5344,-3.0611,1.9771,0.9152
1780823260.7762132,-0.198,0.1174,0.8992,5.458,-0.5725,-2.5344,0.9282
0,0,0,0,0,0,0,0
0,0,0,0,0,0,0,0
1780823267.616978,0.2581,-0.8965,-0.2881,-0.0229,7.145,-1.5115,0.9764
1780823267.8141358,0.2532,-0.9153,-0.3596,-3.6489,9.1832,-2.2595,1.0155
1780823268.0136542,0.261,-0.9185,-0.3953,-3.5878,19.5038,0.3817,1.0334
1780823268.214421,0.2046,-0.7898,-0.394,-6.4275,28.4809,5.9847,0.906
1780823268.4139297,0.134,-0.5889,-0.3193,-21.3282,23.2214,4.0382,0.6832
1780823268.6136525,0.2346,-0.9407,-0.4326,-44.4122,3.4351,-0.7176,1.0616
1780823268.8141522,0.0544,-0.5269,-0.4592,31.1679,-14.9924,-27.7634,0.701
1780823269.0137548,1.4497,-1.217,-1.0415,128.6718,137.4046,-141.8244,2.1605
1780823269.2139668,0.4065,-0.9817,0.1177,12.8779,15.6412,-117.2061,1.069
1780823269.414245,1.0991,-0.3511,0.0618,165.2137,-19.1527,-199.9389,1.1555
1780823269.6139376,1.3066,0.5208,0.167,27.8397,-26.145,-36.5725,1.4165
1780823269.814,0.9849,-0.3972,-0.3301,-2.2443,0.8931,26.8702,1.1121
1780823270.0197172,0.8987,-0.2249,-0.0154,-25.7786,-12.0534,11.1603,0.9265
1780823270.2135515,1.041,-0.3809,-0.0459,-42.0382,9.4809,23.8702,1.1094
1780823270.415767,0.9285,-0.1501,-0.0703,6.9924,-7.9008,-19.2519,0.9432
1780823270.614566,0.9407,-0.2444,-0.1021,0.8473,-23.0458,-15.2137,0.9772
1780823270.8139026,1.0,-0.2756,-0.1794,0.4656,4.6336,-7.8244,1.0527
1780823271.0145361,0.9717,-0.2065,-0.0752,-3.9237,7.1069,8.7557,0.9962
1780823271.2147682,0.9546,-0.2344,-0.0574,-1.1221,-3.3435,1.1832,0.9846
0,0,0,0,0,0,0,0
0,0,0,0,0,0,0,0
1780823277.5274909,0.1121,-0.9507,-0.2844,0.7252,-1.9466,0.1069,0.9986
1780823277.7165487,0.1113,-0.8972,-0.3948,-10.5344,0.8473,6.1603,0.9865
1780823277.9158888,0.0889,-0.9788,-0.3704,-5.771,8.5649,8.3206,1.0503
1780823278.1165776,0.0657,-0.8977,-0.4204,3.8397,5.5038,6.7176,0.9934
1780823278.3161948,0.0374,-0.7324,-0.343,0.7557,14.0305,25.3282,0.8096
1780823278.5165608,0.0027,-0.6821,-0.2615,4.6718,10.9847,19.374,0.7305
1780823278.716602,0.0156,-0.8042,-0.416,-10.0153,-9.1069,27.3511,0.9056
1780823278.9157586,0.0942,-0.6023,-0.2339,41.7786,1.0916,19.2901,0.6529
1780823279.1178253,-0.2529,-1.4238,0.3535,238.6183,-29.2214,162.9237,1.4887
1780823279.3160315,-0.2874,0.0701,0.6458,145.2672,-50.9695,34.374,0.7103
1780823279.5151281,0.0735,0.3013,1.1743,-86.8473,21.2366,118.7939,1.2146
1780823279.7162411,-0.1848,0.1777,1.1309,135.0687,37.4122,-20.5573,1.1596
1780823279.9164557,-0.0864,-0.1777,0.7996,-12.5191,-8.9389,-30.3359,0.8236
1780823280.1159356,-0.2158,-0.1997,1.0891,0.3664,9.3817,-7.1069,1.1281
1780823280.3165193,-0.1082,-0.2761,0.9116,6.9084,-36.9542,-7.5267,0.9586
1780823280.5166059,-0.1902,0.0898,0.9404,39.0,3.9924,2.3359,0.9637
1780823280.7170048,-0.1584,0.0002,0.8965,9.1832,7.1374,1.5267,0.9104
1780823280.9155777,-0.158,0.0105,0.9177,18.374,3.3588,-0.0076,0.9313
1780823281.1160126,-0.1917,0.0073,0.9041,-0.7252,8.1756,-7.6031,0.9242
0,0,0,0,0,0,0,0
0,0,0,0,0,0,0,0
1780823288.2817254,0.228,-0.947,-0.3215,-8.5038,0.3893,1.7023,1.0258
1780823288.4823847,0.196,-0.8938,-0.3281,-6.0687,11.7252,4.4351,0.9721
1780823288.682701,0.2478,-0.8899,-0.3242,-0.9237,5.5115,0.626,0.979
1780823288.8808541,0.1731,-0.7764,-0.3704,-17.9237,-20.6489,22.3664,0.8774
1780823289.0815542,0.1843,-0.729,-0.3047,-14.2366,-1.4351,47.7481,0.8113
1780823289.282582,0.1716,-0.8103,-0.2715,62.5954,-16.9771,0.7023,0.8716
1780823289.4808972,0.0376,-0.405,-0.4451,-77.0305,-40.8626,100.7634,0.6029
1780823289.6823456,-1.0757,-1.4473,-0.0598,250.1298,-28.542,140.229,1.8042
1780823289.882772,-0.1729,0.2512,1.1404,226.8015,-35.1832,13.4275,1.1804
1780823290.0819662,0.043,0.3049,0.6907,87.9389,32.5649,-87.7634,0.7562
1780823290.2817647,-0.7268,0.0879,0.9033,-86.2672,-12.0,57.5038,1.1627
1780823290.4853325,-0.5186,-0.4878,0.8354,31.0534,124.2672,-28.6183,1.0976
1780823290.6821125,-0.8777,-0.24,0.2971,-57.0076,72.2519,63.5496,0.9572
1780823290.8809578,-0.6138,0.136,0.4514,85.4351,-85.8931,45.4733,0.7739
1780823291.0827296,-0.7048,-0.0083,0.7429,-34.0534,-19.5725,-3.3664,1.0241
1780823291.2808056,-0.6777,0.0217,0.7417,20.8473,-14.2748,-9.9618,1.0049
1780823291.481707,-0.7043,-0.0459,0.6196,-2.8092,6.7023,5.1603,0.9392
1780823291.6812575,-0.6511,-0.0164,0.667,1.7939,0.1985,0.9008,0.9323
1780823291.881003,-0.6584,-0.0232,0.6387,7.7328,-9.1069,-2.0382,0.9176
0,0,0,0,0,0,0,0
0,0,0,0,0,0,0,0
1780823299.336044,0.2312,-0.9395,-0.2817,-4.2137,2.1603,2.2061,1.0077
1780823299.5338466,0.2629,-0.9336,-0.3181,-5.9389,3.2443,-4.2519,1.0208
1780823299.7340639,0.24,-0.8975,-0.3079,-2.3282,21.0382,1.9389,0.9787
1780823299.9346254,0.2766,-0.8774,-0.3623,-7.9924,25.8931,-6.374,0.9888
1780823300.1340165,0.2346,-0.8345,-0.3152,-19.3893,40.8779,5.1527,0.9224
1780823300.333947,0.1343,-0.7444,-0.3188,-27.4351,20.5114,-3.5267,0.8209
1780823300.5341146,0.0559,-0.6477,-0.3108,-18.7328,5.8702,-21.1679,0.7206
1780823300.7366848,0.469,-0.6785,-0.8069,-116.9695,35.8779,32.4046,1.1538
1780823300.9339454,1.9597,-1.9897,-1.7952,74.8015,128.145,-250.1374,3.32
1780823301.1348174,0.2454,-0.5229,0.1169,64.0153,36.0153,-83.2977,0.5894
1780823301.3344846,0.9063,-0.1133,0.1641,62.3359,67.5573,-82.9313,0.9279
1780823301.53444,0.9124,0.0977,0.5728,74.6107,35.2214,-28.8092,1.0817
1780823301.7340393,0.7439,-0.0132,0.239,-8.6107,-22.9771,-18.3893,0.7815
1780823301.9337912,1.2136,0.031,-0.2266,-23.0763,-35.7252,-1.4885,1.235
1780823302.1342814,1.0771,0.0371,0.0344,-12.9695,3.6489,-19.916,1.0783
1780823302.33427,0.96,-0.0493,0.2407,-8.313,1.9847,-1.5878,0.9909
1780823302.534467,0.9385,-0.0283,0.209,-2.0763,-5.687,2.3282,0.9619
1780823302.734571,0.9341,-0.0056,0.1589,-5.771,-4.0458,-3.2748,0.9475
1780823302.933764,0.9558,0.0,0.175,0.9466,1.5115,2.771,0.9717
0,0,0,0,0,0,0,0
0,0,0,0,0,0,0,0
1780823311.9597833,0.355,-0.915,-0.3252,-3.5191,-4.1908,0.0382,1.034
1780823312.1487253,0.3467,-0.8936,-0.3428,-5.9313,2.2977,1.3359,1.0179
1780823312.3481174,0.3293,-0.894,-0.3511,0.1298,-4.1679,1.6031,1.0154
1780823312.547888,0.3376,-0.8618,-0.3618,-2.2672,-8.3359,3.374,0.9938
1780823312.761814,0.2744,-0.6128,-0.3218,-2.2748,-24.0992,2.1832,0.7446
1780823312.9467857,0.2534,-0.6553,-0.3379,5.9313,-29.6947,-1.3893,0.7796
1780823313.148236,0.3245,-0.7588,-0.3542,46.7023,-57.8702,25.9924,0.8981
1780823313.3484492,-0.0625,-1.9092,-0.6453,37.9313,-96.0534,20.3664,2.0162
1780823313.548325,0.1614,0.3657,0.2937,231.2977,-52.2137,85.4733,0.496
1780823313.7482467,-0.6011,-0.1909,0.6313,107.145,-61.6412,111.1298,0.8924
1780823313.9486678,-0.345,0.157,0.7795,-19.6412,-50.7557,68.687,0.8668
1780823314.150622,-0.0474,-0.135,0.7917,12.7405,46.7252,-78.8626,0.8046
1780823314.3487585,-0.6074,-0.0603,0.5947,-18.084,1.4427,-14.5725,0.8522
1780823314.548758,-0.2996,-0.3025,0.8428,-27.5496,15.5954,9.6641,0.9442
1780823314.7481644,-0.4468,-0.1697,1.0332,2.0534,-1.3206,-6.7939,1.1384
1780823314.947976,-0.3123,-0.1628,0.8855,-5.5191,2.4198,-4.9924,0.953
1780823315.1484485,-0.3318,-0.1846,0.8171,-2.8015,2.4198,-1.9313,0.901
1780823315.3481276,-0.3481,-0.1318,0.8347,-0.7634,-1.1374,0.6489,0.914
1780823315.5481255,-0.3267,-0.134,0.8655,-3.542,-4.1603,0.3359,0.9347
0,0,0,0,0,0,0,0
0,0,0,0,0,0,0,0
1780823324.6634626,0.1289,-0.9949,-0.4109,-15.0916,-0.2519,-5.1603,1.0841
1780823324.862034,0.0984,-0.916,-0.3308,-23.8702,15.2443,11.1374,0.9789
1780823325.0626576,0.1292,-0.887,-0.3877,-3.4733,10.7481,5.1832,0.9766
1780823325.2630467,0.0889,-0.8108,-0.3855,-0.1527,14.0687,18.687,0.9022
1780823325.4668396,0.0447,-0.7397,-0.2896,-3.0153,16.7099,14.313,0.7957
1780823325.662514,0.0105,-0.8586,-0.2593,33.6489,-0.9237,3.5267,0.897
1780823325.8628552,0.1521,-0.7939,-0.4329,55.7023,4.3817,13.3511,0.917
1780823326.0629418,-0.4199,-2.0,0.665,171.9847,-93.0687,13.9237,2.1491
1780823326.2623956,0.2114,0.2034,0.082,250.1298,-43.771,44.4885,0.3046
1780823326.4625986,0.2529,0.6479,1.2268,-85.687,-15.4122,23.6031,1.4103
1780823326.6635945,-0.0974,-0.1782,0.8428,-49.5573,27.9466,11.1679,0.8669
1780823326.8630383,-0.2087,0.074,1.23,-8.4198,20.0611,-5.0,1.2498
1780823327.0621214,-0.2158,-0.1941,0.7666,4.8092,7.8702,-33.4504,0.8197
1780823327.2743511,-0.1653,-0.1841,0.9531,28.9313,-30.9008,-19.7557,0.9847
1780823327.4625444,0.0046,-0.3972,0.8909,-29.855,-23.6336,24.9237,0.9754
1780823327.6623492,-0.2104,-0.0703,0.8855,0.7557,-0.3511,-7.2061,0.9129
1780823327.8629296,0.0002,-0.2903,0.8464,1.0458,-8.1221,-31.0382,0.8948
1780823328.0657833,-0.0928,-0.2368,0.8755,-10.1679,-6.1985,15.1145,0.9117
1780823328.2626872,-0.0879,-0.2219,0.9111,-7.687,-2.0076,-3.3435,0.9419
1780823328.4639914,-0.126,-0.1924,0.8926,-1.1756,-1.3053,2.3511,0.9217
1780823328.6624553,-0.0845,-0.2295,0.9099,1.6718,-3.8397,-0.9389,0.9422
1780823328.8630354,-0.1094,-0.2356,0.8911,-0.9695,-0.8092,0.1832,0.9282
1780823329.0623503,-0.0747,-0.2341,0.9341,-3.1756,-0.8321,0.771,0.9659
0,0,0,0,0,0,0,0
0,0,0,0,0,0,0,0
1780823335.1670697,0.2168,-0.9341,-0.2639,-1.3359,3.7939,-4.7328,0.9946
1780823335.3652081,0.2578,-0.9678,-0.3437,-6.1298,21.0076,-9.0534,1.0589
1780823335.56578,0.2053,-0.884,-0.3225,-17.0916,31.5496,7.2977,0.9632
1780823335.7650788,0.1501,-0.7473,-0.3369,-9.6336,28.916,3.4351,0.8334
1780823335.9657226,0.1809,-0.7812,-0.3188,-34.5878,36.9466,7.5038,0.863
1780823336.166311,0.144,-0.7429,-0.3118,-31.3206,31.4962,-7.2901,0.8185
1780823336.365109,0.7012,-0.8281,-0.8679,-44.8626,74.4962,-10.2672,1.3895
1780823336.565265,0.6116,0.1526,0.7932,245.4962,5.7634,-232.7786,1.0132
1780823336.7684996,1.4993,-0.8477,0.3347,103.3817,157.5878,-33.5191,1.7545
1780823336.9653323,0.8071,0.1843,0.0898,-27.3435,-18.8321,32.9924,0.8328
1780823337.1661534,1.0762,-0.0291,0.1023,-49.6794,-1.9466,26.0763,1.0814
1780823337.365791,0.9272,-0.1506,0.3196,0.084,-44.3511,4.6412,0.9923
1780823337.5650964,1.0205,-0.4194,0.1079,-21.542,5.9237,1.2977,1.1086
1780823337.7658153,0.8918,-0.0293,0.3281,-0.4962,2.9618,5.6031,0.9507
1780823337.9651973,0.937,-0.1382,0.2451,-0.4198,2.2901,1.6107,0.9783
1780823338.1658452,0.9424,-0.1709,0.3306,-2.1908,10.3511,1.6947,1.0132
1780823338.3654184,0.8735,-0.1768,0.3589,-2.2901,1.9771,1.3435,0.9608
1780823338.5650926,0.8669,-0.1992,0.3359,-2.687,-0.687,-0.1756,0.9509
1780823338.7657769,0.9058,-0.1877,0.3291,-1.626,-4.0382,-1.9466,0.9818
0,0,0,0,0,0,0,0
0,0,0,0,0,0,0,0
1780823348.5144384,0.2434,-0.9255,-0.3728,-3.9542,-2.5038,2.5038,1.0271
1780823348.714463,0.2395,-0.896,-0.4077,-8.8168,-4.1985,0.0687,1.0131
1780823348.9133499,0.2993,-0.9009,-0.4319,6.1069,-6.5344,-3.7405,1.0429
1780823349.1140368,0.2622,-0.8284,-0.4048,7.8855,-8.5267,-0.1069,0.9585
1780823349.313603,0.1755,-0.5535,-0.2427,20.4351,-5.9618,0.8397,0.6293
1780823349.5134406,0.3401,-0.7549,-0.3088,33.0458,-35.4656,-6.1145,0.8837
1780823349.7132647,0.2312,-0.7795,-0.2168,42.5649,-37.7786,36.3817,0.8415
1780823349.9136941,-0.8499,-2.0,-0.2896,250.1298,-186.6031,250.1298,2.1923
1780823350.1136532,-0.4783,-0.0291,0.012,99.4275,-183.0687,122.4122,0.4793
1780823350.3146334,0.2212,0.0066,0.2949,-9.2214,-107.229,-30.8015,0.3687
1780823350.5162392,-0.0847,-0.3999,0.8511,12.542,-45.4351,-36.9008,0.9442
1780823350.7140937,-0.1936,-0.1848,1.0984,60.7252,1.2137,-28.9237,1.1305
1780823350.9142535,-0.4084,-0.1169,1.0007,-10.229,10.9313,45.6107,1.0872
1780823351.115137,-0.1316,-0.1418,0.9575,7.3969,-17.5496,-4.458,0.9769
1780823351.3140254,0.0459,-0.0044,0.9224,1.8244,-3.542,-9.5267,0.9235
1780823351.5151172,-0.1187,-0.1943,0.8901,1.6794,4.9008,3.9389,0.9188
1780823351.714563,-0.2029,-0.1394,0.9033,-0.6183,3.2214,-2.5496,0.9363
1780823351.9131298,-0.106,-0.1123,0.9302,0.7252,2.0534,0.7023,0.9429
1780823352.1140244,-0.1323,-0.1399,0.9551,-3.2443,-12.4809,-0.1679,0.9743
0,0,0,0,0,0,0,0
0,0,0,0,0,0,0,0
1780823370.4142277,0.2339,-0.9307,-0.24,-0.6412,-23.4351,-8.1756,0.9892
1780823370.6135821,0.2585,-0.8184,-0.2957,-2.1603,-20.6336,-7.7634,0.9077
1780823370.8130589,0.2458,-0.752,-0.2261,-16.0992,-13.7099,10.0153,0.8228
1780823371.0141025,0.3074,-0.8145,-0.3613,16.4504,-37.229,-0.5344,0.9425
1780823371.2166421,0.2788,-0.7766,-0.2842,63.2443,-45.1221,30.0305,0.8727
1780823371.4142811,-0.1743,-1.7463,-0.5452,127.7557,-70.4809,86.7863,1.8377
1780823371.6134815,0.2974,-0.405,-0.6233,204.0229,-146.7328,119.1832,0.8006
1780823371.814015,-0.3899,0.3972,0.614,-1.0611,-27.2824,-121.771,0.8287
1780823372.0212944,-0.1658,-0.249,0.7153,-5.2672,-16.2366,24.9847,0.7754
1780823372.2141404,-0.0706,-0.2769,0.8708,41.7863,11.5725,-45.4046,0.9165
1780823372.4152958,-0.2778,-0.1477,1.0398,21.0076,15.9847,18.7252,1.0864
1780823372.6158814,-0.1577,-0.157,0.9236,10.2977,-2.2214,3.8168,0.95
1780823372.8134928,-0.0693,-0.1104,0.8894,-3.6641,-15.2595,2.9084,0.8989
1780823373.0180879,-0.113,-0.189,0.8748,0.1679,0.4046,1.0305,0.902
0,0,0,0,0,0,0,0
0,0,0,0,0,0,0,0
1780823379.983538,0.2849,-0.9407,-0.2493,-4.1679,0.6794,-0.1985,1.014
1780823380.1782517,0.2678,-0.9426,-0.304,-10.9695,9.8244,5.3435,1.026
1780823380.3773983,0.2407,-0.9014,-0.3149,-3.7786,17.1908,5.9008,0.9847
1780823380.577621,0.2166,-0.9177,-0.3591,-19.2061,9.8321,11.9389,1.009
1780823380.7778563,0.2034,-0.7759,-0.2058,-5.9542,18.1527,26.0153,0.8281
1780823380.9775214,0.146,-0.7446,-0.2549,30.2672,-7.0458,0.6107,0.8005
1780823381.1769507,0.218,-0.7087,-0.1929,49.4809,7.0763,-9.458,0.7662
1780823381.3804212,0.0278,-0.3035,-0.2773,-72.2901,-47.4427,133.9389,0.4121
1780823381.5783103,0.0725,-0.3904,1.1858,157.7099,62.855,150.3817,1.2505
1780823381.7800817,-0.4878,-0.3767,0.6226,226.6412,-114.9771,35.2443,0.876
1780823381.977185,-0.3818,0.2717,0.9822,-87.5954,-28.5114,-12.0916,1.0883
1780823382.1771667,-0.5972,-0.0447,0.449,-35.4885,-76.1908,8.3206,0.7485
1780823382.377302,-0.0247,-0.2083,1.115,-53.7328,-29.4198,-3.5496,1.1345
1780823382.5766947,-0.3198,-0.4043,1.0459,37.1832,5.0382,8.1298,1.166
1780823382.777223,-0.1233,-0.0789,0.9451,14.5038,-17.2595,8.8855,0.9563
1780823382.9813542,-0.1233,-0.4062,0.8435,-5.8168,-8.0229,2.2443,0.9443
1780823383.1766577,-0.1421,-0.1697,0.9097,-15.2137,3.4656,-0.0611,0.9362
1780823383.3774076,-0.157,-0.2322,0.8672,-0.145,0.1908,1.7557,0.9114
1780823383.577323,-0.0957,-0.1677,0.863,-0.3893,-6.3053,-3.2748,0.8844
0,0,0,0,0,0,0,0
0,0,0,0,0,0,0,0
1780823390.1987727,0.1658,-0.8821,-0.4351,-10.8168,3.7634,1.2672,0.9974
1780823390.3990898,0.1152,-0.9077,-0.5222,-7.3664,-12.6641,-5.771,1.0535
1780823390.598864,0.0271,-0.8555,-0.4866,-5.4809,-53.3206,-7.6641,0.9845
1780823390.7986078,-0.0149,-0.75,-0.49,6.4733,-105.1069,-23.145,0.896
1780823390.9987571,0.0874,-0.6611,-0.5605,2.5954,-151.6031,-49.1527,0.8712
1780823391.198962,0.1321,-0.6921,-0.4714,10.7863,-137.3206,-41.9618,0.8478
1780823391.398863,-0.1042,-0.5989,-0.3457,66.4427,-103.458,4.0992,0.6993
1780823391.598825,-2.0,-1.5935,-0.4846,50.7557,-250.1374,196.2977,2.6027
1780823391.8001559,0.2976,0.2622,0.4246,31.6031,-250.1374,17.8473,0.581
1780823391.9993365,0.0107,0.1567,0.5244,-18.1908,-39.0076,47.9084,0.5474
1780823392.2002938,-0.2493,0.1174,0.6812,-67.4733,-100.7176,-19.2214,0.7348
1780823392.398863,-0.4573,-0.4248,0.7583,-49.6641,28.2366,16.229,0.9821
1780823392.5987754,-0.2292,-0.2441,0.7134,-5.3053,-32.8779,18.5191,0.7881
1780823392.7986572,-0.3191,-0.3044,0.7644,-9.1756,-9.3511,-6.3817,0.8825
1780823392.9988403,-0.1948,-0.332,0.7583,0.8626,-8.9008,-2.6107,0.8504
1780823393.2029858,-0.3267,-0.3269,0.7996,-8.2901,-0.7634,-4.1985,0.9235
1780823393.3987727,-0.332,-0.3262,0.8174,0.1756,-12.4427,1.0076,0.9406
0,0,0,0,0,0,0,0
0,0,0,0,0,0,0,0
1780823399.8492055,0.2507,-0.9419,-0.2209,2.1221,3.6031,-5.4656,0.9994
1780823400.0514944,0.2576,-0.9407,-0.2664,7.0916,9.9618,-5.0763,1.011
1780823400.2494256,0.2515,-0.939,-0.2659,1.9466,14.7557,-4.5038,1.0078
1780823400.44885,0.1641,-0.9355,-0.2642,13.1679,15.4962,4.2901,0.9859
1780823400.6486905,0.1819,-0.6089,-0.0776,10.5649,18.7634,-18.9313,0.6402
1780823400.848566,0.1167,-0.7239,-0.2781,-29.5191,11.4122,1.8473,0.7842
1780823401.0493395,-0.0667,-0.7693,-0.3777,-47.9695,-0.6412,19.9771,0.8596
1780823401.2493174,0.2664,-2.0,-0.7749,-188.6947,157.458,-126.6489,2.1613
1780823401.4509163,0.4048,-0.3174,-0.3069,-39.2748,-40.4198,72.3664,0.599
1780823401.6519215,1.9999,-0.427,1.3254,118.9618,91.2977,-182.3206,2.437
1780823401.8487406,0.4529,0.4172,-0.0793,-83.8397,-38.5496,44.2366,0.6209
1780823402.0489435,1.1172,-0.0364,-0.22,-48.4885,15.5115,18.0687,1.1392
1780823402.24873,0.9766,-0.426,-0.0264,-15.7328,-12.0687,31.8855,1.0658
1780823402.449513,0.907,-0.2773,0.0481,31.3053,43.4351,-12.6336,0.9497
1780823402.6486259,0.906,-0.1716,0.2627,0.084,1.3359,-3.7252,0.9588
1780823402.849076,0.8987,-0.2825,0.2222,6.7023,2.855,-4.2214,0.9679
1780823403.0487165,0.9385,-0.218,0.1841,-10.542,-10.6641,5.6947,0.9809
1780823403.2487478,0.9082,-0.2727,0.2085,-0.2672,-0.687,-1.313,0.9709
0,0,0,0,0,0,0,0
0,0,0,0,0,0,0,0
1780823409.8480732,0.0945,-0.9583,-0.1943,-2.8015,0.2977,-2.9084,0.9823
1780823410.0464134,0.0962,-0.9641,-0.22,2.2901,8.8931,4.4733,0.9936
1780823410.2472908,0.1409,-0.9534,-0.2471,-3.8473,18.5114,-0.2061,0.9949
1780823410.4481997,0.0645,-0.8489,-0.2163,-18.6183,17.9695,13.4962,0.8784
1780823410.6464224,0.0522,-0.8098,-0.2515,-3.8473,21.6641,22.4122,0.8496
1780823410.848646,0.0317,-0.7026,-0.3123,11.4885,-2.916,20.4046,0.7696
1780823411.0461655,0.0071,-0.8591,-0.2617,10.5725,-12.6565,23.7481,0.8981
1780823411.2461767,-0.0688,-1.5576,0.0371,242.9771,-104.1832,103.6489,1.5596
1780823411.4464343,0.0623,-0.293,0.1921,54.626,-88.9008,88.3435,0.3558
1780823411.6488132,-0.2627,0.3792,0.864,-107.6794,-108.4809,54.9313,0.9794
1780823411.8462257,0.0298,-0.0774,1.5732,-22.1069,-19.9542,89.3282,1.5754
1780823412.0463343,-0.1458,-0.1138,0.8811,-59.9237,12.5878,2.3817,0.9003
1780823412.249794,-0.0667,-0.4211,0.7383,25.3511,-23.5344,10.1527,0.8526
1780823412.4465725,-0.0474,-0.2786,0.8435,-5.6718,5.771,2.8397,0.8896
1780823412.6475928,-0.1577,-0.3484,0.8481,-0.3206,-0.2977,-1.0458,0.9304
1780823412.8964531,-0.1057,-0.2952,0.8958,-2.5649,-1.8168,-1.313,0.949
1780823413.0477834,-0.1401,-0.3083,0.8811,0.771,0.8473,0.626,0.944
1780823413.2470162,-0.1365,-0.3044,0.864,-0.916,-4.9695,0.9542,0.9262
1780823413.4458773,-0.0984,-0.2629,0.8848,-1.6947,-2.1756,-1.4733,0.9282
1780823413.6455486,-0.1248,-0.301,0.9097,0.8168,-10.9389,5.2595,0.9663
0,0,0,0,0,0,0,0
0,0,0,0,0,0,0,0
1780823421.95272,0.2114,-0.884,-0.3638,-3.1832,-6.0229,-7.0153,0.9791
1780823422.1439657,0.1692,-0.856,-0.3413,-11.9084,-1.3969,-0.2977,0.9369
1780823422.3435917,0.2808,-0.8762,-0.3137,-7.1374,-33.4962,-29.7634,0.9721
1780823422.542869,0.2185,-0.822,-0.3652,16.3893,-24.4427,-10.1221,0.9257
1780823422.7436874,0.1997,-0.7002,-0.3259,26.313,-55.5725,-34.1908,0.7977
1780823422.9428174,0.2026,-0.8098,-0.4558,-8.7939,-15.6641,5.5191,0.9511
1780823423.1438148,0.3381,-0.5657,-0.428,24.3969,37.7252,-18.0916,0.7858
1780823423.3430955,1.5266,-1.634,-0.9084,250.1298,156.1374,-250.1374,2.4137
1780823423.5453143,0.3552,-0.6177,0.3152,51.4046,132.2061,-70.1832,0.7791
1780823423.742639,-0.0933,-0.4077,0.3147,117.3817,131.2366,-13.1221,0.5234
1780823423.9432588,-0.3484,0.282,0.7625,12.2366,8.1145,82.8168,0.8844
1780823424.1453984,0.0583,-0.3206,0.9978,-58.4427,22.6107,50.6336,1.0497
1780823424.3429341,-0.3428,-0.6523,0.532,-59.7252,-6.0992,62.9695,0.9089
1780823424.5429285,-0.1514,-0.3508,0.8911,-37.6183,-5.3511,31.5114,0.9696
1780823424.7428317,-0.1655,-0.4609,0.7773,-15.2443,-4.9084,-12.3588,0.9188
1780823424.9464777,-0.209,-0.4009,0.8313,-16.7176,1.5038,5.374,0.9463
1780823425.1429045,-0.1218,-0.4099,0.8064,1.1985,-10.6794,0.8015,0.9128
1780823425.3439693,-0.0901,-0.416,0.8345,5.2137,-6.3206,2.4046,0.9368
0,0,0,0,0,0,0,0
0,0,0,0,0,0,0,0
1780823435.09327,0.2056,-0.9404,-0.2751,-4.145,-2.9389,-2.5802,1.0012
1780823435.2919,0.2039,-0.9082,-0.3079,-15.0076,3.8168,-3.8397,0.9804
1780823435.4926984,0.2327,-0.9182,-0.3237,-0.6031,1.8092,-6.3588,1.001
1780823435.6920757,0.26,-0.822,-0.311,-6.9618,-13.5267,-4.6794,0.9166
1780823435.8928063,0.3181,-0.6606,-0.2095,2.6794,-25.3435,-9.4656,0.7626
1780823436.0956771,0.2031,-0.7466,-0.1118,18.4427,-45.8168,23.6107,0.7818
1780823436.2925828,0.043,-0.5049,-0.1853,57.8244,-60.9389,50.7863,0.5395
1780823436.4918,-0.1965,-2.0,-0.1572,-13.0763,-3.8473,233.6107,2.0158
1780823436.6924706,0.4871,-0.739,1.1606,153.5191,-96.374,-4.7328,1.4596
1780823436.8943014,0.1753,0.2717,0.946,142.229,36.8397,-87.7634,0.9998
1780823437.0938537,-0.6499,-0.488,0.9846,-10.0458,34.7557,-23.6336,1.2767
1780823437.2922,-0.4014,-0.2595,0.8987,22.4275,-14.9313,-21.1298,1.0179
1780823437.4925077,-0.4102,-0.3372,0.7424,-3.6412,-2.6183,26.2443,0.9127
1780823437.69236,-0.2983,-0.3662,0.8411,3.8931,-0.8931,1.0,0.9646
1780823437.8927593,-0.302,-0.2903,0.8752,4.3206,-8.8702,6.0076,0.9703
1780823438.0919502,-0.2944,-0.2722,0.863,0.0763,1.3053,-0.7176,0.9516
1780823438.295653,-0.2798,-0.2432,0.8799,-3.0992,3.4275,0.7786,0.9548
0,0,0,0,0,0,0,0
0,0,0,0,0,0,0,0
1780823447.7067676,0.2397,-0.9185,-0.3279,-8.5115,2.5649,1.3359,1.0043
1780823447.9046202,0.2246,-0.896,-0.4053,-1.5954,2.7328,-3.9847,1.0087
1780823448.1048355,0.2583,-0.9026,-0.3779,6.7328,5.2595,-9.0458,1.012
1780823448.3044882,0.2402,-0.8745,-0.3772,-4.9008,14.1221,2.229,0.9822
1780823448.5044885,0.1943,-0.6582,-0.2397,-5.0,23.084,7.2901,0.727
1780823448.703971,0.2009,-0.7488,-0.2971,8.2824,31.458,1.0763,0.8303
1780823448.9076054,0.0562,-0.6692,-0.5132,7.4122,14.1527,-8.4275,0.8452
1780823449.1050143,0.4712,-2.0,-0.5371,-240.0229,232.0992,74.3282,2.1238
1780823449.3054657,0.0427,-0.4182,0.1511,98.3969,48.9618,18.2595,0.4467
1780823449.503875,0.3635,-0.9688,0.3928,197.7405,146.542,-5.145,1.1068
1780823449.704815,0.2222,0.3381,0.3442,20.4886,-65.8397,144.9008,0.5312
1780823449.9039564,-0.2151,0.4839,0.5815,-113.1374,-15.0,46.3969,0.7865
1780823450.1039054,0.2627,-0.3074,0.7246,35.6183,-20.3435,-42.6412,0.8298
1780823450.3042297,0.2424,0.2214,0.9058,6.6641,30.6412,-40.1527,0.9634
1780823450.5040138,0.127,0.302,0.9299,6.5038,18.6412,-6.0992,0.9859
1780823450.703854,0.0874,0.178,0.9001,-17.9847,-4.7405,8.0382,0.9217
1780823450.9042819,0.0356,0.1953,0.8865,-1.2137,1.0458,-2.3893,0.9084
1780823451.103884,0.1531,0.2231,0.9124,-4.3664,-3.2214,0.5725,0.9516
1780823451.3048148,0.002,0.2522,0.864,14.1221,36.4046,-2.0916,0.9001
1780823451.5048609,0.002,0.229,0.8667,3.1069,1.6412,-1.2901,0.8964
0,0,0,0,0,0,0,0
0,0,0,0,0,0,0,0
1780823452.1984742,0.1187,0.2856,0.793,-58.3893,-26.0382,74.229,0.8512
1780823452.3980854,0.2766,-0.1072,0.7266,-83.4733,-35.5954,78.5267,0.7848
1780823452.5980682,0.5295,-0.4009,0.4968,-85.2901,50.3359,-80.3359,0.8294
1780823452.7987902,0.511,-0.8396,0.4021,-84.0611,25.9924,-50.6489,1.0619
1780823452.9978607,0.282,-0.7871,0.7061,-18.1069,15.6336,-23.7099,1.0943
1780823453.1984286,0.2107,-0.7029,0.533,-1.7786,33.9847,-2.4198,0.9069
1780823453.4011438,0.2329,-0.5647,0.6121,18.3817,-4.0,-16.1908,0.8647
1780823453.5981622,0.3218,-0.384,0.7302,99.7557,37.0611,-13.3817,0.8856
1780823453.798195,0.2639,-0.2732,0.821,-67.0153,-2.0534,41.3359,0.9047
1780823453.9982443,0.2375,-0.6021,0.8391,-70.6641,34.9618,-16.7328,1.0597
1780823454.1982143,0.1169,-0.5798,0.554,-45.4046,23.0382,-9.9542,0.8104
0,0,0,0,0,0,0,0
0,0,0,0,0,0,0,0
1780823460.6282487,0.2991,-0.9465,-0.2441,-2.7481,0.9847,-0.4351,1.0222
1780823460.8292122,0.2971,-0.928,-0.2498,-1.7176,2.9084,-0.0763,1.0059
1780823461.0283866,0.365,-0.8896,-0.2534,-2.6107,5.5878,2.7786,0.9944
1780823461.2284086,0.3303,-0.896,-0.217,-7.6183,5.1908,15.9237,0.9793
1780823461.4282653,0.1819,-0.6279,-0.2622,-19.9771,-3.458,41.855,0.7044
1780823461.6280868,0.1418,-0.7251,-0.2654,8.6031,-28.916,29.3588,0.7851
1780823461.8302698,0.0918,-0.8064,-0.4561,29.1985,-50.7939,29.1985,0.931
1780823462.028777,-0.9412,-1.196,1.4624,159.3512,-165.2443,124.6183,2.1107
1780823462.2280564,-0.0386,0.0115,-0.1292,214.0458,-203.9771,58.9771,0.1353
1780823462.4278824,-0.1501,-0.3853,0.4929,-112.1603,30.7557,59.313,0.6434
1780823462.6284676,-0.2397,-0.2856,0.7278,21.1679,22.0153,-18.8779,0.8178
1780823462.8285453,-0.2029,-0.0393,1.0901,43.1221,26.8702,-96.2061,1.1095
1780823463.028453,-0.3408,-0.1755,1.0857,-3.1069,11.458,-6.2977,1.1514
1780823463.2284615,-0.2634,-0.127,0.8335,26.9084,-21.0229,6.916,0.8833
1780823463.4284008,-0.1055,-0.1084,0.8889,4.7176,8.1756,2.7557,0.9017
1780823463.6283293,-0.1819,-0.1946,0.9126,1.6794,-2.7176,-9.1069,0.9507
1780823463.8282106,-0.2317,-0.1638,0.8945,3.3817,-2.6412,0.0382,0.9385
0,0,0,0,0,0,0,0
0,0,0,0,0,0,0,0
1780823476.8506174,0.2593,-0.9175,-0.2524,-9.0534,12.8702,1.8626,0.9863
1780823477.050071,0.2988,-0.8997,-0.3835,-7.3359,15.2977,-3.8702,1.0226
1780823477.249923,0.2798,-0.8218,-0.3235,-12.8779,22.2901,13.2366,0.9264
1780823477.4503162,0.2161,-0.6448,-0.3582,-7.3359,-14.916,16.2824,0.7686
1780823477.650443,0.1663,-0.5615,-0.1489,36.6183,-25.7176,32.9695,0.6043
1780823477.8491948,-0.009,-2.0,-0.5122,128.8092,-105.7405,30.916,2.0646
1780823478.052255,0.4243,-0.2896,1.6204,250.1298,3.7405,-10.7557,1.6998
1780823478.2500403,-0.3135,0.3245,0.7026,44.7252,-73.5267,99.0611,0.835
1780823478.4492114,-0.2095,0.1794,1.4946,0.7099,99.084,-65.7557,1.5199
1780823478.6497426,-0.1389,-0.3308,0.7676,28.5878,41.458,-78.9847,0.8473
1780823478.849631,-0.3987,-0.1858,0.698,4.2977,-4.626,21.7328,0.825
1780823479.0489326,-0.3416,-0.2083,0.8403,-1.542,-6.8931,11.5115,0.9307
1780823479.2499602,-0.2339,-0.1279,0.855,-5.3359,1.2443,-1.2977,0.8956
1780823479.4508097,-0.2346,-0.1853,0.9033,-4.5573,-1.2595,-0.7023,0.9515
1780823479.6498804,-0.2747,-0.2339,0.8889,-0.2824,-4.458,0.9695,0.9593
1780823479.8492665,-0.2271,-0.186,0.8813,-3.3817,-1.8626,-1.1298,0.9289
0,0,0,0,0,0,0,0
0,0,0,0,0,0,0,0
1780823487.4180334,0.1416,-0.9402,-0.3567,-7.4427,-4.7863,5.0763,1.0155
1780823487.6183457,0.134,-0.9053,-0.3618,-3.3282,5.626,6.2901,0.9841
1780823487.818378,0.1418,-0.8281,-0.3406,-6.5954,-5.2748,10.2595,0.9066
1780823488.0185027,0.1216,-0.6782,-0.3118,-3.6947,2.0916,8.2824,0.7563
1780823488.2203703,0.0808,-0.5066,-0.2136,18.5802,-29.4122,28.3511,0.5557
1780823488.42247,-0.0645,-0.958,-0.3394,40.2061,-26.6641,44.4504,1.0184
1780823488.619092,-1.6921,-2.0,-0.5728,-250.1374,-225.6031,250.1298,2.6817
1780823488.818707,-0.5518,-0.4062,0.3091,26.9847,-124.6641,21.1832,0.7517
1780823489.018344,0.4309,-0.2798,0.4053,204.1221,-38.626,-181.6183,0.6544
1780823489.2190337,-0.5747,-0.5354,0.708,-77.8779,-86.8321,-35.458,1.0575
1780823489.4191623,0.116,-0.593,0.8958,9.2977,-30.9618,-7.3435,1.0805
1780823489.618908,-0.2542,-0.2354,0.9316,-21.1679,7.0,29.2519,0.994
1780823489.8182662,-0.1531,-0.2705,0.9219,-3.7176,6.8244,-4.4656,0.9729
1780823490.0187743,-0.2026,-0.3328,0.8499,6.5344,-8.2366,-10.6183,0.9349
1780823490.2169356,-0.22,-0.2913,0.853,-6.6183,-2.7405,1.3893,0.9278
1780823490.4180846,-0.167,-0.302,0.8738,-3.6336,-2.5267,-2.2595,0.9395
0,0,0,0,0,0,0,0
0,0,0,0,0,0,0,0
1780823495.6492178,0.293,-0.9172,-0.1997,1.1756,-2.1145,-4.145,0.9834
1780823495.8488123,0.3096,-0.9409,-0.2222,-2.7099,7.8015,-3.2672,1.0151
1780823496.0487225,0.3271,-0.946,-0.259,-2.6641,10.9389,-1.855,1.034
1780823496.2489266,0.3076,-0.9133,-0.2473,-7.9008,16.2519,0.1832,0.995
1780823496.4482956,0.312,-0.7351,-0.146,2.4962,7.4809,-11.8931,0.8118
1780823496.6488116,0.325,-0.7434,-0.2144,-9.0992,21.1756,-12.5649,0.8392
1780823496.848476,0.0769,-0.761,-0.2788,-13.0,17.9618,8.4046,0.8141
1780823497.0494552,0.6873,-1.158,-0.4993,-64.626,95.0534,-13.8321,1.4361
1780823497.248759,0.8323,-0.1401,0.3611,250.1298,-56.4504,-250.1374,0.918
1780823497.448878,0.6824,-0.7371,-0.6106,-38.542,140.0534,27.2443,1.1755
1780823497.649083,0.5823,0.7222,0.8274,-35.9924,23.7786,164.855,1.243
1780823497.8493235,0.3994,-0.6001,0.9744,77.8702,-4.1374,-49.6183,1.212
1780823498.0494375,0.4487,-0.405,0.6882,12.6031,1.4198,24.4504,0.916
1780823498.2521746,0.4312,-0.2834,0.7605,-17.4122,16.1221,-3.5878,0.919
1780823498.4485211,0.374,-0.3772,0.7996,-6.0992,-5.0229,4.8702,0.9599
1780823498.6488595,0.3984,-0.3604,0.7542,3.0916,-3.6107,-5.0153,0.9259
0,0,0,0,0,0,0,0
0,0,0,0,0,0,0,0
1780823508.0820165,0.2908,-0.8906,-0.4126,12.0534,-1.0687,-2.4427,1.0237
1780823508.2807734,0.2493,-0.8774,-0.2058,10.9847,-10.0458,-13.4656,0.9351
1780823508.4808805,0.3586,-0.906,-0.2712,-16.8168,-8.2137,3.0687,1.0115
1780823508.681358,0.3196,-0.8884,-0.2505,5.771,-5.2672,-2.7481,0.9768
1780823508.8812988,0.3257,-0.7468,-0.2534,-11.7405,-5.8244,4.9847,0.8533
1780823509.0810895,0.2537,-0.6138,-0.2317,-0.9847,-17.0153,-1.4122,0.7034
1780823509.281037,0.3123,-0.7092,-0.2642,18.4733,-60.1221,13.3893,0.8187
1780823509.4813197,-0.3125,-1.5403,-0.4458,143.4809,-43.4656,119.1756,1.6337
1780823509.6810553,-0.2512,-0.2632,0.6797,241.2977,-78.5878,175.6031,0.7709
1780823509.8806713,-0.2659,0.2651,0.2471,28.1069,-216.0534,46.8779,0.4495
1780823510.0816553,-0.8687,-0.2451,1.9999,-24.1679,-36.2672,65.5496,2.1942
1780823510.2808514,-0.2302,-0.2529,0.8406,-18.9695,56.5573,-27.1374,0.9075
1780823510.4808304,-0.2317,-0.0767,0.7639,-6.0458,14.8702,43.916,0.802
1780823510.6808262,-0.3359,-0.3647,0.7927,2.916,21.0611,-19.084,0.935
1780823510.8812416,-0.426,-0.0359,0.8975,-6.5115,-24.0076,-28.5114,0.9941
1780823511.0817811,-0.3669,-0.2424,0.8623,-1.2519,-7.8397,-2.1221,0.968
1780823511.28096,-0.4539,-0.1782,0.8394,-4.8397,-4.0229,2.9695,0.9707
1780823511.481149,-0.3801,-0.1733,0.8457,-4.855,-5.6412,-0.9466,0.9433
0,0,0,0,0,0,0,0
0,0,0,0,0,0,0,0
1780823518.3434112,0.0842,-0.9636,-0.3037,11.0611,-7.2137,-8.084,1.0139
1780823518.5429473,0.1694,-0.7959,-0.2947,14.4504,-12.9542,-18.2137,0.8654
1780823518.743489,0.2341,-0.9243,-0.2815,-5.6412,0.0534,-8.8168,0.9942
1780823518.9438136,0.2754,-0.9099,-0.333,2.2519,3.8931,-7.0153,1.0073
1780823519.1429548,0.3025,-0.8652,-0.3162,-6.9389,7.9389,0.4809,0.9696
1780823519.3413858,0.2942,-0.8357,-0.3604,-1.7481,10.7099,5.8855,0.9564
1780823519.5430057,0.2742,-0.7261,-0.302,1.1908,0.542,6.6107,0.8328
1780823519.7429438,0.2395,-0.5767,-0.3057,-14.5649,-27.9695,31.0687,0.6952
1780823519.9437542,0.1956,-0.8184,-0.3206,24.771,-29.4351,63.0076,0.9004
1780823520.1415038,-0.6538,-1.6475,0.635,224.5267,-151.7328,118.2977,1.8828
1780823520.3432686,0.3943,-0.0525,0.4363,184.7176,-173.4504,30.9542,0.5904
1780823520.5471668,0.1064,0.0034,1.0425,142.542,235.7252,-149.3359,1.0479
1780823520.7443068,-0.7046,-0.4631,0.8928,-32.1527,32.145,75.3053,1.228
1780823520.944038,-0.0125,-0.0928,1.0742,52.4351,55.2672,-51.6412,1.0783
1780823521.1441524,-0.3831,-0.2214,0.7964,6.8702,-59.5573,24.5267,0.911
1780823521.343214,-0.1921,-0.2544,0.6995,-16.0305,7.8321,11.7176,0.7687
1780823521.5418873,-0.1555,-0.1414,0.8804,-3.771,-4.0382,-8.4427,0.9051
0,0,0,0,0,0,0,0
0,0,0,0,0,0,0,0
1780823526.8064625,0.1638,-0.9456,-0.3401,1.9389,-0.2977,-3.4046,1.0181
1780823527.0059814,0.1311,-0.9529,-0.4084,-3.313,4.5573,1.9695,1.045
1780823527.205382,0.1782,-0.9539,-0.4319,-9.4198,10.6336,9.0153,1.0621
1780823527.4053855,0.1543,-0.8582,-0.4514,-4.6718,17.2977,17.1145,0.9818
1780823527.6054733,0.1055,-0.7065,-0.4558,-4.1756,21.0229,16.3817,0.8474
1780823527.805665,0.0354,-0.7021,-0.4163,-5.2901,14.1374,20.1985,0.817
1780823528.0054557,0.1191,-0.5562,-0.1982,41.0611,-6.1908,34.2672,0.6023
1780823528.2054975,-0.7524,-2.0,0.5486,219.6336,-106.6031,46.0992,2.2062
1780823528.405816,0.4531,0.0559,-0.6438,231.8321,-97.5267,119.0916,0.7893
1780823528.6060226,0.2798,0.0227,1.9999,64.6718,92.6947,-79.4733,2.0195
1780823528.8065264,-0.2197,-0.0278,1.3542,53.5878,28.6412,2.1756,1.3722
1780823529.0051339,-0.0317,-0.2385,0.8579,35.6183,-10.7557,-60.1069,0.891
1780823529.2076893,-0.2219,-0.0535,0.9097,0.3817,15.3664,25.2672,0.9379
1780823529.4058313,-0.2346,-0.1094,0.8611,-2.7786,-8.3588,4.9847,0.8992
1780823529.6065276,-0.0645,-0.1101,0.9392,-2.5954,0.3435,-7.0,0.9478
1780823529.8060749,-0.1611,-0.1277,0.9172,4.7023,-6.687,-0.4885,0.94
1780823530.010834,-0.145,-0.1433,0.915,5.0763,-1.5115,-4.4122,0.9375
1780823530.2055829,-0.1721,-0.1133,0.9233,0.0687,-0.3282,-0.8473,0.9461
1780823530.4075978,-0.1558,-0.1218,0.9189,0.9084,2.1298,-2.9237,0.94
0,0,0,0,0,0,0,0
0,0,0,0,0,0,0,0
1780823536.417695,0.2725,-0.9253,-0.2354,0.8855,-6.5344,-9.5191,0.9929
1780823536.6166832,0.2,-0.9319,-0.2925,2.7328,-1.1221,-9.2366,0.997
1780823536.817001,0.2615,-0.928,-0.3391,7.1832,0.3664,-14.3969,1.022
1780823537.016668,0.2661,-0.8193,-0.2827,-3.3893,-4.6641,-13.916,0.9067
1780823537.2162108,0.2197,-0.6558,-0.1904,3.7023,5.0305,-10.458,0.7173
1780823537.4170163,0.1707,-0.7319,-0.2117,-16.6641,2.4275,-20.8321,0.7808
1780823537.6167254,0.2605,-0.7068,-0.2583,-33.3282,38.9924,16.0153,0.7963
1780823537.8173943,0.6829,-2.0,-0.0498,28.7405,205.9542,-85.1221,2.1139
1780823538.0173044,-0.021,-0.0771,0.6919,-33.6412,30.3053,33.9008,0.6965
1780823538.2217126,1.0242,-0.2786,0.0837,106.3282,120.9847,-27.4809,1.0647
1780823538.4194427,0.344,0.2273,0.7712,-71.6412,-160.0076,67.5191,0.8745
1780823538.6212683,0.48,-0.1514,0.4487,0.2901,4.4427,47.2672,0.6743
1780823538.8167615,0.5911,-0.5217,0.5317,16.2519,23.9771,-14.8244,0.9509
1780823539.0215065,0.3772,-0.2961,0.8105,-5.4962,24.2824,2.2672,0.9418
1780823539.2166574,0.4812,-0.1353,0.8008,-1.4733,-18.145,-10.4427,0.944
1780823539.4207027,0.5779,-0.1936,0.7112,1.916,-2.3359,-4.4046,0.9366
1780823539.6191301,0.4958,-0.1904,0.7803,-2.9008,5.1603,1.2672,0.9439
0,0,0,0,0,0,0,0
0,0,0,0,0,0,0,0
1780823547.889029,0.2275,-0.9336,-0.2812,-4.0611,-3.7252,-3.2748,1.0012
1780823548.089572,0.2456,-0.9265,-0.3208,-1.9924,5.5191,-1.9542,1.0108
1780823548.2891235,0.2556,-0.9194,-0.3042,-4.229,2.4962,-2.9771,1.0016
1780823548.4910614,0.2808,-0.9102,-0.3103,7.8168,1.0,0.0763,1.0017
1780823548.6918333,0.2485,-0.7192,-0.2964,-11.3206,-10.8779,12.6489,0.8167
1780823548.8893504,0.2561,-0.6455,-0.3052,-14.5115,-9.145,13.7481,0.7586
1780823549.0883546,0.2493,-0.7051,-0.29,14.4809,-58.5649,59.0,0.8021
1780823549.2883303,-1.0674,-2.0,-0.428,47.0153,-178.855,43.9618,2.307
1780823549.4880862,0.5576,-0.0776,-0.532,227.4351,-186.7252,30.5191,0.7746
1780823549.6894753,0.1711,0.574,1.2188,123.5725,-166.4733,47.6412,1.358
1780823549.887879,0.0244,-0.1113,1.4451,-41.855,17.2061,-21.542,1.4496
1780823550.0900655,-0.0156,-0.353,0.8479,1.5191,38.8244,-17.0611,0.9186
1780823550.2884533,-0.0222,-0.199,0.8591,27.4122,16.2519,4.9313,0.8822
1780823550.4903495,-0.3606,-0.3125,0.6895,-16.9237,-52.687,30.8092,0.8385
1780823550.6900551,-0.1973,-0.2454,0.8096,-17.3893,0.374,9.1832,0.8686
1780823550.8905723,-0.0852,-0.2065,0.8501,2.0916,-13.1527,-14.4046,0.879
0,0,0,0,0,0,0,0
0,0,0,0,0,0,0,0
1780823555.0835268,0.1394,-0.9692,-0.2551,10.687,3.8626,-1.4962,1.0119
1780823555.2823505,0.0977,-0.9548,-0.4019,0.1145,-1.4122,2.5344,1.0405
1780823555.4861982,0.1116,-0.9133,-0.354,1.9313,6.2061,12.8321,0.9859
1780823555.6822188,0.0288,-0.6992,-0.3162,5.9618,3.7863,23.7405,0.7679
1780823555.8823798,-0.052,-0.897,-0.3259,-33.6031,0.5191,36.4351,0.9558
1780823556.0822766,-0.0356,-0.7324,-0.3335,52.1756,-14.7939,6.5191,0.8056
1780823556.2822225,0.0425,-0.7737,-0.5071,76.8244,-35.6641,-15.313,0.926
1780823556.4824255,0.2654,-2.0,1.9999,146.5038,59.855,154.4886,2.8408
1780823556.6823626,-0.0693,0.6313,-0.1372,203.3359,-112.7023,75.313,0.6498
1780823556.8821268,0.2764,0.4919,1.1584,-159.7176,-2.0611,58.8626,1.2886
1780823557.082299,-0.5315,-0.2788,0.7559,-65.6412,-32.771,-14.9542,0.9652
1780823557.2836733,-0.2202,-0.0308,1.01,26.0611,1.1832,-8.5725,1.0342
1780823557.4822466,-0.3855,-0.4998,1.0325,-38.2443,45.0382,-17.3969,1.2101
1780823557.6823134,-0.2175,0.0056,1.3313,-1.4351,-6.9237,-12.1679,1.349
1780823557.8825734,-0.1042,-0.2939,0.8184,8.687,4.2214,1.2366,0.8758
1780823558.0829172,-0.0239,-0.1948,0.7971,11.5954,-8.2366,-4.9084,0.8209
1780823558.2827241,-0.1216,-0.2817,0.8315,4.2443,-2.626,5.3359,0.8864
1780823558.4824045,0.019,-0.2417,0.8889,15.7023,0.4656,3.8092,0.9214
1780823558.6826506,-0.1299,-0.1909,0.9109,-11.8702,-9.4122,17.229,0.9397
0,0,0,0,0,0,0,0
0,0,0,0,0,0,0,0
1780823563.0921483,0.1328,-0.9512,-0.3701,-1.3893,-8.2672,1.5725,1.0292
1780823563.2883341,0.1511,-0.9451,-0.3625,4.313,-0.626,5.5344,1.0234
1780823563.4882698,0.1387,-0.9326,-0.3372,3.4809,4.9771,5.5191,1.0013
1780823563.6925645,0.127,-0.9011,-0.4497,-2.2824,15.8473,14.1069,1.0151
1780823563.888156,0.1084,-0.8828,-0.2883,-9.145,25.0153,31.5496,0.935
1780823564.0897896,0.0374,-0.8059,-0.3169,25.2519,11.6947,11.6107,0.8668
1780823564.288416,0.032,-0.644,-0.3596,35.1832,-18.1221,20.4122,0.7383
1780823564.4887366,-0.0186,-0.8047,-0.1143,103.229,28.0916,-20.4962,0.813
1780823564.6882923,-0.1865,-0.9009,0.3157,-174.4886,-20.1832,117.8321,0.9726
1780823564.8882513,-0.1311,0.438,1.2375,142.3053,-181.313,66.9618,1.3193
1780823565.0890894,0.0796,-0.6011,0.8557,-50.8015,47.8473,85.9084,1.0487
1780823565.2906637,0.1758,-0.1379,0.885,-27.5649,64.6336,-0.9924,0.9128
1780823565.4886925,0.0129,-0.1335,0.7993,2.1527,-1.9313,-61.9008,0.8105
1780823565.6883404,-0.1997,-0.2883,0.9495,-16.4886,29.0,29.6794,1.0122
1780823565.8888488,-0.1211,-0.0703,0.9397,9.7557,-20.9847,-21.6336,0.9501
1780823566.0894651,-0.0381,-0.1655,0.8643,-0.3359,-13.4198,0.9466,0.8808
0,0,0,0,0,0,0,0
0,0,0,0,0,0,0,0
1780823570.1094918,0.0823,-0.9556,-0.332,6.1832,-3.313,-6.3664,1.0149
1780823570.3088496,0.1553,-0.9692,-0.396,-0.3588,-4.9542,-2.0916,1.0585
1780823570.5088418,0.1365,-0.9778,-0.4626,21.1374,24.6107,10.1298,1.0903
1780823570.7098699,0.0398,-0.72,-0.2593,8.0076,26.3664,15.2443,0.7663
1780823570.910375,-0.0054,-0.7219,-0.2954,37.0229,66.1985,2.6336,0.78
1780823571.1093452,0.0051,-0.873,-0.2124,30.2061,19.7939,-2.1832,0.8985
1780823571.3099139,0.1692,-0.7173,-0.2588,63.626,18.1603,12.6641,0.7811
1780823571.5096714,0.3521,-2.0,1.4998,250.1298,66.8015,49.3893,2.5245
1780823571.7086947,-0.0752,0.8953,1.0564,232.3435,-134.7023,-39.084,1.3868
1780823571.9099135,0.7297,-0.7637,0.8008,-191.4733,75.2901,68.7634,1.3255
1780823572.109459,0.2505,-0.1672,0.9163,36.1374,1.8779,-163.6641,0.9645
1780823572.3099546,-0.116,-0.2126,0.7107,-48.6412,-12.1756,45.084,0.7508
1780823572.5091028,0.2183,-0.4724,0.5696,32.3511,-28.3282,-7.0076,0.7715
1780823572.708767,-0.0017,-0.4407,0.8513,-22.0229,19.1832,33.0382,0.9586
1780823572.9096954,0.0354,-0.1328,0.9351,-21.2519,-8.3511,-12.2595,0.9451
1780823573.1086416,-0.052,-0.2244,0.917,-10.5725,-8.458,-2.6031,0.9455
0,0,0,0,0,0,0,0
0,0,0,0,0,0,0,0
1780823607.209486,0.1033,-0.9434,-0.0168,-4.1145,3.8015,-4.374,0.9491
1780823607.4096184,0.1016,-0.9707,-0.0251,-19.626,-2.6183,1.7634,0.9763
1780823607.6082091,0.064,-0.9736,-0.0051,4.9771,-0.374,3.6489,0.9757
1780823607.8082366,0.0222,-1.0178,-0.0645,1.7405,-0.6565,8.7557,1.0201
1780823608.0080657,0.0454,-0.9783,-0.0239,-1.5878,-0.0305,8.0916,0.9796
1780823608.207671,0.0151,-0.9272,-0.0083,12.3359,-9.3359,15.2443,0.9274
1780823608.4081187,-0.022,-1.0068,0.0488,8.2366,2.7328,14.0458,1.0083
1780823608.6080945,-0.0283,-0.9304,0.0037,37.5802,-4.2595,19.3282,0.9309
1780823608.8087025,-0.1001,-0.6494,0.1074,46.8855,-6.2519,29.6412,0.6658
1780823609.0088181,0.073,-0.1963,-0.1829,79.8321,-7.0153,38.7176,0.278
1780823609.207681,-1.2202,-0.6733,1.9999,-105.6641,125.3282,-18.2672,2.4376
1780823609.4080741,-0.1182,0.8677,0.3296,198.9084,-90.1832,61.2061,0.9357
1780823609.6082976,-0.2917,0.2722,0.2341,29.687,-20.8092,-30.6947,0.4626
1780823609.8071983,-0.3752,0.0557,1.2942,-83.0,-22.687,-29.0763,1.3486
1780823610.0076585,-0.3245,0.0779,0.9033,-57.8779,3.1985,-18.5496,0.963
1780823610.2077203,-0.356,-0.3198,0.6843,87.9084,25.5267,-0.6183,0.835
1780823610.4076717,-0.4534,0.1838,0.9968,15.5954,44.687,22.0382,1.1104
1780823610.6087656,-0.7314,0.3062,1.0249,53.0534,-34.7405,45.4656,1.2958
0,0,0,0,0,0,0,0
0,0,0,0,0,0,0,0
1780823625.108477,0.0237,-1.0186,-0.0479,0.7481,-3.9771,4.0076,1.02
1780823625.3083532,0.0261,-0.9819,0.0078,-0.6565,0.8626,1.5573,0.9823
1780823625.5091531,0.0112,-0.9954,-0.0039,2.4046,3.1069,0.3359,0.9954
1780823625.7086596,0.001,-0.9802,0.0068,11.9008,0.4733,5.542,0.9802
1780823625.9086874,0.0159,-0.9641,0.0186,17.3206,-2.7023,6.6718,0.9644
1780823626.1087205,0.0374,-0.9219,0.0488,26.3053,-4.9389,11.4656,0.9239
1780823626.3091524,0.0483,-0.7207,0.052,27.8244,-1.4122,19.7863,0.7242
1780823626.5089972,-0.0044,-0.2485,-0.1455,40.7252,1.2901,28.374,0.288
1780823626.7084408,-1.7012,-1.5869,1.9999,250.1298,2.2366,105.374,3.0679
1780823626.9087832,-0.6538,1.1116,1.3577,-32.6489,-10.8015,-24.8473,1.8725
1780823627.1085522,-0.2842,-0.1125,0.3726,18.8931,-3.9771,29.4198,0.4819
1780823627.309547,-0.6492,0.0574,0.8521,2.1985,-30.6412,-1.229,1.0727
1780823627.5095506,-0.3894,0.0076,0.9578,-27.7481,-7.6718,-1.7099,1.0339
1780823627.7088032,-0.8833,-0.2815,1.0249,-1.6641,-44.1679,-30.5802,1.382
1780823627.9094255,-0.3545,-0.0432,0.7913,54.2595,-25.3282,32.6031,0.8681
1780823628.1088104,-0.345,0.1541,1.0508,-14.7557,-4.7863,-20.7786,1.1166
1780823628.3099825,-0.2581,-0.0513,0.8921,9.4733,-2.2748,12.4351,0.9301
1780823628.5093505,-0.3525,0.0935,0.8835,6.1603,-1.145,4.1603,0.9559
1780823628.7089822,-0.3435,0.0195,0.8833,2.0534,-0.0076,4.4275,0.9479
0,0,0,0,0,0,0,0
0,0,0,0,0,0,0,0
1780823635.1373825,-0.0312,-0.9927,0.0359,17.3664,-12.8473,18.9695,0.9938
1780823635.337658,-0.1279,-0.9902,-0.0164,-13.5191,-5.9084,5.1145,0.9986
1780823635.538333,-0.1667,-1.0244,-0.1699,-7.1756,-32.9389,0.3969,1.0517
1780823635.7367582,-0.1008,-0.9666,-0.0532,-6.3435,-29.8473,-3.3435,0.9733
1780823635.9373431,-0.0347,-0.9907,-0.0437,3.7786,-18.9847,-1.084,0.9923
1780823636.1371078,-0.0408,-0.9968,-0.0513,8.542,-10.9466,3.8244,0.999
1780823636.3384893,-0.0303,-0.9741,-0.0425,12.7481,-9.0992,3.2214,0.9755
1780823636.5380266,-0.0376,-0.9722,-0.0244,11.6336,-6.7405,10.2061,0.9732
1780823636.7379255,-0.0112,-0.9739,-0.021,17.2061,-9.1221,7.1985,0.9742
1780823636.9376943,-0.0073,-0.8669,-0.0193,32.9771,-11.8473,21.0153,0.8672
1780823637.136844,-0.0442,-0.4189,0.0005,35.6641,-20.8855,28.1298,0.4213
1780823637.3493044,-0.156,-0.2974,0.0063,51.3206,-58.4427,-1.5725,0.3359
1780823637.5412142,-0.7397,-0.0676,0.9597,250.1298,-28.7939,213.6412,1.2136
1780823637.7389,-1.0264,0.802,1.3657,26.0687,-53.3969,13.5725,1.8873
1780823637.9401858,-0.2534,0.1516,0.9807,3.1832,29.3664,47.8168,1.0242
1780823638.1382413,-0.2424,0.1021,0.9651,-37.6183,-1.5267,-21.1527,1.0003
1780823638.3380024,-0.2126,-0.144,0.5642,-11.8397,13.7634,-17.8855,0.6199
1780823638.5377126,-0.2644,-0.0251,0.77,-7.2443,0.1679,-5.4122,0.8145
1780823638.7388165,-0.3064,-0.1074,0.9211,-34.2519,3.9542,-3.5191,0.9767
1780823638.9372306,-0.4539,0.1028,1.0142,26.1679,-17.8855,6.2443,1.1158
1780823639.1371937,-0.4097,-0.0808,0.854,-10.1527,-11.3511,-4.771,0.9506
1780823639.3435786,-0.2173,-0.1548,0.6958,-48.2977,10.6718,-29.5191,0.7452
0,0,0,0,0,0,0,0
0,0,0,0,0,0,0,0
1780823644.88183,-0.0979,-0.9688,0.0508,9.3588,-6.229,9.8931,0.975
1780823645.0816073,-0.0991,-0.9766,0.0432,16.6718,-7.8015,11.2061,0.9825
1780823645.2815604,-0.074,-0.9285,0.0667,22.4504,-4.5878,16.8702,0.9338
1780823645.4819071,-0.0635,-0.7944,0.1079,38.6565,-1.7252,30.313,0.8042
1780823645.6813061,-0.0469,-0.1223,-0.0149,33.5344,-9.8092,45.6947,0.1318
1780823645.881329,-1.3611,-2.0,1.9999,250.1298,-110.0076,62.7252,3.1388
1780823646.0813513,-0.3567,1.9999,0.9136,-62.0763,-29.0992,37.5115,2.2275
1780823646.2848575,-0.2427,-0.2622,0.7803,29.084,-3.7099,36.6641,0.8582
1780823646.481336,-0.3108,0.2795,0.8291,25.7786,-15.4198,-2.5038,0.9285
1780823646.6819055,-0.4514,0.0281,0.7769,-29.8702,-23.2824,-7.3282,0.8989
1780823646.8815043,-0.2644,-0.1582,0.7727,-7.1221,8.0382,-19.7176,0.8319
1780823647.0818634,-0.3723,-0.1143,0.7839,5.9847,-1.2519,1.0076,0.8753
1780823647.2814503,-0.4587,0.0737,0.8528,29.0916,2.7099,1.2977,0.9711
1780823647.4814653,-0.4429,-0.0293,0.8171,-31.7481,2.6412,-17.2672,0.9299
1780823647.6843204,-0.4514,0.053,0.8171,-5.0076,-4.8168,3.6641,0.935
1780823647.8855343,-0.4238,-0.0056,0.8267,-9.3664,3.1832,-2.1756,0.929
0,0,0,0,0,0,0,0
0,0,0,0,0,0,0,0
1780823653.0430317,-0.0347,-0.9844,0.1006,-2.0534,-7.4504,4.5573,0.9901
1780823653.2438302,-0.0498,-0.9863,0.1069,4.3206,-4.7252,4.8473,0.9934
1780823653.4434547,-0.0596,-0.9607,0.1355,8.6031,-4.0305,2.2366,0.972
1780823653.6437263,-0.0762,-0.9556,0.1536,9.2901,-0.0153,5.6641,0.9708
1780823653.8438284,-0.0957,-0.948,0.1499,6.1908,-1.9542,6.6107,0.9645
1780823654.0432122,-0.0815,-0.9482,0.1758,9.687,0.0153,7.4122,0.9678
1780823654.244833,-0.0696,-0.9417,0.1436,17.5725,0.0534,13.1221,0.9551
1780823654.443768,-0.0859,-0.8047,0.103,32.9466,6.7481,24.6947,0.8158
1780823654.6433938,-0.1033,-0.1538,-0.0325,42.3588,-4.9924,31.1756,0.1881
1780823654.8438706,-0.2046,-1.4192,1.3811,148.4962,-151.5496,113.2214,1.9908
1780823655.0439599,0.0679,0.9402,1.1396,176.0992,29.8168,164.5878,1.479
1780823655.2440634,-0.5137,0.9761,1.3254,-23.3206,-48.7786,-52.3282,1.7243
1780823655.4433694,-0.4861,-0.1921,0.5859,-14.5878,11.6336,-6.0916,0.7852
1780823655.6436882,-0.4854,0.0269,0.7097,-6.4962,6.1145,-15.8244,0.8602
1780823655.8439662,-0.4543,-0.1309,0.7339,25.9542,-2.4122,-0.9618,0.873
1780823656.094026,-0.7468,-0.0767,1.0269,20.6336,-10.626,-15.687,1.272
1780823656.2441344,-0.488,-0.0217,0.8687,-11.2366,-8.3435,-15.1832,0.9966
1780823656.4442146,-0.5837,0.1047,0.9644,-21.7786,7.4885,-19.9466,1.1321
1780823656.6458359,-0.4988,0.0198,0.7893,2.6489,-0.7405,10.5725,0.9339
0,0,0,0,0,0,0,0
0,0,0,0,0,0,0,0
1780823661.0438383,-0.0364,-0.9756,-0.0244,-5.0534,4.8092,-5.5191,0.9766
1780823661.2441568,-0.0811,-0.981,0.0085,0.1985,7.771,2.1603,0.9843
1780823661.4445705,-0.1084,-0.9788,0.0242,3.3893,3.084,-4.6412,0.985
1780823661.6430988,-0.1255,-0.969,0.0234,3.0916,1.7023,-6.3282,0.9774
1780823661.8444004,-0.1072,-0.9915,0.0322,5.5496,0.5573,-10.626,0.9978
1780823662.0446842,-0.0713,-0.9607,0.0769,7.2901,1.5802,-23.8855,0.9664
1780823662.244521,0.001,-0.9382,0.1035,32.7405,2.0611,-31.2214,0.9439
1780823662.444442,0.0388,-0.834,0.1001,25.4733,-0.1679,-27.1374,0.8409
1780823662.6448998,-0.0178,-0.3979,-0.0493,46.4656,-0.4885,-26.0534,0.4014
1780823662.843908,0.4304,-0.7263,0.3726,91.0458,61.1756,-86.542,0.9228
1780823663.0438,1.4727,1.9999,1.9999,194.5496,-176.2748,-189.9924,3.1888
1780823663.2455995,0.3118,-0.8574,0.9712,38.4809,73.9466,-21.0,1.3325
1780823663.4451728,0.0342,0.2429,0.8982,39.9542,-0.4962,23.0229,0.9311
1780823663.6460636,-0.0586,-0.113,0.9868,2.6641,13.3511,25.4504,0.995
1780823663.844956,0.093,-0.1345,0.98,16.3359,-15.4198,8.2366,0.9935
1780823664.04507,0.1248,0.0542,0.8386,2.8244,2.1298,16.5573,0.8496
1780823664.2451358,0.1763,0.0154,0.9126,-1.916,-4.855,-21.7481,0.9296
1780823664.4459682,0.022,0.2117,1.0544,5.4046,-3.1374,12.374,1.0757
1780823664.644586,0.0979,0.0464,0.9856,-14.6718,6.916,-5.7786,0.9915
1780823664.8452642,0.1201,0.0957,0.9253,-6.1221,-1.8397,-7.7481,0.938
1780823665.0447457,0.0964,0.0876,0.9895,-11.8321,8.5573,-9.6412,0.998
0,0,0,0,0,0,0,0
0,0,0,0,0,0,0,0
1780823669.6475391,-0.0457,-0.9746,0.0593,3.8092,-10.313,0.6794,0.9775
1780823669.8467112,-0.0566,-0.9612,0.093,4.5267,-5.6718,-1.8015,0.9673
1780823670.0467553,-0.0417,-0.9626,0.1011,8.1908,-10.6412,-5.4198,0.9688
1780823670.248422,-0.0242,-0.9841,0.1057,10.4809,-13.7176,-5.2519,0.9901
1780823670.447056,-0.022,-0.9644,0.1392,14.5344,-15.8244,-3.4351,0.9746
1780823670.6469722,-0.0088,-0.9407,0.1699,27.9008,-25.9008,-0.5878,0.9559
1780823670.846441,0.0144,-0.9116,0.1973,32.4046,-34.6947,-4.374,0.9328
1780823671.053716,-0.0156,-0.7505,0.208,34.8855,-56.0305,-6.8397,0.7789
1780823671.246843,0.0088,-0.0566,0.0198,34.1832,-37.4504,-0.5802,0.0606
1780823671.4492664,0.0215,-1.7087,1.6289,250.1298,-18.0382,75.8702,2.3608
1780823671.6490386,0.8796,0.3186,0.0984,11.6565,3.8321,-40.8779,0.9407
1780823671.8485758,0.2568,0.2556,0.9719,6.1221,85.3359,-55.084,1.0373
1780823672.0469518,-0.3833,0.2747,0.968,12.2366,-14.0305,-9.3893,1.0768
1780823672.2484155,-0.1699,-0.0867,0.7993,-21.4886,1.3588,-14.5038,0.8218
1780823672.4468496,0.0386,-0.3257,0.7949,34.4351,-47.8168,1.5496,0.8599
1780823672.6474555,0.2327,0.1084,0.9463,6.5267,14.4198,29.1374,0.9805
1780823672.847625,0.1194,0.2104,0.9219,3.6947,8.5496,1.1527,0.9531
1780823673.0462606,-0.0515,0.0417,0.894,-2.3893,5.2519,-5.0916,0.8965
1780823673.2464366,0.0322,0.1121,0.9136,-2.7634,-5.4275,2.8244,0.921
1780823673.4577565,0.0769,0.1575,0.915,-7.1908,4.2748,1.0763,0.9317
0,0,0,0,0,0,0,0
0,0,0,0,0,0,0,0
1780823678.0494394,-0.0039,-0.9639,0.0059,4.5115,11.2519,9.9771,0.9639
1780823678.2484791,-0.0161,-0.9448,-0.0164,3.5496,0.8626,7.7099,0.9451
1780823678.4495046,-0.064,-0.9722,0.0437,10.8168,2.3435,8.3206,0.9752
1780823678.648655,-0.0557,-0.9717,0.021,6.2519,-2.2214,6.0229,0.9735
1780823678.8498971,-0.0549,-0.9856,0.0259,20.4656,-1.3893,16.6641,0.9875
1780823679.0492723,-0.0537,-0.824,0.0488,27.0992,2.2214,22.6794,0.8272
1780823679.2491915,-0.0229,-0.8374,0.0515,15.9466,6.6107,26.4809,0.8393
1780823679.4488943,-0.1426,-0.1597,-0.0234,30.1985,10.7099,55.7023,0.2153
1780823679.6491425,-0.542,-2.0,1.9999,43.9542,34.0992,66.1069,2.8798
1780823679.8500717,-0.6829,0.8699,0.4004,-131.542,-55.9847,11.0611,1.1761
1780823680.048541,-0.5808,0.0051,0.5759,0.2137,19.1908,28.0687,0.818
1780823680.2520702,-0.6594,0.0396,0.8477,-12.6947,-37.4198,-33.7634,1.0747
1780823680.4513378,-0.551,-0.3157,0.6582,-22.3817,23.9389,-3.4351,0.9146
1780823680.6511137,-0.6262,-0.2332,0.595,22.4046,3.9313,-23.9695,0.8947
1780823680.8510773,-0.7021,-0.5537,0.6951,-51.1221,7.9542,-42.7405,1.1326
1780823681.0495148,-0.5425,-0.3013,0.6279,6.9695,-18.7023,-3.458,0.8828
1780823681.2491763,-0.5498,-0.176,0.6235,26.9924,4.7481,5.3359,0.8497
1780823681.4522305,-0.6953,-0.1648,0.7539,-10.0992,0.8779,-4.8092,1.0387
0,0,0,0,0,0,0,0
0,0,0,0,0,0,0,0
1780823686.0324156,-0.0305,-1.0103,-0.0105,-0.3817,-9.2901,2.374,1.0108
1780823686.2236202,-0.0134,-0.9734,0.0266,3.1679,1.3664,5.0534,0.9738
1780823686.4237065,-0.0396,-0.9707,-0.0068,-0.9237,-4.0611,7.6947,0.9715
1780823686.624293,-0.0698,-0.9795,0.0151,-5.2366,3.0763,13.8168,0.9821
1780823686.8236141,-0.1128,-0.95,0.0354,-4.0229,5.9084,13.3435,0.9573
1780823687.0252836,-0.1604,-0.9653,-0.0247,-1.6336,3.6947,19.2366,0.9789
1780823687.2258854,-0.2212,-0.9282,-0.0251,-10.8321,1.7557,30.3588,0.9545
1780823687.4253798,-0.1479,-0.6875,-0.0342,-1.5191,-9.5267,36.2443,0.7041
1780823687.62443,-0.1438,-0.4863,-0.0496,-16.1679,-14.3359,33.313,0.5096
1780823687.8260374,-0.9377,-0.9033,-0.4338,20.6489,-66.2748,97.4733,1.3724
1780823688.0242188,1.1931,-0.2529,-0.1694,43.8397,-64.626,169.0611,1.2313
1780823688.2246366,-0.9509,0.2107,-0.1387,-43.4656,62.0153,85.1756,0.9838
1780823688.4251237,-0.7905,0.5989,0.4949,-1.0153,-72.8702,-31.8626,1.1084
1780823688.6241856,-0.6201,0.3943,0.7527,-5.4656,31.1756,-47.6718,1.0519
1780823688.8251858,-0.9446,0.0681,0.4043,20.3817,34.5725,-8.3664,1.0297
1780823689.027195,-0.9951,-0.0381,0.1611,-15.1145,15.3053,-3.9389,1.0088
1780823689.223919,-1.0171,0.0933,0.0937,10.5344,4.4275,7.4122,1.0257
1780823689.4247122,-1.0073,0.3601,0.178,10.5954,-6.8397,18.6947,1.0845
1780823689.6289535,-0.9592,0.1699,0.1978,-8.6336,9.7099,-15.7405,0.994
1780823689.8241956,-0.9744,0.1316,0.1553,-3.687,-0.1527,2.4427,0.9954
1780823690.0285356,-0.9556,0.1941,0.1575,0.458,4.8855,4.1832,0.9877
0,0,0,0,0,0,0,0
0,0,0,0,0,0,0,0
1780823694.8666897,0.0134,-0.6628,0.1526,18.3282,13.8397,6.5802,0.6803
1780823695.063159,-0.0286,-1.1494,-0.0247,-45.5115,-5.7481,-21.7786,1.15
1780823695.264085,-0.0427,-0.9192,0.0266,-23.084,-4.2137,-4.2214,0.9206
1780823695.4643729,-0.0225,-0.9875,0.0059,3.8168,-5.2672,4.5191,0.9878
1780823695.663933,0.0435,-0.9668,0.0098,-4.2214,-1.3817,5.7786,0.9678
1780823695.8627708,0.0002,-0.9692,-0.0068,-3.1756,-0.2901,11.2443,0.9693
1780823696.063898,-0.0583,-0.978,-0.0242,-5.771,2.5802,14.7939,0.9801
1780823696.2634463,-0.0977,-0.9607,-0.0554,-8.2214,-2.1221,18.1832,0.9672
1780823696.463317,-0.1265,-0.9182,-0.071,-12.3206,3.3282,26.771,0.9296
1780823696.6638095,-0.1155,-0.5149,-0.03,-11.7405,-2.6794,55.229,0.5285
1780823696.8634143,-0.1467,-0.6658,-0.1584,-34.4275,0.0229,56.9237,0.6999
1780823697.0633502,-1.4595,-1.2012,0.5608,-16.1908,-136.2061,161.771,1.9716
1780823697.2630684,0.1267,0.8804,0.55,5.9695,-7.5191,88.145,1.0458
1780823697.4630947,-1.1191,0.345,0.0227,-75.8168,5.2366,12.7023,1.1713
1780823697.66344,-0.7322,0.5149,0.3713,15.3588,4.0611,-19.687,0.9691
1780823697.8636997,-1.1528,0.0918,0.196,-17.2748,-2.458,-22.5191,1.173
1780823698.0656564,-0.9316,0.0032,0.1704,-5.6107,22.687,-4.916,0.9471
1780823698.2636251,-0.9702,0.0801,0.0557,-18.5496,19.8015,15.6718,0.9751
1780823698.4756935,-0.9678,0.0112,-0.0652,-12.1221,13.1679,-19.2672,0.97
1780823698.6639948,-1.0762,0.147,-0.0513,9.6947,-3.7023,45.2748,1.0874
1780823698.8631241,-0.9905,0.2424,-0.053,2.1603,-6.4046,-1.5573,1.0211
1780823699.0641372,-0.9668,0.1331,-0.0771,-3.0,-0.3511,-9.4809,0.979
1780823699.2635539,-0.9868,0.1262,-0.0374,3.2977,-2.5649,-12.0687,0.9956
1780823699.4660804,-0.9551,0.1628,-0.1265,-2.9695,5.6412,4.3206,0.9771
0,0,0,0,0,0,0,0
0,0,0,0,0,0,0,0
1780823704.9123595,-0.0498,-0.9514,-0.1836,-8.4198,11.0763,1.3359,0.9702
1780823705.1066687,-0.0969,-1.1204,-0.1631,-2.4275,-6.0305,10.2519,1.1363
1780823705.3067126,-0.0386,-0.9797,-0.1592,6.3511,-10.5496,11.0992,0.9933
1780823705.5071595,-0.0657,-0.9893,-0.0852,5.0076,-1.3893,16.3664,0.9951
1780823705.7067194,-0.0796,-0.9902,-0.0784,-1.0992,13.084,8.4275,0.9965
1780823705.9077272,-0.1267,-0.9653,-0.0378,1.374,14.5725,23.4122,0.9743
1780823706.1062539,-0.1797,-0.9021,-0.0278,-0.0305,32.9008,22.1374,0.9202
1780823706.3072808,-0.1594,-0.9084,-0.196,9.4733,20.2443,11.2519,0.9429
1780823706.5070722,-0.2185,-0.7332,-0.1694,4.4275,-13.8931,59.2366,0.7836
1780823706.709689,-0.2788,-0.3298,-0.0017,13.5038,-21.0763,59.458,0.4319
1780823706.9063756,-2.0,-1.158,1.4492,24.4046,-69.0382,250.1298,2.7278
1780823707.1059215,-1.0107,1.8972,0.7236,38.6794,-106.8473,46.6031,2.2682
1780823707.3066459,-0.6948,0.239,0.5662,2.7252,6.2137,-6.9924,0.9276
1780823707.5070133,-0.7327,0.2976,0.5664,-45.5038,11.7939,-54.1832,0.9727
1780823707.706755,-1.0806,0.1279,0.4495,-11.1756,34.1221,-28.2443,1.1773
1780823707.906898,-1.0352,0.176,0.3616,-25.5496,40.1679,-12.5954,1.1105
1780823708.1069646,-0.7383,-0.1841,-0.0913,-42.542,33.9084,1.8244,0.7663
1780823708.3071363,-0.9072,-0.3921,-0.3499,19.9084,-9.8626,-0.4885,1.0484
1780823708.5065331,-1.1025,-0.0112,0.0317,5.8397,-20.3359,16.542,1.1031
1780823708.7076952,-1.0225,0.0825,0.1311,5.7939,-22.7176,18.0992,1.0341
1780823708.9112363,-1.0579,-0.0349,0.2354,3.855,-8.3664,0.0992,1.0843
1780823709.1071925,-0.9832,-0.0208,0.1536,3.0916,3.0992,7.2901,0.9953
1780823709.3087966,-0.9268,0.0525,0.3535,-4.8702,0.1679,-7.0,0.9933
0,0,0,0,0,0,0,0
0,0,0,0,0,0,0,0
1780823714.4610395,-0.134,-1.1282,-0.0703,-1.7023,-1.6565,-0.7405,1.1383
1780823714.6611235,-0.1118,-0.9734,-0.0352,0.2137,-17.7405,8.3359,0.9804
1780823714.8625925,-0.1355,-0.97,-0.0103,0.458,-21.8779,6.6641,0.9794
1780823715.0619001,-0.1384,-0.9827,0.0054,2.2061,-16.3817,4.5344,0.9924
1780823715.2614274,-0.1277,-0.967,0.0479,3.4122,-2.3435,-0.1832,0.9766
1780823715.4623682,-0.137,-0.9749,0.053,7.313,1.0687,3.5954,0.9859
1780823715.66218,-0.1602,-0.9727,0.0527,7.5496,5.916,-1.8321,0.9872
1780823715.8613374,-0.1423,-0.9731,0.0566,14.2977,1.6641,-0.1908,0.9851
1780823716.061758,-0.1211,-0.9077,0.0911,19.3053,-2.7328,1.626,0.9203
1780823716.2619216,-0.0991,-0.6472,0.0393,37.5191,3.0763,13.4656,0.6559
1780823716.4622052,-0.1428,-0.6597,0.0422,37.7786,-5.0916,11.1908,0.6763
1780823716.6622953,-0.3054,-1.0261,0.9026,147.0611,-33.7634,56.7634,1.4003
1780823716.861873,-0.0525,1.1716,1.2957,250.1298,-131.0305,132.1145,1.7476
1780823717.0618942,-0.2488,0.7271,1.041,69.7328,48.5344,-19.8855,1.2939
1780823717.2616189,-0.189,0.1963,0.2881,-55.4656,46.0305,-99.084,0.3965
1780823717.4624376,-0.5034,0.3479,0.8127,-30.5954,-1.4046,-35.7252,1.0174
1780823717.6623485,-0.4167,0.01,0.8315,-30.6183,-7.5038,-6.1908,0.9302
1780823717.861283,-0.4551,0.1301,0.8804,-78.458,16.3206,-9.8855,0.9995
1780823718.062105,-0.4443,-0.207,0.9939,2.4046,26.0458,-15.9847,1.1082
1780823718.2623756,-0.6948,0.1985,0.8276,7.9237,5.4504,7.7863,1.0987
1780823718.4620302,-0.45,0.5125,0.7781,21.1374,-4.8702,22.8244,1.0346
1780823718.6626668,-0.5859,-0.0779,0.7224,0.9695,-20.1908,1.9313,0.9334
1780823718.861706,-0.3899,0.1729,0.7854,-3.9237,-3.8397,4.5725,0.8937
1780823719.062428,-0.4102,0.2688,0.9229,-24.9771,-8.2366,-6.2443,1.0451
0,0,0,0,0,0,0,0
0,0,0,0,0,0,0,0
1780823724.403155,-0.126,-0.9927,-0.0002,-20.9695,-35.6336,8.3893,1.0006
1780823724.6022618,-0.074,-0.9983,0.0193,-2.3435,-24.5114,1.4885,1.0012
1780823724.8021803,-0.1252,-0.9939,0.03,10.0382,-9.8244,10.2137,1.0022
1780823725.0040588,-0.1267,-0.9402,0.0608,11.3969,-11.313,12.9389,0.9506
1780823725.2058156,-0.1494,-0.9551,0.0386,15.9389,-9.8855,13.9237,0.9675
1780823725.4024866,-0.1501,-0.8406,0.0657,30.4809,-12.9847,18.145,0.8564
1780823725.6059682,-0.0601,-0.4751,0.0364,37.3817,-8.2595,33.687,0.4803
1780823725.8030336,-0.6711,-0.4355,0.3694,68.6031,-60.5191,62.0,0.8812
1780823726.0016787,-0.5212,1.0862,1.4573,141.7099,2.7405,218.9237,1.8908
1780823726.2022169,-0.2446,1.2021,1.1687,103.229,-34.0916,60.4656,1.6944
1780823726.4094148,-0.3762,0.6101,0.6321,-25.9847,47.9313,11.1832,0.9557
1780823726.6024716,-0.4534,0.5234,0.7266,-19.9313,2.9924,-23.0382,1.0037
1780823726.8040504,-0.4343,0.2664,0.7476,-36.0916,-1.8092,-39.1527,0.9047
1780823727.0025861,-0.5903,0.0552,0.7542,-25.1527,3.2366,-8.687,0.9593
1780823727.2025986,-0.5271,-0.092,0.8274,-10.7481,-4.1908,-13.8626,0.9853
1780823727.4056525,-0.6028,-0.2224,0.7593,18.7252,-11.2595,4.5802,0.9946
1780823727.6023932,-0.2983,-0.0215,0.8049,3.0,-9.7328,-18.2672,0.8587
1780823727.8024845,-0.4153,0.3137,0.8755,1.9847,10.3282,-11.8855,1.0185
1780823728.010087,-0.4485,-0.0562,0.8872,2.9466,-7.2137,-5.0458,0.9957
1780823728.2026925,-0.4216,0.0957,0.7944,-10.4733,2.6183,-3.8244,0.9045
0,0,0,0,0,0,0,0
0,0,0,0,0,0,0,0
1780823732.3742383,-0.0889,-0.9668,-0.0879,-7.3969,-8.9618,5.3969,0.9748
1780823732.6235855,-0.1265,-0.9661,-0.0549,-11.771,-10.313,13.8626,0.9759
1780823732.7762692,-0.1755,-0.9375,-0.0642,0.5267,-6.8397,15.8473,0.956
1780823732.9761715,-0.2424,-0.9487,-0.0623,-7.1832,-0.4427,14.9695,0.9812
1780823733.172255,-0.2666,-0.9368,-0.0903,-10.5725,1.6336,21.2137,0.9781
1780823733.371711,-0.2388,-0.8435,-0.0354,-0.3588,1.6794,26.3053,0.8774
1780823733.5717654,-0.2407,-0.709,-0.0852,-3.4733,5.6489,36.0763,0.7536
1780823733.7736845,-0.2393,-0.4148,-0.0237,-28.2595,-2.9542,65.0611,0.4794
1780823733.9731925,-1.6743,-0.7156,-0.5093,-29.5038,-94.3893,89.8321,1.8907
1780823734.172481,-0.4685,1.9999,0.7954,250.1298,-30.3053,44.8473,2.2027
1780823734.3728337,-0.925,0.0645,0.3772,-59.3053,-58.4275,180.542,1.0011
1780823734.5723197,-0.7571,1.0825,0.6929,11.4809,22.8015,-3.5725,1.4917
1780823734.7727773,-0.8079,0.165,0.2776,-24.1756,14.5496,-20.1069,0.87
1780823734.972418,-0.8127,0.2537,0.1509,2.145,17.3588,-15.3893,0.8647
1780823735.1732934,-1.0454,0.3079,0.0981,48.6183,24.1908,-37.4351,1.0942
1780823735.3729024,-0.9438,0.291,-0.0698,20.542,6.229,24.6183,0.9902
1780823735.5726793,-0.99,0.1631,-0.0679,-10.4046,-8.374,26.2443,1.0056
1780823735.784994,-0.9092,0.4028,0.0393,-3.4962,-5.7557,15.4427,0.9952
1780823735.9760365,-0.9507,0.3228,0.0398,5.6031,-1.6718,7.7099,1.0048
0,0,0,0,0,0,0,0
0,0,0,0,0,0,0,0
1780823741.0853407,-0.05,-0.9202,-0.0303,17.1985,15.7557,2.5038,0.922
1780823741.285602,-0.0413,-0.9836,-0.0847,2.0458,2.2595,5.1985,0.9881
1780823741.4881074,-0.0452,-0.9749,-0.0405,5.0992,-8.8244,1.9695,0.9767
1780823741.6865985,-0.0447,-1.0161,-0.0503,9.3282,-3.4733,4.9924,1.0183
1780823741.8886485,-0.0762,-0.9683,-0.0208,16.2595,-0.3969,10.3588,0.9715
1780823742.0851772,-0.1292,-0.9724,0.0129,23.1603,-5.3511,16.9084,0.981
1780823742.2848413,-0.0764,-0.7244,0.0159,31.6947,-12.7099,20.8092,0.7286
1780823742.4858303,-0.032,-0.4512,0.0132,55.6183,-12.3206,19.2901,0.4525
1780823742.6849139,-0.6619,-1.1797,0.4866,89.1832,-100.9008,38.9313,1.4375
1780823742.8850932,-0.1575,0.9109,0.4727,250.1298,-2.4809,250.1298,1.0382
1780823743.0859106,-0.6936,1.3879,1.0811,121.4351,-81.0229,87.0153,1.8911
1780823743.285697,-0.3008,0.5029,0.6235,8.4122,3.4885,39.458,0.8557
1780823743.4876747,-0.3928,0.3652,0.7903,-66.8779,8.8855,-45.1679,0.9551
1780823743.6857646,-0.5386,0.1082,0.8142,-59.3969,8.916,-29.3817,0.9822
1780823743.8879628,-0.532,-0.1909,0.8103,-71.3206,-1.6794,-42.687,0.988
1780823744.0859835,-0.3618,-0.8113,0.4871,20.6336,4.1908,-5.1756,1.0131
1780823744.2858546,-0.5061,-0.3696,0.7842,21.6489,-21.8473,5.6641,1.0038
1780823744.4855855,-0.3772,0.3037,0.7974,37.2748,1.4962,5.2061,0.9329
1780823744.6858854,-0.4231,-0.3508,0.7646,-23.9008,-0.8092,-32.7557,0.9417
1780823744.8861275,-0.4182,-0.0969,0.856,1.5725,8.4427,3.6183,0.9576
0,0,0,0,0,0,0,0
0,0,0,0,0,0,0,0
1780823749.969032,-0.1184,-1.0129,-0.1008,-15.8779,5.5191,-4.2061,1.0248
1780823750.1684961,-0.1113,-0.9917,-0.0278,-2.8855,2.7634,3.2443,0.9983
1780823750.3679864,-0.1008,-0.9792,-0.0151,0.4122,5.916,0.7023,0.9845
1780823750.5686772,-0.1033,-0.9565,-0.0125,-2.3817,0.6794,-1.2366,0.9622
1780823750.7697487,-0.1072,-0.9785,-0.0293,-4.8702,11.5954,-4.3282,0.9848
1780823750.9698071,-0.0684,-0.9844,-0.0369,-2.9466,22.2901,-2.6336,0.9874
1780823751.1697936,-0.0308,-0.9553,-0.0317,1.7252,42.0611,-15.5038,0.9563
1780823751.368494,-0.071,-0.9529,-0.0605,-14.6031,55.1679,-22.0916,0.9574
1780823751.5710099,-0.0095,-0.9617,-0.0984,0.3588,77.8855,-24.6031,0.9667
1780823751.7681012,-0.0852,-0.7908,-0.0493,12.3893,116.6794,-38.7176,0.7969
1780823751.968114,-0.2791,-0.5349,-0.3171,32.0763,117.2824,-56.2061,0.6816
1780823752.167545,1.8853,-1.6553,0.9824,250.1298,129.4046,-227.7863,2.6943
1780823752.368479,0.7683,-0.0852,0.0422,74.7939,129.4275,-112.6641,0.7742
1780823752.569366,0.7117,-0.134,0.3691,-29.9237,119.6412,-19.2443,0.8128
1780823752.7685962,0.114,-0.0574,0.8635,25.6947,18.1908,-33.5573,0.8729
1780823752.9686773,0.0071,-0.1787,0.801,46.1679,34.3053,26.0687,0.8207
1780823753.1688235,0.0786,-0.0837,0.9536,106.1527,-6.9771,39.0458,0.9605
1780823753.3677397,0.2234,0.2512,1.1367,51.7252,-2.4656,61.084,1.1854
1780823753.568713,0.1587,0.0969,1.073,46.6718,30.3817,8.1069,1.089
0,0,0,0,0,0,0,0
0,0,0,0,0,0,0,0
1780823758.472944,-0.1592,-0.9163,0.2083,1.9008,-2.1985,7.458,0.953
1780823758.6713326,-0.0732,-0.9963,0.0771,3.229,-1.1832,1.3435,1.002
1780823758.922132,-0.0781,-0.9368,0.0808,6.3588,-3.2214,4.0,0.9435
1780823759.0717173,-0.1038,-0.8472,0.0618,8.3282,-7.1069,2.4351,0.8557
1780823759.2716885,-0.0747,-1.0142,0.1895,-34.2672,-0.1527,-1.9008,1.0344
1780823759.4713833,-0.0764,-0.9897,0.103,7.7023,-0.6718,8.1221,0.998
1780823759.6712766,-0.106,-0.9668,0.1147,22.1069,0.5725,14.8397,0.9793
1780823759.872055,-0.106,-0.8738,0.1602,29.3206,-3.0534,14.2824,0.8946
1780823760.0719793,-0.1323,-0.8306,0.1877,34.8702,3.1603,21.4886,0.8617
1780823760.271536,-0.1265,-0.5884,0.1841,38.4733,2.458,28.3893,0.6293
1780823760.47138,-0.1152,-0.6172,0.0864,61.5496,-19.9466,22.2901,0.6338
1780823760.672107,-0.5088,-1.3755,1.1255,53.6947,-41.0534,28.9924,1.8487
1780823760.873177,-0.6978,1.6328,0.877,30.8473,-79.6489,134.8397,1.9804
1780823761.0742145,-0.364,0.4805,0.5552,24.9237,-13.0,43.3282,0.8195
1780823761.2716284,-0.3987,0.6492,0.7239,-23.7328,1.8855,-23.6565,1.0509
1780823761.4716787,-0.4795,0.3064,0.7117,-22.4427,10.1679,-31.0534,0.9112
1780823761.672341,-0.5234,0.157,0.782,-9.9618,-11.313,9.4962,0.954
1780823761.871562,-0.5554,0.0928,0.6006,-26.8244,-24.145,-20.0458,0.8233
1780823762.072909,-0.4109,-0.0195,0.5754,-45.0,3.0,-20.7634,0.7073
0,0,0,0,0,0,0,0
0,0,0,0,0,0,0,0
1780823774.88952,-0.0703,-0.9773,-0.0083,0.6794,-8.2519,23.9389,0.9799
1780823775.0900695,-0.0718,-0.9893,-0.0811,-8.0,-5.5115,11.542,0.9952
1780823775.2896867,-0.0981,-0.9858,-0.0664,-4.4809,0.1145,12.3969,0.9929
1780823775.489614,-0.0879,-0.8984,-0.052,-7.4504,2.1756,19.8244,0.9042
1780823775.7400737,-0.0564,-0.7041,-0.0937,-2.6107,-6.5115,61.5496,0.7126
1780823775.89198,-0.2524,-0.5483,-0.2227,0.6718,-16.4046,73.4275,0.6434
1780823776.090242,-1.385,-1.333,0.0068,16.229,-12.5191,139.5573,1.9223
1780823776.289853,-1.9436,1.9999,-0.5918,143.3817,-187.2137,250.1298,2.8509
1780823776.4903104,-0.8098,0.2615,0.7876,72.9618,-40.4656,198.3435,1.1595
1780823776.6903212,-0.5635,0.4124,0.7822,81.4885,28.2672,30.5191,1.0485
1780823776.8905463,-0.9429,0.4143,0.3401,35.1756,11.9847,7.8397,1.0846
1780823777.0900538,-0.6521,0.1226,0.1826,18.9237,65.8855,-109.5725,0.6882
1780823777.2897496,-0.8748,-0.0488,-0.3398,82.0611,71.4198,-59.4809,0.9397
1780823777.4931235,-0.3999,-0.0693,-0.925,-117.1298,5.3282,-94.2137,1.0102
1780823777.690589,-0.7612,-0.4026,-0.5154,-11.3893,-18.7786,40.4275,1.0036
1780823777.8902085,-0.9792,-0.1414,-0.4521,14.4427,-29.8092,7.1756,1.0878
1780823778.0907147,-0.9795,-0.2495,-0.2715,-5.0916,-37.6641,-10.3053,1.0466
0,0,0,0,0,0,0,0
0,0,0,0,0,0,0,0
1780823782.5367754,-0.0159,-0.9607,-0.2261,6.1985,8.0916,-0.3817,0.9871
1780823782.7348282,0.0833,-0.9617,-0.2834,-13.1985,11.2824,-5.0382,1.006
1780823782.9354773,0.0605,-0.9319,-0.2786,-5.0992,18.0534,1.7405,0.9745
1780823783.1358273,0.0164,-0.9355,-0.2993,-6.4885,14.542,3.229,0.9824
1780823783.3346345,0.0312,-0.9187,-0.3079,-10.9924,17.7786,-8.3969,0.9694
1780823783.5355725,0.0813,-0.8677,-0.3027,-26.1679,29.458,-8.2137,0.9226
1780823783.7361336,0.1716,-0.8823,-0.3474,-20.7786,52.626,-24.4809,0.9637
1780823783.9362836,0.1604,-0.7695,-0.3347,-22.3817,104.7863,-12.6107,0.8544
1780823784.1375277,0.0073,-0.4841,-0.325,-40.9389,145.0458,-47.4809,0.5831
1780823784.3355148,-0.5083,-1.2637,-0.1475,-67.9313,58.542,-248.5496,1.37
1780823784.5349655,1.2517,-0.429,-0.219,-103.1374,-51.4733,-143.2366,1.3412
1780823784.7380898,1.0588,-0.1411,-0.7954,54.6336,199.0687,164.2901,1.3318
1780823784.9348571,1.1768,-0.4563,0.7168,78.2824,-35.7557,-8.771,1.4515
1780823785.1346836,0.6477,-0.3535,0.4185,-30.0,-30.7557,64.687,0.8483
1780823785.3352635,0.8313,-0.6401,-0.1116,-28.8931,3.8702,-4.4733,1.0551
1780823785.5352223,0.8506,-0.5364,-0.075,-11.0153,-10.7176,-2.5954,1.0084
0,0,0,0,0,0,0,0
0,0,0,0,0,0,0,0
1780823790.3924532,-0.1287,-0.9744,0.1792,-6.4962,1.0076,-21.0763,0.999
1780823790.5922654,-0.0828,-1.0017,-0.0295,-15.4122,24.3664,-1.7176,1.0056
1780823790.792133,-0.0022,-1.0632,-0.0718,-16.0992,37.9618,-24.9771,1.0657
1780823790.9916742,-0.1035,-0.9949,-0.1042,-14.6336,21.9084,-8.313,1.0057
1780823791.1916409,-0.019,-0.9717,-0.0857,-3.4962,16.0992,-7.1832,0.9756
1780823791.3921745,-0.01,-0.9509,-0.0723,-1.5725,25.5191,-17.4198,0.9537
1780823791.592236,0.0474,-0.917,-0.0803,0.8015,24.4198,-23.0763,0.9217
1780823791.7921352,0.1252,-0.886,-0.0222,-5.4962,37.0382,-39.0534,0.8951
1780823791.9921162,0.061,-0.7236,-0.0127,-9.1145,61.2748,-26.4046,0.7263
1780823792.1924458,0.2771,-0.5752,-0.1802,-19.458,77.4657,-53.5725,0.6634
1780823792.3941364,1.2441,-1.2,-0.3025,-18.2977,52.6183,-216.5725,1.7548
1780823792.5920765,1.0051,0.1462,0.2883,-85.458,102.4351,-84.9008,1.0558
1780823792.7925386,1.2886,0.1619,0.2407,-3.1756,110.5038,-23.3817,1.3208
1780823792.9916575,0.6821,-0.115,0.4907,27.4809,59.7405,67.5343,0.8481
1780823793.1932132,0.4224,-0.4563,0.603,-47.2824,-38.6794,26.0458,0.8662
1780823793.3917625,0.6218,-0.9233,0.1733,-85.374,-11.1145,6.374,1.1266
1780823793.592415,0.8416,-0.4729,0.4385,-9.7328,-14.4809,-12.5344,1.0602
1780823793.7927666,0.6799,-0.5625,0.3198,0.5878,-11.2672,7.0763,0.9386
0,0,0,0,0,0,0,0
0,0,0,0,0,0,0,0
1780823799.8037167,-0.0872,-0.9526,-0.0295,-12.3664,15.3359,-4.1527,0.9571
1780823800.0043397,-0.0574,-0.9673,-0.1785,-23.9237,-2.7023,-1.5191,0.9853
1780823800.2044172,-0.1646,-0.9985,-0.2537,-15.4122,-5.1985,8.7099,1.0433
1780823800.4039009,-0.0352,-0.967,-0.1731,21.8397,19.4962,-5.4275,0.983
1780823800.6042874,-0.0613,-0.9924,-0.2109,3.6718,26.4198,-8.626,1.0164
1780823800.8039198,-0.0671,-0.988,-0.1924,-3.8244,8.0076,-18.3817,1.0088
1780823801.0066962,-0.0002,-0.9744,-0.1301,8.6718,8.8244,-15.7634,0.983
1780823801.2057004,0.0737,-0.9441,-0.043,16.1985,9.1756,-24.771,0.9479
1780823801.404289,0.1138,-0.9324,-0.0571,15.4046,11.5725,-31.8473,0.941
1780823801.604393,0.1375,-0.8054,-0.0256,16.5649,12.4122,-27.8626,0.8175
1780823801.804628,0.052,-0.5464,-0.1365,9.1221,14.5191,-37.4809,0.5656
1780823802.0045068,0.1851,-1.2483,0.1306,-58.8244,-46.3664,-107.0916,1.2687
1780823802.2052696,1.9999,1.3232,1.9999,92.8015,-40.9389,62.9771,3.1226
1780823802.407338,0.9067,0.3984,0.356,-35.9847,193.0687,40.1221,1.0524
1780823802.606927,1.0352,0.1782,0.5354,-11.9008,-7.084,76.9618,1.179
1780823802.8049953,1.05,-0.1648,0.4812,6.7557,97.5725,14.7863,1.1668
1780823803.0047581,0.811,-0.5151,0.4138,1.1374,2.313,3.2824,1.0461
1780823803.2050579,0.6531,-0.4424,0.3843,-6.2519,-13.3359,0.9389,0.8774
1780823803.4048195,0.7646,-0.3662,0.4055,8.084,-25.1603,14.5191,0.9398
0,0,0,0,0,0,0,0
0,0,0,0,0,0,0,0
1780823808.7543154,-0.1719,-0.9209,-0.1331,-4.2901,12.7405,-22.8397,0.9462
1780823808.954409,-0.0168,-0.8162,0.0247,-6.542,16.5038,-17.4122,0.8167
1780823809.1544116,-0.0781,-1.281,-0.1638,15.8397,67.5038,35.0153,1.2938
1780823809.3628132,-0.071,-0.9814,-0.1802,-11.3282,18.855,-24.7481,1.0004
1780823809.556304,-0.0403,-0.9714,-0.0735,8.9084,20.4886,-11.1527,0.975
1780823809.754511,0.0374,-0.9736,-0.103,6.4885,10.8092,-20.9313,0.9798
1780823809.9546106,0.1426,-0.9822,-0.1299,-6.0763,7.4504,-41.3664,1.0009
1780823810.155552,0.2405,-0.9585,-0.1013,1.3664,11.3817,-37.2595,0.9934
1780823810.3537571,0.261,-0.7993,-0.0291,23.7557,6.3435,-26.2366,0.8413
1780823810.553769,0.1926,-0.7759,-0.0166,29.5267,36.5496,-46.3817,0.7996
1780823810.7533793,0.3337,-0.6709,0.0601,9.8702,44.8321,-88.4962,0.7517
1780823810.9563167,0.4172,0.8979,0.7629,-203.8015,-179.6183,-174.7405,1.25
1780823811.1535065,0.7385,0.2976,0.6382,250.1298,-19.1527,4.3435,1.0204
1780823811.3575473,0.6843,-0.0281,0.2097,38.3588,30.8473,-18.2672,0.7163
1780823811.5535064,0.8503,0.0444,0.5281,-18.687,-53.2366,49.2977,1.002
1780823811.7538934,1.3787,-0.0161,0.2473,-171.4657,27.0305,-7.229,1.4008
1780823811.9556255,0.6533,-0.1519,0.8718,100.0534,87.2137,4.3511,1.1
1780823812.1538396,0.7258,-0.4946,0.3115,-47.5191,-15.687,0.1298,0.932
1780823812.357182,0.7786,-0.4377,0.4387,-36.6336,9.3969,-2.0763,0.9951
1780823812.555148,0.7014,-0.4714,0.5146,0.2519,-7.6641,3.0076,0.9895
0,0,0,0,0,0,0,0
0,0,0,0,0,0,0,0
1780823817.8493767,-0.0625,-0.9529,-0.054,8.4656,-1.0611,-1.5038,0.9565
1780823818.0481656,-0.0291,-0.8877,0.0386,25.7405,-9.9924,-2.0611,0.889
1780823818.2488875,-0.0942,-0.9045,0.0818,2.1756,2.4122,3.4198,0.9131
1780823818.450447,-0.0093,-0.99,-0.0291,-6.1145,11.2901,-6.4275,0.9905
1780823818.6485317,-0.0452,-0.9824,-0.0435,-25.7786,17.229,-8.5649,0.9844
1780823818.848488,-0.0127,-0.9695,-0.1284,-28.6107,13.0076,-9.1374,0.978
1780823819.048288,-0.0198,-0.9026,-0.2185,-48.0687,11.0305,-22.5725,0.9289
1780823819.2482862,0.1462,-0.8577,-0.312,-41.2061,40.5267,-32.7939,0.9243
1780823819.448754,0.1992,-0.7632,-0.3979,-60.2901,78.3435,-32.8244,0.8835
1780823819.648083,0.0688,-0.6919,-0.4194,-51.5267,83.5115,-10.4733,0.812
1780823819.8501043,0.8101,-0.1882,-0.2388,-128.2824,74.5115,-65.7099,0.8652
1780823820.0489244,1.4268,0.166,0.6833,-8.1603,-116.4427,13.084,1.5906
1780823820.2492673,0.6853,-0.3091,-0.7017,-3.5267,151.5267,8.4733,1.0283
1780823820.448614,1.5623,-0.5244,0.0029,21.542,-5.9924,9.9237,1.6479
1780823820.6532998,0.51,-0.02,-0.6216,-88.8931,55.5267,126.0916,0.8043
1780823820.8503428,-0.7585,-1.314,0.1946,-29.3282,-21.8092,150.2672,1.5296
1780823821.0528224,0.1658,-0.9104,0.0696,-88.8626,-81.8015,32.0305,0.928
0,0,0,0,0,0,0,0
 0,0,0,0,0,0,0,0
1780823918.4572365,0.3274,-0.4292,-0.8972,11.3817,-16.3969,11.3053,1.0471
1780823918.652828,0.3359,-0.3982,-0.8574,-16.3588,4.145,-12.8779,1.0033
1780823918.8552206,0.3772,-0.3772,-0.9199,-3.4122,-2.6489,1.0153,1.0634
1780823919.05288,0.3813,-0.3872,-0.9377,0.0076,-0.4122,-0.8397,1.0838
1780823919.2627277,0.3806,-0.384,-0.9202,0.5878,-1.1069,-2.4962,1.0673
1780823919.4537773,0.3708,-0.3838,-0.8625,1.2443,-3.7405,-11.5267,1.0143
1780823919.6533911,0.4102,-0.3887,-0.9207,-4.2137,-3.9618,-0.1985,1.0802
1780823919.8532255,0.3813,-0.3997,-0.9192,1.1069,-2.7939,1.4656,1.0724
1780823920.0532362,0.374,-0.3975,-0.9114,-2.4046,-0.6718,1.9008,1.0623
1780823920.253825,0.3879,-0.3875,-0.9058,-4.4656,-2.5115,-3.5267,1.0588
1780823920.4531314,0.3811,-0.3953,-0.9263,-1.9771,-1.8168,0.1527,1.0768
1780823920.653449,0.3879,-0.3745,-0.9211,-2.458,-3.1985,-0.6565,1.0674
1780823920.8533173,0.3728,-0.4082,-0.9358,-4.2443,-2.6412,-1.9695,1.0869
1780823921.0533316,0.3862,-0.3762,-0.9243,-3.4046,-0.3893,-0.9313,1.0701
0,0,0,0,0,0,0,0
0,0,0,0,0,0,0,0
1780823931.3247993,-0.1472,-0.9753,-0.0217,-3.8092,11.3588,0.3206,0.9866
1780823931.521813,-0.0784,-0.9907,-0.0417,-11.687,21.7557,-10.6107,0.9947
1780823931.722128,-0.0842,-0.9792,-0.0574,-1.145,12.6489,-19.1527,0.9845
1780823931.9220061,-0.0244,-0.9678,-0.0654,-11.0382,21.8168,-30.9237,0.9703
1780823932.121685,0.0486,-0.8555,-0.0725,-1.1374,28.8931,-41.687,0.8599
1780823932.3215857,0.1125,-0.9314,-0.0476,8.6336,38.3206,-37.1908,0.9394
1780823932.5252938,-0.0007,-0.6106,-0.0789,29.0076,43.5954,-51.7863,0.6157
1780823932.721631,0.6033,-0.0657,0.2937,24.7405,-69.6947,-105.374,0.6742
1780823932.922578,0.8208,0.5183,-0.1125,-58.9008,-126.0992,-196.1603,0.9773
1780823933.1218948,0.6768,-0.0359,0.3264,1.9847,5.6183,-70.313,0.7522
1780823933.322706,0.8716,0.0762,-0.0273,6.0611,9.6107,76.1832,0.8753
1780823933.5217905,1.1155,-0.6135,0.1646,-25.687,-64.8168,27.771,1.2837
1780823933.772624,1.0735,-0.4529,0.1653,-75.2214,22.4351,-4.916,1.1768
1780823933.9223483,0.8782,-0.2771,0.2974,25.7405,0.1069,3.7939,0.9677
1780823934.124368,0.8738,-0.3994,0.2224,-12.6107,-9.1603,0.0534,0.9861
1780823934.322312,0.8738,-0.1946,0.2927,1.2595,0.5802,-6.7405,0.9418
0,0,0,0,0,0,0,0
0,0,0,0,0,0,0,0
1780823941.4798105,0.0574,-0.9307,-0.1052,22.0076,4.6031,11.6641,0.9383
1780823941.6795368,-0.0242,-0.949,-0.0706,28.6107,-1.0763,10.2061,0.9519
1780823941.8798141,-0.0039,-0.907,-0.0706,24.8779,3.6412,6.8779,0.9097
1780823942.0791945,0.012,-0.8491,-0.0715,30.7786,12.7023,0.2214,0.8522
1780823942.2796705,0.0083,-0.7083,-0.1042,22.8779,30.8702,-8.6031,0.7159
1780823942.4793694,0.1545,-0.5239,-0.1887,34.5954,74.9389,-18.2061,0.5779
1780823942.6792665,-0.8474,-2.0,1.824,200.4198,86.1221,-124.3893,2.8364
1780823942.879645,0.2532,-0.0132,0.5808,84.0153,20.4886,-57.0611,0.6337
1780823943.079692,-0.3384,0.2485,0.4365,14.4198,25.7099,9.2824,0.6057
1780823943.2797384,-0.396,0.3418,0.5786,-38.0,11.7252,-32.5267,0.78
1780823943.4796858,-0.4607,0.2925,0.6951,-17.7557,-15.9618,-33.313,0.8837
1780823943.679215,-0.5095,0.0591,0.7964,-90.3588,-0.0611,-53.7481,0.9473
1780823943.879829,-0.3306,-0.1001,0.7297,-67.6641,-1.6565,5.374,0.8073
1780823944.0798278,-0.3577,-0.5923,0.7932,-38.6412,-30.542,8.4733,1.0526
1780823944.2796085,-0.1321,-0.7429,0.429,-20.542,21.5802,-6.9389,0.868
1780823944.4793165,-0.3721,-0.6099,0.6489,30.4351,0.1832,29.9008,0.9651
1780823944.6795166,-0.3474,-0.5703,0.604,45.4427,-21.2672,22.3893,0.9004
1780823944.8811667,-0.4634,-0.3689,0.7812,1.1145,-7.1908,16.7557,0.9804
1780823945.0847805,-0.4246,-0.3367,0.812,-42.5802,5.3511,6.9084,0.9762
0,0,0,0,0,0,0,0
0,0,0,0,0,0,0,0
1780823972.832025,-0.2581,-0.9048,-0.24,18.5725,0.0458,25.3359,0.971
1780823973.0332775,-0.0593,-0.9299,-0.1707,4.7328,3.8321,-3.8855,0.9473
1780823973.2307851,-0.0447,-0.8938,-0.145,21.3893,0.5038,-12.4046,0.9066
1780823973.4308043,0.0103,-0.95,-0.1375,21.084,4.5115,-29.8015,0.9599
1780823973.6308777,-0.0044,-0.7837,-0.1267,21.7176,2.8244,-27.5038,0.7939
1780823973.8309162,0.0383,-0.718,-0.1038,7.855,10.2672,-52.5573,0.7265
1780823974.030019,0.491,-0.6196,-0.0029,56.6412,126.7252,-82.0534,0.7906
1780823974.230068,0.9915,-0.6672,-2.0,218.7328,-76.4504,-83.6107,2.3298
1780823974.4300961,0.3591,0.4961,0.7607,-5.4122,116.2748,-106.1221,0.9766
1780823974.631094,-0.229,0.418,0.9937,-52.9542,-23.5725,-93.2519,1.102
1780823974.8301573,-0.2444,-0.0007,0.7449,-59.5115,-22.2824,-4.542,0.7839
1780823975.0303304,0.1719,-0.293,1.0708,-27.1832,2.9466,62.4198,1.1234
1780823975.2304113,0.2991,-0.1421,0.9646,-29.2214,-41.7252,25.2748,1.0198
1780823975.4307182,0.1755,-0.3242,0.7917,-25.2137,-36.0153,24.9847,0.8734
1780823975.630806,0.4922,-0.2,0.8621,13.2366,-2.4809,25.5878,1.0126
1780823975.830611,0.4116,-0.0613,0.9509,4.2901,16.6489,-5.855,1.038
1780823976.0303354,0.1909,-0.2695,0.8877,-8.3359,15.2061,-9.1298,0.9472
0,0,0,0,0,0,0,0
0,0,0,0,0,0,0,0
1780823980.269174,0.0728,-0.957,-0.1995,-13.7176,-3.1908,-10.2748,0.9803
1780823980.4536316,0.0837,-0.9663,-0.186,4.0382,-12.5878,-9.1145,0.9876
1780823980.6533182,0.0862,-0.9697,-0.2029,3.0687,-13.3359,-1.6794,0.9945
1780823980.8530517,0.0459,-0.9924,-0.2192,12.3282,-22.9008,0.7405,1.0174
1780823981.0533113,0.0525,-0.9753,-0.1719,20.9695,-36.7023,2.7099,0.9918
1780823981.253037,0.0442,-0.9734,-0.1123,18.0229,-42.9237,0.5649,0.9808
1780823981.4565313,0.0662,-0.969,-0.0659,32.8244,-36.1145,-2.0458,0.9735
1780823981.6533995,0.0305,-0.9006,-0.0049,46.6183,-23.0763,-2.9466,0.9012
1780823981.853415,-0.0562,-0.6626,-0.0063,39.229,-54.8779,5.8702,0.665
1780823982.0534353,0.0264,-0.5098,-0.105,55.0534,-39.626,-3.0992,0.5211
1780823982.2536635,0.1831,-2.0,1.603,-33.229,45.1603,-170.9618,2.5697
1780823982.4532626,0.8274,0.9304,-0.0288,212.8092,64.8702,56.2366,1.2454
1780823982.6588242,0.3875,0.5022,0.6421,-37.6183,4.9008,-61.313,0.9026
1780823982.8534062,0.0969,0.3425,0.7158,-55.3282,-14.6107,33.2595,0.7994
1780823983.0536323,0.4492,-0.292,1.1421,-65.6641,10.3435,28.3588,1.2615
1780823983.2537463,0.2163,-0.2036,0.8792,33.9695,-14.9313,42.0153,0.928
1780823983.453632,0.5029,-0.1643,0.7698,-14.2137,8.2366,3.8702,0.9341
1780823983.6569898,0.3513,-0.2378,0.8401,51.626,34.6565,-12.9618,0.9411
0,0,0,0,0,0,0,0
0,0,0,0,0,0,0,0
1780823987.995658,0.0642,-0.937,-0.228,-13.6641,6.4198,6.7023,0.9665
1780823988.1974826,-0.0137,-0.9912,-0.2095,-6.2672,-3.5267,7.7405,1.0132
1780823988.3959353,-0.0212,-0.9822,-0.1865,-6.6641,-11.0382,17.0916,1.0
1780823988.597943,-0.0051,-0.9583,-0.2249,-13.6183,2.7634,17.8397,0.9843
1780823988.7955275,-0.0764,-0.9399,-0.2158,-8.9084,17.6031,24.9008,0.9674
1780823988.9955924,-0.1292,-0.8599,-0.1609,-12.8779,9.6565,21.5954,0.8843
1780823989.1956112,-0.1257,-0.5923,-0.1208,-9.542,-20.9237,30.4427,0.6174
1780823989.39425,0.1726,-0.3679,-0.6301,-41.5725,-33.8626,18.9924,0.7498
1780823989.5956972,-1.1638,-1.1226,-0.9429,-250.1374,-42.7786,-91.4198,1.8718
1780823989.7946393,-1.4331,0.2324,-1.8025,36.313,-130.8626,115.2519,2.3145
1780823989.9941344,-0.812,-0.1597,-0.4761,21.1527,-66.9008,8.2977,0.9547
1780823990.19424,-1.0591,0.0295,0.0125,59.0229,1.8473,22.8626,1.0596
1780823990.395236,-0.9758,-0.4946,-0.5078,-59.9389,23.0916,-37.0534,1.2061
1780823990.5945876,-0.8435,-0.155,-0.3923,-1.7481,16.5496,-4.1527,0.9431
1780823990.7945952,-0.863,-0.0986,-0.4814,6.4504,10.0992,10.855,0.9932
1780823990.9952826,-0.8569,-0.1509,-0.4194,-0.0229,3.6565,6.1985,0.9659
1780823991.1951683,-0.9063,-0.2585,-0.4614,3.2214,-10.084,12.3435,1.0493
1780823991.3950477,-0.9829,-0.26,-0.3879,-23.9924,6.084,3.0305,1.0882
0,0,0,0,0,0,0,0
0,0,0,0,0,0,0,0
1780823995.1726227,0.1428,-0.802,-0.1921,-2.5573,-1.6947,-6.8702,0.837
1780823995.3715262,0.0215,-0.9041,-0.1042,-11.7023,2.0458,17.8015,0.9103
1780823995.5715437,-0.0889,-0.9653,-0.2217,-15.0534,0.9618,14.6336,0.9944
1780823995.771841,-0.123,-0.9314,-0.2822,-12.542,-7.9771,15.2137,0.981
1780823995.9725063,-0.1414,-0.9128,-0.3086,-3.084,-16.6107,23.8168,0.9739
1780823996.171744,-0.1641,-0.8333,-0.3892,-3.4046,-15.6565,28.6107,0.9342
1780823996.4213574,-0.115,-0.6274,-0.3447,-2.0458,-15.1527,35.3435,0.7251
1780823996.5716612,-0.1946,-0.374,-0.2466,-72.3893,-34.8626,17.1221,0.4884
1780823996.7712154,-0.9165,-1.5735,-1.4731,-83.4885,-250.1374,195.7481,2.3422
1780823996.971689,-1.3804,0.2041,-0.2693,-45.855,-164.1069,162.2214,1.4211
1780823997.1719866,-1.4871,-0.1426,0.0017,-17.9389,-94.145,24.0076,1.4939
1780823997.372331,-0.8877,0.1714,0.5103,14.2061,-29.7939,-24.0458,1.0381
1780823997.5718133,-0.8928,-0.2671,0.0825,-18.1221,44.374,10.145,0.9356
1780823997.7712142,-1.052,-0.1201,-0.2,-27.9008,82.0687,-25.3817,1.0776
1780823997.9720502,-1.2961,-0.29,-0.3748,30.0,-63.626,91.7634,1.3801
1780823998.1715999,-0.9912,0.1047,-0.2439,20.1832,-35.8092,11.0382,1.0261
1780823998.371912,-0.97,-0.1716,-0.1997,17.1679,-12.542,-5.2595,1.0051
1780823998.5713859,-0.9734,-0.1404,-0.2715,-15.3359,-11.374,-21.6107,1.0202
0,0,0,0,0,0,0,0
0,0,0,0,0,0,0,0
1780824002.608433,0.116,-1.0125,-0.5356,11.7863,-6.6336,6.8702,1.1513
1780824002.807132,0.0068,-0.9233,-0.2686,-15.2824,32.7328,-6.8473,0.9616
1780824003.0077069,0.0056,-0.9587,-0.3208,-1.6794,4.1145,6.7252,1.011
1780824003.2074676,0.0417,-0.9534,-0.292,-5.0458,0.2824,2.7557,0.998
1780824003.4069772,0.0095,-0.9612,-0.2957,-7.2595,-7.1145,9.3435,1.0057
1780824003.607293,0.019,-0.9331,-0.2844,-7.0534,-0.4809,7.1298,0.9757
1780824003.8075757,-0.0432,-0.9565,-0.3315,-7.7405,-1.3435,15.7557,1.0133
1780824004.007439,-0.062,-0.9136,-0.3479,-14.6718,-2.2519,18.9084,0.9795
1780824004.2074294,-0.0623,-0.9075,-0.3506,-7.0076,-8.542,29.4962,0.9748
1780824004.40795,-0.083,-0.7715,-0.2947,-20.4046,2.9695,22.3359,0.83
1780824004.607968,-0.1831,-0.5591,-0.1895,-16.1221,-29.8473,56.5115,0.6181
1780824004.8072999,-0.3259,-0.3521,-1.2588,-10.1756,-114.1985,118.9618,1.3471
1780824005.007512,-2.0,0.6396,0.6477,-5.8244,42.3206,184.7634,2.1974
1780824005.2075236,-0.4768,0.4355,-0.2368,13.8855,-91.7176,-1.7863,0.6878
1780824005.4081004,-0.7295,0.0032,-0.0264,0.2977,5.2214,10.3893,0.73
1780824005.6081123,-0.8206,0.1414,0.1665,30.4656,17.6947,8.1298,0.8491
1780824005.8080478,-1.1079,-0.0388,-0.1265,-27.9924,86.2137,14.5191,1.1158
1780824006.0078785,-1.187,-0.2708,-0.7249,-38.4198,23.3893,-10.9542,1.4169
1780824006.2077172,-1.0725,0.1396,-0.0864,20.4809,24.4733,36.3206,1.085
1780824006.4076827,-0.9626,0.2271,-0.2036,12.9466,-18.2366,19.2595,1.0098
1780824006.6114478,-0.9636,-0.0061,-0.4033,-17.229,8.0916,13.0229,1.0446
1780824006.8075578,-1.0247,0.1431,-0.1541,-10.0611,-9.2061,1.3588,1.046
1780824007.0083342,-0.9407,0.0793,-0.2554,-4.2443,-3.2901,0.1756,0.9779
1780824007.209358,-1.0403,0.061,-0.2778,1.9771,-4.2137,5.0153,1.0785
1780824007.4084742,-0.9585,0.0989,-0.2805,12.0153,-23.2366,-2.6718,1.0036
0,0,0,0,0,0,0,0
0,0,0,0,0,0,0,0
1780824011.9251716,0.0588,-0.8435,-0.3384,7.458,-25.0153,-8.2214,0.9107
1780824012.1129384,-0.0771,-0.9707,-0.0859,9.0458,22.3893,8.9695,0.9775
1780824012.313626,0.0156,-0.9001,-0.2563,-9.6489,17.5496,-14.9924,0.9361
1780824012.513599,-0.1216,-1.05,-0.3088,19.0992,-7.6565,20.374,1.1013
1780824012.7140076,-0.0786,-0.946,-0.2498,6.9466,-13.3282,15.5725,0.9816
1780824012.9138064,-0.1323,-0.8855,-0.1904,24.5649,-7.1145,22.2366,0.9154
1780824013.1135874,-0.1814,-0.9729,-0.2327,-20.542,-7.9542,18.5191,1.0166
1780824013.3137157,-0.1245,-0.8579,-0.5237,-40.6336,7.8168,4.0534,1.0128
1780824013.513821,-0.2649,-0.927,-0.3726,-27.0992,-19.1374,-2.3969,1.0336
1780824013.7159722,-0.2034,-0.8098,-0.3792,4.0076,-22.1527,38.1985,0.917
1780824013.9135888,-0.0691,-0.6318,-0.4521,-30.7176,-6.4885,18.4733,0.78
1780824014.1127155,-0.2454,-0.4231,-0.2786,-42.6183,-24.2595,43.0763,0.5629
1780824014.312927,-1.1487,-1.2112,-0.6096,-77.0382,-250.1374,106.7939,1.7771
1780824014.5184512,-1.0781,0.9973,0.1707,-243.2366,104.8473,-120.0687,1.4786
1780824014.7140653,-1.019,0.6133,0.5366,-189.6488,48.2977,-49.7786,1.3048
1780824014.9140835,-0.8396,0.3489,0.6741,-12.2519,49.3282,-36.9313,1.1318
1780824015.113433,-0.8738,0.0662,0.2119,-41.0687,58.8015,-37.0153,0.9015
1780824015.3132777,-1.189,0.0571,0.1135,31.4351,74.2824,3.4504,1.1957
1780824015.51317,-1.165,0.0725,-0.3184,-34.9847,13.6107,-3.9771,1.2099
1780824015.714854,-0.9575,0.1365,0.1267,-1.687,1.6794,-15.1527,0.9755
1780824015.9136577,-1.0891,0.1235,-0.084,24.5649,-14.0,25.7023,1.0993
1780824016.114146,-0.9929,0.0066,-0.1538,-12.3359,-5.3511,7.1145,1.0048
1780824016.312716,-0.9934,0.0984,-0.0813,4.0992,1.1908,-5.3511,1.0016
1780824016.5138505,-1.0254,0.1624,-0.1396,2.1069,-3.7481,-0.7786,1.0475
1780824016.7144651,-1.0061,0.0767,-0.1797,-1.0382,-2.4198,-30.5725,1.0249
0,0,0,0,0,0,0,0
0,0,0,0,0,0,0,0
1780824021.3791592,-0.3555,-0.9636,-0.0581,22.1145,-12.9924,4.6641,1.0287
1780824021.5789366,-0.2065,-0.8889,-0.2607,-4.1527,9.0916,-5.6718,0.9491
1780824021.7792308,-0.3123,-0.9878,-0.3328,-16.9542,-5.8473,18.5649,1.0881
1780824021.9786484,-0.2271,-0.8762,-0.3169,-4.6718,-6.2977,6.3664,0.959
1780824022.1795301,-0.2268,-0.8718,-0.3682,-11.6489,-8.6412,2.9618,0.9732
1780824022.3788705,-0.2881,-0.8635,-0.3884,-2.2214,-10.374,6.084,0.9897
1780824022.5807707,-0.2717,-0.8416,-0.4036,-9.2519,-11.0229,18.3053,0.9721
1780824022.7782693,-0.2927,-0.8506,-0.4395,-0.2901,-5.0992,32.6947,1.0012
1780824022.9782612,-0.2092,-0.6929,-0.4341,0.0534,-0.4656,45.0458,0.844
1780824023.179851,-0.1897,-0.2954,-0.2065,-35.9924,-11.3969,38.3359,0.4073
1780824023.3803933,-1.9128,-0.8904,-0.3276,-167.1145,-235.3817,230.1832,2.1352
1780824023.578903,-0.9836,0.9119,0.8442,3.458,-140.6336,128.5114,1.5849
1780824023.780852,-0.7021,0.0342,-0.0085,-47.3511,-69.1679,-18.2824,0.703
1780824023.9787123,-0.74,0.0005,0.6799,54.9008,-24.4198,-13.8092,1.0049
1780824024.179574,-0.7874,0.0623,0.1907,3.0534,58.5038,-15.6489,0.8125
1780824024.3788054,-1.0791,-0.0002,-0.3164,-37.2748,39.9618,6.1527,1.1245
1780824024.5794673,-0.9321,0.2671,0.052,5.7863,67.4504,23.3435,0.971
1780824024.7798662,-1.0645,0.271,-0.1753,-0.2595,-21.2443,-4.3435,1.1123
1780824024.983165,-0.8767,0.1504,-0.147,-12.3588,-0.7557,4.542,0.9016
1780824025.1840422,-1.0757,0.1348,0.0593,-7.9237,0.9695,1.1985,1.0857
0,0,0,0,0,0,0,0
0,0,0,0,0,0,0,0
1780824029.242874,0.063,-0.8367,-0.0547,-3.6718,7.5191,-0.2977,0.8408
1780824029.443455,0.0591,-0.9905,-0.1812,-0.4809,16.7481,-11.4656,1.0086
1780824029.6426203,-0.0317,-0.9905,-0.262,-1.1908,-2.8473,-0.374,1.025
1780824029.842688,0.0256,-0.9221,-0.2871,-1.374,-11.1603,18.8931,0.9661
1780824030.0471156,-0.0693,-0.9526,-0.2844,-6.8397,-11.0916,12.374,0.9966
1780824030.2452896,-0.1082,-0.9109,-0.3652,-12.7099,-10.145,10.5038,0.9873
1780824030.4426746,-0.1196,-0.886,-0.3601,-9.0992,-7.1221,22.7557,0.9638
1780824030.6427865,-0.1213,-0.8127,-0.3135,-2.9084,-2.8015,27.6031,0.8795
1780824030.8428206,-0.1196,-0.6367,-0.2815,-16.4733,12.2519,41.7099,0.7064
1780824031.0434496,-0.1887,-0.3076,-0.1182,-20.6565,-32.4046,63.0382,0.3797
1780824031.243393,-1.4854,-1.0732,-0.5115,-146.0611,-250.1374,36.9695,1.9026
1780824031.4436312,-0.9119,0.3127,0.3206,-127.7023,25.0687,-33.7481,1.0159
1780824031.6432958,-1.0764,0.2114,0.447,-113.8015,4.145,7.9313,1.1846
1780824031.8432443,-0.762,0.1077,0.6274,-53.6412,55.9389,-37.4962,0.9929
1780824032.0435202,-0.7944,0.0498,0.3127,-25.2672,53.6947,14.9466,0.8552
1780824032.2433987,-0.8645,0.1729,0.0933,-0.3893,99.6031,59.7405,0.8865
1780824032.4428282,-1.0076,0.0215,-0.219,-12.1603,20.1145,-37.9084,1.0313
1780824032.643098,-1.0085,0.1584,-0.2122,1.1374,21.3282,-4.6336,1.0427
1780824032.8435462,-1.0591,0.2148,-0.1399,16.5496,-3.0534,14.6947,1.0897
1780824033.0448484,-0.9016,0.0466,-0.2021,-3.7023,1.6565,-14.5573,0.9252
1780824033.2432337,-0.9712,0.1262,-0.1196,7.2443,0.5954,-1.8168,0.9866
1780824033.4432876,-0.9026,0.1812,-0.1987,25.5191,-18.626,0.7939,0.9418
0,0,0,0,0,0,0,0
0,0,0,0,0,0,0,0
1780824037.682671,0.1074,-0.9822,-0.2004,14.1908,10.3893,18.4046,1.0082
1780824037.8811898,-0.0837,-0.9924,-0.0647,0.1603,16.5267,21.6336,0.9981
1780824038.0811205,-0.0254,-0.9866,-0.1528,-3.4504,2.5267,-2.8397,0.9987
1780824038.2814717,0.0142,-0.9736,-0.1733,-3.1908,10.5115,-9.8092,0.989
1780824038.483261,0.012,-0.967,-0.1682,-13.4122,14.1145,-5.4122,0.9816
1780824038.6901376,0.0051,-0.9614,-0.1665,-15.9466,19.8702,-2.0153,0.9758
1780824038.8823369,0.041,-0.9031,-0.2102,-17.855,22.374,-7.5344,0.9281
1780824039.081805,-0.1279,-0.9202,-0.2817,-22.9695,18.4198,1.2061,0.9708
1780824039.2814953,0.0513,-0.6831,0.0508,-15.6183,60.5267,-8.7481,0.6869
1780824039.4813051,-0.3569,-0.3547,-0.106,-5.2901,142.4733,-15.9924,0.5143
1780824039.6812372,1.8347,-2.0,1.9999,250.1298,250.1298,-250.1374,3.3713
1780824039.8814762,0.7043,-0.4985,-0.6831,-88.9847,113.1069,126.6565,1.1006
1780824040.0815036,1.5725,0.4287,-0.5181,41.7252,83.2595,-118.229,1.7103
1780824040.2815285,1.8528,-0.1343,-1.0801,-93.8397,-173.8702,-114.9008,2.1488
1780824040.4804611,0.8794,-0.1575,-0.3049,-39.4122,52.8931,-19.3359,0.944
1780824040.6816037,1.1619,-0.0515,-0.2056,73.6794,20.9695,8.4275,1.181
1780824040.8811166,0.8928,-0.2632,0.1309,39.7939,40.8168,86.8702,0.94
1780824041.0808902,0.5706,-0.7891,0.188,47.2748,-15.9084,56.9847,0.9917
1780824041.281048,0.6145,-0.7219,0.2661,21.6412,-9.2061,-23.3969,0.9847
0,0,0,0,0,0,0,0
0,0,0,0,0,0,0,0
1780824050.588775,-0.1899,-0.9666,-0.094,16.3435,12.7252,7.7176,0.9895
1780824050.776238,-0.0154,-0.9294,-0.1252,23.2977,17.7252,4.0992,0.938
1780824050.97536,-0.0959,-0.95,-0.1357,8.4504,37.7786,-3.8779,0.9644
1780824051.17594,-0.1509,-0.9551,-0.147,-7.313,30.6794,-1.8397,0.978
1780824051.3802302,-0.1731,-0.9468,-0.1875,-11.3206,19.2748,-14.145,0.9806
1780824051.5811803,-0.1052,-0.9585,-0.1909,-11.0458,33.0458,-19.9084,0.983
1780824051.7794409,-0.0493,-0.8706,-0.1565,-17.0992,63.1527,-25.0153,0.8859
1780824051.97563,-0.1716,-0.6665,-0.125,11.8626,68.7176,-30.5725,0.6995
1780824052.1760466,0.1167,-0.2214,-0.3237,-45.9924,132.8244,-90.6718,0.4092
1780824052.3766305,1.9999,1.9999,-1.4373,-118.3664,-77.1603,-250.1374,3.1726
1780824052.5762002,-0.3782,-0.4983,0.1055,61.2061,-10.0763,16.916,0.6344
1780824052.776235,-0.6594,-1.9067,-1.1125,-249.9313,101.9542,29.3053,2.304
1780824052.9757495,0.613,-0.9207,-0.8481,-81.8626,107.0,-115.0534,1.3938
1780824053.1757383,0.7214,-0.7249,0.1829,-31.4504,46.374,-31.1069,1.0389
1780824053.3766892,0.6655,-0.488,0.0845,35.7863,-21.1679,-13.2443,0.8296
1780824053.5764277,0.7561,-0.7368,-0.0134,-12.2137,-0.5115,-8.9924,1.0558
1780824053.7757847,0.7588,-0.6108,0.0928,11.2595,-12.5954,7.0458,0.9785
1780824053.9766655,0.718,-0.6492,0.1223,5.9618,-8.7023,5.4046,0.9757
0,0,0,0,0,0,0,0
0,0,0,0,0,0,0,0
1780824058.0277023,0.5474,-0.9209,-1.2129,-34.9618,-86.1069,22.5802,1.6183
1780824058.2275515,-0.0378,-0.4829,-0.7747,-1.9084,-89.9313,20.8092,0.9136
1780824058.426927,0.116,-0.7437,-0.8677,2.1069,-1.0763,-80.0153,1.1486
1780824058.6264184,-0.0105,-0.6555,-0.3223,55.6412,-119.6107,10.4275,0.7305
1780824058.8274837,-0.1265,-0.6809,-0.4299,-22.374,-76.0611,-56.9237,0.8152
1780824059.0281003,0.2312,-0.7993,-0.3394,-0.1985,-50.7252,-55.9924,0.8986
1780824059.2276003,0.2004,-0.8948,-0.3538,10.6107,-8.771,-20.229,0.9828
1780824059.4270906,0.1577,-0.9038,-0.425,5.3969,39.3206,-6.3893,1.0111
1780824059.627667,0.0923,-0.9573,-0.4448,-17.9618,48.4656,-4.9542,1.0596
1780824059.8266964,0.1589,-0.886,-0.3503,7.3511,41.0305,18.6412,0.9659
1780824060.0277212,0.1685,-0.9114,-0.377,-0.8626,32.9542,-1.7939,1.0005
1780824060.2272396,0.1748,-0.9084,-0.3074,2.6336,29.9237,-7.5038,0.9748
1780824060.426829,0.2456,-0.8408,-0.2185,4.0076,41.4885,-24.374,0.9028
1780824060.62687,0.1414,-0.7524,-0.2183,24.1374,26.771,-5.3053,0.7961
1780824060.8271794,0.072,-0.6279,-0.1467,11.5725,64.0992,16.5267,0.6489
1780824061.0294578,0.5581,-0.6931,-0.1235,185.0305,30.8473,-79.6031,0.8984
1780824061.226985,1.2104,1.9999,1.7346,-57.3206,-138.6718,-89.084,2.911
1780824061.4273067,0.4109,-0.8135,0.0544,-13.8244,123.8168,-61.2977,0.913
1780824061.6275291,0.7922,-0.2405,0.9016,91.1221,-23.3664,58.145,1.2241
1780824061.827177,0.176,-0.2527,0.7312,-22.2672,11.4122,36.0382,0.7934
1780824062.0276358,0.2915,-0.6072,0.6541,2.7023,-35.0305,45.0458,0.9388
1780824062.2277956,0.54,-0.5015,0.594,-17.8244,6.4885,-19.5954,0.9465
1780824062.4274697,0.5796,-0.3044,0.7148,2.0763,38.5954,8.5878,0.9693
0,0,0,0,0,0,0,0
0,0,0,0,0,0,0,0
1780824066.5527434,0.1858,-0.8748,-0.2039,11.3282,2.4046,-5.9542,0.9172
1780824066.7526085,0.0439,-0.9531,-0.3708,11.1374,1.9466,11.3053,1.0237
1780824066.952597,-0.0129,-0.959,-0.3975,11.458,-23.4504,8.3282,1.0382
1780824067.1601422,-0.0776,-0.9338,-0.3335,7.5725,-59.1985,1.3969,0.9946
1780824067.354162,-0.0671,-0.8774,-0.2837,2.8168,-74.3893,3.3664,0.9246
1780824067.5537276,-0.116,-1.0139,-0.3623,3.4351,-74.0992,-19.2824,1.0829
1780824067.7530866,-0.0249,-0.9812,-0.2537,7.6794,-51.6412,-28.3053,1.0138
1780824067.9530413,0.0442,-0.9365,-0.1768,17.1374,-23.7786,-24.1832,0.9541
1780824068.1528506,0.0955,-0.9075,-0.1853,16.8092,-7.3511,-20.1145,0.9311
1780824068.3535028,0.0647,-0.6648,-0.1592,24.2901,3.9695,-16.6031,0.6866
1780824068.553097,0.0828,-0.3013,-0.01,29.313,70.4733,-13.1374,0.3126
1780824068.7534692,0.47,-2.0,0.2932,24.7176,123.0763,-202.0076,2.0753
1780824068.9524982,0.8748,1.0469,0.6272,4.5802,-37.5191,-26.2595,1.5015
1780824069.1519485,0.1716,-0.0464,0.6787,23.3359,46.8244,-51.3664,0.7016
1780824069.3526254,0.1238,-0.0237,1.0215,-19.0076,-28.0916,-29.9847,1.0292
1780824069.5520995,0.2107,-0.2952,0.8958,-43.7328,19.2137,3.1221,0.9664
1780824069.752784,0.0393,-0.373,0.8098,1.3588,-44.0229,-10.771,0.8925
1780824069.9523032,0.1494,-0.4128,0.8042,-42.9695,11.6565,3.0229,0.9162
1780824070.151999,0.3374,-0.1001,1.0525,8.6031,16.771,-12.3359,1.1098
0,0,0,0,0,0,0,0
0,0,0,0,0,0,0,0
1780824074.7601304,-0.2317,-0.9678,-0.261,0.7634,-6.5038,-0.8779,1.0288
1780824074.944602,-0.2141,-0.9482,-0.252,-2.8779,-7.5038,-4.3893,1.0042
1780824075.145425,-0.1523,-0.9485,-0.2073,3.8702,-1.0763,-16.2595,0.9828
1780824075.3486454,-0.0933,-0.9492,-0.1875,8.4962,9.0,-24.0687,0.972
1780824075.546602,0.0002,-0.9155,-0.1633,21.6565,14.0,-24.5802,0.93
1780824075.7466412,0.0994,-0.9521,-0.1411,16.0229,19.7481,-30.6336,0.9677
1780824075.9504926,0.0142,-0.7012,-0.0173,18.1603,11.7481,-16.7405,0.7015
1780824076.1454184,0.1074,-0.7351,-0.0854,33.3588,26.3053,9.5725,0.7478
1780824076.3448937,0.1365,-1.3752,0.1882,122.3282,79.5649,-43.8473,1.3948
1780824076.5468023,1.6101,0.2234,0.6887,250.1298,-4.9618,-52.3893,1.7654
1780824076.745674,0.4753,0.7764,0.9436,64.0763,-42.9695,-91.3206,1.3111
1780824076.9456081,-0.0193,-0.1492,1.2148,-18.3206,25.0611,-11.4885,1.2241
1780824077.1468992,0.1101,-0.2241,0.6689,19.0687,-3.0534,27.4046,0.714
1780824077.3457332,-0.0662,-0.2043,0.8535,28.1679,-9.1832,-1.3359,0.8801
1780824077.5461638,0.0544,-0.2371,0.7668,8.2824,-42.1756,27.3206,0.8045
1780824077.7460363,0.2603,0.0037,0.835,40.5725,-8.7405,-6.5191,0.8746
1780824077.945501,0.3167,0.2671,0.9919,27.9847,-6.9847,-7.8473,1.075
1780824078.1451547,0.1985,0.0586,0.8782,-29.5954,5.8092,6.3053,0.9022
1780824078.3456879,0.2822,0.0051,0.8955,-28.5191,-2.4122,-5.2595,0.9389
0,0,0,0,0,0,0,0
0,0,0,0,0,0,0,0
1780824083.2959864,-0.0835,-1.0254,-0.115,-5.5649,-21.0229,-2.6183,1.0352
1780824083.4936635,0.0459,-0.9834,-0.1223,7.6489,6.5267,-8.4504,0.992
1780824083.693821,-0.0283,-0.9692,-0.1343,12.6031,5.4122,-4.6183,0.9789
1780824083.893798,0.0012,-0.9717,-0.113,5.2901,-11.4275,-11.9084,0.9782
1780824084.0933514,0.0715,-0.9778,-0.0491,11.5954,-2.3206,-14.3359,0.9816
1780824084.293867,0.1084,-0.9619,-0.0354,12.5115,6.8092,-26.1985,0.9686
1780824084.4933386,0.2175,-0.9136,-0.0078,12.6107,15.6718,-39.1069,0.9391
1780824084.6928878,0.2119,-0.865,0.0151,10.9771,19.5954,-46.0,0.8907
1780824084.8940315,0.124,-0.4963,0.0166,27.8931,34.4733,-44.7405,0.5119
1780824085.0940752,0.6274,-0.6382,0.1333,17.0534,39.8931,-60.2366,0.9048
1780824085.293007,1.9999,0.6089,1.5188,250.1298,-134.0763,-111.5878,2.584
1780824085.4939244,0.7922,0.0815,-0.0916,10.3511,107.7023,-94.0916,0.8017
1780824085.693147,0.8428,0.1606,0.4536,-73.4122,-25.4809,33.5954,0.9705
1780824085.8937006,0.4421,-0.0723,0.5852,-34.0534,-47.0534,6.5038,0.737
1780824086.0945172,0.8208,-0.2551,0.5081,-17.2366,-62.0916,32.6489,0.9985
1780824086.293122,0.8596,-0.304,0.2485,41.4198,-29.6718,-15.9084,0.945
1780824086.4938588,0.8928,-0.0417,0.2395,8.6031,-8.6336,-2.1756,0.9253
1780824086.6937973,0.8655,-0.1501,0.3403,-12.1832,17.9542,12.2061,0.942
1780824086.8940454,0.7561,-0.1721,0.2822,6.2061,0.7252,-25.0153,0.8252
1780824087.0979779,0.8416,-0.0723,0.3682,-3.4351,3.2519,-5.542,0.9214
1780824087.2962787,0.8611,-0.1501,0.4304,0.1603,-0.8321,0.145,0.9743
0,0,0,0,0,0,0,0
0,0,0,0,0,0,0,0
1780824091.9449582,-0.1245,-0.9617,0.0151,7.1908,-4.0,-10.7939,0.9698
1780824092.1452408,-0.0815,-0.9956,-0.1494,1.4504,-4.7099,-3.2901,1.0101
1780824092.3500075,-0.0652,-0.9827,-0.0649,-11.9847,9.4046,-8.5725,0.987
1780824092.5460017,-0.0552,-0.9583,-0.1001,-8.3664,0.4656,-11.855,0.965
1780824092.7459307,-0.0432,-0.9744,-0.1504,-13.7328,-11.0,-13.9618,0.9868
1780824092.9452808,0.0654,-0.9395,-0.1982,-28.145,-5.5649,-18.1221,0.9624
1780824093.1459136,0.1191,-0.9241,-0.2273,-14.5573,-3.7023,-5.8702,0.959
1780824093.3459964,0.074,-0.7979,-0.2654,-25.6107,39.7328,-14.7557,0.8441
1780824093.5454593,0.0151,-0.6917,-0.2905,13.0458,78.9466,-20.9237,0.7503
1780824093.745334,0.1064,-0.2241,0.05,-16.1527,4.4122,-31.7099,0.2531
1780824093.9455621,1.9999,-0.1711,-2.0,-53.6794,-148.3664,-91.9771,2.8336
1780824094.1452465,0.4153,-0.002,-0.3733,-90.5573,81.145,33.626,0.5584
1780824094.345646,1.0452,-0.3674,-0.5488,46.8244,-9.3206,31.9084,1.2364
1780824094.5453646,0.5063,-0.5862,-0.5132,22.5725,51.2595,12.0611,0.9292
1780824094.7453454,0.7634,-0.3831,-0.4578,4.4198,-11.4656,-42.9695,0.9691
1780824094.9453297,1.0017,-0.5322,-0.2466,22.2443,5.7328,-20.6794,1.1608
1780824095.1462445,0.8132,-0.447,-0.3315,10.4962,5.9542,6.5573,0.9854
1780824095.345856,0.833,-0.4827,-0.3284,6.1756,3.0076,4.6412,1.0172
0,0,0,0,0,0,0,0
0,0,0,0,0,0,0,0
1780824101.491638,-0.1262,-0.9368,-0.0491,21.2137,4.9695,6.229,0.9465
1780824101.675908,-0.0825,-0.9636,-0.1238,-13.626,8.7099,-5.0992,0.975
1780824101.8769019,-0.0217,-0.9231,-0.1978,-4.7634,2.2519,-7.7405,0.9443
1780824102.0782018,0.0068,-0.9817,-0.1995,-9.4275,0.1221,-7.4962,1.0018
1780824102.2765238,0.0369,-1.0237,-0.1829,-3.6947,3.8321,-8.0916,1.0405
1780824102.4796407,-0.0178,-0.9688,-0.1821,1.2443,5.8244,-3.5954,0.9859
1780824102.6758323,0.0376,-0.9619,-0.155,4.8244,-4.4809,-16.1832,0.9751
1780824102.876831,0.1296,-0.9839,-0.1223,16.8321,1.0,-23.5496,0.9999
1780824103.0772188,0.0784,-0.8997,0.0347,23.1603,14.4427,-21.3359,0.9037
1780824103.2780132,0.1328,-0.8416,0.0186,36.5038,12.8321,-37.5115,0.8522
1780824103.4756677,0.0647,-0.4653,0.0435,1.6183,26.3893,-7.0763,0.4718
1780824103.6756828,0.6287,-0.8555,-0.0369,55.7634,59.9313,-29.0916,1.0623
1780824103.8756716,1.8757,1.3567,1.9999,250.1298,-140.0,39.9008,3.0592
1780824104.078723,0.7505,0.3484,0.2734,65.3435,182.4962,-46.2672,0.8714
1780824104.2762907,0.2986,-0.2454,0.9138,-51.5573,-11.4198,7.8473,0.9922
1780824104.4757993,0.2466,-0.1936,0.7937,-50.2519,-34.6031,32.8321,0.8534
1780824104.6763744,0.4687,-0.2761,0.6326,-90.1527,-117.0,16.6565,0.8343
1780824104.8765278,0.8611,-0.7488,0.0652,14.0076,-66.8015,-3.8931,1.143
1780824105.0761771,0.9067,-0.6611,0.0579,44.0992,42.542,-9.0763,1.1237
1780824105.2764406,0.7927,-0.4226,0.2559,10.4885,-3.0305,-3.2443,0.9341
1780824105.4759855,0.7617,-0.5298,0.269,1.8397,-1.2901,-12.9466,0.9661
1780824105.6760256,0.7617,-0.4258,0.2817,2.9695,-11.8244,-6.8092,0.917
1780824105.8765597,0.8755,-0.3809,0.3071,3.145,2.8015,-0.5038,1.0029
0,0,0,0,0,0,0,0
0,0,0,0,0,0,0,0
1780824110.0466998,-0.2373,-0.9456,-0.0427,-16.7939,15.2443,4.1527,0.9758
1780824110.245815,-0.2405,-0.9548,-0.084,-5.8015,-4.3206,13.4809,0.9882
1780824110.4454992,-0.2078,-0.9531,-0.1826,1.8931,-1.2061,2.8015,0.9925
1780824110.645674,-0.2371,-0.9319,-0.1382,-3.7634,-1.4809,-4.4656,0.9714
1780824110.8462417,-0.1753,-0.9746,-0.1772,6.1145,1.6794,-12.9237,1.006
1780824111.0459032,-0.116,-0.988,-0.1533,3.3588,8.084,-18.6107,1.0066
1780824111.245996,-0.0862,-0.9612,-0.075,11.458,17.3053,-21.9313,0.9679
1780824111.4455688,-0.0459,-0.958,-0.1025,16.2748,5.7405,-18.8321,0.9646
1780824111.6463678,0.0107,-0.886,-0.0649,25.6412,1.7176,-31.6031,0.8884
1780824111.8462577,-0.0034,-0.7788,0.0557,44.8244,8.2519,-22.9008,0.7808
1780824112.0515852,0.0269,-0.4788,-0.0105,62.6336,39.1145,-25.1832,0.4796
1780824112.2458172,-0.6021,-0.646,1.9999,-15.1145,23.5267,-250.1374,2.1862
1780824112.446408,0.4978,0.3994,-0.9375,-199.3664,-11.1069,-217.2901,1.1341
1780824112.6465983,0.29,-0.2317,0.877,19.2672,33.855,-19.855,0.9523
1780824112.8490229,0.1882,0.0076,0.9419,-8.8092,-21.9389,-32.2672,0.9605
1780824113.0466902,0.2773,-0.2102,0.7156,-31.4275,-8.2977,22.7481,0.7957
1780824113.24625,0.3547,-0.1587,0.9187,-6.4504,-28.0305,61.6718,0.9975
1780824113.4483,0.3572,-0.4287,0.981,-48.6412,-37.2977,34.687,1.1286
1780824113.6465893,0.5083,-0.4912,0.7068,7.1603,-6.3359,-11.4427,0.9996
1780824113.84726,0.4641,-0.5217,0.6709,-14.9924,-1.0458,10.8321,0.9684
1780824114.04634,0.4443,-0.4336,0.697,-9.5649,1.9389,14.6107,0.9334
1780824114.2466624,0.4211,-0.4824,0.6785,-20.5878,-6.3664,-6.0763,0.933
0,0,0,0,0,0,0,0
0,0,0,0,0,0,0,0
1780824119.2883732,-0.022,-1.04,-0.1519,4.0153,-20.0382,2.2748,1.0513
1780824119.4904416,0.0281,-1.0044,-0.1541,4.6031,-9.0153,-5.0916,1.0165
1780824119.6879294,0.041,-0.9578,-0.1201,10.9466,-8.5573,4.7405,0.9661
1780824119.8897827,-0.0266,-0.9871,-0.1272,5.9466,-9.2901,7.2595,0.9956
1780824120.0894408,-0.0359,-0.9846,-0.0862,13.5115,-7.7939,8.3206,0.989
1780824120.2884853,-0.0496,-0.9795,-0.0486,11.1832,-5.0153,2.9695,0.9819
1780824120.4889224,-0.0698,-0.9346,-0.0427,17.7099,-8.1298,9.3053,0.9381
1780824120.6888793,-0.0334,-0.9353,-0.0176,28.7176,-6.687,15.5038,0.9361
1780824120.888854,-0.0691,-0.8586,-0.0208,52.7405,-5.4351,19.3588,0.8617
1780824121.0889702,-0.0479,-0.5691,-0.0344,57.5267,-6.6947,5.3511,0.5721
1780824121.2886658,-0.6187,-1.2864,0.6135,82.2901,-25.9847,60.1298,1.5537
1780824121.4888704,-0.4812,0.8721,1.228,171.6412,64.5267,125.4885,1.5812
1780824121.6887243,-0.1738,0.0366,0.3665,-57.5725,63.8321,-19.4351,0.4072
1780824121.8898113,-0.5776,0.4929,1.0291,43.9771,27.3893,-35.4198,1.2789
1780824122.0892005,-0.4329,-0.0002,0.7468,0.0916,10.9847,-13.8321,0.8632
1780824122.287791,-0.3792,0.3174,0.7053,-45.1603,8.145,-36.0992,0.8614
1780824122.489018,-0.4956,0.0491,1.4856,43.1145,16.5038,-49.6565,1.5669
1780824122.6890006,-0.5649,-0.0488,0.9832,50.084,31.8626,13.3817,1.135
1780824122.8885355,-0.4248,0.0852,1.0359,35.0382,4.8931,35.2595,1.1228
1780824123.0894039,-0.3691,0.2598,0.9124,49.5344,-2.7099,-5.0153,1.0179
1780824123.2884078,-0.3867,-0.1943,0.793,-29.1221,5.8397,5.3588,0.9034
1780824123.489043,-0.4084,0.1399,0.8337,2.3969,-1.4962,2.4046,0.9389
1780824123.688618,-0.4082,-0.0679,0.8416,-1.2748,1.1832,2.4427,0.9378
1780824123.8917055,-0.4302,0.0818,0.8564,-0.8321,-1.6183,-2.5649,0.9619
1780824124.0892491,-0.4692,0.0769,0.8855,-14.1298,-0.1527,-9.1221,1.0051
0,0,0,0,0,0,0,0
0,0,0,0,0,0,0,0
1780824127.4679463,0.0808,-0.9766,0.0039,-12.5802,-16.4962,-0.084,0.9799
1780824127.6652918,0.0681,-0.9558,-0.0645,11.9618,-15.1603,2.2672,0.9604
1780824127.8651922,0.1025,-1.0552,-0.0955,-3.7405,-5.8092,-3.1298,1.0644
1780824128.0655441,0.0645,-0.9731,0.0151,4.8015,-2.7328,6.4351,0.9754
1780824128.2653348,0.0215,-0.9504,0.021,21.916,-2.916,5.5878,0.9509
1780824128.4653945,0.0571,-0.9771,0.0876,22.6412,10.6641,13.2672,0.9826
1780824128.66623,-0.0127,-0.8127,0.1077,44.0153,6.3969,9.8779,0.8199
1780824128.865092,-0.1143,-0.8267,0.2048,45.3359,12.2901,9.6107,0.8593
1780824129.0646293,0.0769,-0.6675,-0.0371,11.7481,18.0458,16.0611,0.6729
1780824129.2710972,-0.5085,-0.9436,1.1155,250.1298,46.084,135.0458,1.547
1780824129.4641225,0.4243,1.2065,1.2673,-24.145,92.7786,60.5344,1.8005
1780824129.6642857,-0.9263,0.3232,0.8193,114.4962,39.687,94.5649,1.2782
1780824129.865243,-0.4495,-0.0991,0.6482,-41.4733,-31.7634,-37.8168,0.795
1780824130.0651176,-0.6624,-0.4932,1.1653,-69.9008,13.458,5.1679,1.4282
1780824130.3153665,-0.3821,-0.5369,1.0046,-31.0687,-16.9695,2.9466,1.2015
1780824130.4645,-0.1519,0.0164,0.8218,46.6947,-33.8321,-15.0305,0.8359
1780824130.6646283,-0.2607,0.0769,0.8679,100.6412,-13.6336,15.2214,0.9095
1780824130.8649776,-0.291,-0.4214,0.8184,42.4504,-8.1832,10.6794,0.9654
1780824131.0656588,-0.249,-0.0583,0.8311,12.6565,-5.4885,-12.0229,0.8695
1780824131.2666504,-0.2432,-0.1292,0.6301,2.8473,0.5725,-4.7863,0.6877
0,0,0,0,0,0,0,0
0,0,0,0,0,0,0,0
1780824135.3456922,-0.0769,-0.9907,-0.043,-7.1221,22.6718,-2.1374,0.9946
1780824135.544153,-0.0779,-0.9731,-0.0613,11.3359,7.2824,-6.4809,0.9782
1780824135.7446902,-0.0859,-1.0071,-0.0337,-0.7557,-4.1145,0.4275,1.0113
1780824135.9448485,-0.073,-0.9749,-0.0125,2.5191,-9.4122,-6.0534,0.9777
1780824136.14449,-0.0298,-0.9753,0.0068,4.374,-11.3282,-12.9008,0.9758
1780824136.3442812,0.1499,-0.928,0.0469,23.1298,-3.7786,-20.2061,0.9412
1780824136.5449376,0.1279,-0.9526,0.0813,7.9847,-1.8321,-16.3359,0.9646
1780824136.744226,0.1309,-0.8752,0.1082,11.8702,1.8397,-26.0,0.8916
1780824136.9457245,0.0825,-0.6572,0.0256,11.0611,26.2137,-27.6947,0.6629
1780824137.1473708,0.1174,-0.4773,0.0767,39.8855,52.6336,-46.6031,0.4975
1780824137.3448718,0.3845,-2.0,0.9409,-51.8779,88.5267,-84.1603,2.2435
1780824137.5444643,1.2471,0.8157,0.6411,-21.7023,-55.542,2.2977,1.6222
1780824137.744153,0.5393,-0.0769,0.8125,14.5573,11.6031,-17.6947,0.9782
1780824137.9444103,0.3882,-0.1484,0.8203,-48.1679,-56.4198,4.4809,0.9196
1780824138.1450639,0.8599,-0.4595,0.4285,30.5191,-69.9847,23.5496,1.0649
1780824138.345243,1.0361,-0.0676,0.1895,-38.8244,0.8244,-56.313,1.0555
1780824138.5453048,0.8538,-0.0259,0.552,-6.8702,-7.8092,-4.0534,1.017
1780824138.7446828,0.8235,-0.1643,0.4075,13.7405,-2.458,8.4122,0.9334
1780824138.947013,0.7971,-0.092,0.469,2.7557,12.9389,-5.4198,0.9294
1780824139.1451073,0.7893,-0.094,0.5132,-4.3588,5.7481,1.3282,0.9461
1780824139.348047,0.7776,-0.1245,0.4485,8.6412,-8.2443,9.4733,0.9062
0,0,0,0,0,0,0,0
0,0,0,0,0,0,0,0
1780824143.4327264,0.0002,-1.0029,-0.0073,-3.5267,-11.8321,-7.4351,1.003
1780824143.6305099,0.0542,-0.9385,-0.0525,-19.9389,-11.7634,-12.084,0.9415
1780824143.8307354,0.0522,-0.9929,-0.0813,-2.4962,-8.0916,-8.9618,0.9976
1780824144.0302765,0.0383,-0.9536,-0.0811,2.1374,-6.6718,-10.6031,0.9578
1780824144.2305202,0.0989,-0.9529,-0.1016,2.1679,-9.5038,-15.8473,0.9634
1780824144.4308946,0.1208,-0.9783,-0.1074,-1.9313,-0.7328,-23.9084,0.9915
1780824144.630529,0.1353,-0.8757,-0.0793,16.2519,17.7863,-38.9542,0.8897
1780824144.8313997,0.261,-0.4417,-0.1323,-13.3588,50.5344,-118.3359,0.5298
1780824145.03098,0.177,-0.3162,1.0469,217.7099,-89.9618,-9.2214,1.1078
1780824145.2309234,0.7168,0.8218,1.2561,39.5267,-10.9466,-116.771,1.6634
1780824145.433503,0.5576,-0.0283,0.2725,-151.5954,-8.6718,-60.229,0.6213
1780824145.6310935,0.4397,-0.2146,0.8054,47.8244,27.3206,9.4198,0.9424
1780824145.830718,0.4531,-0.3442,0.8564,-56.7786,9.3588,23.7023,1.0283
1780824146.0302727,1.2927,-0.0403,0.845,22.6718,2.5038,10.1908,1.5449
1780824146.230755,0.8125,-0.2568,0.2251,4.7634,-20.4275,-6.7023,0.8814
1780824146.4303772,0.8718,-0.1724,0.1799,-5.0305,-16.4275,-10.3511,0.9067
1780824146.631188,0.8494,-0.207,0.2812,1.1069,0.1069,0.3053,0.9184
1780824146.8324363,0.9087,-0.2573,0.2476,0.7939,1.5267,5.9847,0.9763
1780824147.0311968,0.875,-0.2178,0.2654,0.7557,-3.0153,2.7939,0.9399
0,0,0,0,0,0,0,0
0,0,0,0,0,0,0,0
1780824401.5115376,-0.0757,-0.9353,-0.1501,-0.5954,10.9847,2.9924,0.9503
1780824401.7065713,-0.0466,-0.9917,-0.2607,17.145,7.0763,14.5191,1.0265
1780824401.9071474,-0.0493,-0.9309,-0.2744,4.542,17.0,21.9466,0.9718
1780824402.1075242,-0.1108,-0.812,-0.2837,-19.0382,26.8168,31.4427,0.8673
1780824402.3072233,-0.1272,-0.7681,-0.2456,-9.8473,-13.9237,44.0076,0.8163
1780824402.5073798,-0.178,-0.4751,-0.2275,20.5649,-20.8092,46.3664,0.556
1780824402.7072916,-0.9795,-1.4819,-0.3464,-40.8397,-141.5267,53.2137,1.8098
1780824402.9076712,1.4717,0.3289,-0.5623,-39.4122,-134.8321,41.3435,1.6094
1780824403.1074693,-1.8235,0.49,1.9999,-152.5114,97.2901,-102.8092,2.7504
1780824403.307651,-0.1938,-0.3381,0.2996,-6.3664,-14.9771,-8.0458,0.4916
1780824403.506934,-0.6328,-0.4465,0.5808,-6.9618,14.7328,19.2748,0.9681
1780824403.7081444,-0.696,-0.1228,0.5898,6.5649,-10.0305,14.0611,0.9206
1780824403.9067445,-0.6272,-0.2153,0.6125,-22.7557,-4.1908,8.9389,0.9028
1780824404.1074715,-0.5168,-0.2732,0.771,2.7023,-4.8168,1.5496,0.9676
1780824404.3069324,-0.6235,-0.199,0.7063,0.3282,-1.5344,-4.4046,0.9629
1780824404.506927,-0.6299,-0.1614,0.676,-1.7023,-0.8855,0.7176,0.938
0,0,0,0,0,0,0,0
0,0,0,0,0,0,0,0
1780824408.2370255,-0.0376,-0.9441,-0.3167,0.4885,-11.8321,0.6183,0.9965
1780824408.4338932,-0.0391,-0.9473,-0.2534,2.5115,1.3969,7.5802,0.9814
1780824408.633713,-0.0608,-0.9421,-0.2722,-1.3664,-3.7023,10.2443,0.9826
1780824408.8340306,-0.0859,-0.9294,-0.2842,-4.8092,-1.3435,15.8855,0.9757
1780824409.0340388,-0.0972,-0.8054,-0.2734,-5.2061,-13.2595,22.7252,0.8561
1780824409.2340143,-0.1077,-0.7051,-0.2913,-9.6641,-28.3511,25.771,0.7704
1780824409.4332511,-0.0347,-0.5723,-0.3147,-16.2977,-76.7023,24.8855,0.654
1780824409.634017,-1.4592,-0.9602,0.416,250.1298,-126.1374,85.2901,1.7957
1780824409.8346326,0.5637,0.8298,0.6848,55.3359,-24.9542,72.7481,1.2147
1780824410.033802,0.219,0.5032,0.7354,-28.9847,26.458,-101.1145,0.9175
1780824410.2336924,-0.3826,-0.3091,0.708,23.4046,36.4122,79.8779,0.8621
1780824410.4382627,-0.3645,-0.3091,0.8181,41.8473,10.3511,12.5802,0.9475
1780824410.6365821,-0.3928,-0.012,0.6501,-8.7405,-52.7481,-40.2214,0.7597
1780824410.8356287,-0.3696,-0.1294,0.7615,2.1221,15.7863,19.0229,0.8563
1780824411.0341625,-0.2251,-0.2095,0.998,-0.2824,-18.7634,-10.6794,1.0443
1780824411.2353406,-0.4338,-0.2395,0.8313,-1.8702,5.4809,1.2595,0.9678
0,0,0,0,0,0,0,0
0,0,0,0,0,0,0,0
1780824415.8248944,-0.1196,-0.9312,-0.3372,0.0611,-2.6031,3.1832,0.9975
1780824416.0254498,-0.0728,-0.9763,-0.355,6.687,-3.4504,3.3359,1.0414
1780824416.2259738,-0.0891,-0.9441,-0.3545,-5.458,1.9924,4.6947,1.0124
1780824416.4248984,-0.0728,-0.8906,-0.3809,-2.4351,1.0992,12.8779,0.9714
1780824416.6237113,-0.0652,-0.7256,-0.3457,-4.9695,-4.3206,22.5191,0.8064
1780824416.8261995,-0.0693,-0.7495,-0.4395,-12.5344,-27.6565,9.374,0.8716
1780824417.024707,-0.0261,-0.5779,-0.3594,-27.1527,-55.229,42.2519,0.681
1780824417.225131,-0.5405,-0.8833,-1.447,-50.5191,-250.1374,-10.1985,1.7794
1780824417.4250963,1.1729,0.488,0.3643,119.4427,-199.2977,100.5878,1.3215
1780824417.6250167,-0.9011,0.3447,1.0088,-200.2443,17.4656,-89.6183,1.3959
1780824417.8238392,-0.6641,-0.2219,0.9541,27.9313,-2.2214,-25.5573,1.1834
1780824418.0251112,-0.6494,-0.0256,1.0029,52.9237,2.9313,29.6565,1.1951
1780824418.2248583,-0.5659,-0.1313,0.4646,-13.8092,-32.313,-1.3893,0.7439
1780824418.426654,-0.551,-0.1824,0.6704,-3.7863,-1.5038,23.2137,0.8868
1780824418.6249323,-0.3772,-0.1711,0.8838,1.3664,-4.3359,2.8244,0.976
0,0,0,0,0,0,0,0
0,0,0,0,0,0,0,0
1780824423.673285,-0.0122,-0.9307,-0.2273,-4.8397,12.3664,-5.4351,0.9581
1780824423.872061,0.0168,-0.9851,-0.3088,0.6107,12.8015,-0.7939,1.0325
1780824424.0722914,-0.0137,-0.9346,-0.2883,4.5115,34.3664,3.5191,0.9781
1780824424.2730412,0.0232,-0.8938,-0.3306,8.2061,42.1679,-0.9237,0.9533
1780824424.4719925,-0.0344,-0.6848,-0.3213,-9.7252,28.7557,-5.4962,0.7572
1780824424.6744719,-0.1289,-0.7705,-0.2419,7.5954,28.7252,-5.3511,0.8178
1780824424.8728938,-0.0288,-0.8794,-0.3218,-17.5954,58.9542,-37.5038,0.9369
1780824425.0729728,1.4895,-1.1008,-1.1206,78.1145,42.8092,-159.8168,2.1648
1780824425.271886,-0.4924,-0.3706,0.6311,176.6641,-20.1069,6.0534,0.8821
1780824425.4727411,0.0669,0.0205,0.8408,189.4504,129.6412,5.8092,0.8437
1780824425.6728215,-0.2676,-0.2837,1.0059,-9.0534,-11.8092,-2.2366,1.0788
1780824425.8718266,-0.3723,-0.2861,0.8496,27.8855,42.0153,42.8092,0.9707
1780824426.0729318,-0.1838,-0.2632,0.9336,9.7023,-11.4962,-20.6489,0.9872
1780824426.2719464,-0.2395,-0.28,0.8857,-1.5496,3.7786,-5.3511,0.9593
1780824426.471915,-0.3389,-0.2512,0.8503,-0.0916,-2.9084,-3.3664,0.9492
1780824426.6730244,-0.2488,-0.2456,0.8655,-4.7405,-0.4733,1.1145,0.9334
0,0,0,0,0,0,0,0
0,0,0,0,0,0,0,0
1780824430.8023899,0.0708,-1.0125,-0.2371,2.5344,-11.313,0.9542,1.0422
1780824431.001397,0.0608,-0.9641,-0.2087,1.145,-0.9008,9.0458,0.9883
1780824431.2015615,0.0527,-0.9734,-0.1975,3.3893,12.5954,11.9924,0.9946
1780824431.4006631,-0.0066,-0.927,-0.2168,-11.0992,3.0229,20.4198,0.952
1780824431.601034,0.0149,-0.679,-0.2339,-9.7405,-7.4962,40.916,0.7183
1780824431.80132,-0.0898,-0.6584,-0.1836,-10.229,-37.5115,34.0687,0.6894
1780824432.0011804,-0.2417,-0.8066,-0.0605,13.6641,-67.1298,77.4733,0.8442
1780824432.2014163,-2.0,-2.0,1.2764,250.1298,-240.6336,250.1298,3.1031
1780824432.401713,-0.001,0.376,0.3899,-51.8168,-184.542,38.4351,0.5416
1780824432.6018355,0.0862,0.4041,1.1008,-34.3282,-33.2672,1.6718,1.1758
1780824432.8006868,-0.3594,-0.2026,1.0723,18.3817,-21.9466,-44.6718,1.1489
1780824433.002962,-0.4749,-0.021,0.9158,-10.7481,42.0763,-25.5954,1.0318
1780824433.2014427,-1.1145,-0.2207,0.6897,-11.4351,52.3435,27.0229,1.3291
1780824433.400943,-0.5483,0.0774,0.7114,9.9389,1.6031,0.0382,0.9016
1780824433.6009674,-0.6113,0.0154,0.8535,-6.1832,3.916,11.1298,1.05
1780824433.8020248,-0.5088,-0.0627,0.8411,2.6641,-4.687,-1.8473,0.985
1780824434.0014906,-0.5361,-0.0288,0.8086,-8.6794,3.9924,0.0458,0.9706
0,0,0,0,0,0,0,0
0,0,0,0,0,0,0,0
1780824438.9963822,-0.0693,-0.9644,-0.1843,2.1527,-2.0153,0.855,0.9843
1780824439.1918364,-0.0305,-1.0142,-0.2515,3.5191,-2.4351,5.7328,1.0453
1780824439.3943782,-0.0225,-0.9648,-0.2317,-0.4427,-2.6794,5.6489,0.9925
1780824439.5932465,-0.0122,-0.9207,-0.2373,6.3969,-8.3359,29.2977,0.9508
1780824439.792063,-0.1052,-0.8062,-0.2292,-6.626,-22.4886,25.3053,0.8447
1780824439.991763,-0.0225,-0.6245,-0.1746,2.9389,-57.1679,40.4275,0.6488
1780824440.1920648,-0.3171,-0.6235,-0.1519,56.7481,-122.7023,83.4351,0.7158
1780824440.392673,-2.0,-0.5518,0.0693,-235.2672,-24.8931,208.7481,2.0759
1780824440.594615,-0.4233,-0.0139,0.6479,60.916,-96.3893,95.8168,0.7741
1780824440.7920501,0.1023,-0.0464,1.1001,-15.5191,-23.8244,83.1145,1.1058
1780824440.992408,-0.1912,-0.0649,0.7664,24.1069,12.7557,-47.8168,0.7925
1780824441.1927109,-0.8223,0.1101,0.8938,36.9618,56.8779,3.5191,1.2195
1780824441.3922632,-0.9087,-0.1648,0.772,-24.1985,22.1679,19.0611,1.2037
1780824441.5923367,-0.5012,0.0703,0.8242,-27.4962,-51.9237,-8.1374,0.9672
1780824441.7923574,-0.2356,0.0144,0.928,12.084,-0.145,-3.542,0.9575
1780824441.9928744,-0.5889,-0.092,0.802,-3.6107,8.9466,0.4809,0.9992
1780824442.193624,-0.5503,-0.0122,0.8022,-0.2366,-0.5267,-1.3282,0.9729
0,0,0,0,0,0,0,0
0,0,0,0,0,0,0,0
1780824446.527961,-0.0178,-0.9368,-0.1755,-1.4427,1.8168,4.2366,0.9532
1780824446.7272549,-0.0195,-0.9922,-0.2251,1.0305,7.5496,8.4046,1.0176
1780824446.9273171,-0.0405,-0.9646,-0.2341,2.2519,6.5954,8.8244,0.9934
1780824447.1280148,-0.071,-0.9673,-0.2466,-5.5954,22.5114,18.3282,1.0007
1780824447.3275404,-0.1318,-0.78,-0.2454,14.8397,10.542,32.7557,0.8283
1780824447.5279987,-0.156,-0.6343,-0.2942,14.4275,-38.2977,26.8168,0.7164
1780824447.728164,-0.0632,-0.5225,-0.1438,22.7328,-32.9847,22.0992,0.5456
1780824447.927987,-0.7981,-1.177,-0.4175,-32.542,-134.0,81.2366,1.4821
1780824448.1275227,0.6118,0.0964,-0.53,-74.4504,-140.4198,-53.1756,0.8152
1780824448.3281403,-1.0369,0.6394,1.0894,-70.0229,104.6641,-27.1679,1.6342
1780824448.5262277,-0.4385,-0.6504,1.3977,13.6718,25.1985,5.7557,1.6028
1780824448.7275536,-0.0671,-0.1387,0.5403,66.5038,56.5954,37.542,0.5618
1780824448.9274774,-0.8171,-0.3018,0.6997,-10.5802,0.7023,16.9313,1.1173
1780824449.1283247,-0.4224,0.0234,0.8191,-12.0382,-30.4351,-5.5191,0.9219
1780824449.3274832,-0.2332,-0.0439,0.917,7.1069,-6.1985,-6.7328,0.9472
1780824449.527499,-0.5061,-0.1606,0.8032,-3.5954,7.5573,1.9008,0.9629
1780824449.7268531,-0.4343,-0.0867,0.9229,1.1374,0.0076,-1.7481,1.0236
0,0,0,0,0,0,0,0
0,0,0,0,0,0,0,0
1780824455.1739683,0.0168,-0.9919,-0.189,-0.3511,9.0305,-4.8397,1.0099
1780824455.3685555,0.022,-0.9409,-0.2175,13.5267,22.6031,-3.5573,0.966
1780824455.568221,0.042,-0.8181,-0.2576,3.9313,39.1603,-6.3664,0.8587
1780824455.7684655,-0.0645,-0.731,-0.2124,-11.9618,37.8168,-5.9237,0.7639
1780824455.9686646,0.0068,-0.5596,-0.2456,-18.9695,1.0382,-44.3053,0.6111
1780824456.1687074,0.8181,-1.1279,0.0083,-10.0382,-78.0229,75.7939,1.3934
1780824456.3687377,-0.5166,-0.2559,-0.0396,55.5038,231.3282,-98.855,0.5778
1780824456.568153,0.6428,-0.5632,1.5996,41.9313,195.8397,7.7099,1.8136
1780824456.7689497,0.1931,0.8765,0.9558,53.0,20.6641,20.2595,1.3111
1780824456.968991,-0.176,-0.4246,0.9595,33.229,10.1298,-0.7176,1.0639
1780824457.1688924,-0.2585,-0.4329,0.9639,12.4198,19.0763,8.0916,1.0878
1780824457.3688521,-0.1216,-0.2458,0.9058,-6.0382,-0.0305,-17.229,0.9464
1780824457.5688198,-0.2478,-0.1875,0.8574,-3.229,-3.3664,2.5802,0.912
1780824457.7684608,-0.1672,-0.1938,0.8757,0.3588,-5.626,-2.5191,0.9124
0,0,0,0,0,0,0,0
0,0,0,0,0,0,0,0
1780824470.8211439,0.0867,-0.9011,-0.2769,3.7863,10.9695,-0.6107,0.9467
1780824471.0208817,0.1294,-0.9102,-0.3198,-5.9389,-3.4885,10.3511,0.9734
1780824471.2251468,-0.0588,-0.6831,-0.335,-37.1527,-10.771,50.8626,0.7631
1780824471.4213653,-0.0137,-0.7949,-0.1812,-3.6107,-55.2061,16.5878,0.8154
1780824471.6208432,0.2673,-0.8948,-0.4287,49.9847,-28.0534,27.1145,1.0276
1780824471.8214774,-2.0,-2.0,-0.4197,246.4046,-232.6794,73.4809,2.8594
1780824472.0220213,0.4194,0.3584,0.5754,68.2901,-250.1374,-12.1679,0.7972
1780824472.2215722,-0.8411,0.4788,1.9999,143.313,73.687,-77.6718,2.2218
1780824472.4212315,-0.2654,-0.0671,0.541,-4.4122,179.6183,4.626,0.6063
1780824472.6220932,-0.3948,-0.0349,1.0554,20.7405,62.916,-9.5649,1.1274
1780824472.821371,-0.8945,-0.3765,0.7627,-13.0153,-0.3511,2.916,1.2343
1780824473.0257657,-0.4897,-0.1064,0.7446,-11.1908,-21.8321,9.7863,0.8976
1780824473.2233422,-0.4653,-0.1301,0.8557,-6.1298,4.229,-5.2061,0.9827
1780824473.422746,-0.5237,-0.1548,0.8298,-0.0458,10.5878,0.7863,0.9934
1780824473.6222043,-0.4871,-0.1553,0.7974,-1.6565,-0.2137,2.0611,0.9472
1780824473.82446,-0.4075,-0.1216,0.8132,0.9695,-0.0534,-3.8855,0.9177
0,0,0,0,0,0,0,0
0,0,0,0,0,0,0,0
1780824478.2597427,0.0303,-0.9617,-0.2058,0.313,2.7786,1.3282,0.9839
1780824478.449561,0.0278,-0.9917,-0.2847,6.0611,6.8779,7.1145,1.0321
1780824478.647944,0.0508,-0.9507,-0.3188,-1.9542,17.6565,5.8015,1.004
1780824478.849175,-0.0317,-0.8301,-0.3054,-1.8779,14.3893,26.7405,0.8851
1780824479.0566268,-0.0894,-0.6589,-0.1355,-25.2595,-1.5573,33.6336,0.6786
1780824479.2491934,-0.05,-0.7495,-0.311,25.0534,-43.4809,40.9237,0.813
1780824479.4492526,-0.1155,-0.6255,-0.3035,39.084,-41.5115,99.8702,0.7047
1780824479.6532626,-1.0527,-0.5835,-0.4531,22.6489,-250.1374,100.0,1.2861
1780824479.8496964,-0.3044,-0.2698,0.9634,-230.6488,-43.542,-75.542,1.0457
1780824480.0492783,-0.2595,-0.6162,0.9773,-68.542,-27.1679,-7.8397,1.1841
1780824480.2491846,-0.3389,-0.3057,0.7612,13.8168,-20.9618,-56.4198,0.8875
1780824480.4484887,-0.5317,0.0229,0.73,19.1832,-31.3206,-71.5191,0.9034
1780824480.6496763,-0.4968,-0.3281,0.8142,-14.1985,-0.4275,-1.3206,1.0087
1780824480.8498363,-0.1921,-0.1387,0.8079,4.9313,-37.1374,-6.4351,0.8419
1780824481.049245,-0.4373,-0.1741,0.8845,3.458,-1.5038,5.4046,1.0019
1780824481.249429,-0.3862,-0.2998,0.8711,-4.9389,2.7481,-1.2061,0.9989
0,0,0,0,0,0,0,0
0,0,0,0,0,0,0,0
1780824487.8678262,0.0269,-0.9717,-0.3616,3.542,-3.9847,-3.6641,1.0371
1780824488.0666606,0.0381,-0.9814,-0.4614,3.855,10.374,19.3206,1.0852
1780824488.266794,0.0066,-0.9333,-0.4209,24.8931,0.6031,39.5878,1.0239
1780824488.4697878,-0.0994,-0.6907,-0.3296,-5.8779,-9.313,28.2901,0.7717
1780824488.668053,-0.0356,-0.6956,-0.3435,-6.0916,-37.7405,20.0305,0.7766
1780824488.8668034,-0.1138,-0.5686,-0.2402,13.0382,-47.5573,53.4733,0.6277
1780824489.0667658,-1.4561,-1.9678,1.9999,250.1298,-250.1374,250.1298,3.161
1780824489.266852,0.3389,0.7297,0.7175,-60.4962,-151.8473,205.6718,1.0781
1780824489.4694576,-0.3115,-0.0327,0.9622,-52.145,-2.374,11.687,1.0119
1780824489.668163,-0.8613,-0.4404,1.1365,76.4733,-64.6794,-17.0305,1.4925
1780824489.8671327,-0.3943,0.1912,0.7805,-3.2061,-22.5267,8.542,0.8951
1780824490.0670946,-0.5674,-0.0002,0.8298,-25.7939,28.542,-17.5038,1.0053
1780824490.2670157,-0.4346,-0.0547,0.782,4.8779,-21.7405,-15.2137,0.8963
1780824490.4673972,-0.2708,-0.0847,0.7986,-2.5573,-3.2748,-9.0534,0.8475
1780824490.6668642,-0.4199,-0.1216,0.8198,-0.3435,0.6183,0.5496,0.9291
1780824490.8669672,-0.4587,-0.1016,0.8379,7.3893,-2.5954,0.084,0.9606
0,0,0,0,0,0,0,0
0,0,0,0,0,0,0,0
1780824496.9682398,0.012,-0.9812,-0.2007,-4.6718,7.5115,0.2443,1.0016
1780824497.16919,0.0444,-1.0103,-0.2107,-2.0916,5.084,1.0305,1.0329
1780824497.368868,0.042,-0.9729,-0.1897,-7.1374,7.6031,-5.5725,0.9921
1780824497.5689716,-0.0107,-0.7471,-0.1699,-6.5954,-6.3817,27.0992,0.7662
1780824497.7689726,0.0471,-0.7205,-0.2964,-0.5267,-45.7557,18.4122,0.7805
1780824497.9689429,0.1069,-0.6609,-0.1865,20.5573,-66.1603,30.4046,0.695
1780824498.1690786,-0.8787,-1.1047,-0.9746,-67.4122,-96.0458,13.1756,1.7153
1780824498.369483,0.5566,-0.2703,-0.8091,36.8244,-240.1527,13.6718,1.0186
1780824498.5690691,-0.6323,0.9634,1.9999,122.3664,-51.6412,-85.0534,2.3082
1780824498.7690377,-0.0208,-0.0742,0.7039,34.0076,38.374,32.5954,0.7081
1780824498.969512,-0.4409,-0.0742,1.0562,55.1069,16.5344,-47.1679,1.1469
1780824499.1692407,-0.5454,-0.3469,0.9646,16.229,-33.0305,82.9389,1.1612
1780824499.3691874,-0.4465,-0.2905,0.8408,19.9466,-3.3511,15.4733,0.9954
1780824499.569497,-0.3567,-0.1453,0.9407,-29.9771,25.3282,-7.2443,1.0165
1780824499.7695966,-0.3374,-0.1379,0.865,22.0382,-9.5954,-18.4351,0.9387
1780824499.9692593,-0.4658,-0.1907,0.7668,-15.8015,-5.6031,13.0458,0.9173
1780824500.1696973,-0.3848,-0.127,0.8552,5.3969,-4.1145,-5.2748,0.9463
1780824500.3715858,-0.3674,-0.1536,0.8582,-6.3893,0.0992,2.6565,0.9461
0,0,0,0,0,0,0,0
0,0,0,0,0,0,0,0
1780824506.2910087,0.0239,-0.9819,-0.238,5.7328,-1.1069,-1.7099,1.0107
1780824506.494209,0.0671,-0.9915,-0.3821,-2.0458,2.4198,9.6641,1.0646
1780824506.691495,0.0918,-0.9333,-0.2751,-6.2672,6.313,3.2366,0.9774
1780824506.8916044,0.0977,-0.8865,-0.3232,-10.0534,6.8473,20.8855,0.9486
1780824507.091512,-0.0527,-0.6746,-0.22,-11.4504,-13.4962,17.1756,0.7115
1780824507.2895803,-0.0039,-0.7776,-0.363,-19.542,-49.0534,18.8168,0.8582
1780824507.4935632,-0.0515,-0.7454,-0.5789,8.3359,-81.7023,64.8092,0.9451
1780824507.690628,-0.9858,-1.1377,-0.801,164.0916,-250.1374,195.3664,1.7052
1780824507.891254,-0.8252,0.4944,0.5835,-10.9771,-55.9389,58.6412,1.1251
1780824508.091741,-0.271,-0.3486,0.6448,-53.8244,45.5267,-18.9008,0.7815
1780824508.2900426,-0.4663,-0.0342,0.8462,19.8168,36.4962,-57.771,0.9668
1780824508.4919863,-0.4739,-0.144,0.689,25.5725,-23.313,-15.7557,0.8485
1780824508.6939101,-0.561,-0.2664,0.8076,-29.8244,16.3282,25.3969,1.0188
1780824508.890142,-0.5078,-0.0366,0.8533,-13.5649,2.8397,-14.2443,0.9936
1780824509.0901592,-0.5918,-0.1702,0.6768,2.5344,-0.5954,-2.0992,0.915
1780824509.2909985,-0.5225,-0.1201,0.7983,-1.3969,-5.7786,-4.5115,0.9616
1780824509.490248,-0.5342,-0.2092,0.7466,-11.0,5.9313,-6.1832,0.9415
0,0,0,0,0,0,0,0
0,0,0,0,0,0,0,0
1780824514.257119,0.0576,-0.9519,-0.2371,2.2672,1.8397,0.0534,0.9827
1780824514.4575622,0.0627,-0.978,-0.3406,-2.5802,4.0916,2.9618,1.0375
1780824514.6559484,0.0718,-0.9536,-0.3315,-1.374,8.0916,5.2672,1.0122
1780824514.8562567,0.0728,-0.917,-0.2805,1.7481,11.3664,12.1908,0.9617
1780824515.056104,0.0811,-0.8193,-0.2979,-2.5115,15.7176,21.9313,0.8756
1780824515.25782,0.0042,-0.7214,-0.3074,-3.4046,2.6489,37.0534,0.7842
1780824515.4581249,0.0024,-0.5383,-0.261,-10.626,-32.1832,37.2061,0.5983
1780824515.656241,-0.6672,-0.7007,-0.1736,44.229,-40.6641,157.5114,0.983
1780824515.857797,0.7583,-0.9116,-0.8542,250.1298,-250.1374,49.2595,1.4614
1780824516.0566158,-0.3665,0.843,1.9999,196.5343,75.6031,33.8168,2.2011
1780824516.257866,-0.2766,-0.3176,0.511,-50.7939,48.2901,24.3511,0.6622
1780824516.4563766,-0.5591,-0.248,0.8787,64.8702,40.4504,-49.7252,1.0706
1780824516.6563451,-0.3923,-0.1506,0.7915,45.9695,-22.4733,-56.0534,0.8962
1780824516.8645916,-0.3557,-0.3828,0.7739,23.4198,14.3588,-10.5649,0.9338
1780824517.0571895,-0.54,-0.1272,0.8,-8.1298,8.2672,3.1908,0.9736
1780824517.2573187,-0.3975,-0.1289,0.7896,8.5191,-10.0534,-9.313,0.8933
1780824517.4580598,-0.4517,-0.2212,0.729,1.6107,-3.9084,1.9313,0.8856
1780824517.6567428,-0.4897,-0.1934,0.8447,-2.9771,2.0916,4.4962,0.9954
0,0,0,0,0,0,0,0
0,0,0,0,0,0,0,0
1780824524.0807872,0.0159,-0.9509,-0.3271,-1.8702,-0.4351,-1.2748,1.0058
1780824524.2802389,0.0647,-0.9648,-0.3689,-6.6565,3.0076,5.6794,1.035
1780824524.48058,0.0425,-0.9629,-0.3782,2.1527,7.3893,11.7786,1.0354
1780824524.683087,0.0437,-0.8262,-0.3557,2.0611,11.6718,31.084,0.9006
1780824524.8806534,-0.1316,-0.636,-0.1919,-6.3511,-1.1145,31.3206,0.6772
1780824525.080511,-0.0435,-0.8394,-0.4185,-4.2595,-31.8702,45.9695,0.9389
1780824525.2803552,-0.3953,-0.4648,-0.552,-29.7863,-67.3817,86.9313,0.8228
1780824525.4807348,-0.4687,-2.0,-1.9229,96.9389,-250.1374,-24.687,2.8137
1780824525.6805518,-1.3074,1.1931,0.7756,149.8702,55.8702,-87.0076,1.9324
1780824525.881137,-0.1001,-0.0459,0.7371,-34.9008,61.9313,-16.6183,0.7452
1780824526.080831,-0.2019,-0.2305,0.9097,13.8855,29.8779,-54.7328,0.9599
1780824526.2807388,-0.3235,-0.2544,0.8611,3.2443,-35.0992,49.0992,0.9544
1780824526.4840362,-0.3389,-0.2327,0.7883,-6.5038,24.458,10.9008,0.8891
1780824526.6812415,-0.3899,-0.031,0.9907,-5.9771,5.4427,-8.8931,1.0651
1780824526.8810925,-0.3635,-0.0996,0.8098,5.1603,-5.771,-3.0382,0.8932
1780824527.080571,-0.3672,-0.1355,0.7937,-5.2824,3.3588,-3.4198,0.885
0,0,0,0,0,0,0,0
0,0,0,0,0,0,0,0
1780824531.839979,-0.0229,-0.9353,-0.2305,6.0076,-5.084,0.8626,0.9636
1780824532.040638,-0.0239,-1.0054,-0.3433,-0.9847,8.2519,6.8702,1.0626
1780824532.2423077,-0.0413,-0.9531,-0.301,4.7786,17.0382,15.6183,1.0004
1780824532.4402792,-0.0747,-0.8811,-0.2385,16.458,25.0076,29.3664,0.9159
1780824532.6401489,-0.1729,-0.8528,-0.3057,5.6412,8.8397,42.2977,0.9223
1780824532.8404882,-0.1548,-0.832,-0.22,33.5038,-37.7863,35.7099,0.8744
1780824533.040895,0.0217,-0.5117,-0.1643,11.4885,-39.1832,53.7023,0.5379
1780824533.2419584,-1.0088,-1.0186,-0.1724,-105.3206,-215.3512,-66.0,1.4439
0,0,0,0,0,0,0,0
0,0,0,0,0,0,0,0
1780824535.2749717,-0.6086,-0.2554,0.7959,1.374,-7.771,-6.9389,1.034
1780824535.4767158,-0.479,-0.0208,1.0762,31.0916,1.9924,51.2443,1.1781
1780824535.6740532,-0.2517,-0.2268,0.6384,-32.4656,-7.0611,-48.1069,0.7228
1780824535.874211,-0.3477,-0.0645,0.2183,-86.0763,75.9313,-33.9466,0.4155
1780824536.0743992,-0.4226,-0.8018,0.4565,-9.374,40.7176,-93.8168,1.0148
1780824536.2730663,-0.7266,-0.8955,-0.0396,-68.4427,132.8015,-32.1527,1.1539
1780824536.474157,-0.6306,-0.9734,-0.2126,-65.9847,31.6794,-45.4504,1.1791
1780824536.6740103,-0.6326,-1.2014,-0.3257,-15.6412,6.8702,-55.1832,1.3963
1780824536.873873,-0.3799,-1.0215,-0.092,47.2366,9.7481,-22.7176,1.0937
1780824537.0736768,-0.0876,-0.6614,-0.2783,6.1756,-10.1298,-44.7481,0.7229
1780824537.2732651,0.2563,-1.1101,-0.7048,11.5344,-33.4885,-52.0763,1.3397
1780824537.4742486,0.0449,-1.1184,-0.3479,16.5038,-1.9924,-92.5115,1.1721
1780824537.6733778,0.251,-0.958,0.0532,-102.5115,19.7863,-65.9695,0.9918
1780824537.8738835,0.8523,-0.7478,-0.6006,-88.458,-14.687,-55.6489,1.2831
1780824538.0742192,0.6062,-1.0408,-1.3525,-113.2672,-20.626,-23.2061,1.8111
1780824538.2730522,0.0642,-1.2056,-0.5569,-52.8244,29.1908,-42.9466,1.3295
1780824538.4742575,-0.0054,-0.375,-0.3064,25.8397,-90.3664,-6.3969,0.4843
1780824538.673271,0.2515,-0.8384,-0.4133,171.0992,-45.8015,2.5267,0.968
1780824538.8739414,0.0618,-0.8147,-0.3857,30.2672,-50.1832,-24.9389,0.9035
1780824539.0742323,0.0894,-0.9495,-0.2649,27.9008,-27.458,-5.9771,0.9898
1780824539.2741685,0.0518,-0.9678,-0.2974,-3.374,20.916,5.1221,1.0138
1780824539.4774928,0.053,-0.9683,-0.2336,3.2748,14.0458,3.4275,0.9975
1780824539.6801677,0.0393,-1.0015,-0.2458,0.1832,8.1069,-0.3817,1.0319
0,0,0,0,0,0,0,0
0,0,0,0,0,0,0,0
1780824543.4992502,-0.4998,-0.2788,0.7947,-10.084,-8.6565,1.4046,0.9793
1780824543.6979594,-0.3784,-0.2783,0.7891,3.3206,-3.3511,-8.9466,0.9183
1780824543.8979578,-0.429,-0.3318,0.7725,-4.6641,7.5115,12.5191,0.9438
1780824544.0972643,-0.4756,-0.3054,0.7761,6.3664,18.0153,15.7863,0.9601
1780824544.2982197,-0.4595,-0.3425,1.5837,-156.0611,-2.1069,-39.2519,1.6842
1780824544.4976175,-0.7688,-0.2329,0.4226,-10.1374,56.0687,66.5573,0.9077
1780824544.6991887,-0.5171,-0.5029,0.4995,28.5114,-8.4427,-34.9771,0.8774
1780824544.8975496,-0.7646,-1.0911,0.3752,-19.0992,28.9008,2.8855,1.3842
1780824545.098379,-0.9031,-0.2776,0.6541,-173.229,25.9924,-2.4809,1.1491
1780824545.2982135,-0.4739,-0.8762,-0.124,-0.0992,28.5725,-65.9542,1.0038
1780824545.4976583,-0.1516,-0.5134,-0.0527,-19.5725,-29.2366,-70.374,0.5379
1780824545.6983345,-0.0957,-0.9099,-0.583,-37.1603,-0.9847,-115.4733,1.0849
1780824545.8983157,-0.0388,-1.2742,-0.2622,-129.3359,23.1374,-2.2137,1.3014
1780824546.0983095,0.1187,-0.811,-0.2378,24.8244,70.0153,54.9008,0.8535
1780824546.2978623,0.189,-0.6951,-0.3191,-4.2443,79.0992,43.5725,0.7878
1780824546.4987557,0.6348,-1.2561,-0.9685,-50.1908,10.6489,-72.8168,1.7084
1780824546.6983948,0.2961,-0.9929,-0.5657,25.4046,-34.8015,-82.916,1.1805
1780824546.8975163,0.324,-0.5916,-0.6252,120.6565,-71.0,41.3435,0.9197
1780824547.0978327,0.2026,-0.6279,-0.4963,14.7099,-37.8168,17.313,0.8257
1780824547.3011298,0.218,-0.8367,-0.4617,75.5649,-44.7939,54.6107,0.9801
1780824547.4977002,0.0747,-0.8999,-0.2922,12.7939,-9.3282,5.084,0.9491
1780824547.6989627,0.0791,-0.9705,-0.3286,5.0763,-4.1298,0.4504,1.0276
1780824547.898589,0.0151,-0.9556,-0.2935,5.2214,-3.3206,0.1603,0.9997
1780824548.0975695,0.0142,-0.9668,-0.2964,4.1298,-2.2977,1.6336,1.0113
1780824548.29864,0.0503,-0.9653,-0.2812,6.2977,-3.2824,4.1756,1.0067
1780824548.4986546,0.0442,-0.9714,-0.3018,-5.8855,-2.0458,-0.5115,1.0182
0,0,0,0,0,0,0,0
0,0,0,0,0,0,0,0
1780824550.7349102,0.0503,-0.9487,-0.2974,0.7786,2.8092,1.3206,0.9955
1780824550.9342937,0.071,-0.9802,-0.3789,8.687,12.8473,14.6718,1.0533
1780824551.1338935,0.0198,-0.8728,-0.3311,2.1527,26.2595,19.2977,0.9337
1780824551.335199,-0.0288,-0.9001,-0.3162,2.6565,22.7405,26.084,0.9545
1780824551.534358,-0.147,-0.7578,-0.2036,11.7405,-1.8473,31.9237,0.7983
1780824551.7341535,-0.0571,-0.5879,-0.3491,14.5573,-28.8397,24.687,0.6861
1780824551.934798,0.0383,-0.6208,-0.2129,17.6107,-10.9618,10.7634,0.6575
1780824552.1348033,-2.0,-2.0,-0.3713,-33.458,-218.1527,250.1298,2.8527
1780824552.3344748,-1.0112,-0.2427,0.7771,98.7557,-221.3969,38.4962,1.2982
1780824552.5348024,-0.1816,0.1938,0.7178,-51.7634,20.3511,-70.542,0.7654
1780824552.735149,-1.1489,-0.4106,0.9187,4.3969,-132.7099,2.3359,1.5273
1780824552.935285,-0.9897,0.1912,0.9895,15.5725,53.542,-49.626,1.4125
1780824553.135128,-0.8889,-0.3967,0.9355,-26.4198,19.1374,-13.8626,1.3501
1780824553.3350775,-0.4187,0.084,1.0002,27.1527,-25.2443,-2.6641,1.0876
1780824553.5350182,-0.7202,-0.3359,0.7405,-6.0763,-5.0992,6.4504,1.0862
1780824553.7351038,-0.5215,-0.1108,0.7778,-7.2901,7.6947,13.9542,0.943
0,0,0,0,0,0,0,0
0,0,0,0,0,0,0,0
1780824558.0943975,0.0645,-0.9558,-0.2227,10.7405,-2.4427,4.145,0.9835
1780824558.286624,0.0908,-0.9534,-0.3552,0.0611,12.1527,12.0153,1.0214
1780824558.4866354,0.0369,-0.8232,-0.291,9.0382,12.2061,20.313,0.8739
1780824558.6881173,0.0652,-0.8215,-0.3201,10.0076,10.5191,26.9847,0.8841
1780824558.886409,-0.0178,-0.616,-0.2437,14.7939,-3.7634,28.771,0.6626
1780824559.0865948,0.0576,-0.5798,-0.3477,34.5115,7.7405,32.5267,0.6785
1780824559.286489,-1.2522,-1.3435,1.9999,250.1298,-135.5725,49.8702,2.7153
1780824559.485992,-0.6814,0.3662,1.1941,-29.0611,-88.7557,96.313,1.4228
1780824559.6862335,-0.0098,0.0073,0.5342,-105.2443,94.9313,-97.4657,0.5343
1780824559.886304,-1.0178,-0.2173,0.5264,4.4351,-68.3893,-43.7023,1.1663
1780824560.0898561,-0.7786,-0.2329,0.8923,6.7557,1.6794,4.5267,1.2069
1780824560.2891982,-0.6865,-0.0361,0.6147,-13.9466,-27.3588,-8.2519,0.9222
1780824560.4866881,-0.8169,-0.3574,0.7957,1.1221,10.3588,24.0611,1.195
1780824560.6865368,-0.9097,-0.386,1.0454,-22.2366,8.6107,-32.3206,1.4385
1780824560.8859322,-0.5498,0.1292,0.8218,15.9924,0.6336,12.542,0.9971
0,0,0,0,0,0,0,0
0,0,0,0,0,0,0,0
1780824566.037584,0.0,-0.9692,-0.3079,5.687,0.2137,4.6718,1.017
1780824566.2368877,0.0874,-0.9592,-0.3181,-1.3053,1.8931,5.2672,1.0144
1780824566.4368553,0.0762,-0.9365,-0.3154,-1.9771,12.1603,8.1221,0.9911
1780824566.636872,0.0576,-0.8098,-0.3333,5.4351,16.6641,21.5802,0.8776
1780824566.8364096,0.0166,-0.7815,-0.2922,1.3053,14.0153,25.4122,0.8345
1780824567.037471,-0.0356,-0.6494,-0.323,4.6565,1.6412,27.0305,0.7262
1780824567.237347,0.0764,-0.6201,-0.4036,20.0916,-11.8473,20.8168,0.7438
1780824567.4377973,0.9175,-2.0,-1.978,250.1298,71.374,250.1298,2.9588
1780824567.6384926,-0.1023,0.6855,0.3962,134.1985,-106.1145,177.1298,0.7984
1780824567.8385484,-0.3943,0.137,1.0322,72.8702,-42.5344,-66.0992,1.1134
1780824568.037699,-1.0627,-0.0471,1.2871,-7.0992,142.2137,-19.1756,1.6698
1780824568.2368004,-0.3716,-0.0774,0.759,1.1527,11.084,4.6107,0.8486
1780824568.4371443,-0.5793,0.0317,0.7312,14.4656,-17.313,-1.2977,0.9334
1780824568.6370401,-0.2742,-0.2739,0.72,14.1603,10.687,25.3359,0.8177
1780824568.8368301,-0.4407,-0.0718,0.8423,4.9084,-25.5573,34.9618,0.9533
1780824569.0394864,-0.52,-0.1221,0.717,-31.6107,17.855,-35.6794,0.8941
0,0,0,0,0,0,0,0
0,0,0,0,0,0,0,0
1780824575.872955,0.0906,-0.9817,-0.2527,0.0458,-2.687,3.0229,1.0177
1780824576.0716436,0.1318,-0.9832,-0.27,-0.7557,10.0534,10.6107,1.028
1780824576.271697,0.0122,-0.9304,-0.2695,3.4885,23.5038,27.7328,0.9688
1780824576.4722643,0.0452,-0.8303,-0.2087,1.5649,14.2748,25.1221,0.8573
1780824576.672007,-0.0269,-0.6948,-0.2949,9.7634,5.9313,25.8855,0.7553
1780824576.872172,0.0063,-0.7356,-0.2932,34.8473,-17.1832,16.0,0.7919
1780824577.073868,-0.218,-1.2815,-0.1753,16.3588,-67.8015,43.8244,1.3117
1780824577.2716653,0.4609,0.3398,0.053,190.6107,-152.687,101.8855,0.5751
1780824577.4717698,-0.0249,0.3303,0.9709,-160.6641,-93.7634,-162.5343,1.0259
1780824577.6739397,-0.5254,-0.0525,0.6792,-53.1832,193.7252,27.4733,0.8603
1780824577.873731,-0.3264,-0.312,0.5659,20.7252,18.8702,6.1069,0.724
1780824578.0729315,-0.6467,-0.238,0.6909,10.5496,-1.5496,-24.3359,0.9759
1780824578.27195,-0.6816,-0.4399,0.8899,-87.3053,69.7481,85.313,1.2042
1780824578.4718049,-0.3994,-0.0515,0.7573,1.5038,-45.4351,-26.7405,0.8577
1780824578.6719863,-0.4768,-0.2444,0.5923,-29.313,21.0305,-0.7481,0.7987
1780824578.8727345,-0.5962,-0.2241,0.72,-3.1527,-3.1221,-9.5038,0.9613
1780824579.0734224,-0.5459,-0.1707,0.8201,6.0305,2.5725,6.0382,0.9998
1780824579.2720947,-0.5603,-0.1985,0.7205,6.8931,12.8779,11.1603,0.934
0,0,0,0,0,0,0,0
0,0,0,0,0,0,0,0
1780824583.2559445,0.0388,-0.9797,-0.1604,-8.626,3.687,-0.4733,0.9935
1780824583.4552057,0.0867,-0.9749,-0.2495,-4.7176,10.8702,5.9847,1.01
1780824583.655606,0.073,-0.96,-0.2844,8.6107,8.2901,12.374,1.0039
1780824583.8551207,0.0918,-0.8562,-0.3259,9.4885,16.8092,20.8779,0.9207
1780824584.0554118,0.0002,-0.8,-0.2236,-0.6718,24.7863,24.0916,0.8307
1780824584.255035,-0.0225,-0.7952,-0.2622,12.0916,-0.3511,23.3588,0.8376
1780824584.4547648,-0.0073,-0.5701,-0.1621,18.3664,9.8321,1.9618,0.5927
1780824584.6552463,-2.0,-2.0,-0.584,250.1298,-87.2748,250.1298,2.8881
1780824584.8544624,0.1501,0.7842,0.9941,137.916,-57.0687,249.8168,1.2751
1780824585.0541866,0.8752,0.6433,1.9999,-126.9771,40.1527,-58.7786,2.2759
1780824585.2547643,-1.2163,-0.4333,1.2463,-57.5954,-30.4656,-19.0458,1.7946
1780824585.4587781,-0.5701,-0.1516,0.8774,40.2901,-6.4809,13.2672,1.0573
1780824585.6611059,-0.2261,0.0566,0.3635,49.0534,-30.3053,-33.7099,0.4318
1780824585.8545907,-0.3481,-0.3005,0.5684,-4.0687,-15.8244,9.1908,0.7311
1780824586.0550444,-0.3428,-0.2461,0.8923,-14.5573,-13.9695,-3.4275,0.9871
1780824586.2554107,-0.5786,-0.2275,0.7388,9.6183,-12.2061,5.8779,0.9656
0,0,0,0,0,0,0,0
0,0,0,0,0,0,0,0
1780824590.0796342,0.0854,-0.9348,-0.2383,7.313,20.229,6.9618,0.9685
1780824590.2795112,0.1133,-0.8967,-0.2959,-21.5802,28.0534,14.4351,0.9511
1780824590.4794323,0.0496,-0.7004,-0.3271,-6.1908,1.3282,16.7023,0.7747
1780824590.6798477,0.0271,-0.8196,-0.272,21.8702,-29.0687,19.5114,0.864
1780824590.8794715,-0.0129,-0.593,-0.2109,31.3588,-28.229,57.3206,0.6295
1780824591.0797346,-2.0,-0.2546,1.5784,61.2519,-137.2748,241.4275,2.5605
1780824591.279226,-0.2424,0.2781,0.8337,49.3053,-110.1985,57.7328,0.9117
1780824591.4791274,-0.2522,-0.1489,0.6829,-98.1145,-17.8015,-113.1527,0.743
1780824591.681504,-0.6633,-0.3057,0.6626,7.2748,-32.2595,-37.0229,0.9861
1780824591.8798685,-0.4397,-0.2722,0.8137,6.7481,8.9618,-8.5344,0.9641
1780824592.0793467,-0.6792,-0.479,0.7021,51.1832,-30.8779,-3.5878,1.088
1780824592.2798102,-0.479,-0.2278,0.7546,-7.4504,3.8779,7.8092,0.9224
1780824592.4798725,-0.6248,0.0061,0.7839,-24.9847,4.0076,-2.4885,1.0025
1780824592.679595,-0.5266,0.011,0.813,5.0687,-4.5649,2.9618,0.9687
1780824592.879122,-0.5068,-0.1733,0.7397,-0.4427,3.4656,10.5878,0.9133
1780824593.0795264,-0.5996,-0.1042,0.8157,-6.9695,1.855,-6.1603,1.0177
1780824593.2796354,-0.5654,-0.1284,0.8081,-6.2901,8.3664,10.6565,0.9946
1780824593.4795089,-0.4304,-0.1316,0.7717,-3.3664,-11.2214,-5.6183,0.8934
0,0,0,0,0,0,0,0
0,0,0,0,0,0,0,0
1780824606.8089893,0.1655,-0.9592,-0.2063,-0.5878,-2.0992,-3.6947,0.995
1780824607.0080752,0.2415,-0.948,-0.3408,-8.8321,0.4962,-5.9084,1.0359
1780824607.20801,0.1917,-0.8169,-0.2466,-10.2595,6.2977,-21.9389,0.8746
1780824607.407723,0.2236,-0.6772,-0.2676,-1.8244,13.7405,-21.1603,0.7618
1780824607.6079183,0.1951,-0.8389,-0.1885,0.1985,13.8626,-69.2443,0.8816
1780824607.8077233,0.5635,-0.6331,-0.6096,55.5191,13.6794,-86.542,1.044
1780824608.0080936,1.7004,-0.5596,-0.2336,-193.2824,99.9008,-74.0611,1.8053
1780824608.2078254,-0.7747,-0.5864,0.8113,54.9542,70.4733,58.5802,1.2658
1780824608.4079053,1.9999,1.5337,1.9999,-0.9084,113.2366,-4.2977,3.2174
0,0,0,0,0,0,0,0
0,0,0,0,0,0,0,0
1780824613.8919206,0.2734,-0.9631,-0.1421,-2.3053,1.4122,-5.4198,1.0112
1780824614.0930064,0.3135,-0.9617,-0.2451,-1.3053,17.0916,-2.0,1.0407
1780824614.2915523,0.2854,-0.9126,-0.1392,-11.4351,14.3817,-17.8092,0.9663
1780824614.492074,0.3076,-0.9253,-0.2356,-1.8855,25.3969,-10.2366,1.0031
1780824614.6910877,0.2822,-0.772,-0.2173,-3.4427,14.2137,-6.855,0.8502
1780824614.8916564,0.2727,-0.718,-0.2358,-21.9466,17.0458,-44.8092,0.8035
1780824615.0931182,0.2947,-0.7017,-0.2419,-6.3817,31.4198,-37.2901,0.7986
1780824615.2915306,0.8425,-0.7222,-0.1992,7.916,89.5267,-18.626,1.1274
1780824615.4922407,1.7769,0.4829,0.4224,250.1298,129.3969,82.1985,1.8891
1780824615.6922734,0.2471,-0.2805,0.4565,191.1985,15.1603,-40.7023,0.5901
1780824615.8950796,0.1565,0.4951,0.7202,-103.2595,125.9924,34.5344,0.8879
1780824616.091391,0.2185,-0.1172,0.9111,-36.8321,18.313,14.687,0.9443
1780824616.292251,0.2234,-0.3091,0.8467,38.9618,-111.3969,-86.542,0.9286
1780824616.4913673,0.4924,-0.0171,0.7922,-29.2519,-0.8397,-4.9771,0.933
1780824616.6968246,0.3538,-0.0957,0.8689,20.2137,37.1221,3.0153,0.943
1780824616.89978,0.344,-0.1292,0.8628,-11.5267,-3.1298,-11.3511,0.9378
1780824617.0924406,0.2461,-0.1355,0.9067,0.4351,4.2595,-0.6183,0.9493
1780824617.2920578,0.2571,-0.1321,0.9165,-11.9466,-2.2214,-3.1221,0.961
1780824617.4914541,0.2976,-0.1755,0.853,-5.2214,1.2214,5.7099,0.9203
1780824617.6927807,0.241,-0.2024,0.9082,0.5573,-2.4122,-4.0916,0.9612
0,0,0,0,0,0,0,0
0,0,0,0,0,0,0,0
1780824622.981847,0.2236,-0.967,-0.313,-1.5115,8.374,0.4504,1.0407
1780824623.1819217,0.1606,-0.9553,-0.3186,-0.458,4.8473,0.9008,1.0198
1780824623.3814995,0.155,-0.9854,-0.3403,7.1069,-10.5573,-11.2672,1.0539
1780824623.581595,0.2002,-0.7993,-0.2871,-6.8015,-14.5344,-30.687,0.8726
1780824623.7808416,0.251,-0.7766,-0.2703,-37.626,0.3206,-41.3282,0.8597
1780824623.9811945,0.2278,-0.5635,-0.29,13.771,14.8626,-37.8473,0.6734
1780824624.1817126,0.4258,-0.5833,-0.3586,2.916,69.5649,-20.916,0.8063
1780824624.3821075,1.3413,-1.2173,0.1931,-188.1603,40.7252,-13.771,1.8216
1780824624.5818949,-0.4087,-0.1765,0.0293,158.7634,44.4962,143.9466,0.4461
1780824624.7823927,0.0801,-0.1987,0.5374,51.5267,59.2901,-186.5649,0.5785
1780824624.981383,-0.1677,-0.2024,1.0486,35.1298,13.5344,-63.1832,1.081
1780824625.1817546,-0.3564,-0.2017,1.0166,46.5344,-17.2137,30.8397,1.096
1780824625.3818488,-0.1377,0.0366,0.8618,-6.9389,-6.4427,0.4962,0.8735
1780824625.5821934,-0.0007,-0.2097,0.8884,-2.5038,-14.4122,8.8244,0.9128
1780824625.7814877,-0.1807,-0.1594,0.9065,10.5038,12.8397,-22.8244,0.938
1780824625.9811127,-0.1208,-0.1982,0.874,4.916,-6.0534,-16.2901,0.9043
1780824626.1823184,-0.1992,-0.1414,0.9038,5.3893,-4.8321,-17.4656,0.9362
1780824626.3807368,-0.1338,-0.1611,0.896,5.0076,3.4656,3.5038,0.9201
0,0,0,0,0,0,0,0
0,0,0,0,0,0,0,0
1780824630.220849,0.1455,-0.9375,-0.1895,3.0076,-0.542,-5.7328,0.9675
1780824630.4198523,0.2349,-1.0029,-0.2961,1.7557,-6.145,-7.7176,1.0718
1780824630.6204708,0.2354,-0.8911,-0.3025,14.458,-6.6947,-11.6336,0.97
1780824630.8243153,0.2109,-0.7048,-0.1506,-22.1908,17.1145,-41.4809,0.751
1780824631.0224462,0.0898,-0.7852,-0.084,11.8779,19.9466,-16.9389,0.7947
1780824631.220796,0.1272,-0.7366,-0.4453,68.0076,49.5191,8.1221,0.8701
1780824631.4199772,0.7944,-2.0,-1.0366,50.4198,-24.1756,-250.1374,2.3887
1780824631.6200457,-0.1787,-0.4456,0.4426,250.1298,51.2595,-13.916,0.653
1780824631.8204765,-0.0127,-0.4604,1.011,-75.3969,35.4351,32.9084,1.111
1780824632.0233874,0.5854,-0.6077,0.887,196.4275,-10.1527,-0.2137,1.2242
1780824632.2201922,0.3479,-0.3872,0.6558,6.6412,-18.8626,-37.2366,0.8372
1780824632.4214087,0.3069,-0.292,0.7786,-31.542,-3.4656,-4.2519,0.8863
1780824632.6213777,0.4216,-0.3286,0.6165,-29.2748,5.1985,42.7939,0.816
1780824632.8233447,0.4702,-0.2549,0.7327,6.084,33.8244,9.916,0.9071
1780824633.0198913,0.1621,-0.2185,0.8601,9.8092,-3.9542,-8.9542,0.9021
1780824633.2230148,0.2397,-0.3049,0.8679,25.0763,3.5878,-0.4733,0.9507
1780824633.420432,0.2761,-0.2903,0.8545,-1.3588,8.8626,-5.1069,0.9438
1780824633.6204383,0.1892,-0.1711,0.9321,-10.5954,1.0916,-10.4809,0.9664
0,0,0,0,0,0,0,0
0,0,0,0,0,0,0,0
1780824637.6210492,0.3066,-0.9387,-0.2212,4.8092,-5.5802,1.6489,1.012
1780824637.819834,0.2935,-0.938,-0.3149,-0.9542,-8.4198,-5.8702,1.0321
1780824638.019652,0.2769,-0.8213,-0.2515,-20.5038,-9.229,-26.2824,0.9024
1780824638.2198963,0.282,-0.6304,-0.3101,-14.7939,-18.2748,-27.0611,0.757
1780824638.4198685,0.2563,-0.7004,-0.2312,-17.3511,-16.5725,-44.1145,0.7809
1780824638.6202676,0.4673,-0.6946,-0.594,74.5954,44.5954,-51.7328,1.0265
1780824638.8204157,1.5303,-0.7485,0.3093,-125.2443,81.6641,105.313,1.7314
1780824639.019911,-0.4902,-0.4136,0.439,128.5725,115.5649,152.6718,0.7772
1780824639.2214036,0.5413,-0.3569,1.2214,-11.0687,111.3435,-15.542,1.3828
1780824639.4199462,-0.1719,-1.0698,0.4106,75.5725,-20.0611,-49.6489,1.1587
1780824639.6199837,-0.2988,-0.2983,0.3337,-30.0611,-12.5878,29.4886,0.5382
1780824639.8206873,-0.0916,-0.0618,0.9175,7.6183,-2.5344,46.3511,0.9241
1780824640.0204961,0.6057,-0.2363,0.7888,42.2214,-75.3588,-112.5802,1.0222
1780824640.223074,-0.2754,-0.2749,0.8118,-6.8321,55.7939,31.4962,0.9002
1780824640.4205656,0.0227,-0.1013,0.9404,-3.8931,-17.5114,-17.1603,0.9461
1780824640.628224,0.146,-0.0776,0.9011,-4.6031,-0.0992,10.4046,0.9162
0,0,0,0,0,0,0,0
0,0,0,0,0,0,0,0
1780824643.6194499,0.2825,-0.928,-0.127,-0.2672,0.1908,-2.374,0.9783
1780824643.8172808,0.3525,-0.9507,-0.1958,4.0305,5.7481,-5.2595,1.0327
1780824644.0176923,0.2454,-0.8826,-0.2034,5.6107,5.8397,-11.7328,0.9383
1780824644.2186422,0.3328,-0.6611,-0.1121,-22.313,-8.5267,-34.0,0.7486
1780824644.4172196,0.2327,-0.6399,-0.2815,-5.9466,24.4504,-21.3511,0.7368
1780824644.6179583,0.4421,-0.7969,-0.28,51.6412,99.0916,-44.1756,0.9534
1780824644.8173563,1.2588,-1.2188,-0.3728,-184.9695,15.7023,42.542,1.7913
1780824645.0174108,0.4231,-0.2083,-0.1511,166.8702,118.0076,122.2672,0.4952
1780824645.2179828,-0.5566,1.0063,1.0649,-101.4504,214.8397,75.7023,1.5674
1780824645.4203913,0.1877,-0.4758,1.0068,29.8321,100.7099,-59.1069,1.1293
1780824645.6173801,-0.0408,-0.4922,0.8994,-26.8244,-1.3435,17.0153,1.0261
1780824645.817396,-0.0889,-0.2649,0.8381,25.4427,-26.2214,-26.9771,0.8835
1780824646.0176105,0.0642,0.3396,0.5461,14.3969,27.9924,94.2824,0.6463
1780824646.2175736,0.4524,0.0054,1.0085,-18.1527,16.4656,-7.374,1.1054
1780824646.4181488,-0.0173,-0.0208,1.0085,7.6107,-14.0,-28.2672,1.0089
1780824646.61743,0.051,-0.0686,0.9604,-3.1145,3.2748,11.6565,0.9642
0,0,0,0,0,0,0,0
0,0,0,0,0,0,0,0
1780824650.296244,0.2822,-0.917,-0.2476,-2.1374,7.5267,-7.5573,0.9909
1780824650.4963534,0.2993,-0.8269,-0.3672,-16.4809,19.374,-44.6718,0.953
1780824650.696408,0.271,-0.7371,-0.2283,-8.855,28.2977,-13.6565,0.8178
1780824650.895932,0.2532,-0.7637,-0.2747,6.2977,41.5496,2.7023,0.8501
1780824651.0959165,0.2004,-0.5986,-0.3672,43.3435,24.4504,-2.1069,0.7303
1780824651.29613,1.439,-1.1987,0.2705,50.1985,35.8702,-0.2214,1.8923
1780824651.4960728,0.2573,-0.3059,0.2319,-48.1756,60.2137,-90.1374,0.4622
1780824651.696589,0.8838,0.1912,0.8555,-100.3435,95.687,-196.687,1.2448
1780824651.8965974,0.3855,-0.0549,0.9077,23.9924,66.7099,-94.7176,0.9877
1780824652.0967395,-0.3323,-0.0381,0.9021,-7.145,-36.1832,29.6794,0.9621
1780824652.2964144,-0.1255,-0.1399,0.8638,-14.6336,1.9618,10.229,0.884
1780824652.4961834,0.1309,0.1897,1.064,-15.3511,-59.687,18.5267,1.0886
1780824652.6965153,0.4839,-0.4502,0.9707,11.8397,-7.9389,-26.7939,1.1743
1780824652.8966875,-0.2004,-0.0571,0.8396,6.2595,20.4886,-13.687,0.8651
1780824653.0955536,0.021,-0.1948,0.9277,7.6107,-9.0916,-0.1221,0.9482
0,0,0,0,0,0,0,0
0,0,0,0,0,0,0,0
1780824657.776299,0.3198,-0.8777,-0.4492,3.2137,17.145,34.6718,1.0365
1780824657.974901,0.2307,-0.9138,-0.47,-1.687,-11.6947,14.2061,1.0532
1780824658.1747403,0.1545,-0.7278,-0.3535,-16.2595,-10.5954,26.0611,0.8237
1780824658.3747282,0.002,-0.6511,-0.2922,-26.3206,-37.7099,6.8855,0.7137
1780824658.5764406,0.1599,-0.5811,-0.3674,21.1756,-70.5115,24.7939,0.7058
1780824658.7757797,-1.0225,-1.6172,-0.8989,5.4351,-159.1603,58.5878,2.114
1780824658.9747763,0.9915,-0.2646,-0.5217,149.4122,-230.8092,-77.4275,1.1512
1780824659.1767204,-0.5967,0.6316,1.2871,-80.8626,105.3588,-10.9389,1.5529
1780824659.3753278,-0.6509,-0.1597,0.7888,-53.3817,-12.2443,-27.0992,1.0351
1780824659.5745234,-0.5583,-0.0806,0.8752,14.374,6.5038,-5.9695,1.0413
1780824659.774654,-0.03,0.0452,0.6182,31.1069,-26.8015,-1.0916,0.6205
1780824659.975288,-0.7427,-0.1682,0.6694,-27.4962,3.0076,-9.542,1.0139
1780824660.1756613,-0.5125,-0.0769,0.8438,-5.3053,-4.2901,-1.2901,0.9902
1780824660.3751667,-0.4783,-0.1702,0.7886,0.4733,-4.6565,7.5115,0.9378
1780824660.57447,-0.5066,-0.167,0.7385,9.7786,-6.855,1.7252,0.911
0,0,0,0,0,0,0,0
0,0,0,0,0,0,0,0
1780824664.5359535,0.0588,-0.9478,-0.2974,-8.4122,7.3588,-4.8321,0.995
1780824664.736445,0.1233,-0.9768,-0.395,-1.1374,13.313,8.084,1.0608
1780824664.9366264,0.0581,-0.9321,-0.3464,-0.8168,12.8626,11.855,0.9961
1780824665.135663,-0.0449,-0.8538,-0.2036,3.6565,28.7481,11.0,0.8789
1780824665.3359995,-0.0579,-0.7959,-0.4631,-4.8015,15.6565,11.855,0.9227
1780824665.536149,-0.0151,-0.6294,-0.2437,-34.1756,-1.7252,18.4275,0.6751
1780824665.7393699,-0.0007,-0.6458,-0.2676,5.6565,-29.9237,32.0382,0.699
1780824665.9358482,-2.0,-1.6846,1.3096,11.5954,-143.6641,217.1985,2.9245
1780824666.1355894,0.188,-0.2227,0.7419,119.9618,-183.6488,-28.5114,0.7971
1780824666.3360176,-0.9294,0.345,1.4421,214.7634,157.374,-227.4198,1.75
1780824666.5360806,-0.9194,0.1328,0.7725,59.8779,213.0,27.6412,1.2082
1780824666.7361197,-0.7007,-0.3096,0.2866,32.2672,4.2672,-30.6183,0.8179
1780824666.9355938,-0.8774,-0.2788,0.2764,12.0305,-20.5725,25.7557,0.9613
1780824667.136191,-0.5808,-0.1787,0.6182,0.2672,-16.4427,-4.1527,0.8668
1780824667.3355274,-0.7292,-0.2117,0.6335,-0.3359,1.0992,6.2901,0.9889
0,0,0,0,0,0,0,0
0,0,0,0,0,0,0,0
1780824671.8084724,-0.0146,-0.9553,-0.2878,-0.9618,-0.229,-1.8779,0.9979
1780824672.0078208,0.0576,-0.9351,-0.4258,-11.313,11.9313,11.3969,1.029
1780824672.2100325,-0.0056,-0.8198,-0.3987,-7.5802,23.2824,14.7405,0.9116
1780824672.40814,-0.062,-0.5249,-0.2864,-12.855,19.5191,17.9313,0.6011
1780824672.6090174,-0.0078,-0.7026,-0.3855,-11.2137,-23.1832,3.4351,0.8015
1780824672.8117094,0.0864,-0.9348,-0.3579,-22.7099,1.9466,17.5496,1.0047
1780824673.0104516,-1.2886,-0.3872,0.1794,-250.1374,-16.3664,228.145,1.3574
1780824673.2085123,0.0593,-0.0745,0.5667,83.2748,-182.9695,73.687,0.5746
1780824673.4086294,-0.0103,0.3479,0.7964,-2.8473,14.5649,41.9695,0.8691
1780824673.6078768,-0.7727,-0.1479,0.7441,-35.1145,-92.8168,-45.1374,1.0829
1780824673.8088078,-0.4866,0.3252,0.8137,46.4656,-26.6641,-88.374,1.0023
1780824674.0084352,-0.8496,-0.1785,0.7065,-31.6412,58.6794,-21.7557,1.1193
1780824674.2082672,-0.6099,-0.0281,0.9265,2.8855,-2.2443,-4.1298,1.1096
1780824674.4085672,-0.6147,-0.1274,0.9468,15.084,-3.5802,-26.9771,1.136
1780824674.608601,-0.687,-0.2678,0.6523,17.9466,-11.313,-2.374,0.9845
1780824674.8082764,-0.8064,-0.1482,0.7891,3.687,13.9237,24.2214,1.1379
1780824675.0082388,-0.7432,-0.0247,0.9419,20.9924,-32.1069,4.0534,1.2
0,0,0,0,0,0,0,0
0,0,0,0,0,0,0,0
1780824678.1560097,0.0718,-0.9434,-0.3262,2.7328,-0.3282,-5.0458,1.0007
1780824678.3560925,0.1206,-0.9265,-0.343,-9.9542,8.6565,5.8015,0.9953
1780824678.5560296,0.1853,-0.8818,-0.4861,-22.0611,35.2672,13.9313,1.0238
1780824678.7561002,0.033,-0.6821,-0.417,-26.1298,35.3969,34.4427,0.8002
1780824678.9569778,-0.0339,-0.6616,-0.3521,6.8244,7.1679,43.7176,0.7502
1780824679.1563096,-0.0063,-0.6145,-0.3513,53.7557,-31.6412,45.9237,0.7079
1780824679.3551266,-2.0,-2.0,0.1777,250.1298,-100.0916,231.2824,2.834
1780824679.5578885,0.1609,-0.0193,-0.1328,67.3359,-229.7863,-96.5573,0.2095
1780824679.756202,-1.5752,0.8586,1.6941,250.1298,250.1298,121.1756,2.4675
1780824679.9573426,-0.2368,-0.0891,0.9272,2.626,87.3282,-4.9847,0.9611
1780824680.155701,-0.6111,-0.2532,0.8052,120.4809,5.6565,-39.9618,1.042
1780824680.356263,-0.8518,-0.2271,0.3706,-9.229,14.0305,-9.7481,0.9563
1780824680.5566795,-0.3501,-0.1355,0.5933,41.0992,-39.4733,1.2519,0.7021
1780824680.7562695,-0.2827,-0.0779,0.8008,-17.3053,-5.916,-19.084,0.8528
1780824680.956604,-0.5647,-0.2109,0.8015,-2.6947,3.4427,-4.9924,1.0029
1780824681.154715,-0.5415,-0.1396,0.7937,13.9695,-4.0611,-5.3282,0.9709
1780824681.355832,-0.4919,-0.1401,0.7859,8.0992,-4.2748,1.9542,0.9377
0,0,0,0,0,0,0,0
0,0,0,0,0,0,0,0
1780824685.4850605,0.1199,-0.9358,-0.282,-2.9313,9.1527,3.0153,0.9847
1780824685.6836708,0.1558,-0.9868,-0.3442,7.3588,3.626,6.7939,1.0567
1780824685.8840792,0.1682,-0.9136,-0.2959,-3.0382,10.8321,14.8321,0.9749
1780824686.0840178,0.1106,-0.7986,-0.4021,-13.4809,16.6718,24.2748,0.9009
1780824686.2834039,0.0752,-0.6975,-0.322,-36.4809,21.9008,13.458,0.7719
1780824686.4838943,0.0596,-0.7102,-0.3013,-0.855,-21.2824,32.313,0.7738
1780824686.684195,-0.1152,-0.5,-0.2649,9.0611,-5.5496,95.6794,0.5774
1780824686.883327,-2.0,-0.0852,-0.4211,-230.6107,-154.0,250.1298,2.0456
1780824687.0841055,-0.1018,0.2332,1.0049,51.8321,-205.7863,75.3435,1.0366
1780824687.2841341,-0.1987,0.0564,0.4519,-40.458,66.8168,-28.2214,0.4969
1780824687.485548,-0.3496,-0.1777,0.4026,-52.1069,-22.4122,-135.3053,0.562
1780824687.684253,-0.5691,-0.1072,0.8115,-14.3817,-50.1374,21.2824,0.997
1780824687.8832202,-0.6826,-0.373,0.7209,-0.5878,21.4962,7.8092,1.0606
1780824688.0847332,-0.6365,-0.1113,0.7517,-18.1908,2.6565,-13.0,0.9912
1780824688.2836275,-0.6633,-0.2371,0.6477,-5.0763,-5.4427,-4.1221,0.9569
0,0,0,0,0,0,0,0
0,0,0,0,0,0,0,0
1780824692.3824408,0.0393,-0.9136,-0.3018,-2.1985,7.8702,-3.229,0.9629
1780824692.5701108,0.1228,-0.9446,-0.3569,1.4046,5.5649,2.9924,1.0172
1780824692.766992,0.1401,-0.939,-0.3982,-11.7634,21.1985,12.3588,1.0295
1780824692.9668632,0.1084,-0.8669,-0.3855,-27.5114,45.4504,34.9008,0.955
1780824693.1663256,-0.0413,-0.6738,-0.3188,-4.3817,21.0687,44.7863,0.7466
1780824693.366888,0.0417,-0.593,-0.3081,9.8015,-40.8168,31.9084,0.6696
1780824693.5669203,-0.3096,-1.2449,-0.457,-29.7099,-39.3588,40.3053,1.3618
1780824693.7669373,-1.6021,-1.1738,-0.387,168.2824,-138.5573,250.1298,2.0234
1780824693.966987,-0.6809,0.4436,0.251,-5.1069,-143.7939,117.6489,0.8505
1780824694.1696184,-0.3083,-0.053,0.553,82.8092,-14.6489,109.5343,0.6354
1780824694.3665018,-0.4133,-0.0291,0.3086,-18.5954,-92.3893,-129.1145,0.5166
1780824694.5663543,-0.8137,-0.0776,1.0564,-2.6565,42.7328,10.8931,1.3357
1780824694.7670817,-1.1533,-0.2405,0.6538,-1.5191,0.7939,-32.0611,1.3474
1780824694.9671087,-0.4229,-0.0798,0.7505,20.4656,-30.7328,18.5878,0.8651
1780824695.167179,-0.4458,-0.178,0.8538,-14.8779,3.3282,1.6336,0.9794
1780824695.3673208,-0.676,-0.2009,0.6372,-18.7863,7.1145,22.5191,0.9505
0,0,0,0,0,0,0,0
0,0,0,0,0,0,0,0
1780824699.3566568,0.1121,-0.9331,-0.3738,-18.9695,11.4962,-4.4504,1.0114
1780824699.5564935,0.0979,-0.9316,-0.3862,3.8015,18.3588,14.8168,1.0133
1780824699.7564187,0.1174,-0.8308,-0.4329,-13.6336,33.0153,23.4809,0.9441
1780824699.9577513,0.0166,-0.6108,-0.4258,-2.771,26.6718,39.2748,0.7448
1780824700.155584,-0.0564,-0.731,-0.3716,-9.6107,-34.8397,10.2901,0.8219
1780824700.358569,0.1494,-0.677,-0.2854,52.3435,-49.458,50.6947,0.7497
1780824700.5576696,-2.0,-2.0,0.0869,188.5343,-77.8321,250.1298,2.8298
1780824700.7586415,-0.5222,-0.4092,0.8135,-19.3511,-226.7099,-17.9084,1.0497
1780824700.9571795,-0.2646,0.989,0.731,-229.6488,-6.2214,-155.4427,1.258
1780824701.1566858,-1.095,-0.1475,0.7444,3.4275,-23.3511,-7.4656,1.3322
1780824701.3561356,-0.5286,-0.0808,0.7339,-13.8015,8.4427,-40.6947,0.908
1780824701.556594,-0.9929,-0.3381,0.5251,2.3817,-12.6183,15.6183,1.173
1780824701.756676,-0.5427,-0.1338,0.6292,16.1603,-21.8779,-0.8168,0.8416
1780824701.955796,-0.6228,-0.2148,0.6672,-16.7405,1.0534,10.2366,0.9377
1780824702.1560938,-0.3794,-0.2307,0.6733,22.2824,-21.9695,29.5038,0.8066
1780824702.3561656,-0.7104,-0.1467,0.8735,-30.2672,-8.0763,1.0229,1.1355
1780824702.5564032,-0.5642,-0.0925,0.9517,-39.2366,-43.1527,-59.542,1.1102
1780824702.757048,-0.3772,0.0986,0.4619,-7.0687,76.5802,-16.5878,0.6045
0,0,0,0,0,0,0,0
0,0,0,0,0,0,0,0
1780824705.7931907,0.0735,-0.9128,-0.2681,-1.4809,1.4809,-6.1985,0.9542
1780824705.9853513,0.0403,-0.9705,-0.3335,0.1298,22.145,19.0916,1.027
1780824706.1824825,0.0159,-0.9155,-0.3933,1.0458,34.7176,25.7939,0.9966
1780824706.3830068,0.0425,-0.7983,-0.4006,-7.7634,36.4885,23.313,0.8942
1780824706.5820475,-0.0994,-0.6528,-0.3027,-10.8931,16.9084,53.7786,0.7264
1780824706.7841363,-0.0872,-0.6086,-0.3018,17.5191,-31.7557,39.9313,0.6849
1780824706.9826765,-0.6338,-1.6157,-0.8638,10.9389,-124.1985,-12.3893,1.9386
1780824707.183047,0.6897,-1.4519,-0.74,158.1756,-250.1374,-139.5802,1.7695
1780824707.3822715,-0.2285,0.77,1.0342,12.313,4.6183,51.5802,1.3095
1780824707.5823147,-0.5083,0.2039,0.6418,-75.8473,47.1679,-0.1145,0.8437
1780824707.7816336,-0.6475,-0.1243,0.6948,54.8244,5.0992,-34.626,0.9578
1780824707.9824584,-0.6416,-0.0935,0.6284,-19.0534,6.1069,-13.4275,0.9029
1780824708.1833541,-0.6453,-0.2065,0.7668,-14.1603,3.9847,4.6336,1.0233
1780824708.3821218,-0.5972,-0.1755,0.6824,0.7328,3.2137,-1.7252,0.9236
0,0,0,0,0,0,0,0
0,0,0,0,0,0,0,0
1780824712.0439017,0.0383,-0.9626,-0.3809,-11.626,6.3969,-11.9695,1.036
1780824712.2416804,0.0747,-0.9104,-0.3545,-2.5115,0.1298,4.2901,0.9798
1780824712.442395,0.1057,-0.9285,-0.4043,-4.8626,18.1908,12.313,1.0182
1780824712.6420484,0.0833,-0.8506,-0.4146,-8.1908,34.9542,37.4962,0.9499
1780824712.8429844,0.0051,-0.6863,-0.3362,13.7405,10.2595,49.3817,0.7642
1780824713.041276,-0.1152,-0.6938,-0.3157,-13.084,-32.2061,58.6183,0.7709
1780824713.241366,-0.2712,-0.5867,-0.6326,-32.2519,-68.2443,21.4886,0.9044
1780824713.4414015,-2.0,-0.2871,1.9999,139.687,-124.626,250.1298,2.8429
1780824713.642112,0.0728,1.5208,1.9999,188.3206,108.1298,65.7405,2.5135
1780824713.8424566,-0.7217,0.1548,0.9841,-47.6718,83.0916,21.7252,1.2302
1780824714.042045,-0.7368,-0.2654,0.4961,18.1298,39.4504,-43.3435,0.9271
1780824714.2410517,-0.5752,-0.1113,0.623,12.6107,-17.8092,-62.5267,0.8552
1780824714.44266,-0.9417,-0.1326,0.5371,14.458,18.4962,-17.8855,1.0921
1780824714.6414862,-0.5059,-0.2434,0.875,20.4504,-6.4656,-3.374,1.0396
1780824714.8416643,-0.6355,-0.229,0.7275,-3.1221,-4.2595,-3.1756,0.9928
1780824715.0412827,-0.5537,-0.1948,0.7122,13.1985,-2.1756,19.5802,0.9229
1780824715.241554,-0.5894,-0.23,0.9336,17.8473,-10.0534,0.6489,1.1278
0,0,0,0,0,0,0,0
0,0,0,0,0,0,0,0
1780824719.08388,-0.0076,-0.9763,-0.3044,-6.7557,6.1756,4.1603,1.0227
1780824719.2829852,0.0342,-0.9429,-0.3164,-2.9084,-0.7786,6.2061,0.9951
1780824719.4833906,0.0312,-0.937,-0.3159,0.1832,23.7557,27.0534,0.9893
1780824719.6833336,-0.0754,-0.7974,-0.2539,-22.3206,34.7557,44.2748,0.8402
1780824719.882986,-0.0859,-0.6938,-0.3489,-6.5344,-22.3893,42.9313,0.7814
1780824720.0829499,-0.0388,-0.5491,-0.2334,-20.9008,-29.8931,4.1221,0.5979
1780824720.2830398,-0.8186,-1.4624,-0.6428,68.2214,-224.9695,71.3435,1.795
1780824720.4833152,1.1477,0.5579,-0.2925,-73.4809,-153.8779,58.3893,1.3092
1780824720.6834903,-0.4124,0.6096,0.6467,-186.0382,-1.4046,-65.9313,0.9798
1780824720.8832512,-1.0881,-0.1003,0.7769,-52.3435,18.8015,24.0153,1.3407
1780824721.0825934,-0.7278,0.1189,1.0007,15.4504,-7.3206,-80.3053,1.2431
1780824721.2830603,-0.8228,-0.3464,0.6011,-26.4122,10.7786,13.6794,1.0762
1780824721.4835503,-0.488,-0.1899,0.7249,2.7328,-1.313,7.9542,0.8942
1780824721.6832302,-0.5835,-0.1995,0.6926,-1.5954,-8.0687,-14.4809,0.9274
1780824721.885252,-0.6104,-0.2534,0.6814,-0.0382,-4.7557,-0.9695,0.9492
1780824722.0855594,-0.594,-0.1899,0.6931,-8.2137,-1.2977,-1.626,0.9324
1780824722.2834697,-0.5986,-0.2319,0.6982,-0.3282,-3.0153,6.3588,0.9485
1780824722.4832978,-0.7021,-0.2495,0.9573,15.0458,-6.1603,-22.1527,1.2131
0,0,0,0,0,0,0,0
0,0,0,0,0,0,0,0
1780824726.433481,0.0476,-0.949,-0.345,-8.2061,-0.2443,-5.7176,1.0109
1780824726.633043,0.1147,-0.9507,-0.3713,-3.2137,-0.8397,5.4809,1.0271
1780824726.8325968,0.0779,-1.0098,-0.3835,0.6794,8.0076,16.687,1.083
1780824727.0332775,0.0396,-0.9167,-0.3713,0.771,23.9008,43.2214,0.9899
1780824727.2332819,-0.0437,-0.7788,-0.395,20.3893,20.1603,49.8855,0.8744
1780824727.4335625,-0.1709,-0.78,-0.3169,10.8244,-32.374,35.0,0.8591
1780824727.633158,-0.1028,-0.5168,-0.26,-54.4275,-13.1679,7.0992,0.5876
1780824727.8330004,-0.4456,-1.6011,-0.7441,60.5267,-143.3664,-36.8244,1.8209
1780824728.0332842,1.2944,0.1562,-0.1523,62.3206,-188.9618,4.771,1.3127
1780824728.232325,-0.1572,0.1157,1.1038,-103.7939,18.855,-18.1985,1.1209
1780824728.4326048,-0.6409,-0.2454,0.7156,-120.4733,-4.9618,-38.4351,0.9914
1780824728.632619,-0.6108,-0.0554,0.9385,65.0229,-11.0229,-23.2214,1.1211
1780824728.8334556,-0.4287,-0.2212,0.6245,3.2901,-39.8015,-14.1069,0.7891
1780824729.0326126,-0.5872,-0.2578,0.6287,-5.5878,19.4275,15.1756,0.898
1780824729.2337942,-0.4226,-0.2737,0.8193,-14.2366,0.2214,-12.5878,0.9617
1780824729.437805,-0.4905,-0.1956,0.7607,12.3435,-11.374,3.4733,0.926
0,0,0,0,0,0,0,0
0,0,0,0,0,0,0,0
1780824745.2540257,0.1428,-0.9939,-0.2581,-8.1221,9.6031,13.0916,1.0367
1780824745.4529183,0.1086,-0.9238,-0.262,-10.1603,10.7252,4.916,0.9664
1780824745.6536036,0.1248,-0.8396,-0.2903,-27.5344,16.4504,11.4427,0.8971
1780824745.8522868,0.052,-0.8259,-0.3003,-39.2519,10.0229,20.8244,0.8804
1780824746.0523121,0.0491,-0.7791,-0.3228,8.5344,-28.5267,36.4122,0.8447
1780824746.255934,0.0566,-0.5269,-0.2498,20.1298,-28.2748,65.6565,0.5858
1780824746.4531302,-1.1799,-1.2009,0.104,-10.229,-172.8397,76.2977,1.6868
1780824746.652907,0.2505,0.5688,0.3706,-37.4885,-71.1221,94.6107,0.7237
1780824746.855962,-0.2388,0.2146,1.0798,-13.0992,-14.2824,-49.6031,1.1265
1780824747.0569584,-0.9927,-0.4824,0.7551,-16.8473,11.1985,59.7786,1.3373
1780824747.2573044,-0.6919,-0.1125,0.5359,22.6565,-0.6794,-32.7557,0.8824
1780824747.4526477,-0.6975,-0.4084,0.5076,-20.7939,18.3969,-11.1527,0.9544
1780824747.6528547,-0.7449,-0.2073,0.6174,2.5954,-8.9618,-6.2977,0.9895
1780824747.852784,-0.6833,-0.2668,0.6257,-2.687,-2.8244,-0.4046,0.9642
1780824748.054401,-0.636,-0.2593,0.624,0.5115,-4.2061,-4.6336,0.928
1780824748.258565,-0.6956,-0.2366,0.645,4.8931,3.2672,7.4275,0.9777
0,0,0,0,0,0,0,0
0,0,0,0,0,0,0,0
1780824756.5194993,0.1167,-0.9004,-0.3096,-15.7328,6.6031,-7.9542,0.9592
1780824756.7197618,0.1616,-0.9412,-0.3992,6.8702,5.3588,8.1374,1.035
1780824756.920295,0.1475,-0.8948,-0.4736,-31.0,24.9771,27.7557,1.0231
1780824757.1199088,0.0442,-0.7405,-0.4192,-8.2366,25.6412,50.5038,0.852
1780824757.3196425,-0.0947,-0.7322,-0.3398,5.3282,-12.9313,42.1221,0.8127
1780824757.519941,0.0503,-0.6794,-0.4167,21.5267,-44.7634,38.9542,0.7987
1780824757.720076,-0.5955,-0.9832,-0.5244,23.1832,-4.5725,66.6641,1.2634
1780824757.9196737,-1.5662,-2.0,-0.3967,250.1298,-250.1374,204.2061,2.571
1780824758.120131,-0.6426,0.7002,0.8921,250.1298,-44.7252,5.4351,1.3035
1780824758.320629,-0.865,-0.1077,0.916,42.5802,133.2137,94.7023,1.2645
1780824758.5213091,-0.71,-0.4766,0.5984,22.4046,-12.4504,-34.3969,1.0437
1780824758.7201085,-0.7395,-0.1462,0.6519,-6.3053,-8.7786,-22.7023,0.9966
1780824758.920229,-0.6421,-0.1719,0.6724,10.5038,-11.3053,10.458,0.9455
1780824759.119483,-0.5159,-0.2842,0.6267,0.1298,5.3053,4.7863,0.86
1780824759.3196654,-0.5703,-0.3018,0.6523,-8.229,2.7023,-7.3359,0.9175
1780824759.5195897,-0.5808,-0.2759,0.6843,-1.0076,-6.9695,-7.7328,0.939
1780824759.7194304,-0.6179,-0.3003,0.6511,-1.2595,-1.5267,-4.145,0.9466
0,0,0,0,0,0,0,0
0,0,0,0,0,0,0,0
1780824763.4646208,0.0725,-0.9446,-0.2224,-2.2366,-0.9084,-5.7481,0.9731
1780824763.6641192,0.175,-0.9634,-0.3567,-0.5038,10.9771,15.0458,1.0421
1780824763.8641758,0.1182,-0.9209,-0.4409,-23.9084,26.2366,15.0153,1.0278
1780824764.0643666,0.0369,-0.7327,-0.3813,1.1221,24.4733,47.9313,0.8268
1780824764.264729,-0.0264,-0.8477,-0.438,-35.1298,9.2977,57.0153,0.9545
1780824764.465659,0.1426,-0.6348,-0.5271,15.3588,-47.5649,40.2214,0.8373
1780824764.6651847,-0.53,-1.0037,-0.8213,3.4427,-31.8015,62.084,1.401
1780824764.864569,-1.3835,-1.1377,-0.6548,237.2824,-250.1374,179.7023,1.9072
1780824765.0635443,-0.9421,0.2046,0.7061,31.2519,-183.6718,56.855,1.195
1780824765.2648842,-0.71,-0.1729,1.5359,38.4656,153.9542,-91.2977,1.7008
1780824765.4649475,-0.5264,-0.3401,0.6702,36.8702,62.3511,22.9618,0.9175
1780824765.664492,-0.4387,-0.0203,0.8018,0.7634,5.458,-12.7176,0.9142
1780824765.864353,-0.8484,-0.1235,0.6008,-19.4198,-3.3969,-16.4351,1.0469
1780824766.0677621,-0.5969,-0.1367,0.7302,7.3588,-15.6718,12.2443,0.953
1780824766.2649493,-0.4563,-0.2146,0.7217,-3.8015,1.2977,4.0382,0.8804
1780824766.4642816,-0.6165,-0.197,0.6882,10.8626,-3.4427,-3.6718,0.9447
0,0,0,0,0,0,0,0
0,0,0,0,0,0,0,0
1780824770.1685772,-0.0085,-0.9265,-0.2971,-11.5725,9.5038,-2.4656,0.973
1780824770.3671913,0.0293,-0.9722,-0.3831,13.8626,6.1069,14.6794,1.0453
1780824770.5673974,0.0034,-0.8882,-0.4062,-6.7863,6.4733,21.687,0.9767
1780824770.7665389,0.0127,-0.6267,-0.3003,2.6565,-4.0229,27.626,0.6951
1780824770.9666011,-0.0459,-0.6436,-0.1506,-48.1679,2.3206,24.1832,0.6625
1780824771.1671233,-0.4187,-0.5203,-0.3567,60.3435,-83.4885,52.6565,0.7571
1780824771.3689225,-1.0337,-2.0,-0.9946,240.7939,-35.916,250.1298,2.4613
1780824771.5706446,-0.5522,0.0193,0.4573,35.3664,-130.3435,68.7481,0.7173
1780824771.769362,-0.0513,0.9907,0.9626,-63.1756,61.3435,-57.9847,1.3823
1780824771.966735,-0.7476,-0.1282,0.6565,-4.2519,-0.9924,-45.687,1.0031
1780824772.1667593,-0.5999,-0.2834,0.7666,11.2137,4.8855,-52.8397,1.0138
1780824772.3668156,-0.78,-0.1824,0.5403,11.5115,0.2901,6.2901,0.9662
1780824772.5681396,-0.6252,-0.2322,0.8618,-1.0229,-17.6412,-8.1756,1.0898
1780824772.767268,-0.7021,-0.165,0.7317,-13.4504,1.5573,15.1527,1.0274
1780824772.9713852,-0.6184,-0.188,0.6743,-0.1908,2.5573,1.1985,0.9341
1780824773.1705513,-0.6177,-0.1475,0.6853,-1.7481,-1.6412,0.6412,0.9343
0,0,0,0,0,0,0,0
0,0,0,0,0,0,0,0
1780824776.9084206,-0.0088,-0.9915,-0.2322,-8.8626,9.4122,-6.2748,1.0183
1780824777.108842,0.0491,-0.9465,-0.2944,-5.0229,9.1527,8.7863,0.9925
1780824777.3071856,0.0601,-0.9348,-0.3374,-1.0763,19.458,13.0458,0.9957
1780824777.5075922,0.0496,-0.8167,-0.3718,-16.1374,15.5038,12.3435,0.8987
1780824777.7082384,-0.0813,-0.6333,-0.248,3.7786,1.4046,43.2366,0.685
1780824777.9079504,-0.0959,-0.6501,-0.2812,-2.7405,-28.7939,77.7634,0.7148
1780824778.1080859,-1.0354,-1.5237,-1.1772,-84.7481,-69.3206,-71.0763,2.1862
1780824778.307681,0.5508,-0.4519,-0.3245,89.6183,-250.1374,-184.9695,0.7828
1780824778.5075748,-0.8486,0.0212,0.5544,16.0153,-100.6183,-3.3588,1.0139
1780824778.7076354,-0.5342,-0.1829,1.022,-19.4656,116.7405,73.8015,1.1676
1780824778.9080663,-0.5867,-0.5957,0.8643,25.3206,16.6031,-12.4962,1.2025
1780824779.1101344,-0.6514,-0.1968,0.7329,-14.0611,5.8931,8.9771,1.0001
1780824779.3101783,-0.5857,-0.2822,0.6091,-18.1298,0.8626,8.4809,0.8909
1780824779.5077305,-0.4653,-0.2703,0.825,-6.0076,2.4962,-7.145,0.9849
0,0,0,0,0,0,0,0
0,0,0,0,0,0,0,0
1780824783.229635,-0.0454,-0.9812,-0.3076,5.4427,4.4504,1.9237,1.0293
1780824783.4296453,0.0615,-0.9658,-0.3093,-7.1756,11.0992,12.7405,1.016
1780824783.6297266,0.0698,-0.9192,-0.3433,-9.0,6.3969,14.1221,0.9837
1780824783.8297064,0.0271,-0.7517,-0.4016,-16.1832,15.3206,34.2366,0.8527
1780824784.0296412,-0.0957,-0.7656,-0.2776,16.8321,1.4351,47.6565,0.82
1780824784.2308073,-0.083,-0.7778,-0.324,-7.9771,-25.2137,43.0611,0.8467
1780824784.430079,-0.3708,-0.668,-0.1843,19.7557,-73.1221,85.7557,0.7859
1780824784.6288385,-2.0,-0.2778,1.9999,250.1298,-227.0992,250.1298,2.842
1780824784.8306587,-0.875,0.2856,0.9165,38.5344,-197.6107,17.0153,1.2989
1780824785.0288315,0.1873,0.1343,1.0659,63.2366,83.1298,146.3435,1.0905
1780824785.2293513,-0.6953,0.0483,0.1538,44.0916,-12.9618,-93.687,0.7138
1780824785.4306056,-0.6309,-0.0688,0.7861,29.5878,33.0076,-8.3206,1.0103
1780824785.6289382,-0.8569,-0.1704,0.6853,3.8702,-4.8244,-16.7328,1.1104
1780824785.8300226,-0.635,-0.1917,0.7234,-4.8855,-28.1374,12.855,0.9815
1780824786.0293183,-0.522,-0.1587,0.6802,-13.0305,-2.3435,5.1832,0.8719
1780824786.2299697,-0.5515,-0.1941,0.7046,-3.4351,5.0382,-4.7786,0.9156
0,0,0,0,0,0,0,0
0,0,0,0,0,0,0,0
1780824789.8646572,0.0066,-0.9331,-0.259,-2.9389,-1.7481,-5.1832,0.9684
1780824790.062173,0.0544,-0.9163,-0.3435,-15.1069,14.1756,4.1679,0.98
1780824790.2594519,0.0842,-0.8701,-0.4556,-11.3969,43.7023,27.6489,0.9858
1780824790.459377,-0.1138,-0.8052,-0.3735,-12.3588,22.2519,37.8473,0.8949
1780824790.6597927,-0.0437,-0.7314,-0.3257,-14.1832,-7.4351,33.542,0.8019
1780824790.8598068,-0.0798,-0.5232,-0.2734,7.2901,-53.0382,5.4275,0.5957
1780824791.0598993,-0.2954,-0.9922,-0.3186,-67.5038,-84.7557,129.5649,1.0831
1780824791.2594812,-0.1404,0.2661,0.7166,121.3053,-36.4656,193.4809,0.7772
1780824791.4601479,-0.1714,0.4778,0.9241,-32.084,-86.7863,-130.2824,1.0543
1780824791.6598392,-1.4285,-0.3892,0.9858,-84.2748,-37.9313,28.1298,1.7787
1780824791.8598435,-0.6113,-0.252,0.822,36.4046,1.0153,-16.8168,1.055
1780824792.0596101,-0.2815,-0.0081,0.5432,25.2443,-32.8702,-39.5496,0.6119
1780824792.2605143,-0.4949,-0.3469,0.6138,-10.1908,19.6336,-13.3588,0.8614
1780824792.4585388,-0.6514,-0.2798,0.8059,-18.7176,10.6565,-7.0305,1.0733
1780824792.6606634,-0.5129,-0.2214,0.658,6.0916,-13.4885,18.8397,0.8632
0,0,0,0,0,0,0,0
0,0,0,0,0,0,0,0
1780824914.0303605,-0.0779,-0.9902,-0.1741,9.5954,-20.8092,3.229,1.0084
1780824914.2292213,-0.0952,-0.9771,-0.1978,6.4122,-17.8931,8.3817,1.0014
1780824914.4282148,-0.0891,-0.9236,-0.113,10.0916,-31.0229,9.1221,0.9347
1780824914.6281796,-0.1301,-1.0283,-0.1194,2.9008,0.3817,6.9771,1.0434
1780824914.827238,-0.1367,-0.9795,-0.1692,4.3206,-26.7786,15.9542,1.0034
1780824915.02822,-0.1279,-0.8914,-0.1501,25.6718,-80.2824,8.5954,0.9129
1780824915.2282426,-0.1484,-1.0071,-0.0061,9.9237,-61.8626,6.1374,1.018
1780824915.4282668,-0.0312,-0.6768,-0.3413,75.7939,-27.4046,22.7252,0.7586
1780824915.6282794,-0.1824,-0.3003,0.8127,140.374,-9.8321,61.229,0.8854
1780824915.8293092,-0.1116,-0.3469,0.5559,250.1298,-72.542,128.1756,0.6647
1780824916.0299253,-0.2664,-0.6616,0.2578,-128.1832,-177.2443,7.458,0.7584
1780824916.2286294,-0.2996,-0.2209,0.9685,-1.5038,21.4198,-2.9618,1.0376
1780824916.4339151,-0.4077,-0.2029,0.8215,37.8473,22.0992,35.2824,0.9393
1780824916.628381,-0.4353,-0.3301,0.8457,-21.9466,29.5191,10.6489,1.0068
1780824916.8283968,0.0852,0.1023,0.5439,-24.3206,-6.2061,-30.5878,0.56
1780824917.0295541,-0.3999,0.0974,0.7339,46.6794,-24.9084,-17.1298,0.8414
1780824917.228442,-0.4539,-0.478,0.7981,-5.8779,-20.1908,-5.7099,1.0351
1780824917.4284956,-0.4087,-0.0303,0.8135,-9.5115,-4.5191,-6.2366,0.9109
0,0,0,0,0,0,0,0
0,0,0,0,0,0,0,0
1780824933.8872986,0.0764,-0.9626,-0.2148,0.0992,-2.542,-7.9008,0.9893
1780824934.0854974,0.0376,-0.9807,-0.2407,5.5954,-2.3893,0.2901,1.0105
1780824934.2846801,0.0342,-0.9529,-0.2163,-2.7328,11.0458,-3.7634,0.9777
1780824934.484687,0.0466,-0.939,-0.1711,21.4351,2.3664,-9.0916,0.9556
1780824934.6868818,-0.0759,-0.8396,-0.2651,-15.9924,21.6565,-24.7099,0.8837
1780824934.884544,0.1772,-0.6685,-0.5444,-4.3511,22.6031,-9.6565,0.8801
1780824935.0849404,0.4714,-0.8052,-0.7332,116.5649,-9.4885,-75.0382,1.1866
1780824935.2850459,-0.9446,-1.0127,-2.0,250.1298,185.7481,56.9313,2.4326
1780824935.4859095,0.7297,0.6787,0.8694,250.1298,-26.1908,2.687,1.3225
1780824935.6866684,0.311,0.2161,0.8804,-40.8321,68.7786,34.458,0.9584
1780824935.8851776,0.0208,-0.4678,0.573,-20.1985,24.1527,14.7252,0.74
1780824936.0848258,-0.0591,0.1594,1.0222,42.8092,51.6107,-87.1985,1.0363
1780824936.2851334,-0.1135,0.22,1.1982,-89.0153,-3.4809,-27.5649,1.2235
1780824936.4886618,0.4482,-0.5132,0.2676,34.6641,-94.9466,-39.3817,0.732
1780824936.6853662,0.7791,-0.5266,0.9314,-19.2137,-51.9389,-64.1679,1.3235
1780824936.8853142,0.5759,-0.4543,0.4399,31.4733,-24.5878,2.6183,0.8554
1780824937.0856564,0.6465,-0.4187,0.5657,60.084,-3.1679,10.5573,0.9556
1780824937.2855027,0.6526,-0.384,0.7043,-13.4504,12.6031,17.2519,1.0341
1780824937.485271,0.5271,-0.4541,0.5962,-18.4198,11.1756,16.6565,0.9162
1780824937.6855094,0.4878,-0.4912,0.6262,-12.3893,17.458,23.1069,0.9335
1780824937.887138,0.3521,-0.5862,0.6292,-12.6412,20.2901,20.5267,0.9292
0,0,0,0,0,0,0,0
0,0,0,0,0,0,0,0
1780824945.1668549,0.2175,-0.9492,-0.3696,5.6412,-6.0153,0.9618,1.0416
1780824945.3659172,0.2322,-0.917,-0.3772,8.3817,-6.3359,1.4275,1.0184
1780824945.5675423,0.2622,-0.9109,-0.3557,-10.687,-0.4885,17.2824,1.0124
1780824945.7670884,0.1943,-0.9458,-0.3474,33.1756,-3.7939,11.5878,1.0262
1780824945.9676297,0.1233,-0.835,-0.3567,27.8321,-7.6718,25.5573,0.9163
1780824946.1665454,0.0452,-0.3572,-0.2014,10.5496,-25.7176,0.2977,0.4125
1780824946.3664908,0.2979,-0.5176,-0.6289,67.0382,-32.4351,37.1756,0.8673
1780824946.5657032,0.344,-1.1843,-2.0,10.7863,-32.5038,-142.8321,2.3497
1780824946.7666283,-0.6692,1.6375,1.7568,66.7786,53.0534,-50.5267,2.4931
1780824946.966229,-0.749,0.3123,1.0938,-9.9084,17.5038,-20.4733,1.3619
1780824947.1667144,-0.4324,0.3816,0.6479,-7.9542,-1.8779,-39.3664,0.8674
1780824947.3668048,-0.3323,0.1062,0.8376,-29.1527,-26.8779,-6.5496,0.9074
1780824947.5719163,-0.4541,0.0706,0.9402,-48.9542,-10.5496,-20.5496,1.0465
1780824947.7754142,-0.2698,0.0278,0.8247,4.7252,15.0153,2.1908,0.8682
1780824947.9663224,-0.2219,0.3479,0.4561,-0.9389,-10.7099,40.0229,0.615
1780824948.1669116,-0.4036,-0.0906,0.8816,43.0458,6.6183,31.2137,0.9738
1780824948.366951,-0.2478,-0.5352,0.9246,2.2519,-4.2595,9.5878,1.0966
1780824948.566792,-0.3625,-0.1016,0.8899,6.8931,-7.4275,10.3053,0.9663
1780824948.7662356,-0.4111,-0.1128,0.8315,11.0153,3.9084,7.7557,0.9345
0,0,0,0,0,0,0,0
0,0,0,0,0,0,0,0
1780824954.5012212,0.1855,-0.9336,-0.3198,6.3893,-2.0153,0.3359,1.0041
1780824954.6852918,0.1873,-0.9482,-0.3264,21.145,-3.7939,11.8397,1.0202
1780824954.885404,0.1455,-0.9167,-0.1526,61.5038,-13.7099,7.1908,0.9407
1780824955.0850456,0.1628,-0.8994,-0.1331,17.1374,0.0,12.626,0.9237
1780824955.284793,0.0256,-0.0745,-0.2639,-13.4656,-7.2595,12.5344,0.2754
1780824955.485448,0.1106,-0.9236,-0.6768,17.0458,-37.5038,-12.9084,1.1503
1780824955.6852977,0.5415,-1.0034,-2.0,-9.3511,-84.9542,-28.3664,2.3022
1780824955.8855627,-1.3604,1.2156,1.9999,29.1985,250.1298,-25.1527,2.707
1780824956.085358,-0.7019,0.2019,1.1553,96.9847,21.458,34.0,1.3668
1780824956.285369,-0.3547,0.4326,0.8359,-16.0458,24.0229,-17.8321,1.0059
1780824956.4856267,-0.4221,0.0364,0.8926,-48.7023,41.3282,26.1908,0.988
1780824956.6855018,-0.4014,0.1609,0.6221,-2.5267,-12.8015,-20.084,0.7576
1780824956.8954647,-0.2688,-0.0947,0.9268,-7.9542,-8.8092,-16.5954,0.9696
1780824957.0858197,-0.0981,-0.0713,0.6628,-35.9924,13.9618,24.4427,0.6738
1780824957.288029,-0.6719,-0.0415,1.0562,47.8092,84.5802,38.2519,1.2524
1780824957.4844904,-0.4978,0.1392,0.8474,9.6565,21.2519,-23.1679,0.9926
1780824957.6855588,-0.3276,-0.2163,0.7837,7.1069,2.8855,12.8855,0.8765
1780824957.8855803,-0.4573,-0.0601,0.8083,-3.7863,-3.6183,-0.3817,0.9307
1780824958.087258,-0.4756,-0.1372,0.8164,-4.7099,-1.1679,-4.4427,0.9547
1780824958.2858548,-0.4326,-0.0891,0.8054,3.0153,1.0611,4.0763,0.9186
1780824958.485471,-0.429,-0.1521,0.8037,-11.8702,-2.4809,-2.687,0.9236
0,0,0,0,0,0,0,0
0,0,0,0,0,0,0,0
1780824966.7703621,0.1831,-0.9402,-0.4648,-0.3817,-0.7557,4.1527,1.0647
1780824966.9572566,0.1165,-0.8992,-0.3457,19.8168,-0.084,1.8092,0.9703
1780824967.16049,0.1587,-0.8325,-0.3494,6.0,-1.8931,5.2061,0.9167
1780824967.358121,0.1074,-0.8977,-0.4255,4.8321,-1.6947,8.1374,0.9992
1780824967.557224,0.0667,-0.1819,-0.4551,-0.1832,-14.9771,-13.1756,0.4946
1780824967.757059,0.3494,-1.0864,-0.7766,28.7939,-7.3435,14.4427,1.3804
1780824967.9578362,-0.813,-2.0,1.9999,191.3435,78.687,100.5267,2.9429
1780824968.1568973,0.0552,-0.615,0.686,183.1069,38.4122,25.8931,0.923
1780824968.3592582,-0.6565,0.9778,1.3228,-79.7863,36.8855,2.5649,1.7711
1780824968.5685585,-1.2219,0.7961,1.146,-34.8244,-71.4962,-9.7939,1.8548
1780824968.7574687,-0.5728,0.2866,1.1194,-28.5344,-9.2901,-8.5954,1.2897
1780824968.9571831,-0.4302,0.0508,0.9924,-14.1679,-18.3206,-27.1985,1.0828
1780824969.1572962,-0.3049,-0.0266,0.8335,-29.7481,-40.5115,-11.6336,0.8879
1780824969.3574026,-0.2207,-0.7043,1.1702,1.855,1.3664,24.7252,1.3835
1780824969.5577533,-0.7349,-0.8262,1.7939,15.2824,42.084,-9.2214,2.1073
1780824969.7574248,-0.2825,0.1729,1.0098,-12.5267,23.8168,1.4809,1.0627
1780824969.9573643,-0.2771,-0.4055,0.7632,-8.0916,-0.1374,7.9618,0.9076
0,0,0,0,0,0,0,0
0,0,0,0,0,0,0,0
1780824974.4857566,0.5244,-0.7395,-0.5691,4.6107,31.9695,-12.687,1.0704
1780824974.6844356,0.4487,-0.7734,-0.4009,39.4198,6.1221,0.9771,0.9799
1780824974.8838801,0.5271,-0.6877,-0.3428,12.458,-8.6718,-13.8855,0.9318
1780824975.084468,0.5151,-0.8167,-0.1614,18.6107,34.3817,13.0916,0.9789
1780824975.2855365,0.3762,-0.7651,-0.2644,-5.5038,11.3282,-6.2137,0.8927
1780824975.4849749,0.1414,-0.2507,-0.0437,33.9618,-0.2443,34.4275,0.2911
1780824975.685211,0.6296,-0.8662,-0.6316,-56.8321,-16.3053,-44.4122,1.2433
1780824975.885187,1.0925,-1.3896,0.8396,233.7328,102.9924,-250.1374,1.957
1780824976.0842142,-0.5415,0.064,-0.1414,-131.0229,-141.2748,84.5267,0.5633
1780824976.2839935,0.9158,0.1741,0.1829,23.9542,-45.0076,-120.4275,0.9499
1780824976.484303,0.3813,-0.4919,0.5535,24.4733,39.7023,55.6336,0.8329
1780824976.6842532,0.6331,-0.0801,0.571,-4.542,-62.084,-71.5649,0.8563
1780824976.897119,1.0691,0.3625,0.2485,51.3664,-70.7557,-32.1985,1.1559
1780824977.0850942,0.8623,0.2004,0.3303,-29.3206,4.3588,10.855,0.9449
1780824977.2845438,0.8569,0.1377,0.3872,4.4885,14.3664,-6.9008,0.9504
1780824977.4845283,0.8892,0.1765,0.4307,11.6947,5.5649,-1.1374,1.0036
0,0,0,0,0,0,0,0
0,0,0,0,0,0,0,0
1780824985.5972407,-0.051,-0.9739,0.1094,0.8397,-6.3435,-0.5573,0.9813
1780824985.79754,-0.0178,-0.97,0.0596,-3.2901,0.7405,-1.5802,0.972
1780824985.996672,-0.0669,-0.9805,0.0593,10.9084,-5.855,7.9237,0.9845
1780824986.1967885,-0.0771,-0.9575,0.0674,21.4046,-0.9084,18.2061,0.963
1780824986.3970034,-0.0774,-0.9045,0.063,43.855,-9.4733,24.9389,0.91
1780824986.5966272,-0.0891,-0.0134,-0.2622,85.5802,-22.3893,34.145,0.2773
1780824986.7999227,-0.3762,-0.7292,0.1865,-163.8931,-62.374,13.6718,0.8415
1780824986.997336,0.312,0.7329,-0.1384,144.8779,7.2137,23.2977,0.8085
1780824987.19744,-0.8589,0.1726,0.1055,-29.8168,45.1756,38.542,0.8824
1780824987.397318,-0.4998,0.4951,0.8547,-79.2672,77.2824,-10.7328,1.107
1780824987.5969222,-0.4521,0.1721,0.9055,-9.7481,-5.3969,-36.0,1.0267
1780824987.7972443,-0.4663,0.0752,0.6765,-2.2672,2.0229,5.1145,0.8251
1780824987.9974308,-0.5188,0.0735,0.5737,-62.687,-10.3206,-16.1221,0.777
1780824988.1979039,-0.7219,0.1848,0.999,2.0305,-12.4809,-32.0687,1.2463
1780824988.3977253,-0.7107,0.2839,0.5886,-13.0534,-19.3893,10.7939,0.9655
1780824988.5974023,-0.3792,-0.0254,0.5471,1.7176,-15.3969,25.5649,0.6661
1780824988.7970617,-0.5894,0.0237,0.6726,0.6107,2.1832,-6.1145,0.8946
1780824988.99697,-0.5657,-0.0339,0.7375,-1.2672,-6.3817,-2.1298,0.9301
1780824989.1977694,-0.6045,0.0493,0.7346,-2.6718,4.9237,-0.8702,0.9526
1780824989.3970287,-0.5923,-0.0227,0.7417,-2.8855,-2.626,0.4046,0.9494
1780824989.597221,-0.6013,0.0403,0.7593,-3.3359,-1.6412,-1.1908,0.9694
1780824989.7972357,-0.3452,-0.0325,0.3484,1.3053,-2.2519,2.5344,0.4915
0,0,0,0,0,0,0,0
0,0,0,0,0,0,0,0
1780824994.4625878,0.1074,-0.9875,-0.0144,8.4733,-4.7099,1.7939,0.9935
1780824994.6631505,0.0391,-0.9912,0.0344,13.5649,6.0382,13.313,0.9926
1780824994.8626723,-0.0183,-0.9526,0.0613,37.2748,-2.6031,28.9008,0.9548
1780824995.0625684,0.0042,-0.8064,-0.0564,43.5496,-7.2519,49.7634,0.8084
1780824995.2618287,-0.3569,0.1704,0.4761,122.9847,13.0687,77.4809,0.6189
1780824995.462776,-2.0,-2.0,1.9999,250.1298,250.1298,250.1298,3.4641
1780824995.6632967,-0.1455,0.0522,-0.0024,26.2137,-162.9618,66.1985,0.1546
1780824995.8629744,-0.4819,-0.2366,0.8032,78.0687,21.2595,-51.5802,0.9661
1780824996.0629945,-0.668,0.3557,0.7419,-9.8626,150.8168,37.9695,1.0598
1780824996.2631407,-0.4468,0.0625,0.5962,38.6031,58.9924,17.1145,0.7476
1780824996.4632015,-0.6245,0.1228,0.7568,5.0382,1.2061,-10.9695,0.9889
1780824996.6630104,-0.5862,0.2847,0.7922,-37.2443,28.3282,-21.2595,1.0258
1780824996.861648,-0.8269,0.1743,0.3831,-16.0,4.0916,6.7405,0.9278
1780824997.0633507,-0.6467,-0.0312,0.6067,-8.1221,-27.0534,-14.8244,0.8873
1780824997.2636244,-0.6523,0.0203,0.709,-4.6565,-9.6718,-10.6336,0.9637
1780824997.4637873,-0.7322,0.0127,0.6494,-1.5725,-0.7481,5.6489,0.9788
0,0,0,0,0,0,0,0
0,0,0,0,0,0,0,0
1780825002.5651414,0.0227,-0.9836,-0.1577,-1.6336,0.9237,0.771,0.9965
1780825002.7645764,0.0164,-0.9385,-0.1697,9.8779,-2.5878,1.6641,0.9538
1780825002.963796,-0.0105,-1.0002,-0.1807,13.2214,-2.2595,6.8702,1.0165
1780825003.1653125,0.0144,-0.9873,-0.2078,5.1603,-6.8779,4.4046,1.009
1780825003.365131,-0.0093,-0.9851,-0.1765,8.8244,1.9237,8.2672,1.0008
1780825003.5638988,-0.0208,-0.9578,-0.1721,14.7557,-5.3206,10.9389,0.9733
1780825003.7635796,-0.0151,-0.811,-0.1353,25.8244,-25.0,13.0992,0.8224
1780825003.9641724,-0.0359,-0.3215,-0.2373,42.5725,17.542,41.8626,0.4012
1780825004.1643357,-0.5005,-0.9988,0.1084,78.5496,0.7252,30.0687,1.1224
1780825004.3641253,0.7117,0.936,-0.8469,220.1298,-250.1374,121.5343,1.4491
1780825004.566418,-1.5769,-0.3486,1.3987,12.1603,-250.1374,-153.5802,2.1365
1780825004.7643123,-0.4709,0.2766,0.772,141.9695,109.6489,54.8244,0.9456
1780825004.9652019,-0.4404,-0.335,0.7332,37.2672,50.6336,39.5649,0.9185
1780825005.1642067,-0.4558,-0.1707,0.8745,-0.6107,16.542,-24.6718,1.0008
1780825005.3641288,-0.6433,0.0144,0.8733,-53.4885,0.7481,-25.8015,1.0848
1780825005.563951,-0.4336,-0.2617,0.6084,-38.8015,22.3435,-4.5496,0.7916
1780825005.76415,-0.5693,-0.0508,0.7671,-27.0458,-9.3435,0.084,0.9566
1780825005.9645514,-0.6655,0.0432,0.6633,11.3511,-6.3817,13.7939,0.9406
1780825006.163586,-0.5876,-0.3445,0.6311,-5.145,-11.6031,-1.9771,0.9286
1780825006.3638134,-0.5837,0.0159,0.7646,-18.2901,2.2824,3.8397,0.9621
1780825006.563423,-0.6384,-0.092,0.7117,-6.0076,-6.6641,4.6107,0.9605
0,0,0,0,0,0,0,0
0,0,0,0,0,0,0,0
1780825010.9878204,-0.1675,-0.9546,0.0615,3.2519,20.229,-2.5649,0.9711
1780825011.1849504,-0.0103,-0.8833,-0.0164,12.5954,-15.084,-9.6718,0.8835
1780825011.3849509,-0.0293,-1.042,-0.0769,4.5573,-15.8015,6.8779,1.0452
1780825011.5849223,-0.0342,-0.9961,-0.0046,-8.0687,-3.1679,6.6107,0.9967
1780825011.7848113,0.0786,-0.5137,-0.2881,8.1374,0.3282,-8.3359,0.5942
1780825011.9878957,0.23,-0.5498,-0.0547,25.5725,1.5115,42.542,0.5985
1780825012.1856909,0.1345,0.6943,1.9999,204.0916,139.7176,207.313,2.1213
1780825012.384696,-0.5576,0.667,0.825,27.9695,-19.1985,133.9618,1.1985
1780825012.5847535,0.2668,-2.0,-0.6367,56.2595,-18.8779,129.5649,2.1158
1780825012.7852724,-0.1882,0.0376,0.6711,-71.5649,-6.0534,-25.3511,0.6981
1780825012.98733,-0.387,0.1189,0.8459,-57.0687,16.1221,-13.1069,0.9378
1780825013.1848757,-0.678,0.051,0.9961,-0.9466,49.6489,-19.5954,1.206
1780825013.3852205,-0.6416,0.0183,0.667,-47.7023,16.0687,-1.1603,0.9257
1780825013.5849814,-0.325,0.4048,0.3701,-139.4275,-27.4122,-7.7252,0.6375
1780825013.784898,-0.4814,0.1577,0.6101,-42.7557,-14.5802,44.5344,0.793
1780825013.9852257,-0.4753,-0.1548,0.6963,47.3359,17.1221,19.1985,0.8572
1780825014.185626,-0.5828,0.2358,0.6287,16.4275,2.084,17.771,0.8891
1780825014.3851452,-0.6848,-0.0591,0.6851,8.3893,-1.1908,-6.8855,0.9704
1780825014.585132,-0.7295,-0.0244,0.6667,-2.771,9.2214,3.3893,0.9886
1780825014.784722,-0.6787,-0.0349,0.5842,-3.0229,9.0305,7.5573,0.8962
0,0,0,0,0,0,0,0
0,0,0,0,0,0,0,0
1780825020.893503,0.0906,-0.9546,0.0757,-9.9542,-5.9389,-12.9313,0.9619
1780825021.0823865,0.1675,-0.9565,-0.0312,12.2748,-2.3511,9.0687,0.9716
1780825021.2826414,0.1633,-0.95,-0.052,2.4198,16.3664,4.7939,0.9653
1780825021.4819736,0.1008,-0.8811,-0.0632,-4.687,-30.2519,-4.5496,0.8891
1780825021.6826081,-0.1885,-0.1057,-0.116,58.4122,31.0687,33.8321,0.2452
1780825021.8821466,-0.2383,-1.4927,0.9727,161.3053,123.3817,99.0763,1.7975
1780825022.0827775,-2.0,0.9082,1.9999,250.1298,243.6183,203.8397,2.9706
1780825022.2840607,-2.0,-0.4368,1.9999,181.8855,58.8779,51.3588,2.8619
1780825022.4823031,-0.6306,-0.2791,0.0637,19.5038,48.2366,109.8702,0.6925
1780825022.6831396,-1.071,0.0598,0.6985,15.4427,30.374,-11.626,1.2801
1780825022.882227,-0.3496,0.4758,0.6118,-4.5191,-56.6031,-40.8473,0.8503
1780825023.0847793,-0.7449,-0.325,0.9346,-21.7786,-63.4656,-34.8702,1.2385
1780825023.2831826,-0.6294,-0.0276,0.6326,-13.8473,-29.542,4.0611,0.8928
1780825023.4826674,-0.7422,0.1245,0.5034,19.9237,14.6183,-9.2824,0.9054
1780825023.6827233,-0.7187,-0.0605,0.6362,7.7023,-20.4198,13.5802,0.9618
1780825023.8831918,-0.7251,0.0,0.6125,-2.5267,14.2824,-8.7557,0.9492
1780825024.0827303,-0.8086,-0.0547,0.5129,-7.9237,-5.0382,4.1832,0.9591
1780825024.282528,-0.7351,-0.0327,0.5903,-6.1374,-4.0382,-5.7786,0.9434
1780825024.4828534,-0.7646,-0.0364,0.5706,-0.7328,-1.5496,-1.0,0.9547
1780825024.68418,-0.781,-0.0303,0.594,-1.1985,0.6489,0.0611,0.9817
0,0,0,0,0,0,0,0
0,0,0,0,0,0,0,0
1780825028.836327,0.0649,-0.9441,-0.1865,15.9847,17.3664,12.458,0.9645
1780825029.033078,0.0266,-0.9866,-0.075,11.3817,-5.542,12.9695,0.9898
1780825029.2323072,0.0886,-0.9546,-0.1582,7.0,-3.7252,0.542,0.9717
1780825029.4338148,-0.0305,-0.782,-0.1802,23.2137,-11.374,25.5878,0.8031
1780825029.632548,-0.0674,-0.2751,-0.0503,33.855,-44.0153,-5.8244,0.2877
1780825029.8378985,-0.0181,-1.5964,-0.2285,56.0,41.3206,64.2595,1.6128
1780825030.0334382,0.252,-0.7551,0.7712,126.3053,80.0153,76.145,1.1084
1780825030.2326543,0.0779,0.1492,-0.5315,47.3969,-72.0076,121.6107,0.5575
1780825030.4335785,0.1621,-0.6028,-0.072,-84.0763,7.542,123.5802,0.6283
1780825030.6319587,-0.625,0.3105,0.8557,68.458,-22.7786,-69.2366,1.1042
1780825030.8330605,-0.6328,0.0361,0.6873,33.9084,35.1679,-35.2137,0.9349
1780825031.0339153,-0.6707,-0.2925,0.8157,78.313,0.5267,-32.0534,1.0957
1780825031.2335315,-0.5945,-0.1204,0.7217,3.2595,7.2824,-25.3893,0.9427
1780825031.4500148,-0.8301,-0.0718,0.584,-0.313,30.2137,11.2672,1.0175
1780825031.6327968,-0.7805,0.1145,0.7852,-4.2061,-20.2672,-11.2366,1.113
1780825031.8331428,-0.7559,-0.072,0.6289,-3.0763,19.3817,10.8855,0.9859
1780825032.0334423,-0.7498,-0.0203,0.6018,-1.5725,0.1374,-3.6107,0.9616
1780825032.2331061,-0.7271,-0.0312,0.6177,-1.0992,-3.0611,-2.2977,0.9545
1780825032.4337916,-0.7227,0.03,0.6296,-0.1832,-2.7405,-2.5038,0.9589
1780825032.6329477,-0.7112,-0.0266,0.6279,-3.9237,-2.3282,2.8702,0.9491
0,0,0,0,0,0,0,0
0,0,0,0,0,0,0,0
1780825036.225481,-0.0281,-1.0872,0.0618,-19.2901,11.2366,-0.7099,1.0893
1780825036.4262538,0.1011,-0.9937,-0.2295,19.855,-6.8397,16.2977,1.0248
1780825036.625534,0.0654,-0.9673,-0.2336,6.8473,-17.7176,14.374,0.9973
1780825036.8253324,0.1384,-0.7898,-0.2285,-36.2519,-23.5954,-1.5802,0.8338
1780825037.025138,0.094,-0.397,-0.2908,13.687,-81.8015,-0.458,0.501
1780825037.2283242,-0.0557,-1.5002,-0.6831,24.7939,-2.2824,58.145,1.6494
1780825037.4248555,0.1284,-0.8232,-0.4297,106.3053,28.0916,61.2824,0.9375
1780825037.6254046,-2.0,-0.6401,0.2722,250.1298,220.9542,134.4275,2.1175
1780825037.8255165,-2.0,0.9348,1.9999,204.7405,73.1679,196.7863,2.9789
1780825038.0275054,-0.3547,-0.8879,0.0212,-80.5802,-51.1221,25.1679,0.9564
1780825038.2254555,-0.6621,0.238,0.7759,16.7176,39.626,-31.6183,1.0474
1780825038.428582,-0.7559,0.3469,0.9768,5.626,18.4504,-33.5802,1.2829
1780825038.6254432,-0.9214,-0.063,0.8809,-1.6183,22.4275,-2.0229,1.2763
1780825038.8250873,-0.6814,-0.1394,0.6648,-63.0534,-34.6947,12.5191,0.9621
1780825039.0257375,-0.5146,0.2061,0.5286,-1.2061,10.1145,-1.6336,0.766
1780825039.225536,-0.7415,-0.3528,0.6724,-8.8779,-28.9008,-22.8321,1.0613
1780825039.426275,-0.6628,-0.0674,0.7429,7.0305,18.916,-3.1069,0.9979
1780825039.6257198,-0.7581,-0.0518,0.6765,6.2977,-5.2137,-9.1832,1.0173
1780825039.8258567,-0.6406,-0.0422,0.6345,2.2901,0.1603,1.0687,0.9027
0,0,0,0,0,0,0,0
0,0,0,0,0,0,0,0
1780825043.9741318,0.1733,-0.9268,-0.2051,39.9389,1.4122,25.1221,0.9649
1780825044.1720037,0.0835,-0.9739,-0.1375,23.6031,4.1298,16.9847,0.9871
1780825044.4218898,0.0906,-0.8394,-0.061,18.1069,-11.5344,-5.8092,0.8464
1780825044.572177,0.0366,-1.1196,0.0071,14.0153,4.2595,2.0992,1.1202
1780825044.8750212,0.0603,-0.8091,-0.075,23.3511,-15.2443,12.2366,0.8148
1780825045.078504,0.0874,-0.9751,-0.1558,6.458,2.5115,12.4885,0.9913
1780825045.2629821,-0.0962,-0.3867,-0.1099,-6.687,-66.4351,-11.4962,0.4134
1780825045.371906,0.2024,-1.1816,0.0054,-24.1985,68.9771,75.5267,1.1989
1780825045.5744035,-0.1091,-1.0466,-0.2983,138.5649,-53.7786,108.2977,1.0938
1780825045.775506,-0.23,0.2148,0.3303,122.5878,-118.5191,-28.9466,0.4562
1780825045.9723108,0.1934,1.9999,1.4993,123.6107,207.0,-64.8626,2.507
1780825046.171802,-1.0137,-0.0779,0.9355,-31.3817,60.0611,14.7481,1.3816
1780825046.3724484,-0.8975,0.0156,0.6392,-16.3206,-44.7557,-21.4656,1.1019
1780825046.57502,-0.5693,0.3389,0.6023,-21.5344,-36.9084,-12.2214,0.8954
1780825046.783014,-0.5266,-0.2874,0.8157,41.9237,-50.4351,-21.1679,1.0125
1780825046.9726853,-0.6628,0.0098,0.636,6.6031,37.7252,-53.5344,0.9187
1780825047.1722176,-0.7222,-0.1367,0.6694,1.4351,15.7634,-25.8779,0.9942
1780825047.3836925,-0.6978,0.0508,0.6577,1.7557,-0.1145,-12.0153,0.9602
1780825047.5741026,-0.7947,0.0266,0.5916,0.9542,-2.5802,6.4885,0.991
0,0,0,0,0,0,0,0
0,0,0,0,0,0,0,0
1780825051.8154457,-0.0298,-0.9414,-0.0869,25.5573,5.0076,15.2824,0.9459
1780825052.0077586,0.0425,-0.947,-0.1504,6.6641,-17.7099,-4.8168,0.9598
1780825052.2082686,0.1511,-0.7671,-0.2793,-22.1374,-39.5115,-19.1679,0.8302
1780825052.4088166,-0.1235,-0.2722,-0.0183,33.1527,2.9924,-6.5115,0.2995
1780825052.6082737,0.4648,-1.6138,-0.5652,56.7099,27.4198,40.0229,1.7719
1780825052.8083243,-0.2378,-0.6094,1.9999,96.229,159.0153,167.4886,2.1042
1780825053.0088933,-2.0,1.9999,1.9999,85.626,248.626,250.1298,3.464
1780825053.207864,-0.6821,-0.5757,0.1707,18.374,92.5191,70.2977,0.9088
1780825053.4083722,-0.4775,0.4714,0.7288,-13.9542,-75.1603,-84.458,0.9906
1780825053.6078942,-0.4199,0.2837,0.627,-18.1145,-62.6336,-40.1374,0.8062
1780825053.8081574,-0.707,-0.7971,0.8005,25.084,31.0153,-43.5496,1.3327
1780825054.007941,-0.5122,-0.0569,0.6929,1.9924,20.626,-29.6489,0.8635
1780825054.207965,-0.6101,-0.3486,0.8301,-3.6412,43.1756,-5.2061,1.0876
1780825054.4082453,-0.4839,-0.1377,0.6885,-0.1832,-19.7328,-32.374,0.8527
1780825054.6082191,-0.728,-0.0879,0.7166,-5.8397,-1.5344,-9.1985,1.0253
0,0,0,0,0,0,0,0
0,0,0,0,0,0,0,0
1780825058.398381,0.1279,-0.969,-0.1692,-3.9313,-8.7939,-0.1679,0.9919
1780825058.5986974,0.1667,-0.9373,-0.2354,9.2519,0.3053,13.4351,0.9806
1780825058.7982373,0.1226,-1.0146,-0.1851,10.6489,4.9924,11.6183,1.0386
1780825058.9985328,0.1409,-0.9854,-0.2163,5.5038,-6.5038,2.3893,1.0186
1780825059.1974456,0.0371,-0.6741,-0.1787,10.1756,-5.9313,15.4046,0.6983
1780825059.3996096,-0.042,-0.4255,-0.2029,0.542,-38.4885,20.5267,0.4733
1780825059.6002963,0.7559,-2.0,-0.9399,21.313,-17.6565,-32.5267,2.3356
1780825059.7974443,-0.2051,-1.0459,-0.1135,101.1527,27.1908,82.3282,1.0718
1780825059.9978812,1.7114,0.8735,0.9307,46.7252,-165.8626,-50.7786,2.135
1780825060.1982722,1.9999,1.23,0.9844,177.7176,85.9618,-137.2595,2.5459
1780825060.3976517,-1.3621,0.2012,1.0754,32.3511,73.8473,52.7405,1.7471
1780825060.5984633,-0.5291,0.3047,0.5837,-108.2901,-53.5649,-21.5114,0.8447
1780825060.7982206,-0.3921,0.2871,0.6226,-12.7557,-33.5878,-23.7939,0.7898
1780825060.9976199,-0.6262,0.0349,0.5691,-43.4351,-2.9542,22.1603,0.8469
1780825061.1977832,-0.6208,0.0593,0.7112,-27.4656,-0.3206,-5.8015,0.9459
1780825061.3973267,-0.7222,0.012,0.4817,-17.8168,-11.2366,4.9695,0.8682
1780825061.597441,-0.5044,-0.0444,0.5708,0.5038,-24.7252,-10.084,0.763
1780825061.7972422,-0.6602,-0.0415,0.5959,13.0992,-12.6336,-7.4809,0.8903
0,0,0,0,0,0,0,0
0,0,0,0,0,0,0,0
1780825067.854849,0.0015,-0.9502,-0.0667,-16.1374,4.687,-7.3206,0.9525
1780825068.053935,0.0518,-1.011,-0.0835,-3.0992,-13.5802,-4.4656,1.0157
1780825068.2542756,0.0483,-0.9397,-0.0884,-5.6031,-19.0458,-7.0611,0.9451
1780825068.4545095,0.0137,-0.6348,-0.137,-13.3893,4.7099,-5.7023,0.6495
1780825068.653786,-0.167,-0.2192,0.0273,34.6031,7.9924,-27.3817,0.2769
1780825068.8547251,0.001,-1.4648,-0.4524,58.2137,-3.4504,48.3969,1.5331
1780825069.0542803,-1.0322,-2.0,1.8477,250.1298,250.1298,250.1298,2.9119
1780825069.254441,-0.1265,0.1001,-0.3923,250.1298,6.9084,208.0229,0.4242
1780825069.458493,-0.2009,0.9001,0.2874,-183.1756,-111.8626,1.3664,0.966
1780825069.6547432,-1.3223,-0.0122,0.634,42.4656,54.3893,-121.9008,1.4665
1780825069.8575606,-0.6086,-0.1272,0.7183,0.687,46.5725,26.9466,0.95
1780825070.0543761,-0.7097,-0.3933,0.6787,35.1145,26.6718,-5.1145,1.0578
1780825070.255952,-0.7659,-0.0627,0.8621,9.2824,10.1221,9.0611,1.1548
1780825070.4555972,-0.9683,0.0342,0.5225,17.1832,50.3664,46.0458,1.1008
1780825070.6548655,-0.7244,-0.0269,0.6299,-9.1298,-13.1603,1.6641,0.9603
0,0,0,0,0,0,0,0
0,0,0,0,0,0,0,0
1780825075.3856294,0.1074,-0.9775,-0.1631,7.1908,-2.5115,1.6641,0.9969
1780825075.5862405,-0.0237,-0.9841,-0.0098,-1.3282,-4.0229,-4.1756,0.9845
1780825075.786352,0.0442,-0.946,-0.1138,13.084,2.0458,7.6718,0.9539
1780825075.9890513,-0.0032,-0.8999,-0.1206,26.9389,-38.9924,6.9771,0.908
1780825076.186443,-0.03,-0.8057,-0.2219,-10.3893,-11.7634,1.0992,0.8362
1780825076.3857534,-0.0571,-0.3235,-0.1499,45.1756,18.8931,16.9695,0.3611
1780825076.586495,0.6887,-0.7405,-0.5344,58.2595,-47.6107,64.3817,1.1438
1780825076.7864692,-2.0,-0.6506,1.9999,250.1298,250.1298,250.1298,2.9023
1780825076.9901173,-0.0376,0.4814,1.0269,250.1298,250.1298,236.2137,1.1347
1780825077.1899567,-0.0095,0.1079,-0.3083,-40.9237,124.229,-35.2901,0.3268
1780825077.386459,-0.2878,0.2864,0.446,23.0916,-150.3435,-86.1374,0.6032
1780825077.5880446,-0.7007,0.0049,1.0266,41.7634,-110.5191,-96.5725,1.2429
1780825077.7895277,-0.6704,-0.9282,0.8657,79.4198,6.9237,-39.4351,1.4355
1780825077.986757,-0.6262,-0.0791,0.8628,60.2519,58.4122,30.4427,1.069
1780825078.1864533,-0.563,0.5872,0.4246,180.4809,54.0076,103.0305,0.9176
1780825078.4371023,-0.6628,0.533,0.8899,34.4275,-20.6412,47.5954,1.231
1780825078.5867825,-0.4351,0.4487,0.7366,-38.1679,13.2977,-35.6565,0.966
1780825078.7854946,-0.4783,0.3401,0.6782,-30.2137,-17.6794,-5.7557,0.8969
1780825078.9865928,-0.3855,0.1816,0.6528,-29.145,25.0153,-13.5573,0.7796
0,0,0,0,0,0,0,0
0,0,0,0,0,0,0,0
1780825084.4855087,0.158,-1.0471,-0.239,11.145,-10.5573,5.0229,1.0856
1780825084.6837065,0.3774,-1.0767,-0.2671,-72.2214,0.1221,-58.3893,1.1717
1780825084.884472,0.3638,-0.7085,-0.0625,-11.9695,2.2519,-23.2748,0.7989
1780825085.0837,0.103,-0.9807,0.0498,70.3435,1.8473,42.2519,0.9874
1780825085.2836883,0.3318,-1.0164,-0.1416,37.8855,-22.0305,41.9542,1.0785
1780825085.4849799,0.2769,-0.9329,-0.1853,0.7328,-13.1298,27.4275,0.9906
1780825085.6836534,0.2119,-0.8655,-0.1782,-17.2443,-2.0458,1.8244,0.9087
1780825085.8841822,0.2305,-0.9387,-0.2317,0.0458,1.6107,-2.9466,0.994
1780825086.0841866,0.2102,-0.9126,-0.2239,29.4733,-4.0763,27.0,0.9629
1780825086.2853181,0.0759,-0.425,-0.2124,78.4427,-18.458,45.7252,0.4812
1780825086.4833553,-0.4294,-1.0835,0.5906,198.8015,40.2901,72.6489,1.3066
1780825086.6829746,-0.1858,-0.4368,-0.1379,250.1298,-148.7863,105.9771,0.4943
1780825086.882634,-1.1436,1.9999,0.8499,-20.5878,65.7405,-201.2137,2.4555
1780825087.0835695,-0.6545,0.4805,0.8782,79.9695,53.5191,2.5344,1.196
1780825087.2874057,-0.4404,-0.0696,0.5913,26.1985,8.458,-41.4504,0.7406
1780825087.483199,-0.4858,0.0244,0.593,41.3053,5.4885,-8.7328,0.767
1780825087.684056,-0.3157,-0.2805,0.6851,-10.1145,-48.3893,-31.7176,0.8048
1780825087.8840275,-0.9849,-0.3826,0.7766,-2.6183,26.6031,-12.8855,1.3113
1780825088.0841384,-0.6104,0.1497,0.4771,9.7557,4.8702,13.229,0.789
1780825088.2842493,-0.6382,-0.228,0.6099,-14.8855,17.687,3.1298,0.9117
0,0,0,0,0,0,0,0
0,0,0,0,0,0,0,0
1780825092.3478782,-0.021,-0.9658,-0.0981,13.4351,34.7099,10.0305,0.971
1780825092.5465713,0.0376,-0.9026,-0.1553,-6.8397,-27.8092,-6.4198,0.9166
1780825092.7468007,0.043,-1.0317,-0.1958,-5.5496,-13.5191,15.4656,1.051
1780825092.9466414,-0.0205,-0.8228,-0.1726,-16.7328,-15.5878,-5.771,0.8409
1780825093.1475,-0.0562,-0.2949,-0.092,25.8779,-41.3817,-17.2901,0.314
1780825093.3509228,0.3716,-1.3997,-0.4495,67.4351,62.3588,37.5954,1.5163
1780825093.5469015,-0.5366,-1.1709,0.7527,183.0153,113.4962,71.687,1.4918
1780825093.7467208,-0.1228,0.0762,0.175,-33.0229,-172.2061,33.458,0.227
1780825093.9467437,-1.0269,1.1948,0.6604,-179.6794,250.1298,-9.374,1.7083
1780825094.1470487,-1.7695,-0.5066,0.5276,107.2901,79.8779,11.7786,1.9147
1780825094.349126,-0.7546,-0.0679,0.8677,10.6565,76.7481,-10.1527,1.1519
1780825094.5468416,-0.406,-0.2549,0.406,-78.1298,-24.2519,35.5573,0.6282
1780825094.7468376,-0.7129,-0.2378,0.7417,-1.3053,7.7176,16.1832,1.0559
1780825094.9518092,-0.5007,0.0872,0.6375,28.0687,-5.7328,21.4504,0.8153
1780825095.147126,-0.6382,-0.1292,0.5552,-9.0153,-28.5344,4.4809,0.8557
0,0,0,0,0,0,0,0
0,0,0,0,0,0,0,0
1780825099.365618,0.0876,-0.929,-0.072,10.5038,-1.916,6.6794,0.9359
1780825099.5496106,-0.0264,-0.9766,-0.1672,6.0,16.0076,15.3588,0.9911
1780825099.7496936,0.0215,-0.8347,-0.123,15.084,-9.5344,-3.374,0.844
1780825099.9527228,0.0664,-0.7412,-0.3247,-0.7634,-29.0305,-18.4504,0.8119
1780825100.1512835,0.0332,-0.1946,0.0032,128.4504,-68.771,17.5114,0.1974
1780825100.3503976,0.0239,-1.8152,1.9275,30.9847,186.5954,-4.9313,2.6478
1780825100.5496936,-0.0012,-0.1099,-0.6824,24.8702,-105.4885,198.8931,0.6912
1780825100.7491236,-1.4509,1.9999,1.9999,-78.313,78.7939,91.7863,3.1788
1780825100.9517913,-0.4805,-0.323,0.082,124.0687,112.6107,33.7099,0.5847
1780825101.152992,-0.613,0.2295,0.0613,-22.4809,10.5038,-39.8321,0.6574
1780825101.3522067,-0.9041,0.0381,0.3679,33.0611,1.3435,-80.0534,0.9768
1780825101.5498412,-0.7883,0.0708,0.2505,34.084,-29.145,-3.5573,0.8302
1780825101.7498362,-0.8872,0.0061,0.2983,-29.9084,-24.6183,-4.7634,0.936
1780825101.9498348,-0.5439,-0.2864,0.3916,-18.8321,-25.0458,51.0076,0.7289
1780825102.1499524,-0.8352,0.1042,0.3225,14.6031,-25.4809,-5.6107,0.9014
1780825102.3509376,-0.9067,-0.1926,0.3511,-2.3435,13.0382,-9.7099,0.9912
1780825102.550971,-0.8054,-0.0403,0.522,-6.1985,-4.8321,-0.0534,0.9606
0,0,0,0,0,0,0,0
0,0,0,0,0,0,0,0
1780825177.895158,0.0103,-0.9712,0.0098,3.0611,-6.2824,-1.0763,0.9713
1780825178.0948403,0.03,-0.9978,-0.0374,2.1298,-14.3511,3.7634,0.999
1780825178.2949317,0.0957,-0.9023,-0.1738,-14.4046,-18.8855,5.2061,0.9239
1780825178.4989526,0.0112,-0.637,-0.2324,-47.7328,3.6641,-31.1298,0.6781
1780825178.6949792,0.3142,-1.5581,-0.2922,84.1603,-12.9771,-54.3511,1.6161
1780825178.8950505,0.094,-0.8577,-0.3916,64.2519,74.7252,74.0382,0.9475
1780825179.0950046,-0.1079,-1.8813,0.8235,250.1298,93.8626,129.6641,2.0565
1780825179.294703,-0.4109,0.4819,0.219,104.6031,-22.0534,205.2061,0.6701
1780825179.495534,-0.3511,0.0503,0.3284,-84.542,-72.7481,23.1985,0.4833
1780825179.69568,-1.1436,0.5078,1.5649,-64.5573,27.5344,-0.6183,2.0037
1780825179.8986824,-0.6794,0.2024,0.5896,6.0382,-5.4351,-16.0534,0.9221
1780825180.09799,-0.8816,-0.2842,0.781,-2.4809,36.2824,-16.0382,1.2116
1780825180.2997675,-0.7063,0.4153,0.6003,-23.1908,-25.6489,7.4275,1.0157
1780825180.495088,-0.7566,-0.3979,0.5891,30.3664,56.8702,63.4427,1.0382
1780825180.6952164,-0.5127,-0.0203,0.502,47.5267,5.1832,-12.3664,0.7178
0,0,0,0,0,0,0,00,0,0,0,0,0,0,0
1780825219.296765,-0.0505,-1.0623,-0.1621,31.5114,-0.0534,8.458,1.0757
1780825219.4963064,0.197,-0.8674,-0.2502,-41.2977,-13.4275,13.7634,0.9241
1780825219.6961255,0.1089,-0.9473,-0.0974,5.374,-8.2214,-1.9847,0.9585
1780825219.8961804,0.1262,-0.9919,-0.1584,10.1145,-3.5954,6.8244,1.0124
1780825220.096342,0.1152,-0.9954,-0.1182,22.916,-3.5496,14.7863,1.009
1780825220.2962122,0.0796,-0.9434,-0.0676,31.7634,-2.9771,16.7634,0.9491
1780825220.4958541,0.0515,-0.7605,-0.0601,14.7634,-21.0916,10.8855,0.7646
1780825220.6951563,0.0039,-0.0349,-0.0256,16.6489,-27.1756,41.9542,0.0435
1780825220.8966408,0.6162,-1.6548,1.9999,164.7176,-8.2519,250.1298,2.6679
1780825221.0977504,0.4771,-0.2451,-1.7534,196.0458,-171.8015,144.2137,1.8336
1780825221.296921,-1.5969,1.9999,1.6646,-233.3359,-160.7557,-111.5496,3.053
1780825226.5844917,0.4644,-0.5403,0.4128,64.2672,60.7786,-10.3511,0.8234
1780825226.7843385,0.4434,-0.6199,0.7539,62.3359,47.1221,-47.3969,1.072
1780825226.9844627,0.186,-0.3823,0.9617,45.2519,26.1679,-15.6107,1.0515
1780825227.1849093,0.1892,-0.302,0.8567,-13.9695,26.5802,-7.5038,0.9279
1780825227.3863196,0.1172,-0.2932,0.9084,2.916,9.3969,-9.4656,0.9618
1780825227.5868425,0.0493,-0.2402,0.9026,9.1603,10.0,0.4962,0.9353
1780825227.7842371,0.1096,-0.2903,0.8611,-12.1145,-5.1298,-4.5954,0.9153
1780825227.984622,0.1023,-0.2529,0.884,1.6718,-2.0687,-0.3282,0.9252
0,0,0,0,0,0,0,0
0,0,0,0,0,0,0,0
1780825255.475483,0.1746,-0.8037,-0.4521,27.7252,-3.9389,-20.8855,0.9385
1780825255.6772153,0.2395,-0.8313,-0.5422,-5.4046,-1.1145,3.8779,1.021
1780825255.8766503,0.3062,-0.8333,-0.4897,-20.9008,0.0992,-1.5878,1.0138
1780825256.0761907,0.0437,-0.6003,-0.4836,-11.2824,-22.1527,1.7634,0.7722
1780825256.275969,0.2275,-0.2793,-0.2153,31.229,1.6412,-24.2061,0.4197
1780825256.4763587,1.0142,-0.5059,-1.7412,-37.2748,-64.7252,-37.6412,2.0776
1780825256.6755486,0.1467,-0.4001,-0.259,159.1221,28.4351,62.2214,0.4987
1780825256.8760757,0.5081,-2.0,0.658,220.7252,208.6488,92.687,2.1659
1780825257.0823083,-0.5115,-0.0896,1.0322,234.3512,9.7328,91.0687,1.1555
1780825257.2770278,0.0,-1.0447,0.1064,-169.5267,54.4733,-77.9237,1.0501
1780825257.4755054,-0.5295,-0.2063,0.8428,-15.7481,13.458,-3.7099,1.0165
1780825257.676613,-0.3862,0.1548,1.0144,10.3053,-13.8473,-2.6794,1.0964
1780825257.8770287,-0.304,-0.4426,0.9243,-9.3359,-7.9084,0.7786,1.069
1780825258.0781672,-0.311,0.0122,0.707,-20.2595,1.4198,-14.6794,0.7725
1780825258.279929,-0.0261,-0.7065,0.4165,12.0153,16.4198,-37.626,0.8206
1780825258.4798017,0.0515,-0.3867,0.4253,-112.374,-67.2519,-36.4962,0.5771
1780825258.6764424,-0.4143,0.1489,0.6035,77.0534,-1.7634,-7.3282,0.747
1780825258.878013,-0.2737,-0.4844,0.6709,15.5954,-2.6565,-9.916,0.8716
1780825259.0772843,-0.3479,-0.0408,0.9072,-18.1069,-1.4198,2.5878,0.9725
1780825259.2849684,-0.3682,-0.2537,0.8411,-3.8244,-3.1756,-3.5725,0.9525
1780825259.484526,-0.3047,-0.2131,0.8818,14.3435,-13.0687,-6.3893,0.957
0,0,0,0,0,0,0,0
0,0,0,0,0,0,0,0
1780825308.9920034,0.1509,-0.9912,-0.4497,0.084,8.1069,-14.313,1.0989
1780825309.1975424,0.0896,-0.8865,-0.2834,-9.0382,2.0534,12.1374,0.935
1780825309.4000833,0.0549,-0.5488,-0.499,0.4962,-40.7939,-5.3206,0.7438
1780825309.5917492,0.3938,-1.1008,-1.1873,69.8779,0.3359,29.9695,1.6663
1780825309.7922623,0.0649,-0.7148,-0.4937,-105.3435,114.145,-18.6412,0.8712
1780825309.9935534,0.2336,-0.5928,-0.5725,114.5038,-52.313,59.0,0.8566
1780825310.2044563,0.2695,-0.4705,-0.4702,250.1298,1.9542,89.3359,0.7177
1780825310.391551,-1.0227,0.2981,0.259,144.2061,-250.1374,155.2443,1.0963
1780825310.5950074,-0.9944,-2.0,0.3816,36.1985,-178.2824,50.3053,2.2659
1780825310.7965977,-0.3928,0.6675,0.8789,-68.0763,28.4046,-6.8168,1.1715
1780825310.9954412,-0.4504,0.1562,0.9414,-46.4504,-5.4809,-44.687,1.0553
1780825311.1921155,-0.4717,-0.0044,0.7087,31.4198,11.1298,-32.3511,0.8514
1780825311.391869,-1.1406,0.0071,0.8267,-8.5725,52.916,-31.0229,1.4087
1780825311.6047487,-0.3789,0.1572,1.1836,-162.9542,17.313,-55.1756,1.2527
1780825311.7919693,-0.7163,0.3152,0.7959,-22.458,-52.1374,36.3588,1.1162
1780825311.991528,-0.6143,0.0718,0.6304,10.0,-27.9008,15.4885,0.8831
1780825312.199294,-0.6689,-0.0127,0.6985,2.4809,-10.7099,11.0992,0.9672
1780825312.3933282,-0.5549,0.0044,0.7437,-1.855,-14.8931,-1.229,0.9279
1780825312.5914516,-0.6699,0.0007,0.7063,0.5649,3.4733,3.5344,0.9735
0,0,0,0,0,0,0,0
0,0,0,0,0,0,0,0
1780825318.6806016,-0.0908,-1.0173,-0.1279,-2.374,24.3206,-5.5725,1.0294
1780825318.8798974,0.0662,-0.9133,-0.1106,-9.8397,-2.5038,-8.4809,0.9224
1780825319.0811,-0.0347,-0.9094,-0.1477,-1.084,1.5344,8.0687,0.922
1780825319.2802262,-0.2187,-1.0505,-0.1975,-26.2595,-6.4351,-7.0153,1.0911
1780825319.4802492,-0.0408,-0.2808,-0.05,-11.7939,-41.6489,-5.5802,0.2881
1780825319.6817791,0.1753,-2.0,0.1853,-42.6794,-14.6107,-48.6183,2.0162
1780825319.8805118,-0.0876,-0.8206,0.0076,28.9771,126.9466,63.3664,0.8253
1780825320.0794828,-0.1414,0.1707,-0.46,141.2214,-177.3817,174.6947,0.5106
1780825320.2803092,-0.4053,1.9999,0.9966,-173.8626,115.145,24.2214,2.2709
1780825320.4803684,-0.8677,0.197,0.8179,57.542,128.7863,63.2061,1.2085
1780825320.6798172,-0.5054,0.0095,0.5374,-4.9618,-34.1908,-15.2748,0.7377
1780825320.8814137,-0.7187,0.0869,0.4507,4.6107,0.3588,-47.9008,0.8528
1780825321.0854356,-1.1475,-0.9685,0.3516,-11.3969,52.4198,40.5802,1.5422
1780825321.2804523,-0.6311,-0.0732,0.8809,-27.5191,28.2595,-25.1145,1.0861
1780825321.48622,-0.9995,0.1597,0.7737,25.2366,6.687,-21.9313,1.274
1780825321.6801062,-0.7637,-0.0764,0.5603,9.0534,-8.1145,-9.6031,0.9502
1780825321.8915493,-0.769,-0.0972,0.5186,-5.4122,5.7786,-5.8397,0.9326
1780825322.0807607,-0.7866,-0.1011,0.5388,-2.4733,-2.7786,0.8702,0.9588
1780825322.2826157,-0.7932,-0.0471,0.543,-1.2672,1.1908,0.1832,0.9624
0,0,0,0,0,0,0,0
0,0,0,0,0,0,0,0
1780825328.4825504,-0.031,-1.0347,-0.0342,-5.5344,8.4275,-7.2672,1.0357
1780825328.6820095,0.0354,-0.9661,-0.0847,-0.8244,-4.8779,-3.4809,0.9704
1780825328.881929,0.0195,-0.9399,-0.0793,6.7634,-0.8931,8.9771,0.9435
1780825329.0829048,-0.0073,-0.9417,-0.0828,0.7557,2.3817,3.7328,0.9453
1780825329.282811,0.002,-1.0491,-0.1777,0.9237,-11.0534,12.5802,1.064
1780825329.48413,-0.0068,-0.877,-0.1233,6.855,-21.0076,11.3053,0.8856
1780825329.6911476,0.0896,-0.1042,-0.0588,107.0153,-81.2137,24.5878,0.1495
1780825329.881781,-0.1814,-1.8579,0.0642,-94.855,46.5267,-13.6031,1.8678
1780825330.081751,-1.8696,0.925,1.9999,237.4733,-188.4198,82.7481,2.8898
1780825330.2858346,-0.929,1.9999,1.9999,-245.1527,-47.9542,-79.458,2.977
1780825330.4883747,-0.3784,0.5913,0.8853,97.7786,-5.5802,70.4351,1.1298
1780825330.690769,-0.5833,-0.0078,0.8247,26.4656,25.2748,-13.3206,1.0101
1780825330.8859684,-0.6589,-0.1138,0.688,13.687,30.8397,-24.9618,0.9594
1780825331.0888145,-0.6631,0.5146,0.6243,-3.0153,-13.4122,24.1603,1.0461
1780825331.2973988,-0.5105,-0.064,0.4431,-92.7176,-20.8779,84.8015,0.679
1780825331.4832466,-0.0767,-0.2693,0.521,44.2137,-18.5649,9.4809,0.5915
1780825331.6964521,-0.5696,-0.3545,0.8921,83.1374,1.3511,-43.0916,1.1162
1780825331.8823805,-0.6467,0.1794,0.6182,33.4504,10.4198,18.5802,0.9125
1780825332.082145,-0.6392,-0.1938,0.624,2.2443,1.2519,1.6336,0.9141
0,0,0,0,0,0,0,0
0,0,0,0,0,0,0,0
1780825336.4348307,0.0398,-0.9622,-0.1201,-0.8321,3.229,-2.4504,0.9704
1780825336.6319346,-0.0061,-0.9546,-0.1516,1.6183,-8.6641,-0.4275,0.9666
1780825336.8321009,-0.0242,-0.9729,-0.1506,7.8855,3.4198,4.5573,0.9848
1780825337.0310178,-0.0042,-0.9934,-0.1775,7.0458,-6.1756,3.145,1.0091
1780825337.2347245,-0.2109,-0.7559,0.0034,-22.3435,3.9008,15.6794,0.7847
1780825337.4384906,0.0408,-0.1021,0.0349,33.2443,-48.6031,40.771,0.1153
1780825337.6312363,0.4016,-1.0991,-0.6509,-23.8473,-19.2519,5.0153,1.339
1780825337.8315873,-0.2271,-0.9287,0.1052,139.3969,-22.4275,78.5115,0.9618
1780825338.0340884,0.0786,-0.0007,0.4849,10.8779,-95.0153,-7.2977,0.4912
1780825338.2318752,0.262,1.1785,1.9999,250.1298,104.5954,123.7023,2.3361
1780825338.4480286,0.2278,-0.0476,1.9999,146.8931,18.5191,103.9008,2.0134
1780825338.6325872,-0.7505,0.0798,0.5828,-79.6031,-74.1908,32.5496,0.9535
1780825338.8318002,-0.7126,-0.0701,0.5659,3.3282,34.3969,-13.0229,0.9127
1780825339.0316398,-0.543,0.0947,0.574,-43.0458,4.8092,-28.1985,0.7958
1780825339.244494,-0.6602,-0.2151,1.0073,-62.1374,35.2824,-54.8702,1.2234
1780825339.4396708,-0.7725,0.3508,0.7578,-17.8092,8.5878,15.0,1.1376
1780825339.6381178,-0.6948,-0.1399,0.5032,6.2595,-24.9695,-3.5954,0.8692
1780825339.8318417,-0.7856,0.0034,0.5527,-5.0687,19.5496,-12.0534,0.9606
1780825340.038382,-0.7632,-0.0137,0.5845,-2.5573,-11.8015,0.1069,0.9614
1780825340.2306006,-0.7993,0.0142,0.5393,-2.374,3.1527,3.4122,0.9643
0,0,0,0,0,0,0,0
0,0,0,0,0,0,0,0
1780825345.1750274,0.0098,-0.8716,-0.019,15.4122,-13.5191,12.9542,0.8718
1780825345.375213,-0.0593,-1.0188,-0.084,-0.9008,17.4122,13.7023,1.024
1780825345.5741453,-0.0903,-1.0151,-0.1619,4.0382,2.1603,5.9847,1.0319
1780825345.7750828,-0.0974,-0.9028,-0.1235,15.5878,-4.5573,3.7099,0.9164
1780825345.9743738,-0.0413,-1.0569,-0.1975,-5.3664,8.7099,0.626,1.076
1780825346.1752045,-0.1096,-0.5691,-0.1858,-0.916,-52.1756,-4.5191,0.6086
1780825346.3761268,-0.0974,-0.2664,-0.0405,48.2595,-3.3969,-3.5344,0.2865
1780825346.5759823,-0.3547,-1.9099,0.1404,120.7405,-9.5344,80.6565,1.9476
1780825346.7748308,0.7266,-0.418,-1.99,163.7328,-49.3435,7.4427,2.1593
1780825346.9748187,-1.3184,-0.4131,0.2131,-41.687,-209.3588,32.9008,1.3979
1780825347.1746378,-0.6509,0.604,0.7156,16.1374,140.2901,107.1069,1.1404
1780825347.3752918,-0.802,0.0752,0.6355,47.4122,20.6336,-38.3206,1.026
1780825347.5820973,-0.5591,0.4148,0.4507,-20.4351,3.9084,6.6489,0.8293
1780825347.7763135,-0.7266,-0.3103,0.1147,22.0763,-66.6107,5.7786,0.7983
1780825347.975225,-0.6475,-0.2139,0.6626,39.2061,9.9695,-87.9084,0.9508
1780825348.1761417,-1.0842,-0.113,0.4399,-7.2443,35.5344,-42.458,1.1755
1780825348.3749704,-0.7458,0.0222,0.6326,-9.374,0.1069,10.1832,0.9782
1780825348.5746415,-0.8782,-0.01,0.4722,-3.0534,-6.7939,-0.7099,0.9971
1780825348.7751353,-0.73,-0.0811,0.5903,0.9084,-11.8473,3.542,0.9423
1780825348.9822166,-0.8003,-0.084,0.552,-2.5878,3.4809,-3.1221,0.9758
1780825349.1750019,-0.7766,-0.0073,0.5566,-1.6412,1.3969,-0.2672,0.9555
1780825349.3803382,-0.7651,-0.0535,0.5332,2.3206,-11.2214,2.0153,0.9341
0,0,0,0,0,0,0,0
0,0,0,0,0,0,0,0
1780825353.555736,0.1296,-0.9629,-0.2095,12.7557,3.0534,4.2061,0.9939
1780825353.755451,0.155,-0.937,-0.314,22.5267,-41.1221,-1.5115,1.0003
1780825353.9553113,0.0681,-0.9395,-0.1729,-9.6183,4.2366,-0.2061,0.9576
1780825354.1548266,0.0137,-0.6064,-0.2996,9.1221,-24.1069,18.1221,0.6765
1780825354.3558009,-0.0945,-0.179,0.0222,52.3206,12.4427,26.8626,0.2036
1780825354.5551527,0.1528,-1.6812,-0.8208,128.8015,-39.0305,130.4198,1.8771
1780825354.7555802,-0.8254,-0.2061,0.2114,-67.5725,-2.4733,68.3435,0.8766
1780825354.95525,-1.3203,1.8838,1.9999,11.8015,38.3588,167.5496,3.0482
1780825355.1556928,-0.3135,0.1956,0.4612,91.3817,17.9313,68.3206,0.5909
1780825355.3579462,-0.6604,0.2412,0.5798,0.5191,-0.626,-52.5954,0.9113
1780825355.5625327,-0.8274,0.0627,0.7371,34.4809,54.0153,-55.3588,1.1099
1780825355.7550073,-0.5276,0.2378,0.4072,-3.5802,-69.916,-2.7328,0.7076
1780825355.9554977,-1.1301,-0.9187,0.832,68.0916,-100.0992,-17.7557,1.6773
1780825356.1559155,-0.9663,-0.2209,0.5962,83.7863,93.9542,-54.0229,1.1567
1780825356.3561041,-0.9363,-0.0188,0.783,30.5878,-14.2595,-29.0458,1.2207
1780825356.5564137,-0.7102,-0.0046,0.8276,13.6718,-39.5038,-1.5191,1.0906
0,0,0,0,0,0,0,0
0,0,0,0,0,0,0,0
1780825362.196742,-0.0515,-1.0652,-0.1538,12.7252,7.0382,6.2748,1.0775
1780825362.3952043,-0.0894,-0.9343,-0.0779,17.3053,-12.7481,8.8473,0.9418
1780825362.5967708,-0.0059,-0.7861,-0.1914,17.8931,-22.4275,0.3053,0.8091
1780825362.8085012,-0.0049,-0.3755,-0.0828,-2.8779,-29.0305,17.7786,0.3845
1780825363.0016859,0.1533,-1.04,-0.1804,17.0,1.9618,36.9084,1.0666
1780825363.194962,-2.0,-1.1104,0.6326,250.1298,-250.1374,250.1298,2.3734
1780825363.395893,-0.658,0.0696,0.3352,248.1527,-28.7099,99.8626,0.7417
1780825363.5968971,0.1199,-0.1277,0.0876,-24.8702,30.2901,-36.0687,0.1958
1780825363.7964787,-0.8755,-0.0149,0.3318,47.7557,43.5802,-13.3969,0.9364
1780825363.9969113,-0.7395,0.1055,0.5964,-13.374,-7.3969,-32.5115,0.9559
1780825364.1953096,-0.8979,0.1372,0.5745,-12.626,-19.7099,-37.1527,1.0748
1780825364.39503,-1.313,-0.7742,1.0825,-22.3664,-72.0611,-4.458,1.8695
1780825364.6015565,-0.6257,-0.418,0.8645,-62.8397,60.7405,-80.1298,1.1461
1780825364.7957993,-1.0237,0.2292,0.5652,-52.2824,-19.6412,32.542,1.1916
1780825364.9959407,-0.9009,0.0186,0.6409,-9.4198,-8.1985,34.4962,1.1057
1780825365.1951861,-0.7002,-0.0457,0.5789,3.5344,-22.0153,-8.9847,0.9096
1780825365.3952267,-0.7842,-0.0247,0.5803,-10.4046,11.0458,-2.2214,0.9759
1780825365.5982902,-0.6992,0.0239,0.6135,-0.7023,-10.1145,1.1603,0.9305
1780825365.7965302,-0.7231,-0.0376,0.6028,-2.4962,-1.7863,-3.7634,0.9422
1780825365.9953146,-0.7373,-0.0127,0.6118,3.0382,-1.5344,3.687,0.9582
1780825366.195012,-0.7246,-0.0293,0.6069,-1.4351,-2.1603,-1.1679,0.9457
0,0,0,0,0,0,0,0
0,0,0,0,0,0,0,0
1780825371.9914527,0.022,-0.9407,-0.0425,5.3206,1.7863,5.6947,0.9419
1780825372.1922462,0.0576,-0.9763,-0.0942,7.5191,-1.771,8.1908,0.9825
1780825372.3918364,0.0466,-0.9214,-0.1787,9.0534,-18.5114,-0.0458,0.9397
1780825372.5916367,-0.0781,-0.7615,-0.2288,-22.2137,-2.6641,3.4122,0.7989
1780825372.791857,0.0371,-0.2363,-0.0361,22.1374,-40.0,-7.4046,0.2419
1780825372.9913487,0.2349,-1.1333,-0.437,58.8092,24.2137,61.5573,1.2371
1780825373.1911204,-1.7988,-2.0,-0.9507,161.6107,-200.5191,-149.5573,2.853
1780825373.3915212,-0.595,-0.3096,0.5862,136.1832,5.8931,48.6489,0.8907
1780825373.5932782,-0.0059,-0.5022,-0.2729,-25.3206,-128.3588,17.0458,0.5716
1780825373.7994015,-0.6523,0.2427,0.3208,8.3435,-87.8015,-5.1908,0.7664
1780825373.9991086,-0.7529,0.3813,0.6008,51.3053,-6.8855,-37.1069,1.036
1780825374.1904907,-0.6938,0.0535,0.4209,32.9237,59.4809,-9.7939,0.8133
1780825374.3915608,-0.6694,0.0374,0.3928,-39.4962,27.9466,5.4733,0.7771
1780825374.5923276,-0.7859,-0.0937,0.6465,1.5191,40.1985,-28.1069,1.0219
1780825374.7929933,-0.7996,-0.0012,0.5486,-11.9847,17.7786,1.8473,0.9697
1780825374.9916604,-0.8242,-0.0681,0.5083,-8.3206,-10.1069,-7.4427,0.9707
1780825375.1920822,-0.7778,-0.0515,0.5508,-5.5649,3.5725,1.6412,0.9545
1780825375.3903725,-0.7922,-0.0317,0.5574,-1.5725,-4.1985,-0.8168,0.9692
1780825375.5934699,-0.7903,-0.0159,0.5576,0.0534,-1.145,1.2977,0.9673
1780825375.796125,-0.7966,-0.0479,0.5635,-2.5191,-1.1527,-2.0229,0.9769
1780825375.990765,-0.762,-0.0586,0.5554,-3.0382,-4.4656,-2.1908,0.9447
1780825376.1992989,-0.7673,-0.0557,0.5735,-3.7481,-6.0229,-3.8092,0.9596
1780825376.4017708,-0.7556,-0.063,0.5757,-2.0687,-3.1527,-0.687,0.952
1780825376.5904238,-0.6997,-0.0471,0.5884,-0.1145,-11.1221,6.8931,0.9154
0,0,0,0,0,0,0,00,0,0,0,0,0,0,0
1780825419.9740887,-0.0947,-0.936,-0.2361,6.6489,28.5802,-0.1603,0.97
1780825420.160213,-0.1145,-0.9487,-0.1746,2.8702,3.1527,7.5573,0.9714
1780825420.3629713,-0.0752,-0.9885,-0.1812,6.5344,-1.6412,3.6107,1.0078
1780825420.563334,-0.1689,-0.9192,-0.1912,1.8779,-7.5267,7.084,0.9539
1780825420.759439,-0.0381,-0.9211,-0.2405,-8.2137,-23.1374,-1.3511,0.9528
1780825420.9594347,0.0273,-0.3613,-0.2305,6.8321,-57.4809,-14.4275,0.4294
1780825421.1601887,0.5042,-1.7942,-0.7332,-27.626,129.8626,-26.145,2.0027
1780825421.360331,-0.3376,-0.9475,0.408,237.2595,19.4504,66.0992,1.0855
1780825421.561323,-0.4468,-0.5806,0.5503,250.1298,24.2672,175.3206,0.9162
1780825421.7604024,-0.6436,0.8523,0.1624,250.1298,155.0916,242.2595,1.0802
1780825421.9594698,-0.3936,-0.3928,0.1594,16.084,10.626,7.2748,0.5785
1780825422.1652224,-0.7886,-0.0327,0.7039,-14.4351,-37.7023,-12.9695,1.0575
1780825422.3598142,-0.7976,-0.053,0.3667,-22.626,-5.6412,39.8702,0.8795
1780825422.5630696,-0.6875,0.0276,0.4485,-5.3588,-38.0076,2.7863,0.8213
1780825422.7597573,-0.5696,0.1321,0.5842,4.1908,13.0534,-0.5038,0.8266
1780825422.9602847,-0.8013,-0.3191,0.4395,-29.5267,-16.1069,-35.7481,0.968
1780825423.159926,-0.7148,-0.0767,0.5708,-2.1298,23.6641,6.3664,0.918
1780825423.359977,-0.8025,-0.0828,0.5857,3.5496,-13.3588,-9.0076,0.9969
1780825423.561619,-0.8467,-0.0928,0.5281,-10.5725,8.6718,1.5802,1.0022
1780825423.7680075,-0.751,-0.1003,0.5674,0.4656,-8.7099,-2.8168,0.9466
1780825423.9600763,-0.7908,-0.145,0.4871,9.8244,-26.9008,-6.6336,0.94
0,0,0,0,0,0,0,0

0,0,0,0,0,0,0,0
1780825560.5585802,0.0583,-1.0342,-0.1362,9.1603,0.1221,-3.7786,1.0447
1780825560.7593439,0.0376,-0.9651,-0.1184,9.8855,-7.2137,8.0992,0.9731
1780825560.9541898,0.0352,-1.0083,-0.0859,17.7634,2.0,8.0305,1.0126
1780825561.1543858,-0.0657,-0.9133,-0.0691,32.3053,-8.916,16.084,0.9183
1780825561.3588178,0.071,-0.5168,-0.3782,29.3893,-8.1374,9.8168,0.6444
1780825561.5543816,0.1179,-1.1316,0.6184,-9.5725,30.9389,38.9313,1.2949
1780825561.7549043,-0.6704,-0.7324,1.6147,175.5038,42.1527,44.9237,1.8956
1780825561.956429,0.4944,1.969,1.0078,250.1298,72.5343,-84.7099,2.2665
1780825562.154635,-0.2771,0.5747,0.8765,153.229,107.1603,-103.1756,1.0841
1780825562.364959,-0.7725,0.2622,1.3171,4.3435,-45.2214,-43.4427,1.5493
1780825562.5550926,-0.2771,0.0632,0.7043,-5.2366,-32.2519,-10.9084,0.7595
1780825562.7699165,-0.4558,0.5645,0.8838,-13.9084,-12.2443,38.0763,1.1434
1780825562.9545667,-0.2244,-0.0815,0.6899,26.0153,30.3588,14.2824,0.7301
1780825563.1663291,-0.3157,-0.001,0.832,4.2824,5.7634,1.2214,0.8899
1780825563.3676796,-0.3057,-0.3118,0.9792,14.687,6.1985,-10.4122,1.0722
1780825563.5591068,-0.3372,0.0432,0.9507,2.771,5.3588,-28.5114,1.0096
1780825563.7576847,-0.3679,-0.0378,0.8833,-0.0763,-11.0382,2.2061,0.9576
1780825563.9557679,-0.3813,-0.0959,0.8523,-11.3359,4.0,0.2977,0.9386
0,0,0,0,0,0,0,0
0,0,0,0,0,0,0,0
1780825570.2531776,-0.0435,-0.9382,0.0737,30.6336,-11.8244,7.9618,0.9421
1780825570.4549813,0.0142,-0.9714,-0.0474,5.5038,6.7252,0.2977,0.9727
1780825570.653292,0.0261,-0.8259,-0.166,20.4504,-16.3206,6.3206,0.8429
1780825570.8619187,-0.0627,-0.8186,-0.0862,-9.3664,20.1679,-2.6107,0.8255
1780825571.0536914,0.2417,-0.8147,-0.1133,30.9924,-65.7328,44.1756,0.8573
1780825571.254231,-0.1091,-0.9116,-0.3665,189.7023,29.5573,-3.9847,0.9886
1780825571.4547431,-1.1055,-0.3506,0.3757,250.1298,32.687,-34.7328,1.2191
1780825571.6633365,-0.8047,-0.6541,0.4956,239.916,-55.6031,130.7939,1.1493
1780825571.8582382,-0.4626,-0.1726,0.2117,14.374,26.6336,-84.8321,0.5373
1780825572.054116,-0.6401,0.1418,0.5085,-90.6718,90.7481,15.229,0.8298
1780825572.2577631,-0.3228,0.1365,1.0146,14.2519,-42.9084,-4.6947,1.0735
1780825572.4547908,-0.1379,0.113,0.7908,-15.4885,-49.3282,46.7634,0.8106
1780825572.6680062,-0.0007,0.0859,0.9453,-35.6031,73.0611,67.3053,0.9492
1780825572.8538148,-0.2588,-0.0276,0.4768,29.4122,42.6183,-45.916,0.5432
1780825573.0557868,-0.2566,-0.3086,0.7087,1.5878,-22.145,-16.5649,0.8145
1780825573.2541058,-0.4387,0.0552,0.8123,-12.2214,36.374,12.8931,0.9248
1780825573.4541814,-0.3801,-0.0239,0.8516,-0.6489,2.6565,-6.1679,0.9329
1780825573.6544354,-0.418,-0.0056,0.8413,-4.8015,2.229,2.2519,0.9394
1780825573.8556223,-0.3965,-0.0535,0.8328,-2.9237,-3.6718,-3.9313,0.9239
1780825574.0549111,-0.4236,-0.0291,0.8425,-4.1679,0.687,-0.2977,0.9435
1780825574.254657,-0.3816,0.0178,0.8223,6.5115,-25.2595,-5.2061,0.9067
0,0,0,0,0,0,0,0
0,0,0,0,0,0,0,0
1780825578.690851,0.0828,-0.999,0.0425,5.9084,-11.3359,-0.1756,1.0033
1780825578.8899221,0.0662,-0.8018,-0.1111,-0.2519,6.3282,-0.8092,0.8121
1780825579.0899808,0.2144,-0.7668,-0.2869,-75.3206,3.5267,-15.9695,0.8463
1780825579.2901683,0.2705,0.1321,-0.1414,49.5191,9.2366,29.7176,0.3326
1780825579.491421,0.0269,-1.1863,-0.749,216.2061,-6.0763,115.9008,1.4032
1780825579.690021,-1.123,-0.3416,1.9724,250.1298,-146.2519,63.0992,2.2953
1780825579.8901675,-0.3735,-0.0916,0.0872,229.0458,-64.1832,147.4351,0.3943
1780825580.0899677,-0.6487,-0.448,-0.2119,-222.229,31.1756,-48.1908,0.8163
1780825580.2898667,-0.3684,0.6597,0.9358,-137.374,167.0687,-24.7405,1.2027
1780825580.4908109,-0.2781,0.1589,0.9846,-23.2137,-54.6412,-23.9084,1.0354
1780825580.6895454,-0.1665,0.1963,0.7356,50.9237,-47.1985,-39.7176,0.7793
1780825580.891524,-0.4836,-0.7104,0.564,-23.7634,67.6336,31.2519,1.028
1780825581.0894911,0.01,-0.2615,0.8564,-43.3664,88.6336,-27.229,0.8955
1780825581.2963972,-0.5078,-0.1956,0.8855,-41.2824,2.8855,8.1298,1.0393
1780825581.4905565,-0.2837,0.0757,0.8386,-8.3664,8.8779,6.0458,0.8885
1780825581.6900153,-0.3074,-0.0779,0.8838,-1.4885,7.7481,0.626,0.9389
1780825581.8909812,-0.3845,-0.0264,0.8284,0.6794,-1.313,2.4275,0.9136
1780825582.09451,-0.4048,-0.0129,0.8428,2.8931,-2.1908,-0.7328,0.935
1780825582.2932982,-0.3896,-0.0156,0.8628,-4.3893,-6.5115,-2.0763,0.9468
1780825582.5020885,-0.3721,-0.0203,0.8501,-7.3282,5.5725,1.7176,0.9282
1780825582.6915097,-0.3679,-0.0452,0.8523,-6.2366,1.6107,-3.6947,0.9294
1780825582.88997,-0.2961,-0.0476,0.7712,37.2824,-22.8626,8.0687,0.8275
1780825583.0896645,-0.3208,0.105,0.8306,17.1221,-25.7405,9.1527,0.8965
1780825583.2907035,-0.3113,0.053,0.9014,-4.9618,-7.9695,1.1832,0.9551
1780825583.4904673,-0.3416,0.0481,0.8577,-5.5573,5.229,4.3893,0.9244
0,0,0,0,0,0,0,0
0,0,0,0,0,0,0,0
1780825588.0005817,0.1396,-1.0339,0.0977,-0.7099,1.5802,-5.0382,1.0479
1780825588.2003734,0.0984,-0.8889,-0.072,2.2977,5.5725,6.374,0.8972
1780825588.4004624,0.0156,-0.761,-0.0908,-31.5114,-4.6489,13.2366,0.7665
1780825588.6083713,0.1292,-0.3701,0.176,19.4886,13.7939,17.229,0.4297
1780825588.7996047,0.6128,-1.4561,-0.7092,6.542,60.2977,-29.2824,1.7317
1780825589.0128636,-0.6853,-1.042,0.9141,73.229,75.7328,106.3511,1.5463
1780825589.1994214,-0.1787,-0.2869,0.0208,-3.8931,32.5344,35.1069,0.3386
1780825589.4023714,-0.7268,-0.3484,0.4636,250.1298,-70.0687,171.7863,0.9298
1780825589.5999546,-0.457,-0.4194,0.0369,5.2748,60.0305,-203.8244,0.6214
1780825589.799972,-0.5176,0.394,0.5107,-35.6183,-11.4809,106.0382,0.8271
1780825589.999878,-0.7246,-0.075,0.7781,-7.0458,-7.8473,9.2366,1.0659
1780825590.1998286,-0.6143,-0.1147,0.7087,-7.1908,7.1069,-4.1756,0.9449
1780825590.4058602,-0.634,-0.0791,0.7959,-0.2214,-6.2595,-17.0382,1.0206
1780825590.5997825,-0.5798,-0.1096,0.7546,-5.7557,3.4885,7.2672,0.958
1780825590.799683,-0.5732,-0.1006,0.7593,-2.3664,-2.2214,-2.0916,0.9567
1780825591.011659,-0.5571,-0.1487,0.7339,-1.3817,-4.3206,-0.0076,0.9333
1780825591.2097182,-0.5698,-0.1082,0.7625,-3.0992,0.374,-1.9618,0.958
1780825591.399873,-0.5535,-0.1174,0.7397,-0.6183,-1.5191,-2.7328,0.9313
1780825591.6095858,-0.5618,-0.0967,0.7632,1.2214,-6.4122,0.9084,0.9526
1780825591.799695,-0.5149,-0.1294,0.7036,7.7786,-21.1603,3.5038,0.8814
0,0,0,0,0,0,0,0
0,0,0,0,0,0,0,0
1780825595.48711,0.1926,-0.8801,-0.1958,15.8015,-10.9008,1.7176,0.922
1780825595.687342,-0.1641,-0.3408,0.0776,-46.2977,39.4809,4.2595,0.3861
1780825595.8866756,0.4888,-1.5044,-0.7166,-66.9542,93.0382,29.2977,1.7365
1780825596.086738,0.1067,-1.4185,0.0383,250.1298,83.9924,80.7863,1.423
1780825596.2894697,-0.1841,0.0688,0.5554,157.7557,83.5878,166.4733,0.5892
1780825596.489536,-0.8958,1.8469,1.3301,40.7557,-34.8855,138.9542,2.4459
1780825596.6863854,-0.4067,-0.376,0.7815,110.7405,2.1298,103.2595,0.9579
1780825596.888072,-0.7395,-0.2688,0.7122,22.1527,-22.7557,-47.2595,1.0613
1780825597.0876293,-0.5466,0.1003,0.625,52.4198,-16.2137,-24.5038,0.8364
1780825597.2872417,-0.5391,-0.604,0.7625,-4.2366,-62.9695,34.145,1.1121
1780825597.4875205,-0.5989,-0.0549,0.7466,4.1145,8.7863,-21.9008,0.9587
1780825597.687355,-0.8201,-0.146,0.5334,-37.1527,16.4962,-32.313,0.9891
1780825597.8870032,-0.6155,0.0056,0.7756,32.2366,-41.3282,0.6031,0.9902
1780825598.0912125,-0.6941,-0.1721,0.6958,1.2901,-9.1679,-7.8702,0.9978
1780825598.2919323,-0.6172,-0.2039,0.6902,-5.3893,-14.229,1.2061,0.9481
1780825598.494302,-0.5811,-0.1274,0.7205,-3.0305,-5.5573,-3.2443,0.9343
1780825598.6878297,-0.6221,-0.135,0.7134,1.5496,-2.4046,4.0992,0.9561
1780825598.8868837,-0.6375,-0.1472,0.7024,-0.5649,1.5344,-1.0687,0.9599
1780825599.087547,-0.6077,-0.1682,0.6663,2.2137,-9.1603,4.3282,0.9173
0,0,0,0,0,0,0,0
0,0,0,0,0,0,0,0
1780825602.3837447,0.1914,-0.918,-0.1782,6.4962,6.7634,-22.9924,0.9545
1780825602.5834174,0.0347,-0.5896,-0.1248,-12.0076,-30.0763,4.9466,0.6037
1780825602.7831345,-0.0981,-0.3552,-0.0251,41.2824,-31.8626,16.4351,0.3694
1780825602.9941554,0.0466,-1.5159,-1.1604,-57.0,6.2061,82.8397,1.9096
1780825603.1841571,-0.8188,-2.0,1.1436,127.2519,141.916,25.7786,2.445
1780825603.3882751,-0.2537,-0.2708,0.0518,175.8779,2.2137,203.8321,0.3746
1780825603.583624,-1.0195,-1.1699,-0.0933,-132.7634,62.084,-34.6565,1.5546
1780825603.7833283,-1.6289,0.4912,1.9999,-21.8397,-67.4809,74.0382,2.6257
1780825603.9991446,-0.7722,-0.0703,0.5444,43.0076,-29.2519,-14.7939,0.9475
1780825604.183579,-0.6584,-0.2268,0.5613,24.4351,-3.9695,-36.2977,0.8944
1780825604.396434,-0.6807,-0.2607,0.6638,-68.1985,17.6107,-26.1221,0.9859
1780825604.5825982,-0.2979,-0.0376,0.5745,9.0305,17.2672,58.2061,0.6482
1780825604.7835383,-0.6045,0.1738,0.5107,-8.2137,25.0534,31.5344,0.8102
1780825604.9834125,-0.3762,-0.3926,0.6516,-33.1374,17.1756,-66.8931,0.8487
1780825605.1835792,-0.6892,-0.0723,0.6765,-9.9313,-0.8244,20.2443,0.9685
1780825605.3831325,-0.5493,-0.2134,0.7454,0.3359,-5.313,2.2214,0.9502
1780825605.5871367,-0.5789,-0.1438,0.7354,-0.3359,-3.6794,-1.0763,0.9468
0,0,0,0,0,0,0,0
0,0,0,0,0,0,0,0
1780825608.9636126,0.1289,-0.8748,-0.1943,25.8015,-25.5802,-15.2595,0.9053
1780825609.1657503,-0.0393,-0.5496,-0.1641,34.6565,-13.0916,4.4656,0.5749
1780825609.3638449,-0.1018,-0.2671,0.0415,39.3359,-12.9084,14.7328,0.2888
1780825609.5629013,-0.0701,-1.0369,-1.0183,41.458,-21.7023,169.771,1.455
1780825609.763812,-2.0,-2.0,1.9999,-4.5878,-96.3511,30.313,3.4641
1780825609.9632673,-0.0203,0.0142,0.2007,75.0534,64.7405,19.3511,0.2022
1780825610.1634755,-0.6033,0.5708,1.2178,227.9084,105.1145,-71.5878,1.474
1780825610.3635104,-0.2249,-0.1572,0.3743,56.8397,21.4427,-52.229,0.4641
1780825610.5630364,-0.5894,0.146,0.6948,45.5954,-100.6336,3.7481,0.9227
1780825610.7626927,-0.4539,0.0339,0.5417,13.1298,-49.4046,20.9924,0.7076
1780825610.96604,0.3364,-0.2412,0.8523,1.6947,22.6489,-35.5344,0.9475
1780825611.166886,-0.4329,-0.0554,0.9487,-7.6718,34.7863,1.0,1.0443
1780825611.3694017,-0.6216,-0.2307,0.6401,-45.4198,25.8779,5.7405,0.9216
1780825611.5636296,-0.2786,-0.1313,0.9832,-7.5191,-12.0916,-12.5878,1.0303
1780825611.7630906,-0.4595,-0.2036,0.8435,-5.4351,8.8626,1.7786,0.9819
1780825611.963367,-0.429,-0.178,0.8262,-4.8702,-0.1603,2.084,0.9478
1780825612.1639268,-0.4771,-0.1624,0.8105,-4.0763,8.7481,1.5573,0.9544
1780825612.3627746,-0.467,-0.125,0.7986,6.4427,-4.916,-7.2061,0.9335
1780825612.613582,-0.4351,-0.168,0.8186,3.3053,-4.1069,-1.7176,0.9421
1780825612.7768104,-0.4121,-0.1169,0.8389,6.229,-9.6031,-6.2137,0.9419
0,0,0,0,0,0,0,0
0,0,0,0,0,0,0,0
1780825619.912514,0.0337,-0.9417,0.0728,24.4733,-23.7023,6.687,0.9451
1780825620.1125042,0.0232,-0.8486,-0.0801,40.916,-40.5725,-2.7863,0.8527
1780825620.312832,0.0349,-0.3142,-0.0742,24.2061,-32.2901,21.1298,0.3247
1780825620.511903,0.2546,-2.0,-0.9631,3.9237,-19.3893,-80.374,2.2344
1780825620.7128842,-0.6882,-1.4758,0.0518,171.9542,-30.0611,98.9313,1.6292
1780825620.9125688,0.0986,-0.1533,0.0876,130.9237,34.9847,65.9084,0.2023
1780825621.1132567,0.0571,1.9999,0.9148,-123.0687,135.9237,-121.7099,2.2
1780825621.3188944,-0.3708,-0.1138,0.2637,63.0153,7.5802,40.0,0.469
1780825621.5142205,-0.4758,-0.0178,0.6917,15.1603,-58.1603,-16.3053,0.8397
1780825621.7184536,-0.6218,-0.2139,0.7236,14.4351,-109.5343,-23.7099,0.9778
1780825621.91314,-0.2925,-0.0378,0.8989,42.2443,-34.4656,0.6183,0.9461
1780825622.1126792,-0.7485,-0.1277,0.7932,27.7786,28.4046,6.6031,1.0981
1780825622.313394,-0.3477,-0.1492,0.8125,34.0229,-60.6489,-17.0076,0.8963
1780825622.5251954,-0.447,-0.1772,0.7725,2.2214,9.8321,-10.0763,0.9099
0,0,0,0,0,0,0,0
0,0,0,0,0,0,0,0
1780825628.3606982,-0.0032,-0.9766,0.1331,4.4198,-13.0916,1.7863,0.9856
1780825628.5629528,-0.02,-0.8835,-0.0044,3.7328,5.3282,1.0458,0.8838
1780825628.7747302,0.1013,-0.5356,0.0281,20.9237,-34.2901,27.8702,0.5459
1780825628.9616945,0.1228,-1.2837,-0.2041,11.7405,49.4122,41.1069,1.3056
1780825629.1616597,-0.126,-0.8447,-0.6538,5.1221,74.0382,-2.8626,1.0756
1780825629.3622732,-1.0474,-2.0,1.9999,250.1298,151.9466,163.9237,3.0161
1780825629.576483,-0.4358,0.1514,0.0356,141.9389,-11.7405,46.4885,0.4627
1780825629.7611077,-0.7607,0.8333,-0.2183,-181.9084,116.0763,-64.2443,1.1492
1780825629.96161,-2.0,0.5532,1.9999,146.4962,-73.9618,57.2443,2.882
1780825630.1607523,-0.5469,-0.0518,0.9319,-17.0687,-43.0916,-28.084,1.0817
1780825630.3671925,-0.437,-0.0857,0.7544,-24.3435,-65.6565,7.4198,0.876
1780825630.5653052,-0.2222,-0.0166,1.0088,39.3588,-35.1298,-10.6412,1.0331
1780825630.7637963,-0.4973,-0.0571,0.8574,18.3359,4.4122,-13.313,0.9929
1780825630.961666,-0.3936,-0.04,0.7937,6.8855,-22.2595,-22.4504,0.8868
1780825631.1612794,-0.333,-0.0649,0.9019,4.5878,-1.229,-12.0305,0.9636
1780825631.36189,-0.4014,-0.0916,0.8555,-1.0153,-3.542,-6.8321,0.9494
1780825631.5613654,-0.2625,-0.1106,0.8701,-0.0076,-21.8855,10.8244,0.9155
0,0,0,0,0,0,0,0
0,0,0,0,0,0,0,0
1780825635.525373,0.0356,-0.9302,-0.0654,10.7252,-22.0076,1.8015,0.9332
1780825635.7242534,-0.0649,-0.7817,-0.0715,21.4962,-16.1298,4.6412,0.7877
1780825635.9243371,0.1067,-0.3015,-0.1262,0.2901,-33.8931,9.4275,0.3438
1780825636.1238081,0.5339,-1.9724,-0.4116,-152.3512,21.1603,-84.5802,2.0844
1780825636.3257284,-0.063,-1.2322,-0.2075,114.374,-4.542,58.8855,1.2511
1780825636.5329287,0.2292,-0.3113,-0.3706,-25.5267,-217.5954,-17.8855,0.5355
1780825636.7246904,0.0674,1.9999,1.9999,-34.4275,162.2061,100.2443,2.8291
1780825636.923606,-0.3591,0.0837,0.4841,155.1527,94.626,-65.7863,0.6086
1780825637.1367443,-0.7637,-0.0491,1.0142,-12.8931,-28.5649,-35.9695,1.2705
1780825637.3243313,-0.4485,-0.2588,1.1118,14.5267,-78.3359,-22.0916,1.2265
1780825637.5241363,-0.4878,0.0039,0.9648,-2.4656,0.542,6.2137,1.0811
1780825637.7240756,-0.8062,-0.0994,0.5225,-21.9771,25.2061,-1.7405,0.9658
1780825637.9350643,-0.4285,-0.1245,0.7959,-4.855,-8.2824,-13.916,0.9124
1780825638.12447,-0.5396,-0.1125,0.7437,-4.8092,4.4962,-0.2901,0.9256
1780825638.3236382,-0.533,-0.1101,0.738,1.6641,1.4656,0.0534,0.917
1780825638.5245016,-0.5293,-0.0911,0.7539,1.2137,1.6107,0.5802,0.9256
1780825638.7242446,-0.5522,-0.0747,0.7622,-1.3511,0.5115,0.542,0.9442
1780825638.9388824,-0.5461,-0.0645,0.7654,-1.4733,-0.2519,0.1603,0.9425
1780825639.1425955,-0.5376,-0.0618,0.7756,-3.4962,-2.687,-1.8702,0.9457
0,0,0,0,0,0,0,0
0,0,0,0,0,0,0,0
1780825643.5198872,0.0425,-0.9631,0.0603,35.6565,-14.8626,3.0382,0.966
1780825643.723396,0.1265,-1.0051,-0.031,3.7634,-10.3282,-0.1221,1.0135
1780825643.919242,0.0325,-0.8816,-0.0564,12.0382,-20.8931,-2.0611,0.884
1780825644.1195927,-0.0322,-0.9521,-0.0815,2.5038,-22.8855,11.0305,0.9562
1780825644.320042,0.1926,-0.2375,-0.1528,32.6947,-72.3206,2.1145,0.3419
1780825644.5323627,-0.0278,-0.6038,-0.5029,3.0763,50.8321,61.6794,0.7863
1780825644.719925,-0.9243,-2.0,1.9999,250.1298,142.5802,31.4351,2.9756
1780825644.9202917,-0.4814,0.333,0.0737,58.1069,90.3282,191.8702,0.59
1780825645.1198466,-0.5591,-0.7476,0.0566,-34.9771,-98.916,23.3206,0.9352
1780825645.321779,-0.6516,0.0701,0.8115,-129.916,193.4809,-8.9618,1.0431
1780825645.521813,-0.5457,0.0273,0.9307,11.6107,-29.2901,-18.2901,1.0792
1780825645.7191625,-0.4863,0.4758,0.6248,-0.8626,2.916,13.687,0.9237
1780825645.9749472,-0.2732,0.0571,0.8418,3.9847,7.4046,23.7099,0.8869
1780825646.1198452,-0.3123,0.1753,0.8064,41.9542,19.8397,2.6947,0.8823
1780825646.3199131,-0.2986,-0.5295,0.959,-6.2901,20.9771,6.6107,1.1354
1780825646.519482,-0.3511,0.1687,0.9463,-10.7328,10.7252,9.2748,1.0233
1780825646.7242587,-0.3828,-0.1443,0.8528,4.8168,-11.7023,-5.5191,0.9458
1780825646.9201782,-0.387,-0.1123,0.8711,-8.9847,5.5725,-3.0305,0.9598
1780825647.1220355,-0.3354,-0.0994,0.8623,1.6947,-12.2366,-3.0763,0.9306
1780825647.319447,-0.3274,-0.0771,0.8545,-2.8855,-2.6718,1.4275,0.9183
1780825647.523797,-0.3442,-0.0857,0.833,3.2137,-12.8397,-0.2366,0.9054
0,0,0,0,0,0,0,0
0,0,0,0,0,0,0,0
1780825652.0983493,0.1277,-1.0139,0.1096,-0.3969,-5.3893,3.0458,1.0278
1780825652.297574,0.0828,-0.9106,0.0396,5.9389,13.1832,7.0,0.9153
1780825652.499807,0.1304,-0.8523,-0.0654,12.1756,8.6336,3.1298,0.8647
1780825652.7052038,0.0493,-0.3701,-0.1042,38.5344,-4.6565,11.313,0.3877
1780825652.8990903,0.4082,-2.0,-0.6367,-73.8626,23.2595,-131.9847,2.1382
1780825653.0993285,0.2708,-1.1016,-0.2673,-9.0458,17.0076,52.0305,1.1654
1780825653.2985444,0.3821,-1.1736,0.3838,146.5496,76.6489,67.3893,1.2925
1780825653.4987657,-0.6873,-0.5679,0.2771,222.2061,19.7405,78.9389,0.9336
1780825653.6987886,-0.2432,-0.4814,0.2158,-109.6107,-9.6031,-63.1145,0.5809
1780825653.899047,-0.2544,0.2087,0.8999,-107.6107,60.9771,-19.6489,0.9582
1780825654.0982559,-0.564,0.1375,0.687,1.4122,-9.8397,23.5802,0.8994
1780825654.2982106,-0.7722,-0.1038,0.6624,-40.0382,15.2595,-28.8702,1.0226
1780825654.497564,-0.2861,-0.1694,1.022,19.8092,-46.4733,-2.8397,1.0747
1780825654.7008157,-0.7153,0.4229,0.937,11.5878,14.8702,-4.6031,1.2524
1780825654.8979475,-0.2485,-0.3901,0.8516,3.3359,-30.5878,-5.6565,0.9691
1780825655.1036081,-0.6816,0.093,0.8347,-13.7939,28.7557,5.2901,1.0817
1780825655.297902,-0.3489,-0.2122,0.8621,4.1221,-23.1069,-1.084,0.9539
1780825655.5114918,-0.5146,-0.0688,0.75,-0.374,5.0458,9.4962,0.9122
1780825655.698943,-0.4626,-0.1284,0.8093,-7.7099,4.7023,1.8779,0.941
1780825655.8982322,-0.5222,-0.0747,0.8489,1.9389,0.9847,-0.5649,0.9994
1780825656.0980928,-0.4778,-0.0674,0.8062,-2.1298,-1.0229,3.313,0.9395
1780825656.302208,-0.467,-0.0942,0.7991,-3.4962,-6.4504,-3.3893,0.9303
1780825656.5180566,-0.4717,-0.113,0.8103,-1.458,-4.084,-0.0611,0.9444
1780825656.7040772,-0.4634,-0.0986,0.8103,-1.3893,-8.0076,-2.687,0.9386
0,0,0,0,0,0,0,0
0,0,0,0,0,0,0,0
1780825660.8740013,0.1506,-0.9946,0.0769,-1.6489,2.1908,-3.6412,1.0089
1780825661.074061,0.0862,-0.9539,0.019,-27.9313,-9.0153,4.2519,0.9579
1780825661.2752042,0.0574,-0.5786,-0.1995,-6.4962,-31.4275,-19.7786,0.6147
1780825661.4741397,0.1821,-0.97,-0.0386,-26.4046,-75.1908,-7.374,0.9877
1780825661.674186,-0.2209,-0.5859,-0.6973,20.3282,42.9008,45.8626,0.9372
1780825661.8732812,-0.147,-0.9036,0.002,217.6488,88.1756,51.2366,0.9154
1780825662.074185,-0.2078,-0.2292,-1.7302,188.8779,-106.1908,35.9771,1.7577
1780825662.2738826,-0.6309,0.7634,1.9999,250.1298,13.9237,-72.374,2.2317
1780825662.4802058,-0.7332,0.3442,0.4832,176.2519,-29.4275,-188.6031,0.9431
1780825662.6959,-0.3984,0.3965,1.0513,-190.4046,-73.0534,47.5267,1.1921
1780825662.886224,-0.2278,-0.1174,0.8672,-10.2214,30.3511,-46.2977,0.9043
1780825663.0737429,-0.0959,0.4534,0.8323,-17.374,-33.2672,-0.9771,0.9526
1780825663.273905,0.2832,0.363,0.2166,8.4733,-8.3206,2.2137,0.5088
1780825663.4729266,0.0068,0.1304,0.5979,48.8702,1.4351,35.9466,0.612
1780825663.672987,-0.2058,-0.4004,0.9268,-30.5038,11.5344,2.916,1.0303
1780825663.8735585,-0.1909,-0.0962,0.9631,-13.2824,8.0076,-14.1603,0.9866
1780825664.0742733,-0.364,-0.1582,0.9028,-11.5115,1.1756,7.7939,0.9862
1780825664.2738245,-0.1904,-0.1899,0.8501,20.8168,6.7328,2.229,0.8916
1780825664.473356,-0.239,-0.0964,0.8979,4.6794,-0.9466,2.7481,0.9342
1780825664.6739495,-0.2412,-0.1135,0.8962,-2.7939,-1.687,-2.1908,0.935
0,0,0,0,0,0,0,0
0,0,0,0,0,0,0,0
1780825671.0026114,-0.0154,-0.9795,0.0574,0.1374,-2.4427,2.9847,0.9813
1780825671.2015657,0.0073,-0.9915,-0.0437,-12.5802,7.3053,-0.6718,0.9924
1780825671.40173,0.0125,-0.9778,-0.0652,-1.3206,-4.1985,-1.8244,0.98
1780825671.603,0.0122,-0.9607,-0.0923,12.3817,-2.2443,3.3282,0.9652
1780825671.8036685,0.0173,-0.9023,-0.1724,17.2519,-5.2519,5.9771,0.9188
1780825672.00171,0.0767,-0.6008,0.0823,-79.8702,13.0229,-0.1832,0.6113
1780825672.2035491,-0.3254,-0.8547,-0.125,166.6565,-80.7557,106.8092,0.9231
1780825672.402769,-1.0923,-0.1753,0.7771,107.6412,-50.4351,89.3969,1.3519
1780825672.6020644,-0.3054,-1.0271,0.4619,131.3512,-59.8397,88.6336,1.1669
1780825672.8016753,-0.3765,1.9199,0.793,-250.1374,72.6183,135.6947,2.1111
1780825673.0017657,-0.5576,0.0781,1.4861,-0.2443,-61.5038,-43.8397,1.5892
1780825673.2015088,-0.6243,-0.1357,0.6951,11.7176,-57.771,12.374,0.9441
1780825673.4021509,-0.4138,0.3765,0.6873,25.8168,-32.3817,-20.3511,0.8862
1780825673.6031802,-0.4626,-0.343,0.6599,-0.9847,35.6031,9.2443,0.8759
1780825673.801777,-0.2927,0.2029,0.8601,5.1221,11.4427,-15.3053,0.9309
1780825674.0049636,-0.5046,-0.3218,0.9458,2.2214,-47.5802,-15.0,1.1193
1780825674.2011833,-0.457,0.1528,0.8826,-10.3435,3.9847,-4.1298,1.0056
1780825674.4024675,-0.4436,-0.0488,0.845,4.8015,-5.1069,6.6794,0.9556
1780825674.6068292,-0.5039,-0.0093,0.8162,-0.9924,-2.9313,-0.8779,0.9592
1780825674.8017366,-0.459,-0.0425,0.8164,-0.229,-4.3511,2.0916,0.9375
0,0,0,0,0,0,0,0
0,0,0,0,0,0,0,0
1780825679.2974534,-0.0518,-0.928,-0.0457,13.9084,-14.3969,-3.2061,0.9305
1780825679.4967442,0.0869,-0.5791,-0.1023,-2.2061,-28.1298,23.0305,0.5945
1780825679.6973734,-0.0818,-0.2144,-0.3303,88.9542,-4.6031,38.0916,0.4022
1780825679.8977976,-0.571,-0.6934,0.9185,219.9389,-8.3511,162.0153,1.2847
1780825680.0979397,0.0154,-0.9907,-0.5195,92.1527,0.916,57.7939,1.1188
1780825680.2967768,-0.6206,1.9999,-0.2202,-175.7328,250.1298,-82.916,2.1056
1780825680.4984686,-0.1716,0.0422,0.4856,74.0611,-44.0382,31.4962,0.5168
1780825680.6975942,-0.5066,-0.0969,0.8547,8.5115,15.5115,-18.3588,0.9983
1780825680.9001346,-0.4983,-0.0322,0.7468,24.0916,-1.9771,29.6489,0.8984
1780825681.101944,-0.4324,-0.9182,1.822,27.2672,-17.7099,-12.9618,2.0856
1780825681.2970743,-0.5598,-0.1511,1.3987,-29.1298,54.0916,-48.4275,1.5141
1780825681.4974148,-0.6108,0.0781,0.8853,-3.0305,-18.6412,-18.5344,1.0784
1780825681.6968684,-0.2231,0.0168,0.8684,20.3282,-29.6947,-12.084,0.8968
1780825681.898468,-0.4016,-0.0085,0.8838,-17.7863,8.6794,3.9466,0.9708
1780825682.0977168,-0.3611,-0.0571,0.8223,4.2748,4.7786,1.6183,0.8999
1780825682.2966971,-0.3931,-0.0952,0.8684,-1.9924,-7.0763,0.4198,0.958
0,0,0,0,0,0,0,0
0,0,0,0,0,0,0,0
1780825685.8276308,-0.0767,-0.8721,-0.4834,43.6489,-23.6412,-22.5344,1.0
1780825686.032765,0.2173,-0.9248,-0.4946,-5.4885,56.9466,1.2443,1.071
1780825686.2415726,-0.05,-0.0769,-0.3184,159.3512,39.0076,85.2824,0.3313
1780825686.426339,0.1877,-0.9893,-0.8887,-112.6641,-7.3969,-44.0611,1.343
1780825686.6287098,0.0046,-1.7139,0.1985,185.6947,-162.0534,111.0,1.7253
1780825686.8303971,0.1101,0.0742,-0.0469,160.9237,5.7328,161.5038,0.1408
1780825687.0284898,-0.9006,-0.5537,0.1279,-250.1374,186.6031,-128.5725,1.0649
1780825687.2269928,-0.437,0.488,1.0549,4.0305,-71.9084,-16.6031,1.2418
1780825687.428118,-0.3049,0.5281,0.7751,7.0229,-26.7939,-5.0,0.9863
1780825687.6266658,-0.3879,-0.0066,0.7065,-8.7176,19.9695,-45.0611,0.8061
1780825687.826779,-0.6177,-0.0835,0.8486,20.4198,24.3664,-3.7176,1.0529
1780825688.0264878,-0.3901,-0.3884,0.9778,22.7176,-61.2214,-39.0153,1.1221
1780825688.2257116,-0.4192,0.3984,0.7126,44.9466,-58.145,67.6641,0.9178
1780825688.4256766,-0.6187,0.2109,0.6821,23.626,29.7481,-12.0687,0.9447
1780825688.6269214,-0.3496,-0.0718,0.8025,-23.1527,8.4198,29.4656,0.8783
0,0,0,0,0,0,0,0
0,0,0,0,0,0,0,0
1780825691.7911425,0.1399,-0.8154,-0.3875,58.0916,-23.0763,-8.0534,0.9136
1780825691.9767544,-0.0105,-0.7566,-0.4585,10.4275,26.2061,-9.8473,0.8847
1780825692.1774342,-0.1633,-0.053,0.0232,13.7939,-13.7252,51.5191,0.1733
1780825692.3783407,-0.0781,-0.5762,-0.6035,-45.5954,-127.4809,128.6183,0.838
1780825692.5759704,-2.0,-2.0,0.4138,21.4351,-195.2214,68.0992,2.8585
1780825692.7771833,-0.0764,-0.1531,-0.0598,124.0076,-73.1985,88.313,0.1812
1780825692.975945,-0.4846,0.2661,0.3411,-85.8626,-40.2366,-81.8244,0.6496
1780825693.1768298,-0.7847,0.668,1.5754,83.0534,48.1908,-18.2977,1.8825
1780825693.377458,-0.5212,0.5273,0.8486,-11.9466,15.8397,-51.6565,1.1269
1780825693.5770295,-0.7024,0.1445,0.8694,-19.6794,13.7634,-39.0611,1.127
1780825693.7758615,-0.6067,0.197,0.7134,23.2977,-56.9618,-33.145,0.957
1780825693.9799757,-0.833,-0.3613,0.7832,-69.8779,25.3282,-35.0534,1.1991
1780825694.1768546,-0.4905,-0.0491,1.0642,26.6336,-23.6183,18.8015,1.1728
1780825694.3772008,-0.7986,0.3088,1.1177,43.3893,-21.9924,20.9847,1.4079
1780825694.5808992,-0.5408,-0.0295,0.7642,0.9695,-33.1603,-9.5344,0.9366
1780825694.7837696,-0.498,-0.0286,0.7161,-0.3893,-3.0916,-2.5038,0.8727
0,0,0,0,0,0,0,0
0,0,0,0,0,0,0,0
1780825698.2245245,-0.0862,-0.7319,-0.4204,56.7099,-2.2214,7.6565,0.8485
1780825698.422607,-0.1321,-0.6094,-0.2698,5.1679,6.2137,15.1679,0.6794
1780825698.6255295,-0.2151,-0.1433,0.0195,19.313,-25.6947,4.8779,0.2592
1780825698.8228633,-0.0984,-1.9495,-0.9055,25.626,90.771,66.2061,2.1518
1780825699.0228155,-0.4377,-0.0945,-0.4612,-77.9466,56.6183,-44.9542,0.6428
1780825699.2222936,1.9999,1.9999,1.9999,-116.4198,-123.8397,164.8244,3.464
1780825699.4223063,0.1279,0.218,0.9717,-22.1679,98.7481,160.3282,1.004
1780825699.6262867,-0.5752,0.2927,0.5339,-32.2977,29.0153,14.6641,0.8376
1780825699.8226385,-0.415,0.3035,1.0322,-33.2824,33.916,-99.9542,1.1532
1780825700.025089,-0.9414,-0.5151,0.1494,-34.2443,20.687,-61.7252,1.0835
1780825700.2232497,-0.5305,0.0798,1.2456,-55.0687,7.6718,-69.7634,1.3562
1780825700.4237523,-0.8513,0.1624,0.75,8.3893,22.1298,52.687,1.1461
1780825700.6222074,-0.554,-0.0869,0.8083,2.3359,23.6641,15.7557,0.9838
1780825700.8224063,-0.4692,-0.0632,0.7371,8.2137,-12.9389,11.2824,0.876
0,0,0,0,0,0,0,0
0,0,0,0,0,0,0,0
1780825708.122368,-0.1394,-0.8662,-0.304,21.5344,-12.1374,-2.6718,0.9285
1780825708.3224187,-0.2278,-0.9419,-0.3015,15.4275,-18.4656,-0.4198,1.0149
1780825708.5287194,-0.2444,-0.8662,-0.2476,5.8931,-23.7405,6.7786,0.9335
1780825708.7220724,-0.1262,-0.3616,-0.2043,11.313,-61.542,13.1679,0.4341
1780825708.9223008,-1.1758,-2.0,-1.4319,76.626,54.6183,-250.1374,2.7263
1780825709.1217928,-0.2168,-0.499,-0.6011,-1.9389,87.084,1.0763,0.8107
1780825709.32228,-1.6477,-2.0,0.8008,155.4733,-77.7176,-53.3664,2.7122
1780825709.524797,-0.4646,-0.022,0.0901,65.5343,-148.8626,14.2214,0.4738
1780825709.7223473,-0.533,-0.0322,0.0242,77.6947,-97.0916,-181.084,0.5345
1780825709.9224494,-0.6692,0.1584,1.1956,12.7786,118.1145,-40.4198,1.3792
1780825710.1221392,-0.405,-0.2449,1.3311,0.6489,-6.0076,-65.7176,1.4127
1780825710.3226602,-0.2212,0.1323,0.8105,-31.7863,-7.9389,-17.1832,0.8505
1780825710.52208,-0.0229,-0.4768,1.1262,-3.7939,-117.2061,-12.3588,1.2232
1780825710.7225196,-0.4319,-0.2061,1.0139,34.9084,34.6412,35.3359,1.1212
1780825710.9222538,-0.2908,0.0769,1.0315,-0.9466,-15.9466,-16.916,1.0744
1780825711.1221323,-0.4497,-0.0967,0.8059,-15.0076,1.4733,-20.4427,0.9279
1780825711.3227265,-0.3918,0.0535,0.9131,0.5802,3.0916,-7.0916,0.9951
1780825711.5292714,-0.3647,-0.0327,0.865,-1.0076,-1.7099,-5.8397,0.9393
0,0,0,0,0,0,0,0
0,0,0,0,0,0,0,0
1780825716.6147804,0.0154,-0.9768,0.0776,8.4122,1.1374,3.5267,0.98
1780825716.8081272,-0.0425,-0.9868,0.0659,10.4427,0.1527,2.687,0.9899
1780825717.0091019,-0.0598,-0.8782,-0.002,1.6031,-16.1145,4.145,0.8802
1780825717.2079172,-0.0195,-0.5198,-0.1265,26.3511,-34.4809,15.3206,0.5353
1780825717.417483,-0.1804,-1.0667,-0.0081,9.9237,-35.0992,14.7634,1.0818
1780825717.609349,-0.3464,-1.3569,-0.2007,64.313,9.9771,-11.5649,1.4148
1780825717.8075805,0.2307,0.1062,0.8047,4.7099,-250.1374,-126.1908,0.8438
1780825718.0075474,-0.4917,-0.4988,1.0728,250.1298,31.7939,63.7481,1.2812
1780825718.2093768,-1.9019,0.7991,1.1667,-88.9695,73.8168,6.2519,2.37
1780825718.4168463,-0.22,-0.28,0.5215,-35.4046,71.687,13.5115,0.6315
1780825718.6098263,-0.2805,0.2156,0.8831,-14.9847,-21.8015,-20.4962,0.9513
1780825718.8087575,-0.551,0.0522,0.8647,34.0076,4.7939,15.6718,1.0267
1780825719.013397,-0.4258,0.0903,0.8096,6.8092,-12.8168,34.1985,0.9192
1780825719.2096167,-0.4712,0.1851,0.8691,-5.2214,15.5954,4.3893,1.0058
1780825719.4248676,-0.4133,0.1077,0.8418,-7.2519,7.5344,-3.7176,0.944
1780825719.6275465,-0.437,0.094,0.8452,-1.7176,-4.7557,-4.9542,0.9561
1780825719.8143902,-0.4358,0.0767,0.8367,-4.7023,-2.542,-2.0,0.9465
1780825720.0085504,-0.397,0.0664,0.8455,-4.6336,-17.1908,-0.1679,0.9364
0,0,0,0,0,0,0,0
0,0,0,0,0,0,0,0
1780825757.844796,0.0054,-0.9543,-0.2825,3.5649,-8.5802,-6.4885,0.9953
1780825758.043751,-0.0857,-1.012,-0.2966,-14.1756,17.7176,12.9771,1.058
1780825758.2435272,-0.1519,-0.9543,-0.1929,-2.9618,-5.4046,0.0687,0.9854
1780825758.4434414,-0.1187,-0.957,-0.2041,4.5267,-3.6336,3.8321,0.9857
1780825758.6469975,-0.1655,-0.9417,-0.1975,2.7176,-6.0,-1.3817,0.9763
0,0,0,0,0,0,0,0
0,0,0,0,0,0,0,0
1780825767.9533165,-0.0259,-0.9465,-0.1387,22.8855,-5.4962,-2.0382,0.957
1780825768.1489801,-0.01,-0.9822,-0.1912,4.7176,0.8626,2.8321,1.0007
1780825768.3488925,-0.01,-0.9783,-0.1604,2.0382,-10.1374,-1.5496,0.9914
1780825768.5494528,-0.053,-0.9968,-0.1819,7.4809,-2.9695,5.0763,1.0147
1780825768.7493765,-0.0308,-0.9675,-0.1516,16.229,0.7023,4.3053,0.9798
1780825768.9498992,-0.0581,-0.9531,-0.1226,21.9389,7.6565,8.0382,0.9627
1780825769.1505167,-0.0439,-0.8345,-0.0928,30.3511,8.9771,17.5954,0.8408
1780825769.349742,-0.0476,-0.5662,-0.0198,53.4733,3.3206,27.771,0.5685
1780825769.548976,-0.1917,-0.4487,-0.1003,73.1679,-15.5802,18.374,0.4982
1780825769.749571,-0.4456,-1.0442,1.6875,220.2748,-22.0992,208.5802,2.0338
1780825769.9494803,-0.2021,0.5906,0.2598,93.1832,-22.8015,40.3817,0.6761
1780825770.1502094,-0.2102,0.73,1.092,-3.4122,11.1374,12.8473,1.3303
1780825770.3511207,-0.2903,0.2432,0.8562,-71.3969,-1.6718,-13.8473,0.9362
1780825770.548582,-0.439,-0.1536,0.9866,-3.8702,-7.9084,27.5267,1.0907
1780825770.7492647,-0.3313,-0.478,0.6548,-3.9313,-15.084,-6.8015,0.8758
1780825770.9492397,-0.3232,-0.3977,0.8474,-14.0229,18.7328,-16.626,0.9903
1780825771.1491256,-0.2449,-0.2324,0.8909,-7.8397,-4.6794,-3.8015,0.9527
1780825771.3497717,-0.2847,0.0659,0.9512,20.8855,-2.2824,-0.4885,0.995
1780825771.549345,-0.3154,-0.2632,0.834,-14.9008,-0.4656,-1.9466,0.9297
1780825771.7529488,-0.2834,-0.1599,0.8523,-0.1527,0.3969,3.3206,0.9123
1780825771.9493535,-0.2988,-0.1191,0.8691,7.9771,-0.3893,-3.8092,0.9268
0,0,0,0,0,0,0,0
0,0,0,0,0,0,0,0
1780825776.6681738,-0.0281,-0.98,-0.1738,14.855,-13.1908,1.4198,0.9957
1780825776.866323,-0.0127,-0.9573,-0.1938,-1.1069,-2.687,4.7634,0.9768
1780825777.0714126,-0.0371,-0.9648,-0.1792,8.6718,-1.2366,4.7786,0.982
1780825777.2641194,-0.0449,-0.9775,-0.1553,18.1527,2.3588,6.5878,0.9908
1780825777.4646754,-0.0803,-0.9727,-0.1306,17.5344,-1.8855,7.2443,0.9847
1780825777.665159,-0.0547,-0.9675,-0.0889,26.0305,1.145,9.4962,0.9731
1780825777.864959,-0.0591,-0.7988,-0.0271,38.0992,11.5115,18.855,0.8015
1780825778.0655177,-0.0808,-0.4297,-0.0557,61.458,5.4656,23.5802,0.4407
1780825778.265313,-0.7187,-1.0435,-0.0046,91.7405,-76.0305,66.5115,1.2671
1780825778.4650865,-0.3521,0.2661,1.3379,143.0382,66.3969,130.4427,1.4088
1780825778.665643,-0.385,0.6543,0.9912,143.9771,-41.6794,57.6107,1.2485
1780825778.8657238,-0.0601,0.5293,0.9197,-47.916,9.9313,0.9542,1.0628
1780825779.0639086,-0.1323,0.1299,0.967,-46.7328,11.7023,-2.5649,0.9847
1780825779.2646308,-0.3447,-0.0334,0.8496,-38.8855,25.855,-20.9771,0.9175
1780825779.4649642,-0.6028,-0.2092,0.98,-45.8931,23.2214,-22.458,1.1694
1780825779.6661532,-0.6199,-0.3047,0.7151,-57.8321,32.0916,9.7786,0.9942
1780825779.8647447,-0.4709,-1.0483,0.4255,25.9847,-32.3817,-5.6565,1.2255
1780825780.0668945,-0.0952,-0.2317,1.0122,59.4885,-14.2977,14.3053,1.0427
1780825780.2656243,-0.2817,-0.1169,0.8821,-9.0305,9.4427,0.4962,0.9333
1780825780.464046,-0.2971,-0.4822,0.7932,-13.5191,-6.4656,0.0916,0.9747
1780825780.664774,-0.3237,-0.1416,0.9849,-26.7939,-4.4656,-15.5725,1.0463
1780825780.8649082,-0.3044,-0.5527,0.7078,-74.2748,8.626,-7.0458,0.9482
0,0,0,0,0,0,0,0
0,0,0,0,0,0,0,0
1780825784.3311107,-0.1252,-0.9814,-0.1819,14.4198,-10.6412,2.9008,1.006
1780825784.530955,-0.0937,-0.9514,-0.1147,7.4351,-5.5954,-1.5496,0.9629
1780825784.7305393,-0.1479,-0.9841,-0.1646,6.458,-6.3359,2.1298,1.0087
1780825784.9310277,-0.1284,-0.9695,-0.1313,10.7176,1.0534,6.1679,0.9867
1780825785.1309268,-0.1709,-0.937,-0.0813,17.3893,2.8092,12.7328,0.9559
1780825785.331013,-0.1492,-0.7896,-0.1499,20.2672,0.5802,17.6947,0.8174
1780825785.530607,-0.1558,-0.7195,-0.1707,22.7252,-13.2061,16.8397,0.7557
1780825785.7378662,-0.1045,-0.5034,-0.0017,27.7099,-35.7099,34.2595,0.5142
1780825785.9320993,-0.7244,-2.0,1.9999,250.1298,-95.2214,94.8779,2.9197
1780825786.1309516,-0.3774,0.2405,0.1194,85.9084,-52.1145,69.6412,0.4632
1780825786.3307607,0.0505,0.8555,0.5815,-19.4122,-31.4351,21.2672,1.0357
1780825786.5311127,0.1094,0.5271,0.4634,-29.0458,0.6336,-8.3817,0.7103
1780825786.7307298,-0.2529,0.3901,0.7915,-109.3206,18.9924,-37.229,0.918
1780825786.9308448,-0.5476,-0.0952,1.2195,-83.8015,8.3359,-49.0763,1.3402
1780825787.1312633,-0.5757,-0.2163,0.8594,-47.3588,50.4733,-31.0,1.0568
1780825787.330961,-0.7798,0.0503,0.1521,-20.8626,-41.1908,-37.4275,0.7961
1780825787.5307376,-0.4846,-0.5347,0.7583,38.1527,-56.6183,-17.4046,1.0468
1780825787.731343,-0.429,0.0032,0.8708,48.5267,-18.0458,39.7939,0.9708
1780825787.9319112,-0.3809,0.1711,0.9277,-5.3817,-12.6336,-5.8092,1.0174
1780825788.1313782,-0.3955,-0.2358,0.7849,-16.8168,-7.0458,-9.1298,0.91
1780825788.3307574,-0.4602,-0.0947,0.8088,-10.0534,0.6718,-5.4122,0.9354
1780825788.5313363,-0.3958,-0.1353,0.8481,5.0916,-14.2977,-11.2901,0.9457
0,0,0,0,0,0,0,0
0,0,0,0,0,0,0,0
1780825806.6774538,-0.0454,-0.9753,-0.2332,19.4198,-8.9084,4.2519,1.0038
1780825806.8777728,-0.0415,-0.9111,-0.2158,26.1069,-3.3893,-4.0763,0.9373
1780825807.0768058,-0.0603,-0.8865,-0.2161,27.5802,-6.542,7.3893,0.9144
1780825807.2768886,-0.0625,-0.9072,-0.2375,42.9542,-9.2977,14.4962,0.9399
1780825807.4826071,-0.0681,-0.6824,-0.2078,55.2366,-14.771,19.4733,0.7165
1780825807.677792,-0.052,-0.5295,0.0381,94.4046,-28.1985,16.458,0.5334
1780825807.8788896,-0.6919,-0.1367,1.3521,205.8931,-1.8397,114.8855,1.5249
1780825808.0766213,-0.1658,0.334,0.6863,97.5115,-23.0382,39.1832,0.781
1780825808.2768972,-0.1074,0.7664,0.9348,61.3359,-13.5038,19.771,1.2136
1780825808.4776886,-0.1377,0.2878,0.8782,-62.6031,13.0076,-7.9695,0.9343
1780825808.6771874,-0.1699,0.0322,0.9053,-95.9466,20.9542,-22.8626,0.9216
1780825808.877751,-0.303,-0.5566,0.803,-86.8397,39.1756,-6.374,1.0229
1780825809.0777345,-0.395,-0.6487,0.5583,-44.0611,32.084,-16.3511,0.9426
1780825809.2884526,-0.4167,-0.8491,0.304,-50.8779,17.3511,-15.9847,0.9935
1780825809.47733,-0.3459,-0.8796,0.2168,-25.8168,6.6641,-21.8855,0.9698
1780825809.6788669,-0.3625,-0.8596,0.2607,-10.626,-6.4656,-18.5038,0.9687
1780825809.877094,-0.3025,-0.855,0.3279,-14.8779,-11.4656,-6.4427,0.9644
1780825810.0763905,-0.2749,-0.8743,0.1895,-8.6107,-13.6489,-5.3588,0.9358
0,0,0,0,0,0,0,0
0,0,0,0,0,0,0,0
1780825814.235172,0.0562,-0.9707,-0.2727,5.9084,13.458,-7.4656,1.0098
1780825814.43663,-0.0361,-0.9465,-0.2542,3.1069,6.6641,10.1374,0.9807
1780825814.634559,-0.0076,-0.9829,-0.3,0.7252,5.1985,20.5725,1.0277
1780825814.8351967,-0.075,-0.9541,-0.2236,1.9008,-4.4885,18.6641,0.9828
1780825815.0346053,-0.196,-0.9312,-0.2383,2.1603,-5.0076,28.1679,0.9809
1780825815.2359345,-0.199,-0.8347,-0.2109,3.7939,-11.9389,35.5496,0.8837
1780825815.4352026,-0.1782,-0.7361,-0.1543,-11.4275,5.542,28.9771,0.7729
1780825815.635444,-0.2097,-0.5486,-0.2073,-3.4504,-0.8855,39.1603,0.6228
1780825815.8371437,-1.6895,-0.8816,-0.0024,-31.7557,-95.8702,116.4962,1.9056
1780825816.0356026,-0.446,0.3059,0.6211,216.7176,-115.3053,153.9084,0.8236
1780825816.2343347,-0.7556,0.7205,0.2495,-83.7252,3.1603,47.0305,1.0734
1780825816.4344137,-0.7083,0.3948,0.575,-30.1603,-42.8244,-70.7099,0.994
1780825816.6352313,-0.6233,0.0969,0.5713,-19.7405,13.855,-21.2824,0.851
1780825816.8352954,-0.7678,-0.1016,0.6111,17.2672,53.3969,-29.5114,0.9866
1780825817.0348299,-1.051,-0.1726,0.262,1.687,16.6107,20.4504,1.0968
1780825817.2344732,-1.0916,0.1841,0.1057,23.374,23.1298,-1.0229,1.112
1780825817.4351656,-1.0066,0.2217,-0.0232,16.7405,12.9389,8.084,1.031
1780825817.6354046,-0.998,0.1831,0.0134,2.1527,9.7634,-19.3969,1.0148
0,0,0,0,0,0,0,0
0,0,0,0,0,0,0,0
1780825822.24533,0.0452,-0.9709,-0.209,-1.1603,-2.0534,11.6947,0.9942
1780825822.4447665,0.0264,-0.9795,-0.2258,1.9313,12.2977,18.5878,1.0055
1780825822.644417,-0.0256,-0.9624,-0.2429,0.5649,3.084,18.145,0.9929
1780825822.846803,-0.0703,-0.9844,-0.2466,1.1069,0.3359,20.8168,1.0172
1780825823.0513902,-0.1589,-0.9336,-0.2344,4.9008,6.7481,17.3359,0.9756
1780825823.2561305,-0.1921,-0.8882,-0.2368,5.9695,6.6565,28.7023,0.9391
1780825823.44481,-0.218,-0.6509,-0.1831,1.855,15.3511,41.374,0.7104
1780825823.6439729,-0.179,-0.4692,-0.1035,22.9084,4.9695,55.8092,0.5128
1780825823.8450158,-1.1096,-1.1553,-0.5269,-7.3511,-89.2443,129.0992,1.6863
1780825824.0476117,-0.3682,1.3528,0.3496,204.4275,-41.3206,-7.4962,1.4449
1780825824.2445252,-0.8064,0.458,0.0522,-75.8931,-7.5725,38.0687,0.9289
1780825824.4469647,-0.823,0.356,0.5024,11.6031,11.2824,18.1298,1.0279
1780825824.6449382,-0.8071,0.1516,0.47,16.7405,-4.5573,-39.3359,0.9462
1780825824.8445084,-0.4817,-0.5134,0.2588,56.7786,76.1756,-84.9618,0.7501
1780825825.0454037,-1.8862,0.1157,-0.5676,-41.4275,184.8931,82.7557,1.9732
1780825825.2449684,-0.8931,0.5151,-0.3164,9.4733,-2.7405,-35.3359,1.0784
1780825825.4453719,-0.9392,0.1978,-0.4346,7.7176,-24.2595,-33.6183,1.0536
1780825825.6456378,-0.9307,0.0662,-0.3176,-3.5038,-30.7939,-24.6641,0.9856
1780825825.8444052,-0.9656,0.053,-0.2332,-0.9771,-14.1679,-5.8321,0.9947
0,0,0,0,0,0,0,0
0,0,0,0,0,0,0,0
1780825829.5085335,-0.0374,-0.9995,-0.22,-16.313,-23.9924,13.9389,1.0241
1780825829.706592,-0.0273,-0.9841,-0.1414,-4.9542,6.6107,21.084,0.9946
1780825829.9114485,-0.0842,-0.9644,-0.198,-8.3588,2.2214,14.0763,0.9881
1780825830.1071348,-0.1274,-0.9221,-0.157,-4.8015,12.4885,22.9466,0.944
1780825830.306655,-0.2593,-0.9038,-0.2224,17.4122,3.5725,5.1985,0.9662
1780825830.507067,-0.3684,-0.908,-0.2986,3.8702,-3.4656,22.4351,1.0243
1780825830.706806,-0.2522,-0.8206,-0.1963,-14.6107,-6.0305,38.6412,0.8806
1780825830.9073231,-0.2126,-0.5115,-0.1252,-1.6794,-4.2366,54.1603,0.5679
1780825831.1071582,-0.7112,-0.4983,-0.2407,19.6565,-49.7252,60.229,0.9011
1780825831.306346,-1.1951,-1.3535,-0.9365,238.9771,-250.1374,74.6412,2.034
1780825831.5062127,-1.0425,0.51,-0.2798,-12.7099,7.9542,-8.5344,1.1938
1780825831.707434,-0.8994,0.0918,-0.3118,-21.5496,57.1679,1.7786,0.9563
1780825831.9072404,-0.9321,0.231,0.1404,67.7176,13.8779,-57.0611,0.9705
1780825832.1075432,-0.7595,-0.1094,-0.2944,34.0992,69.0611,-52.9924,0.8219
1780825832.3061197,-0.6145,0.1284,-0.3574,-0.9389,2.0534,23.2443,0.7224
1780825832.507387,-0.8127,0.147,-0.5574,1.4351,0.0534,22.7405,0.9964
1780825832.7064612,-0.9456,0.1611,-0.5349,5.7176,-46.8473,-30.8244,1.0983
1780825832.9070754,-0.8394,-0.0515,-0.2876,-6.5573,-20.5267,-20.9466,0.8888
1780825833.1085248,-0.9509,-0.0139,-0.3779,9.0992,6.0916,1.313,1.0234
1780825833.3134537,-1.0457,-0.0591,-0.5195,2.458,-4.4122,-4.2061,1.1691
0,0,0,0,0,0,0,0
0,0,0,0,0,0,0,0
1780825837.2230246,-0.0129,-0.988,-0.2581,-7.1374,-7.4656,6.4046,1.0213
1780825837.4148855,0.0149,-0.9805,-0.1455,9.2366,10.0,9.4046,0.9913
1780825837.6152472,-0.0466,-0.9495,-0.0972,3.8092,-1.2977,9.7176,0.9556
1780825837.8145165,-0.0588,-0.9861,-0.1306,-3.6031,-1.5954,8.7481,0.9964
1780825838.014777,-0.1106,-0.9751,-0.165,4.3359,-1.7634,9.2595,0.9951
1780825838.2162461,-0.1509,-0.9785,-0.1489,-1.9618,-0.1069,5.0611,1.0012
1780825838.415505,-0.1929,-0.9282,-0.1375,-3.9237,2.6412,15.3588,0.958
1780825838.61557,-0.1714,-0.9277,-0.1648,-1.0076,2.084,20.1908,0.9577
1780825838.8170867,-0.1553,-0.8269,-0.1611,-3.0916,7.374,31.2824,0.8566
1780825839.016677,-0.1699,-0.5898,-0.125,-6.5267,-0.3969,34.5344,0.6264
1780825839.214398,-0.3591,-0.1895,-0.1189,-8.3817,-22.8244,61.7557,0.4231
1780825839.4140832,-2.0,-2.0,0.0977,-22.7252,95.7328,146.5802,2.8301
1780825839.6150248,-0.9648,1.0083,-0.4856,-84.2672,94.3969,37.916,1.4776
1780825839.8154824,-0.9854,-0.2998,-0.4612,-23.8015,-32.6947,47.0763,1.1285
1780825840.0151584,-1.2952,0.2678,0.0747,47.3893,44.5878,-29.0611,1.3247
1780825840.214125,-1.0645,-0.1912,-0.4224,2.5496,138.8626,-38.5573,1.161
1780825840.417456,-0.6929,-0.2656,-1.0117,-42.3206,9.2137,-26.6412,1.2547
1780825840.615009,-0.8557,-0.0569,-0.6763,-1.7863,-42.9695,47.2061,1.0922
1780825840.8143842,-0.8345,0.0737,-0.5808,14.0763,-5.2672,-16.8244,1.0194
1780825841.0151486,-0.8098,-0.032,-0.5139,-2.916,10.687,-3.7939,0.9597
1780825841.215044,-0.854,0.0317,-0.6716,-1.1756,20.0,6.5954,1.0869
1780825841.4148307,-0.7961,0.0359,-0.7214,3.8626,-5.0153,-1.0916,1.075
0,0,0,0,0,0,0,0
0,0,0,0,0,0,0,0
1780825845.8350267,0.0,-0.9788,-0.136,20.626,11.6641,-10.1221,0.9882
1780825846.0350087,-0.1172,-0.9458,-0.2397,-0.0382,-0.229,2.7176,0.9827
1780825846.2335773,-0.1055,-0.9827,-0.2429,3.2595,-21.0305,-1.1832,1.0177
1780825846.4366493,-0.0828,-0.9617,-0.2085,3.0,-25.2061,-11.2595,0.9875
1780825846.6335871,-0.0398,-0.9561,-0.1582,10.145,-17.7786,-16.1374,0.9699
1780825846.834704,-0.0088,-0.9441,-0.1077,16.2443,-16.7481,-20.6107,0.9503
1780825847.0336342,0.0137,-0.8918,-0.1145,18.6107,-26.0916,-25.3893,0.8993
1780825847.2336276,0.1091,-0.8357,-0.0708,35.5115,-11.2366,-33.8168,0.8458
1780825847.4331408,0.061,-0.5581,-0.0613,54.5878,16.9618,-40.5115,0.5648
1780825847.6370077,0.55,-1.1614,1.9999,57.1756,-67.6794,-135.771,2.3772
1780825847.8333511,0.6262,1.2332,0.1775,20.4733,43.3206,-18.7863,1.3944
1780825848.037343,0.2241,0.5381,0.3894,0.7328,-27.3893,-31.3511,0.701
1780825848.2337027,0.7339,0.783,0.4431,36.4198,-32.9084,-36.5115,1.161
1780825848.433546,0.5598,0.4507,0.6431,-56.2977,-31.0916,64.7023,0.9644
1780825848.6341202,0.5447,-0.093,0.5759,-83.6489,-86.4275,65.9771,0.7981
1780825848.8339293,1.0327,-0.3906,-0.0813,-32.8931,-122.3359,93.4046,1.1071
1780825849.0350645,0.8103,-0.2883,-0.1245,-41.2748,54.626,-97.7786,0.869
1780825849.2338324,0.9595,-0.4233,-0.3674,7.084,15.4504,-38.6336,1.1112
1780825849.4347308,1.0837,-0.114,-0.2412,14.4427,9.1374,16.3817,1.1161
1780825849.6338325,0.8928,-0.3457,-0.1213,-24.2595,28.0458,5.8473,0.9651
1780825849.8336933,0.936,-0.2375,-0.032,22.2901,5.8702,-21.145,0.9662
1780825850.0336006,0.9883,-0.3228,-0.0168,5.1908,-1.0763,13.9618,1.0398
0,0,0,0,0,0,0,0
0,0,0,0,0,0,0,0
1780826000.645735,-0.0269,-1.0054,-0.1924,11.3359,-15.5344,1.1527,1.024
1780826000.834115,-0.0476,-0.9929,-0.2458,15.9084,-6.8092,-2.8779,1.024
1780826001.0484378,-0.0547,-1.0002,-0.2148,13.0992,-15.9924,-4.1527,1.0245
1780826001.2337515,-0.0261,-0.99,-0.1655,19.1908,-18.9924,-0.0458,1.0041
1780826001.437669,-0.0352,-0.9763,-0.075,17.687,-34.458,-4.1832,0.9798
1780826001.6335166,-0.0071,-0.9309,-0.0029,12.5802,-41.4733,-8.1908,0.9309
1780826001.8335629,0.019,-0.9116,0.012,19.2672,-44.5802,-6.0534,0.9119
1780826002.0408022,0.0562,-0.7363,0.0037,44.5573,-18.6107,-10.3893,0.7385
1780826002.2335978,-0.0237,-0.405,-0.0583,38.2061,-4.1221,-11.1832,0.4099
1780826002.4338007,-0.1292,-1.7136,1.6499,250.1298,2.7023,-76.4504,2.3823
1780826002.6342735,0.4158,1.2939,0.2661,-33.7557,29.626,-3.8473,1.3849
1780826002.8337111,0.2266,0.2632,0.3276,20.2977,2.8626,-82.2748,0.4774
1780826003.0337825,-0.1372,0.6533,0.9785,-105.6489,17.4962,-7.5344,1.1845
1780826003.2336736,-0.2859,0.3933,0.8362,-83.5802,13.6031,-17.3282,0.9673
1780826003.4338121,-0.1128,-0.259,1.1753,-121.0,11.7939,-3.0229,1.2088
1780826003.6335444,-0.0435,-0.7488,0.5239,-57.5954,49.8626,-18.2519,0.9149
1780826003.8838377,-0.2119,-0.8181,0.3782,2.3053,15.2977,-3.084,0.9259
1780826004.0383646,-0.217,-0.7173,0.6147,28.8626,-8.0,9.7634,0.9693
1780826004.2338417,-0.2053,-0.3269,0.7664,40.7176,1.6565,8.1908,0.8581
1780826004.4398794,-0.2288,-0.0422,0.97,29.3893,-12.3511,0.2824,0.9975
0,0,0,0,0,0,0,0
0,0,0,0,0,0,0,0
1780826026.5546875,-0.0481,-0.9375,-0.0354,21.0305,8.4885,0.8855,0.9394
1780826026.755287,-0.0615,-1.0183,-0.0522,24.5725,0.6031,-3.8092,1.0215
1780826026.9553866,-0.0474,-0.875,0.0073,14.5267,-3.7863,3.229,0.8763
1780826027.1547241,-0.0278,-0.7905,-0.0334,33.2901,-7.0763,6.6336,0.7917
1780826027.3547027,-0.021,-0.5947,-0.1272,50.7786,-2.9466,0.0611,0.6085
1780826027.5681295,-0.1787,-1.0864,0.4734,75.4275,-71.8092,1.2824,1.1985
1780826027.7639651,0.2317,0.4021,1.2664,244.5496,-20.6794,-31.8855,1.3487
1780826027.9602022,-0.2739,1.0015,1.4233,87.8244,34.0382,32.3206,1.7618
1780826028.1556685,-0.1462,0.6982,1.124,61.7863,20.313,19.9924,1.3313
1780826028.3583226,-0.1272,0.2849,0.7214,-47.5191,7.1069,-8.9237,0.786
1780826028.555387,-0.2043,0.1333,0.8511,-80.9008,-0.855,-20.5267,0.8854
1780826028.75496,-0.0959,-0.4426,0.8347,-63.8626,7.7405,-22.855,0.9497
1780826028.9557385,-0.104,-0.4739,0.8994,-39.1985,-4.5802,-15.8015,1.0219
1780826029.1548676,-0.1436,-0.7446,0.5315,-68.1145,11.7634,-12.7252,0.926
1780826029.3557105,-0.1394,-0.6997,0.5417,-74.4046,11.458,-18.6489,0.8958
1780826029.5550907,-0.1189,-0.938,0.2534,-29.5267,-4.8779,-11.1298,0.9789
0,0,0,0,0,0,0,0
0,0,0,0,0,0,0,0
1780826033.4816477,-0.0676,-0.9636,-0.1228,-1.6489,10.5649,8.5725,0.9738
1780826033.68175,-0.0989,-0.9775,-0.1704,-4.084,13.0076,20.5649,0.9972
1780826033.8849204,-0.1609,-0.9851,-0.2178,-4.3435,13.7176,24.542,1.0216
1780826034.08791,-0.1936,-0.8909,-0.1978,-3.0,23.8473,26.4427,0.9329
1780826034.286027,-0.2185,-0.8455,-0.2625,-1.8779,32.0916,28.2595,0.9118
1780826034.4832253,-0.1787,-0.583,-0.1418,-1.9695,6.855,36.8702,0.6261
1780826034.6811156,-0.4385,-0.4724,-0.3132,3.6031,-28.4656,55.6565,0.7166
1780826034.881612,-2.0,-1.0498,-2.0,-250.1374,111.6183,250.1298,3.017
1780826035.0818026,-0.6858,1.0984,0.2283,-71.7252,43.0992,19.0687,1.3149
1780826035.2893627,-1.1519,-0.1816,-0.1736,-32.374,-43.3053,-26.4427,1.1789
1780826035.4811802,-0.8228,0.2615,0.1995,72.4885,-6.6107,-33.5115,0.886
1780826035.6822286,-1.2688,-0.0461,-0.3838,-32.7863,21.771,26.1603,1.3264
1780826035.8823297,-1.0129,0.0752,-0.2229,6.9618,10.6565,34.2061,1.0399
1780826036.0956736,-0.9502,0.1316,-0.2227,6.7023,7.8168,-7.5191,0.9848
1780826036.2970273,-0.9841,0.0576,-0.2991,-5.771,2.5267,0.8015,1.0302
1780826036.4831076,-0.9709,0.1389,-0.2688,3.0229,-0.0687,0.6489,1.017
1780826036.681329,-0.9902,0.0969,-0.2847,-1.8779,-1.6107,-3.2901,1.0349
0,0,0,0,0,0,0,0
0,0,0,0,0,0,0,0
1780826043.84152,-0.0466,-0.947,-0.1243,0.9008,15.1221,-3.8397,0.9563
1780826044.029101,-0.0305,-1.0076,-0.1702,-0.7405,14.0,-2.8092,1.0223
1780826044.2259097,-0.0107,-0.9702,-0.1514,0.8244,12.1603,-2.4733,0.982
1780826044.424938,-0.0093,-0.9785,-0.1658,-0.7176,3.8931,-6.0992,0.9925
1780826044.6254597,0.0054,-0.9866,-0.1548,-4.6947,-6.855,-3.8092,0.9987
1780826044.8260417,0.0205,-0.9778,-0.1479,-1.8321,-6.1908,4.7557,0.9891
1780826045.0254009,0.0273,-0.9807,-0.1672,-0.7252,-5.0153,1.145,0.9952
1780826045.2254689,-0.0229,-0.988,-0.1709,-2.2977,0.9542,4.8092,1.003
1780826045.426159,-0.0437,-0.978,-0.1821,-9.6641,4.4962,10.7252,0.9958
1780826045.6278121,-0.0996,-0.9248,-0.1792,-7.4351,4.2366,16.9695,0.9473
1780826045.8331447,-0.1362,-0.937,-0.2212,-10.5878,10.2595,29.1756,0.9724
1780826046.0255468,-0.1716,-0.8057,-0.2473,-2.313,9.5115,32.6794,0.8601
1780826046.2251267,-0.165,-0.7495,-0.218,-18.8168,7.0076,27.3969,0.7978
1780826046.425914,-0.1797,-0.5168,-0.2124,-18.5802,-17.2366,39.1298,0.587
1780826046.6249857,-2.0,-1.1829,0.8101,-53.6489,-196.9924,133.8092,2.4608
1780826046.8257232,-0.4709,0.7944,-0.0325,-19.1221,-16.7863,160.7786,0.9241
1780826047.025616,-0.7332,-0.0857,-0.468,-29.8702,-5.626,-41.7023,0.874
1780826047.22532,-1.2976,0.0894,-0.0327,-9.4351,-6.9313,-42.0076,1.3011
1780826047.4257686,-0.9775,-0.2434,-0.3184,-16.7786,26.1832,23.5649,1.0565
1780826047.6255012,-0.9639,0.0164,-0.2275,10.5802,-0.2977,10.1679,0.9905
1780826047.8268092,-0.9312,-0.0112,-0.241,0.8702,11.7786,-11.7863,0.9619
1780826048.0313137,-0.9739,-0.1118,-0.3586,-3.4198,-0.2748,4.0382,1.0438
1780826048.2256138,-0.9871,-0.0129,-0.2827,2.3053,-3.1985,0.374,1.0268
1780826048.4257648,-0.9375,-0.0823,-0.2822,-0.7252,6.0687,0.9008,0.9825
1780826048.6259809,-0.9858,-0.0222,-0.3733,7.458,9.1756,12.0229,1.0544
1780826048.8258815,-1.0098,0.0215,-0.3813,-1.4885,2.4122,16.5725,1.0796
0,0,0,0,0,0,0,0
0,0,0,0,0,0,0,0
1780826055.538158,-0.0193,-0.9604,-0.054,16.9466,-0.2214,10.2595,0.9622
1780826055.7283022,0.0127,-0.9846,-0.0681,-16.8473,10.9924,-4.7328,0.9871
1780826055.9299753,-0.0078,-0.9807,-0.0913,-10.6107,12.1832,-4.9008,0.985
1780826056.1275554,0.0198,-0.9814,-0.1707,-22.3893,5.9771,-3.7481,0.9964
1780826056.3303375,0.0222,-0.9534,-0.2351,-31.4351,10.0992,-10.0763,0.9822
1780826056.532073,0.1121,-0.8792,-0.3555,-33.8015,17.855,-17.6183,0.9549
1780826056.7284355,0.144,-0.9622,-0.385,-52.2443,41.0305,-15.8321,1.0463
1780826056.9284105,0.2297,-0.6902,-0.2842,-43.3893,73.5115,-18.0,0.781
1780826057.1285555,0.2354,-0.6365,-0.2485,-42.1298,131.3206,-1.8702,0.7227
1780826057.3385837,0.4204,-0.3672,-0.6721,-24.5802,75.8626,-49.5954,0.8737
1780826057.5286078,1.8401,0.0417,-0.4651,-129.1069,-241.6488,-105.0,1.8984
1780826057.7278612,0.5366,-0.7112,-0.0176,-15.1832,5.3053,-6.0534,0.8911
1780826057.9287355,1.186,0.1165,-0.394,-23.6565,59.4122,13.9771,1.2552
1780826058.1388109,0.5889,-0.4805,-0.3352,-15.5496,-17.0382,56.9542,0.8306
1780826058.3359916,0.8879,-0.3945,-0.0361,37.9542,1.3893,0.2214,0.9723
1780826058.528202,0.8462,-0.3977,-0.0732,39.1527,8.2901,6.6565,0.9379
1780826058.7278981,0.9126,-0.4995,0.1714,15.687,-2.0305,11.542,1.0544
1780826058.9340405,0.8738,-0.4529,0.0505,4.2748,0.4046,-6.0382,0.9855
1780826059.1279287,0.8882,-0.4888,-0.0107,-3.1374,-1.4733,6.229,1.0138
1780826059.3288763,0.8882,-0.4683,0.0154,-3.6107,-2.1679,1.4656,1.0042
1780826059.5353687,0.8464,-0.5176,0.0308,-6.7557,-9.0,4.2061,0.9926
0,0,0,0,0,0,0,0
0,0,0,0,0,0,0,0
1780826065.144245,0.0146,-0.9082,-0.186,-3.9695,-11.7252,-13.1908,0.9272
1780826065.3399787,0.0051,-0.978,-0.2698,2.3206,12.1679,4.4351,1.0146
1780826065.5539565,0.0552,-0.9705,-0.2703,2.542,16.4198,-4.4656,1.0089
1780826065.7401376,0.0078,-0.9756,-0.2896,-3.2137,10.4733,-7.4733,1.0177
1780826065.9398174,0.0867,-0.9451,-0.2566,-5.5115,1.3588,-7.0992,0.9831
1780826066.1399035,0.1169,-0.9287,-0.2668,-7.7557,4.3053,-13.0,0.9733
1780826066.3405674,0.2183,-0.936,-0.2319,-10.1145,18.1374,-19.6031,0.9887
1780826066.540298,0.2031,-0.813,-0.2576,-11.3817,29.0916,-21.5344,0.8767
1780826066.7399523,0.293,-0.8401,-0.2629,-21.3664,45.1832,-25.0687,0.9277
1780826066.9406207,0.3032,-0.8062,-0.2197,-25.0,62.1374,-19.1374,0.8889
1780826067.1408305,0.3147,-0.3901,-0.301,-28.9084,138.6488,-39.9389,0.5847
1780826067.3455818,1.9999,-1.5623,1.1064,37.0153,173.9695,-250.1374,2.7685
1780826067.5387805,0.0698,-0.0647,-0.2224,-22.1832,8.458,-47.2137,0.2419
1780826067.7388067,1.4326,-0.3877,-0.0515,-6.771,33.6794,36.1908,1.485
1780826067.940402,0.7915,-0.5603,-0.4087,-51.084,-18.0153,54.6947,1.0524
1780826068.1413023,0.9746,-0.5361,-0.3542,43.9771,54.7176,-0.8244,1.1674
1780826068.343232,0.8103,-0.3291,0.04,23.6336,12.9924,-16.1069,0.8755
1780826068.5402136,0.9116,-0.3657,0.0977,-1.687,-7.542,13.0458,0.9871
1780826068.7392225,0.9028,-0.4167,0.0481,27.4427,-27.2214,3.7023,0.9955
1780826068.9455,0.918,-0.4099,-0.0239,1.2901,-15.2366,-2.8931,1.0056
1780826069.1502717,0.9324,-0.4062,0.0134,-9.7176,-6.3588,7.7557,1.0171
1780826069.340311,0.8999,-0.4175,0.0203,-2.6718,0.8779,5.542,0.9922
1780826069.5395715,0.8735,-0.387,0.0376,1.8473,-5.1374,6.4656,0.9561
0,0,0,0,0,0,0,0
0,0,0,0,0,0,0,0
1780826073.778823,-0.0737,-0.9626,-0.3022,-15.5802,-10.3359,-5.855,1.0117
1780826073.9769988,-0.0278,-0.9419,-0.2615,-6.5344,-0.6031,0.1832,0.9779
1780826074.1778069,-0.0505,-0.9385,-0.302,-13.9084,11.8321,2.313,0.9872
1780826074.3931577,-0.0454,-0.9409,-0.3357,-14.1908,11.3053,-3.313,1.0
1780826074.5806103,-0.0378,-0.9043,-0.3743,-17.7099,5.7481,-3.9924,0.9794
1780826074.7776518,0.0186,-0.8679,-0.4482,-23.3282,10.3969,-3.0076,0.977
1780826074.9776363,0.1138,-0.8425,-0.5471,-26.9237,13.6336,-8.0611,1.011
1780826075.1789293,0.1299,-0.751,-0.5334,-33.7939,31.626,-4.3053,0.9303
1780826075.3784235,0.2178,-0.6558,-0.5029,-26.1603,53.4962,-10.0458,0.8546
1780826075.585512,0.2788,-0.7327,-0.5674,-42.6336,94.0153,-15.7099,0.9677
1780826075.784132,0.425,-0.5374,-0.5801,-25.0153,173.6107,-16.8473,0.8977
1780826075.9778554,1.9999,-0.9539,-0.6956,-97.0,-61.0382,46.4122,2.3224
1780826076.1779659,-0.1213,-0.1775,-0.4563,0.1679,31.3435,-19.6565,0.5044
1780826076.377189,1.5295,-0.2698,-0.4028,-36.4885,30.3053,58.5573,1.6045
1780826076.581041,0.7812,-0.6763,-0.1335,-27.0,13.1908,25.7405,1.0419
1780826076.7777534,0.8835,-0.3569,0.0295,28.2061,22.7023,-23.1908,0.9534
1780826076.9775548,0.8918,-0.489,0.0627,-0.7634,8.7634,-26.3817,1.019
1780826077.1776805,0.8699,-0.396,0.0129,-10.8473,-0.2672,-5.6183,0.9559
1780826077.3778083,0.8755,-0.3943,-0.0049,1.7786,-2.6794,-5.3282,0.9602
1780826077.5779214,0.8645,-0.4333,0.02,1.542,-6.1603,-2.458,0.9672
1780826077.77865,0.8982,-0.4412,-0.0127,4.855,-2.0763,2.0992,1.0008
0,0,0,0,0,0,0,0
0,0,0,0,0,0,0,0
1780826084.784635,-0.0466,-0.9888,-0.2654,0.3282,-10.1908,-1.084,1.0248
1780826084.9846447,-0.0095,-0.9658,-0.2151,8.6336,-3.4275,-0.9695,0.9895
1780826085.1851642,-0.0271,-0.9924,-0.2014,7.626,-10.0534,-0.6641,1.013
1780826085.384719,-0.042,-0.9961,-0.1787,17.3206,-15.0763,-1.1374,1.0129
1780826085.5847132,-0.0251,-0.9509,-0.1228,19.687,-20.8092,-3.1374,0.9592
1780826085.7840505,-0.0264,-0.9246,-0.0344,29.1145,-29.2519,-3.458,0.9256
1780826085.988938,-0.0051,-0.9165,0.0447,35.0687,-37.0992,-2.5725,0.9176
1780826086.1874554,-0.0051,-0.7976,0.1079,45.0763,-43.6031,-2.5191,0.8049
1780826086.3853471,-0.0525,-0.5349,0.0142,50.1527,-59.8931,-1.687,0.5377
1780826086.5840125,0.1641,-0.8806,0.1443,80.0229,-58.5344,-51.1374,0.9073
1780826086.795381,0.9167,0.2927,1.1057,250.1298,-250.1374,-5.5573,1.4658
1780826086.98593,0.8992,0.2681,0.8247,63.6412,-3.2901,-22.0076,1.2492
1780826087.1844866,0.771,-0.3655,0.9133,-29.2061,45.5649,35.9618,1.2499
1780826087.384265,0.2349,-0.1338,0.8828,-12.9847,-26.8931,53.1679,0.9233
1780826087.5842319,0.6492,-0.3542,0.2075,1.5573,-116.0076,-20.8397,0.7681
1780826087.7901475,1.0574,-0.6785,0.3271,-89.8321,18.8473,-2.5267,1.2982
1780826087.9838521,0.8538,-0.1172,0.199,48.8855,-27.6336,-46.6489,0.8844
1780826088.1880054,1.0525,-0.0325,0.3796,12.687,-9.3893,-8.5878,1.1193
1780826088.3871775,0.9199,-0.189,0.2852,-31.4275,7.542,6.5038,0.9815
1780826088.5848355,0.8894,-0.178,0.2178,8.6412,-1.3664,-12.9771,0.9328
1780826088.7898002,0.9277,-0.071,0.333,1.4656,1.3435,2.7328,0.9882
0,0,0,0,0,0,0,0
0,0,0,0,0,0,0,0
1780826095.1417518,-0.1152,-0.9133,-0.1472,-8.4427,7.2137,0.4504,0.9323
1780826095.3351762,-0.0742,-0.9727,-0.2258,-5.9008,-0.0458,-4.0153,1.0013
1780826095.5366623,-0.0757,-0.9944,-0.2478,-0.3511,-3.7786,-8.2672,1.0276
1780826095.7412426,-0.0173,-0.9595,-0.2136,-0.7634,-4.916,-16.1298,0.9831
1780826095.9382055,0.0747,-0.9622,-0.2187,11.084,-7.2443,-28.6641,0.9895
1780826096.14128,0.1316,-0.9673,-0.1917,4.8702,1.6565,-25.855,0.9948
1780826096.336202,0.1799,-0.9202,-0.1719,10.458,0.7481,-33.771,0.9532
1780826096.535921,0.1475,-0.7378,-0.1028,15.1527,3.0153,-34.855,0.7594
1780826096.7440176,0.2305,-0.7698,-0.1621,24.458,-1.8015,-37.1221,0.8197
1780826096.9370322,0.4348,-0.5432,-0.2385,-9.9542,71.4427,-56.1527,0.7356
1780826097.1364489,1.168,1.5938,0.6824,93.855,-18.2443,-81.5267,2.0904
1780826097.3430858,1.4729,-0.2712,0.2898,-68.3435,40.3893,-18.3206,1.5254
1780826097.53557,0.8591,0.248,0.2981,1.7405,-35.4427,35.0458,0.9426
1780826097.736031,0.6089,-0.3508,0.3857,34.0,-48.8931,60.9542,0.8016
1780826097.9384005,0.7158,-0.5732,0.1885,-20.771,-51.626,-16.8931,0.9362
1780826098.134944,1.2209,-0.1079,0.1675,-5.3206,-7.6412,-19.8702,1.2371
1780826098.3349986,0.9514,-0.1265,0.1423,3.1374,-17.8092,-8.5115,0.9703
1780826098.5357032,1.0166,-0.1792,0.1448,-6.1145,3.6641,9.5878,1.0424
1780826098.7359269,0.9521,-0.1836,0.1519,3.6183,2.0153,1.7786,0.9815
0,0,0,0,0,0,0,0
0,0,0,0,0,0,0,0
1780826104.1646104,-0.1531,-0.9634,-0.2256,1.7863,-3.8779,9.5725,1.0012
1780826104.362261,-0.145,-0.9631,-0.2881,7.5191,-3.0611,-8.9389,1.0157
1780826104.5632827,-0.0957,-0.7371,-0.1057,24.2214,-24.1985,-17.1374,0.7507
1780826104.7639844,-0.0562,-1.0828,-0.1528,-17.5878,-7.7176,-0.5038,1.0949
1780826104.970326,-0.0791,-0.9668,-0.2146,-0.3511,-13.6336,-5.855,0.9935
1780826105.1624093,-0.0647,-0.9741,-0.2041,-2.0611,-12.4122,-9.4351,0.9974
1780826105.361512,0.0012,-0.9832,-0.2004,3.6183,-9.4198,-16.9618,1.0034
1780826105.612705,0.0901,-0.9844,-0.1526,5.1832,-9.4046,-18.374,1.0002
1780826105.7669072,0.0974,-0.9717,-0.1199,12.9237,-19.3588,-19.4886,0.9839
1780826105.9616244,0.1462,-0.9487,-0.1357,15.4962,-17.7328,-20.8015,0.9695
1780826106.1614547,0.1624,-0.8865,-0.104,14.3969,-8.8015,-27.5038,0.9072
1780826106.3617587,0.1614,-0.782,-0.0674,30.7176,-12.7023,-33.8168,0.8013
1780826106.5616045,0.0371,-0.4695,-0.1582,5.2672,-5.2824,-21.0763,0.4968
1780826106.7623825,0.4915,-0.4348,0.0601,-24.7099,-90.6794,-74.2748,0.6589
1780826106.9622679,0.6584,-0.2744,-0.1672,13.9084,-168.5878,-92.2977,0.7327
1780826107.1629097,0.8496,-0.5078,0.2468,19.542,79.7405,29.4656,1.0201
1780826107.362505,0.7629,-0.114,0.5457,25.1985,16.7481,45.8321,0.9449
1780826107.562133,0.4495,-0.6208,0.3611,-31.3511,-42.3664,-5.4656,0.8473
1780826107.7617831,0.877,-0.4895,0.2812,17.6183,-25.8779,-23.7405,1.043
1780826107.962694,0.9487,-0.1592,0.2319,36.5115,-23.5038,-18.2366,0.9896
1780826108.1621823,1.0393,-0.2595,0.2522,-27.5038,3.6336,0.1603,1.1005
1780826108.3624885,0.9045,-0.4062,0.1633,-15.0229,7.6947,0.3893,1.0049
1780826108.5661294,0.8779,-0.2324,0.2759,-4.3588,1.4885,0.1679,0.9492
1780826108.7622535,0.8835,-0.3416,0.1882,-7.8168,-9.1221,7.1298,0.9658
1780826108.9619062,0.8984,-0.3657,0.1624,-6.1985,-17.2061,3.4351,0.9835
0,0,0,0,0,0,0,0
0,0,0,0,0,0,0,0
1780826115.4497287,-0.158,-0.804,0.1147,30.5496,-15.5267,11.2366,0.8273
1780826115.6984036,-0.1272,-0.9753,-0.0146,22.916,-14.2061,0.3359,0.9837
1780826115.849042,-0.1143,-0.9587,0.0835,6.7863,2.4885,-4.1679,0.9691
1780826116.0537066,-0.1953,-0.9243,0.1133,5.542,-7.9771,3.4733,0.9515
1780826116.2489007,-0.1604,-0.937,0.134,12.4962,-10.0611,1.9237,0.96
1780826116.4529436,-0.1365,-0.9424,0.1538,18.3511,-1.9389,1.4198,0.9646
1780826116.6498616,-0.1379,-0.8972,0.156,24.313,0.5115,3.6641,0.9211
1780826116.8491957,-0.0652,-0.9048,0.1838,33.7405,1.0229,2.1145,0.9256
1780826117.0516713,-0.1121,-0.6348,0.1191,52.0229,-2.5038,11.0458,0.6555
1780826117.2490354,-0.0105,-0.5615,0.0417,55.8473,5.9847,14.7786,0.5632
1780826117.4485812,-0.3828,-2.0,0.0476,75.7939,-86.8397,50.5725,2.0369
1780826117.6514127,0.2534,1.071,0.7756,-51.145,32.5802,-119.3206,1.3465
1780826117.8506866,-0.167,-0.1323,0.6453,2.4962,3.7099,5.5267,0.6795
1780826118.0484173,-0.0845,0.4597,1.001,-62.4885,7.2595,-22.3435,1.1047
1780826118.2483108,-0.2471,-0.1531,0.8145,-33.8779,37.0382,-10.6183,0.8648
1780826118.4623334,-0.292,-0.3755,0.8223,23.9542,-4.5115,-0.3053,0.9499
1780826118.6492403,-0.1785,-0.3325,0.6814,61.4122,-7.7405,28.8092,0.7789
1780826118.8484077,-0.2617,0.2041,0.863,7.0687,16.1756,-8.5878,0.9247
1780826119.0638936,-0.2935,0.0371,0.791,23.626,-0.5115,21.1832,0.8445
1780826119.253669,-0.3118,0.1345,0.8875,-26.9771,-1.9618,-7.4275,0.9502
1780826119.4537818,-0.2441,-0.1201,0.8184,14.5344,3.4351,1.4504,0.8624
1780826119.6490097,-0.2952,0.1431,0.9041,3.7176,1.9542,-2.8092,0.9617
0,0,0,0,0,0,0,0
0,0,0,0,0,0,0,0
1780826128.3307376,-0.0481,-0.9722,-0.0737,-0.9542,-5.0763,-2.4809,0.9761
1780826128.5342643,-0.0681,-0.9761,-0.0515,10.1679,-3.0,-5.3511,0.9798
1780826128.7291093,-0.0591,-0.9846,-0.084,-3.8855,1.8779,-3.3817,0.99
1780826128.9319992,-0.0598,-0.991,-0.0557,2.4504,-3.8626,-1.0916,0.9943
1780826129.131079,-0.0525,-1.0039,-0.0527,7.5802,-8.5649,2.1145,1.0067
1780826129.3291008,-0.0793,-0.979,-0.0093,11.5954,-8.6107,5.6947,0.9823
1780826129.5301127,-0.0933,-1.0051,0.0164,14.2595,-10.8397,5.626,1.0096
1780826129.7345052,-0.0796,-0.9514,0.0542,23.8779,-13.6641,4.7252,0.9563
1780826129.9359872,-0.1025,-0.7527,0.1318,43.3053,-15.3359,10.7863,0.771
1780826130.1367383,-0.0286,-0.8,0.1462,42.0458,-7.0382,-1.4962,0.8138
1780826130.336641,-0.011,-0.6199,-0.0669,61.1145,-0.771,3.8397,0.6236
1780826130.5300193,-0.9546,-1.2197,1.7529,107.2595,19.458,-4.6794,2.3392
1780826130.7307591,0.02,1.7581,1.0637,250.1298,6.7634,78.855,2.0549
1780826130.930673,-0.1316,-0.0937,0.5754,7.6031,50.9466,-83.7786,0.5977
1780826131.1291213,-0.238,0.3701,0.9072,-23.626,3.2977,-13.1603,1.0083
1780826131.3292878,-0.1565,0.3196,0.9536,-51.8855,0.0534,2.8473,1.0178
1780826131.5368068,-0.1016,-0.0095,0.8777,-105.9389,1.7863,-23.2824,0.8836
1780826131.7307174,-0.2378,-0.6978,0.6973,-51.6947,-11.0458,-16.7863,1.0147
1780826131.9299278,-0.0571,-0.7161,0.6218,53.8473,-10.7786,1.0153,0.9501
1780826132.1319633,-0.126,-0.876,0.2214,25.8321,3.0,-14.1832,0.9123
1780826132.3301423,-0.2307,-0.231,0.8994,127.0763,-10.0076,29.5344,0.9568
1780826132.5301843,-0.0632,0.5952,1.1887,72.6107,8.626,25.7481,1.3309
1780826132.733852,-0.3337,0.0679,0.8667,-7.7634,5.6031,-5.0534,0.9312
1780826132.9350905,-0.3064,0.158,0.9944,-2.374,3.2595,-2.4504,1.0524
1780826133.1295483,-0.3005,0.1108,0.9192,-13.771,-6.0305,1.7252,0.9734
1780826133.3381894,-0.2295,0.0046,0.9011,-5.0076,-12.9237,2.8397,0.9299
0,0,0,0,0,0,0,0
0,0,0,0,0,0,0,0
1780826140.3655674,-0.0405,-0.9866,-0.0261,-14.1603,-9.145,-0.5954,0.9877
1780826140.5650012,-0.0532,-0.9893,-0.0986,2.5267,-8.7252,5.4122,0.9956
1780826140.765941,-0.0325,-0.9946,-0.0964,8.145,-11.8244,3.4656,0.9998
1780826140.9752314,-0.0488,-0.988,-0.0962,4.2977,-5.7634,-2.6947,0.9939
1780826141.1661458,-0.1021,-0.9646,-0.0264,2.9008,-10.6031,1.0611,0.9703
1780826141.3740065,-0.0764,-0.9895,-0.0364,4.1221,-14.2901,0.6031,0.9931
1780826141.565864,-0.0881,-0.9905,-0.0149,3.6794,-21.4351,2.9618,0.9945
1780826141.7659335,-0.0142,-0.969,-0.0002,20.229,-24.9924,2.5725,0.9691
1780826141.966278,-0.0054,-0.9177,0.0569,21.3664,0.7481,1.542,0.9195
1780826142.1653998,-0.071,-0.8684,0.0652,38.3893,10.8015,2.3893,0.8737
1780826142.367933,-0.0999,-0.793,0.0432,40.084,3.2366,0.0611,0.8004
1780826142.5648758,-0.0161,-0.6021,-0.1482,59.458,3.8092,8.4962,0.6202
1780826142.7659843,0.1975,-1.8923,1.8596,-49.0305,26.2366,-51.2672,2.6605
1780826142.9661167,0.3867,0.0911,0.5825,142.6107,46.7328,-29.2519,0.7051
1780826143.1724472,-0.2012,0.5054,0.3848,17.3893,31.229,-45.2672,0.6663
1780826143.3732615,-0.4294,0.5889,0.7346,-19.458,-1.9771,-51.5649,1.0348
1780826143.575653,-0.4045,0.3442,0.8403,-62.2214,-9.687,-42.0458,0.9941
1780826143.7659853,-0.2222,-0.3987,0.7827,2.3969,-15.7023,8.2672,0.9061
1780826143.9651444,-0.2327,0.1631,0.9136,-3.1374,-4.7634,-4.6031,0.9567
1780826144.169375,-0.1353,0.0166,0.9265,37.2748,9.9008,-2.5878,0.9365
1780826144.3662672,-0.2498,0.4094,1.0134,34.1985,26.542,27.084,1.1212
1780826144.5652974,-0.2622,0.4329,0.7524,-1.7786,-12.7405,-16.1908,0.9068
1780826144.765892,-0.323,0.2495,0.8818,2.1985,-6.8473,-3.2366,0.9717
1780826144.96613,-0.2415,0.2688,0.8254,-5.0076,-5.1832,-0.7939,0.9011
1780826145.1676962,-0.2695,0.3257,0.8604,-0.2595,1.4809,-0.916,0.9586
1780826145.372777,-0.2444,0.2847,0.7742,11.3588,-15.4885,11.9008,0.8603
0,0,0,0,0,0,0,0
0,0,0,0,0,0,0,0
1780826151.7830212,0.0627,-1.0415,-0.2341,-29.6031,-30.6718,-9.0534,1.0693
1780826151.983253,-0.009,-1.0125,-0.2729,3.7405,4.313,9.7252,1.0486
1780826152.1823082,-0.0269,-0.9785,-0.2388,7.0534,8.3206,8.0916,1.0076
1780826152.3836946,-0.0652,-0.9775,-0.144,17.8015,7.4046,10.8626,0.9902
1780826152.588816,-0.0679,-0.9868,-0.1536,10.7939,5.2137,7.7176,1.001
1780826152.7822,-0.0776,-0.9583,-0.0334,14.3664,3.687,10.8092,0.962
1780826152.9860024,-0.1157,-0.9177,-0.0554,28.2443,1.8015,17.6107,0.9267
1780826153.1829526,-0.1294,-0.9219,-0.0027,9.6183,-0.6107,24.8931,0.9309
1780826153.3814716,-0.1206,-0.8879,-0.0442,19.5114,-5.1756,20.0229,0.8972
1780826153.5818536,-0.1138,-0.4756,-0.0791,45.0458,-16.3588,29.8321,0.4954
1780826153.7825065,-0.6753,-0.6958,1.9999,250.1298,-117.0305,156.8092,2.2226
1780826153.9821599,-0.0874,0.5022,0.2859,195.8092,-16.1832,98.855,0.5844
1780826154.183226,-0.1182,0.6709,0.2844,-24.0687,-31.4046,83.5343,0.7382
1780826154.4323533,0.0164,0.6948,0.9001,-73.1298,-5.7786,-4.6031,1.1372
1780826154.5816767,-0.0579,0.5225,0.812,-39.855,38.1298,-35.626,0.9673
1780826154.783835,-0.2964,0.3135,0.8757,-7.7863,50.6794,-40.0687,0.9762
1780826154.9891121,-0.5747,-0.002,0.7637,-24.5573,35.4427,-8.5038,0.9558
1780826155.184586,-0.7505,0.2642,0.6716,14.2137,31.6641,30.5954,1.0412
1780826155.3814738,-0.6948,0.468,0.5657,-4.0611,6.9237,-6.3969,1.0108
1780826155.5836737,-0.6108,0.2727,0.5901,-8.6947,3.6718,-0.3053,0.892
1780826155.7823303,-0.6199,0.3132,0.676,-16.229,0.2137,-8.3511,0.9692
1780826155.9927003,-0.5742,0.3276,0.6794,15.4122,2.687,-0.0611,0.948
0,0,0,0,0,0,0,0
0,0,0,0,0,0,0,0
1780826160.3993495,-0.0327,-0.9802,-0.2156,-1.374,-3.916,3.1527,1.0042
1780826160.5991876,-0.0188,-0.9829,-0.1648,1.8244,-1.7328,0.9924,0.9968
1780826160.799931,-0.0269,-0.9922,-0.1807,9.1374,-0.1679,7.8855,1.0089
1780826160.9994593,-0.0557,-0.9653,-0.075,20.4733,2.145,3.8168,0.9698
1780826161.2037165,-0.0781,-0.9814,-0.0818,5.7328,4.626,5.1679,0.9879
1780826161.3990753,-0.0935,-0.9685,-0.071,12.0992,7.8702,7.6565,0.9756
1780826161.5995846,-0.1001,-0.9641,-0.0359,19.1603,0.9237,9.626,0.97
1780826161.8016012,-0.0745,-0.855,-0.0171,26.916,10.2672,14.1985,0.8584
1780826162.0021539,-0.0374,-0.582,-0.0608,25.9924,30.8702,12.6412,0.5864
1780826162.1996162,-0.178,-0.7197,-0.0212,48.8321,8.9313,46.0153,0.7417
1780826162.3992524,-0.9805,-2.0,1.3491,-32.4122,10.229,114.0534,2.6041
1780826162.598437,-0.3782,0.9182,0.4797,53.2519,-42.2443,-139.3435,1.1028
1780826162.8001008,-0.5156,0.4077,0.5308,-29.6947,-27.2824,32.771,0.8449
1780826162.9993088,-0.345,0.5134,0.561,-27.3511,10.5191,-23.8702,0.8351
1780826163.1986148,-0.6523,0.3201,0.5974,8.4733,44.3053,-38.4198,0.9407
1780826163.398719,-1.0322,-0.0361,0.7029,22.9847,39.855,-27.0534,1.2493
1780826163.5991147,-0.6885,0.1218,0.3445,44.3511,18.7481,42.0458,0.7794
1780826163.7988176,-0.9094,0.114,0.1687,16.5038,5.7176,10.3435,0.9319
1780826163.9988801,-0.853,0.5969,0.1917,23.458,10.3511,2.7405,1.0586
1780826164.2029772,-0.9495,0.418,0.1409,-5.1908,-16.8244,-27.458,1.0469
1780826164.399645,-0.884,0.2224,0.2266,-19.9389,-13.6412,-3.9542,0.9393
1780826164.599107,-0.9253,0.3025,0.2837,-1.6107,-22.3969,3.916,1.014
0,0,0,0,0,0,0,0
0,0,0,0,0,0,0,0
1780826169.0020075,0.019,-0.9504,-0.2439,5.8321,2.5954,4.3282,0.9814
1780826169.202805,0.0569,-0.9666,-0.2576,4.0458,2.5191,-2.542,1.0019
1780826169.4157271,0.0374,-0.9722,-0.2688,0.7405,3.0382,-0.9924,1.0093
1780826169.602319,0.0149,-0.9619,-0.2258,11.7176,8.229,4.9389,0.9882
1780826169.805821,0.019,-0.9727,-0.1936,9.8473,6.2672,6.4656,0.9919
1780826170.003221,0.0127,-0.9812,-0.1943,19.9924,16.2824,11.7176,1.0003
1780826170.2026315,-0.0305,-0.9475,-0.1509,20.4046,16.6412,18.2061,0.9599
1780826170.4081514,-0.0435,-0.9431,-0.0806,20.9618,15.084,15.0,0.9475
1780826170.602891,-0.0156,-0.8218,-0.0149,32.8092,14.6336,26.8244,0.8221
1780826170.8023856,-0.0366,-0.5552,-0.0339,42.0229,26.7099,32.5878,0.5574
1780826171.0025566,-0.6089,-0.5393,-0.4053,23.542,-64.1374,125.4733,0.9088
1780826171.2044253,-0.3208,-0.7915,1.2524,199.9008,-41.2748,138.2137,1.5159
1780826171.402772,-0.416,0.8215,0.5461,-40.0992,-66.1908,52.0687,1.0706
1780826171.6023445,-0.4824,0.4492,1.0667,-4.8702,19.1221,16.0153,1.2539
1780826171.8027675,-0.5825,0.0603,0.6707,-19.5573,40.0763,-22.3588,0.8904
1780826172.0023549,-0.926,-0.0383,0.655,49.2061,39.3588,-16.0687,1.1349
1780826172.2028737,-0.7683,-0.0249,0.3855,35.9237,25.9084,-0.0534,0.86
1780826172.4059496,-0.9797,0.1365,0.2417,16.7023,-17.1756,21.3282,1.0183
1780826172.6029346,-0.8162,0.4949,0.5193,38.6183,-18.2137,36.2977,1.0866
1780826172.8072495,-0.7588,0.5393,0.5149,-1.0229,6.5191,21.1374,1.0638
1780826173.0026226,-0.8206,0.4441,0.408,1.8015,4.3435,-1.1832,1.0183
1780826173.211309,-0.7305,0.3899,0.4072,3.0382,-5.8702,5.8702,0.9227
1780826173.402834,-0.7085,0.5415,0.3796,3.6641,-4.2137,-3.1527,0.9692
1780826173.602554,-0.7505,0.4451,0.3931,-6.6565,-6.2214,-2.8397,0.957
1780826173.8087456,-0.7495,0.5146,0.4177,3.2366,-8.6718,-5.4122,1.0006
0,0,0,0,0,0,0,0
0,0,0,0,0,0,0,0
1780826178.2700279,-0.0933,-0.9773,-0.002,-8.9847,-22.8397,2.5573,0.9817
1780826178.4737473,-0.0635,-0.9619,-0.074,-10.3969,-37.2977,-0.5191,0.9668
1780826178.669509,-0.1387,-0.9897,-0.1494,-17.4046,-51.8092,7.4198,1.0105
1780826178.8703713,-0.0935,-0.968,-0.1248,3.0458,-29.0916,-5.0763,0.9805
1780826179.0702097,-0.1052,-0.9641,-0.1094,8.7023,-15.9313,-14.8473,0.976
1780826179.26973,-0.0481,-0.8296,-0.0144,32.3359,-1.916,-26.0153,0.8311
1780826179.4703865,-0.0107,-0.8945,-0.0022,28.9695,3.7099,-28.0763,0.8946
1780826179.6698706,-0.1042,-0.6426,0.0134,47.7863,-1.8168,-29.1908,0.6511
1780826179.8708656,0.011,-0.3823,-0.041,60.5954,12.2977,-28.1679,0.3847
1780826180.0704935,1.2319,-1.8154,1.4048,180.1298,71.1985,43.0687,2.6052
1780826180.270249,0.6736,1.9016,1.9999,52.7634,-81.084,-51.4427,2.8407
1780826180.4835858,0.5806,-0.3328,0.7363,-3.5115,66.8702,52.8473,0.995
1780826180.6703339,0.3718,0.0332,0.7244,107.084,-34.2824,1.5954,0.8149
1780826180.8715403,0.645,0.0518,0.7173,17.9466,-55.7481,47.855,0.966
1780826181.0706165,0.8379,0.1628,0.5088,15.3206,-22.0687,23.3511,0.9937
1780826181.2704153,0.7217,0.218,0.5762,-22.6565,16.0687,-15.374,0.9489
1780826181.470459,0.6582,0.0024,0.6567,-31.5573,9.2443,-1.687,0.9298
1780826181.6717737,0.6694,0.0723,0.6448,3.0076,-2.7786,0.4427,0.9323
1780826181.875684,0.6897,0.0742,0.6592,-6.2672,-1.6336,-1.9084,0.9569
0,0,0,0,0,0,0,0
0,0,0,0,0,0,0,0
1780826187.6099858,-0.1255,-0.978,-0.0686,-0.7252,-20.6718,3.8473,0.9884
1780826187.8117566,-0.1099,-0.9873,-0.0752,-3.145,-9.7176,4.0534,0.9962
1780826188.017065,-0.1147,-0.9758,-0.072,-3.2214,-14.3893,0.6412,0.9852
1780826188.2097387,-0.1299,-0.9956,-0.0742,-1.3359,-20.7634,0.5573,1.0068
1780826188.4100995,-0.1257,-0.981,-0.063,0.2824,-20.5191,-2.8015,0.991
1780826188.6108694,-0.1326,-0.9727,-0.0647,2.8931,-28.0534,-5.6794,0.9838
1780826188.8092566,-0.1104,-0.9722,-0.0518,7.145,-33.7557,-4.4809,0.9798
1780826189.0099428,-0.0571,-0.9111,0.0447,12.7786,-37.5725,-6.7023,0.914
1780826189.2098682,-0.0386,-0.8997,-0.0188,26.7863,-33.4351,-17.0,0.9007
1780826189.4120104,-0.0354,-0.8035,-0.009,17.2061,-30.8626,-13.5038,0.8043
1780826189.610389,0.0044,-0.4136,-0.0161,69.2595,-13.7634,-21.2977,0.4139
1780826189.8102136,0.4009,-1.6377,1.7627,97.8321,-25.1756,-127.4275,2.4392
1780826190.010242,1.147,0.8184,-0.071,133.0153,38.458,-23.9466,1.4108
1780826190.2103987,0.8113,0.3647,0.1746,-18.8473,33.542,-32.9618,0.9065
1780826190.411325,0.4778,-0.137,0.5994,14.9771,-23.2443,-15.6336,0.7786
1780826190.6093311,0.4966,-0.0564,0.5857,20.229,-64.1756,42.7405,0.7699
1780826190.8097785,1.1636,-0.4385,0.3008,49.229,-40.1527,-11.9313,1.2793
1780826191.0099995,0.8865,-0.0576,0.0071,-21.2824,-52.6947,-5.6183,0.8884
1780826191.2091277,1.0552,-0.054,0.1912,0.3206,-2.2748,7.8702,1.0737
1780826191.4135373,0.8767,-0.3394,0.1738,-10.855,4.5496,5.2214,0.956
1780826191.6102297,0.9392,-0.2112,0.126,9.2519,-1.7481,-3.7252,0.9709
1780826191.8100557,0.9578,-0.2122,0.1455,5.0534,-3.8779,5.229,0.9917
0,0,0,0,0,0,0,0
0,0,0,0,0,0,0,0
1780826199.6098914,-0.2441,-0.907,-0.2393,1.4656,-2.2672,5.4427,0.9693
1780826199.8176658,-0.1907,-0.9534,-0.3276,3.626,-6.8473,-2.4733,1.026
1780826200.009801,-0.1809,-0.9421,-0.2617,4.7405,-11.0153,-4.0229,0.9944
1780826200.209793,-0.1963,-0.9309,-0.2385,12.7176,-21.1145,-5.084,0.9808
1780826200.4101949,-0.1655,-0.9473,-0.2515,5.8855,-22.9313,-6.4962,0.994
1780826200.6161656,-0.1721,-0.9709,-0.2065,10.0458,-29.9237,-8.7557,1.0075
1780826200.810856,-0.135,-0.929,-0.1648,23.2672,-49.4351,-13.145,0.9531
1780826201.0097964,-0.0767,-0.9353,-0.1309,31.8779,-47.6565,-22.4962,0.9475
1780826201.2099316,-0.0544,-0.7891,-0.0825,34.771,-49.6183,-18.0687,0.7952
1780826201.4102306,-0.0825,-0.6746,-0.0513,25.1527,-54.8397,-11.8244,0.6815
1780826201.6104648,0.0933,-0.822,0.1226,114.2901,-79.5038,-68.0153,0.8363
1780826201.8099377,1.4131,0.5933,0.4321,250.1298,-124.2443,-237.9618,1.5923
1780826202.010442,1.1157,0.4783,0.4727,-62.4046,47.7634,-40.8855,1.3027
1780826202.209881,0.771,-0.127,0.5469,-48.4504,13.374,-13.2672,0.9537
1780826202.4102645,0.6873,-0.1152,0.5911,-20.5191,-21.6183,36.7863,0.9138
1780826202.6107318,0.6343,-0.49,0.2305,-38.5038,-48.6794,61.458,0.834
1780826202.813545,0.7964,-0.5239,0.2571,-47.6641,-19.2214,39.5725,0.9873
1780826203.011289,0.7646,-0.7485,0.1084,-20.6794,-1.3588,-1.3969,1.0755
1780826203.2123072,0.8345,-0.4146,0.2217,21.2672,-11.2443,-2.5115,0.9578
1780826203.4160082,0.7256,-0.5872,0.2888,6.3511,13.2977,0.687,0.9771
1780826203.6103299,0.7104,-0.5483,0.2913,4.5344,1.0992,-7.9924,0.9435
1780826203.8102436,0.8008,-0.4973,0.3096,0.3664,-3.8092,-0.5267,0.9922
1780826204.0199673,0.7915,-0.5164,0.3357,13.6794,4.0382,2.6718,1.0029
0,0,0,0,0,0,0,0
0,0,0,0,0,0,0,0
1780826208.5022461,-0.0696,-0.9858,-0.019,-11.2595,-6.5267,-5.4046,0.9885
1780826208.704417,-0.0786,-0.9741,-0.0261,-0.3511,-16.8626,-1.542,0.9776
1780826208.9115355,-0.0508,-0.9695,-0.001,0.084,-23.7481,-2.8855,0.9708
1780826209.1004827,-0.0325,-0.9993,0.0034,8.5267,-17.6107,-5.374,0.9998
1780826209.3015065,-0.0442,-0.9717,0.0403,9.4198,-8.1908,-6.229,0.9735
1780826209.501926,-0.0291,-0.9583,0.0789,16.5802,-3.8397,-12.7634,0.9619
1780826209.7014828,-0.0022,-0.9604,0.0693,26.8092,-9.2595,-16.3969,0.963
1780826209.915207,0.0388,-0.8359,0.1245,44.5038,-2.1527,-17.9008,0.8461
1780826210.102457,0.0159,-0.6917,0.0876,59.0992,3.8931,-20.6641,0.6974
1780826210.3018,-0.0527,-0.1152,0.0435,64.2901,10.6641,-50.3664,0.134
1780826210.5015643,1.9999,-2.0,1.9999,-22.0153,250.1298,80.4962,3.464
1780826210.701803,0.4326,0.3186,-1.1296,126.0763,100.6412,-167.7634,1.2509
1780826210.9022346,0.5857,0.3425,0.8494,37.2214,19.3817,-68.7023,1.0871
1780826211.101386,0.5195,0.1033,0.6594,-11.7099,19.9618,-34.9237,0.8458
1780826211.3034723,0.5625,0.0198,0.7053,11.4733,-10.229,8.687,0.9024
1780826211.5000472,0.6191,0.012,0.6458,5.5038,-24.916,19.5725,0.8947
1780826211.7026598,0.6926,-0.0398,0.6243,10.374,-21.6565,20.2748,0.9333
1780826211.9012897,0.7859,0.0403,0.6377,11.9618,-0.1985,5.687,1.0129
1780826212.102012,0.6406,-0.0239,0.698,-17.6489,-1.7252,9.4809,0.9477
1780826212.303942,0.6902,0.0723,0.6921,15.1221,10.9084,-20.4427,0.9801
1780826212.5015624,0.646,0.0488,0.7009,-2.5115,4.4962,-1.229,0.9545
1780826212.7087457,0.6013,-0.0039,0.7102,-2.7481,4.0458,0.5038,0.9306
1780826212.9042706,0.6152,0.0808,0.6616,-2.0534,-8.5115,-6.9084,0.9071
0,0,0,0,0,0,0,0
0,0,0,0,0,0,0,0
1780826216.6111643,-0.1489,-0.8201,0.0461,34.1832,-4.374,3.2748,0.8348
1780826216.8097594,-0.2056,-0.9363,-0.1284,-4.2366,-31.1832,2.8626,0.9671
1780826217.0099769,-0.1504,-0.9634,-0.1882,-1.771,-35.9847,-7.3282,0.993
1780826217.2098393,-0.1792,-0.9788,-0.2087,-8.9771,-26.8626,-5.084,1.0167
1780826217.4105952,-0.1384,-0.9583,-0.1487,5.9466,-8.0,-5.7481,0.9795
1780826217.6201718,-0.1697,-0.9873,-0.1799,4.8092,-13.2595,-4.4122,1.0178
1780826217.8137329,-0.1536,-0.9482,-0.1396,8.2748,-20.9466,-5.2672,0.9707
1780826218.0112848,-0.1206,-0.9673,-0.1226,13.145,-16.8855,-13.0992,0.9824
1780826218.211489,-0.0454,-0.8894,-0.0764,18.5038,-19.6794,-18.5038,0.8938
1780826218.4098015,0.012,-0.9805,-0.1094,11.1221,-20.9618,-16.5573,0.9866
1780826218.6122456,-0.0286,-0.8237,-0.1094,11.8855,-21.9084,-5.3206,0.8315
1780826218.8102846,-0.0559,-0.4844,-0.033,29.0992,-8.8779,-4.0611,0.4887
1780826219.0099797,-0.0593,-1.4927,0.2253,121.8779,-85.8779,-50.5191,1.5108
1780826219.2100096,0.6875,-0.1243,1.2915,117.771,-38.3435,5.2443,1.4684
1780826219.4096556,1.0217,0.3289,0.4324,-16.3282,-65.3588,-109.2137,1.1572
1780826219.611331,0.7168,-0.0854,0.8025,27.8092,26.771,52.6947,1.0794
1780826219.810624,0.4001,-0.2214,0.7,-2.8702,-32.1069,22.542,0.8361
1780826220.0100014,0.9661,-0.4768,0.5256,-9.7099,19.4198,-52.6412,1.1987
1780826220.2103271,0.7031,-0.3723,0.4153,24.4275,-29.8397,-22.0382,0.8975
1780826220.4105048,0.8293,-0.0613,0.5183,18.3893,-20.374,10.3359,0.9799
1780826220.6101375,0.8508,-0.2456,0.4741,-5.7634,-7.916,-11.5496,1.0045
1780826220.8102143,0.8994,-0.1643,0.3442,5.5496,-21.0534,-11.2366,0.977
0,0,0,0,0,0,0,0
0,0,0,0,0,0,0,0
1780826225.5760972,-0.0811,-0.9409,-0.0081,-1.7863,-10.2748,-3.0305,0.9444
1780826225.7758582,-0.0457,-1.0146,-0.0793,2.3053,-6.1527,-0.771,1.0188
1780826225.9777665,-0.0615,-0.9792,-0.0583,0.084,-11.3817,-2.0305,0.9829
1780826226.1767516,-0.0554,-0.979,-0.0391,6.3359,-17.1145,0.5649,0.9813
1780826226.3801873,-0.0562,-0.9883,-0.0122,1.3359,-27.6794,-2.8931,0.99
1780826226.5769985,-0.0149,-0.9751,-0.0024,4.2824,-36.7786,0.5954,0.9752
1780826226.7807539,-0.012,-0.9846,-0.0012,4.0458,-30.4198,1.6107,0.9847
1780826226.9831166,-0.0234,-0.998,0.0476,3.0153,-27.5038,-5.2061,0.9995
1780826227.1754053,0.0125,-0.9355,0.0591,9.4046,-29.3664,-4.9771,0.9375
1780826227.376953,0.0244,-0.8948,0.0383,12.8473,-38.0305,-4.9847,0.8959
1780826227.5751622,0.0864,-0.9756,-0.0552,-5.6641,-32.0,-16.0153,0.981
1780826227.7751908,0.05,-0.7229,-0.0664,14.8855,-26.4962,-17.4886,0.7277
1780826227.9763398,0.1794,-0.3433,-0.1304,21.0229,16.2824,-22.6489,0.4087
1780826228.1765985,1.7102,-2.0,1.0227,37.6183,5.1374,-70.7176,2.8232
1780826228.3813617,1.0576,0.6443,1.2051,228.771,2.5573,-30.0458,1.728
1780826228.575581,0.811,-0.384,0.7109,-14.2214,80.1603,7.5115,1.1449
1780826228.78142,0.3638,-0.2913,0.7449,1.6565,-28.5802,19.8015,0.8786
1780826228.9844627,0.3494,-0.3403,0.7019,-8.9618,-21.8092,-19.4809,0.8547
1780826229.175508,0.6067,-0.2158,0.7532,-25.0382,41.6336,30.0916,0.9909
1780826229.3769739,0.3862,0.1021,0.8054,4.6565,27.2748,18.0076,0.899
1780826229.5762525,-0.0479,0.0071,0.7251,-123.3435,-5.3893,-25.0611,0.7267
1780826229.7755818,0.561,-0.8167,0.3335,-198.2366,-15.9618,-39.1145,1.0454
1780826229.980822,0.4443,-0.8835,-0.0767,-103.2214,-22.1756,-20.3664,0.9919
1780826230.1747956,0.5273,-0.8269,-0.4875,-88.6183,-33.4656,-51.9008,1.0952
1780826230.381376,0.5881,-0.3291,-0.7085,-159.2214,-91.229,-46.5878,0.9778
1780826230.5788405,0.7166,-0.0933,-1.2009,-1.3511,-20.2824,-47.8626,1.4016
1780826230.7754135,0.6309,-0.127,-0.6714,92.3435,6.9237,-24.1985,0.93
1780826230.976037,0.7175,-0.1208,-1.0667,46.1832,-44.5496,-22.6794,1.2912
1780826231.1765454,0.7358,-0.4136,-1.2917,29.7328,-9.2214,36.5649,1.5431
0,0,0,0,0,0,0,0
0,0,0,0,0,0,0,0
1780826235.536814,-0.0786,-0.9573,-0.0698,9.9389,-0.3435,10.3817,0.963
1780826235.740911,-0.0657,-1.0022,-0.2317,-2.8397,-2.0687,-3.6794,1.0307
1780826235.941955,-0.0498,-1.0369,-0.1953,-2.5267,-10.3053,-10.5191,1.0563
1780826236.1373878,-0.0046,-0.9658,-0.105,12.7176,-26.7863,-11.3969,0.9715
1780826236.3364894,0.01,-0.9956,-0.0862,6.374,-17.1603,-4.3206,0.9994
1780826236.550474,-0.0178,-0.9846,-0.0574,7.1908,-19.2519,-4.4962,0.9865
1780826236.7366586,-0.0029,-0.9707,-0.0247,9.1832,-19.916,0.4122,0.971
1780826236.9360604,0.031,-0.9692,-0.0337,13.5344,-17.3435,-4.3053,0.9703
1780826237.1419141,0.0183,-0.9512,-0.0134,18.0382,-26.7481,0.9008,0.9514
1780826237.3359158,0.0613,-0.9229,-0.0535,24.8626,-28.3588,-6.1832,0.9264
1780826237.5363886,0.0027,-0.6008,0.0122,27.0229,-20.542,-4.5344,0.601
1780826237.7357578,0.0359,-0.3499,-0.0056,64.8092,23.084,-15.2443,0.3517
1780826237.9353733,1.9999,-2.0,0.9312,140.8244,-70.3817,21.1908,2.9777
1780826238.1353014,0.519,0.6042,0.8262,124.6412,5.3817,-45.6489,1.1476
1780826238.3366776,0.4258,0.1875,0.8164,-13.2366,29.4122,-48.1985,0.9397
1780826238.5366533,-0.074,0.0127,0.8198,-36.5191,16.4427,-3.9008,0.8233
1780826238.73652,0.2151,0.0149,0.9011,16.5344,-32.9618,11.5878,0.9266
1780826238.943065,0.4404,-0.0232,0.8152,-13.5191,-42.9771,25.5038,0.9268
1780826239.136524,0.489,-0.0544,0.7021,46.0992,-44.0382,42.5267,0.8574
1780826239.3387494,0.6589,-0.1404,0.6501,25.229,-7.5344,31.3969,0.9363
1780826239.5380135,0.5894,0.1958,0.6667,13.4733,-51.4733,23.3969,0.9112
1780826239.7369697,1.0759,0.1426,0.5815,-23.1679,-4.6489,-14.2366,1.2313
1780826239.9401724,0.7205,-0.0083,0.4707,-19.9313,21.4656,-12.6031,0.8606
1780826240.1411834,0.8206,0.1191,0.5789,-5.9466,9.8855,-0.0229,1.0112
0,0,0,0,0,0,0,0
0,0,0,0,0,0,0,0
1780826244.5963995,0.0457,-0.9604,-0.3755,-2.7405,-1.9924,-0.4198,1.0322
1780826244.7955277,0.0713,-0.9426,-0.3782,2.3282,-3.0305,-4.5954,1.0182
1780826244.9956288,0.0759,-0.9712,-0.3481,16.7557,-11.4733,-3.458,1.0345
1780826245.1953752,0.0886,-0.9321,-0.3105,14.3817,-12.0992,-5.5878,0.9865
1780826245.3961143,0.1091,-0.9812,-0.2527,12.2901,-15.229,-8.8015,1.0191
1780826245.5968316,0.0999,-0.9685,-0.2009,18.2137,-10.2137,-1.6412,0.9942
1780826245.7957451,0.1331,-0.9092,-0.2051,26.6412,2.8855,-1.7023,0.9415
1780826245.9953353,0.0962,-0.8594,-0.2222,23.6183,9.4198,-12.4885,0.8928
1780826246.2056894,0.1523,-0.6311,-0.217,16.6183,10.8779,-16.9618,0.6845
1780826246.396011,0.0391,-0.4033,0.4963,62.084,53.1298,-1.5573,0.6407
1780826246.595882,-1.0247,1.2703,-0.6521,199.458,-67.8321,50.6412,1.7575
1780826246.8006163,0.207,0.5522,0.9426,54.8473,42.542,50.9847,1.1119
1780826246.9970524,-0.3894,0.9185,0.5967,56.855,12.2977,-23.542,1.1624
1780826247.1958952,-0.1318,0.8125,0.6121,-25.7328,-5.0305,-15.4046,1.0257
1780826247.3960676,-0.1816,0.533,0.8616,-124.0534,-29.8931,-7.5115,1.0292
1780826247.6000774,0.0376,-0.3984,1.0911,-56.626,9.9237,21.3435,1.1621
1780826247.7953627,0.1294,-0.4368,1.0081,-23.4504,4.1374,25.1908,1.1062
1780826247.9956846,0.1226,-0.4067,0.8938,-17.8092,-26.7252,-18.1374,0.9896
1780826248.196136,-0.2219,0.0359,0.9148,0.1756,21.5038,14.1527,0.942
1780826248.3976955,-0.1399,0.2029,0.8582,15.6718,6.6947,17.9542,0.8928
1780826248.596063,-0.0596,-0.1167,0.8816,9.4962,-12.458,-4.2672,0.8913
1780826248.7971113,-0.0937,-0.1787,0.9199,1.4656,-0.8779,-0.8779,0.9418
1780826248.9952648,-0.0659,-0.0889,0.9497,7.0992,2.3206,-10.2672,0.9561
1780826249.1957023,-0.0806,-0.1057,0.9338,9.0153,2.9237,-2.5267,0.9432
0,0,0,0,0,0,0,0
0,0,0,0,0,0,0,0
1780826253.6127596,-0.0776,-0.9058,-0.1624,16.229,-3.7557,0.7176,0.9235
1780826253.825602,-0.02,-0.9956,-0.1875,-2.6718,-3.6031,-7.313,1.0133
1780826254.0113585,-0.0039,-0.948,-0.1604,-6.0305,-1.6031,7.7863,0.9615
1780826254.2116914,-0.0396,-0.9802,-0.1748,-9.2519,-0.626,15.5802,0.9965
1780826254.4376845,-0.137,-0.9878,-0.2292,-1.3511,-6.9466,16.145,1.0233
1780826254.639551,-0.136,-0.9692,-0.1799,10.3435,-11.9618,17.7328,0.9951
1780826254.8397794,-0.1633,-0.8196,-0.0947,21.4427,-19.6718,25.0229,0.841
1780826255.0470743,-0.1931,-0.7136,-0.0449,8.0382,-9.6718,39.084,0.7407
1780826255.2530224,-0.2346,-0.7395,-0.0798,8.3206,-6.4885,51.0534,0.7799
1780826255.4123285,-1.0093,-1.0747,-0.0183,-2.084,-48.1679,176.9771,1.4744
1780826255.62819,-0.8777,0.1333,0.2161,-11.6107,-182.6488,250.1298,0.9137
1780826255.8136375,-0.981,0.8655,0.1174,-22.3664,-7.3893,84.5878,1.3134
1780826256.0165732,-0.5632,0.5129,0.3386,23.9008,-19.0076,3.1374,0.8337
1780826256.2113507,-0.4036,0.3696,0.531,6.3053,45.8626,-59.9847,0.7625
1780826256.4157705,-0.6831,0.1301,0.2881,28.3511,92.2901,-47.8931,0.7527
1780826256.6226492,-1.3457,0.0637,-0.6941,3.9695,78.9313,8.5344,1.5155
1780826256.8188772,-1.0125,0.1111,-0.7317,-11.7099,15.5344,14.8168,1.2541
1780826257.0115545,-0.895,0.2876,-0.3152,-2.0229,-20.5267,10.3969,0.9915
1780826257.2312334,-0.9536,0.2422,-0.3938,23.9313,13.9313,-8.4733,1.0598
1780826257.4426808,-0.9304,0.2109,-0.4368,1.2061,-12.0,-7.1679,1.0493
0,0,0,0,0,0,0,0
0,0,0,0,0,0,0,0
1780826263.8254023,-0.0046,-0.9722,-0.1843,0.1679,-1.4809,-1.7023,0.9895
1780826264.0246954,-0.0305,-0.9871,-0.2573,-1.3588,2.5344,7.2748,1.0205
1780826264.2258368,-0.0691,-0.9807,-0.2573,-7.1679,-7.0534,14.4198,1.0163
1780826264.4248223,-0.1152,-0.946,-0.2576,-2.3893,-7.9618,17.7252,0.9872
1780826264.631139,-0.2192,-0.9248,-0.2573,-2.5649,-11.6183,22.4046,0.9847
1780826264.8253355,-0.2385,-0.8872,-0.2554,-0.1756,-15.1069,18.1679,0.9535
1780826265.0284238,-0.2571,-0.8594,-0.2312,4.2214,-13.6641,33.4885,0.9263
1780826265.2252438,-0.2859,-0.6819,-0.2605,19.771,-10.4809,39.6183,0.7839
1780826265.4253974,-0.2898,-0.6165,-0.4395,17.2443,-9.4275,59.2595,0.8106
1780826265.6395557,-1.0659,-1.7053,0.6958,-15.084,-116.0,193.084,2.128
1780826265.825863,0.4946,0.3923,0.7231,119.3511,76.1756,-85.0992,0.96
1780826266.0258257,-0.5791,0.7444,0.7898,28.6183,-115.4275,19.9084,1.2301
1780826266.2429357,-0.1821,0.572,0.5764,-10.3359,19.1374,-49.3359,0.8322
1780826266.4250073,-0.4238,0.2158,0.6558,-12.3664,82.0153,-21.7252,0.8101
1780826266.6255016,-0.9512,0.1663,0.2581,32.3282,112.542,-23.4122,0.9995
1780826266.8247578,-0.9934,-0.1675,-0.3701,1.8397,128.9084,-3.3969,1.0733
1780826267.0258458,-0.9907,0.1836,-0.8096,1.3588,-4.4275,34.3359,1.2925
1780826267.2257385,-0.9883,0.2263,-0.4016,1.2824,-6.6794,-5.3053,1.0905
1780826267.4256206,-0.9595,0.1299,-0.3503,8.8168,-19.9466,-34.9237,1.0297
1780826267.6265461,-0.9707,-0.011,-0.1431,-3.6107,-7.2061,-19.2901,0.9813
0,0,0,0,0,0,0,0
0,0,0,0,0,0,0,0
1780826271.8894963,0.0632,-0.887,-0.3147,26.7939,-12.4046,19.1908,0.9433
1780826272.083833,-0.0662,-0.959,-0.2739,-2.7099,-6.3206,-16.9466,0.9995
1780826272.283044,0.0071,-1.0417,-0.2502,15.9542,-13.8397,-10.5038,1.0714
1780826272.4823713,-0.0471,-0.9617,-0.2251,-4.145,-3.6031,-8.5115,0.9888
1780826272.6828713,-0.0281,-0.946,-0.2051,3.3664,-13.6794,-7.2214,0.9684
1780826272.8828816,0.0212,-0.9609,-0.2263,-4.084,-15.9237,-5.313,0.9875
1780826273.0832691,0.0366,-0.9692,-0.26,3.4885,-8.6641,-4.2443,1.0042
1780826273.2833858,0.0564,-0.918,-0.2595,16.0534,-2.1832,-17.7863,0.9556
1780826273.4843495,0.0786,-0.8269,-0.1917,24.1298,-5.6031,-33.4275,0.8525
1780826273.6842391,-0.0134,-0.6982,-0.1924,54.5191,-12.4962,-33.7099,0.7244
1780826273.8844562,0.1501,-0.4917,0.0166,69.3282,13.1756,-51.6565,0.5144
1780826274.083285,0.6741,-1.1287,0.0876,209.9771,124.7863,-151.4657,1.3175
1780826274.284043,0.6375,0.887,0.3647,79.458,68.2748,-151.3053,1.1516
1780826274.482949,0.5129,0.137,0.8123,7.5344,8.0916,14.5725,0.9704
1780826274.6833355,0.2187,0.1929,0.8594,-31.5878,-29.5725,58.7328,0.9075
1780826274.8829887,0.3735,-0.4551,0.8977,-27.8855,-50.916,21.1908,1.0735
1780826275.0923338,0.7407,-0.2754,0.2878,18.9847,-77.8779,-20.9771,0.841
1780826275.2844129,0.9089,-0.3381,0.4241,-12.4962,-27.5191,15.3588,1.0585
1780826275.483453,1.0549,0.1582,0.3826,47.7405,-29.5267,-12.2443,1.1333
1780826275.6838589,0.897,-0.0945,0.2988,-30.0,-0.9847,3.7786,0.9502
1780826275.8849769,0.8479,-0.2759,0.3081,-13.5802,-0.0687,5.1221,0.9434
1780826276.0871356,0.875,-0.1306,0.3579,4.2748,-1.2977,-3.0458,0.9544
0,0,0,0,0,0,0,0
0,0,0,0,0,0,0,0
1780826280.8312097,0.022,-0.9016,-0.4592,-17.7252,-4.9389,-4.229,1.0121
1780826281.0305896,0.0166,-0.8987,-0.4907,1.2443,-8.6947,-7.5878,1.0241
1780826281.231264,0.0439,-0.9258,-0.4885,-0.9008,-17.2672,-12.1985,1.0477
1780826281.4303675,0.0405,-0.8979,-0.4651,1.3969,-16.3435,-9.6031,1.0121
1780826281.636523,0.0627,-0.8862,-0.4592,3.6336,-15.1908,-11.458,1.0001
1780826281.833804,0.124,-0.9058,-0.4495,10.6183,-18.6336,-18.3817,1.0187
1780826282.0303767,0.1572,-0.9202,-0.4011,11.9237,-12.4809,-14.1298,1.016
1780826282.232492,0.179,-0.8279,-0.3748,13.0992,-17.7481,-20.8321,0.9262
1780826282.4310677,0.1912,-0.9241,-0.3933,20.2137,-17.4427,-25.8092,1.0223
1780826282.63112,0.1724,-0.7502,-0.3865,12.3588,-23.6947,-25.5114,0.8614
1780826282.8303196,0.1084,-0.5667,-0.2954,18.5573,-22.4351,-19.4809,0.6482
1780826283.0311086,0.5012,-1.2368,0.2126,104.8473,45.8168,-68.8168,1.3514
1780826283.2305546,0.2581,-0.5146,-0.886,60.229,-250.1374,177.5343,1.0566
1780826283.430104,0.6885,0.4829,0.8701,30.2443,83.7099,-37.8244,1.2101
1780826283.6304374,0.5608,0.0364,0.9272,-8.4275,0.0611,9.1985,1.0842
1780826283.8374958,0.1584,-0.1191,0.7224,-59.5649,-20.0458,15.0763,0.7491
1780826284.0306194,0.1411,-0.647,0.5508,-16.0,-73.2214,-18.4733,0.8613
1780826284.2310922,0.9304,-0.5425,0.1533,33.6565,-88.1069,-26.6641,1.0879
1780826284.4306002,0.8674,-0.3313,0.3787,30.0992,-27.0,-1.7252,1.0028
1780826284.6304257,1.0122,0.1748,0.3479,83.5343,-53.6565,-7.5191,1.0845
1780826284.8303654,0.9915,-0.1248,0.0439,6.1221,-24.0305,54.4962,1.0002
1780826285.031319,0.9155,-0.0894,0.094,-20.5496,5.5038,-15.3817,0.9247
1780826285.2340107,1.0354,-0.2908,0.1628,-3.7863,1.3893,12.7863,1.0877
1780826285.4313147,0.9397,-0.0942,0.2319,6.6107,8.0305,5.2519,0.9725
0,0,0,0,0,0,0,0
0,0,0,0,0,0,0,0
1780826289.4024222,-0.0154,-0.9873,-0.2649,0.542,-6.3206,-2.0305,1.0223
1780826289.5989132,-0.0254,-0.9658,-0.2979,0.3664,-1.229,-0.9008,1.011
1780826289.7987459,-0.0208,-0.9558,-0.2698,0.687,-5.1221,0.9389,0.9934
1780826290.0029159,-0.0186,-0.9778,-0.2761,3.1908,-0.9466,-0.1832,1.0162
1780826290.1986065,-0.042,-0.9661,-0.2441,8.6794,-4.7786,-0.2901,0.9973
1780826290.399223,-0.0625,-0.9634,-0.2458,9.084,-10.8931,-1.4046,0.9962
1780826290.6028826,-0.0337,-0.9692,-0.1985,13.5191,-16.3664,-2.8702,0.9899
1780826290.7993293,-0.0278,-0.9146,-0.156,24.5038,-20.3664,-0.8473,0.9282
1780826290.9993994,-0.0298,-0.9634,-0.1812,25.3511,-18.2214,5.1221,0.9807
1780826291.1994793,0.04,-0.7659,-0.1128,27.1374,-23.5344,-8.8779,0.7752
1780826291.3990016,-0.0186,-0.5588,-0.2266,33.313,-8.7557,-10.687,0.6033
1780826291.6014187,0.5273,-2.0,1.0654,-46.0382,94.9542,-68.4198,2.3266
1780826291.7988467,0.0908,-0.2866,-0.2307,188.1908,38.7023,21.8015,0.379
1780826291.9993832,-0.1311,0.5635,0.7329,86.4351,58.5649,-4.6794,0.9337
1780826292.19974,-0.2786,0.5676,0.929,-24.6107,0.6489,-5.0458,1.1237
1780826292.39894,-0.2214,0.2822,0.8203,-21.4886,-13.5344,1.1679,0.8953
1780826292.6140435,-0.145,0.1936,0.8452,-25.0229,-2.2061,15.0611,0.8791
1780826292.7996447,-0.0798,0.0515,0.8181,-79.7328,1.9313,0.313,0.8236
1780826293.0011802,-0.1531,-0.5857,0.9631,-103.7252,4.0458,29.8702,1.1376
1780826293.1986966,-0.0618,-0.635,1.0959,-18.9618,8.1679,6.0,1.2681
1780826293.4007165,-0.0945,-0.252,0.8511,17.9924,11.229,6.6336,0.8926
1780826293.5994835,-0.1267,-0.438,0.8298,4.855,6.084,4.687,0.9468
1780826293.8021424,-0.0813,-0.1772,0.9299,26.0611,-7.8397,-1.3817,0.9502
1780826293.9998553,-0.1799,-0.4856,0.8491,-2.2748,3.1603,-7.0916,0.9946
1780826294.2001212,-0.1055,-0.3755,0.9153,7.8702,1.1069,-3.5038,0.9949
1780826294.399324,-0.1077,-0.3835,0.8525,-3.6031,-0.5496,0.1374,0.941
1780826294.6022758,-0.0913,-0.4465,0.8672,-2.8626,1.4733,5.5649,0.9797
0,0,0,0,0,0,0,0
0,0,0,0,0,0,0,0
1780826298.529877,0.0771,-1.0437,-0.189,1.5115,-16.8168,4.0611,1.0635
1780826298.7192645,0.0659,-1.0176,-0.2837,-11.3817,14.1527,-2.5802,1.0584
1780826298.9232948,0.0403,-0.9272,-0.3037,-13.8702,11.9618,-1.4122,0.9765
1780826299.119908,-0.0132,-0.9414,-0.3879,-23.2061,10.1985,3.626,1.0183
1780826299.3199546,0.0723,-0.8999,-0.3745,-17.6794,14.855,-2.5496,0.9774
1780826299.5200157,0.0774,-0.8911,-0.4285,-25.2824,37.4733,-1.5496,0.9918
1780826299.7214642,0.155,-0.8289,-0.4353,-28.9618,52.8473,-5.6183,0.949
1780826299.9204392,0.2053,-0.8691,-0.417,-20.6412,59.1679,-8.9237,0.9856
1780826300.1194103,0.134,-0.7305,-0.2122,-12.9695,78.1832,3.9695,0.7724
1780826300.3190382,0.0273,-0.5613,-0.1865,-11.3588,141.2366,27.1603,0.5921
1780826300.5277305,0.4126,-0.5696,1.5999,-211.9313,188.8855,-52.9771,1.7476
1780826300.719481,0.8906,0.0908,-0.0881,1.8397,52.4504,-99.8092,0.8996
1780826300.9231138,1.0427,-0.0474,0.0608,-43.3817,26.1679,25.6336,1.0456
1780826301.1195118,0.7776,-0.2896,-0.2383,6.313,-28.5344,44.4122,0.8633
1780826301.31924,0.8586,-0.5786,-0.334,-42.3282,-26.9237,17.2977,1.0879
1780826301.5195656,0.9546,-0.4602,-0.1304,32.2061,24.9084,-66.771,1.0677
1780826301.7253737,0.9729,-0.1265,-0.1565,22.5878,-14.855,-16.3053,0.9935
1780826301.9191308,0.9048,-0.2539,-0.3088,-8.3664,-19.3053,30.6947,0.9892
1780826302.119239,0.8767,-0.3293,-0.3252,-8.3359,-11.3817,6.7863,0.9914
0,0,0,0,0,0,0,0
0,0,0,0,0,0,0,0
1780826312.9882684,-0.0176,-0.9187,-0.3154,17.9237,-10.8321,-3.1069,0.9715
1780826313.1872392,0.0073,-0.9258,-0.2869,3.6565,-15.2366,-5.5191,0.9692
1780826313.387274,0.0132,-0.99,-0.3745,0.542,-21.771,-4.6947,1.0585
1780826313.5958786,-0.0432,-0.9524,-0.2649,0.4962,-23.4275,-5.9466,0.9895
1780826313.7886405,0.0176,-0.9424,-0.2439,1.2977,-32.4962,-17.0,0.9736
1780826313.9878552,0.0315,-0.9504,-0.2288,4.8321,-15.6718,-6.1679,0.9781
1780826314.1875224,0.0369,-0.9685,-0.2668,3.9542,-12.4809,-12.4122,1.0053
1780826314.3874235,0.0691,-0.9604,-0.2578,2.5954,-8.2824,-21.8397,0.9968
1780826314.592595,0.1311,-0.8821,-0.2231,5.0,-4.3969,-20.8244,0.9193
1780826314.7874703,0.1147,-0.8225,-0.2476,12.5267,6.0229,-28.855,0.8666
1780826314.9887216,0.0598,-0.6968,-0.2239,8.6031,8.8092,-13.0305,0.7343
1780826315.187448,0.2896,-0.781,-0.137,27.687,67.7023,14.1985,0.8441
1780826315.3914826,0.2534,-2.0,-0.4194,-58.229,149.9924,-181.229,2.0592
0,0,0,0,0,0,0,0
0,0,0,0,0,0,0,0
1780826320.8405285,0.0435,-0.9075,-0.5112,44.6183,-3.3664,12.7023,1.0425
1780826321.0437973,0.0315,-0.9036,-0.4094,21.3588,9.2901,12.6412,0.9925
1780826321.2401707,0.009,-0.936,-0.3914,9.1603,-6.8321,1.4733,1.0146
1780826321.440436,0.0032,-0.9336,-0.3374,8.1908,-29.1832,-11.2901,0.9927
1780826321.6403463,0.0088,-0.9219,-0.3066,12.6794,-29.5954,-2.229,0.9716
1780826321.8407629,-0.0125,-0.9419,-0.3135,-9.6183,-37.4122,2.0305,0.9928
1780826322.0402415,0.0059,-0.9724,-0.3481,0.3359,-33.8397,-11.3435,1.0329
1780826322.2406557,0.0178,-0.9341,-0.3225,5.0229,-24.6183,-18.458,0.9884
1780826322.4404023,0.0781,-0.9661,-0.3237,14.458,-21.7328,-23.2901,1.0219
1780826322.6405566,0.0859,-0.8838,-0.2739,26.5573,-18.1069,-22.3893,0.9292
1780826322.840888,0.0479,-0.8477,-0.3374,23.8855,-6.3359,-14.145,0.9136
1780826323.045999,0.0127,-0.5708,-0.2378,41.7252,-16.6183,-17.1374,0.6185
1780826323.2398725,0.1406,-0.7302,-0.1406,52.4198,10.3206,-39.0229,0.7568
1780826323.4392583,0.8218,-1.5364,-0.395,77.8855,-40.2443,-106.5267,1.7866
1780826323.6399949,1.7217,1.0044,0.1716,132.7252,-32.7405,-81.2137,2.0006
1780826323.8433788,0.8958,-0.2925,0.3787,-48.5878,50.8244,31.458,1.0155
1780826324.040994,0.5247,-0.1404,0.5544,-34.7786,-50.3359,64.9847,0.7761
1780826324.2549074,1.0488,-0.5288,0.0896,-53.8015,-8.4198,0.5038,1.178
1780826324.4398139,0.7737,-0.3364,0.4822,26.084,13.855,-27.7023,0.9717
1780826324.6473165,0.7905,-0.1355,0.5222,6.3206,4.855,9.5649,0.9571
1780826324.840558,0.7681,-0.2649,0.4509,-4.5954,-5.0229,-1.458,0.9292
1780826325.0406797,0.8174,-0.1924,0.4475,0.916,-22.0153,2.7023,0.9515
0,0,0,0,0,0,0,0
0,0,0,0,0,0,0,0
1780826336.1582212,0.0359,-0.8833,-0.3726,0.374,-3.7939,-3.8473,0.9593
1780826336.3621325,-0.0525,-0.9021,-0.4172,-7.8244,-22.2214,-4.1145,0.9953
1780826336.5541031,-0.0723,-0.9199,-0.509,-10.0229,-32.2824,-6.6489,1.0538
1780826336.757995,-0.0632,-0.8835,-0.3945,12.9237,-24.2519,-10.6489,0.9697
1780826336.9569514,-0.0798,-0.9253,-0.4656,11.5496,-15.0229,-15.2443,1.0389
1780826337.154531,-0.0059,-0.9224,-0.4243,8.4885,-23.8092,-21.0763,1.0153
1780826337.354975,0.0815,-0.9185,-0.3792,8.5649,-23.8779,-17.3664,0.997
1780826337.5544157,0.1685,-0.9202,-0.3518,17.3282,-10.3359,-16.8321,0.9994
1780826337.7545817,0.1143,-0.8442,-0.3154,18.7176,7.4198,-16.1832,0.9085
1780826337.9636612,0.0542,-0.6306,-0.2456,26.4122,10.0076,-8.9313,0.6789
1780826338.1546378,0.1663,-0.4585,-0.2146,62.2824,36.3359,-15.7328,0.5328
1780826338.3654203,0.3865,-2.0,-0.3013,140.2595,34.6947,-62.084,2.0592
1780826338.5651078,0.6064,1.1584,1.0815,250.1298,136.1069,-44.7634,1.6969
1780826338.7607057,-0.0708,0.5315,0.7124,-33.145,18.2595,-7.7176,0.8916
1780826338.9545078,0.0898,-0.0154,0.918,-48.229,25.8015,3.7939,0.9225
1780826339.154818,0.2605,-0.3921,0.8545,-90.687,-40.8702,24.1832,0.9756
1780826339.3544781,0.1858,-0.5334,0.6809,-42.6183,-66.6718,18.9695,0.8847
1780826339.554893,0.2488,-0.7104,0.3411,14.3893,18.313,3.3588,0.8264
1780826339.7653003,0.1624,-0.5422,0.7546,57.3511,49.1603,-29.6641,0.9433
1780826339.954966,0.1855,-0.0317,0.8503,50.145,23.3053,-20.4656,0.8709
1780826340.1569586,-0.0825,-0.1843,0.8916,-25.8321,-1.2519,-17.3359,0.9142
1780826340.3552473,0.0547,-0.2605,0.8843,-14.313,-8.0076,11.7634,0.9235
1780826340.560167,0.0811,-0.1577,0.8928,7.1145,-8.0229,-0.9466,0.9103
1780826340.7551894,0.1138,-0.1873,0.9094,3.5649,-14.1069,-0.855,0.9354
0,0,0,0,0,0,0,0
0,0,0,0,0,0,0,0
1780826345.6523292,-0.0515,-0.9456,-0.1206,-6.5954,-4.7252,-0.2214,0.9546
1780826345.850464,-0.1133,-0.9495,-0.3113,-27.2824,2.2824,-2.8473,1.0056
1780826346.050785,-0.0898,-0.9612,-0.3142,-2.4733,-3.4656,-3.8244,1.0152
1780826346.2640557,-0.1001,-0.9502,-0.3066,5.8931,-10.1756,-0.9313,1.0035
1780826346.4549818,-0.1003,-0.9385,-0.3245,8.9008,-5.0,-0.5496,0.998
1780826346.650075,-0.0662,-0.9077,-0.2971,14.1298,6.4733,1.4427,0.9574
1780826346.8507044,-0.0742,-0.8599,-0.2427,17.9008,5.9389,4.3359,0.8965
1780826347.0552182,-0.0908,-0.7078,-0.2527,36.3206,-0.7099,7.5344,0.757
1780826347.2510812,-0.0278,-0.4626,-0.2153,77.0305,-1.9313,13.7252,0.5111
1780826347.4647694,-0.4756,-2.0,-0.3628,-29.5038,48.7939,-21.2977,2.0875
1780826347.650441,-0.1748,-0.3926,0.1504,147.7405,-68.4885,10.8855,0.4553
1780826347.8500986,-0.1265,0.0623,0.731,-82.9084,19.7557,-13.0,0.7444
1780826348.051612,-0.0132,0.5154,0.9282,-5.1679,-9.313,-26.0382,1.0618
1780826348.2502627,-0.0217,-0.0845,0.8015,-109.7557,4.3664,-9.2824,0.8062
1780826348.4510772,-0.239,-0.7952,1.1777,-43.1145,58.4504,-24.2901,1.441
1780826348.6506042,-0.374,-0.7449,0.4817,20.6641,12.1908,5.8321,0.9627
1780826348.850651,-0.05,-0.042,0.8911,83.2748,0.7099,12.2519,0.8935
1780826349.0502305,-0.2522,-0.3889,0.7632,62.0763,-17.229,0.7634,0.8929
1780826349.2502613,-0.1292,-0.2751,1.0117,-62.1832,5.1298,-14.4046,1.0564
1780826349.4492397,-0.2046,-0.2515,0.8806,14.2214,-3.8244,-10.3282,0.9384
1780826349.6500807,-0.1736,-0.2039,0.8442,19.8397,-9.5115,-0.1603,0.8857
0,0,0,0,0,0,0,0
0,0,0,0,0,0,0,0
1780826354.1937923,-0.0122,-0.9685,-0.2024,-7.145,-2.7634,2.8855,0.9895
1780826354.3937547,-0.0159,-0.9409,-0.2187,7.9695,-2.2748,-1.5191,0.9661
1780826354.5937052,0.0054,-0.9956,-0.1821,3.1832,2.6412,-1.9695,1.0121
1780826354.7938814,-0.0261,-0.998,-0.1909,7.313,-5.2824,1.7863,1.0165
1780826354.9942062,0.0042,-0.9536,-0.1482,8.7023,-9.3206,-0.2595,0.9651
1780826355.1937263,0.0037,-0.9341,-0.1282,21.2137,-4.9924,-3.9237,0.9428
1780826355.4092436,0.0059,-0.8347,-0.0725,32.2061,-6.2443,-2.7252,0.8379
1780826355.5925932,0.0193,-0.5017,-0.0862,40.3664,-2.8015,-5.0382,0.5094
1780826355.794485,0.1194,-0.9839,0.115,18.771,-15.9924,-1.3206,0.9978
1780826355.9943106,0.1709,0.3772,1.7903,250.1298,27.8931,3.771,1.8376
1780826356.1992147,0.0417,0.718,1.2861,71.7252,-14.4504,8.916,1.4736
1780826356.3938677,-0.3572,0.2942,0.8528,51.7176,-14.7099,2.9084,0.9702
1780826356.6015663,0.0205,0.229,0.7805,-77.5115,13.3053,-16.0687,0.8137
1780826356.7935908,-0.0718,-0.1001,0.8101,-51.5649,-25.4733,-29.4046,0.8194
1780826356.9929125,-0.1365,-0.4788,0.8989,-62.7634,26.6947,26.5725,1.0276
1780826357.1949365,-0.0271,-0.4954,0.6907,27.3053,-0.2977,16.4733,0.8504
1780826357.3984778,-0.1746,-0.5452,0.5808,-88.7557,12.4198,-40.6641,0.8155
1780826357.594347,-0.0615,-0.3186,0.8306,32.6336,-15.1221,5.855,0.8917
1780826357.7944524,-0.1499,-0.4348,0.9316,-41.1603,10.7176,21.4809,1.039
1780826357.9945543,-0.0869,-0.4316,0.906,-10.4656,1.7099,0.4122,1.0073
1780826358.194522,-0.1155,-0.3965,0.8127,4.2748,-2.2977,-7.9466,0.9116
1780826358.3932924,-0.1177,-0.4077,0.8203,1.8473,-3.3359,3.5038,0.9236
1780826358.5929723,-0.1145,-0.4084,0.8306,0.6412,-4.5191,0.9618,0.9326
0,0,0,0,0,0,0,0

0,0,0,0,0,0,0,0
1780826413.3307104,0.0957,-0.9919,-0.1184,-6.1832,-14.7099,9.8702,1.0036
1780826413.5339684,0.0537,-0.9355,-0.1335,-0.6718,-8.7786,-0.5954,0.9466
1780826413.730595,0.0852,-1.0195,-0.1492,-1.084,-24.7023,-7.6794,1.0339
1780826413.9354346,0.0972,-0.948,-0.1606,7.2748,-19.1985,-6.8321,0.9664
1780826414.1336222,0.1135,-0.9822,-0.146,13.7786,-25.145,-3.1145,0.9994
1780826414.334672,0.1685,-0.9021,-0.1262,21.626,-14.4275,-6.0611,0.9263
1780826414.5293138,0.1965,-0.8218,-0.1521,26.7099,-20.5954,-8.2748,0.8585
1780826414.730282,0.1392,-0.7073,-0.2622,4.1603,-8.6336,14.2366,0.767
1780826414.9299567,0.0964,-0.6218,-0.2683,23.8473,11.5954,22.7863,0.6841
1780826415.1303189,1.6907,-2.0,1.2522,150.9847,236.7557,-69.2824,2.9028
1780826415.3307846,0.335,1.6089,1.5586,173.8931,-18.1527,52.6336,2.2649
1780826415.5287113,0.2439,-0.1787,1.1643,-6.7939,100.6107,5.0229,1.2029
1780826415.7302434,-0.4531,0.248,1.0261,30.7939,-33.3969,19.1832,1.1488
1780826415.9314225,-0.3135,0.0505,1.0354,-26.2595,11.3359,1.1069,1.083
1780826416.1296291,0.1904,-0.1523,0.9343,43.7099,-35.8702,-1.8244,0.9656
1780826416.329039,0.0742,-0.1467,0.8555,41.6641,-0.1985,-1.4885,0.8711
1780826416.5291495,-0.0344,0.218,0.9856,16.6412,0.0611,24.855,1.01
1780826416.7324028,-0.0278,0.1296,0.8008,-12.3282,-6.0687,-5.5038,0.8117
1780826416.9316537,0.071,0.3528,1.0059,-27.2901,3.8855,9.0611,1.0683
1780826417.1334589,0.0474,-0.0513,0.7402,-12.687,-30.4504,-90.0076,0.7435
1780826417.334042,0.2046,-0.2424,0.6003,-81.5267,-57.9924,-31.9313,0.679
1780826417.529009,0.5994,-0.3049,0.8071,26.9924,-71.9847,-102.7328,1.0506
1780826417.7311103,0.376,-0.1902,0.6626,-40.4733,-3.1298,40.9237,0.7852
0,0,0,0,0,0,0,0
0,0,0,0,0,0,0,0
1780826421.2182937,0.0552,-0.9736,-0.2097,-4.4809,-9.2137,-0.7863,0.9975
1780826421.4022117,0.0803,-0.9517,-0.3044,-1.4504,-2.0611,-3.4809,1.0024
1780826421.6056886,0.1663,-0.9626,-0.3696,-0.2595,-12.9466,-10.8092,1.0445
1780826421.8032777,0.1758,-0.9375,-0.3428,1.6107,-5.0229,-8.855,1.0136
1780826422.0012727,0.1719,-0.906,-0.3232,5.7405,-8.7939,-9.5191,0.9772
1780826422.2018607,0.2131,-0.9094,-0.2922,11.2137,-6.4427,-11.9466,0.9787
1780826422.4013393,0.3069,-0.803,-0.2771,19.3893,-7.4809,-18.3817,0.9032
1780826422.6042387,0.2778,-0.7639,-0.2671,29.4809,3.1679,-18.5114,0.8556
1780826422.8016179,0.2307,-0.7334,-0.2151,24.8473,10.9313,-13.3817,0.7984
1780826423.015052,0.1802,-0.4504,0.0032,53.5115,41.4275,-10.0153,0.4851
1780826423.203707,1.0847,-2.0,1.9999,0.084,250.1298,-250.1374,3.0293
1780826423.401573,0.3352,0.7805,0.4326,148.4657,0.7405,-8.626,0.9533
1780826423.6021066,0.4312,0.2185,1.01,-55.7099,58.084,-15.1679,1.1197
1780826423.8160055,-0.2703,0.071,1.1963,-74.4122,-3.145,-23.2443,1.2285
1780826424.001767,0.0698,-0.3325,0.6296,14.5267,-65.9771,7.8244,0.7155
1780826424.2014623,0.623,-0.2275,0.7195,-46.0076,-68.0534,-11.6489,0.9786
1780826424.40149,0.7144,-0.0369,0.8259,26.3206,-43.9084,-27.8092,1.0926
1780826424.602095,0.7886,0.054,0.5525,25.1756,-23.771,10.9084,0.9644
1780826424.801928,0.8298,0.1165,0.5896,-1.7939,0.4046,5.2901,1.0246
1780826425.00424,0.7271,-0.0051,0.6147,-12.7252,13.2977,2.4427,0.9521
1780826425.2019966,0.6909,0.0029,0.6453,-1.0534,-0.7099,15.2443,0.9454
1780826425.40644,0.7534,-0.0161,0.5701,-1.8015,-6.1221,-3.5649,0.9449
1780826425.6016505,0.7317,-0.0232,0.6409,-7.9695,-4.2595,0.0534,0.9729
0,0,0,0,0,0,0,0
0,0,0,0,0,0,0,0
1780826430.9349077,0.292,-0.7864,-0.4832,6.4275,-17.1756,-4.3969,0.968
1780826431.1346624,0.2246,-0.8291,-0.6221,-10.4427,-17.4275,-22.626,1.0606
1780826431.3407576,0.2834,-0.782,-0.5977,0.3588,-25.6336,-16.5038,1.0242
1780826431.5391827,0.2688,-0.7844,-0.6082,9.2519,-21.7023,-11.2061,1.0283
1780826431.7369487,0.2246,-0.7876,-0.5908,9.8168,-27.8626,-13.4656,1.0099
1780826431.9349298,0.2629,-0.8193,-0.5356,7.4809,-24.4198,-20.0916,1.0136
1780826432.1342769,0.2615,-0.7727,-0.5356,22.7863,-19.4351,-17.687,0.9759
1780826432.3347225,0.3196,-0.7639,-0.5068,24.4351,-17.542,-17.8931,0.9709
1780826432.535065,0.3442,-0.7627,-0.5449,28.4046,-0.1145,-17.5344,0.9986
1780826432.733945,0.2124,-0.5798,-0.4978,26.0382,4.9847,-18.3893,0.7932
1780826432.935473,0.0398,-0.3437,-0.2332,41.3053,19.7252,10.0763,0.4173
1780826433.1352947,1.6582,-2.0,1.9999,250.1298,250.1298,-76.8702,3.2786
1780826433.3375795,-0.4822,0.3389,0.3586,135.9084,115.5954,-198.1832,0.6899
1780826433.5362203,-0.0071,0.3936,1.1216,45.0382,44.1756,24.9466,1.1886
1780826433.7347822,-0.1941,0.0537,0.9058,-59.4504,-3.3817,55.2519,0.9279
1780826433.9349053,-0.0349,-0.1104,0.9236,-59.7099,-49.7099,26.7328,0.9308
1780826434.1349294,0.5923,-0.5461,0.4236,-57.6565,-106.313,-27.3359,0.9102
1780826434.334282,0.7969,-0.3396,0.2812,-67.084,-111.4046,-38.0076,0.9107
1780826434.5342224,1.1035,-0.3225,-0.2458,-5.687,-69.6565,-17.4275,1.1757
1780826434.7344913,0.9255,-0.3523,0.1484,13.4809,38.7786,-18.2824,1.0014
1780826434.9840057,0.9294,-0.1309,0.4873,67.1756,125.6031,-7.5725,1.0576
1780826435.135087,0.7654,0.3027,0.6284,12.9542,52.6718,23.229,1.0356
1780826435.334059,0.8481,0.0813,0.4431,24.0534,-26.0076,1.5344,0.9604
1780826435.535597,0.8921,-0.0784,0.532,-15.1908,-15.5878,7.4733,1.0416
1780826435.738223,0.8154,-0.0435,0.4639,12.1985,12.3664,-34.6183,0.9391
1780826435.9360757,0.8105,0.0918,0.4512,13.084,-8.1985,1.2519,0.9322
1780826436.13461,0.8066,0.1482,0.4829,-6.6412,-18.7481,15.3893,0.9518
1780826436.3352232,0.9136,0.0999,0.3972,-2.8626,-1.7863,-5.2061,1.0012
1780826436.5352483,0.8594,0.1365,0.4387,-7.3359,3.1756,0.2977,0.9745
1780826436.7354934,0.9407,0.0676,0.4282,-8.3893,-2.3435,22.3206,1.0358
0,0,0,0,0,0,0,0
0,0,0,0,0,0,0,0
1780826441.7029123,0.0422,-0.9226,-0.2854,7.0229,-0.145,25.542,0.9667
1780826441.9027727,0.2024,-0.9453,-0.3462,10.8626,5.3206,-17.7328,1.0269
1780826442.1039677,0.0469,-0.9546,-0.2725,-4.4275,-4.8244,-2.8015,0.9938
1780826442.3034735,0.3086,-0.938,-0.2949,17.4427,10.7786,37.8321,1.0305
1780826442.5036507,0.0515,-0.9741,-0.3843,-33.1527,-7.9466,-6.5115,1.0484
1780826442.7033048,0.0386,-0.9707,-0.377,-26.8244,-18.7481,-14.5878,1.042
1780826442.9055076,0.0347,-0.8533,-0.4883,-32.6794,10.2061,25.6412,0.9837
1780826443.1036024,-0.0537,-0.8403,-0.4756,-17.4427,7.0076,18.6947,0.9671
1780826443.3030486,0.0032,-0.7512,-0.4714,-3.3435,-14.8779,37.3817,0.8869
1780826443.5091534,-0.0149,-0.5332,-0.3062,-9.2061,-5.9618,31.145,0.615
1780826443.702905,-0.2146,-0.5576,-0.6169,-37.7023,1.7939,-2.2519,0.8588
1780826443.9019918,0.3423,-0.7524,-2.0,-206.0,-197.5802,-19.2824,2.1641
1780826444.1107059,-0.9746,0.502,-0.655,43.7786,-104.6947,134.8473,1.2771
1780826444.3033264,-0.8271,-0.1604,-0.3931,-7.1221,-64.458,11.2366,0.9297
1780826444.5140352,-0.7585,-0.1562,-0.1599,-14.0763,49.7405,-92.5878,0.7908
1780826444.7029471,-0.8362,-0.4944,-1.3577,-43.229,88.855,7.3893,1.6694
1780826444.9035826,-0.3308,-0.2476,-0.7993,4.1145,-40.3359,-17.7786,0.8998
1780826445.1027536,-0.5754,-0.1365,-0.8103,15.8702,21.687,26.9618,1.0032
1780826445.3036463,-0.5916,-0.3242,-0.7073,10.1374,1.2214,-16.2366,0.9774
1780826445.5017488,-0.8091,-0.449,-0.634,5.8015,0.916,10.9466,1.1217
0,0,0,0,0,0,0,0
0,0,0,0,0,0,0,0
1780826451.1453798,0.0901,-0.8992,-0.1587,29.4275,22.7023,27.7405,0.9175
1780826451.3515327,0.0503,-0.9812,-0.2058,-16.4122,22.7481,-9.6565,1.0038
1780826451.545422,0.1387,-0.9358,-0.2488,-0.7405,-0.4504,-5.855,0.9782
1780826451.7453823,0.1631,-0.9265,-0.2756,-0.0687,-13.0076,11.5038,0.9803
1780826451.9445105,0.0471,-0.9634,-0.2993,-10.771,-16.2214,2.3817,1.0099
1780826452.145447,0.0361,-0.9673,-0.3242,-9.9771,-9.1374,13.9313,1.0208
1780826452.3445563,-0.0068,-0.9255,-0.3765,-14.458,-5.3511,16.8702,0.9992
1780826452.5449052,-0.1042,-0.9531,-0.4207,-11.542,-4.4046,15.3206,1.047
1780826452.7447038,-0.0439,-0.8413,-0.3638,-16.6489,-2.374,23.8702,0.9176
1780826452.9445813,-0.0723,-0.7295,-0.3564,-10.2366,1.855,20.8855,0.8151
1780826453.1464767,-0.1096,-0.6055,-0.3801,-15.9618,-18.916,41.0,0.7233
1780826453.3459065,-0.2056,-0.5122,-0.4929,-8.0153,-67.8397,44.3206,0.74
1780826453.5446954,-0.259,-1.5459,-0.9756,-133.9008,-10.6565,-158.0458,1.8463
1780826453.745025,-1.1946,0.6091,-0.2654,147.229,-20.8015,83.7939,1.3669
1780826453.9451566,-0.999,-0.3462,-0.2407,-70.6947,-13.626,-5.084,1.0844
1780826454.1452897,-0.6335,0.0413,0.2412,8.6107,64.7099,-58.3817,0.6792
1780826454.3452587,-0.7935,-0.2075,-0.2161,-54.7634,122.4657,-37.9237,0.8481
1780826454.5453796,-1.0083,-0.5359,-1.2258,-31.0076,33.4656,77.9084,1.6753
1780826454.7466927,-0.7236,-0.1042,-0.9019,-1.0763,-56.1374,-39.4809,1.161
1780826454.946201,-0.8037,0.064,-0.345,14.7176,-10.313,-46.6412,0.877
1780826455.1478057,-0.9219,-0.5447,-0.6909,-26.5496,6.1069,44.2214,1.2743
1780826455.3466654,-0.7815,-0.165,-0.6428,4.687,-2.2595,-7.7176,1.0253
1780826455.5451572,-0.8606,-0.1179,-0.5747,-0.1069,-0.0916,3.7405,1.0415
1780826455.7444818,-0.7988,-0.1902,-0.6477,5.1069,-2.3969,12.229,1.0459
1780826455.9450448,-0.8611,-0.1724,-0.5747,7.0153,-3.8321,3.9313,1.0495
1780826456.1452239,-0.8225,-0.1499,-0.6287,0.4656,2.2824,-2.229,1.046
0,0,0,0,0,0,0,0
0,0,0,0,0,0,0,0
1780826459.785589,0.1855,-0.8826,-0.4231,-0.6641,3.9389,5.3588,0.9962
1780826459.9759464,0.1577,-0.8931,-0.4092,-9.5267,-9.1832,14.5878,0.9949
1780826460.1712794,0.1179,-0.8982,-0.5034,-8.1679,-12.3817,17.6412,1.0364
1780826460.370934,0.0122,-0.8518,-0.4836,-5.7939,-9.9771,31.8244,0.9796
1780826460.5827525,0.0027,-0.7776,-0.4792,-10.458,-5.626,13.5115,0.9134
1780826460.771052,-0.0583,-0.7109,-0.4626,9.0305,-22.2824,48.3588,0.8502
1780826460.9725149,0.0415,-0.5491,-0.344,-6.7023,-52.9389,3.7481,0.6493
1780826461.1737201,-1.021,-1.9756,0.5591,-31.7481,-250.1374,36.8244,2.293
1780826461.3810816,-1.0977,-0.7849,-1.272,-108.0153,-55.1221,66.626,1.8544
1780826461.5719547,-0.9846,0.2639,-0.3677,-41.3588,-73.8702,53.7328,1.0837
1780826461.7723036,-0.7373,-0.0525,-0.0457,-20.0305,-12.0534,-31.3588,0.7406
1780826461.9736652,-0.491,-0.0715,0.0688,-12.4962,131.2214,-37.3893,0.5009
1780826462.175303,-0.8064,-0.6357,-1.4507,-116.8397,150.8015,-14.1145,1.7773
1780826462.3711262,-0.2734,-0.1472,-1.0576,-19.5038,-46.5954,-3.4427,1.1023
1780826462.5716817,-0.8364,0.0659,-0.8672,24.2824,-44.7328,4.3206,1.2066
1780826462.7717865,-0.6719,-0.1755,-0.5889,-13.5267,-40.0687,-31.2672,0.9105
1780826462.9712703,-0.8604,-0.2876,-0.6465,-8.9618,8.229,8.2137,1.1139
1780826463.1712832,-0.7805,-0.1157,-0.7031,-0.1679,7.3053,17.6641,1.0569
1780826463.382025,-0.7234,-0.1274,-0.7625,0.3969,-2.6641,-4.6412,1.0587
1780826463.5716336,-0.7468,-0.1721,-0.7417,10.3282,-5.5649,3.3588,1.0665
1780826463.7717893,-0.7485,-0.1714,-0.7544,-0.3206,-1.9847,-1.9618,1.0765
0,0,0,0,0,0,0,0
0,0,0,0,0,0,0,0
1780826467.6551476,0.1265,-0.9707,-0.2346,-3.7634,-8.7099,12.5267,1.0066
1780826467.8570783,0.0903,-0.9497,-0.1765,9.2977,1.7328,15.6031,0.9702
1780826468.0550373,0.0347,-0.9846,-0.2141,-11.9695,-5.9008,1.1985,1.0082
1780826468.2537913,-0.0171,-0.9685,-0.2283,-12.3282,-6.8397,17.0687,0.9952
1780826468.455284,-0.0488,-0.9683,-0.2649,-12.8931,-11.6641,18.5038,1.005
1780826468.6553674,-0.1062,-0.9419,-0.311,-17.771,-9.084,21.3206,0.9976
1780826468.854805,-0.1565,-0.8682,-0.3203,-9.9084,-4.9008,30.4198,0.9385
1780826469.0541348,-0.1165,-0.793,-0.3599,-5.9237,-4.2366,34.3511,0.8786
1780826469.263557,-0.1257,-0.532,-0.2908,8.5038,-12.0611,54.5649,0.6192
1780826469.4536762,-0.3899,-0.4856,-0.3284,-38.7557,6.8779,37.0687,0.704
1780826469.6545384,-0.5544,-0.7544,-0.9526,-208.4046,-12.8321,18.0687,1.3357
0,0,0,0,0,0,0,0
0,0,0,0,0,0,0,0
1780826475.3209043,0.0398,-0.8923,-0.6782,20.6947,-17.1908,-16.7252,1.1215
1780826475.5218027,-0.0774,-0.7939,-0.4595,17.9695,-46.8244,-21.3893,0.9206
1780826475.7197645,0.0273,-0.9392,-0.3777,2.145,-52.1756,7.5267,1.0127
1780826475.9197829,0.0774,-0.926,-0.4209,17.8473,0.2901,28.9237,1.0201
1780826476.119553,0.0564,-0.9355,-0.4365,6.6489,24.7405,11.6794,1.0339
1780826476.3197742,-0.0171,-0.9893,-0.4346,0.6107,38.0076,21.0992,1.0806
1780826476.5199902,0.0039,-0.9209,-0.3298,14.7939,38.3511,28.2443,0.9782
1780826476.719973,-0.0283,-0.9111,-0.3403,-3.7634,33.2748,29.4046,0.973
1780826476.9222088,0.0227,-0.772,-0.2839,11.3893,24.4198,29.1832,0.8228
1780826477.1208727,-0.0212,-0.6931,-0.3408,20.3893,16.9389,31.3053,0.7727
1780826477.32129,-0.1162,-0.6572,-0.3655,26.9466,-9.0382,38.4046,0.7609
1780826477.520834,-0.6614,-1.323,0.2932,-175.1374,-59.3664,-36.5573,1.5079
1780826477.7237477,-1.7876,0.9072,-0.2004,233.3435,117.7863,-250.1374,2.0146
1780826477.9200163,-0.8755,-0.4551,-0.5767,-28.9466,-38.1603,47.0916,1.1429
1780826478.1247234,-0.7078,-0.1279,-0.166,3.8397,61.5573,-24.0,0.7381
1780826478.321007,-1.2334,-0.6006,-1.0991,-60.771,30.0458,83.4198,1.7579
1780826478.5200171,-0.8274,-0.3828,-0.7156,-17.5038,-2.2824,-7.5191,1.159
1780826478.720095,-0.896,-0.1313,-0.3235,17.7176,-10.4656,-11.8168,0.9616
1780826478.920842,-0.9021,-0.1584,-0.5647,5.6031,3.2672,12.4427,1.076
1780826479.1202617,-0.8672,-0.2412,-0.5361,-10.9695,0.5038,-5.4427,1.0477
1780826479.3193297,-0.8992,-0.1782,-0.5481,0.7252,-0.8855,19.0992,1.068
1780826479.5237553,-0.8232,-0.1841,-0.5212,-2.3435,-5.5496,2.1069,0.9916
1780826479.7197018,-0.8521,-0.156,-0.4978,-2.3053,-0.374,-1.6031,0.9991
1780826479.9193223,-0.8821,-0.1697,-0.4084,2.8092,2.2519,2.6947,0.9868
0,0,0,0,0,0,0,0
0,0,0,0,0,0,0,0
1780826483.9541764,-0.1582,-0.9072,-0.1687,19.2824,27.0305,5.9084,0.9362
1780826484.1528122,-0.1538,-0.9414,-0.2585,-2.5267,7.374,7.5267,0.9883
1780826484.3530176,-0.1389,-0.9719,-0.2539,0.1527,3.3969,4.9084,1.0141
1780826484.553067,-0.0879,-0.9243,-0.24,-0.9313,12.855,9.7481,0.959
1780826484.7528732,-0.1726,-0.9194,-0.2427,2.6641,16.5802,3.687,0.9665
1780826484.9527817,-0.1672,-0.916,-0.2703,-3.2672,32.3588,21.0076,0.9696
1780826485.156568,-0.2524,-0.8474,-0.2651,7.1908,32.5802,31.1527,0.9231
1780826485.3529594,-0.2927,-0.8037,-0.3093,8.1679,20.0305,34.3282,0.9096
1780826485.5530605,-0.3123,-0.6514,-0.3179,14.1603,8.3206,35.9542,0.7892
1780826485.7540164,-0.5173,-0.6255,-0.4087,14.313,-18.4122,38.8397,0.9088
1780826485.952909,-1.3413,-1.7275,-0.2947,-77.9695,-199.0687,51.9618,2.2069
1780826486.1536715,-1.1309,-0.1641,-0.2866,144.5725,-232.7939,83.9084,1.1781
1780826486.3532486,-0.7312,0.0798,0.2405,-8.1756,-83.6489,49.0076,0.7739
1780826486.5556989,-0.4629,0.3699,1.323,10.1527,-19.0916,-41.8931,1.4496
1780826486.752754,-0.4502,-0.0222,0.6689,-31.9695,68.916,0.8702,0.8066
1780826486.9529357,-0.7222,-0.0742,0.3923,-70.2519,150.9008,-20.1832,0.8252
1780826487.1532242,-0.9063,-0.4692,-0.7256,-45.5191,145.855,47.0305,1.2522
1780826487.3532548,-1.0344,-0.2852,-0.4739,7.9008,71.7634,62.1069,1.173
1780826487.5554743,-0.8223,0.1699,-0.8276,10.5038,-18.2061,-67.458,1.179
1780826487.753164,-0.9463,0.1155,-0.4053,16.2519,-15.3053,-20.4351,1.0359
1780826487.953041,-1.0522,-0.3718,-0.4343,1.4351,-25.4962,-3.084,1.1975
1780826488.1535964,-0.8357,-0.1392,-0.3542,-3.7481,15.6489,2.2901,0.9183
1780826488.353768,-0.8718,-0.0266,-0.3997,-3.8473,4.2443,-7.1832,0.9594
1780826488.5530753,-0.9656,-0.1907,-0.364,7.2519,-17.626,16.8931,1.0494
0,0,0,0,0,0,0,0
0,0,0,0,0,0,0,0
1780826492.3409567,-0.1323,-1.0388,-0.1233,4.8244,-4.1298,0.0992,1.0544
1780826492.5411098,-0.0315,-0.9802,-0.2007,-1.3817,-13.0687,-1.6794,1.0011
1780826492.7406774,0.0056,-0.959,-0.1875,11.5038,1.9847,-0.0916,0.9772
1780826492.9418464,-0.0518,-0.958,-0.1482,9.9542,-8.0916,0.1679,0.9708
1780826493.1407418,-0.0342,-0.9587,-0.1389,7.8244,-2.9542,-1.2824,0.9694
1780826493.3403156,-0.0229,-0.8335,-0.1016,12.4122,-2.9389,0.4198,0.84
1780826493.5406694,-0.0132,-0.8794,-0.1619,10.3511,-1.1908,2.5725,0.8943
1780826493.7580042,-0.0391,-0.7361,-0.2515,44.0458,-9.7863,9.8397,0.7788
1780826493.9411507,0.0166,-1.1389,-0.3132,83.2901,10.8244,-11.1527,1.1813
1780826494.141094,0.2478,0.0916,0.9038,210.6412,-43.5573,-56.8855,0.9416
1780826494.3411717,-0.0842,0.1389,0.9316,105.3282,49.855,6.3206,0.9457
1780826494.5411391,-0.4792,0.2869,1.0283,9.0229,-7.4275,26.0076,1.1702
1780826494.7564685,-0.3032,0.2134,0.9453,21.2519,-5.8931,29.7939,1.0154
1780826494.9402926,-0.2087,-0.0645,0.761,-66.1679,2.2519,-18.4886,0.7917
1780826495.157096,-0.2593,-0.1997,1.0042,-11.2672,-11.7786,-2.374,1.0561
1780826495.340467,-0.2495,-0.2581,0.8335,-10.5878,9.6641,-0.145,0.9075
1780826495.5428889,-0.3315,-0.175,0.8447,-19.3359,14.2901,-29.8168,0.9242
1780826495.741071,-0.5093,-0.3286,0.9033,-24.4351,2.0458,-8.8321,1.0878
1780826495.941443,-0.3772,-0.2207,0.8101,-17.9924,0.5649,4.2748,0.9204
1780826496.1405659,-0.3135,-0.2498,0.8533,-18.4733,2.1221,9.3969,0.9427
1780826496.3404062,-0.3892,-0.3767,0.7856,-19.6031,-6.4427,-22.0611,0.9542
0,0,0,0,0,0,0,0
0,0,0,0,0,0,0,0
1780826501.2955947,-0.0942,-0.9929,-0.2502,10.9847,-1.4122,8.9771,1.0283
1780826501.4946363,-0.0815,-0.9868,-0.2849,-4.6031,-1.4046,-3.5115,1.0304
1780826501.693544,-0.092,-0.9619,-0.2192,2.9695,-9.2748,-1.0458,0.9909
1780826501.9030993,-0.0618,-0.9744,-0.209,-1.4122,-3.0916,-0.0229,0.9984
1780826502.0952191,-0.1157,-0.9766,-0.1833,10.0916,2.2137,3.8626,1.0003
1780826502.2938223,-0.0952,-0.9102,-0.0923,12.4504,10.1374,1.3664,0.9198
1780826502.494119,-0.1667,-0.8838,-0.0862,27.3053,10.0763,10.1908,0.9035
1780826502.6937938,-0.0977,-0.8936,-0.1433,-0.8015,18.8244,2.5038,0.9102
1780826502.8949625,-0.1338,-0.8311,-0.1497,32.8626,9.7176,22.3359,0.855
1780826503.0951016,-0.1108,-0.6636,-0.1272,34.1527,12.2519,10.7557,0.6847
1780826503.294518,-0.5598,-1.894,-0.1333,-26.5114,171.9313,38.9924,1.9795
1780826503.4938526,-1.1169,-0.3325,-0.2131,70.8015,-74.3206,116.2443,1.1847
1780826503.6934657,-1.1587,0.0361,0.2471,-1.7863,-45.6412,88.3511,1.1853
1780826503.8945956,-0.7346,0.0173,0.3499,-10.0076,27.8855,-18.8168,0.8139
1780826504.099054,-0.8779,-0.1899,0.4077,-13.5649,87.855,-39.5954,0.9864
1780826504.2990658,-0.8145,-0.4675,0.0513,-6.3893,67.374,-8.0382,0.9405
1780826504.495125,-1.0198,-0.2393,-0.2771,-1.8473,30.7328,87.458,1.0835
1780826504.6986578,-1.0078,-0.1306,-0.4756,-28.2137,27.2519,-13.4885,1.122
1780826504.8932154,-0.9934,-0.0537,-0.5327,16.5114,-8.4046,0.5802,1.1285
1780826505.093566,-0.7788,-0.2881,-0.5708,-2.0382,-12.2595,-10.5725,1.0076
1780826505.2941327,-0.8872,-0.2036,-0.5181,5.6947,3.4427,0.0458,1.0474
0,0,0,0,0,0,0,0
0,0,0,0,0,0,0,0
1780826509.281051,-0.033,-0.9485,-0.2231,4.3664,17.7481,13.3359,0.9749
1780826509.4804246,0.021,-0.9597,-0.2732,-18.9771,-1.5878,30.1298,0.9981
1780826509.690993,-0.0388,-0.9526,-0.2922,7.1069,6.8015,24.1908,0.9972
1780826509.880308,-0.0674,-0.9219,-0.2878,-4.0611,12.1221,11.4809,0.9681
1780826510.085384,-0.0999,-0.8662,-0.2383,12.6718,21.3435,17.7099,0.9039
1780826510.280034,-0.1638,-0.8794,-0.3022,6.6565,29.6489,18.9771,0.9442
1780826510.4803615,-0.1978,-0.8723,-0.3608,5.0611,29.1527,33.4733,0.9645
1780826510.6795745,-0.178,-0.6548,-0.2939,5.9847,6.1832,38.9771,0.7395
1780826510.8838632,-0.1301,-0.4993,-0.2646,8.4046,-6.5191,26.8702,0.5799
1780826511.0807834,-0.9067,-1.0767,0.3481,-68.1221,109.8015,39.7557,1.45
1780826511.2799973,-1.8464,-0.5776,0.6338,163.1374,-228.5343,238.1832,2.0358
1780826511.4854639,-0.7603,0.0134,0.1924,20.3053,-90.0382,26.0,0.7843
1780826511.6798627,-0.7996,-0.2668,0.542,-23.8244,18.0382,18.7252,1.0021
1780826511.8797305,-0.7175,-0.4265,-0.012,-43.5573,53.0,-5.8244,0.8348
1780826512.0802457,-0.918,-0.3389,-0.2849,-17.7405,65.771,95.1603,1.0192
1780826512.2804923,-0.8289,-0.3635,-0.6072,24.0534,1.4962,2.2901,1.0899
1780826512.480466,-1.0408,0.0139,-0.4016,26.5573,11.6412,23.4733,1.1157
1780826512.6802135,-0.8511,-0.2629,-0.3767,-18.7634,-2.1298,-13.9618,0.9671
1780826512.8805616,-0.8713,-0.3228,-0.4104,-12.0382,2.0382,-4.5115,1.0158
1780826513.080625,-0.9348,-0.2136,-0.4214,12.6412,1.8015,9.3664,1.0474
0,0,0,0,0,0,0,0
0,0,0,0,0,0,0,0
1780826518.3950326,-0.0984,-0.9043,-0.1494,-31.4733,43.9695,20.7099,0.9218
1780826518.5925374,-0.1868,-0.9272,-0.3271,-19.4962,-25.0382,-0.1145,1.0008
1780826518.7932363,-0.1018,-0.9836,-0.4258,21.2519,-20.5573,5.9237,1.0767
1780826519.0001104,-0.0383,-0.8696,-0.2524,-0.9695,-23.1527,-13.1832,0.9063
1780826519.1985545,-0.0259,-0.9182,-0.2668,-3.2672,-8.1069,0.9389,0.9566
1780826519.3930328,-0.0315,-0.9426,-0.3008,2.9542,-2.1679,2.4275,0.99
1780826519.5916662,-0.0461,-0.9373,-0.2383,8.3282,-3.3282,-0.5267,0.9682
1780826519.7921581,-0.0801,-0.9802,-0.2444,10.7405,0.3359,-6.0763,1.0134
1780826519.9920337,-0.0671,-0.9045,-0.2258,17.6947,-1.2901,1.687,0.9347
1780826520.192621,-0.053,-0.8767,-0.1807,18.4275,-6.9389,5.7099,0.8967
1780826520.3922555,-0.0571,-0.801,-0.231,40.0229,-1.9542,6.8321,0.8356
1780826520.5951858,-0.0522,-0.5999,-0.2473,43.8168,-10.0076,-12.0992,0.6509
1780826520.7926302,0.124,-2.0,1.8921,94.3435,-44.6412,42.4046,2.756
1780826520.99352,-0.3381,-0.2148,0.2974,183.0076,7.1756,20.1832,0.4989
1780826521.193409,-0.4419,0.3105,1.0798,61.1756,22.3664,58.7328,1.2074
1780826521.3928156,-0.3831,0.604,0.8765,-11.2137,12.6641,-6.0687,1.1313
1780826521.5953457,-0.0254,0.0444,0.7739,-26.855,-23.4809,29.0534,0.7756
1780826521.7923748,-0.2104,-0.1357,0.8228,-58.6183,-8.5038,-15.3588,0.86
1780826521.993092,-0.2197,-0.3633,1.0149,-24.7252,-3.8397,30.374,1.1001
1780826522.1924417,-0.2192,-0.4758,0.7126,-11.2366,-29.3053,6.3817,0.8845
1780826522.3927743,-0.3706,-0.4756,0.8513,49.458,-18.0382,22.0534,1.0432
1780826522.5942838,-0.271,-0.7146,0.6274,-27.6641,11.2901,-26.3206,0.9888
1780826522.792775,-0.2561,-0.4529,0.793,12.145,13.6718,-34.2214,0.9484
0,0,0,0,0,0,0,0
0,0,0,0,0,0,0,0
1780826562.0552218,-0.0352,-0.9707,-0.1792,-0.9771,-0.9924,0.1756,0.9877
1780826562.2456572,0.0286,-0.9612,-0.2795,27.4198,8.4962,6.1298,1.0014
1780826562.4458547,0.0303,-0.8923,-0.2786,-8.6718,6.9084,14.8015,0.9353
1780826562.6540463,-0.0181,-0.7769,-0.3093,-4.7405,9.0687,37.0763,0.8364
1780826562.8483415,-0.0198,-0.7537,-0.2427,-14.2595,-27.5649,27.0763,0.792
1780826563.0608833,-0.0977,-0.604,-0.2227,10.0305,-34.7939,26.1298,0.6511
1780826563.2465873,-0.7085,-1.6553,-0.1836,123.8397,-250.1374,67.2443,1.8099
1780826563.4450426,0.4524,0.491,0.4893,104.0992,-96.8779,80.0611,0.8277
1780826563.653176,-0.0178,-0.0076,0.9382,-80.1145,120.9466,95.1069,0.9384
1780826563.8458827,-0.3235,-0.2229,0.3638,-112.4962,15.7481,-55.5725,0.5354
1780826564.0514054,-0.7356,-0.095,0.7202,18.2519,-9.3511,-21.0611,1.0338
1780826564.2449746,-0.3931,-0.1399,0.6255,7.9008,-12.3359,-44.0305,0.7519
1780826564.4461584,-0.7185,-0.3499,0.541,-23.8855,11.3588,35.9466,0.9651
1780826564.6473784,-0.4836,-0.2317,0.7634,-18.4122,-1.7252,-2.8168,0.933
0,0,0,0,0,0,0,0
0,0,0,0,0,0,0,0
1780826571.0919874,0.0669,-0.9417,-0.2373,-1.0992,0.855,-2.1832,0.9734
1780826571.2965732,0.1255,-0.9507,-0.3938,12.8321,1.0305,7.2901,1.0366
1780826571.4924853,0.1682,-0.8691,-0.4065,-19.3206,8.4198,14.3588,0.9741
1780826571.6914697,0.0217,-0.7229,-0.3186,-21.6336,9.8931,17.3588,0.7903
1780826571.8916335,0.0361,-0.5393,-0.3306,10.6336,-27.7252,33.9313,0.6336
1780826572.0969188,-0.0474,-0.6421,-0.4758,16.9924,-67.6947,33.0305,0.8006
1780826572.2912452,-2.0,-2.0,1.6516,128.9084,-27.458,250.1298,3.2753
1780826572.4939637,-1.1792,0.2168,0.6831,90.313,-122.4733,114.6489,1.3799
1780826572.6918707,-0.3625,-0.9985,1.0107,42.5115,-19.2977,81.8092,1.4663
1780826572.8926563,-0.5376,-0.4331,0.8062,-6.3969,-7.5496,17.1527,1.0614
1780826573.0909212,-0.5112,-0.3535,0.7656,13.5573,21.8855,-13.374,0.9862
1780826573.2933507,-0.6145,-0.405,0.469,4.2901,-26.0382,-33.4962,0.8727
1780826573.4911091,-0.5278,-0.3389,0.657,-13.7099,8.8092,20.5649,0.9083
1780826573.6917615,-0.6365,-0.2852,0.7693,-22.7176,5.0687,2.6718,1.0384
1780826573.9117775,-0.437,-0.3691,0.6301,-1.4504,-0.5267,-6.6489,0.8511
0,0,0,0,0,0,0,0
0,0,0,0,0,0,0,0
1780826580.0751245,0.1379,-0.959,-0.3403,-1.2977,-2.6183,1.8015,1.0269
1780826580.2754288,0.1594,-0.9167,-0.3152,3.9695,1.7863,7.2519,0.9824
1780826580.4841769,0.2102,-0.8608,-0.342,-22.626,12.7634,13.2137,0.9499
1780826580.675355,0.0774,-0.6628,-0.2412,-7.6794,-3.5344,20.1985,0.7096
1780826580.8769524,0.0564,-0.4839,-0.2688,-16.6107,-21.9466,26.3893,0.5564
1780826581.074847,-0.123,-1.054,-0.4968,-7.8321,-42.6947,36.9466,1.1717
1780826581.2786071,-2.0,-2.0,-0.3313,-5.3511,-231.2137,226.1679,2.8478
1780826581.4748213,-0.571,-0.1616,0.9031,80.916,-169.5496,25.2366,1.0806
1780826581.6759875,-0.6372,-0.5203,0.9065,72.0458,-8.0305,68.2519,1.2241
1780826581.881033,-0.3687,-0.4062,0.7266,98.0611,12.5725,11.4122,0.9104
1780826582.074674,-0.6362,-0.2124,0.7329,-4.9313,19.8168,-13.8855,0.9935
1780826582.2878656,-0.6958,-0.4272,0.5757,26.2137,-17.6031,14.2748,0.999
1780826582.4747705,-0.4543,-0.2322,0.6462,-13.4275,-24.7405,0.4046,0.8234
1780826582.6748035,-0.4912,-0.3706,0.7754,-3.3359,10.8473,8.145,0.9899
1780826582.876166,-0.5144,-0.3052,0.8062,-5.3817,9.4504,-4.0916,1.0038
0,0,0,0,0,0,0,0
0,0,0,0,0,0,0,0
1780826585.986737,0.1025,-0.9043,-0.3999,5.2214,-5.3435,-0.8015,0.9941
1780826586.1859524,0.0967,-0.8855,-0.3909,-3.0076,-5.1298,5.084,0.9727
1780826586.3922994,0.1584,-0.8799,-0.425,-11.3206,0.6107,12.6183,0.9899
1780826586.586839,0.1392,-0.6533,-0.4519,-11.0763,-2.4809,22.1756,0.8065
1780826586.789294,-0.0679,-0.3823,-0.0991,31.374,-11.7023,23.6565,0.4008
1780826586.9919195,-0.0713,-0.968,-0.6204,-9.5115,-55.5573,39.9771,1.1519
1780826587.1873288,-1.2246,-1.8562,-0.8298,203.916,-248.5038,250.1298,2.3736
1780826587.386238,-0.9861,-0.5574,0.6489,122.9695,-142.2519,115.0305,1.3054
1780826587.5867324,0.0371,0.2241,0.3784,21.6031,20.5114,75.1221,0.4414
1780826587.786755,-0.2095,-0.3887,0.5535,1.9237,20.2519,-23.084,0.708
1780826587.9853287,-0.5227,-0.2993,0.666,-2.7023,29.4122,15.6489,0.898
1780826588.1863194,-0.917,-0.0017,0.7085,-1.7634,-27.2595,-28.9084,1.1588
1780826588.3894188,-0.3567,-0.0676,0.5498,-40.5725,3.9542,-39.6718,0.6589
1780826588.6000135,-0.3286,-0.2224,0.3059,-11.5954,-29.5038,-32.0458,0.501
1780826588.7854376,-0.5422,-0.0786,0.6072,-21.1069,0.3817,-4.5573,0.8178
1780826588.985547,-0.4617,-0.2876,0.6138,6.1069,-6.8321,-8.4351,0.8201
0,0,0,0,0,0,0,0
0,0,0,0,0,0,0,0
1780826591.8278668,0.2083,-0.7898,-0.4072,-4.1298,16.9924,11.4427,0.9127
1780826592.0280907,0.199,-0.8833,-0.416,5.687,6.3053,17.9618,0.9964
1780826592.2270734,0.1943,-0.8193,-0.3945,-12.4427,14.6336,21.4886,0.9299
1780826592.4259245,0.0127,-0.6265,-0.2422,0.5038,-19.8397,26.9542,0.6718
1780826592.6260736,0.144,-0.6084,-0.3997,17.2519,-58.1908,32.0076,0.742
1780826592.8264222,-0.6726,-0.6018,-0.6416,-2.771,-104.6336,97.8244,1.1074
1780826593.0311143,1.3521,-0.428,-0.8718,73.0229,-250.1374,37.7023,1.6647
1780826593.2277303,-1.887,-0.0981,1.5715,57.5802,-15.458,-62.5725,2.4576
1780826593.4257581,-1.1089,-0.3154,1.3411,39.3053,8.9313,-0.2137,1.7685
1780826593.6282883,-0.3582,-0.2556,1.1729,39.6336,14.2366,9.1069,1.2527
1780826593.826823,-0.6606,-0.2456,0.6777,-2.374,-13.855,-35.3206,0.9778
1780826594.0257304,-0.5266,-0.394,0.6541,-6.4427,33.9924,14.229,0.9276
1780826594.2267737,-0.3621,-0.2329,0.8171,-4.9084,-11.0611,-9.4122,0.9236
1780826594.4252436,-0.4858,-0.3188,0.8071,9.6489,-9.2214,-0.8168,0.9946
0,0,0,0,0,0,0,0
0,0,0,0,0,0,0,0
1780826597.7398686,0.0857,-0.9124,-0.4714,3.145,-2.5344,-6.374,1.0305
1780826597.9392984,0.126,-0.8987,-0.4785,0.9695,1.9771,7.771,1.0259
1780826598.1446161,0.0732,-0.8965,-0.4216,0.5802,2.4275,6.6947,0.9934
1780826598.3394535,0.094,-0.8975,-0.4502,-4.8092,4.2443,15.1603,1.0084
1780826598.5384367,0.0596,-0.7161,-0.3921,-5.1069,7.0916,34.5878,0.8186
1780826598.7440908,0.0798,-0.6257,-0.4463,5.8397,-19.5649,32.3053,0.7727
1780826598.9388,0.0251,-0.4504,-0.092,9.7405,9.3969,21.1527,0.4604
1780826599.1420143,-2.0,-2.0,-1.7769,250.1298,71.1298,115.6107,3.3402
1780826599.3391726,-0.5933,0.3608,1.3218,63.2061,-113.0,155.5954,1.4931
1780826599.538691,0.0176,0.0168,1.3696,-156.4122,-85.2901,-105.6412,1.3698
1780826599.7387161,-0.1641,-0.1418,1.0481,-20.6183,-5.3206,-9.8092,1.0703
1780826599.9390872,-0.332,-0.3887,0.9026,20.4351,37.7252,14.4885,1.0373
1780826600.13891,-0.282,-0.2959,0.811,38.6718,76.8626,28.084,0.9082
1780826600.3392656,-0.5708,-0.0986,0.3889,37.8397,-44.145,-34.4046,0.6977
1780826600.5387816,-0.1064,-0.6538,0.6306,-23.229,14.4351,-1.2137,0.9146
1780826600.7607663,-0.4597,-0.2749,0.9187,-9.8321,17.4198,-6.4656,1.0634
0,0,0,0,0,0,0,0
0,0,0,0,0,0,0,0
1780826604.0459468,0.3435,-0.9973,-0.5642,3.6641,12.3893,4.0076,1.1962
1780826604.2466645,0.2476,-0.9336,-0.5408,-18.8092,12.0534,2.4962,1.1069
1780826604.446532,0.1702,-0.8955,-0.4539,-18.374,25.3817,11.1221,1.0183
1780826604.645645,0.1865,-0.8086,-0.4563,-29.4275,24.6489,15.8015,0.947
1780826604.8480053,0.1057,-0.6948,-0.4109,-29.1832,16.229,23.6489,0.8141
1780826605.0462444,0.0396,-0.4014,-0.3792,26.6565,-20.0687,40.771,0.5535
1780826605.246531,-0.0288,-0.5356,-0.314,-20.7176,-45.0076,11.2519,0.6215
1780826605.4464502,-1.9731,-2.0,-0.6978,-138.4886,-131.5725,244.6794,2.8949
1780826605.6474147,0.1323,-0.4194,0.8411,88.3893,-155.7099,-42.6718,0.9491
1780826605.8527284,-0.0605,-0.5234,0.3079,-13.6641,65.3969,99.3282,0.6103
1780826606.0495012,-0.0847,-0.4956,0.5486,18.1527,18.9466,0.9771,0.7441
1780826606.2463994,-0.4175,-0.3625,0.8909,11.4275,18.4656,-7.7481,1.0485
1780826606.4516556,-0.4883,-0.4146,0.7273,23.5191,41.9466,-26.0076,0.9691
1780826606.6537557,-0.8528,-0.7317,0.864,44.1679,-29.7328,-20.0992,1.4174
1780826606.8463042,-0.366,-0.0679,0.7625,9.1832,-24.8626,-8.6031,0.8485
1780826607.046745,-0.457,-0.3923,0.6418,7.9389,2.7023,3.7939,0.8802
0,0,0,0,0,0,0,0
0,0,0,0,0,0,0,0
1780826610.2292368,0.3938,-0.8948,-0.3896,-20.5878,20.7405,20.6641,1.0524
1780826610.428989,0.3723,-0.8425,-0.5432,-2.3359,18.1756,28.2977,1.0694
1780826610.6283085,0.238,-0.688,-0.4724,-39.8015,44.9313,41.9008,0.8678
1780826610.8449242,-0.031,-0.6807,-0.3918,24.5191,17.1527,51.1603,0.786
1780826611.0455408,0.0715,-0.5139,-0.4204,25.458,-37.0229,4.5802,0.6678
1780826611.245686,-1.3567,-2.0,-0.7542,82.687,-43.6107,150.6107,2.5317
1780826611.4449124,-0.5039,0.0542,0.7827,138.0076,-91.8015,148.0229,0.9325
1780826611.6287096,0.3262,0.3596,1.9999,34.2824,-35.0534,-69.5802,2.058
1780826611.828754,-0.6436,-0.6992,0.9546,19.4962,1.5649,-34.6489,1.347
1780826612.0284846,-0.4075,-0.4641,0.9014,124.9237,21.5725,23.7328,1.0927
1780826612.2280092,-0.5493,-0.2874,0.7849,41.9924,21.3435,22.3588,1.0002
1780826612.4376078,-0.0425,0.0037,0.3181,78.6183,-19.3435,-46.0458,0.321
1780826612.6278687,-0.1636,-0.5852,0.5249,-8.374,4.6641,28.5267,0.803
1780826612.8290656,-0.5281,-0.3044,0.853,-40.6107,19.8702,-19.5114,1.0484
0,0,0,0,0,0,0,0
0,0,0,0,0,0,0,0
1780826616.262251,0.2168,-0.9473,-0.3611,4.8168,6.8015,2.0611,1.0367
1780826616.4609897,0.269,-0.8643,-0.4326,5.2519,14.2824,13.0153,1.0032
1780826616.6644773,0.2002,-0.7402,-0.3511,-26.3588,33.6718,20.0382,0.8434
1780826616.8578568,0.0508,-0.7261,-0.3513,-14.542,10.313,24.8855,0.8082
1780826617.0564568,0.1511,-0.5408,-0.3445,24.4275,-32.0687,18.4275,0.6587
1780826617.2565372,0.1133,-0.7058,-0.1897,35.1145,-26.2519,11.1756,0.7396
1780826617.4568932,-0.1042,-1.0525,-1.7251,23.8931,-135.9084,213.8244,2.0235
1780826617.6573381,-0.6641,-0.6179,0.689,52.3969,-94.1374,2.5038,1.1391
1780826617.8580961,-0.407,-0.0215,0.7805,-14.1679,47.7099,-36.542,0.8805
1780826618.0655808,-0.3401,-0.3079,0.5647,-33.7939,-64.687,-67.1908,0.7275
1780826618.255954,-0.4543,-0.3247,0.9102,-2.0305,14.8473,-6.6489,1.0678
1780826618.4572685,-0.6348,-0.4583,0.6223,10.542,15.6031,1.3588,1.0001
1780826618.6557028,-0.4036,0.0002,0.4531,10.6641,-20.8015,-58.771,0.6068
1780826618.8584335,-0.2485,-0.5549,0.3489,-59.9084,-20.4046,-6.687,0.701
1780826619.0571432,-0.5603,-0.2473,0.8193,-21.1374,17.0687,-10.4656,1.0229
0,0,0,0,0,0,0,0
0,0,0,0,0,0,0,0
1780826622.6466854,0.2534,-0.8931,-0.283,-3.3664,6.771,3.7099,0.9705
1780826622.838985,0.252,-0.8999,-0.3584,-8.8473,20.2748,19.9237,1.0009
1780826623.0378568,0.1736,-0.7385,-0.3574,-24.0458,25.5496,28.9924,0.8386
1780826623.240285,0.0193,-0.561,-0.3838,11.4351,17.4427,43.0229,0.68
1780826623.4386265,0.1626,-0.6885,-0.2935,20.3206,-19.9542,15.7634,0.7659
1780826623.6381326,0.3113,-2.0,-1.5325,152.0,-102.8092,58.6565,2.5388
1780826623.8392081,0.397,0.2263,0.4004,110.2519,-147.0229,30.6794,0.6076
1780826624.0613806,-2.0,0.1431,1.4722,148.6718,-11.2824,-12.0687,2.4875
1780826624.239018,-0.833,-0.6084,0.9946,65.5267,146.542,115.0763,1.4329
1780826624.4377966,-0.2283,-0.4543,0.7812,20.9695,71.2824,20.7099,0.9321
1780826624.6413083,-0.6912,-0.0901,0.9041,14.2443,-11.2901,-28.5725,1.1415
1780826624.8388636,-0.6619,-0.4827,0.6575,-49.0992,2.9618,-36.1985,1.0504
1780826625.038862,-0.1658,-0.114,0.928,-11.7405,-22.4733,-0.4504,0.9495
1780826625.239663,-0.3877,-0.1809,0.8738,16.1908,-8.0916,-11.8779,0.9729
1780826625.440085,-0.5415,-0.4792,0.7515,6.7176,-3.4809,-14.0076,1.0429
0,0,0,0,0,0,0,0
0,0,0,0,0,0,0,0
1780826628.65313,0.2805,-0.9302,-0.3132,-5.8473,7.4962,0.9695,1.0208
1780826628.8599453,0.2332,-0.8501,-0.3765,-10.4122,21.6336,14.7099,0.9585
1780826629.05228,0.2029,-0.7598,-0.4402,-29.3359,26.9542,25.8931,0.9012
1780826629.2529082,0.0928,-0.5356,-0.3948,-13.7557,27.7252,34.3511,0.6718
1780826629.4537427,0.1147,-0.7539,-0.4746,30.7176,-29.687,33.4504,0.8982
1780826629.652817,-0.3647,-1.1526,-0.5767,-56.9237,-68.7786,5.6641,1.3394
1780826629.8530009,-0.8425,-0.1887,0.363,99.2137,-250.1374,50.1527,0.9366
1780826630.0522997,-0.0247,0.1931,1.0537,59.2366,-64.5802,74.7099,1.0715
1780826630.2524889,-0.3376,-0.3389,0.4341,34.5573,56.0153,65.6794,0.646
1780826630.4590976,0.0007,-0.4077,0.4851,59.6489,5.9466,8.3588,0.6337
1780826630.6523833,-0.5247,-0.3901,0.647,-2.3893,16.7863,2.8626,0.9198
1780826630.8538024,-0.6455,0.1091,0.8149,26.4962,-18.6107,-57.3435,1.0453
1780826631.0665555,-0.3806,-0.7158,0.4993,-66.2672,10.6107,-5.5954,0.9521
1780826631.254375,-0.3491,-0.1873,0.8391,8.9008,-6.7328,6.8931,0.9279
1780826631.454766,-0.541,-0.2954,0.8037,29.2061,-24.3435,-3.5267,1.0129
1780826631.6526647,-0.5315,-0.4687,0.6553,12.9237,-2.7939,-23.1527,0.9652
0,0,0,0,0,0,0,0
0,0,0,0,0,0,0,0
1780826634.7830932,0.3362,-0.8545,-0.1736,2.6794,9.0076,2.9389,0.9345
1780826634.977928,0.3379,-0.8948,-0.4163,-6.8092,17.3893,21.8779,1.0431
1780826635.1858804,0.2266,-0.6323,-0.4758,-70.8779,2.4962,28.6336,0.8232
1780826635.3775795,0.1682,-0.5623,-0.4434,-33.4198,11.9466,26.8321,0.7355
1780826635.5774696,0.072,-0.625,-0.397,24.1221,-34.6794,33.458,0.7439
1780826635.7785182,-0.0981,-2.0,-0.1025,250.1298,-123.8092,250.1298,2.005
1780826635.9780045,0.3154,0.1289,0.6375,141.5649,-92.145,102.7634,0.7228
1780826636.1775076,-0.4097,0.8989,1.364,-51.7939,-53.3588,-76.7252,1.6842
1780826636.3783863,-0.4377,-0.2249,0.8525,-21.2901,41.7023,22.313,0.9844
1780826636.5784352,-0.6587,-0.197,1.1018,21.1145,5.2595,1.8397,1.2987
1780826636.7776465,-0.5908,-0.4561,0.6909,53.8092,28.8855,29.0229,1.0171
1780826636.977642,-0.2493,-0.1887,0.4473,19.1908,-57.5115,-8.9924,0.5457
1780826637.179937,-0.3599,-0.4363,0.6331,10.5802,14.145,42.1679,0.8489
1780826637.377492,-0.5063,-0.376,0.8364,-30.4962,13.1145,-4.2672,1.0475
0,0,0,0,0,0,0,0
0,0,0,0,0,0,0,0
1780826640.512897,0.2993,-0.9097,-0.5232,4.4351,13.8244,4.6641,1.0912
1780826640.713271,0.3052,-0.8049,-0.6416,-10.9389,14.7634,4.3282,1.0736
1780826640.9133515,0.2566,-0.7625,-0.5405,-40.916,15.0229,17.0,0.9692
1780826641.1135757,0.1248,-0.5857,-0.4998,-25.0992,4.3206,16.4351,0.78
1780826641.3131394,0.168,-0.7393,-0.4695,10.2443,-32.3511,27.6794,0.8917
1780826641.5127118,-0.0093,-0.595,-0.4883,64.7481,-40.7099,47.1221,0.7697
1780826641.712242,-2.0,-2.0,0.2905,185.4657,-250.1374,51.0305,2.8433
1780826641.9164448,-0.3098,0.2029,0.6882,59.4656,-163.4886,73.3893,0.7815
1780826642.122871,-0.8032,-0.0447,0.8018,-120.8779,10.4198,24.1374,1.1358
1780826642.3143077,-0.2112,-0.8357,0.2573,40.7939,-6.9466,22.0916,0.8996
1780826642.5240185,-0.4382,-0.2495,0.7832,55.6947,19.145,-5.313,0.9315
1780826642.7229855,-0.7473,-0.1797,0.834,49.6947,15.7557,-7.9389,1.1342
1780826642.9130464,-0.7844,-0.4988,0.3811,-52.9847,-54.1603,-98.8015,1.0047
1780826643.121189,-0.2561,-0.1416,0.6123,14.084,-46.0076,-9.5038,0.6786
1780826643.312906,-0.5146,-0.3232,0.571,-4.7328,-12.1756,-3.1374,0.8339
1780826643.5181224,-0.4075,-0.363,0.709,-25.8473,8.4122,-3.6336,0.8947
1780826643.715625,-0.4736,-0.3613,0.7886,-17.8092,8.9771,-0.1908,0.9883
1780826643.9273582,-0.5298,-0.4622,0.6482,24.9542,14.5725,2.1145,0.9563
0,0,0,0,0,0,0,0
0,0,0,0,0,0,0,0
1780826647.3069623,0.1309,-0.8784,-0.2817,-9.458,2.5573,-2.9008,0.9317
1780826647.5115917,0.2139,-0.9202,-0.4749,18.5725,9.1985,22.2366,1.0573
1780826647.7070322,0.2283,-0.8079,-0.5002,-44.2366,24.9542,16.6718,0.9772
1780826647.9050837,0.0847,-0.6106,-0.439,2.3817,23.7863,36.5344,0.7568
1780826648.1066096,0.0876,-0.6543,-0.4006,3.3206,-7.542,29.1374,0.7722
1780826648.3122652,0.1289,-0.4258,-0.2944,27.2901,-22.1145,44.8168,0.5335
1780826648.5058537,-2.0,-2.0,-0.4141,-34.542,-52.0305,185.8702,2.8586
1780826648.7070925,-0.377,0.1726,0.9355,154.0,-111.7481,147.9466,1.0233
1780826648.9070444,-0.4658,0.5127,1.7844,-17.1298,66.7786,-117.9542,1.9142
1780826649.1071231,-0.6782,-0.2993,0.7751,-23.4733,-27.458,-69.3588,1.0726
1780826649.3066523,-0.7566,-0.1885,0.8538,-0.6641,8.0687,-6.7176,1.1562
1780826649.5057735,-0.7061,-0.2104,0.7227,-16.313,0.458,-10.1374,1.032
1780826649.7056644,-1.0264,-0.5476,0.7187,2.0458,-12.1985,-13.7786,1.3674
1780826649.9070988,-0.4233,-0.1169,0.7322,10.0611,-8.0916,-8.0076,0.8538
1780826650.117473,-0.5837,-0.3127,0.5608,-10.7939,-1.2519,-3.7863,0.8678
1780826650.307693,-0.5789,-0.2783,0.696,8.542,0.4809,7.9466,0.9471
1780826650.5056436,-0.6082,-0.2307,0.7107,2.2519,1.1603,4.3206,0.9634
0,0,0,0,0,0,0,0
0,0,0,0,0,0,0,0
1780826654.0174878,0.2175,-0.741,-0.3784,1.6641,4.0382,-12.0076,0.86
1780826654.217231,0.1392,-0.8333,-0.4141,-5.4656,16.3511,14.0382,0.9408
1780826654.417258,0.2656,-0.7251,-0.4238,-35.2443,18.5191,9.5267,0.8809
1780826654.617159,0.1013,-0.6001,-0.5972,-16.8092,19.9542,45.4351,0.8526
1780826654.8174791,-0.0889,-0.6492,-0.1885,10.2214,-3.2977,36.7634,0.6818
1780826655.0169966,0.0127,-0.8494,-0.7568,13.4427,-46.4122,36.6947,1.1377
1780826655.2175844,-2.0,-1.2637,-1.0974,-60.687,-209.8397,34.0305,2.6079
1780826655.4172957,-0.4319,-0.5186,0.5181,177.916,-132.7023,-3.3817,0.8508
1780826655.6212142,0.03,0.4268,1.2366,52.5038,48.084,5.4504,1.3085
1780826655.8171253,-0.5935,-0.2798,0.7134,-56.5725,-81.6489,-62.6718,0.9692
1780826656.0186117,-1.053,0.0857,0.9502,-11.9466,3.7023,-17.3053,1.4209
1780826656.2175958,-0.2634,-0.1904,0.4617,4.1145,-29.4046,-13.9847,0.5646
1780826656.4234726,-0.5024,-0.2187,0.5859,-13.0534,-6.6565,-11.687,0.8023
1780826656.617422,-0.4321,-0.2263,0.7241,-24.1756,25.4351,7.1756,0.8731
1780826656.8169541,-0.5012,-0.2839,0.7324,10.3511,0.4198,-10.9542,0.9318
0,0,0,0,0,0,0,0
0,0,0,0,0,0,0,0
1780826660.4862242,0.1387,-0.895,-0.3228,-3.6565,11.5878,5.7099,0.9615
1780826660.5886738,0.1995,-0.9231,-0.4468,7.2137,21.1069,10.458,1.0447
1780826660.790138,0.1792,-0.8948,-0.4202,5.8244,25.3206,22.7405,1.0046
1780826660.9888763,0.1765,-0.8096,-0.4998,-18.3511,21.1908,19.6031,0.9676
1780826661.1896706,0.062,-0.5483,-0.291,-13.5802,-9.9542,25.8397,0.6239
1780826661.3896105,0.1379,-0.5386,-0.303,49.3206,-42.4351,22.2061,0.6332
1780826661.5891647,-0.2161,-1.5056,-0.9277,15.7023,-137.3053,25.374,1.7816
1780826661.7955737,0.9241,0.2148,-0.3259,107.9847,-230.2443,33.5573,1.0031
1780826661.989723,-0.9875,0.0989,0.8538,3.6412,-118.4733,-1.0763,1.3092
1780826662.1902764,-1.2202,-1.1704,0.7002,80.145,5.313,65.8321,1.83
1780826662.3902652,-0.6689,-0.1272,1.0178,62.3435,15.6412,13.9466,1.2246
1780826662.589021,-0.6638,-0.2983,0.6985,18.1756,9.2137,-8.6565,1.0087
1780826662.796827,-0.1794,-0.4033,0.3054,21.374,-16.0687,39.3359,0.5368
1780826662.9891965,-0.5095,-0.3145,0.6729,5.3435,-3.2901,18.0382,0.9007
1780826663.192844,-0.5713,-0.1497,0.8979,-28.2977,13.2977,-1.2824,1.0747
1780826663.3953688,-0.5107,-0.2095,0.7334,9.5878,-12.3969,-14.0153,0.9179
1780826663.5894144,-0.5569,-0.2473,0.6604,-1.458,1.2137,3.1832,0.8986
0,0,0,0,0,0,0,0
0,0,0,0,0,0,0,0
1780826667.2108977,0.2241,-0.8896,-0.4851,2.6336,1.3969,8.0763,1.0378
1780826667.4109614,0.2388,-0.8787,-0.4502,-11.4275,6.9771,6.4656,1.0157
1780826667.6109247,0.2715,-0.7778,-0.5098,-31.8473,24.4122,11.6489,0.9688
1780826667.8107388,0.1521,-0.6033,-0.457,-11.0458,22.0687,29.7481,0.772
1780826668.0110602,0.0327,-0.5818,-0.1235,30.3435,9.1832,40.7863,0.5957
1780826668.2109027,0.0801,-0.6836,-0.6323,1.0305,-33.2214,42.3206,0.9346
1780826668.4105134,-0.3152,-1.5437,-0.5789,-149.7634,-85.7023,195.626,1.6785
1780826668.6108446,-0.3174,-0.3489,0.5881,54.1298,-134.6947,-25.1069,0.7539
1780826668.810304,-0.188,0.1282,0.79,14.2061,21.9695,-88.7786,0.8221
1780826669.015355,-1.0903,-0.5337,0.7727,225.1756,157.6794,119.3969,1.439
1780826669.2111187,-0.5818,-0.313,0.3977,24.7939,-52.0153,-19.2901,0.7711
1780826669.4107194,-0.5867,-0.2241,0.3645,-3.8931,-43.3435,12.1298,0.7261
1780826669.6111326,-0.572,-0.3972,0.6101,-24.6947,4.8397,-0.4656,0.9259
1780826669.8146775,-0.656,-0.0867,0.7068,-31.9924,-11.8321,-28.771,0.9682
1780826670.0125184,-0.6331,-0.3203,0.6387,4.7099,-9.7176,-9.6489,0.9546
1780826670.2117558,-0.6318,-0.2356,0.6328,0.0229,0.3893,5.5725,0.9248
1780826670.4106677,-0.6357,-0.2439,0.6355,-3.6947,-2.2061,-0.4733,0.9314
1780826670.611309,-0.6431,-0.2266,0.686,-0.8931,-1.0305,1.1908,0.9672
1780826670.8094604,-0.6572,-0.2209,0.6716,-4.8931,-1.4962,-1.626,0.9653
0,0,0,0,0,0,0,0
0,0,0,0,0,0,0,0
1780826674.814301,0.2175,-0.8906,-0.3076,-4.6183,7.5725,4.4656,0.967
1780826675.004394,0.2654,-0.9124,-0.5215,-11.0611,17.0611,15.7939,1.0839
1780826675.217542,0.2271,-0.6426,-0.5376,-32.7328,24.0305,12.9466,0.868
1780826675.4035454,0.1138,-0.7051,-0.4924,-8.374,34.8168,57.6183,0.8675
1780826675.6031475,0.2102,-0.7417,-0.5371,23.626,-18.0916,31.5954,0.9396
1780826675.8046682,-0.2192,-0.7151,-0.5903,23.7939,-34.8473,16.687,0.9528
1780826676.0082195,-1.0315,-0.7563,0.0674,221.9084,-250.1374,11.5496,1.2809
1780826676.2092798,-0.5867,0.3735,0.8787,42.2977,-184.1527,8.7252,1.1206
1780826676.4082937,-0.1855,-0.6882,0.3792,43.2672,36.8626,69.2595,0.8074
1780826676.606072,0.0256,-0.4895,0.5176,15.1221,6.5802,-50.2595,0.7129
1780826676.810351,-0.6304,-0.054,0.6353,-22.3282,-6.9008,-36.3969,0.8966
1780826677.0045137,-0.6492,-0.6108,0.6042,-17.8855,-7.8931,18.6489,1.0769
1780826677.2129803,-0.4993,-0.1394,0.803,7.2901,-18.9771,-7.4198,0.9558
1780826677.4041326,-0.5178,-0.2224,0.7178,3.8321,5.8473,-0.4275,0.9126
1780826677.6031647,-0.5813,-0.2925,0.7454,-10.2366,1.1069,-4.8626,0.9895
1780826677.8032603,-0.5374,-0.2222,0.7346,3.2824,2.6794,5.5802,0.9369
1780826678.0031626,-0.5496,-0.219,0.7156,7.4885,-0.3588,1.3664,0.9285
0,0,0,0,0,0,0,0
0,0,0,0,0,0,0,0
1780826683.5601032,0.1118,-0.9912,-0.5161,-4.4275,13.6031,0.7023,1.1231
1780826683.7623305,0.2051,-0.7273,-0.5635,-39.1679,10.4275,-14.1756,0.9426
1780826683.9602115,0.1274,-0.5957,-0.4143,-6.4656,15.084,-10.3969,0.7367
1780826684.163916,0.0742,-0.6255,-0.3411,-7.2672,24.542,-9.6641,0.7163
1780826684.3599155,0.522,-0.6262,-0.7673,-57.0305,23.1603,13.2137,1.1196
1780826684.5596077,0.8694,-1.1384,-0.4294,33.0076,98.1069,36.5802,1.4954
1780826684.7604723,0.1687,-0.6743,-0.1406,193.0763,112.1374,83.0305,0.7092
1780826684.9591098,0.771,0.0581,1.8274,15.1145,45.4351,-45.229,1.9842
1780826685.165018,0.0459,-0.2639,0.8574,125.7939,-64.9924,30.9847,0.8983
1780826685.3628564,-0.3228,-0.4153,0.7688,15.8321,-3.1374,46.1603,0.9315
1780826685.5625863,0.1096,-0.4453,0.6875,-14.9466,-6.2595,-4.5344,0.8264
1780826685.7629235,-0.188,0.0867,0.8875,-1.9466,-3.0305,49.0,0.9113
1780826685.9623945,0.0757,-0.481,0.8196,36.7481,6.9695,-17.5496,0.9533
1780826686.166756,-0.3057,-0.4204,0.8914,0.916,9.5802,10.3969,1.0318
1780826686.362751,-0.155,-0.3699,0.8232,2.4504,-4.3969,10.9313,0.9157
0,0,0,0,0,0,0,0
0,0,0,0,0,0,0,0
1780826689.6860716,0.2554,-0.8411,-0.2036,-9.1679,9.0458,-8.4198,0.9023
1780826689.8851604,0.3347,-0.7991,-0.3809,-29.1527,3.687,-25.3359,0.9464
1780826690.0848527,0.3142,-0.541,-0.4146,-41.4885,20.7023,-23.7328,0.7505
1780826690.2847347,0.145,-0.6621,-0.2559,35.4733,13.5649,-13.9237,0.7245
1780826690.4881485,0.5249,-0.751,-0.5073,26.0687,23.7405,-23.8015,1.0473
1780826690.6858537,1.835,-2.0,-0.4036,-50.8092,154.3435,-159.7328,2.7441
1780826690.8941035,-0.9719,-0.293,1.0537,171.5496,75.2366,55.1985,1.4631
1780826691.0846162,1.0039,-0.0781,1.449,-14.1374,96.7328,-60.0458,1.7645
1780826691.2853527,0.1519,0.1003,0.5422,54.229,57.7252,29.5191,0.572
1780826691.485308,0.1331,-0.0911,1.0574,-59.9008,-20.7481,-6.6183,1.0696
1780826691.6853912,0.2449,-0.2971,0.9866,12.8626,-24.0687,-16.9313,1.059
1780826691.8845181,-0.082,0.0845,1.0791,8.9237,-11.7634,19.2977,1.0855
1780826692.084975,0.5181,-0.1716,1.2996,58.6031,8.2443,-47.8168,1.4095
1780826692.2846062,-0.4229,-0.1741,1.0422,7.0687,14.4351,-17.1221,1.1381
1780826692.4859102,-0.0962,-0.2043,0.9417,2.2443,0.4809,10.6947,0.9684
1780826692.6851158,0.0793,-0.2068,0.9617,-12.4504,-5.4962,11.458,0.9868
0,0,0,0,0,0,0,0
0,0,0,0,0,0,0,0
1780826696.8285103,0.3997,-0.8259,-0.1675,2.4656,-23.771,-15.9847,0.9327
1780826697.02395,0.4304,-0.761,-0.2683,-18.9847,-4.5573,-12.2519,0.9145
1780826697.2239823,0.2798,-0.4753,-0.3508,-50.229,-2.1603,-11.1221,0.6537
1780826697.4262798,0.3816,-0.7217,-0.3818,0.1603,24.5573,-11.7023,0.9012
1780826697.6241431,0.5518,-0.7756,-0.386,22.1679,49.4733,14.4504,1.0271
1780826697.82396,1.3008,-1.8364,-0.2175,23.1985,86.2443,-73.7786,2.2609
1780826698.023611,0.0583,-0.1301,0.2544,44.8473,88.5802,-23.0611,0.2916
1780826698.2245483,0.7847,0.0312,1.6921,5.0611,4.7023,-45.5802,1.8655
1780826698.4261734,0.2715,0.2126,0.6343,-25.8168,53.9847,19.8092,0.722
1780826698.624024,0.0063,-0.0833,1.0054,-22.6947,28.458,-25.2595,1.0088
1780826698.8284514,0.0159,-0.3394,1.0542,12.3282,12.6794,-10.145,1.1076
1780826699.0245829,0.2334,-0.2344,1.1196,37.2137,2.916,-53.9771,1.1675
1780826699.231889,0.2732,-0.8354,0.5083,96.1527,24.8702,-46.7634,1.0154
1780826699.4283466,-0.3669,-0.2073,0.802,-8.2977,48.6489,41.2137,0.906
1780826699.6248422,0.0435,-0.3542,1.0488,-2.313,0.7939,-5.9618,1.1079
1780826699.824526,-0.0059,-0.269,0.9299,-0.7863,-5.7557,-5.3053,0.9681
1780826700.0288348,-0.0454,-0.1765,0.9563,5.0611,-4.9695,0.8168,0.9735
0,0,0,0,0,0,0,0
0,0,0,0,0,0,0,0
1780826703.6498423,0.4133,-0.8369,-0.2266,-3.3282,-0.0458,-4.3511,0.9605
1780826703.8484106,0.4636,-0.8452,-0.3821,-18.5496,-7.3282,-10.9847,1.037
1780826704.0475721,0.48,-0.6614,-0.4329,-26.2443,-13.2977,-30.5649,0.9248
1780826704.2487862,0.3503,-0.4902,-0.3394,-37.2748,1.1374,-26.1756,0.6915
1780826704.4493027,0.3726,-0.6436,-0.3855,36.5191,22.8473,24.1298,0.8376
1780826704.652801,0.8003,-0.6133,-0.4709,66.4962,46.6641,-20.7557,1.1128
1780826704.8485918,1.7119,-0.2253,-1.1033,26.4275,81.3588,2.0534,2.0491
1780826705.0478463,0.1707,-0.2759,0.7361,146.0534,81.3435,-43.855,0.8044
1780826705.2549524,0.4597,0.1599,1.009,103.0458,42.0305,-28.3435,1.1203
1780826705.4493353,0.3818,0.1001,0.8894,177.9389,16.2595,41.3893,0.9731
1780826705.6566174,0.2498,-0.2402,0.865,-31.8473,-4.8397,34.3053,0.9318
1780826705.8486974,0.2371,-0.3743,1.0781,-5.4275,22.2901,-4.2824,1.1656
1780826706.0485053,0.2004,-0.458,1.187,73.771,4.4275,-20.8473,1.288
1780826706.2476492,-0.396,-0.2393,0.95,7.8092,40.7634,21.6489,1.0566
1780826706.4487374,0.0,-0.1477,0.9243,-1.2595,16.4427,14.4504,0.936
1780826706.647729,0.1116,-0.1221,0.9607,-11.3969,2.1221,-3.3359,0.9748
0,0,0,0,0,0,0,0
0,0,0,0,0,0,0,0
1780826715.7395496,0.1184,-0.762,-0.1851,25.1221,12.0611,12.9237,0.793
1780826715.9284632,0.2368,-0.7173,-0.4053,9.9389,-32.9466,7.9084,0.8572
1780826716.130593,0.1626,-0.4724,-0.2786,1.3511,-55.771,12.2366,0.572
1780826716.3293667,0.3811,-0.7888,-0.48,39.6947,-30.8931,7.1908,0.9989
1780826716.5312076,-1.731,-2.0,1.2942,84.5038,4.9847,250.1298,2.9447
1780826716.7347586,-0.1272,0.4685,0.6667,250.1298,-77.0611,148.4351,0.8248
1780826716.941194,-0.301,0.0398,0.9539,-14.2519,-76.4733,-59.9466,1.001
1780826717.1458483,-0.1667,-0.4702,0.8562,117.8931,88.5115,0.9618,0.991
1780826717.3290706,-0.5454,-0.2546,0.5574,47.8321,0.4046,25.0611,0.8204
1780826717.529098,-0.5083,-0.1606,0.7625,41.1069,14.9618,24.0916,0.9303
1780826717.7291727,-0.4316,-0.2356,0.4128,32.4962,-16.084,3.8397,0.6421
1780826717.9293406,-0.429,-0.4202,0.6538,-66.1756,11.8931,-35.1069,0.8877
1780826718.129522,-0.7075,-0.0959,0.8379,-26.7481,0.2672,5.4275,1.1008
1780826718.3291297,-0.4612,-0.2705,0.7234,14.9542,-5.916,1.4885,0.8995
0,0,0,0,0,0,0,0
0,0,0,0,0,0,0,0
1780826721.78849,0.125,-0.8022,-0.198,37.1298,1.5038,-10.374,0.8357
1780826721.9884248,0.2427,-0.8276,-0.4158,-12.7023,6.3511,9.0305,0.9575
1780826722.189061,0.2542,-0.8208,-0.4492,-7.0992,16.916,20.7023,0.9696
1780826722.3890917,0.1833,-0.7075,-0.4849,-3.7634,19.8168,24.5649,0.8771
1780826722.58826,0.134,-0.5486,-0.3442,-3.7481,-4.1298,25.3588,0.6614
1780826722.7883496,0.2048,-0.7009,-0.5459,23.4504,-3.7405,36.8397,0.9117
1780826723.0017333,-2.0,-2.0,0.0212,247.5114,83.6718,205.916,2.8285
1780826723.1892762,-0.0991,0.2117,0.5593,177.4122,-83.4962,142.0229,0.6062
1780826723.3913496,-0.7913,-0.5969,0.2708,10.2595,-127.1145,-69.3969,1.0275
1780826723.5876532,-1.1296,0.218,0.6841,1.2901,23.9466,101.2366,1.3385
1780826723.7891986,-0.4773,-0.5728,0.4653,52.6489,3.855,10.3893,0.8789
1780826723.9880464,-0.7412,-0.3452,0.9263,-9.2977,23.8321,-7.1908,1.2355
1780826724.189328,-1.0554,-0.3218,0.4468,-0.7099,-28.9084,-22.2519,1.1904
1780826724.3928041,-0.4272,-0.2554,0.6379,17.0305,-28.8702,11.8168,0.8091
1780826724.5884764,-0.6243,-0.4138,0.6406,-9.374,2.2519,5.8321,0.9856
1780826724.7877517,-0.6182,-0.3613,0.6384,1.2366,-1.0305,1.1679,0.9593
1780826724.9881375,-0.6587,-0.3457,0.5891,-0.9008,-2.1985,1.542,0.9489
1780826725.1892512,-0.5959,-0.3433,0.6353,-6.6336,-0.9695,-0.3893,0.9362
1780826725.389187,-0.6477,-0.313,0.72,10.2595,6.5115,4.3359,1.0178
0,0,0,0,0,0,0,0
0,0,0,0,0,0,0,0
1780826729.346865,0.2639,-0.8855,-0.428,-16.2519,16.3893,8.0611,1.0183
1780826729.5468962,0.2444,-0.7927,-0.5396,-21.1832,5.2137,8.0611,0.9896
1780826729.7551775,0.1633,-0.5964,-0.3943,-27.5649,12.8244,24.7252,0.7334
1780826729.9471815,0.1521,-0.5112,-0.3853,0.0305,-17.5267,33.3511,0.658
1780826730.149094,0.0928,-0.6252,-0.4446,29.6641,-31.0687,55.4809,0.7728
1780826730.346899,-1.0327,-2.0,-0.7527,-229.2366,-3.5038,94.7176,2.3734
1780826730.5474184,0.0127,-0.4309,0.2446,87.0992,-170.3359,90.6031,0.4957
1780826730.7469478,-0.6199,0.1328,0.4949,96.9237,-112.2595,-64.9313,0.8042
1780826730.9473472,-0.9375,0.1724,0.7795,12.2366,61.542,128.3282,1.2314
1780826731.1484203,-0.7615,-0.5554,0.3396,-29.9313,31.7863,-55.8855,1.0018
1780826731.3474684,-0.583,-0.3308,0.4897,-1.0,-37.1756,15.0992,0.8302
1780826731.547313,-0.5325,-0.3562,0.5937,-8.0763,-2.313,12.4733,0.8735
1780826731.7472236,-0.5881,-0.3049,0.6658,-4.0916,-3.3435,-2.0458,0.9392
1780826731.9465961,-0.6499,-0.3066,0.6487,0.7939,-1.1527,-2.0382,0.9681
1780826732.1590848,-0.6399,-0.2598,0.6956,-11.374,2.0763,0.3359,0.9802
1780826732.3455796,-0.6174,-0.2961,0.6545,-0.1069,-3.0076,1.9237,0.9473
1780826732.5473266,-0.6316,-0.3242,0.6389,-6.0229,-1.9542,-1.3817,0.9551
1780826732.7585964,-0.6089,-0.313,0.6587,-1.3206,8.0611,0.2519,0.95
0,0,0,0,0,0,0,0
0,0,0,0,0,0,0,0
1780826736.5904577,0.1992,-0.8462,-0.3882,-13.7786,16.5496,6.3435,0.9521
1780826736.7885358,0.2048,-0.7166,-0.5847,-59.1908,16.4198,11.7176,0.9473
1780826736.9883528,0.0935,-0.6248,-0.5049,-24.4504,4.3511,23.229,0.8087
1780826737.1899824,0.0913,-0.5774,-0.4236,21.084,-17.229,28.7023,0.7219
1780826737.3886015,-0.2131,-0.6328,-0.5674,40.3359,-20.7176,56.6183,0.8762
1780826737.5887303,-1.3801,0.0789,-1.2241,-250.1374,-13.1832,196.4427,1.8465
1780826737.7890441,-0.3884,-0.55,0.436,72.9389,-123.0534,41.9542,0.8022
1780826737.988608,0.0146,-0.0981,0.8945,128.8397,-92.5878,-103.0916,0.9
1780826738.1898458,-0.842,0.0945,0.9707,-26.5802,184.9008,98.8855,1.2885
1780826738.3885403,-0.3167,-0.5657,0.512,95.2519,35.9771,-34.7786,0.8261
1780826738.592122,-0.738,-0.2195,0.5703,-54.6489,31.2977,5.3053,0.9582
1780826738.7891498,-0.6108,-0.3008,0.6897,33.8015,-23.2519,-0.7405,0.9692
1780826738.9887254,-0.5007,-0.3503,0.6914,-5.9695,1.7176,3.7481,0.9228
1780826739.2004485,-0.5952,-0.3723,0.6082,-15.313,4.2366,-4.0992,0.9288
1780826739.388449,-0.5806,-0.3142,0.719,-7.6031,-1.855,-6.7328,0.9761
1780826739.5922263,-0.5942,-0.3306,0.7163,-7.9237,-3.1985,-4.8702,0.9877
1780826739.7910051,-0.5764,-0.3611,0.6299,-1.6107,-3.1832,0.8397,0.927
1780826739.9918773,-0.5576,-0.3594,0.7139,-12.4198,7.9389,-8.5878,0.9745
0,0,0,0,0,0,0,0
0,0,0,0,0,0,0,0
1780826743.394891,0.1323,-0.8936,-0.4385,1.0382,10.9847,5.4733,1.0041
1780826743.5936763,0.2439,-0.8474,-0.5696,-20.8779,15.9618,12.3969,1.0498
1780826743.794013,0.1938,-0.6001,-0.4871,-38.7557,10.5649,30.4198,0.7968
1780826743.9937623,0.105,-0.3713,-0.3694,-3.1756,24.2519,16.7328,0.5342
1780826744.193414,0.0889,-0.8569,-0.4373,38.3969,-6.0916,26.7557,0.9661
1780826744.3936887,0.2939,-2.0,-1.427,-155.5878,22.6031,189.1298,2.4744
1780826744.5943944,-0.6272,-0.0413,0.8235,53.8321,-87.6794,83.1832,1.036
1780826744.794198,-0.3542,0.3416,0.6909,161.8321,-80.0916,-64.4885,0.8482
1780826744.999636,-0.6438,-0.5869,0.7085,-34.3664,-58.374,14.2595,1.1229
1780826745.1951406,-0.8411,-0.3992,0.7646,75.9237,24.8931,-10.7176,1.2047
1780826745.3936565,-0.6367,-0.218,0.8701,0.687,-26.5878,10.5267,1.1
1780826745.6017013,-0.603,-0.4673,0.5364,-0.8321,-0.3359,6.8168,0.9326
1780826745.7947307,-0.4927,-0.2229,0.6948,0.1527,0.229,17.9313,0.8805
1780826745.9935284,-0.5723,-0.4216,0.5908,-0.0763,1.2519,-9.916,0.9243
1780826746.1939368,-0.606,-0.2783,0.6982,-1.7557,-0.4122,1.9313,0.9655
1780826746.3938274,-0.4629,-0.3157,0.6138,-0.9847,-5.7557,-10.9313,0.831
0,0,0,0,0,0,0,0
0,0,0,0,0,0,0,0
1780826760.842159,0.3425,-0.8645,-0.3711,-11.0687,-15.7786,-2.3893,1.0012
1780826761.0394475,0.2869,-0.894,-0.3762,-8.5878,-7.7863,4.542,1.0115
1780826761.246391,0.321,-0.6824,-0.4033,9.3282,-21.1221,-13.9389,0.8552
1780826761.4390085,0.1875,-0.4333,-0.2729,11.8855,-15.4427,11.5649,0.5454
1780826761.6396425,0.2205,-0.7407,-0.4167,3.9847,-58.5496,46.5267,0.878
1780826761.838567,-1.0154,-2.0,0.0872,13.7023,-112.6412,206.8397,2.2447
1780826762.0388634,0.2622,0.2507,1.0493,117.3511,-87.5191,103.6031,1.1103
1780826762.2399528,0.0356,0.8787,1.3547,62.5344,15.4962,55.916,1.6151
1780826762.4398618,-0.8635,-0.573,0.9561,-117.9695,-11.9008,13.8397,1.41
1780826762.6554956,-0.6113,-0.1018,1.0435,51.0458,15.229,-9.0763,1.2136
1780826762.838972,-0.5671,-0.2014,0.792,14.6031,9.6718,-48.6489,0.9947
1780826763.0393186,-0.4851,-0.2854,0.6782,-43.3053,3.8321,-28.916,0.8813
1780826763.23926,-0.6057,-0.3086,0.8376,13.9466,-18.855,9.3435,1.0788
1780826763.4414334,-0.2529,-0.2825,0.821,14.5267,-0.2977,-1.4809,0.9044
1780826763.6387284,-0.4651,-0.3425,0.7236,-16.084,2.1145,0.2214,0.9259
1780826763.839891,-0.5244,-0.2461,0.7998,15.1603,2.9847,6.5878,0.9876
0,0,0,0,0,0,0,0
0,0,0,0,0,0,0,0
1780826767.1482596,0.0852,-0.9216,-0.4768,30.1603,11.2366,17.5649,1.0412
1780826767.3474689,0.2776,-0.8711,-0.4834,-0.6947,9.626,15.8779,1.0342
1780826767.5466454,0.2332,-0.8657,-0.5142,-8.8702,11.6641,10.3282,1.0335
1780826767.7481208,0.1689,-0.6851,-0.5381,-23.7099,16.1603,16.7405,0.8873
1780826767.9473083,0.0581,-0.4207,-0.3711,21.8092,11.1221,20.2748,0.5639
1780826768.1509757,0.2571,-0.6584,-0.5608,31.9542,-11.9237,27.5954,0.9023
1780826768.3475163,-0.4314,-2.0,-1.0718,74.3359,-115.6641,46.8626,2.3097
1780826768.5511336,0.9189,0.5251,-0.1348,250.1298,-75.3206,42.6565,1.067
1780826768.7479115,-0.2673,0.3425,0.4556,31.8626,-87.3359,42.8779,0.6296
1780826768.9526153,-0.9443,0.2173,0.4597,-9.9313,115.5343,-16.1756,1.0725
1780826769.1503787,-0.5139,-0.6309,0.4065,-5.7634,4.4275,-48.0611,0.9096
1780826769.3467913,-0.5046,-0.4287,0.678,31.5802,19.4046,-19.6641,0.9477
1780826769.5473068,-0.7019,-0.2002,0.5732,15.5344,-53.5878,-5.7252,0.9281
1780826769.7591403,-0.3435,-0.6702,0.5081,79.9695,-19.4351,-0.3817,0.9084
1780826769.9475503,-0.5266,-0.384,0.7393,-6.458,-9.5038,20.2137,0.9855
1780826770.1467144,-0.5076,-0.5002,0.7236,-3.916,3.458,11.4962,1.0156
1780826770.3469605,-0.4858,-0.3032,0.7268,4.7328,-2.4504,2.6489,0.9253
1780826770.5467088,-0.5242,-0.4177,0.6582,1.8931,0.5115,0.7328,0.9394
1780826770.7492812,-0.5237,-0.3535,0.7378,3.4809,3.1069,2.9313,0.9714
1780826770.9472013,-0.4802,-0.4124,0.6499,-4.7176,1.8397,-31.916,0.9072
0,0,0,0,0,0,0,0
0,0,0,0,0,0,0,0
1780826774.491712,0.2163,-0.8689,-0.387,0.0992,6.2443,2.2672,0.9755
1780826774.6950188,0.2988,-0.8665,-0.4495,-25.3511,7.2672,-1.9237,1.0208
1780826774.8920646,0.2258,-0.679,-0.551,-57.2977,5.1221,13.6031,0.9031
1780826775.0915499,0.1594,-0.6038,-0.3911,-33.2901,19.2061,21.0611,0.7368
1780826775.2969663,0.0764,-0.5762,-0.4639,35.5191,-10.5725,43.3053,0.7436
1780826775.4916744,0.1057,-0.522,-0.4453,13.5878,-3.3282,51.084,0.6942
1780826775.691589,0.2363,-0.8508,-0.6736,-250.1374,-102.1221,241.7481,1.1106
1780826775.890474,-0.1804,-0.4119,0.8081,-32.0687,-54.7481,22.3435,0.9248
1780826776.0904381,-0.7629,0.2021,0.2097,250.1298,-100.145,-57.1756,0.8167
1780826776.2918587,-0.6741,0.2356,0.6123,9.1985,54.3206,134.4427,0.9406
1780826776.491746,-0.5791,-0.0859,0.3496,-20.5267,-64.4351,-98.1985,0.6819
1780826776.6928933,-0.8174,-0.1287,0.4114,-42.1679,-12.7634,12.0687,0.9241
1780826776.8917675,-0.6785,-0.3328,0.6255,4.1756,1.4427,5.0458,0.981
1780826777.092991,-0.6826,-0.2913,0.6648,-5.1145,0.5649,-7.4046,0.9964
1780826777.2919884,-0.7136,-0.3232,0.657,-8.6947,-8.3664,-25.3511,1.0224
0,0,0,0,0,0,0,0
0,0,0,0,0,0,0,0
1780826780.904931,0.2327,-0.853,-0.2976,5.6336,11.9466,7.8473,0.9329
1780826781.1049461,0.2563,-0.8254,-0.4766,-23.1985,3.0992,5.9847,0.987
1780826781.3047116,0.1748,-0.6064,-0.52,-31.1832,10.5267,17.626,0.8178
1780826781.5042298,0.1792,-0.4597,-0.4504,-27.6794,1.4046,35.2672,0.6681
1780826781.7041986,0.3101,-0.8533,-0.7014,-9.687,-6.7099,32.2672,1.1473
1780826781.904719,-0.3621,-2.0,-1.1104,168.4046,6.3969,67.9771,2.316
1780826782.1053345,0.1069,-0.5349,0.2432,250.1298,-250.1374,-9.3206,0.5972
1780826782.305308,-0.7778,-0.8655,0.2791,106.4809,-84.2519,13.313,1.1966
1780826782.5043437,-0.2449,0.1562,0.3315,-48.2519,81.084,-51.8092,0.4408
1780826782.7053163,-0.7559,-0.5166,1.3057,-8.687,87.7328,11.5038,1.5947
1780826782.9144402,-0.4094,-0.5242,0.7258,79.8702,16.9313,1.1603,0.9845
1780826783.1048326,-0.5396,-0.3523,0.5662,29.2137,-46.5954,-26.8397,0.8578
1780826783.3052714,-0.4561,-0.4141,0.6548,34.6718,-18.313,1.4656,0.899
1780826783.5042782,-0.6152,-0.4307,0.6489,-14.374,2.2672,16.8015,0.9925
1780826783.706243,-0.5481,-0.3865,0.6929,-11.2443,5.855,-2.0229,0.9643
1780826783.9057727,-0.5132,-0.314,0.6892,-4.5344,3.5191,7.5496,0.9148
1780826784.1050715,-0.5161,-0.3801,0.6982,-6.8855,4.9466,-6.3359,0.9478
0,0,0,0,0,0,0,0
0,0,0,0,0,0,0,0
1780826787.9901936,0.2241,-0.876,-0.4077,17.3969,21.3206,14.8779,0.9919
1780826788.189715,0.2417,-0.7578,-0.6208,-60.3053,20.4198,1.2366,1.009
1780826788.3902593,0.1858,-0.5796,-0.5752,-63.6489,-2.2595,10.3282,0.8374
1780826788.5901666,0.1191,-0.3601,-0.3975,-12.2748,-6.0916,4.3511,0.5494
1780826788.790069,0.167,-0.4385,-0.7786,-74.7405,-26.2366,2.9008,0.909
1780826788.989747,-0.4568,-1.9897,-1.3486,124.4885,-39.6412,127.2977,2.4467
1780826789.189984,0.6099,-0.1167,0.2048,210.3969,-108.6031,-1.2977,0.6538
1780826789.3890405,-0.8806,0.1497,0.063,3.3053,-118.9542,22.9084,0.8955
1780826789.5890226,-0.3416,0.2534,0.9839,-113.8015,125.0076,57.5496,1.0719
1780826789.7900457,-0.4133,-0.2939,0.4077,-14.8855,12.7405,-83.4733,0.6508
1780826790.0024924,-0.7737,-0.123,0.5884,-2.8092,4.4198,15.7176,0.9798
1780826790.1893718,-0.6248,-0.1267,0.6301,-21.1374,-7.5954,-5.6412,0.8963
1780826790.3890789,-0.7297,-0.2483,0.6245,-6.3664,-13.4733,-12.4885,0.9921
1780826790.5900276,-0.7507,-0.21,0.6431,-1.2214,-0.4198,-4.7863,1.0106
1780826790.7893806,-0.4912,-0.3804,0.5059,-14.0763,7.855,-40.7252,0.8012
1780826790.9891233,-0.8232,-0.2776,0.5781,-15.2519,-8.4885,4.3893,1.0436
1780826791.1888504,-0.5725,-0.5312,0.7534,-40.2748,-52.0382,-16.5573,1.0852
1780826791.3892074,-0.6841,-0.0364,0.759,-28.313,-7.0,-29.5802,1.0225
1780826791.5909557,-0.0081,-0.0869,0.3328,-89.2901,5.0076,-102.0611,0.344
1780826791.790976,-0.9746,-1.3247,0.4302,12.7786,55.4809,-44.3588,1.6999
0,0,0,0,0,0,0,0
0,0,0,0,0,0,0,0
1780826794.916964,0.2161,-0.9316,-0.324,-9.3206,8.7481,2.9389,1.0098
1780826795.116065,0.2859,-0.7632,-0.5491,-49.2443,13.6336,-2.7786,0.9827
1780826795.3169315,0.2427,-0.5552,-0.5264,-78.9084,18.6565,1.6412,0.8026
1780826795.5166657,0.1157,-0.5989,-0.5759,27.8855,-16.9389,38.5267,0.8389
1780826795.7163193,-0.0432,-0.574,-0.1257,-16.8244,-22.9389,19.3511,0.5892
1780826795.9167514,-0.2898,-2.0,-1.6355,93.8321,-14.7328,67.916,2.5998
1780826796.1164844,-0.2312,-0.1252,0.7646,25.6107,-37.0229,119.3588,0.8086
1780826796.3166068,-0.5127,0.1648,0.4878,90.9313,-58.5954,-61.1603,0.7266
1780826796.5159261,0.0798,0.1377,0.916,2.7099,17.7099,54.1603,0.9297
1780826796.7169702,-0.436,-0.4082,0.4092,50.4962,-4.0382,-78.2137,0.724
1780826796.9180841,-0.79,-0.4238,0.8396,-27.2977,-28.0305,-31.2519,1.2283
1780826797.1229646,-0.5122,-0.4185,0.5955,13.4122,-13.1527,44.9084,0.89
1780826797.317192,-0.3672,-0.3376,0.6433,-2.9618,5.9618,31.2748,0.8141
1780826797.516356,-0.4519,-0.3804,0.6826,-8.7099,-3.1908,-4.3588,0.9027
1780826797.71676,-0.5054,-0.324,0.7207,-3.5038,1.5344,2.8321,0.938
0,0,0,0,0,0,0,0
0,0,0,0,0,0,0,0
1780826802.2057,0.2195,-0.8894,-0.5852,14.9466,13.0611,11.5191,1.087
1780826802.4002972,0.1646,-0.8787,-0.553,15.374,15.6794,24.3969,1.0511
1780826802.5995817,0.1089,-0.7065,-0.4951,-5.0763,23.0458,38.2519,0.8696
1780826802.7999487,0.0293,-0.5977,-0.4741,-8.4198,15.2061,52.5115,0.7634
1780826802.9998262,0.0625,-0.5669,-0.3577,26.8626,-20.0534,26.4046,0.6732
1780826803.2070165,-0.7251,-0.8237,-0.5457,79.4962,-71.2443,52.4885,1.2256
1780826803.3993773,0.5769,0.0515,-0.4089,13.0382,-250.1374,-53.7099,0.709
1780826803.5994182,-0.8613,-0.012,1.9999,-34.8244,158.9847,26.5038,2.1776
1780826803.8002555,-0.5667,-0.4053,0.8203,28.1756,27.0458,57.1527,1.0762
1780826804.010341,-0.2505,-0.1448,1.0371,116.4198,37.2672,-1.6489,1.0767
1780826804.1997721,-0.2517,-0.1292,0.7581,-5.8397,16.7023,-7.1374,0.8091
1780826804.4130507,-0.5334,-0.2651,0.6091,-25.7176,-36.5496,-45.1832,0.852
1780826804.6002672,-0.4041,-0.1851,0.7886,-20.1985,21.0611,3.2824,0.9052
1780826804.8060367,-0.4216,-0.1025,1.0205,9.6947,2.7023,-16.5038,1.1089
1780826805.0012076,-0.5474,-0.158,0.915,8.7176,0.1374,-2.8015,1.0779
1780826805.1995153,-0.4563,-0.2222,0.7344,-8.0153,-4.5649,1.9542,0.8927
1780826805.4004824,-0.3411,-0.1292,0.9111,-0.626,3.5267,-4.7252,0.9814
0,0,0,0,0,0,0,0
0,0,0,0,0,0,0,0
1780826809.0612588,0.2063,-0.9917,-0.2932,-5.2061,14.9924,5.4809,1.0545
1780826809.2608228,0.2061,-0.948,-0.4114,2.1145,21.6947,19.9542,1.0538
1780826809.4623132,0.166,-0.8748,-0.3242,-6.5115,29.1221,37.4504,0.9476
1780826809.6604671,0.0212,-0.7385,-0.2854,9.2901,20.5649,32.9847,0.792
1780826809.8626068,0.0066,-0.5862,-0.2488,21.4275,-18.7557,33.1221,0.6368
1780826810.0633154,-0.0361,-0.5935,-0.1006,-3.8855,1.9084,38.8473,0.6031
1780826810.2611825,-2.0,-2.0,0.3213,7.5878,-250.1374,117.687,2.8466
1780826810.4712567,-0.4221,0.1211,0.9248,101.3053,-117.4122,-105.5954,1.0238
1780826810.6616125,0.0127,0.1387,1.0464,-52.4275,34.7405,-120.8855,1.0556
1780826810.861123,-0.6951,-1.356,0.3105,-90.9466,-4.1527,-79.9466,1.555
1780826811.06133,-0.6018,-0.0259,0.9924,-55.0458,-13.7634,-41.2366,1.1609
1780826811.2614148,-0.8489,-0.3237,0.7905,-51.5344,21.2137,-7.916,1.2043
1780826811.461631,-0.5374,-0.2026,0.9255,29.7405,5.6489,11.8244,1.0892
1780826811.6722317,-0.5317,-0.1558,0.7004,15.9771,-12.0153,9.6794,0.8931
1780826811.8651383,-0.551,-0.1829,0.6714,-6.5725,-0.9313,7.9847,0.8876
1780826812.0615728,-0.4941,-0.1731,0.7234,-2.8626,-3.6718,2.374,0.893
1780826812.2625256,-0.4382,-0.2129,0.7102,-1.0305,-10.8244,-15.8855,0.8613
0,0,0,0,0,0,0,0
0,0,0,0,0,0,0,0
1780826815.4130125,-0.0059,-0.8625,-0.2661,17.0153,-5.374,-1.3588,0.9027
1780826815.6135,0.1775,-0.8516,-0.4065,-8.8321,30.2137,24.0763,0.9602
1780826815.8141081,0.0479,-0.7793,-0.5908,-21.9542,25.7099,57.5802,0.9791
1780826816.0191488,0.0039,-0.4585,-0.3772,-2.7023,-0.8015,30.3435,0.5937
1780826816.212943,-0.1223,-0.5862,-0.2244,9.1908,-18.0458,35.4351,0.6395
1780826816.4125867,-0.8972,-2.0,-0.676,250.1298,-133.6794,207.1756,2.2939
1780826816.6232457,-0.0105,-0.1787,-0.6428,132.8092,-209.4046,149.9618,0.6673
1780826816.8126917,0.0049,0.7781,1.1677,-16.9847,-7.6565,-18.3511,1.4032
1780826817.0135252,-1.2788,-0.9429,0.7673,-74.8321,-96.9313,-50.2748,1.7644
1780826817.2136793,-0.5466,-0.0562,0.9524,53.1603,13.9237,-2.1985,1.0995
1780826817.4133599,-0.6506,-0.4292,0.6035,-43.3435,15.0916,0.8168,0.9858
1780826817.6141708,-0.5625,-0.3723,0.8306,0.2672,-2.4198,-17.9847,1.07
1780826817.8138893,-0.5144,-0.4402,0.6604,9.5802,-5.1298,9.5496,0.9458
1780826818.013977,-0.5259,-0.4238,0.6311,1.2061,0.2519,2.7023,0.9244
1780826818.2345679,-0.5139,-0.4109,0.6736,-7.5649,-2.4885,-3.8702,0.9416
0,0,0,0,0,0,0,0
0,0,0,0,0,0,0,0
1780826821.620085,-0.0479,-0.8696,-0.1111,8.3664,14.8931,0.7099,0.878
1780826821.8186736,0.1543,-0.9368,-0.4092,5.2824,24.3588,30.4275,1.0338
1780826822.0192277,0.1763,-0.8286,-0.4331,-15.5649,5.8855,16.3817,0.9514
1780826822.2195296,0.0471,-0.5476,-0.3979,-4.1679,3.9313,27.8244,0.6786
1780826822.4191267,0.0723,-0.478,-0.3608,-3.8702,7.0611,36.4656,0.6033
1780826822.619555,-0.4556,-1.0398,-0.6289,-6.0153,-5.4962,42.8168,1.2978
1780826822.8233926,0.4167,-1.5203,-0.425,250.1298,-250.1374,-137.6336,1.6327
1780826823.0218165,-0.1228,0.2073,0.3318,250.1298,-162.4657,-6.7863,0.41
1780826823.2201867,-0.0737,0.1829,1.0137,30.2443,77.7176,-10.8855,1.0327
1780826823.4188464,-0.2917,-0.0552,0.7209,60.1298,-27.3588,-94.3893,0.7797
1780826823.618848,-0.4407,-0.0129,0.7551,-20.2519,-15.374,-57.9237,0.8744
1780826823.8197756,-0.8428,-0.3237,0.5786,13.9466,7.5802,28.4427,1.0723
1780826824.0194867,-0.4697,-0.2012,0.7244,10.6565,-46.4427,-0.1679,0.8865
1780826824.2191653,-0.2585,-0.2388,0.8469,11.0458,-7.9542,-27.3511,0.9171
1780826824.4213452,-0.6028,-0.3389,0.7852,-5.6794,12.7405,4.3893,1.0463
1780826824.6190057,-0.6548,-0.2502,0.6689,7.3282,6.9313,8.3511,0.9689
1780826824.8186247,-0.5027,-0.2207,0.771,0.2061,-2.8321,2.6183,0.9465
1780826825.034939,-0.5022,-0.2258,0.74,1.0687,-0.7634,1.4275,0.9224
1780826825.2194226,-0.5896,-0.2197,0.7319,0.8397,6.3206,-0.8168,0.9652
0,0,0,0,0,0,0,0
0,0,0,0,0,0,0,0
1780826828.6704338,0.0361,-0.8315,-0.1711,-5.0,19.5496,9.6718,0.8497
1780826828.870036,0.208,-0.8979,-0.5049,7.9542,8.1298,29.9695,1.0509
1780826829.0702758,0.0996,-0.5896,-0.49,-24.4656,20.8779,35.6031,0.7731
1780826829.2694387,0.2056,-0.3899,-0.2808,4.0611,20.6107,-28.458,0.5226
1780826829.4829724,0.1235,-0.8699,-0.4463,21.3511,-36.0763,84.3206,0.9855
1780826829.6692398,-0.7876,-1.1746,0.1819,-64.9924,-25.7405,250.1298,1.4258
1780826829.869244,-0.355,-0.564,0.6208,45.6412,-88.084,34.5802,0.9108
1780826830.068958,-0.0864,0.5376,0.6516,-164.7328,11.3206,-66.1756,0.8492
1780826830.2693503,-0.9895,-0.7981,0.8164,-67.7481,-47.9771,-71.2366,1.5108
1780826830.4697757,-0.6455,-0.0417,1.2537,-32.7328,18.2137,-58.8397,1.4107
1780826830.669233,-0.377,-0.25,0.4731,6.9008,-41.9924,0.7863,0.6546
1780826830.8695161,-0.6218,-0.4807,0.6443,-39.4656,16.5191,-20.374,1.0163
1780826831.0696356,-0.4561,-0.3594,0.8445,-16.9466,3.3435,-9.3588,1.0248
1780826831.2690368,-0.5391,-0.353,0.7068,2.084,1.7099,-2.0305,0.9564
1780826831.469121,-0.498,-0.4463,0.5891,9.229,-3.8779,4.8626,0.8912
1780826831.6696463,-0.4797,-0.4514,0.6484,-2.0382,-2.1985,4.3282,0.9243
1780826831.8773973,-0.509,-0.4453,0.6567,6.458,4.4504,0.0382,0.9427
0,0,0,0,0,0,0,0
0,0,0,0,0,0,0,0
1780826835.9148767,0.2253,-0.9128,-0.3772,4.626,21.5954,11.3511,1.0131
1780826836.1142979,0.21,-0.7395,-0.5095,-29.5802,16.5878,31.9466,0.9223
1780826836.3157907,0.0398,-0.3923,-0.3406,-23.4886,13.5954,30.0916,0.5211
1780826836.5143287,0.0916,-0.6709,-0.4041,-23.5114,-23.0,27.8473,0.7885
1780826836.715493,-0.4421,-0.8767,-0.6914,11.7786,-82.6794,72.1832,1.2009
1780826836.914968,1.21,-0.3313,-0.4128,209.6031,-250.1374,51.1832,1.3207
1780826837.114245,-0.188,0.4941,0.5046,137.4809,-94.5343,39.1221,0.7309
1780826837.3147423,-1.2932,-0.4949,1.2126,36.7481,61.687,96.9466,1.8406
1780826837.5191357,-0.4463,-0.022,0.9404,173.8473,24.5114,-29.8244,1.0412
1780826837.7147257,-0.6917,-0.0674,0.426,-44.7176,-38.5115,21.9084,0.8151
1780826837.9151068,-0.5491,-0.1672,0.7991,-29.6336,30.1756,-53.7328,0.9839
1780826838.114968,-0.6196,-0.2583,0.8264,-26.8321,19.0687,0.4733,1.0647
1780826838.3151722,-0.499,-0.0925,0.7388,-11.9618,-12.1985,-11.1985,0.8963
1780826838.5148351,-0.5627,-0.2266,0.7136,-3.1527,5.2214,-0.7634,0.9366
1780826838.7146378,-0.5928,-0.1892,0.738,1.6947,3.6336,2.2977,0.9653
1780826838.9144523,-0.6033,-0.1277,0.7417,1.3511,7.2519,0.4656,0.9646
0,0,0,0,0,0,0,0
0,0,0,0,0,0,0,0
1780826866.7763789,0.0874,-0.9241,-0.3562,-5.5191,22.687,10.4656,0.9942
1780826866.976766,0.075,-0.7874,-0.4399,-20.855,15.5115,19.1603,0.905
1780826867.1768796,0.0273,-0.5852,-0.3538,16.6718,14.7786,47.8626,0.6844
1780826867.3769052,0.1084,-0.616,-0.3616,-65.8397,-30.0763,-59.2137,0.7224
1780826867.5786881,-0.1235,-0.6477,-0.4219,38.3511,-29.0916,89.2061,0.7828
1780826867.7902045,0.498,-0.0566,-0.6836,-53.0763,-194.1069,145.855,0.8477
1780826867.9774013,-0.7659,-0.553,-0.1055,61.7328,-128.7405,50.8626,0.9505
1780826868.176518,-0.2668,0.3533,0.751,136.0611,-76.0153,-96.626,0.8718
1780826868.3783805,-1.019,-0.1602,1.01,-45.0763,5.2519,34.5267,1.4437
1780826868.5765333,-0.6602,-0.1145,0.8379,15.7176,0.7328,-18.4962,1.0728
1780826868.7766218,-0.584,-0.0518,0.7324,20.7176,-8.7939,-8.7481,0.9382
1780826868.97875,-0.8545,-0.1257,0.4685,-29.8702,4.6031,9.9237,0.9826
1780826869.1765506,-0.5325,-0.1084,0.7795,-12.5573,-36.2366,-10.7863,0.9502
1780826869.3771086,-0.5413,-0.1938,0.8142,-3.3282,11.0992,2.5496,0.9967
1780826869.5765831,-0.6323,-0.2021,0.6589,4.9618,-0.0153,2.7786,0.9354
1780826869.7769303,-0.6287,-0.1853,0.6189,5.9389,3.3282,3.4809,0.9014
0,0,0,0,0,0,0,0
0,0,0,0,0,0,0,0
1780826875.105796,0.074,-0.9658,-0.3374,-2.0687,13.4885,6.458,1.0257
1780826875.3054109,0.1765,-0.9048,-0.4187,-13.7786,31.0611,5.0763,1.0125
1780826875.5052552,0.0735,-0.7834,-0.4329,-36.5878,21.9771,19.5267,0.8981
1780826875.7178648,-0.0513,-0.5718,-0.5913,-49.6183,8.771,38.0534,0.8241
1780826875.9047923,0.0581,-0.6162,-0.5225,11.8626,-30.7863,34.6565,0.81
1780826876.1059706,-0.1626,-0.8574,-0.6082,61.3969,-34.0611,25.1603,1.0637
1780826876.3170512,0.0168,-1.147,-0.0984,-123.0076,-12.7481,178.374,1.1513
1780826876.5056114,-0.498,-0.5881,0.4297,16.1756,-170.5573,-32.9237,0.8824
1780826876.7055478,-0.2134,-0.239,0.4014,105.9618,29.6718,6.7863,0.5136
1780826876.9172146,-0.8579,-0.0413,1.0806,-2.6641,157.6183,69.1069,1.3803
1780826877.1057484,-0.5283,-0.3071,0.5076,52.1145,3.1908,-14.2214,0.7944
1780826877.3060021,-0.6252,-0.0437,0.9214,17.7023,12.3969,-26.3664,1.1144
1780826877.5079925,-1.0076,-0.2087,0.3735,16.3893,13.9084,-43.5573,1.0947
1780826877.7063668,-0.4998,-0.0022,0.7095,25.0382,-17.9771,24.6107,0.8678
1780826877.9061255,-0.7415,-0.1746,0.615,4.8931,7.7405,14.4885,0.979
1780826878.1048253,-0.6829,-0.2769,0.6248,3.1756,4.0916,-7.4885,0.9661
1780826878.3059494,-0.717,-0.2236,0.5964,-8.4275,4.0305,4.8626,0.9591
0,0,0,0,0,0,0,0
0,0,0,0,0,0,0,0
1780826883.7465856,0.0767,-0.9587,-0.2095,-10.8473,18.5038,5.084,0.9843
1780826883.9454346,0.0774,-0.8413,-0.356,-28.084,36.2366,7.0687,0.9168
1780826884.158175,0.0361,-0.7424,-0.2642,-40.3969,14.7786,12.3206,0.7889
1780826884.3455594,0.0723,-0.5054,-0.3169,-1.2901,-6.2061,41.8092,0.6009
1780826884.5954382,-0.3015,-0.8298,-0.3315,25.3053,-28.3053,36.0611,0.9431
1780826884.7484217,-2.0,-2.0,1.6873,183.2137,-68.4122,-47.3664,3.2935
1780826884.9572895,-0.5166,0.0757,0.7112,26.1908,-168.8168,24.7939,0.8823
1780826885.1455283,-0.2607,-0.054,0.5491,160.374,83.7405,69.9008,0.6102
1780826885.345606,-1.2524,-0.1382,0.9126,52.6489,72.7328,17.0,1.5558
1780826885.5452292,-0.6162,-0.4417,0.7109,19.3511,24.1832,-17.2672,1.0393
1780826885.747739,-0.5159,-0.2966,0.5618,24.313,-0.6031,21.3588,0.8183
1780826885.9621382,-0.8669,-0.1147,0.6948,-3.8779,30.9008,-10.1145,1.1169
1780826886.145862,-0.8291,-0.2039,0.7969,-15.7405,15.8321,2.7405,1.1679
1780826886.3457627,-0.6814,-0.2251,0.7256,-0.7099,-2.9084,5.4504,1.0205
1780826886.5446935,-0.7256,-0.3276,0.5881,-2.4504,-2.0229,1.687,0.9898
1780826886.7456481,-0.6902,-0.2651,0.6187,-0.3664,0.3282,3.9695,0.964
0,0,0,0,0,0,0,0
0,0,0,0,0,0,0,0
1780826891.3885472,0.0735,-0.9358,-0.3987,2.542,1.0229,5.3817,1.0198
1780826891.589913,0.1003,-0.8745,-0.4668,-13.8015,-2.6947,7.1603,0.9964
1780826891.7885847,0.1331,-0.6968,-0.5144,-20.1756,-18.1679,18.7863,0.8763
1780826891.9887872,0.0994,-0.5137,-0.4233,8.7176,-7.5802,30.687,0.673
1780826892.189437,0.0325,-0.5493,-0.3562,30.8779,22.0687,41.5038,0.6555
1780826892.3906038,-0.6284,-1.1306,-0.6362,119.2366,-102.2824,46.1221,1.4415
1780826892.5892491,-0.3923,-0.4966,0.123,150.7634,-237.2901,173.229,0.6447
1780826892.7983663,0.1069,-0.2905,0.5422,65.7786,-112.7328,135.1069,0.6244
1780826892.988919,0.2578,0.7869,1.3726,-75.7405,63.1374,20.0,1.603
1780826893.1885526,-0.9968,-0.3623,0.7268,-32.5725,-57.0992,-107.1985,1.2858
1780826893.394539,-0.658,-0.2756,0.7517,29.626,15.374,-12.2672,1.0363
1780826893.5889378,-0.6426,-0.1538,0.5662,16.5954,-49.0916,47.2443,0.8701
1780826893.7902963,-0.3513,-0.3486,0.5632,-36.5115,11.8626,-26.3282,0.7498
1780826893.9890623,-0.6211,-0.355,0.6218,-48.6107,27.145,-20.0687,0.9479
1780826894.1888766,-0.6013,-0.3091,0.7363,-6.687,-5.2366,-4.9771,0.9996
1780826894.388537,-0.645,-0.2485,0.7175,2.9084,-6.9084,-7.1069,0.9963
1780826894.5893207,-0.6577,-0.2615,0.6555,-0.626,3.8473,0.3435,0.9647
0,0,0,0,0,0,0,0
0,0,0,0,0,0,0,0
1780826902.4207382,0.0264,-0.9414,-0.4138,0.229,2.084,6.8397,1.0287
1780826902.620714,0.0686,-0.8643,-0.5405,-26.2519,5.2137,14.0763,1.0217
1780826902.8209398,-0.001,-0.5742,-0.428,-19.2137,-13.7176,16.0153,0.7162
1780826903.0209696,-0.0959,-0.6553,-0.3533,3.6489,20.687,39.4046,0.7506
1780826903.2213328,-0.1731,-1.0354,-0.6243,63.2824,-13.6107,15.8397,1.2214
1780826903.4341884,-2.0,-2.0,-1.0566,250.1298,44.1603,169.5114,3.0194
1780826903.6209302,-0.5713,-0.0728,0.957,250.1298,-250.1374,182.6641,1.1169
1780826903.8253105,-0.1406,-0.1865,0.3398,136.5649,-112.5649,-36.916,0.4124
1780826904.020883,-0.2129,-0.0583,0.6023,-66.0382,19.7099,129.3282,0.6415
1780826904.2217562,-0.5549,-0.1357,0.9417,-72.1908,-8.1374,-91.4046,1.1014
1780826904.4218223,-0.7014,-0.3027,0.9648,30.3511,55.5038,-40.1832,1.2307
1780826904.6235223,-1.0085,-0.0237,0.2197,-64.1679,-6.1145,-57.5878,1.0325
1780826904.8210356,-0.583,-0.0959,0.6699,-6.6718,-40.6947,-19.1374,0.8933
1780826905.0210094,-0.7358,-0.2263,0.6658,-17.2824,-10.1069,-11.9924,1.0178
1780826905.221628,-0.6746,-0.1428,0.7092,0.3664,5.084,8.3893,0.9892
1780826905.4210932,-0.708,-0.0828,0.6467,-1.5878,1.2748,-0.687,0.9625
0,0,0,0,0,0,0,0
0,0,0,0,0,0,0,0
1780826911.0034325,-0.0586,-0.9956,-0.2131,2.542,9.1374,6.5954,1.0198
1780826911.2022498,-0.0518,-0.9231,-0.3992,-2.2137,32.6794,35.8702,1.007
1780826911.4031758,-0.0217,-0.7598,-0.4028,-30.1832,19.6794,32.9389,0.8602
1780826911.6073346,-0.1313,-0.7175,-0.3457,-4.6183,4.4427,24.771,0.8072
1780826911.8022416,-0.2236,-0.7314,-0.262,-6.313,-1.1527,34.6031,0.8085
1780826912.002657,-0.6218,-0.7588,-0.6538,47.4504,-137.8702,70.5191,1.1789
1780826912.2088518,-0.1143,-1.1548,0.4343,185.5343,-250.1374,87.7176,1.239
1780826912.4035523,-0.1814,-0.2617,0.1995,-2.5038,-173.3817,-115.0534,0.3757
1780826912.6022067,-0.2585,0.3896,0.7063,-60.6565,79.5954,76.7176,0.8471
1780826912.802755,-0.7124,-0.3606,0.6301,-20.542,-34.916,-112.1374,1.0172
1780826913.0025198,-0.4771,-0.1836,0.6406,-13.3893,31.3588,49.2977,0.8196
1780826913.2023594,-1.0439,-0.2336,0.625,-9.4809,13.0229,9.916,1.239
1780826913.4025757,-0.6348,-0.074,0.7126,-11.6794,18.0611,8.1374,0.9572
1780826913.6029072,-0.7288,-0.2263,0.6111,1.0611,1.0916,1.084,0.9776
1780826913.8031638,-0.6782,-0.1704,0.5999,-1.6489,6.2672,3.3664,0.9213
1780826914.018688,-0.7534,-0.136,0.5125,-11.9084,4.8779,-6.7405,0.9213
0,0,0,0,0,0,0,0
0,0,0,0,0,0,0,0
1780826918.811442,-0.0278,-0.9214,-0.2371,10.9695,-0.4122,-2.9618,0.9518
1780826919.0104127,0.1001,-0.9507,-0.4338,-14.458,9.7786,-10.2901,1.0498
1780826919.2096667,0.1382,-0.7629,-0.4485,-24.7252,13.0992,-7.1756,0.8957
1780826919.4101164,0.0657,-0.626,-0.3408,-13.6565,11.3664,5.7023,0.7158
1780826919.6107445,-0.031,-0.7808,-0.322,18.5191,5.855,43.5496,0.8451
1780826919.810304,-0.0713,-0.7266,-0.478,43.4351,-27.2748,78.7481,0.8726
1780826920.0106506,0.1296,-1.2644,0.313,-143.0382,-22.6794,105.0076,1.309
1780826920.2177916,-0.5562,-0.3943,0.7197,53.0458,-210.9847,37.8244,0.9913
1780826920.41569,-0.3564,0.4424,0.8667,-57.458,80.5038,-103.9389,1.0363
1780826920.6105208,-1.5686,-0.418,1.0327,-7.7863,-36.7786,56.1832,1.924
1780826920.8098617,-0.739,-0.155,0.8064,68.1679,9.1527,1.2977,1.1047
1780826921.010044,-0.4016,-0.1497,0.5798,15.2214,-33.8779,36.0611,0.721
1780826921.2102911,-0.8962,-0.3547,0.5632,6.771,25.0687,-17.3664,1.1164
1780826921.409777,-0.6594,-0.1006,0.73,-21.3588,4.0916,5.8855,0.9889
1780826921.6115258,-0.6306,-0.2463,0.6963,-13.5115,-26.1298,-7.9237,0.9712
1780826921.8169327,-0.5923,-0.2451,0.7244,5.7176,-5.1298,-2.8244,0.9673
1780826922.009742,-0.6348,-0.229,0.6707,0.1145,0.7099,2.6107,0.9514
1780826922.210012,-0.6125,-0.2114,0.7046,2.6412,-0.3511,-2.1145,0.9573
0,0,0,0,0,0,0,0
0,0,0,0,0,0,0,0
1780826927.178422,0.0359,-0.9395,-0.3203,13.7252,1.1145,11.7939,0.9932
1780826927.363982,0.0969,-0.8699,-0.3914,2.8015,3.1908,20.9847,0.9588
1780826927.5636983,0.0542,-0.7187,-0.4189,-10.9924,4.9924,31.229,0.8337
1780826927.7647095,-0.0994,-0.4722,-0.3721,-6.0611,9.3664,46.5496,0.6093
1780826927.9646184,0.0642,-0.7708,-0.5437,-18.2748,-35.4427,13.771,0.9454
1780826928.1674318,-1.9409,-2.0,-0.481,191.229,-82.4809,135.4351,2.8282
1780826928.363023,0.874,-0.4116,-0.071,112.0916,-158.3206,-33.8855,0.9687
1780826928.5638807,-0.6213,0.6338,1.0862,57.2595,54.3359,32.2519,1.4027
1780826928.7634432,-1.3433,-0.4211,1.3013,-13.8244,33.0763,76.313,1.917
1780826928.9627059,-0.4736,-0.1648,0.7349,73.0076,21.145,-21.7863,0.8897
1780826929.16312,-0.3628,-0.0642,0.6692,23.2595,-18.6412,-31.4733,0.7639
1780826929.3721979,-0.9089,-0.0393,0.4253,-18.0,29.7939,-8.4198,1.0043
1780826929.5645134,-0.5559,-0.1677,0.6533,-7.1527,-13.7634,1.1069,0.8741
1780826929.765045,-0.5347,-0.3127,0.6587,-11.5344,-17.2519,-0.6489,0.9042
1780826929.9804096,-0.5791,-0.3459,0.5356,-4.7405,-4.5267,8.8092,0.8614
1780826930.1645422,-0.5769,-0.2532,0.6702,-2.9695,-10.1298,-11.229,0.9198
0,0,0,0,0,0,0,0
0,0,0,0,0,0,0,0
1780826935.1818976,0.0408,-0.9343,-0.4363,8.084,-1.8397,2.1985,1.032
1780826935.380999,0.0906,-0.9077,-0.53,-4.3359,-1.7252,12.8397,1.055
1780826935.5808008,-0.0459,-0.8479,-0.4333,-1.5725,2.8626,24.1985,0.9533
1780826935.795432,0.0144,-0.5505,-0.5103,-32.7023,-12.5267,42.9084,0.7508
1780826935.980647,-0.1934,-0.6426,-0.2275,-24.8168,-22.6031,35.3053,0.7086
1780826936.1854436,-0.1812,-0.7192,-0.7612,73.1374,-67.2824,65.8855,1.0628
1780826936.3830454,-1.1604,-0.1968,-0.5999,-41.8321,-191.8397,233.8473,1.321
1780826936.5808485,-0.2544,-0.4741,0.7446,36.4885,-132.9695,34.7634,0.9187
1780826936.7855377,-0.0715,0.3079,0.1738,-77.4427,126.3893,-91.6336,0.3607
1780826936.9804542,-0.728,-0.6814,0.2759,-15.2977,-6.9389,-88.5878,1.0346
1780826937.1806479,-0.7834,-0.054,0.9602,-2.7863,31.1145,-35.458,1.2404
1780826937.3799784,-1.1038,-0.3157,0.1936,16.3282,-14.626,14.7939,1.1642
1780826937.5815945,-0.3906,-0.209,0.5068,-4.6489,-33.5802,-13.7405,0.6732
1780826937.7799525,-0.7273,-0.2766,0.7502,-8.1221,12.6794,5.5191,1.0809
1780826937.9802227,-0.7285,-0.3433,0.6799,6.1908,-5.3359,-14.7939,1.054
1780826938.1802368,-0.762,-0.2795,0.6006,-2.2595,-2.8244,3.6641,1.0097
1780826938.3798218,-0.6616,-0.2551,0.637,-0.8397,6.1298,3.2672,0.9532
1780826938.580966,-0.6382,-0.2786,0.5454,4.2748,5.2137,3.4275,0.8845
0,0,0,0,0,0,0,0
0,0,0,0,0,0,0,0
1780826943.4299002,0.0933,-0.9702,-0.2874,3.1832,-8.626,2.1298,1.0162
1780826943.6214159,0.0798,-0.9604,-0.375,-3.1603,3.4962,18.4962,1.0341
1780826943.8301852,0.0146,-0.8503,-0.3337,-16.0382,-2.8931,49.2901,0.9136
1780826944.0219696,-0.2227,-0.4717,-0.2659,12.1374,-59.8092,83.2595,0.5854
1780826944.221644,-0.0916,-0.6882,-0.3386,7.5038,-28.3282,74.4885,0.7725
1780826944.4270346,-0.4045,-0.8491,-0.3601,54.2214,-75.7023,66.7176,1.0071
1780826944.6299233,-1.0605,-0.6001,-0.3728,81.8855,-247.4275,66.5725,1.2743
1780826944.8233747,-0.5381,0.0869,0.7063,43.5267,-79.2519,44.3359,0.8922
1780826945.0212817,-0.0513,0.1216,0.3472,12.4427,93.3359,54.6947,0.3714
1780826945.230943,-0.3699,-0.52,0.4622,26.8473,33.7481,-70.3511,0.7879
1780826945.421298,-0.5125,-0.1155,0.8047,8.7939,1.6336,-45.1298,0.961
1780826945.621888,-0.5881,-0.3093,0.5503,45.8779,-57.3359,10.7634,0.8628
1780826945.821663,-0.366,-0.1702,0.6743,-26.1985,9.5191,-26.2977,0.7859
1780826946.0223312,-0.5271,-0.2031,0.7727,-37.2977,0.6565,-4.9695,0.9572
1780826946.22138,-0.3225,-0.1294,0.7844,11.6565,-14.5344,-17.4504,0.8579
1780826946.424603,-0.5652,-0.2957,0.7112,0.3053,3.0076,3.3588,0.9553
1780826946.623651,-0.541,-0.2664,0.856,7.7405,8.3588,3.6031,1.047
0,0,0,0,0,0,0,0
0,0,0,0,0,0,0,0
1780826950.737852,-0.0088,-0.9626,-0.0779,1.2214,10.5267,-4.0916,0.9658
1780826950.937564,0.0322,-0.9939,-0.2749,-0.2672,2.4427,11.7328,1.0317
1780826951.1383555,0.0417,-0.9248,-0.229,-1.5115,16.1832,23.0,0.9537
1780826951.3402119,-0.0479,-0.6687,-0.0903,-14.9389,42.7786,31.145,0.6765
1780826951.537893,-0.1455,-0.6577,-0.2563,-17.5802,8.3282,38.8244,0.7207
1780826951.741578,-0.2,-0.8059,-0.1499,32.1374,-37.4809,73.313,0.8438
1780826951.9384618,-0.5764,-0.8691,0.3916,20.1298,-15.1756,111.7328,1.114
1780826952.137995,-0.0278,0.3589,0.886,-61.771,-127.7634,74.3664,0.9563
1780826952.338211,-0.064,0.7144,0.801,-125.2977,-5.4962,-210.8015,1.0752
1780826952.5397682,-1.1138,-0.5425,0.9985,-21.2977,-51.4885,-11.2366,1.5912
1780826952.737672,-0.6743,-0.3062,0.9153,53.3817,-12.1603,-30.542,1.1774
1780826952.9501922,-0.2812,-0.1934,0.7214,47.542,-24.4122,38.2672,0.7981
1780826953.1381004,-0.6257,-0.2612,0.5083,-20.916,21.9237,5.0458,0.8474
1780826953.3377798,-0.655,-0.0708,0.8105,2.2977,6.9466,-16.626,1.0445
1780826953.5382981,-0.416,-0.1111,0.5669,-15.4198,-19.4427,4.4885,0.7119
1780826953.7381063,-0.4912,-0.1414,0.6533,-19.5114,-0.7863,1.8244,0.8295
1780826953.939155,-0.5178,-0.1328,0.8093,-0.5725,0.6107,-5.4809,0.9699
1780826954.1379223,-0.5642,-0.1575,0.7251,0.3359,2.9008,-1.4122,0.9321
0,0,0,0,0,0,0,0
0,0,0,0,0,0,0,0
1780826975.599355,0.105,-0.9473,-0.1772,-4.1832,7.6947,4.7557,0.9694
1780826975.7979116,0.116,-0.9041,-0.4111,-10.2214,7.3817,18.9847,0.9999
1780826976.009407,0.0435,-0.5662,-0.4072,-32.0229,-10.4656,9.7252,0.6988
1780826976.1994915,0.0239,-0.7085,-0.272,-10.229,-16.3893,6.3817,0.7593
1780826976.413487,0.0125,-0.9077,-0.4507,46.4733,-15.4733,22.1145,1.0135
1780826976.5977871,-0.7581,-0.5701,-0.7246,245.5802,-2.2443,250.1298,1.1936
1780826976.7988453,-0.2722,0.2087,0.8896,150.4198,-150.4122,72.458,0.9535
1780826976.9979553,-0.6685,0.0964,0.6211,-8.7863,-67.0153,-86.1374,0.9175
1780826977.1984181,-0.6753,-0.2224,0.9524,-62.8397,49.2901,-30.8855,1.1885
1780826977.3985438,-0.6182,-0.335,0.6443,44.1679,-15.8244,-29.4122,0.9536
1780826977.5985641,-0.7683,-0.3132,0.5264,-4.7023,-47.7557,6.5496,0.9826
1780826977.7980335,-0.5073,-0.1084,0.739,-23.4198,46.7176,-30.4275,0.9029
1780826977.9986503,-0.6499,-0.2307,0.6018,30.0611,-0.4122,-3.8779,0.9153
1780826978.198348,-0.562,-0.1782,0.657,-2.8855,-10.7252,2.1221,0.8827
1780826978.3981943,-0.6655,-0.2187,0.6973,9.7481,-2.3435,4.3435,0.9884
0,0,0,0,0,0,0,0
0,0,0,0,0,0,0,0
1780826982.503978,-0.041,-0.9343,-0.3394,1.2901,5.4809,-1.3893,0.9949
1780826982.7037036,0.0464,-0.9478,-0.425,-5.1756,0.9771,6.7099,1.0397
1780826982.9036121,0.092,-0.9348,-0.3928,-8.0458,12.4656,16.8855,1.0182
1780826983.1132529,-0.0271,-0.6045,-0.2991,-27.1069,72.0229,24.9618,0.675
1780826983.3039038,-0.082,-0.656,-0.3296,4.1221,-24.1908,43.6031,0.7387
1780826983.50445,-0.0205,-0.7471,-0.406,11.6489,-41.3206,34.4733,0.8505
1780826983.7038183,-1.1138,-2.0,-0.2942,-54.0229,-106.7481,90.3588,2.308
1780826983.904291,-0.1758,-0.1265,1.0864,96.9695,-173.1069,-2.6794,1.1078
1780826984.104882,0.1819,-0.104,0.6672,34.0076,-65.5802,-122.313,0.6994
1780826984.3202617,-1.0322,0.0352,1.301,24.6031,99.0382,20.145,1.6611
1780826984.5043404,-0.6309,-0.2612,0.6223,48.1679,31.229,-0.771,0.9239
1780826984.7043233,-0.4705,0.1194,0.6074,4.9008,-27.9466,7.8397,0.7775
1780826984.906739,-0.9314,-0.229,0.7812,12.1679,36.2824,-0.2595,1.2371
1780826985.1051466,-0.5659,-0.0107,0.6626,25.2061,-28.9008,-28.7252,0.8714
1780826985.3128862,-0.6736,-0.1663,0.6631,-3.5649,-0.0305,23.3588,0.9597
1780826985.50479,-0.5627,-0.1157,0.6995,4.8168,4.4351,8.5038,0.9052
1780826985.703632,-0.5693,-0.1794,0.6548,11.6489,-1.6718,4.2519,0.8861
0,0,0,0,0,0,0,0
0,0,0,0,0,0,0,0
1780826989.7049818,0.1509,-0.9727,-0.189,-3.0992,16.2748,5.9618,1.0023
1780826989.9046016,0.1145,-0.9424,-0.2563,-23.3206,5.4809,-1.3969,0.9833
1780826990.1042657,0.1265,-0.6978,-0.3037,-35.0534,13.8779,14.5267,0.7714
1780826990.3046093,0.0725,-0.5039,-0.2029,-5.771,5.6565,32.6641,0.548
1780826990.5066094,0.2515,-0.9587,-0.3687,20.4886,-33.7328,10.4198,1.0575
1780826990.7044969,-1.231,-2.0,-1.0869,129.6794,45.4885,152.6412,2.5878
1780826990.904282,-0.0005,-0.2351,0.7219,248.916,-167.5725,9.542,0.7592
1780826991.1053376,-0.353,-0.3828,0.1572,53.3053,-45.0153,53.1908,0.544
1780826991.305233,-1.2009,-0.0376,1.9736,52.4733,175.3359,125.5573,2.3106
1780826991.5052626,-0.4539,-0.3352,0.781,23.8626,2.3664,-13.5115,0.9635
1780826991.7045982,-0.5969,-0.2048,0.7493,-22.5878,-1.3206,-11.2214,0.9796
1780826991.9153953,-0.7231,-0.3738,0.6057,49.3511,27.6794,-12.7634,1.0147
1780826992.1047683,-0.6821,-0.3501,0.5937,64.1756,-41.7939,44.8626,0.9697
1780826992.3195364,-0.4695,-0.4192,0.7275,-5.1756,12.6565,-2.2824,0.962
1780826992.505857,-0.7109,-0.0122,0.833,-37.8168,16.3588,-7.2748,1.0952
1780826992.7053435,-0.4824,-0.156,0.7937,6.3817,-16.3817,-10.2214,0.9418
1780826992.9053905,-0.6033,-0.1731,0.708,-0.229,1.2672,6.3969,0.9461
1780826993.104395,-0.5581,-0.2654,0.6235,14.1145,-3.7252,-2.3435,0.8779
0,0,0,0,0,0,0,0
0,0,0,0,0,0,0,0
1780826997.466446,0.1538,-0.9185,-0.1953,0.2061,-1.2901,2.6489,0.9515
1780826997.6656797,0.2295,-0.918,-0.3765,0.6718,-0.4122,4.3588,1.0184
1780826997.86575,0.2219,-0.855,-0.4966,-23.3969,6.3359,21.7863,1.0133
1780826998.0651383,0.0979,-0.6152,-0.2471,-63.0,16.0305,6.4656,0.6702
1780826998.2654538,0.0688,-0.6094,-0.3354,11.2901,-15.5191,36.6031,0.699
1780826998.4658272,0.1809,-0.8865,-0.5596,35.1832,-37.9466,20.6794,1.0638
1780826998.6651824,-1.4641,-2.0,-0.3835,250.1298,31.8168,154.6031,2.5081
1780826998.866334,-0.7349,-0.5786,0.5212,52.5344,-250.1374,76.3359,1.0708
1780826999.065638,-0.7046,0.3572,1.6309,135.5725,129.1069,153.8931,1.8121
1780826999.2656481,-0.8889,-0.3765,0.4014,92.7252,140.7634,243.5725,1.0455
1780826999.4709322,-0.0718,-0.4568,0.6479,20.7786,12.3969,0.9237,0.796
1780826999.66603,-0.5354,0.0486,0.9084,-15.7405,35.0382,-15.6641,1.0556
1780826999.8665972,-0.8276,-0.4219,0.6733,-12.5725,15.3817,-2.2901,1.1473
1780827000.0657732,-0.7292,-0.563,0.6089,1.6107,-24.9313,40.458,1.1043
1780827000.2685707,-0.5039,-0.2363,0.7419,-6.0229,-12.1298,-8.2061,0.9275
1780827000.465626,-0.6072,-0.3501,0.6765,-5.5878,-1.5802,-10.9237,0.9741
1780827000.665538,-0.5693,-0.2187,0.7175,7.2977,-0.7252,1.5344,0.9417
1780827000.8684626,-0.5498,-0.2463,0.7129,-1.4809,-2.5191,-0.9008,0.9334
1780827001.0662112,-0.5854,-0.2292,0.6753,1.6183,6.0916,3.7939,0.9227
0,0,0,0,0,0,0,0
0,0,0,0,0,0,0,0
1780827005.2813783,0.2031,-0.9209,-0.2781,-3.2443,-4.9771,-2.626,0.9832
1780827005.4820437,0.2329,-0.8865,-0.3735,-19.1985,2.0153,-9.1298,0.9898
1780827005.6814082,0.3071,-0.8977,-0.4202,-18.7328,14.1603,9.6031,1.0377
1780827005.8821707,0.0039,-0.6213,-0.5056,2.4885,21.0763,41.2595,0.8011
1780827006.0821645,0.2026,-0.905,-0.1519,18.9237,-3.7939,46.4733,0.9398
1780827006.296925,0.0872,-0.7139,-0.3984,40.0305,-37.5725,76.9008,0.8222
1780827006.4823964,-2.0,-2.0,-1.1838,125.7481,-38.9771,-26.1603,3.0662
1780827006.6842597,-0.7229,-0.3433,1.3306,145.1679,-245.0076,80.2748,1.5527
1780827006.8815818,-0.3032,-0.2004,0.0322,53.4122,-44.5191,76.3206,0.3649
1780827007.0818622,0.1433,-0.2737,0.0894,-54.4275,96.4427,81.5115,0.3216
1780827007.2822034,-0.7239,-0.489,0.6794,5.1145,-8.2366,-41.0076,1.1067
1780827007.48218,-0.8171,-0.2297,0.6711,-10.4427,33.626,27.6183,1.0821
1780827007.6818998,-0.6714,-0.2529,0.7163,18.0153,-4.1527,-27.5267,1.0138
1780827007.8817642,-0.5425,-0.1577,0.0986,22.6107,-20.458,-23.3817,0.5735
1780827008.081892,-0.8242,-0.4221,0.6265,-34.4351,37.2443,12.0076,1.118
1780827008.282268,-0.7302,-0.1226,0.7375,-27.0458,12.1832,-10.9695,1.0451
1780827008.493501,-0.6611,-0.2214,0.615,7.9542,-10.2672,0.7634,0.9297
1780827008.68553,-0.7551,-0.2476,0.5845,0.8015,-3.5649,1.9847,0.9865
1780827008.8823862,-0.6965,-0.2112,0.6106,11.1298,4.0382,6.0611,0.95
0,0,0,0,0,0,0,0
0,0,0,0,0,0,0,0
1780827013.1104598,0.2036,-0.8413,-0.304,7.3969,-8.5267,9.1908,0.9174
1780827013.3100586,0.1875,-0.9307,-0.4055,-21.2061,5.8779,1.2214,1.0323
1780827013.5103717,0.2107,-0.7424,-0.5464,-8.0305,8.626,28.0076,0.9456
1780827013.7104278,0.0386,-0.8147,-0.4338,-50.8931,7.0916,11.2366,0.9238
1780827013.9104192,0.1074,-0.6848,-0.5413,-26.7023,-2.4809,38.5878,0.8795
1780827014.118926,0.0315,-0.6433,-0.4204,87.5573,-38.0153,44.5344,0.7691
1780827014.3098445,-0.1943,-0.7646,-0.2185,58.7863,-19.6412,28.0382,0.8187
1780827014.5103762,-0.4421,-1.2153,0.3416,-51.229,31.9466,164.3053,1.3376
1780827014.710725,-0.1692,-0.0391,0.634,175.229,-121.7328,52.8626,0.6574
1780827014.9136226,-0.2266,0.2639,1.0007,-37.2061,35.2672,-8.6641,1.0595
1780827015.1103053,-0.9365,0.1025,0.9937,31.6565,-104.1985,-54.9847,1.3693
1780827015.3104799,-0.6157,-0.1169,0.9775,18.3206,-11.7786,28.8626,1.1612
1780827015.5125825,-0.5457,-0.1624,0.8362,-17.3053,5.7023,0.4122,1.0116
1780827015.7107732,-0.5959,-0.5828,0.52,43.5038,4.4962,-20.8092,0.9824
1780827015.910083,-0.5269,-0.1785,0.3586,-25.9771,14.6641,-24.3053,0.6619
1780827016.1105404,-0.6294,-0.3892,0.6023,41.4504,-30.6336,25.8855,0.9541
1780827016.3104284,-0.4341,-0.1396,0.9434,4.3893,20.542,-10.3664,1.0478
1780827016.5174932,-0.3643,-0.3357,0.718,24.0153,-3.4198,-0.3817,0.8723
1780827016.710986,-0.7417,-0.1892,0.6917,-12.7863,-16.8168,-2.6794,1.0316
1780827016.9105878,-0.3801,-0.2041,0.8091,11.7786,4.5496,-1.0305,0.9169
0,0,0,0,0,0,0,0
0,0,0,0,0,0,0,0
1780827021.591742,0.3433,-0.9656,-0.3418,-13.374,6.2366,-1.2672,1.0803
1780827021.7933955,0.303,-0.8845,-0.3721,-4.7939,4.771,9.9924,1.0063
1780827021.9913611,0.2104,-0.7822,-0.3923,-47.3588,-2.7252,-2.1069,0.9001
1780827022.1913247,0.1545,-0.637,-0.1658,-21.5878,-3.2061,9.8855,0.6761
1780827022.393632,0.1084,-0.5903,-0.2939,67.2443,8.6641,56.2748,0.6683
1780827022.594203,0.1296,-0.9536,-0.406,23.7634,1.3206,40.1832,1.0445
1780827022.7918832,0.2629,-0.5022,-0.0493,58.5649,19.5802,-23.229,0.569
1780827022.9914298,-0.377,-0.1863,1.3408,86.0305,-49.9924,119.0229,1.4052
1780827023.2410066,-0.366,0.1809,0.5288,-80.771,-48.0763,96.1603,0.6681
1780827023.4004965,-0.2996,-0.5293,0.6414,-19.0687,16.2519,-45.0611,0.8839
1780827023.5904002,-0.3445,-0.3093,0.7734,13.8397,1.9618,-6.6031,0.9014
1780827023.7910109,-0.3682,-0.3228,0.78,17.542,0.8244,-30.1374,0.921
1780827023.9911687,-0.5244,-0.6335,0.8181,-8.3817,-23.6031,23.8779,1.16
1780827024.1908402,-0.1711,0.0176,0.095,124.6565,-31.8397,34.6565,0.1965
1780827024.3905056,-0.1943,-0.4553,0.6196,-18.0382,-21.0305,27.7634,0.7931
1780827024.590489,-0.593,-0.1331,0.842,-43.4198,-17.2901,22.4275,1.0385
1780827024.790526,-0.3206,-0.356,0.7253,30.4122,-2.7252,-9.313,0.8692
1780827024.9911373,-0.4998,-0.387,0.7178,13.3588,2.7863,-6.3511,0.9564
0,0,0,0,0,0,0,0
0,0,0,0,0,0,0,0
1780827028.8594868,0.3635,-0.9763,-0.1882,23.1298,-12.5267,-6.2443,1.0587
1780827029.0512547,0.2908,-0.8796,-0.4832,-35.626,-2.687,-23.2595,1.0449
1780827029.2510536,0.2537,-0.8096,-0.4194,-42.5038,7.0916,7.8321,0.9464
1780827029.4507406,0.1003,-0.6184,-0.3176,-9.9466,4.626,8.7176,0.7024
1780827029.661808,0.1094,-0.7439,-0.4106,15.9237,1.9924,27.5344,0.8567
1780827029.851308,0.4663,-1.2222,-0.4751,86.1374,4.6565,-18.8702,1.3917
1780827030.0507555,-0.1375,-0.9751,0.1475,-29.6107,11.3435,90.8244,0.9957
1780827030.2514157,-1.1602,-0.8049,0.7869,125.1756,-82.3588,152.4733,1.6165
1780827030.450817,-0.3318,0.9675,1.9999,-50.1298,-10.458,-41.2214,2.2463
1780827030.6523252,-0.9885,0.0857,1.6455,119.9542,167.7863,48.7939,1.9215
1780827030.8509583,-0.499,-0.2273,0.8738,40.9237,39.4962,27.6947,1.0316
1780827031.0512164,-0.4497,-0.1257,0.8337,-31.8015,10.4504,-5.5725,0.9556
1780827031.2577634,-0.3789,-0.355,0.7734,1.7863,-14.3893,-29.9466,0.9316
1780827031.451192,-0.5376,-0.2009,0.4065,-39.7023,-30.8092,-63.2061,0.7033
1780827031.652247,-0.4727,-0.1292,0.762,12.9084,-3.9847,-1.1756,0.9059
1780827031.8529325,-0.373,-0.1768,0.7263,-23.687,3.1298,0.145,0.8354
1780827032.0513241,-0.323,-0.2488,0.7371,1.5267,2.7939,3.0916,0.8423
1780827032.251353,-0.3718,-0.2119,0.7808,-2.229,-3.7481,3.6336,0.8904
0,0,0,0,0,0,0,0
0,0,0,0,0,0,0,0
1780827035.9847012,0.1335,-0.8757,-0.1753,15.9847,-9.5496,-1.8855,0.903
1780827036.1847453,0.2219,-0.939,-0.3027,-3.771,8.0611,18.8931,1.0112
1780827036.384722,0.1646,-0.8445,-0.4666,-40.8473,2.1603,5.7786,0.9787
1780827036.5845504,0.1345,-0.6387,-0.4272,-28.8855,-1.4351,15.8397,0.7801
1780827036.7847588,0.1228,-0.6121,-0.2896,8.5267,10.1603,30.9008,0.6881
1780827036.984801,0.2168,-0.8481,-0.5308,42.9389,-0.458,23.5114,1.0237
1780827037.184544,0.5273,-2.0,-0.2,-6.1985,-16.1985,-19.0229,2.078
1780827037.3847384,-0.689,0.1179,0.7502,91.0534,-98.0076,108.0992,1.0254
1780827037.5846677,-0.197,-0.6748,0.4519,217.3512,-14.0305,-116.9847,0.8357
1780827037.784781,0.3218,0.0239,-0.0066,75.1832,115.7252,-44.1069,0.3227
1780827037.9849315,-0.1416,-0.2532,0.4185,-83.0611,-1.6489,-50.4198,0.5092
1780827038.1857388,-0.4426,-0.1455,0.6777,-32.1221,0.8397,-4.4122,0.8224
1780827038.38563,-0.3284,-0.1313,0.8052,35.0534,21.8931,-21.3664,0.8794
1780827038.5874794,-0.3511,-0.1689,0.3271,-43.8855,-24.0153,-58.4962,0.5087
1780827038.795433,-0.3972,-0.2292,0.5801,-43.9924,-7.3588,17.5802,0.7395
1780827038.9852445,-0.4851,-0.1189,0.7529,-6.855,-3.7023,0.3206,0.9035
1780827039.184289,-0.4434,-0.2615,0.7749,1.2595,-7.084,-16.3053,0.9303
1780827039.3846526,-0.4426,-0.2156,0.7903,5.4962,-3.6565,0.8473,0.9311
0,0,0,0,0,0,0,0
0,0,0,0,0,0,0,0
1780827043.4922354,0.3198,-0.9146,-0.1543,2.8397,9.0076,3.2137,0.9811
1780827043.6914182,0.3386,-0.8865,-0.3337,-26.771,19.4886,19.8244,1.0059
1780827043.8922915,0.0996,-0.4817,-0.363,-70.7481,5.3893,24.2977,0.6113
1780827044.0922651,0.1765,-0.7041,-0.2969,-14.771,-10.8244,25.9618,0.7843
1780827044.29143,0.1433,-0.8418,-0.3567,41.374,2.8397,-0.084,0.9254
1780827044.492736,-0.4534,-2.0,0.0217,122.4275,46.8473,162.7328,2.0509
1780827044.6928675,-0.0208,0.3064,0.4067,180.855,-25.2672,184.9542,0.5097
1780827044.8915584,0.2075,-0.4131,0.3013,250.1298,22.4962,-60.8015,0.5518
1780827045.09228,-0.2751,-0.4358,0.0481,110.3206,-4.7634,133.0763,0.5176
1780827045.3055804,0.0557,-0.1675,0.6135,-65.0,-35.0305,5.9618,0.6384
1780827045.491807,-0.4646,-0.2859,0.8467,-16.3817,5.9542,10.0687,1.0072
1780827045.6926432,-0.4114,0.2209,0.8594,-1.3282,61.6718,-27.8779,0.978
1780827045.892512,-0.489,-0.5791,1.177,-18.0458,2.2595,54.8244,1.3999
1780827046.0923314,-0.2793,-0.0452,0.7551,-31.0534,-10.3664,28.0916,0.8064
1780827046.292647,-0.1536,-0.2324,0.8975,-2.5038,-4.8168,-14.374,0.9397
1780827046.4923909,-0.3833,-0.3354,0.8518,-2.4504,-4.2366,-2.9313,0.9925
1780827046.692389,-0.2998,-0.1614,0.8623,8.458,3.2977,-0.8397,0.9271
1780827046.892672,-0.3098,-0.1643,0.9019,12.5649,-9.8092,-11.6565,0.9676
0,0,0,0,0,0,0,0
0,0,0,0,0,0,0,0
1780827050.6240084,0.3245,-0.8589,-0.1841,-9.3053,17.458,-8.3435,0.9364
1780827050.8230174,0.4077,-0.8235,-0.4915,-19.7023,0.0076,5.6565,1.0421
1780827051.0231357,0.1812,-0.5337,-0.3081,-65.6641,2.0,0.8855,0.6423
1780827051.2232056,0.1973,-0.8828,-0.3743,-19.4351,-5.5115,15.145,0.979
1780827051.424505,0.3589,-1.0181,-0.3787,115.1985,14.9237,38.4122,1.144
1780827051.6232493,-0.3872,-2.0,0.9475,250.1298,105.3664,142.9084,2.2467
1780827051.834479,-0.292,0.311,0.1289,108.2214,-41.1374,208.8931,0.4457
1780827052.0354667,-0.209,-0.1838,1.5256,117.8015,-27.0992,-17.6489,1.5508
1780827052.2239027,-0.2251,-0.1982,0.8557,5.855,142.3664,48.9771,0.9068
1780827052.4244504,0.0676,-0.3081,0.5513,-14.9237,28.3282,-25.1756,0.6351
1780827052.6240115,-0.291,-0.1067,0.8188,0.9237,4.1985,12.7328,0.8755
1780827052.8275988,-0.3801,-0.5449,0.9231,82.5343,-0.145,-25.7023,1.1373
1780827053.027037,-0.5181,-0.2651,0.8086,-103.313,-11.8702,14.9389,0.9963
1780827053.2243702,-0.2078,-0.189,0.8804,2.5496,47.3511,-40.5344,0.9241
1780827053.424073,-0.3386,-0.0205,0.8311,25.9313,-31.084,34.3359,0.8976
1780827053.623653,-0.3787,-0.2957,0.7532,-26.9542,24.3053,22.9847,0.8933
0,0,0,0,0,0,0,0
0,0,0,0,0,0,0,0
1780827057.0680118,0.3369,-0.9031,-0.3333,46.9771,18.5954,12.4962,1.0199
1780827057.26749,0.4302,-0.7922,-0.511,-40.7557,10.6107,-3.3435,1.0362
1780827057.4780777,0.1145,-0.4836,-0.3064,-79.6947,-10.8931,1.0916,0.5839
1780827057.6673596,0.114,-0.573,-0.0872,-14.7328,46.5344,29.4351,0.5907
1780827057.8685546,0.3516,-0.821,-0.6328,136.2748,-17.8092,54.1756,1.0946
1780827058.0738473,-0.6104,-2.0,-0.5288,176.229,33.7328,-9.8931,2.1569
1780827058.2762673,-0.198,0.165,0.4023,164.229,-54.7328,140.3588,0.4778
1780827058.4683468,-0.0256,-0.3579,0.5713,210.2366,-50.5191,-64.0,0.6746
1780827058.6705954,0.1152,-0.4045,0.2913,-49.9008,55.9389,2.8931,0.5116
1780827058.868418,0.2434,-0.3491,0.4927,-63.6718,45.6336,-33.9313,0.651
1780827059.0697453,-0.1365,-0.1296,0.7388,-41.6031,-3.3817,-14.2061,0.7624
1780827059.2683465,-0.2017,-0.2688,0.7917,-21.5573,-3.6489,-7.9313,0.8601
1780827059.4671586,-0.2812,-0.0745,0.6863,11.8321,-17.0,-4.4275,0.7454
1780827059.6675441,-0.2432,-0.4761,1.0464,1.0076,-34.4504,-39.8015,1.175
1780827059.867732,-0.2898,-0.1101,0.8738,18.0305,-4.8244,15.3664,0.9271
1780827060.068377,-0.3813,-0.3296,0.8643,-5.6947,8.4122,-3.374,1.0005
0,0,0,0,0,0,0,0
0,0,0,0,0,0,0,0
1780827063.6674535,0.179,-0.9265,-0.1892,-10.1374,13.1527,5.2595,0.9624
1780827063.869445,0.2791,-0.8,-0.3689,-43.0382,-0.8855,-3.3282,0.9241
1780827064.0674202,0.2327,-0.6804,-0.6199,-93.2137,-19.374,25.2748,0.9494
1780827064.270741,0.0957,-0.656,-0.666,-30.1069,-75.542,36.6718,0.9397
1780827064.4774687,0.1421,-0.7302,-0.5696,57.6412,4.5191,-0.9771,0.9369
1780827064.6674697,-0.012,-0.8708,-0.5298,156.2672,-29.2595,-31.9084,1.0194
1780827064.8687212,0.4873,0.4504,0.1123,241.313,-20.7099,-63.5115,0.673
1780827065.0683455,-0.2534,-0.386,0.9956,186.8779,9.4351,-4.7252,1.0975
1780827065.2674494,0.0408,0.1052,0.8943,-33.2519,-61.084,-49.5802,0.9014
1780827065.4678934,0.0242,0.6899,1.0313,37.0382,53.4198,-36.3511,1.241
1780827065.6726203,0.0181,0.1023,1.1309,10.8855,14.374,-40.5725,1.1356
1780827065.867793,-0.2134,0.1003,1.0684,-4.6947,23.8855,-2.2137,1.0941
1780827066.081524,-0.4692,-0.1921,0.74,-20.458,7.6336,15.855,0.897
1780827066.2681031,-0.1941,-0.3262,0.7925,-5.2595,-55.7328,-20.2137,0.8787
1780827066.470616,-0.6038,-0.1816,0.8726,-58.2977,-13.2748,-11.3206,1.0765
0,0,0,0,0,0,0,0
0,0,0,0,0,0,0,0
1780827242.9588206,-0.1562,-0.9031,0.147,17.626,-10.9771,6.5267,0.9282
1780827243.1514328,-0.1301,-0.8713,0.1201,17.687,-5.2824,8.0611,0.8892
1780827243.351858,-0.1829,-0.9485,0.1826,19.8931,-3.6107,10.1374,0.9831
1780827243.5518503,-0.1548,-0.9158,0.1411,15.313,15.4351,12.5954,0.9394
1780827243.7519426,-0.0759,-0.2429,-0.2429,54.8321,-17.9847,-0.8855,0.3518
1780827243.9511132,-0.2383,-1.5625,0.8721,76.7099,-194.6183,20.2977,1.8052
1780827244.15176,-0.1716,-1.0068,0.2727,250.1298,-250.1374,250.1298,1.0571
1780827244.351544,-0.4548,0.8955,1.0366,-53.0382,250.1298,-89.9389,1.4434
1780827244.5516827,-0.4675,0.2144,0.6218,-10.8779,79.8931,42.6794,0.807
1780827244.7560537,-0.8481,0.1133,0.666,16.0611,-12.5725,-35.1603,1.0843
1780827244.9511175,-0.5271,0.1694,0.7117,-19.8473,6.5267,-13.0153,0.9017
1780827245.151302,-1.0374,-0.769,1.1226,73.8626,-10.626,60.0611,1.711
1780827245.3514667,-0.8977,-0.2593,0.7942,-25.0153,69.3969,-55.4198,1.2263
1780827245.5523515,-0.7219,0.0952,0.8013,4.5115,-29.2595,-23.0,1.0827
1780827245.7517815,-0.769,0.1562,0.7441,2.5725,7.458,-2.771,1.0815
1780827245.9536717,-0.7483,0.0095,0.6096,-3.2672,2.313,-0.0458,0.9652
1780827246.1514933,-0.7012,0.0764,0.6494,0.8244,-2.5344,-1.1145,0.9588
1780827246.364776,-0.7183,0.0405,0.6301,-0.7634,-1.9695,0.9695,0.9563
1780827246.5516632,-0.7195,0.0498,0.6331,-2.458,-1.5496,0.8779,0.9596
1780827246.7514865,-0.7163,0.0322,0.6028,1.9313,-7.6031,2.9618,0.9367
0,0,0,0,0,0,0,0
0,0,0,0,0,0,0,0
1780827252.3354328,-0.0063,-1.0361,-0.04,-0.6489,-9.3053,2.458,1.0369
1780827252.5359333,-0.0215,-0.9666,-0.053,2.2443,-2.8626,4.1374,0.9682
1780827252.736114,-0.0146,-1.0198,-0.0552,0.8473,5.0687,5.3969,1.0214
1780827252.9361618,0.0134,-0.7949,-0.1243,4.5496,-8.8397,12.4198,0.8047
1780827253.1450548,0.0979,-0.3391,-0.1492,11.7405,-54.7328,23.9542,0.3832
1780827253.335372,0.8909,-1.2095,-0.1348,3.1374,2.1145,75.5343,1.5082
1780827253.5356688,-1.0537,-2.0,1.1086,85.5496,-33.7939,54.1908,2.5178
1780827253.7404723,-1.1045,0.6731,0.5908,59.6183,3.5573,77.5725,1.422
1780827253.9361124,-0.0691,-0.3965,-0.2219,-59.1298,-4.5954,28.0687,0.4596
1780827254.1398427,-0.6746,-0.0562,0.5369,-25.1221,24.2214,-89.8626,0.8639
1780827254.3446198,-0.8494,-0.0068,0.6184,3.7863,23.9618,-29.6489,1.0507
1780827254.5446718,-0.6956,0.4456,0.4717,-22.5802,-5.2214,0.1603,0.9512
1780827254.7356842,-0.3767,-0.0789,0.0693,-47.9084,-13.1145,41.7939,0.3911
1780827254.9357874,-0.384,-0.1699,0.4092,30.6794,-0.6336,35.145,0.5863
1780827255.135064,-0.8745,-0.0659,0.4724,-47.7176,-1.8092,-24.8244,0.9961
1780827255.335239,-0.7205,-0.0359,0.5259,7.4046,14.5496,10.8626,0.8927
1780827255.5363433,-0.8076,-0.0859,0.4563,-11.1221,0.4962,0.3511,0.9316
0,0,0,0,0,0,0,0
0,0,0,0,0,0,0,0
1780827261.0242293,0.0457,-0.9797,-0.0955,13.6412,-9.313,-1.6489,0.9854
1780827261.2266793,0.0488,-0.9412,-0.1152,12.4809,-8.9084,0.5802,0.9494
1780827261.423182,0.1204,-0.9478,-0.095,-7.0992,13.8855,-9.6489,0.9601
1780827261.623627,-0.0029,-0.3201,-0.2581,-33.313,-29.7481,-21.1145,0.4112
1780827261.827896,0.5886,-1.583,-0.7498,-69.626,68.2595,-51.7328,1.8478
1780827262.0236616,0.3086,-0.8188,-0.5786,73.9466,-1.771,91.3435,1.0491
1780827262.2236598,-1.2922,-2.0,1.0247,250.1298,138.3588,232.542,2.5923
1780827262.4354868,-0.2302,0.4573,0.0984,92.8168,-26.0153,126.0534,0.5213
1780827262.6241848,-0.8323,1.6304,1.0898,-141.7557,115.4046,-47.229,2.1304
1780827262.825205,-0.9807,0.0176,0.8245,59.7252,41.2214,113.2977,1.2813
1780827263.0242898,-0.8303,-0.1401,0.2866,31.3511,-51.771,6.5802,0.8895
1780827263.223783,-0.7742,0.1963,0.3372,-27.8855,-2.7557,15.7863,0.8669
1780827263.424556,-0.2053,-0.4373,0.2332,-35.6107,-14.0611,48.1221,0.5364
1780827263.6741824,-0.8123,0.042,0.5037,23.1756,4.0076,-8.084,0.9567
1780827263.823292,-0.9128,-0.3499,0.4492,-1.4885,-20.8397,-1.9466,1.0759
1780827264.0269125,-0.7842,-0.0264,0.5833,4.7405,-19.7252,-4.3588,0.9777
1780827264.2237346,-0.9248,-0.1431,0.4355,-2.6336,-4.9313,0.0992,1.0322
1780827264.445788,-0.8831,-0.0576,0.4714,-6.229,-1.0076,-4.5115,1.0027
1780827264.6237853,-0.9211,-0.1199,0.552,-6.8779,-0.6107,7.626,1.0805
0,0,0,0,0,0,0,0
0,0,0,0,0,0,0,0
1780827271.2728598,0.0391,-1.0081,-0.0591,-2.458,-0.4198,-3.4275,1.0105
1780827271.474474,0.04,-0.9558,-0.0725,-0.4198,-8.4962,-1.8855,0.9594
1780827271.6728847,0.0488,-0.8599,-0.0713,-1.2748,3.2977,7.0763,0.8642
1780827271.872619,0.0183,-0.5142,-0.1538,-9.9313,-45.7023,-15.4962,0.537
1780827272.0730028,0.0867,-0.9819,0.0701,15.1527,18.8855,-40.9084,0.9882
1780827272.2763116,-0.4771,-0.8208,0.8699,183.084,13.2519,154.8931,1.2876
1780827272.4763637,-0.1128,0.1062,0.1594,97.2595,-49.6107,124.1908,0.2223
1780827272.6726363,-1.6931,0.3284,1.1653,165.6794,148.771,76.2824,2.0814
1780827272.873455,-0.0559,-0.2688,-0.2275,79.4504,-12.5496,36.8626,0.3566
1780827273.0728192,-0.8384,-0.0129,0.3821,5.9695,-68.0229,-10.6412,0.9214
1780827273.272953,-1.136,-0.1824,0.4768,-6.4351,0.6641,-12.9695,1.2454
1780827273.4727912,-0.4446,-0.0542,1.0225,21.4656,-42.3969,-6.9237,1.1163
1780827273.6734343,-0.8706,0.0659,0.4722,-22.626,52.4275,35.5496,0.9926
1780827273.8735015,-0.7803,-0.0715,0.4468,-7.4046,-8.6336,6.2366,0.902
1780827274.073097,-0.801,-0.0845,0.5176,-1.3053,-1.4046,-4.2443,0.9574
1780827274.273511,-0.7947,-0.0254,0.532,-1.8092,5.5573,6.0611,0.9566
1780827274.4727354,-0.7705,-0.063,0.5496,3.2214,-7.4198,2.916,0.9485
1780827274.6779957,-0.8054,-0.0408,0.5276,-2.0916,-1.8473,0.1832,0.9637
0,0,0,0,0,0,0,0
0,0,0,0,0,0,0,0
1780827277.4275517,0.1802,-0.8315,-0.1174,-23.084,-39.855,31.9466,0.8589
1780827277.6277425,0.1904,-0.8738,-0.2424,4.7176,-29.6107,26.8855,0.9266
1780827277.8276906,0.1165,-0.6196,-0.0894,20.3969,-4.8702,12.9313,0.6368
1780827278.027803,-0.0603,-0.3826,0.0237,3.4122,-53.9084,3.3588,0.388
1780827278.2277143,0.1787,-1.7375,-0.5813,137.4504,102.0611,54.2748,1.8409
1780827278.427704,-1.0583,-0.3071,0.981,193.3969,116.6031,221.5038,1.4754
1780827278.6278324,-0.1721,1.9999,1.2454,250.1298,127.3817,17.374,2.3623
1780827278.8273294,-0.123,0.2383,0.0837,52.9771,64.8168,83.771,0.2809
1780827279.0309389,-0.5686,0.114,0.2566,12.4962,63.4198,7.7328,0.6342
1780827279.2328942,-1.063,-0.0923,0.5469,7.084,-52.8702,-61.3206,1.199
1780827279.4280362,-0.9636,0.1917,0.5176,-30.8244,5.8015,-12.3206,1.1105
1780827279.6272879,-0.4609,-0.0928,0.374,-65.1756,-0.3282,-0.9924,0.6008
1780827279.8266373,-0.4331,-0.1304,0.3899,-20.7023,65.0687,27.855,0.5972
1780827280.0276368,-0.9617,-0.116,0.5837,-2.1832,7.0229,-51.6565,1.1309
1780827280.2277503,-0.8003,-0.2266,0.6216,12.0458,3.2748,12.8855,1.0383
1780827280.4270353,-0.8235,-0.0527,0.4749,-10.0076,11.7176,-14.1985,0.952
1780827280.629209,-0.8071,-0.114,0.4331,4.1298,-7.3511,9.0458,0.9231
1780827280.8270926,-0.8147,-0.1204,0.499,-4.4351,2.7023,-1.687,0.9629
1780827281.02661,-0.8667,-0.0718,0.5024,-2.2672,-4.1603,1.0229,1.0044
1780827281.2265978,-0.8372,-0.084,0.4966,-8.916,-3.3359,-1.2366,0.977
0,0,0,0,0,0,0,0
0,0,0,0,0,0,0,0
1780827285.2475655,-0.1084,-0.9895,-0.0635,10.1985,4.1374,6.3206,0.9974
1780827285.4370372,-0.0283,-1.0159,-0.1128,-2.6794,-2.0076,-1.2443,1.0225
1780827285.6373565,-0.0193,-0.9827,-0.1135,4.6336,-6.9084,2.6336,0.9894
1780827285.8380408,-0.012,-0.7278,-0.2358,-10.6412,-20.0,6.8321,0.7651
1780827286.03718,0.0425,-0.4509,-0.1902,-40.2748,-51.9771,-13.2519,0.4912
1780827286.2371192,0.7241,-2.0,-0.7451,-49.2443,31.9313,-162.0916,2.2538
1780827286.438338,-0.2495,-1.0894,0.4592,201.7023,93.1221,170.7863,1.2082
1780827286.6375856,-0.0959,0.0593,-0.0217,-127.9313,-62.1145,-22.1603,0.1149
1780827286.837424,-0.4243,1.7671,0.1045,-66.0382,78.9924,-33.3053,1.8203
1780827287.0378127,-1.2581,0.1938,0.7688,13.916,133.7939,-61.2901,1.4871
1780827287.236885,-0.5208,-0.0339,0.3286,22.5725,-40.3511,-39.9771,0.6167
1780827287.4451401,-1.1279,-0.8079,0.4937,64.6794,5.4885,-25.5114,1.4726
1780827287.6400075,-1.0347,-0.1606,0.6907,20.1527,29.2061,-40.7939,1.2543
1780827287.8376946,-1.147,0.0242,0.5054,-13.3206,3.3435,-18.9313,1.2536
1780827288.0377407,-0.8701,-0.1177,0.5825,7.9466,2.9924,0.4656,1.0537
1780827288.2372727,-0.8245,-0.0515,0.5068,-3.6489,2.5267,3.6641,0.9692
1780827288.437909,-0.8345,-0.0884,0.467,-0.2901,-3.9084,-0.6489,0.9604
1780827288.6417449,-0.8267,-0.0291,0.501,-2.313,-4.5878,-0.4504,0.9671
0,0,0,0,0,0,0,0
0,0,0,0,0,0,0,0
1780827292.3648798,-0.0203,-0.9871,-0.04,4.8015,-12.8397,-2.1832,0.9881
1780827292.5650818,-0.0791,-0.7695,-0.0398,2.2901,0.5802,4.9466,0.7746
1780827292.764313,-0.0144,-0.3091,-0.1194,34.8779,-36.0458,16.374,0.3317
1780827292.964725,0.7502,-1.4578,-0.7227,-29.3206,-50.1908,-69.2137,1.7917
1780827293.178361,0.0134,-1.1089,-0.2373,67.0687,11.3969,110.3282,1.1341
1780827293.3666868,-0.1431,-0.344,-0.2141,10.7099,0.1679,54.8702,0.4297
1780827293.5648792,-0.8306,1.9999,1.9999,-143.2519,144.9924,-124.1374,2.9478
1780827293.7657495,-0.0686,-0.0574,-0.2263,62.7099,6.2443,36.4198,0.2433
1780827293.965768,-0.7317,0.0823,0.5225,0.1221,14.8626,-42.5267,0.9028
1780827294.1658738,-0.7727,-0.175,0.6077,-6.4351,-29.8397,-29.1908,0.9985
1780827294.367185,-0.7068,-0.1509,0.7812,22.229,-30.7099,6.626,1.0643
1780827294.5660737,-0.9326,-0.0271,0.4128,17.3206,47.1298,16.0,1.0203
1780827294.7651987,-0.884,-0.0015,0.4116,1.6183,-18.8931,-5.4733,0.9752
1780827294.965313,-0.8035,-0.0559,0.5181,-4.8855,-0.1679,-0.7328,0.9576
1780827295.1715176,-0.8484,-0.0701,0.4756,-1.4122,9.6107,-0.5496,0.9751
1780827295.3646367,-0.8591,-0.0525,0.4421,-3.3053,-6.0916,-0.1069,0.9677
1780827295.5658314,-0.8359,-0.0598,0.4861,-1.6794,-2.6565,-0.8855,0.9688
0,0,0,0,0,0,0,0
0,0,0,0,0,0,0,0
1780827299.515111,0.0161,-0.9751,-0.1011,12.084,-0.9695,9.2443,0.9805
1780827299.7170675,-0.0686,-0.7742,-0.1082,-2.8092,-21.7328,-0.0916,0.7847
1780827299.913871,-0.0522,-0.6497,-0.2163,-12.6718,-32.6565,-2.4046,0.6867
1780827300.1132894,0.0667,-0.7485,0.0769,57.1527,50.1908,69.0534,0.7554
1780827300.313867,0.0325,-1.3455,-0.5771,162.5649,-84.3817,122.3359,1.4644
1780827300.5166545,-0.8003,-0.4316,0.385,102.8702,-14.0687,99.5649,0.9874
1780827300.7173307,-1.3672,-0.9409,0.4246,250.1298,13.4885,225.9237,1.7131
1780827300.9278424,-0.0632,-0.113,-0.1201,-46.9313,-64.0,-47.458,0.1766
1780827301.1133149,-1.0112,-0.0481,0.2998,-17.6412,0.6641,-27.4504,1.0558
1780827301.3134813,-0.792,0.0127,0.8345,36.0687,-14.5954,-10.7557,1.1505
1780827301.516793,-0.8569,-0.0552,0.4631,8.9618,-8.9389,-2.084,0.9756
1780827301.7131271,-0.8301,-0.1125,0.446,2.084,2.145,-1.4122,0.949
1780827301.914042,-0.8772,-0.0398,0.427,1.7863,6.0992,8.3588,0.9764
1780827302.1139688,-0.8596,-0.0518,0.447,-3.9695,-0.0611,-5.0458,0.9703
1780827302.315272,-0.8567,-0.0566,0.4519,-3.8321,-2.3359,-1.3282,0.9702
1780827302.5142326,-0.8435,-0.0454,0.4548,-2.2977,-2.7328,-2.458,0.9594
1780827302.7135365,-0.8342,-0.072,0.4307,-0.4504,-7.0916,0.7939,0.9416
0,0,0,0,0,0,0,0
0,0,0,0,0,0,0,0
1780827307.8700392,-0.1072,-0.9746,-0.1243,-0.0458,-3.4885,8.2061,0.9883
1780827308.0700028,-0.0344,-0.8594,-0.145,-8.5038,-24.1069,-8.4122,0.8722
1780827308.2692382,-0.0583,-0.2532,-0.144,-43.4962,-53.771,-1.7405,0.2971
1780827308.4691067,0.7964,-1.3206,-0.9141,-13.3893,-41.7634,9.7176,1.7927
1780827308.6710017,-0.2544,-1.1365,-0.2229,157.9466,-2.0687,104.2366,1.1857
1780827308.8687985,-0.6914,0.0171,0.6807,147.1221,-64.1069,64.7328,0.9704
1780827309.0706022,-2.0,0.3384,1.4744,-49.5038,-19.2672,-118.7099,2.5076
1780827309.2700348,-0.1965,0.0266,0.2922,-87.0305,19.0076,-72.3511,0.3532
1780827309.487068,-0.6863,0.084,0.5549,-46.9084,-99.1832,-3.6947,0.8866
1780827309.6700468,-0.6006,-0.135,0.823,42.5573,21.2824,20.4275,1.0277
1780827309.8703477,-0.8596,0.0339,0.5293,8.8168,10.4885,-2.626,1.0101
1780827310.07521,-0.8508,0.0007,0.4946,-0.3817,1.3053,-2.1679,0.9842
1780827310.2688384,-0.8394,0.0186,0.5073,-3.145,-3.9924,-4.145,0.9809
1780827310.4704247,-0.7986,-0.0217,0.5244,1.3969,-3.9084,-3.4351,0.9556
1780827310.6736107,-0.8313,-0.0002,0.489,-2.0076,-0.2748,-0.3435,0.9645
1780827310.8739262,-0.813,-0.011,0.5024,-0.2366,-3.6718,1.0687,0.9558
1780827311.0698936,-0.8115,-0.0095,0.5039,-2.3359,-1.5573,0.1756,0.9553
1780827311.268742,-0.8337,0.0034,0.51,-3.0458,-0.5725,-0.2672,0.9774
0,0,0,0,0,0,0,0
0,0,0,0,0,0,0,0
1780827318.2049239,0.103,-0.9551,-0.1499,-2.6794,-6.9695,-14.8779,0.9722
1780827318.4047544,-0.124,-0.6841,-0.2183,29.1069,4.3664,42.5344,0.7287
1780827318.6050286,0.0649,-0.1836,-0.0857,12.542,-73.4885,26.4351,0.2128
1780827318.8043606,0.761,-0.9543,-0.8513,64.2824,-43.2137,77.6031,1.4882
1780827319.0040681,-0.4675,-1.51,1.2915,49.5802,137.0763,132.3053,2.0412
1780827319.2038255,0.0393,0.3284,-0.0349,118.2366,69.0382,189.4504,0.3326
1780827319.404897,-0.3931,-0.624,0.0356,-112.4504,-97.0153,-89.2595,0.7384
1780827319.6075015,-1.0762,0.4878,0.5984,4.3893,20.7634,-97.2366,1.3244
1780827319.8047001,-0.7205,0.2175,0.739,-2.687,-21.1679,-48.1908,1.0548
1780827320.004311,-0.3521,-0.531,0.374,-27.3893,-40.4046,-40.8092,0.7388
1780827320.2047675,-0.373,-0.1885,0.4482,-14.2214,-7.2061,-4.6489,0.6129
1780827320.4051116,-1.02,0.0249,0.4026,-5.6641,13.7557,-5.3969,1.0969
1780827320.6059463,-0.7761,0.0259,0.5786,9.2366,-28.916,7.6183,0.9684
1780827320.8047707,-0.7505,-0.0889,0.5647,4.1527,1.4656,4.9008,0.9434
1780827321.0183601,-0.7944,-0.0781,0.5559,-8.8626,-1.2901,2.5267,0.9728
0,0,0,0,0,0,0,0
0,0,0,0,0,0,0,0
1780827327.5446672,0.1484,-0.9331,-0.196,-1.2137,3.542,9.3817,0.965
1780827327.7438688,0.0776,-0.8496,-0.1875,-7.0076,-1.3359,-3.9084,0.8735
1780827327.9451559,0.2021,-0.7429,-0.1338,-3.229,-1.7939,3.0382,0.7815
1780827328.1540692,-0.4583,-0.3582,-0.0554,100.0305,-36.0076,10.9771,0.5842
1780827328.3436868,0.3943,-0.6328,-0.4417,-85.4809,-23.2137,7.1679,0.8666
1780827328.548351,-2.0,-2.0,1.9999,177.0305,88.3969,250.1298,3.4641
1780827328.7440915,-0.2896,-0.3923,-0.7046,43.5267,74.458,118.7176,0.8569
1780827328.9438238,-0.7742,-0.783,-0.2532,-72.8168,-53.7634,-30.6183,1.1298
1780827329.146045,-0.8857,-0.1042,0.7302,6.2061,33.9695,-91.9084,1.1527
1780827329.3482742,-0.5815,0.1682,0.3831,-9.4275,19.2061,-26.2137,0.7164
1780827329.546817,-0.5288,-0.3977,0.3096,-1.374,-47.2595,-18.8626,0.7305
1780827329.744289,-0.7166,-0.1494,0.4517,7.8168,26.7328,0.2977,0.8601
1780827329.9441535,-0.7852,-0.2417,0.5588,-5.9847,-18.855,-41.2366,0.9936
1780827330.1438167,-0.8718,-0.072,0.6301,2.1527,20.4886,21.2061,1.0781
1780827330.3440523,-0.7749,-0.1633,0.5913,4.7786,-16.4427,1.5115,0.9883
1780827330.5439522,-0.8093,-0.1555,0.488,3.5344,5.0534,5.9542,0.9578
1780827330.7447314,-0.8311,-0.1082,0.53,-3.8015,-3.4427,-6.2824,0.9916
1780827330.944506,-0.7886,-0.1338,0.5491,-4.4427,0.8626,-1.1221,0.9702
1780827331.1443193,-0.7952,-0.1477,0.5305,-5.9389,-8.7557,2.1374,0.9672
0,0,0,0,0,0,0,0
0,0,0,0,0,0,0,0
1780827342.9816742,0.1262,-0.959,-0.1636,11.4962,2.8168,8.6031,0.981
1780827343.186633,0.1177,-0.7871,-0.2529,8.7634,-13.0,9.7099,0.8351
1780827343.38651,0.0581,-0.2957,-0.1887,15.9466,-45.5344,18.9084,0.3555
1780827343.5807035,0.4749,-1.4646,-0.5637,-77.2214,-7.6031,39.0458,1.6396
1780827343.780814,0.1536,-0.9438,-0.2102,180.7176,-6.9771,79.3969,0.9791
1780827343.985412,-0.4548,0.0068,0.9258,250.1298,17.313,220.5725,1.0315
1780827344.1807523,-2.0,1.9999,1.9999,142.8015,167.7939,50.3359,3.464
1780827344.3806825,-0.5862,0.2952,0.5303,114.4046,89.3969,119.3053,0.8438
1780827344.5811272,-1.0085,-0.4319,0.2305,-42.1527,-60.6489,-70.6412,1.1211
1780827344.7815282,-0.8323,-0.2422,0.6467,-15.0305,-25.0,2.4809,1.0815
1780827344.983073,-0.6445,-0.137,0.5881,-7.9924,37.0153,32.3053,0.8832
1780827345.1837263,-0.8118,-0.1565,0.4841,0.4351,-16.8015,-2.5115,0.958
1780827345.3841233,-0.8003,-0.1709,0.5293,-0.9389,-0.7481,1.8855,0.9746
1780827345.5807438,-0.7517,-0.1982,0.553,0.2977,-2.5878,-2.4351,0.954
1780827345.7812855,-0.7952,-0.1736,0.5146,-1.2901,-0.6336,0.3435,0.963
1780827345.982087,-0.7629,-0.1926,0.5349,-0.0763,-2.9389,-4.1756,0.9515
0,0,0,0,0,0,0,0
0,0,0,0,0,0,0,0
1780827349.773475,-0.0852,-0.9756,0.0208,7.4809,1.7939,9.855,0.9795
1780827349.9722629,0.0549,-0.7944,-0.1643,5.9008,-34.3588,-6.0534,0.8131
1780827350.1723456,0.1072,-1.0923,-0.2954,-11.2748,-6.1985,3.0382,1.1366
1780827350.3727276,0.2151,-0.3645,-0.2827,-12.3511,-52.7176,0.7176,0.509
1780827350.5780747,0.5151,-1.8408,-0.3362,7.9389,-19.0458,-68.4351,1.9409
1780827350.7722218,0.2654,-1.1255,0.0142,179.3435,73.8931,99.1832,1.1564
1780827350.9729035,0.1265,0.7212,-0.4062,167.5878,-63.6565,103.7557,0.8373
1780827351.1769476,-1.093,-1.8281,-0.429,-6.5725,-70.3817,-48.4122,2.1727
1780827351.3727438,-1.5762,-0.5042,1.0627,7.0534,80.6947,-4.9924,1.9667
1780827351.5727057,-0.918,-0.0757,0.533,23.1527,24.771,-15.6718,1.0642
1780827351.7719734,-0.8616,-0.4053,0.4797,-9.5802,5.9237,-2.7939,1.0662
1780827351.9718957,-0.8599,-0.448,1.0063,25.9389,-2.4504,-9.3817,1.3974
1780827352.1728413,-0.9912,0.0876,0.7061,45.626,33.5725,37.9084,1.2201
1780827352.372506,-0.6516,-0.2771,0.4858,4.7023,-20.5649,5.8855,0.8587
1780827352.5724661,-0.6533,-0.1235,0.6592,-7.2977,5.0458,-15.5344,0.9363
1780827352.7726696,-0.7483,-0.1069,0.6318,-0.4809,5.5115,-1.3664,0.9852
1780827352.97252,-0.7244,-0.1057,0.5872,0.3893,0.3282,0.0763,0.9384
1780827353.1724145,-0.6995,-0.1821,0.5894,-2.4427,1.9695,2.9924,0.9326
1780827353.3751338,-0.7549,-0.1206,0.5718,-0.5954,-0.2748,1.5115,0.9546
1780827353.5718975,-0.7307,-0.114,0.6035,-2.0305,-1.7939,-0.5191,0.9546
1780827353.772951,-0.7659,-0.1089,0.5896,4.3893,2.9924,1.0611,0.9726
0,0,0,0,0,0,0,0
0,0,0,0,0,0,0,0
1780827357.122227,0.2092,-0.8162,-0.1523,29.2824,10.0916,34.7863,0.8562
1780827357.3226144,0.0701,-0.7185,-0.0894,18.0305,-1.7557,24.0687,0.7274
1780827357.5226405,-0.1809,-0.7192,-0.1824,28.3053,-37.5115,41.3511,0.7637
1780827357.7230556,0.0244,-0.9973,-0.1106,63.1679,58.313,-29.7099,1.0037
1780827357.9224339,-0.2622,-2.0,-0.2166,-162.374,-105.9695,-82.1756,2.0287
1780827358.1224396,-0.5715,1.9999,0.6382,-250.1374,-8.8931,-86.0992,2.1757
1780827358.3233666,-1.3718,0.0076,0.4646,201.0076,-17.313,-5.3435,1.4484
1780827358.523007,-0.7903,-0.2358,0.4526,0.5573,-3.687,-78.1603,0.9408
1780827358.7229624,-0.9363,0.251,0.6272,-33.6641,37.8855,36.5267,1.1545
1780827358.9232368,-0.6711,-0.5078,0.249,-23.2595,12.6031,-143.0305,0.8777
1780827359.1222548,-0.5569,-0.2332,0.4814,-1.2519,-5.9313,-27.5802,0.7722
1780827359.3233147,-0.8433,-0.2114,0.3809,-7.0153,18.4275,1.313,0.9491
1780827359.5274048,-0.8174,-0.23,0.4746,14.2366,-13.1679,-14.9771,0.9728
1780827359.7268717,-0.8799,-0.2144,0.3884,-20.4962,6.9618,27.6031,0.9854
1780827359.9235451,-0.8381,-0.1719,0.4502,4.313,1.3511,2.0229,0.9668
1780827360.1264563,-0.8411,-0.1877,0.4382,-0.7252,-5.1603,5.6489,0.9668
1780827360.324964,-0.832,-0.1958,0.4534,-2.855,-2.7634,-0.6565,0.9676
1780827360.5241857,-0.8335,-0.1929,0.427,0.4809,-2.5267,6.2824,0.9562
0,0,0,0,0,0,0,0
0,0,0,0,0,0,0,0
1780827363.7389154,0.1382,-1.0029,-0.2424,1.8092,-13.687,12.9466,1.041
1780827363.9384356,0.0403,-0.6917,-0.1807,41.7023,-34.9084,35.916,0.716
1780827364.139312,-0.0027,-0.4824,-0.1431,-25.8779,-46.0916,20.2672,0.5032
1780827364.338307,0.4336,-1.6672,-0.3311,-57.3969,54.4275,3.3206,1.7542
1780827364.539416,0.1753,-0.8647,0.3613,182.7252,76.0763,125.5496,0.9535
1780827364.743274,-0.5813,0.0771,0.1489,100.9542,-23.6947,192.3893,0.605
1780827364.9383676,-1.5227,1.4509,1.6792,30.4198,33.7557,100.2137,2.6914
1780827365.138849,-0.5469,-0.3293,0.0276,187.1374,-18.855,171.5267,0.639
1780827365.3405128,-0.9282,-0.052,0.4919,-23.7634,-4.8092,-24.626,1.0518
1780827365.538821,-0.7263,-0.0808,0.6306,-28.2061,21.4198,52.4733,0.9653
1780827365.73762,-0.6621,-0.0999,0.5745,-20.4427,-25.7786,4.1908,0.8823
1780827365.938996,-0.7061,-0.126,0.6431,15.2595,17.1145,-23.8702,0.9633
1780827366.1409693,-0.8528,0.0615,0.5283,-12.9313,8.145,16.5802,1.0051
1780827366.339228,-0.8022,-0.0122,0.5232,2.8702,-7.9389,-15.1298,0.9579
1780827366.5383928,-0.7498,-0.0645,0.5779,-0.3588,-0.0305,-6.5725,0.9488
1780827366.7381268,-0.8176,-0.0037,0.5039,-5.3435,-0.2519,1.7481,0.9604
1780827366.9405923,-0.7915,-0.0168,0.5188,-4.313,-1.8855,1.084,0.9465
1780827367.147424,-0.8059,-0.0786,0.4751,-1.4504,-1.7405,4.3893,0.9388
0,0,0,0,0,0,0,0
0,0,0,0,0,0,0,0
1780827371.532944,0.0161,-0.96,-0.4866,-0.1908,-5.2214,3.8244,1.0764
1780827371.7329822,0.031,-0.5715,-0.3276,24.6718,-34.7481,3.0382,0.6595
1780827371.9404607,-0.1638,-0.0793,-0.0334,30.5878,-97.6489,60.6565,0.1851
1780827372.132336,-0.1562,-1.7942,-0.6582,118.5725,5.2672,9.1756,1.9175
1780827372.3323524,0.1265,-0.3572,0.6455,42.2824,83.4427,68.313,0.7485
1780827372.5325007,-2.0,1.9999,1.9999,54.3053,97.2137,214.9313,3.464
1780827372.7377152,-0.1338,0.0432,0.0479,120.9618,72.0229,69.916,0.1485
1780827372.9373722,-0.6694,-0.21,0.533,-28.6031,17.7252,-40.2061,0.8811
1780827373.14121,-1.0137,-0.6296,1.0205,75.4046,45.3359,-48.8321,1.5702
1780827373.3323455,-0.4292,-0.4702,0.9131,35.374,26.8244,-38.2366,1.1131
1780827373.5330226,-0.9973,-0.1455,0.7,7.1527,49.9847,-1.5649,1.2271
1780827373.7328737,-0.7151,-0.0962,0.6396,0.7481,-22.1985,10.7863,0.9642
1780827373.9325302,-0.7676,-0.2166,0.5542,1.7634,9.5954,-5.8397,0.9712
1780827374.1340387,-0.741,-0.2031,0.5605,-0.4351,-5.3511,-3.0992,0.9511
1780827374.3324225,-0.7612,-0.1904,0.5588,-1.542,-3.9008,-4.2519,0.9633
1780827374.5327895,-0.7485,-0.1951,0.5508,1.1069,-0.1985,-0.5267,0.9496
1780827374.732912,-0.7451,-0.2241,0.554,-0.8015,-7.3282,-3.0305,0.9551
1780827374.932415,-0.8691,-0.0186,0.6274,32.9466,-64.7863,22.7634,1.0721
1780827375.140942,-0.6482,0.3887,0.8398,72.2061,-48.1527,84.687,1.1298
1780827375.3335488,-0.5837,0.3145,0.6301,-59.1374,-26.7939,-31.2214,0.9147
0,0,0,0,0,0,0,0
0,0,0,0,0,0,0,0
1780827378.8090963,0.1853,-0.7898,-0.501,39.2061,16.5802,12.1908,0.9535
1780827379.0074897,0.168,-0.3293,-0.417,32.9466,-38.687,36.7405,0.5573
1780827379.2070625,0.5977,-0.6509,-1.0269,-1.5038,59.0534,-96.2748,1.3547
1780827379.4078283,0.551,-0.374,-0.9231,242.3282,67.9389,202.9466,1.1383
1780827379.6078374,0.4617,-0.7385,-0.4287,198.626,-18.6565,121.2061,0.9707
1780827379.8078597,-1.0386,-2.0,1.3745,57.0763,-49.0687,169.313,2.6397
1780827380.0075095,-0.0591,0.0703,0.033,114.5725,-111.1527,195.1908,0.0976
1780827380.207779,-0.2043,1.541,1.1631,93.8931,116.1908,41.8702,1.9415
1780827380.416039,-0.9807,-0.7319,0.1636,142.5038,-19.1603,93.0,1.2346
1780827380.6092021,-0.9136,0.6206,0.8364,41.2366,29.8244,73.6489,1.3854
1780827380.808834,-0.428,-0.4617,0.2932,-10.0153,31.1985,-36.3893,0.6945
1780827381.007713,-0.7568,0.0349,0.6106,8.3359,21.1679,35.6489,0.9731
1780827381.216333,-0.6538,-0.0859,0.4319,-8.0153,1.2748,-28.5496,0.7883
1780827381.4079876,-0.6428,-0.1658,0.6111,3.5191,7.4656,19.9695,0.9023
1780827381.6083195,-0.7981,-0.0044,0.5181,-2.4656,3.4427,6.1527,0.9515
1780827381.8120208,-0.8074,-0.0159,0.5286,0.458,-4.7328,-5.0382,0.9651
1780827382.008078,-0.8354,-0.0298,0.4456,-9.2366,-1.9695,-4.687,0.9473
0,0,0,0,0,0,0,0
0,0,0,0,0,0,0,0
1780827387.5347595,0.1877,-0.8091,-0.3,-0.2595,-8.8168,0.3282,0.8831
1780827387.7347515,0.0193,-0.282,-0.0828,12.3053,-60.5191,-4.0458,0.2945
1780827387.9342337,0.6223,-1.2185,-0.7202,173.6107,-90.4046,58.3053,1.5462
1780827388.1345103,-1.1743,-2.0,1.9999,250.1298,125.1832,250.1298,3.0625
1780827388.334812,0.5164,0.0579,0.4314,120.6412,143.9313,18.2366,0.6753
1780827388.534587,-0.0215,-0.2812,0.4531,-53.2214,-189.4809,8.4656,0.5337
1780827388.734891,-1.1184,-0.1638,0.3191,-6.6947,-77.6336,-84.7405,1.1745
1780827388.9338007,-0.8379,0.2136,0.6121,-37.4122,-48.0153,-1.3817,1.0594
1780827389.1347904,-0.4534,-0.5073,0.5952,-50.5267,16.3664,-4.1069,0.904
1780827389.3348644,-0.5066,-0.0237,0.6753,27.0382,55.4275,37.4656,0.8445
1780827389.5343492,-0.3777,-0.2488,0.4971,-0.9008,-57.8321,-7.8931,0.672
1780827389.7369184,-0.6138,-0.0811,0.7625,8.0611,11.0611,-6.229,0.9821
1780827389.9339762,-0.636,-0.1299,0.6895,-12.6794,-7.7557,4.1145,0.9469
1780827390.134014,-0.6606,-0.1228,0.6748,1.6489,8.1527,-4.5878,0.9523
1780827390.3373604,-0.6067,-0.1489,0.6951,-4.4275,-1.6183,-2.1527,0.9345
1780827390.5349596,-0.6379,-0.1299,0.7095,-2.4962,-2.3053,-1.6718,0.9629
1780827390.7342324,-0.645,-0.1389,0.697,-1.2977,-3.4962,1.5878,0.9598
0,0,0,0,0,0,0,0
0,0,0,0,0,0,0,0
1780827394.6718676,-0.0728,-0.5884,-0.3157,44.0916,-10.1374,10.8015,0.6717
1780827394.8724294,0.0735,-0.718,-0.1765,20.1832,12.3053,11.0534,0.743
1780827395.0727499,-0.1655,-1.3523,-0.2639,184.7557,11.5038,58.3206,1.3877
1780827395.2880063,-0.0037,-0.167,-0.0195,134.7405,-122.0534,80.7634,0.1682
1780827395.4919393,-1.2031,1.9999,1.9999,250.1298,218.2901,250.1298,3.0736
1780827395.673278,0.0298,0.1309,0.063,120.2137,25.145,119.7252,0.1483
1780827395.8789592,-0.677,-0.239,0.3521,11.9542,8.855,-0.5725,0.7996
1780827396.0726764,-0.6304,0.1963,0.4995,-62.6718,-13.4656,-36.4351,0.8279
1780827396.2723167,-0.4885,-0.3708,0.5481,-11.5802,29.8244,34.542,0.8226
1780827396.4755611,-0.5842,0.0754,0.4124,-11.4962,28.4198,-2.7481,0.7191
1780827396.6740024,-0.2949,-0.3357,0.5298,-25.7634,-43.8397,-23.9237,0.6931
1780827396.874103,-0.6982,-0.0518,0.5928,-11.1603,23.7939,13.1603,0.9174
1780827397.074754,-0.6038,-0.1428,0.6484,-0.4351,-7.6107,-5.1145,0.8974
0,0,0,0,0,0,0,0
0,0,0,0,0,0,0,0
1780827400.5368893,0.1267,-0.946,-0.2883,9.1298,-6.626,9.6641,0.9971
1780827400.736051,0.1702,-0.8721,-0.3474,1.2595,-13.6641,-1.0458,0.954
1780827400.9362438,0.0435,-0.6643,-0.1438,48.4656,-20.1603,4.0916,0.6811
1780827401.135842,0.0481,-0.5002,0.0459,186.3893,42.7405,44.5038,0.5046
1780827401.3360326,-0.6775,-2.0,1.0256,163.2443,29.8931,185.7557,2.3475
1780827401.5360022,-0.5781,-0.4119,-0.2554,-15.7863,61.1145,107.9389,0.7544
1780827401.7360754,-1.1565,0.1555,0.374,-55.7863,-53.5954,78.5878,1.2254
1780827401.9360142,-1.0505,-0.2332,0.4883,-6.5649,-41.7328,-97.1908,1.1817
1780827402.1356504,-0.7375,-0.0508,0.5684,29.7634,-9.7481,20.2519,0.9325
1780827402.3358335,-0.9341,-0.4587,0.6592,-19.2595,-54.7176,34.084,1.2319
1780827402.5360098,-0.7483,-0.5281,0.4751,-7.6183,19.9847,16.4046,1.0318
1780827402.7360785,-0.9934,0.075,0.5874,1.7176,14.1832,-0.2595,1.1565
1780827402.9396129,-0.5391,-0.2039,0.4526,2.6947,-7.5496,-7.0458,0.7328
1780827403.1381087,-0.7349,-0.1941,0.5525,-5.2824,-12.5802,-9.5496,0.9396
1780827403.335569,-0.8379,-0.1492,0.4944,-1.8931,5.1069,-0.2214,0.9842
1780827403.546145,-0.7827,-0.1655,0.5388,0.6031,2.1069,12.3511,0.9646
0,0,0,0,0,0,0,0
0,0,0,0,0,0,0,0
1780827406.762675,0.2908,-0.8235,-0.3152,36.1374,-3.2595,17.1832,0.9285
1780827406.9677224,0.2998,-0.916,-0.2825,-11.0534,-9.1603,-3.8397,1.0044
1780827407.1604865,0.2727,-0.7283,-0.2441,-3.1985,-30.7557,-27.8092,0.8151
1780827407.3600683,0.3833,-0.5505,-0.2925,62.0763,12.8168,62.7252,0.7318
1780827407.5613387,0.6687,-0.8499,-0.6279,126.916,28.313,101.2214,1.2505
1780827407.759753,-0.4968,-0.8599,0.4307,53.4351,50.7405,171.4962,1.0824
1780827407.9593654,-1.2661,-0.71,0.5073,172.6336,32.5954,42.3969,1.5377
1780827408.1614337,-0.1165,-0.3335,-0.2126,-94.4275,-33.5802,-117.0229,0.4123
1780827408.3592124,-0.5234,0.4355,0.6169,-48.3893,-6.4198,-62.3817,0.9189
1780827408.5593252,-0.7966,0.3,0.7512,-40.2061,-67.4046,-44.1069,1.1353
1780827408.760433,-0.3535,-0.332,0.4287,-68.0382,6.084,-1.855,0.6473
1780827408.9597607,-0.6145,0.1963,0.5403,-27.6641,10.1603,-2.5115,0.8415
1780827409.1600916,-0.6506,-0.1931,0.5632,-16.1298,-11.2061,-5.4809,0.882
1780827409.3688164,-0.6995,-0.0698,0.7244,6.6641,0.313,-14.3359,1.0094
1780827409.5596526,-0.7493,-0.0991,0.6902,7.1374,11.1145,-0.3282,1.0235
1780827409.759698,-0.7048,-0.1748,0.6504,-1.3817,-5.084,-10.8855,0.9749
1780827409.9614491,-0.6929,-0.0688,0.6946,-11.4427,-17.5725,7.1145,0.9835
1780827410.1590889,-0.5107,-0.2502,0.6526,0.1069,-2.5878,3.6031,0.8657
1780827410.3594902,-0.696,-0.1648,0.7021,-2.458,10.7786,2.626,1.0023
1780827410.559532,-0.6685,-0.1482,0.6565,3.313,13.1679,21.1679,0.9486
0,0,0,0,0,0,0,0
0,0,0,0,0,0,0,0
1780827414.624795,0.1296,-0.9604,-0.269,-3.3588,-0.313,11.7405,1.0058
1780827414.8245642,0.1421,-0.9709,-0.2859,-1.5802,-7.2824,-2.2748,1.0221
1780827415.0247598,0.1443,-0.8977,-0.293,20.1832,-27.1832,7.9542,0.9553
1780827415.226802,-0.2021,-0.6372,0.0989,23.0382,-49.7023,23.8015,0.6758
1780827415.4253743,0.3787,-1.231,-0.5676,124.5725,-2.9389,157.5496,1.4074
1780827415.6328874,-1.4482,-2.0,0.3579,-43.1374,75.5496,-42.5191,2.4951
1780827415.8250923,-0.53,-0.177,0.113,151.145,-47.1603,85.0076,0.5701
1780827416.0250833,-1.2573,0.1501,0.365,-242.7786,-17.2214,86.687,1.3178
1780827416.2247694,-0.835,0.1753,0.9326,-27.1374,-2.2748,-42.1374,1.264
1780827416.4249952,-1.0374,-0.3259,0.2869,18.4886,-13.9542,-40.3893,1.1246
1780827416.6250007,-0.7495,0.2676,0.5613,-69.0153,-30.0992,-3.2443,0.9739
1780827416.82493,-0.4094,-0.3723,0.7319,4.5802,-61.5802,-114.9618,0.9176
1780827417.0262344,-0.5984,-0.1357,0.5989,49.4885,61.5573,8.5954,0.8574
1780827417.225042,-0.8411,0.0867,0.6772,-12.3206,36.6107,-16.9542,1.0833
1780827417.4250424,-0.8528,-0.0403,0.677,5.229,-11.8626,10.5496,1.0896
1780827417.6252515,-0.731,-0.0203,0.6116,-0.4656,-11.1145,-10.9008,0.9533
1780827417.8253121,-0.7471,-0.0359,0.6147,-5.0382,-4.7786,-2.2519,0.9682
1780827418.0246997,-0.7122,-0.0271,0.6321,-0.8244,-3.8168,-2.9542,0.9526
1780827418.2251098,-0.738,-0.0239,0.6235,-1.458,-1.6641,-0.8015,0.9665
1780827418.4245284,-0.6821,-0.0208,0.6157,1.0076,-5.1527,0.0763,0.9192
0,0,0,0,0,0,0,0
0,0,0,0,0,0,0,0
1780827423.1442494,0.207,-0.9233,-0.2339,7.9618,-0.1985,3.1527,0.9747
1780827423.3432734,0.2,-0.9497,-0.2749,0.1679,-6.2137,1.9847,1.0087
1780827423.5439663,0.2263,-0.936,-0.301,8.5802,-3.1298,3.2901,1.009
1780827423.7466655,0.2493,-0.9414,-0.3037,12.8702,-7.771,6.1756,1.0201
1780827423.946032,0.2107,-0.8796,-0.2881,20.7786,-23.3359,13.7634,0.9493
1780827424.1457918,0.0615,-0.625,-0.1697,-17.145,-42.855,4.1832,0.6505
1780827424.3457,0.3132,-0.4258,-0.2014,153.4733,-32.9389,66.6641,0.5657
1780827424.5491161,1.9999,-2.0,-1.1924,-250.1374,164.9771,-225.4733,3.0695
1780827424.7456012,-0.0994,0.1021,-0.0715,115.0076,-17.4504,75.0305,0.1594
1780827424.9459434,-1.6223,-0.2178,0.5505,-45.5267,-40.6489,72.1985,1.727
1780827425.1456804,-2.0,-0.2549,1.9999,180.1603,-18.542,59.0687,2.8398
1780827425.346194,-1.1411,0.1426,0.708,-1.3588,48.0916,-10.4885,1.3505
1780827425.5467825,-0.8364,-0.5195,0.6367,20.9466,-62.1756,-50.4733,1.1726
1780827425.7472606,-0.6497,-0.2952,0.7092,21.3435,56.6947,30.0611,1.0061
1780827425.9460022,-0.9497,-0.0022,0.5034,-0.9008,-38.0076,-43.313,1.0749
1780827426.1464322,-0.8591,-0.1655,0.6348,20.1679,-0.9237,-8.8244,1.0809
1780827426.3464024,-0.7402,-0.1794,0.6499,7.9008,-9.5954,-8.3359,1.0013
1780827426.547659,-0.8079,-0.1714,0.52,2.1221,-2.8168,-8.2977,0.9759
1780827426.746206,-0.8074,-0.1367,0.5327,-4.3969,-4.2977,-2.2977,0.9769
1780827426.9461567,-0.7869,-0.146,0.5439,-4.3664,0.1832,-1.9542,0.9677
1780827427.1474848,-0.8013,-0.1233,0.5435,0.5191,0.6183,0.7863,0.976
1780827427.3490558,-0.7717,-0.124,0.5459,-0.1374,-2.8931,4.4962,0.9534
1780827427.5472696,-0.804,-0.1169,0.5544,-1.084,-0.0076,-0.5038,0.9836
1780827427.7469802,-0.7793,-0.1033,0.3628,-4.7863,0.3588,2.1374,0.8658
0,0,0,0,0,0,0,0
0,0,0,0,0,0,0,0
1780827435.2615156,0.1543,-0.9202,-0.2644,3.9695,3.1756,7.6412,0.9698
1780827435.446962,0.156,-0.9487,-0.2617,8.3282,-1.0229,4.1374,0.9965
1780827435.647858,0.1328,-0.9263,-0.457,22.3588,-27.5191,-10.8779,1.0414
1780827435.846977,-0.0493,-0.5918,0.0959,56.3817,-67.6489,125.4885,0.6015
1780827436.047015,0.2537,-1.0398,-0.7795,164.5954,12.8244,85.2214,1.3241
1780827436.2463763,-0.6165,-1.1462,0.7141,3.6489,18.0229,101.3664,1.4845
1780827436.4472475,-0.9106,-0.5881,0.4336,242.0687,-39.7099,59.4122,1.1676
1780827436.647132,-0.46,-0.1614,0.3347,-84.374,-63.5725,-117.0534,0.5913
1780827436.847445,-0.6946,-0.116,0.5088,-35.7634,3.7557,-40.5649,0.8688
1780827437.0482578,-0.6499,0.0396,0.5474,19.1298,51.2977,-21.3053,0.8506
1780827437.2469637,-0.6636,-0.4863,0.4609,51.8626,-23.542,14.1679,0.943
1780827437.4480846,-0.6807,-0.0688,0.728,14.7405,33.0687,-30.0763,0.999
1780827437.6467159,-0.688,-0.187,0.4988,-32.7939,7.7405,-51.6641,0.8701
1780827437.847279,-0.7827,-0.0383,0.6165,-9.2443,9.771,3.6412,0.9971
1780827438.046589,-0.8647,-0.1226,0.5459,-6.5573,5.3282,11.0534,1.03
1780827438.248217,-0.6877,-0.1121,0.6592,9.1603,-7.458,-1.7328,0.9592
1780827438.4470894,-0.7908,-0.126,0.5374,2.7481,0.5038,6.8473,0.9643
1780827438.6471255,-0.7478,-0.0916,0.563,3.2214,-3.4656,0.2366,0.9405
0,0,0,0,0,0,0,0
0,0,0,0,0,0,0,0
1780827443.5213134,0.1758,-0.9431,-0.2471,-6.5954,-11.5038,8.8626,0.9907
1780827443.7220492,0.0547,-0.9983,-0.2061,10.4885,-13.1832,-25.1679,1.0208
1780827443.9220111,0.1794,-0.9451,-0.2136,10.7786,-2.2443,-2.5267,0.9854
1780827444.1228895,0.0786,-0.7798,-0.2776,17.229,-43.8321,-9.1145,0.8314
1780827444.322037,-0.011,-0.1663,-0.0493,-16.3435,-65.4885,76.0305,0.1738
1780827444.5230472,0.272,-1.2393,-0.6333,35.2824,-40.2748,76.6336,1.418
1780827444.7221746,-1.1914,-2.0,0.7415,250.1298,210.8244,183.7481,2.4432
1780827444.9235241,-0.812,-0.8335,-0.2334,222.9695,60.5115,196.0992,1.1868
1780827445.1333177,-0.6917,0.0596,0.1387,-217.916,-148.0153,28.0763,0.7079
1780827445.3228369,-0.8083,0.4973,0.6641,24.7328,33.9924,-21.6031,1.1583
1780827445.5232227,-0.8708,-0.373,0.5176,39.9542,31.1374,-28.5114,1.0796
1780827445.7228446,-0.7317,-0.0547,0.6807,-5.5267,-80.9313,32.0076,1.0008
1780827445.9251666,-0.8667,-0.0552,0.4585,-3.6031,-10.2748,1.9695,0.9821
1780827446.12669,-0.7769,-0.0923,0.512,-6.7405,9.9695,8.3206,0.9349
1780827446.3229978,-0.7627,-0.0684,0.5762,3.0687,-10.855,-12.3206,0.9583
1780827446.523152,-0.8101,-0.1301,0.5098,0.3282,6.2137,-7.4275,0.9659
1780827446.7231221,-0.7847,-0.0972,0.5322,-3.3817,-0.0992,-1.0153,0.9531
1780827446.9222646,-0.769,-0.1084,0.5251,0.1527,-1.5954,2.9389,0.9375
1780827447.1229591,-0.7769,-0.104,0.5151,4.542,1.4656,2.7252,0.9379
1780827447.3273244,-0.7871,-0.0696,0.5466,0.0153,-13.6412,7.7863,0.9608
0,0,0,0,0,0,0,0
0,0,0,0,0,0,0,0
1780827455.733833,0.1421,-0.9722,-0.2383,-3.1221,9.0458,4.2366,1.011
1780827455.9258165,0.1345,-0.906,-0.2827,8.855,-6.7863,6.7634,0.9586
1780827456.1251845,0.2563,-0.9126,-0.3604,0.7939,-8.8931,-5.2443,1.0141
1780827456.3368967,0.0012,-0.4629,-0.1797,5.1756,-31.2061,-17.458,0.4965
1780827456.5276933,0.376,-0.8496,0.0164,78.5802,15.313,48.9008,0.9292
1780827456.7272866,-0.2336,-1.5581,1.6235,-34.771,250.1298,170.9847,2.2623
1780827456.9256947,-0.2661,-0.0374,-0.0427,-20.4733,39.2672,67.4809,0.2721
1780827457.1248484,-1.0347,0.7102,0.4485,-55.6031,-11.1756,41.6489,1.3327
1780827457.3248174,-1.6335,-0.3147,1.7192,164.1603,-20.5649,143.2519,2.3923
1780827457.5261211,-0.9458,-0.218,0.4846,37.6183,10.3588,-39.6336,1.0849
1780827457.7259068,-1.5823,-0.9058,1.1355,153.4733,-5.374,31.2672,2.1479
1780827457.932825,-0.6145,-0.4902,0.8777,60.9847,18.3282,0.1069,1.1783
1780827458.1709864,-1.2561,-0.1223,0.5803,10.2061,-4.4962,11.5878,1.3891
1780827458.3363042,-0.5674,-0.2007,0.739,6.7328,-7.1832,-3.5344,0.9531
1780827458.5247848,-0.8015,-0.1738,0.5305,-6.0,-18.6794,-6.3817,0.9768
1780827458.7249966,-0.7373,-0.1372,0.5645,0.7481,20.771,-1.6947,0.9386
1780827458.924918,-0.7576,-0.134,0.5559,-1.5878,-8.1756,0.084,0.9492
1780827459.125055,-0.7507,-0.1528,0.5579,0.6107,0.3893,0.4885,0.9477
1780827459.3253472,-0.7861,-0.1243,0.5559,-0.1221,-0.8855,1.0458,0.9708
1780827459.5253875,-0.7734,-0.1333,0.5356,1.7481,-4.6412,-0.1221,0.9502
0,0,0,0,0,0,0,0
0,0,0,0,0,0,0,0
1780827464.3174593,0.0923,-1.0244,-0.3066,3.3435,-3.6641,0.4733,1.0733
1780827464.5104163,0.1445,-0.7666,-0.4087,25.1374,-31.0992,7.8626,0.8807
1780827464.7101607,0.1345,-0.2947,-0.3516,-6.9618,-54.1679,-4.2672,0.478
1780827464.9107122,1.2556,-2.0,-1.1321,46.5649,-75.0763,-135.2519,2.6188
1780827465.1122508,-0.1233,-0.9128,-0.4641,94.2901,-20.542,70.8397,1.0314
1780827465.3104146,-0.123,-0.9011,-0.1057,162.5649,48.8702,131.7786,0.9156
1780827465.514275,-0.4976,-0.2471,-0.0906,201.3359,34.8092,70.313,0.5629
1780827465.7182748,-0.6599,-0.5906,0.9165,250.1298,-76.4657,250.1298,1.2745
1780827465.9106581,0.1455,0.2263,0.9441,-75.916,-8.1527,-59.542,0.9817
1780827466.1102989,-0.5239,-0.0288,0.7739,-28.4275,-46.5191,-165.9847,0.935
1780827466.3162503,-1.6038,-0.4277,0.4956,54.9695,137.5496,30.3588,1.7322
1780827466.5102565,-0.5913,-0.4285,0.6655,-4.5954,39.9618,-64.542,0.988
1780827466.7129884,-0.8801,0.1228,0.4414,24.4198,44.6489,17.6794,0.9922
1780827466.9110284,-0.866,-0.1077,0.4487,-9.3588,-35.3511,-16.2901,0.9812
1780827467.1115336,-0.8325,-0.1892,0.502,4.4046,-4.3893,-12.626,0.9904
1780827467.3125749,-0.8005,-0.0894,0.519,1.1298,-8.6336,1.9389,0.9583
1780827467.5109663,-0.8352,-0.1223,0.4709,-2.6565,-11.0305,-6.6794,0.9666
1780827467.7101195,-0.8181,-0.1484,0.4875,-1.0992,-6.0534,-2.7405,0.9639
1780827467.9102483,-0.8264,-0.0942,0.5085,-0.8397,-2.313,3.9313,0.9749
1780827468.1102645,-0.5386,0.0588,-0.002,10.4046,-20.8015,15.7176,0.5418
0,0,0,0,0,0,0,0
0,0,0,0,0,0,0,0
1780827472.3557332,0.0391,-0.9546,-0.1926,3.8855,-0.9542,-3.6031,0.9746
1780827472.548507,0.0994,-0.8708,-0.2585,-21.2061,5.7176,-13.2672,0.9138
1780827472.7556422,0.2256,-1.0483,-0.3394,-4.2443,10.1221,-10.0916,1.1248
1780827472.9550903,0.1707,-0.9551,-0.3091,2.0153,17.8092,-2.1374,1.0182
1780827473.149223,0.1982,-0.9299,-0.3176,10.4122,-2.7786,3.5954,1.0025
1780827473.3539567,0.1909,-0.9248,-0.3225,8.9008,-1.7557,6.313,0.9979
1780827473.5534008,0.2053,-0.9158,-0.3142,16.8702,-6.5802,12.1069,0.9897
1780827473.7483966,0.0464,-0.7434,-0.252,19.7023,-32.229,-20.4351,0.7863
1780827473.9483457,0.46,-0.5752,-0.3433,206.5954,-20.0305,72.3435,0.8126
1780827474.1486726,-1.1433,-1.2556,1.7542,-195.5267,12.5573,-149.3588,2.4415
1780827474.3487027,-1.0771,-0.1167,1.3796,70.8092,150.0153,17.313,1.7542
1780827474.5484743,-0.5535,-0.5569,-0.0024,110.3817,-26.0992,-6.8321,0.7851
1780827474.748832,-0.5884,-0.4543,0.2324,25.5802,44.8626,58.2061,0.7789
1780827474.948433,-1.0923,-0.1584,0.5564,2.4275,-1.8702,-2.5954,1.236
1780827475.1487608,-1.0996,-0.7756,1.1113,54.771,5.1679,-11.5115,1.7452
1780827475.3493178,-1.4612,-0.3455,0.7249,46.5038,47.3282,27.7786,1.6673
1780827475.5501702,-0.873,-0.1748,0.5642,20.7863,-2.1603,-20.4122,1.0541
1780827475.7502365,-0.9314,-0.1479,0.4854,0.5496,6.8779,0.9618,1.0606
1780827475.970054,-0.8608,-0.0808,0.4375,-1.6412,0.7023,-0.2443,0.969
1780827476.1490557,-0.8289,-0.1538,0.4641,-1.7634,-1.1832,1.2672,0.9623
1780827476.3515246,-0.8479,-0.1323,0.4707,1.2519,-1.5115,-0.1908,0.9788
0,0,0,0,0,0,0,0
0,0,0,0,0,0,0,0
1780827480.6369457,0.2383,-0.9792,-0.2788,1.1374,22.2061,7.8168,1.0457
1780827480.8276336,0.2217,-0.9438,-0.2725,1.4885,-7.084,4.9771,1.0071
1780827481.0414808,0.082,-0.7283,-0.2739,-0.0458,-7.313,5.8397,0.7824
1780827481.2269132,0.0405,-0.2253,-0.1958,56.0076,-62.0229,22.4351,0.3013
1780827481.4273083,0.2063,-1.3357,-0.9937,15.7634,34.0916,10.9084,1.6775
1780827481.625856,-2.0,-0.522,1.9999,13.0458,160.6565,-54.4962,2.8761
1780827481.8267593,-0.074,-0.8096,0.0144,230.1298,76.5954,250.1298,0.8131
1780827482.026782,-0.5271,0.6047,0.1511,-126.6641,-6.9924,49.6412,0.8163
1780827482.228064,-1.0913,0.1846,0.3174,46.2061,-34.5191,-138.3359,1.1514
1780827482.4272947,-0.5657,-0.2839,0.5168,-17.5878,16.626,-3.0763,0.8172
1780827482.6410582,-0.7231,-0.126,0.4377,-10.9084,-11.3359,22.3435,0.8547
1780827482.82811,-0.8813,0.062,0.5034,-0.8473,-2.9313,-0.9618,1.0169
1780827483.0275445,-0.8381,-0.064,0.5298,5.9542,0.229,-13.9008,0.9936
1780827483.2282593,-0.781,-0.0171,0.562,-3.3969,-11.3435,0.9771,0.9624
1780827483.4311197,-0.8303,-0.0696,0.4846,-3.0992,0.7634,-4.4046,0.9639
1780827483.631444,-0.8069,-0.0452,0.5322,-4.0305,-0.5038,0.6718,0.9677
0,0,0,0,0,0,0,0
0,0,0,0,0,0,0,0
1780827487.9580994,0.2612,-0.8516,-0.3057,0.7863,-2.1145,9.3053,0.9417
1780827488.1572971,0.0239,-0.5361,-0.1853,47.0305,-29.8321,41.9542,0.5678
1780827488.356308,1.4119,-0.927,1.199,-23.6412,47.0534,-102.1527,2.0713
1780827488.5571096,0.3428,-1.0247,-0.9202,-36.2137,57.5954,65.5267,1.4192
1780827488.7570193,-1.2605,-0.3848,1.4023,250.1298,-239.1527,121.1603,1.9244
1780827488.9586875,-0.2866,-1.0684,-0.2017,94.0992,-14.3588,100.9847,1.1244
1780827489.16057,-0.4412,0.6106,0.3418,-228.4351,0.7328,-135.5802,0.8272
1780827489.3563156,-1.4792,-0.0767,0.946,30.5496,-1.2901,-31.6565,1.7576
1780827489.5570111,-1.0024,0.0574,0.447,51.7099,26.7481,-53.5496,1.0991
1780827489.7562659,-0.5261,-0.2131,0.4089,-53.7176,-28.8092,-15.313,0.6996
1780827489.9708428,-0.5308,0.0906,0.6401,20.6718,24.145,8.916,0.8365
1780827490.1566033,-0.574,-0.2292,0.5288,-13.8168,-34.0992,-17.1298,0.8134
1780827490.368702,-0.8149,-0.0527,0.5601,6.7252,8.3359,-1.3282,0.9902
0,0,0,0,0,0,0,0
0,0,0,0,0,0,0,0
1780827495.1430779,0.1606,-1.0881,-0.2207,6.4275,27.2519,9.458,1.1219
1780827495.3424482,0.0913,-0.939,-0.2666,8.8931,24.4656,17.0916,0.9803
1780827495.5425792,0.1196,-0.6494,-0.2327,24.3359,-15.4656,12.8702,0.7001
1780827495.74206,-0.012,-0.3853,-0.0671,15.5496,-25.9466,39.2672,0.3912
1780827495.9425595,-0.0818,-1.2627,0.0466,250.1298,-53.4962,126.2366,1.2662
1780827496.1425056,-1.3328,0.2708,1.0139,250.1298,18.626,234.9847,1.6963
1780827496.3420944,-2.0,1.7498,1.9999,126.8931,86.2137,185.229,3.3259
1780827496.5421934,-0.0901,0.2324,-0.2856,51.4809,-13.8626,24.7099,0.3791
1780827496.7420895,-0.7966,-0.0273,0.218,-4.0611,-15.7786,-11.0458,0.8264
1780827496.9444883,-0.6948,0.3025,0.4573,21.313,-33.8244,-42.4504,0.8851
1780827497.1426065,-0.7244,-0.2014,0.2024,-57.7099,-22.4351,-1.3511,0.7786
1780827497.3446581,-0.832,0.0579,0.5835,41.5725,4.2824,46.2519,1.0179
1780827497.5427082,-0.8425,-0.3794,0.3855,1.3588,-41.1145,-21.5954,1.0012
1780827497.7427058,-0.811,-0.0403,0.4294,-1.1221,22.8855,10.3282,0.9186
0,0,0,0,0,0,0,0
0,0,0,0,0,0,0,0
1780827505.4773746,0.0352,-0.8711,-0.3164,19.1679,0.1679,10.4504,0.9274
1780827505.6774147,0.1184,-1.0227,-0.4194,5.5344,-2.084,-3.771,1.1117
1780827505.8779716,0.1125,-0.5959,-0.3708,2.2214,-18.3053,-0.7176,0.7109
1780827506.0774512,0.0195,-0.2039,-0.2205,33.687,-55.8931,39.0687,0.3009
1780827506.277391,-0.5842,-1.6436,-0.4573,-21.8855,-1.6183,57.5115,1.8032
1780827506.4965608,-0.3315,-1.1143,-0.2935,-40.2977,165.7023,115.4809,1.199
1780827506.6780336,0.1975,-0.0806,-0.0574,4.5344,-9.0992,60.9084,0.2209
1780827506.8775954,-0.8147,1.575,0.3152,8.8931,-23.5267,216.2595,1.801
1780827507.0801494,-1.5186,-0.22,1.5596,163.0916,127.374,81.4275,2.1878
1780827507.2776306,-1.2092,0.0176,0.7209,27.6947,11.0763,6.0382,1.4079
1780827507.478482,-0.7896,0.3718,0.72,-38.0916,-48.5878,1.0229,1.1314
1780827507.677451,-0.3276,-0.2693,0.4788,-18.5878,17.2901,-13.6489,0.6396
1780827507.886409,-0.6663,0.1724,0.5615,47.0229,57.0,36.8931,0.8882
1780827508.0956798,-0.5801,-0.1792,0.3813,-28.1603,15.8702,-46.4504,0.717
1780827508.2815137,-0.6509,-0.071,0.6511,-1.3511,-2.3893,-0.1603,0.9234
1780827508.47807,-0.7422,-0.0422,0.6238,7.4504,-6.5802,7.9084,0.9704
1780827508.67815,-0.7209,-0.1572,0.5762,-1.2061,-1.3893,1.0687,0.9362
1780827508.878557,-0.7317,-0.0569,0.6194,15.771,3.0611,10.9466,0.9603
0,0,0,0,0,0,0,0
0,0,0,0,0,0,0,0
1780827514.4243405,0.2561,-0.95,-0.2751,9.1221,16.1527,4.3511,1.0216
1780827514.6126165,0.0349,-0.6001,-0.1992,26.5114,-32.7176,25.0763,0.6333
1780827514.812494,0.0637,-0.2712,-0.188,50.8397,-44.7176,86.6336,0.3361
1780827515.0125477,0.0291,-1.0737,-0.6003,-16.1374,28.0916,6.0687,1.2305
1780827515.2126365,-0.5947,-2.0,1.6172,250.1298,250.1298,250.1298,2.6399
1780827515.412025,-0.6633,-0.9509,-0.0544,67.6336,18.5649,93.8321,1.1607
1780827515.611803,-0.5305,0.1301,0.5391,-58.8626,-86.5725,-82.4504,0.7674
1780827515.8125114,-1.9214,0.3169,0.551,-9.3664,-18.9084,-193.9695,2.0238
1780827516.0124872,-0.9277,-0.6809,0.8887,118.0229,-24.3053,18.9542,1.454
1780827516.2117162,-0.769,-0.2991,0.6555,9.626,-34.7557,-5.6641,1.0538
1780827516.4119139,-0.7466,0.0183,0.6179,-3.4046,-0.8244,-3.1374,0.9693
1780827516.6130981,-0.8594,-0.0706,0.5513,5.8244,-0.7786,6.1145,1.0234
1780827516.8144119,-0.7139,-0.1616,0.6099,7.8244,-3.1298,-0.4733,0.9527
1780827517.0181105,-0.7854,-0.1304,0.5652,-4.1985,-8.1221,-6.0916,0.9764
1780827517.212106,-0.7759,-0.1438,0.5461,3.6183,0.4427,2.1679,0.9597
1780827517.412883,-0.7864,-0.1084,0.5515,-1.1908,-1.9008,0.8855,0.9666
1780827517.6277862,-0.7747,-0.0969,0.5352,0.6947,-2.626,2.6412,0.9465
1780827517.812942,-0.7808,-0.0771,0.5474,0.8626,-1.9389,2.6641,0.9566
1780827518.0119982,-0.7825,-0.1047,0.5476,1.9237,-4.4427,4.5038,0.9608
0,0,0,0,0,0,0,0
0,0,0,0,0,0,0,0
1780827522.2418342,0.1184,-1.1096,-0.2371,-7.8931,22.9313,9.771,1.1408
1780827522.4440885,-0.0447,-0.7554,-0.2107,10.0153,-37.3969,-2.1985,0.7855
1780827522.6419032,0.0652,-0.438,-0.2119,5.4198,-42.916,13.1298,0.4909
1780827522.8421469,0.2407,-1.0903,-0.3293,-70.7099,20.5038,-44.8092,1.1641
1780827523.0412235,0.0586,-0.8125,-0.4092,101.0611,-21.5802,92.0,0.9116
1780827523.2432897,-0.063,0.2676,-0.0835,20.0916,-69.313,-94.0,0.2873
1780827523.4439137,-0.7607,1.2659,0.865,-88.4122,231.7634,-33.9695,1.7115
1780827523.6452613,-0.251,-0.0996,-0.2078,176.5267,72.229,113.0611,0.3407
1780827523.8418906,-0.7222,0.0515,0.3149,27.5954,-27.4962,13.7099,0.7895
1780827524.0413144,-0.8181,0.2102,0.52,-52.458,-42.1832,12.5649,0.9919
1780827524.2498906,-0.8818,-0.2026,0.3667,20.0153,-9.8397,-27.6107,0.9763
1780827524.443818,-0.9189,0.0239,0.5171,5.5115,-8.9771,14.8092,1.0547
1780827524.649107,-0.8457,-0.1987,0.4998,11.7176,-24.9771,-16.2366,1.0022
1780827524.8504324,-0.832,-0.0642,0.4971,-1.4504,19.1832,-7.7939,0.9713
1780827525.0437832,-0.8926,-0.0278,0.3691,-10.1832,-8.1145,2.0763,0.9663
1780827525.2496524,-0.814,-0.1335,0.4707,4.0763,-2.5038,-12.1221,0.9497
1780827525.443748,-0.949,-0.0781,0.3088,-3.6183,7.5115,3.7252,1.001
1780827525.6421356,-0.8442,-0.1121,0.4297,1.5725,-5.1679,0.3817,0.9539
1780827525.8419406,-0.8535,-0.0835,0.4443,0.5267,-3.1527,1.7939,0.9659
0,0,0,0,0,0,0,0
0,0,0,0,0,0,0,0
1780827530.7051222,0.1218,-1.0044,-0.2122,9.8321,-3.7252,6.7939,1.0338
1780827530.904274,0.1025,-0.8757,-0.3215,13.9618,-12.1679,14.2061,0.9385
1780827531.1124153,0.1995,-0.8882,-0.2429,2.1908,5.3893,-7.5954,0.9422
1780827531.3042827,0.0718,-0.043,-0.0588,2.9008,-56.5878,82.7939,0.1023
1780827531.504234,0.0383,-1.4924,-0.7664,18.0458,7.1145,79.8397,1.6781
1780827531.7044518,-1.5432,-0.5276,1.5935,250.1298,-91.5802,200.6794,2.2802
1780827531.9043963,-0.5784,-0.1321,-0.3032,173.7786,6.1756,14.2443,0.6663
1780827532.104443,-0.8665,-0.0671,0.4553,-36.8092,6.7176,-23.0687,0.9811
1780827532.3035605,-0.9265,0.3337,0.3645,-51.6641,21.7405,4.0458,1.0501
1780827532.5058162,-0.9529,0.1082,0.6084,24.374,-7.8473,-47.6565,1.1357
1780827532.721047,-0.7227,-0.072,0.9211,18.5802,1.9008,0.1069,1.173
1780827532.9049857,-0.7739,-0.5127,0.8601,-16.2748,-20.7481,-18.9008,1.2655
1780827533.1036415,-1.0928,0.1558,0.7212,24.3359,0.0687,-16.4122,1.3185
1780827533.3058143,-0.7798,-0.1399,0.6555,24.5267,23.7786,28.6794,1.0283
1780827533.5079942,-0.8015,0.011,0.5347,-13.4275,-1.9084,-3.3893,0.9635
1780827533.7108772,-0.6716,-0.0923,0.6055,-2.3664,-16.3969,-12.855,0.909
0,0,0,0,0,0,0,0
0,0,0,0,0,0,0,0
1780827550.761834,-0.0469,-0.9299,-0.2358,4.8931,6.5496,11.6336,0.9605
1780827550.9609296,-0.0134,-0.9583,-0.2759,4.5725,-14.6794,2.8321,0.9973
1780827551.1608508,0.0012,-0.9695,-0.2834,-2.5954,-2.5038,0.8015,1.0101
1780827551.3608136,0.0122,-0.9631,-0.3547,0.687,-4.5496,3.5725,1.0265
1780827551.5608215,0.041,-0.8777,-0.3167,16.7328,-16.9008,7.8168,0.934
1780827551.7607617,0.0579,-0.4907,-0.2534,-12.6031,-20.1374,9.687,0.5553
1780827551.976168,-0.3748,-1.0671,0.0349,104.855,14.4962,51.4046,1.1316
1780827552.1608372,-0.8455,-0.5151,0.4834,250.1298,-131.4504,250.1298,1.1017
1780827552.3612914,-0.5093,0.5332,0.5115,131.0229,16.0076,156.4657,0.8974
1780827552.5609653,-0.1333,0.1338,0.2314,-37.4275,-76.9847,14.8397,0.2987
1780827552.7608318,-0.6985,0.1738,0.5132,6.5496,9.687,-2.2519,0.884
1780827552.9618926,-0.8127,0.0986,0.6824,2.3282,13.4046,-21.2824,1.0658
1780827553.1673536,-0.8259,-0.6548,0.7998,53.2901,-28.5114,2.9389,1.3231
1780827553.3621273,-0.8296,-0.271,0.8247,17.9237,62.2366,-3.9847,1.2007
1780827553.5703506,-1.054,0.1143,0.6633,-6.6412,-1.6565,-17.6183,1.2506
1780827553.7610052,-0.666,-0.1199,0.6479,2.6412,-12.6107,-7.5344,0.9369
1780827553.9608812,-0.7627,-0.0027,0.5454,3.4885,9.2214,7.9924,0.9376
0,0,0,0,0,0,0,0
0,0,0,0,0,0,0,0
1780827557.9054677,-0.001,-1.0076,-0.2415,15.3206,-16.2366,0.0763,1.0361
1780827558.1042452,-0.0093,-0.9861,-0.2456,2.4351,-17.0687,0.0916,1.0163
1780827558.303872,0.0212,-0.9451,-0.2275,4.6412,-16.458,1.3206,0.9723
1780827558.5047593,0.001,-0.7153,-0.2266,-9.8855,5.4656,-34.2443,0.7504
1780827558.7048812,0.0999,-0.6665,-0.3245,105.9924,-3.7023,124.7863,0.748
1780827558.9047887,-1.4277,-0.9182,1.9999,-100.4962,84.4198,10.2672,2.6232
1780827559.1042879,-0.439,0.0308,-0.1902,199.5496,-4.4351,182.1145,0.4794
1780827559.3043659,-0.9734,0.4216,0.4607,-180.7252,-47.6565,86.6565,1.1565
1780827559.5045526,-0.9595,0.0234,0.5732,24.8931,-46.3511,33.9924,1.1179
1780827559.7111292,-0.7053,0.2317,0.5693,-18.7328,-38.6336,-43.2672,0.9356
1780827559.9040167,-0.7607,0.0276,0.7725,-32.1603,-0.8244,-54.8321,1.0845
1780827560.1048236,-0.5762,0.3162,0.5452,-35.2672,-60.2443,20.4733,0.8539
1780827560.3044083,-0.467,-0.4011,0.3171,6.8855,-10.4351,103.2824,0.6925
1780827560.504718,-0.5564,-0.0032,0.637,-43.9924,-1.8626,5.5573,0.8458
1780827560.705184,-0.7571,-0.3862,0.561,-2.7939,-28.3053,-8.8321,1.0184
1780827560.9048595,-0.6694,-0.0334,0.585,3.9237,-22.229,16.3969,0.8896
0,0,0,0,0,0,0,0
0,0,0,0,0,0,0,0
1780827565.0353851,0.1292,-0.9419,-0.114,4.4885,-9.8397,12.3969,0.9575
1780827565.2358382,0.0955,-1.0247,-0.1428,20.3969,-12.6183,10.4198,1.039
1780827565.4367924,0.0837,-0.8787,-0.1589,19.3435,-34.2061,8.9237,0.8968
1780827565.6358004,-0.1033,-0.52,0.0483,74.6336,-2.3282,28.3588,0.5324
1780827565.8354642,0.1091,-1.2756,-0.5676,49.145,24.2824,91.6031,1.4005
1780827566.0412843,-1.1504,-1.3408,0.3716,210.8626,9.6107,244.7557,1.8053
1780827566.2358449,-0.8718,1.1084,0.9048,-168.9847,-2.1756,37.8015,1.6755
1780827566.4360456,-0.9915,0.1479,0.688,34.0229,2.9771,47.9008,1.2158
1780827566.636714,-0.7822,-0.0269,0.459,1.3969,-21.0153,-7.6183,0.9073
1780827566.8354926,-0.6655,-0.0864,0.6885,50.2366,-16.6107,-6.6336,0.9615
1780827567.0352829,-0.7063,0.1494,0.4016,-17.4427,19.0382,-5.458,0.8261
1780827567.235124,-0.5791,-0.2676,0.6724,26.1527,-78.4962,-74.0916,0.9268
1780827567.434899,-0.7456,-0.5349,0.8508,-11.7176,26.8168,-43.8855,1.2514
1780827567.6358454,-0.8767,-0.0073,0.644,-10.7557,36.8397,-14.374,1.0879
1780827567.836055,-0.6704,-0.0898,0.7402,18.6641,-0.4046,5.9084,1.0027
0,0,0,0,0,0,0,0
0,0,0,0,0,0,0,0
1780827572.1634579,-0.0083,-0.939,-0.4307,-3.2214,-2.2901,23.1908,1.0331
1780827572.3628078,0.019,-0.9194,-0.3958,-1.5954,-2.2824,12.9466,1.0012
1780827572.5633094,-0.0176,-0.9402,-0.3674,12.3282,-23.2748,8.9618,1.0096
1780827572.7630363,0.0493,-0.8025,-0.3752,-2.5725,-16.2595,-0.9389,0.8873
1780827572.9629328,-0.0339,-0.5234,-0.2476,40.1908,-39.8626,33.771,0.58
1780827573.162566,0.1152,-1.1721,-0.8157,62.8092,-1.0916,47.2595,1.4326
1780827573.362324,-1.8826,-2.0,-0.228,-98.2901,90.1069,48.4809,2.7561
1780827573.5627723,-0.8574,-0.5627,0.2229,182.0687,-74.1603,93.2748,1.0495
1780827573.7622845,-0.6008,0.0334,0.3845,-14.8855,11.2824,1.7863,0.7141
1780827573.9681056,-0.8506,0.4277,0.6692,63.9771,-37.3817,35.5496,1.1637
1780827574.162385,-0.4456,0.4592,0.5996,-20.1985,-26.5573,-27.6031,0.8769
1780827574.3641465,-0.7114,0.1021,0.5491,-42.4351,34.8244,-45.626,0.9044
1780827574.5663025,-0.8318,-0.0515,0.6687,9.4427,-8.6641,-12.6183,1.0685
1780827574.7624319,-0.8953,0.4294,0.7012,-83.9924,14.1145,-27.4198,1.2155
1780827574.9624608,-0.2146,-0.2041,0.1941,-122.0305,-11.7252,-54.5573,0.3541
1780827575.162664,-0.5549,-0.0171,0.2861,-23.3969,-79.8321,15.2595,0.6246
1780827575.3644562,-0.9084,-0.292,0.4253,9.8015,30.8855,12.5954,1.0447
1780827575.563067,-0.7207,0.1064,0.6035,-4.5802,-16.3511,23.687,0.946
1780827575.762555,-0.856,-0.1755,0.479,3.9389,5.9466,0.1832,0.9965
0,0,0,0,0,0,0,0
0,0,0,0,0,0,0,0
1780827579.76315,0.0925,-0.9631,-0.2466,8.2748,-7.4656,3.4656,0.9985
1780827579.9629846,0.0964,-0.98,-0.2693,4.8473,-9.1985,8.0916,1.0209
1780827580.1629696,0.1125,-0.9063,-0.291,19.7023,-15.9313,21.1374,0.9585
1780827580.377402,0.0168,-0.2935,-0.1179,-10.1527,-58.4656,14.9237,0.3167
1780827580.562472,0.0535,-0.8381,-0.4868,22.687,46.0229,30.6489,0.9707
1780827580.762517,-2.0,-0.9854,-0.0647,140.1832,-35.2137,250.1298,2.2305
1780827580.9630146,-0.7981,0.24,0.4976,30.0382,-6.0305,13.2519,0.9706
1780827581.1675029,-0.54,-0.5454,0.3987,-193.771,-91.3893,-51.5878,0.8649
1780827581.3651433,-0.9177,0.1167,0.7092,-31.0611,57.2824,-36.3893,1.1657
1780827581.565189,-0.718,0.1648,0.7646,-4.2901,16.2901,-43.9542,1.0618
1780827581.7634575,-0.813,-0.2068,0.6399,-6.687,44.5573,-30.4275,1.0551
1780827581.9636867,-0.7236,-0.009,0.8821,-27.7328,1.6794,-33.4275,1.141
1780827582.1631835,-0.418,-0.0508,0.2153,-42.229,9.7099,62.8168,0.4729
1780827582.3627033,-0.439,0.1533,0.5464,-26.1756,2.7099,-3.458,0.7175
1780827582.5633779,-0.5393,-0.2686,0.5171,-0.2748,-9.0458,-42.8092,0.7939
1780827582.764228,-0.6904,0.0261,0.5662,-2.3206,23.4656,5.8702,0.8933
1780827582.9655588,-0.6794,-0.1362,0.6101,0.7023,-11.9237,-7.7481,0.9233
1780827583.1625519,-0.7668,-0.0376,0.5857,-4.4427,11.4351,6.5191,0.9657
1780827583.363439,-0.7273,-0.0776,0.5996,-2.4885,-1.3893,1.626,0.9458
1780827583.562824,-0.7466,-0.0664,0.6001,-3.5038,-3.5115,-0.5344,0.9602
0,0,0,0,0,0,0,0
0,0,0,0,0,0,0,0
1780827587.1064868,0.0911,-0.9084,-0.251,7.4504,9.6412,4.3588,0.9469
1780827587.3088262,0.1028,-0.9688,-0.3069,5.9313,-9.6183,0.687,1.0214
1780827587.5071082,0.0999,-0.9624,-0.3376,9.9847,0.5954,14.0076,1.0248
1780827587.7064314,0.0669,-0.9121,-0.2998,9.1603,-7.7481,15.3511,0.9624
1780827587.9066186,-0.1431,-0.5793,-0.074,-24.0229,-29.626,-23.7023,0.6013
1780827588.1075022,0.3032,-0.8296,-0.5115,92.6947,-23.1603,70.1679,1.0207
1780827588.3066685,-0.7361,-1.2654,1.4592,-250.1374,202.3435,64.4885,2.067
1780827588.5072808,-0.1377,0.4163,0.5269,78.4122,-102.3359,182.2061,0.6854
1780827588.7074966,-0.9529,1.0615,1.572,175.687,-5.2595,168.4809,2.1227
1780827588.9082427,-0.2651,0.2017,0.4004,126.8779,-2.0687,100.4427,0.5208
1780827589.11345,-0.752,0.1003,0.5747,-8.6183,8.1069,-3.8855,0.9517
1780827589.3076146,-0.9248,0.0127,0.5105,5.8092,46.6031,1.3588,1.0564
1780827589.5071836,-0.6038,-0.0828,0.9041,63.9542,-12.3969,-22.1985,1.0903
1780827589.7074294,-0.748,-0.2053,0.7563,30.8321,0.8931,-64.687,1.0834
1780827589.9068165,-1.0808,0.1233,0.5947,39.3206,6.2977,27.8397,1.2398
1780827590.107233,-0.6064,-0.1357,0.6653,7.8931,-12.2824,-6.4885,0.9104
1780827590.3113077,-0.8574,-0.0325,0.5107,-0.0534,6.4427,9.8321,0.9985
1780827590.5072343,-0.6892,-0.0967,0.6072,3.2137,-10.0534,-5.6794,0.9236
1780827590.7066188,-0.803,-0.0259,0.5405,1.4046,3.0382,3.229,0.9683
1780827590.9067395,-0.7795,-0.0381,0.5662,-5.3511,0.7023,-0.771,0.9642
1780827591.109576,-0.7517,-0.0386,0.5896,-2.5115,-3.3511,-2.6031,0.9561
1780827591.3074644,-0.8115,-0.0576,0.5854,2.8244,-1.9771,1.4885,1.0023
0,0,0,0,0,0,0,0
0,0,0,0,0,0,0,0
1780827595.9134698,0.1438,-0.9702,-0.1055,6.8397,-10.6031,0.1221,0.9865
1780827596.1186159,0.1836,-0.9573,-0.1716,3.9695,-6.4885,-5.9389,0.9897
1780827596.3122199,0.1565,-1.0007,-0.1443,-1.6107,9.9618,7.1679,1.0231
1780827596.5156631,0.1501,-0.8835,-0.1985,8.4198,-21.8015,5.7176,0.9179
1780827596.7129889,0.0959,-0.4958,-0.2837,-42.3511,-34.0763,0.2672,0.5793
1780827596.9265003,0.3171,-0.8833,-0.5017,10.4198,12.4427,1.1603,1.0642
1780827597.1178524,0.1428,-2.0,1.9999,144.3512,137.9389,250.1298,2.832
1780827597.3133643,0.137,0.4155,-0.0527,131.8015,-40.8321,83.5573,0.4407
1780827597.512709,-0.3982,1.1343,1.1616,-63.9084,95.0458,19.2824,1.6717
1780827597.713428,-0.2219,0.333,0.4832,31.9313,44.7176,69.0153,0.6274
1780827597.921676,-0.7102,0.0327,0.5942,4.3511,-55.2672,-6.9237,0.9266
1780827598.1131744,-0.7454,0.1655,0.6794,16.6031,13.2672,-16.9008,1.0221
1780827598.313732,-1.1379,-0.7341,0.8867,39.6336,58.374,15.5573,1.6187
1780827598.5136757,-0.8037,-0.2288,0.8848,31.6565,21.1985,-36.3817,1.217
1780827598.7121685,-1.2153,-0.2573,0.5081,-3.3893,54.5344,17.4733,1.3422
1780827598.9135053,-0.676,-0.0894,0.7864,27.5344,-45.2748,-4.7939,1.0409
1780827599.1134586,-0.8115,-0.1433,0.5134,3.3511,34.3359,13.1603,0.9709
1780827599.3139155,-0.6887,-0.1926,0.5771,-3.3359,-4.771,-11.0916,0.919
1780827599.5130033,-0.7764,-0.1338,0.5786,-0.4427,-5.5573,-5.7176,0.9775
1780827599.713746,-0.7424,-0.156,0.582,-1.8931,-1.3511,-0.3664,0.9562
1780827599.912817,-0.7332,-0.1545,0.5786,-1.4351,-0.5344,0.5573,0.9467
1780827600.1178718,-0.7256,-0.1587,0.5024,3.4885,-14.2061,3.9313,0.8967
0,0,0,0,0,0,0,0
0,0,0,0,0,0,0,0
1780827604.4129121,0.2595,-0.9983,-0.1763,-17.8397,8.3359,16.4351,1.0464
1780827604.6115787,0.2715,-0.9573,-0.1882,-9.4122,-7.5267,7.687,1.0127
1780827604.8259466,0.2083,-0.9731,-0.2202,-1.9542,-8.2061,12.5496,1.0193
1780827605.0130847,0.187,-0.8679,-0.2756,4.1756,-13.6031,14.5802,0.9296
1780827605.215559,0.1997,-0.5508,-0.3447,-45.7634,-57.4809,-29.8397,0.6798
1780827605.4119096,0.3389,-0.4121,-0.0881,55.5496,35.0,-29.542,0.5408
1780827605.6121356,-0.4661,-2.0,-0.6919,166.8321,7.855,7.1603,2.167
1780827605.8120565,-0.3391,-0.082,-0.0632,14.9008,47.6031,99.855,0.3546
1780827606.0121894,-1.3591,-0.4229,0.3064,-42.4885,-32.7405,133.7939,1.456
1780827606.2115152,-1.7124,-0.209,1.2844,84.8626,85.5267,61.8321,2.1508
1780827606.4167616,-0.7375,0.1121,0.5396,19.2672,8.687,-27.374,0.9207
1780827606.6137288,-0.6177,0.248,0.5125,-25.0153,-11.3359,-4.6412,0.84
1780827606.827483,-0.3237,-0.4961,0.2256,-63.3969,-33.229,-30.2061,0.6339
1780827607.0120015,-0.8289,0.1514,0.5374,14.3282,46.5878,27.5114,0.9993
1780827607.2124496,-0.6694,-0.3181,0.5183,-23.4809,-16.6489,-33.3206,0.9044
1780827607.4121726,-0.8447,-0.0422,0.5547,15.4656,14.6947,12.9389,1.0114
1780827607.6121519,-0.7637,-0.1379,0.5542,12.229,-6.0611,-7.771,0.9536
1780827607.812579,-0.8193,-0.1533,0.4424,-1.9084,-2.8855,-0.9847,0.9437
1780827608.01177,-0.7903,-0.1365,0.4502,3.458,-1.0611,3.8473,0.9197
0,0,0,0,0,0,0,0
0,0,0,0,0,0,0,0
1780827615.5505502,-0.1118,-0.9321,-0.3538,-10.1832,8.687,3.6718,1.0033
1780827615.750428,0.0349,-0.7842,-0.4358,-43.2366,-26.7328,-19.6031,0.8978
1780827615.950599,-0.012,-0.5454,-0.3806,-72.9008,-1.0763,-3.2443,0.6652
1780827616.1509411,0.4028,-0.9153,-0.9775,62.1603,39.8473,-19.3282,1.3984
1780827616.3502607,-0.1848,-1.4543,-0.4346,246.1069,-104.4046,180.9389,1.5291
1780827616.5524874,-0.1006,0.0022,0.0459,129.855,-83.7328,200.542,0.1106
1780827616.760803,-1.2219,-0.199,0.9302,220.8397,-38.7176,148.4504,1.5485
1780827616.9507532,-0.387,-0.0735,0.2319,9.6794,-55.4809,46.855,0.4571
1780827617.151415,-1.5525,-0.2969,0.5833,4.2824,42.8244,33.687,1.6848
1780827617.3503895,-0.97,-0.1033,0.5444,14.3282,-40.916,-39.6641,1.1171
1780827617.550736,-0.8999,-0.072,0.6252,16.458,-9.2214,14.5802,1.0982
1780827617.7514515,-0.7017,0.0701,0.394,-92.4427,-77.1832,16.6947,0.8078
1780827617.9597566,-0.5417,-0.3508,0.3333,66.2748,45.4885,59.6031,0.7264
1780827618.150243,-0.696,-0.175,0.5051,7.771,25.458,3.3053,0.8777
1780827618.3502495,-0.5791,-0.3342,0.6572,-0.9466,17.5191,9.0916,0.9376
1780827618.5530772,-0.7634,-0.1077,0.5771,-14.7786,-5.2214,12.4198,0.9631
1780827618.7506585,-0.738,-0.1711,0.6294,0.6336,-6.4809,-0.4656,0.9849
1780827618.9506044,-0.7607,-0.1414,0.5847,-5.2061,0.229,0.8473,0.9698
1780827619.1503174,-0.7344,-0.1082,0.5837,-5.4656,2.9389,1.9618,0.9443
1780827619.350865,-0.7307,-0.1443,0.5891,-0.7176,-3.9542,1.8015,0.9496
1780827619.5509915,-0.7395,-0.1401,0.5786,-2.6031,-2.1069,-2.4962,0.9494
1780827619.7598999,-0.7324,-0.1523,0.5845,0.1985,-0.0382,-0.6107,0.9493
0,0,0,0,0,0,0,0
0,0,0,0,0,0,0,0
1780827623.7931867,-0.0061,-0.926,-0.4971,1.0763,7.7786,-4.8168,1.051
1780827623.9916105,0.0498,-0.7224,-0.6233,-24.6336,-3.5191,-15.4656,0.9554
1780827624.192001,0.0547,-0.4443,-0.4634,-19.1527,8.5802,-2.7405,0.6443
1780827624.39068,0.2593,-0.438,-0.6633,86.1603,-2.916,11.7481,0.8361
1780827624.5912507,0.5007,-1.3132,-1.3894,-115.9008,-44.9542,116.7405,1.9763
1780827624.7960148,-0.2847,-0.3972,-0.0186,84.8244,-19.458,68.9389,0.489
1780827624.990699,-0.4036,1.2844,0.9038,-149.0305,122.7252,-143.687,1.6216
1780827625.197251,-0.0891,0.1089,0.1831,66.3359,-12.2137,28.2901,0.2309
1780827625.395516,-0.4683,-0.0564,0.3804,-33.2366,18.2443,-40.1756,0.6059
1780827625.591784,-0.7144,0.0188,0.6125,2.9771,0.0687,-8.3893,0.9412
1780827625.7947874,-0.9297,-0.8748,0.8184,53.9695,-19.9618,-39.7481,1.5163
1780827625.9913294,-0.7827,-0.2095,0.9734,17.2519,37.3893,-0.4275,1.2665
1780827626.191777,-0.9255,0.0811,0.7695,7.5802,-11.2824,-17.5954,1.2064
1780827626.3912146,-0.5574,-0.1887,0.6646,-4.4351,13.7099,-2.3588,0.8876
1780827626.5914445,-0.77,-0.0791,0.5774,-9.8473,3.1221,3.5267,0.9657
0,0,0,0,0,0,0,0
0,0,0,0,0,0,0,0
1780827631.876009,0.064,-0.9534,-0.4214,10.313,-17.1832,1.4122,1.0443
1780827632.0682664,0.0337,-0.8479,-0.4819,2.0,-6.5496,8.5878,0.9759
1780827632.268223,0.0657,-0.6331,-0.5127,-23.458,-14.3588,-10.2672,0.8173
1780827632.4686785,-0.0647,-0.6841,-0.3066,56.7786,45.3359,7.3588,0.7525
1780827632.6687846,-0.1118,-0.8684,1.5369,250.1298,153.1145,224.4504,1.7688
1780827632.86879,-0.0645,0.5884,0.5315,192.4733,-49.1145,78.8321,0.7955
1780827633.07239,-0.9775,-0.6052,0.304,250.1298,-71.8855,168.0687,1.1892
1780827633.2689672,-0.6235,0.0803,0.3445,-37.6412,-20.5878,-27.9542,0.7169
1780827633.4688833,-0.9294,-0.0344,0.8015,-33.145,21.2061,-35.1832,1.2278
1780827633.6691482,-0.9209,0.2078,0.4746,4.2366,10.5267,-67.3969,1.0566
1780827633.8686774,-0.4946,-0.2686,0.3335,-28.6565,4.855,23.5191,0.6542
1780827634.0717187,-0.469,-0.0923,0.4587,-16.5649,-11.2519,-5.8931,0.6625
1780827634.2859821,-0.8557,-0.115,0.6096,-26.4427,-66.0534,-36.8626,1.0569
1780827634.4774613,-0.7681,-0.0447,0.72,15.9008,-1.3588,5.2748,1.0537
0,0,0,0,0,0,0,0
