time,AccelX,AccelY,AccelZ,GyroX,GyroY,GyroZ,Total_A
1773565951.910339,0.09,-0.84,0.29,-12.93,-24.89,10.43,0.89
1773565951.964527,0.11,-0.88,0.28,-34.55,-13.97,-22.41,0.92
1773565952.0703802,0.09,-0.94,0.29,-16.56,-4.76,32.58,0.99
1773565952.1605778,0.04,-0.95,0.24,-48.47,-17.18,48.98,0.98
1773565952.2788074,-0.0,-0.97,0.21,-18.98,-21.66,6.15,0.99
1773565952.381394,-0.01,-0.97,0.22,-3.94,-26.41,-4.21,0.99
1773565952.4794538,0.07,-0.96,0.17,-18.06,24.7,9.14,0.98
1773565952.5879626,0.01,-0.96,0.18,-16.43,-1.07,3.62,0.97
1773565952.6882036,-0.01,-0.95,0.18,-9.68,-15.27,3.56,0.97
1773565952.7964318,-0.02,-0.95,0.16,-36.7,-28.95,20.98,0.97
1773565952.8955183,-0.01,-0.97,0.14,-24.47,-72.41,14.15,0.98
1773565952.9945664,-0.04,-0.97,0.11,-20.35,-111.37,1.37,0.97
1773565953.098801,-0.04,-1.01,0.08,-33.4,-110.78,-2.81,1.02
1773565953.197308,-0.03,-1.0,0.04,-36.56,-113.41,0.04,1.0
1773565953.3102305,0.01,-0.99,-0.0,-5.63,-88.67,4.35,0.99
1773565953.41309,0.04,-0.98,0.0,8.08,-74.58,-3.45,0.98
1773565953.50224,-0.03,-1.0,-0.06,1.94,-44.84,14.35,1.0
1773565953.615266,-0.09,-1.13,-0.04,-0.0,-69.12,18.4,1.13
1773565953.7144828,0.05,-0.87,0.08,14.2,-152.28,-20.9,0.88
1773565953.8286514,0.09,-0.93,0.11,-66.7,-37.94,-13.89,0.94
1773565953.9296155,0.1,-1.58,0.22,22.7,-48.73,118.63,1.6
1773565954.0294116,0.08,0.11,0.08,53.45,-48.49,38.76,0.16
1773565954.1471128,0.15,-0.85,0.1,-106.18,-106.08,-157.74,0.87
1773565954.238252,0.01,-2.0,0.31,23.8,-63.36,82.96,2.02
1773565954.345927,-0.1,-0.74,0.08,24.63,-28.35,80.67,0.75
1773565954.4540043,0.04,0.1,-0.07,-29.15,-48.95,-105.79,0.13
1773565954.5467212,-0.05,-0.91,0.06,-26.72,-130.75,-137.18,0.91
1773565954.6465423,-0.13,-2.0,0.43,17.95,-85.16,146.76,2.05
1773565954.752699,0.06,-1.31,0.13,-43.01,-7.71,105.57,1.32
1773565954.8485527,0.11,0.04,-0.05,15.4,2.47,-39.6,0.13
1773565954.9619458,0.16,-0.69,-0.12,-95.74,-110.86,-164.35,0.72
1773565955.063642,0.25,-2.0,0.24,14.35,-12.46,29.62,2.03
1773565955.164023,-0.19,-0.64,0.01,8.53,-3.99,28.87,0.66
1773565955.2732327,0.03,0.03,0.04,54.08,-18.49,-54.21,0.06
1773565955.3640428,0.1,-1.76,0.31,-32.73,-11.37,-33.36,1.79
1773565955.4814134,0.07,-1.84,0.37,25.48,85.79,132.44,1.88
1773565955.5790489,0.14,-0.52,0.09,-33.76,88.76,-12.29,0.55
1773565955.6840985,0.04,-0.2,-0.01,-26.4,7.82,-8.58,0.2
1773565955.7794056,0.11,-0.91,0.09,51.25,-111.85,-106.05,0.92
1773565955.895179,-0.05,-1.5,0.36,-16.81,-83.91,91.31,1.54
1773565955.9935122,-0.03,-1.28,0.32,-95.92,-0.08,145.88,1.31
1773565956.10039,0.13,-0.83,0.04,6.12,13.79,-23.6,0.84
0.0,0.0,0.0,0.0,0.0,0.0,0.0,0.0
1773565959.4411535,-0.15,-0.96,0.04,-2.08,-2.78,-8.32,0.97
1773565959.54656,-0.12,-1.0,0.07,-0.47,-4.23,-6.17,1.01
1773565959.6505198,-0.09,-1.15,0.09,11.14,13.4,-27.97,1.16
1773565959.748153,0.02,-1.08,0.15,32.46,46.76,-15.56,1.09
1773565959.8537743,0.12,-1.08,0.1,-1.01,37.11,-45.12,1.09
1773565959.957312,0.03,-0.76,0.1,-30.11,52.69,40.52,0.77
1773565960.061108,0.01,-0.73,0.11,-5.5,-9.05,0.35,0.74
1773565960.166205,0.0,-0.84,0.09,-31.37,-45.01,-24.49,0.84
1773565960.277898,-0.03,-1.1,0.09,-38.9,-92.37,-67.41,1.1
1773565960.3778844,-0.14,-1.31,0.09,-52.5,-79.36,116.69,1.32
1773565960.4791534,0.07,-1.68,0.05,4.02,-46.46,92.4,1.68
1773565960.580348,0.29,-0.47,0.02,19.02,-18.72,44.09,0.55
1773565960.680138,0.0,-0.45,-0.01,-18.58,-23.19,-35.63,0.45
1773565960.7817032,0.05,-0.48,-0.03,-5.44,-39.5,-158.89,0.49
1773565960.8990111,0.11,-1.41,0.04,1.89,-17.01,-105.3,1.41
1773565960.997409,-0.25,-1.66,0.0,32.09,72.27,64.81,1.67
1773565961.0927022,0.09,-1.34,0.19,62.0,94.64,65.75,1.36
1773565961.1963758,0.23,-0.64,0.07,-26.37,97.28,18.96,0.68
1773565961.3029706,0.02,-0.45,0.07,-21.07,47.04,6.99,0.45
1773565961.413241,0.08,-0.72,0.08,-1.11,-54.81,-107.19,0.73
1773565961.513972,-0.04,-1.16,0.16,20.99,-56.09,-35.59,1.17
1773565961.6144924,-0.21,-1.3,0.26,8.15,-53.91,65.34,1.34
1773565961.715006,0.03,-1.41,0.09,-62.53,4.5,37.54,1.42
1773565961.8240888,0.25,-0.72,0.03,-10.78,18.95,39.36,0.76
0.0,0.0,0.0,0.0,0.0,0.0,0.0,0.0
1773565964.6946766,0.01,-1.02,0.11,28.15,-36.29,-41.74,1.02
1773565964.7969372,-0.04,-0.92,0.06,-11.28,-35.41,-1.36,0.92
1773565964.8983295,-0.02,-0.98,0.01,-46.75,-41.42,4.17,0.98
1773565965.026488,-0.1,-0.96,-0.04,-45.04,-43.51,-26.52,0.96
1773565965.1283658,-0.09,-0.92,-0.02,18.82,-52.95,-41.92,0.92
1773565965.214425,-0.09,-0.96,0.04,13.6,-48.0,-53.51,0.97
1773565965.3137476,-0.09,-1.09,0.05,23.19,15.3,-25.41,1.09
1773565965.4342463,-0.09,-1.2,0.18,77.42,1.66,-16.76,1.22
1773565965.5292044,0.22,-1.19,0.18,47.16,66.61,-42.17,1.23
1773565965.6317766,0.24,-0.72,0.16,-60.64,72.69,-21.76,0.78
1773565965.7355037,0.16,-0.61,0.09,-49.56,6.69,55.42,0.64
1773565965.8443477,-0.11,-0.62,-0.07,-56.18,-107.59,4.06,0.63
1773565965.9467704,-0.06,-1.41,-0.02,38.27,-187.3,-122.96,1.41
1773565966.044885,-0.11,-1.37,0.21,37.92,-102.18,81.79,1.39
1773565966.1503534,0.27,-1.56,0.22,20.92,-41.41,58.15,1.6
1773565966.2476933,0.38,-0.75,-0.0,-77.77,-26.47,89.54,0.84
1773565966.3607745,-0.04,-0.41,0.04,1.07,-40.09,45.43,0.42
1773565966.4622593,-0.02,-0.41,0.06,36.4,-80.87,-163.01,0.42
1773565966.5633874,0.2,-0.99,0.23,16.17,-17.22,-131.73,1.03
1773565966.661015,-0.16,-1.64,0.31,30.84,88.79,31.07,1.68
1773565966.776273,0.31,-1.27,0.29,9.91,130.17,11.72,1.34
1773565966.876033,0.21,-0.71,0.16,-13.16,123.31,39.05,0.76
1773565966.9687412,0.14,-0.41,0.03,-4.14,51.68,88.7,0.44
1773565967.0782137,-0.09,-0.68,0.0,-53.31,-72.18,20.47,0.69
1773565967.1938183,-0.19,-1.08,0.09,-37.74,-183.18,-67.45,1.1
1773565967.3015127,-0.06,-1.97,0.47,40.18,-139.47,-76.69,2.03
1773565967.3941245,0.3,-0.8,0.1,-73.68,-16.46,64.43,0.86
0.0,0.0,0.0,0.0,0.0,0.0,0.0,0.0
1773565970.0630994,0.04,-0.96,0.14,-9.45,-118.64,-20.83,0.97
1773565970.1613994,0.03,-0.99,0.08,-11.47,-109.44,-2.54,0.99
1773565970.2631965,0.01,-1.01,0.08,-39.62,-111.33,-12.21,1.02
1773565970.371581,-0.07,-0.92,0.14,31.31,-85.15,-13.6,0.94
1773565970.4689565,-0.03,-0.95,0.14,17.56,-35.44,-17.59,0.96
1773565970.5635462,0.05,-1.21,0.22,61.18,1.79,-36.43,1.23
1773565970.6793902,0.19,-1.21,0.32,49.97,69.13,-82.72,1.27
1773565970.7767494,0.27,-0.81,0.2,-28.43,110.09,47.95,0.87
1773565970.8892446,0.15,-0.85,0.23,-30.73,66.4,66.61,0.89
1773565970.9792483,0.08,-0.75,0.14,-85.74,22.41,51.51,0.76
1773565971.086118,-0.06,-0.64,0.04,-31.51,-8.28,-63.65,0.64
1773565971.193357,0.02,-1.26,0.16,-13.76,-91.28,-85.66,1.27
1773565971.2853618,-0.14,-1.46,0.2,-23.05,-121.66,103.46,1.48
1773565971.3989058,0.07,-1.13,0.11,-22.21,-62.34,49.54,1.14
1773565971.4969585,0.28,-0.92,-0.12,-75.33,-57.01,64.3,0.97
1773565971.6098614,0.28,-1.09,0.15,90.41,-108.81,36.7,1.13
1773565971.7099786,-0.18,-0.08,0.09,47.8,-66.49,14.3,0.22
1773565971.8149984,-0.02,-0.45,0.19,-79.15,-61.05,-281.53,0.49
1773565971.923545,0.57,-2.0,0.37,-13.54,62.79,-117.82,2.11
1773565972.0189016,0.12,-1.62,0.48,139.4,177.57,142.08,1.69
1773565972.1252053,0.25,-0.43,0.15,-87.37,128.23,7.77,0.52
1773565972.2252254,0.34,-0.57,0.14,-64.15,91.3,31.14,0.67
1773565972.3297124,-0.05,-0.54,0.05,-71.79,4.34,-10.66,0.54
1773565972.4221618,0.07,-0.98,0.07,-14.58,-104.98,-189.12,0.98
1773565972.5295222,-0.04,-1.86,0.33,109.42,-85.18,27.85,1.89
1773565972.6468012,0.41,-1.21,0.26,64.67,-14.09,121.28,1.3
1773565972.7436745,0.28,-0.62,0.07,-78.11,-27.39,147.3,0.68
1773565972.84456,0.02,-0.63,0.05,-10.64,-62.89,12.38,0.63
0.0,0.0,0.0,0.0,0.0,0.0,0.0,0.0
1773565975.7507734,0.11,-0.88,0.3,10.37,-29.54,-87.08,0.93
1773565975.8595693,0.03,-0.86,0.34,-49.31,-5.05,-31.42,0.93
1773565975.9676602,-0.01,-1.05,0.26,37.19,3.28,-33.07,1.08
1773565976.067367,-0.04,-0.84,0.17,-44.35,10.05,12.3,0.86
1773565976.1723945,-0.08,-0.92,0.08,-70.84,-25.62,-53.16,0.93
1773565976.2739005,0.15,-1.06,0.17,-12.27,-60.79,-15.94,1.09
1773565976.3788922,-0.01,-1.12,0.13,-43.27,-91.42,21.14,1.13
1773565976.4766695,0.37,-1.17,0.11,-5.54,-66.82,85.48,1.23
1773565976.5785756,0.05,-0.93,-0.08,-51.1,-83.51,91.3,0.94
1773565976.6758523,0.09,-0.68,-0.01,22.37,-139.21,43.63,0.69
1773565976.7933395,0.04,-0.71,0.16,68.67,-134.99,-84.63,0.73
1773565976.896782,0.11,-0.89,0.32,40.81,-37.3,-96.79,0.95
1773565977.0098422,0.04,-1.35,0.39,19.56,45.56,-72.64,1.41
1773565977.0937495,0.46,-1.44,0.52,56.78,182.73,24.87,1.6
1773565977.2094195,0.24,-0.62,0.15,-158.98,165.71,109.17,0.68
1773565977.2989094,0.11,-0.46,-0.01,-28.4,50.73,49.25,0.47
1773565977.4095483,0.02,-0.72,0.03,-3.15,-74.31,-147.5,0.72
1773565977.5120502,0.16,-1.1,0.12,13.62,-140.4,-75.91,1.12
1773565977.625878,-0.55,-1.7,0.25,88.7,-140.64,174.55,1.81
1773565977.7285752,0.59,-0.85,0.24,-67.59,-18.98,115.95,1.06
1773565977.8440862,0.16,-0.67,0.03,-115.79,-7.89,104.15,0.69
1773565977.9290707,0.11,-0.55,0.15,101.62,-68.82,-99.83,0.58
1773565978.0593984,0.12,-0.64,0.32,78.31,31.24,-139.99,0.73
1773565978.1467493,-0.15,-1.2,0.37,-3.98,206.18,-8.64,1.27
1773565978.2550068,-0.3,-1.79,0.55,63.22,170.49,26.49,1.9
1773565978.3464394,0.48,-0.67,0.23,-141.85,100.0,-3.97,0.85
1773565978.4442143,0.06,-0.64,0.01,-62.4,26.84,84.67,0.64
0.0,0.0,0.0,0.0,0.0,0.0,0.0,0.0
1773565980.8930526,0.01,-1.04,0.08,-2.89,-91.13,-41.33,1.04
1773565981.0925615,0.05,-0.9,0.04,6.38,-70.82,29.79,0.9
1773565981.1085026,0.03,-0.95,0.12,15.57,-60.79,-8.87,0.96
1773565981.2062871,0.07,-1.01,0.22,87.31,-13.62,-87.82,1.04
1773565981.3090162,0.1,-1.36,0.41,27.59,62.55,-44.75,1.42
1773565981.4106894,0.29,-0.83,0.15,-75.71,139.19,154.56,0.89
1773565981.5128658,0.07,-0.71,0.16,-31.07,54.7,0.69,0.73
1773565981.6266732,0.22,-0.74,0.13,-6.18,20.23,-37.19,0.78
1773565981.711833,0.01,-0.8,-0.0,-44.46,-53.66,-42.38,0.8
1773565981.8129263,0.02,-1.19,0.1,100.17,-150.2,-169.88,1.2
1773565981.9277165,0.17,-1.41,0.25,-42.32,-194.89,40.14,1.45
1773565982.0263016,0.27,-1.07,0.01,11.6,-97.12,196.27,1.11
1773565982.1335204,0.27,-1.02,-0.1,-30.98,-157.07,188.27,1.06
1773565982.228416,0.23,-0.77,0.11,32.76,-82.49,133.72,0.82
1773565982.3432815,-0.03,-0.23,0.11,-66.76,-78.02,-45.34,0.26
1773565982.4339736,0.11,-0.91,0.21,50.73,-16.63,-268.93,0.94
1773565982.5428038,0.14,-1.57,0.36,51.25,88.0,-104.81,1.61
1773565982.6487677,0.23,-1.36,0.37,110.84,174.06,18.14,1.42
1773565982.7596123,0.2,-0.52,0.18,-143.19,151.63,23.83,0.58
1773565982.859052,0.14,-0.65,0.09,-74.5,108.96,42.14,0.67
1773565982.9596255,0.07,-0.67,0.05,-27.98,15.86,-71.76,0.68
1773565983.0664256,0.11,-1.01,0.16,39.42,-68.61,-101.16,1.02
1773565983.1601706,-0.01,-1.44,0.35,76.58,-63.7,94.09,1.49
1773565983.259937,0.38,-0.94,0.22,-80.23,-16.64,68.82,1.04
1773565983.3765297,0.12,-0.84,0.09,-59.6,17.27,144.58,0.85
1773565983.4715118,0.19,-0.68,0.19,13.21,-31.88,-13.16,0.73
1773565983.5781236,0.1,-0.68,0.18,-25.36,7.08,-44.79,0.71
0.0,0.0,0.0,0.0,0.0,0.0,0.0,0.0
1773565985.7037952,0.13,-0.86,0.46,62.78,-56.78,-28.4,0.99
1773565985.7871318,0.09,-0.85,0.34,-28.7,-6.34,-39.24,0.91
1773565985.891546,0.11,-0.93,0.21,-65.6,18.46,-20.43,0.96
1773565985.9932082,0.07,-1.1,0.09,-16.78,-28.29,19.54,1.11
1773565986.0921278,0.01,-1.26,0.09,-29.25,-127.36,66.11,1.26
1773565986.200462,0.1,-1.18,0.02,72.69,-117.31,56.53,1.18
1773565986.3088777,0.4,-0.73,0.15,16.21,-102.58,76.21,0.85
1773565986.409912,0.35,-0.85,0.19,19.24,-139.95,-3.99,0.94
1773565986.516282,0.05,-0.4,0.19,-17.65,-130.98,0.79,0.44
1773565986.608454,0.16,-0.9,0.42,37.63,-188.66,-204.35,1.0
1773565986.7097883,0.23,-1.61,0.52,55.54,88.98,9.45,1.71
1773565986.825169,0.15,-1.29,0.44,87.24,139.92,107.72,1.37
1773565986.9175415,0.53,-0.57,0.24,-192.27,149.85,71.6,0.81
1773565987.0251005,0.13,-0.63,-0.02,-136.02,72.64,57.11,0.65
1773565987.127801,-0.07,-0.65,-0.01,40.41,-59.37,-88.66,0.66
1773565987.2337697,0.12,-0.97,0.1,59.08,-98.47,-79.59,0.98
1773565987.323296,-0.12,-1.54,0.17,8.72,-110.73,55.66,1.55
1773565987.444754,0.33,-1.32,0.32,59.1,-66.57,59.6,1.39
1773565987.5449464,0.25,-0.73,-0.07,-157.22,-49.12,219.04,0.77
1773565987.6335502,0.13,-0.64,0.05,46.26,-96.46,-67.47,0.66
1773565987.7601788,0.2,-0.6,0.22,70.55,-85.71,-186.18,0.67
1773565987.859123,0.09,-0.93,0.35,-64.24,-23.3,-24.52,0.99
1773565987.9501357,-0.67,-1.43,0.3,202.67,99.36,147.02,1.6
1773565988.0661595,0.33,-1.15,0.73,-46.24,179.66,-177.13,1.4
1773565988.16171,0.41,-0.75,0.13,-264.58,119.71,31.14,0.87
1773565988.2612736,-0.06,-0.67,-0.03,-16.93,36.21,150.15,0.67
0.0,0.0,0.0,0.0,0.0,0.0,0.0,0.0
1773565990.4172387,0.26,-1.18,0.15,93.83,-33.31,-11.47,1.22
1773565990.4845386,0.41,-1.04,0.18,-3.51,-14.05,38.29,1.13
1773565990.576283,0.22,-0.77,0.13,-32.47,-28.44,100.3,0.81
1773565990.677166,0.12,-0.74,0.16,6.14,-79.42,4.85,0.76
1773565990.792036,0.22,-0.73,0.23,95.5,-112.35,-77.48,0.79
1773565990.8960552,0.22,-0.91,0.29,-16.84,-81.42,-17.27,0.98
1773565991.001049,0.09,-1.21,0.17,-63.16,-70.34,44.35,1.22
1773565991.0924113,0.17,-1.23,0.13,15.04,-98.08,77.34,1.24
1773565991.1936958,0.42,-0.95,0.07,-94.38,-106.12,89.66,1.04
1773565991.3095524,0.16,-0.82,-0.07,29.98,-98.41,159.25,0.84
1773565991.4091823,0.17,-0.65,0.07,77.95,-139.53,-27.86,0.67
1773565991.5117605,0.19,-0.67,0.26,26.44,-124.86,-102.92,0.74
1773565991.608748,0.22,-1.08,0.36,-20.82,-38.08,-72.11,1.16
1773565991.721794,0.08,-1.34,0.38,37.82,55.65,-46.28,1.39
1773565991.8259692,0.55,-1.06,0.41,60.96,144.15,31.33,1.26
1773565991.9257824,0.19,-0.55,0.22,-192.41,93.37,39.86,0.62
1773565992.024849,0.19,-0.77,0.14,-56.27,118.61,24.09,0.81
1773565992.1280844,0.2,-0.78,0.07,-1.57,19.66,-20.4,0.81
1773565992.2414382,0.06,-1.01,0.09,-34.95,-54.52,-71.21,1.02
1773565992.3412566,-0.12,-1.34,0.16,32.41,-172.82,0.81,1.35
1773565992.4334605,0.61,-1.37,0.24,47.82,-11.24,36.44,1.52
1773565992.54312,0.28,-0.73,-0.04,-112.98,-72.28,162.84,0.79
1773565992.651569,0.22,-0.73,0.11,-0.46,-84.44,8.5,0.77
0.0,0.0,0.0,0.0,0.0,0.0,0.0,0.0
1773565996.2546904,0.09,-0.98,0.07,-6.55,-46.75,2.78,0.99
1773565996.3439946,0.04,-0.95,0.04,-30.72,-71.74,0.98,0.95
1773565996.4513576,0.05,-0.98,0.07,-0.58,-86.5,-33.07,0.98
1773565996.5477417,-0.02,-0.91,0.14,18.06,-91.07,-27.51,0.92
1773565996.6430576,0.03,-1.01,0.22,37.19,-64.78,-32.0,1.03
1773565996.7595358,0.11,-1.01,0.28,51.5,-0.17,-23.1,1.05
1773565996.8630283,0.19,-1.08,0.29,67.27,62.17,-82.05,1.13
1773565996.974849,0.45,-1.06,0.25,-40.15,89.51,-19.13,1.18
1773565997.060159,0.12,-0.66,0.18,-36.58,94.38,52.32,0.7
1773565997.1662822,0.28,-0.84,0.21,-19.8,40.11,0.76,0.91
1773565997.2774837,0.1,-0.81,0.12,-50.35,-17.16,38.23,0.83
1773565997.3843334,0.02,-0.84,0.06,32.53,-103.85,-28.05,0.84
1773565997.4854429,0.05,-1.14,0.15,-5.6,-179.88,-7.16,1.15
1773565997.5743997,-0.21,-1.42,0.24,61.97,-164.32,104.29,1.45
1773565997.6902883,0.59,-0.93,0.24,-77.44,-32.84,132.26,1.13
1773565997.792115,0.21,-0.97,0.11,-111.82,-97.59,168.23,0.99
1773565997.890588,0.03,-0.33,0.09,14.63,-112.15,16.56,0.35
1773565997.9916606,0.14,-0.5,0.06,36.06,-51.82,-200.05,0.52
1773565998.0919423,0.26,-1.31,0.28,-11.01,34.79,-151.73,1.36
1773565998.2082517,0.16,-1.76,0.33,149.36,96.0,58.23,1.79
1773565998.313615,0.34,-0.6,0.37,-99.34,160.53,58.21,0.78
1773565998.4073277,0.31,-0.68,0.1,-155.42,98.37,-3.42,0.75
1773565998.5159273,0.06,-0.64,-0.01,-87.63,43.33,58.75,0.64
1773565998.6239607,0.03,-0.75,0.01,61.66,-74.15,-53.31,0.75
1773565998.7253373,-0.12,-1.15,0.14,34.12,-182.46,-54.26,1.16
0.0,0.0,0.0,0.0,0.0,0.0,0.0,0.0
1773566000.624333,0.26,-1.01,0.24,159.98,-90.92,-55.97,1.07
1773566000.7247622,0.26,-1.05,0.22,52.93,-32.08,56.41,1.11
1773566000.8309183,0.27,-1.01,0.18,4.06,-38.05,59.28,1.06
1773566000.9405203,0.3,-0.88,0.24,13.95,-132.57,29.46,0.96
1773566001.0403347,0.38,-0.76,0.23,28.52,-161.79,127.53,0.88
1773566001.1421216,0.19,-0.66,0.21,110.38,-212.02,-8.75,0.72
1773566001.2406976,0.33,-0.79,0.39,99.3,-195.15,-50.86,0.94
1773566001.3446286,0.25,-0.94,0.36,18.09,-165.08,37.79,1.04
1773566001.4569464,0.19,-1.04,0.31,6.06,-143.22,84.29,1.11
1773566001.5607424,0.32,-1.18,0.36,-2.35,-148.55,109.48,1.27
1773566001.660931,0.5,-1.11,0.24,-96.81,-64.66,142.79,1.24
1773566001.757982,0.21,-0.62,-0.15,-73.95,-150.84,148.37,0.67
1773566001.8598862,0.63,-1.04,0.19,174.31,-207.16,-63.99,1.23
1773566001.9750404,0.2,-0.43,0.25,-40.03,-137.31,34.08,0.54
1773566002.0807388,0.02,-0.53,0.22,41.19,-106.29,-204.72,0.57
1773566002.181693,0.62,-1.53,0.63,1.53,24.56,-140.49,1.76
1773566002.27527,0.13,-1.48,0.43,164.96,209.22,279.37,1.55
1773566002.3756757,0.31,-0.51,0.17,-136.92,170.55,113.91,0.62
1773566002.490189,0.21,-0.55,0.16,-92.47,59.6,-68.61,0.61
1773566002.578503,0.27,-0.67,0.2,-32.12,15.91,-80.02,0.75
1773566002.6937702,0.15,-0.73,0.16,-45.28,-53.45,-96.92,0.77
1773566002.790211,0.07,-1.71,0.27,68.5,-165.83,-25.83,1.74
1773566002.906824,0.27,-1.27,0.49,115.05,-26.73,117.59,1.39
1773566003.0071824,0.25,-0.67,0.16,-146.86,21.69,163.77,0.73
1773566003.0944884,0.22,-0.8,0.05,2.9,-35.77,39.22,0.83
1773566003.2155106,0.28,-0.52,0.2,33.74,-81.44,-103.62,0.62
1773566003.3116865,0.16,-0.86,0.29,-27.07,-48.26,-146.57,0.92
1773566003.4234784,0.15,-1.3,0.41,18.84,58.96,0.34,1.37
1773566003.5235164,0.16,-1.3,0.57,94.75,98.21,-59.54,1.43
1773566003.631276,0.36,-0.64,0.33,-142.21,172.37,120.52,0.8
0.0,0.0,0.0,0.0,0.0,0.0,0.0,0.0
1773566005.206638,0.31,-0.85,0.33,128.75,-272.63,56.98,0.97
1773566005.314393,0.34,-0.77,0.41,17.79,-271.22,83.5,0.94
1773566005.4146175,0.2,-0.7,0.43,67.77,-207.3,37.43,0.84
1773566005.526374,0.32,-0.73,0.47,77.89,-135.39,-16.79,0.93
1773566005.6312802,0.4,-1.0,0.55,-74.9,-77.19,24.11,1.21
1773566005.7316658,0.34,-1.26,0.31,-42.4,-58.15,32.85,1.34
1773566005.835455,0.4,-0.79,0.14,-31.57,-93.85,196.69,0.9
1773566005.9407787,0.39,-0.96,0.28,53.48,-176.92,118.23,1.08
1773566006.039978,0.34,-0.68,0.37,43.08,-135.94,134.01,0.84
1773566006.1457782,0.02,-0.38,0.28,-23.19,-104.5,20.37,0.47
1773566006.249098,0.25,-0.92,0.49,43.31,-11.47,-177.15,1.07
1773566006.3524811,0.19,-1.2,0.56,-26.37,75.59,-66.23,1.33
1773566006.456148,0.36,-0.88,0.52,65.53,186.92,14.32,1.08
1773566006.5634966,0.24,-0.63,0.41,-142.14,123.31,-43.76,0.79
1773566006.663349,0.21,-0.65,0.19,-144.67,92.64,-15.77,0.71
1773566006.762638,0.07,-0.72,0.08,-74.29,-11.42,-54.66,0.73
1773566006.8630211,0.18,-1.28,0.12,64.79,-129.02,-51.47,1.3
1773566006.9726374,0.31,-1.6,0.37,150.7,-97.07,36.04,1.67
1773566007.074462,0.32,-0.77,0.19,-114.18,-55.68,223.66,0.85
1773566007.178852,0.11,-0.83,0.09,32.7,-55.33,84.09,0.84
1773566007.2821624,0.1,-0.26,0.14,65.53,-122.86,-33.25,0.31
1773566007.3876994,0.42,-0.61,0.48,69.34,-64.72,-231.94,0.88
1773566007.493172,0.32,-1.34,0.63,-63.53,91.48,-101.65,1.52
1773566007.591719,0.39,-1.08,0.48,70.35,179.82,44.72,1.24
1773566007.6917086,0.24,-0.73,0.4,-193.92,70.4,-8.58,0.87
1773566007.7947383,0.15,-0.73,0.12,-120.21,86.47,102.09,0.76
0.0,0.0,0.0,0.0,0.0,0.0,0.0,0.0
1773566010.0772254,0.24,-0.97,0.43,26.21,-24.14,-159.36,1.09
1773566010.1026316,0.44,-1.07,0.56,1.66,13.42,-108.72,1.29
1773566010.2733643,0.47,-0.96,0.63,35.95,70.82,-117.08,1.25
1773566010.3076687,0.49,-0.68,0.44,-77.5,187.36,33.37,0.95
1773566010.4869928,0.38,-0.53,0.37,-101.8,138.88,34.3,0.75
1773566010.5165565,0.27,-0.59,0.22,-130.76,65.11,41.94,0.68
1773566010.6882932,0.2,-0.66,0.1,-8.64,-38.31,-52.25,0.7
1773566010.7245514,0.34,-1.04,0.31,55.68,-115.42,-43.68,1.14
1773566010.8232622,0.13,-1.29,0.46,24.64,-190.06,112.88,1.38
1773566010.9230003,0.47,-1.0,0.5,32.38,-33.27,135.11,1.22
1773566011.0323818,0.33,-0.73,0.27,-73.36,-74.09,149.02,0.85
1773566011.135405,0.28,-0.63,0.26,41.37,-98.24,104.59,0.74
1773566011.2401123,0.2,-0.34,0.28,41.22,-162.73,-35.37,0.48
1773566011.3400354,0.44,-0.85,0.64,-7.48,-108.66,-171.91,1.15
1773566011.4432926,0.28,-1.46,0.78,21.85,19.28,-71.7,1.68
1773566011.5431178,0.4,-0.69,0.59,85.42,214.06,22.85,1.0
1773566011.6494548,0.36,-0.61,0.43,-173.15,132.99,-99.77,0.83
1773566011.741888,0.4,-0.6,0.25,-182.23,139.62,24.15,0.76
1773566011.8566298,0.13,-0.68,0.04,-54.93,14.17,-32.78,0.69
1773566011.9561632,0.09,-1.07,0.2,110.41,-92.99,-21.33,1.09
1773566012.064505,0.28,-1.43,0.45,70.14,-151.74,-66.95,1.52
1773566012.169714,0.35,-0.8,0.17,-81.95,-115.37,130.0,0.89
0.0,0.0,0.0,0.0,0.0,0.0,0.0,0.0
1773566014.1516438,0.25,-0.9,0.37,42.99,-17.76,-48.99,1.0
1773566014.2539155,0.46,-0.8,0.58,67.22,-42.73,-102.25,1.09
1773566014.3597846,0.3,-0.68,0.4,-1.66,40.9,45.98,0.84
1773566014.4621837,0.14,-0.65,0.3,17.95,-12.35,15.63,0.73
1773566014.5707023,0.19,-1.06,0.36,-37.34,-62.5,17.05,1.13
1773566014.6725955,0.08,-1.06,0.22,-61.48,-101.59,115.05,1.08
1773566014.771151,-0.1,-1.4,0.23,2.55,-171.12,80.38,1.43
1773566014.879912,0.38,-1.08,0.28,-7.88,-121.5,173.01,1.18
1773566014.9823935,0.29,-0.75,0.26,51.92,-48.44,209.27,0.84
1773566015.082395,0.04,-0.33,0.22,-53.19,-128.7,30.63,0.4
1773566015.1855934,0.11,-0.39,0.26,-19.66,-154.05,-273.3,0.48
1773566015.2897632,0.56,-1.2,0.62,3.44,29.89,-271.82,1.46
1773566015.391117,0.21,-1.71,0.68,118.41,138.43,31.56,1.85
1773566015.4913683,0.32,-0.48,0.37,-107.53,163.89,82.24,0.69
1773566015.5915096,0.26,-0.64,0.14,-157.59,83.39,56.49,0.7
1773566015.6878889,0.14,-0.57,0.02,-50.23,18.81,-12.21,0.59
1773566015.8036263,0.01,-0.84,0.16,3.91,-96.93,-65.63,0.85
1773566015.9075649,0.07,-1.45,0.4,40.61,-188.26,-56.43,1.5
1773566015.9962735,0.43,-1.23,0.41,-2.56,-17.82,188.67,1.37
1773566016.1227612,0.16,-0.86,0.07,-18.38,-66.58,126.46,0.88
1773566016.2261975,0.14,-0.58,0.2,72.58,-66.73,19.42,0.63
1773566016.3227768,0.22,-0.46,0.34,38.08,-8.84,-62.76,0.62
1773566016.416567,0.02,-0.85,0.38,-81.57,0.5,-89.04,0.93
1773566016.5249462,-0.19,-1.67,0.43,141.71,64.01,59.22,1.73
1773566016.636872,0.45,-0.98,0.44,-131.69,172.21,47.43,1.17
1773566016.7380962,0.08,-0.59,0.06,-95.91,18.69,78.66,0.6
1773566016.832963,0.01,-0.7,0.03,8.75,-54.41,45.71,0.7
0.0,0.0,0.0,0.0,0.0,0.0,0.0,0.0
1773566022.2954004,0.1,-0.88,0.35,7.5,48.56,-110.28,0.95
1773566022.4084475,0.05,-1.21,0.35,-25.33,89.36,-35.71,1.26
1773566022.5104258,-0.12,-1.1,0.2,-27.22,58.14,-26.9,1.12
1773566022.612554,-0.15,-0.58,-0.07,-76.2,-22.84,4.11,0.61
1773566022.7237594,0.08,-0.47,-0.1,2.49,-121.82,9.08,0.48
1773566022.8247054,0.44,-2.0,0.08,-18.5,-214.76,-100.44,2.05
1773566022.9226096,0.04,-0.75,0.37,-37.07,-154.55,127.07,0.83
1773566023.0415795,0.12,-0.06,0.53,23.86,71.22,-48.09,0.55
1773566023.1225984,0.6,-0.89,0.57,-8.6,318.23,43.34,1.22
1773566023.2244928,0.32,-1.98,0.15,135.36,450.24,-205.21,2.01
1773566023.3276892,-0.23,-0.32,-0.44,-236.76,108.47,130.96,0.59
1773566023.438334,-0.48,-0.59,-0.75,53.68,-260.52,0.66,1.07
1773566023.5812824,0.45,-2.0,-0.06,-8.38,-344.55,-140.14,2.05
1773566023.649503,0.15,-0.49,0.98,-48.93,-262.53,-120.15,1.11
1773566023.7408462,0.39,-0.33,0.49,-105.08,285.45,-4.12,0.71
1773566023.8489213,0.99,-1.52,0.38,144.73,489.97,-24.29,1.85
1773566023.9574735,0.38,-1.15,-0.57,-81.25,222.5,-95.48,1.34
1773566024.0599096,-0.4,-0.15,-0.71,-48.31,-76.09,163.56,0.83
1773566024.1708045,-0.03,-0.55,-0.39,157.59,-402.34,-118.41,0.68
1773566024.2588103,0.96,-2.0,0.59,-56.12,-303.16,186.72,2.3
1773566024.3705602,0.01,-0.33,0.48,-3.34,-182.69,3.01,0.58
1773566024.4782355,0.09,-0.04,0.5,-48.08,78.79,-27.45,0.51
1773566024.570988,0.6,-1.86,0.62,69.18,440.38,-93.04,2.05
1773566024.6910474,0.18,-1.2,-0.35,-53.45,299.39,-79.8,1.26
1773566024.784655,-0.12,-0.24,-0.6,-7.01,79.01,23.75,0.66
0.0,0.0,0.0,0.0,0.0,0.0,0.0,0.0
1773566026.5744758,0.05,-0.82,0.32,102.87,-172.55,-140.64,0.88
1773566026.6791322,0.36,-1.06,0.55,14.46,-2.7,-87.53,1.25
1773566026.7722073,0.04,-1.18,0.21,4.41,174.49,87.19,1.2
1773566026.8768697,-0.36,-0.96,-0.29,23.63,33.47,-7.83,1.07
1773566026.9890313,-0.01,-0.49,-0.57,-162.84,-278.6,1.86,0.75
1773566027.0907018,0.17,-2.0,-0.6,91.11,-510.57,-29.53,2.09
1773566027.1899729,0.46,-1.08,0.42,21.88,-289.88,194.55,1.24
1773566027.294727,-0.0,0.14,0.52,-66.08,-53.5,57.5,0.54
1773566027.4025445,0.71,-0.63,0.6,-33.45,118.24,-94.2,1.13
1773566027.507137,0.65,-2.0,-0.02,31.02,438.2,112.79,2.1
1773566027.6055388,-0.16,-0.48,-0.84,-93.19,183.11,111.14,0.98
1773566027.7123675,-0.2,0.17,-0.65,16.56,-69.94,37.88,0.7
1773566027.8055315,-0.02,-2.0,-0.32,-167.1,-492.92,72.47,2.03
1773566027.9058752,0.25,-1.78,0.3,-16.79,-376.75,-15.12,1.83
1773566028.0151217,0.16,0.26,0.7,52.66,-75.62,-87.42,0.77
1773566028.1243353,0.68,-0.32,0.72,57.73,233.3,-13.77,1.04
1773566028.2258966,0.76,-2.0,0.24,-28.27,435.1,3.94,2.15
1773566028.3185506,-0.13,-0.58,-0.66,-129.92,253.94,205.3,0.89
1773566028.4357717,-0.33,0.09,-0.7,39.98,-113.39,82.04,0.78
1773566028.5258749,0.06,-1.05,-0.13,-37.22,-350.43,52.3,1.06
1773566028.6389377,0.33,-1.77,0.34,-52.66,-359.39,86.55,1.84
1773566028.7448928,0.05,-0.21,0.31,27.31,-211.45,-51.02,0.38
1773566028.8408432,0.14,-0.21,0.57,52.09,92.06,136.9,0.62
1773566028.958542,0.44,-2.0,0.05,76.15,265.47,-82.78,2.05
1773566029.055872,-0.12,-0.91,-0.18,-86.47,37.34,213.16,0.93
0.0,0.0,0.0,0.0,0.0,0.0,0.0,0.0
1773566030.483569,0.37,-2.0,-0.19,-22.78,-460.92,-34.75,2.04
1773566030.5794065,0.3,-1.17,0.35,1.3,-347.97,76.24,1.26
1773566030.6899557,0.16,-0.05,0.45,-7.56,-140.93,-91.15,0.48
1773566030.787643,0.44,-0.72,0.49,-1.56,111.01,-59.94,0.98
1773566030.8863964,0.69,-2.0,0.11,55.83,437.11,62.09,2.12
1773566030.9884758,0.08,-0.89,-0.46,-37.47,238.64,61.3,1.01
1773566031.0902274,-0.27,-0.02,-0.63,-43.22,25.04,169.83,0.69
1773566031.1887257,-0.06,-0.79,-0.35,-72.53,-379.05,43.08,0.87
1773566031.3028834,0.36,-2.0,0.34,-115.28,-351.79,-3.39,2.06
1773566031.4051704,0.12,-0.08,0.51,119.47,-72.11,-80.86,0.53
1773566031.5110412,0.08,0.21,0.43,153.83,154.38,189.39,0.48
1773566031.6114848,0.96,-1.83,0.69,112.02,402.46,-307.18,2.18
1773566031.7118618,0.51,-1.43,-0.22,-225.56,180.4,-33.48,1.53
1773566031.8222048,-0.45,-0.17,-0.71,-25.15,109.6,59.65,0.86
1773566031.919412,0.16,-0.2,-0.28,136.03,-218.75,-150.28,0.38
1773566032.0261014,0.81,-2.0,0.09,23.39,-196.58,289.89,2.16
1773566032.1204712,0.0,-0.89,0.2,-21.98,-240.73,46.5,0.91
1773566032.227303,0.16,-0.06,0.47,-11.3,-108.64,89.16,0.5
0.0,0.0,0.0,0.0,0.0,0.0,0.0,0.0
1773566033.8486917,-0.05,-0.71,-0.29,28.27,-202.28,-17.77,0.77
1773566033.9405253,0.23,-2.0,-0.14,-130.17,-394.46,31.27,2.02
1773566034.0447505,0.18,-0.98,0.31,-8.66,-236.41,67.01,1.04
1773566034.155627,0.21,-0.07,0.38,-54.37,-136.18,-119.86,0.44
1773566034.256816,0.28,-0.68,0.5,61.47,49.65,-68.38,0.89
1773566034.3614163,1.01,-2.0,0.21,64.96,390.87,-96.34,2.25
1773566034.4564407,0.03,-1.1,-0.31,-17.69,203.72,0.55,1.14
1773566034.5733092,-0.49,-0.03,-0.49,-95.68,-5.36,96.43,0.69
1773566034.6724534,0.01,-0.76,-0.51,95.34,-367.53,-31.71,0.92
1773566034.7720978,0.66,-2.0,0.23,-24.43,-288.67,221.19,2.12
1773566034.8751645,0.1,-0.44,0.46,-47.94,-218.78,-98.55,0.65
1773566034.9837787,0.09,0.14,0.41,-21.59,77.47,34.06,0.44
1773566035.0853102,0.13,-1.07,0.76,85.42,301.6,-51.86,1.32
1773566035.1898663,0.36,-2.0,-0.3,-18.41,337.51,5.98,2.05
1773566035.2901003,-0.39,-0.25,-0.54,-93.19,97.4,77.56,0.71
1773566035.3947773,-0.26,0.01,-0.43,129.48,-125.45,-100.12,0.5
1773566035.496278,0.24,-2.0,-0.0,-98.4,-295.74,29.28,2.01
1773566035.6021917,0.17,-1.56,0.2,-33.66,-276.0,30.63,1.58
1773566035.7065816,0.04,-0.39,0.24,-16.47,-187.5,19.42,0.46
1773566035.8048012,-0.0,0.03,0.31,122.58,-40.12,69.4,0.31
0.0,0.0,0.0,0.0,0.0,0.0,0.0,0.0
1773566038.6620853,0.02,-1.02,-0.02,18.78,-169.51,60.79,1.02
1773566038.7724817,0.08,-0.94,0.1,19.71,-203.66,7.1,0.95
1773566038.8756316,0.07,-0.88,0.17,22.9,-174.4,34.82,0.9
1773566038.9729931,0.15,-0.83,0.29,25.94,-136.98,-52.58,0.89
1773566039.085813,0.28,-0.87,0.41,-39.53,-54.76,-86.78,1.0
1773566039.1726766,0.23,-1.09,0.34,-39.63,83.59,-48.89,1.17
1773566039.2857878,0.04,-0.99,0.18,18.12,132.63,2.52,1.0
1773566039.389009,-0.25,-0.74,-0.11,-56.82,-10.05,7.89,0.79
1773566039.486783,-0.15,-0.59,-0.37,-116.14,-221.91,75.79,0.71
1773566039.587623,0.25,-1.92,-0.33,49.34,-364.53,22.53,1.96
1773566039.6958172,0.46,-1.64,0.23,9.25,-271.53,192.26,1.72
1773566039.8207352,-0.03,-0.23,0.38,-18.73,-96.84,-32.98,0.45
1773566039.909952,0.24,-0.05,0.52,14.99,61.79,-118.41,0.58
1773566040.0119455,0.82,-1.43,0.83,188.78,443.82,-244.61,1.85
1773566040.106548,0.24,-1.91,-0.19,-41.5,368.11,-60.32,1.94
1773566040.2101564,-0.35,-0.17,-0.62,-128.03,36.09,118.82,0.73
1773566040.3090987,-0.3,0.07,-0.39,95.16,-215.53,-24.81,0.5
1773566040.4250343,0.38,-2.0,0.12,-64.23,-407.97,147.94,2.04
1773566040.521125,0.26,-1.17,0.37,-41.31,-298.08,81.21,1.25
1773566040.625555,0.05,0.08,0.5,-15.08,-51.8,0.43,0.51
1773566040.737521,0.2,-0.21,0.27,94.82,180.92,-33.15,0.4
1773566040.8381853,0.99,-2.0,0.64,-30.15,375.66,2.17,2.32
1773566040.9432802,0.13,-1.02,-0.3,-191.05,251.4,-54.35,1.07
1773566041.042734,-0.31,-0.24,-0.53,53.69,22.08,47.4,0.66
1773566041.141807,-0.03,-0.41,-0.29,90.93,-227.97,-32.52,0.51
1773566041.2553823,0.54,-2.0,-0.19,-7.53,-310.7,96.98,2.08
1773566041.349666,0.24,-0.78,0.16,-72.95,-295.3,-5.02,0.83
1773566041.4594078,0.15,-0.12,0.23,-15.21,-194.0,-39.89,0.3
0.0,0.0,0.0,0.0,0.0,0.0,0.0,0.0
1773566042.5395627,0.35,-0.76,0.21,115.8,-231.79,-194.46,0.86
1773566042.6538954,0.34,-1.58,0.41,-128.46,-58.75,2.03,1.67
1773566042.75373,-0.01,-1.4,0.16,156.11,117.56,39.37,1.41
1773566042.854691,-0.39,-0.47,-0.46,82.79,-68.66,-50.23,0.76
1773566042.9591205,0.03,-0.63,-0.44,-17.45,-352.28,120.5,0.77
1773566043.0549214,0.47,-2.0,-0.26,-27.34,-510.57,-62.26,2.07
1773566043.162549,0.61,-1.08,0.41,-104.64,-310.64,190.0,1.31
1773566043.273245,0.08,-0.05,0.63,-61.8,-207.33,-116.14,0.64
1773566043.3713262,0.47,-0.3,0.5,73.59,214.7,-167.39,0.75
1773566043.4770916,1.44,-2.0,0.32,16.61,445.01,-35.83,2.49
1773566043.5735872,0.12,-0.77,-0.6,-69.97,202.05,42.53,0.98
1773566043.6805067,-0.57,-0.11,-0.5,42.21,19.1,139.07,0.76
1773566043.7744043,0.38,-1.23,-0.28,23.63,-445.7,72.81,1.32
1773566043.8917344,0.5,-2.0,0.5,46.24,-253.82,254.15,2.12
1773566043.9959702,0.0,0.27,0.65,-110.4,-152.29,12.56,0.71
1773566044.0941415,0.03,-0.18,0.27,22.44,169.74,28.53,0.32
1773566044.1927557,1.27,-1.97,0.69,49.8,431.77,-171.25,2.45
1773566044.303852,0.29,-1.03,-0.29,-254.26,247.95,19.07,1.11
1773566044.404192,-0.45,-0.1,-0.59,-21.77,-16.64,116.93,0.75
0.0,0.0,0.0,0.0,0.0,0.0,0.0,0.0
1773566046.2582252,0.06,-0.89,0.14,35.65,-65.01,-11.25,0.9
1773566046.37336,0.07,-0.78,0.2,62.99,-24.55,-99.53,0.8
1773566046.471671,0.36,-0.94,0.62,35.62,75.4,-210.69,1.18
1773566046.6028235,0.22,-1.24,0.3,-76.24,160.87,76.32,1.29
1773566046.6799436,-0.22,-0.82,-0.17,-27.88,32.63,17.83,0.86
1773566046.7862422,-0.11,-0.43,-0.32,-33.86,-158.9,4.32,0.55
1773566046.888775,0.19,-1.95,-0.34,-28.89,-321.5,70.98,1.99
1773566046.993695,0.72,-1.54,0.15,73.16,-387.19,141.98,1.7
1773566047.089329,0.11,-0.15,0.45,6.99,-167.95,9.36,0.49
1773566047.206528,0.32,0.14,0.55,-61.94,-23.53,-16.17,0.65
1773566047.3027897,0.56,-1.69,0.68,-1.34,315.89,-127.68,1.91
1773566047.4037654,0.36,-1.47,-0.31,65.16,398.73,-16.0,1.55
1773566047.504939,-0.3,-0.07,-0.65,-51.98,51.07,184.88,0.72
1773566047.6228435,-0.45,-0.24,-0.44,-52.29,-270.31,-133.5,0.67
1773566047.716941,1.15,-2.0,0.0,24.67,-403.85,-37.54,2.31
1773566047.818175,0.23,-1.04,0.45,-62.46,-305.74,107.71,1.16
1773566047.921708,0.07,0.11,0.43,-25.24,-114.55,5.21,0.45
1773566048.0336244,0.39,-0.28,0.69,102.37,93.77,-88.44,0.84
1773566048.120502,0.99,-2.0,0.24,-8.75,445.51,-98.34,2.25
1773566048.228366,-0.07,-0.63,-0.52,-136.38,281.43,132.32,0.82
1773566048.3269746,-0.51,0.03,-0.59,98.4,46.41,52.18,0.78
1773566048.4404352,0.07,-0.73,-0.24,-92.15,-300.63,39.82,0.77
1773566048.542457,0.44,-2.0,0.02,23.04,-306.96,174.88,2.05
1773566048.6404622,0.19,-0.37,0.29,-30.27,-203.41,-64.47,0.51
0.0,0.0,0.0,0.0,0.0,0.0,0.0,0.0
1773566050.722397,0.48,-1.45,0.01,7.44,-132.53,69.02,1.52
1773566050.731954,0.26,-1.12,0.06,-54.06,-185.95,138.3,1.15
1773566050.930519,0.24,-0.59,0.08,23.73,-234.41,47.59,0.64
1773566050.938667,0.23,-0.46,0.27,49.3,-120.41,40.56,0.58
1773566051.0420744,0.09,-0.92,0.48,-4.26,-107.48,-95.39,1.04
1773566051.1413393,0.22,-1.13,0.48,-46.27,108.08,-124.02,1.25
1773566051.239419,0.36,-1.02,0.3,0.72,206.52,8.66,1.12
1773566051.3469796,0.11,-0.94,0.07,-84.11,184.08,81.3,0.94
1773566051.440364,-0.02,-0.53,-0.05,2.98,114.37,28.29,0.54
1773566051.552424,0.05,-0.75,0.01,-27.24,-34.73,-38.93,0.76
1773566051.6580882,0.12,-1.5,0.05,-100.66,-136.31,-28.87,1.51
1773566051.753161,0.15,-1.4,-0.04,-34.21,-177.6,50.37,1.41
1773566051.8699548,0.13,-0.72,0.07,112.0,-154.53,78.29,0.73
1773566051.96996,0.07,-0.41,0.24,65.02,-181.16,39.14,0.48
1773566052.0670006,0.27,-0.78,0.44,7.42,-122.5,-78.43,0.93
1773566052.1699262,0.36,-1.06,0.56,-47.76,56.96,-95.7,1.25
1773566052.2752535,0.39,-1.24,0.28,-41.08,228.88,-43.19,1.33
1773566052.3747356,0.25,-0.74,0.06,-31.54,223.85,29.88,0.78
1773566052.4875636,-0.04,-0.46,-0.15,-41.77,130.34,36.43,0.48
1773566052.5923882,-0.1,-0.99,-0.14,-124.26,-45.86,-69.63,1.0
1773566052.693432,0.14,-1.4,0.02,-57.44,-170.0,-26.76,1.41
1773566052.7909167,0.34,-1.55,0.01,11.04,-153.16,165.27,1.58
1773566052.8958993,0.26,-0.76,0.08,76.09,-163.34,145.02,0.81
1773566053.0055106,0.08,-0.13,0.15,47.71,-93.57,105.6,0.22
1773566053.1078677,-0.02,-0.39,0.28,-46.47,-80.92,-17.13,0.48
0.0,0.0,0.0,0.0,0.0,0.0,0.0,0.0
1773566056.7652164,0.44,-0.99,-0.01,120.58,-194.4,112.34,1.08
1773566056.8175514,0.32,-0.96,-0.07,85.8,-251.37,144.76,1.02
1773566056.9196296,0.24,-0.87,0.03,90.18,-260.75,61.4,0.9
1773566057.025828,0.29,-0.8,0.21,94.73,-202.32,27.56,0.88
1773566057.1176274,0.51,-0.89,0.47,63.36,-132.73,-76.81,1.13
1773566057.2299876,0.57,-0.92,0.4,16.12,-13.05,30.63,1.15
1773566057.334412,0.59,-1.23,0.46,30.73,-14.05,-21.7,1.44
1773566057.4394612,0.18,-0.77,0.06,5.92,-5.66,139.6,0.79
1773566057.539735,-0.2,-0.35,-0.3,-58.76,-177.16,109.51,0.5
1773566057.641418,0.2,-0.87,-0.31,-45.76,-435.39,67.53,0.95
1773566057.750855,0.81,-2.0,0.39,97.07,-411.85,86.2,2.19
1773566057.8502028,0.38,-0.64,0.5,-17.91,-231.24,75.74,0.89
1773566057.9569182,0.17,-0.12,0.49,7.07,-18.02,-173.79,0.53
1773566058.0518882,0.64,-0.77,0.65,37.3,329.6,-138.49,1.19
1773566058.1584468,0.6,-1.59,0.24,-26.29,470.85,-18.09,1.72
1773566058.2680695,0.14,-0.65,-0.5,-209.02,94.18,81.3,0.83
1773566058.3663058,-0.33,-0.41,-0.46,-123.31,-209.89,84.64,0.7
1773566058.4683526,0.31,-1.58,0.21,107.73,-346.35,-14.95,1.62
1773566058.5741694,0.59,-1.17,0.55,27.25,-178.44,207.71,1.42
1773566058.6830344,-0.01,-0.11,0.47,-44.72,-55.18,-27.68,0.48
1773566058.795864,0.59,-0.45,0.68,72.64,190.11,-212.28,1.01
1773566058.8921652,0.73,-2.0,0.38,-65.11,418.38,82.53,2.16
1773566058.9910743,0.0,-0.79,-0.19,-58.53,175.53,5.28,0.82
1773566059.0893238,-0.23,-0.22,-0.43,-18.69,-49.13,73.5,0.54
0.0,0.0,0.0,0.0,0.0,0.0,0.0,0.0
1773566060.464389,0.61,-1.92,1.01,-2.9,-55.53,-106.64,2.26
1773566060.564245,-0.04,-1.13,0.12,-59.3,42.93,117.82,1.14
1773566060.65719,-0.48,-0.44,-0.32,-23.19,-131.97,108.04,0.73
1773566060.7689545,0.33,-0.6,-0.49,6.75,-328.29,49.94,0.84
1773566060.8712962,0.67,-2.0,-0.12,-26.76,-430.08,110.99,2.11
1773566060.969185,0.23,-0.51,0.5,-57.85,-352.78,-72.63,0.76
1773566061.0750628,0.15,-0.07,0.49,-73.56,-113.92,-154.9,0.52
1773566061.17126,0.5,-1.18,0.73,102.73,263.53,-106.49,1.48
1773566061.2788897,0.79,-1.49,-0.13,57.92,345.54,51.3,1.69
1773566061.3755689,-0.0,-0.5,-0.33,-76.55,-3.34,92.24,0.6
1773566061.488022,-0.18,-0.26,-0.51,-8.24,-226.14,183.28,0.6
1773566061.5962808,0.5,-1.93,-0.04,107.16,-510.41,56.78,2.0
1773566061.6948998,0.42,-1.44,0.69,-55.13,-341.56,106.44,1.65
1773566061.804076,0.1,0.37,0.83,-42.6,-91.99,-57.25,0.92
1773566061.9006574,0.44,-0.64,0.54,-1.79,243.85,64.85,0.94
1773566062.0111675,1.18,-1.89,0.35,-5.33,469.85,-24.31,2.26
1773566062.117279,0.03,-0.65,-0.47,-252.4,131.6,69.1,0.8
1773566062.2072823,-0.4,-0.02,-0.47,0.15,-31.37,63.22,0.61
1773566062.3167894,0.13,-1.13,-0.1,59.94,-325.59,84.29,1.14
1773566062.4395812,0.62,-1.8,0.52,-59.89,-349.7,108.27,1.97
1773566062.5289457,0.01,-0.34,0.5,-21.77,-235.77,5.98,0.6
0.0,0.0,0.0,0.0,0.0,0.0,0.0,0.0
1773566064.1320782,0.14,-0.98,0.13,65.85,-98.63,-46.7,1.0
1773566064.235296,0.2,-0.82,0.34,64.6,-23.8,-56.57,0.91
1773566064.3356607,0.46,-1.07,0.5,-9.73,71.85,-86.21,1.27
1773566064.437142,0.39,-1.3,0.35,-29.07,147.82,-32.54,1.4
1773566064.5518038,-0.12,-0.75,-0.04,-5.27,51.3,23.74,0.76
1773566064.66998,-0.13,-0.32,-0.32,-51.59,-245.86,58.66,0.47
1773566064.755988,0.49,-1.57,-0.05,84.82,-329.33,176.08,1.65
1773566064.8540044,0.73,-1.47,0.47,99.82,-226.9,242.06,1.71
1773566064.9685953,0.08,-0.04,0.47,-11.16,-146.9,1.33,0.48
1773566065.0844235,0.12,-0.13,0.74,-134.21,64.15,-141.82,0.76
1773566065.168597,0.61,-1.2,0.69,30.89,330.41,-201.48,1.51
1773566065.2685237,0.57,-1.45,-0.1,-2.23,328.85,-2.6,1.56
1773566065.379442,-0.18,-0.45,-0.34,-93.04,37.11,80.0,0.59
1773566065.484362,-0.33,0.01,-0.41,-43.76,-116.49,193.97,0.53
1773566065.5844154,0.42,-2.0,0.14,-4.81,-353.34,-28.96,2.05
1773566065.6922722,0.35,-1.3,0.47,-8.79,-268.53,58.93,1.42
1773566065.7851207,-0.03,0.27,0.48,47.37,-107.28,-95.62,0.55
1773566065.8877182,0.65,-0.4,0.65,37.62,167.05,-92.26,1.0
1773566066.0018282,0.94,-2.0,0.36,-119.3,383.14,8.38,2.24
1773566066.1112792,0.03,-0.91,-0.3,-108.37,185.48,-9.45,0.95
1773566066.204133,-0.34,-0.12,-0.52,24.93,-36.95,79.6,0.63
1773566066.3054972,0.03,-0.52,-0.33,64.99,-302.52,128.21,0.61
1773566066.40004,0.89,-2.0,0.4,51.89,-339.57,240.58,2.23
1773566066.5034533,0.27,-0.68,0.23,60.7,-333.27,-50.78,0.76
1773566066.6168227,0.22,0.09,0.45,32.6,-99.54,114.29,0.51
1773566066.7169683,0.21,-0.87,0.71,50.78,-31.42,42.82,1.14
0.0,0.0,0.0,0.0,0.0,0.0,0.0,0.0
1773566068.4706163,-0.01,-0.39,-0.31,-112.21,8.44,57.39,0.49
1773566068.5700984,-0.23,-0.38,-0.37,-68.87,-194.75,124.87,0.58
1773566068.6824474,0.29,-2.0,0.08,47.95,-352.78,83.79,2.02
1773566068.7827792,0.24,-1.08,0.53,30.27,-225.01,35.79,1.23
1773566068.893588,0.12,0.05,0.49,-84.81,29.76,-24.18,0.51
1773566068.9981265,0.36,-0.62,0.53,73.53,183.83,-167.8,0.89
1773566069.102009,0.93,-2.0,0.58,-80.79,336.09,-42.89,2.28
1773566069.2020078,-0.01,-0.85,-0.3,-193.31,176.5,27.66,0.9
1773566069.302338,-0.32,-0.03,-0.46,10.6,-20.49,83.8,0.56
1773566069.4084263,0.11,-0.65,-0.26,32.64,-276.76,56.78,0.71
1773566069.5035105,0.9,-2.0,0.43,46.08,-305.28,147.36,2.24
1773566069.618121,0.1,-0.49,0.22,3.22,-226.9,1.22,0.55
1773566069.7181146,0.02,0.19,0.37,152.79,-16.12,74.18,0.42
1773566069.8186848,0.66,-1.05,1.11,33.79,82.87,-55.54,1.66
1773566069.9279356,0.62,-1.32,0.27,-94.08,54.55,-40.52,1.48
1773566070.0318418,-0.3,-0.5,-0.29,-166.26,-48.57,176.34,0.65
0.0,0.0,0.0,0.0,0.0,0.0,0.0,0.0
1773566082.5095122,-0.02,-0.85,0.17,12.18,10.58,-45.74,0.87
1773566082.6115036,0.01,-0.72,0.14,-25.3,-17.27,-63.37,0.74
1773566082.7152736,0.08,-0.57,0.06,-16.09,-6.52,-37.65,0.58
1773566082.819502,0.12,-0.56,0.03,-10.82,0.96,-90.28,0.58
1773566082.921348,0.16,-0.88,0.12,-36.15,-25.66,-71.31,0.9
1773566083.024557,0.23,-1.09,0.09,-23.98,-12.02,-16.57,1.12
1773566083.1284342,0.34,-1.17,0.06,53.22,1.89,20.99,1.22
1773566083.2319045,0.46,-1.06,0.16,8.82,5.56,11.34,1.16
1773566083.336506,0.43,-1.16,0.31,-5.44,25.43,66.43,1.27
1773566083.4395006,0.73,-0.54,0.33,-49.82,113.68,-17.97,0.97
1773566083.5405853,0.51,-0.93,0.05,92.53,-176.4,-502.2,1.06
1773566083.645465,0.07,-1.38,0.04,-141.89,-10.61,265.5,1.38
1773566083.7485535,0.21,-1.03,-0.02,40.49,-30.89,30.41,1.05
1773566083.8515012,0.41,-0.58,0.12,62.64,40.35,21.59,0.72
1773566083.9536862,0.09,-1.02,0.1,-10.58,-21.36,20.35,1.03
1773566084.0585065,0.24,-1.0,0.15,18.23,-24.52,-58.0,1.04
1773566084.162652,0.28,-0.89,0.24,5.71,-4.79,-17.28,0.96
1773566084.2647,0.2,-0.92,0.23,-7.48,-8.43,-1.71,0.96
0.0,0.0,0.0,0.0,0.0,0.0,0.0,0.0
1773566089.2896378,-0.14,-0.84,0.25,-2.6,-1.05,-29.88,0.89
1773566089.3925965,-0.11,-0.82,0.11,-28.2,-1.39,-18.43,0.84
1773566089.4974766,-0.01,-0.8,0.07,-22.69,-17.34,-29.44,0.81
1773566089.599038,0.08,-0.73,0.08,-16.86,-10.61,10.84,0.74
1773566089.7034404,-0.05,-0.86,0.04,-41.24,-8.49,36.01,0.86
1773566089.8064988,0.03,-0.92,0.05,-41.56,-22.53,5.95,0.92
1773566089.9095926,-0.05,-0.88,0.01,-72.66,-32.5,16.3,0.89
1773566090.0140889,-0.17,-0.84,-0.1,-56.9,26.75,25.1,0.86
1773566090.1156693,-0.47,-1.17,-0.08,24.87,-39.31,114.0,1.27
1773566090.2197015,0.25,-1.25,0.0,121.71,-48.58,-38.79,1.28
1773566090.321999,0.25,-0.78,0.07,-85.02,-41.7,322.53,0.82
1773566090.4255466,-0.43,-0.86,0.36,320.9,-224.86,205.36,1.03
1773566090.53078,-0.83,-1.06,0.47,-179.95,-20.76,-239.39,1.42
1773566090.633036,-0.35,-0.88,0.09,20.76,37.25,113.25,0.95
1773566090.7353363,-0.45,-0.77,-0.01,-40.81,-12.38,-9.8,0.89
1773566090.8376484,-0.54,-0.79,0.06,-5.36,3.86,19.22,0.95
1773566090.941376,-0.61,-0.91,0.09,-35.97,13.94,39.3,1.1
1773566091.045694,-0.55,-0.89,0.05,6.5,-36.18,-15.42,1.05
1773566091.147833,-0.43,-0.78,0.08,64.85,-54.41,-60.87,0.89
1773566091.251561,-0.4,-0.76,0.19,27.88,-12.12,-60.66,0.88
1773566091.3546252,-0.49,-0.91,0.17,-9.73,-13.1,-24.75,1.05
1773566091.457438,-0.4,-0.87,0.16,-1.76,-16.92,-27.65,0.97
1773566091.5606058,-0.34,-0.85,0.17,7.66,-28.87,-22.84,0.93
1773566091.6643386,-0.38,-0.91,0.14,5.68,-45.02,-52.0,1.0
0.0,0.0,0.0,0.0,0.0,0.0,0.0,0.0
1773566094.660184,-0.17,-0.94,0.05,-2.0,-10.49,-36.64,0.96
1773566094.6971405,-0.13,-0.94,0.09,2.55,-22.37,-31.27,0.95
1773566094.8640397,-0.12,-0.92,0.09,-21.47,-36.92,-28.58,0.93
1773566094.9019723,-0.12,-0.85,-0.08,-12.27,6.46,-43.3,0.86
1773566095.0698094,-0.07,-0.8,-0.01,-26.41,-26.32,-47.25,0.81
1773566095.1081953,-0.05,-0.92,-0.03,-19.02,-15.15,13.57,0.92
1773566095.2119982,0.02,-0.84,-0.05,-24.63,-18.03,60.08,0.84
1773566095.3145924,0.02,-0.73,-0.07,-62.52,-9.73,67.54,0.74
1773566095.4175663,-0.01,-0.77,-0.12,-104.34,8.52,43.16,0.78
1773566095.5216742,-0.14,-0.95,-0.25,-19.65,-24.75,45.53,1.0
1773566095.6247427,-0.14,-0.99,-0.15,24.53,-31.34,77.8,1.01
1773566095.7274878,-0.27,-1.26,0.49,158.99,-59.88,-16.83,1.38
1773566095.8307545,-0.01,-0.9,0.02,138.69,-74.15,-5.27,0.9
1773566095.9345412,-0.07,-1.07,0.3,53.95,-86.46,-157.73,1.12
1773566096.0364888,-0.08,-1.09,0.39,94.79,54.79,148.04,1.16
1773566096.141662,-0.04,-0.86,0.01,-66.43,9.71,75.53,0.86
1773566096.243686,-0.03,-0.91,0.03,95.45,-25.15,30.0,0.91
1773566096.347378,-0.27,-0.93,0.3,60.79,-33.16,-70.34,1.01
1773566096.451013,-0.2,-1.0,0.29,-31.91,-26.17,-6.11,1.06
1773566096.5524852,-0.18,-1.02,0.25,-99.8,-39.66,11.3,1.06
1773566096.657683,-0.14,-0.85,0.12,9.13,-23.48,28.3,0.87
1773566096.7596877,-0.13,-0.81,0.34,61.97,-19.62,-40.69,0.89
1773566096.8639731,-0.14,-0.9,0.36,-2.87,-11.3,13.59,0.98
0.0,0.0,0.0,0.0,0.0,0.0,0.0,0.0
1773566099.4716334,-0.04,-0.88,-0.0,61.14,26.73,-53.01,0.89
1773566099.5214667,-0.06,-0.88,0.06,11.85,-9.45,-38.29,0.88
1773566099.6214254,-0.15,-0.75,0.01,-22.12,-19.21,22.08,0.76
1773566099.7266948,-0.06,-0.62,0.01,42.64,-16.61,-32.84,0.62
1773566099.8303063,-0.04,-0.68,0.02,-55.66,-15.02,-60.84,0.68
1773566099.933619,0.08,-0.76,0.01,-78.86,16.5,-28.44,0.76
1773566100.036299,0.18,-0.88,-0.13,-38.86,-18.41,-108.06,0.9
1773566100.138968,0.4,-1.4,-0.08,61.18,-34.4,-23.13,1.46
1773566100.24267,0.51,-1.28,0.11,61.8,-20.49,-5.57,1.38
1773566100.3467476,-0.02,-1.26,0.32,88.82,-82.82,-440.6,1.3
1773566100.4466429,0.66,-0.99,0.33,113.86,38.29,-153.88,1.23
1773566100.5564792,0.45,-0.86,0.31,80.53,90.35,238.15,1.02
1773566100.6536982,0.0,-0.82,0.02,-82.14,42.46,246.11,0.82
1773566100.7610545,-0.09,-0.84,-0.02,-10.06,-18.05,43.34,0.85
1773566100.8633063,-0.14,-0.97,0.27,50.85,-32.93,-85.27,1.02
1773566100.9645212,-0.0,-1.12,0.21,-29.13,-30.61,15.68,1.14
1773566101.0665722,0.01,-0.95,0.11,-67.88,-11.73,27.71,0.96
1773566101.1717398,0.09,-0.9,0.12,20.63,-13.89,-14.4,0.91
1773566101.2737164,-0.03,-1.02,0.21,72.69,23.1,-19.99,1.05
0.0,0.0,0.0,0.0,0.0,0.0,0.0,0.0
1773566104.718673,0.09,-0.7,0.05,-34.4,-76.73,57.1,0.71
1773566104.8187158,0.01,-0.64,-0.01,-78.89,-138.31,27.91,0.64
1773566104.9223702,0.02,-0.64,-0.08,-84.24,-146.14,-15.63,0.65
1773566105.0255685,0.1,-0.85,-0.15,-120.2,-117.86,27.43,0.87
1773566105.1277716,0.16,-1.18,-0.22,-85.04,-107.66,30.9,1.21
1773566105.2294009,0.25,-0.95,-0.18,90.26,-158.5,17.27,1.0
1773566105.332471,0.43,-1.31,0.15,194.58,-113.02,24.01,1.38
1773566105.4366643,-0.42,-1.25,0.65,147.45,-106.93,-207.65,1.47
1773566105.5387204,0.28,-1.45,0.31,-59.85,56.98,71.4,1.51
1773566105.6414502,0.07,-1.13,0.12,-99.66,77.71,116.73,1.14
1773566105.7484577,0.24,-0.82,-0.0,-25.5,-25.33,-98.14,0.85
1773566105.8495064,0.04,-0.91,-0.1,102.98,-32.28,20.55,0.92
1773566105.949777,-0.06,-0.95,0.25,152.84,-45.5,-86.02,0.99
1773566106.0556767,-0.07,-1.05,0.23,21.77,1.63,9.46,1.08
1773566106.1568086,0.02,-1.09,0.19,-117.65,4.09,5.1,1.1
1773566106.2637365,0.14,-0.9,0.09,-93.59,-57.95,-14.83,0.91
1773566106.3676548,0.12,-0.87,0.17,68.56,-25.21,53.94,0.89
1773566106.470447,-0.02,-1.0,0.23,62.23,-12.08,-12.06,1.02
0.0,0.0,0.0,0.0,0.0,0.0,0.0,0.0
1773566120.6998937,-0.0,-0.96,0.05,10.76,-62.14,-98.08,0.97
1773566120.8025856,0.05,-1.09,0.07,16.61,-63.45,-32.43,1.09
1773566120.905327,0.09,-1.15,0.14,94.24,-24.43,-44.03,1.16
1773566121.0088902,0.35,-1.16,0.45,182.15,49.51,-144.29,1.29
1773566121.11789,0.36,-0.75,0.14,-137.16,181.97,170.11,0.84
1773566121.216703,0.1,-0.92,-0.07,-132.35,115.14,109.95,0.93
1773566121.3199143,0.01,-0.73,-0.14,-46.32,-14.32,20.0,0.74
1773566121.4222476,-0.02,-0.75,-0.08,40.14,-103.25,-61.37,0.76
1773566121.5295904,-0.0,-1.35,-0.01,14.66,-132.75,-39.71,1.35
1773566121.6295202,-0.02,-1.45,0.04,7.22,-187.68,-8.54,1.45
1773566121.7389133,0.11,-0.8,-0.15,-38.55,-160.66,144.0,0.83
1773566121.836923,0.07,-0.8,-0.04,87.11,-209.97,11.97,0.8
1773566121.9389634,0.15,-0.65,0.19,56.38,-162.23,-72.79,0.7
1773566122.0460124,0.26,-1.05,0.34,-31.16,15.59,-100.76,1.13
1773566122.1449797,0.24,-1.21,0.25,-48.75,125.39,-74.47,1.26
1773566122.261606,0.36,-1.1,0.23,-26.69,124.47,-63.28,1.18
1773566122.3618164,0.22,-0.69,0.17,-29.36,129.66,0.24,0.75
1773566122.4590745,0.25,-0.79,0.06,-97.45,80.06,73.85,0.84
1773566122.568891,0.01,-0.89,-0.11,-103.63,-7.7,41.74,0.9
1773566122.664123,0.1,-1.12,-0.12,28.2,-94.89,-58.43,1.13
1773566122.7687795,0.19,-1.44,0.01,109.4,-202.49,32.37,1.45
1773566122.8697648,0.24,-0.86,-0.04,-42.99,-143.47,109.11,0.89
1773566122.9719489,0.08,-0.83,0.04,1.48,-87.94,54.17,0.84
0.0,0.0,0.0,0.0,0.0,0.0,0.0,0.0
1773566124.458457,0.08,-0.89,0.22,0.43,-36.02,-136.75,0.92
1773566124.5326262,0.12,-1.35,0.25,-10.41,59.04,-104.52,1.38
1773566124.6337464,0.32,-1.24,0.09,208.63,32.24,-35.91,1.28
1773566124.7337768,0.46,-0.76,-0.06,-29.44,-46.78,132.12,0.89
1773566124.8326535,0.16,-0.8,-0.22,-39.74,-189.22,236.7,0.84
1773566124.9366736,-0.14,-0.61,0.11,181.48,-462.79,-258.37,0.64
1773566125.0396943,0.61,-1.11,0.66,-106.11,-158.7,92.79,1.43
1773566125.1482418,0.12,-1.28,0.18,70.31,-100.17,102.4,1.3
1773566125.2494066,0.69,-0.68,0.15,109.01,-95.08,27.3,0.98
1773566125.3485785,0.26,-0.81,0.17,-51.16,66.32,111.68,0.87
1773566125.452241,0.02,-0.33,0.08,-143.36,26.41,-26.93,0.34
1773566125.556836,0.38,-1.03,0.19,-75.11,63.86,-217.79,1.11
1773566125.666752,0.28,-1.65,0.14,-31.42,176.43,-22.92,1.68
1773566125.7625463,0.2,-1.26,0.21,170.98,210.88,56.04,1.3
1773566125.8718562,0.32,-0.54,0.22,-66.52,108.09,-23.94,0.67
1773566125.970094,0.19,-0.58,0.11,-147.28,78.78,23.34,0.62
1773566126.072839,0.18,-0.75,0.04,-75.18,-13.33,-28.75,0.77
1773566126.1767635,0.14,-1.0,-0.04,44.75,-99.8,-4.61,1.01
1773566126.2818751,0.22,-1.37,0.13,82.24,-173.41,-7.34,1.39
1773566126.3857996,0.24,-1.15,0.12,-7.04,-145.53,60.04,1.18
1773566126.4849582,0.21,-0.94,0.05,9.73,-175.12,85.48,0.97
1773566126.5901823,0.16,-0.69,0.09,81.36,-144.43,83.94,0.71
1773566126.6948335,0.2,-0.72,0.24,5.74,-110.93,18.38,0.78
0.0,0.0,0.0,0.0,0.0,0.0,0.0,0.0
1773566128.34856,0.12,-0.67,-0.07,-38.63,-59.53,188.15,0.69
1773566128.4178195,0.07,-0.74,-0.11,35.33,-256.31,47.27,0.75
1773566128.5204644,0.21,-0.94,0.11,79.86,-324.9,-47.6,0.97
1773566128.6229546,0.32,-1.1,0.33,-28.86,-263.07,-38.06,1.2
1773566128.7282104,0.61,-1.14,0.15,-46.63,-287.5,8.63,1.3
1773566128.8302062,0.39,-0.81,-0.03,135.56,-299.24,111.07,0.9
1773566128.933022,0.38,-0.76,0.04,230.29,-316.9,88.52,0.85
1773566129.0379725,0.37,-0.68,0.22,168.84,-233.94,37.74,0.8
1773566129.1406903,0.39,-0.92,0.47,17.24,-91.07,-103.28,1.1
1773566129.2464082,0.52,-0.98,0.49,-39.5,39.92,-133.6,1.22
1773566129.3494065,0.65,-0.96,0.3,-121.59,60.93,42.09,1.2
1773566129.451873,0.34,-0.79,0.14,-37.45,0.29,182.53,0.87
1773566129.5589786,0.33,-0.67,0.09,74.31,-83.76,133.68,0.75
1773566129.6569252,0.34,-0.6,0.23,72.98,-157.21,-1.34,0.73
1773566129.7640803,0.31,-0.92,0.37,-43.02,-82.21,-30.57,1.04
1773566129.863847,0.31,-1.2,0.31,-94.9,-120.35,-15.85,1.28
1773566129.9688058,0.32,-1.36,0.15,104.17,-152.09,97.74,1.4
1773566130.071314,0.39,-0.8,0.03,-12.81,-146.44,260.35,0.89
1773566130.1737757,0.15,-0.66,0.08,79.47,-162.35,122.75,0.68
1773566130.2761924,0.28,-0.57,0.26,48.69,-150.75,-42.25,0.69
1773566130.3820584,0.35,-0.84,0.44,-46.31,-43.94,-74.14,1.01
1773566130.485021,0.31,-1.14,0.43,9.24,86.2,-118.6,1.26
1773566130.5880957,0.41,-1.01,0.43,-9.19,101.02,-152.38,1.17
1773566130.6948454,0.26,-0.75,0.3,-77.8,133.18,-5.73,0.85
1773566130.796266,0.23,-0.64,0.18,-93.19,76.58,45.28,0.7
1773566130.899967,0.17,-0.86,0.12,-32.26,8.58,38.64,0.88
1773566131.0025415,0.18,-1.03,0.16,-3.62,-79.05,-2.63,1.06
1773566131.1058154,0.26,-1.33,0.37,86.08,-127.39,56.38,1.41
1773566131.2097466,0.22,-0.9,0.17,-48.75,-86.02,130.53,0.94
1773566131.3125384,0.16,-0.87,0.19,8.23,-90.96,65.75,0.9
1773566131.414974,0.13,-0.65,0.21,-24.37,-75.89,47.95,0.7
0.0,0.0,0.0,0.0,0.0,0.0,0.0,0.0
1773566133.0160413,0.16,-0.69,0.3,7.77,101.45,8.11,0.77
1773566133.1200378,0.17,-0.88,0.19,-88.05,77.74,8.0,0.92
1773566133.222911,0.07,-0.87,0.09,-79.86,-25.59,-10.64,0.87
1773566133.325834,0.16,-0.84,0.01,74.5,-91.79,37.97,0.85
1773566133.4299023,0.0,-1.36,0.28,-3.36,-128.87,-13.48,1.39
1773566133.5325508,0.39,-1.23,0.33,-9.56,-107.91,-35.57,1.34
1773566133.6350725,0.27,-0.76,0.11,-33.79,-99.63,102.75,0.82
1773566133.740028,0.16,-0.79,0.08,88.44,-145.37,102.37,0.81
1773566133.8422894,0.16,-0.63,0.23,114.99,-124.46,7.95,0.69
1773566133.9459567,0.3,-0.78,0.5,29.57,-57.37,-101.08,0.97
1773566134.0530105,0.35,-0.97,0.55,-69.27,92.05,-87.33,1.17
1773566134.1558008,0.48,-1.08,0.48,-32.09,146.41,-171.48,1.28
1773566134.2616458,0.25,-0.56,0.38,-62.49,166.23,-54.78,0.72
1773566134.3601713,0.16,-0.71,0.27,-80.23,124.84,-5.88,0.78
1773566134.4645748,0.13,-0.89,0.24,-79.86,29.72,-29.54,0.93
1773566134.5681553,0.19,-1.02,0.28,19.01,-43.31,-47.94,1.08
1773566134.674026,0.36,-1.3,0.5,99.73,-61.51,-77.22,1.44
1773566134.7681117,0.27,-0.66,0.28,-58.32,17.88,153.39,0.76
1773566134.8674543,0.11,-0.74,0.35,20.2,24.64,48.56,0.83
1773566134.9791946,0.3,-0.65,0.43,7.73,24.46,-96.2,0.83
1773566135.0787456,0.22,-0.69,0.41,-42.72,93.66,-125.3,0.84
1773566135.1850808,0.42,-1.11,0.63,-2.03,121.92,-144.73,1.34
1773566135.2872276,0.44,-1.14,0.59,-28.2,189.77,-83.28,1.35
1773566135.3927162,0.25,-0.66,0.4,-86.73,236.82,-13.71,0.81
0.0,0.0,0.0,0.0,0.0,0.0,0.0,0.0
1773566137.4140246,0.1,-0.97,0.03,107.51,-291.45,57.16,0.98
1773566137.5279105,0.13,-0.85,0.17,70.38,-229.37,-17.66,0.88
1773566137.6341946,0.13,-0.96,0.17,22.95,-62.47,35.4,0.99
1773566137.7292118,0.18,-1.17,0.14,34.34,29.69,27.8,1.19
1773566137.8348494,0.29,-1.09,0.14,-84.67,-22.58,-15.68,1.14
1773566137.9345326,0.11,-0.77,0.08,-49.59,-39.68,45.04,0.78
1773566138.0445282,0.05,-0.93,0.17,104.75,-77.01,29.11,0.95
1773566138.155463,0.19,-0.72,0.22,93.97,-118.95,-53.57,0.78
1773566138.244625,0.1,-0.76,0.16,-15.39,-76.17,76.3,0.78
1773566138.3533878,0.03,-1.33,0.05,-34.2,-114.12,68.9,1.34
1773566138.4602077,0.24,-1.43,0.03,13.68,-240.37,-11.65,1.45
1773566138.565187,0.21,-0.87,0.01,51.07,-224.53,162.17,0.9
1773566138.6565852,0.1,-0.75,0.16,29.79,-203.99,45.3,0.77
1773566138.7783668,0.11,-0.48,0.27,-7.16,-146.52,-62.57,0.56
1773566138.8627543,0.24,-0.86,0.26,-44.21,-29.36,-56.96,0.93
1773566138.9671912,0.31,-1.77,0.38,-25.97,83.43,-93.21,1.84
1773566139.0944595,0.24,-0.9,0.23,-41.88,81.45,67.01,0.96
1773566139.1761887,0.12,-0.44,0.09,-39.76,60.08,149.82,0.47
1773566139.2777848,0.01,-0.54,-0.02,-27.88,2.37,86.63,0.54
1773566139.387021,-0.1,-1.11,-0.03,-61.65,-68.0,-99.31,1.11
1773566139.4807189,0.05,-1.18,0.07,-80.27,-117.48,-125.13,1.19
1773566139.5795617,0.38,-1.36,-0.06,34.38,-136.46,52.59,1.41
1773566139.692523,0.14,-0.77,-0.0,32.14,-158.6,53.71,0.79
1773566139.8003578,0.13,-0.59,0.11,88.02,-152.47,16.38,0.61
1773566139.8943884,0.2,-0.8,0.32,38.05,-85.68,-103.45,0.88
1773566140.0111616,0.26,-1.11,0.31,-22.72,92.88,-2.05,1.18
1773566140.1099224,0.28,-1.52,0.27,-14.78,150.87,-105.51,1.56
1773566140.2125282,0.19,-0.7,0.18,-34.5,163.88,17.72,0.75
1773566140.3164637,0.14,-0.63,0.08,-53.39,116.82,58.53,0.65
0.0,0.0,0.0,0.0,0.0,0.0,0.0,0.0
1773566144.7838504,0.16,-0.69,-0.07,-28.47,-2.75,-30.4,0.71
1773566144.895181,0.02,-0.69,-0.09,-44.55,-5.82,25.79,0.7
1773566145.0022962,0.13,-0.76,-0.02,37.48,-1.12,-43.82,0.77
1773566145.1079917,0.05,-1.13,-0.09,52.0,-17.22,14.72,1.13
1773566145.2077591,0.24,-1.3,0.13,112.27,-48.79,-18.73,1.33
1773566145.3148146,0.08,-1.52,-0.04,42.24,-15.7,51.45,1.52
1773566145.4102993,-0.25,-1.18,0.45,-118.89,-46.35,-170.55,1.29
1773566145.508052,0.24,-0.98,0.08,20.38,24.92,-54.5,1.01
1773566145.6114662,0.06,-0.95,-0.04,109.24,17.07,14.78,0.96
1773566145.7288404,0.14,-0.95,0.22,137.44,-43.89,-19.3,0.98
1773566145.8310015,0.03,-1.09,0.36,-0.26,-32.66,29.08,1.15
1773566145.9313605,0.03,-1.05,0.28,-44.05,-21.37,35.69,1.09
1773566146.031748,0.31,-1.23,0.36,-150.82,-55.36,-165.8,1.32
1773566146.1352146,0.75,-1.04,-0.03,-98.41,25.19,-14.64,1.28
1773566146.245622,0.23,-1.01,0.11,-94.23,-7.45,-122.38,1.04
1773566146.3486843,0.03,-1.48,0.06,-31.19,32.23,-29.86,1.49
0.0,0.0,0.0,0.0,0.0,0.0,0.0,0.0
1773566147.5136404,0.09,-0.49,0.07,-12.55,-14.5,-17.37,0.5
1773566147.6248066,0.04,-0.65,-0.04,-147.91,11.45,88.92,0.65
1773566147.7268088,0.04,-1.07,-0.08,12.44,73.92,16.72,1.07
1773566147.8423135,0.16,-1.27,-0.18,-110.4,17.91,-19.91,1.3
1773566147.9332647,0.32,-1.42,-0.04,194.92,-74.92,-22.09,1.46
1773566148.038923,0.34,-1.18,0.14,26.21,-33.63,103.97,1.24
1773566148.139851,0.42,-0.83,-0.13,104.9,-172.21,-136.58,0.94
1773566148.2404346,-0.41,-1.2,0.24,-165.76,77.54,137.54,1.29
1773566148.343459,0.09,-0.99,-0.13,-6.72,-50.28,-44.35,1.0
1773566148.4473605,0.16,-0.85,-0.03,81.18,14.21,-109.7,0.87
1773566148.55319,0.14,-0.85,0.21,114.5,-18.35,-65.54,0.89
1773566148.643497,0.15,-0.94,0.22,-39.15,-40.52,109.89,0.98
1773566148.7599983,-0.01,-1.23,0.13,-130.24,-4.7,-3.51,1.23
1773566148.8656378,0.48,-1.36,0.17,-20.27,-30.96,-105.16,1.45
1773566148.9614022,0.7,-1.08,0.09,-38.18,1.98,54.85,1.29
1773566149.0615306,0.08,-0.97,-0.08,-80.24,21.79,-53.73,0.98
1773566149.1641908,0.11,-1.17,-0.07,-14.38,17.21,-84.05,1.17
1773566149.276663,0.03,-1.08,-0.09,13.39,36.49,-27.96,1.09
1773566149.3787518,0.09,-0.67,-0.09,-28.58,-11.05,43.3,0.68
0.0,0.0,0.0,0.0,0.0,0.0,0.0,0.0
1773566155.152652,-0.93,0.8,0.12,-156.41,318.72,-82.31,1.23
1773566155.258161,-1.09,0.17,-0.31,-1.97,153.88,58.21,1.14
1773566155.3617542,-0.94,0.24,-0.08,-11.36,2.32,-164.35,0.97
1773566155.4653783,-0.93,-0.3,-0.11,58.24,-55.02,-25.6,0.98
1773566155.5607824,-0.99,0.18,-0.19,-4.79,-15.7,38.14,1.02
1773566155.6805053,-0.99,-0.11,-0.2,-1.79,-5.36,-20.32,1.01
1773566155.7607174,-0.94,-0.18,-0.14,-41.94,-1.18,-6.49,0.97
1773566155.8804426,-1.07,-0.01,-0.14,8.69,-32.58,8.03,1.08
1773566155.9809964,-1.0,0.02,-0.11,19.97,-12.99,-2.35,1.0
1773566156.0841842,-1.03,-0.02,-0.22,-7.39,4.37,19.37,1.06
1773566156.185202,-1.0,-0.1,-0.15,-14.52,-27.53,-4.75,1.02
1773566156.2941766,-1.0,-0.05,-0.1,-4.11,-14.28,8.61,1.01
1773566156.3961194,-0.97,0.04,-0.18,11.94,-14.4,6.43,0.98
1773566156.4924293,-0.98,-0.07,-0.15,-1.98,-16.17,-8.12,0.99
1773566156.5915153,-0.99,-0.05,-0.15,-7.97,-18.44,-4.37,1.01
1773566156.6952665,-0.99,-0.02,-0.14,2.06,-10.81,8.09,1.0
1773566156.7931635,-1.0,-0.0,-0.16,-7.57,-10.03,-0.31,1.01
1773566157.0199175,-1.0,0.0,-0.15,-7.47,-12.38,0.75,1.02
1773566157.0199175,-0.99,-0.03,-0.14,-5.86,-14.32,-10.92,1.0
1773566157.118165,-1.0,-0.02,-0.15,-4.27,-17.12,-12.25,1.01
1773566157.2106328,-0.99,-0.03,-0.16,-9.33,-8.15,7.88,1.01
1773566157.3256714,-1.0,-0.02,-0.16,-9.76,-16.03,-6.44,1.01
0.0,0.0,0.0,0.0,0.0,0.0,0.0,0.0
1773566162.1851137,-0.89,-0.34,-0.09,123.48,-28.31,14.32,0.96
1773566162.2783957,-0.98,-0.18,-0.09,-35.16,-11.47,40.58,1.0
1773566162.3925772,-1.0,-0.07,-0.08,-19.51,19.19,23.71,1.01
1773566162.4982097,-0.98,-0.06,-0.17,-5.97,22.03,34.4,1.0
1773566162.5921462,-1.02,-0.05,-0.2,-2.02,5.66,8.15,1.04
1773566162.7049942,-0.96,-0.09,-0.21,-1.37,-7.54,-4.4,0.99
1773566162.8075562,-0.97,-0.09,-0.21,-11.56,3.82,3.34,1.0
1773566162.9083414,-1.0,-0.06,-0.22,-4.73,-9.59,9.46,1.03
1773566163.0149386,-0.99,-0.05,-0.21,-5.59,-12.92,0.55,1.01
1773566163.106619,-0.99,-0.05,-0.21,2.72,-10.37,1.07,1.02
1773566163.2219963,-0.99,-0.05,-0.24,-4.21,-16.9,-6.87,1.01
1773566163.3086612,-0.98,-0.03,-0.22,-2.98,-20.63,-13.33,1.01
1773566163.424997,-1.0,-0.07,-0.22,-9.6,-7.02,-0.96,1.02
1773566163.518679,-0.99,-0.05,-0.21,-8.31,-12.81,-3.68,1.01
1773566163.6316726,-0.98,-0.05,-0.22,-1.6,-13.6,-6.79,1.01
1773566163.725107,-0.98,-0.07,-0.22,-4.64,-16.15,-14.47,1.01
1773566163.8271494,-0.99,-0.08,-0.21,-6.78,-12.6,-5.6,1.01
1773566163.9419465,-0.94,-0.06,-0.19,-7.01,-13.91,-4.98,0.96
0.0,0.0,0.0,0.0,0.0,0.0,0.0,0.0
1773566203.9163344,0.2,0.28,1.15,-14.96,9.72,53.68,1.2
1773566204.013538,0.04,0.03,0.81,-26.5,-17.42,73.54,0.81
1773566204.10578,0.14,-0.03,0.82,38.79,-7.83,42.0,0.84
1773566204.2203767,0.03,-0.03,0.87,14.35,-46.69,51.98,0.87
1773566204.320554,0.03,-0.1,0.95,2.53,-36.41,29.22,0.96
1773566204.4231963,0.18,-0.14,1.06,-23.53,-62.49,-16.92,1.08
1773566204.5272582,0.29,0.18,1.14,-9.66,-56.03,34.5,1.19
1773566204.621215,0.27,0.02,0.72,-62.14,-22.03,-12.7,0.77
1773566204.7361274,0.23,-0.08,0.75,57.79,16.29,18.85,0.79
1773566204.837654,0.24,-0.09,0.81,23.88,6.56,-8.4,0.85
1773566204.9410188,0.25,-0.13,0.86,-4.2,6.63,12.14,0.9
1773566205.0382552,0.23,-0.16,1.04,-14.96,-18.43,-1.34,1.07
1773566205.1540868,0.17,0.02,1.16,9.77,9.18,22.98,1.17
1773566205.2536633,0.02,0.05,0.85,-80.64,-36.52,17.51,0.85
1773566205.3535922,0.12,0.03,0.89,63.16,4.56,-66.34,0.9
1773566205.4574587,0.06,-0.13,0.74,-25.11,-17.19,-6.02,0.75
1773566205.567544,0.08,-0.09,0.86,1.97,-38.53,-15.13,0.87
1773566205.6665263,0.05,-0.24,0.97,-27.88,-30.78,5.02,1.0
1773566205.770431,0.14,-0.19,1.14,-35.47,19.1,-0.7,1.16
1773566205.8686576,0.38,0.17,0.96,-85.76,3.76,-75.96,1.05
1773566205.9702158,0.3,-0.02,0.84,51.83,-4.11,-28.6,0.89
1773566206.0751593,0.15,-0.14,0.75,-3.69,0.44,-41.22,0.78
1773566206.184109,0.26,-0.05,0.85,20.43,-8.47,-45.24,0.89
1773566206.2876706,0.13,-0.25,0.92,8.05,2.76,-4.63,0.96
1773566206.3869855,0.09,-0.2,1.13,-33.33,33.07,39.14,1.15
1773566206.4859073,0.06,0.36,0.99,-103.56,17.33,-30.9,1.06
1773566206.5904024,0.16,0.0,0.81,56.9,-18.66,-72.9,0.83
1773566206.697056,0.1,-0.04,0.82,5.24,-32.08,-24.06,0.83
0.0,0.0,0.0,0.0,0.0,0.0,0.0,0.0
1773566209.1507936,0.25,0.3,1.13,28.27,40.35,135.8,1.2
1773566209.3036242,0.04,-0.07,0.77,14.03,-30.61,159.75,0.77
1773566209.3519793,0.01,0.02,0.82,23.47,-37.31,82.67,0.82
1773566209.4513104,0.02,-0.08,0.93,83.34,-45.16,55.51,0.94
1773566209.5531397,-0.01,-0.04,0.99,-9.65,-27.51,13.43,0.99
1773566209.6544564,0.08,-0.19,0.96,-62.64,-44.12,-25.44,0.98
1773566209.7557952,0.18,-0.16,1.1,-23.82,-29.34,19.42,1.13
1773566209.8641202,0.35,0.24,0.99,-57.47,-30.53,4.56,1.08
1773566209.973556,0.3,0.02,0.82,-14.03,-26.46,-9.27,0.87
1773566210.0680373,0.16,-0.07,0.7,41.77,24.21,42.9,0.72
1773566210.1702452,0.23,-0.12,0.79,53.02,1.71,8.12,0.83
1773566210.2689538,0.19,-0.13,0.91,2.89,10.18,19.63,0.94
1773566210.386479,0.17,-0.11,1.21,9.95,-12.57,26.24,1.23
1773566210.4864097,0.18,0.4,1.19,-43.22,-9.56,-14.89,1.27
1773566210.587997,0.05,-0.01,0.8,1.97,-57.73,-47.28,0.8
1773566210.687889,0.08,-0.03,0.74,12.95,-32.44,-63.31,0.75
1773566210.8030434,0.02,-0.04,0.8,-20.37,-44.2,-38.66,0.8
1773566210.9031785,0.06,-0.1,1.0,-9.6,-29.53,-33.01,1.0
1773566211.0090504,0.19,-0.19,1.12,-47.73,-26.0,-36.99,1.15
1773566211.1021633,0.32,0.23,1.0,-86.46,-40.14,-20.78,1.07
1773566211.2102284,0.24,0.05,0.87,4.79,-31.5,-62.14,0.9
1773566211.3051815,0.21,-0.1,0.71,31.48,10.64,-26.86,0.75
1773566211.421343,0.25,-0.13,0.77,22.41,8.73,-35.85,0.82
1773566211.519709,0.29,-0.1,0.83,-23.04,2.58,-17.5,0.88
1773566211.618626,0.22,-0.13,1.07,18.76,15.28,-20.03,1.1
1773566211.7170944,0.28,0.39,1.32,-50.87,-23.16,-38.58,1.4
1773566211.8385694,0.0,0.01,0.84,14.84,-48.53,-20.17,0.84
1773566211.9224093,0.1,0.01,0.82,-18.89,-7.25,-36.41,0.82
1773566212.038252,0.05,-0.06,0.8,-15.71,-41.7,-40.09,0.8
1773566212.1362388,0.06,-0.07,0.98,9.45,-29.71,-74.38,0.99
1773566212.2343037,0.23,-0.15,1.02,-66.02,-45.86,-89.79,1.06
1773566212.353783,0.24,0.12,1.13,8.69,-41.89,-91.15,1.16
0.0,0.0,0.0,0.0,0.0,0.0,0.0,0.0
1773566214.6695054,0.34,-0.08,0.85,-26.31,-1.13,-15.94,0.92
1773566214.7548783,0.32,-0.17,0.91,8.5,-5.12,19.21,0.98
1773566214.8676047,0.3,-0.13,0.98,-23.45,9.92,16.49,1.03
1773566214.9688883,0.23,0.19,1.1,13.94,6.96,11.46,1.13
1773566215.0756812,0.07,0.07,0.78,-40.0,-16.9,31.19,0.78
1773566215.168232,0.18,-0.04,0.84,46.46,-0.09,15.62,0.86
1773566215.2726002,0.1,0.02,0.88,-9.39,-41.82,8.38,0.89
1773566215.370636,0.1,-0.11,0.89,6.99,-33.28,-0.83,0.9
1773566215.4858017,0.16,-0.12,0.98,-12.9,-43.41,-20.69,1.0
1773566215.596718,0.23,-0.2,1.06,-23.13,-17.33,20.23,1.1
1773566215.7025876,0.43,0.44,1.05,-81.56,-48.99,-22.87,1.22
1773566215.80062,0.33,-0.07,0.68,-24.67,-39.82,17.02,0.76
1773566215.9069097,0.2,-0.06,0.72,53.56,12.47,32.76,0.75
1773566216.0026605,0.3,-0.1,0.82,12.73,-4.7,-35.36,0.88
1773566216.1061127,0.32,-0.16,0.88,3.48,22.55,19.25,0.95
1773566216.2114708,0.34,-0.17,1.04,19.48,7.02,21.05,1.11
1773566216.3194947,0.32,0.24,1.17,2.26,0.58,17.59,1.24
1773566216.435635,0.07,0.18,0.83,-32.78,-20.41,32.73,0.85
1773566216.521301,0.17,-0.07,0.76,25.27,-11.91,-35.86,0.78
1773566216.626336,0.09,-0.02,0.84,2.79,-23.71,-13.74,0.84
1773566216.7355623,0.11,-0.07,0.94,-4.2,-29.82,-18.38,0.94
1773566216.8357573,0.12,-0.13,1.03,-40.89,-51.68,-32.67,1.05
1773566216.9371495,0.3,0.08,1.22,3.19,-43.86,16.0,1.26
1773566217.0356069,0.34,0.17,0.79,-89.36,-6.17,-48.08,0.87
1773566217.1364598,0.33,-0.05,0.72,53.02,-2.72,36.7,0.79
1773566217.2522354,0.22,-0.07,0.75,-5.19,-2.96,0.32,0.79
1773566217.3384151,0.3,-0.17,0.85,21.62,5.94,-8.9,0.92
1773566217.452164,0.27,-0.18,0.94,-18.56,-2.81,-10.37,0.99
1773566217.5563822,0.28,-0.26,1.04,8.95,27.07,43.43,1.11
1773566217.6626134,0.26,0.34,1.04,-78.41,-16.55,-13.57,1.13
1773566217.7524369,0.28,0.02,0.79,44.64,-28.82,-40.66,0.83
1773566217.863234,0.17,-0.04,0.8,20.11,-16.34,16.5,0.82
1773566217.9678698,0.12,-0.04,0.9,3.85,-32.21,25.17,0.9
1773566218.0691264,0.14,-0.12,0.91,-28.38,-21.65,-9.82,0.93
1773566218.1695173,0.26,-0.14,1.11,-3.65,-7.89,7.45,1.15
1773566218.2854004,0.33,0.15,1.02,-66.05,-8.92,0.01,1.08
1773566218.3842802,0.39,0.07,0.77,-38.69,-53.33,-59.25,0.87
1773566218.4853897,0.3,-0.06,0.79,82.41,12.18,24.67,0.85
1773566218.58538,0.28,-0.13,0.77,8.96,-3.7,-4.26,0.84
1773566218.6865408,0.3,-0.12,0.82,13.31,17.74,22.84,0.88
1773566218.8023317,0.29,-0.08,0.97,-11.71,-3.28,34.32,1.01
1773566218.9019313,0.34,0.07,1.17,66.9,26.23,38.87,1.22
1773566219.004312,0.01,0.08,0.81,-59.65,-21.85,41.97,0.81
1773566219.1019726,0.2,-0.01,0.87,59.85,-2.93,-17.85,0.89
1773566219.2035935,0.07,-0.04,0.79,-10.03,-13.85,29.59,0.79
1773566219.3042111,0.11,-0.04,0.93,5.62,-20.46,6.7,0.93
1773566219.4165728,0.17,-0.09,1.0,-55.91,-40.67,-13.39,1.02
1773566219.523445,0.3,-0.04,1.15,47.08,-17.12,49.04,1.19
0.0,0.0,0.0,0.0,0.0,0.0,0.0,0.0
1773566224.4915926,0.16,0.27,1.02,23.71,-18.82,193.75,1.06
1773566224.5579045,0.01,0.08,0.9,1.44,-52.67,163.39,0.9
1773566224.6600635,0.05,0.05,0.89,36.37,-34.44,123.85,0.89
1773566224.7605777,0.08,0.02,0.93,51.54,-24.03,82.35,0.94
1773566224.8612037,0.12,0.08,0.96,4.4,-31.5,54.12,0.97
1773566224.968212,0.08,-0.07,0.88,-10.06,-44.93,24.2,0.88
1773566225.0679464,0.15,-0.03,1.03,2.29,-40.57,28.9,1.04
1773566225.1677225,0.22,0.03,1.1,-29.62,-24.03,22.38,1.13
1773566225.2680798,0.38,0.21,0.87,-110.06,-16.47,-51.71,0.97
1773566225.38436,0.38,-0.01,0.77,-28.56,-50.37,0.7,0.86
1773566225.4878812,0.3,-0.01,0.77,67.89,0.15,85.45,0.83
1773566225.5831232,0.28,-0.09,0.75,18.73,-18.96,41.37,0.81
1773566225.692227,0.3,-0.11,0.84,42.14,5.42,70.47,0.9
1773566225.79433,0.26,-0.07,0.94,-7.37,8.99,36.08,0.98
1773566225.8854182,0.3,-0.26,1.04,22.02,26.5,82.85,1.11
1773566226.0010226,0.31,0.34,1.02,-105.42,-4.32,-14.89,1.12
1773566226.1038928,0.25,0.08,0.85,26.02,-52.24,-31.68,0.89
1773566226.202851,0.17,-0.06,0.84,12.26,-30.29,27.77,0.85
1773566226.2988129,0.09,0.01,0.87,2.06,-33.28,1.46,0.88
1773566226.4177928,0.11,-0.05,0.9,-17.95,-23.25,0.75,0.91
1773566226.5184736,0.19,-0.08,0.97,-64.05,-41.54,-42.35,0.99
1773566226.6206207,0.27,0.03,1.15,-0.98,-36.29,7.07,1.19
1773566226.7231898,0.16,-0.03,0.76,-109.42,-4.44,-43.12,0.78
1773566226.8137407,0.35,-0.05,0.82,35.56,12.58,-79.74,0.89
1773566226.9173672,0.12,-0.1,0.74,4.92,3.36,-70.93,0.76
1773566227.0346804,0.31,-0.15,0.89,-1.33,16.58,-103.45,0.96
1773566227.1348531,0.2,-0.16,0.81,-54.38,18.47,-71.94,0.85
1773566227.239396,0.24,-0.27,0.98,1.51,21.07,-42.73,1.04
1773566227.3371031,0.23,0.48,1.23,-20.05,-52.2,-61.34,1.34
1773566227.4385877,0.13,-0.06,0.89,48.9,-15.83,-77.92,0.91
1773566227.549446,0.16,0.08,0.83,-38.0,10.01,-38.78,0.85
1773566227.6541529,0.14,-0.01,0.76,-23.88,-35.12,-6.0,0.77
1773566227.7519796,0.1,-0.0,0.93,26.95,-12.34,-12.5,0.93
1773566227.8582516,0.11,-0.08,0.99,-6.76,-30.76,-34.12,1.0
1773566227.9573216,0.2,-0.19,1.02,-17.37,-47.92,-37.25,1.06
1773566228.0623047,0.41,0.37,1.05,-62.15,-26.92,-21.51,1.19
1773566228.1742978,0.3,0.02,0.7,-81.53,-6.38,1.31,0.76
1773566228.2723756,0.31,-0.03,0.78,72.55,-0.23,-15.77,0.83
1773566228.3846674,0.22,-0.14,0.84,49.48,3.24,13.8,0.88
1773566228.4808238,0.22,-0.16,0.88,-24.02,0.56,7.24,0.92
1773566228.581316,0.27,-0.06,1.09,-33.82,26.24,-14.09,1.12
1773566228.6860874,0.34,0.26,1.11,-35.94,24.56,1.89,1.19
1773566228.789123,0.02,0.13,0.81,-6.11,-50.23,-7.57,0.82
1773566228.8880904,0.1,-0.06,0.81,67.21,-5.33,-48.63,0.82
1773566229.0013294,0.07,0.0,0.86,3.77,-24.75,-10.61,0.86
1773566229.1047006,0.1,-0.07,0.95,7.47,-20.47,4.63,0.96
1773566229.2007682,0.09,-0.1,0.96,-48.52,-44.58,-7.74,0.97
1773566229.3032784,0.19,-0.16,1.12,-16.02,-4.7,20.52,1.15
1773566229.4022498,0.42,0.24,0.96,-102.49,-19.51,-19.65,1.08
1773566229.5029712,0.28,0.0,0.64,-30.56,-14.78,-55.1,0.7
1773566229.6198866,0.21,0.02,0.81,79.95,17.65,-9.39,0.84
1773566229.7171776,0.24,-0.12,0.84,24.64,1.66,-36.43,0.88
0.0,0.0,0.0,0.0,0.0,0.0,0.0,0.0
1773566230.8576665,0.29,0.39,1.14,-47.92,-38.98,-30.7,1.24
1773566230.950783,0.28,-0.09,0.72,-84.55,-7.97,-51.97,0.77
1773566231.0649729,0.25,-0.02,0.78,58.87,-8.81,-1.21,0.82
1773566231.1542864,0.22,-0.11,0.84,47.37,-5.12,-5.04,0.88
1773566231.267326,0.22,-0.1,0.88,8.05,-5.85,-17.88,0.91
1773566231.367351,0.23,-0.18,0.9,-22.46,29.34,-19.5,0.95
1773566231.469026,0.22,-0.21,1.05,8.09,24.41,107.85,1.1
1773566231.5793386,0.15,0.4,0.98,-62.92,-4.44,-12.98,1.07
1773566231.6711917,0.2,0.05,0.84,47.1,-28.57,-56.0,0.87
1773566231.784571,0.08,0.05,0.84,-12.61,-36.12,7.8,0.85
1773566231.8882403,0.05,0.0,0.93,9.5,-55.85,-10.87,0.93
1773566231.988412,0.03,-0.09,0.91,-33.37,-58.95,-56.63,0.92
1773566232.1013224,0.18,-0.05,1.02,-48.35,-48.69,-69.08,1.03
1773566232.2034426,0.23,0.02,1.05,-7.45,-8.18,40.04,1.08
1773566232.3005662,0.5,0.18,0.87,-99.86,-17.92,-92.79,1.03
1773566232.4037323,0.33,-0.06,0.74,37.21,-21.53,36.9,0.82
1773566232.500473,0.24,-0.08,0.75,30.34,-15.63,28.88,0.79
1773566232.601488,0.27,-0.15,0.8,51.48,-12.23,10.88,0.86
1773566232.7014787,0.24,-0.06,0.9,15.13,-17.56,2.81,0.93
1773566232.8171558,0.34,-0.19,0.99,-17.02,18.78,10.15,1.06
1773566232.921118,0.24,0.3,1.11,-6.61,29.83,46.0,1.17
1773566233.0207262,0.15,0.23,0.99,30.98,-41.33,-81.22,1.02
1773566233.1364284,0.18,-0.02,0.75,-43.94,-21.91,-11.91,0.77
1773566233.2327597,0.14,0.04,0.79,-50.2,-47.45,-50.54,0.8
1773566233.3198607,0.2,-0.1,0.91,12.4,14.78,-5.71,0.93
1773566233.4336908,0.24,-0.05,1.01,-26.49,-25.22,-23.13,1.04
1773566233.540319,0.29,0.13,1.16,22.64,-51.76,61.08,1.21
1773566233.633729,0.29,0.29,0.89,-50.86,-4.57,-9.88,0.99
1773566233.7340903,0.33,-0.09,0.69,9.91,-16.98,23.85,0.77
1773566233.8360243,0.18,-0.06,0.76,5.31,-5.15,13.19,0.78
1773566233.9524,0.26,-0.11,0.87,25.14,5.48,15.54,0.91
1773566234.0493724,0.24,-0.15,0.89,-26.99,9.74,-0.52,0.93
1773566234.1599264,0.25,-0.22,0.96,-39.88,10.46,21.31,1.02
1773566234.260047,0.35,0.2,1.14,-19.65,7.33,-10.83,1.21
1773566234.3525667,0.13,0.05,0.84,5.42,-16.86,-32.18,0.85
1773566234.46806,0.19,-0.07,0.76,-9.56,-13.16,-21.07,0.79
1773566234.5697348,0.14,-0.06,0.8,3.77,-28.84,-4.84,0.81
1773566234.6674466,0.17,-0.07,0.96,32.4,-20.73,5.17,0.98
1773566234.7756655,0.22,-0.08,1.0,-8.47,-30.11,8.15,1.03
1773566234.869461,0.3,0.1,1.14,20.7,-19.19,46.17,1.19
1773566234.9854186,0.4,0.15,0.88,-76.26,1.08,-49.16,0.98
1773566235.0863044,0.31,-0.02,0.74,14.41,-2.44,6.87,0.81
1773566235.1837988,0.19,-0.05,0.76,10.82,-13.37,-32.14,0.79
1773566235.292532,0.31,-0.09,0.89,25.02,-1.62,-44.28,0.95
1773566235.3866367,0.27,-0.08,0.85,-45.19,0.64,-35.89,0.89
0.0,0.0,0.0,0.0,0.0,0.0,0.0,0.0
1773566238.116932,0.32,-0.08,0.81,31.6,-44.34,-24.63,0.87
1773566238.1690512,0.24,-0.05,0.88,-0.26,-19.63,-43.92,0.91
1773566238.3172822,0.26,-0.13,0.88,-4.78,-10.89,-58.37,0.93
1773566238.376402,0.3,-0.16,1.03,27.77,20.18,-7.05,1.09
1773566238.4665906,0.37,0.39,1.15,-14.29,-30.7,28.47,1.27
1773566238.568931,0.19,0.32,0.89,-20.75,-24.64,-7.96,0.96
1773566238.683947,0.23,0.07,0.8,-40.15,-3.77,-60.35,0.84
1773566238.7856753,0.16,0.04,0.71,-41.56,-22.29,-25.05,0.72
1773566238.8858635,0.18,0.02,0.95,44.38,-41.82,23.66,0.96
1773566238.9914827,0.2,-0.01,0.98,-38.66,-49.53,-21.89,1.0
1773566239.0855806,0.26,-0.17,1.05,-25.04,-11.44,36.95,1.1
1773566239.200021,0.52,0.12,0.86,-60.56,31.66,-17.71,1.02
1773566239.303182,0.49,0.09,0.78,14.26,-7.68,1.3,0.93
1773566239.39968,0.25,0.04,0.78,11.18,8.59,20.95,0.83
1773566239.5052526,0.34,-0.08,0.73,-15.13,-0.15,-2.11,0.81
1773566239.602598,0.27,-0.14,0.82,-15.95,1.86,26.01,0.88
1773566239.7023735,0.25,-0.16,1.03,6.0,20.4,1.82,1.07
1773566239.8162634,0.28,0.04,1.18,42.4,8.76,57.39,1.22
1773566239.920797,0.02,0.06,0.83,-50.47,-12.34,-26.98,0.83
1773566240.0210292,0.17,-0.01,0.81,8.37,-1.31,-38.72,0.83
1773566240.1299286,0.11,-0.04,0.75,-34.49,-38.05,-16.44,0.76
1773566240.233086,0.2,-0.1,0.97,4.43,-43.22,-22.28,1.0
1773566240.3333192,0.19,-0.16,1.09,-9.68,-33.44,10.18,1.11
1773566240.4370284,0.25,0.23,1.11,-21.39,-36.03,40.18,1.16
1773566240.5331707,0.51,-0.14,0.8,-30.76,-20.92,-101.01,0.96
1773566240.6335263,0.27,-0.02,0.72,28.37,19.42,20.2,0.77
1773566240.7367182,0.25,-0.12,0.73,-5.69,-12.96,-13.57,0.78
1773566240.8522506,0.25,-0.1,0.83,2.73,-12.49,-18.54,0.87
1773566240.9499054,0.29,-0.23,0.94,19.54,4.95,-24.96,1.01
1773566241.0506363,0.31,0.03,1.24,85.25,-6.57,31.71,1.28
1773566241.1595404,0.13,0.18,0.9,-91.88,-24.15,5.97,0.93
1773566241.250486,0.22,-0.09,0.66,20.67,23.66,-31.47,0.7
1773566241.352986,0.17,0.02,0.76,28.34,-11.82,38.79,0.78
1773566241.467934,0.14,-0.02,0.96,49.97,-16.34,53.56,0.97
1773566241.5691843,0.06,-0.1,0.97,-34.11,-25.57,13.22,0.97
1773566241.6788983,0.28,-0.14,1.18,-12.53,0.34,21.11,1.22
1773566241.7808144,0.42,0.36,0.87,-114.92,-28.81,-9.66,1.03
1773566241.8831902,0.34,0.05,0.77,23.73,-30.32,11.75,0.84
1773566241.9872727,0.2,0.0,0.74,30.52,-1.08,26.7,0.77
1773566242.0854988,0.25,-0.09,0.82,38.05,-9.92,-0.75,0.86
1773566242.1938732,0.22,-0.11,0.85,-32.11,3.19,11.95,0.88
1773566242.2993405,0.26,-0.15,1.13,-23.91,20.84,3.43,1.17
0.0,0.0,0.0,0.0,0.0,0.0,0.0,0.0
1773566243.6530342,0.22,-0.23,1.14,6.4,5.65,80.63,1.19
1773566243.754008,0.18,0.39,1.0,-99.98,17.45,-42.41,1.09
1773566243.8544986,0.29,0.05,0.81,59.77,-25.56,-61.86,0.86
1773566243.965793,0.07,-0.04,0.76,1.05,-46.09,-2.9,0.76
1773566244.0657728,0.07,0.0,0.88,13.1,-50.75,-4.92,0.88
1773566244.1667836,0.08,-0.14,0.93,-16.2,-29.82,-12.78,0.95
1773566244.273219,0.3,-0.13,1.15,-1.36,-9.59,34.5,1.19
1773566244.3809693,0.33,0.31,0.88,-122.02,-32.23,6.34,0.99
1773566244.473806,0.3,-0.07,0.8,8.17,-41.37,25.01,0.86
1773566244.584808,0.15,-0.04,0.77,9.76,8.43,36.52,0.78
1773566244.6875217,0.26,-0.18,0.79,17.86,3.39,-7.24,0.85
1773566244.78292,0.27,-0.1,0.82,-31.22,5.6,-6.9,0.87
1773566244.8841803,0.28,-0.25,1.01,16.41,-19.48,26.92,1.08
1773566244.9995346,0.19,0.25,1.17,22.9,11.43,41.05,1.21
1773566245.098274,0.12,0.08,0.8,-52.24,-18.92,-11.02,0.81
1773566245.200312,0.24,-0.08,0.79,47.01,12.78,-31.08,0.83
1773566245.2999463,0.1,-0.02,0.8,16.85,-17.01,59.71,0.81
1773566245.4130182,0.16,-0.09,0.95,23.01,-35.41,22.82,0.97
1773566245.518759,0.14,-0.2,1.03,-11.91,-52.06,17.22,1.06
1773566245.6169226,0.23,0.08,1.19,12.85,3.79,45.28,1.21
1773566245.718804,0.37,-0.03,0.7,-140.92,-33.1,-6.96,0.79
1773566245.8157108,0.41,0.01,0.77,88.85,-28.0,80.47,0.87
1773566245.9198627,0.21,-0.1,0.73,64.96,-16.09,67.79,0.76
1773566246.032265,0.34,-0.06,0.91,74.0,-13.47,27.21,0.97
1773566246.1350963,0.2,-0.23,0.85,8.73,17.28,27.95,0.91
1773566246.235361,0.3,-0.04,1.14,23.88,35.95,18.66,1.18
1773566246.3355052,0.34,0.36,1.1,-14.55,36.27,34.4,1.21
1773566246.4419312,0.22,0.13,0.77,-57.1,-48.47,11.16,0.81
1773566246.5492463,0.16,-0.01,0.81,21.88,-4.75,45.4,0.83
1773566246.6381605,0.07,0.03,0.81,-25.86,-20.47,17.86,0.81
1773566246.7534018,0.16,-0.11,0.89,-19.63,-34.38,-13.97,0.91
1773566246.8537922,0.17,-0.12,1.03,-28.09,-43.39,14.3,1.05
1773566246.9619954,0.29,0.03,1.14,28.32,-10.98,62.23,1.18
1773566247.0602703,0.27,0.09,0.72,-96.03,-17.68,-45.51,0.77
1773566247.165549,0.39,-0.04,0.82,68.12,-12.84,28.98,0.91
1773566247.2680116,0.16,-0.09,0.77,11.77,-9.79,-4.2,0.79
1773566247.365749,0.28,-0.1,0.88,18.76,14.61,-35.53,0.93
1773566247.4791036,0.2,-0.09,0.88,-23.53,21.43,-62.37,0.9
1773566247.5803623,0.26,-0.21,1.12,13.1,56.73,20.88,1.17
0.0,0.0,0.0,0.0,0.0,0.0,0.0,0.0
1773566248.9310527,0.3,0.07,1.05,30.32,-21.34,188.44,1.1
1773566249.031963,0.07,0.18,0.96,-34.89,-76.5,171.59,0.98
1773566249.1489172,0.1,0.07,0.81,6.46,-35.41,93.88,0.82
1773566249.2497234,0.15,-0.09,0.83,66.95,-3.04,90.37,0.85
1773566249.3519366,0.19,-0.07,1.0,84.79,0.61,102.81,1.02
1773566249.4514256,0.11,-0.06,0.93,-8.96,-42.28,67.51,0.94
1773566249.558047,0.14,-0.18,0.91,-19.69,-25.77,21.42,0.93
1773566249.6666613,0.35,0.08,1.28,79.6,-33.12,61.02,1.33
1773566249.7689335,0.33,0.13,0.76,-122.12,-43.27,68.29,0.84
1773566249.8693266,0.31,-0.02,0.74,78.37,-8.31,115.14,0.8
1773566249.9723544,0.24,-0.11,0.77,37.68,11.36,67.82,0.82
1773566250.079929,0.28,-0.08,0.85,21.33,4.43,36.29,0.9
1773566250.170938,0.29,-0.18,0.84,-14.31,-5.97,25.1,0.91
1773566250.2819831,0.32,-0.27,1.1,-10.06,28.2,101.24,1.18
1773566250.3821738,0.34,0.39,1.24,-78.15,-14.2,-10.0,1.34
1773566250.4844348,0.3,-0.04,0.75,-16.27,-40.35,-11.37,0.81
1773566250.5864143,0.18,-0.16,0.75,52.85,-3.65,21.42,0.79
1773566250.6971085,0.07,-0.04,0.87,12.66,-33.25,-3.12,0.87
1773566250.7867985,0.08,-0.19,0.88,-48.4,-7.92,-26.41,0.9
1773566250.9013271,0.27,-0.31,1.05,-75.51,-34.95,-70.52,1.13
1773566251.0011466,0.27,0.11,1.17,-20.69,-13.25,-20.49,1.21
1773566251.100891,0.25,-0.2,0.72,-38.98,21.65,-108.58,0.79
1773566251.209349,0.25,-0.08,0.76,10.69,43.77,-46.46,0.8
1773566251.316413,0.27,-0.21,0.71,-2.52,9.24,-82.73,0.79
1773566251.4183347,0.32,-0.15,0.85,20.43,18.29,-27.99,0.92
1773566251.5159595,0.2,-0.25,1.01,16.72,-11.44,-7.33,1.06
1773566251.61621,0.22,0.22,1.35,-30.72,12.17,35.08,1.38
1773566251.7426145,0.03,0.14,0.87,-50.41,-38.79,-71.1,0.89
1773566251.8323534,0.09,-0.14,0.73,-2.29,0.81,-111.05,0.75
1773566251.937256,0.04,-0.02,0.82,-52.35,-37.13,-103.05,0.82
1773566252.2509663,0.14,-0.22,0.88,0.23,-19.5,-62.17,0.92
1773566252.25225,0.11,-0.21,1.11,22.6,-52.06,-60.38,1.13
1773566252.25225,0.13,-0.25,1.08,-28.02,-15.6,10.55,1.11
1773566252.3498032,0.49,0.34,0.91,-64.52,-18.73,-92.47,1.09
1773566252.439328,0.28,-0.11,0.77,-2.17,-10.08,-10.41,0.82
1773566252.5963805,0.24,-0.08,0.75,-25.5,11.56,-70.7,0.79
1773566252.6865776,0.31,-0.17,0.81,-16.84,12.53,-89.15,0.89
1773566252.784897,0.24,-0.19,0.84,-0.87,17.13,-43.21,0.89
1773566252.8666158,0.29,-0.22,0.92,22.98,4.05,-23.04,0.99
1773566252.9815483,0.22,-0.32,1.15,67.04,12.75,65.65,1.21
1773566253.0682986,0.12,0.42,1.03,-128.76,-0.18,-63.89,1.12
1773566253.1982746,0.26,-0.05,0.7,15.98,28.41,-74.14,0.75
1773566253.2847743,0.13,0.01,0.77,-16.05,-14.46,45.07,0.78
1773566253.3853006,0.1,-0.01,0.95,44.53,-31.95,-4.69,0.95
1773566253.4858642,0.09,-0.12,0.91,-18.15,-10.5,-1.24,0.92
1773566253.586773,0.02,-0.15,0.94,-4.21,6.92,-16.9,0.95
1773566253.698223,0.27,-0.05,1.17,60.63,-11.18,27.75,1.2
1773566253.787713,0.39,0.21,0.96,-94.23,-1.6,4.32,1.05
1773566253.90165,0.17,-0.1,0.76,37.04,-66.2,74.35,0.79
1773566253.9997883,0.04,-0.1,0.79,0.95,-5.71,20.08,0.79
1773566254.0984654,0.22,-0.11,0.86,13.45,-2.46,31.97,0.89
0.0,0.0,0.0,0.0,0.0,0.0,0.0,0.0
1773566263.9228067,0.21,0.13,0.89,-26.76,-35.25,4.2,0.92
1773566263.9887805,0.14,-0.07,0.66,-15.54,-12.44,17.51,0.68
1773566264.097965,0.03,-0.01,0.77,22.82,-26.73,10.75,0.77
1773566264.188841,0.12,-0.15,1.03,54.11,-11.22,5.05,1.05
1773566264.3969572,0.14,-0.11,1.03,-57.42,-52.17,-26.41,1.04
1773566264.3969572,0.45,0.15,1.23,43.1,-20.06,29.17,1.32
1773566264.538522,0.22,0.15,0.82,-117.57,17.33,-1.42,0.86
1773566264.6135468,0.2,-0.02,0.63,-39.47,-2.7,22.06,0.66
1773566264.7170322,0.11,-0.06,0.71,68.87,-0.9,22.37,0.72
1773566264.8198218,0.15,-0.1,0.86,48.98,-40.35,-22.57,0.87
1773566264.9169474,0.1,-0.13,1.02,6.63,30.43,-27.71,1.03
1773566265.026342,0.08,-0.11,1.3,-18.26,6.66,-30.73,1.31
1773566265.130147,0.31,0.06,0.96,-67.19,58.69,-77.5,1.01
1773566265.2366838,0.14,0.08,0.78,-39.3,-54.5,-36.46,0.8
1773566265.3356545,0.13,0.01,0.73,-77.33,-23.02,-53.47,0.74
1773566265.436905,0.03,-0.1,0.83,13.25,-2.47,-50.5,0.84
1773566265.5374265,0.15,-0.18,0.99,-47.21,-6.86,-45.77,1.02
1773566265.6378589,0.4,-0.31,1.15,18.17,-5.85,-12.63,1.25
1773566265.747882,0.53,0.1,0.94,-0.32,-61.41,58.34,1.08
1773566265.848391,0.31,0.06,0.59,-2.9,17.42,121.04,0.67
1773566265.9483109,0.24,-0.04,0.63,142.0,-51.16,80.76,0.67
1773566266.0568304,0.27,-0.09,0.9,127.5,-40.28,79.42,0.94
1773566266.163813,0.21,-0.06,0.98,22.96,42.34,49.14,1.0
1773566266.2648976,0.2,0.03,1.32,42.75,11.97,6.41,1.34
1773566266.3694692,0.48,0.33,0.92,-74.56,97.71,-50.15,1.09
1773566266.4673643,0.32,0.19,0.7,-10.06,-9.74,-30.15,0.79
1773566266.5802565,0.08,0.21,0.67,-32.79,60.56,-89.79,0.71
1773566266.6705673,0.07,-0.01,0.91,-32.98,18.26,-35.44,0.91
1773566266.784583,0.07,-0.06,1.1,-3.48,-13.22,0.61,1.11
1773566266.8834486,0.16,0.26,1.22,77.56,-44.35,68.46,1.26
1773566266.979972,0.2,0.32,0.85,-55.89,-15.95,58.9,0.93
1773566267.0930004,0.13,0.23,0.75,-36.87,-48.9,84.98,0.8
1773566267.1878088,0.12,0.07,0.74,8.27,3.48,41.62,0.75
1773566267.2964911,0.18,0.13,0.86,31.98,-11.7,47.04,0.89
1773566267.3994782,0.12,0.06,0.94,-57.69,36.11,1.37,0.95
1773566267.5011013,0.15,-0.17,1.16,-21.54,27.82,29.63,1.18
1773566267.6004982,0.07,0.34,0.91,-64.6,33.33,-34.76,0.98
1773566267.713668,-0.01,0.1,0.84,-18.75,-20.69,-36.37,0.85
1773566267.817185,0.03,0.2,0.85,-41.22,-22.41,-9.91,0.87
1773566267.9158282,-0.04,-0.12,0.84,5.83,-33.24,-4.43,0.85
0.0,0.0,0.0,0.0,0.0,0.0,0.0,0.0
1773566295.055581,-0.03,-1.11,0.04,13.65,-14.73,3.54,1.11
1773566295.1512804,0.11,-0.78,0.04,-35.62,28.56,-48.06,0.78
1773566295.262036,-0.06,-1.11,0.19,-48.66,55.47,-28.93,1.13
1773566295.3702495,0.02,-0.82,0.16,-17.88,50.92,-21.02,0.83
1773566295.4611044,-0.09,-0.94,0.2,-40.35,46.58,-6.2,0.96
1773566295.564688,-0.05,-0.99,0.25,-7.85,3.65,3.56,1.03
1773566295.6637402,-0.07,-1.08,0.16,2.99,-29.92,33.22,1.09
1773566295.7807524,-0.13,-1.05,0.1,0.24,-51.91,21.01,1.07
1773566295.8816023,-0.2,-0.8,-0.11,32.2,-12.89,38.96,0.83
1773566295.9823642,-0.15,-0.78,0.02,-39.56,-66.32,6.38,0.8
1773566296.0828547,-0.18,-0.91,0.09,-30.06,-25.41,-12.86,0.94
1773566296.1828687,-0.22,-0.87,0.11,-3.08,-44.47,-11.7,0.9
1773566296.2956915,-0.25,-1.02,0.15,-22.76,-66.63,-8.44,1.06
1773566296.3956978,-0.23,-1.06,0.25,52.89,-49.92,-1.59,1.11
1773566296.492772,-0.05,-1.1,-0.12,8.37,-30.61,21.82,1.1
1773566296.601359,0.07,-0.91,-0.03,-23.8,-28.4,-25.36,0.91
1773566296.710325,-0.11,-0.96,0.09,-12.2,7.56,1.4,0.97
1773566296.8124373,-0.03,-0.8,0.12,-8.93,-33.5,4.01,0.81
1773566296.916235,-0.1,-1.01,0.16,-16.08,-33.1,3.37,1.03
1773566297.0174894,-0.16,-1.11,0.23,-12.46,-15.3,32.2,1.14
1773566297.126962,-0.18,-1.01,0.22,56.03,-54.64,32.67,1.05
1773566297.2159977,-0.07,-1.1,-0.15,-32.47,-36.31,-13.96,1.11
1773566297.3170755,-0.11,-0.9,-0.12,-59.85,-23.62,-25.57,0.92
1773566297.4297318,-0.08,-0.8,0.1,29.13,-16.84,-7.41,0.81
1773566297.5277138,-0.25,-0.95,0.14,-17.5,3.11,-18.46,0.99
1773566297.6317952,-0.16,-0.84,0.17,9.69,0.3,-41.04,0.87
1773566297.7455208,-0.11,-1.13,0.08,76.61,-2.58,0.73,1.14
1773566297.842398,0.03,-1.48,0.16,-36.53,-15.92,-23.68,1.49
1773566297.944288,0.1,-0.69,0.06,-18.66,30.17,-5.66,0.7
1773566298.042799,0.0,-0.87,0.21,-25.15,25.02,-32.26,0.89
1773566298.1512637,0.08,-0.82,0.24,-6.64,50.12,5.97,0.86
1773566298.2508109,-0.07,-0.93,0.29,-17.98,54.43,-2.35,0.97
1773566298.36006,-0.13,-1.14,0.25,-17.66,45.97,54.93,1.17
1773566298.463419,0.08,-1.11,0.02,-18.7,24.08,45.79,1.11
1773566298.5656269,-0.21,-0.82,0.03,-16.84,49.82,7.36,0.85
1773566298.667765,-0.16,-0.88,0.09,10.38,5.72,-17.04,0.9
1773566298.7754912,-0.22,-0.74,0.09,-10.98,31.08,-25.27,0.78
1773566298.8766918,-0.23,-1.02,0.14,3.18,12.87,-31.86,1.05
1773566298.976981,-0.23,-0.94,0.22,20.93,-4.96,-37.82,1.0
1773566299.0774972,-0.07,-1.21,0.31,36.17,-56.09,-76.02,1.25
1773566299.1806452,0.09,-0.81,-0.06,-21.33,53.53,-30.76,0.82
1773566299.2775822,-0.03,-1.01,0.1,-9.69,4.06,-20.12,1.02
1773566299.3950408,0.04,-0.78,0.17,-8.89,-1.8,11.28,0.8
1773566299.4929855,0.02,-0.97,0.21,-15.83,-14.9,10.53,0.99
1773566299.6006606,-0.0,-0.89,0.29,-6.67,9.21,15.91,0.93
1773566299.7012508,-0.1,-1.15,0.31,8.9,11.43,19.4,1.2
1773566299.801938,0.1,-1.14,0.05,35.16,-39.99,23.33,1.14
1773566299.9027717,-0.1,-0.76,-0.07,-15.88,17.02,-18.46,0.77
0.0,0.0,0.0,0.0,0.0,0.0,0.0,0.0
1773566302.007261,-0.12,-1.1,0.32,40.06,-75.63,-46.0,1.15
1773566302.1291256,0.37,-1.15,-0.08,2.2,-22.24,47.75,1.21
1773566302.213535,0.19,-0.81,0.02,-27.34,-4.75,-16.18,0.83
1773566302.3119464,0.04,-0.91,0.18,-29.76,23.77,-2.54,0.93
1773566302.4119372,0.04,-0.9,0.15,-17.66,9.65,36.18,0.91
1773566302.5200057,0.02,-0.94,0.19,-13.86,19.08,25.68,0.96
1773566302.614422,-0.07,-1.26,0.24,21.27,-14.78,29.13,1.28
1773566302.743814,-0.04,-1.19,-0.0,38.61,-13.37,24.01,1.19
1773566302.837904,-0.21,-0.78,-0.1,-24.5,-27.92,-14.44,0.82
1773566302.944736,-0.0,-0.98,0.09,-28.82,-68.75,-19.28,0.99
1773566303.0269392,-0.13,-0.83,0.08,-19.15,-38.81,-12.96,0.85
1773566303.1358733,-0.15,-0.88,0.13,0.93,-43.57,-10.43,0.9
1773566303.2457983,-0.15,-1.11,0.15,7.3,-36.29,13.05,1.13
1773566303.341828,0.13,-1.23,0.17,52.87,-46.78,6.34,1.25
1773566303.4612975,0.1,-0.76,-0.04,-26.72,-17.59,-12.03,0.77
1773566303.5632064,-0.03,-1.01,0.14,-13.86,-34.81,-5.89,1.02
1773566303.6613045,0.03,-0.74,0.11,-14.99,-41.59,23.57,0.75
1773566303.7603393,0.02,-0.97,0.17,-30.27,-57.33,3.75,0.98
1773566303.8744636,-0.01,-0.97,0.24,-13.65,-56.11,17.07,1.0
1773566303.9612527,0.06,-1.3,0.13,28.38,-19.31,48.12,1.31
1773566304.076261,-0.05,-0.95,-0.11,8.06,-3.57,-0.44,0.95
1773566304.1862223,-0.14,-0.85,0.08,-60.82,-66.64,-41.83,0.87
1773566304.295646,-0.06,-0.77,0.14,-11.8,-41.39,-2.26,0.79
1773566304.3933797,-0.18,-0.92,0.14,-24.35,-17.8,-20.49,0.95
1773566304.476615,-0.06,-0.88,0.14,23.28,-39.92,3.27,0.9
1773566304.579398,0.01,-1.19,0.23,25.14,-79.76,-17.73,1.22
1773566304.7110302,0.02,-0.95,0.02,-13.24,-6.5,-8.03,0.95
1773566304.7955334,0.04,-0.85,0.11,-33.15,-8.08,-5.27,0.86
1773566304.8943782,-0.0,-0.79,0.1,-14.08,7.48,-1.08,0.8
1773566305.004207,0.06,-0.95,0.2,-16.93,8.63,10.37,0.97
1773566305.1109974,-0.06,-0.89,0.26,4.31,26.06,-6.83,0.93
1773566305.196797,-0.13,-1.08,0.28,51.66,7.53,24.58,1.13
1773566305.312441,0.09,-1.21,-0.04,45.16,16.41,61.21,1.21
1773566305.4083395,-0.18,-0.93,-0.04,-31.89,9.47,-34.55,0.94
1773566305.5119617,-0.1,-0.78,0.16,-25.07,-14.92,-28.09,0.8
1773566305.624787,-0.15,-0.9,0.11,-27.77,6.56,-11.15,0.91
1773566305.729845,-0.21,-0.86,0.18,18.14,-31.62,-29.76,0.9
1773566305.830612,-0.22,-1.11,0.18,13.16,-54.92,1.16,1.14
1773566305.9308598,0.24,-1.34,0.02,71.53,-57.34,13.77,1.36
1773566306.0315068,0.09,-0.9,-0.0,-30.29,-45.63,-4.41,0.91
1773566306.1402836,-0.12,-0.82,0.21,-65.92,-44.9,-47.89,0.86
1773566306.2418778,0.06,-0.84,0.21,-7.24,-80.46,60.64,0.87
1773566306.340597,0.01,-0.93,0.21,-21.31,-99.92,-1.71,0.95
1773566306.44256,-0.0,-0.92,0.19,-9.5,-130.93,47.45,0.94
0.0,0.0,0.0,0.0,0.0,0.0,0.0,0.0
1773566308.2571795,-0.11,-1.0,0.24,-8.5,-49.94,27.54,1.03
1773566308.3478615,-0.09,-1.21,0.07,38.9,-41.01,49.22,1.22
1773566308.4486313,-0.23,-0.89,-0.17,-0.96,11.39,24.21,0.94
1773566308.5494535,-0.2,-1.04,0.08,-34.5,-48.5,-11.16,1.06
1773566308.6578617,-0.17,-0.76,0.08,3.71,12.64,-14.57,0.79
1773566308.7631583,-0.23,-0.99,0.07,-14.87,-10.02,-23.19,1.01
1773566308.8604598,-0.27,-0.88,0.12,-21.28,-28.79,-41.94,0.93
1773566308.9726958,-0.21,-0.97,0.14,-7.18,-44.47,-12.12,1.0
1773566309.0746517,-0.21,-1.06,0.29,29.68,-45.76,-45.54,1.12
1773566309.1738915,0.08,-1.2,-0.11,17.5,50.78,62.93,1.2
1773566309.2740903,-0.01,-0.86,0.03,-25.1,-20.06,-49.73,0.86
1773566309.3832035,-0.08,-0.88,0.08,-19.6,1.83,3.24,0.89
1773566309.478489,-0.08,-0.84,0.18,-24.49,-44.05,3.68,0.87
1773566309.576086,-0.1,-0.99,0.17,-36.34,-10.57,15.72,1.01
1773566309.6926708,-0.07,-0.95,0.19,3.56,-9.97,30.29,0.97
1773566309.802666,-0.23,-1.29,0.34,19.63,8.96,9.5,1.35
1773566309.8953364,0.02,-1.14,-0.19,9.44,36.55,103.27,1.16
1773566310.0091946,-0.21,-0.79,-0.11,-30.02,-20.44,-46.66,0.83
1773566310.1076484,-0.14,-0.92,0.04,-14.67,-44.81,-14.05,0.93
1773566310.2077055,-0.22,-0.9,0.0,5.04,6.5,-24.64,0.93
1773566310.3119123,-0.27,-0.92,0.1,0.99,-29.01,-29.79,0.97
1773566310.41036,-0.21,-0.93,0.12,15.07,-37.74,-20.46,0.96
1773566310.526868,-0.29,-1.05,0.29,33.63,-63.37,-58.21,1.12
1773566310.6232312,0.19,-1.24,-0.1,16.58,-14.78,50.3,1.26
1773566310.7283945,-0.0,-0.76,0.07,-23.77,-25.91,-66.89,0.76
1773566310.826965,0.04,-0.79,0.12,-4.72,-8.66,7.42,0.8
1773566310.92667,-0.06,-0.87,0.17,-39.83,-21.33,2.47,0.89
1773566311.024521,-0.04,-0.92,0.25,-26.05,-39.54,20.95,0.96
1773566311.1420732,-0.06,-1.05,0.26,-12.41,-21.85,27.91,1.08
1773566311.2450397,-0.05,-1.08,0.29,36.82,-50.37,-5.7,1.12
1773566311.342313,-0.11,-1.05,-0.24,-2.67,26.44,40.9,1.09
1773566311.4435406,-0.11,-0.84,0.03,-32.61,-54.84,-57.12,0.85
1773566311.5407703,-0.09,-0.78,0.05,-9.68,-8.03,-1.76,0.79
1773566311.6654625,-0.16,-0.98,0.1,-12.37,-2.76,-29.71,1.0
1773566311.7637885,-0.16,-0.88,0.17,16.26,-14.81,-37.68,0.91
1773566311.8641129,-0.25,-1.23,0.28,6.37,-52.29,-50.6,1.29
1773566311.9647326,0.22,-1.34,-0.07,17.5,-14.35,15.8,1.36
1773566312.07163,0.21,-0.81,-0.08,-21.22,-11.3,-31.83,0.84
1773566312.1703806,0.03,-0.81,0.14,-13.86,-4.98,-19.68,0.82
1773566312.2763774,0.05,-0.83,0.14,-11.88,-17.86,20.35,0.84
1773566312.3737595,0.03,-0.93,0.22,-32.75,-48.18,-5.74,0.96
1773566312.4779315,0.06,-0.92,0.24,-18.03,-19.6,30.92,0.95
1773566312.587717,0.04,-1.04,0.26,-28.26,5.77,-1.19,1.07
1773566312.686178,0.0,-1.23,-0.04,-5.02,43.31,-2.08,1.23
1773566312.7907448,-0.04,-1.01,-0.16,-9.57,3.69,-12.96,1.02
0.0,0.0,0.0,0.0,0.0,0.0,0.0,0.0
1773566314.306189,-0.21,-0.93,-0.09,-5.1,-1.57,-29.8,0.96
1773566314.306189,-0.14,-0.99,0.07,-27.11,-56.24,-4.18,1.0
1773566314.361494,-0.04,-0.71,0.06,-7.04,-34.47,-2.63,0.71
1773566314.4595044,-0.17,-0.98,0.14,-9.45,-38.38,-21.16,1.0
1773566314.5636957,-0.15,-0.87,0.2,21.73,-38.95,-7.94,0.9
1773566314.6780453,-0.16,-1.15,0.35,45.33,-50.06,-37.42,1.21
1773566314.777396,0.06,-1.19,-0.02,21.83,0.92,11.75,1.2
1773566314.881142,0.09,-1.04,-0.02,-36.89,-36.38,-3.8,1.04
1773566314.9818456,0.02,-0.75,0.2,-22.86,-53.8,-25.44,0.78
1773566315.0825603,0.03,-0.87,0.19,-20.43,-54.21,26.43,0.89
1773566315.192583,-0.04,-0.88,0.24,-16.63,-39.27,4.43,0.91
1773566315.287495,0.0,-0.96,0.24,-17.39,-15.04,50.44,0.99
1773566315.3944893,-0.18,-1.15,0.4,22.84,-40.81,1.16,1.23
1773566315.4925363,0.11,-1.28,-0.27,1.08,11.62,132.67,1.31
1773566315.5934956,-0.2,-0.87,0.13,-66.06,-95.18,-91.13,0.9
1773566315.6930132,-0.05,-0.78,0.07,16.76,-67.91,13.79,0.79
1773566315.8091445,-0.17,-0.87,0.08,-32.9,-48.17,-27.18,0.89
1773566315.907719,-0.16,-0.87,0.19,-7.3,-60.57,-19.16,0.9
1773566316.015006,-0.19,-1.24,0.24,-32.52,-68.37,-57.3,1.27
1773566316.108151,0.23,-1.3,-0.03,32.08,-31.13,6.14,1.32
1773566316.2162566,0.14,-0.89,-0.11,-31.54,-32.7,17.98,0.9
1773566316.326178,0.07,-0.92,0.06,18.43,-36.31,20.92,0.93
1773566316.4257612,0.07,-0.71,0.06,18.87,-50.93,27.1,0.72
1773566316.5280516,0.03,-0.95,0.19,-11.94,-47.31,10.56,0.97
1773566316.6279476,0.01,-0.96,0.28,-9.01,-20.05,23.37,1.0
1773566316.74152,-0.09,-1.14,0.29,5.91,3.36,13.54,1.18
1773566316.8429046,0.06,-1.28,-0.22,2.4,49.4,83.3,1.3
1773566316.9406905,-0.06,-0.93,-0.07,-25.21,-0.61,-32.15,0.93
1773566317.0463064,-0.04,-0.79,0.06,6.26,-21.63,-11.25,0.79
1773566317.142378,-0.2,-0.87,0.1,-8.15,3.91,-17.47,0.9
1773566317.2446673,-0.16,-0.9,0.17,11.66,-8.96,-6.66,0.93
1773566317.3566494,-0.17,-1.05,0.18,-8.27,-2.03,25.66,1.08
1773566317.4566054,0.1,-1.16,0.16,50.23,-18.69,-33.42,1.17
1773566317.5623848,0.08,-0.88,0.03,-18.23,46.49,-82.09,0.88
1773566317.6589825,-0.02,-0.98,0.13,-11.04,75.27,-18.81,0.99
1773566317.7619135,0.06,-0.81,0.13,-9.6,71.97,-7.1,0.82
1773566317.865505,0.03,-0.97,0.19,-29.89,49.77,1.5,0.99
1773566317.974779,0.01,-0.93,0.26,-26.5,28.88,12.75,0.96
1773566318.0770075,-0.11,-1.18,0.33,-22.11,36.05,10.03,1.23
1773566318.1764405,0.03,-1.11,0.04,25.74,31.83,26.44,1.11
1773566318.2778604,-0.23,-0.93,-0.17,-11.5,49.16,8.64,0.98
1773566318.3937173,-0.07,-0.91,0.09,5.65,2.21,-40.0,0.92
0.0,0.0,0.0,0.0,0.0,0.0,0.0,0.0
1773566322.524197,-0.06,-0.95,0.13,-1.1,-11.39,-5.45,0.96
1773566322.6395924,-0.07,-0.98,0.13,-8.29,-10.17,-7.08,0.99
1773566322.7447224,-0.07,-0.95,0.12,-7.48,-11.59,-5.3,0.96
1773566322.8437457,-0.06,-0.98,0.11,-7.47,-10.76,-3.44,0.99
1773566322.941579,-0.06,-0.96,0.1,-10.14,-12.14,-4.86,0.97
1773566323.0454657,-0.04,-0.89,0.05,-27.74,-7.18,-3.73,0.89
1773566323.1421864,-0.05,-0.47,-0.13,-105.31,-0.12,-42.12,0.48
1773566323.259446,0.04,-0.07,-0.0,-154.92,-26.92,-140.34,0.08
1773566323.3507574,0.04,-1.07,-0.45,-186.76,37.77,61.37,1.16
1773566323.4649005,0.02,-1.23,-0.68,-307.3,41.18,-122.81,1.4
1773566323.5583713,0.12,-1.82,-0.55,-11.47,-59.34,-63.53,1.9
1773566323.6581898,0.9,-1.73,-1.68,157.25,-5.19,94.93,2.57
1773566323.7755802,0.33,-1.17,-0.87,-134.5,53.4,59.79,1.5
1773566323.875646,0.09,-0.8,-0.35,-60.96,36.0,-37.48,0.87
1773566323.9762945,0.27,-0.57,-0.56,-36.89,-61.05,-5.83,0.84
1773566324.0756354,0.42,-0.66,-0.8,-24.17,-67.15,-25.1,1.12
1773566324.1761694,0.38,-0.66,-0.89,-6.03,9.05,-1.36,1.18
1773566324.2925951,0.27,-0.65,-0.64,-25.36,24.06,-7.53,0.95
0.0,0.0,0.0,0.0,0.0,0.0,0.0,0.0
1773566327.2966044,-0.03,-0.9,0.14,-7.8,-6.38,6.87,0.91
1773566327.4094942,-0.05,-0.97,0.19,-8.23,-13.5,-2.08,0.99
1773566327.5117855,-0.05,-0.95,0.17,-6.86,-9.13,-0.73,0.96
1773566327.6110425,-0.05,-0.95,0.19,-11.82,-13.12,-1.3,0.97
1773566327.7085938,-0.03,-0.96,0.14,-9.53,-12.58,5.66,0.97
1773566327.8141296,-0.05,-0.96,0.17,-1.92,-11.95,-6.57,0.98
1773566327.9267397,-0.05,-0.97,0.17,-4.78,-9.16,-3.16,0.99
1773566328.027055,-0.06,-0.95,0.18,-7.02,-11.85,-5.15,0.97
1773566328.1252637,-0.06,-0.95,0.16,-5.39,-10.46,-3.05,0.97
1773566328.2266042,-0.05,-0.95,0.17,-6.82,-12.03,-4.78,0.97
1773566328.3436697,-0.06,-0.95,0.17,-9.62,-8.95,-4.06,0.96
1773566328.444383,-0.05,-0.95,0.15,-24.55,-9.37,-8.0,0.96
1773566328.5446837,-0.03,-0.91,0.1,-44.73,-9.41,-10.63,0.91
1773566328.6453123,0.0,-0.67,-0.02,-94.78,0.75,-25.37,0.67
1773566328.7552984,-0.03,-0.38,-0.06,-153.71,-3.6,-65.51,0.38
1773566328.857571,0.03,-0.08,-0.07,-171.57,-4.86,-72.99,0.11
1773566328.9600878,0.28,-0.64,-0.54,-162.98,67.42,-31.34,0.88
1773566329.0600064,-0.2,-1.43,-0.18,-197.24,-179.41,-278.31,1.45
1773566329.1598992,0.37,-2.0,-1.64,-84.63,-94.05,-143.15,2.61
1773566329.2620697,-0.04,-1.4,-0.51,-237.1,47.65,-52.43,1.49
1773566329.374128,0.11,-0.4,-0.34,-3.24,60.5,17.88,0.53
1773566329.4722965,0.29,-0.24,-0.52,-29.89,-59.63,-13.12,0.64
1773566329.5767152,0.09,-0.96,-0.81,76.32,-72.4,19.79,1.26
1773566329.6791663,0.49,-0.77,-1.11,4.08,44.15,13.39,1.44
1773566329.7769408,0.15,-0.65,-0.5,-31.25,30.44,-10.6,0.83
1773566329.8895738,0.19,-0.61,-0.56,6.9,-24.96,5.53,0.85
1773566329.9907649,0.33,-0.72,-0.87,14.73,-41.68,4.7,1.17
1773566330.0907483,0.3,-0.72,-0.78,-20.32,6.15,-4.03,1.1
1773566330.1995587,0.23,-0.63,-0.62,-10.82,-8.37,-23.41,0.92
0.0,0.0,0.0,0.0,0.0,0.0,0.0,0.0
1773566331.910774,0.01,-0.92,-0.31,106.66,-39.94,32.76,0.98
1773566332.0276484,0.06,-0.75,-0.25,134.05,-38.95,30.7,0.8
1773566332.1276448,0.02,-0.76,-0.17,120.49,-17.92,56.58,0.78
1773566332.2246218,0.02,-0.72,-0.1,72.09,-26.24,52.09,0.72
1773566332.3237135,-0.1,-0.98,0.01,57.39,-8.09,28.3,0.98
1773566332.4314072,-0.04,-1.01,0.04,27.16,-20.0,-5.39,1.01
1773566332.5395577,-0.09,-0.92,0.13,27.07,-30.31,-5.96,0.93
1773566332.641439,-0.06,-1.02,0.08,0.69,-29.94,3.74,1.02
1773566332.7405057,-0.04,-0.95,0.1,-6.81,-20.75,-6.49,0.96
1773566332.8443012,-0.05,-0.99,0.1,-11.28,-12.61,-8.26,0.99
1773566332.9575307,-0.06,-0.97,0.1,-6.03,-7.68,-8.58,0.97
1773566333.055425,-0.06,-0.98,0.1,0.63,-6.95,-2.34,0.98
1773566333.157394,-0.06,-0.98,0.1,-4.87,-8.81,-1.82,0.99
1773566333.2681935,-0.06,-0.98,0.1,-2.76,-13.13,-0.18,0.99
1773566333.3684833,-0.05,-0.97,0.1,-2.55,-15.31,-4.47,0.98
1773566333.4736452,-0.06,-0.97,0.09,-2.11,-10.79,-2.32,0.97
1773566333.5735762,-0.04,-0.97,0.1,-2.2,-10.02,-3.16,0.97
1773566333.673655,-0.04,-0.94,0.1,-12.18,-5.51,-8.63,0.95
1773566333.7753005,-0.05,-0.92,0.06,-42.84,-0.4,-7.97,0.92
1773566333.8878095,-0.01,-0.76,-0.01,-92.52,5.5,-25.37,0.76
1773566333.981114,-0.0,-0.23,-0.1,-164.76,9.62,-65.5,0.25
1773566334.097012,-0.01,-0.21,-0.1,-181.37,-0.67,-59.47,0.23
1773566334.1902528,0.15,-0.46,-0.38,-174.67,55.72,-17.07,0.62
1773566334.3059382,-0.58,-1.99,-0.41,-159.69,98.38,-28.29,2.11
1773566334.4019876,0.29,-2.0,-0.91,-19.04,-98.61,-232.96,2.22
1773566334.5069442,0.15,-1.21,-0.72,-206.73,171.04,4.96,1.41
1773566334.6068332,0.17,-0.45,-0.18,-63.3,25.01,-14.35,0.51
1773566334.709569,0.12,-0.31,-0.34,1.25,-43.41,-10.46,0.48
1773566334.8070264,0.4,-0.98,-1.02,52.38,-86.18,67.68,1.47
1773566334.9165342,0.43,-0.89,-0.98,-59.51,44.3,-21.89,1.39
0.0,0.0,0.0,0.0,0.0,0.0,0.0,0.0
1773566337.4360502,0.0,-0.81,-0.16,103.56,-34.4,18.66,0.82
1773566337.4360502,0.09,-0.7,-0.09,103.4,-41.76,36.85,0.71
1773566337.523066,0.13,-1.0,-0.07,44.64,-10.69,56.55,1.01
1773566337.619064,-0.13,-0.89,0.15,-8.38,-30.76,-53.45,0.91
1773566337.7190914,-0.02,-1.06,0.06,15.63,-2.21,34.79,1.06
1773566337.823192,-0.01,-0.92,0.06,15.68,-7.37,-13.92,0.93
1773566337.9235086,-0.02,-0.99,0.08,4.26,0.17,0.81,0.99
1773566338.0234234,-0.02,-0.97,0.06,2.41,-9.27,-3.83,0.97
1773566338.134602,-0.02,-0.98,0.08,-2.95,-5.04,-3.8,0.98
1773566338.2408442,-0.04,-0.95,0.1,-7.16,-5.95,-5.54,0.96
1773566338.3408494,-0.03,-0.96,0.1,-7.71,-8.82,-4.28,0.97
1773566338.4424028,-0.03,-0.97,0.09,-1.86,-9.31,0.49,0.98
1773566338.5411198,-0.03,-0.98,0.09,-8.09,-10.49,-3.97,0.98
1773566338.6554358,-0.04,-0.98,0.1,-6.69,-9.6,-3.59,0.99
1773566338.7562623,-0.05,-1.0,0.14,-2.27,-10.7,-2.35,1.01
1773566338.8572707,-0.02,-0.94,0.11,-7.94,-11.89,-3.16,0.95
1773566338.9589906,-0.03,-0.98,0.13,-7.4,-10.75,-8.86,0.99
1773566339.060006,-0.06,-0.96,0.12,-2.11,-10.73,-3.99,0.97
1773566339.1731808,-0.1,-0.99,0.11,-12.52,-37.62,3.08,1.0
1773566339.276085,-0.16,-0.97,0.04,-15.28,-95.91,17.24,0.99
1773566339.3731906,-0.28,-0.98,0.1,-15.83,-159.54,-7.51,1.02
1773566339.475969,-0.13,-1.1,0.07,13.24,-222.0,70.92,1.11
1773566339.578017,0.33,-0.74,0.02,-19.66,-223.53,37.37,0.81
1773566339.6933398,0.03,-1.04,0.14,-40.17,-221.86,-34.08,1.05
1773566339.8095944,0.15,-0.83,0.1,-8.31,-206.11,44.01,0.85
1773566339.8911855,0.2,-0.96,0.11,-36.31,-216.86,17.02,0.99
1773566339.9928794,0.25,-0.91,0.09,-31.51,-221.31,10.09,0.95
1773566340.0953083,0.19,-0.97,-0.09,-32.96,-221.91,2.72,1.0
1773566340.2061083,-0.3,-1.46,-0.27,-70.95,-163.73,41.21,1.52
1773566340.3233874,-0.09,-0.89,-0.19,-10.66,-161.59,-9.63,0.91
1773566340.4096005,-0.01,-0.63,-0.27,-72.69,-136.44,16.99,0.68
1773566340.510194,0.17,-0.93,-0.37,-60.86,-143.83,-31.5,1.02
1773566340.6106424,0.08,-0.58,-0.17,-67.83,-162.44,-162.15,0.61
1773566340.7232008,0.26,-0.64,-0.4,-4.63,-48.78,54.26,0.8
1773566340.8247018,0.09,-1.4,-0.29,-30.98,-42.93,-68.6,1.43
0.0,0.0,0.0,0.0,0.0,0.0,0.0,0.0
1773566342.4776435,0.18,-1.27,-0.44,-35.73,-19.02,-17.31,1.35
1773566342.5747962,0.15,-1.24,-0.47,37.39,-13.71,5.86,1.34
1773566342.6752574,0.16,-1.0,-0.37,16.35,-0.05,7.97,1.08
1773566342.772851,0.03,-0.96,-0.22,63.91,24.18,64.29,0.98
1773566342.883189,0.01,-0.86,-0.09,108.15,-3.92,58.96,0.86
1773566342.9891346,-0.05,-0.73,-0.02,89.62,3.65,44.3,0.73
1773566343.089321,0.07,-0.62,-0.06,74.18,9.6,24.72,0.63
1773566343.190514,-0.11,-1.09,-0.02,28.76,25.94,41.22,1.1
1773566343.2908804,-0.16,-0.91,0.07,-3.33,-1.37,-5.82,0.92
1773566343.4064658,-0.1,-0.99,0.1,-7.27,-18.14,15.54,1.0
1773566343.508537,-0.13,-0.95,0.05,-26.14,-30.43,-11.68,0.96
1773566343.6091616,-0.12,-1.0,0.07,-21.15,-44.57,-1.53,1.01
1773566343.708765,-0.14,-0.98,0.05,-23.13,-45.36,-3.96,0.99
1773566343.8229425,-0.1,-0.95,0.05,-23.39,-44.84,-4.2,0.95
1773566343.9252155,-0.12,-1.0,0.03,-21.51,-33.28,-1.05,1.01
1773566344.025907,-0.11,-0.96,0.01,-11.91,-39.28,-3.39,0.97
1773566344.1269298,-0.12,-0.98,0.01,1.53,-47.37,8.06,0.98
1773566344.226358,-0.11,-0.99,0.02,-0.5,-43.22,5.53,0.99
1773566344.3267498,-0.09,-0.96,0.05,2.98,-33.83,4.52,0.96
1773566344.4269865,-0.11,-0.92,0.04,-14.66,-34.67,-1.44,0.93
1773566344.5286918,-0.11,-0.83,-0.02,-32.32,-23.24,-2.26,0.84
1773566344.639026,-0.09,-0.85,-0.08,-58.72,-18.17,-27.44,0.86
0.0,0.0,0.0,0.0,0.0,0.0,0.0,0.0
1773566347.3934395,-0.01,-0.97,-0.03,-58.5,7.21,-28.96,0.97
1773566347.509132,-0.03,-0.93,-0.09,-83.59,-2.89,-37.73,0.94
1773566347.6052885,-0.05,-1.0,-0.14,-102.46,-2.11,-56.73,1.01
1773566347.7085342,0.1,-1.18,-0.32,-80.6,0.64,-49.48,1.22
1773566347.80451,0.15,-1.21,-0.56,-50.43,22.87,-8.23,1.34
1773566347.9084394,0.21,-1.05,-0.59,-11.4,-21.3,35.31,1.23
1773566348.023339,0.12,-0.98,-0.43,17.37,4.55,46.99,1.08
1773566348.10771,0.08,-0.88,-0.41,49.69,-2.84,75.17,0.98
1773566348.207524,0.02,-0.83,-0.32,28.9,20.72,57.36,0.89
1773566348.321118,-0.11,-0.85,-0.16,-2.26,-23.02,-4.52,0.87
1773566348.4284708,0.14,-0.69,-0.26,117.91,-17.54,13.66,0.75
1773566348.5313094,-0.02,-0.99,-0.23,47.62,-11.71,36.98,1.02
1773566348.621881,-0.11,-0.91,-0.1,50.43,-20.95,-1.66,0.93
1773566348.7348566,-0.04,-0.97,-0.05,19.31,-17.77,-6.57,0.98
1773566348.8411422,-0.08,-1.01,-0.08,17.21,-18.73,2.55,1.02
1773566348.9418309,-0.06,-0.97,-0.04,3.25,-29.77,-11.74,0.97
1773566349.0418336,-0.08,-0.96,-0.01,-7.5,-28.64,-8.9,0.96
1773566349.1424649,-0.09,-0.99,0.02,-16.98,-26.98,-7.25,1.0
1773566349.2541776,-0.03,-0.99,-0.02,26.66,-32.9,-0.64,0.99
1773566349.357632,-0.05,-0.98,-0.0,14.66,-26.64,-2.7,0.98
1773566349.4580295,-0.05,-0.97,0.03,7.14,-30.46,-5.34,0.98
1773566349.5562348,-0.07,-0.98,0.03,1.95,-30.9,3.3,0.99
1773566349.6723275,-0.08,-0.97,0.03,0.95,-31.36,10.06,0.97
1773566349.7723446,-0.07,-0.98,0.03,-2.93,-35.74,17.43,0.98
1773566349.8744338,-0.06,-0.95,0.02,-6.87,-42.44,15.16,0.95
1773566349.975202,-0.06,-0.97,0.02,-11.24,-46.79,12.95,0.97
1773566350.0720584,-0.09,-0.95,0.01,-14.78,-44.76,16.04,0.95
1773566350.1743362,-0.1,-0.77,-0.04,-45.42,-54.57,1.36,0.77
1773566350.2917044,-0.1,-0.57,-0.08,-101.6,-41.59,-49.92,0.58
1773566350.3907382,0.12,-0.64,-0.28,-50.41,-3.85,19.94,0.71
1773566350.4901626,-0.02,-1.11,-0.44,-37.57,22.59,8.87,1.19
1773566350.5888052,-0.16,-2.0,-0.46,139.77,44.85,367.95,2.06
1773566350.7054937,-0.0,0.13,0.23,114.56,-125.63,-212.89,0.27
1773566350.8067296,-0.22,-1.13,0.03,97.65,-19.25,67.02,1.15
1773566350.9218793,-0.22,-1.0,0.06,79.53,-53.92,-6.12,1.03
1773566351.0061011,-0.12,-0.8,0.09,-20.9,4.84,-15.45,0.81
1773566351.1064315,-0.14,-0.95,0.11,-4.24,12.96,-24.5,0.97
1773566351.218827,-0.2,-1.0,0.09,11.77,-13.56,-8.38,1.02
1773566351.32082,-0.14,-0.96,0.06,-24.41,-24.93,-12.05,0.98
0.0,0.0,0.0,0.0,0.0,0.0,0.0,0.0
1773566353.8195362,-0.06,-1.0,0.02,13.44,49.69,3.27,1.0
1773566353.906101,-0.07,-0.96,0.05,12.63,23.34,3.39,0.96
1773566354.0099926,-0.11,-0.99,0.06,-0.29,-8.29,2.79,1.0
1773566354.1069572,-0.06,-0.94,0.06,-8.86,-27.19,0.38,0.95
1773566354.205053,-0.06,-0.96,0.06,-3.24,-37.48,-5.19,0.97
1773566354.308012,-0.08,-1.01,0.06,-4.56,-34.11,6.08,1.01
1773566354.417755,-0.06,-0.98,0.07,-14.69,-36.09,1.5,0.98
1773566354.5236945,-0.06,-0.97,0.06,-10.75,-36.21,-0.81,0.97
1773566354.6230268,-0.04,-0.95,0.06,-8.41,-46.15,3.31,0.95
1773566354.7396164,-0.11,-0.99,0.14,-4.11,-85.54,-0.46,1.0
1773566354.8346677,-0.0,-0.95,0.12,-27.92,-101.34,10.87,0.95
1773566354.937833,0.0,-1.02,0.06,-37.53,-79.54,5.25,1.02
1773566355.039735,0.09,-0.91,-0.15,-100.35,-37.89,-13.62,0.92
1773566355.1385455,-0.17,-1.1,-0.04,-42.14,-2.38,-31.7,1.11
1773566355.247647,-0.12,-0.89,-0.13,-1.98,36.17,11.31,0.91
1773566355.3410397,-0.07,-1.13,-0.14,-17.19,-7.94,9.43,1.14
1773566355.4431655,0.01,-0.95,-0.09,9.18,-44.55,-12.14,0.95
1773566355.5569825,-0.03,-0.99,-0.1,8.32,-45.73,8.41,0.99
1773566355.655342,-0.0,-0.93,-0.06,-14.14,-63.16,-8.38,0.94
1773566355.754875,0.02,-0.91,-0.1,-18.18,-59.54,4.34,0.92
1773566355.8557556,0.0,-0.77,-0.11,-56.52,-54.87,-18.57,0.78
1773566355.9710498,-0.0,-0.69,-0.21,-64.24,-34.23,-34.54,0.72
1773566356.075909,0.16,-0.45,-0.29,-57.94,-42.63,-99.68,0.56
1773566356.1810162,0.11,-1.31,-0.49,40.4,53.57,99.63,1.4
1773566356.2905302,0.64,-2.0,-0.02,114.09,84.75,133.51,2.1
1773566356.3772793,-0.37,-0.37,0.13,-109.18,-82.76,-349.7,0.53
1773566356.477889,-0.28,-1.15,0.12,55.66,32.32,142.08,1.19
1773566356.5879447,-0.07,-0.98,-0.02,61.88,-0.66,44.81,0.98
1773566356.686247,0.07,-0.8,-0.01,-17.13,17.31,-6.67,0.8
1773566356.803579,-0.02,-1.05,-0.01,-0.69,4.96,-0.02,1.05
0.0,0.0,0.0,0.0,0.0,0.0,0.0,0.0
1773566358.9598043,0.03,-0.81,-0.18,103.5,26.78,14.24,0.83
1773566359.0620575,0.12,-0.91,-0.07,90.9,58.5,-11.96,0.92
1773566359.1706812,0.09,-0.8,0.01,32.26,72.09,12.87,0.81
1773566359.275433,0.1,-0.91,0.04,9.44,50.56,8.93,0.91
1773566359.3732915,0.13,-0.99,0.03,3.66,99.76,-6.92,0.99
1773566359.4763544,-0.03,-0.96,0.12,33.18,96.26,22.95,0.96
1773566359.5900865,-0.03,-0.97,0.08,-3.11,56.43,46.88,0.97
1773566359.6903229,-0.06,-0.95,0.05,-6.46,2.09,4.52,0.96
1773566359.7930603,-0.08,-0.98,0.05,-26.26,-39.16,-1.8,0.99
1773566359.904847,-0.04,-0.94,0.04,-30.73,-76.21,-17.27,0.94
1773566360.006642,0.01,-0.97,-0.02,-42.87,-95.28,-14.67,0.97
1773566360.1042106,0.06,-0.98,-0.06,-38.7,-86.41,-14.2,0.98
1773566360.1945782,0.02,-0.95,0.02,-21.24,-87.22,-11.54,0.95
1773566360.305814,0.03,-0.87,-0.1,-19.19,-64.79,20.49,0.88
1773566360.4067316,-0.05,-0.65,-0.15,-49.73,-53.42,5.72,0.67
1773566360.5196435,0.08,-0.47,-0.2,-83.02,-46.31,-64.79,0.52
1773566360.6225536,0.04,-1.08,-0.36,-75.8,36.12,33.08,1.14
1773566360.7193837,-0.38,-1.47,0.03,27.08,13.91,2.17,1.52
1773566360.8192017,-0.26,-1.46,-0.47,-111.86,66.34,-150.44,1.55
1773566360.9177444,0.1,-0.71,-0.27,98.11,-64.86,114.03,0.76
1773566361.0340889,-0.26,-1.17,-0.08,68.12,-63.19,20.34,1.2
1773566361.140254,-0.15,-0.85,-0.0,8.03,-19.01,-15.34,0.87
1773566361.227041,-0.17,-0.97,-0.03,3.95,19.65,17.77,0.98
1773566361.3371823,-0.15,-1.0,-0.06,-9.27,-8.28,-15.92,1.01
0.0,0.0,0.0,0.0,0.0,0.0,0.0,0.0
1773566363.4455457,0.03,-0.86,-0.4,153.48,-45.31,31.94,0.95
1773566363.4613955,0.02,-0.66,-0.23,147.31,-24.78,25.24,0.7
1773566363.653547,0.03,-0.87,-0.13,85.14,-3.19,76.98,0.88
1773566363.6702137,-0.06,-0.9,-0.07,49.39,27.47,-1.13,0.91
1773566363.8535233,-0.05,-1.02,-0.03,25.44,17.45,-2.02,1.02
1773566363.8702002,-0.15,-0.91,0.05,14.64,34.3,-16.86,0.93
1773566364.071041,-0.08,-0.97,0.0,-22.81,33.85,-18.08,0.97
1773566364.080755,-0.05,-0.98,-0.01,-8.2,58.9,3.05,0.98
1773566364.1867845,-0.09,-0.98,-0.02,-11.34,14.99,-8.15,0.99
1773566364.2882588,-0.12,-0.99,-0.06,-5.85,3.42,-7.62,1.0
1773566364.4034762,-0.11,-0.97,-0.03,4.66,-21.62,-0.14,0.97
1773566364.4878745,-0.06,-1.0,-0.02,-1.71,-40.47,-12.66,1.0
1773566364.5931268,-0.09,-1.0,0.01,9.82,-35.37,-3.08,1.0
1773566364.689458,-0.08,-0.96,0.0,1.76,-40.95,4.34,0.96
1773566364.7896273,-0.08,-0.98,0.0,5.27,-34.14,3.83,0.98
1773566364.9045677,-0.09,-0.97,0.02,-8.56,-32.2,4.44,0.98
1773566365.011841,-0.07,-0.96,-0.0,-14.12,-25.7,0.2,0.96
1773566365.116154,-0.08,-0.97,-0.05,-12.61,-24.09,2.2,0.98
1773566365.2228458,-0.06,-0.94,-0.04,-23.86,-30.24,2.0,0.94
1773566365.3204408,-0.02,-0.87,-0.07,-32.92,-41.48,-8.57,0.88
1773566365.422945,-0.02,-0.67,-0.12,-51.39,-22.92,-30.9,0.68
1773566365.5224156,0.05,-0.55,-0.15,-67.85,-28.89,-80.92,0.57
1773566365.6223438,0.04,-1.04,-0.2,53.19,-31.57,45.21,1.06
1773566365.7353275,0.17,-0.91,-0.22,71.1,71.33,-13.6,0.95
1773566365.8252945,-0.71,-2.0,-0.46,-153.71,3.14,10.82,2.17
1773566365.938301,-0.05,-0.56,0.12,179.86,-88.99,-52.55,0.57
1773566366.0357358,-0.54,-0.98,0.2,58.56,-17.57,78.14,1.14
1773566366.1368072,-0.14,-0.94,0.09,49.91,-16.21,2.55,0.95
1773566366.2502966,-0.22,-0.82,0.11,-0.96,19.91,-27.85,0.86
1773566366.3454494,-0.27,-1.0,0.18,7.27,-21.13,-34.28,1.06
1773566366.4431243,-0.19,-0.95,0.1,-2.21,-37.65,8.3,0.97
1773566366.553835,-0.15,-0.95,0.16,-21.34,-9.88,-15.51,0.97
1773566366.6542878,-0.18,-0.95,0.09,-14.55,-21.57,-20.12,0.97
0.0,0.0,0.0,0.0,0.0,0.0,0.0,0.0
1773566369.1901972,-0.02,-0.97,0.07,9.18,4.85,-7.62,0.98
1773566369.2092574,-0.08,-1.02,0.06,3.77,15.79,-15.73,1.02
1773566369.3040216,-0.11,-0.99,0.1,-11.48,33.72,-2.21,1.0
1773566369.398143,-0.01,-0.97,0.05,52.2,47.08,30.85,0.98
1773566369.503945,-0.06,-0.91,0.05,-36.17,101.69,31.94,0.91
1773566369.6029525,-0.14,-0.96,0.14,-24.73,28.43,-42.17,0.98
1773566369.7073703,-0.12,-0.96,0.01,-16.89,49.11,5.4,0.97
1773566369.8199668,-0.23,-1.0,-0.04,-3.6,4.34,-1.16,1.02
1773566369.919567,-0.12,-0.96,-0.03,-18.78,-34.21,-15.34,0.97
1773566370.0261643,-0.12,-0.99,-0.04,-12.17,-39.63,-11.01,1.0
1773566370.119567,-0.11,-0.96,-0.04,-23.6,-47.59,-12.26,0.96
1773566370.223956,-0.1,-0.99,-0.01,-13.08,-49.04,-17.76,0.99
1773566370.3207326,-0.07,-1.0,-0.05,-7.19,-63.05,-10.63,1.01
1773566370.4390674,-0.07,-0.97,-0.04,-17.28,-62.05,11.54,0.97
1773566370.5383997,-0.1,-0.95,-0.06,-31.4,-57.28,5.94,0.96
1773566370.6444888,-0.0,-0.83,-0.15,-54.73,-49.8,-6.75,0.84
1773566370.7528522,0.04,-0.76,-0.22,-72.86,-45.27,-37.65,0.79
1773566370.8465674,0.02,-0.74,-0.19,-46.24,-3.54,-24.78,0.77
1773566370.956213,0.01,-0.83,-0.33,-46.55,10.38,6.09,0.9
1773566371.054686,0.22,-0.74,-0.45,-65.71,55.69,-31.16,0.89
1773566371.1527874,0.21,-2.0,0.01,141.4,7.71,103.25,2.01
1773566371.25432,-0.26,-0.57,0.05,116.41,-89.1,-208.46,0.63
1773566371.355656,-0.32,-0.82,0.23,67.94,-37.42,173.51,0.91
1773566371.473051,-0.24,-1.23,0.12,82.96,-67.56,64.73,1.26
1773566371.585184,-0.15,-0.8,0.08,20.99,-20.02,7.74,0.82
0.0,0.0,0.0,0.0,0.0,0.0,0.0,0.0
1773566512.6854448,0.18,0.01,0.94,-34.82,-46.9,-52.29,0.96
1773566512.7920444,0.43,0.27,1.04,9.13,-26.38,-68.99,1.15
1773566512.8887267,0.49,0.3,0.73,-53.53,10.05,-85.15,0.93
1773566513.005436,0.29,0.2,0.77,-21.31,34.87,-29.25,0.85
1773566513.1077833,0.28,0.02,0.79,-27.33,-11.19,-98.03,0.84
1773566513.206049,0.3,-0.05,0.82,-12.37,-26.55,-23.82,0.88
1773566513.3092682,0.21,-0.09,0.84,-19.1,-17.41,27.62,0.87
1773566513.4074495,0.36,0.01,1.16,67.02,36.63,-58.93,1.21
1773566513.52141,0.1,0.6,1.1,-69.24,16.88,16.47,1.25
1773566513.6230488,0.14,0.23,0.74,27.45,-25.62,9.56,0.78
1773566513.724694,0.05,0.04,0.65,6.43,-1.68,-8.14,0.66
1773566513.8220084,0.01,0.19,0.9,-1.25,-53.39,-17.85,0.92
1773566513.9219966,0.09,-0.09,1.08,-28.15,-23.89,-37.94,1.09
1773566514.0226755,0.32,0.44,1.29,41.91,-7.47,23.19,1.4
1773566514.1247082,0.39,0.11,0.82,-57.56,-78.47,-0.43,0.92
1773566514.2393658,0.16,0.07,0.56,45.59,33.71,96.78,0.59
1773566514.340273,0.17,0.09,0.65,-59.71,1.33,-8.72,0.68
1773566514.4410555,0.39,-0.19,0.99,67.3,-2.09,-20.18,1.08
1773566514.554941,0.22,0.01,1.32,18.87,16.92,57.85,1.34
1773566514.6424804,0.18,1.03,1.19,-144.2,12.84,-61.02,1.59
1773566514.7559578,0.42,0.01,0.64,50.31,-0.23,-1.12,0.77
1773566514.856306,0.09,0.22,0.53,-54.32,-41.01,114.41,0.58
1773566514.9743516,0.08,-0.17,0.79,-32.66,-23.47,40.63,0.81
1773566515.073505,0.25,-0.16,1.35,57.91,-65.42,91.54,1.38
1773566515.158419,0.24,0.47,1.08,-146.02,-29.01,63.37,1.2
1773566515.2734993,0.53,-0.15,0.88,-79.69,-138.66,87.86,1.04
1773566515.3716662,0.42,-0.27,0.03,-78.38,-510.57,498.34,0.5
1773566515.4884007,0.84,-0.36,0.13,-42.89,-24.73,124.92,0.93
1773566515.5923302,0.47,-1.21,0.3,39.3,-213.22,316.27,1.33
1773566515.6928885,2.0,-0.88,-0.99,-27.42,-120.57,10.26,2.4
1773566515.79291,0.43,-0.61,0.09,69.33,10.7,-40.38,0.75
1773566515.8935244,0.45,-0.37,0.13,-39.79,63.92,79.89,0.6
1773566516.0070176,0.57,-0.86,0.18,-2.31,-2.99,86.9,1.05
1773566516.094063,0.5,-1.04,0.52,34.29,-7.3,38.95,1.27
1773566516.2053032,1.03,-0.73,0.12,-15.18,3.62,12.58,1.27
1773566516.3066115,0.43,-0.8,0.35,90.4,-25.59,-55.74,0.98
0.0,0.0,0.0,0.0,0.0,0.0,0.0,0.0
1773566521.7541864,-0.06,-0.82,0.08,-21.94,-17.47,25.54,0.83
1773566521.8276448,-0.04,-1.14,0.14,-29.98,-41.28,-4.84,1.15
1773566521.9221418,0.06,-0.83,0.19,-22.24,-27.34,-33.21,0.85
1773566522.0240088,-0.01,-0.96,0.23,-56.14,-14.05,-42.05,0.98
1773566522.1213582,-0.05,-1.24,0.3,-22.32,-1.33,-154.78,1.28
1773566522.2388687,0.09,-1.17,-0.21,-62.2,15.57,49.5,1.2
1773566522.3314216,0.15,-0.89,-0.04,67.69,17.66,-84.25,0.9
1773566522.4391894,0.17,-0.5,0.01,25.36,24.44,49.83,0.53
1773566522.545178,0.16,-0.99,0.24,13.22,-31.18,10.44,1.04
1773566522.6540928,0.16,-1.1,0.34,19.62,-16.73,50.73,1.16
1773566522.755861,0.27,-1.01,0.18,53.16,-39.83,-10.72,1.06
1773566522.855145,0.04,-1.0,-0.22,-52.55,-16.92,74.37,1.02
1773566522.958346,0.21,-0.74,0.07,-22.4,-72.5,-110.79,0.77
1773566523.0689414,0.09,-0.63,0.01,-27.66,-14.37,31.97,0.64
1773566523.1568046,0.06,-1.07,0.13,-36.09,-21.08,-60.96,1.08
1773566523.2624843,0.05,-1.46,0.31,27.01,0.12,-51.41,1.49
1773566523.3734388,0.6,-1.18,-0.3,-26.11,16.66,45.02,1.36
1773566523.4745927,0.25,-0.96,-0.03,-26.32,11.76,-43.18,0.99
1773566523.5704577,0.22,-0.47,0.01,6.02,33.62,17.85,0.51
1773566523.6876085,0.18,-0.82,0.2,-15.57,-16.64,40.47,0.87
1773566523.7773492,0.18,-1.18,0.31,38.67,0.81,63.24,1.23
1773566523.8884194,0.35,-1.34,-0.08,64.69,-2.14,88.96,1.39
1773566523.9876883,0.1,-0.77,-0.02,-39.19,-49.22,-21.86,0.78
1773566524.0887036,0.15,-0.84,0.1,17.76,-93.66,-77.07,0.86
1773566524.189769,0.08,-0.62,0.08,-29.42,-47.65,-3.79,0.63
0.0,0.0,0.0,0.0,0.0,0.0,0.0,0.0
1773566530.1596613,0.03,-0.98,0.21,22.26,-41.48,-1.94,1.0
1773566530.2386513,0.05,-0.96,0.21,5.73,-38.34,12.78,0.98
1773566530.345699,0.08,-0.89,0.23,-14.6,-33.19,0.12,0.92
1773566530.439477,0.06,-0.94,0.24,-16.72,-34.15,0.3,0.97
1773566530.5537229,0.06,-0.93,0.27,-14.02,-56.63,-4.73,0.97
1773566530.6532595,-0.04,-0.91,0.23,-11.92,-94.02,20.17,0.94
1773566530.7540994,0.01,-0.9,0.26,-6.86,-125.94,52.08,0.93
1773566530.8624449,-0.01,-1.02,0.34,-4.31,-133.86,49.92,1.08
1773566530.969617,0.07,-1.25,0.21,21.79,-96.53,86.11,1.27
1773566531.0635328,0.01,-0.82,-0.01,-3.44,-96.67,29.63,0.82
1773566531.1723914,-0.15,-1.0,0.07,-61.42,-118.38,-28.15,1.01
1773566531.2696033,0.06,-0.76,0.15,-11.45,-76.23,-19.15,0.77
1773566531.3768177,-0.11,-0.93,0.17,-5.91,-45.13,8.23,0.95
1773566531.474191,-0.07,-0.9,0.19,-5.42,-32.75,-3.71,0.92
1773566531.586828,-0.11,-1.13,0.35,17.04,-45.28,-64.32,1.19
1773566531.69099,0.2,-0.95,-0.08,13.89,13.19,17.63,0.97
1773566531.7937093,0.13,-0.99,0.09,-20.58,-21.25,-12.79,1.0
1773566531.8942528,0.03,-0.75,0.13,-24.64,-7.74,-1.48,0.76
1773566531.9876268,0.05,-0.89,0.2,-18.6,-25.45,32.47,0.91
1773566532.1042552,0.04,-0.94,0.24,2.32,-12.23,45.48,0.97
1773566532.2056918,0.01,-1.32,0.32,48.9,-48.18,24.29,1.36
1773566532.3061929,-0.0,-0.93,-0.11,24.15,-33.88,34.79,0.94
1773566532.4204853,-0.17,-0.92,0.02,-48.03,-79.79,-16.35,0.94
1773566532.5053394,0.0,-0.69,0.09,-8.47,-63.59,-11.02,0.7
1773566532.62212,-0.18,-0.97,0.2,-14.66,-53.27,-14.21,1.0
1773566532.7215478,-0.07,-1.0,0.23,49.8,-45.94,-17.08,1.03
1773566532.8222382,0.09,-1.32,0.18,37.74,-17.1,35.94,1.33
1773566532.9358582,0.27,-0.74,0.02,-36.86,-13.7,11.51,0.79
1773566533.036864,0.08,-0.94,0.17,-36.79,-21.86,-23.42,0.95
1773566533.1372614,0.07,-0.74,0.19,-22.34,-33.53,6.18,0.77
1773566533.2365696,0.14,-0.89,0.28,-15.88,-23.73,10.82,0.94
1773566533.340454,0.06,-1.02,0.29,1.63,8.98,42.56,1.07
0.0,0.0,0.0,0.0,0.0,0.0,0.0,0.0
1773566534.666278,0.06,-0.85,0.23,-30.0,-3.57,-20.6,0.89
1773566534.687933,0.06,-0.93,0.29,-54.44,30.29,10.95,0.97
1773566534.7885787,-0.03,-1.15,0.35,-30.17,38.5,-2.29,1.21
1773566534.9025834,0.2,-1.39,-0.15,9.42,91.62,59.85,1.41
1773566534.988544,-0.09,-0.75,-0.07,-27.36,30.3,-64.02,0.75
1773566535.0858698,-0.07,-0.88,0.06,-21.04,-40.67,-51.76,0.88
1773566535.202427,-0.06,-0.77,0.04,-19.05,-14.75,-8.06,0.77
1773566535.3026092,-0.09,-0.98,0.15,3.24,-33.36,-22.89,0.99
1773566535.403941,-0.12,-1.24,0.32,25.62,-43.22,-31.63,1.29
1773566535.5194097,0.3,-1.3,-0.05,-8.66,-39.08,-19.94,1.34
1773566535.6033485,0.25,-0.93,-0.1,21.51,-8.14,29.65,0.97
1773566535.7034664,0.09,-0.72,0.11,-31.01,3.04,-27.77,0.73
1773566535.8386264,0.16,-0.72,0.13,-23.6,5.95,14.88,0.75
1773566535.952693,0.0,-1.08,0.26,-15.74,-7.02,1.4,1.11
1773566536.0355985,0.02,-1.25,0.26,5.25,19.92,66.5,1.28
1773566536.1394682,0.15,-1.33,-0.25,29.79,0.92,47.21,1.37
1773566536.2391272,-0.08,-0.95,-0.11,-32.86,-23.05,-31.83,0.96
1773566536.3377244,0.05,-0.66,0.12,22.84,-58.46,-63.19,0.67
1773566536.4391675,-0.08,-0.82,0.08,-6.95,-2.41,9.01,0.83
1773566536.5362835,-0.13,-0.97,0.24,21.95,-38.84,-43.08,1.01
1773566536.6602674,-0.03,-1.24,0.29,38.11,-30.47,-5.88,1.27
1773566536.7385328,0.41,-1.43,-0.26,34.76,13.07,43.17,1.51
1773566536.8373764,0.11,-0.87,0.08,-43.88,24.09,11.37,0.88
1773566536.941233,0.08,-0.7,0.1,-29.34,25.11,-27.31,0.71
1773566537.044245,0.05,-0.85,0.16,-11.07,-9.16,26.69,0.87
1773566537.170727,0.03,-0.94,0.27,10.27,-23.89,19.66,0.98
1773566537.271663,-0.05,-1.2,0.39,49.14,-59.24,8.3,1.26
0.0,0.0,0.0,0.0,0.0,0.0,0.0,0.0
1773566538.4022207,0.04,-0.94,0.17,-21.69,-26.12,24.29,0.96
1773566538.5195963,-0.01,-0.83,0.26,-27.68,-14.21,0.49,0.87
1773566538.604817,-0.06,-1.12,0.3,-2.34,-6.9,42.92,1.16
1773566538.758799,-0.04,-1.42,0.0,34.2,-8.03,66.26,1.42
1773566538.852198,-0.11,-0.79,-0.1,-31.94,3.86,-29.59,0.8
1773566538.9251263,-0.08,-0.92,0.15,-0.6,-36.81,-50.25,0.94
1773566539.058859,-0.09,-0.7,0.08,-3.92,17.69,0.85,0.71
1773566539.1325772,-0.21,-0.86,0.22,2.78,-27.86,-38.43,0.91
1773566539.2583947,-0.06,-1.22,0.27,26.41,-44.76,1.39,1.25
1773566539.3385973,0.38,-1.45,0.09,55.3,-42.98,-15.44,1.5
1773566539.4732232,0.12,-0.63,0.02,-62.7,32.56,-35.42,0.64
1773566539.54512,0.04,-0.82,0.09,-27.56,38.17,-30.02,0.83
1773566539.6369903,0.08,-0.71,0.12,-7.85,15.07,36.2,0.72
1773566539.7525957,0.02,-0.93,0.29,-9.69,-9.8,-1.12,0.98
1773566539.8547504,-0.2,-1.37,0.36,15.31,-2.37,31.75,1.43
1773566539.9854858,0.05,-1.19,-0.22,51.1,14.93,98.96,1.21
1773566540.0854442,-0.12,-0.98,-0.0,-57.16,-23.79,-43.91,0.99
1773566540.1616952,0.01,-0.65,0.11,-6.95,-25.62,-66.34,0.65
1773566540.2853994,-0.14,-0.87,0.11,-21.82,11.14,-8.38,0.88
1773566540.3685703,-0.11,-0.93,0.26,10.69,-10.35,-38.96,0.97
1773566540.4868667,0.01,-1.14,0.33,79.14,4.06,-69.83,1.18
1773566540.5789003,0.24,-1.06,-0.1,31.74,23.57,-27.36,1.09
1773566540.7028196,0.15,-0.87,0.15,-19.34,-3.12,-51.79,0.9
1773566540.7820678,0.05,-0.71,0.16,-30.37,1.28,20.08,0.73
1773566540.9048033,0.07,-0.92,0.23,-30.56,-46.64,18.24,0.95
1773566540.9879954,0.08,-0.95,0.28,-5.5,-26.24,53.72,1.0
1773566541.093559,0.1,-1.13,0.36,62.08,-49.02,-9.54,1.19
1773566541.1862464,-0.05,-0.92,-0.18,-19.04,18.09,37.45,0.93
1773566541.295732,0.01,-1.09,0.03,-53.94,-40.86,-54.14,1.09
0.0,0.0,0.0,0.0,0.0,0.0,0.0,0.0
1773566543.0514588,-0.14,-0.94,0.13,23.39,-67.34,7.75,0.96
1773566543.1556163,-0.1,-0.92,0.19,-12.96,-91.51,-22.54,0.95
1773566543.254531,-0.18,-0.9,0.22,-33.6,-112.5,-19.15,0.94
1773566543.360109,-0.01,-1.05,0.19,23.6,-107.74,-22.66,1.07
1773566543.4710145,0.31,-1.19,-0.08,-0.7,-57.05,-29.6,1.23
1773566543.5693774,0.18,-0.99,0.04,-17.4,18.15,-41.05,1.01
1773566543.6708646,0.13,-0.65,0.09,-21.54,40.34,-5.68,0.67
1773566543.781098,0.23,-0.81,0.16,-66.0,2.2,14.46,0.85
1773566543.8756192,0.08,-1.02,0.2,-31.44,16.34,-13.45,1.04
1773566543.9855747,0.25,-1.32,0.14,17.69,2.63,26.29,1.35
1773566544.0851436,0.08,-1.0,-0.2,7.6,5.02,3.25,1.03
1773566544.2011445,0.02,-0.9,0.01,-12.24,-61.08,-38.32,0.9
1773566544.3047843,0.11,-0.56,0.02,29.31,-2.58,6.69,0.57
1773566544.4032795,-0.09,-0.85,0.11,-22.14,19.89,-1.36,0.86
1773566544.5029354,-0.01,-1.17,0.17,-28.58,1.1,-4.67,1.19
1773566544.6025972,0.42,-1.31,0.12,115.11,-12.73,-46.58,1.38
1773566544.7032378,0.32,-0.74,-0.1,-46.99,48.0,38.11,0.82
1773566544.8064055,-0.05,-0.96,0.07,19.3,-15.31,-37.13,0.97
1773566544.9226737,0.07,-0.56,0.04,-38.52,2.43,43.4,0.57
1773566545.023419,0.08,-1.01,0.22,-32.55,-46.52,-40.89,1.04
1773566545.1241498,-0.09,-1.26,0.33,-18.69,-83.28,-1.15,1.31
1773566545.2244911,0.16,-1.38,-0.39,17.36,-19.92,120.37,1.44
1773566545.3350606,0.02,-1.04,-0.04,-27.56,-81.19,-58.44,1.04
1773566545.435638,0.1,-0.59,0.05,4.47,-34.5,-21.94,0.61
1773566545.534393,-0.04,-0.82,0.01,-57.25,7.18,14.88,0.82
1773566545.6350317,-0.02,-1.01,0.13,-23.44,0.21,-23.76,1.02
1773566545.7357688,-0.01,-1.22,0.25,68.81,-10.92,-85.94,1.24
1773566545.856312,0.32,-1.27,-0.35,-33.74,70.4,107.02,1.35
1773566546.7400217,0.45,-1.15,-0.13,-72.17,14.63,4.43,1.24
1773566546.8355987,0.23,-1.49,-0.44,-3.48,27.54,-32.15,1.57
1773566546.9393065,0.09,-0.87,-0.1,20.85,-20.18,-60.32,0.88
1773566547.0589738,0.01,-0.64,-0.14,64.2,-6.28,19.25,0.65
1773566547.155071,0.05,-0.76,-0.02,4.85,-3.37,12.93,0.76
1773566547.2580233,-0.06,-0.88,0.07,-11.27,-6.34,-5.86,0.88
1773566547.3685043,0.03,-1.36,0.26,-40.75,-47.7,-83.97,1.38
1773566547.4549968,0.42,-1.03,-0.31,-71.21,0.99,-27.79,1.16
1773566547.5595171,0.18,-1.18,-0.14,-0.63,52.9,1.57,1.2
1773566547.668662,0.1,-0.57,-0.05,9.53,31.04,23.97,0.58
1773566547.7696517,0.07,-0.67,-0.0,-11.74,-38.53,-11.6,0.67
1773566547.86874,0.15,-1.03,0.13,-2.56,-34.05,37.01,1.05
1773566547.9717631,0.34,-1.28,-0.16,32.84,-37.21,42.93,1.34
1773566548.0859556,0.27,-1.27,-0.25,-30.31,-10.89,-15.65,1.32
1773566548.1732693,0.06,-0.85,-0.11,10.9,-49.28,-61.19,0.86
1773566548.2878003,0.05,-0.53,-0.12,10.95,-21.45,14.18,0.54
1773566548.3896854,0.01,-0.64,0.08,-17.79,-14.86,-28.0,0.65
1773566548.4859128,0.07,-1.23,0.11,7.39,17.54,14.67,1.24
1773566548.6041584,0.56,-1.58,-0.48,58.44,26.52,59.91,1.75
1773566548.6992612,0.19,-1.25,-0.15,36.75,56.99,-75.51,1.27
1773566548.8080816,0.0,-0.65,-0.02,-2.6,1.8,67.45,0.65
1773566548.9022985,0.04,-0.6,-0.02,6.47,-116.15,21.21,0.6
1773566549.0171766,0.04,-0.81,0.16,-18.53,-123.13,16.67,0.82
1773566549.1183825,-0.01,-1.06,0.16,-53.3,-95.91,54.11,1.07
1773566549.2199943,0.44,-1.38,-0.49,-14.11,-44.89,188.87,1.53
1773566549.318611,0.14,-1.19,-0.11,-44.46,-66.41,-140.49,1.2
0.0,0.0,0.0,0.0,0.0,0.0,0.0,0.0
1773566550.324751,0.38,-1.36,-0.35,-80.18,-47.59,-28.55,1.46
1773566550.3473964,0.25,-1.08,-0.1,4.98,-9.25,34.78,1.11
1773566550.5384674,-0.08,-0.59,-0.16,9.11,-92.98,22.24,0.62
1773566550.553858,0.1,-0.66,-0.02,65.51,-119.95,62.47,0.67
1773566550.744468,0.02,-0.89,0.15,-15.74,-122.95,10.27,0.91
1773566550.7502077,0.09,-1.28,0.26,-27.54,-72.18,28.69,1.31
1773566550.9216013,-0.12,-1.67,-0.63,-28.2,65.53,91.94,1.79
1773566550.9545786,0.03,-0.65,-0.19,39.62,-24.75,-133.47,0.68
1773566551.1502328,-0.01,-0.72,-0.26,35.04,-30.18,11.17,0.76
1773566551.1705756,0.02,-0.76,0.0,2.02,-36.11,-33.1,0.76
1773566551.3516743,-0.04,-0.88,0.1,1.31,4.15,-5.59,0.89
1773566551.3756795,-0.02,-1.0,0.19,28.29,30.92,-99.1,1.01
1773566551.5548637,0.58,-1.71,-0.37,-16.14,88.72,8.26,1.85
1773566551.5839162,0.15,-1.29,-0.06,-4.09,-17.34,-35.92,1.3
1773566551.7669325,0.14,-0.6,-0.02,-4.46,12.55,67.31,0.61
1773566551.7860868,0.1,-0.6,0.03,-35.91,-60.46,4.35,0.61
1773566551.970362,0.08,-0.93,0.13,-52.89,-34.44,47.14,0.95
1773566551.990085,0.0,-1.27,0.19,-19.92,-38.87,31.01,1.28
1773566552.1651764,0.33,-1.22,-0.19,40.96,-22.17,89.98,1.28
1773566552.2017531,-0.01,-1.11,-0.19,-21.02,-47.41,-103.51,1.13
1773566552.370716,0.1,-0.61,-0.06,39.1,-57.6,-47.42,0.62
1773566552.4042065,0.0,-0.71,-0.12,41.21,-16.96,21.16,0.72
1773566552.5815935,-0.05,-1.01,0.06,-24.29,-24.64,-19.1,1.01
1773566552.6134815,-0.03,-0.88,0.15,-29.77,3.76,-28.25,0.89
1773566552.790263,-0.02,-0.83,0.17,-17.57,11.45,-69.76,0.85
1773566552.819178,0.66,-1.38,-0.69,-19.6,62.7,52.79,1.68
0.0,0.0,0.0,0.0,0.0,0.0,0.0,0.0
1773566617.194476,0.14,-0.71,-0.0,-76.17,-56.89,-47.77,0.73
1773566617.25843,0.11,-1.34,0.38,-74.12,-38.92,-3.33,1.4
1773566617.3608017,-0.26,-0.84,-0.1,-177.18,59.27,49.79,0.89
1773566617.4556572,1.08,-0.62,-0.91,-264.47,-28.99,72.87,1.54
1773566617.5656197,-0.05,-1.38,-0.61,55.27,-83.42,-119.33,1.51
1773566617.6612332,-0.15,-1.35,-0.5,123.39,-153.77,43.89,1.45
1773566617.7621286,0.36,-0.13,-0.0,139.71,-32.05,-117.15,0.39
1773566617.8609245,0.44,0.11,-0.16,8.08,122.79,-140.43,0.48
1773566617.969164,1.11,-1.94,-0.15,-7.76,331.43,-235.31,2.24
1773566618.0775769,0.45,-1.31,-0.05,-90.38,347.45,231.13,1.38
1773566618.184373,0.06,-0.7,-0.04,-179.36,72.87,24.34,0.7
1773566618.2849925,-0.12,0.01,0.06,146.58,22.79,258.38,0.13
1773566618.3854754,0.13,-1.05,-0.24,140.0,-254.61,79.56,1.09
1773566618.485845,1.0,-1.33,0.02,245.11,-284.72,80.7,1.66
1773566618.594088,-0.35,-0.28,0.33,-87.22,-110.32,93.54,0.55
1773566618.6952624,0.3,0.16,-0.1,12.67,-61.73,-97.04,0.36
1773566618.810696,0.86,-1.57,0.63,2.21,295.68,-212.4,1.9
1773566618.9108524,0.75,-1.08,-0.28,-87.21,489.97,-76.47,1.34
1773566619.0116985,0.34,-0.77,-0.05,-170.53,317.19,-172.7,0.84
1773566619.1188374,-0.03,-0.18,-0.12,63.24,240.87,38.87,0.22
0.0,0.0,0.0,0.0,0.0,0.0,0.0,0.0
1773566621.8059962,-0.07,-0.99,0.13,23.22,-203.92,23.22,1.0
1773566621.8865316,-0.01,-0.93,0.13,24.0,-166.81,30.58,0.94
1773566621.9932208,0.04,-0.91,0.13,10.53,-129.3,-15.53,0.92
1773566622.0942185,0.08,-0.96,0.2,-4.79,-76.06,-97.8,0.98
1773566622.1792824,0.46,-1.19,-0.07,-0.64,-37.1,-22.02,1.28
1773566622.297787,0.33,-0.89,-0.12,-51.85,-87.34,28.0,0.96
1773566622.3983154,0.09,-0.5,0.13,23.33,-100.84,4.82,0.52
1773566622.4987214,0.23,-1.0,0.19,-19.98,-92.38,53.48,1.04
1773566622.5995398,0.17,-1.25,0.24,-41.63,-41.8,21.43,1.28
1773566622.7114992,0.5,-1.2,-0.42,-8.15,-77.91,-143.82,1.37
1773566622.811628,0.09,-1.32,-0.3,-44.73,-66.34,63.36,1.36
1773566622.9155142,0.12,-0.62,-0.02,38.32,-94.95,-66.92,0.63
1773566623.010756,0.09,-0.31,-0.07,35.62,-20.03,27.5,0.33
1773566623.113601,0.07,-1.15,0.07,-51.21,-71.91,-89.56,1.15
1773566623.2274046,0.23,-1.56,0.26,110.15,-174.53,-262.63,1.6
1773566623.3175712,0.75,-1.25,-0.46,-212.31,104.96,268.23,1.53
1773566623.4305036,0.22,-0.71,-0.18,-16.81,23.37,7.13,0.76
1773566623.5282238,-0.01,-0.3,-0.03,28.5,9.13,45.43,0.3
1773566623.6312995,0.13,-0.72,0.19,-11.45,-95.07,49.88,0.75
1773566623.7440617,-0.15,-1.23,0.37,10.47,-110.31,-39.44,1.29
1773566623.8467228,0.2,-1.96,-0.72,-138.31,50.49,120.32,2.1
1773566623.944109,0.08,-0.83,-0.21,-60.92,16.76,-117.48,0.87
1773566624.0653489,0.16,-0.03,-0.17,83.42,177.83,-75.56,0.23
1773566624.1609058,-0.1,-0.48,-0.08,-53.27,150.21,38.4,0.5
1773566624.2617867,-0.21,-1.67,0.29,0.46,23.14,-10.86,1.71
1773566624.362522,0.98,-1.16,-0.97,118.89,103.02,-56.15,1.8
1773566624.477351,0.51,-1.49,-0.31,-33.86,-127.34,-23.79,1.61
1773566624.56323,0.11,-0.57,-0.02,26.76,-110.29,24.85,0.58
1773566624.6630435,0.13,-0.26,-0.17,4.76,-72.58,141.14,0.34
1773566624.780229,0.11,-0.94,0.28,26.69,-125.51,-58.38,0.99
0.0,0.0,0.0,0.0,0.0,0.0,0.0,0.0
1773566629.2258046,0.16,-0.79,0.13,-2.32,-119.25,55.62,0.82
1773566629.3286626,0.25,-1.05,0.22,-17.91,-84.82,-5.42,1.1
1773566629.4291973,0.07,-0.81,0.27,7.16,-43.33,1.43,0.86
1773566629.529389,0.11,-0.88,0.25,-39.77,-19.6,-3.59,0.92
1773566629.6301155,-0.03,-0.89,0.27,-4.08,-6.64,10.49,0.94
1773566629.743215,-0.01,-1.1,0.36,-34.5,-42.7,6.46,1.16
1773566629.8347309,0.12,-1.27,0.12,9.6,-65.02,20.64,1.28
1773566629.9450002,0.2,-0.91,-0.13,16.82,-106.08,-5.97,0.94
1773566630.04368,0.04,-0.83,0.12,42.44,-143.65,-2.15,0.84
1773566630.1598544,0.09,-0.66,0.09,-0.79,-117.1,1.54,0.67
1773566630.2603886,-0.08,-0.9,0.17,-2.27,-68.79,29.33,0.92
1773566630.3626468,0.04,-1.46,0.25,26.92,-56.82,-29.85,1.48
1773566630.4612577,0.67,-1.2,-0.15,-66.05,-91.88,-40.92,1.38
1773566630.562709,0.33,-1.03,0.02,35.22,-57.68,44.87,1.09
1773566630.6620903,-0.06,-0.61,0.06,52.81,-72.96,81.22,0.61
1773566630.7769673,0.03,-0.65,0.15,-44.26,-120.14,50.64,0.67
1773566630.8717282,0.06,-1.08,0.26,-19.25,-59.89,61.22,1.11
1773566630.9781046,-0.02,-1.25,0.36,68.27,50.3,61.42,1.3
1773566631.0769036,0.09,-1.22,-0.04,3.73,-81.53,-46.9,1.22
1773566631.1789007,0.04,-0.7,0.11,11.97,-116.79,-86.7,0.71
1773566631.2768884,-0.02,-0.41,0.14,-15.02,-54.69,-22.05,0.44
1773566631.3957396,-0.01,-0.98,0.17,-40.12,-40.6,-50.54,1.0
1773566631.4852254,0.2,-1.19,0.35,72.99,-6.4,6.93,1.25
1773566631.5936165,0.85,-1.57,-0.13,-85.76,-47.08,-75.37,1.79
1773566631.841977,0.35,-0.74,0.21,-30.53,59.42,-65.42,0.85
1773566631.841977,0.06,-0.53,0.13,-53.95,99.98,-5.36,0.55
1773566631.9268022,0.19,-0.71,0.29,-49.24,79.72,13.83,0.79
1773566632.0145564,0.24,-1.14,0.32,-21.86,36.35,13.54,1.21
0.0,0.0,0.0,0.0,0.0,0.0,0.0,0.0
1773566633.017948,0.25,-0.63,0.1,-39.37,19.59,-88.08,0.69
1773566633.1100574,0.19,-0.81,0.22,-40.93,29.71,27.72,0.87
1773566633.2439125,0.13,-0.71,0.19,-50.35,-20.49,-4.79,0.75
1773566633.3270502,0.06,-0.75,0.31,-59.01,-9.16,-12.02,0.82
1773566633.4266832,0.09,-1.52,0.49,-10.79,-39.76,-35.71,1.6
1773566633.5287683,0.61,-1.21,-0.39,-73.25,-43.37,24.66,1.41
1773566633.6433668,0.07,-1.08,0.05,32.92,-16.99,-102.75,1.08
1773566633.744964,0.14,-0.44,0.11,30.99,66.59,35.59,0.47
1773566633.844949,-0.02,-0.84,0.1,-99.95,112.08,114.9,0.85
1773566633.945282,-0.18,-1.04,0.13,93.47,58.35,39.77,1.06
1773566634.0454884,0.09,-1.31,0.24,141.77,-37.24,-99.6,1.34
1773566634.1470687,0.4,-1.16,0.07,-143.15,71.22,-30.37,1.23
1773566634.2482648,0.12,-0.66,-0.11,11.91,64.09,5.94,0.68
1773566634.360856,-0.03,-0.54,0.13,55.33,-0.96,50.67,0.55
1773566634.4609349,0.0,-0.91,0.45,60.53,-41.68,-6.92,1.01
1773566634.5627947,-0.11,-1.56,0.55,20.99,18.49,7.91,1.66
1773566634.676614,0.62,-0.99,-0.33,9.45,-97.13,-39.91,1.21
1773566634.7781951,0.21,-1.05,-0.06,-64.87,-95.48,-11.8,1.07
1773566634.8744586,0.09,-0.39,0.15,95.65,-21.97,-34.29,0.43
1773566634.9741757,-0.07,-0.6,0.14,-31.5,33.33,30.46,0.62
1773566635.0793648,-0.14,-1.35,0.55,-68.27,-17.01,-42.54,1.47
1773566635.1769185,0.66,-1.43,0.2,79.69,-43.37,-11.25,1.59
1773566635.2931905,0.55,-0.98,0.04,-129.13,56.9,74.73,1.13
1773566635.393181,-0.07,-0.59,0.09,34.93,42.56,-1.02,0.6
1773566635.4931638,0.03,-0.56,0.05,-52.78,-49.85,7.08,0.57
1773566635.5968013,0.09,-0.87,0.42,11.37,-55.88,41.22,0.97
1773566635.709782,-0.01,-1.34,0.41,-14.96,-84.53,9.39,1.4
0.0,0.0,0.0,0.0,0.0,0.0,0.0,0.0
1773566637.8849423,1.29,-0.91,0.35,47.05,181.69,24.58,1.62
1773566637.8864229,0.99,-1.0,0.5,41.5,269.91,51.01,1.49
1773566637.9440842,-0.22,-0.5,-0.05,-272.24,33.91,165.57,0.55
1773566638.059484,-0.1,-0.46,-0.18,53.63,-196.44,134.12,0.5
1773566638.1593063,0.57,-1.85,-0.15,-16.78,-480.14,162.76,1.95
1773566638.2592957,0.51,-1.09,0.3,65.47,-254.93,319.11,1.24
1773566638.368348,0.08,-0.25,0.2,-73.22,-204.43,148.61,0.33
1773566638.4735296,0.63,-0.0,0.5,82.5,23.8,-224.11,0.81
1773566638.5771666,1.25,-2.0,0.5,36.6,358.08,-355.92,2.41
1773566638.67761,0.24,-0.95,-0.28,-327.34,277.79,-22.87,1.02
1773566638.7758956,-0.47,0.17,-0.15,100.03,192.84,-29.25,0.52
1773566638.8749552,0.04,-0.92,-0.07,189.73,-229.19,77.24,0.92
1773566638.975948,1.19,-2.0,0.24,161.02,-260.31,176.06,2.34
1773566639.0792518,0.18,-0.15,0.15,-106.56,-113.44,228.79,0.27
1773566639.1804316,0.23,0.07,0.02,39.44,-110.18,-85.22,0.24
1773566639.285869,1.33,-1.52,0.93,170.26,232.59,-242.92,2.22
1773566639.403483,0.94,-0.66,0.06,-69.47,348.9,-129.6,1.15
1773566639.4954524,0.08,-0.71,0.01,-202.06,190.34,-239.08,0.71
1773566639.609198,-0.09,-0.31,-0.39,-182.44,225.66,60.79,0.51
1773566639.7100103,0.24,-1.53,-0.48,123.5,-211.82,414.75,1.62
1773566639.8091564,0.97,-1.4,0.34,172.15,-510.57,87.59,1.74
1773566639.9129426,0.05,-0.6,0.25,-136.47,-340.24,375.71,0.65
1773566640.0114503,0.13,0.43,0.24,29.07,-177.82,-22.67,0.51
0.0,0.0,0.0,0.0,0.0,0.0,0.0,0.0
1773566644.119661,0.1,-0.78,0.31,-4.37,-98.37,5.21,0.85
1773566644.2033224,0.24,-1.48,0.36,-126.06,-5.8,-22.08,1.55
1773566644.3041077,0.71,-1.33,-0.52,-135.92,-63.82,-34.38,1.6
1773566644.408659,0.72,-0.88,-0.29,58.98,-135.5,-150.0,1.17
1773566644.5109532,0.26,-0.56,0.1,86.95,-70.87,8.23,0.62
1773566644.609446,0.11,-0.49,-0.08,-9.69,-3.13,15.65,0.51
1773566644.712111,0.12,-0.85,-0.22,-12.9,-15.73,16.14,0.88
1773566644.8253791,0.38,-1.56,0.54,71.28,-137.66,-93.21,1.7
1773566644.9246137,1.1,-1.02,0.08,-61.59,40.37,-7.56,1.51
1773566645.0277677,0.74,-0.96,-0.2,-134.12,59.62,-17.66,1.23
1773566645.131117,0.14,-0.52,-0.24,11.53,18.96,64.69,0.59
1773566645.2281306,0.03,-0.48,0.1,152.05,-71.73,180.09,0.5
1773566645.332013,0.15,-0.84,0.3,-18.78,-171.22,66.99,0.91
1773566645.429113,0.52,-1.47,0.05,186.23,-253.22,-123.56,1.56
1773566645.5418591,1.23,-1.42,-0.29,37.59,173.43,-9.66,1.9
1773566645.6476345,0.32,-0.64,0.06,-122.03,-24.73,-242.03,0.72
1773566645.745537,0.09,-0.52,0.17,90.03,21.34,-96.54,0.55
1773566645.8431606,0.26,-0.72,0.14,0.99,63.22,23.31,0.78
1773566645.9596932,0.69,-1.13,0.4,25.91,20.03,38.82,1.38
1773566646.0627203,1.4,-0.9,0.44,11.91,8.4,-64.41,1.71
1773566646.1599226,0.83,-0.7,0.14,-119.51,223.92,-38.31,1.1
1773566646.2612915,0.15,-0.11,-0.04,-194.79,153.91,-101.94,0.19
1773566646.37542,0.1,-0.54,0.1,-75.95,79.89,-29.5,0.56
1773566646.4755423,0.58,-1.19,0.29,-174.24,1.59,7.02,1.35
1773566646.5733633,0.94,-1.66,0.09,115.77,-96.86,-19.36,1.91
1773566646.6948662,1.02,-0.85,-0.04,98.72,-77.42,9.83,1.33
1773566646.7802336,0.15,-0.37,0.12,100.56,1.79,99.22,0.42
1773566646.8910878,0.09,-0.26,0.19,82.46,11.33,47.95,0.34
0.0,0.0,0.0,0.0,0.0,0.0,0.0,0.0
1773566648.245845,0.11,-0.8,0.23,7.65,-84.11,32.76,0.84
1773566648.3647685,0.25,-0.88,0.28,-21.31,-58.67,34.49,0.95
1773566648.453494,0.18,-0.94,0.37,-27.07,42.75,73.28,1.02
1773566648.543008,0.77,-1.1,0.26,72.73,46.88,-35.92,1.37
1773566648.6596868,0.9,-1.07,0.19,-31.77,-47.99,-158.75,1.41
1773566648.7602062,0.19,-0.51,0.21,-37.91,10.05,-83.99,0.58
1773566648.875045,0.3,-0.61,-0.02,14.69,3.14,10.67,0.68
1773566648.973112,0.27,-0.66,0.38,-44.32,22.84,48.81,0.81
1773566649.0637436,0.49,-1.22,0.3,-6.44,-95.85,48.08,1.35
1773566649.175374,0.82,-1.64,0.17,6.41,-97.63,-13.94,1.84
1773566649.2773645,0.69,-0.8,-0.14,151.01,-69.6,-11.99,1.06
1773566649.3751786,0.24,-0.18,0.02,52.05,-10.4,-14.54,0.3
1773566649.492441,0.15,-0.22,0.18,1.31,-65.83,-56.49,0.32
1773566649.5906649,0.55,-0.91,0.38,11.3,-183.51,-72.46,1.13
1773566649.6823256,0.99,-0.78,0.56,6.99,-72.66,-56.12,1.38
1773566649.8082883,1.33,-0.69,0.36,-83.85,96.5,-69.97,1.54
1773566649.8926494,0.55,-0.29,0.12,-107.57,128.41,-178.87,0.64
1773566649.9917445,0.28,-0.2,0.04,-82.63,239.01,-172.08,0.35
1773566650.092499,0.38,-0.42,0.33,-86.38,161.92,11.13,0.65
1773566650.2074587,1.01,-0.87,0.4,118.34,-125.79,-29.27,1.39
1773566650.308403,1.53,-0.67,0.35,111.07,-112.57,55.51,1.71
1773566650.4092388,1.05,-0.41,-0.1,208.32,-366.21,214.79,1.13
1773566650.5089922,0.33,-0.22,0.22,33.31,-105.18,165.48,0.45
1773566650.6081958,0.24,-0.36,0.22,26.93,-23.6,24.98,0.48
1773566650.7258952,0.48,-0.83,0.6,-29.83,-29.91,51.5,1.14
1773566650.8157394,1.44,-0.92,0.39,-30.24,-43.21,-74.73,1.75
1773566650.924802,0.98,-0.91,0.16,8.12,110.32,66.93,1.35
1773566651.0302868,0.49,-0.6,-0.02,-20.93,92.56,55.01,0.77
1773566651.157038,0.16,-0.45,0.0,-4.61,24.53,77.63,0.48
1773566651.2414296,0.12,-0.55,0.25,43.95,-70.9,74.04,0.62
0.0,0.0,0.0,0.0,0.0,0.0,0.0,0.0
1773566652.6604629,0.41,-0.89,0.09,164.73,-149.97,-7.79,0.98
1773566652.7444992,0.79,-0.89,0.2,217.28,-176.52,-47.22,1.21
1773566652.8584511,0.67,-0.74,0.22,117.95,-190.9,41.74,1.02
1773566652.9770622,0.5,-0.49,0.28,73.53,-166.34,-6.5,0.76
1773566653.0595727,0.52,-0.57,0.35,25.57,-101.37,0.67,0.84
1773566653.178037,0.58,-0.63,0.4,-30.2,-44.58,-67.62,0.95
1773566653.27831,0.32,-0.51,0.31,-87.56,92.35,-42.15,0.68
1773566653.3743615,0.35,-0.99,0.19,-114.49,-2.15,-147.42,1.07
1773566653.4754298,1.15,-1.14,-0.21,-47.57,-110.58,-62.55,1.63
1773566653.5784802,1.25,-0.99,-0.46,179.5,-296.86,102.03,1.66
1773566653.6913457,0.87,-0.72,0.3,48.82,-255.45,32.3,1.17
1773566653.7940347,-0.02,0.02,0.28,115.44,22.56,77.75,0.28
1773566653.8911202,0.58,0.15,0.3,151.13,257.51,91.56,0.67
1773566653.9928708,1.22,-1.88,0.53,-63.01,367.79,-152.76,2.3
1773566654.0911477,0.59,-0.82,0.11,-167.6,240.56,-12.05,1.02
1773566654.208012,0.0,-0.35,-0.19,-85.91,197.28,0.75,0.4
1773566654.3087482,0.09,-0.79,-0.18,69.39,-103.25,71.21,0.82
1773566654.40691,1.96,-2.0,0.54,273.88,-466.08,165.92,2.85
1773566654.5108116,0.06,0.23,0.45,14.87,-175.36,422.78,0.51
1773566654.6092474,-0.11,0.19,0.13,60.05,-324.49,-71.56,0.26
1773566654.710822,0.61,-0.49,0.94,111.24,116.55,-180.98,1.22
1773566654.8242974,1.73,-1.32,0.45,-106.9,226.61,-418.63,2.22
1773566654.9251032,0.47,-0.71,-0.09,-293.36,-51.5,-184.37,0.85
1773566655.0276363,-0.23,-0.37,0.02,-136.23,129.14,111.04,0.44
1773566655.126896,0.03,-1.38,0.03,247.16,5.85,226.61,1.38
1773566655.241129,0.64,-1.15,0.56,71.48,-315.79,302.75,1.43
1773566655.3294127,0.08,0.28,0.2,159.44,-119.95,89.07,0.35
1773566655.4451303,0.16,0.26,0.18,76.12,-75.01,-100.18,0.35
0.0,0.0,0.0,0.0,0.0,0.0,0.0,0.0
1773566657.2383971,0.2,-0.6,-0.08,108.9,-265.66,78.5,0.64
1773566657.2777903,0.13,-0.64,0.07,164.05,-211.86,130.0,0.66
1773566657.4405246,0.37,-1.01,0.28,-11.89,-187.45,96.81,1.11
1773566657.4802558,0.58,-0.91,0.6,-85.44,-19.16,-130.86,1.23
1773566657.6431642,1.07,-1.01,0.23,-165.71,113.56,-147.07,1.49
1773566657.6914823,0.67,-0.8,-0.06,-50.87,218.59,-38.81,1.05
1773566657.790495,0.37,-0.42,0.05,-58.5,197.82,-22.67,0.56
1773566657.890912,0.28,-0.6,0.21,-105.13,125.59,4.23,0.69
1773566657.9967055,0.36,-1.15,0.46,-72.17,58.26,-1.92,1.28
1773566658.100823,0.51,-1.14,0.25,29.34,62.52,20.82,1.28
1773566658.2017083,0.52,-0.81,0.05,-5.71,51.24,-20.41,0.97
1773566658.3057768,0.28,-0.55,0.14,38.58,-23.91,3.65,0.63
1773566658.4079351,0.17,-0.59,0.2,-6.11,-17.08,25.36,0.65
1773566658.5141768,0.41,-0.99,0.28,-72.75,-33.28,-12.41,1.1
1773566658.6286316,0.43,-1.25,0.54,101.18,88.9,25.48,1.43
1773566658.7211287,0.86,-0.6,0.4,-86.56,79.68,-256.05,1.12
1773566658.815138,0.51,-0.36,0.02,-67.22,195.63,38.78,0.62
1773566658.9258518,0.25,-0.53,0.19,-172.06,120.08,47.53,0.62
1773566659.0289974,0.5,-0.98,0.39,-101.68,62.78,-144.5,1.17
1773566659.125777,0.79,-1.03,0.3,17.63,33.71,-66.87,1.33
1773566659.2386413,0.79,-0.83,0.01,3.05,63.98,5.43,1.14
1773566659.3381927,0.45,-0.62,-0.0,-106.46,-28.0,84.23,0.77
1773566659.444029,0.16,-0.66,0.15,59.71,-19.28,224.43,0.7
1773566659.5475714,-0.12,-1.0,0.37,-50.38,31.72,52.26,1.07
1773566659.6535256,0.0,-1.0,0.38,94.47,42.08,17.02,1.07
1773566659.746193,0.34,-1.26,0.34,111.33,37.77,-100.26,1.35
1773566659.8593297,0.7,-0.59,0.21,-23.91,55.82,-41.04,0.94
1773566659.9593906,0.03,-0.74,0.16,-7.13,127.04,-21.33,0.76
1773566660.061782,0.13,-0.45,0.3,-59.13,75.86,-7.62,0.56
1773566660.159688,0.1,-1.11,0.57,-13.42,81.56,-24.28,1.26
1773566660.2631693,0.04,-1.08,0.5,7.11,61.76,49.5,1.19
1773566660.3753984,0.36,-1.15,0.02,-34.49,-9.41,-38.15,1.2
1773566660.4725685,0.14,-0.89,0.12,-77.16,7.43,-31.96,0.91
1773566660.5784793,0.06,-0.55,0.28,52.21,31.69,-63.68,0.62
1773566660.674976,0.21,-0.97,0.32,-94.14,103.71,-115.57,1.04
0.0,0.0,0.0,0.0,0.0,0.0,0.0,0.0
1773566662.1434486,0.11,-0.94,0.19,-28.73,38.23,-20.7,0.96
1773566662.2159534,0.01,-0.83,0.22,-7.79,-3.25,-24.7,0.86
1773566662.3130586,0.02,-0.87,0.28,-14.86,-23.05,-5.51,0.91
1773566662.425805,0.42,-1.36,0.34,63.85,-45.31,15.02,1.46
1773566662.5226388,0.68,-1.22,0.21,23.48,-2.78,-13.02,1.41
1773566662.6354887,0.28,-0.59,0.11,-66.4,40.85,8.32,0.67
1773566662.7383392,0.01,-0.5,0.14,-3.07,-13.82,4.5,0.52
1773566662.8293784,0.2,-0.73,0.22,-9.25,-76.26,-60.73,0.79
1773566662.9429004,0.21,-1.29,0.32,-81.97,-20.35,17.43,1.34
1773566663.0903535,0.29,-1.41,0.1,21.11,-39.94,106.99,1.44
1773566663.146969,0.49,-0.94,-0.12,-28.78,-130.34,-45.44,1.06
1773566663.274963,0.13,-0.54,0.05,122.98,-120.76,50.72,0.55
1773566663.3558156,0.08,-0.53,0.09,35.94,-120.47,4.7,0.54
1773566663.461135,0.13,-1.11,0.12,-12.09,-52.92,-14.92,1.12
1773566663.565541,0.23,-1.32,0.37,106.92,24.53,-22.09,1.39
1773566663.6655562,0.8,-0.91,0.23,-36.76,-16.44,-26.12,1.23
1773566663.7733366,0.33,-0.89,0.15,50.73,-0.46,38.43,0.96
1773566663.875832,-0.04,-0.4,0.17,40.11,-37.42,48.15,0.44
1773566663.9734612,0.15,-0.69,0.31,-109.91,-104.82,-24.61,0.77
1773566664.078352,0.13,-1.34,0.4,-9.95,-39.37,56.84,1.4
1773566664.1769557,0.23,-1.42,0.24,28.02,-42.5,65.4,1.45
1773566664.2780576,0.49,-0.99,0.01,-41.24,-106.75,-52.34,1.11
1773566664.390082,0.11,-0.5,0.18,83.13,-42.47,-20.49,0.54
1773566664.4891107,0.08,-0.43,0.16,-26.4,-37.68,-18.29,0.46
1773566664.5940576,0.23,-1.05,0.28,-56.86,-61.15,-59.63,1.11
1773566664.6995924,0.31,-1.09,0.64,101.91,24.92,15.6,1.3
1773566664.8122122,1.03,-0.84,0.18,-14.29,7.01,-42.57,1.34
1773566664.8930802,0.44,-0.51,0.05,-44.43,20.67,54.75,0.67
1773566665.010171,-0.02,-0.48,0.12,-51.18,18.79,81.24,0.5
1773566665.1129754,0.08,-0.72,0.4,3.3,-64.5,-8.92,0.83
0.0,0.0,0.0,0.0,0.0,0.0,0.0,0.0
1773566666.6466856,0.19,-1.08,-0.03,-24.08,194.09,17.98,1.1
1773566666.6808765,0.15,-0.82,-0.04,-131.19,117.48,-53.89,0.83
1773566666.9669669,-0.01,-0.8,0.03,-51.6,110.95,-57.56,0.8
1773566666.9669669,0.11,-0.99,0.15,-67.98,35.63,-119.19,1.01
1773566667.000771,0.1,-0.94,0.17,-3.19,41.39,-43.71,0.96
1773566667.0888405,0.04,-1.03,0.25,20.52,1.4,-1.08,1.06
1773566667.196432,0.19,-1.19,0.38,82.63,21.45,8.56,1.26
1773566667.29883,0.66,-1.2,0.22,-35.89,-40.14,26.38,1.38
1773566667.4005637,0.46,-0.59,0.14,58.35,77.28,61.71,0.76
1773566667.5008757,-0.02,-0.52,0.12,-32.79,46.37,-78.15,0.53
1773566667.6116526,0.23,-0.79,0.29,-126.24,-19.91,-19.36,0.87
1773566667.7093866,0.0,-1.22,0.45,-63.68,17.42,126.24,1.29
1773566667.8040376,0.38,-1.31,0.11,140.75,-78.49,-109.36,1.37
1773566667.9131784,0.47,-0.88,-0.34,-88.63,17.62,110.18,1.05
1773566668.0227609,0.19,-0.73,0.02,-34.9,-42.03,-111.13,0.76
1773566668.123654,0.11,-0.62,0.09,55.92,54.88,-9.48,0.63
1773566668.2283368,-0.08,-0.85,0.09,-25.98,13.33,38.85,0.86
1773566668.325686,0.09,-1.4,0.18,0.96,3.69,-24.84,1.42
1773566668.439437,0.65,-1.24,0.13,80.38,-42.52,-117.7,1.41
1773566668.5297842,0.93,-0.93,0.02,54.21,-11.73,12.14,1.32
1773566668.6263382,-0.11,-0.6,0.15,-27.51,121.07,24.12,0.63
1773566668.7399893,0.36,-0.54,0.2,-25.22,27.68,-13.85,0.67
1773566668.8439703,0.19,-0.83,0.34,-75.6,36.06,40.69,0.92
1773566668.9416454,0.16,-1.13,0.16,-18.89,-31.3,-5.19,1.15
1773566669.0546994,0.25,-1.7,0.17,18.64,-183.86,34.04,1.72
1773566669.1636322,0.36,-0.97,-0.11,-12.08,-134.61,60.81,1.05
1773566669.2612872,-0.02,-0.6,-0.11,15.48,-108.05,69.33,0.61
1773566669.355229,0.01,-0.58,0.04,-34.24,-115.79,-20.81,0.58
1773566669.4666247,-0.07,-0.98,0.09,54.93,-79.66,-31.88,0.98
1773566669.5577185,0.13,-1.34,0.23,58.24,-38.15,-18.54,1.37
1773566669.6631515,0.64,-1.24,0.04,43.42,-112.23,15.16,1.4
0.0,0.0,0.0,0.0,0.0,0.0,0.0,0.0
1773566671.366001,0.53,-0.79,0.05,178.69,-186.15,48.27,0.95
1773566671.4597678,0.52,-0.72,0.1,172.79,-174.26,49.56,0.89
1773566671.5755615,0.52,-0.65,0.19,162.12,-156.14,24.09,0.85
1773566671.6753066,1.17,-0.76,0.47,126.24,-126.23,16.78,1.47
1773566671.7735474,1.22,-0.43,0.42,59.13,-26.06,53.66,1.36
1773566671.8883152,0.54,-0.41,0.23,-22.35,-41.12,20.75,0.72
1773566672.00706,0.35,-0.35,0.23,-17.1,-29.37,26.87,0.55
1773566672.0853293,0.53,-0.57,0.31,-27.22,-35.86,20.81,0.84
1773566672.1910195,0.76,-1.02,0.26,27.74,-25.04,17.89,1.3
1773566672.289883,0.78,-1.17,0.15,64.11,-75.05,102.34,1.41
1773566672.39245,0.91,-0.63,0.03,124.34,-112.12,15.8,1.11
1773566672.505916,0.4,-0.39,0.14,84.64,-106.31,73.53,0.57
1773566672.590587,0.27,-0.38,0.19,103.94,-52.84,12.15,0.5
1773566672.6967344,0.49,-0.69,0.4,5.13,-54.93,0.9,0.94
1773566672.8071032,0.88,-0.88,0.51,9.04,21.19,-79.56,1.35
1773566672.9071512,1.28,-0.82,0.24,-55.69,94.03,7.98,1.54
1773566673.0150795,0.71,-0.53,0.15,-5.4,44.52,-3.36,0.9
1773566673.1087377,0.26,-0.34,0.13,-86.73,80.37,36.64,0.45
1773566673.2242675,0.24,-0.52,0.24,-12.15,65.08,-6.43,0.62
1773566673.322495,0.56,-0.98,0.39,-44.26,-29.05,-7.56,1.19
1773566673.423457,0.88,-0.96,0.17,37.79,-111.53,42.64,1.32
1773566673.5224867,1.05,-0.92,0.16,83.57,-118.73,-23.8,1.4
1773566673.6395717,0.52,-0.59,0.2,28.92,-98.66,20.04,0.81
1773566673.739101,0.32,-0.32,0.21,73.54,-22.6,66.92,0.5
1773566673.839368,0.32,-0.39,0.2,-30.31,-23.65,35.6,0.55
1773566674.74115,0.77,-1.34,0.15,-11.51,-81.31,34.79,1.55
1773566674.8406267,0.6,-0.76,0.09,0.47,-21.71,-46.06,0.98
1773566674.9403508,0.34,-0.52,0.11,20.43,-9.79,-42.86,0.63
1773566675.0470316,0.29,-0.61,0.17,-26.2,3.33,-38.06,0.7
1773566675.1391902,0.32,-0.7,0.23,-8.98,16.17,-49.6,0.8
1773566675.2566066,0.57,-0.83,0.43,-65.01,-56.23,-147.02,1.09
1773566675.3722322,1.35,-1.08,0.05,-35.31,8.69,-151.63,1.73
1773566675.4581811,1.18,-0.62,0.1,-11.11,22.53,-4.12,1.34
1773566675.563257,0.32,-0.38,0.09,-60.92,86.08,79.37,0.51
1773566675.672588,0.11,-0.39,0.2,16.66,32.79,-1.01,0.45
1773566675.7724962,0.55,-0.63,0.25,-79.6,-41.6,15.5,0.87
1773566675.8784268,0.97,-1.04,0.13,21.94,-91.48,-6.67,1.42
1773566675.9880464,1.3,-0.88,-0.21,-19.1,-88.06,29.69,1.58
1773566676.0892315,0.69,-0.53,-0.03,22.92,-27.08,-56.99,0.87
1773566676.1916316,0.26,-0.18,0.14,117.1,22.38,48.43,0.34
1773566676.291135,0.31,-0.73,0.14,-35.47,-19.25,-9.45,0.8
1773566676.4059703,0.72,-0.96,0.3,72.92,-4.84,-73.15,1.24
1773566676.5054507,1.4,-0.92,0.21,94.32,72.79,-16.37,1.69
1773566676.607829,1.24,-0.47,0.19,-97.92,47.8,-16.7,1.34
1773566676.708722,0.37,-0.31,0.08,-43.51,60.55,102.34,0.49
1773566676.8065958,0.19,-0.45,0.16,-67.33,3.83,63.24,0.51
1773566676.9070826,0.27,-0.67,0.32,-0.75,-47.07,34.61,0.8
1773566677.7517889,0.49,-0.96,0.29,36.79,-59.7,-5.63,1.12
1773566677.8566551,1.13,-0.95,0.24,-41.73,-44.08,-45.36,1.49
1773566677.9579527,0.83,-0.75,0.14,12.56,63.39,29.01,1.13
1773566678.0556426,0.37,-0.47,0.11,-69.57,54.47,-10.9,0.61
1773566678.1607716,0.32,-0.52,0.28,-44.43,29.66,-2.43,0.67
1773566678.272054,0.58,-0.94,0.37,-42.9,10.38,-6.87,1.17
1773566678.3724103,0.47,-0.96,0.33,-16.0,11.45,-19.1,1.12
1773566678.4818025,0.74,-1.09,0.03,66.76,-29.76,36.27,1.32
1773566678.574365,0.66,-0.88,-0.1,80.23,-61.56,-6.05,1.1
1773566678.6803217,0.26,-0.38,0.13,66.18,-112.75,-24.63,0.48
1773566678.7853992,0.33,-0.51,0.21,68.4,-103.1,-6.23,0.64
1773566678.8887234,0.62,-0.81,0.3,55.63,-95.12,-16.2,1.06
1773566678.9886606,0.94,-0.69,0.46,-49.97,-48.05,-67.37,1.26
1773566679.0914922,1.43,-0.59,0.15,-9.08,85.36,-72.81,1.56
1773566679.2051191,0.71,-0.43,0.08,-115.68,160.5,-47.7,0.83
1773566679.2910838,0.41,-0.34,0.03,-169.74,128.46,-8.14,0.54
1773566679.406349,0.36,-0.62,0.24,-147.11,44.67,-30.4,0.76
1773566679.495293,0.68,-1.01,0.26,-7.1,0.38,15.53,1.24
1773566679.6056106,0.81,-1.08,0.18,113.57,-20.31,70.78,1.36
1773566679.7044556,0.83,-0.84,0.01,84.55,-76.84,65.69,1.18
1773566679.805606,0.41,-0.38,0.1,71.48,-58.21,53.07,0.57
1773566679.92009,0.36,-0.34,0.24,40.11,-65.05,3.11,0.55
1773566680.0222037,0.55,-0.77,0.36,29.82,-73.59,12.08,1.01
1773566680.1128025,0.67,-0.85,0.44,-70.03,-17.62,-4.06,1.18
1773566680.8959403,0.66,-1.31,0.39,96.21,-95.48,47.98,1.52
1773566681.0054815,0.82,-0.81,0.11,-34.15,-10.17,-34.29,1.16
1773566681.105171,0.25,-0.58,0.13,-34.52,-3.41,35.94,0.64
1773566681.2074125,0.26,-0.53,0.21,56.43,-24.2,-44.4,0.62
1773566681.3080094,0.39,-0.87,0.2,-28.53,-16.29,-33.7,0.98
1773566681.4150653,0.32,-0.93,0.34,4.96,6.56,-33.5,1.04
1773566681.5075305,0.68,-0.89,0.35,91.97,28.93,-49.3,1.17
1773566681.6232874,1.18,-0.74,0.17,42.34,-33.22,-120.66,1.4
1773566681.724836,0.72,-0.51,0.17,-56.18,13.24,39.57,0.89
1773566681.8200862,0.28,-0.52,0.11,-28.79,-28.41,69.05,0.6
1773566681.9315658,0.29,-0.66,0.22,57.07,-106.2,43.33,0.75
1773566682.0549915,0.49,-0.67,0.45,60.53,-91.37,15.91,0.95
1773566682.1407754,0.5,-0.8,0.52,44.58,-19.07,19.16,1.08
1773566682.3185732,0.56,-0.92,0.14,218.76,97.94,157.89,1.08
1773566682.3482416,1.05,-1.37,-0.08,-48.82,-135.04,-40.83,1.72
1773566682.5207758,0.29,-0.3,0.16,43.22,-113.18,138.61,0.45
1773566682.5528178,0.15,-0.44,0.13,84.47,-124.15,52.15,0.49
1773566682.7368493,0.33,-0.84,0.33,69.63,-72.43,13.77,0.96
1773566682.7600882,0.69,-1.18,0.42,85.18,-35.65,-44.66,1.43
1773566682.8548408,1.12,-0.81,0.12,26.38,-93.27,-10.73,1.39
1773566682.954803,0.69,-0.72,0.05,49.04,-92.08,96.73,1.0
1773566683.0743468,0.17,-0.51,0.04,46.92,-98.9,110.26,0.54
1773566683.172168,0.51,-0.61,0.19,122.17,-221.51,76.12,0.81
1773566683.273852,0.53,-0.49,0.31,99.85,-164.81,31.08,0.79
1773566684.200828,0.81,-1.05,0.2,105.82,-150.61,16.7,1.34
1773566684.3075087,1.5,-0.92,0.4,63.98,-210.67,-84.57,1.81
1773566684.4138317,0.97,-0.4,0.12,-30.02,-48.4,20.26,1.05
1773566684.5213115,0.44,-0.44,0.08,-78.26,-13.83,-13.3,0.63
1773566684.6241226,0.47,-0.67,0.19,-83.36,40.11,32.95,0.84
1773566684.7197318,0.43,-0.7,0.16,-10.69,12.47,53.33,0.84
1773566684.824088,0.5,-1.01,0.08,-78.24,-113.31,50.23,1.13
1773566684.9321053,1.42,-0.84,-0.08,-8.63,-36.46,-76.92,1.65
1773566685.0242484,1.26,-0.67,-0.18,42.31,70.96,-54.17,1.44
1773566685.1369193,0.33,-0.36,0.06,-42.17,102.9,-24.67,0.49
1773566685.2402556,0.2,-0.44,-0.0,-11.97,73.77,28.84,0.48
1773566685.338241,0.38,-0.63,0.1,-0.43,28.66,57.71,0.75
1773566685.4447796,0.96,-1.03,0.24,35.4,-36.08,-2.87,1.42
1773566685.554569,1.38,-0.79,0.25,-92.7,36.44,-105.65,1.6
1773566685.654559,0.86,-0.32,0.07,-82.44,92.53,-38.35,0.93
1773566685.7549033,0.19,-0.37,0.03,-96.81,163.76,83.19,0.41
1773566685.857555,0.33,-0.48,0.23,-56.82,77.16,-3.37,0.63
1773566685.965089,0.67,-0.95,0.33,-123.22,60.53,-31.02,1.21
1773566686.055237,1.01,-1.22,-0.17,6.89,-3.59,7.43,1.59
1773566686.1700215,1.12,-0.7,-0.07,86.21,-135.34,37.34,1.32
1773566686.2703123,0.19,-0.39,0.05,49.33,-54.5,124.96,0.44
0.0,0.0,0.0,0.0,0.0,0.0,0.0,0.0
1773566687.3432364,0.46,-1.11,0.31,-61.42,-87.65,-26.35,1.24
1773566687.3432364,1.18,-1.32,-0.09,-32.17,-41.16,-46.28,1.77
1773566687.4376829,0.85,-0.64,-0.12,11.95,-7.99,-21.41,1.07
1773566687.538972,0.12,-0.21,0.14,124.78,39.04,112.64,0.28
1773566687.6385498,0.22,-0.58,0.11,-25.02,-72.49,-1.91,0.63
1773566687.73681,0.57,-1.16,0.23,83.3,-0.84,-7.66,1.32
1773566687.8460732,0.8,-1.05,0.35,4.84,39.18,-15.56,1.36
1773566687.9542458,1.36,-0.73,0.17,-28.46,-42.96,-57.94,1.56
1773566688.055966,0.31,-0.49,0.08,-124.0,133.8,-18.83,0.58
1773566688.15528,0.11,-0.43,0.07,35.76,109.22,52.84,0.45
1773566688.2643583,0.09,-0.74,0.25,-69.1,-24.82,-13.25,0.79
1773566688.3602483,0.86,-1.3,0.4,-34.64,-198.81,1.79,1.61
1773566688.4691706,0.89,-1.13,-0.05,0.4,-43.25,40.66,1.44
1773566688.5762868,0.64,-0.61,0.04,7.82,-95.22,-35.47,0.89
1773566688.6738982,0.11,-0.41,0.11,58.63,-35.3,23.97,0.43
1773566688.774407,0.19,-0.68,0.14,15.63,-82.63,-2.75,0.72
1773566688.8940504,0.36,-1.16,0.35,18.79,-30.38,32.67,1.26
1773566688.9875124,1.05,-1.15,0.43,-26.26,-54.81,-139.85,1.61
1773566689.088775,1.22,-0.74,0.16,-0.27,91.36,-16.35,1.44
1773566689.1873171,0.24,-0.58,0.03,-112.03,156.67,43.22,0.63
1773566689.290197,0.14,-0.43,0.09,7.07,98.0,-49.39,0.46
1773566689.4041595,0.19,-0.56,0.32,-43.04,20.34,12.06,0.67
1773566689.504311,0.66,-1.26,0.24,-7.02,-158.81,3.94,1.44
1773566690.3555536,1.31,-1.04,0.11,-41.79,70.82,-22.31,1.68
1773566690.4373796,0.33,-0.42,0.1,-118.72,82.32,8.98,0.54
1773566690.5383744,0.16,-0.44,0.13,-18.72,56.85,-15.16,0.49
1773566690.6556642,0.28,-0.47,0.24,-11.01,36.78,-19.71,0.6
1773566690.7539787,0.38,-1.0,0.4,-39.62,-53.24,-48.99,1.14
1773566690.8566742,0.63,-1.33,0.38,129.86,-111.02,66.55,1.51
1773566690.9555166,1.19,-1.1,-0.09,-2.87,-33.74,22.46,1.62
1773566691.0706155,0.5,-0.54,0.0,57.73,-81.04,49.33,0.74
1773566691.1706476,0.21,-0.43,0.16,-5.13,-64.17,31.91,0.51
1773566691.2733674,0.29,-0.46,0.17,15.57,-46.76,-57.19,0.57
1773566691.3759146,0.45,-0.93,0.41,-30.89,-39.56,2.43,1.11
1773566691.4806352,0.66,-1.05,0.45,-11.05,-13.13,-45.1,1.32
1773566691.5730624,1.21,-1.2,0.07,-42.5,82.9,-1.48,1.7
1773566691.6877022,0.73,-0.53,0.0,-71.34,82.95,29.42,0.9
1773566691.7877593,0.06,-0.38,0.06,-36.58,41.43,84.84,0.39
1773566691.888229,0.16,-0.59,0.09,61.65,-53.5,32.2,0.62
1773566691.9966166,0.34,-1.26,0.28,-11.88,-84.81,119.28,1.33
1773566692.0900884,0.45,-1.82,0.14,-61.69,-162.75,96.99,1.88
1773566692.2053351,0.64,-1.01,-0.16,82.29,-108.95,62.0,1.2
1773566692.30564,0.21,-0.43,0.05,6.53,-83.68,56.41,0.48
1773566692.4050157,0.04,-0.36,0.14,42.72,-64.11,-46.64,0.39
1773566692.51533,0.31,-0.94,0.19,-15.85,-111.48,-118.73,1.01
1773566692.607542,0.5,-1.21,0.37,32.44,34.76,-84.35,1.36
1773566692.7218125,1.07,-1.11,0.19,2.53,64.34,-46.66,1.55
1773566692.8223832,0.61,-0.54,0.12,-33.42,120.24,-7.89,0.82
1773566692.9196403,0.15,-0.47,0.08,-54.21,119.19,42.96,0.5
1773566693.0224683,0.18,-0.58,0.17,-32.32,16.84,-15.65,0.63
1773566693.120545,0.26,-0.96,0.35,-28.9,-69.24,-26.05,1.05
1773566693.2371595,0.52,-1.28,0.43,62.49,-81.62,27.39,1.44
1773566693.3379428,1.0,-1.25,-0.03,-20.29,-87.88,84.53,1.6
0.0,0.0,0.0,0.0,0.0,0.0,0.0,0.0
1773566728.3877835,-0.05,-0.79,0.55,-40.2,-74.31,12.88,0.96
1773566728.4838614,-0.04,-0.79,0.47,-27.53,-76.49,7.66,0.92
1773566728.5912683,-0.05,-0.83,0.41,-39.94,-56.96,12.06,0.93
1773566728.6992333,-0.06,-0.92,0.35,-20.29,-19.3,33.97,0.99
1773566728.803445,0.01,-0.82,0.36,12.67,-51.62,24.82,0.89
1773566728.9005084,-0.0,-0.93,0.31,-35.65,-31.36,28.99,0.98
1773566728.9994142,-0.05,-0.98,0.41,10.14,-16.72,1.16,1.06
1773566729.100551,0.01,-0.96,0.39,-6.29,-27.27,-21.21,1.04
1773566729.216544,-0.07,-0.83,0.46,41.59,-16.34,-64.57,0.95
1773566729.3162918,0.14,-0.74,0.39,22.92,-36.11,-14.37,0.84
1773566729.4160702,-0.01,-0.85,0.69,10.03,64.0,37.31,1.1
1773566729.523649,0.14,-0.75,0.39,-21.79,-2.21,-1.15,0.86
1773566729.619057,0.07,-0.87,0.4,-25.22,37.3,8.46,0.96
1773566729.7303412,-0.05,-0.85,0.61,-85.66,39.83,-49.86,1.05
1773566729.8332596,-0.16,-1.16,0.55,-67.88,131.54,-7.79,1.3
1773566729.931493,-0.02,-0.54,0.18,8.37,-9.51,-78.98,0.57
1773566730.032895,-0.11,-0.93,0.38,17.68,147.31,31.86,1.01
1773566730.1495378,-0.02,-0.79,0.31,37.18,-2.17,-69.65,0.85
1773566730.234802,-0.05,-0.92,0.4,24.53,30.78,42.47,1.0
1773566730.352245,-0.03,-0.84,0.41,-18.26,-55.19,-17.04,0.94
1773566730.4521987,0.1,-1.04,0.44,-17.39,-62.24,20.49,1.14
1773566730.5569532,-0.07,-0.66,0.53,40.05,-137.76,-55.88,0.85
1773566730.650292,0.09,-0.75,0.46,-16.67,-15.57,77.89,0.89
1773566730.7520616,-0.05,-0.73,0.66,19.74,-46.87,-4.23,0.99
1773566730.8673036,0.13,-0.79,0.28,-50.09,-25.7,50.0,0.85
1773566730.9671414,0.05,-0.91,0.57,-28.05,-6.63,-18.78,1.08
1773566731.0688028,0.06,-1.08,0.45,-85.07,-7.57,9.98,1.17
0.0,0.0,0.0,0.0,0.0,0.0,0.0,0.0
1773566732.865816,-0.0,-0.77,0.37,22.82,-44.81,27.25,0.85
1773566732.968725,-0.14,-0.97,0.26,-30.63,4.55,34.18,1.02
1773566733.0690322,-0.14,-0.93,0.28,28.85,-17.86,2.53,0.98
1773566733.1827364,-0.04,-0.86,0.28,22.53,-30.99,29.85,0.91
1773566733.283013,-0.13,-0.98,0.37,-3.74,-5.74,5.63,1.05
1773566733.3834193,-0.19,-0.99,0.46,-35.51,-42.9,-52.43,1.11
1773566733.500317,-0.19,-1.13,0.5,-39.76,2.56,-48.72,1.25
1773566733.583789,0.13,-0.51,0.35,-24.66,-105.13,-37.56,0.63
1773566733.7009552,0.08,-0.89,0.37,-4.52,-14.81,63.17,0.97
1773566733.8007402,0.06,-0.71,0.41,25.95,-76.98,5.14,0.82
1773566733.9067547,0.12,-0.91,0.28,-0.14,-21.48,51.53,0.96
1773566733.9990993,-0.03,-1.01,0.58,-29.62,-9.01,15.37,1.17
1773566734.1159816,-0.07,-1.02,0.43,-72.03,6.82,-10.87,1.11
1773566734.2175498,-0.31,-0.74,0.42,-18.99,-20.03,-60.95,0.91
1773566734.3182583,0.05,-0.81,0.19,10.23,5.89,26.46,0.84
1773566734.421934,-0.18,-0.76,0.5,58.56,-40.89,-22.84,0.93
1773566734.515626,0.0,-0.8,0.22,20.37,6.18,9.74,0.84
1773566734.6317556,-0.12,-0.95,0.36,12.58,-10.86,-17.42,1.02
1773566734.735665,-0.05,-0.91,0.39,-15.4,-33.57,-26.11,1.0
1773566734.8342364,-0.19,-1.23,0.79,3.6,85.4,57.01,1.47
1773566734.9323392,0.03,-0.48,0.5,45.31,-133.56,-50.2,0.69
1773566735.032904,-0.08,-0.81,0.41,-105.1,26.37,47.42,0.91
1773566735.135192,-0.07,-0.82,0.43,29.44,-32.95,6.17,0.93
1773566735.2502725,0.07,-0.92,0.28,-5.24,15.76,-36.29,0.96
1773566735.3521986,-0.15,-0.96,0.53,-54.76,35.91,-43.48,1.1
1773566735.452623,-0.55,-1.07,0.65,-49.94,188.5,-36.29,1.37
1773566735.5531187,-0.0,-0.62,0.16,16.14,33.69,-62.25,0.64
1773566735.6657429,-0.2,-0.77,0.56,92.02,75.27,-40.49,0.97
1773566735.7541437,-0.01,-0.76,0.35,24.47,0.44,-22.67,0.84
1773566735.8702734,-0.1,-0.89,0.46,-17.11,-33.39,7.22,1.01
1773566735.965737,-0.08,-1.0,0.49,-57.8,-92.5,-0.76,1.11
0.0,0.0,0.0,0.0,0.0,0.0,0.0,0.0
1773566737.415683,-0.16,-0.87,0.39,-0.89,4.56,-2.29,0.97
1773566737.498501,-0.15,-0.89,0.33,-5.15,-6.23,-26.05,0.96
1773566737.6022775,-0.09,-0.83,0.36,7.66,-24.46,0.27,0.91
1773566737.7071407,-0.09,-0.92,0.44,-19.76,-48.08,6.4,1.03
1773566737.8159132,-0.09,-1.01,0.49,-63.94,-15.16,33.62,1.13
1773566737.9164877,-0.0,-0.76,0.31,-36.29,-100.87,-68.0,0.82
1773566738.01964,0.05,-0.78,0.36,-42.64,-91.16,40.5,0.86
1773566738.1179943,-0.13,-0.83,0.58,-12.72,-36.0,26.38,1.02
1773566738.2183118,0.09,-0.82,0.19,-19.3,-114.35,14.64,0.85
1773566738.3175876,-0.06,-1.02,0.3,26.78,7.95,-1.18,1.06
1773566738.432248,-0.09,-0.95,0.24,-48.03,-0.95,-31.08,0.99
1773566738.5399473,-0.21,-1.09,0.38,-42.24,206.79,20.44,1.17
1773566738.65079,-0.02,-0.64,0.13,84.06,-46.55,-113.5,0.65
1773566738.7671075,-0.17,-0.96,0.4,-20.49,191.1,-12.17,1.05
1773566738.8515377,0.02,-0.75,0.21,11.68,10.01,-50.35,0.78
1773566738.95135,-0.08,-0.93,0.31,16.58,31.69,37.72,0.98
1773566739.054629,0.01,-0.97,0.38,7.83,-75.73,23.54,1.04
1773566739.1661415,0.1,-1.04,0.43,-35.07,-78.31,54.96,1.13
1773566739.2829823,-0.0,-0.72,0.38,44.84,-189.82,-16.63,0.82
1773566739.3686812,-0.12,-0.77,0.47,-98.86,-7.22,100.23,0.91
1773566739.4686909,-0.12,-0.85,0.23,23.34,-94.35,9.43,0.89
1773566739.5699794,0.03,-0.92,0.11,-31.04,-10.38,2.3,0.93
1773566739.6689084,-0.22,-1.05,0.37,-29.91,69.24,-9.28,1.13
1773566739.784294,-0.36,-1.12,0.35,-38.34,181.45,-5.21,1.23
1773566739.869622,-0.1,-0.66,0.15,95.48,-12.84,-97.47,0.69
1773566739.9834716,-0.11,-0.84,0.47,109.68,135.47,-42.63,0.97
1773566740.090881,-0.03,-0.72,0.27,30.79,0.7,-69.71,0.77
1773566740.184545,-0.06,-0.89,0.4,6.17,22.3,4.64,0.97
1773566740.2992828,-0.06,-0.97,0.58,-20.55,-37.24,0.9,1.13
1773566740.3855262,0.01,-1.02,0.46,-69.54,-3.56,48.03,1.12
1773566740.5001235,0.04,-0.63,0.3,17.85,-122.38,-50.35,0.7
1773566740.608483,-0.11,-0.97,0.45,-48.35,16.12,46.17,1.08
1773566740.7150743,-0.08,-0.69,0.34,-5.73,-26.17,-27.97,0.78
1773566740.8036745,0.03,-0.86,0.26,-39.04,26.05,6.38,0.9
0.0,0.0,0.0,0.0,0.0,0.0,0.0,0.0
1773566742.1151478,-0.19,-0.93,0.28,8.85,86.75,-36.5,0.99
1773566742.162594,-0.23,-0.96,0.36,30.12,80.52,-39.12,1.05
1773566742.3318057,-0.12,-0.84,0.28,21.92,61.48,-34.81,0.9
1773566742.3680208,-0.13,-0.81,0.34,39.57,41.33,-41.76,0.89
1773566742.5344713,-0.11,-0.88,0.37,33.4,5.63,-11.45,0.96
1773566742.567851,-0.17,-1.03,0.57,20.6,13.74,-10.12,1.18
1773566742.6683438,-0.22,-0.87,0.56,-28.67,-18.41,-56.21,1.06
1773566742.781413,0.04,-0.67,0.32,-44.05,-18.6,-24.17,0.74
1773566742.8678446,-0.09,-0.91,0.64,30.26,48.0,0.85,1.12
1773566742.9826732,0.01,-0.6,0.29,-6.81,-37.48,26.95,0.67
1773566743.0876994,-0.05,-0.96,0.28,12.5,9.34,36.01,1.0
1773566743.1883528,-0.19,-1.05,0.52,-32.53,22.46,-25.33,1.19
1773566743.2887645,-0.1,-0.95,0.36,-30.53,44.61,-37.1,1.02
1773566743.3890803,-0.45,-0.94,0.57,-30.55,133.05,-41.86,1.19
1773566743.4998307,-0.13,-0.53,0.15,20.85,43.77,-61.97,0.56
1773566743.5992632,-0.48,-1.05,0.53,35.77,164.99,-20.38,1.27
1773566743.7056222,-0.19,-0.7,0.25,41.79,65.65,-44.34,0.77
1773566743.800448,-0.3,-0.95,0.27,51.16,82.56,-37.04,1.03
1773566743.914487,-0.16,-0.9,0.33,73.47,43.3,-60.61,0.97
1773566744.0149894,-0.15,-0.96,0.58,42.89,18.64,-53.36,1.13
1773566744.115439,-0.38,-1.0,0.75,-92.9,25.02,-76.38,1.3
1773566744.215432,0.07,-0.44,0.38,11.01,-6.95,-22.83,0.59
1773566744.3176403,-0.31,-0.93,0.68,-73.31,112.72,-29.97,1.19
1773566744.414891,-0.09,-0.69,0.22,24.75,-34.21,-26.7,0.73
1773566744.5235617,-0.03,-0.94,0.39,69.91,41.74,-40.34,1.02
1773566744.631594,-0.12,-0.93,0.54,-13.56,40.38,-48.21,1.08
1773566744.7330437,-0.02,-0.87,0.33,0.84,113.89,-6.41,0.93
1773566744.8344953,-0.48,-0.95,0.47,-10.49,65.68,-141.76,1.17
1773566744.9331777,-0.2,-0.74,0.33,62.67,109.85,-71.94,0.83
1773566745.0344045,-0.21,-0.64,0.57,86.55,30.84,-105.21,0.88
1773566745.1502137,-0.04,-0.78,0.39,6.47,47.05,-16.87,0.88
1773566745.2481742,-0.22,-0.82,0.67,73.34,14.49,-66.14,1.08
1773566745.3511844,-0.05,-0.86,0.65,-38.35,1.86,-13.1,1.08
1773566745.4567924,-0.3,-0.79,0.86,1.05,-36.12,-68.55,1.21
1773566745.564336,0.13,-0.5,0.5,-82.09,18.79,12.21,0.72
1773566745.665194,-0.07,-0.73,0.78,40.76,-10.4,7.68,1.07
1773566745.764288,0.06,-0.73,0.43,-64.76,-46.0,22.5,0.85
1773566745.8672855,-0.05,-0.82,0.55,-2.69,-27.97,8.2,0.99
1773566745.967567,-0.06,-0.82,0.65,-88.98,29.4,5.86,1.05
1773566746.073068,-0.44,-0.98,0.67,-44.63,22.98,-21.24,1.27
0.0,0.0,0.0,0.0,0.0,0.0,0.0,0.0
1773566747.5508406,-0.3,-0.74,0.55,65.95,210.63,-98.44,0.97
1773566747.5508406,-0.45,-0.74,0.62,-31.88,167.69,-102.6,1.07
1773566747.750426,-0.32,-0.73,0.33,30.18,126.08,-75.73,0.86
1773566747.7639885,-0.41,-0.76,0.46,35.59,123.37,-91.91,0.98
1773566747.950751,-0.37,-0.72,0.35,59.27,107.82,-118.17,0.88
1773566747.9666958,-0.41,-0.8,0.37,44.18,97.82,-80.98,0.97
1773566748.0728884,-0.4,-0.84,0.41,40.73,53.45,-120.66,1.02
1773566748.1678414,-0.29,-0.97,0.69,17.48,85.08,-104.08,1.22
1773566748.2654076,-0.02,-0.65,0.58,-47.31,43.91,-79.53,0.87
1773566748.3724308,-0.19,-0.81,0.63,-31.92,122.09,-97.68,1.04
1773566748.4812832,-0.01,-0.68,0.32,19.27,22.92,-73.85,0.75
1773566748.589417,0.04,-0.85,0.52,39.11,67.98,-47.74,0.99
1773566748.6837673,0.04,-0.87,0.41,-3.71,-0.47,-26.26,0.96
1773566748.7893376,0.02,-0.91,0.33,-39.34,-1.85,9.07,0.97
1773566748.897999,-0.01,-0.94,0.33,-34.79,-0.02,3.53,1.0
1773566748.9892526,-0.08,-0.98,0.39,-35.76,18.18,1.6,1.06
1773566749.0991006,-0.31,-0.79,0.49,-8.31,-48.03,-74.78,0.98
1773566749.2107935,-0.06,-0.71,0.2,-51.39,21.91,1.94,0.74
1773566749.311126,-0.32,-0.93,0.48,19.62,-3.45,-44.83,1.1
1773566749.4118986,-0.06,-0.8,0.2,8.81,-24.95,10.63,0.83
1773566749.5137043,-0.16,-0.93,0.32,58.89,-62.78,17.25,1.0
1773566749.618502,-0.05,-0.99,0.45,16.24,-111.3,15.37,1.09
1773566749.7186513,-0.07,-1.13,0.58,-46.44,-84.87,41.33,1.27
1773566749.8161252,-0.07,-0.7,0.5,-1.08,-185.79,-44.15,0.87
1773566749.9318025,0.2,-0.61,0.37,-32.75,-128.69,96.93,0.74
1773566750.0353715,-0.12,-0.95,0.67,-34.46,-81.16,57.14,1.17
1773566750.132144,0.13,-0.74,0.16,-47.44,-117.05,67.5,0.77
1773566750.239705,-0.04,-0.99,0.36,-14.15,-50.26,74.47,1.06
1773566750.3427124,-0.17,-0.99,0.28,-90.32,-23.02,17.92,1.04
1773566750.448123,-0.08,-0.95,0.15,-34.76,31.14,37.94,0.97
1773566750.5391684,-0.2,-0.75,0.3,35.59,-48.87,-58.79,0.84
1773566750.6504166,-0.15,-1.04,0.26,28.5,38.81,15.45,1.08
1773566750.7523394,-0.02,-0.69,0.27,71.07,-74.09,-44.75,0.74
1773566750.865934,-0.08,-0.86,0.33,-16.96,-28.18,30.72,0.93
1773566750.9661603,-0.15,-1.0,0.38,6.17,-82.75,-3.24,1.08
1773566751.0663657,0.03,-0.96,0.4,-14.55,-109.28,42.66,1.04
1773566751.16703,-0.12,-0.85,0.55,35.57,-137.04,-33.88,1.02
0.0,0.0,0.0,0.0,0.0,0.0,0.0,0.0
1773566753.384159,-0.08,-0.91,0.21,-5.19,-26.46,-8.17,0.93
1773566753.4659078,-0.05,-0.92,0.24,27.62,-40.23,8.98,0.95
1773566753.5651114,-0.04,-0.92,0.31,3.22,-64.44,-1.3,0.97
1773566753.6673765,-0.06,-0.96,0.23,-50.79,-48.96,7.91,0.99
1773566753.7680326,-0.1,-1.0,0.39,-17.76,23.71,-24.21,1.08
1773566753.8813224,0.07,-0.69,0.28,21.39,-62.82,-20.29,0.75
1773566753.984404,0.16,-0.97,0.44,70.7,-26.46,50.56,1.08
1773566754.08439,0.09,-0.7,0.34,-24.32,-74.43,-7.37,0.78
1773566754.182826,0.07,-0.88,0.18,12.23,-13.8,43.59,0.9
1773566754.2808137,0.01,-1.02,0.39,-10.35,-25.62,24.5,1.1
1773566754.383384,-0.04,-1.02,0.28,-43.98,2.38,6.41,1.06
1773566754.4883132,-0.0,-0.93,0.3,-4.26,23.11,-7.56,0.97
1773566754.5987382,-0.41,-0.98,0.57,-59.94,108.78,7.97,1.2
1773566754.6970663,-0.2,-0.73,0.18,-2.4,48.09,-28.06,0.78
1773566754.79841,-0.28,-0.81,0.48,88.15,58.66,-17.99,0.98
1773566754.9063537,-0.06,-0.8,0.2,23.92,27.19,11.46,0.82
1773566755.0055535,-0.28,-0.97,0.39,17.11,-5.24,-13.44,1.08
1773566755.1140945,-0.26,-1.01,0.44,-28.69,-13.86,-19.92,1.13
1773566755.2183888,-0.31,-1.1,0.46,-25.95,74.92,6.82,1.23
1773566755.314078,-0.12,-0.52,0.28,37.42,-24.92,-89.86,0.6
1773566755.4221125,-0.25,-0.96,0.41,-48.05,139.63,-13.63,1.07
1773566755.530856,-0.21,-0.64,0.36,61.45,66.95,-78.52,0.76
1773566755.634066,-0.09,-0.9,0.23,55.18,176.34,-51.63,0.93
1773566755.7344444,-0.17,-0.87,0.51,59.07,182.15,-94.84,1.02
1773566755.834745,-0.22,-0.89,0.47,11.21,197.88,-105.41,1.03
1773566755.93566,-0.39,-1.04,0.58,16.78,318.49,-68.18,1.26
1773566756.046981,-0.24,-0.49,0.28,107.88,85.51,-167.77,0.61
1773566756.151045,-0.3,-0.78,0.38,-33.59,297.34,-68.54,0.91
1773566756.252874,-0.52,-0.92,0.35,42.85,147.59,-137.7,1.11
1773566756.3546927,-0.32,-0.82,0.32,45.8,168.84,-62.0,0.93
1773566756.464219,-0.32,-0.91,0.39,43.68,101.18,-108.6,1.04
1773566756.5640886,-0.23,-0.83,0.37,32.49,77.08,-100.57,0.93
1773566756.666936,-0.15,-0.89,0.36,5.51,55.95,-77.13,0.97
1773566756.7659416,-0.28,-0.82,0.57,-14.24,102.15,-103.79,1.03
1773566756.863577,-0.07,-0.7,0.44,-22.7,95.74,-80.87,0.83
1773566756.966441,-0.2,-0.95,0.74,44.73,137.04,-87.3,1.23
1773566757.083542,-0.04,-0.7,0.4,-7.91,88.95,-40.9,0.8
1773566757.1807609,-0.03,-0.89,0.36,4.35,71.22,-43.37,0.96
0.0,0.0,0.0,0.0,0.0,0.0,0.0,0.0
1773566758.650557,0.04,-0.84,0.25,23.25,-70.24,37.07,0.88
1773566758.750707,0.01,-0.93,0.33,-2.49,-34.06,29.33,0.99
1773566758.863273,-0.03,-1.08,0.32,-45.05,-6.46,21.59,1.13
1773566758.9644196,-0.29,-0.97,0.56,15.94,6.98,-31.44,1.15
1773566759.0631826,-0.06,-0.65,0.27,-22.2,16.37,-42.0,0.71
1773566759.166051,-0.28,-0.84,0.41,-53.28,119.18,-11.51,0.98
1773566759.2635877,-0.09,-0.77,0.24,41.37,31.85,-8.57,0.81
1773566759.3807178,-0.07,-0.92,0.28,14.14,17.89,7.48,0.96
1773566759.4823065,-0.13,-1.04,0.37,-4.82,-33.16,-2.43,1.11
1773566759.580038,0.02,-0.94,0.43,-33.16,-84.52,1.22,1.03
1773566759.68419,-0.19,-0.95,0.55,-9.07,-95.89,1.91,1.12
1773566759.780069,0.14,-0.62,0.26,-14.32,-63.24,76.58,0.69
1773566759.897063,-0.16,-1.01,0.52,10.6,-60.21,41.82,1.15
1773566759.9967947,0.06,-0.82,0.13,-35.59,-98.37,38.96,0.84
1773566760.102496,-0.08,-1.01,0.28,-29.73,-11.21,30.95,1.05
1773566760.199215,-0.12,-1.06,0.18,-41.91,-22.06,-16.37,1.08
1773566760.297336,-0.45,-1.06,0.45,7.91,140.4,-24.52,1.24
1773566760.3992128,-0.06,-0.59,0.1,25.89,4.99,-52.37,0.6
1773566760.5005982,-0.36,-0.97,0.5,85.3,105.69,-53.86,1.15
1773566760.614725,0.02,-0.77,0.23,60.08,17.72,-29.76,0.81
1773566760.7130055,-0.07,-0.92,0.42,-2.96,-9.56,-0.78,1.01
1773566760.8132985,-0.04,-0.97,0.51,-35.54,-66.37,10.04,1.09
1773566760.9157934,-0.26,-1.06,0.61,-86.64,-52.41,10.4,1.25
1773566761.018829,0.15,-0.56,0.22,7.16,-82.57,96.53,0.62
1773566761.1305337,-0.23,-1.05,0.46,-33.86,-70.53,23.57,1.17
1773566761.230204,-0.07,-0.81,0.13,-18.93,-101.19,31.04,0.82
1773566761.3340385,-0.11,-1.03,0.33,0.98,18.17,-30.0,1.09
1773566761.4315035,-0.05,-1.0,0.31,-62.6,57.54,-27.68,1.04
1773566761.5481782,-0.35,-0.9,0.43,16.14,29.68,-88.79,1.05
1773566761.650277,-0.03,-0.85,0.14,24.37,65.8,-8.31,0.87
1773566761.749676,-0.13,-0.75,0.38,36.43,0.35,-45.77,0.85
1773566761.84641,-0.03,-0.91,0.23,1.25,-1.54,17.1,0.94
1773566761.95697,-0.15,-1.03,0.32,-32.75,-67.44,33.22,1.09
0.0,0.0,0.0,0.0,0.0,0.0,0.0,0.0
1773566763.4239252,-0.11,-0.92,0.27,12.81,-23.88,-25.19,0.97
1773566763.4810247,-0.13,-0.94,0.31,-13.48,-15.25,-18.75,1.0
1773566763.5835602,-0.1,-0.93,0.35,-3.5,-11.71,-15.5,1.0
1773566763.6846452,-0.2,-0.9,0.48,-38.24,40.58,-9.77,1.04
1773566763.791429,-0.04,-0.68,0.25,-3.04,-2.26,4.23,0.73
1773566763.8943052,-0.01,-0.9,0.4,42.2,-6.75,16.75,0.99
1773566763.9994886,-0.07,-0.88,0.47,3.4,-34.08,18.96,1.0
1773566764.0963037,-0.09,-0.82,0.22,-28.84,-18.0,39.11,0.85
1773566764.196304,-0.2,-1.03,0.3,-56.08,33.85,16.0,1.09
1773566764.297802,-0.18,-1.03,0.33,-32.93,52.01,-27.25,1.1
1773566764.4014952,-0.64,-0.97,0.64,3.02,51.65,-96.18,1.33
1773566764.511673,-0.09,-0.58,0.03,5.18,53.28,-14.34,0.59
1773566764.6045578,-0.42,-1.04,0.48,44.55,74.75,-67.07,1.22
1773566764.7161968,-0.09,-0.77,0.1,7.11,41.34,-16.52,0.78
1773566764.813323,-0.21,-0.98,0.42,14.55,-28.38,5.68,1.09
1773566764.9299326,-0.06,-1.08,0.37,-28.98,-75.95,30.4,1.15
1773566765.031103,-0.25,-0.81,0.5,-0.58,-117.76,-69.45,0.99
1773566765.1327658,0.03,-0.59,0.24,-42.06,-19.12,99.94,0.64
1773566765.230055,-0.33,-0.96,0.59,41.83,-65.6,-21.3,1.17
1773566765.3299856,0.05,-0.74,0.02,-36.2,-32.34,28.0,0.74
1773566765.4327364,-0.19,-0.98,0.43,64.43,38.3,44.3,1.09
1773566765.548275,-0.11,-1.0,0.29,-4.76,6.14,-23.59,1.04
1773566765.648615,-0.68,-1.14,0.7,-70.05,164.78,-17.65,1.5
1773566765.7473216,-0.17,-0.6,0.08,44.31,7.45,-55.56,0.63
1773566765.8481865,-0.36,-0.84,0.63,113.59,110.7,-47.51,1.11
1773566765.9471517,-0.04,-0.67,0.24,42.17,23.63,-43.16,0.72
1773566766.0627718,-0.19,-0.87,0.44,-7.3,29.21,-9.57,0.99
1773566766.1676288,-0.2,-0.99,0.43,-36.46,-1.08,-29.66,1.1
1773566766.2666292,-0.08,-1.16,0.43,27.8,73.98,-19.74,1.24
1773566766.367557,-0.08,-0.5,0.32,-46.52,-10.03,-61.16,0.6
1773566766.46742,-0.18,-0.89,0.24,-92.43,104.05,1.95,0.94
1773566766.5791712,-0.24,-0.75,0.51,108.15,47.82,-108.99,0.95
1773566766.6804812,-0.03,-0.72,0.25,3.6,135.68,-21.88,0.77
1773566766.787658,-0.13,-0.93,0.5,46.96,147.6,-73.74,1.06
1773566766.8811312,-0.17,-1.01,0.59,12.99,136.46,-71.82,1.18
1773566766.9799,-0.35,-0.8,0.59,38.24,105.54,-109.86,1.05
1773566767.0963,-0.29,-0.69,0.39,-4.93,72.64,-67.92,0.84
0.0,0.0,0.0,0.0,0.0,0.0,0.0,0.0
1773566768.343242,-0.22,-0.95,0.33,-10.2,122.17,-84.05,1.03
1773566768.382649,-0.07,-0.77,0.38,-18.11,110.53,-80.61,0.86
1773566768.5457938,-0.02,-0.9,0.44,-31.73,124.41,-65.31,1.0
1773566768.5807989,0.02,-0.87,0.43,4.49,72.15,-61.59,0.97
1773566768.6844118,0.09,-0.83,0.24,4.72,17.28,-17.66,0.86
1773566768.8124185,0.15,-0.94,0.22,14.85,-12.78,3.04,0.98
1773566768.8968048,0.01,-0.96,0.36,-1.91,-13.44,1.71,1.03
1773566768.9975407,-0.02,-1.12,0.19,-40.58,3.51,30.37,1.14
1773566769.0959208,-0.03,-1.0,0.22,-62.72,48.49,2.99,1.02
1773566769.1988611,-0.44,-1.16,0.35,-66.9,117.42,-1.21,1.29
1773566769.2986453,-0.05,-0.68,0.08,51.54,26.64,-61.19,0.69
1773566769.4123747,-0.21,-0.93,0.38,18.37,106.61,-28.79,1.02
1773566769.503857,0.03,-0.84,0.09,29.37,-2.14,-21.02,0.84
1773566769.6208444,-0.06,-1.0,0.22,11.47,-22.34,20.24,1.02
1773566769.714927,-0.08,-1.07,0.34,-35.65,-109.47,-9.16,1.13
1773566769.8198292,-0.13,-1.2,0.55,-18.69,-34.0,38.03,1.33
1773566769.9209728,0.27,-0.5,0.22,30.34,-169.63,9.04,0.61
1773566770.0307095,-0.01,-0.95,0.28,-59.34,-53.31,79.07,0.99
1773566770.1290102,0.05,-0.7,0.22,27.47,-172.63,50.52,0.74
1773566770.2295065,0.04,-0.99,0.12,-65.77,-40.64,28.04,1.0
1773566770.3422492,-0.09,-1.14,0.22,-34.69,-57.56,1.28,1.17
1773566770.4324486,-0.39,-1.11,0.41,-20.89,106.92,-30.18,1.24
1773566770.5461135,0.21,-0.7,0.07,68.75,-110.93,23.24,0.74
1773566770.6539257,-0.08,-0.82,0.57,89.86,-19.92,-8.47,1.0
1773566770.747374,0.14,-0.75,0.24,15.5,-46.21,2.15,0.8
1773566770.8534305,-0.03,-0.97,0.41,-24.56,-59.6,44.46,1.05
1773566770.962346,0.07,-1.04,0.52,-11.92,-107.53,53.42,1.16
1773566771.0544586,-0.06,-0.72,0.49,-5.45,-218.96,11.4,0.87
1773566771.163262,0.13,-0.77,0.32,-16.49,-98.44,118.73,0.85
1773566771.2674448,-0.12,-0.82,0.61,-1.85,-128.73,31.72,1.03
1773566771.3792567,0.02,-0.85,0.2,-51.62,-87.8,66.01,0.87
1773566771.4703388,-0.1,-0.99,0.32,-53.36,5.48,19.77,1.05
0.0,0.0,0.0,0.0,0.0,0.0,0.0,0.0
1773566773.350571,-0.14,-0.82,0.33,44.99,-61.99,-24.76,0.9
1773566773.3668132,-0.13,-0.83,0.37,17.82,-69.76,30.18,0.92
1773566773.5565846,-0.27,-0.96,0.26,-17.16,-21.6,31.65,1.03
1773566773.588407,-0.3,-0.95,0.22,3.3,6.18,4.66,1.02
1773566773.746559,-0.2,-0.91,0.21,17.04,38.73,-12.7,0.95
1773566773.7814815,-0.21,-0.97,0.31,47.47,33.14,-41.42,1.03
1773566773.9739125,-0.15,-0.85,0.34,53.76,16.11,-49.08,0.92
1773566773.9981196,-0.25,-0.92,0.37,-27.25,-5.19,-22.25,1.02
1773566774.1787546,-0.17,-1.11,0.36,-26.4,92.99,-16.31,1.18
1773566774.204542,-0.21,-0.75,0.33,-21.83,4.75,-89.25,0.84
1773566774.298637,-0.0,-0.7,0.31,-9.11,52.93,-78.66,0.77
1773566774.399238,-0.07,-0.81,0.61,93.69,63.54,-32.35,1.02
1773566774.5136063,0.06,-0.74,0.33,8.79,-1.39,-19.01,0.81
1773566774.6028204,0.09,-0.92,0.3,30.63,-40.81,-5.71,0.97
1773566774.714664,0.01,-1.09,0.63,4.52,-7.25,4.87,1.26
1773566774.8122602,0.11,-0.96,0.38,-48.27,-56.6,-14.11,1.04
1773566774.9152863,-0.21,-0.87,0.55,-42.11,-5.18,-36.52,1.05
1773566775.0337117,0.01,-0.64,0.32,-60.46,-16.2,-47.22,0.72
1773566775.130036,-0.02,-0.81,0.42,51.91,1.76,-47.45,0.91
1773566775.231193,0.15,-0.79,0.29,10.64,-3.1,26.84,0.85
1773566775.3291764,-0.02,-0.96,0.42,10.9,-0.57,64.88,1.05
1773566775.4454632,-0.01,-1.05,0.46,-37.4,-37.41,49.37,1.14
1773566775.5464623,0.03,-1.04,0.42,-35.71,-57.65,33.28,1.13
1773566775.645882,0.04,-0.62,0.42,15.27,-142.86,-3.08,0.75
1773566775.7464125,0.1,-0.69,0.32,-56.05,-26.08,145.91,0.77
1773566775.8469565,-0.2,-0.87,0.52,9.11,-79.31,48.18,1.03
1773566775.9471266,-0.06,-0.92,0.19,-24.09,-57.73,32.29,0.95
1773566776.0611238,-0.21,-1.03,0.39,-43.36,20.41,40.55,1.12
1773566776.153175,-0.33,-1.13,0.33,-64.03,83.56,7.95,1.22
0.0,0.0,0.0,0.0,0.0,0.0,0.0,0.0
1773566777.8637674,-0.34,-0.77,0.31,99.21,167.97,-147.01,0.9
1773566777.978173,-0.28,-0.67,0.35,80.82,194.78,-126.43,0.81
1773566778.0682724,-0.42,-0.88,0.5,9.31,155.86,-94.89,1.1
1773566778.1881225,-0.28,-0.86,0.29,70.37,111.53,-112.7,0.95
1773566778.2795737,-0.25,-1.01,0.61,87.48,136.47,-137.24,1.21
1773566778.3807726,-0.0,-0.66,0.66,27.14,90.69,-100.05,0.93
1773566778.4829996,-0.16,-0.68,0.84,-18.17,157.08,-105.36,1.09
1773566778.5953844,0.08,-0.59,0.33,23.74,59.8,-42.93,0.68
1773566778.6932936,0.02,-0.84,0.57,70.2,88.29,-8.06,1.02
1773566778.7996442,0.01,-0.87,0.49,15.53,5.85,-38.02,1.0
1773566778.907233,-0.05,-0.85,0.4,-34.47,4.79,-7.63,0.94
1773566779.0118537,-0.07,-0.89,0.41,-51.13,33.4,-19.41,0.98
1773566779.1116502,-0.18,-1.0,0.64,-71.04,111.97,17.68,1.2
1773566779.211763,-0.4,-0.68,0.4,-48.5,-53.62,-107.24,0.89
1773566779.3119347,-0.06,-0.75,0.18,1.53,45.8,4.96,0.77
1773566779.423895,-0.2,-0.78,0.46,33.37,-24.5,-82.14,0.93
1773566779.5282547,-0.02,-0.78,0.33,35.94,5.5,20.3,0.85
1773566779.628539,-0.04,-0.92,0.45,-3.74,-69.41,6.73,1.02
1773566779.7320592,-0.05,-0.99,0.55,-29.25,-122.2,10.49,1.13
1773566779.835275,-0.25,-0.88,0.69,-27.31,-137.39,8.52,1.15
1773566779.9343417,0.15,-0.52,0.29,-17.73,-127.08,96.55,0.61
1773566780.029484,-0.25,-0.93,0.76,-33.51,-19.74,65.33,1.23
1773566780.1458304,0.01,-0.7,0.16,-33.48,-95.63,69.77,0.72
1773566780.2450285,-0.14,-0.97,0.4,4.58,22.0,32.01,1.06
1773566780.3453698,-0.2,-1.05,0.35,-33.36,-16.79,-48.32,1.13
1773566780.448777,-0.33,-0.95,0.45,-13.69,167.53,-32.69,1.11
1773566780.5524795,-0.15,-0.59,0.26,-1.31,18.9,-85.86,0.66
1773566780.6628067,-0.27,-0.95,0.48,39.01,108.96,-71.28,1.1
1773566780.7646794,0.05,-0.65,0.24,-23.6,7.07,-55.45,0.69
0.0,0.0,0.0,0.0,0.0,0.0,0.0,0.0
1773566782.3654342,-0.28,-0.86,0.36,6.18,20.73,-35.44,0.97
1773566782.4638286,-0.22,-0.85,0.28,-15.16,14.58,-35.57,0.93
1773566782.5796988,-0.24,-0.97,0.3,0.69,28.01,-47.86,1.04
1773566782.680702,-0.12,-0.92,0.32,12.56,-9.76,-57.24,0.98
1773566782.7781594,-0.06,-0.94,0.29,-10.02,-35.83,-44.12,0.99
1773566782.8780196,-0.05,-0.87,0.27,-26.2,-51.77,-9.33,0.91
1773566782.9945,-0.09,-0.85,0.28,-34.69,-72.72,7.33,0.9
1773566783.096023,0.1,-0.97,0.25,-16.26,-60.49,66.55,1.0
1773566783.1945665,-0.03,-0.86,0.42,70.29,-172.06,10.55,0.96
1773566783.302006,0.1,-0.89,0.42,-58.67,-31.21,112.9,0.99
1773566783.405011,-0.14,-0.76,0.31,30.38,-162.34,19.08,0.84
1773566783.51111,-0.0,-0.99,0.13,-25.89,-63.5,62.29,1.0
1773566783.614078,-0.18,-1.01,0.34,-11.37,-33.42,-13.07,1.08
1773566783.7139332,-0.12,-1.09,0.34,-10.5,42.59,-5.13,1.15
1773566783.8115754,-0.2,-0.74,0.39,50.98,-31.33,-120.4,0.86
1773566783.9139247,0.06,-0.79,0.26,-32.03,70.01,-4.06,0.83
1773566784.0277653,-0.21,-0.8,0.49,75.37,-16.08,-65.91,0.96
1773566784.131637,-0.01,-0.8,0.29,29.71,30.66,5.1,0.85
1773566784.231809,-0.06,-0.88,0.46,8.96,-14.43,-16.81,1.0
1773566784.3311958,-0.06,-0.94,0.6,5.68,-60.7,-26.11,1.11
1773566784.4344578,-0.2,-0.92,0.85,-46.15,28.0,30.0,1.27
1773566784.543532,0.27,-0.58,0.27,-23.07,-113.88,95.62,0.7
1773566784.6480532,-0.26,-0.93,0.53,-92.93,-74.17,54.2,1.1
1773566784.7484975,-0.04,-0.71,0.16,20.26,-83.04,20.99,0.73
1773566784.848481,-0.07,-0.94,0.42,-12.49,24.5,-8.43,1.03
1773566784.9602358,-0.05,-1.05,0.42,-11.22,20.53,-14.11,1.13
1773566785.0620651,-0.42,-0.76,0.37,14.09,-1.37,-138.6,0.95
1773566785.1642866,-0.08,-0.82,0.2,-8.76,94.61,17.69,0.84
1773566785.2626543,-0.21,-0.75,0.47,75.11,-4.02,-105.21,0.91
1773566785.3669815,-0.04,-0.82,0.31,-9.15,45.36,6.01,0.88
1773566785.47255,-0.15,-0.98,0.42,-55.01,-1.45,-16.12,1.08
1773566785.5791433,-0.08,-1.11,0.36,-57.31,33.04,23.21,1.17
1773566785.679175,-0.0,-0.62,0.28,33.24,-96.05,-94.72,0.68
1773566785.7793093,-0.37,-1.03,0.58,-23.51,89.66,-20.95,1.24
1773566785.8775694,-0.05,-0.62,0.33,38.17,30.43,-60.61,0.7
1773566785.9914682,0.04,-0.88,0.26,-43.54,101.82,-20.4,0.92
0.0,0.0,0.0,0.0,0.0,0.0,0.0,0.0
1773566787.4879868,-0.28,-0.87,0.32,24.26,70.7,-106.87,0.97
1773566787.4922972,-0.19,-0.81,0.6,65.22,88.99,-129.39,1.02
1773566787.5852702,0.15,-0.71,0.51,-38.7,134.63,-68.0,0.88
1773566787.679566,-0.1,-0.76,0.6,77.05,97.68,-115.89,0.97
1773566787.7939377,0.14,-0.64,0.34,40.89,48.53,-14.06,0.74
1773566787.8822663,-0.12,-0.91,0.7,41.19,68.87,-22.0,1.16
1773566787.9861844,0.01,-0.81,0.39,0.23,23.92,-6.57,0.9
1773566788.093913,-0.11,-1.0,0.46,-59.95,31.37,18.96,1.11
1773566788.194141,-0.3,-1.07,0.48,-96.05,73.72,-15.05,1.21
1773566788.295683,-0.56,-0.9,0.53,-31.68,120.21,-72.12,1.19
1773566788.410576,-0.15,-0.48,0.12,-5.18,116.5,-91.22,0.52
1773566788.5123053,-0.49,-1.07,0.45,21.56,161.71,-108.14,1.26
1773566788.6117382,-0.05,-0.77,0.22,73.74,34.53,-53.25,0.8
1773566788.7155766,-0.13,-0.92,0.23,-74.84,71.77,-35.41,0.96
1773566788.8271823,-0.23,-1.16,0.33,-2.81,-19.63,-26.99,1.22
1773566788.927495,-0.07,-0.96,0.52,17.48,-19.89,-0.28,1.09
1773566789.0401766,0.13,-0.59,0.24,78.87,-163.33,1.02,0.65
1773566789.1420574,-0.07,-0.82,0.49,-68.56,-16.76,70.0,0.96
1773566789.2440262,-0.16,-0.71,0.43,29.19,-107.66,65.85,0.85
1773566789.3456998,-0.07,-1.11,0.3,-57.33,-47.62,44.34,1.15
1773566789.4471738,-0.21,-1.03,0.33,-101.6,-14.99,-28.02,1.1
1773566789.5436404,-0.4,-1.06,0.27,-91.19,79.24,-8.14,1.16
1773566789.6516726,-0.07,-0.68,0.0,1.6,21.69,-81.19,0.68
1773566789.760464,-0.06,-0.92,0.25,81.65,90.73,-40.26,0.96
1773566789.860697,0.09,-0.87,0.18,43.19,8.66,-39.97,0.89
1773566789.963757,0.01,-0.98,0.3,-20.14,-25.15,1.25,1.02
1773566790.060445,0.09,-1.28,0.42,6.92,-31.66,35.56,1.35
1773566790.1626823,0.04,-0.59,0.41,106.66,-198.38,-43.04,0.72
1773566790.2635872,0.13,-0.8,0.35,-75.86,-22.7,106.82,0.88
1773566790.379918,-0.03,-0.78,0.42,39.8,-107.99,8.59,0.89
1773566790.482538,0.04,-0.86,0.18,-36.73,-49.54,45.59,0.88
0.0,0.0,0.0,0.0,0.0,0.0,0.0,0.0
1773566791.9101024,0.06,-0.8,0.42,13.5,-125.68,58.5,0.9
1773566792.0088396,-0.05,-0.87,0.38,11.25,-84.66,60.73,0.95
1773566792.1119292,-0.05,-0.88,0.35,16.53,-49.33,17.8,0.94
1773566792.2418373,-0.1,-1.0,0.43,-49.34,35.83,6.82,1.09
1773566792.3251724,-0.42,-1.15,0.51,-59.83,150.84,-37.86,1.33
1773566792.4267385,-0.07,-0.63,0.12,6.14,-12.98,-58.17,0.65
1773566792.529799,-0.31,-0.88,0.6,29.6,176.38,-79.45,1.11
1773566792.6295202,0.04,-0.67,0.26,102.41,48.55,-54.02,0.72
1773566792.7378273,-0.01,-0.81,0.46,37.62,69.02,2.12,0.93
1773566792.8302274,-0.04,-0.93,0.58,40.55,-30.63,8.87,1.1
1773566792.9290557,0.07,-0.9,0.68,25.79,-102.17,55.19,1.13
1773566793.0434563,-0.13,-0.59,0.74,-38.89,-190.93,10.87,0.96
1773566793.144863,0.06,-0.62,0.43,-123.27,-100.46,111.3,0.76
1773566793.249117,-0.25,-0.85,0.62,-21.24,-118.82,46.11,1.08
1773566793.3452566,-0.08,-0.75,0.18,-6.41,-79.57,66.72,0.77
1773566793.4605658,-0.19,-0.99,0.44,-9.5,56.0,24.29,1.1
1773566793.5600803,-0.19,-1.06,0.39,-10.38,110.98,-13.82,1.15
1773566793.6609874,-0.36,-0.66,0.39,47.63,32.69,-159.37,0.84
1773566793.7618885,-0.24,-0.77,0.33,-32.24,174.49,-65.74,0.88
1773566793.8600357,-0.21,-0.69,0.41,81.28,66.05,-115.15,0.83
1773566793.963364,-0.08,-0.82,0.4,26.38,73.47,-42.0,0.92
1773566794.0771763,-0.04,-0.93,0.53,6.84,-4.89,-30.9,1.07
1773566794.177692,-0.03,-0.92,0.64,-34.95,-46.75,-3.22,1.12
1773566794.2774796,-0.2,-0.75,0.61,-49.36,-107.41,-47.07,0.99
1773566794.3794,-0.03,-0.69,0.4,-79.24,-14.89,69.05,0.79
1773566794.4775648,-0.13,-0.84,0.46,10.79,-73.62,19.6,0.97
1773566794.5977523,0.04,-0.78,0.18,4.34,-62.78,59.45,0.8
1773566794.6981988,-0.13,-1.0,0.47,-14.24,18.38,0.12,1.12
1773566794.7988994,-0.14,-1.05,0.39,-55.77,9.47,-33.89,1.13
1773566794.8996155,-0.41,-1.0,0.58,-69.47,141.25,-25.01,1.23
1773566795.009977,0.02,-0.51,0.2,72.14,-73.95,-42.43,0.55
1773566795.109933,-0.25,-0.92,0.67,-9.77,56.34,32.64,1.16
1773566795.2099776,0.08,-0.62,0.24,79.69,-154.7,34.55,0.67
0.0,0.0,0.0,0.0,0.0,0.0,0.0,0.0
1773566796.8447516,0.12,-0.74,0.52,1.98,-37.16,57.37,0.92
1773566796.9487064,0.14,-0.75,0.59,-39.56,-39.83,70.95,0.96
1773566797.0511425,0.07,-0.8,0.64,-42.66,-51.8,88.64,1.03
1773566797.151129,-0.16,-0.77,0.47,-82.17,-111.47,70.04,0.92
1773566797.2514148,-0.25,-0.83,0.39,-76.72,-129.34,76.37,0.95
1773566797.3619192,-0.29,-0.77,0.44,-16.29,-134.08,72.88,0.94
1773566797.4598737,-0.27,-0.74,0.38,11.28,-127.54,84.35,0.88
1773566797.5600517,-0.29,-0.81,0.34,-9.16,-95.91,80.06,0.93
1773566797.66265,-0.3,-0.89,0.39,19.39,-77.12,61.74,1.02
1773566797.777323,-0.23,-0.9,0.39,-0.64,-62.21,41.4,1.01
1773566797.8766832,-0.21,-0.85,0.43,13.62,-79.79,9.43,0.98
1773566797.9839628,-0.15,-0.88,0.52,-19.63,-125.01,-10.93,1.04
1773566798.0924375,-0.26,-1.02,0.8,-32.63,-60.2,3.11,1.32
1773566798.1926134,0.14,-0.42,0.37,-33.88,-138.58,32.49,0.58
1773566798.2815075,-0.09,-0.76,0.64,-63.6,-9.37,87.5,1.0
1773566798.397251,0.03,-0.63,0.36,-2.5,-130.69,81.27,0.73
1773566798.5014274,-0.03,-0.97,0.41,-28.72,-62.06,77.65,1.06
1773566798.5969152,-0.16,-0.97,0.59,-64.4,-72.35,57.39,1.15
1773566798.7094262,-0.18,-0.97,0.31,-87.76,-28.17,39.85,1.04
1773566798.7945416,-0.41,-0.87,0.35,-19.1,-64.96,-61.88,1.03
1773566798.9120595,-0.07,-0.65,0.22,8.2,63.33,-29.77,0.69
1773566799.0139923,-0.35,-0.93,0.48,33.73,44.88,-73.86,1.1
1773566799.1121016,-0.04,-0.79,0.28,70.12,59.33,-13.6,0.84
1773566799.2141876,-0.06,-0.95,0.48,17.91,1.79,-20.81,1.07
1773566799.327277,0.02,-0.92,0.58,-27.85,-99.51,-13.13,1.09
1773566799.4266646,0.04,-0.92,0.53,-65.56,-140.67,63.65,1.06
1773566799.536792,-0.0,-0.58,0.37,-19.33,-233.16,49.5,0.68
1773566799.6260464,-0.02,-0.79,0.48,-81.88,-89.42,143.66,0.92
1773566799.7262144,-0.11,-0.7,0.32,-28.98,-186.14,59.85,0.77
1773566799.8301835,-0.08,-0.99,0.08,-63.13,-102.08,46.24,0.99
1773566799.943112,-0.24,-1.03,0.24,-54.75,-26.05,12.24,1.08
1773566800.0465226,-0.23,-1.07,0.06,-27.95,68.85,-27.62,1.09
1773566800.1454277,-0.42,-0.91,0.3,50.58,107.88,-81.91,1.04
1773566800.2509203,-0.1,-0.84,0.24,62.38,140.32,-64.66,0.88
1773566800.3515534,-0.17,-0.77,0.54,91.34,49.42,-93.42,0.96
1773566800.4512098,0.03,-0.76,0.35,-10.06,36.98,-2.11,0.84
1773566800.5628045,-0.04,-0.95,0.47,-46.92,-65.3,-16.41,1.06
1773566800.6675482,0.02,-1.12,0.47,-43.68,-43.02,53.74,1.21
1773566800.760218,0.03,-0.62,0.26,17.85,-208.34,-9.91,0.67
1773566800.8771496,-0.08,-0.91,0.35,-97.98,-11.07,95.53,0.98
1773566800.978674,-0.16,-0.7,0.23,-21.62,-132.32,-17.77,0.76
0.0,0.0,0.0,0.0,0.0,0.0,0.0,0.0
1773566802.4490733,-0.15,-0.84,0.39,33.28,-1.73,-14.23,0.94
1773566802.558988,-0.11,-0.86,0.43,21.85,-27.15,-14.6,0.97
1773566802.6609402,-0.17,-0.87,0.39,-0.58,-61.76,20.27,0.97
1773566802.744988,-0.26,-0.9,0.39,-1.18,-92.08,51.53,1.01
1773566802.8441217,-0.19,-0.86,0.26,-29.31,-88.21,55.95,0.92
1773566802.9616418,-0.24,-0.92,0.28,-2.93,-83.73,16.15,0.99
1773566803.0593984,-0.22,-0.93,0.34,9.94,-83.28,10.73,1.01
1773566803.1621568,-0.22,-0.94,0.39,-22.75,-74.14,6.21,1.04
1773566803.2589293,-0.22,-0.98,0.39,-70.4,-43.7,3.11,1.08
1773566803.3624618,-0.19,-0.67,0.42,11.01,-46.38,-66.81,0.81
1773566803.473862,-0.13,-0.77,0.46,-78.0,95.36,-0.35,0.9
1773566803.5756297,-0.26,-0.76,0.4,34.0,53.82,-49.42,0.9
1773566803.6781428,-0.14,-0.82,0.22,14.29,85.66,-0.9,0.86
1773566803.7766302,-0.2,-0.88,0.34,86.67,149.86,-50.12,0.96
1773566803.893252,-0.21,-1.21,0.52,14.99,141.97,-75.04,1.34
1773566803.9937642,-0.4,-0.83,0.58,30.29,71.07,-104.21,1.09
1773566804.0942016,-0.32,-0.6,0.28,-40.46,63.24,-57.16,0.73
1773566804.1925104,-0.43,-0.73,0.38,63.07,100.69,-56.76,0.92
1773566804.3000424,-0.21,-0.76,0.23,33.36,56.46,-22.67,0.82
1773566804.4086692,-0.33,-0.91,0.31,37.47,54.06,-46.14,1.01
1773566804.501077,-0.27,-0.87,0.31,28.78,39.05,-46.35,0.96
1773566804.6000078,-0.26,-0.9,0.36,28.23,15.16,-58.99,1.0
1773566804.711818,-0.13,-0.96,0.41,24.52,-26.41,-67.16,1.05
1773566804.816846,-0.24,-0.74,0.68,53.31,29.83,-120.75,1.04
1773566804.9170997,-0.2,-0.68,0.38,-90.86,70.06,-42.31,0.81
1773566805.026018,-0.12,-0.8,0.25,14.14,82.69,-43.97,0.84
1773566805.1255102,-0.09,-0.82,0.44,42.6,75.16,-39.01,0.94
1773566805.225596,-0.26,-0.9,0.58,-23.21,83.57,-34.64,1.1
1773566805.3341348,-0.23,-0.95,0.44,16.6,130.06,-20.35,1.07
1773566805.4288628,-0.19,-0.66,0.35,54.64,27.74,-91.63,0.77
1773566805.5424175,-0.46,-0.96,0.65,8.38,114.23,-82.52,1.25
1773566805.6483097,-0.08,-0.62,0.33,27.54,21.85,-74.81,0.71
1773566805.7489302,-0.23,-0.85,0.36,-25.76,33.5,-46.64,0.96
1773566805.849359,-0.12,-0.9,0.4,-2.7,-3.13,-15.74,1.0
1773566805.9501295,-0.18,-1.05,0.48,-78.53,64.37,0.18,1.17
1773566806.0505471,-0.15,-0.76,0.39,8.49,-32.75,-116.83,0.87
1773566806.1588423,-0.05,-0.73,0.41,-19.19,63.8,-24.69,0.83
1773566806.259011,-0.29,-0.73,0.67,23.05,82.98,-81.8,1.03
1773566806.3615518,-0.09,-0.75,0.34,1.66,108.15,-45.76,0.83
1773566806.4597049,-0.09,-0.89,0.47,76.66,105.89,-56.67,1.01
1773566806.575806,-0.07,-0.84,0.49,1.74,108.5,-68.79,0.97
1773566806.675653,-0.12,-0.92,0.5,-10.15,112.26,-38.96,1.05
1773566806.7760563,-0.21,-1.01,0.62,-19.42,121.57,-33.88,1.21
0.0,0.0,0.0,0.0,0.0,0.0,0.0,0.0
1773566808.2596917,0.06,-0.75,0.32,-0.73,-48.09,34.56,0.82
1773566808.3599658,-0.0,-0.93,0.34,15.53,-22.11,45.16,0.99
1773566808.4668963,-0.13,-0.98,0.5,-28.38,-15.57,14.63,1.11
1773566808.5756805,-0.09,-0.99,0.31,-75.62,-9.45,-20.17,1.04
1773566808.6809995,-0.31,-1.0,0.35,-99.42,144.47,-22.43,1.11
1773566808.7778296,-0.07,-0.6,0.13,61.98,-39.13,-92.29,0.62
1773566808.8920584,-0.12,-0.92,0.44,30.64,84.75,-39.89,1.03
1773566809.0072722,0.14,-0.74,0.27,64.55,-47.66,-7.47,0.8
1773566809.100397,0.04,-0.87,0.43,-10.46,-75.3,50.09,0.97
1773566809.1998825,-0.02,-1.06,0.58,-41.04,-151.13,46.46,1.21
1773566809.291773,-0.14,-0.95,0.58,-108.31,-62.9,92.67,1.12
1773566809.4088838,-0.02,-0.57,0.23,21.33,-239.3,21.72,0.62
1773566809.5083067,0.01,-0.81,0.42,56.87,-56.43,57.33,0.91
1773566809.6001103,0.13,-0.7,0.42,70.56,-124.49,48.96,0.82
1773566809.7086313,0.01,-1.03,0.37,-86.6,-66.05,55.68,1.1
1773566809.8249972,-0.15,-1.0,0.44,-77.02,-6.81,13.02,1.11
1773566809.9256449,-0.06,-1.04,0.3,-11.25,45.86,-30.37,1.08
1773566810.0160398,-0.17,-0.72,0.41,14.5,-4.09,-95.88,0.84
1773566810.1264534,0.05,-0.87,0.27,-49.37,85.22,0.21,0.92
1773566810.226822,-0.0,-0.75,0.45,71.22,-34.93,-49.16,0.87
1773566810.3284752,0.07,-0.82,0.29,-71.24,24.88,41.22,0.88
1773566810.442647,-0.04,-1.0,0.29,-3.34,-57.89,19.6,1.05
1773566810.541795,0.12,-1.04,0.35,17.54,-128.86,12.23,1.1
1773566810.6504118,-0.16,-0.91,0.65,-10.76,-153.31,-11.24,1.12
1773566810.7415905,0.09,-0.74,0.31,-24.43,-80.53,88.34,0.81
1773566810.84495,-0.13,-0.93,0.47,20.82,-121.42,30.53,1.05
1773566810.959533,0.14,-0.81,0.18,-28.55,-88.53,44.35,0.84
1773566811.0579815,-0.07,-1.02,0.42,-51.04,-41.21,22.35,1.11
1773566811.159236,-0.04,-1.07,0.23,-61.94,-31.57,-0.86,1.09
1773566811.2587469,-0.35,-0.96,0.52,-46.79,19.62,-50.41,1.15
1773566811.3633442,0.08,-0.82,0.1,-27.45,20.4,7.59,0.82
1773566811.4599652,-0.11,-0.9,0.37,63.36,-10.93,-46.0,0.98
1773566811.5783694,0.07,-0.83,0.14,-5.42,-16.9,22.01,0.85
1773566811.6771953,-0.03,-0.99,0.27,-20.79,-47.19,9.72,1.02
1773566811.7776425,0.04,-1.08,0.34,7.76,-24.75,55.39,1.13
1773566811.8783803,-0.0,-0.78,0.39,41.57,-131.8,17.45,0.87
0.0,0.0,0.0,0.0,0.0,0.0,0.0,0.0
1773566813.907847,-0.03,-0.88,0.41,-0.14,-10.95,20.58,0.97
1773566813.907847,0.01,-0.85,0.37,8.96,-55.57,34.75,0.93
1773566814.107847,0.1,-0.83,0.38,7.63,-105.36,69.46,0.92
1773566814.1245077,0.06,-0.79,0.45,32.89,-159.04,71.3,0.92
1773566814.2244532,0.18,-0.85,0.42,7.56,-166.03,119.04,0.96
1773566814.3275044,-0.13,-0.99,0.44,-52.23,-112.72,65.24,1.09
1773566814.425598,-0.03,-0.86,0.25,20.5,-105.8,-10.49,0.9
1773566814.5283349,-0.39,-0.87,0.52,-56.02,-25.51,51.37,1.09
1773566814.6329677,-0.08,-0.81,0.21,-37.63,-4.06,35.59,0.84
1773566814.7414198,-0.23,-1.05,0.53,36.87,8.06,27.97,1.2
1773566814.8489966,-0.07,-0.92,0.34,4.41,-29.77,33.74,0.99
1773566814.9415104,0.04,-0.77,0.45,10.12,-128.57,17.36,0.89
1773566815.0433395,0.03,-0.98,0.78,-9.57,-212.17,73.5,1.25
1773566815.142847,-0.06,-1.08,0.93,-64.37,-147.51,175.11,1.43
1773566815.2577317,-0.27,-0.61,0.07,-79.51,-110.17,11.36,0.67
1773566815.3614664,-0.33,-0.46,0.03,-121.53,-36.18,-98.06,0.56
1773566815.458852,-0.61,-1.53,0.32,-141.85,285.62,53.33,1.68
1773566815.5577683,-0.06,-0.91,0.34,126.52,121.68,19.83,0.98
1773566815.6604793,0.18,-0.24,0.42,0.12,-2.58,-50.41,0.51
1773566815.766215,0.73,-0.88,0.21,-25.27,-322.31,45.33,1.16
1773566815.8666234,-0.26,-1.2,0.98,95.69,-135.91,140.55,1.57
1773566815.9811292,-0.57,-0.65,0.12,-139.22,-71.45,18.7,0.88
1773566816.0773706,-0.34,-0.54,-0.03,-90.17,-14.29,-112.63,0.64
1773566816.1910017,-0.99,-1.74,0.85,-61.79,449.45,55.94,2.18
1773566816.2945366,0.04,-0.64,0.31,194.93,149.31,9.86,0.71
1773566816.39901,0.23,-0.39,0.33,73.73,52.67,-91.63,0.56
1773566816.4958816,0.1,-0.87,0.47,-61.16,-118.11,-73.22,0.99
1773566816.6085618,-1.0,-1.19,1.25,-170.05,12.92,27.11,1.99
1773566816.70904,-0.11,-0.59,0.21,9.18,-121.51,111.74,0.63
1773566816.8084917,-0.13,-0.66,0.18,-14.21,-75.16,64.27,0.7
1773566816.909378,-0.09,-0.88,0.28,-38.72,-15.8,25.74,0.93
1773566817.010332,-0.28,-1.18,0.27,-54.58,5.28,-28.25,1.24
1773566817.1109517,-0.05,-0.99,0.33,23.19,-17.22,-66.81,1.04
1773566817.2092206,-0.5,-1.02,0.49,-59.44,-1.41,-62.41,1.24
1773566817.3266478,-0.08,-0.71,0.18,49.18,45.08,-17.59,0.74
0.0,0.0,0.0,0.0,0.0,0.0,0.0,0.0
1773566818.7434938,-0.3,-0.73,0.16,49.5,97.59,-132.55,0.8
1773566818.8409884,-0.25,-0.94,0.43,91.11,125.11,-88.83,1.06
1773566818.9420033,-0.01,-0.79,0.55,43.63,118.95,-24.73,0.96
1773566819.0408597,-0.12,-0.91,0.44,65.28,65.66,-63.42,1.02
1773566819.1431634,0.05,-0.96,0.37,66.93,6.59,-24.29,1.03
1773566819.243943,-0.06,-0.98,0.48,20.85,14.03,-19.18,1.09
1773566819.3517194,-0.27,-0.96,0.25,-35.66,70.67,-56.09,1.03
1773566819.4582374,-0.39,-0.68,0.4,-9.31,169.34,-151.89,0.88
1773566819.5634491,-0.31,-1.13,0.71,-90.75,228.15,-114.09,1.37
1773566819.6599402,-0.02,-0.83,0.31,55.89,86.63,-71.79,0.89
1773566819.761264,0.22,-0.14,0.29,30.2,30.05,-31.66,0.39
1773566819.8762383,0.56,-1.11,0.23,-97.47,-296.38,65.24,1.27
1773566819.9737897,-0.07,-1.49,0.7,50.15,-86.06,109.39,1.64
1773566820.0807242,-0.47,-0.73,0.08,-41.1,-12.09,7.3,0.87
1773566820.1819694,-0.17,-0.44,0.21,-36.58,18.9,-126.84,0.51
1773566820.2908106,-0.49,-1.38,0.67,-120.06,246.95,-32.57,1.61
1773566820.3938105,0.28,-0.59,0.2,78.7,17.62,26.46,0.69
1773566820.4904082,0.25,-0.28,0.41,-63.65,-138.78,-48.9,0.55
1773566820.5952594,0.19,-1.41,0.84,-101.59,-81.45,146.09,1.65
1773566820.6922743,-0.0,-0.79,0.41,89.4,-152.15,136.03,0.89
1773566820.8087025,-0.37,-0.46,0.15,-53.24,-146.08,-9.31,0.61
1773566820.9106655,-0.24,-0.73,0.01,-82.08,-111.66,12.14,0.77
1773566821.0109627,-0.87,-1.53,0.76,-10.41,195.14,-124.37,1.92
1773566821.1113868,0.03,-0.92,0.35,110.63,83.95,-5.82,0.98
1773566821.2237177,0.13,-0.51,0.4,-13.89,2.75,-52.69,0.66
1773566821.3153577,0.37,-1.15,0.39,-28.6,-215.89,8.76,1.27
1773566821.423551,-0.08,-1.15,0.66,90.26,-201.1,36.5,1.33
1773566821.5253344,-0.12,-0.57,0.32,-33.36,-169.54,66.01,0.66
1773566821.6248424,-0.06,-0.74,0.18,-66.69,-94.26,53.07,0.76
1773566821.7409377,-0.26,-1.11,0.52,-48.34,12.78,8.41,1.25
1773566821.8406696,-0.17,-0.85,0.3,28.47,-61.34,-34.12,0.91
1773566821.9402623,-0.04,-0.81,0.22,-22.0,-53.89,21.3,0.84
0.0,0.0,0.0,0.0,0.0,0.0,0.0,0.0
1773566823.3800962,-0.04,-0.84,0.5,11.8,-171.13,100.82,0.98
1773566823.4753392,-0.03,-0.86,0.47,-37.02,-186.2,93.25,0.98
1773566823.5923991,-0.02,-0.81,0.45,-23.95,-206.64,107.07,0.93
1773566823.6904316,0.03,-0.76,0.4,-15.45,-210.98,96.12,0.86
1773566823.790038,-0.2,-0.91,0.5,14.0,-139.66,83.31,1.06
1773566823.8905592,-0.15,-0.74,0.32,-43.05,-153.3,66.38,0.82
1773566824.004444,-0.33,-1.0,0.3,-11.04,-33.63,65.05,1.09
1773566824.107035,-0.17,-0.84,0.19,38.58,-41.27,62.29,0.88
1773566824.2103486,-0.14,-0.99,0.24,10.95,0.82,59.07,1.03
1773566824.3094602,-0.22,-1.07,0.41,7.36,-22.41,25.59,1.17
1773566824.4080827,0.02,-0.84,0.47,-6.34,-119.15,24.23,0.96
1773566824.5237267,0.01,-0.87,0.62,47.31,-285.1,33.07,1.07
1773566824.6249375,-0.25,-0.9,0.76,-121.05,-31.54,129.4,1.2
1773566824.726719,-0.46,-0.71,-0.15,-107.02,17.53,-75.47,0.85
1773566824.8271391,-0.17,-0.59,0.15,-38.0,27.18,-136.46,0.63
1773566824.9277625,-0.56,-1.42,0.75,22.32,260.47,-107.54,1.7
1773566825.0284956,-0.02,-0.7,0.62,-0.46,146.3,47.97,0.94
1773566825.1425204,0.18,-0.45,0.46,-61.37,-146.58,-60.43,0.67
1773566825.2426894,0.16,-1.15,0.58,-19.33,-74.53,137.22,1.3
1773566825.3450382,-0.2,-0.7,0.19,-37.88,-131.94,76.49,0.75
1773566825.456427,-0.31,-0.51,0.07,-96.6,-102.37,-91.74,0.6
1773566825.5571842,0.14,-1.43,-0.12,-35.98,143.86,74.27,1.44
1773566825.659863,-0.08,-0.95,0.06,133.1,-26.37,-76.28,0.96
1773566825.757594,-0.04,-0.78,0.43,55.69,-3.16,-58.0,0.89
1773566825.8587618,0.05,-0.59,0.16,-17.85,-44.23,-85.66,0.61
1773566825.9646163,0.09,-1.05,0.61,-73.77,-157.74,-10.32,1.21
1773566826.05946,-0.35,-1.08,0.79,24.32,-139.79,49.14,1.38
1773566826.173141,-0.14,-0.85,0.42,-52.37,-92.35,114.78,0.95
1773566826.2763157,-0.06,-0.77,0.27,-67.27,-112.44,34.85,0.82
1773566826.3740025,-0.12,-0.92,0.13,-70.87,-19.68,8.88,0.94
1773566826.473579,-0.19,-1.02,0.16,-95.91,70.26,-108.28,1.05
1773566826.577349,0.15,-1.15,-0.14,-19.77,94.99,10.29,1.17
1773566826.6915402,-0.16,-0.87,0.08,-14.32,-0.11,-100.57,0.89
1773566826.7906413,-0.09,-0.97,-0.03,38.79,185.62,-11.6,0.97
1773566826.8908598,-0.21,-0.96,0.3,4.17,192.09,-56.61,1.03
0.0,0.0,0.0,0.0,0.0,0.0,0.0,0.0
1773566828.238875,0.04,-0.97,0.18,64.7,150.14,-26.7,0.99
1773566828.3424804,0.19,-0.84,0.08,22.4,129.08,-5.19,0.86
1773566828.456726,0.13,-0.98,0.14,3.14,151.83,30.15,1.0
1773566828.549031,0.12,-1.0,0.02,58.03,55.66,-2.38,1.01
1773566828.6499104,0.13,-1.06,0.07,-11.47,27.72,-0.58,1.07
1773566828.7530763,0.04,-1.05,0.08,-13.27,40.41,19.14,1.06
1773566828.8548408,-0.07,-1.11,-0.05,28.05,117.74,-17.02,1.11
1773566828.9562488,-0.2,-1.05,0.2,68.06,112.11,-52.05,1.09
1773566829.072862,-0.04,-0.91,0.24,9.83,171.85,-0.73,0.94
1773566829.1576197,0.07,-0.82,0.08,-12.34,82.46,4.23,0.82
1773566829.2613218,0.0,-0.95,0.16,28.44,-16.75,15.16,0.97
1773566829.37318,0.32,-0.9,0.13,11.31,-191.68,-14.95,0.96
1773566829.4727588,0.12,-1.02,0.45,71.02,-162.73,57.79,1.12
1773566829.5736885,-0.15,-0.95,-0.01,4.55,-164.72,-12.46,0.96
1773566829.674201,-0.3,-0.68,0.02,-37.57,3.79,-63.25,0.74
1773566829.7900786,-0.13,-0.77,0.04,-26.53,128.59,-108.81,0.79
1773566829.8895116,-0.58,-1.57,0.55,-87.42,268.32,-14.17,1.76
1773566829.9903486,0.33,-0.76,0.14,104.53,95.36,62.53,0.84
1773566830.089614,0.21,-0.66,0.32,13.89,-40.35,15.45,0.76
1773566830.2073638,0.47,-1.14,0.33,-35.66,-254.89,-20.92,1.28
1773566830.308012,-0.07,-1.5,0.85,9.69,-117.95,166.23,1.72
1773566830.4064298,-0.15,-0.51,0.01,-20.34,-226.38,20.49,0.53
1773566830.5073402,-0.27,-0.5,0.04,-45.98,-112.26,-47.04,0.57
1773566830.6075013,0.17,-1.32,-0.03,-49.27,194.35,141.86,1.34
1773566830.722254,-0.38,-1.1,0.35,99.47,65.62,-48.18,1.22
1773566830.8239834,0.09,-0.65,0.09,61.18,-29.88,2.29,0.66
1773566830.9226406,0.2,-0.82,0.32,-80.81,-139.42,-0.38,0.9
1773566831.0300117,-0.35,-1.53,1.07,9.63,-174.09,71.42,1.9
1773566831.1231265,-0.14,-0.88,0.44,-11.73,-222.29,42.58,1.0
1773566831.239231,-0.21,-0.67,0.11,-91.71,-121.47,17.85,0.71
1773566831.3421102,-0.08,-0.81,0.19,-65.74,-93.86,-3.59,0.83
1773566831.4309769,0.1,-1.16,0.19,-58.98,-93.16,12.23,1.18
1773566831.5419073,-0.37,-1.13,0.48,17.63,-108.63,-18.92,1.29
1773566831.6427107,0.05,-0.65,0.02,-49.39,-109.31,-12.9,0.65
1773566832.6393626,0.05,-0.85,0.33,20.34,-94.99,7.46,0.92
1773566832.7163048,-0.18,-1.11,0.35,-62.46,-81.83,-7.05,1.18
1773566832.808198,0.03,-0.83,0.31,-6.46,-118.92,30.92,0.88
1773566832.9143224,0.05,-0.9,0.25,-46.78,-101.8,62.81,0.94
1773566833.022623,0.08,-0.89,0.26,-43.04,-143.77,48.92,0.93
1773566833.1308255,0.09,-0.85,0.21,22.84,-224.57,16.03,0.88
1773566833.223287,-0.29,-0.85,0.58,-17.89,-209.91,27.46,1.07
1773566833.323332,-0.27,-0.98,0.23,-55.95,-134.75,73.1,1.05
1773566833.4392576,-0.17,-0.84,0.06,-38.52,-75.76,37.21,0.86
1773566833.54431,-0.13,-1.03,0.14,-14.81,-20.46,30.09,1.04
1773566833.6399384,-0.06,-0.95,0.11,-18.0,-38.44,39.8,0.96
1773566833.74731,-0.1,-1.0,0.16,-37.68,-48.92,7.17,1.01
1773566833.846692,-0.03,-1.07,0.35,-20.86,-108.55,-26.73,1.12
1773566833.9558003,-0.09,-0.88,0.25,-33.66,-123.45,-22.64,0.92
1773566834.063321,-0.09,-0.91,0.06,-45.82,-58.81,13.22,0.91
1773566834.1615725,-0.13,-0.99,0.13,-22.27,-40.98,1.5,1.01
1773566834.260457,-0.05,-0.92,0.04,-66.52,5.05,-10.92,0.92
1773566834.3729317,-0.16,-1.11,-0.04,-34.67,102.72,28.75,1.12
1773566834.472842,-0.1,-0.91,-0.08,9.48,82.59,10.7,0.92
1773566834.5748277,-0.15,-0.97,0.1,8.53,66.35,-18.25,0.99
1773566834.674145,0.05,-0.86,0.0,-7.74,17.28,-11.21,0.86
1773566834.7750845,-0.0,-0.88,0.01,-33.89,-75.83,-15.57,0.88
1773566834.877215,-0.42,-1.34,0.5,-14.96,-9.7,32.35,1.49
1773566834.989429,0.05,-0.85,0.09,-25.27,-109.83,38.35,0.86
1773566835.081556,0.07,-0.83,0.0,8.58,-134.66,-8.15,0.83
1773566835.190134,-0.1,-0.89,-0.01,-10.81,-70.66,-7.42,0.9
1773566835.2890675,-0.2,-0.97,-0.11,-50.23,40.78,-46.15,1.0
1773566835.3904033,-0.44,-1.35,0.15,2.69,160.63,-35.7,1.43
1773566835.5057695,-0.24,-0.96,0.16,41.91,119.11,-26.87,1.0
1773566835.6114502,0.08,-0.69,0.08,37.94,86.7,-16.02,0.7
1773566835.7062578,0.01,-0.96,0.09,-7.4,23.82,-26.9,0.97
1773566835.807469,-0.08,-1.28,0.24,-64.82,109.82,107.88,1.31
1773566835.9227738,0.05,-0.79,0.11,33.5,-44.46,53.92,0.79
1773566836.023776,-0.06,-0.86,-0.05,-6.95,-51.86,-6.84,0.87
1773566836.1273758,-0.13,-0.77,0.04,-9.22,0.72,-29.39,0.79
1773566836.2391157,-0.23,-0.89,0.1,-59.91,85.89,-92.02,0.93
0.0,0.0,0.0,0.0,0.0,0.0,0.0,0.0
1773566838.7857578,0.01,-1.0,0.32,-20.64,12.55,-8.92,1.05
1773566838.818525,0.01,-0.95,0.17,-69.47,11.72,-14.47,0.97
1773566838.988649,-0.13,-1.11,0.17,-9.4,79.54,2.18,1.13
1773566839.0252948,-0.2,-0.83,0.08,-13.15,24.66,-23.27,0.86
1773566839.1885934,-0.12,-0.86,0.01,13.95,59.89,-4.17,0.87
1773566839.2616904,-0.3,-1.08,0.18,15.01,50.76,-21.86,1.13
1773566839.3382285,-0.16,-0.89,0.06,6.23,55.98,-1.24,0.91
1773566839.4414797,-0.18,-1.03,0.04,1.44,31.22,-22.29,1.05
1773566839.5466902,-0.15,-1.05,0.18,-26.44,-18.29,-56.02,1.08
1773566839.6463082,-0.04,-1.1,0.19,-60.05,14.34,-0.4,1.12
1773566839.746835,0.02,-0.83,0.17,11.59,-85.1,-75.01,0.85
1773566839.8390205,0.07,-0.91,0.13,-24.38,-23.28,29.68,0.92
1773566839.9552493,-0.07,-0.88,0.17,13.91,-63.02,-0.02,0.9
1773566840.0552568,0.07,-0.92,-0.07,-11.05,-40.72,13.25,0.93
1773566840.1603446,-0.01,-1.13,0.09,-36.79,-35.07,29.91,1.14
1773566840.257011,-0.03,-1.08,0.04,-30.82,-38.43,-12.76,1.09
1773566840.3560777,-0.02,-0.98,0.02,-61.36,13.66,-7.91,0.98
1773566840.4581027,-0.18,-0.85,0.18,-16.92,25.28,-50.57,0.89
1773566840.563692,-0.03,-0.92,0.03,34.26,51.95,0.66,0.92
1773566840.6718152,0.01,-0.85,0.07,43.05,-3.1,-21.39,0.86
1773566840.7723987,-0.04,-0.96,0.02,-1.02,11.48,9.86,0.96
1773566840.8717752,-0.03,-1.08,0.04,7.82,-19.88,-6.57,1.08
1773566840.9731636,0.04,-1.06,0.18,-5.25,-81.01,-17.66,1.07
1773566841.0892365,0.01,-0.98,0.23,1.37,-84.23,4.18,1.01
1773566841.189352,0.12,-0.81,0.21,9.74,-132.09,19.48,0.85
1773566841.2897606,-0.09,-1.02,0.29,-17.22,-57.62,31.4,1.06
1773566841.3912404,0.02,-0.84,-0.0,-0.87,-96.66,23.86,0.84
1773566841.489936,0.01,-1.0,0.06,-11.39,-41.8,15.17,1.0
1773566841.6057234,-0.1,-1.1,0.12,-44.76,5.13,11.59,1.12
1773566841.7061207,0.03,-0.98,0.08,-5.53,12.2,11.89,0.99
1773566841.9582562,-0.32,-1.07,0.37,0.11,-1.57,-49.47,1.18
1773566841.9582562,0.02,-0.93,0.07,5.13,21.39,-8.0,0.93
1773566842.013117,-0.13,-0.92,0.27,23.04,-17.54,-26.05,0.97
1773566842.1216698,0.04,-0.86,0.03,-2.29,-15.83,20.55,0.86
1773566842.213887,-0.07,-1.04,0.07,-26.96,-28.53,-2.6,1.04
1773566842.3221202,-0.08,-1.05,0.12,-17.37,-47.89,-3.89,1.06
1773566842.4383335,0.03,-1.06,0.13,-9.74,-84.64,9.6,1.07
1773566842.524074,-0.09,-0.93,0.32,3.6,-140.73,-35.3,0.99
1773566842.639333,0.06,-0.91,0.13,-43.69,-92.52,47.21,0.92
1773566842.7387128,-0.09,-0.92,0.29,38.06,-113.76,2.53,0.97
1773566842.8393557,0.02,-0.84,0.03,-0.14,-82.0,33.62,0.84
0.0,0.0,0.0,0.0,0.0,0.0,0.0,0.0
1773566844.1809306,-0.03,-0.91,0.14,-10.4,24.55,-29.48,0.92
1773566844.290827,-0.08,-0.97,0.25,-10.38,25.98,-22.08,1.01
1773566844.3963437,-0.1,-0.96,0.29,-21.33,-11.19,-17.39,1.01
1773566844.5055757,-0.05,-0.8,0.15,-17.22,-21.53,7.21,0.82
1773566844.6079063,-0.08,-0.91,0.12,2.18,2.58,29.46,0.92
1773566844.7063634,-0.05,-1.03,0.12,45.86,-9.77,12.41,1.04
1773566844.812868,0.09,-1.14,0.09,30.17,20.14,19.56,1.15
1773566844.9135945,-0.12,-1.01,0.15,16.52,0.56,-51.85,1.03
1773566845.014066,0.03,-0.85,0.04,-36.41,21.22,-13.37,0.86
1773566845.125782,-0.02,-0.96,0.24,-35.18,92.85,-7.92,0.99
1773566845.2222805,-0.03,-0.89,0.16,-23.79,69.37,-28.46,0.91
1773566845.3218968,0.07,-0.89,0.08,0.53,42.15,14.14,0.9
1773566845.438036,-0.38,-1.12,0.33,18.06,70.78,-5.45,1.23
1773566845.5334566,-0.2,-1.08,-0.0,-11.88,1.79,49.95,1.1
1773566845.6740782,-0.01,-0.8,0.14,56.15,-55.12,-2.76,0.81
1773566845.7436452,-0.13,-0.92,0.17,-49.37,-37.66,16.69,0.95
1773566845.846105,-0.31,-1.01,0.23,-48.56,-62.81,-19.66,1.08
1773566845.937973,-0.18,-0.86,0.12,-48.12,-66.66,18.56,0.89
1773566846.05441,-0.23,-0.95,0.11,-29.68,-22.2,6.78,0.98
1773566846.1546216,-0.12,-1.06,0.12,48.95,-27.53,-24.93,1.08
1773566846.2574978,-0.11,-1.3,0.18,16.18,110.49,24.96,1.32
1773566846.3571076,-0.03,-0.67,0.1,68.96,-50.26,-64.83,0.68
1773566846.4617617,0.05,-0.86,-0.01,-123.79,44.9,8.61,0.87
1773566846.5710766,-0.14,-1.07,0.24,-30.52,32.63,-38.43,1.1
1773566846.6628325,0.09,-0.8,0.02,56.11,-16.35,-21.63,0.81
1773566846.7719836,-0.47,-1.13,0.32,-53.98,58.9,52.5,1.26
1773566846.8886762,-0.32,-1.1,-0.02,45.51,-87.45,8.15,1.14
1773566846.98863,-0.0,-0.72,0.08,47.71,-77.86,-5.15,0.72
1773566847.0917037,-0.26,-1.07,0.24,-66.38,-48.44,6.12,1.12
1773566847.1942418,-0.23,-0.87,0.1,-28.56,-96.61,-19.56,0.9
1773566847.29568,-0.14,-0.87,0.1,-21.97,-73.02,6.73,0.89
1773566847.387883,-0.1,-1.04,0.14,67.51,-45.5,-1.42,1.05
1773566847.488885,-0.08,-1.16,0.27,54.35,34.79,26.08,1.2
1773566847.5922196,-0.08,-0.88,-0.04,-2.89,-16.38,-65.91,0.88
1773566847.7059658,-0.04,-0.87,0.15,-29.79,67.5,17.14,0.88
1773566847.8078144,-0.06,-0.93,0.31,-27.59,87.48,-36.03,0.98
1773566847.9049428,-0.03,-0.9,0.16,38.03,65.63,-31.89,0.92
1773566848.0179374,-0.16,-0.97,0.2,69.07,76.37,-16.44,1.0
1773566848.1221542,-0.25,-1.09,0.15,-61.36,92.99,26.03,1.13
1773566848.2259152,-0.03,-0.83,0.07,122.72,-73.39,-29.25,0.83
1773566848.3263302,-0.08,-0.9,0.2,-43.45,7.34,36.76,0.92
1773566848.426656,-0.27,-1.02,0.28,-32.43,-32.43,-59.44,1.09
0.0,0.0,0.0,0.0,0.0,0.0,0.0,0.0
1773566849.9542017,0.03,-1.03,0.08,15.57,-42.4,3.66,1.03
1773566850.0279906,0.0,-1.01,0.14,-21.01,-37.76,20.96,1.02
1773566850.1232464,0.01,-1.0,0.1,-21.27,-46.72,6.84,1.0
1773566850.2379503,-0.08,-0.95,0.11,-36.87,-4.72,-14.37,0.96
1773566850.3381684,-0.11,-0.87,0.11,-2.35,-3.01,-40.25,0.89
1773566850.438553,-0.12,-0.95,0.14,31.22,-1.83,-1.76,0.97
1773566850.541297,-0.14,-1.04,0.12,27.19,9.68,-34.4,1.06
1773566850.6395247,-0.01,-0.85,0.04,-9.98,24.38,7.04,0.85
1773566850.7450566,-0.09,-1.03,0.1,-16.9,17.8,-17.18,1.04
1773566850.8541274,-0.04,-1.12,0.19,-36.9,-23.08,-26.29,1.13
1773566850.9542766,0.04,-1.07,0.11,-95.13,-32.0,14.95,1.08
1773566851.0459857,0.01,-0.8,0.14,-34.86,-91.41,-33.68,0.81
1773566851.16209,0.21,-0.89,-0.02,-74.43,-31.83,23.88,0.91
1773566851.2658272,-0.06,-1.02,0.17,39.6,-70.52,-11.66,1.03
1773566851.3558574,0.15,-0.89,-0.1,-12.81,-73.44,20.73,0.91
1773566851.4722574,-0.01,-1.05,-0.01,-16.38,-50.14,13.75,1.05
1773566851.571218,-0.03,-1.08,0.05,-55.62,-31.85,-9.68,1.08
1773566851.671135,-0.34,-1.15,0.1,-76.21,142.14,21.19,1.21
1773566851.778473,-0.09,-0.75,-0.14,5.53,17.13,-12.03,0.77
1773566851.873781,-0.17,-1.0,0.08,43.02,98.32,-1.13,1.02
1773566851.9878876,0.06,-0.9,-0.14,60.81,-12.79,-12.28,0.91
1773566852.0901103,-0.07,-1.05,0.04,-21.54,5.28,2.43,1.06
1773566852.1884072,-0.06,-1.09,0.04,-37.45,-61.21,-16.66,1.1
1773566852.322553,-0.02,-1.14,0.03,-8.15,-27.05,29.14,1.14
1773566852.4004571,0.09,-0.69,0.1,24.87,-143.88,-17.27,0.71
1773566852.5043712,-0.07,-1.09,0.0,-34.64,-52.89,64.03,1.09
1773566852.605588,-0.08,-0.89,0.07,14.6,-91.74,4.03,0.9
1773566852.7044585,-0.02,-1.03,-0.09,-27.6,-30.78,-18.7,1.04
1773566852.8163264,-0.08,-1.1,0.0,-42.93,1.16,-4.67,1.1
1773566852.9211469,-0.03,-1.11,-0.11,-32.66,43.14,2.5,1.12
1773566853.021694,-0.12,-0.74,0.07,18.17,-11.8,-45.01,0.75
1773566853.1253564,-0.05,-1.03,-0.08,7.3,65.59,22.82,1.03
1773566853.2210462,-0.01,-0.85,0.09,56.03,-33.51,-30.63,0.85
1773566853.345215,-0.0,-0.93,-0.03,-12.05,-9.08,18.59,0.93
1773566853.440045,-0.07,-1.15,0.04,-29.69,-52.89,-9.34,1.15
1773566853.5373516,-0.02,-1.2,0.1,-18.79,-45.83,35.68,1.2
1773566853.6372335,0.08,-0.67,0.08,63.53,-203.79,-46.79,0.68
1773566853.7410605,0.01,-1.18,0.1,-19.66,-38.76,69.17,1.18
1773566853.8535223,0.02,-0.82,0.12,23.94,-100.84,-16.11,0.83
1773566853.9584472,0.13,-0.95,-0.09,-20.43,-15.01,20.92,0.97
1773566854.0564804,-0.15,-1.19,0.27,-38.08,-16.82,-9.42,1.23
1773566854.157492,-0.2,-1.18,0.16,-16.73,27.18,-29.77,1.21
1773566854.2657526,-0.13,-0.83,0.16,-30.43,-2.53,-31.68,0.86
1773566854.364861,-0.14,-0.97,0.16,-4.63,33.02,-23.08,0.99
1773566854.4731786,-0.09,-0.85,0.17,-26.46,-4.31,2.14,0.87
1773566854.5719037,-0.06,-0.95,-0.01,-79.56,-20.37,29.91,0.96
1773566855.2864163,-0.02,-0.99,0.05,-0.96,-185.82,1.36,0.99
1773566855.398848,-0.13,-0.84,0.15,12.81,-230.37,23.25,0.86
1773566855.4902754,0.03,-0.89,-0.0,57.76,-267.41,21.36,0.89
1773566855.5939758,-0.07,-1.31,0.53,57.77,-219.41,81.89,1.42
1773566855.7065732,-0.06,-0.89,0.22,-36.03,-272.46,4.21,0.92
1773566855.7947276,-0.02,-0.88,0.1,-49.97,-223.22,50.0,0.88
1773566855.9135914,0.04,-0.97,0.22,-44.66,-198.95,80.24,1.0
1773566856.0036106,0.14,-0.92,0.18,-8.5,-241.73,9.57,0.95
1773566856.111214,0.18,-0.93,0.08,17.33,-281.33,22.46,0.95
1773566856.2202706,-0.45,-0.97,0.43,-32.89,-269.77,-46.54,1.15
1773566856.3211565,-0.17,-1.11,-0.17,-4.99,-185.18,53.8,1.14
1773566856.4202187,-0.18,-0.8,0.22,53.16,-175.39,63.5,0.85
1773566856.5246007,-0.07,-0.93,-0.09,-50.14,-93.15,63.42,0.94
1773566856.6379502,-0.14,-1.12,0.09,36.82,-47.86,35.16,1.13
1773566856.7282724,-0.05,-0.98,0.08,11.88,-62.14,6.58,0.98
1773566856.82677,-0.0,-1.08,0.17,-41.33,-115.65,-8.44,1.09
1773566856.9366963,-0.26,-1.17,0.47,-76.58,-108.29,-17.13,1.29
1773566857.0431566,0.04,-0.59,0.1,-19.98,-159.15,54.63,0.6
1773566857.1556413,-0.16,-1.02,0.2,-21.16,-111.79,48.03,1.05
1773566857.253567,-0.13,-0.89,0.06,20.72,-112.09,43.05,0.9
1773566857.344664,-0.24,-1.09,0.1,-34.96,-2.4,-10.17,1.12
1773566857.4632685,-0.26,-1.2,0.03,-16.21,136.41,-8.92,1.23
1773566857.5717585,-0.2,-0.65,0.1,16.72,83.1,-70.32,0.69
1773566857.6699495,-0.28,-1.0,0.15,24.38,167.71,-47.53,1.05
1773566857.7734394,0.0,-0.82,-0.01,47.5,150.3,-41.88,0.82
1773566857.8722205,-0.07,-0.95,0.2,41.85,92.9,-29.33,0.97
1773566857.9747117,0.17,-1.17,0.22,-6.9,-18.6,4.46,1.2
1773566858.0735407,-0.11,-0.97,0.49,39.01,-125.83,-43.08,1.09
1773566858.1876843,-0.06,-0.69,0.23,-115.59,-101.82,108.58,0.72
1773566858.2870004,-0.18,-0.97,0.27,-27.05,-121.15,34.59,1.02
1773566858.3865888,-0.05,-0.87,-0.05,-72.4,-104.35,44.2,0.87
1773566858.493404,-0.13,-1.03,-0.03,-2.93,-44.92,-11.88,1.04
1773566858.603381,-0.3,-1.24,0.02,-82.49,118.64,49.95,1.28
1773566858.6950195,-0.36,-0.83,0.08,63.33,7.53,-84.29,0.91
1773566858.8022895,-0.19,-0.82,0.08,33.5,107.04,-22.93,0.85
1773566858.903343,-0.14,-0.81,0.04,10.72,82.24,-51.28,0.83
1773566859.0115097,-0.16,-1.03,0.12,5.53,79.6,-42.55,1.05
1773566859.1042762,0.03,-1.08,0.04,-28.37,33.11,-11.07,1.09
1773566859.2197225,-0.05,-0.82,0.2,41.51,-5.73,-65.92,0.85
1773566859.323825,-0.03,-1.01,0.21,-18.76,130.95,15.69,1.03
1773566859.4207869,-0.05,-0.86,0.14,70.18,80.5,-45.54,0.87
0.0,0.0,0.0,0.0,0.0,0.0,0.0,0.0
1773566867.4679725,-0.38,-0.82,0.27,41.04,47.07,-95.96,0.94
1773566867.568831,-0.37,-0.81,0.33,58.12,67.28,-94.83,0.95
1773566867.676639,-0.32,-0.8,0.41,30.03,32.47,-89.92,0.96
1773566867.7747414,-0.38,-0.85,0.57,27.94,51.16,-91.85,1.09
1773566867.8799765,-0.12,-0.73,0.52,-19.19,96.7,-75.37,0.91
1773566867.9746192,-0.31,-0.79,0.7,79.14,97.82,-121.86,1.11
1773566868.0859883,0.03,-0.61,0.48,76.89,49.22,-78.92,0.78
1773566868.1846757,-0.11,-0.8,0.65,25.37,97.34,-64.87,1.04
1773566868.2909007,-0.06,-0.79,0.51,25.18,50.99,-53.25,0.94
1773566868.3978524,0.01,-0.79,0.54,-6.99,33.6,-8.47,0.95
1773566868.4994445,-0.02,-0.85,0.5,-37.94,16.21,9.71,0.98
1773566868.5909038,-0.19,-0.86,0.57,-67.68,35.94,1.46,1.05
1773566868.702345,-0.4,-0.94,0.57,-60.15,121.77,43.79,1.17
1773566868.8047962,-0.24,-0.61,0.25,-7.42,-75.08,-17.28,0.7
1773566868.9111395,-0.29,-0.77,0.53,26.72,-9.66,35.88,0.98
1773566869.0029123,-0.19,-0.65,0.31,5.01,-101.47,21.01,0.74
1773566869.1158466,-0.36,-0.86,0.36,12.7,-69.24,41.1,1.0
1773566869.2207844,-0.27,-0.99,0.35,-65.48,-93.95,-13.42,1.08
1773566869.320845,-0.1,-0.9,0.44,-19.01,-145.08,-19.33,1.0
1773566869.4210458,-0.32,-0.97,0.93,-18.73,-105.48,4.18,1.39
1773566869.525571,0.07,-0.55,0.35,-58.93,-105.36,70.56,0.66
1773566869.6354468,-0.06,-0.71,0.39,-21.57,-111.5,65.08,0.81
1773566869.735826,-0.03,-0.87,0.35,-55.83,-94.79,68.0,0.94
1773566869.835641,-0.13,-0.96,0.24,-88.11,-42.84,54.69,1.0
1773566869.9536078,-0.28,-0.93,0.26,-61.51,-44.17,-3.83,1.0
1773566870.0521548,-0.44,-1.11,0.25,-24.38,98.9,-11.53,1.22
1773566870.154046,-0.27,-0.58,0.16,107.51,-52.67,-79.76,0.66
1773566870.2521908,-0.2,-0.76,0.4,138.32,94.67,-28.83,0.88
1773566870.3538644,-0.16,-0.76,0.36,34.75,20.66,-40.78,0.86
1773566870.4557,-0.17,-0.83,0.41,-6.81,28.37,-3.39,0.94
1773566870.5719354,-0.18,-0.97,0.4,-44.5,-21.92,-42.78,1.06
1773566870.669233,-0.02,-1.22,0.51,-46.6,-28.95,9.82,1.32
1773566870.7746618,-0.09,-0.65,0.39,49.1,-172.38,-36.43,0.76
0.0,0.0,0.0,0.0,0.0,0.0,0.0,0.0
1773566872.1188269,-0.37,-0.83,0.31,16.12,26.47,-4.61,0.96
1773566872.2434916,-0.34,-0.92,0.18,34.78,-8.35,-5.8,0.99
1773566872.339443,-0.25,-0.83,0.26,62.52,-7.66,-4.69,0.91
1773566872.4386284,-0.25,-0.86,0.36,77.21,-18.67,-11.36,0.97
1773566872.5396965,-0.23,-0.81,0.37,49.11,-42.0,-2.32,0.92
1773566872.6399455,-0.34,-0.96,0.65,18.55,-35.54,13.19,1.21
1773566872.7522943,-0.33,-0.98,0.65,-56.52,-47.28,-8.12,1.23
1773566872.8519173,-0.24,-0.7,0.58,-37.62,-58.58,-17.73,0.94
1773566872.9531937,0.04,-0.55,0.48,-35.22,-56.52,48.34,0.73
1773566873.0556214,-0.06,-0.75,0.75,85.76,-74.24,68.52,1.06
1773566873.151864,-0.09,-0.59,0.5,-42.2,-100.9,73.54,0.78
1773566873.252946,-0.24,-0.89,0.52,-51.66,-26.17,56.09,1.06
1773566873.3686924,-0.38,-0.92,0.52,-123.22,18.82,-46.92,1.12
1773566873.471717,-0.57,-0.91,0.55,-38.98,128.58,-16.7,1.2
1773566873.569792,-0.17,-0.5,0.14,20.72,-32.95,-60.83,0.54
1773566873.6684604,-0.33,-0.71,0.44,84.58,127.4,-57.28,0.9
1773566873.769928,-0.3,-0.74,0.43,106.23,16.5,-27.99,0.91
1773566873.885918,-0.3,-0.81,0.52,4.41,30.61,-13.6,1.01
1773566873.985486,-0.27,-0.88,0.46,16.24,17.68,-20.78,1.03
1773566874.0855126,-0.37,-0.9,0.62,-37.86,31.77,-30.63,1.15
1773566874.2017367,-0.47,-0.9,0.56,-117.82,93.39,-33.54,1.16
1773566874.2869368,-0.03,-0.57,0.24,64.9,26.55,-55.39,0.62
1773566874.387063,-0.28,-0.84,0.61,50.12,76.59,-1.44,1.08
1773566874.5019782,-0.15,-0.74,0.34,11.85,8.32,-26.49,0.83
1773566874.6050415,-0.21,-0.84,0.35,50.38,40.12,-34.96,0.94
1773566874.715942,-0.25,-0.88,0.52,-27.5,63.21,-31.96,1.05
1773566874.802723,-0.18,-0.9,0.35,8.73,60.59,-37.54,0.98
1773566874.9036756,-0.61,-0.79,0.71,39.73,8.32,-73.96,1.23
1773566875.02047,-0.14,-0.63,0.23,8.6,33.94,-17.45,0.69
1773566875.118369,-0.54,-0.75,0.64,56.79,13.42,-58.15,1.12
1773566875.2188244,-0.2,-0.69,0.29,53.45,14.85,-6.63,0.77
1773566875.3188877,-0.35,-0.9,0.5,0.82,-9.1,-25.25,1.09
1773566875.4218178,-0.29,-0.9,0.59,-49.74,-27.86,-33.62,1.11
1773566875.5349865,-0.36,-1.01,0.51,-99.21,-0.67,-20.43,1.18
1773566875.6358116,-0.19,-0.56,0.44,9.08,-61.59,-95.63,0.74
1773566875.7401748,-0.12,-0.64,0.35,-62.47,41.25,-24.29,0.74
1773566875.8348024,-0.37,-0.82,0.74,44.63,58.88,-20.37,1.17
1773566875.9524124,-0.07,-0.7,0.3,12.79,39.66,-1.53,0.77
1773566876.051531,-0.14,-0.88,0.53,44.47,56.47,-32.76,1.04
1773566876.1557996,-0.27,-0.95,0.56,-101.4,109.3,-42.66,1.13
0.0,0.0,0.0,0.0,0.0,0.0,0.0,0.0
1773566877.3180816,-0.44,-0.82,0.23,74.98,107.82,-20.11,0.96
1773566877.4029942,-0.56,-0.81,0.2,33.39,131.08,-29.44,1.01
1773566877.51895,-0.58,-0.89,0.19,52.93,124.95,-68.29,1.08
1773566877.619448,-0.45,-0.78,0.25,129.33,97.14,-116.41,0.93
1773566877.7215035,-0.42,-0.76,0.26,77.18,107.8,-103.79,0.91
1773566877.826322,-0.51,-0.84,0.28,27.28,110.72,-103.59,1.02
1773566877.9182732,-0.48,-0.97,0.48,32.46,179.5,-94.03,1.18
1773566878.0189762,-0.08,-0.68,0.49,42.56,111.24,-90.43,0.84
1773566878.1223395,-0.24,-0.89,0.67,57.36,157.54,-73.99,1.14
1773566878.2376845,0.0,-0.6,0.35,80.63,16.76,-67.96,0.69
1773566878.3360868,0.03,-0.82,0.46,55.13,13.62,4.23,0.94
1773566878.435459,-0.08,-0.87,0.53,24.26,-43.04,-12.43,1.02
1773566878.5437858,-0.01,-0.86,0.38,4.53,-65.24,17.71,0.94
1773566878.6379452,-0.23,-0.89,0.56,-79.33,-21.66,25.53,1.08
1773566878.740579,-0.29,-1.0,0.41,-139.51,62.72,20.87,1.12
1773566878.8552082,-0.46,-0.82,0.26,-52.53,2.81,-102.5,0.97
1773566878.9525993,-0.09,-0.8,0.19,73.31,81.77,-23.25,0.82
1773566879.0520809,-0.2,-0.77,0.42,69.22,5.01,-86.26,0.9
1773566879.1698356,-0.08,-0.83,0.25,33.3,39.02,-1.71,0.87
1773566879.2701168,-0.16,-0.97,0.4,-3.71,-34.32,18.4,1.06
1773566879.3704476,-0.1,-0.91,0.49,-26.79,-100.82,23.71,1.04
1773566879.4769547,-0.31,-0.94,0.6,-79.1,-61.44,67.11,1.16
1773566879.571081,0.07,-0.6,0.3,-31.36,-160.69,67.69,0.67
1773566879.6843822,-0.32,-0.94,0.5,-85.88,-73.25,47.95,1.11
1773566879.7878523,-0.06,-0.74,0.18,-44.81,-130.31,26.58,0.76
1773566879.8877983,-0.12,-1.01,0.23,-31.02,-50.79,24.49,1.04
1773566879.9849198,-0.31,-1.04,0.22,-58.79,-34.79,-14.86,1.11
1773566880.0902138,-0.36,-1.07,0.14,-33.69,119.68,-16.18,1.14
1773566880.1930203,-0.1,-0.64,0.22,55.88,-9.83,-64.15,0.68
1773566880.301329,-0.19,-0.94,0.35,27.47,86.0,-30.06,1.02
1773566880.401613,-0.04,-0.83,0.26,35.85,3.54,-41.77,0.87
1773566880.5023956,-0.06,-0.88,0.32,-13.59,-12.35,26.96,0.94
1773566880.60451,-0.07,-0.96,0.34,-40.49,-101.08,24.17,1.02
1773566880.702864,-0.02,-1.11,0.32,-44.17,-117.6,47.46,1.15
1773566880.8191524,-0.09,-0.68,0.43,33.45,-243.01,-1.37,0.81
1773566880.92057,-0.04,-0.82,0.28,-58.75,-106.73,88.09,0.87
1773566881.0180588,-0.13,-0.81,0.35,12.21,-140.24,40.09,0.89
1773566881.1197176,-0.01,-0.96,0.11,-55.71,-82.21,48.61,0.97
1773566881.227255,-0.23,-1.05,0.34,-62.53,-7.24,27.89,1.13
1773566881.3344638,-0.12,-1.12,0.1,-35.45,16.17,25.5,1.13
1773566881.4416337,-0.08,-0.73,0.19,65.08,-93.3,-36.11,0.76
1773566881.5354514,-0.13,-0.98,0.43,59.98,12.69,29.11,1.08
1773566881.6510468,-0.08,-0.78,0.32,38.9,-99.1,-7.45,0.85
1773566881.7513194,-0.13,-0.89,0.28,-50.29,-65.66,44.66,0.94
1773566881.8541875,-0.21,-1.05,0.31,-82.27,-92.31,-21.8,1.12
0.0,0.0,0.0,0.0,0.0,0.0,0.0,0.0
1773566887.1234472,-0.14,-0.82,0.32,-20.55,-136.69,34.93,0.89
1773566887.127467,-0.04,-0.89,0.27,-19.53,-108.61,71.21,0.93
1773566887.3170474,-0.06,-1.03,0.4,0.18,-45.42,19.39,1.1
1773566887.3335867,-0.0,-0.89,0.23,-42.47,-25.6,5.85,0.92
1773566887.4435012,-0.1,-0.98,0.31,-32.79,-7.97,-9.48,1.03
1773566887.5355597,-0.15,-0.94,0.31,-27.53,-32.98,-50.47,1.0
1773566887.6364806,0.04,-0.88,0.17,-22.82,-46.75,11.95,0.9
1773566887.7369652,-0.07,-0.87,0.3,-17.18,-65.5,18.64,0.93
1773566887.8518484,-0.1,-0.96,0.19,-24.41,-69.74,43.62,0.98
1773566887.952726,-0.12,-0.91,0.2,-11.07,-88.17,33.65,0.94
1773566888.05069,-0.17,-0.85,0.16,-11.27,-91.6,44.58,0.88
1773566888.1521482,-0.2,-0.88,0.23,-5.44,-114.76,41.88,0.93
1773566888.268165,-0.21,-0.87,0.23,-25.94,-103.91,67.1,0.92
1773566888.372982,-0.21,-0.77,0.2,-18.63,-118.03,51.31,0.82
1773566888.4705808,-0.27,-0.67,0.22,-43.69,-79.77,40.01,0.75
1773566888.569334,-0.35,-0.86,0.29,-51.79,-49.07,10.23,0.97
1773566888.6683362,-0.3,-0.89,0.25,-29.65,-50.96,-30.44,0.98
1773566888.783584,-0.31,-0.87,0.26,-33.83,-57.41,-25.41,0.96
1773566888.8840828,-0.43,-1.04,0.29,-22.93,-25.74,-52.05,1.16
1773566888.9862957,-0.21,-1.44,0.54,84.78,74.79,45.79,1.55
1773566889.0909142,-0.03,-1.11,0.07,-117.11,-29.05,4.06,1.12
1773566889.1841764,-0.05,-0.92,-0.07,-8.37,48.59,-77.37,0.92
1773566889.3001962,-0.05,-0.93,0.16,8.6,85.94,-106.78,0.95
1773566889.4007487,0.08,-0.83,0.23,33.08,-2.53,-39.85,0.87
1773566889.5006652,0.12,-0.93,0.15,18.11,-24.95,53.07,0.95
1773566889.6083224,-0.1,-1.0,0.23,-12.69,-29.07,23.1,1.03
1773566889.7085795,-0.06,-1.02,0.21,14.55,-37.24,15.08,1.04
1773566889.8168318,-0.1,-0.94,0.21,7.01,-29.22,-14.73,0.97
1773566889.9100535,-0.1,-0.94,0.24,-13.54,-13.04,-9.45,0.98
1773566890.0185826,-0.11,-0.9,0.21,-56.12,-22.78,-12.28,0.93
0.0,0.0,0.0,0.0,0.0,0.0,0.0,0.0
1773566892.6498666,-0.03,-0.99,0.12,-40.79,-28.41,-12.03,0.99
1773566892.7202425,-0.04,-1.0,0.1,-4.53,-40.79,4.38,1.0
1773566892.8184042,-0.03,-0.95,0.11,-11.89,-37.68,3.11,0.96
1773566892.9205184,-0.03,-0.97,0.1,0.58,-28.2,-5.62,0.97
1773566893.0189817,-0.01,-0.97,0.11,6.7,-28.82,-3.88,0.98
1773566893.122717,-0.01,-0.97,0.13,1.11,-36.84,-1.28,0.98
1773566893.2240226,0.01,-0.98,0.1,-2.72,-40.58,-2.93,0.98
1773566893.333132,-0.08,-0.98,0.15,5.27,-23.41,7.89,0.99
1773566893.4378707,-0.03,-0.95,0.15,0.84,-46.2,3.75,0.97
1773566893.5359235,-0.02,-0.9,0.15,-6.95,-54.69,-6.46,0.92
1773566893.63372,-0.05,-1.04,0.11,-7.69,-27.39,21.14,1.05
1773566893.73458,-0.02,-0.9,0.1,1.02,-57.05,15.13,0.9
1773566893.850776,-0.05,-1.03,0.13,2.43,-31.79,9.25,1.04
1773566893.958262,-0.03,-0.93,0.13,-13.98,-53.19,6.2,0.94
1773566894.0523422,-0.08,-1.0,0.13,-2.17,-45.66,9.6,1.02
1773566894.152031,-0.02,-0.91,0.14,-0.34,-62.82,12.59,0.92
1773566894.265867,-0.05,-0.89,0.17,0.35,-57.99,5.05,0.91
1773566894.3667622,-0.08,-0.77,0.24,-19.65,-56.72,12.14,0.81
1773566894.471447,-0.08,-0.87,0.26,4.9,-42.84,34.27,0.91
1773566894.56979,-0.07,-0.84,0.08,-23.63,-86.82,34.98,0.84
1773566894.6786015,-0.25,-0.9,0.25,-10.49,-76.87,55.62,0.97
1773566894.78372,-0.2,-0.82,0.14,-37.13,-76.44,25.36,0.85
1773566894.884272,-0.5,-1.05,0.41,15.59,-4.03,-18.61,1.23
1773566894.9841018,-0.22,-0.98,0.21,51.59,-75.65,-19.25,1.02
1773566895.084902,0.01,-1.57,0.32,56.11,53.79,-2.18,1.6
1773566895.1856534,0.19,-0.81,0.16,45.45,-1.63,-62.14,0.85
1773566895.3001585,0.07,-0.97,0.1,-47.91,41.6,-79.51,0.97
1773566895.4013472,0.16,-0.97,0.26,31.63,21.68,-67.15,1.01
1773566895.500878,0.08,-0.86,0.39,-40.89,17.88,-24.66,0.95
1773566895.6008828,0.19,-0.85,0.21,-6.27,-16.2,18.29,0.9
1773566895.7008555,0.04,-0.98,0.39,-45.31,-34.18,22.23,1.06
0.0,0.0,0.0,0.0,0.0,0.0,0.0,0.0
1773566898.9992542,0.0,-0.98,0.12,1.42,-10.58,-15.73,0.99
1773566899.07725,-0.01,-1.0,0.12,1.04,-11.48,-10.17,1.01
1773566899.1671052,0.06,-0.95,0.16,9.86,-7.76,10.58,0.97
1773566899.2696524,0.03,-0.96,0.16,3.65,-20.98,18.24,0.98
1773566899.3819566,-0.0,-0.95,0.14,11.02,-25.33,17.74,0.96
1773566899.468526,0.11,-0.92,0.11,43.33,-18.02,30.73,0.93
1773566899.587737,0.03,-0.97,0.18,8.58,-15.16,35.27,0.99
1773566899.682947,-0.05,-0.96,0.14,18.17,11.74,16.66,0.97
1773566899.7851193,-0.12,-0.88,0.19,34.92,54.76,46.46,0.91
1773566899.899151,-0.16,-0.98,0.27,68.58,72.41,42.26,1.03
1773566900.000685,-0.45,-1.18,0.68,77.79,72.21,-22.0,1.43
1773566900.1006887,-0.54,-0.89,0.49,-51.05,2.78,2.82,1.15
1773566900.2002366,-0.52,-1.12,0.4,-35.1,-8.73,-53.25,1.3
1773566900.300938,-0.28,-0.98,0.35,21.73,19.51,-58.67,1.08
1773566900.4005387,-0.14,-0.95,0.38,-8.73,-2.99,-78.99,1.03
1773566900.5158708,-0.1,-0.7,0.25,-77.27,-61.99,-91.89,0.75
1773566900.617026,-0.03,-0.42,0.07,-82.21,-15.48,-29.66,0.43
1773566900.7204318,-0.06,-0.73,0.13,-55.27,-52.99,-19.15,0.74
1773566900.8175137,-0.14,-1.12,-0.06,-15.22,-13.01,92.61,1.13
1773566900.9350207,0.02,-0.93,0.09,26.81,-24.46,-12.96,0.93
1773566901.0327532,-0.17,-1.14,0.07,5.6,11.88,-10.2,1.16
1773566901.1336367,-0.05,-0.82,0.19,43.91,-0.26,-19.12,0.85
1773566901.23345,-0.04,-0.85,0.23,25.07,22.49,0.66,0.88
1773566901.3321986,0.0,-0.96,0.42,32.84,17.77,15.16,1.05
1773566901.448847,-0.02,-0.95,0.37,4.12,23.37,-5.65,1.02
1773566901.552436,0.03,-0.92,0.3,-19.08,29.79,-1.6,0.96
1773566901.652962,0.02,-0.95,0.33,-53.24,77.86,-14.64,1.01
1773566901.7700355,-0.15,-0.88,0.3,-7.57,33.31,-42.5,0.94
0.0,0.0,0.0,0.0,0.0,0.0,0.0,0.0
1773566905.293243,0.02,-0.97,0.09,40.26,-17.56,-1.1,0.97
1773566905.3900075,0.07,-0.95,0.05,7.54,-23.41,6.85,0.95
1773566905.5009556,0.02,-0.98,0.01,-1.85,18.9,8.59,0.98
1773566905.5993278,-0.03,-0.97,0.12,33.94,17.36,4.98,0.98
1773566905.6994977,-0.05,-0.9,0.18,30.11,-13.86,19.95,0.92
1773566905.8031018,-0.08,-0.88,0.16,16.12,-8.47,49.72,0.9
1773566905.9153209,-0.13,-0.93,0.14,47.74,19.18,45.79,0.95
1773566906.0172892,-0.14,-0.91,0.25,66.99,6.06,44.46,0.95
1773566906.1168714,-0.19,-0.97,0.31,39.13,11.98,46.72,1.03
1773566906.2169175,-0.4,-1.16,0.55,38.11,19.95,35.6,1.35
1773566906.316809,-0.5,-0.93,0.4,-5.92,-51.12,-45.22,1.13
1773566906.4178889,-0.58,-1.11,0.56,28.53,-2.05,-4.26,1.37
1773566906.5332136,-0.39,-1.02,0.43,-11.94,-12.29,-64.86,1.17
1773566906.6323452,-0.27,-0.93,0.45,-17.59,11.69,-72.12,1.06
1773566906.7331514,-0.14,-0.62,0.27,-18.49,3.54,-59.59,0.69
1773566906.8356724,-0.02,-0.32,0.1,-10.89,-42.26,-47.42,0.34
1773566906.9485312,0.01,-0.75,0.27,-112.24,15.82,-23.04,0.8
1773566907.0498736,-0.17,-1.04,0.17,-53.34,-8.95,-23.47,1.07
1773566907.1504047,0.05,-0.85,0.15,13.6,-27.18,44.67,0.87
1773566907.2496457,-0.07,-1.04,0.2,-18.06,8.32,-22.09,1.06
1773566907.3490176,-0.06,-0.91,0.15,-5.86,-5.68,-27.66,0.92
1773566907.452736,0.0,-0.93,0.18,-21.5,7.69,-4.32,0.95
1773566907.5637136,-0.02,-0.97,0.22,-7.69,-11.48,-11.21,0.99
0.0,0.0,0.0,0.0,0.0,0.0,0.0,0.0
1773566908.675456,-0.0,-0.96,0.17,-7.13,-6.72,-12.7,0.97
1773566908.775844,0.0,-0.95,0.16,-14.37,-10.69,-1.3,0.97
1773566908.8815532,-0.01,-0.96,0.14,-20.17,-23.88,6.35,0.97
1773566908.9841802,-0.05,-0.96,0.1,-5.53,-16.53,14.08,0.97
1773566909.0908277,-0.02,-0.94,0.12,-3.44,-27.05,15.92,0.95
1773566909.2018898,-0.03,-0.9,0.12,-9.02,-32.41,21.8,0.91
1773566909.2940636,-0.1,-0.86,0.16,-1.98,-26.35,37.45,0.88
1773566909.3957963,-0.04,-0.9,0.19,9.28,-28.69,33.74,0.92
1773566909.5020928,-0.19,-0.9,0.15,-7.08,-37.63,20.43,0.94
1773566909.599899,-0.08,-0.82,0.14,0.47,-53.8,47.95,0.83
1773566909.6897552,-0.18,-0.79,0.22,22.24,-36.47,7.1,0.84
1773566909.7998495,-0.18,-0.69,0.27,34.03,-15.62,10.21,0.77
1773566909.913211,-0.33,-0.98,0.33,-38.12,-4.84,49.42,1.09
1773566910.0131288,-0.46,-1.0,0.36,-49.08,-1.77,-31.16,1.16
1773566910.1147556,-0.37,-1.02,0.32,-45.01,19.45,-77.45,1.13
1773566910.2147615,0.09,-1.56,0.09,-10.63,15.31,17.45,1.57
1773566910.3159478,-0.03,-0.99,0.17,-15.56,-83.39,-51.53,1.0
1773566910.417619,0.07,-0.97,-0.27,-76.44,-70.17,-98.7,1.01
1773566910.5179543,0.01,-1.04,0.08,-1.69,25.18,-80.76,1.04
1773566910.632381,0.15,-0.78,0.09,-42.76,-12.24,-74.84,0.8
1773566910.7396092,0.12,-0.91,-0.05,-42.99,3.85,24.14,0.92
1773566910.8341887,0.16,-1.05,-0.03,8.85,10.55,3.6,1.06
1773566910.93221,0.16,-0.96,0.08,12.27,8.59,-26.06,0.97
1773566911.0519094,0.18,-0.93,0.09,-23.34,-22.18,-2.98,0.95
1773566911.1489103,0.09,-0.99,-0.01,-18.96,-25.5,2.34,1.0
1773566911.2486172,0.09,-0.97,0.02,3.36,-10.18,1.19,0.97
1773566911.3492713,0.09,-0.95,0.01,-18.03,-20.69,-5.56,0.96
0.0,0.0,0.0,0.0,0.0,0.0,0.0,0.0
1773566913.0176263,0.09,-1.06,0.06,18.11,2.95,6.88,1.07
1773566913.093382,0.16,-0.9,0.05,14.7,-15.28,-14.7,0.91
1773566913.1917598,0.03,-0.94,0.06,5.47,-5.13,15.21,0.94
1773566913.2927513,0.08,-0.96,0.09,29.86,0.03,30.95,0.97
1773566913.3982303,0.06,-0.93,0.12,16.15,-8.58,27.25,0.94
1773566913.499275,0.06,-0.95,0.1,27.89,-9.13,35.51,0.96
1773566913.5988696,-0.03,-0.94,0.19,37.25,-5.22,41.95,0.96
1773566913.7020836,-0.07,-0.97,0.21,35.25,3.95,55.25,0.99
1773566913.8060608,-0.18,-1.06,0.35,8.76,28.24,58.55,1.13
1773566913.9154289,-0.41,-1.09,0.5,21.22,40.27,31.68,1.27
1773566914.0192893,-0.36,-0.88,0.27,7.69,-25.12,-1.05,0.98
1773566914.1181965,-0.46,-1.06,0.37,31.97,0.29,11.59,1.21
1773566914.217965,-0.37,-1.04,0.45,-1.89,-25.94,-15.47,1.2
1773566914.3287356,-0.31,-0.96,0.38,-27.25,-23.25,-45.31,1.08
1773566914.430977,-0.27,-0.92,0.31,-30.15,-18.86,-46.89,1.0
1773566914.5322678,-0.16,-0.77,0.23,-45.42,-7.77,-62.49,0.81
1773566914.6332958,-0.11,-0.6,0.18,-28.9,-30.86,-93.28,0.63
1773566914.744417,0.0,-0.7,0.15,-22.93,-18.41,-90.0,0.71
1773566914.8417797,-0.06,-0.98,0.23,-39.6,11.08,-35.28,1.01
1773566914.9393678,0.06,-0.98,0.16,-41.34,-5.57,-33.99,1.0
1773566915.0398529,0.12,-0.88,0.12,-49.94,1.48,-55.63,0.89
1773566915.1490986,0.09,-0.93,0.12,-29.24,21.68,-15.73,0.94
1773566915.2483468,0.13,-0.93,0.1,-3.56,-9.57,9.65,0.94
1773566915.365105,0.13,-1.0,0.07,-12.02,5.04,14.01,1.01
1773566915.468217,0.08,-0.97,0.09,-20.49,-11.31,-3.31,0.98
1773566915.5646665,0.11,-0.97,0.04,-30.79,-17.02,-2.96,0.97
1773566915.6694522,0.09,-0.97,0.01,-60.49,-10.03,-0.99,0.98
0.0,0.0,0.0,0.0,0.0,0.0,0.0,0.0
1773566916.8640664,0.1,-0.96,0.03,2.35,-16.6,-3.02,0.96
1773566916.954841,0.08,-0.96,0.03,-6.86,-27.05,12.5,0.97
1773566917.0561771,0.02,-1.0,0.02,-3.89,-18.5,9.02,1.0
1773566917.1644723,0.04,-0.98,0.0,-5.66,-19.77,11.66,0.98
1773566917.2664938,0.01,-0.98,0.03,-5.83,-16.03,4.46,0.98
1773566917.366898,0.02,-0.95,0.03,-1.3,-24.4,6.52,0.95
1773566917.4726603,0.04,-0.86,0.02,11.5,-29.47,3.13,0.86
1773566917.5819085,0.04,-0.8,0.03,16.31,-60.6,-5.65,0.8
1773566917.685514,-0.04,-0.97,0.15,-25.91,4.92,13.27,0.99
1773566917.783089,0.01,-0.98,0.11,12.11,-18.52,17.42,0.99
1773566917.8847537,-0.06,-0.91,0.1,9.91,-38.75,-2.05,0.92
1773566917.9986053,-0.07,-0.86,0.07,-0.26,-52.9,-14.5,0.87
1773566918.1035,-0.01,-0.77,0.11,-12.29,-36.08,-8.76,0.78
1773566918.2041664,-0.18,-0.94,0.26,-38.31,-29.27,-11.37,1.0
1773566918.304485,0.44,-1.45,0.03,9.69,-136.0,27.59,1.51
1773566918.4051251,-0.07,-1.31,0.42,149.73,-51.15,-9.05,1.38
1773566918.5146103,0.28,-0.97,-0.29,-194.41,-79.01,-5.44,1.05
1773566918.605863,0.1,-1.13,-0.2,-177.59,81.57,-118.67,1.15
1773566918.7141953,0.16,-0.8,-0.01,8.95,29.8,-48.12,0.82
1773566918.8143222,0.26,-0.88,-0.11,1.04,-7.18,-7.99,0.93
1773566918.9162276,0.22,-0.97,-0.09,-8.08,9.72,-3.85,1.0
1773566919.0386236,0.25,-0.94,-0.03,6.67,-0.35,-15.97,0.97
1773566919.1321518,0.26,-0.96,0.01,0.2,-4.72,4.81,1.0
1773566919.2310908,0.21,-0.96,-0.02,-6.67,-15.5,6.82,0.99
1773566919.339342,0.18,-0.96,-0.04,4.96,-14.57,15.21,0.98
1773566919.4388516,0.18,-0.96,-0.05,-10.7,-17.24,3.89,0.98
1773566920.42886,0.11,-0.97,0.01,16.47,-11.77,27.89,0.98
1773566920.5337763,0.04,-1.01,0.09,19.54,-13.94,22.38,1.02
1773566920.6470375,0.06,-0.97,0.09,-5.85,-21.22,5.31,0.98
1773566920.7470715,0.0,-0.98,0.08,-2.86,-19.21,6.0,0.98
1773566920.8474777,0.02,-0.97,0.06,8.53,-10.46,6.04,0.97
1773566920.94795,0.07,-0.95,0.05,18.87,-5.97,16.04,0.96
1773566921.0505054,0.06,-0.97,0.1,29.83,3.79,22.5,0.97
1773566921.1522195,0.07,-0.94,0.12,24.0,19.43,35.56,0.95
1773566921.2497036,-0.03,-0.95,0.15,37.37,22.26,40.18,0.96
1773566921.352478,-0.06,-0.97,0.27,27.4,30.66,46.14,1.01
1773566921.467977,-0.28,-1.2,0.35,18.2,46.23,45.21,1.29
1773566921.563615,-0.52,-1.04,0.34,-20.67,9.24,15.56,1.22
1773566921.671675,-0.42,-1.11,0.25,-22.58,-8.63,-4.98,1.22
1773566921.780291,-0.32,-1.06,0.24,19.66,-0.9,-33.41,1.13
1773566921.8819067,-0.2,-0.97,0.27,-4.58,-9.65,-71.47,1.02
1773566921.9833455,-0.17,-0.81,0.21,-24.93,-18.66,-82.98,0.86
1773566922.083219,-0.09,-0.59,0.15,-38.53,-23.08,-89.82,0.62
1773566922.191252,0.06,-0.52,0.02,-32.35,-27.5,-95.48,0.52
1773566922.2829883,0.05,-1.03,0.19,-16.53,11.57,-14.05,1.05
1773566922.396917,0.08,-1.01,0.18,-18.79,-50.43,-9.04,1.03
1773566922.4983976,0.15,-0.82,-0.0,-66.76,-23.15,-19.01,0.83
1773566922.5973363,0.05,-0.96,0.07,13.05,-7.01,15.82,0.97
1773566922.6967845,0.11,-0.97,0.07,-29.68,-32.69,29.83,0.98
1773566922.800424,0.03,-0.97,-0.04,-54.55,-22.15,-6.21,0.97
0.0,0.0,0.0,0.0,0.0,0.0,0.0,0.0
1773566923.9800084,0.08,-0.98,0.01,-6.44,-12.6,-4.06,0.98
1773566923.9800084,0.04,-0.98,-0.01,-3.65,-3.31,17.77,0.98
1773566924.0706213,0.05,-0.97,-0.03,-11.31,-8.03,13.05,0.97
1773566924.165129,0.01,-1.03,0.02,-6.78,-9.91,12.95,1.03
1773566924.2647142,0.04,-0.95,-0.02,-6.32,-23.13,7.07,0.95
1773566924.3678603,0.0,-1.01,-0.01,-0.32,-17.31,-2.83,1.01
1773566924.4803112,0.04,-0.99,0.0,4.63,-20.57,-8.78,0.99
1773566924.5824368,0.02,-0.96,0.01,1.34,-19.15,-6.92,0.96
1773566924.6843436,0.03,-0.95,0.0,8.46,-16.5,-0.35,0.95
1773566924.7798626,0.03,-0.86,0.06,17.04,-35.04,-8.58,0.86
1773566924.8970163,0.11,-0.98,0.05,3.08,-11.27,7.62,0.99
1773566924.9981277,-0.02,-0.9,0.04,22.0,-53.27,-15.39,0.91
1773566925.099403,0.08,-0.86,0.07,14.78,-51.12,-3.73,0.86
1773566925.20485,0.1,-0.72,0.07,-46.64,-19.62,-16.29,0.73
1773566925.2999983,-0.05,-0.87,0.09,-20.5,-28.12,37.31,0.88
1773566925.4132347,-0.13,-0.93,0.14,-16.35,-74.05,-4.41,0.95
1773566925.5163555,-0.15,-1.09,0.05,12.0,-43.63,-25.77,1.11
1773566925.613684,0.57,-1.66,-0.11,14.11,-60.0,22.47,1.76
1773566925.713311,0.03,-0.9,0.07,123.66,-143.22,-69.19,0.9
1773566925.8157752,0.44,-0.69,-0.31,-164.52,-45.5,-143.34,0.87
1773566925.929866,0.17,-1.02,-0.09,15.13,95.27,-7.24,1.04
1773566926.03123,0.33,-0.93,0.16,-44.75,-7.12,-7.71,1.0
1773566926.131356,0.18,-0.95,0.09,-11.53,-13.27,50.09,0.97
1773566926.2326274,0.18,-1.01,0.03,-26.89,-18.57,15.19,1.03
1773566926.339514,0.18,-0.99,0.02,-10.67,-3.04,-14.26,1.0
1773566926.4491038,0.21,-0.94,0.01,-19.33,-16.15,-0.4,0.96
1773566926.54924,0.16,-0.96,0.01,-22.4,-31.34,-8.61,0.98
0.0,0.0,0.0,0.0,0.0,0.0,0.0,0.0
1773566927.56305,0.07,-0.98,0.02,-3.94,-20.38,-3.71,0.98
1773566927.635311,0.08,-0.94,0.02,-12.98,-7.74,2.03,0.95
1773566927.730937,0.05,-0.93,-0.01,7.36,-5.28,26.37,0.93
1773566927.8339972,0.03,-0.98,0.01,23.71,0.73,44.85,0.98
1773566927.9378335,-0.02,-0.97,0.05,29.88,-8.4,33.43,0.97
1773566928.0473406,-0.03,-1.02,0.08,36.43,-11.57,32.49,1.02
1773566928.1492224,-0.12,-1.02,0.16,11.57,4.44,30.76,1.04
1773566928.2554326,-0.21,-1.16,0.27,4.43,24.15,33.11,1.21
1773566928.3555918,-0.38,-1.04,0.33,-22.53,-3.7,1.86,1.16
1773566928.456035,-0.22,-0.98,0.12,-23.76,-27.63,1.31,1.01
1773566928.5640705,-0.33,-1.11,0.14,-7.62,-15.89,20.69,1.17
1773566928.6648593,-0.28,-1.03,0.13,-10.09,-13.85,-10.7,1.08
1773566928.7632525,-0.18,-0.94,0.19,9.11,-17.82,-33.27,0.98
1773566928.8628316,-0.11,-0.93,0.16,-10.61,-24.17,-61.25,0.95
1773566928.978951,-0.08,-0.93,0.12,-9.77,-17.31,-36.11,0.94
1773566929.0802207,-0.13,-0.73,0.09,-19.77,-42.63,-34.08,0.75
1773566929.1804967,0.14,-0.53,0.06,-3.28,-105.53,-60.58,0.55
1773566929.2913504,-0.21,-1.25,0.11,-22.29,33.34,37.53,1.27
1773566929.3886223,0.08,-0.84,0.16,33.8,-87.65,33.04,0.86
1773566929.4961443,-0.03,-1.03,0.04,-54.58,-21.24,-0.93,1.04
0.0,0.0,0.0,0.0,0.0,0.0,0.0,0.0
1773566931.1793427,0.03,-1.0,0.02,-16.61,1.3,19.13,1.0
1773566931.2804434,0.02,-0.98,0.07,-1.07,3.3,21.68,0.98
1773566931.3794289,-0.02,-0.99,0.04,-16.26,8.99,33.89,0.99
1773566931.4811888,-0.1,-1.02,0.07,-31.77,4.61,22.85,1.03
1773566931.5801327,-0.1,-0.98,0.0,-35.47,-3.95,12.32,0.98
1773566931.6838346,-0.12,-0.95,-0.03,-19.57,10.06,15.25,0.96
1773566931.797058,-0.09,-0.95,-0.01,-0.27,4.7,7.89,0.96
1773566931.896897,-0.06,-0.92,-0.01,-5.28,8.53,28.64,0.92
1773566931.9976175,-0.17,-1.02,-0.02,-3.44,-8.55,34.09,1.04
1773566932.0958607,-0.09,-0.95,-0.01,14.44,-35.83,22.85,0.96
1773566932.2000809,-0.18,-0.99,0.04,9.1,-35.25,25.56,1.01
1773566932.2991283,-0.17,-0.9,0.02,-1.31,-51.57,18.67,0.91
1773566932.412804,-0.21,-0.85,0.04,21.83,-29.31,-9.59,0.88
1773566932.516316,-0.27,-0.89,0.08,22.18,24.53,0.32,0.93
1773566932.6146054,-0.25,-0.9,-0.04,-12.44,33.18,8.08,0.94
1773566932.7291582,-0.24,-0.92,0.09,17.74,30.06,-15.45,0.95
1773566932.8330498,-0.22,-0.88,0.14,-11.71,-7.63,-21.22,0.92
1773566932.92134,-0.23,-0.85,0.11,-46.44,-43.08,-34.67,0.89
1773566933.0323477,-0.3,-0.89,0.13,-65.37,-36.69,-48.75,0.95
1773566933.1306703,-0.28,-1.05,0.05,-17.5,-30.7,-57.74,1.09
1773566933.234936,0.22,-1.5,-0.15,-41.76,-69.82,-37.68,1.53
1773566933.3463726,-0.31,-0.98,0.04,25.3,8.66,-11.41,1.03
1773566933.4472797,0.21,-0.72,-0.12,-62.81,40.99,-82.83,0.76
1773566933.6032798,0.08,-1.0,-0.11,3.22,88.53,-19.15,1.01
1773566933.6604304,0.17,-1.02,0.11,2.78,-3.02,-16.96,1.04
1773566933.748557,0.13,-0.92,-0.07,-9.36,-19.19,-13.85,0.93
1773566933.8628657,0.12,-1.03,-0.04,1.94,-18.98,5.51,1.03
0.0,0.0,0.0,0.0,0.0,0.0,0.0,0.0
1773566934.970923,0.02,-1.03,-0.1,-24.53,-9.74,-20.02,1.03
1773566935.081721,0.07,-0.95,-0.1,-17.44,-0.99,-16.89,0.96
1773566935.1794186,0.07,-0.95,-0.07,-14.03,-6.08,-15.91,0.96
1773566935.2876852,0.13,-0.94,-0.13,13.13,-2.29,5.95,0.96
1773566935.3882284,0.15,-0.95,-0.06,30.67,-6.29,10.79,0.97
1773566935.4955623,0.1,-0.99,-0.01,30.99,-13.15,29.63,0.99
1773566935.5965452,0.05,-0.97,0.04,13.04,-8.37,38.82,0.97
1773566935.6966677,0.06,-0.95,-0.0,8.02,-17.57,52.59,0.96
1773566935.7995286,-0.0,-0.92,-0.01,20.76,-7.18,48.58,0.92
1773566935.900367,-0.08,-0.98,0.03,46.93,2.78,40.87,0.99
1773566936.0135622,-0.25,-1.16,0.19,20.05,49.1,109.28,1.2
1773566936.1128645,-0.57,-1.02,0.39,42.61,53.42,70.76,1.23
1773566936.2129414,-0.59,-1.0,0.18,29.08,27.65,27.46,1.17
1773566936.3136635,-0.57,-1.03,0.26,18.58,-3.01,9.92,1.2
1773566936.413618,-0.47,-0.97,0.26,30.69,-4.64,-36.52,1.11
1773566936.529284,-0.35,-0.9,0.29,5.71,-12.95,-52.29,1.0
1773566936.6287992,-0.3,-0.83,0.25,-4.29,-32.53,-73.18,0.92
1773566936.7299018,-0.19,-0.82,0.2,-35.8,-52.63,-80.93,0.86
1773566936.8312578,-0.1,-0.81,0.16,-23.76,-58.93,-78.61,0.83
1773566936.9296196,-0.02,-0.77,0.16,-25.73,-58.03,-38.4,0.79
1773566937.0321264,0.02,-0.8,0.1,-34.78,-80.14,3.88,0.81
1773566937.1473715,0.03,-0.92,0.06,-44.27,-76.41,16.93,0.92
1773566937.2497747,-0.02,-1.02,0.09,-21.11,-75.7,19.65,1.02
1773566937.346455,-0.07,-0.93,0.08,-20.87,-96.87,3.39,0.93
1773566937.445855,-0.06,-0.97,-0.03,-12.05,-72.93,-4.43,0.97
1773566937.5494075,-0.11,-1.04,0.07,12.08,-29.27,-5.88,1.04
1773566937.6638918,-0.05,-0.98,0.03,-3.5,-7.12,-10.32,0.98
1773566937.7624946,0.02,-0.94,0.07,0.61,2.3,-31.82,0.94
1773566937.861997,-0.0,-1.01,0.04,-1.66,25.1,-27.68,1.01
1773566937.9633589,0.04,-0.99,0.06,-15.04,24.44,-33.19,0.99
0.0,0.0,0.0,0.0,0.0,0.0,0.0,0.0
1773566940.2689142,-0.02,-0.97,0.02,-8.11,-8.58,10.0,0.97
1773566940.323624,-0.04,-0.96,-0.02,-7.77,-0.58,24.12,0.96
1773566940.4284346,-0.08,-0.99,0.01,-9.28,7.62,28.64,1.0
1773566940.52812,-0.13,-0.98,-0.0,-11.08,1.22,5.13,0.99
1773566940.618436,-0.11,-1.0,-0.03,-3.86,0.21,2.08,1.0
1773566940.736066,-0.09,-0.98,0.03,2.87,-19.21,-1.34,0.99
1773566940.8281918,-0.06,-0.96,0.03,-1.15,-25.02,-4.72,0.96
1773566940.944308,-0.07,-0.96,0.07,17.24,-26.66,-7.7,0.96
1773566941.044845,-0.08,-0.96,0.05,12.98,-20.37,-10.03,0.96
1773566941.1458454,-0.1,-0.96,0.1,14.78,-21.15,-8.54,0.97
1773566941.245374,-0.04,-0.85,0.1,-16.18,-30.5,-21.48,0.86
1773566941.3486922,-0.06,-0.94,0.06,-19.74,8.11,-14.96,0.95
1773566941.457287,-0.08,-1.05,0.08,1.88,7.33,4.67,1.05
1773566941.5619788,-0.05,-0.96,0.08,-9.79,12.24,-7.57,0.97
1773566941.6613092,-0.04,-0.85,-0.02,-8.79,17.48,-18.23,0.85
1773566941.7632587,-0.0,-0.81,0.02,-1.86,8.92,-9.21,0.82
1773566941.86177,-0.22,-1.01,0.21,-30.66,22.9,-9.27,1.05
1773566941.9662614,-0.04,-0.81,-0.11,7.79,-52.93,-33.12,0.82
1773566942.0810118,0.02,-0.91,-0.11,-7.33,-6.69,-34.37,0.92
1773566942.1794183,-0.01,-1.08,0.05,-41.62,-14.24,-33.83,1.08
1773566942.2794812,-0.1,-1.83,-0.2,-46.35,178.98,95.85,1.84
1773566942.379034,0.18,-0.75,-0.03,148.93,-76.99,-43.54,0.77
1773566942.4811597,0.33,-1.07,0.0,-38.23,-14.21,-76.05,1.12
1773566942.5950332,0.21,-0.89,0.08,26.15,-43.27,-81.28,0.92
1773566942.6947236,0.29,-0.9,-0.06,-61.11,2.95,-21.51,0.95
1773566942.795997,0.21,-1.05,0.06,-8.44,-0.32,60.75,1.07
1773566942.895946,0.19,-0.99,0.0,-28.05,-7.3,-13.02,1.01
1773566943.0108166,0.14,-0.97,-0.05,-18.75,-22.53,-17.37,0.98
0.0,0.0,0.0,0.0,0.0,0.0,0.0,0.0
1773566944.1564069,0.17,-0.96,-0.02,12.0,-2.67,17.42,0.98
1773566944.2619,0.2,-0.95,-0.03,7.25,-12.57,23.79,0.97
1773566944.3681922,0.16,-0.98,-0.05,36.64,-4.12,21.13,0.99
1773566944.4881268,0.08,-0.98,0.07,17.37,1.33,41.01,0.99
1773566944.5739942,0.05,-0.97,0.01,5.11,-2.87,24.56,0.97
1773566944.6717925,0.02,-0.93,-0.01,15.08,10.37,39.88,0.93
1773566944.768303,-0.0,-0.92,0.04,68.96,20.99,42.58,0.92
1773566944.8785594,-0.06,-0.92,0.26,0.53,50.5,44.55,0.96
1773566944.9832232,-0.07,-1.02,0.1,15.86,52.53,25.31,1.02
1773566945.087622,-0.23,-1.08,0.18,72.4,50.24,32.53,1.12
1773566945.1924422,-0.38,-0.99,0.44,-15.25,41.92,-0.49,1.15
1773566945.2966678,-0.42,-1.05,0.34,-5.08,-5.37,22.95,1.18
1773566945.4098177,-0.41,-1.12,0.31,0.6,-1.24,-20.06,1.23
1773566945.5037982,-0.3,-1.0,0.2,-21.6,-3.97,-55.1,1.06
1773566945.6006916,-0.23,-0.92,0.22,-22.72,-11.6,-75.37,0.98
1773566945.7023628,-0.12,-0.81,0.22,-26.08,-36.14,-96.55,0.84
1773566945.802239,-0.05,-0.77,0.17,-28.73,-47.34,-106.35,0.8
1773566945.9129896,0.05,-0.79,0.08,-59.94,-39.94,-73.18,0.8
1773566946.014792,0.09,-0.66,0.07,-13.33,-61.13,3.21,0.67
1773566946.1272671,0.25,-0.95,-0.02,-47.3,-30.98,23.88,0.98
1773566946.2278252,-0.01,-0.96,0.21,36.98,-53.56,-19.48,0.98
1773566946.329534,0.15,-0.98,0.01,-79.25,-46.99,3.37,1.0
1773566946.4290862,0.03,-0.92,0.08,24.7,-27.05,0.78,0.92
1773566946.5289905,0.12,-0.91,0.04,-5.79,-39.99,9.98,0.92
1773566946.6347425,0.03,-1.06,0.06,-11.77,-23.16,20.76,1.06
1773566946.7459693,0.06,-0.99,0.02,-12.35,-28.58,13.05,0.99
1773566946.847475,0.03,-0.99,0.04,3.94,-21.28,-0.58,1.0
1773566946.9473908,0.07,-0.95,0.07,6.93,-34.15,2.2,0.96
0.0,0.0,0.0,0.0,0.0,0.0,0.0,0.0
1773566948.4609032,-0.0,-0.96,-0.05,-10.18,-15.05,-0.09,0.96
1773566948.52082,-0.05,-0.94,-0.02,13.16,-11.19,-0.2,0.94
1773566948.6248758,0.01,-0.95,-0.01,3.3,-12.05,0.93,0.95
1773566948.7275224,0.02,-0.98,-0.04,6.17,-24.55,22.59,0.98
1773566948.830361,-0.11,-0.92,0.03,-5.15,-16.34,3.33,0.93
1773566948.9197934,0.08,-0.91,-0.06,-2.64,-62.09,-10.55,0.92
1773566949.0311532,-0.08,-0.93,0.1,11.16,-7.85,-37.13,0.93
1773566949.141122,0.05,-0.94,-0.05,-2.95,-51.02,11.13,0.94
1773566949.234918,0.04,-0.86,0.01,16.49,-44.95,-13.89,0.86
1773566949.3442383,0.02,-0.88,0.05,3.91,-22.05,-2.44,0.88
1773566949.445082,0.05,-0.87,0.02,-25.57,-13.34,15.63,0.87
1773566949.5479326,-0.2,-1.01,0.08,-54.31,31.01,-12.52,1.03
1773566949.6553953,-0.21,-1.07,0.16,4.99,-48.47,-50.38,1.1
1773566949.7553766,0.2,-1.84,-0.15,11.34,30.08,40.84,1.85
1773566949.855458,0.32,-0.59,0.04,37.47,-107.77,-82.38,0.67
1773566949.9627516,0.32,-1.0,-0.3,-78.2,4.21,-77.85,1.1
1773566950.0609589,0.32,-0.9,-0.03,-6.7,32.43,-74.17,0.95
1773566950.1585927,0.35,-0.96,0.1,-6.21,-4.31,-65.02,1.03
1773566950.2791684,0.44,-0.82,0.03,-10.41,-37.89,22.93,0.93
1773566950.3773768,0.31,-0.97,-0.04,-37.59,-27.05,39.85,1.02
1773566950.4775553,0.25,-0.98,-0.0,-2.2,-11.28,-6.0,1.01
1773566950.5778134,0.24,-0.97,0.01,-19.89,-27.39,17.98,0.99
1773566950.68117,0.2,-0.92,-0.08,-26.23,-20.63,12.38,0.95
1773566950.79469,0.22,-0.97,-0.07,2.49,-1.48,4.26,1.0
1773566950.8960085,0.23,-0.96,-0.0,-0.27,-7.57,3.19,0.99
1773566951.0005891,0.21,-0.96,-0.05,-12.14,-16.15,0.78,0.99
1773566951.8310494,0.17,-1.03,-0.03,17.44,-5.59,20.5,1.04
1773566951.9458103,0.19,-0.99,-0.04,19.51,-14.29,10.03,1.01
1773566952.0440495,0.19,-0.9,-0.03,31.04,-18.23,34.64,0.92
1773566952.1461563,0.04,-1.01,0.06,-14.37,-7.95,50.11,1.01
1773566952.245147,0.02,-0.97,-0.01,7.85,-14.18,16.46,0.97
1773566952.3471453,-0.02,-0.96,0.05,13.57,1.51,7.94,0.96
1773566952.4614155,-0.03,-0.98,0.07,11.21,2.82,18.96,0.99
1773566952.5657237,0.01,-0.97,0.05,15.3,-2.21,18.3,0.97
1773566952.671322,0.01,-0.96,0.1,12.37,-4.64,32.53,0.97
1773566952.7722025,-0.04,-0.99,0.1,7.28,-5.42,26.23,1.0
1773566952.8770702,-0.07,-0.95,0.09,-12.44,33.66,33.89,0.96
1773566952.980063,-0.13,-1.02,0.07,2.66,74.43,32.5,1.04
1773566953.0773103,-0.12,-1.08,0.15,-4.63,83.83,11.53,1.1
1773566953.177535,-0.45,-1.31,0.32,-9.39,100.15,-26.47,1.42
1773566953.2806847,-0.21,-0.91,-0.02,-21.53,-16.46,1.94,0.94
1773566953.3958,-0.35,-1.04,0.04,27.28,-6.76,12.27,1.09
1773566953.497548,-0.36,-1.03,0.15,-34.93,25.34,7.91,1.1
1773566953.5979643,-0.28,-0.98,0.09,-11.85,7.27,-42.89,1.03
1773566953.7028067,-0.14,-0.93,0.11,-10.14,-19.83,-59.41,0.95
1773566953.8106315,-0.1,-0.96,0.05,-21.24,-20.15,-64.17,0.96
1773566953.8951924,-0.05,-0.87,0.04,6.29,-53.18,-66.08,0.87
1773566954.0120618,-0.02,-0.69,0.01,6.47,-68.53,-42.99,0.69
1773566954.1110778,0.04,-0.71,-0.06,6.81,-58.81,-39.51,0.71
1773566954.2117956,0.07,-1.05,0.03,9.74,-2.58,28.67,1.05
1773566954.3136685,-0.03,-1.01,0.15,-11.89,-66.76,21.22,1.02
1773566954.4295945,0.06,-1.06,-0.04,-43.85,-46.73,-17.96,1.06
1773566954.53485,0.03,-0.93,0.04,-24.49,-47.27,-6.96,0.93
1773566954.627278,0.04,-0.99,0.01,-28.92,-44.15,-8.57,0.99
0.0,0.0,0.0,0.0,0.0,0.0,0.0,0.0
1773566956.0463996,0.02,-0.98,0.04,1.74,-21.18,2.99,0.98
1773566956.1607418,0.02,-0.96,0.01,-2.2,-18.24,7.05,0.96
1773566956.2605562,0.0,-0.99,0.02,-6.96,-5.91,8.93,0.99
1773566956.3620243,0.01,-0.98,0.0,-3.37,-3.63,8.41,0.98
1773566956.46076,-0.02,-0.97,0.04,-0.35,3.08,0.82,0.97
1773566956.5611234,-0.01,-0.97,0.02,2.87,2.9,1.53,0.97
1773566956.6796918,-0.04,-0.97,0.06,-4.26,5.25,-7.86,0.97
1773566956.7690032,-0.03,-0.97,0.05,-15.16,2.44,-11.62,0.97
1773566956.8797042,-0.02,-0.96,0.03,-16.67,6.88,-15.88,0.96
1773566956.9802637,-0.02,-0.98,0.06,-2.44,7.18,-16.03,0.98
1773566957.0888035,0.05,-0.89,0.05,0.12,-18.75,-6.15,0.89
1773566957.1931512,0.09,-0.92,-0.0,6.66,-31.44,-15.51,0.93
1773566957.2935033,0.09,-0.87,0.08,16.82,-33.71,-5.77,0.87
1773566957.3960743,0.07,-0.92,0.03,-1.45,-32.86,16.3,0.93
1773566957.501496,-0.02,-0.9,0.1,-0.5,-7.88,11.46,0.9
1773566957.5968072,-0.04,-0.88,0.12,1.27,-1.59,-0.64,0.89
1773566957.7098076,-0.07,-0.85,0.2,-19.31,-52.24,-15.6,0.88
1773566957.8109686,-0.07,-0.94,0.21,-17.85,-67.51,7.1,0.96
1773566957.9147248,-0.21,-0.99,0.21,-52.72,-73.37,-62.84,1.03
1773566958.011629,0.44,-1.66,-0.27,-56.31,-69.62,2.84,1.74
1773566958.1175215,0.03,-0.97,-0.01,99.95,-60.05,-88.21,0.97
1773566958.2263508,0.46,-0.88,-0.34,-112.9,21.24,-118.57,1.05
1773566958.3268583,0.23,-1.01,-0.2,-9.77,99.92,-48.17,1.05
1773566958.427689,0.29,-0.92,0.15,55.97,13.59,-15.07,0.98
1773566958.5342476,0.28,-0.89,0.13,-10.38,-13.65,26.55,0.95
1773566958.6266568,0.32,-0.97,-0.02,33.28,-34.4,10.23,1.02
1773566958.7308998,0.29,-0.95,0.12,-6.17,1.94,15.74,1.0
1773566958.8440964,0.22,-0.97,0.1,-14.18,-16.47,19.69,1.0
1773566958.9435036,0.17,-0.95,0.05,-36.82,0.84,30.59,0.96
1773566959.0506835,0.12,-0.99,0.01,-30.61,-14.84,20.12,1.0
0.0,0.0,0.0,0.0,0.0,0.0,0.0,0.0
1773566960.159748,0.05,-0.93,-0.06,24.44,-48.0,-4.7,0.94
1773566960.2617369,0.12,-0.94,-0.08,24.41,-40.5,4.7,0.95
1773566960.3597353,0.05,-1.01,-0.02,0.08,9.28,36.32,1.02
1773566960.4606323,-0.01,-1.0,0.07,16.09,-17.86,-18.15,1.0
1773566960.5773382,0.05,-0.95,0.0,1.42,-0.35,-4.29,0.96
1773566960.6770303,0.04,-1.0,0.04,-26.49,-15.6,5.88,1.0
1773566960.7857351,0.16,-0.99,-0.05,1.56,-4.95,9.82,1.01
1773566960.8803906,0.07,-0.98,0.06,-0.69,-15.12,17.1,0.98
1773566960.9797552,0.0,-1.07,0.04,-21.19,-8.81,-8.03,1.07
1773566961.091634,0.13,-0.96,0.05,20.5,-13.99,-22.29,0.97
1773566961.1831198,-0.15,-1.3,0.37,-16.92,43.25,15.5,1.36
1773566961.2949908,-0.14,-0.97,-0.01,-35.1,-85.92,-37.37,0.98
1773566961.3918903,-0.13,-1.13,-0.08,20.9,-6.58,-13.76,1.14
1773566961.4994328,-0.1,-1.04,0.1,10.14,29.66,6.76,1.05
1773566961.599737,0.01,-1.05,0.08,2.85,17.05,-17.33,1.05
1773566961.7000775,0.11,-0.87,0.11,-22.32,2.05,-29.37,0.88
1773566961.8104932,0.11,-0.93,0.17,-31.8,-2.24,-39.21,0.95
1773566961.9098814,0.19,-0.88,0.05,-17.71,-14.92,-8.58,0.9
1773566962.027495,0.1,-0.91,0.07,-18.95,-31.48,1.86,0.92
1773566962.1115694,0.12,-0.62,0.09,11.6,-112.5,0.93,0.64
1773566962.2141492,0.3,-0.89,-0.1,-52.12,-88.93,25.24,0.94
1773566962.32615,-0.01,-1.05,0.17,112.82,-77.33,27.16,1.06
1773566962.4266589,0.09,-0.97,0.07,-33.04,-91.44,80.37,0.98
1773566962.527502,-0.09,-1.01,-0.02,-25.59,-35.39,37.36,1.01
1773566962.629077,-0.07,-0.93,0.03,13.74,-4.58,34.75,0.93
1773566962.7306063,-0.11,-0.97,0.02,6.7,11.45,25.22,0.97
1773566962.8457472,-0.11,-1.01,0.01,17.62,26.24,4.59,1.02
1773566962.945688,-0.08,-1.0,0.07,18.29,25.37,-12.4,1.01
1773566963.0446577,-0.12,-1.01,0.1,-27.79,18.41,-7.65,1.02
1773566963.1435494,-0.08,-0.96,0.06,-27.27,8.69,-18.23,0.97
1773566963.2599094,-0.08,-0.95,0.05,-6.82,7.57,-8.75,0.96
1773566964.0553691,-0.04,-0.99,0.04,2.23,-4.98,-7.39,0.99
1773566964.1684592,-0.04,-0.97,0.02,-10.98,-8.53,3.4,0.97
1773566964.276079,-0.04,-0.98,0.01,-2.87,-17.94,1.25,0.98
1773566964.381889,-0.08,-0.98,0.04,-0.34,-18.43,0.4,0.99
1773566964.47955,-0.05,-0.98,0.02,-4.31,-21.45,-1.66,0.98
1773566964.5773149,-0.05,-0.92,0.06,0.81,-23.07,-5.94,0.92
1773566964.676227,0.01,-0.92,0.06,8.87,-27.97,-9.83,0.92
1773566964.79224,-0.01,-0.91,0.1,19.05,-39.62,-8.05,0.91
1773566964.8972569,-0.02,-0.86,0.1,10.03,-25.73,-0.67,0.86
1773566964.9926217,-0.06,-0.92,0.04,-7.22,10.09,8.81,0.92
1773566965.1008666,-0.09,-0.95,0.12,0.23,10.66,4.98,0.96
1773566965.2037995,-0.12,-0.91,0.13,-11.94,-14.53,-25.96,0.93
1773566965.3091955,-0.07,-0.84,0.1,17.42,-37.36,-11.89,0.85
1773566965.3985443,-0.2,-0.92,0.28,-23.92,-34.6,-32.61,0.98
1773566965.5151265,-0.06,-0.99,0.07,-21.69,-65.33,-46.86,0.99
1773566965.6135197,0.37,-1.81,-0.29,-76.12,-85.91,24.47,1.87
1773566965.726214,-0.09,-0.93,0.29,116.93,-78.55,-125.34,0.98
1773566965.8146052,0.29,-0.94,-0.08,-89.42,-44.98,-55.42,0.99
1773566965.928534,0.08,-1.12,0.16,-11.1,78.21,-76.54,1.13
1773566966.0302408,0.25,-0.84,0.07,-67.34,-4.79,-30.4,0.88
1773566966.1294143,0.24,-1.09,-0.05,-35.47,12.79,-16.2,1.11
1773566966.2267,0.27,-0.9,0.03,-11.53,-8.61,-19.37,0.94
1773566966.3468566,0.29,-0.93,-0.07,-33.54,-26.03,-8.34,0.97
1773566966.4438393,0.26,-0.95,-0.05,-9.95,-18.66,-9.91,0.98
1773566966.5519938,0.29,-0.95,-0.13,-7.01,-15.34,-5.97,1.0
1773566966.635918,0.26,-0.95,-0.07,8.41,8.06,0.63,0.99
1773566966.7458055,0.29,-0.96,-0.04,-0.5,-0.17,5.6,1.0
1773566966.859027,0.27,-0.95,-0.04,-4.24,-4.34,-0.11,0.99
1773566966.951877,0.29,-0.96,-0.04,-34.93,-3.33,-13.04,1.0
1773566967.7376738,0.19,-0.97,-0.02,11.77,-12.98,14.03,0.99
1773566967.8466814,0.16,-0.96,-0.01,8.29,-7.77,21.1,0.97
1773566967.9445636,0.13,-0.95,0.0,10.63,0.49,26.96,0.96
1773566968.0479486,0.13,-0.96,0.03,18.43,8.34,29.04,0.97
1773566968.159269,0.13,-0.97,0.05,19.42,-4.06,37.21,0.98
1773566968.2579126,0.08,-0.98,0.01,13.37,8.09,52.04,0.99
1773566968.3616295,0.0,-0.98,0.14,10.93,14.24,58.03,0.99
1773566968.4669054,-0.04,-1.0,0.15,-0.35,28.69,58.17,1.01
1773566968.5625892,-0.21,-0.95,0.17,31.69,44.84,25.89,0.99
1773566968.6753826,-0.28,-1.0,0.15,87.21,15.08,28.52,1.05
1773566968.77702,-0.31,-1.05,0.4,36.38,4.84,-3.01,1.16
1773566968.8780818,-0.3,-1.08,0.33,3.08,-9.82,3.4,1.18
1773566969.0252316,-0.32,-1.08,0.33,1.77,-8.03,-12.63,1.18
1773566969.0791092,-0.22,-0.92,0.33,13.42,-4.58,-48.2,1.0
1773566969.3442082,-0.18,-0.86,0.32,-16.4,3.02,-57.79,0.93
1773566969.3442082,-0.06,-0.85,0.34,-19.31,-0.89,-55.83,0.92
1773566969.3937771,0.01,-0.81,0.26,-57.8,-7.89,-46.78,0.85
1773566969.5005577,-0.02,-0.77,0.18,-61.33,-3.82,-42.81,0.79
1773566969.600809,0.08,-0.77,0.08,-101.97,-27.79,-11.48,0.78
1773566969.709205,0.06,-0.97,-0.06,-77.79,-7.62,22.61,0.98
1773566969.800357,-0.07,-0.97,-0.03,-52.75,-15.31,-3.36,0.98
1773566969.9096231,0.02,-0.94,-0.2,-52.84,-22.93,-26.73,0.96
1773566970.01129,0.04,-0.94,-0.15,1.48,-11.18,-8.93,0.95
1773566970.11348,0.06,-0.99,-0.16,-0.18,-25.36,13.57,1.01
1773566970.2251563,0.01,-1.0,-0.12,15.74,-35.07,0.95,1.01
1773566970.3258016,-0.01,-0.99,-0.1,19.19,-22.64,8.2,1.0
1773566970.426287,-0.0,-0.97,-0.07,-12.15,-42.02,-6.38,0.97
0.0,0.0,0.0,0.0,0.0,0.0,0.0,0.0
1773566972.211983,-0.1,-0.94,0.12,11.68,-36.43,-3.91,0.96
1773566972.2992463,-0.09,-0.92,0.05,9.42,-41.22,0.21,0.92
1773566972.3995736,-0.08,-1.01,-0.01,15.3,-20.49,21.01,1.02
1773566972.4999895,-0.07,-0.97,0.07,11.66,-30.52,-0.15,0.97
1773566972.5953314,-0.08,-0.97,0.02,-2.18,-26.57,-9.16,0.98
1773566972.7111695,-0.1,-1.06,0.16,7.18,-38.41,-12.17,1.08
1773566972.8099012,-0.05,-1.08,0.15,-19.5,-54.26,-3.39,1.09
1773566972.9119146,-0.13,-0.84,0.13,-18.27,-79.1,-18.46,0.86
1773566973.0217974,0.04,-0.86,0.15,-18.67,-61.18,5.31,0.87
1773566973.124646,-0.03,-1.04,0.26,7.47,-2.72,20.81,1.07
1773566973.2287865,-0.02,-0.84,0.07,20.96,-27.6,4.34,0.85
1773566973.3304524,0.05,-0.99,0.09,22.99,31.97,9.77,1.0
1773566973.4274635,0.03,-1.01,0.24,8.98,32.27,-2.31,1.04
1773566973.5270276,0.02,-1.0,0.29,-39.36,25.04,-6.08,1.04
1773566973.6418433,-0.15,-1.12,0.14,-26.67,-0.2,-21.5,1.14
1773566973.745052,-0.2,-0.71,0.15,-57.77,-32.08,-25.12,0.75
1773566973.8449993,-0.24,-1.12,0.12,21.02,69.45,6.35,1.15
1773566973.94163,-0.12,-0.87,0.03,0.09,16.03,-2.64,0.88
1773566974.0449295,-0.11,-1.0,0.05,6.34,24.44,-16.67,1.01
1773566974.143142,-0.14,-0.88,0.12,6.4,-14.28,-40.03,0.9
1773566974.2603903,-0.12,-1.07,0.14,-61.48,-42.95,-27.41,1.08
1773566974.3648498,-0.03,-1.05,0.16,-27.63,-0.61,2.08,1.06
1773566974.4614663,0.13,-0.9,0.16,26.52,-75.77,27.82,0.92
1773566974.5608113,-0.09,-0.99,0.09,35.28,-25.1,-12.81,1.0
1773566974.665156,-0.04,-0.83,0.13,-9.08,-18.69,19.46,0.84
0.0,0.0,0.0,0.0,0.0,0.0,0.0,0.0
1773566976.055627,0.05,-1.0,0.26,6.41,-145.07,14.76,1.03
1773566976.1495876,-0.05,-0.97,0.2,-26.18,-103.66,26.47,0.99
1773566976.2582307,-0.06,-0.97,0.19,-31.45,-60.26,49.82,0.99
1773566976.3497283,-0.06,-0.9,0.18,-8.99,-40.5,26.84,0.92
1773566976.4602308,-0.13,-0.89,0.18,-0.61,-16.98,12.55,0.91
1773566976.5685928,-0.19,-0.9,0.17,18.82,4.85,-3.97,0.93
1773566976.6691153,-0.29,-1.02,0.28,12.27,65.45,-18.69,1.1
1773566976.7696593,-0.12,-0.85,0.17,14.37,22.21,-6.81,0.87
1773566976.892386,-0.15,-0.91,0.16,14.95,31.94,-11.25,0.93
1773566976.9932747,-0.21,-1.03,0.35,-21.21,-1.22,-12.32,1.1
1773566977.0910492,-0.15,-1.08,0.35,-65.95,-13.04,-0.03,1.14
1773566977.1915965,-0.21,-0.9,0.37,-44.96,-42.09,-53.63,0.99
1773566977.279429,0.1,-0.86,0.1,-30.03,-19.8,7.95,0.87
1773566977.391712,-0.16,-0.91,0.34,37.28,14.03,-9.6,0.98
1773566977.495411,-0.08,-0.87,0.07,-70.72,-17.66,40.7,0.88
1773566977.5974703,-0.12,-1.03,0.06,-19.6,15.48,-12.23,1.04
1773566977.693972,-0.08,-1.11,0.15,-13.79,43.34,-27.44,1.12
1773566977.808736,-0.4,-0.93,0.27,19.01,133.65,-43.44,1.04
1773566977.909726,-0.09,-0.75,0.01,28.34,91.34,-25.76,0.76
1773566978.015872,-0.37,-0.93,0.37,113.89,177.47,-75.25,1.07
1773566978.1100166,-0.1,-0.91,0.21,28.93,98.79,-15.19,0.94
1773566978.2089095,-0.2,-0.97,0.24,-6.32,71.53,-48.81,1.02
1773566978.326338,-0.14,-0.99,0.16,-33.56,35.19,-43.12,1.01
1773566978.426252,-0.05,-1.04,0.19,-16.21,36.17,-35.25,1.06
1773566978.5244355,-0.16,-0.8,0.34,-31.02,39.88,-66.9,0.89
1773566978.6319351,0.08,-0.88,0.05,-61.31,77.77,-3.88,0.88
1773566978.734856,-0.1,-0.92,0.35,82.99,107.07,-38.64,1.0
1773566978.831436,0.02,-0.82,0.13,7.85,77.27,-6.72,0.83
1773566978.9411404,-0.0,-0.97,0.16,36.18,99.16,-14.55,0.98
1773566979.0431132,-0.03,-1.02,0.34,-13.11,118.44,-24.64,1.07
1773566979.1413338,0.01,-1.12,0.16,-11.91,101.85,5.43,1.14
1773566979.241931,-0.36,-0.81,0.43,3.01,59.89,-34.7,0.98
1773566979.3426907,-0.09,-0.8,0.07,20.87,29.19,-28.37,0.81
0.0,0.0,0.0,0.0,0.0,0.0,0.0,0.0
1773566980.4002934,-0.15,-0.88,0.35,124.79,69.43,-34.49,0.96
1773566980.4666908,-0.15,-0.91,0.24,-51.6,76.2,-75.85,0.95
1773566980.5750506,-0.24,-0.98,0.15,25.77,112.56,-79.48,1.02
1773566980.675114,-0.13,-0.96,0.31,-4.67,95.04,-52.15,1.02
1773566980.7689266,-0.13,-0.91,0.36,-55.56,93.92,-70.17,0.98
1773566980.883122,-0.06,-0.86,0.27,-59.22,115.6,-60.99,0.9
1773566980.9874258,-0.0,-0.82,0.17,-27.53,119.4,-51.99,0.83
1773566981.087981,0.08,-1.07,0.12,25.42,158.53,-27.1,1.08
1773566981.1908505,-0.03,-0.9,0.34,75.97,101.54,-60.09,0.97
1773566981.291832,0.17,-0.88,0.2,21.85,65.62,-19.86,0.92
1773566981.3915431,0.05,-1.0,0.28,6.09,68.56,-13.33,1.04
1773566981.4942358,0.07,-0.95,0.32,-9.56,38.29,1.56,1.0
1773566981.6086206,-0.0,-0.94,0.29,-68.09,36.06,-1.22,0.98
1773566981.7090986,-0.07,-0.95,0.16,-12.29,54.72,3.28,0.97
1773566981.8159685,-0.13,-0.78,0.2,38.24,17.33,-32.6,0.82
1773566981.9120395,-0.16,-0.9,0.12,-15.89,98.21,-9.77,0.93
1773566982.023574,-0.41,-1.1,0.2,30.09,106.41,-40.06,1.19
1773566982.126166,-0.07,-0.83,0.15,49.62,75.57,-41.91,0.84
1773566982.2250051,-0.13,-0.99,0.15,29.19,78.93,-53.07,1.01
1773566982.3378334,-0.06,-1.01,0.32,34.47,8.05,-40.58,1.06
1773566982.4257674,-0.03,-1.1,0.43,-38.0,-24.53,-36.02,1.18
1773566982.5414517,-0.07,-0.85,0.41,-39.19,-80.6,-43.42,0.95
1773566982.6417737,0.19,-0.72,0.14,-25.83,-102.89,25.53,0.76
1773566982.741583,0.09,-0.93,0.43,89.45,-60.64,57.21,1.03
1773566982.8438373,-0.03,-0.84,0.3,-0.76,-99.41,66.08,0.9
1773566982.9572706,0.02,-1.05,0.19,-20.18,-65.31,25.48,1.07
1773566983.0573628,-0.01,-1.01,0.32,-44.63,0.08,-25.12,1.06
1773566983.1601114,-0.04,-1.01,0.22,-24.58,53.1,-30.83,1.03
1773566983.26011,-0.28,-0.85,0.45,-40.31,111.3,-62.81,1.0
1773566983.3614748,0.01,-0.88,0.13,-53.79,89.18,-46.5,0.89
1773566983.4581816,-0.17,-1.01,0.32,47.85,117.22,-68.92,1.07
1773566983.5748408,0.19,-0.84,0.16,13.66,27.04,-7.97,0.87
1773566983.6760936,0.02,-0.94,0.25,-6.82,-7.01,-33.47,0.98
1773566983.7753208,0.11,-1.0,0.35,-7.83,-89.44,1.04,1.07
1773566983.8755524,0.14,-1.05,0.29,-34.6,-107.19,58.76,1.1
0.0,0.0,0.0,0.0,0.0,0.0,0.0,0.0
1773566984.9093423,0.04,-0.95,0.15,1.11,12.63,-17.01,0.96
1773566984.9093423,-0.04,-0.96,0.28,8.79,26.06,-6.05,1.0
1773566984.9520378,0.05,-0.91,0.08,-12.67,-31.41,39.65,0.92
1773566985.056929,0.01,-0.92,0.24,23.11,-55.02,33.46,0.96
1773566985.159896,0.12,-0.95,0.27,71.48,-141.7,67.28,0.99
1773566985.2604282,0.02,-1.03,0.44,-11.4,-80.5,64.21,1.12
1773566985.359575,-0.02,-0.94,0.11,18.11,-122.7,36.35,0.95
1773566985.4704487,0.03,-0.9,0.31,15.36,-73.25,18.2,0.95
1773566985.5744638,-0.0,-0.95,0.34,-25.3,-40.6,1.02,1.01
1773566985.6763513,-0.2,-1.06,0.41,-32.38,37.65,-0.7,1.15
1773566985.7770662,-0.13,-0.7,0.41,2.96,-66.37,-22.86,0.83
1773566985.8776157,-0.04,-0.92,0.27,-50.12,4.0,21.39,0.96
1773566985.9907854,-0.12,-0.83,0.38,76.82,-85.53,17.43,0.93
1773566986.0914788,-0.02,-0.82,0.35,4.23,-81.62,86.11,0.89
1773566986.196767,-0.19,-0.94,0.39,-38.44,-112.37,34.96,1.04
1773566986.3027122,-0.13,-0.96,0.44,-39.68,-113.28,19.54,1.07
1773566986.402742,-0.01,-0.8,0.29,-25.1,-176.06,35.4,0.85
1773566986.5031102,0.03,-0.96,0.41,8.12,-156.21,42.23,1.05
1773566986.603519,0.12,-0.76,0.47,-0.6,-163.15,60.64,0.9
1773566986.7104108,0.03,-0.9,0.43,-37.53,-166.72,66.99,1.0
1773566986.8074472,0.12,-0.89,0.25,2.67,-142.89,57.82,0.93
1773566986.9072268,0.08,-0.89,0.28,-22.61,-128.18,59.89,0.93
1773566987.007963,0.0,-0.99,0.35,-17.76,-87.13,55.68,1.06
1773566987.115352,0.01,-0.97,0.29,-46.96,-92.0,50.52,1.02
1773566987.225623,-0.21,-0.97,0.43,-29.24,-81.36,14.59,1.09
1773566987.3290584,-0.05,-0.77,0.24,-47.56,-98.93,13.11,0.81
1773566987.42806,-0.15,-0.98,0.31,-12.11,0.06,20.46,1.04
1773566987.5309966,-0.09,-0.86,0.27,33.22,-114.34,6.55,0.91
1773566988.497841,0.01,-0.97,0.34,14.35,-94.37,18.69,1.03
1773566988.5614383,0.07,-0.84,0.35,37.89,-186.4,53.5,0.91
1773566988.6598866,0.15,-0.9,0.46,35.79,-184.84,82.93,1.02
1773566988.7598815,0.06,-0.91,0.46,-60.89,-137.05,64.35,1.02
1773566988.8598468,-0.02,-0.87,0.28,-34.95,-82.4,39.24,0.91
1773566988.9739726,0.06,-0.93,0.31,-9.92,-78.05,49.16,0.98
1773566989.0800364,0.11,-1.03,0.29,-30.03,-89.41,59.94,1.07
1773566989.1719334,-0.21,-0.74,0.29,-25.02,-197.13,-5.91,0.83
1773566989.2870643,-0.12,-1.02,0.16,-32.64,-131.47,84.23,1.04
1773566989.391303,-0.26,-0.82,0.35,-7.28,-173.91,52.14,0.93
1773566989.491999,-0.17,-0.83,0.04,-20.52,-112.0,70.55,0.85
1773566989.5905645,-0.32,-1.04,0.23,-2.75,-43.92,39.39,1.12
1773566989.6923964,-0.18,-0.92,0.2,18.12,-93.27,8.34,0.96
1773566989.7914295,-0.11,-0.94,0.19,-22.82,-51.19,-13.82,0.96
1773566989.9065611,-0.22,-1.08,0.23,-52.58,-37.6,-45.6,1.12
1773566990.009105,-0.19,-0.99,0.46,-13.27,33.85,-51.57,1.11
1773566990.109303,0.06,-0.72,0.12,-40.9,-40.29,-20.6,0.73
1773566990.2146018,0.01,-1.12,0.25,9.69,64.38,6.38,1.15
1773566990.3149416,-0.1,-0.89,0.32,-20.99,-41.57,-13.54,0.95
1773566990.415467,0.05,-0.92,-0.03,-22.27,9.36,-3.36,0.93
1773566990.5275724,0.0,-0.99,0.17,-25.71,60.26,-8.63,1.01
1773566990.6231637,-0.12,-1.03,0.19,-27.56,67.31,-29.65,1.06
1773566990.730163,0.03,-1.12,0.1,-14.27,101.22,-0.2,1.13
1773566990.824047,-0.21,-0.76,0.23,-24.69,42.44,-62.54,0.82
1773566990.9395795,-0.05,-0.93,0.05,12.23,114.56,-23.18,0.94
1773566991.0270004,-0.18,-0.87,0.29,46.78,44.21,-33.22,0.93
0.0,0.0,0.0,0.0,0.0,0.0,0.0,0.0
1773566992.902511,-0.28,-0.87,0.2,20.9,127.8,-88.75,0.93
1773566992.9674056,-0.18,-0.86,0.28,-1.76,173.92,-53.99,0.92
1773566993.0639312,-0.2,-0.99,0.34,-7.21,186.06,-55.7,1.07
1773566993.2152903,0.03,-0.91,0.31,-9.92,185.02,-48.03,0.96
1773566993.2803142,-0.06,-0.95,0.43,62.85,179.18,-77.44,1.05
1773566993.3736105,0.07,-0.8,0.3,47.91,86.95,-66.06,0.86
1773566993.4733045,0.04,-0.93,0.3,49.25,83.8,-50.79,0.98
1773566993.5860054,-0.01,-0.94,0.33,29.05,53.94,-29.37,0.99
1773566993.6920931,-0.01,-0.98,0.29,0.09,40.79,-12.5,1.02
1773566993.79583,0.04,-1.0,0.3,1.73,19.82,-19.5,1.04
1773566993.8891895,-0.04,-0.97,0.42,-22.95,38.96,-0.69,1.06
1773566993.991953,-0.22,-0.79,0.42,-57.6,8.5,-31.86,0.92
1773566994.1069343,-0.06,-0.82,0.15,-6.82,26.93,-14.2,0.83
1773566994.209864,-0.25,-0.88,0.46,31.08,44.4,-40.93,1.02
1773566994.309889,-0.02,-0.84,0.16,28.73,-16.53,2.98,0.85
1773566994.4157803,-0.13,-0.95,0.35,-16.27,-48.44,-15.34,1.02
1773566994.5232134,-0.06,-1.09,0.39,-30.81,-88.18,-9.91,1.16
1773566994.61702,-0.0,-0.89,0.53,-3.63,-119.39,24.24,1.03
1773566994.727316,0.17,-0.65,0.24,-2.9,-167.27,27.95,0.71
1773566994.829564,0.16,-0.87,0.47,42.56,-117.28,89.75,1.0
1773566994.9361787,0.1,-0.8,0.36,14.87,-161.76,62.99,0.88
1773566995.0392203,0.07,-0.9,0.36,-1.39,-133.77,75.16,0.97
1773566995.1416776,-0.08,-1.01,0.54,-62.76,-72.43,63.92,1.15
1773566995.241451,-0.07,-0.93,0.33,-46.79,-79.01,31.33,0.99
1773566995.3403342,-0.19,-0.88,0.44,-31.04,-55.12,14.53,1.0
1773566995.4448862,-0.02,-0.84,0.24,-77.04,-40.57,-12.35,0.88
0.0,0.0,0.0,0.0,0.0,0.0,0.0,0.0
1773566996.5520532,0.02,-0.97,0.34,-39.65,-202.14,72.79,1.03
1773566996.6595714,-0.27,-0.93,0.53,-52.23,-127.57,39.07,1.1
1773566996.7728138,-0.12,-0.8,0.13,-37.44,-174.52,46.09,0.82
1773566996.8598588,-0.14,-1.1,0.29,-14.87,-66.03,30.63,1.14
1773566996.958304,-0.17,-0.79,0.21,-12.73,-143.92,5.33,0.83
1773566997.062484,-0.11,-0.96,0.08,-23.6,-53.91,50.61,0.97
1773566997.1752064,-0.22,-0.95,0.3,14.37,-106.5,-5.28,1.02
1773566997.2749443,-0.15,-0.97,0.16,-17.68,-94.79,6.34,1.0
1773566997.3738253,-0.13,-1.04,0.18,-13.22,-35.18,29.08,1.06
1773566997.488897,0.15,-0.79,0.23,64.95,-97.76,38.06,0.84
1773566997.5888054,0.13,-1.02,0.36,12.35,-49.56,34.9,1.09
1773566997.6818109,0.09,-0.72,0.36,16.52,-65.01,8.78,0.81
1773566997.7918918,0.09,-0.7,0.21,-11.82,-93.47,39.5,0.74
1773566997.8918686,-0.0,-0.72,0.25,-20.11,-67.08,47.54,0.76
1773566998.006163,-0.07,-0.87,0.37,-70.26,-48.18,20.15,0.95
1773566998.0977626,-0.25,-1.01,0.44,-17.63,-84.6,35.74,1.13
1773566998.2083073,-0.24,-0.96,0.35,-69.69,-62.26,25.97,1.05
1773566998.3059635,-0.3,-0.97,0.36,15.79,-51.45,-48.98,1.08
1773566998.407275,-0.03,-1.04,0.32,-32.81,-73.08,51.11,1.09
1773566998.522194,-0.1,-1.46,0.1,-41.68,-12.2,17.59,1.47
1773566998.6231785,0.13,-0.84,-0.08,41.94,-55.71,-56.95,0.85
1773566998.7291548,0.1,-0.95,0.12,-34.56,57.71,-61.1,0.96
1773566998.822599,0.06,-0.91,0.29,-6.75,46.24,-62.57,0.96
1773566999.6817162,0.12,-0.95,0.16,41.31,-4.41,29.69,0.97
1773566999.7805326,0.02,-0.87,0.18,45.11,8.27,55.19,0.89
1773566999.8868303,-0.06,-0.88,0.3,11.65,3.36,63.8,0.93
1773566999.993586,-0.27,-1.15,0.48,-26.38,50.73,51.27,1.28
1773567000.0949476,-0.64,-0.97,0.45,-37.3,71.72,32.96,1.24
1773567000.2040937,-0.44,-0.93,0.23,90.4,-25.51,10.18,1.06
1773567000.292671,-0.48,-1.03,0.36,-6.38,0.92,7.83,1.19
1773567000.4081285,-0.42,-0.97,0.32,40.99,1.6,-19.39,1.11
1773567000.5064216,-0.31,-0.84,0.31,51.89,7.76,-54.55,0.95
1773567000.6058192,-0.19,-0.67,0.28,18.98,-17.02,-80.49,0.75
1773567000.708928,-0.08,-0.62,0.36,6.05,-29.44,-76.32,0.72
1773567000.815339,0.05,-0.72,0.34,-36.47,-2.79,-31.79,0.8
1773567000.9240742,0.07,-0.86,0.35,-43.82,2.11,10.15,0.93
1773567001.028458,0.06,-0.89,0.33,-33.51,4.61,4.46,0.95
1773567001.12313,-0.05,-0.97,0.33,-38.18,-2.4,-5.31,1.03
1773567001.2285795,-0.1,-0.88,0.11,30.56,-21.94,-5.18,0.89
1773567001.3391595,-0.38,-0.89,0.21,-33.21,116.98,-16.26,0.99
1773567001.4390595,-0.31,-1.02,0.1,39.89,96.27,-2.63,1.07
1773567001.5392718,-0.21,-0.89,0.19,8.49,105.59,-53.3,0.93
1773567001.6409152,-0.25,-0.86,0.23,-29.5,56.7,-76.72,0.92
1773567001.7418156,-0.17,-1.11,0.25,62.27,88.24,-81.73,1.15
1773567001.8459098,0.02,-0.72,0.38,29.21,17.19,-35.73,0.82
1773567001.958294,-0.1,-1.08,0.3,-25.45,116.49,-49.56,1.13
1773567002.0578372,-0.03,-0.81,0.4,65.56,75.43,-38.55,0.9
1773567002.1586337,0.02,-0.88,0.45,-28.82,107.94,-57.02,0.99
1773567002.258197,-0.01,-0.92,0.41,-30.26,119.3,-61.36,1.01
0.0,0.0,0.0,0.0,0.0,0.0,0.0,0.0
1773567003.2803533,-0.04,-1.02,0.28,8.9,43.14,-37.53,1.06
1773567003.3726382,-0.07,-0.87,0.31,-2.27,7.24,-4.34,0.93
1773567003.473914,0.1,-0.94,0.29,46.53,-44.98,28.26,0.99
1773567003.574631,0.01,-0.9,0.41,13.62,-91.53,35.04,0.99
1773567003.675649,-0.06,-0.93,0.29,-37.83,-102.63,46.46,0.97
1773567003.7828872,-0.11,-0.96,0.35,-54.35,-91.18,25.11,1.03
1773567003.8921978,-0.15,-1.04,0.22,-51.45,-31.6,54.09,1.07
1773567003.989125,-0.15,-0.75,0.22,-10.0,-109.01,37.34,0.79
1773567004.0844462,-0.2,-0.96,0.4,-8.38,-58.31,61.37,1.05
1773567004.2058914,-0.2,-0.87,0.35,34.99,-111.48,21.54,0.96
1773567004.2922816,-0.24,-0.78,0.34,-5.57,-107.47,50.88,0.89
1773567004.3892577,-0.29,-0.92,0.3,-4.11,-117.19,64.66,1.01
1773567004.50547,-0.3,-0.82,0.41,-7.08,-156.92,31.22,0.97
1773567004.603946,-0.21,-0.99,0.25,-50.63,-151.89,81.36,1.04
1773567004.7058787,-0.24,-0.79,0.3,-26.27,-190.84,41.59,0.88
1773567004.7992885,-0.06,-0.87,0.36,12.56,-111.13,77.65,0.94
1773567004.9053483,0.02,-0.93,0.51,25.05,-137.66,58.66,1.06
1773567005.0087228,-0.03,-0.75,0.43,-49.19,-127.04,24.06,0.86
1773567005.1229043,-0.1,-0.67,0.29,8.05,-92.67,72.52,0.73
1773567005.228507,-0.14,-0.75,0.37,-15.63,-70.84,69.56,0.85
1773567005.3247628,-0.19,-0.63,0.45,-51.16,-75.95,67.19,0.79
1773567005.420463,-0.42,-0.86,0.37,-113.65,-56.6,14.11,1.03
1773567005.5285056,-0.38,-0.84,0.37,-7.98,-29.07,-23.08,0.99
1773567005.6312597,-0.36,-0.92,0.41,-38.56,44.69,-43.3,1.07
1773567005.7375689,-0.23,-0.96,0.47,50.69,-38.89,-49.73,1.09
1773567005.838641,0.09,-1.29,0.28,-71.48,-56.64,-18.67,1.32
1773567005.9457543,-0.15,-1.07,0.41,-9.65,-0.09,-94.14,1.15
1773567006.0468636,0.21,-0.77,0.13,-54.64,-59.36,-101.66,0.81
1773567006.9290414,-0.03,-0.98,0.19,20.81,14.34,40.29,1.0
1773567007.0104084,-0.08,-1.06,0.27,36.72,50.99,21.94,1.1
1773567007.1087627,-0.11,-1.07,0.41,5.28,80.43,11.88,1.15
1773567007.2058806,-0.43,-0.9,0.49,57.18,23.48,-19.27,1.11
1773567007.3223228,-0.36,-0.94,0.43,69.76,-4.32,-15.73,1.09
1773567007.4228354,-0.25,-0.96,0.45,-30.87,28.79,44.93,1.09
1773567007.521924,-0.34,-0.87,0.42,26.53,0.18,25.37,1.02
1773567007.6230989,-0.25,-0.77,0.35,2.78,-14.99,10.38,0.88
1773567007.7235386,-0.25,-0.74,0.38,-15.3,-34.78,-18.26,0.88
1773567007.8384104,-0.16,-0.54,0.2,-51.83,-76.78,-14.55,0.6
1773567007.93839,-0.09,-0.73,0.27,-27.21,-68.31,-19.04,0.79
1773567008.0295477,-0.31,-0.85,0.41,-52.15,-48.44,-36.15,1.0
1773567008.1417198,0.0,-0.96,0.2,27.71,-72.09,38.2,0.98
1773567008.2395856,-0.14,-0.81,0.28,-50.24,-51.36,-3.24,0.87
1773567008.3411052,-0.18,-0.92,0.2,-16.14,9.76,-8.58,0.96
1773567008.4554403,-0.13,-1.0,0.27,44.08,17.39,-27.97,1.05
1773567008.5590005,-0.11,-0.89,0.33,-9.63,23.48,-57.45,0.95
1773567008.657617,-0.07,-0.92,0.21,-65.33,53.89,-84.5,0.95
1773567008.7552931,-0.15,-0.99,0.33,18.0,179.79,-60.83,1.05
1773567008.8567734,-0.06,-0.74,0.36,31.47,29.24,-37.08,0.83
1773567008.9720309,-0.03,-1.02,0.36,-10.9,175.82,-21.71,1.09
1773567009.0764363,-0.12,-0.81,0.46,51.69,65.48,-53.68,0.94
1773567009.1723697,0.04,-0.82,0.32,-0.43,120.35,-54.67,0.88
1773567009.2864544,-0.03,-0.87,0.49,-8.12,151.54,-80.84,1.0
1773567009.3857436,-0.07,-0.93,0.39,22.32,156.92,-77.94,1.01
1773567009.4882233,-0.15,-0.85,0.32,18.29,84.79,-37.25,0.92
1773567009.604095,-0.22,-1.01,0.24,-0.78,82.63,-32.89,1.06
1773567009.689253,-0.21,-0.93,0.28,4.67,19.69,-20.86,0.99
0.0,0.0,0.0,0.0,0.0,0.0,0.0,0.0
1773567010.7111886,-0.02,-0.93,0.15,-15.51,53.18,12.84,0.94
1773567010.7629426,-0.08,-0.91,0.24,-8.03,46.82,9.05,0.94
1773567010.9184356,-0.01,-0.93,0.25,-4.43,37.27,37.97,0.96
1773567010.9768374,-0.03,-0.97,0.22,21.97,-22.18,15.02,1.0
1773567011.0741832,-0.1,-0.96,0.19,-16.06,-45.31,27.6,0.99
1773567011.1723535,-0.18,-0.94,0.16,-27.33,-27.76,21.17,0.98
1773567011.2799375,-0.22,-0.95,0.18,-17.98,-6.75,-8.02,0.99
1773567011.389768,-0.13,-1.06,0.14,-28.15,30.47,-8.21,1.07
1773567011.4918082,-0.28,-1.02,0.31,18.15,45.22,-40.79,1.1
1773567011.590667,-0.04,-0.77,0.25,-5.25,-39.3,-0.43,0.81
1773567011.6964352,-0.2,-0.9,0.35,-56.44,-24.44,-23.3,0.99
1773567011.796072,-0.13,-0.91,0.17,19.57,-83.92,19.88,0.94
1773567011.89136,-0.14,-0.91,0.29,32.95,-157.8,54.85,0.96
1773567012.0094702,-0.17,-0.91,0.23,-1.33,-137.51,71.71,0.95
1773567012.1103952,-0.23,-0.95,0.3,-35.1,-179.68,32.46,1.03
1773567012.2081778,-0.24,-0.97,0.3,-72.61,-174.32,44.2,1.05
1773567012.3080676,-0.06,-0.84,0.23,15.62,-207.42,78.44,0.87
1773567012.4230356,0.11,-0.93,0.28,21.45,-196.31,106.37,0.97
1773567012.5253966,-0.02,-0.89,0.62,3.63,-141.82,31.85,1.08
1773567012.6370134,-0.13,-0.85,0.24,-44.5,-183.04,52.81,0.89
1773567012.7334194,-0.11,-0.88,0.37,7.68,-133.68,110.52,0.96
1773567012.8249404,-0.27,-0.72,0.27,-48.15,-175.3,47.21,0.81
1773567012.9379003,-0.23,-0.94,0.24,21.34,-91.37,62.76,0.99
1773567013.0404153,-0.24,-0.63,0.4,29.45,-205.24,34.01,0.78
1773567013.140705,-0.02,-0.7,0.25,-76.15,-86.11,59.37,0.75
1773567013.2485242,-0.33,-0.86,0.35,-69.89,-26.37,6.76,0.99
1773567013.3416104,-0.18,-0.83,0.3,-15.8,-21.31,8.38,0.9
1773567013.4422865,-0.3,-0.93,0.46,-40.4,17.4,-3.31,1.08
1773567013.5547266,-0.34,-1.01,0.41,-47.19,-32.12,-49.41,1.14
1773567013.657375,-0.14,-1.06,0.43,-32.73,-51.68,-47.85,1.15
1773567013.7593029,0.07,-1.26,0.13,-5.04,10.85,-33.96,1.27
1773567014.6347558,-0.0,-0.9,0.22,33.14,16.96,15.98,0.93
1773567014.7396848,0.01,-0.94,0.25,64.14,24.76,39.39,0.97
1773567014.8486912,-0.07,-0.95,0.34,65.1,21.62,34.2,1.01
1773567014.952232,-0.19,-1.0,0.45,13.13,52.0,-29.16,1.12
1773567015.0546076,-0.25,-1.14,0.56,-31.05,69.72,-27.5,1.3
1773567015.154439,-0.37,-0.83,0.46,-18.64,-27.92,-11.34,1.01
1773567015.2547374,-0.3,-0.96,0.33,34.7,3.07,36.66,1.06
1773567015.3598244,-0.33,-0.96,0.49,38.21,-12.37,13.13,1.12
1773567015.455252,-0.27,-0.9,0.43,16.79,2.99,-41.6,1.03
1773567015.5574996,-0.17,-0.72,0.38,4.6,13.94,-63.15,0.84
1773567015.674965,-0.02,-0.64,0.35,-24.23,-14.46,-39.62,0.73
1773567015.7712407,0.1,-0.73,0.37,-77.04,-32.96,-32.43,0.82
1773567015.875964,0.05,-0.87,0.39,-63.97,-11.53,1.82,0.95
1773567015.9884384,0.07,-0.81,0.28,-43.48,-81.27,5.71,0.86
1773567016.0875497,-0.03,-0.8,0.21,-19.19,-102.84,-15.04,0.83
1773567016.1876626,-0.12,-0.96,0.24,-4.66,-29.56,42.73,0.99
1773567016.288818,-0.23,-0.94,0.17,-20.43,-39.63,23.36,0.99
1773567016.390194,-0.23,-1.03,0.07,3.07,62.14,-16.17,1.06
1773567016.492633,-0.13,-0.91,0.19,17.86,45.18,-30.11,0.94
1773567016.5902438,-0.14,-0.92,0.22,-53.85,47.4,-62.73,0.95
1773567016.7044995,-0.09,-1.16,0.25,17.71,132.61,-45.68,1.19
1773567016.8032808,-0.04,-0.61,0.24,-9.15,-26.03,-27.91,0.66
1773567016.904173,-0.04,-1.21,0.1,-56.26,187.59,5.22,1.21
1773567017.0141697,-0.16,-0.76,0.42,92.15,92.93,-57.99,0.88
1773567017.1061244,0.09,-0.89,0.23,8.08,153.27,-30.69,0.92
1773567017.220878,-0.07,-0.93,0.45,1.02,163.57,-59.1,1.04
1773567017.3214197,-0.07,-0.9,0.29,45.48,125.43,-79.5,0.94
1773567017.4231403,-0.29,-0.86,0.25,-43.74,120.3,-45.45,0.94
1773567017.5282283,-0.16,-1.02,0.11,28.84,83.4,6.84,1.04
1773567017.628233,-0.28,-0.91,0.26,-2.9,26.95,1.1,0.99
1773567017.723228,-0.14,-0.93,0.1,-17.01,8.59,4.09,0.95
1773567018.6051724,-0.09,-0.92,0.12,-20.24,17.3,-15.97,0.94
1773567018.759222,-0.0,-0.95,0.06,19.92,13.28,3.08,0.95
1773567018.8109283,0.02,-0.99,0.18,30.84,-21.33,3.5,1.01
1773567018.920678,-0.02,-0.95,0.15,-8.21,-37.89,-3.18,0.96
1773567019.020884,-0.11,-1.0,0.1,4.82,-20.66,-0.64,1.01
1773567019.1288517,-0.07,-0.94,0.15,-3.66,-28.34,-6.92,0.95
1773567019.2222211,-0.08,-0.98,0.14,-62.14,-1.19,11.75,0.99
1773567019.334544,-0.19,-1.15,0.23,-15.11,92.63,21.91,1.18
1773567019.455106,-0.04,-0.78,0.18,-0.24,-61.21,11.53,0.8
1773567019.540722,-0.12,-0.95,0.19,-35.37,21.48,2.0,0.98
1773567019.644384,-0.23,-0.94,0.33,69.18,-68.92,-21.41,1.03
1773567019.7381554,-0.09,-0.86,0.19,2.87,-110.12,48.82,0.89
1773567019.8435652,-0.22,-0.96,0.22,-10.98,-110.21,29.28,1.01
1773567019.953813,-0.18,-0.92,0.29,-12.24,-186.34,40.34,0.98
1773567020.0540855,-0.18,-0.99,0.27,-58.23,-180.06,54.37,1.05
1773567020.1608512,-0.04,-0.89,0.21,28.93,-263.53,75.22,0.92
1773567020.2558303,0.18,-0.9,0.31,17.02,-265.22,109.31,0.97
1773567020.3705463,0.06,-0.84,0.43,-8.66,-209.71,70.2,0.94
1773567020.4713216,-0.1,-0.81,0.22,-53.18,-183.18,80.0,0.84
1773567020.5718288,-0.16,-0.75,0.36,12.0,-160.81,85.16,0.85
1773567020.6792183,-0.15,-0.69,0.3,-24.18,-189.45,85.92,0.77
1773567020.7724955,-0.23,-0.84,0.44,-28.34,-107.25,60.23,0.97
1773567020.873176,-0.26,-0.79,0.39,-20.38,-96.98,43.21,0.92
1773567020.9897394,-0.29,-0.9,0.37,-53.5,-18.87,-1.34,1.01
1773567021.0900102,-0.37,-0.9,0.47,-50.69,-6.03,-13.89,1.08
1773567021.1942468,-0.38,-0.99,0.49,-44.35,-26.66,-40.92,1.17
1773567021.291098,-0.03,-1.1,0.32,-32.61,-65.94,-30.03,1.15
1773567021.3918118,-0.0,-1.17,0.12,-74.03,87.08,-52.49,1.18
1773567021.503782,0.06,-0.8,0.02,15.36,-12.92,-59.54,0.8
1773567021.6110463,0.2,-1.01,-0.07,-43.56,62.59,-57.59,1.03
1773567022.5042555,0.05,-1.0,0.19,7.39,2.69,14.55,1.02
1773567022.6202557,0.0,-0.94,0.14,-19.34,31.62,15.95,0.95
1773567022.712052,-0.06,-1.11,0.27,-4.76,83.16,16.81,1.14
1773567022.811051,-0.28,-1.21,0.5,-45.85,18.12,-2.93,1.34
1773567022.921393,-0.33,-1.05,0.33,2.61,-47.24,-89.41,1.15
1773567023.0283809,-0.2,-0.87,0.19,96.5,-119.44,1.69,0.91
1773567023.1192088,-0.33,-1.05,0.34,-60.93,12.55,-5.27,1.16
1773567023.2358985,-0.1,-0.97,0.31,16.89,25.16,2.4,1.03
1773567023.3376577,-0.04,-0.86,0.24,-25.47,10.05,-5.6,0.89
1773567023.4367352,0.0,-0.76,0.17,-8.67,0.96,5.05,0.78
1773567023.5369108,0.02,-0.72,0.17,8.21,-42.55,-34.76,0.74
1773567023.639457,0.1,-0.86,0.17,-26.08,-26.9,-5.94,0.88
1773567023.750978,0.04,-0.96,0.28,-15.37,-44.55,6.67,1.0
1773567023.8548586,0.05,-0.88,0.23,-25.89,-72.99,35.57,0.92
1773567023.962722,0.07,-0.99,0.22,-41.94,-109.25,43.02,1.02
1773567024.0561695,-0.11,-0.92,0.25,-11.36,-108.41,-11.25,0.96
1773567024.1536355,-0.1,-0.91,0.17,-6.2,-93.34,-4.83,0.94
1773567024.2582169,-0.12,-0.89,0.04,0.31,-12.67,0.87,0.9
1773567024.3620088,-0.26,-1.05,0.21,8.99,53.6,-35.33,1.1
1773567024.4711566,-0.06,-0.89,0.15,14.64,24.93,8.53,0.91
1773567024.570177,-0.1,-0.97,0.23,-5.94,12.75,-41.18,1.0
1773567024.670408,0.02,-1.07,0.19,-23.45,-36.58,-49.47,1.09
1773567024.7866113,-0.27,-0.86,0.6,-69.15,91.77,-68.81,1.08
1773567024.8846965,0.09,-0.78,0.04,21.79,46.03,13.16,0.79
1773567024.99006,-0.13,-1.0,0.32,29.04,154.21,-20.34,1.06
1773567025.089383,0.0,-0.87,0.16,27.3,100.7,24.9,0.89
1773567025.1867614,-0.06,-0.93,0.35,30.21,144.23,-42.57,0.99
1773567025.3037422,-0.05,-1.02,0.4,-1.83,133.05,-69.59,1.09
1773567025.4038854,-0.25,-0.79,0.48,82.56,122.75,-111.99,0.96
1773567025.5038676,-0.28,-0.85,0.23,-45.18,125.97,-71.54,0.92
1773567025.603474,-0.33,-0.89,0.45,-18.81,119.01,-29.96,1.05
1773567025.7043328,-0.19,-0.88,0.28,-4.96,66.64,-12.31,0.94
1773567025.8200655,-0.21,-0.81,0.3,-27.92,91.45,-28.25,0.89
1773567025.9181674,-0.26,-0.91,0.19,-16.2,132.66,-48.37,0.97
0.0,0.0,0.0,0.0,0.0,0.0,0.0,0.0
1773567027.20391,0.07,-0.87,0.32,-13.83,-66.99,41.42,0.93
1773567027.3032498,0.02,-0.97,0.22,2.34,-79.71,70.93,1.0
1773567027.4065764,-0.27,-0.74,0.49,-14.72,-85.53,32.99,0.92
1773567027.5034783,-0.36,-0.92,0.17,-63.86,-81.07,9.72,1.0
1773567027.6214097,-0.36,-0.92,0.31,56.27,-25.95,49.75,1.04
1773567027.725329,-0.34,-0.83,0.17,9.42,10.15,14.49,0.92
1773567027.8054185,-0.35,-0.96,0.2,9.01,38.58,-27.01,1.04
1773567027.9305022,-0.29,-0.89,0.25,-8.32,25.14,-67.59,0.97
1773567028.0312116,-0.24,-0.94,0.26,-25.04,18.03,-62.25,1.0
1773567028.1371882,-0.17,-1.16,0.3,27.79,24.05,-52.06,1.21
1773567028.2362127,-0.14,-0.55,0.31,-73.39,-11.68,-75.99,0.65
1773567028.3367484,-0.08,-1.06,0.02,8.82,87.6,-10.75,1.06
1773567028.439196,-0.21,-0.73,0.49,46.47,139.92,-78.87,0.9
1773567028.5338736,-0.18,-0.95,0.15,27.16,108.29,-19.1,0.98
1773567028.646063,-0.12,-0.91,0.42,34.93,133.02,-45.88,1.01
1773567028.7528284,-0.36,-1.08,0.37,-28.67,206.78,-76.6,1.19
1773567028.8528876,-0.32,-0.86,0.23,48.34,161.42,-122.69,0.95
1773567028.9561467,-0.26,-0.82,0.4,13.48,211.91,-113.96,0.94
1773567029.0527043,-0.24,-0.95,0.29,-36.81,132.34,-166.63,1.02
1773567029.153547,-0.14,-0.96,0.27,-101.15,116.63,-110.08,1.01
1773567029.2605748,-0.07,-0.91,0.25,-80.23,64.49,-55.71,0.95
1773567029.3721757,0.14,-1.02,0.17,-126.35,60.66,35.98,1.04
1773567029.4860957,0.14,-0.94,0.07,49.33,0.7,62.55,0.95
1773567029.5702124,0.21,-1.04,0.12,15.04,-29.12,-20.02,1.07
1773567029.6746032,0.17,-0.83,0.13,-0.89,-40.4,-11.54,0.86
1773567029.7860377,0.14,-0.98,0.03,-8.49,-70.18,4.98,0.99
1773567029.8765335,0.06,-1.04,0.1,-52.03,-40.41,2.46,1.04
1773567029.9860787,0.15,-1.14,-0.01,-76.35,-11.83,36.52,1.15
1773567030.093516,-0.08,-0.92,0.18,-10.82,-63.99,-44.34,0.94
1773567030.1887658,0.19,-0.87,-0.08,-73.34,-76.35,-4.12,0.89
1773567030.2895403,-0.13,-1.07,0.18,25.45,-82.29,-11.79,1.09
1773567030.3929086,0.12,-0.88,-0.08,46.95,-152.76,25.72,0.89
1773567030.504444,-0.01,-0.96,0.06,9.73,-167.57,17.54,0.96
1773567030.6024485,-0.02,-1.07,0.07,-9.27,-199.48,-2.89,1.08
1773567030.7057223,-0.06,-1.01,0.21,1.56,-221.68,-3.45,1.03
1773567030.8185077,0.16,-0.93,0.07,2.79,-179.21,50.73,0.94
1773567030.9128337,0.17,-0.88,0.14,16.89,-222.26,-21.53,0.91
1773567031.7358468,0.03,-0.92,0.09,43.88,-86.34,-31.63,0.93
1773567031.835985,0.1,-1.0,0.28,62.5,-110.87,11.65,1.05
1773567031.9311547,0.13,-0.93,0.23,4.26,-102.46,17.07,0.97
1773567032.0241003,0.02,-0.98,0.2,-12.2,-38.35,32.58,1.0
1773567032.1367457,0.05,-0.95,0.14,-6.87,-10.66,25.19,0.96
1773567032.2443266,0.12,-0.95,0.27,-3.13,5.6,10.23,1.0
1773567032.3385482,0.11,-0.92,0.22,-32.17,2.58,11.37,0.95
1773567032.437249,-0.06,-0.86,0.19,31.28,12.47,12.23,0.88
1773567032.5553665,-0.31,-1.02,0.03,-18.56,66.9,16.92,1.06
1773567032.6559265,-0.33,-1.08,0.03,18.76,67.45,18.08,1.13
1773567032.7559114,-0.19,-0.95,0.13,1.74,40.58,-10.73,0.98
1773567032.8564975,-0.15,-0.93,0.0,-10.46,11.28,-18.73,0.94
1773567032.9563088,-0.19,-0.95,0.09,-11.18,-13.63,-6.57,0.98
1773567033.073382,-0.22,-0.95,0.09,-12.53,-37.82,-9.21,0.98
1773567033.1717875,-0.18,-0.97,0.03,-46.63,-43.42,-10.55,0.99
1773567033.2856493,-0.11,-1.0,0.26,-6.17,-41.22,4.99,1.04
1773567033.3717704,0.05,-0.88,0.16,-8.6,-85.8,38.37,0.9
1773567033.4722185,0.04,-0.93,0.24,51.98,-117.44,11.82,0.96
1773567033.5874624,0.01,-0.89,0.21,21.14,-113.41,52.34,0.91
1773567033.6884315,-0.07,-1.0,0.22,27.97,-102.49,49.33,1.02
1773567033.7856362,-0.13,-0.99,0.29,-66.41,-118.87,33.43,1.05
1773567033.8861928,-0.29,-0.96,0.36,-101.91,-17.63,52.37,1.07
1773567034.0025203,-0.35,-0.83,0.06,-58.58,-97.66,17.86,0.9
1773567034.1029851,-0.18,-0.99,0.15,25.33,-41.02,15.79,1.02
1773567034.2033708,-0.21,-0.85,0.25,61.69,-98.47,-5.07,0.91
1773567034.307513,-0.18,-0.83,0.23,36.23,-136.38,31.24,0.88
1773567034.403952,-0.0,-0.83,0.34,20.27,-194.58,17.59,0.89
1773567034.5040095,-0.03,-0.73,0.37,-48.32,-115.48,95.88,0.82
1773567034.621979,-0.23,-0.73,0.22,-67.51,-120.87,46.49,0.8
1773567034.7230446,-0.18,-0.85,0.25,-23.62,-19.28,46.4,0.91
1773567034.8179605,-0.36,-1.02,0.41,-14.09,-82.95,23.5,1.15
1773567034.918837,-0.35,-1.03,0.26,-64.69,-59.56,-15.54,1.12
1773567035.0359044,-0.36,-1.02,0.34,-24.86,-101.01,-15.45,1.14
1773567035.1367233,-0.08,-1.09,0.18,-26.35,-140.41,-25.7,1.1
1773567035.236474,-0.08,-1.19,0.13,-93.45,76.61,-18.17,1.2
0.0,0.0,0.0,0.0,0.0,0.0,0.0,0.0
1773567039.2276192,-0.4,-0.86,0.51,33.83,44.87,70.59,1.08
1773567039.321952,-0.22,-0.84,0.32,-60.82,1.66,-15.15,0.93
1773567039.4371102,-0.18,-1.04,0.39,-59.42,-32.87,-68.08,1.13
1773567039.5402174,-0.28,-1.01,0.55,-17.86,21.05,-0.83,1.18
1773567039.6359675,-0.35,-0.95,0.43,-53.8,-41.16,-39.76,1.1
1773567039.7522087,-0.38,-1.13,0.43,25.53,-36.26,-1.21,1.26
1773567039.8513908,-0.26,-1.03,0.35,-13.07,-94.87,-83.68,1.12
1773567039.9440386,-0.07,-0.84,0.24,-19.69,-25.83,-91.45,0.88
1773567040.0514426,0.04,-0.7,0.37,16.43,-0.24,-103.76,0.79
1773567040.1530006,0.18,-0.67,0.35,16.85,4.11,-84.26,0.77
1773567040.2556992,0.15,-0.61,0.28,-38.38,-10.31,-50.78,0.69
1773567040.3684628,0.19,-0.73,0.41,-39.65,13.85,-43.76,0.85
1773567040.4715266,0.26,-0.93,0.43,-62.76,50.3,46.34,1.05
1773567040.5707853,0.14,-0.89,0.36,-73.82,28.79,55.74,0.97
1773567040.668563,0.13,-0.87,0.25,-87.56,35.42,3.51,0.92
1773567040.76888,0.02,-0.92,0.2,-3.15,40.09,19.86,0.94
1773567040.8697672,0.04,-0.91,0.07,-17.02,-69.71,0.72,0.91
1773567040.9726465,-0.17,-1.03,0.06,25.69,-37.76,49.5,1.04
1773567041.0850792,-0.13,-0.97,0.1,37.24,-42.6,36.2,0.98
1773567041.190832,-0.11,-0.99,0.11,6.55,-13.18,21.71,1.0
1773567041.2913623,-0.12,-0.96,0.17,-3.3,-0.64,-15.01,0.99
1773567041.391819,-0.09,-0.96,0.18,-36.92,-15.33,-39.08,0.98
1773567041.5035298,-0.07,-1.04,0.26,39.91,20.72,-44.7,1.08
1773567041.6046593,-0.11,-0.75,0.29,24.64,39.89,-31.7,0.81
1773567041.70183,-0.04,-1.02,0.28,-17.18,149.22,-67.73,1.06
1773567041.8013036,-0.15,-0.85,0.43,81.33,147.63,-34.03,0.96
1773567041.9024522,-0.02,-0.89,0.39,-24.05,187.8,-96.54,0.97
1773567042.0201883,-0.04,-0.81,0.47,26.95,196.46,-66.21,0.93
1773567042.121017,-0.03,-0.9,0.44,6.56,211.08,-90.43,1.0
1773567042.2213662,-0.01,-0.84,0.37,-6.58,178.03,-92.95,0.92
1773567042.3184617,-0.07,-0.84,0.29,4.29,132.95,-42.44,0.89
1773567042.4180436,-0.05,-0.93,0.25,-0.44,106.95,0.27,0.96
0.0,0.0,0.0,0.0,0.0,0.0,0.0,0.0
1773567043.448867,0.01,-0.93,0.32,-5.68,67.59,-50.05,0.99
1773567043.5613427,0.06,-0.86,0.31,-5.39,27.08,-42.11,0.91
1773567043.6540265,0.11,-0.87,0.25,-29.16,30.92,-15.37,0.91
1773567043.7685602,0.12,-0.91,0.29,24.0,1.36,12.9,0.96
1773567043.868621,0.14,-0.92,0.32,0.43,-35.34,15.82,0.99
1773567043.9688983,0.1,-0.91,0.34,35.98,-32.52,27.54,0.98
1773567044.0769129,0.08,-0.88,0.25,-22.92,-78.34,12.84,0.92
1773567044.1719248,0.07,-0.92,0.28,22.17,-43.82,29.45,0.96
1773567044.2845194,0.06,-0.92,0.31,-1.42,-52.2,-2.89,0.97
1773567044.386608,0.06,-1.02,0.32,-33.92,-39.1,7.6,1.07
1773567044.4862804,-0.06,-0.89,0.34,-51.33,-14.64,32.4,0.96
1773567044.5847166,0.08,-0.87,0.28,-46.18,-64.7,43.75,0.92
1773567044.685532,-0.06,-0.92,0.3,-22.96,-41.88,49.82,0.97
1773567044.8015828,-0.1,-0.88,0.28,-20.5,-66.43,22.35,0.93
1773567044.9001138,-0.08,-0.95,0.26,-5.92,-104.61,25.6,0.99
1773567045.0058415,-0.12,-0.92,0.3,47.16,-137.73,65.62,0.98
1773567045.1064413,-0.13,-0.9,0.22,-32.6,-161.54,70.32,0.94
1773567045.2069066,-0.18,-0.95,0.23,-20.21,-172.29,53.86,0.99
1773567045.3257167,-0.2,-0.93,0.31,-12.02,-198.38,53.92,1.0
1773567045.4182005,-0.25,-0.99,0.25,-59.1,-157.5,61.66,1.05
1773567045.5364516,-0.26,-0.93,0.23,-38.5,-174.21,36.85,0.99
1773567045.6195135,0.03,-0.87,0.24,-31.1,-126.63,22.34,0.9
1773567045.7181234,0.02,-0.91,0.36,29.68,-157.74,-2.0,0.98
1773567045.83433,0.01,-0.89,0.37,-29.66,-157.7,51.77,0.97
1773567045.9355388,0.01,-0.92,0.34,-12.79,-149.02,43.28,0.98
1773567046.0267208,-0.03,-0.93,0.33,-23.28,-138.5,49.92,0.99
1773567046.1427815,-0.06,-0.74,0.13,-31.18,-120.0,61.3,0.76
1773567046.2358143,-0.15,-0.66,0.13,-17.66,-94.41,44.47,0.69
1773567046.3487062,-0.08,-0.77,0.11,-35.07,-67.71,33.77,0.78
1773567046.4509585,-0.26,-0.89,0.42,31.63,-55.13,26.95,1.01
1773567046.5569415,-0.36,-1.07,0.33,-56.76,19.48,5.36,1.17
1773567046.655072,-0.48,-1.11,0.28,-53.92,-57.39,-60.21,1.25
1773567046.768639,-0.13,-0.98,0.36,-33.82,15.48,-57.73,1.05
1773567046.8734896,0.19,-1.15,-0.03,-57.47,-15.04,-0.41,1.17
1773567046.9678442,0.01,-1.11,-0.11,47.95,28.63,33.57,1.12
1773567047.0698752,0.04,-0.89,0.19,41.91,21.79,-62.76,0.91
1773567047.175246,0.11,-0.97,0.18,0.98,30.43,-90.49,1.0
1773567047.2694938,0.1,-0.9,0.18,-15.85,23.45,24.66,0.93
1773567047.3747256,0.05,-1.05,0.16,-3.11,-3.92,-25.57,1.07
1773567047.4845078,0.08,-0.85,0.17,-23.25,-43.56,-9.16,0.87
1773567048.28807,-0.06,-0.9,0.21,51.83,-6.55,53.14,0.93
1773567048.360738,-0.02,-1.01,0.28,55.3,-24.75,54.7,1.05
1773567048.4563136,-0.07,-0.9,0.31,25.6,-7.97,38.0,0.95
1773567048.56828,-0.09,-0.84,0.36,45.04,4.27,38.88,0.91
1773567048.6687918,-0.16,-0.78,0.32,31.04,42.3,9.46,0.85
1773567048.7719707,-0.05,-0.94,0.44,87.59,21.53,-47.74,1.04
1773567048.8673515,-0.32,-0.93,0.67,62.78,51.54,52.61,1.19
1773567048.96734,-0.43,-0.81,0.74,59.13,-46.87,64.9,1.17
1773567049.076292,-0.57,-0.86,0.65,-6.47,-15.07,51.48,1.22
1773567049.186046,-0.51,-0.79,0.56,-0.52,-48.0,15.08,1.1
1773567049.2885778,-0.45,-0.71,0.57,-26.95,-30.12,-6.21,1.02
1773567049.390662,-0.42,-0.65,0.46,-43.33,9.24,-4.11,0.9
1773567049.501155,-0.32,-0.6,0.39,-24.38,3.71,-34.83,0.79
1773567049.6005929,-0.28,-0.63,0.36,-60.84,4.79,-88.83,0.78
1773567049.7033696,-0.05,-0.74,0.35,-48.02,7.79,-85.53,0.82
1773567049.8018851,-0.1,-0.84,0.37,-52.06,29.65,-59.12,0.93
1773567049.9100368,-0.1,-0.81,0.33,-57.31,28.52,-58.95,0.88
1773567050.0167909,0.08,-0.87,0.34,-60.18,-14.86,-68.49,0.94
1773567050.105344,0.04,-0.96,0.22,-40.17,-46.26,-9.65,0.99
1773567050.2182195,-0.09,-0.75,0.2,28.2,-102.69,50.49,0.78
1773567050.319141,-0.25,-0.97,0.19,0.12,-42.52,66.26,1.02
1773567050.4186535,-0.35,-0.99,-0.02,1.89,4.03,41.34,1.06
1773567050.5265074,-0.35,-1.07,0.23,40.17,41.62,-15.63,1.15
1773567050.6217663,-0.25,-0.89,0.2,-29.21,30.96,-55.01,0.94
1773567050.7380018,-0.11,-0.89,0.18,-30.76,9.8,-60.0,0.91
1773567050.8385346,-0.2,-1.2,0.15,-30.08,68.84,-32.86,1.23
1773567050.9385877,-0.15,-0.65,0.28,50.67,-2.63,-14.63,0.73
1773567051.0476344,-0.2,-1.0,0.22,-38.58,81.48,-59.18,1.05
1773567051.1528285,-0.22,-0.92,0.39,108.85,65.69,-12.7,1.02
1773567051.2511327,-0.07,-0.85,0.24,-20.58,102.73,-87.28,0.89
1773567051.3562164,-0.05,-0.87,0.32,34.15,146.78,-67.99,0.93
1773567051.4538002,-0.01,-0.99,0.42,8.26,173.28,-62.41,1.08
0.0,0.0,0.0,0.0,0.0,0.0,0.0,0.0
1773567052.894868,-0.02,-0.86,0.19,-32.03,52.56,-39.97,0.88
1773567052.9109104,-0.17,-0.95,0.25,21.07,82.79,4.06,1.0
1773567052.9709983,-0.1,-0.84,0.28,4.34,66.72,-23.51,0.89
1773567053.0771174,0.14,-1.03,0.3,36.31,62.95,-47.22,1.08
1773567053.175557,0.08,-0.94,0.37,44.06,-8.08,-9.94,1.01
1773567053.2832146,0.09,-0.81,0.22,-17.57,-41.71,-19.99,0.85
1773567053.3722172,0.02,-0.9,0.3,38.21,-50.79,36.26,0.95
1773567053.4850278,-0.05,-0.95,0.42,-17.22,-57.95,54.46,1.04
1773567053.586817,-0.16,-1.05,0.4,-58.09,-19.92,76.43,1.14
1773567053.6972606,-0.2,-0.77,0.35,-64.2,-39.01,13.66,0.87
1773567053.8009727,-0.13,-0.86,0.28,-35.05,3.59,22.72,0.91
1773567053.9040632,-0.32,-0.82,0.31,26.6,-57.73,6.41,0.93
1773567054.0022993,-0.17,-0.87,0.27,-27.66,-84.06,78.0,0.93
1773567054.1003747,-0.34,-0.89,0.24,2.4,-136.49,16.3,0.99
1773567054.2196107,-0.29,-0.87,0.28,-41.97,-147.1,37.77,0.96
1773567054.317024,-0.32,-0.9,0.3,-52.95,-147.02,39.97,1.01
1773567054.417945,-0.15,-0.97,0.32,2.15,-192.63,36.18,1.03
1773567054.5205047,0.24,-0.76,0.47,-0.05,-218.31,82.44,0.93
1773567054.6176865,-0.04,-0.88,0.51,-1.31,-160.49,73.94,1.02
1773567054.7223682,-0.12,-0.69,0.41,-32.99,-153.83,129.68,0.82
1773567054.8348863,-0.05,-0.68,0.22,24.95,-143.39,110.43,0.72
1773567054.9333167,-0.33,-0.81,0.38,35.33,-122.9,125.97,0.96
1773567055.0252364,-0.31,-0.67,0.64,-30.43,-106.84,110.7,0.97
1773567055.1346269,-0.41,-0.72,0.47,-90.44,-67.95,48.21,0.95
1773567055.2477095,-0.39,-0.75,0.5,-78.23,-27.39,-15.21,0.98
1773567055.338482,-0.44,-0.84,0.49,-91.3,-0.21,19.39,1.07
1773567055.4540975,-0.42,-0.89,0.37,-69.24,-40.24,-22.31,1.05
1773567055.5546184,-0.27,-0.86,0.44,27.24,-101.1,-40.44,1.0
1773567055.655007,-0.07,-1.14,0.34,-103.37,-70.43,18.53,1.19
1773567055.7604542,-0.19,-1.33,0.03,42.72,-23.37,-0.87,1.35
1773567055.857303,-0.06,-0.77,0.31,-43.85,16.72,-107.7,0.83
1773567055.9670522,-0.15,-1.0,0.32,2.98,45.94,-127.02,1.06
1773567056.0591433,0.07,-0.74,0.38,-48.46,-13.33,-22.66,0.84
1773567056.1747148,-0.01,-0.92,0.17,-62.81,31.97,-28.11,0.93
1773567056.282941,0.01,-0.94,0.22,13.63,-11.94,3.89,0.97
1773567056.3701508,0.03,-0.93,0.19,-108.06,-38.73,-24.55,0.95
1773567057.1974237,-0.04,-0.97,0.15,32.05,7.83,29.36,0.98
1773567057.2619472,-0.06,-0.97,0.25,34.12,-38.72,6.76,1.0
1773567057.3584256,-0.1,-0.94,0.27,21.88,-24.66,14.69,0.98
1773567057.4667451,-0.17,-0.91,0.32,-5.98,-36.34,5.4,0.98
1773567057.567161,-0.2,-0.87,0.31,-10.6,-37.8,51.5,0.95
1773567057.6710055,-0.19,-0.98,0.28,-33.47,-50.14,106.9,1.04
1773567057.767586,-0.3,-0.9,0.36,-58.31,8.9,60.66,1.01
1773567057.8732564,-0.29,-0.81,0.04,-36.49,31.02,15.46,0.87
1773567057.9839754,-0.17,-0.87,0.26,20.15,11.59,-118.23,0.93
1773567058.0836115,0.02,-1.04,0.07,-38.95,-71.97,-69.73,1.04
1773567058.1888926,-0.14,-0.99,0.22,63.6,-14.06,-36.2,1.02
1773567058.2853248,-0.04,-0.92,0.1,-29.16,3.47,-14.15,0.93
1773567058.393216,-0.05,-0.95,0.21,55.22,10.72,23.27,0.97
1773567058.486757,-0.07,-0.87,0.31,-19.85,-8.23,23.37,0.93
1773567058.6005852,-0.17,-0.88,0.27,13.73,18.21,32.52,0.94
1773567058.7055173,-0.28,-0.91,0.41,15.79,-5.04,54.11,1.04
1773567058.8000145,-0.17,-0.91,0.25,-34.58,12.75,27.11,0.96
1773567058.9113154,-0.27,-0.93,0.23,5.25,44.23,-10.57,1.0
1773567059.0165725,-0.64,-1.1,0.47,71.95,18.38,39.16,1.36
1773567059.1208446,-0.46,-0.96,0.41,14.08,-45.16,14.9,1.14
1773567059.2247343,-0.49,-0.94,0.41,15.68,-45.21,-4.23,1.14
1773567059.3196278,-0.49,-0.89,0.33,-21.1,-28.02,-49.85,1.07
1773567059.4184008,-0.36,-0.83,0.3,8.95,4.35,-36.0,0.95
1773567059.5331328,-0.26,-0.77,0.33,-12.47,-6.49,-62.41,0.88
1773567059.6229205,-0.28,-0.7,0.37,19.02,4.55,-26.41,0.84
1773567059.738389,-0.07,-0.57,0.21,-82.73,-44.41,-89.44,0.62
1773567059.8338685,-0.01,-0.94,0.24,-27.47,-3.99,-80.12,0.97
1773567059.9407828,-0.06,-0.8,0.26,-29.62,-50.37,3.31,0.84
1773567060.0524251,-0.02,-0.96,0.18,-65.08,10.17,13.17,0.98
1773567060.149562,-0.13,-0.97,0.2,-24.84,-37.66,13.72,1.0
0.0,0.0,0.0,0.0,0.0,0.0,0.0,0.0
1773567061.7972054,-0.1,-0.93,0.15,-1.25,-10.92,-7.34,0.95
1773567061.8993652,-0.09,-0.96,0.18,-6.18,-22.31,-10.18,0.98
1773567061.9914246,-0.06,-0.94,0.15,-6.31,-27.73,-14.57,0.96
1773567062.0926006,-0.06,-0.94,0.15,-4.72,-30.41,-17.76,0.95
1773567062.2085292,-0.04,-0.95,0.15,10.38,-33.7,-1.36,0.97
1773567062.3017929,-0.06,-0.94,0.19,2.0,-29.45,-9.13,0.96
1773567062.406528,-0.07,-0.92,0.2,6.89,-30.86,-6.37,0.94
1773567062.5164073,0.01,-0.91,0.25,2.38,-60.29,2.5,0.94
1773567062.6187322,0.07,-0.92,0.29,-3.65,-39.82,20.47,0.97
1773567062.7204854,-0.01,-0.79,0.16,15.3,-48.37,26.96,0.8
1773567062.8187358,-0.01,-0.72,0.2,11.47,-28.09,39.46,0.74
1773567062.9339972,-0.03,-0.72,0.28,-26.49,-30.09,45.69,0.77
1773567063.0330863,-0.17,-0.84,0.29,-42.93,-56.49,45.88,0.91
1773567063.1330676,-0.42,-0.95,0.37,-43.01,-40.08,20.99,1.11
1773567063.23271,-0.35,-1.14,0.35,-58.27,-66.23,-19.48,1.24
1773567063.34926,-0.15,-1.11,0.05,-94.26,-42.67,-66.17,1.12
1773567063.4501667,-0.04,-1.44,-0.08,55.08,106.55,62.11,1.44
1773567063.553085,0.1,-0.68,0.23,105.02,11.65,-20.4,0.72
1773567063.655025,0.06,-0.94,0.11,-87.19,69.68,-134.18,0.95
1773567063.7687652,0.06,-0.91,0.28,78.58,-1.36,-20.7,0.95
1773567063.8519633,0.08,-0.98,0.14,-52.29,0.05,-14.44,1.0
1773567063.958215,0.04,-0.89,0.18,24.05,3.01,23.79,0.91
1773567064.0825915,0.02,-0.95,0.17,-9.42,5.14,5.48,0.96
1773567064.1795175,-0.09,-1.0,0.2,-11.76,-38.05,12.37,1.02
1773567064.2676606,-0.02,-0.99,0.16,-23.68,-34.29,-2.15,1.0
1773567064.3825338,-0.05,-0.95,0.14,-17.83,-29.07,12.87,0.97
1773567064.4836214,-0.08,-0.94,0.15,-6.32,-20.52,13.33,0.96
1773567064.5828466,-0.07,-0.98,0.13,-7.66,-14.96,0.14,0.99
1773567065.4827063,-0.07,-0.93,0.14,3.92,4.37,-1.68,0.95
1773567065.5997217,-0.04,-0.94,0.18,4.52,-17.86,25.08,0.96
1773567065.699253,-0.06,-0.95,0.18,-20.79,-25.68,35.8,0.97
1773567065.805027,-0.08,-0.98,0.14,-3.62,-28.98,25.68,0.99
1773567065.9054637,-0.1,-0.98,0.14,-1.98,-20.7,2.27,0.99
1773567066.018642,-0.15,-0.99,0.16,-3.92,-5.37,-26.81,1.02
1773567066.116403,-0.13,-0.97,0.12,-1.89,7.89,-44.05,0.98
1773567066.2161193,-0.05,-0.95,0.14,-6.69,41.11,-54.14,0.96
1773567066.3155878,0.08,-0.93,0.16,-2.73,18.38,-43.01,0.95
1773567066.419159,0.03,-0.91,0.11,-34.69,83.11,-20.4,0.91
1773567066.5336635,0.08,-0.87,0.03,0.78,89.18,-57.27,0.88
1773567066.633586,0.15,-0.8,0.12,-10.73,77.18,-58.08,0.82
1773567066.7458105,0.26,-0.95,0.26,19.92,-7.25,-1.37,1.02
1773567066.8332753,0.06,-1.01,0.22,-34.64,-77.04,5.17,1.03
1773567066.9501631,0.13,-0.97,0.08,21.02,-26.47,-10.14,0.98
1773567067.051164,0.12,-1.11,0.2,11.31,-10.14,20.49,1.14
1773567067.1497984,0.13,-1.0,0.16,-32.27,-40.82,18.35,1.02
1773567067.2573402,0.01,-0.97,0.15,-18.56,-43.05,18.92,0.98
1773567067.3555734,0.07,-0.96,0.22,19.79,-74.58,20.3,0.99
1773567067.4642107,-0.05,-0.9,0.26,-0.63,-80.95,56.73,0.94
1773567067.5687878,-0.07,-0.94,0.19,-18.67,-81.74,50.14,0.96
1773567067.6691985,-0.12,-0.98,0.16,-10.27,-79.1,26.81,1.0
1773567067.7657475,-0.12,-1.02,0.11,-5.44,-37.13,-3.22,1.04
1773567067.87331,-0.08,-0.9,0.12,9.1,-17.97,-23.36,0.91
1773567067.9690435,-0.1,-0.89,0.12,-23.21,-5.91,-24.34,0.9
1773567068.0841634,-0.05,-0.92,0.11,-15.44,9.92,-21.5,0.93
1773567068.1826038,-0.0,-0.97,0.09,-24.05,15.79,-4.09,0.97
1773567068.2826216,-0.01,-0.94,0.14,-47.36,-44.57,-17.88,0.95
1773567068.38954,0.09,-0.95,0.03,21.97,5.37,5.94,0.95
1773567069.2652924,-0.31,-0.92,0.36,20.5,65.4,12.82,1.04
1773567069.3739853,-0.55,-1.27,0.68,49.36,193.91,89.11,1.54
1773567069.485305,-0.42,-0.91,0.31,-55.07,-11.95,-8.31,1.05
1773567069.5852664,-0.53,-0.9,0.17,-18.09,-20.55,-32.86,1.06
1773567069.6852326,-0.39,-0.85,0.24,-1.73,-32.82,-54.98,0.96
1773567069.7982786,-0.37,-0.88,0.24,40.12,-35.7,-38.2,0.98
1773567069.8984113,-0.3,-0.9,0.41,24.6,-60.21,-59.91,1.03
1773567070.004097,-0.24,-0.86,0.32,-40.79,-76.9,-70.98,0.95
1773567070.100251,-0.07,-0.68,0.24,-40.44,-70.76,-84.29,0.72
1773567070.2030537,-0.11,-0.6,0.17,-42.52,-35.13,-53.48,0.64
1773567070.3001428,-0.06,-0.85,0.06,-54.0,21.43,-34.28,0.85
1773567070.402016,-0.13,-0.98,0.05,-14.2,113.53,-10.96,0.99
1773567070.516249,-0.12,-0.99,0.28,80.0,82.41,2.78,1.04
1773567070.615485,-0.05,-0.92,0.27,-35.89,68.87,-56.73,0.96
1773567070.72465,-0.21,-0.96,0.19,-33.94,129.98,-45.21,1.0
1773567070.8345108,0.14,-0.91,0.26,33.34,80.18,-57.07,0.95
1773567070.9351792,-0.08,-0.98,0.36,39.95,147.1,-47.51,1.05
1773567071.0514786,0.0,-0.86,0.35,32.49,98.15,-39.54,0.93
1773567071.1518495,-0.0,-0.84,0.43,-11.13,145.14,-98.34,0.95
1773567071.2505057,0.02,-0.87,0.37,14.87,193.16,-91.8,0.95
1773567071.3497822,-0.03,-0.92,0.33,20.9,171.48,-42.02,0.98
1773567071.4486437,-0.1,-0.92,0.28,-20.31,126.96,-33.33,0.96
1773567071.556398,-0.1,-1.05,0.18,10.44,142.15,-50.5,1.07
1773567071.6517303,-0.12,-0.89,0.34,27.85,69.37,-49.99,0.96
1773567071.7504218,0.03,-0.95,0.19,-55.63,65.3,-63.73,0.97
1773567071.8660245,-0.01,-0.98,0.23,-14.37,30.46,-49.31,1.01
1773567071.9666667,-0.0,-0.98,0.29,-23.62,56.2,-10.69,1.03
1773567072.056587,0.14,-0.83,0.18,-46.03,20.32,-26.6,0.86
1773567072.1668265,-0.01,-1.02,0.34,29.63,-14.2,-25.74,1.08
0.0,0.0,0.0,0.0,0.0,0.0,0.0,0.0
1773567073.191888,0.05,-0.91,0.38,17.82,-18.26,36.35,0.98
1773567073.2863216,0.07,-0.95,0.31,-16.95,-46.73,34.12,1.0
1773567073.3986125,-0.09,-0.95,0.36,-10.41,-12.34,63.34,1.02
1773567073.4993682,-0.06,-0.84,0.3,-47.44,-40.52,40.96,0.9
1773567073.596336,-0.15,-0.89,0.31,-22.17,-5.74,55.4,0.95
1773567073.6983178,-0.21,-0.89,0.25,1.48,-15.22,11.88,0.95
1773567073.7981892,-0.18,-0.88,0.34,25.56,-54.35,35.07,0.96
1773567073.9005198,-0.21,-0.98,0.35,-7.07,-77.86,13.66,1.07
1773567073.9988856,-0.16,-0.85,0.29,-13.95,-119.85,1.8,0.91
1773567074.113587,-0.13,-0.92,0.28,-15.97,-139.83,52.64,0.97
1773567074.2185605,0.01,-0.99,0.32,-32.17,-238.23,51.25,1.04
1773567074.3175478,-0.01,-0.6,0.43,19.16,-266.69,74.04,0.74
1773567074.4156926,0.02,-0.81,0.45,-43.82,-202.69,101.5,0.93
1773567074.516256,0.03,-0.86,0.43,-59.79,-177.7,92.06,0.96
1773567074.640198,-0.08,-0.85,0.29,-2.99,-184.89,112.76,0.9
1773567074.7319438,-0.19,-0.7,0.38,8.17,-188.57,113.97,0.82
1773567074.83176,-0.17,-0.82,0.38,-37.74,-186.72,123.5,0.92
1773567074.94065,-0.35,-0.86,0.46,-31.1,-129.82,106.9,1.04
1773567075.0478313,-0.33,-0.8,0.27,-49.91,-165.74,45.07,0.91
1773567075.1367795,-0.35,-0.9,0.38,-53.47,-105.25,34.34,1.04
1773567075.2493691,-0.47,-1.08,0.42,-75.97,-9.16,-18.4,1.25
1773567075.3486078,-0.3,-1.0,0.18,-41.31,-14.35,-65.45,1.06
1773567075.4561708,-0.02,-0.98,0.25,7.07,11.18,-20.52,1.01
1773567075.5531776,0.03,-1.07,0.15,-32.12,32.99,-46.29,1.08
1773567075.6669424,0.12,-1.03,0.27,36.15,-27.77,-3.34,1.07
1773567075.7693555,0.06,-0.92,0.17,-86.92,-14.72,-56.21,0.93
1773567075.8674204,0.07,-0.96,0.08,34.06,-6.52,-38.92,0.97
1773567076.764401,-0.03,-0.98,0.21,-20.34,12.12,26.09,1.0
1773567076.847899,0.01,-0.97,0.16,-9.34,41.31,21.65,0.98
1773567076.948027,-0.14,-1.01,0.32,26.34,92.08,89.92,1.07
1773567077.0518875,-0.41,-1.05,0.35,21.77,10.82,61.13,1.18
1773567077.1512382,-0.42,-1.08,0.37,8.44,-80.05,85.66,1.22
1773567077.2671003,-0.62,-1.03,0.16,-40.67,-58.99,4.24,1.22
1773567077.3668747,-0.45,-0.96,0.16,18.6,-33.94,-20.12,1.07
1773567077.4726696,-0.22,-0.76,0.19,-0.43,-48.98,-49.3,0.81
1773567077.5736074,-0.02,-0.53,0.08,-27.3,-72.23,-85.3,0.54
1773567077.681602,0.1,-0.76,0.14,1.54,-45.16,-32.86,0.78
1773567077.7747948,-0.03,-0.96,0.34,28.55,-41.51,28.08,1.02
1773567077.881179,-0.02,-0.9,0.29,-67.76,-54.73,21.07,0.94
1773567077.981897,-0.0,-0.9,0.21,-74.99,-59.01,-42.11,0.93
1773567078.0977278,-0.27,-0.99,0.17,34.2,20.69,15.89,1.04
1773567078.1979747,-0.25,-0.86,0.08,-55.66,83.34,-31.62,0.9
1773567078.2888126,-0.35,-0.95,-0.02,74.67,121.8,-27.68,1.01
1773567078.3977125,-0.14,-0.96,0.21,30.7,103.57,-73.25,0.99
1773567078.5059583,-0.13,-0.99,0.18,10.2,89.8,-67.13,1.01
1773567078.6146383,-0.01,-1.1,0.21,-39.02,19.65,-65.21,1.12
1773567078.7158766,-0.27,-0.73,0.26,48.27,15.65,-29.62,0.82
1773567078.8168106,0.15,-0.96,0.14,-54.9,56.05,-52.11,0.99
1773567078.914543,-0.11,-0.85,0.34,106.35,-2.87,21.71,0.92
1773567079.0166593,0.07,-0.92,0.2,-52.46,58.38,-3.19,0.95
1773567079.1173065,-0.03,-0.96,0.29,39.63,53.57,-25.22,1.01
1773567079.2323048,0.09,-1.07,0.35,-32.23,38.12,-66.29,1.13
1773567079.3314376,-0.36,-0.83,0.27,28.7,5.85,86.27,0.94
1773567079.4310696,-0.17,-0.89,0.12,-86.63,52.4,-70.34,0.91
1773567079.536144,-0.42,-0.89,0.13,89.69,-4.28,68.69,0.99
1773567079.6310906,-0.11,-0.83,0.24,-39.98,1.08,12.87,0.87
1773567079.751317,-0.32,-1.0,0.11,-30.75,-31.33,-1.63,1.06
1773567079.850247,-0.17,-0.97,0.3,-51.27,-99.88,-31.71,1.03
1773567080.6884744,-0.06,-0.83,0.2,56.11,121.02,-34.92,0.86
1773567080.7972467,-0.2,-0.92,0.27,-22.06,89.53,14.61,0.98
1773567080.8977742,-0.31,-0.97,0.17,31.77,100.98,-8.11,1.03
1773567080.9974315,-0.34,-0.92,0.35,72.06,22.87,5.97,1.04
1773567081.1049626,-0.24,-0.88,0.21,-45.66,71.6,-26.28,0.94
1773567081.1977906,-0.41,-0.93,0.2,9.13,55.48,-64.86,1.04
1773567081.2998636,-0.35,-0.87,0.24,5.31,58.37,-66.23,0.96
1773567081.414116,-0.34,-0.88,0.18,13.42,85.95,-64.92,0.96
1773567081.5150518,-0.45,-0.83,0.21,25.14,176.98,-63.44,0.97
1773567081.6194782,-0.4,-0.94,0.3,54.2,182.49,-78.93,1.06
1773567081.7155695,0.08,-0.83,0.41,21.18,143.25,-106.75,0.92
1773567081.8222015,-0.08,-1.08,0.45,41.54,139.71,-74.09,1.18
1773567081.917246,0.1,-0.84,0.4,-40.15,87.8,-105.8,0.93
1773567082.0225246,0.2,-0.81,0.2,-32.06,39.14,-65.68,0.86
1773567082.1340225,0.13,-0.9,0.23,24.29,43.07,-16.92,0.94
1773567082.2310593,0.01,-1.06,0.3,-33.37,81.56,-30.76,1.1
1773567082.3321867,0.02,-1.03,0.25,-67.05,105.85,-62.58,1.06
1773567082.4478662,-0.18,-0.88,0.25,18.82,144.17,-44.4,0.93
1773567082.5471628,0.02,-0.78,0.18,-38.21,101.39,-49.99,0.8
1773567082.6490874,-0.26,-1.03,0.08,37.86,194.58,18.53,1.06
1773567082.7555687,0.14,-0.87,0.26,59.85,5.91,-6.5,0.92
1773567082.848792,-0.04,-0.95,0.15,-22.84,-45.95,-13.77,0.97
1773567082.965062,0.08,-1.21,0.31,-17.92,-128.05,-10.52,1.25
1773567083.0572996,0.02,-0.87,0.35,20.99,-211.1,27.14,0.94
1773567083.16774,0.04,-0.78,0.28,-28.55,-226.87,26.88,0.83
1773567083.2660117,0.14,-0.93,0.39,17.08,-202.87,81.46,1.01
1773567083.3647776,-0.01,-0.88,0.39,0.69,-169.36,48.18,0.97
1773567083.4808097,0.07,-0.89,0.19,-14.46,-113.02,9.16,0.92
1773567083.583099,0.09,-0.94,0.37,-45.83,-69.6,14.21,1.01
1773567083.68603,0.19,-1.16,0.15,-72.73,-66.69,6.06,1.19
1773567083.7832546,-0.04,-0.75,0.21,26.73,-191.57,3.79,0.78
1773567083.883354,0.09,-0.98,0.12,-86.61,-79.99,37.02,0.99
1773567083.9864151,-0.2,-1.04,0.18,58.32,-72.76,-1.15,1.07
1773567084.10144,0.04,-0.89,0.21,10.02,-145.6,66.27,0.92
1773567084.9487784,0.01,-0.95,0.28,19.47,-27.42,23.85,0.99
1773567085.0144567,0.04,-0.98,0.2,-16.66,-52.53,31.43,1.0
1773567085.105682,0.03,-0.92,0.26,28.85,-75.12,15.65,0.96
1773567085.2231464,0.09,-0.94,0.28,18.61,-88.47,12.46,0.98
1773567085.338014,0.13,-0.94,0.34,4.82,-78.44,27.88,1.0
1773567085.4472768,0.03,-0.96,0.36,-29.73,-46.17,27.25,1.03
1773567085.5257697,0.14,-0.94,0.31,-22.15,-71.53,43.36,1.0
1773567085.6315143,0.09,-0.91,0.33,-58.84,-82.98,45.31,0.97
1773567085.7346237,0.05,-0.94,0.23,-40.5,-106.44,6.47,0.97
1773567085.8341737,0.02,-0.92,0.14,-60.69,-124.47,9.54,0.93
1773567085.9332647,-0.03,-0.95,0.11,-42.93,-137.7,23.63,0.96
1773567086.0303192,-0.04,-0.93,0.05,-32.78,-174.46,-2.35,0.93
1773567086.1336627,-0.06,-1.05,-0.0,3.86,-130.92,46.93,1.05
1773567086.2477624,-0.06,-0.92,-0.05,-18.66,-125.16,18.56,0.93
1773567086.3484492,-0.0,-0.98,-0.06,-18.41,-85.05,30.78,0.98
1773567086.4481268,-0.01,-0.96,-0.02,1.02,-77.86,12.82,0.96
1773567086.5479033,-0.02,-0.98,-0.05,-24.98,-69.97,-24.08,0.98
1773567086.6643035,0.08,-1.29,-0.02,1.13,-52.84,-28.78,1.29
1773567086.765024,0.03,-0.62,0.2,5.47,-161.25,-52.09,0.66
1773567086.8644354,0.05,-1.07,-0.05,-59.4,-63.91,-2.95,1.08
1773567086.96534,0.03,-0.95,0.21,80.2,-80.78,21.62,0.97
1773567087.0717883,0.02,-0.97,-0.09,-54.69,7.68,3.69,0.97
1773567087.1721494,0.08,-0.94,0.06,-18.14,2.37,6.99,0.95
1773567087.2702036,0.06,-1.25,-0.01,-57.13,133.28,26.69,1.25
1773567087.3821957,-0.21,-0.85,-0.06,-33.6,103.8,-32.23,0.88
1773567087.4810898,-0.07,-0.99,-0.12,-7.27,130.99,3.27,1.0
1773567087.5964124,-0.08,-0.83,0.02,52.56,90.88,-5.16,0.84
1773567087.7002194,-0.05,-1.02,-0.05,-23.79,90.75,-12.89,1.02
1773567087.788643,-0.05,-0.99,-0.01,-2.31,64.82,-16.32,1.0
1773567087.8993998,0.03,-1.1,0.01,-31.34,9.97,-45.36,1.1
1773567088.8671246,0.1,-0.79,0.24,-11.15,-42.15,-14.75,0.84
1773567088.9222932,0.12,-1.0,0.23,24.75,-59.71,85.71,1.03
1773567089.0412896,0.04,-0.92,0.26,-6.44,-164.81,7.75,0.96
1773567089.1331248,-0.12,-0.97,0.12,16.76,-109.51,26.69,0.99
1773567089.235701,-0.16,-0.98,0.1,14.98,-68.17,31.36,1.0
1773567089.3383856,-0.18,-1.03,0.17,30.82,-46.05,31.85,1.05
1773567089.4325554,-0.12,-0.94,0.11,-28.79,21.95,-3.24,0.96
1773567089.53291,-0.15,-0.95,0.12,-11.13,20.32,-14.26,0.97
1773567089.6465838,-0.11,-1.06,0.16,-64.37,42.2,-18.95,1.08
1773567089.749315,-0.11,-1.16,0.2,-17.34,73.79,-14.6,1.19
1773567089.8521435,-0.2,-0.67,0.24,-15.28,40.24,-69.99,0.73
1773567089.9569664,0.01,-0.99,0.06,-57.63,92.84,-40.9,0.99
1773567090.0505505,-0.01,-0.85,0.24,77.21,52.3,-4.87,0.89
1773567090.1681423,-0.07,-0.96,0.02,-14.53,85.5,-11.45,0.97
1773567090.2642946,0.08,-0.95,0.15,18.31,39.01,-30.57,0.96
1773567090.3753984,-0.02,-0.98,0.26,-42.35,57.19,-31.51,1.01
1773567090.4687457,-0.11,-1.22,0.1,-33.33,111.56,2.92,1.23
1773567090.5644684,-0.27,-0.65,0.22,73.63,13.85,-28.14,0.73
1773567090.679876,-0.19,-1.1,0.15,-16.4,145.31,-20.78,1.13
1773567090.8008635,-0.26,-0.81,0.28,90.95,56.5,-44.38,0.9
1773567090.882556,-0.2,-0.92,0.23,20.56,110.32,21.82,0.97
1773567090.982143,-0.3,-1.12,0.32,-33.88,76.32,-78.44,1.2
1773567091.096106,-0.19,-0.73,0.33,24.32,71.05,-103.74,0.83
1773567091.1826923,-0.07,-0.81,0.21,-80.84,173.56,-81.15,0.84
1773567091.2849789,-0.11,-1.02,0.31,57.95,171.62,-68.81,1.07
1773567091.396701,-0.03,-0.93,0.3,25.19,204.03,-73.45,0.98
1773567091.4991646,-0.03,-0.93,0.32,13.95,196.53,-67.08,0.98
1773567091.597292,0.04,-0.91,0.41,-25.51,167.1,-67.96,1.0
1773567091.6984236,-0.14,-0.94,0.32,36.09,162.61,-39.39,1.01
1773567091.801305,-0.06,-0.79,0.15,-71.73,101.43,-49.82,0.8
0.0,0.0,0.0,0.0,0.0,0.0,0.0,0.0
1773567092.838494,-0.01,-0.9,0.22,-2.67,2.55,0.01,0.93
1773567092.838494,0.11,-0.97,0.24,22.87,-1.18,6.69,1.0
1773567092.916058,-0.03,-0.92,0.19,19.68,24.93,-4.75,0.94
1773567093.0411634,0.02,-1.0,0.26,33.37,13.94,1.91,1.04
1773567093.1340415,-0.06,-0.93,0.43,-50.61,40.66,-14.73,1.03
1773567093.2303886,-0.03,-1.09,0.1,-110.23,38.96,-55.47,1.09
1773567093.334348,-0.19,-0.73,0.19,2.66,-0.55,-64.61,0.78
1773567093.4404857,0.02,-0.99,0.0,-68.63,54.43,-27.96,0.99
1773567093.5457482,-0.08,-0.89,0.18,52.73,2.55,-54.47,0.91
1773567093.6456132,0.13,-0.95,0.03,-26.47,9.91,-20.17,0.96
1773567093.7462163,0.09,-1.0,0.08,-14.79,-52.58,-15.83,1.0
1773567093.846457,0.15,-1.09,0.13,-7.21,-120.34,15.86,1.11
1773567093.9510448,-0.02,-0.85,0.39,38.49,-125.27,53.43,0.93
1773567094.0611272,0.2,-0.85,0.15,-57.08,-108.08,36.79,0.89
1773567094.162386,0.08,-0.94,0.35,94.61,-119.15,40.78,1.01
1773567094.2519877,0.09,-0.9,0.21,-60.63,-126.99,28.49,0.92
1773567094.3710644,0.1,-0.98,0.23,-40.4,-93.34,23.22,1.01
1773567094.4718497,0.08,-1.18,0.15,-78.08,-44.98,-21.24,1.19
1773567094.579938,-0.2,-0.81,0.21,63.04,-71.37,-17.89,0.86
1773567094.6710136,0.2,-0.86,0.08,-88.63,-44.21,-1.56,0.89
1773567094.7677166,-0.14,-1.03,0.32,150.44,-86.6,24.55,1.09
1773567094.8849618,0.2,-0.89,0.18,8.35,-168.75,28.98,0.93
1773567094.9879932,-0.08,-0.92,0.26,11.25,-186.89,31.16,0.96
1773567095.0896366,0.01,-1.15,0.26,-18.27,-177.18,19.83,1.18
1773567095.19161,0.27,-0.73,0.25,8.89,-275.68,7.56,0.82
1773567095.2868934,0.24,-0.88,0.28,3.24,-175.45,63.1,0.95
0.0,0.0,0.0,0.0,0.0,0.0,0.0,0.0
1773567097.516172,0.08,-0.94,0.12,15.3,-150.79,13.62,0.95
1773567097.6194232,0.09,-0.97,0.11,-16.37,-119.21,24.46,0.98
1773567097.7184317,0.01,-0.94,0.06,-15.5,-104.23,-0.67,0.94
1773567097.8328483,-0.0,-0.85,0.06,2.0,-98.38,-14.86,0.85
1773567097.9334147,-0.01,-1.04,-0.04,7.31,-64.78,18.09,1.04
1773567098.0389142,-0.15,-0.99,0.07,54.76,-22.98,44.76,1.0
1773567098.1419754,-0.02,-0.94,-0.02,-11.73,5.43,16.09,0.94
1773567098.2476022,-0.07,-1.02,0.06,36.44,-9.04,6.44,1.03
1773567098.3506773,-0.05,-0.95,0.05,-20.18,-6.89,5.28,0.95
1773567098.453516,-0.08,-1.15,0.0,-42.53,1.88,-16.28,1.15
1773567098.5570796,-0.21,-1.04,0.34,84.11,22.92,-10.26,1.11
1773567098.6540334,0.12,-0.76,0.09,-104.14,6.49,-8.0,0.78
1773567098.7553682,-0.15,-1.08,0.17,74.63,19.83,4.56,1.1
1773567098.8544245,0.01,-0.86,0.13,-32.14,1.24,20.58,0.86
1773567098.963365,-0.04,-1.0,0.08,19.37,0.06,-6.95,1.0
1773567099.064258,-0.04,-1.03,0.24,-50.11,41.1,-14.43,1.06
1773567099.1650066,-0.22,-1.21,0.1,-17.34,103.18,32.81,1.24
1773567099.27889,-0.16,-0.71,0.07,-17.05,-28.03,-71.63,0.73
1773567099.383287,-0.13,-1.07,0.09,39.71,55.91,6.88,1.08
1773567099.4797597,-0.02,-0.79,0.1,15.63,-29.59,-31.18,0.8
1773567099.5798671,-0.14,-0.97,0.08,7.4,4.9,30.63,0.98
1773567099.680969,-0.08,-1.03,0.11,-50.87,-48.18,-28.57,1.04
1773567099.7973137,-0.0,-1.26,0.1,-36.14,-55.66,-0.9,1.26
1773567099.895329,-0.04,-0.63,0.37,47.1,-151.5,-34.83,0.73
1773567100.002071,0.13,-1.02,0.02,-89.02,-57.1,31.83,1.03
1773567100.0980396,-0.01,-0.82,0.32,132.7,-128.03,45.83,0.88
1773567100.198459,0.0,-0.97,0.08,-44.75,-49.22,14.08,0.97
1773567100.3135917,0.1,-0.97,0.29,-18.81,-62.14,-8.92,1.02
1773567100.4154868,0.02,-1.21,0.24,-43.37,-20.89,-15.04,1.24
1773567100.5150652,-0.19,-0.73,0.26,-33.85,-57.39,-25.86,0.8
1773567100.6135557,-0.01,-1.08,0.21,23.22,-31.42,3.13,1.1
1773567100.713867,0.02,-0.82,0.21,6.96,-42.26,-28.86,0.84
1773567100.8354137,-0.01,-0.88,0.13,-10.9,-74.35,47.83,0.89
0.0,0.0,0.0,0.0,0.0,0.0,0.0,0.0
1773567102.0880337,0.08,-0.93,0.21,30.11,-30.0,4.0,0.95
1773567102.161785,0.16,-0.93,0.17,13.98,-54.09,23.11,0.96
1773567102.2786012,0.11,-0.95,0.24,13.28,-62.44,40.03,0.98
1773567102.3704205,0.11,-0.94,0.11,-20.81,-50.98,24.15,0.95
1773567102.4709768,0.13,-0.97,0.19,-2.32,-71.31,32.29,1.0
1773567102.571515,0.02,-0.95,0.28,-29.44,-94.66,40.38,0.99
1773567102.678881,-0.13,-1.04,0.27,-50.52,-79.51,9.16,1.08
1773567102.7839231,-0.13,-0.85,0.12,-47.66,-36.99,2.7,0.86
1773567102.8821874,-0.2,-1.03,0.18,64.82,29.68,20.82,1.07
1773567102.9951785,-0.1,-0.84,0.23,29.89,20.49,-4.23,0.88
1773567103.0965412,-0.05,-0.92,0.09,13.69,43.21,-1.99,0.93
1773567103.2031474,-0.05,-1.05,0.22,-22.23,16.49,-17.37,1.07
1773567103.2989326,-0.09,-1.21,0.29,-66.43,12.61,-54.18,1.24
1773567103.3956206,-0.09,-0.77,0.4,18.85,-83.97,-36.58,0.87
1773567103.513173,0.16,-0.81,0.16,-51.18,-14.37,31.08,0.84
1773567103.6119795,-0.02,-0.85,0.36,83.54,-42.24,52.4,0.92
1773567103.703443,-0.01,-0.96,0.07,-51.8,-6.72,-2.81,0.96
1773567103.828814,0.03,-1.0,0.2,-43.22,1.22,-2.38,1.02
1773567103.9152284,-0.04,-1.25,0.13,-77.36,111.1,29.19,1.25
1773567104.0161552,-0.31,-0.69,0.24,41.25,9.3,-33.88,0.8
1773567104.131205,-0.0,-0.93,0.01,-33.05,92.64,-19.99,0.93
1773567104.2293458,-0.32,-0.9,0.26,102.2,100.01,-46.52,0.99
1773567104.3315876,-0.03,-0.98,0.05,-25.86,75.3,-17.41,0.99
1773567104.4286275,-0.08,-0.98,0.15,-25.85,26.59,-54.37,1.0
1773567104.5368,-0.04,-1.11,0.11,-56.73,-25.15,-43.21,1.11
1773567104.6345165,-0.08,-0.98,0.31,17.34,-22.96,39.74,1.03
1773567104.745603,0.17,-0.75,0.07,-73.6,-69.66,-20.99,0.78
1773567104.8459678,-0.12,-1.0,0.2,89.92,-58.23,42.3,1.02
1773567104.9494643,-0.01,-0.87,0.06,-29.19,-39.53,0.84,0.87
1773567105.0532825,0.01,-0.96,0.13,19.53,-29.48,-6.9,0.97
1773567105.1638088,0.02,-1.14,0.21,-60.14,14.73,-31.39,1.16
1773567105.2660544,-0.52,-1.0,0.34,109.57,51.59,16.35,1.17
1773567105.364929,0.05,-0.76,0.09,-88.61,54.3,-63.05,0.77
1773567105.4784343,-0.37,-0.96,0.35,108.12,130.87,0.64,1.08
1773567105.57025,0.04,-0.88,0.13,-18.17,37.57,-32.18,0.89
1773567105.6801045,-0.14,-0.95,0.2,0.76,20.93,-1.27,0.98
1773567105.782035,-0.07,-1.07,0.23,-43.6,-30.72,-13.53,1.1
1773567106.65807,-0.15,-0.98,0.11,22.02,4.43,-9.04,1.0
1773567106.762726,-0.16,-1.0,0.05,-5.69,12.58,-15.13,1.02
1773567106.8760903,-0.11,-0.93,0.04,-11.24,19.86,-16.6,0.94
1773567106.9801435,-0.0,-0.9,0.04,8.31,12.92,-19.57,0.9
1773567107.0786436,-0.01,-0.94,0.22,35.13,-22.09,-8.12,0.96
1773567107.1873522,0.06,-1.01,0.19,17.71,-26.95,17.07,1.03
1773567107.2942884,-0.04,-0.95,0.12,27.21,-41.88,8.61,0.96
1773567107.3882756,-0.04,-1.02,0.07,-3.8,-3.44,17.16,1.02
1773567107.4947948,-0.07,-1.02,0.21,-20.06,8.21,-19.6,1.04
1773567107.601333,0.0,-1.13,0.21,-77.21,55.98,-14.47,1.15
1773567107.6946762,-0.4,-0.87,0.27,12.84,68.15,-14.63,0.99
1773567107.7967627,-0.1,-0.79,-0.03,-63.24,71.59,-27.59,0.79
1773567107.913115,-0.43,-0.93,0.28,148.66,106.03,4.67,1.06
1773567108.0147998,-0.1,-0.95,0.1,-15.5,61.04,-27.54,0.96
1773567108.1134598,-0.27,-0.94,0.14,-2.47,48.3,-44.86,0.99
1773567108.214291,-0.15,-1.08,0.13,-34.15,25.8,-44.89,1.1
1773567108.325625,-0.3,-1.02,0.4,52.84,69.14,15.95,1.14
1773567108.43016,0.03,-0.72,0.08,-80.21,2.5,-62.47,0.72
1773567108.5337503,-0.21,-1.07,0.24,91.28,107.04,2.75,1.11
1773567108.6287649,-0.03,-0.81,0.16,-13.76,48.46,-7.21,0.83
1773567108.7358718,-0.13,-0.99,0.08,26.73,92.75,-27.36,1.0
1773567108.8280387,-0.12,-1.01,0.4,38.06,92.81,-25.92,1.09
1773567108.931747,-0.18,-1.1,0.25,-1.01,110.26,-16.46,1.15
1773567109.0466738,-0.29,-0.75,0.22,-6.14,36.03,-55.85,0.83
1773567109.1462524,-0.24,-0.96,0.13,30.82,121.36,-25.62,1.0
1773567109.24477,-0.22,-0.82,0.2,22.52,83.13,-41.05,0.87
1773567109.348976,-0.18,-0.92,0.11,6.41,94.44,-16.4,0.94
1773567109.447111,-0.18,-1.02,0.24,24.76,35.53,-36.95,1.06
1773567109.56327,-0.14,-1.12,0.29,-20.67,-1.15,-27.21,1.17
1773567109.661714,-0.24,-0.76,0.4,14.05,-7.39,-21.28,0.89
1773567109.761179,0.06,-0.88,0.11,-102.21,56.03,-31.51,0.88
1773567109.8780608,-0.14,-0.89,0.34,134.09,6.01,5.86,0.97
1773567109.9690464,-0.06,-0.92,0.11,-52.21,50.11,-30.47,0.93
1773567110.0780694,-0.02,-0.95,0.22,27.04,40.52,-43.68,0.97
1773567110.1786478,-0.14,-1.01,0.38,-47.98,108.84,-38.69,1.09
1773567110.27806,-0.24,-1.1,0.37,70.6,124.87,-2.99,1.18
1773567110.395021,-0.02,-0.71,0.24,-60.26,38.18,-60.52,0.75
1773567111.3663297,-0.05,-0.91,0.15,10.35,-35.82,15.56,0.92
1773567111.4299514,-0.05,-0.95,0.2,-8.15,-49.63,33.14,0.97
1773567111.531397,-0.18,-0.9,0.16,-6.24,-41.99,33.07,0.94
1773567111.628884,-0.27,-0.9,0.06,-12.2,28.24,37.1,0.94
1773567111.7372625,-0.35,-1.04,0.11,53.69,38.53,18.7,1.11
1773567111.8354075,-0.22,-0.96,0.12,15.65,17.85,-24.4,0.99
1773567111.9442945,-0.22,-0.92,0.07,19.63,26.34,-59.59,0.95
1773567112.046276,-0.18,-0.97,0.1,35.21,14.98,-49.54,0.99
1773567112.1450107,-0.2,-1.03,0.24,11.53,-1.73,-46.4,1.07
1773567112.2465034,-0.13,-1.09,0.3,23.94,3.01,-56.14,1.14
1773567112.3543816,-0.16,-0.71,0.35,7.69,-3.97,-74.05,0.81
1773567112.460533,0.11,-0.85,0.29,-16.15,40.53,-46.75,0.91
1773567112.5470552,-0.0,-0.81,0.45,83.4,-23.51,-1.04,0.93
1773567112.661873,0.06,-0.87,0.21,-17.04,-5.24,7.45,0.9
1773567112.7617054,0.02,-0.98,0.32,16.66,-11.63,8.73,1.03
1773567112.8691676,-0.09,-0.94,0.5,-60.34,70.4,-6.25,1.07
1773567112.9693768,-0.13,-1.1,0.28,-69.6,152.95,-3.94,1.14
1773567113.080631,-0.24,-0.71,0.14,-45.13,-7.66,-81.41,0.76
1773567113.1786263,-0.14,-1.0,0.18,49.48,133.04,2.58,1.03
1773567113.2951937,-0.13,-0.83,0.16,1.45,64.08,-94.28,0.86
1773567113.3916688,-0.07,-0.95,0.17,17.62,63.83,13.42,0.97
1773567113.4811203,-0.07,-1.07,0.36,-11.18,-50.92,-47.16,1.13
1773567113.5950315,-0.06,-0.95,0.6,76.93,-61.34,38.64,1.13
1773567113.6945066,0.23,-0.7,0.2,-78.26,-111.92,19.6,0.76
1773567113.7978914,-0.11,-0.93,0.41,99.94,-130.34,72.37,1.03
1773567113.901486,0.01,-0.88,0.16,-35.48,-76.96,26.35,0.89
1773567113.998514,-0.02,-0.96,0.32,15.86,-45.8,-11.3,1.01
1773567114.1114593,-0.05,-1.04,0.32,-71.39,43.16,-33.56,1.09
1773567114.215539,-0.21,-0.97,0.37,30.61,127.47,-15.02,1.06
1773567114.3152573,-0.1,-0.81,0.2,-83.45,136.73,-83.22,0.84
1773567114.4156537,-0.12,-0.89,0.35,112.87,124.67,-57.01,0.96
1773567114.5283592,0.0,-0.92,0.18,-18.43,77.42,-73.41,0.93
1773567114.6284382,-0.01,-0.91,0.25,15.48,34.3,-55.53,0.95
1773567114.7294772,0.13,-1.01,0.27,-35.11,-67.68,-42.95,1.05
1773567114.8294475,0.15,-0.93,0.52,43.6,-15.71,-7.71,1.07
1773567114.9357178,0.06,-0.79,0.25,-124.06,-42.76,47.27,0.83
1773567115.7890725,0.01,-0.93,0.17,16.96,-18.73,47.77,0.95
1773567115.896867,0.02,-0.9,0.22,15.59,-85.04,44.43,0.93
1773567116.0090785,-0.08,-0.86,0.26,-9.42,-54.79,19.04,0.9
1773567116.099273,-0.08,-1.15,0.2,-45.62,68.66,35.53,1.17
1773567116.2117448,-0.35,-0.72,0.32,60.02,48.32,-74.25,0.86
1773567116.3127053,-0.17,-0.92,0.21,-0.73,102.7,-4.47,0.96
1773567116.4142776,-0.32,-0.89,0.3,30.63,83.54,-62.6,0.99
1773567116.5113623,-0.11,-0.94,0.18,-0.23,109.1,-50.58,0.96
1773567116.6297915,-0.14,-0.96,0.3,28.23,55.56,-64.35,1.01
1773567116.7301216,-0.12,-0.94,0.31,-42.43,-37.92,-51.28,1.0
1773567116.8304465,0.0,-0.97,0.38,-13.92,14.0,20.23,1.04
1773567116.9307055,0.12,-0.74,0.33,-2.4,-75.6,-7.62,0.82
1773567117.0312722,-0.03,-0.87,0.34,50.5,-46.47,38.4,0.93
1773567117.1318047,-0.03,-0.84,0.3,8.26,-73.47,65.77,0.89
1773567117.2442577,-0.17,-1.12,0.37,11.16,-23.66,25.56,1.19
1773567117.346974,-0.16,-0.96,0.41,-89.01,21.62,-56.25,1.05
1773567117.4468791,-0.11,-0.96,0.21,-95.65,132.93,-54.18,0.99
1773567117.5478387,-0.29,-0.78,0.27,-12.34,98.23,-116.47,0.87
1773567117.6666255,-0.06,-0.86,0.3,36.06,102.49,-27.34,0.91
1773567117.7612405,-0.05,-0.97,0.19,-45.02,60.52,-48.44,0.99
1773567117.8673682,-0.01,-0.94,0.13,-64.78,16.06,-25.36,0.95
1773567117.960518,0.0,-0.94,0.11,-63.79,-78.18,-25.8,0.94
1773567118.0619185,0.07,-1.07,0.3,92.69,-138.86,17.28,1.11
1773567118.1778011,0.22,-0.7,0.16,-41.51,-180.06,14.85,0.75
1773567118.2786148,-0.15,-1.09,0.22,48.46,-97.74,85.19,1.12
1773567118.3804438,-0.01,-0.83,0.17,4.75,-117.16,56.01,0.85
1773567118.4797544,0.0,-1.01,0.22,20.67,-81.5,24.9,1.03
1773567118.593633,-0.03,-1.12,0.23,-78.69,0.78,-0.92,1.14
1773567118.6873264,-0.26,-0.91,0.32,23.95,-3.94,-11.42,1.0
1773567118.7946842,0.02,-0.8,0.11,-103.51,49.33,-52.64,0.8
0.0,0.0,0.0,0.0,0.0,0.0,0.0,0.0
1773567119.876865,-0.01,-0.89,0.31,20.38,-23.5,31.13,0.95
1773567119.9363043,0.1,-0.88,0.25,-5.62,-87.13,24.01,0.92
1773567120.0347283,0.05,-0.97,0.33,46.15,-82.82,47.75,1.02
1773567120.129614,0.01,-0.97,0.19,-4.06,-61.42,20.87,0.99
1773567120.2444715,-0.03,-0.99,0.24,4.76,-35.94,10.78,1.02
1773567120.3471508,0.03,-0.99,0.41,-61.48,15.21,-16.17,1.07
1773567120.444839,-0.21,-1.0,0.42,19.44,45.65,-6.38,1.1
1773567120.5511558,0.01,-0.7,0.23,-81.28,-22.17,-15.44,0.74
1773567120.6516323,-0.26,-0.97,0.4,30.08,34.3,31.97,1.08
1773567120.761915,0.04,-0.83,0.14,24.17,-21.18,-28.92,0.84
1773567120.860366,-0.14,-0.96,0.24,-12.2,0.55,13.72,1.0
1773567120.968142,-0.08,-1.0,0.21,-42.08,-24.11,-22.17,1.03
1773567121.0610845,-0.03,-1.12,0.3,6.47,-66.0,4.7,1.16
1773567121.1614304,0.05,-0.72,0.42,22.12,-66.87,8.85,0.83
1773567121.2768934,0.02,-0.79,0.27,-32.03,-108.76,6.09,0.83
1773567121.3780415,0.16,-0.91,0.51,93.65,-115.57,103.45,1.06
1773567121.47727,0.13,-0.73,0.36,18.2,-135.82,-13.1,0.82
1773567121.5845995,0.18,-0.82,0.39,21.45,-109.27,58.84,0.92
1773567121.680261,0.03,-0.95,0.48,-30.03,-67.7,50.47,1.06
1773567121.7943668,0.04,-1.01,0.34,-66.87,-26.75,32.37,1.07
1773567121.895376,-0.24,-0.84,0.5,-23.04,-33.31,34.46,1.0
1773567121.9933112,0.16,-0.71,0.26,-84.58,-50.0,16.73,0.77
1773567122.09329,-0.3,-1.05,0.47,5.25,-31.24,41.79,1.19
1773567122.1963875,0.04,-0.78,0.29,31.37,-149.37,41.05,0.84
1773567123.1371727,0.0,-0.86,0.34,-2.43,-49.45,52.66,0.92
1773567123.2284863,0.02,-0.86,0.34,2.55,-80.73,47.88,0.93
1773567123.3432524,0.06,-0.88,0.36,36.47,-127.27,49.25,0.95
1773567123.4435372,0.09,-0.81,0.43,54.34,-171.12,68.0,0.92
1773567123.5445354,0.08,-0.89,0.49,51.27,-129.95,76.04,1.02
1773567123.6443188,-0.01,-0.88,0.5,8.32,-129.05,58.06,1.01
1773567123.759852,0.08,-0.89,0.45,-52.9,-118.55,60.64,1.0
1773567123.8630304,-0.23,-0.9,0.63,-27.19,-54.23,93.79,1.13
1773567123.9817216,-0.02,-0.73,0.27,-107.25,-84.81,65.34,0.78
1773567124.0655904,-0.19,-0.9,0.39,-51.89,-76.99,114.52,1.0
1773567124.1641498,-0.21,-0.89,0.28,-50.98,-77.76,43.33,0.96
1773567124.2640977,-0.29,-0.84,0.28,1.4,-97.08,76.82,0.94
1773567124.3646803,-0.32,-0.86,0.17,-34.37,-86.41,48.75,0.93
1773567124.4788277,-0.3,-0.88,0.29,35.94,-136.69,13.4,0.97
1773567124.5808604,-0.27,-0.91,0.35,-44.03,-117.73,32.69,1.01
1773567124.680248,-0.32,-0.86,0.24,-51.59,-86.18,57.53,0.95
1773567124.7763765,-0.17,-0.84,0.27,14.76,-87.3,48.23,0.9
1773567124.879271,0.06,-0.79,0.45,31.66,-105.22,-11.33,0.91
1773567125.001146,0.06,-0.85,0.62,50.73,-117.97,3.21,1.05
1773567125.0943067,-0.13,-0.69,0.41,-50.31,-89.34,33.57,0.82
1773567125.2096653,-0.2,-0.57,0.18,-37.68,-61.05,76.21,0.63
1773567125.3113053,-0.34,-0.82,0.46,1.62,-29.31,35.51,1.0
1773567125.4105048,-0.15,-0.81,0.54,-24.29,-65.71,33.04,0.98
1773567125.5108082,-0.42,-0.83,0.33,-85.57,-13.79,48.79,0.98
1773567125.6121013,-0.45,-0.89,0.6,9.8,-69.91,20.14,1.16
1773567125.7123885,-0.36,-0.93,0.34,-71.56,0.18,8.04,1.06
1773567125.8106718,0.06,-1.37,0.08,-35.15,50.26,-40.58,1.37
1773567125.915044,-0.01,-0.81,0.27,130.58,-29.21,-31.54,0.85
1773567126.0245018,-0.04,-0.97,0.21,-127.47,48.7,-81.36,0.99
1773567126.129875,-0.04,-0.88,0.35,48.2,19.05,-74.46,0.95
1773567126.2424626,0.02,-0.84,0.29,-62.14,4.27,-31.45,0.89
1773567127.122094,-0.11,-0.94,0.19,55.89,-35.83,50.12,0.97
1773567127.2262585,-0.08,-0.95,0.27,-5.45,-29.19,45.45,1.0
1773567127.3265429,-0.27,-1.05,0.35,-7.01,7.77,14.11,1.14
1773567127.426034,-0.55,-0.98,0.43,37.82,3.63,51.75,1.21
1773567127.5261035,-0.6,-0.9,0.57,69.95,-93.94,36.11,1.22
1773567127.6427057,-0.39,-0.81,0.36,14.6,-103.77,-21.5,0.97
1773567127.7428014,-0.56,-0.87,0.5,21.92,-16.66,2.58,1.15
1773567127.844039,-0.35,-0.84,0.42,-20.55,-6.84,-80.09,1.0
1773567127.9435196,-0.2,-0.6,0.32,-23.47,21.11,-73.19,0.71
1773567128.0480886,-0.04,-0.57,0.28,-40.81,-23.18,-88.81,0.64
1773567128.1593974,-0.06,-0.88,0.32,-43.62,52.29,-46.86,0.93
1773567128.2599666,-0.06,-0.89,0.4,-23.95,50.85,-39.08,0.98
1773567128.3602026,0.06,-0.89,0.36,-33.54,30.92,-77.85,0.97
1773567128.4729052,-0.0,-0.73,0.26,5.62,-55.51,-29.94,0.78
1773567128.562076,-0.15,-0.96,0.17,-38.92,12.12,36.06,0.99
1773567128.6730263,-0.3,-0.96,0.18,21.22,-31.04,5.07,1.02
1773567128.7632134,-0.13,-0.98,0.1,-8.08,28.26,-0.34,0.99
1773567128.875392,-0.09,-0.94,0.14,-18.98,28.44,1.57,0.95
1773567128.9810302,-0.1,-0.97,0.15,15.36,-12.72,-29.57,0.99
1773567129.0757077,0.05,-0.94,0.23,24.23,-74.26,-47.28,0.97
1773567129.1910713,-0.13,-1.0,0.27,-12.32,-56.58,7.22,1.04
1773567129.2941468,-0.14,-1.02,0.32,9.3,-32.11,20.49,1.08
1773567129.396885,-0.06,-0.72,0.23,-68.29,-56.31,-12.79,0.76
1773567129.4927258,-0.06,-1.07,0.26,17.73,62.12,25.36,1.1
1773567129.609731,-0.2,-0.82,0.23,19.65,14.27,11.19,0.88
1773567129.7091837,0.01,-0.94,0.24,14.24,53.65,-32.47,0.97
1773567129.810731,-0.04,-0.91,0.27,5.88,54.93,-33.25,0.95
1773567129.910051,-0.04,-0.98,0.38,-17.53,51.88,-34.66,1.05
1773567130.026852,0.01,-1.14,0.29,-76.5,46.55,-40.37,1.17
1773567130.1258128,-0.25,-0.67,0.23,-85.94,-15.13,-39.07,0.75
0.0,0.0,0.0,0.0,0.0,0.0,0.0,0.0
1773567131.138952,-0.18,-0.8,0.48,45.8,8.98,21.17,0.95
1773567131.2098105,-0.03,-0.9,0.48,46.46,13.21,37.07,1.03
1773567131.3091753,-0.11,-0.89,0.43,-35.5,47.56,4.88,0.99
1773567131.4103549,-0.04,-0.83,0.3,17.4,68.55,-29.83,0.88
1773567131.5252402,-0.18,-0.85,0.3,62.35,212.34,-22.9,0.92
1773567131.6271155,-0.21,-0.75,0.25,91.05,142.27,-75.8,0.81
1773567131.7283468,-0.57,-1.04,0.31,4.32,310.82,8.2,1.22
1773567131.8256607,-0.32,-0.88,0.39,120.4,72.47,-83.47,1.01
1773567131.9256704,-0.26,-0.8,0.43,8.56,102.59,-93.37,0.94
1773567132.0263157,-0.26,-0.82,0.29,-4.0,71.28,-77.82,0.91
1773567132.1424243,-0.37,-0.88,0.35,26.55,55.66,-72.0,1.02
1773567132.2453773,-0.34,-0.9,0.34,2.82,81.62,-61.7,1.02
1773567132.334309,-0.34,-0.8,0.29,-5.19,101.33,-80.18,0.91
1773567132.4444506,-0.31,-0.79,0.28,27.36,118.93,-76.76,0.9
1773567132.5425992,-0.25,-0.9,0.51,79.3,107.25,-57.5,1.06
1773567132.6589515,0.12,-0.84,0.44,14.4,86.79,-43.33,0.95
1773567132.7604578,-0.09,-0.92,0.6,107.18,47.37,-28.29,1.11
1773567132.8826256,0.11,-0.79,0.42,1.53,-64.0,-23.79,0.9
1773567132.966366,-0.03,-0.93,0.44,16.05,-26.4,16.67,1.03
1773567133.059905,-0.13,-0.9,0.4,7.76,-9.7,-22.99,0.99
1773567133.1593726,-0.14,-0.92,0.43,-19.24,65.31,-29.3,1.02
1773567133.2781813,-0.26,-1.0,0.56,-61.89,123.72,-15.41,1.17
1773567133.3665354,-0.17,-0.61,0.48,-2.79,-10.12,-123.73,0.79
1773567133.4782562,-0.01,-0.76,0.32,-78.95,20.41,-62.95,0.83
1773567133.5775208,-0.2,-0.78,0.5,90.37,-44.87,-15.53,0.95
1773567133.6782005,0.09,-0.79,0.29,5.53,-55.76,47.85,0.85
1773567133.7921743,-0.13,-0.94,0.46,-12.47,-87.73,56.5,1.06
1773567133.8845248,-0.08,-0.99,0.63,-30.78,-133.66,86.38,1.18
1773567133.9979548,-0.04,-0.74,0.59,-11.69,-181.39,73.75,0.95
1773567134.1013892,0.08,-0.64,0.35,-56.61,-226.35,59.4,0.73
1773567134.192079,0.08,-0.78,0.77,71.08,-150.41,129.94,1.1
1773567134.294175,0.03,-0.75,0.47,-20.27,-120.15,77.13,0.89
1773567134.4112763,0.02,-0.8,0.51,-23.71,-137.7,74.15,0.95
1773567134.5115166,0.09,-1.06,0.52,-45.74,-66.5,54.37,1.19
0.0,0.0,0.0,0.0,0.0,0.0,0.0,0.0
1800430000.0,-0.09,-0.68,0.28,-85.41,7.09,-38.29,0.74
1800430000.1031306,-0.23,-0.86,0.24,29.61,27.42,-42.28,0.92
1800430000.2062612,-0.21,-0.79,0.15,-0.32,-15.27,-48.38,0.83
1800430000.3093917,-0.37,-0.78,0.1,-16.23,-2.77,-56.98,0.87
1800430000.4125226,-0.51,-1.6,0.05,-36.11,-29.99,-7.77,1.68
1800430000.5156531,0.44,-1.26,0.59,20.25,-52.4,-67.49,1.46
1800430000.6187837,0.01,-1.17,0.04,-100.16,-19.91,37.19,1.17
1800430000.7219143,-0.15,-0.47,0.16,26.78,56.79,26.8,0.51
1800430000.8250449,-0.08,-0.89,-0.03,109.18,101.41,-98.92,0.9
1800430000.9281754,-0.1,-1.12,-0.2,32.86,56.21,85.88,1.14
1800430001.0313063,-0.21,-1.37,0.11,-92.17,-47.98,136.93,1.39
1800430001.1344368,-0.05,-1.23,0.4,-33.57,71.08,-124.24,1.3
1800430001.2375674,0.15,-0.71,0.14,3.92,62.78,16.44,0.74
1800430001.340698,-0.13,-0.6,0.01,40.62,1.68,57.33,0.61
1800430001.4438286,-0.5,-0.95,0.01,-8.77,-38.06,58.82,1.07
1800430001.5469592,-0.54,-1.67,-0.11,2.36,10.77,25.75,1.76
1800430001.6500897,0.36,-1.04,0.65,-30.88,-99.32,11.8,1.28
1800430001.7532206,0.08,-1.1,0.25,-18.83,-96.12,-62.68,1.13
1800430001.8563511,-0.09,-0.45,0.1,-40.06,-22.45,96.32,0.47
1800430001.9594817,-0.12,-0.63,-0.02,30.68,29.27,-21.56,0.64
1800430002.0626123,-0.58,-1.44,-0.1,-41.17,-8.2,-69.9,1.56
1800430002.1657429,-0.27,-1.51,0.73,2.91,-43.78,70.43,1.7
1800430002.2688735,-0.03,-1.02,0.54,65.14,59.54,-116.27,1.15
1800430002.372004,-0.08,-0.63,-0.01,1.74,43.95,28.46,0.63
1800430002.4751348,-0.07,-0.66,0.05,4.75,-60.75,-53.07,0.67
1800430002.5782654,-0.39,-0.93,0.06,41.64,-64.45,23.76,1.01
1800430002.681396,-0.45,-1.4,-0.01,14.06,-88.69,-9.32,1.47
0.0,0.0,0.0,0.0,0.0,0.0,0.0,0.0
1800430005.0,-0.43,-0.84,-0.27,6.47,16.05,-21.4,0.98
1800430005.1068878,-0.27,-0.87,-0.21,-24.28,8.21,-31.0,0.94
1800430005.2137759,-0.32,-0.92,-0.2,1.3,25.65,-39.6,0.99
1800430005.3206637,-0.38,-0.89,-0.11,18.96,-7.42,-57.55,0.97
1800430005.4275517,-0.29,-0.91,-0.04,-19.01,-36.71,-40.59,0.96
1800430005.5344396,-0.3,-0.87,-0.01,-30.92,-42.99,-6.17,0.92
1800430005.6413276,-0.34,-0.81,-0.09,-32.08,-61.17,13.88,0.89
1800430005.7482154,-0.26,-0.93,0.18,-20.93,-49.57,68.99,0.99
1800430005.8551035,-0.52,-0.79,0.02,74.73,-154.11,23.45,0.95
1800430005.9619913,-0.45,-0.8,0.09,-60.95,-29.8,125.06,0.93
1800430006.0688791,-0.34,-0.7,-0.11,28.63,-144.0,26.19,0.78
1800430006.1757672,-0.17,-0.94,0.01,-28.23,-66.1,68.92,0.95
1800430006.282655,-0.39,-0.99,-0.14,-18.25,-29.23,5.08,1.07
1800430006.389543,-0.37,-0.99,-0.08,-13.42,40.47,6.25,1.06
1800430006.4964309,-0.47,-0.69,-0.21,46.35,-26.47,-116.17,0.86
1800430006.603319,-0.3,-0.75,0.06,-37.04,64.43,-0.5,0.82
1800430006.7102067,-0.54,-0.79,-0.19,75.11,-12.63,-53.4,0.97
1800430006.8170948,-0.33,-0.77,0.06,30.16,28.59,4.39,0.84
1800430006.9239826,-0.49,-0.84,-0.01,7.59,-12.71,-14.74,0.97
1800430007.0308704,-0.6,-0.87,-0.06,7.88,-54.79,-18.44,1.06
1800430007.1377585,-0.89,-0.87,-0.16,-43.7,29.21,30.42,1.25
1800430007.2446463,-0.31,-0.55,0.28,-28.73,-100.91,100.92,0.69
1800430007.3515344,-0.58,-0.93,-0.21,-88.68,-62.68,56.71,1.11
1800430007.4584222,-0.21,-0.7,-0.01,16.15,-82.44,29.31,0.73
1800430007.5653102,-0.46,-0.92,-0.04,-17.4,16.38,-8.43,1.03
1800430007.672198,-0.48,-1.0,-0.03,-8.59,12.48,-12.34,1.11
1800430007.779086,-0.4,-0.74,-0.43,4.04,-1.28,-131.73,0.94
1800430007.885974,-0.23,-0.83,-0.02,-6.81,89.44,25.17,0.86
1800430007.9928617,-0.52,-0.67,-0.18,75.66,-13.69,-98.8,0.87
1800430008.0997498,-0.35,-0.8,-0.0,-9.11,39.64,2.66,0.88
1800430008.2066376,-0.45,-0.93,-0.11,-52.73,-0.27,-11.78,1.04
1800430008.3135257,-0.4,-1.05,-0.08,-62.74,17.77,31.3,1.12
1800430008.4204135,-0.32,-0.58,0.01,31.81,-93.36,-78.92,0.66
1800430008.5273015,-0.62,-0.96,-0.36,-18.19,81.47,-14.79,1.2
1800430008.6341894,-0.38,-0.56,-0.06,32.48,24.95,-52.18,0.68
1800430008.7410772,-0.3,-0.82,0.05,-47.44,88.51,-13.2,0.88
0.0,0.0,0.0,0.0,0.0,0.0,0.0,0.0
1800430010.0,-0.33,-0.78,-0.18,53.9,-68.49,-22.67,0.87
1800430010.1010296,-0.39,-0.86,-0.14,16.25,-80.17,32.95,0.95
1800430010.2020593,-0.22,-0.99,-0.32,-15.52,-29.56,41.29,1.06
1800430010.303089,-0.2,-0.98,-0.34,6.4,-2.2,14.51,1.06
1800430010.4041185,-0.23,-0.92,-0.26,11.03,40.1,-13.13,0.99
1800430010.5051482,-0.26,-0.99,-0.22,59.59,36.33,-45.15,1.05
1800430010.6061778,-0.3,-0.89,-0.16,63.42,3.87,-42.86,0.95
1800430010.7072074,-0.35,-0.93,-0.2,-27.73,-13.36,-15.11,1.01
1800430010.808237,-0.37,-1.13,-0.13,-22.72,97.09,-12.6,1.19
1800430010.9092667,-0.34,-0.73,-0.22,-19.73,0.05,-84.68,0.83
1800430011.0102963,-0.27,-0.7,-0.0,-17.57,36.4,-74.5,0.76
1800430011.111326,-0.59,-0.83,-0.06,102.68,61.31,-35.59,1.02
1800430011.2123556,-0.33,-0.79,0.03,17.31,-7.32,-19.79,0.85
1800430011.3133852,-0.25,-0.9,0.06,29.02,-42.89,-14.43,0.93
1800430011.414415,-0.59,-1.08,0.01,5.23,-14.6,6.55,1.22
1800430011.5154445,-0.36,-0.96,0.07,-46.46,-66.2,-13.22,1.03
1800430011.6164742,-0.53,-0.87,-0.22,-52.62,-11.55,-39.69,1.04
1800430011.7175038,-0.3,-0.66,-0.03,-61.57,-21.77,-47.38,0.72
1800430011.8185334,-0.39,-0.8,-0.02,57.2,-5.9,-51.09,0.88
1800430011.919563,-0.26,-0.83,0.14,-0.3,-6.97,29.35,0.88
1800430012.0205927,-0.41,-0.99,-0.05,12.62,-6.84,72.87,1.07
1800430012.1216223,-0.42,-1.05,0.0,-42.06,-34.38,50.58,1.13
1800430012.2226517,-0.35,-1.05,0.03,-40.66,-66.92,35.43,1.11
1800430012.3236814,-0.39,-0.68,0.0,19.39,-146.65,-0.13,0.78
1800430012.424711,-0.29,-0.72,0.09,-54.57,-26.64,151.39,0.78
1800430012.5257406,-0.52,-0.88,-0.22,20.55,-89.78,47.68,1.05
1800430012.6267703,-0.19,-0.93,-0.11,-30.33,-66.41,24.28,0.96
1800430012.7278,-0.34,-1.08,-0.23,-41.57,14.96,46.34,1.15
1800430012.8288295,-0.33,-1.12,-0.34,-64.81,79.94,20.79,1.22
0.0,0.0,0.0,0.0,0.0,0.0,0.0,0.0
1800430015.0,0.24,-0.85,-0.07,8.01,-31.4,117.37,0.89
1800430015.1025605,0.28,-1.33,-0.11,-13.71,66.03,87.61,1.36
1800430015.2051213,0.08,-1.23,-0.28,200.43,30.97,32.28,1.26
1800430015.3076818,-0.07,-0.67,-0.39,-19.61,-50.85,-128.15,0.78
1800430015.4102423,-0.26,-0.75,-0.18,-34.04,-185.16,-232.76,0.81
1800430015.5128028,0.13,-0.58,0.07,174.76,-454.08,242.37,0.6
1800430015.6153636,0.64,-1.04,-0.59,-96.94,-156.71,-88.06,1.36
1800430015.717924,0.23,-1.26,-0.07,58.91,-106.92,-94.32,1.28
1800430015.8204846,0.15,-0.69,-0.66,105.75,-90.51,-36.65,0.97
1800430015.9230452,0.21,-0.78,-0.25,-53.81,69.22,-109.65,0.85
1800430016.025606,0.09,-0.37,0.03,-135.41,24.86,28.23,0.38
1800430016.1281664,0.24,-0.96,-0.36,-75.09,49.38,198.99,1.05
1800430016.230727,0.15,-1.61,-0.24,-27.1,171.03,17.2,1.64
1800430016.3332875,0.23,-1.25,-0.21,172.74,199.97,-62.39,1.29
1800430016.4358482,0.23,-0.53,-0.3,-59.58,100.18,20.68,0.65
1800430016.5384088,0.17,-0.51,-0.17,-149.74,67.85,-28.76,0.56
1800430016.6409693,0.03,-0.7,-0.21,-61.24,-11.29,22.69,0.73
1800430016.7435298,-0.04,-0.99,-0.15,42.11,-96.04,1.85,1.0
1800430016.8460906,0.14,-1.3,-0.21,84.23,-158.11,2.13,1.33
1800430016.948651,0.08,-1.1,-0.22,7.19,-151.04,-59.15,1.12
1800430017.0512116,0.08,-0.93,-0.21,6.54,-167.34,-91.18,0.95
1800430017.1537724,0.09,-0.64,-0.21,75.64,-140.15,-89.88,0.68
1800430017.2563329,0.23,-0.66,-0.21,22.07,-102.08,-16.51,0.73
0.0,0.0,0.0,0.0,0.0,0.0,0.0,0.0
1800430020.0,0.06,-0.97,-0.08,5.5,-2.9,-17.35,0.97
1800430020.100319,0.0,-0.94,-0.01,23.05,-10.04,-15.68,0.94
1800430020.2006378,0.08,-0.97,-0.09,26.19,13.99,-16.72,0.98
1800430020.3009567,0.11,-0.96,-0.03,7.52,-4.14,-17.11,0.97
1800430020.4012756,0.1,-0.97,0.0,0.85,-5.66,-2.22,0.97
1800430020.5015945,0.08,-0.99,-0.14,-1.92,-24.74,1.07,1.01
1800430020.6019135,0.07,-0.96,-0.08,-10.84,-28.87,-12.73,0.97
1800430020.7022324,0.06,-0.95,-0.11,-11.35,-38.41,14.29,0.96
1800430020.8025513,0.07,-0.92,-0.12,-2.53,-22.71,-2.74,0.93
1800430020.9028702,0.09,-0.95,-0.13,-12.75,-21.69,11.42,0.97
1800430021.003189,0.02,-0.8,-0.19,-23.21,-24.04,-22.41,0.82
1800430021.1035082,0.06,-0.91,-0.15,-18.55,12.65,-22.93,0.93
1800430021.2038271,0.09,-1.02,-0.12,1.37,8.82,-5.98,1.03
1800430021.304146,0.05,-0.95,-0.13,-5.77,7.68,-14.25,0.96
1800430021.404465,0.07,-0.84,-0.05,-15.29,20.95,-22.51,0.84
1800430021.5047839,0.03,-0.77,-0.04,-11.82,15.43,-5.47,0.78
1800430021.6051028,0.19,-0.97,-0.25,-16.48,38.63,-31.83,1.02
1800430021.7054217,0.02,-0.77,0.06,-33.38,-42.5,1.94,0.77
1800430021.8057406,-0.04,-0.9,0.06,-42.92,-6.24,-11.94,0.9
1800430021.9060595,-0.03,-1.05,-0.1,-42.7,-10.27,-42.93,1.06
1800430022.0063784,0.12,-1.9,0.17,83.59,195.95,-58.89,1.91
1800430022.1066973,-0.19,-0.74,-0.03,-50.76,-80.68,150.28,0.77
1800430022.2070162,-0.31,-1.06,-0.01,-76.81,-12.15,-46.28,1.1
1800430022.3073351,-0.21,-0.83,-0.13,-84.03,-47.72,21.2,0.87
1800430022.407654,-0.28,-0.92,-0.02,-22.82,7.77,-71.75,0.96
1800430022.507973,-0.19,-1.07,-0.07,55.26,-1.27,-16.57,1.09
1800430022.6082919,-0.18,-0.98,-0.05,-10.74,-9.63,-34.56,1.0
1800430022.7086108,-0.09,-0.93,-0.05,-24.01,-19.35,-18.62,0.94
0.0,0.0,0.0,0.0,0.0,0.0,0.0,0.0
1800430025.0,-0.08,-0.98,0.09,-3.47,-6.84,5.71,0.98
1800430025.0997248,-0.03,-0.99,0.08,-13.71,-29.11,-4.17,0.99
1800430025.1994493,-0.06,-0.97,0.11,-17.46,-22.95,2.51,0.97
1800430025.299174,-0.01,-0.97,0.1,-13.94,-27.04,-8.2,0.98
1800430025.3988988,-0.03,-0.98,0.12,4.85,-26.62,14.04,0.99
1800430025.4986236,-0.06,-0.99,0.16,-8.14,-32.2,2.88,1.0
1800430025.5983481,-0.05,-0.96,0.17,0.09,-32.54,9.67,0.98
1800430025.698073,0.01,-0.93,0.23,13.87,-54.84,5.03,0.96
1800430025.7977977,0.08,-0.96,0.21,25.08,-34.13,11.31,0.99
1800430025.8975224,-0.0,-0.84,0.14,27.95,-49.78,16.75,0.85
1800430025.997247,0.0,-0.76,0.18,40.79,-30.33,6.3,0.78
1800430026.0969718,-0.01,-0.74,0.22,52.84,-38.48,-30.92,0.77
1800430026.1966965,-0.13,-0.88,0.27,47.13,-56.69,-41.96,0.93
1800430026.2964213,-0.37,-1.02,0.3,26.9,-37.88,-41.62,1.13
1800430026.3961458,-0.34,-1.17,0.31,-22.8,-64.75,-63.69,1.26
1800430026.4958706,-0.12,-1.16,-0.02,-73.49,-42.66,-104.81,1.17
1800430026.5955954,-0.02,-1.51,-0.09,71.3,118.4,47.44,1.51
1800430026.6953201,0.1,-0.7,0.17,-22.04,4.0,113.81,0.73
1800430026.7950447,0.1,-1.0,0.06,-142.01,75.94,-81.87,1.01
1800430026.8947694,0.09,-0.91,0.19,-23.6,-3.44,72.35,0.93
1800430026.9944942,0.06,-1.01,0.13,-15.9,5.91,-51.63,1.02
1800430027.094219,0.07,-0.91,0.11,26.56,12.81,17.31,0.92
1800430027.1939435,0.04,-0.98,0.13,2.8,11.17,-19.81,0.99
1800430027.2936683,-0.06,-1.02,0.09,8.35,-37.08,-9.64,1.03
1800430027.393393,-0.05,-1.06,0.12,1.37,-26.72,-22.12,1.07
1800430027.4931178,-0.04,-1.02,0.14,10.6,-29.51,-21.14,1.03
1800430027.5928423,-0.06,-0.97,0.13,19.92,-15.5,-9.37,0.98
1800430027.692567,0.0,-1.02,0.09,-7.49,-12.58,-16.04,1.02
1800430027.7922919,-0.08,-0.97,0.06,-6.55,6.45,4.49,0.97
1800430027.8920166,-0.03,-0.96,0.14,25.35,-16.35,5.52,0.97
1800430027.9917412,-0.02,-0.98,0.16,50.03,-20.48,-25.59,1.0
1800430028.091466,-0.08,-0.99,0.08,27.51,-25.93,-0.35,1.0
1800430028.1911907,-0.09,-1.03,0.14,3.17,-19.79,4.37,1.04
1800430028.2909155,-0.14,-1.02,0.12,-29.54,-13.96,8.99,1.03
1800430028.39064,-0.1,-1.03,0.05,-50.93,6.79,-0.89,1.03
1800430028.4903648,-0.06,-0.96,0.08,-60.12,46.29,-7.09,0.97
1800430028.5900896,0.06,-0.94,0.13,-44.73,15.71,-15.18,0.95
1800430028.6898143,0.04,-0.96,-0.0,-20.54,78.6,-43.87,0.96
1800430028.7895389,0.07,-0.91,-0.04,-63.46,90.49,2.46,0.91
1800430028.8892636,0.13,-0.78,0.03,-59.84,77.01,-19.73,0.8
1800430028.9889884,0.27,-1.01,0.21,3.03,-2.82,14.14,1.06
1800430029.0887132,0.04,-1.02,0.16,15.99,-79.23,-30.9,1.03
1800430029.1884377,0.18,-0.98,0.02,-7.28,-29.98,18.2,0.99
1800430029.2881625,0.1,-1.19,0.13,27.0,-3.49,7.26,1.2
1800430029.3878872,0.17,-1.0,0.1,18.3,-45.57,-27.09,1.02
1800430029.487612,0.05,-1.01,0.1,26.64,-41.97,-26.03,1.02
1800430029.5873365,0.08,-0.98,0.12,22.88,-72.72,21.76,0.99
1800430029.6870613,-0.04,-0.95,0.23,55.99,-75.48,-2.77,0.98
1800430029.786786,-0.03,-0.95,0.16,62.47,-77.03,-24.82,0.97
1800430029.8865108,-0.09,-1.04,0.12,31.12,-79.63,-10.24,1.05
1800430029.9862354,-0.11,-1.07,0.01,-7.05,-37.83,-8.71,1.08
1800430030.0859601,-0.03,-0.96,0.08,-34.78,-14.22,17.89,0.97
1800430030.185685,-0.03,-0.9,0.06,-28.97,-2.39,-26.34,0.91
1800430030.2854097,0.03,-0.93,0.05,-36.03,6.32,-8.36,0.93
1800430030.3851342,0.01,-0.98,0.07,7.08,17.0,-29.34,0.99
1800430030.484859,0.02,-1.01,0.09,-15.55,-47.56,-47.41,1.01
1800430030.5845838,0.12,-0.94,-0.0,7.54,2.82,24.59,0.95
1800430030.6843085,-0.28,-0.96,0.32,14.98,75.02,25.77,1.05
1800430030.784033,-0.54,-1.33,0.6,102.18,187.42,44.54,1.55
1800430030.8837578,-0.37,-0.95,0.25,-3.37,-6.48,-62.3,1.05
1800430030.9834826,-0.49,-0.94,0.14,-36.24,-22.88,-24.79,1.07
1800430031.0832074,-0.34,-0.86,0.18,-70.13,-31.9,-2.73,0.94
1800430031.182932,-0.31,-0.95,0.18,-44.55,-40.34,41.46,1.02
1800430031.2826567,-0.23,-0.96,0.37,-70.04,-54.99,25.36,1.05
1800430031.3823814,-0.22,-0.89,0.23,-82.0,-70.46,-45.9,0.95
1800430031.482106,-0.0,-0.67,0.17,-98.3,-68.6,-38.12,0.7
1800430031.5818307,-0.11,-0.67,0.13,-60.81,-32.93,-42.57,0.69
1800430031.6815555,-0.03,-0.87,0.03,-39.73,23.93,-54.48,0.87
1800430031.7812803,-0.13,-0.99,0.05,-20.04,120.59,-7.89,1.0
1800430031.8810048,-0.1,-1.04,0.22,4.68,88.38,81.32,1.07
1800430031.9807296,-0.04,-0.94,0.24,-59.56,74.79,-39.17,0.97
1800430032.0804543,-0.16,-1.01,0.14,-48.09,137.4,-29.66,1.03
1800430032.180179,0.17,-0.93,0.21,-56.18,88.37,36.31,0.97
1800430032.2799037,-0.05,-0.99,0.29,-57.62,150.65,44.66,1.03
1800430032.3796284,-0.01,-0.9,0.34,-39.6,96.09,36.26,0.97
1800430032.4793532,-0.0,-0.84,0.34,-113.29,149.3,-2.18,0.91
1800430032.579078,0.04,-0.89,0.3,-107.87,191.33,14.94,0.94
1800430032.6788025,-0.03,-0.95,0.25,-40.24,188.18,23.13,0.98
1800430032.7785273,-0.05,-0.97,0.24,-36.32,126.81,-30.48,1.0
1800430032.878252,-0.09,-1.09,0.13,-56.38,143.38,16.9,1.1
1800430032.9779768,-0.07,-0.91,0.26,-66.17,69.94,28.79,0.95
1800430033.0777013,0.01,-1.02,0.12,-77.64,72.47,-56.33,1.02
1800430033.177426,0.03,-1.01,0.21,-52.08,30.89,-16.94,1.04
1800430033.2771509,-0.0,-1.03,0.23,-19.43,60.7,-19.49,1.05
1800430033.3768756,0.11,-0.84,0.11,-26.36,17.51,-50.7,0.85
1800430033.4766002,-0.02,-1.05,0.31,-34.73,-13.84,36.45,1.1
0.0,0.0,0.0,0.0,0.0,0.0,0.0,0.0
1800430030.0,0.19,0.79,0.31,-11.1,89.82,21.86,0.87
1800430030.103545,0.17,0.95,0.19,-8.97,73.77,-77.67,0.99
1800430030.20709,0.11,0.94,0.09,8.31,-27.41,-75.06,0.95
1800430030.3106349,0.12,0.95,0.04,-32.67,-100.98,82.96,0.96
1800430030.4141798,-0.04,1.5,0.3,9.17,-150.18,2.26,1.53
1800430030.5177248,0.38,1.33,0.33,35.76,-119.55,-9.49,1.42
1800430030.6212695,0.3,0.81,0.1,-90.9,-119.0,-33.21,0.87
1800430030.7248144,0.14,0.89,0.09,-91.33,-151.22,89.94,0.91
1800430030.8283594,0.16,0.75,0.22,-2.9,-139.87,130.83,0.8
1800430030.9319043,0.26,0.87,0.51,82.72,-68.84,40.92,1.04
1800430031.0354493,0.33,1.09,0.52,69.68,92.44,-48.82,1.26
1800430031.1389942,0.46,1.18,0.48,144.85,137.66,-26.13,1.36
1800430031.2425392,0.22,0.62,0.32,43.96,163.17,-53.72,0.74
1800430031.346084,0.14,0.79,0.26,10.45,127.05,-72.01,0.84
1800430031.449629,0.1,0.96,0.24,18.08,23.85,-69.37,0.99
1800430031.553174,0.19,1.11,0.28,35.85,-46.86,19.29,1.16
1800430031.656719,0.33,1.43,0.48,71.05,-72.53,107.21,1.54
1800430031.760264,0.24,0.71,0.32,-127.51,14.39,-53.11,0.81
1800430031.8638086,0.09,0.83,0.37,-47.68,14.41,35.69,0.91
1800430031.9673536,0.31,0.7,0.4,78.63,11.36,14.23,0.86
1800430032.0708985,0.28,0.77,0.41,105.16,93.11,-37.02,0.92
1800430032.1744435,0.41,1.22,0.6,118.34,111.64,2.83,1.42
1800430032.2779884,0.43,1.27,0.49,77.59,190.17,-21.53,1.43
1800430032.3815334,0.22,0.72,0.34,15.75,237.8,-84.22,0.82
0.0,0.0,0.0,0.0,0.0,0.0,0.0,0.0
1800430035.0,-0.1,-0.94,-0.24,3.5,-17.04,-3.75,0.98
1800430035.1007864,-0.06,-0.93,-0.23,-15.81,-23.81,-8.56,0.96
1800430035.201573,-0.06,-0.92,-0.18,-10.64,-36.15,-8.16,0.94
1800430035.3023596,-0.04,-0.93,-0.21,-2.74,-33.61,-12.07,0.95
1800430035.403146,-0.06,-0.92,-0.15,14.48,-30.06,-1.88,0.93
1800430035.5039325,-0.06,-0.9,-0.2,5.74,-19.65,-4.46,0.93
1800430035.604719,-0.07,-0.95,-0.26,8.18,-27.29,-0.53,0.99
1800430035.7055056,0.03,-0.9,-0.26,15.15,-58.93,6.19,0.94
1800430035.806292,0.04,-0.89,-0.35,4.28,-37.15,20.74,0.96
1800430035.9070785,-0.03,-0.77,-0.19,24.24,-57.46,29.17,0.79
1800430036.007865,-0.04,-0.7,-0.24,15.74,-34.99,43.01,0.74
1800430036.1086516,-0.01,-0.7,-0.31,-23.6,-34.26,44.92,0.76
1800430036.209438,-0.14,-0.84,-0.3,-28.84,-51.86,36.56,0.9
1800430036.3102245,-0.45,-0.94,-0.42,-35.62,-39.2,20.22,1.12
1800430036.411011,-0.33,-1.08,-0.35,-53.09,-68.09,-14.63,1.18
1800430036.5117977,-0.12,-1.08,-0.14,-89.39,-43.43,-67.3,1.1
1800430036.612584,-0.03,-1.39,0.01,63.08,81.46,61.3,1.39
1800430036.7133706,0.08,-0.64,-0.24,87.89,8.51,-23.03,0.68
1800430036.814157,0.05,-0.9,-0.14,-77.9,56.32,-119.02,0.91
1800430036.9149437,0.05,-0.91,-0.32,85.95,-8.36,-11.54,0.97
1800430037.0157301,0.07,-1.01,-0.19,-43.6,-1.87,-16.24,1.03
1800430037.1165166,0.08,-0.91,-0.21,24.72,1.32,31.65,0.93
1800430037.217303,0.04,-0.95,-0.2,-10.27,2.52,0.69,0.97
1800430037.3180897,-0.03,-0.97,-0.24,-3.89,-35.3,16.17,1.0
1800430037.4188762,-0.02,-0.94,-0.19,-17.62,-37.11,2.97,0.96
1800430037.5196626,-0.03,-0.95,-0.19,-12.08,-31.94,11.87,0.97
1800430037.620449,-0.05,-0.87,-0.16,2.54,-24.51,18.41,0.88
1800430037.7212358,-0.05,-0.98,-0.16,-7.46,-19.92,5.86,0.99
1800430037.8220222,-0.08,-0.88,-0.2,16.63,1.88,0.75,0.91
1800430037.9228086,-0.09,-0.86,-0.21,11.01,-23.56,27.81,0.89
1800430038.023595,-0.06,-0.92,-0.26,-19.01,-33.83,45.75,0.96
1800430038.1243815,-0.08,-0.98,-0.21,-1.88,-32.93,25.51,1.01
1800430038.2251682,-0.11,-0.94,-0.18,-3.53,-23.54,-9.17,0.97
1800430038.3259547,-0.14,-0.99,-0.21,0.88,-16.44,-33.54,1.02
1800430038.4267411,-0.13,-0.94,-0.15,7.74,7.15,-47.14,0.96
1800430038.5275276,-0.04,-0.93,-0.16,2.54,36.4,-50.99,0.95
1800430038.6283143,0.1,-0.92,-0.21,-0.07,8.56,-41.76,0.95
1800430038.7291007,0.05,-0.86,-0.13,-18.61,71.7,-21.13,0.87
1800430038.8298872,0.09,-0.85,-0.11,6.53,79.01,-58.6,0.86
1800430038.9306736,0.12,-0.79,-0.17,-8.92,61.11,-45.18,0.81
1800430039.0314603,0.26,-0.92,-0.28,24.83,-14.85,1.05,1.0
1800430039.1322467,0.03,-0.98,-0.3,-22.29,-71.73,7.53,1.03
1800430039.2330332,0.11,-0.93,-0.15,24.8,-32.47,-4.91,0.95
1800430039.3338196,0.11,-1.11,-0.24,7.76,-10.55,29.52,1.14
1800430039.4346063,0.17,-1.01,-0.21,-28.22,-37.34,17.04,1.05
1800430039.5353928,0.03,-0.92,-0.18,-12.51,-47.32,8.25,0.94
1800430039.6361792,0.09,-0.96,-0.26,22.79,-67.83,20.48,1.0
1800430039.7369657,-0.05,-0.91,-0.3,-0.92,-77.35,60.02,0.96
1800430039.8377523,-0.09,-0.95,-0.23,-7.1,-72.9,54.46,0.98
1800430039.9385388,-0.07,-0.99,-0.23,-10.64,-78.17,15.98,1.02
1800430040.0393252,-0.11,-1.04,-0.17,-2.8,-35.92,7.93,1.06
1800430040.1401117,-0.06,-0.9,-0.17,-2.89,-21.32,-27.54,0.92
1800430040.2408984,-0.05,-0.86,-0.2,-19.59,-12.31,-9.98,0.89
1800430040.3416848,-0.06,-0.86,-0.16,-4.77,6.75,-18.03,0.88
1800430040.4424713,-0.03,-0.94,-0.12,-31.36,11.2,-3.74,0.95
1800430040.5432577,0.04,-0.91,-0.16,-38.39,-47.4,-20.6,0.93
1800430040.6440444,0.12,-0.97,-0.08,29.77,-1.76,9.25,0.98
1800430040.7448308,-0.3,-0.91,-0.4,25.7,65.93,15.09,1.03
1800430040.8456173,-0.53,-1.21,-0.71,51.63,177.61,95.34,1.5
1800430040.9464037,-0.36,-0.92,-0.36,-53.81,-13.3,1.38,1.05
1800430041.0471902,-0.56,-0.92,-0.16,-21.4,-18.86,-46.51,1.09
1800430041.1479769,-0.4,-0.84,-0.26,1.27,-35.69,-48.6,0.96
1800430041.2487633,-0.34,-0.83,-0.22,42.71,-36.06,-30.2,0.92
1800430041.3495498,-0.29,-0.89,-0.42,23.65,-63.24,-64.42,1.03
1800430041.4503362,-0.24,-0.89,-0.35,-35.12,-62.2,-63.49,0.99
1800430041.551123,-0.08,-0.69,-0.3,-34.47,-77.76,-74.47,0.76
1800430041.6519094,-0.11,-0.6,-0.24,-30.07,-37.98,-55.45,0.65
1800430041.7526958,0.02,-0.9,-0.07,-55.92,8.3,-29.64,0.9
1800430041.8534822,-0.13,-0.98,-0.1,-5.63,101.61,-0.44,0.99
1800430041.954269,-0.09,-0.98,-0.32,79.25,69.92,3.35,1.04
1800430042.0550554,-0.05,-0.93,-0.28,-31.48,70.36,-49.92,0.97
1800430042.1558418,-0.18,-0.94,-0.21,-25.13,122.66,-45.58,0.98
1800430042.2566283,0.16,-0.89,-0.3,46.55,64.84,-49.36,0.95
1800430042.357415,-0.08,-0.95,-0.36,48.71,131.46,-41.05,1.02
1800430042.4582014,0.0,-0.83,-0.37,32.22,83.61,-35.05,0.91
1800430042.5589879,-0.04,-0.86,-0.43,-8.86,128.18,-92.03,0.96
1800430042.6597743,0.01,-0.88,-0.37,20.66,173.1,-92.76,0.95
1800430042.760561,-0.06,-0.87,-0.35,22.53,149.08,-37.1,0.94
1800430042.8613474,-0.09,-0.93,-0.3,-12.65,114.57,-29.29,0.98
1800430042.962134,-0.11,-1.01,-0.22,15.31,122.71,-38.85,1.04
1800430043.0629203,-0.11,-0.9,-0.41,35.52,56.14,-47.07,0.99
1800430043.163707,0.02,-0.92,-0.24,-47.5,58.27,-59.68,0.95
1800430043.2644935,-0.05,-0.95,-0.27,-16.06,29.64,-43.23,0.99
1800430043.36528,0.0,-0.96,-0.36,-20.72,45.96,-13.03,1.03
1800430043.4660664,0.11,-0.82,-0.2,-48.69,15.65,-15.72,0.86
1800430043.566853,-0.0,-0.99,-0.32,36.28,-14.96,-17.87,1.05
0.0,0.0,0.0,0.0,0.0,0.0,0.0,0.0
1800430040.0,0.19,0.71,0.22,-4.1,-105.36,7.69,0.76
1800430040.1007102,0.18,0.94,0.15,-11.38,-73.56,-81.63,0.97
1800430040.20142,0.02,0.87,0.05,13.25,37.28,-77.15,0.87
1800430040.3021302,0.2,0.88,-0.01,-36.16,102.17,73.23,0.9
1800430040.4028404,0.01,1.34,0.24,13.98,140.28,-4.66,1.36
1800430040.5035505,0.34,1.21,0.29,40.58,113.35,-9.84,1.29
1800430040.6042604,0.25,0.77,0.07,-92.09,107.36,-34.03,0.81
1800430040.7049706,0.17,0.77,0.03,-106.59,155.87,76.41,0.79
1800430040.8056808,0.11,0.66,0.13,-8.16,133.18,114.21,0.68
1800430040.9063907,0.28,0.79,0.43,94.44,65.23,33.16,0.94
1800430041.0071008,0.34,1.02,0.52,85.49,-87.59,-65.92,1.19
1800430041.107811,0.43,1.15,0.42,166.5,-151.1,-26.63,1.3
1800430041.208521,0.25,0.57,0.29,63.74,-164.27,-75.18,0.69
1800430041.309231,0.15,0.72,0.23,20.34,-124.56,-81.64,0.77
1800430041.4099412,0.15,0.94,0.22,31.39,-28.57,-91.84,0.97
1800430041.5106514,0.22,1.03,0.22,43.71,44.31,13.04,1.07
1800430041.6113613,0.35,1.35,0.43,71.24,65.87,104.48,1.46
1800430041.7120714,0.22,0.68,0.27,-147.75,-14.5,-53.99,0.76
1800430041.8127816,0.08,0.74,0.28,-56.7,-20.37,22.59,0.8
1800430041.9134915,0.22,0.7,0.4,97.1,-31.68,1.55,0.84
1800430042.0142016,0.18,0.72,0.37,125.31,-95.39,-44.36,0.83
1800430042.1149118,0.38,1.1,0.61,141.52,-127.44,-8.59,1.32
1800430042.215622,0.4,1.19,0.5,77.62,-192.65,-28.09,1.35
1800430042.3163319,0.18,0.7,0.31,14.43,-238.63,-94.57,0.78
0.0,0.0,0.0,0.0,0.0,0.0,0.0,0.0
1800430045.0,0.02,0.97,-0.02,-1.57,-14.79,-6.07,0.97
1800430045.097696,0.01,0.96,-0.02,4.35,-16.58,-0.2,0.96
1800430045.1953921,0.0,1.03,-0.04,-1.93,-10.81,-1.29,1.03
1800430045.293088,0.0,0.98,-0.0,-5.17,-9.21,8.85,0.98
1800430045.390784,0.06,0.97,-0.1,0.31,-2.12,-0.3,0.98
1800430045.48848,0.02,0.98,-0.02,10.77,-8.93,9.23,0.99
1800430045.5861762,0.06,1.0,-0.05,2.86,-2.35,-11.74,1.0
1800430045.683872,0.04,0.98,-0.07,-6.7,-6.95,-18.9,0.99
1800430045.781568,0.04,0.99,-0.03,-17.85,-6.33,-23.88,0.99
1800430045.879264,0.09,1.02,-0.07,-1.24,-5.05,-22.59,1.02
1800430045.9769602,-0.05,0.94,-0.07,2.9,-23.57,-8.88,0.95
1800430046.074656,-0.05,1.01,-0.01,3.63,-30.37,-38.72,1.01
1800430046.172352,-0.04,0.89,-0.07,31.1,-35.04,-14.3,0.89
1800430046.2700481,-0.02,0.97,-0.07,3.93,-35.12,9.69,0.98
1800430046.3677442,0.06,0.93,-0.1,1.71,-9.35,0.15,0.94
1800430046.4654403,0.03,0.91,-0.13,7.33,-9.1,-3.55,0.92
1800430046.563136,0.12,0.9,-0.25,-22.2,-56.99,-22.37,0.94
1800430046.6608322,0.06,1.01,-0.25,-21.78,-67.81,5.34,1.04
1800430046.7585282,0.27,1.05,-0.21,-49.4,-72.77,-71.33,1.11
1800430046.8562243,-0.36,1.67,0.29,-54.72,-70.57,-11.49,1.73
1800430046.9539201,0.02,0.98,-0.01,102.12,-52.87,-87.53,0.98
1800430047.0516162,-0.42,0.86,0.38,-114.18,6.75,-125.28,1.03
1800430047.1493123,-0.19,1.07,0.22,-5.88,84.54,-46.33,1.11
1800430047.2470083,-0.2,0.97,-0.15,66.45,12.91,-24.6,1.0
1800430047.3447042,-0.21,0.88,-0.12,-9.95,-17.17,25.54,0.92
1800430047.4424002,-0.28,0.97,-0.01,37.27,-31.83,9.97,1.01
1800430047.5400963,-0.23,0.98,-0.15,-1.99,5.74,9.35,1.02
1800430047.6377923,-0.23,0.99,-0.1,-8.89,-23.82,14.58,1.03
1800430047.7354884,-0.16,0.96,-0.08,-31.83,3.6,26.93,0.98
1800430047.8331842,-0.06,1.02,-0.03,-22.96,-9.32,14.92,1.02
0.0,0.0,0.0,0.0,0.0,0.0,0.0,0.0
1800430050.0,0.48,-1.39,0.35,24.96,-37.48,-73.32,1.51
1800430050.04,0.28,-1.14,0.09,-24.23,-5.96,-2.96,1.18
1800430050.08,-0.02,-0.66,0.25,-22.18,-90.27,-3.78,0.71
1800430050.12,0.2,-0.68,0.03,-58.29,-110.37,49.2,0.71
1800430050.16,0.1,-0.95,-0.16,-13.48,-113.17,-29.83,0.97
1800430050.2,0.09,-1.37,-0.21,-28.64,-66.08,-32.91,1.39
1800430050.24,-0.04,-1.74,0.67,-90.44,76.15,-37.7,1.86
1800430050.28,0.04,-0.71,0.2,136.77,-19.57,40.03,0.74
1800430050.32,0.03,-0.79,0.31,-19.0,-26.5,24.31,0.85
1800430050.36,0.05,-0.82,0.04,28.98,-19.14,-4.59,0.82
1800430050.4,0.02,-0.9,-0.1,4.6,10.37,-5.66,0.91
1800430050.44,0.05,-1.1,-0.18,94.22,41.84,18.16,1.12
1800430050.48,0.63,-1.8,0.44,-7.18,100.81,-20.47,1.96
1800430050.52,0.15,-1.33,0.11,36.25,-14.89,-8.85,1.34
1800430050.56,0.18,-0.66,0.05,-75.99,15.24,-7.19,0.69
1800430050.6,0.1,-0.61,0.04,1.82,-52.44,-35.37,0.62
1800430050.64,0.11,-1.0,-0.1,-43.86,-32.49,-54.8,1.01
1800430050.68,0.03,-1.36,-0.15,-33.75,-41.71,-29.69,1.36
1800430050.72,0.39,-1.27,0.25,-88.3,-9.98,35.44,1.35
1800430050.76,0.01,-1.17,0.19,96.26,-36.76,-26.37,1.18
1800430050.8,0.18,-0.65,0.09,39.43,-48.93,35.49,0.68
1800430050.84,0.08,-0.79,0.15,-12.75,-12.51,40.5,0.81
1800430050.88,-0.03,-1.05,-0.09,17.22,-15.58,-18.57,1.06
1800430050.92,0.0,-0.94,-0.1,29.32,15.19,-25.44,0.95
1800430050.96,0.04,-0.91,-0.17,74.52,15.74,-12.51,0.93
1800430051.0,0.77,-1.46,0.74,-53.84,67.82,-22.13,1.81
0.0,0.0,0.0,0.0,0.0,0.0,0.0,0.0
1800430055.0,-0.06,-1.0,0.03,-5.45,25.94,1.26,1.0
1800430055.1018164,-0.08,-0.96,-0.02,-7.51,9.62,-0.53,0.97
1800430055.203633,-0.06,-0.95,-0.01,5.86,3.39,-25.01,0.95
1800430055.3054495,-0.06,-1.04,0.03,33.09,6.05,-49.83,1.04
1800430055.4072661,0.03,-1.04,-0.02,34.84,5.67,-32.52,1.04
1800430055.5090826,0.06,-1.03,-0.09,43.03,9.11,-29.53,1.04
1800430055.6108992,0.1,-1.04,-0.1,16.23,-5.6,-34.94,1.05
1800430055.7127156,0.19,-1.22,-0.22,6.26,-22.05,-37.54,1.25
1800430055.8145323,0.4,-1.1,-0.33,-14.46,13.81,4.2,1.21
1800430055.9163487,0.2,-1.0,-0.15,-29.38,31.93,-0.49,1.03
1800430056.0181653,0.29,-1.15,-0.13,-10.52,9.45,-16.9,1.19
1800430056.1199818,0.26,-1.07,-0.1,-3.74,11.63,20.91,1.1
1800430056.2217982,0.17,-1.0,-0.13,2.57,9.56,35.08,1.02
1800430056.3236148,0.14,-0.94,-0.1,-3.17,21.22,61.45,0.95
1800430056.4254313,0.1,-0.99,-0.09,-7.02,18.72,34.06,1.0
1800430056.527248,0.18,-0.79,-0.08,-23.9,37.06,40.03,0.82
1800430056.6290643,-0.14,-0.56,0.0,-6.75,98.65,65.46,0.58
1800430056.730881,0.19,-1.32,-0.1,-15.99,-30.75,-33.69,1.34
1800430056.8326974,-0.08,-0.89,-0.13,32.66,74.86,-33.1,0.9
1800430056.934514,0.03,-1.08,0.0,-44.16,12.54,1.36,1.08
0.0,0.0,0.0,0.0,0.0,0.0,0.0,0.0
1800430060.0,0.29,-0.84,-0.22,-32.03,61.37,-100.35,0.91
1800430060.1055589,0.57,-0.85,-0.14,-57.51,79.28,-106.75,1.04
1800430060.2111177,0.47,-0.71,0.22,26.7,127.77,-55.98,0.88
1800430060.3166769,0.59,-0.77,-0.09,-76.72,85.6,-97.95,0.98
1800430060.4222357,0.3,-0.65,0.18,-31.64,45.43,-11.76,0.74
1800430060.5277946,0.65,-0.94,-0.08,-27.92,59.68,-26.77,1.15
1800430060.6333535,0.38,-0.83,0.06,-4.27,25.45,-3.42,0.91
1800430060.7389126,0.42,-1.0,-0.06,51.7,23.38,19.15,1.09
1800430060.8444715,0.45,-1.09,-0.26,83.59,58.28,-15.48,1.21
1800430060.9500303,0.52,-0.9,-0.53,27.26,110.95,-57.96,1.17
1800430061.0555892,0.11,-0.51,-0.09,7.29,104.33,-80.57,0.53
1800430061.161148,0.43,-1.1,-0.43,-15.84,138.82,-99.78,1.26
1800430061.2667072,0.16,-0.8,0.0,-68.71,35.23,-50.45,0.81
1800430061.372266,0.18,-0.95,-0.11,62.73,69.19,-28.13,0.97
1800430061.477825,0.3,-1.17,-0.14,4.76,-19.55,-13.3,1.22
1800430061.5833838,0.52,-0.98,-0.05,-14.81,-13.25,0.56,1.11
1800430061.6889427,0.26,-0.6,0.17,-75.65,-147.05,1.34,0.67
1800430061.7945018,0.46,-0.87,-0.04,61.86,-23.27,56.98,0.99
1800430061.9000607,0.37,-0.77,-0.16,-20.66,-98.38,56.17,0.87
1800430062.0056195,0.29,-1.11,0.02,41.86,-36.23,42.94,1.14
1800430062.1111784,0.3,-1.08,-0.13,89.02,-13.5,-11.77,1.13
1800430062.2167375,0.27,-1.11,-0.38,81.73,62.1,-7.64,1.21
1800430062.3222964,-0.08,-0.72,-0.05,0.71,20.39,-80.91,0.73
1800430062.4278553,0.25,-0.96,-0.03,-72.45,78.15,-37.22,0.99
1800430062.5334141,0.18,-0.92,0.16,-40.92,6.15,-38.11,0.95
1800430062.638973,0.25,-1.01,0.01,13.1,-19.38,1.77,1.04
1800430062.744532,0.37,-1.27,0.15,-5.23,-29.86,20.47,1.34
1800430062.850091,0.38,-0.61,0.12,-91.75,-178.06,-38.53,0.73
1800430062.9556499,0.31,-0.79,0.16,69.03,-25.21,95.34,0.86
1800430063.0612087,0.35,-0.82,0.01,-38.04,-94.32,1.76,0.89
1800430063.1667678,0.14,-0.88,0.1,27.98,-39.46,58.22,0.89
0.0,0.0,0.0,0.0,0.0,0.0,0.0,0.0
1800430065.0,0.14,-0.88,0.26,14.01,46.92,31.37,0.93
1800430065.1052465,0.0,-0.78,0.27,23.86,9.73,4.3,0.83
1800430065.210493,-0.03,-0.86,0.27,-2.88,-15.01,18.35,0.9
1800430065.3157394,0.38,-1.29,0.43,-5.32,-49.38,-76.33,1.41
1800430065.420986,0.68,-1.16,0.24,15.49,2.32,-24.29,1.36
1800430065.5262325,0.29,-0.58,0.13,-13.01,45.88,74.88,0.66
1800430065.631479,-0.02,-0.52,0.17,-4.12,-8.62,9.33,0.54
1800430065.7367256,0.19,-0.7,0.25,50.87,-74.22,13.04,0.77
1800430065.841972,0.17,-1.24,0.36,-19.88,-23.76,95.37,1.3
1800430065.9472184,0.25,-1.37,0.13,-89.14,-23.36,-20.77,1.4
1800430066.052465,0.49,-0.9,-0.06,36.69,-128.65,39.54,1.03
1800430066.1577115,0.1,-0.5,0.12,-48.53,-120.51,-137.97,0.53
1800430066.262958,0.04,-0.53,0.12,-0.74,-122.14,-44.29,0.55
1800430066.3682046,0.07,-1.11,0.18,15.64,-49.38,18.97,1.12
1800430066.4734511,0.2,-1.23,0.38,17.12,33.67,-116.46,1.31
1800430066.5786974,0.74,-0.86,0.28,18.78,-16.65,41.22,1.17
1800430066.683944,0.28,-0.85,0.2,-39.35,2.14,-52.49,0.92
1800430066.7891905,-0.05,-0.4,0.19,-53.1,-31.34,-46.11,0.45
1800430066.894437,0.09,-0.66,0.35,33.02,-99.96,124.99,0.76
1800430066.9996836,0.08,-1.28,0.41,-53.45,-40.42,10.68,1.34
1800430067.10493,0.19,-1.32,0.25,-59.93,-34.71,-29.32,1.35
1800430067.2101765,0.46,-0.94,0.02,44.28,-109.61,45.75,1.05
1800430067.315423,0.1,-0.53,0.2,11.96,-40.85,-84.4,0.58
1800430067.4206696,0.07,-0.4,0.23,12.98,-31.49,25.93,0.46
1800430067.525916,0.21,-1.0,0.34,62.12,-61.19,61.59,1.08
1800430067.6311626,0.29,-1.01,0.66,-18.92,25.9,-102.02,1.25
1800430067.736409,0.98,-0.83,0.23,30.22,20.9,14.12,1.3
1800430067.8416555,0.39,-0.51,0.08,-51.89,34.44,50.13,0.65
1800430067.946902,-0.07,-0.51,0.12,-83.92,25.94,59.46,0.52
1800430068.0521486,0.06,-0.72,0.44,1.97,-66.7,-6.73,0.84
0.0,0.0,0.0,0.0,0.0,0.0,0.0,0.0
1800430070.0,0.01,-0.94,0.07,2.3,-8.49,-18.02,0.94
1800430070.098771,-0.02,-0.91,0.23,16.9,-24.8,-2.01,0.94
1800430070.1975424,0.07,-0.9,0.02,-6.47,18.86,46.26,0.9
1800430070.2963135,0.0,-0.93,0.2,28.77,52.28,43.71,0.95
1800430070.3950846,0.09,-0.93,0.24,74.71,147.16,89.14,0.97
1800430070.4938557,0.05,-1.0,0.42,-8.81,87.0,86.02,1.08
1800430070.592627,-0.05,-0.92,0.11,27.05,124.53,34.22,0.93
1800430070.6913981,0.08,-0.88,0.28,10.86,78.38,23.57,0.92
1800430070.7901692,-0.04,-0.92,0.31,-23.21,42.5,0.57,0.97
1800430070.8889406,-0.24,-1.09,0.35,-28.8,-34.73,-3.72,1.17
1800430070.9877117,-0.12,-0.72,0.38,1.82,70.33,-16.21,0.82
1800430071.0864828,-0.03,-0.91,0.24,-50.28,-6.91,22.79,0.94
1800430071.1852539,-0.13,-0.8,0.32,83.37,88.58,22.13,0.88
1800430071.2840252,-0.02,-0.84,0.35,4.18,84.31,91.8,0.91
1800430071.3827963,-0.22,-0.91,0.38,-44.85,115.85,41.91,1.01
1800430071.4815674,-0.11,-0.95,0.41,-39.44,125.02,21.67,1.04
1800430071.5803387,-0.02,-0.85,0.27,-23.6,188.27,42.33,0.89
1800430071.6791098,0.06,-0.95,0.37,7.19,158.56,64.9,1.02
1800430071.777881,0.08,-0.73,0.41,9.05,170.2,74.2,0.84
1800430071.876652,0.04,-0.91,0.38,-32.21,184.75,79.07,0.99
1800430071.9754233,0.16,-0.9,0.22,8.62,159.86,60.49,0.94
1800430072.0741944,0.1,-0.92,0.23,-12.14,126.77,75.21,0.95
1800430072.1729655,0.01,-1.0,0.3,-22.83,89.17,64.2,1.04
1800430072.2717369,-0.01,-0.98,0.25,-41.33,96.64,57.11,1.01
1800430072.370508,-0.2,-0.94,0.43,-35.55,92.33,15.61,1.05
1800430072.469279,0.04,-0.72,0.21,-43.01,98.26,19.68,0.75
1800430072.5680504,-0.11,-0.94,0.29,-14.48,-2.96,18.97,0.99
1800430072.6668215,-0.11,-0.83,0.24,39.58,119.01,10.44,0.87
1800430072.7655926,-0.05,-0.96,0.32,17.63,92.94,29.89,1.01
1800430072.8643637,0.08,-0.83,0.32,41.45,198.26,62.0,0.89
1800430072.963135,0.16,-0.85,0.38,34.81,199.4,93.2,0.94
1800430073.061906,0.07,-0.9,0.43,-53.61,144.73,76.54,1.0
1800430073.1606772,0.0,-0.85,0.23,-34.58,74.91,47.05,0.88
1800430073.2594485,0.05,-0.93,0.26,-7.1,75.96,55.44,0.97
1800430073.3582196,0.14,-1.05,0.25,-16.88,96.4,72.16,1.08
1800430073.4569907,-0.21,-0.73,0.27,-19.62,206.92,-8.44,0.81
1800430073.5557618,-0.15,-1.03,0.1,-28.57,131.41,99.68,1.04
1800430073.6545331,-0.24,-0.83,0.34,-3.19,182.81,56.85,0.93
1800430073.7533042,-0.17,-0.8,0.01,-10.66,122.52,86.8,0.82
1800430073.8520753,-0.3,-1.02,0.19,2.76,43.0,43.2,1.08
1800430073.9508467,-0.18,-0.92,0.2,25.62,103.57,8.77,0.96
1800430074.0496178,-0.06,-0.92,0.16,-25.23,54.94,-14.41,0.94
1800430074.1483889,-0.24,-1.1,0.2,-48.09,30.88,-53.31,1.14
1800430074.24716,-0.16,-1.03,0.45,-3.56,-39.95,-61.37,1.14
1800430074.3459313,0.09,-0.7,0.08,-38.24,41.44,-28.68,0.71
1800430074.4447024,0.01,-1.14,0.14,10.14,-70.78,13.1,1.14
1800430074.5434735,-0.09,-0.84,0.29,-10.77,41.19,-22.37,0.9
1800430074.6422448,0.04,-0.92,-0.02,-24.9,-13.34,-12.39,0.92
1800430074.741016,-0.02,-1.01,0.15,-19.37,-62.2,-7.45,1.02
1800430074.839787,-0.1,-1.02,0.12,-25.42,-75.07,-27.54,1.04
1800430074.938558,0.02,-1.14,0.04,-5.13,-108.88,0.93,1.14
1800430075.0373294,-0.25,-0.76,0.18,-21.99,-48.5,-81.19,0.82
1800430075.1361005,-0.06,-0.96,0.02,10.68,-120.92,-35.31,0.97
1800430075.2348716,-0.18,-0.89,0.24,56.34,-36.04,-35.49,0.94
0.0,0.0,0.0,0.0,0.0,0.0,0.0,0.0
1800430075.0,-0.08,-1.03,0.03,1.47,11.6,-3.34,1.03
1800430075.102675,-0.15,-1.0,-0.02,5.6,7.43,-11.16,1.01
1800430075.20535,-0.03,-0.96,-0.06,32.75,1.59,12.65,0.96
1800430075.308025,-0.01,-1.06,-0.02,46.64,-11.06,18.58,1.06
1800430075.4106998,-0.01,-1.04,0.0,38.48,2.9,21.5,1.04
1800430075.5133748,-0.0,-1.1,0.03,42.9,-1.62,26.23,1.1
1800430075.6160498,0.13,-1.1,0.12,30.5,-4.02,6.75,1.11
1800430075.7187247,0.21,-1.24,0.24,37.65,-33.96,6.2,1.28
1800430075.8213997,0.37,-1.11,0.31,-2.79,5.14,-12.02,1.21
1800430075.9240744,0.22,-1.02,0.1,11.69,19.94,-23.06,1.05
1800430076.0267494,0.29,-1.15,0.15,17.84,19.88,-1.11,1.2
1800430076.1294243,0.24,-1.07,0.09,-15.79,6.68,-4.73,1.1
1800430076.2320993,0.11,-0.96,0.12,-38.3,19.17,16.86,0.97
1800430076.3347743,0.14,-1.03,0.12,-75.98,25.45,-3.14,1.05
1800430076.4374492,0.09,-0.97,0.08,-43.91,10.24,-13.53,0.98
1800430076.5401242,0.12,-0.75,0.02,-37.4,30.08,-17.7,0.76
1800430076.6427991,-0.23,-0.55,0.02,-69.14,87.56,2.54,0.6
1800430076.745474,0.18,-1.31,0.11,34.54,-30.19,-16.35,1.33
1800430076.848149,-0.08,-0.92,0.12,35.7,68.49,17.35,0.93
1800430076.950824,0.01,-1.09,-0.03,6.79,7.43,-41.84,1.09
0.0,0.0,0.0,0.0,0.0,0.0,0.0,0.0
1800430080.0,-0.1,0.51,0.07,-12.44,-18.55,-9.81,0.53
1800430080.1055074,-0.05,0.66,-0.1,-154.46,9.24,77.78,0.67
1800430080.2110145,-0.04,1.08,-0.11,14.35,66.51,12.96,1.08
1800430080.316522,-0.15,1.27,-0.19,-107.69,10.62,-19.14,1.3
1800430080.422029,-0.33,1.41,-0.05,201.19,-65.19,-27.28,1.45
1800430080.5275364,-0.4,1.19,0.14,22.86,-38.32,91.27,1.26
1800430080.6330435,-0.46,0.79,-0.15,104.06,-163.21,-130.35,0.93
1800430080.738551,0.41,1.19,0.19,-166.66,66.41,135.36,1.27
1800430080.8440583,-0.13,1.05,-0.11,-10.9,-55.41,-47.4,1.06
1800430080.9495654,-0.19,0.9,-0.04,80.31,7.66,-103.24,0.92
1800430081.0550728,-0.19,0.82,0.17,114.22,-8.83,-56.01,0.86
1800430081.16058,-0.21,0.9,0.18,-41.49,-44.44,97.64,0.94
1800430081.2660873,-0.0,1.22,0.13,-129.82,-6.67,-10.19,1.22
1800430081.3715944,-0.49,1.35,0.13,-24.38,-36.74,-96.74,1.44
1800430081.4771018,-0.72,1.08,0.05,-31.33,4.23,46.84,1.3
1800430081.5826092,-0.07,0.93,-0.11,-81.12,10.66,-49.51,0.94
1800430081.6881163,-0.17,1.13,-0.1,-11.86,0.51,-81.57,1.15
1800430081.7936237,-0.07,1.1,-0.07,10.72,24.36,-31.91,1.1
1800430081.8991308,-0.13,0.66,-0.11,-18.4,-13.03,36.07,0.68
0.0,0.0,0.0,0.0,0.0,0.0,0.0,0.0
1800430085.0,0.57,-0.82,-0.19,40.43,16.46,22.01,1.01
1800430085.098892,0.55,-0.93,-0.03,40.61,26.59,42.54,1.08
1800430085.1977842,0.46,-0.91,-0.12,-33.57,58.83,2.52,1.03
1800430085.2966762,0.32,-0.88,-0.04,16.49,75.03,-27.55,0.94
1800430085.3955684,0.34,-0.88,-0.15,52.67,234.29,-22.16,0.95
1800430085.4944603,0.34,-0.76,-0.21,90.77,161.99,-71.81,0.86
1800430085.5933526,0.35,-1.08,-0.57,6.06,334.6,-0.13,1.28
1800430085.6922445,0.44,-0.95,-0.29,115.67,86.58,-76.82,1.08
1800430085.7911367,0.47,-0.87,-0.22,7.14,109.04,-90.39,1.01
1800430085.8900287,0.34,-0.83,-0.26,-0.63,78.85,-71.55,0.93
1800430085.988921,0.39,-0.9,-0.29,27.73,57.54,-73.32,1.03
1800430086.087813,0.38,-0.95,-0.34,1.98,100.78,-57.88,1.08
1800430086.186705,0.36,-0.8,-0.33,0.79,109.18,-82.7,0.94
1800430086.285597,0.33,-0.78,-0.28,25.36,133.5,-72.16,0.89
1800430086.3844893,0.54,-0.94,-0.23,74.42,125.17,-53.05,1.11
1800430086.4833813,0.53,-0.92,0.13,10.8,109.1,-38.34,1.07
1800430086.5822732,0.65,-0.91,-0.06,100.77,55.46,-27.12,1.12
1800430086.6811655,0.46,-0.82,0.11,-7.21,-68.02,-20.57,0.95
1800430086.7800574,0.5,-0.95,-0.05,17.5,-21.66,16.69,1.07
1800430086.8789496,0.43,-0.93,-0.11,18.73,-8.16,-23.99,1.03
1800430086.9778416,0.46,-1.01,-0.15,-18.98,71.53,-13.66,1.12
1800430087.0767338,0.6,-1.05,-0.21,-58.88,136.57,-9.0,1.23
1800430087.1756258,0.51,-0.65,-0.14,-4.47,2.11,-116.83,0.84
1800430087.274518,0.38,-0.82,0.02,-75.68,27.94,-59.69,0.91
1800430087.37341,0.57,-0.83,-0.22,89.41,-47.6,-17.25,1.03
1800430087.4723022,0.35,-0.83,0.08,16.12,-53.98,42.13,0.9
1800430087.5711942,0.5,-1.01,-0.11,-12.67,-88.16,49.56,1.13
1800430087.6700864,0.7,-1.03,-0.06,-24.84,-138.55,73.66,1.24
1800430087.7689784,0.63,-0.76,-0.01,-14.29,-191.33,67.87,0.99
1800430087.8678706,0.36,-0.7,0.09,-52.38,-245.35,52.45,0.79
1800430087.9667625,0.82,-0.84,0.11,72.25,-160.44,118.18,1.18
1800430088.0656545,0.52,-0.79,0.07,-21.94,-125.64,73.51,0.95
1800430088.1645467,0.53,-0.88,-0.01,-22.37,-146.61,72.9,1.03
1800430088.2634387,0.55,-1.1,0.11,-40.0,-74.76,63.13,1.24
0.0,0.0,0.0,0.0,0.0,0.0,0.0,0.0
1800430090.0,0.15,-0.86,0.16,-62.49,-129.68,4.94,0.89
1800430090.099513,0.21,-1.05,0.21,5.69,-96.53,-17.42,1.09
1800430090.1990259,0.09,-0.83,0.26,-6.61,-47.55,15.57,0.88
1800430090.298539,0.13,-0.93,0.25,2.55,-14.05,-40.07,0.97
1800430090.3980517,-0.08,-0.9,0.21,-6.12,-17.67,-8.48,0.93
1800430090.4975648,-0.03,-1.12,0.39,-13.36,-47.18,-35.28,1.19
1800430090.5970776,0.14,-1.37,0.11,-21.26,-65.97,16.78,1.38
1800430090.6965907,0.19,-0.94,-0.1,2.29,-113.83,15.07,0.97
1800430090.7961035,0.05,-0.87,0.07,3.2,-146.27,50.45,0.87
1800430090.8956165,0.06,-0.69,0.09,-11.86,-121.17,3.82,0.7
1800430090.9951296,-0.08,-0.96,0.18,-29.23,-72.86,6.18,0.98
1800430091.0946424,0.02,-1.51,0.27,31.29,-57.9,26.21,1.53
1800430091.1941555,0.68,-1.25,-0.15,24.67,-89.85,-66.27,1.43
1800430091.2936683,0.29,-1.06,0.01,-46.18,-57.23,38.99,1.1
1800430091.3931813,-0.11,-0.63,0.0,-83.92,-79.14,63.98,0.64
1800430091.4926941,0.07,-0.68,0.1,-44.65,-121.66,-46.98,0.69
1800430091.5922072,0.01,-1.07,0.25,-75.05,-56.1,-19.35,1.1
1800430091.69172,0.02,-1.33,0.35,-70.6,55.58,78.15,1.38
1800430091.791233,0.11,-1.27,-0.09,47.42,-82.33,16.0,1.28
1800430091.890746,0.04,-0.74,0.13,86.17,-122.67,17.06,0.75
1800430091.990259,-0.03,-0.44,0.13,17.55,-53.87,-2.51,0.46
1800430092.089772,0.03,-1.0,0.17,49.92,-39.51,-43.6,1.02
1800430092.1892848,0.18,-1.18,0.3,-16.11,-1.37,68.93,1.23
1800430092.2887979,0.89,-1.65,-0.12,78.63,-46.99,-80.98,1.88
1800430092.3883107,0.35,-0.81,0.19,53.89,68.61,-22.45,0.9
1800430092.4878237,0.08,-0.54,0.06,1.22,105.5,-56.67,0.55
1800430092.5873365,0.16,-0.74,0.31,-12.18,98.39,-48.91,0.82
1800430092.6868496,0.27,-1.21,0.26,-12.42,38.77,-25.59,1.27
0.0,0.0,0.0,0.0,0.0,0.0,0.0,0.0
1800430095.0,0.08,-0.79,0.34,-11.82,-21.67,-10.03,0.87
1800430095.099943,0.09,-0.85,0.29,9.03,-11.46,-33.02,0.9
1800430095.1998858,0.04,-0.86,0.31,-33.85,-1.0,-10.26,0.92
1800430095.299829,0.04,-0.86,0.22,-47.2,-26.16,-53.81,0.89
1800430095.399772,-0.01,-0.93,0.21,-10.13,-26.61,-24.67,0.95
1800430095.4997149,-0.03,-0.94,0.2,8.63,-31.53,1.68,0.96
1800430095.5996578,0.05,-0.91,0.21,-18.7,22.82,-14.96,0.93
1800430095.6996007,-0.02,-0.93,0.19,-6.56,-4.21,0.49,0.95
1800430095.7995436,-0.06,-0.86,0.19,2.13,-7.26,-11.65,0.89
1800430095.8994868,-0.03,-0.91,0.18,-16.31,-33.98,-28.92,0.93
1800430095.9994297,-0.03,-0.91,0.17,-25.66,-78.59,-25.6,0.93
1800430096.0993726,-0.06,-0.91,0.13,-11.9,-121.2,-14.92,0.92
1800430096.1993155,-0.09,-0.92,0.07,4.21,-110.99,-32.9,0.93
1800430096.2992585,-0.05,-0.92,0.07,-2.86,-111.65,-41.52,0.93
1800430096.3992016,-0.01,-0.91,-0.01,-3.55,-92.78,5.18,0.91
1800430096.4991446,0.02,-0.91,0.03,0.85,-82.52,9.1,0.92
1800430096.5990875,-0.03,-0.9,-0.06,-18.98,-44.27,5.93,0.91
1800430096.6990304,-0.18,-1.11,-0.07,-23.07,-78.2,2.68,1.13
1800430096.7989733,0.03,-0.87,0.09,15.89,-154.93,17.36,0.87
1800430096.8989165,0.11,-0.9,0.1,15.9,-38.05,-60.4,0.91
1800430096.9988594,0.08,-1.48,0.24,-109.91,-49.66,24.57,1.5
1800430097.0988023,0.09,0.05,0.11,-46.5,-53.27,55.95,0.16
1800430097.1987453,0.17,-0.8,0.14,143.5,-101.86,-107.03,0.83
1800430097.2986882,-0.05,-1.85,0.3,-73.8,-66.85,26.54,1.87
1800430097.398631,-0.13,-0.71,0.09,-73.65,-28.26,21.73,0.73
1800430097.4985743,0.04,0.06,-0.07,92.95,-45.92,-36.47,0.1
1800430097.5985172,-0.08,-0.84,0.06,119.94,-145.74,-19.99,0.85
1800430097.69846,-0.16,-1.8,0.45,-140.34,-84.99,23.35,1.86
1800430097.798403,0.04,-1.26,0.13,-99.54,-15.09,-37.68,1.27
1800430097.898346,0.05,0.07,-0.03,32.53,6.24,15.11,0.09
1800430097.998289,0.1,-0.64,-0.11,143.94,-117.39,-92.15,0.65
1800430098.098232,0.22,-1.84,0.24,-29.05,-22.58,13.41,1.86
1800430098.198175,-0.24,-0.63,0.05,-15.44,-11.43,4.42,0.67
1800430098.2981179,0.02,0.04,0.06,42.35,-15.91,58.49,0.07
1800430098.3980608,0.07,-1.67,0.32,33.12,-23.25,-26.76,1.7
1800430098.498004,0.05,-1.72,0.38,-115.0,87.58,22.52,1.76
1800430098.597947,0.1,-0.52,0.09,7.52,95.07,-28.46,0.54
1800430098.6978898,0.05,-0.2,-0.01,6.2,-1.86,-21.21,0.21
1800430098.7978327,0.08,-0.85,0.11,93.62,-122.18,48.49,0.86
1800430098.8977757,-0.08,-1.4,0.42,-81.01,-99.93,-13.09,1.46
1800430098.9977186,-0.05,-1.2,0.35,-130.24,4.9,-86.84,1.25
1800430099.0976617,0.13,-0.78,0.03,21.95,12.56,6.19,0.8
0.0,0.0,0.0,0.0,0.0,0.0,0.0,0.0
1800430100.0,0.47,-1.51,0.04,-10.97,137.45,74.46,1.59
1800430100.1015778,0.27,-1.16,0.08,48.67,179.88,144.75,1.19
1800430100.2031558,0.29,-0.56,0.12,-23.04,221.44,53.49,0.64
1800430100.3047335,0.24,-0.44,0.29,-49.19,117.24,30.56,0.58
1800430100.4063113,0.09,-0.96,0.46,-1.05,112.02,-106.2,1.07
1800430100.507889,0.22,-1.14,0.39,47.07,-110.94,-126.34,1.22
1800430100.609467,0.34,-1.06,0.31,1.29,-210.02,3.73,1.16
1800430100.7110448,0.13,-0.94,0.1,85.24,-182.66,80.08,0.95
1800430100.8126225,0.02,-0.57,-0.01,-5.35,-114.24,29.52,0.57
1800430100.9142003,0.08,-0.74,0.02,34.13,32.3,-44.62,0.74
1800430101.0157783,0.13,-1.6,0.11,113.36,126.6,-30.12,1.61
1800430101.117356,0.15,-1.42,0.01,37.46,165.48,50.68,1.42
1800430101.2189338,0.14,-0.73,0.08,-117.33,157.31,80.59,0.75
1800430101.3205116,0.09,-0.4,0.23,-67.45,174.4,35.17,0.47
1800430101.4220896,0.27,-0.77,0.38,-5.15,115.97,-86.48,0.9
1800430101.5236673,0.38,-1.1,0.51,45.46,-60.29,-105.88,1.27
1800430101.625245,0.42,-1.25,0.27,39.23,-221.07,-40.05,1.35
1800430101.7268229,0.22,-0.76,0.05,31.06,-216.74,32.05,0.79
1800430101.8284009,-0.01,-0.48,-0.16,43.66,-134.39,38.94,0.5
1800430101.9299786,-0.08,-1.0,-0.04,122.53,43.99,-71.99,1.01
1800430102.0315564,0.11,-1.4,0.03,58.65,168.13,-30.81,1.4
1800430102.1331341,0.37,-1.58,0.01,-18.01,152.9,180.03,1.62
1800430102.2347121,0.31,-0.78,0.07,-72.63,159.35,154.24,0.84
1800430102.33629,0.09,-0.16,0.17,-53.76,86.52,116.14,0.25
1800430102.4378676,0.0,-0.42,0.29,52.39,77.71,-26.79,0.51
0.0,0.0,0.0,0.0,0.0,0.0,0.0,0.0
1800430105.0,-0.01,-0.88,-0.26,25.27,-75.71,46.57,0.92
1800430105.1100912,0.02,-0.92,-0.35,1.89,-38.99,36.28,0.98
1800430105.2201824,0.01,-1.1,-0.33,-53.57,-13.54,28.31,1.15
1800430105.3302736,0.31,-0.97,-0.55,15.51,2.79,-17.85,1.16
1800430105.4403648,0.05,-0.66,-0.3,-20.35,15.08,-43.86,0.73
1800430105.5504563,0.29,-0.85,-0.4,-50.37,117.89,-8.28,0.98
1800430105.6605475,0.07,-0.72,-0.26,43.25,26.07,-7.73,0.77
1800430105.7706387,0.09,-0.93,-0.27,16.2,21.28,9.39,0.97
1800430105.88073,0.14,-1.05,-0.42,0.28,-32.34,9.37,1.14
1800430105.9908211,0.04,-0.96,-0.39,-34.24,-93.33,13.47,1.04
1800430106.1009123,0.21,-0.91,-0.56,-3.55,-94.3,6.31,1.09
1800430106.2110035,-0.14,-0.64,-0.27,-9.26,-62.59,86.77,0.71
1800430106.3210948,0.15,-1.02,-0.55,12.43,-63.58,47.09,1.17
1800430106.431186,0.03,-0.79,-0.13,-29.96,-106.52,39.33,0.8
1800430106.5412774,0.06,-1.01,-0.29,-31.2,-13.38,33.63,1.06
1800430106.6513686,0.15,-1.07,-0.2,-30.26,-24.76,-16.81,1.1
1800430106.7614598,0.45,-1.05,-0.43,4.66,131.62,-17.45,1.23
1800430106.871551,0.07,-0.59,-0.09,31.16,5.42,-47.28,0.6
1800430106.9816422,0.37,-0.97,-0.48,84.47,101.34,-50.34,1.14
1800430107.0917335,-0.02,-0.77,-0.26,67.05,18.01,-31.92,0.81
1800430107.2018247,0.11,-0.94,-0.43,-6.1,-11.15,7.35,1.04
1800430107.3119159,0.06,-0.95,-0.52,-32.8,-68.14,16.94,1.09
1800430107.422007,0.27,-1.02,-0.66,-84.86,-56.57,16.77,1.24
1800430107.5320985,-0.11,-0.56,-0.24,11.01,-83.68,106.19,0.61
1800430107.6421897,0.23,-1.08,-0.51,-38.44,-70.72,28.29,1.22
1800430107.752281,0.09,-0.81,-0.13,-21.01,-102.1,37.52,0.83
1800430107.8623722,0.08,-1.0,-0.33,3.43,14.76,-26.42,1.05
1800430107.9724634,0.04,-1.02,-0.36,-65.26,54.07,-21.29,1.08
1800430108.0825546,0.33,-0.9,-0.48,12.12,20.14,-80.61,1.07
1800430108.1926458,0.03,-0.82,-0.19,18.97,67.02,0.42,0.84
1800430108.302737,0.13,-0.76,-0.38,29.85,-0.93,-38.51,0.86
1800430108.4128282,-0.01,-0.92,-0.22,-3.88,-0.11,15.7,0.95
1800430108.5229197,0.19,-1.04,-0.36,-35.03,-59.25,36.37,1.11
0.0,0.0,0.0,0.0,0.0,0.0,0.0,0.0
1800430110.0,-0.41,-0.9,-0.03,173.67,-38.59,38.44,0.99
1800430110.1064632,-0.24,-0.68,-0.05,163.07,-30.6,30.3,0.72
1800430110.2129264,-0.17,-0.92,-0.14,93.42,1.15,77.17,0.95
1800430110.3193896,-0.09,-0.95,0.05,48.26,26.06,-1.8,0.96
1800430110.425853,-0.04,-1.09,-0.06,22.39,20.84,-11.34,1.09
1800430110.5323162,0.05,-0.94,0.11,13.19,30.03,-9.0,0.95
1800430110.6387794,-0.02,-0.96,-0.03,-18.14,34.35,-9.11,0.96
1800430110.7452426,-0.01,-1.01,-0.02,-8.32,47.27,11.89,1.01
1800430110.8517058,-0.03,-1.05,0.02,-14.57,8.53,8.09,1.05
1800430110.958169,-0.05,-1.01,0.11,-9.04,-4.37,-4.69,1.02
1800430111.0646324,-0.01,-1.02,0.06,2.18,-16.14,2.9,1.02
1800430111.1710956,0.04,-1.06,-0.0,-1.39,-42.84,-6.91,1.06
1800430111.2775588,0.01,-1.04,0.03,6.19,-44.0,5.86,1.04
1800430111.384022,0.02,-1.01,0.0,-5.67,-45.67,10.53,1.01
1800430111.4904852,-0.03,-1.02,0.01,4.91,-31.19,8.92,1.02
1800430111.5969484,0.06,-1.03,0.03,-7.48,-39.64,9.82,1.03
1800430111.7034118,0.02,-1.0,-0.01,-15.35,-37.64,3.86,1.0
1800430111.809875,-0.08,-1.04,0.01,-23.29,-28.13,4.84,1.04
1800430111.9163382,-0.05,-1.0,-0.03,-27.06,-22.47,-3.39,1.0
1800430112.0228014,-0.1,-0.92,-0.06,-51.39,-31.04,-6.69,0.92
1800430112.1292646,-0.13,-0.67,-0.03,-61.17,-17.25,-21.18,0.68
1800430112.2357278,-0.17,-0.5,-0.13,-84.24,-28.1,-71.3,0.54
1800430112.3421912,-0.21,-1.1,-0.12,57.38,-26.53,42.04,1.13
1800430112.4486544,-0.21,-0.92,-0.25,78.8,57.68,-14.53,0.98
1800430112.5551176,-0.47,-2.15,0.61,-172.67,9.5,18.41,2.28
1800430112.6615808,0.1,-0.57,-0.02,192.35,-81.05,-44.89,0.57
1800430112.768044,0.17,-1.04,0.47,69.12,-18.49,82.18,1.16
1800430112.8745072,0.12,-1.01,0.1,37.53,-17.46,5.77,1.02
1800430112.9809706,0.1,-0.86,0.19,-8.59,9.35,-20.34,0.88
1800430113.0874338,0.17,-1.04,0.2,3.51,-14.88,-35.12,1.07
1800430113.193897,0.1,-0.97,0.15,-2.41,-45.45,4.82,0.99
1800430113.3003602,0.16,-1.04,0.11,-20.03,-14.33,-13.95,1.06
1800430113.4068234,0.17,-0.98,0.14,-22.94,-8.6,-16.31,1.01
0.0,0.0,0.0,0.0,0.0,0.0,0.0,0.0
1800430115.0,-0.28,0.8,0.37,-31.3,23.34,2.51,0.93
1800430115.0969176,-0.2,0.8,0.23,-34.23,16.42,19.86,0.85
1800430115.1938355,-0.2,0.91,0.24,-46.08,28.76,-2.61,0.97
1800430115.2907531,-0.08,0.87,0.3,-68.93,-11.94,-6.28,0.92
1800430115.3876708,-0.03,0.9,0.26,-38.95,-30.07,0.52,0.94
1800430115.4845886,-0.02,0.85,0.28,4.01,-64.51,33.11,0.9
1800430115.5815063,-0.11,0.8,0.28,5.23,-60.8,26.15,0.86
1800430115.678424,0.17,0.92,0.22,68.85,-53.04,16.6,0.96
1800430115.7753417,-0.06,0.82,0.42,13.3,-171.19,-69.7,0.92
1800430115.8722594,0.15,0.85,0.44,114.87,-27.55,55.26,0.97
1800430115.969177,-0.11,0.76,0.32,21.58,-153.2,-36.43,0.83
1800430116.0660949,0.01,0.95,0.02,59.07,-63.13,21.07,0.95
1800430116.1630125,-0.17,0.93,0.29,-19.73,-34.9,2.51,0.99
1800430116.2599301,-0.12,1.05,0.32,-11.34,46.3,7.9,1.1
1800430116.356848,-0.23,0.69,0.35,-123.72,-25.74,-45.99,0.81
1800430116.4537656,0.09,0.75,0.24,-2.9,53.07,25.59,0.79
1800430116.5506833,-0.21,0.71,0.44,-62.15,-16.75,-72.71,0.86
1800430116.6476011,-0.0,0.76,0.31,10.88,33.51,-23.02,0.82
1800430116.7445188,-0.08,0.8,0.49,-21.7,-7.99,-7.46,0.94
1800430116.8414364,-0.07,0.91,0.56,-34.55,-55.07,-5.24,1.07
1800430116.9383543,-0.2,0.85,0.83,24.29,23.15,33.97,1.21
1800430117.035272,0.28,0.55,0.23,112.77,-115.83,24.41,0.66
1800430117.1321895,-0.27,0.89,0.56,55.37,-76.48,81.76,1.08
1800430117.2291074,-0.03,0.65,0.16,19.33,-83.72,-20.8,0.67
1800430117.326025,-0.04,0.85,0.39,-15.18,20.83,6.29,0.93
1800430117.4229429,-0.02,0.97,0.38,-8.07,14.01,14.8,1.04
1800430117.5198605,-0.4,0.71,0.34,-139.08,-0.94,-22.61,0.88
1800430117.6167781,-0.03,0.75,0.15,13.42,94.66,7.76,0.77
1800430117.713696,-0.22,0.73,0.43,-111.82,-6.86,-83.92,0.87
1800430117.8106136,-0.0,0.79,0.28,2.95,49.98,2.25,0.84
1800430117.9075313,-0.12,0.88,0.37,-10.85,2.85,54.43,0.96
1800430118.0044491,-0.03,1.08,0.28,30.04,31.4,40.61,1.12
1800430118.1013668,0.04,0.56,0.25,-96.72,-96.29,-29.92,0.61
1800430118.1982844,-0.38,0.97,0.55,-29.35,99.02,8.05,1.18
1800430118.2952023,-0.01,0.6,0.28,-58.52,32.31,-36.65,0.67
1800430118.39212,0.06,0.81,0.23,-26.18,94.73,32.42,0.85
0.0,0.0,0.0,0.0,0.0,0.0,0.0,0.0
1800430120.0,1.14,-0.22,0.23,4.44,-0.61,81.11,1.18
1800430120.1090486,0.99,0.41,0.2,-106.71,9.09,-46.79,1.09
1800430120.2180972,0.84,0.06,0.28,70.59,-31.16,-53.58,0.89
1800430120.3271458,0.74,-0.02,0.02,-1.62,-54.96,-9.54,0.74
1800430120.4361944,0.83,0.04,0.05,7.22,-58.46,-7.2,0.83
1800430120.545243,0.91,-0.12,0.03,-24.2,-29.49,-7.06,0.92
1800430120.6542916,1.17,-0.13,0.28,-6.57,-11.84,42.54,1.21
1800430120.7633402,0.9,0.34,0.36,-122.26,-41.26,3.14,1.02
1800430120.8723888,0.79,-0.06,0.3,3.33,-43.87,31.49,0.85
1800430120.9814374,0.79,-0.03,0.14,1.5,20.24,30.94,0.81
1800430121.090486,0.81,-0.14,0.25,13.87,-6.63,-12.21,0.86
1800430121.1995347,0.83,-0.1,0.33,-35.31,8.81,-13.21,0.89
1800430121.3085833,1.0,-0.26,0.26,13.68,-31.0,28.3,1.06
1800430121.4176319,1.16,0.3,0.19,18.73,10.84,40.86,1.22
1800430121.5266805,0.81,0.06,0.11,-48.01,-27.66,-9.38,0.82
1800430121.635729,0.79,0.01,0.26,34.54,15.52,-28.48,0.84
1800430121.7447777,0.84,-0.01,0.08,13.95,-23.38,50.85,0.84
1800430121.8538263,0.95,-0.08,0.18,25.48,-44.67,29.85,0.97
1800430121.962875,1.02,-0.17,0.14,-14.59,-63.32,19.26,1.05
1800430122.0719235,1.17,0.11,0.22,3.56,-3.18,39.03,1.2
1800430122.180972,0.71,-0.05,0.38,-150.57,-36.34,-8.49,0.8
1800430122.2900207,0.73,0.03,0.51,97.07,-27.84,79.12,0.89
1800430122.3990693,0.71,-0.12,0.23,70.46,-7.29,57.09,0.76
1800430122.508118,0.91,-0.03,0.32,75.0,-29.02,30.68,0.96
1800430122.6171665,0.87,-0.19,0.17,4.23,15.95,27.04,0.91
1800430122.7262151,1.15,-0.07,0.36,33.43,36.14,13.33,1.21
1800430122.8352637,1.07,0.35,0.35,-7.99,39.05,36.06,1.18
1800430122.9443123,0.78,0.13,0.25,-55.72,-66.86,-1.37,0.83
1800430123.053361,0.84,-0.04,0.19,28.62,-13.26,54.33,0.86
1800430123.1624095,0.79,0.09,0.09,-25.02,-25.76,17.63,0.8
1800430123.2714581,0.87,-0.13,0.17,-24.45,-37.66,-11.7,0.9
1800430123.3805068,1.05,-0.13,0.14,-22.51,-49.09,9.36,1.07
1800430123.4895554,1.16,0.05,0.3,21.33,-20.33,65.85,1.2
1800430123.598604,0.71,0.1,0.26,-99.78,-32.09,-48.67,0.76
1800430123.7076526,0.8,-0.03,0.45,67.62,-17.64,37.56,0.92
1800430123.8167012,0.79,-0.04,0.19,7.49,-7.49,-4.38,0.81
1800430123.9257498,0.88,-0.1,0.34,19.15,17.14,-39.05,0.95
1800430124.0347984,0.93,-0.04,0.23,-21.04,20.87,-67.61,0.96
1800430124.143847,1.16,-0.22,0.29,0.27,65.97,13.73,1.22
0.0,0.0,0.0,0.0,0.0,0.0,0.0,0.0
1800430125.0,0.07,-0.98,0.3,-8.16,53.74,44.91,1.03
1800430125.0980778,0.08,-0.88,0.32,-10.1,25.78,41.04,0.94
1800430125.1961555,0.14,-0.96,0.25,-39.01,17.84,0.34,1.0
1800430125.2942333,0.17,-0.9,0.25,25.84,2.37,-14.17,0.95
1800430125.392311,0.13,-0.98,0.36,-0.78,-32.87,-23.32,1.05
1800430125.4903889,0.14,-0.97,0.33,34.61,-25.53,-25.79,1.03
1800430125.5884666,0.09,-0.95,0.22,-20.23,-66.57,-4.98,0.98
1800430125.6865444,0.11,-0.96,0.27,11.19,-49.03,-26.16,1.0
1800430125.7846222,0.1,-0.95,0.28,3.01,-52.54,5.02,1.0
1800430125.8827,0.08,-1.07,0.36,-29.26,-44.47,-10.83,1.13
1800430125.980778,0.0,-0.93,0.3,-53.39,-13.83,-30.78,0.97
1800430126.0788558,0.07,-0.92,0.3,-37.41,-60.67,-37.29,0.96
1800430126.1769335,-0.03,-0.95,0.25,-19.01,-40.19,-40.82,0.98
1800430126.2750113,-0.1,-0.93,0.28,-20.3,-62.76,-18.11,0.98
1800430126.373089,-0.08,-0.98,0.24,-14.29,-89.92,-31.29,1.01
1800430126.4711668,-0.13,-0.95,0.32,45.05,-120.45,-67.04,1.01
1800430126.5692446,-0.12,-0.95,0.24,-35.78,-134.59,-76.72,0.99
1800430126.6673224,-0.2,-0.96,0.25,-12.31,-152.5,-53.22,1.01
1800430126.7654002,-0.16,-1.0,0.36,-7.4,-165.77,-54.55,1.07
1800430126.863478,-0.28,-1.04,0.23,-56.53,-133.57,-57.35,1.1
1800430126.9615557,-0.22,-0.94,0.2,-43.19,-150.43,-42.94,0.99
1800430127.0596335,0.09,-0.89,0.26,-35.35,-107.89,-28.26,0.93
1800430127.1577113,0.01,-0.92,0.38,22.27,-129.57,3.82,1.0
1800430127.255789,-0.0,-0.87,0.37,-31.87,-136.91,-46.65,0.94
1800430127.3538668,0.04,-0.98,0.37,-7.25,-133.7,-42.61,1.05
1800430127.4519446,0.02,-1.0,0.32,-22.64,-116.12,-49.2,1.05
1800430127.5500224,-0.05,-0.76,0.16,-24.04,-104.34,-60.95,0.78
1800430127.6481001,-0.17,-0.68,0.15,-10.71,-69.36,-51.87,0.71
1800430127.746178,-0.07,-0.81,0.17,-27.33,-59.58,-28.6,0.83
1800430127.844256,-0.29,-0.91,0.44,31.77,-48.8,-12.93,1.05
1800430127.9423337,-0.33,-1.13,0.33,-54.48,15.54,-3.31,1.22
1800430128.0404115,-0.47,-1.19,0.26,-39.75,-48.09,56.74,1.3
1800430128.1384892,-0.11,-1.02,0.34,-41.11,11.02,58.37,1.08
1800430128.236567,0.22,-1.19,-0.07,-51.26,-11.34,-12.5,1.21
1800430128.3346448,0.05,-1.17,-0.05,45.0,16.2,-36.24,1.17
1800430128.4327226,0.07,-0.93,0.21,36.14,17.25,57.11,0.95
1800430128.5308003,0.15,-1.01,0.17,1.15,25.61,85.08,1.04
1800430128.628878,0.14,-0.94,0.2,-22.9,20.37,-15.83,0.97
1800430128.726956,0.07,-1.08,0.16,-4.76,-10.43,22.54,1.1
1800430128.8250337,0.1,-0.91,0.15,-21.4,-30.84,0.0,0.93
1800430128.9231114,-0.03,-0.92,0.19,42.77,-10.91,-51.05,0.94
1800430129.0211892,0.01,-1.02,0.26,44.79,-26.83,-48.64,1.05
1800430129.119267,-0.06,-0.92,0.33,17.06,-8.97,-32.81,0.98
1800430129.2173448,-0.07,-0.9,0.35,40.54,11.53,-38.12,0.97
1800430129.3154225,-0.14,-0.77,0.34,32.33,34.19,-5.59,0.85
1800430129.4135003,-0.03,-0.96,0.4,80.49,18.77,37.13,1.04
1800430129.511578,-0.27,-0.94,0.66,51.83,42.18,-45.91,1.18
1800430129.6096559,-0.44,-0.87,0.72,54.3,-34.98,-63.13,1.21
1800430129.7077339,-0.57,-0.96,0.71,-11.21,-12.67,-44.18,1.32
1800430129.8058116,-0.49,-0.76,0.56,-4.22,-44.6,-17.13,1.06
1800430129.9038894,-0.41,-0.74,0.57,-26.23,-29.48,5.5,1.02
1800430130.0019672,-0.42,-0.7,0.48,-44.86,8.97,7.05,0.95
1800430130.100045,-0.29,-0.61,0.4,-22.77,-2.96,25.63,0.78
1800430130.1981227,-0.26,-0.67,0.4,-59.1,4.34,81.54,0.82
1800430130.2962005,-0.04,-0.79,0.37,-54.04,2.42,75.99,0.87
1800430130.3942783,-0.08,-0.88,0.37,-43.87,32.27,52.42,0.96
1800430130.492356,-0.09,-0.82,0.31,-53.33,25.93,43.13,0.88
1800430130.5904338,0.1,-0.9,0.37,-51.68,-16.67,65.36,0.98
1800430130.6885116,0.01,-1.0,0.24,-47.83,-45.84,8.87,1.03
1800430130.7865894,-0.1,-0.78,0.2,26.15,-94.4,-52.19,0.81
1800430130.8846672,-0.28,-1.02,0.2,-1.66,-36.47,-58.27,1.07
1800430130.982745,-0.34,-1.02,-0.02,-1.13,2.55,-41.27,1.08
1800430131.0808227,-0.38,-1.13,0.24,32.08,33.44,2.46,1.22
1800430131.1789005,-0.24,-0.93,0.19,-28.76,26.1,55.02,0.98
1800430131.2769783,-0.11,-0.92,0.21,-29.51,11.88,50.54,0.95
1800430131.375056,-0.21,-1.25,0.16,-26.14,61.55,30.46,1.28
1800430131.4731338,-0.12,-0.7,0.31,40.62,-10.56,5.23,0.78
1800430131.5712118,-0.2,-1.06,0.21,-45.11,74.05,56.4,1.1
1800430131.6692896,-0.19,-0.94,0.44,100.75,47.92,12.42,1.06
1800430131.7673674,-0.02,-0.88,0.23,-17.98,78.54,84.9,0.91
1800430131.8654451,-0.05,-0.89,0.31,37.51,118.99,64.11,0.94
1800430131.963523,0.01,-1.05,0.38,6.18,146.88,56.89,1.11
0.0,0.0,0.0,0.0,0.0,0.0,0.0,0.0
1800430130.0,-0.07,-0.85,0.29,-9.16,-15.3,16.8,0.9
1800430130.0966134,-0.09,-0.83,0.26,-24.56,4.53,-15.77,0.87
1800430130.1932268,-0.07,-0.9,0.27,-13.38,-0.29,28.38,0.94
1800430130.2898402,-0.04,-0.88,0.23,-48.99,-4.6,41.74,0.91
1800430130.3864536,-0.0,-1.0,0.24,-21.65,-14.36,7.42,1.03
1800430130.483067,-0.02,-0.98,0.21,-13.82,-21.52,-12.39,1.0
1800430130.5796804,-0.06,-0.98,0.17,-14.98,25.96,10.52,0.99
1800430130.6762938,-0.03,-0.94,0.15,-19.1,8.82,5.79,0.96
1800430130.7729073,0.02,-0.92,0.14,-7.79,-18.53,-7.46,0.93
1800430130.8695207,0.01,-0.91,0.2,-39.47,-26.97,11.77,0.93
1800430130.966134,-0.02,-0.96,0.12,-12.95,-67.63,5.44,0.97
1800430131.0627475,0.08,-0.93,0.09,-20.29,-104.6,-2.36,0.94
1800430131.159361,0.09,-1.0,0.07,-38.52,-108.34,-11.28,1.01
1800430131.2559743,0.05,-0.96,0.06,-36.84,-112.8,-1.25,0.97
1800430131.3525877,0.06,-1.04,0.03,-10.48,-76.59,1.61,1.04
1800430131.449201,-0.01,-1.02,0.0,19.34,-61.12,-3.81,1.02
1800430131.5458145,0.03,-1.05,-0.11,8.48,-31.49,4.4,1.05
1800430131.642428,0.11,-1.13,0.02,-1.12,-66.75,14.12,1.14
1800430131.7390413,-0.06,-0.82,0.1,14.74,-152.37,-23.74,0.83
1800430131.8356547,-0.02,-0.92,0.1,-60.81,-36.49,-24.7,0.93
1800430131.9322681,-0.07,-1.53,0.24,23.38,-45.47,112.76,1.55
1800430132.0288815,-0.03,0.08,0.12,41.54,-46.63,34.93,0.14
1800430132.125495,-0.08,-0.87,0.11,-99.2,-97.63,-166.18,0.88
1800430132.2221084,0.01,-1.94,0.33,20.61,-62.0,80.83,1.97
1800430132.3187218,0.12,-0.71,0.07,20.23,-24.24,73.34,0.72
1800430132.4153352,-0.05,0.08,-0.07,-25.26,-33.41,-112.43,0.12
1800430132.5119486,0.07,-0.92,0.07,-36.4,-127.42,-140.56,0.92
1800430132.608562,0.14,-1.91,0.41,12.45,-81.6,147.19,1.96
1800430132.7051754,-0.04,-1.28,0.15,-43.49,-6.64,110.85,1.29
1800430132.8017888,-0.11,0.01,-0.04,15.12,-2.16,-43.9,0.11
1800430132.8984022,-0.17,-0.69,-0.08,-93.82,-98.75,-173.14,0.71
1800430132.9950156,-0.25,-1.93,0.23,16.75,3.03,25.7,1.96
1800430133.091629,0.17,-0.66,0.04,10.06,3.12,30.67,0.69
1800430133.1882424,-0.02,0.03,0.04,50.17,-14.42,-66.63,0.06
1800430133.2848558,-0.11,-1.72,0.31,-28.5,-5.05,-47.5,1.75
1800430133.3814692,-0.04,-1.85,0.41,23.89,91.37,122.18,1.89
1800430133.4780827,-0.09,-0.54,0.09,-30.37,97.67,-6.72,0.55
1800430133.574696,-0.03,-0.21,0.01,-23.63,14.23,-9.03,0.21
1800430133.6713095,-0.09,-0.91,0.12,57.39,-91.69,-113.27,0.92
1800430133.7679229,0.09,-1.46,0.34,-24.4,-88.24,86.78,1.5
1800430133.8645363,0.04,-1.22,0.3,-84.33,1.04,144.5,1.26
1800430133.9611497,-0.09,-0.83,0.03,2.37,16.27,-27.72,0.83
0.0,0.0,0.0,0.0,0.0,0.0,0.0,0.0
1800430135.0,-0.25,-0.68,0.13,-38.1,19.37,-85.08,0.73
1800430135.100965,-0.16,-0.8,0.21,-32.58,29.65,34.32,0.85
1800430135.2019303,-0.09,-0.76,0.21,-48.87,-12.42,2.35,0.79
1800430135.3028953,-0.06,-0.77,0.31,-51.07,-8.72,-3.21,0.83
1800430135.4038603,-0.03,-1.62,0.47,-16.64,-36.74,-35.71,1.69
1800430135.5048254,-0.55,-1.23,-0.32,-67.36,-37.16,37.24,1.39
1800430135.6057906,-0.08,-1.12,0.1,30.46,-10.99,-101.27,1.12
1800430135.7067556,-0.14,-0.4,0.11,27.52,66.07,32.66,0.44
1800430135.8077207,0.06,-0.85,0.1,-99.0,112.66,115.43,0.86
1800430135.9086857,0.19,-1.06,0.16,91.31,59.95,45.1,1.09
1800430136.009651,-0.08,-1.35,0.27,135.04,-28.2,-84.22,1.38
1800430136.110616,-0.4,-1.19,0.11,-133.08,65.09,-27.8,1.26
1800430136.211581,-0.11,-0.69,-0.06,14.75,59.38,9.34,0.7
1800430136.312546,0.06,-0.53,0.13,49.85,-4.22,56.82,0.55
1800430136.4135113,-0.0,-0.92,0.41,55.35,-38.94,-5.37,1.01
1800430136.5144763,0.11,-1.61,0.52,19.25,15.4,4.73,1.7
1800430136.6154413,-0.62,-1.05,-0.3,5.08,-91.25,-27.26,1.25
1800430136.7164063,-0.19,-1.11,-0.04,-70.06,-100.9,-11.18,1.13
1800430136.8173716,-0.08,-0.39,0.13,87.96,-20.4,-34.41,0.42
1800430136.9183366,0.06,-0.58,0.12,-30.5,21.78,33.96,0.59
1800430137.0193017,0.14,-1.36,0.5,-59.82,-24.89,-39.54,1.46
1800430137.1202667,-0.66,-1.46,0.22,69.98,-35.21,-6.24,1.62
1800430137.221232,-0.55,-1.0,0.07,-127.21,56.7,79.92,1.15
1800430137.322197,0.08,-0.65,0.1,32.4,36.99,5.76,0.66
1800430137.423162,0.01,-0.56,0.05,-47.78,-49.03,8.71,0.56
1800430137.524127,-0.08,-0.9,0.4,14.28,-57.6,44.92,0.99
1800430137.6250923,0.02,-1.38,0.37,-15.76,-82.49,19.95,1.42
0.0,0.0,0.0,0.0,0.0,0.0,0.0,0.0
1800430140.0,0.08,0.42,0.04,-10.95,18.77,-15.43,0.43
1800430140.0980418,-0.03,0.58,-0.04,-140.84,-13.65,90.18,0.58
1800430140.1960835,-0.12,0.98,-0.05,-1.48,-73.38,13.58,0.98
1800430140.2941253,-0.18,1.13,0.11,-106.44,-20.56,-15.49,1.15
1800430140.392167,-0.03,1.26,0.29,188.08,67.99,-24.63,1.29
1800430140.4902089,0.09,1.03,0.32,33.42,32.88,101.09,1.08
1800430140.5882506,-0.16,0.78,0.35,114.54,150.21,-134.98,0.87
1800430140.6862926,0.16,1.03,-0.47,-165.13,-78.56,131.28,1.15
1800430140.7843344,-0.15,0.82,0.05,-3.91,34.8,-43.85,0.84
1800430140.8823762,-0.05,0.74,0.16,71.54,-12.49,-116.95,0.75
1800430140.980418,0.19,0.75,0.04,111.37,4.7,-63.39,0.77
1800430141.0784597,0.24,0.82,0.11,-39.5,28.94,102.49,0.86
1800430141.1765015,0.1,1.09,-0.05,-123.92,2.59,-13.58,1.1
1800430141.2745433,0.11,1.25,0.45,-20.53,22.49,-112.01,1.33
1800430141.372585,0.07,1.0,0.62,-35.47,-1.82,39.71,1.18
1800430141.4706268,-0.1,0.89,0.05,-70.05,-18.29,-54.84,0.89
1800430141.5686686,-0.07,1.01,0.01,-20.77,-17.57,-86.85,1.01
1800430141.6667104,-0.1,0.96,-0.04,16.26,-27.98,-22.84,0.97
1800430141.7647521,-0.09,0.57,0.04,-21.16,10.0,40.05,0.58
0.0,0.0,0.0,0.0,0.0,0.0,0.0,0.0
1800430145.0,0.24,0.25,-1.06,-23.85,-43.54,138.09,1.11
1800430145.1023214,-0.03,-0.1,-0.72,-20.69,29.53,158.89,0.73
1800430145.2046428,0.02,-0.01,-0.74,-32.05,46.38,85.17,0.74
1800430145.3069642,-0.01,-0.07,-0.93,-88.33,54.74,55.81,0.93
1800430145.4092855,-0.02,-0.03,-0.99,7.69,26.0,16.57,0.99
1800430145.511607,0.07,-0.17,-0.92,71.97,49.54,-26.36,0.94
1800430145.6139283,0.16,-0.15,-1.04,18.77,31.44,24.89,1.06
1800430145.7162497,0.4,0.15,-0.98,52.06,34.66,6.48,1.07
1800430145.818571,0.3,0.02,-0.84,15.94,27.61,0.76,0.9
1800430145.9208922,0.14,-0.05,-0.59,-43.74,-23.5,39.29,0.61
1800430146.0232136,0.25,-0.09,-0.78,-61.56,-0.16,5.47,0.82
1800430146.125535,0.16,-0.12,-0.85,-1.76,-0.94,20.83,0.87
1800430146.2278564,0.14,-0.11,-1.2,-11.69,16.66,32.83,1.21
1800430146.3301778,0.17,0.37,-1.17,40.93,9.12,-7.56,1.24
1800430146.4324992,0.02,-0.03,-0.78,-4.19,64.76,-52.83,0.78
1800430146.5348206,0.07,-0.02,-0.69,-13.45,42.69,-66.6,0.69
1800430146.637142,0.08,-0.03,-0.82,18.33,44.03,-29.56,0.82
1800430146.7394633,0.09,-0.12,-0.99,0.52,27.84,-29.93,1.0
1800430146.8417847,0.21,-0.18,-1.11,40.77,25.93,-29.29,1.14
1800430146.944106,0.26,0.19,-0.99,77.45,40.84,-9.56,1.04
1800430147.0464275,0.22,0.03,-0.88,-2.98,27.83,-58.63,0.9
1800430147.1487489,0.17,-0.11,-0.67,-33.46,-0.59,-23.89,0.7
1800430147.2510703,0.19,-0.1,-0.73,-27.37,-5.12,-29.63,0.76
1800430147.3533916,0.31,-0.11,-0.81,13.65,4.34,-26.74,0.87
1800430147.455713,0.25,-0.14,-1.09,-26.73,-9.19,-11.11,1.13
1800430147.5580342,0.27,0.34,-1.3,40.89,26.87,-36.18,1.37
1800430147.6603556,-0.02,-0.01,-0.81,-17.87,49.28,-12.98,0.81
1800430147.762677,0.1,0.0,-0.85,13.04,15.01,-36.54,0.86
1800430147.8649983,0.02,-0.09,-0.71,10.77,48.73,-36.63,0.71
1800430147.9673197,0.05,-0.08,-0.95,-13.81,38.16,-72.17,0.95
1800430148.069641,0.18,-0.13,-0.96,59.47,43.29,-89.33,0.99
1800430148.1719625,0.26,0.09,-1.06,-9.68,36.84,-90.19,1.1
0.0,0.0,0.0,0.0,0.0,0.0,0.0,0.0
1800430150.0,-0.12,-0.89,-0.07,12.43,-142.61,-12.42,0.9
1800430150.105109,-0.11,-0.9,-0.06,24.56,-118.06,21.33,0.91
1800430150.2102177,-0.06,-0.93,-0.07,3.15,-107.83,20.87,0.93
1800430150.3153267,-0.03,-0.8,-0.01,-11.18,-104.66,-7.39,0.8
1800430150.4204357,-0.03,-1.04,0.06,21.42,-61.57,-0.36,1.04
1800430150.5255444,0.1,-0.94,-0.05,46.2,-26.73,-53.45,0.95
1800430150.6306534,-0.03,-0.88,0.03,9.11,4.26,13.59,0.89
1800430150.7357621,0.04,-1.0,-0.08,13.15,-17.02,-29.76,1.0
1800430150.840871,0.03,-0.95,-0.01,10.69,-10.55,20.78,0.95
1800430150.94598,0.01,-1.11,-0.02,-20.55,-4.22,45.44,1.11
1800430151.0510888,0.12,-1.0,-0.32,-23.83,11.03,-68.19,1.06
1800430151.1561978,-0.2,-0.74,-0.1,-12.55,0.38,99.16,0.77
1800430151.2613068,0.03,-1.06,-0.16,10.17,15.8,-64.49,1.07
1800430151.3664155,-0.05,-0.85,-0.13,26.14,-11.53,34.7,0.86
1800430151.4715245,0.02,-0.91,-0.11,-8.93,-5.78,-14.96,0.92
1800430151.5766335,0.01,-0.98,-0.2,-14.7,40.11,41.38,1.0
1800430151.6817422,0.16,-1.15,-0.1,33.96,100.46,19.83,1.17
1800430151.7868512,0.11,-0.68,-0.05,-76.15,-27.79,22.75,0.69
1800430151.89196,0.07,-1.06,-0.05,13.57,46.63,-36.4,1.06
1800430151.997069,0.01,-0.79,-0.12,-32.15,-32.15,-14.63,0.79
1800430152.1021779,0.14,-0.96,-0.06,33.21,12.42,-7.5,0.97
1800430152.2072866,0.0,-0.95,-0.09,-28.0,-47.45,51.29,0.96
1800430152.3123956,-0.08,-1.18,-0.04,-10.5,-60.1,37.3,1.18
1800430152.4175045,0.0,-0.57,-0.35,-31.1,-141.47,-45.31,0.67
1800430152.5226133,-0.18,-1.0,-0.01,42.41,-58.76,93.78,1.02
1800430152.6277223,0.02,-0.79,-0.25,40.97,-123.09,-129.18,0.82
1800430152.732831,-0.11,-0.94,-0.14,17.8,-46.04,44.74,0.96
1800430152.83794,-0.17,-0.9,-0.26,-2.02,-57.94,21.52,0.95
1800430152.943049,-0.06,-1.16,-0.24,-7.15,-23.03,54.45,1.19
1800430153.0481577,0.11,-0.66,-0.24,-31.63,-55.19,41.67,0.71
1800430153.1532667,-0.07,-1.06,-0.22,-2.85,-25.39,-28.57,1.09
1800430153.2583756,-0.04,-0.77,-0.19,-26.05,-38.59,-1.13,0.79
1800430153.3634844,-0.04,-0.86,-0.13,46.61,-71.83,12.56,0.87
0.0,0.0,0.0,0.0,0.0,0.0,0.0,0.0
1800430155.0,0.22,-0.91,0.14,-12.62,57.9,27.45,0.95
1800430155.0995808,0.03,-1.14,0.08,33.1,44.96,41.86,1.14
1800430155.1991615,-0.15,-0.83,0.33,-4.75,-8.01,22.85,0.91
1800430155.2987423,0.05,-1.02,0.23,-36.21,51.07,-22.13,1.04
1800430155.398323,0.08,-0.68,0.2,-7.27,-11.95,-16.28,0.71
1800430155.4979038,0.05,-0.91,0.25,-20.52,15.85,-24.81,0.94
1800430155.5974846,0.12,-0.83,0.32,-29.89,32.38,-43.08,0.9
1800430155.6970654,0.15,-0.9,0.24,-11.29,46.26,-12.58,0.94
1800430155.7966459,0.24,-0.99,0.25,27.38,53.0,-44.07,1.05
1800430155.8962266,-0.11,-1.11,-0.04,10.79,-57.53,63.69,1.12
1800430155.9958074,0.02,-0.77,0.06,-32.73,15.35,-48.62,0.77
1800430156.0953882,0.07,-0.8,0.12,-26.99,1.42,10.66,0.82
1800430156.194969,0.17,-0.77,0.12,-29.61,46.64,2.5,0.8
1800430156.2945497,0.21,-0.95,0.1,-50.1,11.37,11.91,0.98
1800430156.3941305,0.21,-0.9,0.1,-1.59,4.42,28.25,0.93
1800430156.4937112,0.34,-1.22,0.23,16.74,-16.5,4.22,1.28
1800430156.593292,-0.23,-1.07,0.02,4.55,-42.53,105.3,1.09
1800430156.6928728,-0.13,-0.72,0.26,-33.46,18.7,-55.86,0.78
1800430156.7924535,-0.01,-0.83,0.12,-20.95,44.08,-20.49,0.84
1800430156.8920343,-0.0,-0.87,0.25,1.02,-3.38,-13.75,0.9
1800430156.991615,0.06,-0.85,0.28,0.4,26.89,-33.44,0.89
1800430157.0911958,0.1,-0.85,0.21,10.8,42.46,-19.39,0.88
1800430157.1907766,0.31,-1.0,0.31,26.88,69.69,-66.99,1.09
1800430157.2903574,-0.15,-1.15,-0.13,19.11,22.13,48.5,1.16
1800430157.3899379,0.07,-0.75,0.04,-28.74,31.07,-65.73,0.76
1800430157.4895186,0.1,-0.75,0.02,-0.52,6.95,3.01,0.76
1800430157.5890994,0.15,-0.81,0.1,-42.04,13.85,1.48,0.83
1800430157.6886802,0.25,-0.82,0.08,-38.36,50.07,18.66,0.86
1800430157.788261,0.29,-1.04,0.06,-24.8,16.08,18.85,1.09
1800430157.8878417,0.28,-0.99,0.09,27.78,53.22,-7.49,1.03
1800430157.9874225,-0.26,-0.96,0.13,-9.39,-24.4,34.85,1.0
1800430158.0870032,0.06,-0.8,0.18,-42.25,56.11,-63.28,0.82
1800430158.186584,0.08,-0.72,0.1,-16.76,9.54,-14.91,0.74
1800430158.2861648,0.1,-0.97,0.17,-17.75,2.03,-39.31,0.99
1800430158.3857455,0.2,-0.81,0.18,16.23,14.05,-42.74,0.86
1800430158.4853263,0.27,-1.15,0.26,-2.15,55.58,-54.07,1.21
1800430158.584907,-0.08,-1.25,-0.19,11.99,20.02,12.93,1.27
1800430158.6844878,-0.13,-0.8,-0.16,-38.06,9.82,-41.2,0.83
1800430158.7840686,0.14,-0.74,0.02,-21.58,14.71,-28.12,0.76
1800430158.883649,0.13,-0.79,-0.04,-18.7,15.01,16.34,0.8
1800430158.9832299,0.2,-0.88,-0.03,-39.17,54.31,-9.71,0.9
1800430159.0828106,0.26,-0.85,0.0,-24.33,24.57,28.24,0.88
1800430159.1823914,0.27,-0.98,0.01,-26.06,1.78,3.32,1.02
1800430159.2819722,-0.05,-1.15,0.03,-10.08,-40.09,-3.52,1.15
1800430159.381553,-0.2,-0.95,0.05,-11.73,6.36,-18.56,0.97
0.0,0.0,0.0,0.0,0.0,0.0,0.0,0.0
1800430160.0,0.29,-0.71,0.14,-15.17,-93.89,-12.75,0.77
1800430160.099731,0.36,-1.33,0.28,-135.84,2.51,15.72,1.41
1800430160.1994617,-0.48,-1.21,0.76,-135.66,-67.95,37.72,1.51
1800430160.2991927,-0.28,-0.83,0.82,51.97,-126.47,156.59,1.2
1800430160.3989236,0.15,-0.54,0.29,90.51,-69.21,-9.77,0.63
1800430160.4986546,-0.08,-0.48,0.11,-6.1,-0.16,-25.44,0.5
1800430160.5983853,-0.27,-0.71,0.15,-27.04,-18.96,-16.69,0.77
1800430160.6981163,0.53,-1.42,0.43,70.06,-135.62,92.91,1.58
1800430160.7978473,0.1,-0.92,1.19,-50.21,43.52,2.57,1.51
1800430160.8975782,-0.24,-0.94,0.78,-144.06,63.9,12.95,1.24
1800430160.997309,-0.25,-0.48,0.18,12.86,12.56,-87.45,0.57
1800430161.09704,0.08,-0.42,0.06,153.47,-64.24,-197.09,0.43
1800430161.196771,0.3,-0.75,0.19,-20.43,-166.69,-78.71,0.83
1800430161.2965019,0.05,-1.38,0.54,186.14,-242.86,128.12,1.48
1800430161.3962326,-0.25,-1.28,1.33,37.64,173.44,6.26,1.86
1800430161.4959636,0.09,-0.55,0.38,-131.38,-18.75,258.05,0.67
1800430161.5956945,0.19,-0.46,0.08,89.32,21.89,103.38,0.5
1800430161.6954255,0.17,-0.65,0.28,-0.22,61.33,-31.33,0.73
1800430161.7951562,0.36,-0.98,0.72,32.4,22.79,-49.42,1.27
1800430161.8948872,0.4,-0.8,1.49,12.41,15.7,81.25,1.74
1800430161.9946182,0.12,-0.6,0.85,-126.99,211.27,43.21,1.05
1800430162.0943491,-0.05,-0.11,0.19,-195.52,145.78,112.2,0.22
1800430162.1940799,0.06,-0.45,0.13,-77.96,85.32,33.09,0.48
1800430162.2938108,0.25,-1.04,0.61,-172.37,-0.61,-12.43,1.23
1800430162.3935418,0.07,-1.52,1.01,129.5,-87.55,13.07,1.83
1800430162.4932728,-0.05,-0.74,1.05,94.67,-74.62,-17.54,1.29
1800430162.5930035,0.09,-0.34,0.17,103.99,1.84,-107.35,0.38
1800430162.6927345,0.2,-0.24,0.13,88.18,16.35,-61.84,0.34
0.0,0.0,0.0,0.0,0.0,0.0,0.0,0.0
1800430165.0,0.03,-1.07,0.34,-28.82,9.77,-14.08,1.13
1800430165.106693,0.04,-1.01,0.23,-80.21,2.07,-14.22,1.03
1800430165.2133858,-0.11,-1.2,0.21,-20.08,84.74,-7.6,1.23
1800430165.3200788,-0.19,-0.91,0.09,-25.74,25.22,-28.54,0.94
1800430165.4267719,-0.11,-0.92,0.03,12.81,58.51,-10.96,0.93
1800430165.5334647,-0.29,-1.16,0.19,4.99,46.86,-30.3,1.21
1800430165.6401577,-0.19,-0.9,0.11,17.99,58.21,-3.16,0.93
1800430165.7468507,-0.17,-1.09,0.05,1.45,32.61,-18.03,1.1
1800430165.8535435,-0.15,-1.11,0.23,-36.9,-16.06,-58.62,1.15
1800430165.9602365,-0.06,-1.19,0.22,-66.99,7.02,4.64,1.21
1800430166.0669293,0.01,-0.9,0.22,6.78,-81.46,-87.45,0.92
1800430166.1736224,0.07,-0.97,0.14,-32.59,-24.54,28.21,0.98
1800430166.2803154,-0.02,-0.96,0.18,4.22,-59.88,4.59,0.98
1800430166.3870082,0.02,-0.93,-0.08,-12.24,-43.63,5.95,0.94
1800430166.4937012,-0.06,-1.21,0.14,-40.03,-23.37,29.58,1.22
1800430166.6003942,-0.01,-1.13,0.06,-37.03,-35.98,-8.2,1.13
1800430166.707087,-0.05,-1.04,0.03,-73.25,9.36,-15.34,1.04
1800430166.81378,-0.21,-0.91,0.2,-18.43,22.48,-61.24,0.95
1800430166.920473,-0.03,-0.98,0.08,39.62,49.36,-8.81,0.98
1800430167.027166,0.06,-0.94,0.07,28.54,-7.59,-21.92,0.94
1800430167.133859,-0.03,-1.05,0.03,-9.16,14.35,5.24,1.05
1800430167.240552,-0.03,-1.13,0.05,8.02,-21.32,-2.76,1.13
1800430167.3472447,0.02,-1.16,0.16,-7.45,-80.73,-19.55,1.17
1800430167.4539378,-0.01,-1.01,0.24,-8.34,-80.06,-1.45,1.04
1800430167.5606306,0.11,-0.83,0.2,7.32,-135.29,28.46,0.86
1800430167.6673236,-0.07,-1.1,0.3,-12.76,-52.23,37.58,1.14
1800430167.7740166,0.04,-0.89,-0.03,3.44,-93.92,32.33,0.89
1800430167.8807094,0.07,-1.04,0.08,-15.0,-49.1,30.54,1.05
1800430167.9874024,-0.15,-1.19,0.16,-45.73,8.73,9.72,1.21
1800430168.0940955,0.01,-1.07,0.12,-9.64,13.62,13.8,1.08
1800430168.2007883,-0.29,-1.17,0.42,-14.78,-3.31,-65.2,1.28
1800430168.3074813,0.04,-0.97,0.03,2.04,20.94,-17.39,0.97
1800430168.4141743,-0.09,-1.01,0.29,13.81,-14.31,-26.29,1.06
1800430168.520867,0.03,-0.91,0.06,-8.74,-23.57,25.66,0.91
1800430168.6275601,-0.06,-1.09,0.08,-30.76,-32.8,-4.79,1.09
1800430168.7342532,-0.07,-1.12,0.09,-22.39,-53.01,-14.02,1.13
1800430168.840946,-0.03,-1.11,0.16,-5.37,-89.53,12.11,1.12
1800430168.947639,-0.09,-1.0,0.33,2.05,-147.09,-34.69,1.06
1800430169.054332,0.06,-1.0,0.12,-44.66,-89.24,56.12,1.01
1800430169.1610248,-0.07,-1.0,0.31,33.41,-113.35,2.89,1.05
1800430169.2677178,0.01,-0.89,0.07,-7.56,-82.01,32.86,0.89
0.0,0.0,0.0,0.0,0.0,0.0,0.0,0.0
1800430170.0,0.0,-0.91,0.11,-41.98,-34.23,29.81,0.92
1800430170.0994673,0.04,-0.89,0.05,-7.74,-47.19,-3.1,0.9
1800430170.1989343,-0.02,-0.93,0.02,7.92,-49.79,-40.31,0.93
1800430170.2984016,0.08,-0.9,-0.03,-31.95,-51.03,-48.21,0.91
1800430170.3978689,0.07,-0.95,-0.03,-40.4,-58.42,21.02,0.95
1800430170.4973361,0.1,-0.95,0.06,-53.81,-51.01,14.15,0.96
1800430170.5968032,0.11,-1.02,0.07,-26.07,15.71,19.39,1.03
1800430170.6962705,0.14,-1.14,0.2,-15.52,-0.61,90.05,1.17
1800430170.7957377,-0.23,-1.17,0.21,-37.98,73.66,50.63,1.21
1800430170.895205,-0.3,-0.74,0.18,-16.44,68.94,-47.13,0.81
1800430170.994672,-0.18,-0.59,0.1,49.61,-6.13,-41.22,0.63
1800430171.0941393,0.1,-0.55,-0.06,4.36,-114.0,-52.34,0.56
1800430171.1936066,0.05,-1.39,-0.02,-115.51,-200.18,45.29,1.39
1800430171.2930737,0.15,-1.37,0.22,74.94,-105.28,46.41,1.4
1800430171.392541,-0.3,-1.48,0.27,50.55,-48.48,31.25,1.53
1800430171.4920082,-0.37,-0.69,-0.01,82.22,-31.03,-66.54,0.79
1800430171.5914755,0.01,-0.37,0.02,37.94,-47.97,9.61,0.37
1800430171.6909425,0.01,-0.4,0.1,-155.61,-88.49,48.25,0.41
1800430171.7904098,-0.18,-0.94,0.28,-128.83,-26.55,22.77,1.0
1800430171.889877,0.15,-1.62,0.35,25.85,99.46,41.27,1.66
1800430171.9893444,-0.29,-1.21,0.39,9.41,135.2,19.18,1.3
1800430172.0888114,-0.24,-0.66,0.17,33.56,129.99,-4.29,0.73
1800430172.1882787,-0.1,-0.38,0.06,83.21,52.68,-2.99,0.39
1800430172.287746,0.11,-0.62,0.06,23.73,-75.11,-52.1,0.63
1800430172.3872132,0.18,-1.05,0.11,-65.41,-201.62,-27.77,1.07
1800430172.4866803,0.05,-1.85,0.5,-77.19,-149.86,45.77,1.92
1800430172.5861475,-0.33,-0.75,0.13,69.05,-17.07,-61.86,0.83
0.0,0.0,0.0,0.0,0.0,0.0,0.0,0.0
1800430175.0,0.15,-1.11,-0.01,-24.81,193.19,-18.26,1.12
1800430175.0944817,0.13,-0.88,-0.05,62.47,123.76,-141.1,0.89
1800430175.1889637,-0.1,-0.84,0.02,69.14,115.7,-59.65,0.85
1800430175.2834454,0.09,-0.96,0.14,149.46,43.97,-80.34,0.97
1800430175.377927,0.06,-0.93,0.18,46.29,40.52,-2.95,0.95
1800430175.472409,0.0,-1.07,0.22,-8.19,-3.38,8.54,1.09
1800430175.5668907,0.12,-1.28,0.37,-9.61,16.14,82.62,1.34
1800430175.6613724,0.6,-1.22,0.24,-42.57,-34.33,-40.37,1.38
1800430175.7558544,0.42,-0.61,0.19,-84.18,80.48,59.72,0.77
1800430175.850336,0.02,-0.52,0.09,101.77,44.64,-27.71,0.53
1800430175.944818,0.16,-0.79,0.3,19.27,-23.85,-136.37,0.86
1800430176.0392997,-0.05,-1.26,0.48,-165.25,8.56,-74.43,1.35
1800430176.1337814,0.32,-1.32,0.12,133.27,-75.65,136.43,1.36
1800430176.2282634,0.4,-0.86,-0.35,-135.01,21.28,-82.2,1.01
1800430176.322745,0.1,-0.75,0.07,139.81,-43.04,-37.97,0.76
1800430176.4172268,0.04,-0.66,0.1,12.57,54.03,51.97,0.67
1800430176.5117087,-0.15,-0.86,0.07,-50.89,6.62,-34.94,0.87
1800430176.6061904,0.03,-1.46,0.2,28.31,4.2,7.2,1.47
1800430176.7006721,0.7,-1.3,0.12,148.03,-46.19,81.88,1.48
1800430176.795154,0.9,-0.96,0.05,-19.56,-8.22,45.37,1.32
1800430176.8896358,-0.16,-0.64,0.13,-27.41,121.42,-41.48,0.67
1800430176.9841175,0.29,-0.52,0.24,12.95,28.05,-34.36,0.65
1800430177.0785995,0.15,-0.89,0.31,-55.52,41.31,-73.26,0.96
1800430177.1730812,0.11,-1.13,0.12,3.88,-21.43,-18.34,1.14
1800430177.2675629,0.22,-1.75,0.24,-44.62,-178.72,19.23,1.78
1800430177.3620448,0.33,-1.04,-0.13,-71.69,-142.11,-14.72,1.1
1800430177.4565265,-0.05,-0.6,-0.13,-86.96,-113.5,14.52,0.62
1800430177.5510082,-0.01,-0.59,0.06,29.43,-112.85,-36.17,0.6
1800430177.6454902,-0.12,-1.0,0.11,51.19,-81.16,44.42,1.01
1800430177.7399719,0.11,-1.39,0.3,17.83,-38.96,51.66,1.42
1800430177.8344538,0.56,-1.26,0.04,-25.54,-119.47,41.33,1.38
0.0,0.0,0.0,0.0,0.0,0.0,0.0,0.0
1800430180.0,0.19,-0.88,-0.03,-10.55,24.38,-11.25,0.91
1800430180.103714,0.27,-0.87,-0.01,7.46,44.34,23.79,0.91
1800430180.2074282,0.29,-0.88,0.01,-3.37,58.55,1.12,0.93
1800430180.3111422,0.22,-0.95,-0.0,13.58,44.34,-54.66,0.98
1800430180.4148562,0.35,-0.97,-0.13,-20.31,-23.61,-22.84,1.04
1800430180.5185704,0.27,-0.7,0.1,-26.88,54.63,21.41,0.75
1800430180.6222844,0.41,-0.94,0.19,50.55,26.61,75.49,1.05
1800430180.7259984,0.34,-0.65,0.08,1.75,72.77,-29.89,0.74
1800430180.8297126,0.12,-0.87,0.13,49.87,18.31,5.12,0.89
1800430180.9334266,0.39,-0.99,0.06,26.19,30.36,-7.52,1.06
1800430181.0371408,0.26,-0.98,-0.05,11.23,0.17,-49.76,1.02
1800430181.1408548,0.23,-0.91,0.03,-2.07,-18.06,-2.07,0.94
1800430181.2445688,0.59,-0.92,-0.4,11.19,-122.25,-59.45,1.17
1800430181.348283,0.12,-0.7,-0.18,-25.97,-52.2,-5.81,0.73
1800430181.451997,0.47,-0.79,-0.25,-5.93,-72.9,83.96,0.95
1800430181.555711,0.18,-0.78,-0.05,20.35,-32.33,19.04,0.8
1800430181.6594253,0.37,-0.93,-0.25,-2.06,2.7,20.61,1.04
1800430181.7631392,0.42,-0.95,-0.25,-21.45,14.86,-27.27,1.07
1800430181.8668532,0.45,-1.1,-0.29,2.88,-75.58,-26.84,1.22
1800430181.9705675,0.3,-0.54,-0.07,-84.91,24.73,35.61,0.62
1800430182.0742815,0.4,-0.94,-0.21,-6.43,-145.19,-55.13,1.04
1800430182.1779954,0.33,-0.62,-0.19,-83.03,-76.53,61.46,0.72
1800430182.2817097,0.15,-0.91,-0.06,-43.65,-184.26,54.07,0.92
1800430182.3854237,0.49,-0.88,-0.17,-98.54,-200.28,63.72,1.02
1800430182.489138,0.45,-0.89,-0.23,-98.02,-213.69,8.97,1.02
1800430182.5928519,0.56,-1.0,-0.31,-65.13,-334.19,13.58,1.19
1800430182.6965659,0.24,-0.53,-0.2,-167.77,-92.93,107.73,0.61
1800430182.80028,0.37,-0.81,-0.29,-69.41,-306.03,-45.84,0.94
1800430182.903994,0.36,-0.91,-0.47,-141.72,-149.88,40.22,1.09
1800430183.007708,0.31,-0.76,-0.27,-63.14,-183.75,48.95,0.87
1800430183.1114223,0.37,-0.9,-0.3,-105.3,-103.39,30.36,1.02
1800430183.2151363,0.37,-0.8,-0.23,-99.92,-88.12,28.66,0.91
1800430183.3188503,0.32,-0.92,-0.12,-72.49,-62.75,-2.61,0.98
1800430183.4225645,0.57,-0.81,-0.26,-102.37,-116.75,-16.76,1.02
1800430183.5262785,0.43,-0.73,-0.06,-79.44,-100.01,-22.92,0.85
1800430183.6299925,0.73,-0.92,-0.19,-93.48,-148.4,46.8,1.19
1800430183.7337067,0.35,-0.69,-0.02,-36.32,-95.37,-12.74,0.78
1800430183.8374207,0.31,-0.88,-0.01,-39.4,-78.51,3.65,0.94
0.0,0.0,0.0,0.0,0.0,0.0,0.0,0.0
1800430185.0,0.07,-0.01,0.87,-43.01,48.16,-43.91,0.88
1800430185.1033516,0.35,0.26,0.96,3.61,24.07,-67.47,1.05
1800430185.2067034,0.38,0.27,0.68,-62.13,-9.84,-90.2,0.82
1800430185.310055,0.25,0.2,0.7,-24.83,-34.58,-31.63,0.77
1800430185.4134066,0.19,-0.02,0.71,-35.72,9.04,-93.07,0.74
1800430185.5167584,0.19,-0.04,0.76,-23.52,30.44,-22.38,0.79
1800430185.62011,0.08,-0.09,0.75,-20.96,19.47,27.79,0.76
1800430185.7234619,0.29,0.03,1.07,61.57,-41.3,-61.88,1.11
1800430185.8268135,0.02,0.58,1.05,-79.54,-16.52,12.9,1.2
1800430185.930165,0.08,0.26,0.65,19.91,21.67,2.47,0.71
1800430186.033517,-0.03,0.03,0.59,6.54,-0.04,-13.11,0.59
1800430186.1368685,-0.07,0.18,0.84,-2.29,50.9,-21.13,0.86
1800430186.24022,0.02,-0.08,1.02,-37.81,15.63,-29.24,1.02
1800430186.343572,0.24,0.4,1.2,42.48,6.77,19.0,1.28
1800430186.4469235,0.29,0.12,0.78,-61.12,80.16,3.24,0.84
1800430186.550275,0.12,0.07,0.53,25.52,-33.66,91.39,0.55
1800430186.653627,0.14,0.12,0.55,-65.7,-16.89,-19.98,0.58
1800430186.7569785,0.26,-0.17,0.93,62.22,-4.73,-13.05,0.98
1800430186.8603303,0.2,0.0,1.25,21.54,-21.39,53.54,1.27
1800430186.963682,0.14,1.01,1.14,-149.8,-14.71,-66.34,1.53
1800430187.0670335,0.33,-0.0,0.61,43.46,-4.35,-11.96,0.7
1800430187.1703854,0.04,0.19,0.47,-59.3,49.51,111.0,0.51
1800430187.273737,0.04,-0.13,0.76,-40.55,23.47,40.97,0.78
1800430187.3770885,0.2,-0.19,1.23,52.2,67.48,84.91,1.26
1800430187.4804404,0.18,0.47,0.98,-143.61,30.93,55.82,1.1
1800430187.583792,0.41,-0.17,0.8,-76.11,138.0,82.16,0.92
1800430187.6871436,0.37,-0.27,0.03,-82.51,520.0,476.01,0.46
1800430187.7904954,0.67,-0.33,0.11,-37.6,28.73,116.0,0.76
1800430187.893847,0.36,-1.23,0.3,18.82,218.68,299.75,1.32
1800430187.9971988,1.75,-0.88,-0.96,-38.26,115.23,11.29,2.18
1800430188.1005504,0.33,-0.6,0.09,65.18,-17.98,-34.64,0.7
1800430188.203902,0.33,-0.36,0.1,-49.91,-66.42,72.68,0.5
1800430188.3072538,0.44,-0.84,0.17,-5.44,5.83,81.75,0.97
1800430188.4106054,0.45,-1.02,0.47,21.68,4.02,31.09,1.21
1800430188.513957,0.9,-0.75,0.1,-16.92,2.22,17.61,1.18
1800430188.6173089,0.32,-0.81,0.35,85.0,25.67,-48.61,0.94
0.0,0.0,0.0,0.0,0.0,0.0,0.0,0.0
1800430190.0,0.12,-0.74,-0.17,0.27,125.68,41.06,0.77
1800430190.1007986,0.24,-1.0,-0.24,-17.01,86.78,-19.22,1.05
1800430190.2015975,0.08,-0.76,-0.36,4.06,45.89,3.99,0.85
1800430190.302396,0.12,-0.87,-0.27,-39.93,28.27,-10.0,0.92
1800430190.403195,-0.02,-0.85,-0.3,-7.95,6.0,11.71,0.9
1800430190.5039935,-0.05,-1.0,-0.39,-39.31,48.1,6.34,1.08
1800430190.6047924,0.11,-1.21,-0.11,10.88,80.35,17.73,1.22
1800430190.705591,0.22,-0.9,0.1,10.39,115.57,-7.27,0.93
1800430190.8063898,0.09,-0.78,-0.15,33.43,157.9,-10.05,0.8
1800430190.9071884,0.07,-0.61,-0.1,-13.85,124.63,-13.38,0.62
1800430191.0079873,-0.09,-0.88,-0.21,0.98,78.2,25.72,0.9
1800430191.1087859,0.06,-1.38,-0.27,20.21,61.4,-34.84,1.4
1800430191.2095847,0.61,-1.11,0.13,-72.37,94.82,-41.44,1.28
1800430191.3103833,0.31,-0.96,-0.03,37.4,65.71,31.88,1.01
1800430191.4111822,-0.01,-0.57,-0.08,60.12,68.82,74.67,0.57
1800430191.5119808,0.02,-0.6,-0.16,-51.74,120.93,37.72,0.62
1800430191.6127796,0.05,-1.02,-0.33,-21.22,70.43,49.26,1.07
1800430191.7135782,0.0,-1.15,-0.33,61.62,-44.76,45.35,1.2
1800430191.814377,0.12,-1.18,0.05,-3.16,88.87,-41.67,1.19
1800430191.9151757,0.04,-0.66,-0.13,2.41,132.95,-74.3,0.68
1800430192.0159745,-0.02,-0.39,-0.19,-20.18,55.13,-27.24,0.44
1800430192.1167731,-0.03,-0.95,-0.2,-44.63,52.88,-47.78,0.97
1800430192.217572,0.19,-1.1,-0.38,77.79,11.54,-0.91,1.18
1800430192.3183706,0.79,-1.52,0.11,-90.35,55.77,-68.06,1.71
1800430192.4191694,0.33,-0.66,-0.26,-37.96,-58.86,-61.13,0.78
1800430192.519968,0.07,-0.48,-0.16,-65.07,-113.31,1.7,0.51
1800430192.6207669,0.14,-0.66,-0.3,-47.15,-84.5,8.82,0.74
1800430192.7215655,0.21,-1.1,-0.36,-29.13,-49.79,-6.65,1.17
0.0,0.0,0.0,0.0,0.0,0.0,0.0,0.0
1800430195.0,0.36,-0.74,-0.21,115.44,-215.48,-168.18,0.85
1800430195.107673,0.34,-1.61,-0.45,-126.98,-67.73,2.24,1.7
1800430195.215346,0.02,-1.49,-0.17,165.14,118.4,40.57,1.5
1800430195.323019,-0.35,-0.52,0.47,89.09,-70.93,-36.4,0.78
1800430195.4306922,0.04,-0.62,0.49,-22.55,-340.3,109.85,0.79
1800430195.5383651,0.46,-1.97,0.29,-20.07,-489.93,-59.92,2.04
1800430195.6460383,0.61,-1.09,-0.39,-116.83,-293.29,176.53,1.31
1800430195.7537112,0.07,-0.09,-0.65,-67.72,-200.03,-99.43,0.66
1800430195.8613844,0.44,-0.3,-0.52,75.24,204.5,-139.26,0.75
1800430195.9690573,1.4,-2.04,-0.35,14.58,425.43,-31.69,2.5
1800430196.0767305,0.09,-0.78,0.61,-66.92,184.55,36.28,1.0
1800430196.1844034,-0.5,-0.15,0.54,42.42,13.83,130.45,0.75
1800430196.2920766,0.37,-1.26,0.34,21.13,-426.22,64.81,1.36
1800430196.3997495,0.47,-2.01,-0.53,52.56,-242.83,244.25,2.13
1800430196.5074227,0.03,0.28,-0.7,-116.09,-145.87,22.32,0.75
1800430196.6150956,0.03,-0.21,-0.23,21.73,165.22,38.58,0.31
1800430196.7227688,1.25,-2.01,-0.71,59.99,401.59,-151.55,2.47
1800430196.8304417,0.28,-0.99,0.3,-262.67,241.66,19.75,1.08
1800430196.9381146,-0.43,-0.13,0.67,-17.49,-13.88,116.84,0.81
0.0,0.0,0.0,0.0,0.0,0.0,0.0,0.0
1800430200.0,-0.1,-0.92,-0.08,-15.12,-38.97,36.02,0.93
1800430200.1020753,-0.1,-0.91,-0.16,-6.05,-33.95,26.46,0.93
1800430200.2041504,-0.05,-1.0,-0.05,25.05,0.71,4.64,1.01
1800430200.3062258,0.01,-0.95,0.06,-31.25,-13.35,21.07,0.95
1800430200.408301,-0.02,-0.94,-0.06,-10.01,-9.84,7.67,0.95
1800430200.5103762,-0.06,-0.98,-0.05,-0.21,-19.03,-22.77,0.98
1800430200.6124516,-0.17,-0.92,-0.09,11.55,-7.25,4.32,0.94
1800430200.714527,-0.07,-0.94,0.04,13.64,-22.66,6.88,0.94
1800430200.816602,-0.03,-1.04,-0.0,-21.61,-13.37,-11.3,1.04
1800430200.9186773,-0.15,-0.93,0.01,-27.41,-15.44,19.2,0.95
1800430201.0207527,0.14,-1.22,0.36,6.97,32.2,-13.59,1.28
1800430201.1228278,0.13,-0.95,-0.02,-56.21,-73.05,-31.99,0.96
1800430201.224903,0.14,-1.08,-0.18,-28.23,-0.02,15.41,1.1
1800430201.3269782,0.08,-1.03,0.09,7.16,33.32,9.61,1.03
1800430201.4290535,-0.03,-1.03,0.03,-28.68,10.35,5.67,1.03
1800430201.531129,-0.05,-0.82,0.06,-39.67,0.98,-25.02,0.83
1800430201.633204,-0.14,-0.86,0.13,-55.92,-10.11,-21.2,0.88
1800430201.7352793,-0.2,-0.86,0.07,-17.74,-19.85,-8.69,0.88
1800430201.8373547,-0.1,-0.86,0.03,-3.88,-34.05,-13.44,0.87
1800430201.9394298,-0.16,-0.58,0.06,-4.12,-111.29,13.72,0.61
1800430202.041505,-0.3,-0.85,-0.15,16.97,-74.79,-50.21,0.91
1800430202.1435804,-0.04,-1.05,0.14,23.14,-86.7,115.62,1.06
1800430202.2456555,-0.11,-0.95,0.02,88.86,-82.17,-27.88,0.95
1800430202.3477309,0.07,-0.93,-0.09,35.81,-34.16,-18.31,0.93
1800430202.4498062,0.05,-0.87,0.06,39.94,-10.25,18.03,0.87
1800430202.5518813,0.09,-0.92,-0.04,21.14,11.41,7.57,0.93
1800430202.6539567,0.08,-0.96,-0.05,0.72,27.56,22.01,0.97
1800430202.756032,0.09,-0.97,0.01,-11.03,19.47,25.26,0.97
1800430202.858107,0.11,-0.95,0.06,-7.55,12.58,-25.82,0.96
1800430202.9601824,0.06,-0.94,0.03,-19.4,10.82,-31.18,0.94
1800430203.0622578,0.07,-0.89,-0.03,-16.1,8.98,2.18,0.9
1800430203.1643329,-0.01,-0.96,0.01,-6.82,-2.56,1.98,0.96
1800430203.2664082,0.03,-0.97,-0.01,3.15,-5.26,-15.2,0.97
1800430203.3684835,0.02,-0.92,-0.04,-5.59,-19.02,-2.74,0.92
1800430203.4705586,0.07,-0.95,-0.03,-2.27,-11.85,7.11,0.95
1800430203.572634,0.05,-0.95,-0.05,-2.57,-20.6,8.31,0.96
1800430203.674709,0.09,-0.86,0.03,-11.04,-20.5,10.13,0.87
1800430203.7767844,-0.0,-0.88,0.03,-18.22,-30.04,13.9,0.88
1800430203.8788598,-0.02,-0.84,0.03,-10.5,-44.92,16.19,0.85
1800430203.9809349,-0.02,-0.81,0.06,-1.85,-23.2,17.43,0.81
1800430204.0830102,0.06,-0.88,-0.0,1.41,9.15,-8.38,0.89
1800430204.1850855,0.1,-0.95,0.09,-1.79,4.14,0.21,0.96
1800430204.2871606,0.1,-0.84,0.1,-47.92,-22.29,-7.7,0.85
1800430204.389236,0.07,-0.81,0.08,-15.7,-33.91,20.53,0.82
1800430204.4913113,0.19,-0.93,0.27,-47.97,-33.16,-16.06,0.99
1800430204.5933864,0.03,-0.98,0.07,-50.08,-61.92,-19.56,0.99
1800430204.6954618,-0.33,-1.76,-0.32,20.16,-86.79,-74.48,1.82
1800430204.797537,0.07,-0.86,0.27,-148.47,-73.77,123.01,0.91
1800430204.8996122,-0.33,-0.95,-0.13,-75.53,-47.67,-87.42,1.01
1800430205.0016875,-0.12,-1.11,0.16,-100.08,73.01,-5.11,1.13
1800430205.1037629,-0.26,-0.79,0.03,-40.75,-6.04,-63.96,0.83
1800430205.205838,-0.23,-1.05,-0.16,-24.44,14.65,-28.19,1.09
1800430205.3079133,-0.24,-0.89,-0.02,-26.86,-12.98,-4.7,0.93
1800430205.4099886,-0.32,-0.85,-0.19,-15.11,-32.07,-35.68,0.93
1800430205.5120637,-0.23,-0.9,-0.1,-24.04,-24.95,-8.06,0.93
1800430205.614139,-0.3,-0.88,-0.12,-15.39,-18.33,3.05,0.94
1800430205.7162144,-0.28,-0.86,-0.12,-6.41,0.09,9.54,0.91
1800430205.8182895,-0.31,-0.88,-0.07,3.5,-3.98,4.08,0.93
1800430205.9203649,-0.28,-0.9,-0.1,0.05,-4.97,-3.2,0.95
1800430206.02244,-0.25,-0.92,-0.09,-22.82,-4.54,-22.39,0.96
1800430206.1245153,-0.16,-0.92,-0.09,9.56,-11.12,7.61,0.94
1800430206.2265906,-0.19,-0.94,-0.04,15.21,-5.55,5.85,0.96
1800430206.3286657,-0.11,-0.94,-0.02,27.86,-5.36,27.69,0.95
1800430206.430741,-0.16,-0.89,-0.04,19.4,10.09,23.51,0.9
1800430206.5328164,-0.13,-0.88,-0.03,38.23,-2.39,20.54,0.89
1800430206.6348915,-0.13,-0.92,-0.03,62.33,0.41,26.5,0.93
1800430206.7369668,0.0,-0.94,0.08,55.41,8.38,16.17,0.94
1800430206.8390422,0.02,-0.97,0.12,60.1,22.5,3.32,0.97
1800430206.9411173,0.21,-0.92,0.11,20.5,42.63,30.81,0.95
1800430207.0431926,0.25,-0.98,0.1,29.08,16.08,86.87,1.01
1800430207.145268,0.29,-1.03,0.42,-4.66,-2.69,40.85,1.15
1800430207.247343,0.28,-1.07,0.29,-2.16,-14.06,4.69,1.14
1800430207.3494184,0.31,-1.04,0.26,-19.42,-5.08,-4.62,1.12
1800430207.4514937,0.15,-0.88,0.28,-58.8,-4.2,17.13,0.93
1800430207.5535688,0.13,-0.83,0.27,-66.15,3.98,-6.99,0.89
1800430207.6556442,0.08,-0.83,0.32,-66.02,-2.07,-8.08,0.89
1800430207.7577195,-0.0,-0.79,0.19,-55.36,-8.49,-47.92,0.81
1800430207.8597946,0.0,-0.77,0.15,-44.99,1.14,-57.64,0.78
1800430207.96187,-0.08,-0.74,0.07,-12.07,-34.15,-95.98,0.75
1800430208.0639453,-0.07,-0.92,-0.14,16.89,-0.36,-77.27,0.93
1800430208.1660204,0.03,-0.88,-0.06,-9.14,-14.62,-52.15,0.88
1800430208.2680957,-0.06,-0.88,-0.26,-35.64,-22.22,-34.09,0.92
1800430208.3701708,-0.01,-0.94,-0.22,-7.92,-7.66,2.27,0.96
1800430208.4722462,-0.05,-0.94,-0.17,6.13,-32.53,5.76,0.96
1800430208.5743215,0.0,-0.98,-0.17,-8.35,-26.2,25.49,0.99
1800430208.6763966,0.03,-0.95,-0.16,3.56,-29.9,28.31,0.97
1800430208.778472,-0.02,-0.92,-0.08,-11.09,-36.36,-15.0,0.93
0.0,0.0,0.0,0.0,0.0,0.0,0.0,0.0
1800430205.0,-0.48,-1.4,-0.04,-3.91,129.08,-64.04,1.48
1800430205.098262,-0.25,-1.16,0.01,61.83,189.93,-140.9,1.19
1800430205.1965241,-0.23,-0.6,0.05,-19.35,235.91,-41.95,0.64
1800430205.2947862,-0.24,-0.52,0.22,-39.21,119.01,-35.72,0.61
1800430205.3930483,-0.16,-0.93,0.48,10.18,101.1,92.34,1.06
1800430205.4913104,-0.21,-1.14,0.5,51.09,-122.66,125.71,1.26
1800430205.5895724,-0.36,-1.0,0.29,11.31,-225.72,5.67,1.11
1800430205.6878345,-0.12,-0.92,0.04,81.93,-194.13,-66.2,0.93
1800430205.7860966,0.03,-0.53,-0.05,-2.02,-126.89,-17.96,0.53
1800430205.8843586,-0.08,-0.78,-0.01,28.48,31.44,44.62,0.78
1800430205.9826207,-0.15,-1.53,0.02,106.03,139.74,32.15,1.54
1800430206.0808828,-0.14,-1.42,-0.05,35.04,173.72,-51.76,1.43
1800430206.1791449,-0.14,-0.76,0.07,-100.16,155.59,-75.42,0.77
1800430206.277407,-0.08,-0.42,0.19,-61.67,173.73,-47.18,0.47
1800430206.375669,-0.25,-0.83,0.39,-2.99,119.52,82.49,0.95
1800430206.473931,-0.33,-1.06,0.5,42.97,-62.82,92.12,1.21
1800430206.5721931,-0.34,-1.28,0.25,47.8,-241.57,38.63,1.35
1800430206.6704552,-0.24,-0.75,0.07,27.18,-240.05,-27.59,0.79
1800430206.7687173,0.03,-0.42,-0.14,50.48,-132.88,-27.94,0.44
1800430206.8669794,0.07,-0.99,-0.13,132.92,52.31,71.91,1.0
1800430206.9652414,-0.17,-1.45,-0.05,70.73,175.61,25.73,1.46
1800430207.0635035,-0.34,-1.55,-0.04,-12.83,147.35,-163.06,1.59
1800430207.1617656,-0.26,-0.78,0.05,-80.47,161.16,-140.2,0.82
1800430207.2600276,-0.09,-0.14,0.11,-46.93,92.18,-94.08,0.2
1800430207.3582897,0.06,-0.37,0.24,42.41,82.3,23.48,0.45
0.0,0.0,0.0,0.0,0.0,0.0,0.0,0.0
1800430210.0,0.06,0.95,0.07,30.82,-14.27,17.68,0.96
1800430210.0991275,0.03,0.83,0.09,28.4,0.98,10.55,0.84
1800430210.1982553,0.08,0.82,0.04,16.77,0.21,20.5,0.82
1800430210.2973828,0.12,0.83,0.08,-13.9,-4.11,-1.29,0.84
1800430210.3965106,0.15,0.87,0.01,-21.96,-8.08,-20.47,0.89
1800430210.4956381,0.09,0.87,-0.03,-28.94,-11.51,-36.42,0.88
1800430210.5947657,0.05,0.87,-0.1,-12.32,4.14,-45.32,0.87
1800430210.6938934,0.11,0.82,-0.05,-6.0,-12.92,-58.14,0.82
1800430210.793021,0.02,0.81,-0.01,-14.29,-4.75,-70.69,0.81
1800430210.8921487,-0.03,0.89,-0.05,-52.45,1.84,-48.22,0.89
1800430210.9912763,-0.14,1.01,-0.19,-22.86,44.48,-125.66,1.04
1800430211.0904038,-0.51,0.89,-0.39,-32.3,47.2,-79.15,1.1
1800430211.1895316,-0.54,0.88,-0.24,-38.09,31.33,-40.53,1.06
1800430211.288659,-0.54,0.88,-0.28,-8.63,3.85,-12.51,1.07
1800430211.3877869,-0.45,0.87,-0.28,-29.94,-5.63,39.41,1.01
1800430211.4869144,-0.31,0.79,-0.3,-6.97,-11.66,57.41,0.91
1800430211.586042,-0.27,0.76,-0.28,6.28,-30.04,84.88,0.85
1800430211.6851697,-0.22,0.71,-0.24,52.13,-57.36,89.05,0.78
1800430211.7842972,-0.09,0.7,-0.14,29.24,-54.93,88.33,0.72
1800430211.883425,-0.02,0.68,-0.21,20.61,-61.76,40.34,0.71
1800430211.9825525,0.05,0.68,-0.17,37.53,-67.63,-9.55,0.7
1800430212.08168,0.07,0.77,-0.09,47.36,-66.48,-28.4,0.78
1800430212.1808078,0.02,0.9,-0.12,27.67,-79.77,-24.82,0.9
1800430212.2799354,-0.05,0.82,-0.06,24.44,-97.41,0.9,0.83
1800430212.3790631,-0.05,0.86,-0.02,16.19,-71.53,2.78,0.86
1800430212.4781907,-0.11,0.91,-0.08,-5.39,-38.26,8.22,0.92
1800430212.5773184,-0.03,0.9,-0.11,4.87,-5.54,10.51,0.9
1800430212.676446,0.05,0.82,-0.15,-8.89,5.08,34.21,0.84
1800430212.7755735,0.01,0.9,-0.05,16.88,28.03,30.91,0.9
1800430212.8747013,0.07,0.87,-0.08,19.3,22.28,36.38,0.88
0.0,0.0,0.0,0.0,0.0,0.0,0.0,0.0
1800430215.0,0.25,-0.78,0.11,-5.83,-78.8,25.54,0.83
1800430215.0994325,0.34,-0.89,0.24,27.09,-62.02,27.78,0.98
1800430215.1988647,0.39,-1.0,0.14,34.53,43.85,70.81,1.08
1800430215.2982972,0.27,-1.09,0.76,-67.79,41.01,-38.37,1.35
1800430215.3977294,0.28,-1.1,0.95,38.61,-56.56,-170.72,1.48
1800430215.4971619,0.23,-0.51,0.18,41.98,9.84,-88.36,0.59
1800430215.5965943,-0.0,-0.61,0.3,-4.19,6.04,5.07,0.67
1800430215.6960266,0.39,-0.68,0.28,48.85,22.63,40.71,0.83
1800430215.795459,0.34,-1.29,0.55,4.18,-87.03,37.28,1.44
1800430215.8948915,0.15,-1.69,0.8,7.41,-97.42,-20.3,1.88
1800430215.9943237,-0.16,-0.75,0.64,-144.47,-61.72,-18.33,1.0
1800430216.0937562,0.01,-0.2,0.22,-52.76,-9.95,-27.97,0.29
1800430216.1931884,0.23,-0.22,0.14,3.1,-62.72,-66.44,0.35
1800430216.292621,0.38,-0.91,0.55,-5.53,-174.69,-86.67,1.12
1800430216.3920534,0.62,-0.81,1.02,-7.25,-62.63,-61.44,1.44
1800430216.4914856,0.38,-0.68,1.34,99.34,93.77,-85.37,1.55
1800430216.590918,0.19,-0.29,0.56,123.38,121.03,-192.28,0.66
1800430216.6903505,0.06,-0.18,0.28,92.02,213.72,-174.24,0.34
1800430216.7897828,0.33,-0.43,0.37,100.1,147.73,2.01,0.65
1800430216.8892152,0.43,-0.88,1.02,-112.9,-116.61,-36.66,1.41
1800430216.9886475,0.37,-0.63,1.59,-106.48,-102.8,42.15,1.75
1800430217.08808,-0.12,-0.4,1.07,-206.63,-347.12,196.44,1.15
1800430217.1875124,0.24,-0.25,0.34,-31.48,-95.75,160.27,0.48
1800430217.2869446,0.24,-0.33,0.21,-26.01,-21.58,11.43,0.46
1800430217.386377,0.67,-0.9,0.53,29.48,-25.36,55.84,1.24
1800430217.4858093,0.4,-0.94,1.41,40.47,-36.15,-79.45,1.74
1800430217.5852418,0.2,-0.92,1.01,9.68,95.72,70.94,1.38
1800430217.6846743,-0.0,-0.64,0.48,32.87,83.37,47.26,0.8
1800430217.7841065,-0.04,-0.46,0.15,0.89,24.74,76.23,0.49
1800430217.883539,0.27,-0.58,0.11,-38.82,-60.7,68.43,0.65
0.0,0.0,0.0,0.0,0.0,0.0,0.0,0.0
1800430220.0,0.33,0.8,0.29,-111.21,-312.52,-68.0,0.92
1800430220.10003,0.38,0.79,0.32,-3.75,-324.73,-94.91,0.93
1800430220.20006,0.36,0.68,0.2,-52.34,-253.76,-39.52,0.79
1800430220.3000898,0.45,0.75,0.31,-67.77,-162.28,31.77,0.93
1800430220.4001198,0.49,0.98,0.44,68.81,-93.49,-27.06,1.18
1800430220.5001497,0.25,1.16,0.35,34.42,-74.8,-42.08,1.24
1800430220.6001797,0.12,0.74,0.38,33.66,-116.82,-221.72,0.84
1800430220.7002096,0.25,0.92,0.39,-41.94,-211.11,-131.4,1.03
1800430220.8002396,0.35,0.68,0.36,-25.56,-159.39,-153.91,0.85
1800430220.9002695,0.2,0.38,-0.03,18.65,-135.12,-23.93,0.44
1800430221.0002995,0.44,0.93,0.24,-45.63,-13.59,198.16,1.06
1800430221.1003294,0.54,1.14,0.16,22.45,80.75,77.98,1.27
1800430221.2003593,0.51,0.89,0.34,-47.35,210.71,-19.22,1.08
1800430221.3003893,0.32,0.63,0.26,131.13,135.35,54.26,0.75
1800430221.4004192,0.15,0.63,0.2,131.51,109.17,29.71,0.68
1800430221.5004492,0.04,0.67,0.09,62.86,-20.77,65.42,0.68
1800430221.600479,0.03,1.24,0.17,-54.37,-159.82,65.2,1.26
1800430221.7005088,0.33,1.5,0.33,-127.18,-121.76,-35.81,1.57
1800430221.8005388,0.14,0.73,0.31,89.41,-67.82,-251.68,0.81
1800430221.9005687,0.01,0.81,0.08,-15.23,-63.14,-101.96,0.81
1800430222.0005987,0.1,0.25,0.1,-54.79,-144.72,51.83,0.29
1800430222.1006286,0.44,0.61,0.42,-54.09,-79.91,272.62,0.86
1800430222.2006586,0.61,1.26,0.32,54.91,99.27,121.02,1.43
1800430222.3006885,0.41,1.06,0.4,-58.7,209.03,-55.33,1.2
1800430222.4007185,0.35,0.72,0.24,179.12,67.83,12.24,0.84
1800430222.5007484,0.05,0.73,0.11,101.99,96.09,-112.83,0.74
0.0,0.0,0.0,0.0,0.0,0.0,0.0,0.0
1800430225.0,-0.04,0.78,0.53,-38.47,-72.82,-7.58,0.94
1800430225.0937927,0.04,0.79,0.4,-30.14,-70.69,0.4,0.88
1800430225.1875854,0.01,0.8,0.36,-30.32,-54.93,-16.39,0.88
1800430225.281378,0.01,0.94,0.32,-17.85,-17.22,-29.94,0.99
1800430225.3751707,0.04,0.8,0.32,21.1,-52.7,-19.06,0.86
1800430225.4689634,0.02,0.95,0.33,-33.48,-45.23,-17.21,1.0
1800430225.562756,-0.02,1.02,0.41,8.93,-20.49,2.54,1.09
1800430225.6565487,0.05,0.97,0.37,-6.92,-20.72,23.38,1.04
1800430225.7503414,0.0,0.84,0.41,37.53,-10.79,72.62,0.94
1800430225.8441343,0.12,0.75,0.39,25.6,-29.55,24.36,0.86
1800430225.937927,-0.0,0.84,0.62,12.74,58.69,-36.92,1.05
1800430226.0317197,0.18,0.76,0.37,-7.05,-6.77,4.2,0.86
1800430226.1255124,0.11,0.88,0.39,-26.0,26.06,3.0,0.96
1800430226.219305,0.02,0.85,0.57,-74.48,27.13,48.4,1.02
1800430226.3130977,-0.11,1.19,0.48,-61.41,129.26,14.87,1.29
1800430226.4068904,0.02,0.51,0.13,14.55,-9.18,75.54,0.53
1800430226.500683,-0.02,0.95,0.37,18.84,130.68,-24.33,1.02
1800430226.5944757,0.06,0.82,0.26,39.87,1.07,73.37,0.86
1800430226.6882684,0.02,0.91,0.41,21.01,26.55,-40.58,1.0
1800430226.782061,0.03,0.84,0.41,-19.0,-54.78,12.58,0.93
1800430226.8758538,0.12,1.04,0.45,-11.92,-58.64,-13.88,1.14
1800430226.9696465,-0.04,0.6,0.53,36.72,-132.35,55.39,0.8
1800430227.0634391,0.14,0.72,0.46,-16.29,-20.83,-76.33,0.86
1800430227.1572318,0.01,0.73,0.61,19.87,-55.62,13.22,0.95
1800430227.2510245,0.18,0.79,0.22,-48.41,-23.94,-41.61,0.84
1800430227.3448172,0.05,0.94,0.5,-15.55,-10.87,20.54,1.07
1800430227.4386098,0.1,1.12,0.43,-75.7,-10.07,-15.45,1.21
0.0,0.0,0.0,0.0,0.0,0.0,0.0,0.0
1800430230.0,0.35,0.87,-0.37,15.34,-13.57,-3.02,1.0
1800430230.1016433,0.22,1.0,-0.27,41.31,2.64,1.25,1.06
1800430230.2032864,0.29,0.87,-0.24,75.8,15.18,-3.87,0.95
1800430230.3049297,0.33,0.91,-0.25,85.05,21.79,-7.44,1.0
1800430230.4065728,0.33,0.84,-0.2,61.46,40.85,-6.23,0.93
1800430230.5082161,0.67,1.0,-0.34,18.72,41.32,19.03,1.25
1800430230.6098592,0.68,1.0,-0.3,-64.84,44.47,-0.3,1.25
1800430230.7115026,0.56,0.72,-0.22,-37.59,68.96,-16.9,0.94
1800430230.8131459,0.52,0.59,0.01,-40.99,57.05,40.8,0.79
1800430230.914789,0.76,0.74,-0.01,94.12,70.78,62.54,1.06
1800430231.0164323,0.55,0.64,-0.06,-46.76,92.64,57.0,0.84
1800430231.1180754,0.59,0.94,-0.25,-52.49,21.64,53.57,1.14
1800430231.2197187,0.55,0.94,-0.37,-113.48,-12.79,-38.13,1.15
1800430231.321362,0.57,0.93,-0.52,-40.84,-107.42,-7.21,1.2
1800430231.423005,0.18,0.5,-0.14,30.97,36.76,-52.28,0.55
1800430231.5246484,0.49,0.72,-0.34,97.07,-114.47,-47.49,0.93
1800430231.6262915,0.48,0.81,-0.29,120.86,-5.69,-15.36,0.99
1800430231.7279348,0.51,0.87,-0.29,10.01,-23.92,-10.14,1.05
1800430231.829578,0.52,0.89,-0.25,19.44,-11.92,-14.51,1.06
1800430231.9312212,0.64,0.95,-0.36,-40.67,-27.49,-20.96,1.21
1800430232.0328646,0.59,0.95,-0.43,-115.5,-82.86,-28.65,1.2
1800430232.1345077,0.24,0.56,-0.03,71.68,-22.9,-44.8,0.61
1800430232.236151,0.64,0.89,-0.32,47.31,-63.93,-4.55,1.14
1800430232.337794,0.38,0.8,-0.13,14.39,-12.08,-25.36,0.9
1800430232.4394374,0.38,0.88,-0.21,59.17,-34.83,-20.81,0.98
1800430232.5410807,0.54,0.92,-0.26,-27.02,-51.94,-24.59,1.09
1800430232.6427238,0.38,0.91,-0.1,11.17,-58.18,-43.06,0.99
1800430232.7443671,0.7,0.83,-0.61,49.39,-13.07,-59.06,1.25
1800430232.8460102,0.23,0.65,-0.1,13.61,-22.38,-11.96,0.7
1800430232.9476535,0.7,0.75,-0.48,62.31,-9.65,-51.06,1.13
1800430233.0492966,0.3,0.69,-0.18,60.69,-5.1,-3.72,0.78
1800430233.15094,0.5,0.96,-0.29,7.9,5.87,-20.74,1.12
1800430233.2525833,0.66,0.94,-0.26,-51.07,26.39,-21.42,1.18
1800430233.3542264,0.54,1.04,-0.35,-99.18,10.57,-13.85,1.22
1800430233.4558697,0.45,0.6,-0.2,13.21,61.94,-85.86,0.77
1800430233.5575128,0.37,0.66,-0.14,-61.38,-35.3,-23.16,0.76
1800430233.659156,0.77,0.92,-0.34,50.25,-54.01,-10.38,1.24
1800430233.7607994,0.32,0.7,-0.08,10.0,-22.66,-1.69,0.77
1800430233.8624425,0.59,0.86,-0.14,56.5,-42.39,-18.33,1.05
1800430233.9640858,0.61,0.99,-0.25,-103.12,-94.94,-28.11,1.19
0.0,0.0,0.0,0.0,0.0,0.0,0.0,0.0
1800430235.0,-0.18,-0.95,0.04,-0.74,-2.31,-18.54,0.96
1800430235.1129546,-0.16,-0.95,0.07,-1.31,-2.48,-11.24,0.97
1800430235.225909,-0.08,-1.13,0.07,18.16,16.57,-29.12,1.14
1800430235.3388636,-0.03,-1.12,0.15,35.76,45.59,-20.85,1.13
1800430235.451818,0.15,-1.06,0.07,-0.2,36.9,-47.99,1.08
1800430235.5647726,0.01,-0.72,0.11,-40.63,65.41,38.95,0.73
1800430235.677727,-0.05,-0.74,0.07,-8.32,-1.38,-3.98,0.74
1800430235.7906816,0.0,-0.81,0.1,-35.53,-40.23,-24.69,0.82
1800430235.903636,-0.07,-1.13,0.12,-46.85,-82.45,-67.87,1.14
1800430236.0165906,-0.16,-1.27,0.06,-48.9,-70.82,119.43,1.28
1800430236.1295452,0.03,-1.62,0.03,2.61,-47.88,88.77,1.62
1800430236.2424996,0.3,-0.48,0.01,26.03,-12.92,55.6,0.57
1800430236.3554542,-0.01,-0.44,-0.03,-16.11,-15.17,-37.04,0.44
1800430236.4684086,0.0,-0.46,-0.04,3.22,-34.94,-159.51,0.46
1800430236.5813632,0.09,-1.37,0.03,7.0,-15.57,-95.03,1.38
1800430236.6943176,-0.36,-1.69,-0.0,25.38,67.37,71.27,1.73
1800430236.8072722,0.07,-1.33,0.18,53.03,97.93,64.03,1.34
1800430236.9202266,0.21,-0.59,0.01,-26.44,99.73,9.08,0.63
1800430237.0331812,-0.01,-0.45,0.02,-11.79,41.74,19.48,0.46
1800430237.1461358,0.03,-0.72,0.1,1.76,-46.82,-110.48,0.73
1800430237.2590902,-0.04,-1.09,0.2,19.71,-53.57,-34.35,1.11
1800430237.3720448,-0.25,-1.26,0.26,12.02,-47.66,68.05,1.31
1800430237.4849992,-0.02,-1.4,0.12,-56.6,6.83,30.09,1.4
1800430237.5979538,0.21,-0.66,0.02,-7.7,10.89,45.1,0.7
0.0,0.0,0.0,0.0,0.0,0.0,0.0,0.0
1800430240.0,0.38,-0.92,-1.34,46.1,192.68,29.79,1.67
1800430240.1033328,0.55,-0.97,-1.01,38.93,296.35,66.42,1.5
1800430240.2066655,-0.07,-0.45,0.27,-271.61,37.59,184.37,0.53
1800430240.3099983,-0.22,-0.44,0.12,56.52,-196.75,151.7,0.5
1800430240.413331,-0.13,-1.77,-0.61,-13.88,-517.85,176.1,1.88
1800430240.5166636,0.28,-1.03,-0.55,61.98,-261.48,345.97,1.2
1800430240.6199963,0.2,-0.21,-0.07,-66.2,-211.76,166.13,0.3
1800430240.723329,0.55,0.02,-0.66,78.72,32.42,-239.58,0.86
1800430240.8266618,0.56,-1.95,-1.26,33.26,379.64,-385.23,2.39
1800430240.9299946,-0.3,-0.94,-0.22,-321.0,294.94,-24.7,1.01
1800430241.0333273,-0.15,0.2,0.43,102.05,211.68,-33.12,0.49
1800430241.13666,-0.09,-0.87,-0.07,189.02,-239.26,85.02,0.88
1800430241.2399929,0.24,-1.92,-1.18,173.08,-272.9,193.4,2.26
1800430241.3433256,0.11,-0.18,-0.18,-104.31,-114.52,252.29,0.28
1800430241.4466584,0.06,0.06,-0.22,44.25,-120.15,-86.45,0.24
1800430241.549991,0.98,-1.5,-1.36,170.62,245.52,-275.4,2.24
1800430241.6533237,0.08,-0.62,-0.91,-74.05,373.15,-129.81,1.1
1800430241.7566564,-0.03,-0.67,-0.04,-200.12,207.22,-257.7,0.67
1800430241.8599892,-0.38,-0.29,0.08,-174.73,236.21,60.56,0.49
1800430241.963322,-0.59,-1.48,-0.27,118.07,-224.37,443.04,1.62
1800430242.0666547,0.38,-1.35,-0.97,166.29,-520.0,102.82,1.7
1800430242.1699874,0.31,-0.57,-0.11,-133.42,-362.92,412.52,0.66
1800430242.2733202,0.25,0.41,-0.14,35.81,-189.86,-30.83,0.5
0.0,0.0,0.0,0.0,0.0,0.0,0.0,0.0
1800430245.0,0.07,-0.92,0.21,35.67,-80.87,8.41,0.94
1800430245.1024554,0.26,-0.96,0.26,27.59,-70.46,-22.24,1.03
1800430245.204911,0.17,-1.03,0.34,76.09,31.78,-27.52,1.1
1800430245.3073664,0.77,-1.17,0.22,-38.85,40.58,80.39,1.42
1800430245.409822,0.9,-1.1,0.13,-169.3,-47.99,-41.57,1.43
1800430245.5122774,0.19,-0.55,0.16,-82.05,-2.29,-41.56,0.61
1800430245.614733,0.29,-0.66,-0.01,23.31,-14.08,5.54,0.72
1800430245.7171884,0.26,-0.7,0.3,48.65,12.63,-47.04,0.81
1800430245.819644,0.46,-1.3,0.22,39.68,-97.42,-6.47,1.4
1800430245.9220994,0.81,-1.7,0.14,-20.35,-108.01,4.96,1.89
1800430246.024555,0.67,-0.85,-0.19,-4.32,-71.56,172.99,1.1
1800430246.1270103,0.19,-0.24,-0.01,-14.15,-18.18,62.11,0.3
1800430246.229466,0.11,-0.27,0.14,-46.44,-73.96,-6.02,0.32
1800430246.3319213,0.54,-0.97,0.35,-75.42,-191.78,5.72,1.16
1800430246.4343767,0.96,-0.82,0.48,-59.39,-67.53,-0.01,1.35
1800430246.5368323,1.34,-0.72,0.34,-62.99,92.63,-99.1,1.56
1800430246.6392877,0.55,-0.34,0.11,-176.47,128.43,-128.43,0.66
1800430246.7417433,0.27,-0.28,0.01,-173.93,239.89,-98.12,0.39
1800430246.8441987,0.4,-0.48,0.25,6.55,162.88,-105.22,0.67
1800430246.9466543,1.02,-0.93,0.33,-32.33,-139.93,125.36,1.42
1800430247.0491097,1.48,-0.69,0.29,41.47,-129.66,128.5,1.66
1800430247.1515653,1.08,-0.48,-0.06,216.15,-376.45,232.69,1.18
1800430247.2540207,0.32,-0.26,0.2,166.85,-110.09,29.36,0.46
1800430247.3564763,0.27,-0.42,0.15,22.43,-25.64,22.24,0.52
1800430247.4589317,0.48,-0.89,0.56,49.27,-43.18,-44.78,1.15
1800430247.5613873,1.4,-0.96,0.29,-78.01,-62.84,-42.03,1.72
1800430247.6638427,0.96,-0.98,0.18,61.15,110.96,7.97,1.38
1800430247.766298,0.49,-0.63,-0.04,40.63,92.14,-22.52,0.8
1800430247.8687537,0.16,-0.48,-0.01,69.25,20.65,-15.47,0.51
1800430247.971209,0.08,-0.61,0.19,80.14,-76.6,47.97,0.65
0.0,0.0,0.0,0.0,0.0,0.0,0.0,0.0
1800430250.0,0.0,0.98,0.14,-9.68,14.47,-0.61,0.99
1800430250.105295,-0.02,0.97,0.12,20.29,24.87,-11.17,0.98
1800430250.2105896,-0.0,0.95,0.09,7.24,15.92,-13.36,0.96
1800430250.3158846,-0.01,0.95,0.06,9.06,17.89,-8.28,0.95
1800430250.4211795,0.03,0.89,0.05,17.97,16.54,-5.11,0.89
1800430250.5264745,0.04,0.88,0.05,11.71,19.76,-7.34,0.88
1800430250.6317692,0.06,0.8,0.05,-5.36,22.31,2.4,0.81
1800430250.7370641,0.04,0.77,-0.01,-15.23,55.45,2.5,0.78
1800430250.842359,0.16,0.98,-0.05,37.56,-5.12,-11.9,0.99
1800430250.947654,0.12,0.97,0.05,2.06,21.21,-18.11,0.98
1800430251.0529487,0.08,0.85,-0.07,-3.38,29.53,-0.57,0.86
1800430251.1582437,0.07,0.85,-0.05,-0.87,44.88,6.59,0.85
1800430251.2635386,0.14,0.72,0.04,17.12,37.0,4.82,0.73
1800430251.3688335,0.25,0.91,-0.14,46.16,24.63,13.49,0.95
1800430251.4741282,0.01,1.37,0.43,-5.37,132.97,-29.89,1.44
1800430251.5794232,0.46,1.28,-0.05,-145.9,44.99,7.33,1.36
1800430251.6847181,-0.3,0.95,0.32,202.21,67.97,5.2,1.05
1800430251.790013,-0.25,1.09,0.09,193.94,-74.55,98.45,1.12
1800430251.8953078,-0.03,0.8,0.19,-4.89,-34.06,37.76,0.82
1800430252.0006027,-0.09,0.83,0.25,3.16,7.92,5.3,0.87
1800430252.1058977,-0.09,0.92,0.27,9.33,-8.61,5.16,0.97
1800430252.2111926,-0.01,0.95,0.27,-5.44,-5.15,18.26,0.99
1800430252.3164873,-0.0,0.91,0.25,3.3,3.24,-6.06,0.94
1800430252.4217823,-0.02,0.91,0.21,8.62,15.22,-6.43,0.93
1800430252.5270772,-0.04,0.97,0.21,2.17,5.85,-21.46,1.0
1800430252.6323721,-0.05,0.93,0.17,15.31,20.77,-4.3,0.94
1800430252.7376668,-0.03,0.9,0.15,-13.42,6.78,-25.76,0.91
1800430252.8429618,0.06,0.98,0.04,-10.76,9.38,-17.03,0.98
1800430252.9482567,0.11,0.95,0.05,7.19,15.39,-3.01,0.95
1800430253.0535517,0.06,0.95,0.0,5.25,16.6,-8.31,0.95
1800430253.1588464,0.04,0.9,0.08,-7.51,5.7,-11.02,0.91
1800430253.2641413,-0.01,0.91,0.05,-18.62,-0.21,-16.43,0.91
1800430253.3694363,0.08,0.89,0.09,-28.58,-9.94,-23.84,0.9
1800430253.4747312,0.14,0.9,0.1,-14.02,-20.51,-30.3,0.92
1800430253.580026,0.14,0.89,-0.01,-32.19,-28.99,-35.64,0.9
1800430253.6853209,0.27,0.9,-0.1,-9.9,-36.98,-45.87,0.94
1800430253.7906158,0.34,1.18,-0.27,-16.55,-40.18,-39.54,1.25
1800430253.8959107,0.27,0.99,-0.55,28.57,-4.95,-21.21,1.16
1800430254.0012054,0.24,1.05,-0.4,37.34,7.16,-10.51,1.14
1800430254.1065004,0.29,0.98,-0.3,-13.56,-0.68,33.48,1.06
1800430254.2117953,0.2,0.91,-0.22,9.18,0.54,59.72,0.96
1800430254.3170903,0.21,0.72,-0.15,28.25,17.52,71.14,0.76
1800430254.422385,0.13,0.62,-0.08,37.26,25.67,77.49,0.64
1800430254.52768,-0.01,0.49,0.11,41.56,20.76,75.53,0.5
1800430254.6329749,0.14,0.99,0.08,24.11,-16.68,8.01,1.0
1800430254.7382698,0.18,0.96,0.07,16.48,54.46,16.42,0.98
1800430254.8435645,-0.04,0.76,0.18,69.43,21.69,14.13,0.79
1800430254.9488595,0.11,0.94,0.05,-7.61,-1.01,-9.13,0.94
1800430255.0541544,0.06,0.96,0.13,36.52,29.59,-23.56,0.97
1800430255.1594493,-0.04,0.93,0.03,56.24,21.05,1.04,0.93
0.0,0.0,0.0,0.0,0.0,0.0,0.0,0.0
1800430255.0,0.21,-0.89,-0.1,11.48,23.58,-24.45,0.92
1800430255.1027408,0.28,-0.97,-0.12,-14.81,20.36,-12.82,1.02
1800430255.2054813,0.36,-0.91,-0.06,-4.01,8.97,-13.23,0.98
1800430255.308222,0.49,-0.91,-0.14,-32.84,-46.56,-12.69,1.04
1800430255.4109628,0.22,-0.69,-0.05,-4.94,0.51,6.91,0.72
1800430255.5137033,0.38,-0.94,0.0,30.66,9.78,5.91,1.01
1800430255.616444,0.47,-0.91,-0.04,6.15,43.78,16.48,1.02
1800430255.7191846,0.21,-0.81,-0.05,-29.09,11.24,45.61,0.84
1800430255.8219254,0.32,-1.03,-0.17,-43.83,-34.94,21.3,1.09
1800430255.9246662,0.35,-1.04,-0.19,-36.9,-48.69,-29.62,1.11
1800430256.0274067,0.63,-1.01,-0.62,5.59,-63.67,-100.63,1.35
1800430256.1301475,0.01,-0.58,-0.12,1.78,-54.4,-0.58,0.59
1800430256.2328882,0.47,-1.05,-0.39,28.58,-83.37,-60.77,1.22
1800430256.3356287,0.11,-0.75,-0.09,1.68,-46.23,-13.45,0.76
1800430256.4383695,0.42,-0.98,-0.13,13.25,30.22,0.28,1.07
1800430256.54111,0.37,-1.05,-0.03,-29.1,74.07,36.01,1.12
1800430256.6438508,0.51,-0.78,-0.25,-10.0,121.54,-68.03,0.97
1800430256.7465916,0.27,-0.57,0.06,-47.8,16.8,111.06,0.63
1800430256.849332,0.57,-0.92,-0.27,39.2,69.81,-18.35,1.12
1800430256.9520729,0.05,-0.73,0.07,-35.63,28.07,19.3,0.74
1800430257.0548136,0.5,-1.04,-0.15,59.71,-45.4,51.91,1.17
1800430257.1575541,0.23,-0.97,-0.08,-10.71,-7.82,-25.74,1.0
1800430257.260295,0.71,-1.13,-0.63,-64.49,-183.88,-18.8,1.48
1800430257.3630354,0.02,-0.62,-0.13,44.86,-16.77,-55.01,0.64
1800430257.4657762,0.63,-0.85,-0.31,112.98,-112.87,-51.35,1.1
1800430257.568517,0.22,-0.68,0.0,35.93,-26.57,-33.5,0.72
1800430257.6712575,0.44,-0.94,-0.11,-9.25,-32.71,-0.74,1.04
1800430257.7739983,0.41,-1.03,-0.14,-34.63,-0.3,-30.03,1.12
1800430257.876739,0.45,-1.18,-0.05,25.95,-78.23,-19.4,1.26
1800430257.9794796,0.32,-0.52,-0.03,-43.54,7.66,-57.0,0.61
1800430258.0822203,0.22,-0.88,-0.16,-95.17,-104.9,-1.98,0.92
1800430258.184961,0.57,-0.76,-0.2,108.24,-58.8,-87.86,0.97
1800430258.2877016,0.21,-0.67,-0.01,4.07,-152.35,-18.41,0.71
1800430258.3904424,0.48,-0.9,-0.12,48.87,-162.02,-72.21,1.02
1800430258.493183,0.55,-1.02,-0.15,4.28,-146.94,-62.69,1.17
1800430258.5959237,0.57,-0.81,-0.28,34.53,-118.59,-101.57,1.03
1800430258.6986644,0.43,-0.71,-0.26,-10.0,-82.59,-69.15,0.87
0.0,0.0,0.0,0.0,0.0,0.0,0.0,0.0
1800430260.0,-0.3,-0.81,0.07,117.9,-42.29,27.46,0.87
1800430260.0992255,-0.25,-0.68,0.07,140.49,-29.92,25.5,0.73
1800430260.1984513,-0.17,-0.73,0.01,137.69,-16.2,57.17,0.75
1800430260.2976768,-0.12,-0.69,0.06,79.36,-24.48,44.43,0.71
1800430260.3969026,-0.02,-0.93,-0.02,58.84,-15.69,32.11,0.93
1800430260.496128,-0.04,-0.95,-0.03,36.62,-26.85,-4.24,0.95
1800430260.5953536,0.11,-0.87,-0.04,26.22,-31.13,-15.98,0.88
1800430260.6945794,0.07,-0.97,-0.02,7.48,-23.71,3.76,0.98
1800430260.793805,0.11,-0.93,0.02,5.07,-27.4,-2.3,0.94
1800430260.8930306,0.1,-0.98,0.05,-12.46,-15.69,-5.22,0.99
1800430260.9922562,0.03,-0.91,0.05,-6.49,-12.11,-6.58,0.92
1800430261.091482,0.08,-0.94,-0.03,-1.35,-8.27,-7.75,0.94
1800430261.1907074,0.09,-0.93,0.0,-8.78,-15.66,-9.12,0.93
1800430261.289933,0.03,-0.88,0.03,-0.27,-12.92,-2.61,0.88
1800430261.3891587,0.12,-0.93,0.03,4.32,-14.29,-3.73,0.94
1800430261.4883842,0.03,-0.9,-0.02,2.33,-15.53,-8.12,0.9
1800430261.58761,0.08,-0.95,0.01,-4.57,-12.48,0.39,0.95
1800430261.6868355,0.09,-0.92,0.01,-3.66,-4.67,-19.88,0.93
1800430261.786061,0.05,-0.87,0.03,-35.2,-5.31,-10.05,0.87
1800430261.8852868,0.04,-0.71,0.06,-88.46,9.46,-37.3,0.71
1800430261.9845123,-0.14,-0.17,0.04,-169.91,-1.36,-68.52,0.22
1800430262.083738,-0.17,-0.19,0.05,-191.07,-6.71,-70.36,0.26
1800430262.1829636,-0.42,-0.42,0.24,-177.09,55.88,-24.03,0.64
1800430262.2821894,-0.44,-1.91,-0.46,-168.74,95.59,-29.49,2.02
1800430262.381415,-0.87,-1.9,0.33,-15.21,-82.59,-242.34,2.12
1800430262.4806404,-0.72,-1.21,0.17,-213.83,167.28,-0.38,1.42
1800430262.5798662,-0.18,-0.41,0.19,-63.77,26.84,-23.76,0.49
1800430262.6790917,-0.33,-0.26,0.15,8.44,-47.51,-12.5,0.45
1800430262.7783175,-1.0,-0.97,0.44,60.58,-85.53,67.59,1.46
1800430262.877543,-0.98,-0.82,0.44,-57.91,30.96,-35.96,1.35
0.0,0.0,0.0,0.0,0.0,0.0,0.0,0.0
1800430265.0,-0.07,0.75,0.3,-7.28,87.51,2.34,0.81
1800430265.0974998,-0.18,1.38,0.39,-124.05,27.07,-20.32,1.45
1800430265.1949997,-0.7,1.29,-0.53,-136.46,66.82,-40.19,1.56
1800430265.2924995,-0.7,0.8,-0.27,58.34,125.51,-169.22,1.1
1800430265.3899994,-0.24,0.5,0.13,84.1,71.7,12.14,0.57
1800430265.4874992,-0.1,0.38,-0.09,-8.2,-1.65,11.02,0.4
1800430265.584999,-0.07,0.77,-0.23,-12.17,15.45,20.66,0.8
1800430265.682499,-0.35,1.47,0.56,73.77,121.55,-102.48,1.61
1800430265.7799988,-1.12,0.92,0.1,-67.37,-35.07,-11.11,1.45
1800430265.8774986,-0.67,0.92,-0.2,-128.88,-61.23,-20.66,1.16
1800430265.9749985,-0.08,0.47,-0.22,9.8,-21.88,66.76,0.52
1800430266.0724983,0.03,0.43,0.09,144.45,66.94,189.57,0.44
1800430266.1699982,-0.1,0.78,0.29,-10.13,159.47,73.14,0.84
1800430266.267498,-0.52,1.41,0.06,173.99,245.16,-136.24,1.5
1800430266.3649979,-1.28,1.38,-0.28,27.75,-161.9,-9.82,1.9
1800430266.4624977,-0.27,0.53,0.06,-120.32,18.92,-255.93,0.6
1800430266.5599976,-0.04,0.46,0.19,91.02,-26.3,-105.5,0.5
1800430266.6574974,-0.23,0.68,0.18,-1.89,-56.89,24.42,0.74
1800430266.7549973,-0.71,1.09,0.39,17.65,-17.43,34.75,1.36
1800430266.852497,-1.42,0.84,0.47,14.55,-1.95,-58.52,1.71
1800430266.949997,-0.81,0.63,0.22,-114.39,-208.3,-40.49,1.05
1800430267.0474968,-0.15,0.07,-0.02,-189.83,-142.39,-111.7,0.17
1800430267.1449966,-0.08,0.5,0.15,-74.66,-81.32,-39.68,0.53
1800430267.2424965,-0.52,1.15,0.35,-164.98,-2.28,11.9,1.31
1800430267.3399963,-0.95,1.57,0.12,109.86,94.7,-24.42,1.84
1800430267.4374962,-1.0,0.78,-0.03,92.72,75.39,1.13,1.26
1800430267.534996,-0.14,0.31,0.2,96.81,0.7,103.24,0.4
1800430267.6324959,-0.06,0.25,0.19,82.5,-10.83,48.48,0.32
0.0,0.0,0.0,0.0,0.0,0.0,0.0,0.0
1800430270.0,0.07,0.83,-0.43,58.25,-131.6,17.91,0.94
1800430270.0939376,-0.08,0.87,-0.36,72.27,-84.11,5.07,0.95
1800430270.1878753,-0.05,0.89,-0.33,13.31,-60.88,22.37,0.95
1800430270.2818127,-0.15,1.04,-0.39,10.59,32.91,-48.77,1.12
1800430270.3757503,-0.4,1.15,-0.48,-38.37,146.9,-59.47,1.31
1800430270.469688,-0.07,0.66,-0.12,-60.08,-13.74,6.21,0.68
1800430270.5636256,-0.32,0.86,-0.62,-82.98,178.86,21.78,1.11
1800430270.6575632,0.01,0.67,-0.26,-56.66,43.32,94.78,0.72
1800430270.7515008,-0.01,0.84,-0.48,9.2,56.67,45.34,0.97
1800430270.8454382,-0.09,0.94,-0.57,12.23,-40.04,35.69,1.11
1800430270.9393759,0.06,0.93,-0.67,55.43,-101.82,18.03,1.15
1800430271.0333135,-0.13,0.61,-0.65,14.39,-198.43,-35.53,0.9
1800430271.1272511,0.06,0.66,-0.43,125.62,-111.22,-115.84,0.78
1800430271.2211888,-0.34,0.83,-0.65,45.04,-122.24,-26.27,1.11
1800430271.3151262,-0.08,0.79,-0.2,65.8,-87.56,0.48,0.82
1800430271.4090638,-0.19,0.97,-0.42,25.01,48.42,-11.38,1.08
1800430271.5030015,-0.2,1.09,-0.39,-12.32,96.48,-4.66,1.17
1800430271.596939,-0.4,0.68,-0.4,-178.95,35.82,51.32,0.89
1800430271.6908767,-0.21,0.8,-0.3,-71.34,156.97,-40.7,0.88
1800430271.7848144,-0.23,0.72,-0.41,-131.82,73.6,83.19,0.86
1800430271.8787518,-0.08,0.88,-0.39,-53.28,63.47,24.61,0.96
1800430271.9726894,-0.06,0.9,-0.5,-35.79,-7.07,3.69,1.03
1800430272.066627,-0.05,0.97,-0.64,-10.88,-44.64,-37.17,1.16
1800430272.1605647,-0.23,0.79,-0.63,-57.24,-115.23,-49.29,1.04
1800430272.2545023,-0.07,0.69,-0.39,76.85,-21.34,-84.46,0.79
1800430272.3484397,-0.14,0.84,-0.47,20.41,-74.27,8.52,0.97
1800430272.4423773,0.05,0.78,-0.19,68.35,-73.91,3.21,0.81
1800430272.536315,-0.11,1.05,-0.49,5.84,19.17,-14.29,1.17
1800430272.6302526,-0.15,1.06,-0.41,-33.65,3.46,-60.32,1.15
1800430272.7241902,-0.39,1.01,-0.54,-32.34,141.4,-58.72,1.21
1800430272.8181276,0.01,0.48,-0.21,-52.55,-73.68,62.78,0.52
1800430272.9120653,-0.27,0.93,-0.62,37.93,50.52,-13.08,1.15
1800430273.006003,0.11,0.59,-0.22,35.76,-167.0,70.71,0.64
0.0,0.0,0.0,0.0,0.0,0.0,0.0,0.0
1800430275.0,0.45,-0.86,-0.09,-145.92,-166.79,-15.06,0.98
1800430275.093387,0.78,-0.89,-0.24,-185.68,-191.06,-57.85,1.21
1800430275.186774,0.64,-0.77,-0.25,-96.4,-212.19,34.58,1.03
1800430275.280161,0.44,-0.5,-0.3,-61.8,-183.39,-14.43,0.74
1800430275.3735478,0.51,-0.56,-0.39,-25.08,-107.46,0.82,0.85
1800430275.466935,0.62,-0.65,-0.38,28.4,-49.53,-61.77,0.98
1800430275.5603218,0.27,-0.5,-0.34,77.82,92.66,-42.12,0.66
1800430275.653709,0.33,-0.97,-0.21,94.51,-11.24,-153.34,1.05
1800430275.7470958,1.18,-1.08,0.18,41.62,-129.41,-63.59,1.61
1800430275.8404827,1.17,-0.96,0.41,-164.48,-329.6,95.47,1.57
1800430275.9338698,0.82,-0.73,-0.32,-48.34,-288.14,20.77,1.14
1800430276.0272567,0.02,-0.02,-0.27,-98.99,6.77,73.17,0.27
1800430276.1206436,0.55,0.09,-0.38,-136.06,275.87,94.12,0.68
1800430276.2140307,1.15,-1.8,-0.53,55.25,389.43,-163.99,2.21
1800430276.3074176,0.59,-0.8,-0.16,133.72,253.36,-16.91,1.0
1800430276.4008045,0.02,-0.33,0.19,61.71,204.98,-3.6,0.38
1800430276.4941916,0.14,-0.78,0.14,-59.9,-121.71,67.06,0.81
1800430276.5875785,1.89,-1.95,-0.55,-229.85,-520.0,170.74,2.77
1800430276.6809657,0.05,0.26,-0.46,-14.05,-198.14,427.29,0.53
1800430276.7743526,-0.11,0.18,-0.18,-47.75,-367.4,-76.43,0.28
1800430276.8677394,0.62,-0.48,-0.94,-90.09,110.19,-181.65,1.23
1800430276.9611266,1.63,-1.29,-0.45,87.75,241.79,-435.12,2.13
1800430277.0545135,0.49,-0.7,0.07,255.04,-62.64,-201.35,0.85
1800430277.1479003,-0.15,-0.38,-0.05,106.16,140.89,109.59,0.41
1800430277.2412875,0.05,-1.38,-0.03,-211.03,6.17,232.19,1.38
1800430277.3346744,0.63,-1.15,-0.58,-56.94,-342.16,307.97,1.43
1800430277.4280612,0.06,0.2,-0.2,-137.54,-137.99,92.68,0.28
1800430277.5214484,0.16,0.24,-0.2,-65.0,-81.29,-97.67,0.35
0.0,0.0,0.0,0.0,0.0,0.0,0.0,0.0
1800430280.0,-0.17,-0.89,0.38,-5.05,0.46,-5.58,0.98
1800430280.1096723,-0.21,-0.9,0.32,28.24,0.64,13.57,0.98
1800430280.2193446,-0.14,-0.82,0.39,-9.64,30.99,-12.15,0.92
1800430280.329017,-0.16,-0.94,0.38,-8.79,51.39,9.44,1.02
1800430280.4386895,-0.14,-1.0,0.5,-35.61,11.17,76.77,1.13
1800430280.5483618,0.0,-0.78,0.29,70.35,96.47,40.46,0.83
1800430280.658034,0.06,-0.75,0.36,-38.65,89.39,40.37,0.84
1800430280.7677064,-0.2,-0.86,0.58,-36.91,31.54,-0.29,1.06
1800430280.8773787,0.09,-0.87,0.2,-12.6,110.95,18.58,0.89
1800430280.987051,-0.09,-1.05,0.35,-2.82,-8.76,-27.25,1.11
1800430281.0967233,-0.09,-0.91,0.23,38.35,-4.33,51.16,0.94
1800430281.2063956,-0.26,-1.04,0.37,-15.06,-199.88,47.56,1.13
1800430281.3160682,-0.05,-0.66,0.12,115.7,36.58,-93.25,0.67
1800430281.4257405,-0.22,-0.96,0.41,10.43,-185.08,20.57,1.07
1800430281.5354128,-0.01,-0.77,0.21,51.32,-7.41,-16.14,0.8
1800430281.645085,-0.13,-0.93,0.31,-46.4,-33.76,-15.58,0.99
1800430281.7547574,-0.05,-0.99,0.36,-24.5,67.71,-5.55,1.06
1800430281.8644297,0.13,-1.04,0.45,-58.89,74.33,32.82,1.14
1800430281.974102,-0.04,-0.73,0.4,11.81,183.54,-50.63,0.83
1800430282.0837743,-0.19,-0.76,0.45,-102.12,2.57,103.41,0.9
1800430282.1934469,-0.18,-0.88,0.23,-12.58,85.78,-25.61,0.93
1800430282.3031192,-0.02,-0.92,0.11,-4.32,6.01,32.86,0.93
1800430282.4127915,-0.27,-1.08,0.36,2.99,-64.04,21.83,1.17
1800430282.5224638,-0.43,-1.14,0.36,11.58,-167.79,48.42,1.27
1800430282.632136,-0.14,-0.66,0.18,98.82,12.02,-104.37,0.7
1800430282.7418084,-0.15,-0.85,0.47,33.58,-126.31,-126.97,0.98
1800430282.8514807,-0.07,-0.73,0.28,60.08,1.2,-33.94,0.78
1800430282.961153,-0.09,-0.9,0.44,-8.98,-14.74,-13.19,1.0
1800430283.0708256,-0.07,-0.95,0.61,1.09,35.92,21.11,1.13
1800430283.180498,-0.03,-1.05,0.45,-49.57,-0.02,82.27,1.14
1800430283.2901702,0.02,-0.63,0.32,40.74,115.24,-15.57,0.71
1800430283.3998425,-0.14,-0.96,0.45,-46.31,-9.96,53.13,1.07
1800430283.5095148,-0.07,-0.68,0.33,29.8,23.01,2.88,0.76
1800430283.619187,0.02,-0.84,0.26,-4.38,-33.08,47.05,0.88
0.0,0.0,0.0,0.0,0.0,0.0,0.0,0.0
1800430285.0,-0.49,-1.57,-0.01,6.59,150.17,72.72,1.65
1800430285.1041234,-0.23,-1.17,-0.06,-60.5,205.98,153.05,1.19
1800430285.2082465,-0.24,-0.63,-0.07,25.07,259.02,53.18,0.68
1800430285.3123698,-0.29,-0.46,-0.27,49.95,129.61,46.26,0.6
1800430285.4164932,-0.09,-0.97,-0.45,-0.69,121.18,-91.21,1.08
1800430285.5206163,-0.23,-1.23,-0.45,-61.92,-119.63,-129.12,1.33
1800430285.6247396,-0.34,-1.08,-0.29,-13.85,-236.2,6.76,1.16
1800430285.728863,-0.08,-1.01,-0.05,-96.54,-205.17,80.49,1.02
1800430285.832986,0.03,-0.57,0.08,-1.8,-119.18,23.28,0.57
1800430285.9371095,-0.06,-0.79,-0.06,-32.23,38.53,-41.38,0.8
1800430286.0412328,-0.12,-1.57,-0.03,-103.23,156.6,-32.96,1.57
1800430286.145356,-0.13,-1.51,0.06,-33.71,192.47,53.75,1.51
1800430286.2494793,-0.17,-0.76,-0.04,112.59,180.2,86.4,0.78
1800430286.3536026,-0.08,-0.42,-0.21,65.31,196.31,35.86,0.48
1800430286.4577258,-0.24,-0.84,-0.37,-4.86,129.8,-84.57,0.95
1800430286.561849,-0.38,-1.11,-0.55,-53.83,-61.49,-101.4,1.29
1800430286.6659725,-0.43,-1.28,-0.28,-52.13,-256.51,-39.52,1.38
1800430286.7700956,-0.26,-0.81,-0.05,-37.02,-244.76,27.09,0.85
1800430286.874219,0.0,-0.52,0.12,-42.31,-146.5,42.78,0.53
1800430286.9783423,0.09,-1.09,0.15,-133.78,60.0,-73.1,1.1
1800430287.0824654,-0.15,-1.48,-0.02,-67.0,192.95,-21.56,1.49
1800430287.1865888,-0.36,-1.65,-0.0,14.78,168.16,174.51,1.69
1800430287.290712,-0.26,-0.78,-0.07,73.87,180.44,150.57,0.83
1800430287.3948352,-0.07,-0.13,-0.16,49.03,98.1,119.78,0.22
1800430287.4989586,0.05,-0.44,-0.25,-55.39,86.74,-8.24,0.51
0.0,0.0,0.0,0.0,0.0,0.0,0.0,0.0
1800430290.0,0.62,-1.86,0.97,-4.5,-47.01,-105.02,2.19
1800430290.0996044,-0.04,-1.12,0.1,61.77,35.12,116.0,1.13
1800430290.199209,-0.46,-0.45,-0.38,32.81,-129.25,108.1,0.75
1800430290.2988133,0.29,-0.57,-0.55,-11.57,-297.16,53.61,0.84
1800430290.3984177,0.66,-1.99,-0.15,26.54,-394.87,108.02,2.1
1800430290.4980223,0.22,-0.57,0.49,60.25,-319.49,-67.04,0.79
1800430290.5976267,0.12,-0.11,0.47,79.41,-108.07,-155.29,0.5
1800430290.6972313,0.49,-1.21,0.67,-109.8,245.33,-105.7,1.47
1800430290.7968357,0.76,-1.46,-0.21,-64.91,319.84,54.07,1.66
1800430290.89644,0.0,-0.51,-0.39,73.34,-4.08,90.21,0.64
1800430290.9960446,-0.25,-0.27,-0.56,16.93,-204.3,177.61,0.67
1800430291.095649,0.45,-1.9,-0.08,-110.96,-472.8,39.73,1.96
1800430291.1952534,0.41,-1.41,0.66,60.21,-320.59,108.98,1.61
1800430291.294858,0.08,0.36,0.85,50.94,-87.6,-55.39,0.93
1800430291.3944623,0.43,-0.61,0.52,2.67,222.09,63.39,0.92
1800430291.4940667,1.14,-1.82,0.35,5.85,428.65,-22.88,2.18
1800430291.5936713,0.01,-0.68,-0.52,268.43,122.79,71.19,0.86
1800430291.6932757,-0.41,-0.06,-0.54,-6.18,-27.62,64.12,0.68
1800430291.7928803,0.11,-1.15,-0.14,-52.67,-298.56,85.02,1.16
1800430291.8924847,0.63,-1.8,0.52,61.34,-322.67,108.35,1.98
1800430291.992089,0.01,-0.35,0.48,23.85,-225.07,1.7,0.59
0.0,0.0,0.0,0.0,0.0,0.0,0.0,0.0
1800430295.0,0.35,-0.81,0.23,132.19,-201.41,199.53,0.91
1800430295.1016428,0.32,-1.72,0.4,-136.88,-55.73,-3.68,1.79
1800430295.2032857,0.01,-1.51,0.15,170.06,103.19,-52.82,1.51
1800430295.3049285,-0.35,-0.49,-0.42,89.35,-54.13,56.59,0.73
1800430295.4065714,0.0,-0.65,-0.38,-14.36,-303.06,-133.77,0.75
1800430295.5082142,0.5,-2.16,-0.18,-32.09,-446.52,62.64,2.22
1800430295.609857,0.58,-1.19,0.43,-111.77,-261.61,-193.53,1.39
1800430295.7115,0.05,-0.03,0.62,-64.15,-184.97,128.5,0.62
1800430295.813143,0.51,-0.31,0.51,78.85,188.23,172.98,0.78
1800430295.9147859,1.44,-2.14,0.32,24.45,392.11,43.41,2.6
1800430296.0164287,0.17,-0.84,-0.5,-71.71,183.18,-52.95,0.99
1800430296.1180716,-0.57,-0.07,-0.39,43.94,24.18,-156.87,0.69
1800430296.2197144,0.36,-1.35,-0.2,28.81,-379.48,-71.21,1.41
1800430296.3213573,0.53,-2.11,0.5,50.84,-214.88,-271.35,2.23
1800430296.423,-0.04,0.29,0.63,-118.76,-138.11,-22.78,0.69
1800430296.524643,0.07,-0.22,0.27,26.8,154.06,-33.59,0.35
1800430296.6262858,1.28,-2.09,0.7,65.28,374.78,174.97,2.55
1800430296.7279286,0.23,-1.11,-0.23,-265.96,221.15,-29.59,1.16
1800430296.8295715,-0.44,-0.09,-0.53,-20.16,-7.61,-119.0,0.7
0.0,0.0,0.0,0.0,0.0,0.0,0.0,0.0
1800430300.0,-0.12,-1.08,0.06,14.31,-54.77,8.82,1.09
1800430300.1006205,-0.13,-1.01,-0.02,14.5,-27.09,11.44,1.02
1800430300.2012413,-0.18,-1.07,-0.05,0.12,13.99,12.75,1.09
1800430300.3018618,-0.09,-1.02,-0.07,-2.57,24.13,8.43,1.03
1800430300.4024825,-0.15,-1.02,-0.01,-1.42,42.1,-3.1,1.03
1800430300.503103,-0.17,-1.1,-0.01,-16.04,33.57,11.56,1.12
1800430300.6037238,-0.14,-1.05,-0.03,-19.22,28.76,12.99,1.06
1800430300.7043443,-0.13,-1.04,0.01,-14.87,42.92,-3.08,1.04
1800430300.8049648,-0.12,-1.01,-0.03,-6.98,43.71,12.6,1.02
1800430300.9055855,-0.2,-1.03,-0.1,5.16,87.73,-1.01,1.05
1800430301.006206,-0.1,-0.95,-0.13,-29.13,106.01,12.51,0.96
1800430301.1068268,-0.07,-1.09,0.0,-35.74,79.55,10.56,1.1
1800430301.2074473,-0.01,-1.01,0.2,-94.65,34.04,1.27,1.03
1800430301.3080678,-0.25,-1.17,0.07,-39.51,-6.05,-28.5,1.2
1800430301.4086885,-0.15,-0.91,0.14,-1.55,-43.96,18.58,0.93
1800430301.509309,-0.13,-1.23,0.19,-4.82,10.35,13.21,1.25
1800430301.6099298,-0.04,-1.01,0.16,10.51,52.07,-2.75,1.03
1800430301.7105503,-0.08,-1.03,0.09,6.31,50.28,12.59,1.04
1800430301.811171,-0.04,-1.0,0.11,-18.65,64.34,5.94,1.0
1800430301.9117916,-0.05,-0.96,0.16,-22.45,62.48,13.81,0.97
1800430302.012412,-0.05,-0.83,0.18,-45.96,55.73,-8.16,0.85
1800430302.1130328,-0.08,-0.74,0.26,-74.22,30.03,-23.81,0.79
1800430302.2136533,0.06,-0.44,0.36,-60.48,42.08,-93.2,0.58
1800430302.314274,0.07,-1.35,0.59,57.66,-58.5,107.02,1.47
1800430302.4148946,0.63,-2.12,0.1,129.79,-94.07,145.54,2.21
1800430302.5155153,-0.44,-0.41,-0.1,-109.49,82.13,-334.13,0.61
1800430302.6161358,-0.37,-1.21,-0.11,69.08,-34.17,150.17,1.27
1800430302.7167563,-0.16,-1.05,0.07,62.25,13.11,56.22,1.06
1800430302.817377,0.04,-0.91,0.01,-20.57,-10.73,-2.95,0.92
1800430302.9179976,-0.03,-1.11,0.04,-0.13,-14.45,7.13,1.11
0.0,0.0,0.0,0.0,0.0,0.0,0.0,0.0
1800430305.0,-0.06,0.94,-0.04,25.7,4.11,-16.8,0.94
1800430305.0987773,-0.07,0.89,0.03,22.2,1.76,2.02,0.89
1800430305.1975546,-0.03,0.9,-0.0,34.69,13.81,-15.37,0.9
1800430305.2963321,0.03,0.97,0.05,27.47,2.79,-28.78,0.97
1800430305.3951094,0.04,0.92,-0.04,18.7,-1.08,-37.25,0.92
1800430305.4938867,0.07,0.89,-0.07,17.25,3.0,-20.24,0.89
1800430305.592664,0.03,0.92,0.0,13.06,3.35,-9.85,0.92
1800430305.6914415,0.01,0.87,-0.07,37.68,8.39,-1.59,0.87
1800430305.7902188,0.07,0.89,-0.04,40.8,-15.27,0.86,0.9
1800430305.8889961,0.07,0.89,-0.03,17.5,-34.66,7.36,0.89
1800430305.9877734,0.13,0.92,-0.01,25.81,-40.17,4.93,0.93
1800430306.0865507,0.12,0.85,-0.0,16.22,-46.22,-2.05,0.86
1800430306.1853282,0.14,0.75,0.05,-9.26,-29.45,21.35,0.76
1800430306.2841055,0.26,0.87,0.06,-5.97,25.75,28.88,0.91
1800430306.3828828,0.19,0.86,-0.06,10.03,28.08,-3.1,0.88
1800430306.4816601,0.17,0.82,0.05,-11.81,23.19,17.19,0.84
1800430306.5804377,0.16,0.85,0.15,-23.68,-3.84,-10.2,0.88
1800430306.679215,0.17,0.78,0.12,-26.6,-40.21,-45.92,0.81
1800430306.7779922,0.22,0.78,0.1,-50.44,-32.33,-72.83,0.81
1800430306.8767695,0.21,0.97,0.02,-63.53,-22.34,-15.61,0.99
1800430306.975547,-0.26,1.4,-0.12,-48.27,-58.27,-43.95,1.43
1800430307.0743244,0.23,0.94,-0.0,-12.13,1.3,36.99,0.97
1800430307.1731017,-0.29,0.66,-0.14,-90.42,34.1,-65.1,0.73
1800430307.271879,-0.13,0.92,-0.16,-16.24,68.43,-4.34,0.94
1800430307.3706563,-0.26,0.98,0.07,-17.31,-6.39,-0.64,1.01
1800430307.4694338,-0.22,0.82,-0.11,-18.78,-16.88,-5.45,0.85
1800430307.568211,-0.18,0.93,-0.1,12.54,-17.76,-8.27,0.95
0.0,0.0,0.0,0.0,0.0,0.0,0.0,0.0
1800430310.0,0.03,-0.95,-0.03,-3.28,15.46,12.21,0.95
1800430310.1009877,-0.06,-0.9,-0.09,-0.36,-1.73,28.47,0.91
1800430310.2019756,-0.05,-0.96,-0.09,-7.91,-5.42,38.2,0.96
1800430310.3029633,-0.03,-0.93,-0.13,-7.42,-2.91,12.25,0.94
1800430310.4039512,-0.05,-0.98,-0.1,2.04,-4.16,-0.88,0.99
1800430310.5049388,-0.02,-0.99,-0.07,11.43,7.83,0.3,0.99
1800430310.6059265,0.01,-0.93,-0.03,-0.33,20.0,-8.74,0.93
1800430310.7069144,0.08,-0.93,-0.07,28.35,20.39,-3.62,0.93
1800430310.807902,0.05,-0.92,-0.06,15.31,19.46,-8.65,0.93
1800430310.90889,0.09,-0.91,-0.11,15.79,19.7,-4.08,0.92
1800430311.0098777,0.15,-0.83,-0.04,-20.2,27.21,-31.01,0.84
1800430311.1108654,0.04,-0.89,-0.08,-18.66,-17.95,-16.33,0.89
1800430311.2118533,0.06,-1.03,-0.07,0.32,-13.72,2.35,1.04
1800430311.312841,0.1,-0.92,-0.06,-4.69,-8.72,-6.53,0.93
1800430311.4138286,-0.02,-0.8,-0.09,1.18,-19.84,-22.7,0.8
1800430311.5148165,-0.02,-0.8,-0.03,10.55,-11.94,-3.54,0.8
1800430311.6158042,0.2,-0.94,-0.21,-29.38,-23.81,0.89,0.98
1800430311.716792,-0.11,-0.77,-0.07,20.57,49.48,-30.06,0.78
1800430311.8177798,-0.13,-0.91,-0.04,1.61,7.15,-30.7,0.92
1800430311.9187675,-0.01,-1.03,-0.04,-47.79,18.28,-30.11,1.03
1800430312.0197554,-0.24,-1.71,-0.12,-40.18,-178.87,94.45,1.73
1800430312.120743,-0.04,-0.74,0.19,143.62,83.66,-43.8,0.76
1800430312.221731,-0.02,-1.05,0.32,-26.9,9.49,-75.35,1.1
1800430312.3227186,0.08,-0.88,0.19,32.76,42.43,-76.5,0.9
1800430312.4237063,-0.07,-0.86,0.22,-56.77,-0.64,-8.11,0.89
1800430312.5246942,0.07,-1.03,0.18,-4.79,-5.55,59.26,1.05
1800430312.6256819,-0.02,-0.97,0.21,-27.94,-8.43,-19.55,0.99
1800430312.7266698,-0.11,-0.95,0.16,-15.55,20.81,-23.91,0.96
0.0,0.0,0.0,0.0,0.0,0.0,0.0,0.0
1800430315.0,-0.03,-0.82,0.37,-33.31,14.3,27.29,0.9
1800430315.1034164,0.06,-0.86,0.32,-23.77,71.68,-5.35,0.92
1800430315.2068331,0.01,-0.98,0.38,-44.41,67.99,42.68,1.05
1800430315.3102496,-0.01,-0.91,0.22,-20.62,54.93,3.11,0.93
1800430315.413666,-0.03,-0.98,0.28,-13.19,28.83,5.01,1.02
1800430315.5170827,0.02,-0.97,0.47,14.67,-20.1,-59.08,1.08
1800430315.6204991,-0.21,-0.96,0.45,15.6,-36.59,23.75,1.08
1800430315.7239156,0.04,-0.7,0.18,9.83,17.55,-78.42,0.72
1800430315.8273323,-0.27,-0.96,0.44,-25.93,-28.3,32.58,1.09
1800430315.9307487,0.04,-0.82,0.1,32.22,18.79,31.52,0.82
1800430316.0341651,-0.12,-0.97,0.25,-6.57,8.35,-12.94,1.01
1800430316.1375818,-0.09,-0.91,0.24,21.84,24.1,-35.37,0.95
1800430316.2409983,-0.09,-1.08,0.35,-0.74,59.39,3.18,1.14
1800430316.3444147,0.06,-0.7,0.47,0.6,62.65,19.64,0.84
1800430316.4478314,-0.01,-0.79,0.25,7.17,94.57,-35.78,0.83
1800430316.5512478,0.12,-0.92,0.56,-114.07,101.4,99.55,1.08
1800430316.6546643,0.12,-0.71,0.38,9.32,119.45,14.85,0.81
1800430316.758081,0.17,-0.83,0.42,-50.06,96.0,22.41,0.94
1800430316.8614974,0.0,-0.92,0.54,-49.8,60.75,-32.59,1.07
1800430316.9649138,-0.01,-0.97,0.41,-34.09,28.73,-64.46,1.05
1800430317.0683305,-0.24,-0.82,0.52,-32.4,31.97,-14.52,1.0
1800430317.171747,0.12,-0.67,0.26,-33.81,44.01,-83.09,0.73
1800430317.2751634,-0.25,-1.02,0.53,-44.91,32.34,11.95,1.18
1800430317.37858,-0.0,-0.75,0.32,-42.98,125.19,30.12,0.81
1800430317.4819965,-0.04,-0.79,0.34,-52.28,51.82,-0.05,0.86
1800430317.585413,-0.01,-0.86,0.42,-49.03,68.98,12.72,0.96
1800430317.6888297,0.05,-0.89,0.37,-45.86,110.07,35.39,0.96
1800430317.792246,0.0,-0.81,0.51,-66.88,152.94,61.28,0.96
1800430317.8956625,0.04,-0.85,0.56,-75.24,115.16,50.71,1.02
1800430317.9990792,-0.04,-0.89,0.52,-55.22,119.71,2.74,1.03
1800430318.1024957,0.06,-0.88,0.51,-54.71,102.03,-61.71,1.02
1800430318.205912,-0.22,-0.9,0.69,-91.34,39.64,-25.23,1.16
1800430318.3093288,-0.03,-0.71,0.29,-61.75,70.47,-107.32,0.77
1800430318.4127452,-0.18,-0.82,0.4,-114.63,71.03,-52.31,0.93
1800430318.516162,-0.23,-0.86,0.29,-40.87,65.64,-47.89,0.93
1800430318.6195784,-0.34,-0.81,0.26,-74.34,77.96,2.54,0.92
1800430318.7229948,-0.36,-0.85,0.18,-51.56,70.41,-37.57,0.94
1800430318.8264115,-0.33,-0.85,0.28,-12.79,110.01,31.87,0.96
1800430318.929828,-0.27,-0.9,0.35,-23.93,101.68,-49.04,1.0
1800430319.0332444,-0.32,-0.87,0.26,-53.68,70.71,-50.37,0.96
1800430319.136661,-0.19,-0.79,0.3,-53.06,73.44,18.51,0.87
1800430319.2400775,0.03,-0.74,0.48,11.86,92.77,27.64,0.89
1800430319.343494,0.03,-0.85,0.69,1.97,104.78,53.08,1.09
1800430319.4469106,-0.2,-0.68,0.44,-24.21,75.01,-54.82,0.83
1800430319.550327,-0.2,-0.54,0.19,-74.02,59.89,-40.64,0.6
1800430319.6537435,-0.31,-0.84,0.52,-28.96,32.63,-1.95,1.04
1800430319.7571602,-0.13,-0.84,0.59,-28.96,65.62,-26.94,1.04
1800430319.8605766,-0.44,-0.83,0.36,-38.02,20.24,-84.09,1.0
1800430319.963993,-0.48,-0.88,0.6,-11.44,68.67,11.89,1.17
1800430320.0674098,-0.36,-0.92,0.37,-2.62,15.23,-76.22,1.06
1800430320.1708262,0.02,-1.34,0.05,39.95,-44.92,-44.6,1.34
1800430320.2742426,-0.08,-0.77,0.25,33.13,32.78,135.61,0.81
1800430320.3776593,-0.1,-0.95,0.19,79.0,-39.75,-131.02,0.97
1800430320.4810758,-0.03,-0.88,0.41,73.65,-15.77,56.36,0.97
1800430320.5844922,0.03,-0.81,0.28,32.92,0.99,-52.88,0.86
1800430320.687909,-0.12,-0.9,0.2,-49.44,30.54,53.15,0.93
1800430320.7913253,-0.13,-0.91,0.26,-50.21,34.79,-3.27,0.96
1800430320.8947418,-0.23,-1.0,0.39,-22.05,-4.5,-0.44,1.1
1800430320.9981585,-0.58,-1.02,0.5,-46.79,2.16,40.94,1.27
1800430321.101575,-0.65,-0.89,0.66,-43.51,77.32,79.0,1.28
1800430321.2049913,-0.38,-0.81,0.4,19.61,91.0,11.52,0.98
1800430321.308408,-0.56,-0.81,0.55,1.71,31.71,27.48,1.13
1800430321.4118245,-0.33,-0.83,0.44,81.37,7.06,-21.31,0.99
1800430321.515241,-0.21,-0.66,0.38,66.32,-8.38,-17.63,0.79
1800430321.6186576,-0.1,-0.55,0.27,88.21,18.42,-30.04,0.62
1800430321.722074,-0.12,-0.86,0.33,43.2,-43.0,-48.67,0.93
1800430321.8254905,-0.06,-0.82,0.37,35.51,-35.0,-28.78,0.9
1800430321.9289072,0.06,-0.84,0.4,86.23,-22.39,-35.95,0.93
1800430322.0323236,-0.05,-0.69,0.3,31.65,51.08,1.35,0.75
1800430322.13574,-0.16,-0.95,0.16,-40.24,-3.59,-35.61,0.98
1800430322.2391567,-0.28,-0.93,0.16,-4.14,32.75,28.45,0.98
1800430322.3425732,-0.16,-0.98,0.03,3.72,-32.31,-12.55,0.99
1800430322.4459896,-0.1,-0.9,0.09,-2.91,-17.51,-8.04,0.91
1800430322.5494063,-0.1,-0.95,0.18,29.42,7.74,21.42,0.97
1800430322.6528227,0.02,-0.92,0.22,50.2,63.93,31.97,0.95
1800430322.7562392,-0.18,-1.0,0.3,-12.5,51.33,-3.45,1.06
1800430322.8596559,-0.17,-0.99,0.37,-23.41,27.95,10.41,1.07
1800430322.9630723,-0.07,-0.72,0.18,5.42,45.73,-80.88,0.75
1800430323.0664887,-0.12,-1.03,0.3,-27.72,-48.86,23.08,1.08
1800430323.1699054,-0.24,-0.8,0.21,-10.98,-3.43,21.37,0.86
1800430323.2733219,-0.03,-0.91,0.25,32.15,-33.63,12.24,0.95
1800430323.3767383,-0.08,-0.92,0.31,30.46,-45.65,11.54,0.98
1800430323.480155,-0.11,-0.94,0.4,31.85,-32.41,-17.76,1.03
1800430323.5835714,-0.0,-1.13,0.33,40.85,-32.43,-66.99,1.18
1800430323.6869879,-0.32,-0.64,0.29,39.77,15.29,-84.46,0.77
0.0,0.0,0.0,0.0,0.0,0.0,0.0,0.0
1800430320.0,-0.03,-0.92,-0.23,4.86,-23.04,-6.77,0.95
1800430320.1013107,-0.03,-0.93,-0.26,-20.24,-45.0,14.1,0.97
1800430320.2026217,0.02,-0.92,-0.29,1.78,-55.66,4.84,0.96
1800430320.3039324,-0.01,-0.94,-0.2,51.28,-48.69,8.29,0.97
1800430320.4052434,-0.06,-1.03,-0.42,20.66,29.06,-14.27,1.12
1800430320.5065541,0.07,-0.66,-0.26,-24.66,-67.77,-11.01,0.71
1800430320.607865,0.2,-0.97,-0.43,-72.21,-32.23,48.08,1.09
1800430320.7091758,0.11,-0.66,-0.32,24.98,-73.91,-5.58,0.74
1800430320.8104868,0.08,-0.89,-0.23,-11.77,-15.61,47.42,0.92
1800430320.9117975,0.05,-1.03,-0.4,16.71,-22.19,28.98,1.11
1800430321.0131085,0.04,-0.98,-0.26,46.48,9.97,20.14,1.01
1800430321.1144192,-0.0,-0.92,-0.29,5.17,25.68,-4.38,0.97
1800430321.2157302,-0.34,-1.01,-0.56,54.93,105.08,19.0,1.2
1800430321.317041,-0.18,-0.68,-0.17,12.67,39.45,-14.53,0.72
1800430321.4183517,-0.25,-0.77,-0.5,-82.53,57.4,-9.0,0.95
1800430321.5196626,0.02,-0.79,-0.14,-30.74,31.7,10.62,0.8
1800430321.6209733,-0.23,-0.95,-0.38,-10.9,-1.95,-12.5,1.04
1800430321.7222843,-0.22,-1.04,-0.43,28.49,-9.64,-18.01,1.14
1800430321.823595,-0.23,-1.08,-0.51,24.56,78.11,7.29,1.22
1800430321.924906,-0.08,-0.47,-0.29,-32.44,-15.84,-74.73,0.56
1800430322.0262167,-0.16,-0.92,-0.35,53.34,130.92,-10.02,1.0
1800430322.1275277,-0.12,-0.6,-0.37,-54.12,73.83,-63.17,0.72
1800430322.2288384,-0.02,-0.86,-0.23,-59.66,169.46,-39.64,0.89
1800430322.3301494,-0.08,-0.82,-0.54,-64.26,175.59,-78.18,0.98
1800430322.4314601,-0.15,-0.86,-0.47,-9.12,195.34,-85.59,0.99
1800430322.532771,-0.35,-1.06,-0.59,-25.26,310.7,-54.99,1.26
1800430322.6340818,-0.2,-0.47,-0.29,-114.31,82.26,-141.52,0.59
1800430322.7353926,-0.27,-0.76,-0.43,38.5,277.46,-55.87,0.91
1800430322.8367035,-0.38,-0.95,-0.34,-43.92,143.92,-106.8,1.08
1800430322.9380143,-0.25,-0.8,-0.35,-54.32,173.57,-51.21,0.9
1800430323.0393252,-0.21,-0.91,-0.39,-56.25,103.81,-82.77,1.01
1800430323.140636,-0.22,-0.78,-0.39,-29.51,69.54,-88.39,0.9
1800430323.241947,-0.09,-0.85,-0.38,-5.86,57.9,-61.3,0.94
1800430323.3432577,-0.2,-0.82,-0.58,9.26,102.21,-84.09,1.03
1800430323.4445686,-0.0,-0.73,-0.43,20.94,96.2,-69.76,0.85
1800430323.5458794,-0.21,-0.97,-0.76,-47.88,130.44,-68.2,1.25
1800430323.6471903,-0.0,-0.67,-0.44,11.28,80.45,-31.59,0.8
1800430323.748501,0.02,-0.87,-0.41,-8.33,69.28,-25.58,0.96
0.0,0.0,0.0,0.0,0.0,0.0,0.0,0.0
1800430325.0,0.57,0.9,0.09,-177.09,-189.87,52.35,1.07
1800430325.101985,0.5,0.85,0.11,-170.13,-168.53,57.39,0.99
1800430325.2039702,0.57,0.72,0.14,-160.61,-154.69,27.06,0.92
1800430325.3059552,1.18,0.87,0.45,-128.01,-128.67,15.77,1.53
1800430325.4079401,1.22,0.49,0.41,-51.85,-23.34,64.17,1.37
1800430325.5099251,0.56,0.48,0.23,24.63,-37.53,21.19,0.78
1800430325.6119103,0.36,0.41,0.25,17.66,-31.85,20.18,0.6
1800430325.7138953,0.59,0.68,0.32,22.97,-37.06,25.76,0.96
1800430325.8158803,0.77,1.16,0.29,-19.19,-29.07,23.83,1.42
1800430325.9178655,0.8,1.36,0.19,-71.96,-79.23,101.19,1.59
1800430326.0198505,0.95,0.74,0.03,-124.4,-115.28,12.42,1.21
1800430326.1218355,0.43,0.45,0.16,-91.2,-114.06,73.6,0.64
1800430326.2238204,0.24,0.52,0.24,-103.94,-52.52,15.25,0.62
1800430326.3258057,0.47,0.78,0.42,-11.23,-50.92,5.35,1.0
1800430326.4277906,0.93,0.98,0.58,-6.29,13.39,-85.74,1.47
1800430326.5297756,1.31,0.94,0.21,58.87,76.96,5.65,1.62
1800430326.6317608,0.69,0.62,0.18,5.02,38.03,3.06,0.94
1800430326.7337458,0.26,0.4,0.15,86.77,78.84,45.52,0.5
1800430326.8357308,0.24,0.6,0.26,2.75,70.13,-13.61,0.69
1800430326.9377158,0.54,1.09,0.42,30.48,-34.38,-4.8,1.29
1800430327.039701,0.86,1.08,0.23,-42.65,-109.42,42.88,1.4
1800430327.141686,1.06,1.04,0.2,-81.17,-122.62,-24.77,1.5
1800430327.243671,0.52,0.68,0.19,-34.04,-101.97,26.9,0.87
1800430327.3456562,0.33,0.35,0.22,-76.7,-22.78,73.34,0.53
1800430327.4476411,0.31,0.43,0.26,28.45,-19.21,44.36,0.59
1800430327.549626,0.79,1.49,0.21,-3.69,-77.98,39.65,1.7
1800430327.651611,0.62,0.86,0.1,2.11,-25.6,-47.25,1.06
1800430327.7535963,0.33,0.56,0.15,-15.57,-8.43,-38.08,0.67
1800430327.8555813,0.31,0.68,0.21,37.55,3.76,-36.65,0.77
1800430327.9575663,0.34,0.81,0.29,2.18,8.19,-50.18,0.92
1800430328.0595515,0.59,0.96,0.46,62.61,-52.26,-146.65,1.21
1800430328.1615365,1.34,1.24,0.08,33.0,10.35,-147.69,1.83
1800430328.2635214,1.23,0.67,0.16,9.62,16.33,-4.38,1.41
1800430328.3655064,0.31,0.44,0.13,52.78,78.33,76.37,0.56
1800430328.4674916,0.15,0.49,0.27,-25.32,30.93,2.63,0.58
1800430328.5694766,0.55,0.7,0.32,82.66,-49.6,24.57,0.95
1800430328.6714616,1.02,1.16,0.19,-22.22,-94.43,-1.73,1.56
1800430328.7734468,1.34,1.02,-0.21,15.21,-87.49,36.2,1.7
1800430328.8754318,0.69,0.64,0.06,-30.42,-30.86,-52.21,0.94
1800430328.9774168,0.25,0.19,0.14,-113.89,12.52,62.47,0.34
1800430329.0794017,0.31,0.81,0.19,35.99,-13.03,-1.83,0.89
1800430329.181387,0.72,1.1,0.32,-78.83,-6.36,-72.69,1.35
1800430329.283372,1.43,1.08,0.26,-95.6,68.11,-22.98,1.81
1800430329.385357,1.28,0.5,0.19,104.64,32.45,-9.65,1.39
1800430329.4873421,0.4,0.36,0.11,45.66,59.01,106.3,0.54
1800430329.589327,0.19,0.54,0.23,70.26,6.69,61.56,0.61
1800430329.691312,0.35,0.76,0.37,-10.76,-41.57,38.11,0.92
1800430329.793297,0.49,1.1,0.35,-45.05,-48.47,-4.0,1.26
1800430329.8952823,1.16,1.11,0.28,41.0,-46.66,-48.57,1.63
1800430329.9972672,0.88,0.84,0.19,-16.34,52.4,43.09,1.23
1800430330.0992522,0.36,0.53,0.14,60.43,50.95,-15.65,0.65
1800430330.2012374,0.29,0.59,0.3,47.37,20.85,6.31,0.72
1800430330.3032224,0.58,1.06,0.36,31.32,0.6,-7.97,1.26
1800430330.4052074,0.47,1.09,0.34,18.07,4.12,-9.77,1.23
1800430330.5071924,0.75,1.21,0.06,-74.32,-30.37,39.02,1.43
1800430330.6091776,0.73,1.0,-0.07,-81.29,-52.53,-1.15,1.24
1800430330.7111626,0.26,0.41,0.11,-69.78,-111.81,-25.4,0.5
1800430330.8131475,0.36,0.56,0.19,-76.53,-106.95,-4.87,0.69
1800430330.9151328,0.62,0.9,0.33,-61.84,-95.12,-18.59,1.14
1800430331.0171177,0.93,0.78,0.51,54.66,-54.83,-68.65,1.32
1800430331.1191027,1.41,0.63,0.19,11.61,82.0,-77.86,1.56
1800430331.2210877,0.68,0.51,0.07,117.45,157.82,-52.82,0.85
1800430331.323073,0.46,0.39,0.06,164.78,123.77,-6.6,0.6
1800430331.425058,0.35,0.75,0.23,155.86,45.88,-33.93,0.86
1800430331.5270429,0.71,1.14,0.24,12.61,-4.42,25.14,1.37
1800430331.629028,0.84,1.24,0.18,-114.44,-14.2,77.45,1.51
1800430331.731013,0.85,0.97,0.03,-87.87,-73.22,67.57,1.29
1800430331.832998,0.39,0.44,0.12,-72.05,-52.19,57.99,0.6
1800430331.934983,0.37,0.34,0.28,-39.38,-61.08,2.05,0.58
1800430332.0369682,0.57,0.85,0.39,-31.63,-76.56,7.9,1.1
1800430332.1389532,0.65,0.95,0.46,72.39,-24.77,5.85,1.24
1800430332.2409382,0.65,1.46,0.42,-97.2,-104.04,44.98,1.65
1800430332.3429234,0.8,0.93,0.16,41.83,-6.7,-40.87,1.23
1800430332.4449084,0.27,0.67,0.18,32.6,-11.14,35.49,0.75
1800430332.5468934,0.32,0.66,0.2,-54.71,-23.16,-51.34,0.76
1800430332.6488783,0.4,1.02,0.22,26.19,-23.96,-33.24,1.12
1800430332.7508636,0.32,1.06,0.41,-3.9,8.58,-31.06,1.18
1800430332.8528485,0.73,0.99,0.43,-84.36,31.02,-49.68,1.3
1800430332.9548335,1.18,0.83,0.16,-45.16,-40.46,-125.21,1.45
1800430333.0568187,0.73,0.62,0.22,58.45,15.11,40.32,0.98
1800430333.1588037,0.26,0.59,0.18,26.3,-25.61,71.79,0.67
1800430333.2607887,0.32,0.74,0.26,-71.49,-95.75,45.23,0.85
1800430333.3627737,0.49,0.76,0.45,-64.75,-88.89,18.89,1.0
1800430333.4647589,0.5,0.92,0.57,-51.58,-18.68,23.55,1.19
1800430333.5667439,0.6,1.05,0.18,-218.97,92.14,157.69,1.22
1800430333.6687288,1.11,1.51,-0.03,52.15,-133.04,-40.32,1.87
1800430333.770714,0.29,0.35,0.21,-40.5,-105.96,141.09,0.5
1800430333.872699,0.16,0.51,0.19,-87.51,-118.64,51.9,0.56
1800430333.974684,0.31,0.93,0.37,-72.71,-71.32,18.73,1.04
1800430334.076669,0.73,1.36,0.51,-83.29,-43.22,-46.33,1.63
1800430334.1786542,1.12,0.92,0.15,-28.08,-98.48,-5.26,1.46
1800430334.2806392,0.74,0.79,0.08,-44.67,-87.55,107.5,1.08
1800430334.3826241,0.22,0.59,0.09,-56.37,-104.55,113.18,0.63
1800430334.4846094,0.54,0.71,0.24,-127.53,-224.83,78.41,0.93
1800430334.5865943,0.52,0.55,0.36,-104.35,-164.7,45.5,0.83
1800430334.6885793,0.87,1.23,0.2,-99.91,-146.03,19.31,1.52
1800430334.7905643,1.52,1.0,0.43,-66.75,-200.51,-87.57,1.87
1800430334.8925495,1.01,0.48,0.12,34.07,-50.98,21.96,1.12
1800430334.9945345,0.45,0.5,0.11,76.1,-11.54,-6.55,0.68
1800430335.0965195,0.45,0.76,0.2,89.91,27.37,27.01,0.91
1800430335.1985047,0.44,0.8,0.19,8.05,6.1,51.46,0.94
1800430335.3004897,0.51,1.15,0.1,73.31,-110.79,51.65,1.26
1800430335.4024746,1.42,0.95,-0.04,8.83,-35.58,-79.39,1.71
1800430335.5044596,1.31,0.79,-0.14,-43.39,70.79,-55.99,1.53
1800430335.6064448,0.34,0.36,0.04,33.87,96.11,-31.56,0.5
1800430335.7084298,0.16,0.47,0.05,5.6,83.26,41.45,0.5
1800430335.8104148,0.36,0.69,0.17,-1.3,18.04,52.01,0.8
1800430335.9124,0.98,1.18,0.23,-46.01,-43.48,1.27,1.55
1800430336.014385,1.39,0.88,0.26,98.8,33.35,-106.33,1.66
1800430336.11637,0.9,0.38,0.11,78.7,88.27,-42.94,0.98
1800430336.218355,0.21,0.43,0.06,103.11,152.59,88.1,0.48
1800430336.3203402,0.37,0.58,0.25,53.63,70.36,-2.41,0.73
1800430336.4223251,0.67,1.1,0.37,120.78,55.83,-33.91,1.34
1800430336.52431,1.04,1.38,-0.18,-7.81,-6.87,6.86,1.73
1800430336.6262953,1.18,0.75,-0.07,-80.7,-137.44,50.7,1.4
1800430336.7282803,0.18,0.43,0.1,-50.9,-50.8,131.66,0.48
0.0,0.0,0.0,0.0,0.0,0.0,0.0,0.0
1800430330.0,-0.15,0.97,0.01,4.21,-5.94,2.83,0.98
1800430330.114211,-0.06,0.97,0.03,-2.6,-4.29,-2.38,0.98
1800430330.2284222,-0.06,1.14,0.05,7.05,16.71,-27.65,1.14
1800430330.3426332,-0.0,1.06,0.13,44.79,41.86,-11.52,1.07
1800430330.4568443,0.08,1.04,0.05,10.01,31.7,-45.47,1.05
1800430330.5710554,0.01,0.75,0.06,-35.75,54.75,43.86,0.75
1800430330.6852665,-0.01,0.72,0.11,-12.01,-6.88,8.91,0.73
1800430330.7994776,-0.04,0.87,0.09,-33.14,-51.88,-19.73,0.88
1800430330.9136887,-0.05,1.08,0.11,-43.61,-95.74,-64.65,1.09
1800430331.0278997,-0.16,1.31,0.1,-48.83,-73.84,110.8,1.33
1800430331.1421108,0.07,1.69,0.06,12.36,-39.13,92.65,1.69
1800430331.256322,0.25,0.48,0.0,27.84,-21.03,48.56,0.54
1800430331.370533,-0.02,0.47,0.02,-17.21,-28.55,-32.36,0.47
1800430331.484744,0.04,0.45,-0.04,-3.85,-37.66,-154.75,0.46
1800430331.5989552,0.12,1.42,-0.02,8.0,-7.19,-90.99,1.43
1800430331.7131662,-0.28,1.67,-0.01,29.45,74.72,69.26,1.69
1800430331.8273773,0.04,1.31,0.19,69.77,84.66,64.06,1.33
1800430331.9415884,0.23,0.64,0.07,-24.68,88.16,15.98,0.68
1800430332.0557997,0.02,0.48,0.03,-27.43,44.09,11.45,0.48
1800430332.1700108,0.11,0.76,0.1,-2.19,-58.14,-97.76,0.78
1800430332.284222,-0.08,1.16,0.17,24.73,-49.63,-24.77,1.17
1800430332.398433,-0.18,1.3,0.26,22.82,-50.45,56.47,1.34
1800430332.512644,-0.0,1.4,0.07,-64.44,2.98,35.96,1.4
1800430332.6268551,0.25,0.71,0.05,-12.85,13.74,32.78,0.76
0.0,0.0,0.0,0.0,0.0,0.0,0.0,0.0
1800430335.0,-0.25,0.72,-0.64,62.65,199.58,-106.11,0.99
1800430335.10654,-0.44,0.71,-0.7,-29.28,156.48,-98.84,1.09
1800430335.2130802,-0.33,0.75,-0.41,38.56,120.19,-84.29,0.92
1800430335.3196201,-0.43,0.78,-0.56,34.99,116.49,-101.96,1.06
1800430335.4261603,-0.37,0.68,-0.38,66.94,95.25,-125.88,0.86
1800430335.5327003,-0.41,0.82,-0.42,44.97,86.89,-84.59,1.01
1800430335.6392405,-0.38,0.87,-0.49,40.7,50.45,-133.67,1.07
1800430335.7457805,-0.28,0.97,-0.81,13.55,79.86,-117.84,1.29
1800430335.8523207,-0.03,0.66,-0.68,-47.78,52.69,-90.0,0.95
1800430335.9588606,-0.19,0.78,-0.69,-29.18,109.52,-110.05,1.06
1800430336.0654008,0.01,0.67,-0.43,18.85,14.83,-79.16,0.79
1800430336.1719408,0.02,0.91,-0.61,46.1,66.67,-50.7,1.09
1800430336.278481,0.07,0.89,-0.47,-2.34,-4.81,-30.09,1.01
1800430336.385021,0.03,0.92,-0.38,-34.56,-13.18,7.58,1.0
1800430336.4915612,-0.01,0.93,-0.39,-34.81,1.25,8.5,1.01
1800430336.5981011,-0.08,0.92,-0.51,-31.05,14.38,-0.03,1.05
1800430336.7046413,-0.31,0.75,-0.53,-9.04,-48.89,-83.31,0.97
1800430336.8111813,-0.05,0.71,-0.2,-57.36,22.52,0.57,0.74
1800430336.9177215,-0.29,0.92,-0.58,19.24,-9.87,-35.64,1.13
1800430337.0242615,-0.03,0.8,-0.24,5.42,-19.96,6.3,0.83
1800430337.1308017,-0.2,0.95,-0.38,62.19,-62.12,17.84,1.04
1800430337.2373416,-0.09,0.96,-0.55,18.91,-108.77,1.37,1.11
1800430337.3438818,-0.02,1.16,-0.69,-49.09,-83.03,34.03,1.36
1800430337.4504218,-0.05,0.7,-0.57,-6.18,-168.82,-44.29,0.9
1800430337.556962,0.21,0.64,-0.43,-31.77,-123.53,99.34,0.8
1800430337.663502,-0.09,0.94,-0.77,-21.88,-78.7,51.35,1.22
1800430337.7700422,0.12,0.77,-0.18,-50.7,-111.72,66.6,0.8
1800430337.8765821,-0.01,1.04,-0.44,-11.87,-46.63,72.44,1.12
1800430337.983122,-0.16,0.97,-0.33,-96.37,-27.67,14.3,1.04
1800430338.0896623,-0.04,0.94,-0.17,-36.74,27.23,31.0,0.96
1800430338.1962023,-0.19,0.75,-0.34,37.16,-52.86,-61.89,0.84
1800430338.3027425,-0.12,1.09,-0.3,26.6,29.39,24.11,1.14
1800430338.4092824,-0.05,0.69,-0.29,77.1,-74.82,-37.79,0.75
1800430338.5158226,-0.04,0.88,-0.39,-17.07,-20.19,28.82,0.96
1800430338.6223626,-0.16,0.99,-0.43,3.26,-76.17,-12.17,1.09
1800430338.7289028,0.01,0.98,-0.43,-15.13,-101.66,43.55,1.07
1800430338.8354428,-0.13,0.84,-0.63,27.75,-132.36,-37.81,1.06
0.0,0.0,0.0,0.0,0.0,0.0,0.0,0.0
1800430340.0,0.34,-0.82,-0.06,-1.97,51.58,-63.91,0.89
1800430340.1103897,0.32,-0.78,-0.08,1.02,21.06,-38.91,0.85
1800430340.2207794,0.3,-0.76,-0.08,-25.6,18.14,-28.99,0.82
1800430340.3311691,0.34,-0.86,-0.17,14.73,-6.41,8.74,0.94
1800430340.4415588,0.4,-0.85,-0.18,0.29,-47.68,15.67,0.95
1800430340.5519485,0.39,-0.82,-0.11,34.39,-39.27,38.76,0.92
1800430340.6623383,0.31,-0.81,-0.12,-16.18,-83.07,0.39,0.88
1800430340.772728,0.33,-0.87,-0.06,21.64,-56.14,27.14,0.93
1800430340.8831177,0.4,-0.87,-0.1,1.15,-59.13,-2.17,0.97
1800430340.9935074,0.34,-0.92,-0.09,-33.44,-46.92,20.48,0.99
1800430341.103897,0.37,-0.78,0.06,-48.21,-20.33,33.57,0.87
1800430341.2142868,0.24,-0.77,-0.08,-32.83,-65.1,43.91,0.81
1800430341.3246765,0.33,-0.83,-0.01,-18.5,-55.64,48.22,0.89
1800430341.4350662,0.31,-0.85,0.08,-22.42,-82.69,21.38,0.91
1800430341.545456,0.31,-0.89,0.07,-6.36,-120.05,24.01,0.94
1800430341.6558456,0.37,-0.84,0.17,42.39,-154.02,61.28,0.93
1800430341.7662354,0.27,-0.82,0.09,-25.72,-166.78,66.78,0.86
1800430341.876625,0.25,-0.85,0.19,-21.08,-183.58,53.62,0.9
1800430341.9870148,0.34,-0.86,0.19,-1.52,-205.47,52.87,0.94
1800430342.0974045,0.26,-0.9,0.25,-57.27,-168.1,61.32,0.97
1800430342.2077942,0.3,-0.84,0.27,-38.65,-187.92,32.74,0.93
1800430342.318184,0.29,-0.83,-0.03,-31.69,-141.99,23.09,0.88
1800430342.4285736,0.39,-0.83,-0.06,35.54,-179.24,-12.06,0.92
1800430342.5389633,0.44,-0.83,-0.11,-26.37,-173.23,45.85,0.95
1800430342.649353,0.37,-0.84,-0.07,-7.22,-165.8,40.08,0.92
1800430342.7597427,0.37,-0.82,0.03,-20.79,-143.95,56.04,0.9
1800430342.8701324,0.16,-0.68,0.03,-31.07,-135.02,59.1,0.7
1800430342.9805222,0.15,-0.59,0.16,-20.63,-104.17,46.38,0.63
1800430343.0909119,0.11,-0.67,0.04,-26.88,-78.9,17.55,0.68
1800430343.2013016,0.46,-0.85,0.22,21.95,-65.3,21.07,0.99
1800430343.3116913,0.42,-0.98,0.4,-50.73,8.17,1.81,1.13
1800430343.422081,0.34,-0.98,0.52,-51.92,-60.22,-69.65,1.16
1800430343.5324707,0.41,-0.92,0.14,-20.77,5.23,-54.51,1.02
1800430343.6428604,-0.01,-1.0,-0.23,-53.25,-24.63,-4.49,1.03
1800430343.7532501,-0.1,-1.01,-0.02,48.39,15.98,30.25,1.02
1800430343.8636398,0.24,-0.8,-0.05,32.77,12.13,-71.03,0.84
1800430343.9740295,0.19,-0.86,-0.16,3.09,24.64,-101.56,0.9
1800430344.0844193,0.17,-0.82,-0.11,-7.19,22.15,20.54,0.84
1800430344.194809,0.18,-0.95,-0.07,1.89,-16.29,-40.41,0.97
1800430344.3051987,0.2,-0.79,-0.09,-19.82,-51.6,-14.45,0.82
1800430344.4155884,0.29,-0.84,0.06,46.69,-17.48,53.94,0.89
1800430344.525978,0.3,-0.89,-0.06,54.08,-32.75,50.08,0.94
1800430344.6363678,0.34,-0.84,0.07,28.17,-10.49,43.06,0.91
1800430344.7467575,0.42,-0.77,0.09,45.06,-14.19,34.01,0.88
1800430344.8571472,0.36,-0.77,0.14,27.36,37.79,15.19,0.86
1800430344.967537,0.47,-0.9,0.04,69.83,19.66,-57.56,1.02
1800430345.0779266,0.69,-0.85,0.33,61.46,40.56,45.29,1.14
1800430345.1883163,0.84,-0.67,0.46,54.46,-46.72,60.28,1.16
1800430345.298706,0.75,-0.79,0.59,-9.43,-23.29,49.62,1.24
1800430345.4090958,0.61,-0.74,0.52,4.58,-53.03,20.88,1.09
1800430345.5194855,0.64,-0.67,0.48,-18.83,-39.27,-8.79,1.05
1800430345.6298752,0.53,-0.58,0.43,-43.21,-1.71,-13.55,0.9
1800430345.740265,0.4,-0.53,0.33,-28.03,-0.2,-32.07,0.74
1800430345.8506546,0.42,-0.56,0.28,-49.49,-5.46,-96.55,0.75
1800430345.9610443,0.42,-0.63,0.07,-39.32,-1.36,-93.25,0.76
1800430346.071434,0.42,-0.77,0.1,-51.96,20.55,-67.15,0.88
1800430346.1818237,0.36,-0.7,0.1,-54.63,22.89,-55.84,0.79
1800430346.2922134,0.38,-0.77,-0.09,-59.92,-18.16,-74.46,0.87
1800430346.4026031,0.28,-0.88,-0.06,-35.74,-53.2,-15.29,0.92
1800430346.5129929,0.2,-0.69,0.08,26.65,-115.31,50.61,0.72
1800430346.6233826,0.2,-0.86,0.23,2.43,-56.42,59.98,0.91
1800430346.7337723,-0.03,-0.87,0.34,-3.88,-8.28,41.31,0.94
1800430346.844162,0.25,-0.99,0.33,37.31,37.37,-25.45,1.08
1800430346.9545517,0.17,-0.8,0.3,-21.54,25.51,-66.59,0.87
1800430347.0649414,0.21,-0.81,0.12,-34.89,0.56,-58.64,0.85
1800430347.175331,0.16,-1.07,0.25,-21.65,63.8,-40.66,1.11
1800430347.2857208,0.27,-0.59,0.15,50.57,-10.01,-11.36,0.67
1800430347.3961105,0.25,-0.92,0.22,-38.35,70.83,-71.25,0.98
1800430347.5065002,0.38,-0.81,0.18,102.02,57.97,-9.22,0.91
1800430347.61689,0.28,-0.8,0.08,-8.98,83.7,-84.03,0.85
1800430347.7272797,0.38,-0.75,0.04,32.53,136.76,-74.56,0.84
1800430347.8376694,0.5,-0.96,-0.02,13.89,164.89,-71.48,1.08
0.0,0.0,0.0,0.0,0.0,0.0,0.0,0.0
1800430345.0,0.44,-1.25,-0.15,-29.32,9.65,-25.36,1.34
1800430345.0972624,0.44,-1.23,-0.16,26.41,11.23,11.19,1.31
1800430345.194525,0.34,-1.0,-0.15,13.2,-7.94,0.35,1.06
1800430345.2917874,0.21,-0.95,0.0,57.78,-25.76,62.39,0.97
1800430345.3890498,0.12,-0.84,-0.0,85.1,5.76,57.14,0.85
1800430345.4863124,-0.01,-0.72,0.09,75.14,-8.27,41.53,0.73
1800430345.5835748,0.09,-0.63,-0.06,56.04,-23.02,14.24,0.64
1800430345.6808372,0.03,-1.02,0.1,25.67,-36.18,33.32,1.03
1800430345.7780998,-0.08,-0.93,0.17,-0.14,-3.38,-10.36,0.95
1800430345.8753622,-0.06,-0.95,0.15,-10.94,10.56,10.19,0.97
1800430345.9726245,-0.06,-0.96,0.15,-26.38,24.17,-16.54,0.98
1800430346.0698872,-0.05,-1.01,0.12,-24.07,42.64,2.69,1.02
1800430346.1671495,-0.05,-0.94,0.16,-26.87,37.12,-4.47,0.95
1800430346.2644122,-0.01,-0.96,0.1,-31.42,56.11,-5.5,0.97
1800430346.3616745,-0.05,-0.95,0.17,-26.97,22.64,1.92,0.97
1800430346.458937,-0.01,-0.98,0.13,-20.05,33.42,-2.74,0.99
1800430346.5561996,-0.01,-0.95,0.17,-0.23,49.4,0.97,0.96
1800430346.653462,-0.01,-0.96,0.13,2.51,44.27,-0.15,0.96
1800430346.7507243,-0.07,-0.94,0.08,-7.8,21.58,6.45,0.94
1800430346.847987,-0.06,-0.97,0.14,-15.95,18.6,-5.14,0.98
1800430346.9452493,0.04,-0.79,0.16,-28.8,15.16,3.46,0.8
1800430347.0425117,0.09,-0.81,0.1,-56.02,14.79,-19.29,0.82
0.0,0.0,0.0,0.0,0.0,0.0,0.0,0.0
1800430350.0,-0.08,-1.02,-0.2,-3.54,24.79,14.11,1.05
1800430350.1034076,-0.03,-1.02,-0.21,27.87,36.3,-7.29,1.04
1800430350.206815,-0.01,-1.04,-0.36,2.31,71.79,6.3,1.1
1800430350.3102226,-0.06,-1.06,-0.28,-51.85,46.68,-14.58,1.1
1800430350.41363,-0.12,-1.13,-0.38,-16.09,-16.59,20.31,1.2
1800430350.5170376,0.06,-0.74,-0.31,19.15,61.63,20.15,0.81
1800430350.6204453,0.14,-1.09,-0.43,76.84,30.7,-40.8,1.18
1800430350.7238526,0.07,-0.81,-0.36,-17.1,84.99,19.03,0.89
1800430350.8272603,0.06,-0.94,-0.17,11.27,15.84,-43.74,0.96
1800430350.9306679,-0.0,-1.14,-0.41,-8.34,29.74,-24.2,1.22
1800430351.0340753,-0.03,-1.14,-0.3,-48.65,-4.77,-3.83,1.18
1800430351.137483,-0.02,-1.05,-0.32,-11.48,-33.37,13.16,1.1
1800430351.2408903,-0.36,-1.1,-0.61,-71.0,-111.96,-8.84,1.31
1800430351.344298,-0.2,-0.79,-0.22,-3.93,-51.48,24.51,0.85
1800430351.4477055,-0.3,-0.91,-0.53,83.95,-57.38,17.88,1.1
1800430351.551113,-0.04,-0.87,-0.21,32.3,-32.74,-9.93,0.9
1800430351.6545205,-0.31,-1.06,-0.4,25.55,9.87,8.28,1.17
1800430351.7579281,-0.23,-1.16,-0.45,-30.92,21.74,23.24,1.27
1800430351.8613355,-0.24,-1.23,-0.44,-27.04,-80.64,-6.82,1.32
1800430351.9647431,-0.08,-0.58,-0.32,29.4,30.11,83.49,0.67
1800430352.0681505,-0.26,-1.09,-0.43,-50.58,-144.95,18.57,1.21
1800430352.1715581,-0.19,-0.74,-0.38,59.45,-68.51,76.02,0.85
1800430352.2749658,-0.1,-0.98,-0.27,58.26,-188.26,46.73,1.02
1800430352.3783731,-0.14,-0.95,-0.54,67.31,-194.03,92.89,1.1
1800430352.4817808,-0.21,-1.01,-0.51,4.92,-219.32,99.92,1.15
1800430352.5851884,-0.39,-1.16,-0.62,15.25,-332.21,64.63,1.37
1800430352.6885958,-0.21,-0.54,-0.3,94.93,-90.41,162.37,0.65
1800430352.7920034,-0.28,-0.88,-0.39,-27.68,-315.36,62.02,1.0
1800430352.8954108,-0.5,-1.03,-0.4,37.19,-157.58,137.69,1.21
1800430352.9988184,-0.31,-0.89,-0.37,43.28,-170.43,55.28,1.01
1800430353.102226,-0.33,-1.02,-0.45,42.44,-111.1,104.72,1.16
1800430353.2056334,-0.18,-0.92,-0.43,36.24,-76.26,92.79,1.03
1800430353.309041,-0.16,-1.01,-0.38,5.38,-58.2,76.51,1.09
1800430353.4124486,-0.3,-0.88,-0.62,-20.51,-114.19,95.3,1.12
1800430353.515856,-0.07,-0.8,-0.48,-31.46,-109.39,75.78,0.94
1800430353.6192636,-0.24,-1.08,-0.74,42.02,-146.01,94.48,1.33
1800430353.722671,-0.01,-0.81,-0.43,-11.57,-86.93,34.44,0.92
1800430353.8260787,-0.02,-1.02,-0.36,-2.25,-80.13,36.63,1.08
0.0,0.0,0.0,0.0,0.0,0.0,0.0,0.0
1800430355.0,0.01,-0.99,0.08,56.59,270.75,101.72,1.0
1800430355.105401,0.18,-0.85,0.09,-26.75,210.91,70.82,0.88
1800430355.210802,0.21,-0.95,0.09,29.64,62.81,25.38,0.98
1800430355.316203,0.15,-1.14,0.12,26.48,-26.94,31.8,1.15
1800430355.4216042,0.2,-1.05,0.22,-17.1,16.29,-85.68,1.09
1800430355.5270052,0.11,-0.72,0.09,36.96,37.91,-49.72,0.73
1800430355.632406,0.15,-0.94,0.02,21.92,75.93,99.55,0.95
1800430355.737807,0.26,-0.74,0.14,-51.08,116.0,95.83,0.8
1800430355.843208,0.13,-0.75,0.04,62.36,70.86,-13.52,0.76
1800430355.948609,0.04,-1.29,-0.03,71.77,109.1,-48.21,1.29
1800430356.0540102,0.05,-1.41,0.18,-13.85,222.03,15.83,1.42
1800430356.1594112,0.02,-0.84,0.12,155.85,208.54,43.69,0.85
1800430356.2648122,0.14,-0.76,0.1,39.12,195.66,26.23,0.78
1800430356.3702133,0.24,-0.47,0.1,-66.95,138.73,-9.76,0.53
1800430356.4756143,0.31,-0.85,0.21,-50.01,40.21,-53.23,0.93
1800430356.5810153,0.36,-1.79,0.26,-87.75,-75.01,-27.0,1.84
1800430356.6864164,0.22,-0.9,0.22,67.93,-82.65,-52.42,0.95
1800430356.7918172,0.11,-0.47,0.08,144.91,-50.92,-41.81,0.49
1800430356.8972182,0.03,-0.54,-0.01,90.24,10.58,-30.06,0.55
1800430357.0026193,-0.02,-1.07,-0.07,-99.04,65.03,-53.62,1.07
1800430357.1080203,0.08,-1.2,0.03,-120.52,114.13,-90.57,1.2
1800430357.2134213,-0.04,-1.34,0.3,44.24,130.15,26.6,1.37
1800430357.3188224,-0.0,-0.81,0.1,53.65,144.8,27.7,0.82
1800430357.4242234,0.1,-0.58,0.07,11.87,146.31,89.54,0.6
1800430357.5296245,0.37,-0.82,0.19,-103.03,74.68,35.47,0.92
1800430357.6350255,0.35,-1.08,0.24,-4.55,-82.41,-24.5,1.16
1800430357.7404265,0.29,-1.56,0.22,-100.65,-134.32,-21.13,1.61
1800430357.8458276,0.19,-0.73,0.16,16.37,-152.4,-52.24,0.77
1800430357.9512284,0.1,-0.64,0.09,49.34,-105.8,-60.28,0.65
0.0,0.0,0.0,0.0,0.0,0.0,0.0,0.0
1800430360.0,1.27,0.97,0.38,47.32,158.78,28.33,1.64
1800430360.1063564,0.94,1.1,0.56,36.94,254.06,65.55,1.55
1800430360.212713,-0.24,0.55,-0.01,-235.69,31.36,180.81,0.6
1800430360.3190694,-0.12,0.53,-0.12,58.98,-187.15,149.6,0.56
1800430360.425426,0.53,1.98,-0.1,-6.34,-456.34,172.0,2.05
1800430360.5317824,0.49,1.16,0.32,71.08,-237.41,348.47,1.3
1800430360.638139,0.11,0.31,0.29,-61.67,-190.16,162.48,0.44
1800430360.7444954,0.59,0.02,0.56,76.34,14.5,-237.47,0.81
1800430360.850852,1.17,2.09,0.52,36.37,343.95,-380.39,2.45
1800430360.9572084,0.23,1.02,-0.29,-300.12,264.95,-15.66,1.09
1800430361.063565,-0.45,-0.13,-0.12,99.16,181.07,-34.94,0.48
1800430361.1699214,0.05,1.02,-0.04,168.74,-219.6,94.27,1.03
1800430361.2762778,1.15,2.09,0.31,140.27,-253.13,187.01,2.41
1800430361.3826344,0.2,0.18,0.16,-93.27,-109.95,254.06,0.31
1800430361.4889908,0.22,-0.05,0.05,46.23,-110.04,-94.79,0.23
1800430361.5953474,1.29,1.64,0.97,160.16,221.93,-256.96,2.3
1800430361.7017038,0.87,0.68,0.13,-72.78,331.44,-135.61,1.11
1800430361.8080604,0.1,0.78,0.0,-181.55,178.54,-258.21,0.79
1800430361.9144168,-0.1,0.35,-0.37,-161.94,201.82,77.22,0.52
1800430362.0207734,0.24,1.64,-0.45,116.52,-203.09,456.13,1.72
1800430362.1271298,0.91,1.52,0.39,157.3,-488.46,101.49,1.82
1800430362.2334862,0.08,0.69,0.31,-125.22,-325.78,421.16,0.76
1800430362.3398428,0.16,-0.44,0.26,31.11,-174.55,-22.54,0.54
0.0,0.0,0.0,0.0,0.0,0.0,0.0,0.0
1800430365.0,0.03,-0.75,0.1,-34.62,-60.66,189.47,0.76
1800430365.1016076,0.07,-0.85,0.02,44.87,-279.45,44.81,0.85
1800430365.2032151,-0.15,-0.98,0.18,89.85,-358.49,-60.64,1.01
1800430365.304823,-0.34,-1.19,0.31,-29.81,-289.49,-52.46,1.28
1800430365.4064305,-0.2,-1.2,0.6,-50.52,-307.17,-2.24,1.36
1800430365.508038,-0.03,-0.84,0.33,143.57,-327.65,114.5,0.9
1800430365.6096456,-0.09,-0.76,0.36,237.05,-344.2,83.05,0.85
1800430365.7112532,-0.25,-0.74,0.26,167.17,-251.17,25.16,0.82
1800430365.8128607,-0.5,-1.01,0.36,20.13,-87.25,-114.27,1.19
1800430365.9144685,-0.5,-1.05,0.48,-48.31,40.91,-141.46,1.26
1800430366.016076,-0.31,-1.01,0.66,-127.83,72.8,30.03,1.24
1800430366.1176836,-0.17,-0.87,0.3,-42.4,1.33,185.23,0.94
1800430366.2192912,-0.11,-0.74,0.29,74.02,-88.67,133.21,0.8
1800430366.3208988,-0.28,-0.63,0.32,78.27,-164.37,2.79,0.76
1800430366.4225066,-0.35,-0.96,0.23,-47.62,-89.15,-37.42,1.05
1800430366.5241141,-0.33,-1.3,0.32,-95.64,-120.0,-21.28,1.38
1800430366.6257217,-0.2,-1.47,0.27,115.31,-154.98,104.55,1.51
1800430366.7273293,-0.02,-0.92,0.36,-16.16,-149.11,273.0,0.98
1800430366.8289368,-0.09,-0.77,0.09,85.56,-178.17,115.95,0.78
1800430366.9305446,-0.27,-0.65,0.23,54.12,-168.02,-52.28,0.74
1800430367.0321522,-0.44,-0.87,0.27,-42.94,-56.39,-86.56,1.01
1800430367.1337597,-0.41,-1.24,0.32,0.16,98.18,-140.99,1.34
1800430367.2353673,-0.38,-1.08,0.36,-9.88,112.24,-173.94,1.2
1800430367.3369749,-0.33,-0.85,0.21,-82.01,142.64,-13.33,0.93
1800430367.4385824,-0.19,-0.69,0.2,-95.24,84.36,39.31,0.74
1800430367.5401902,-0.17,-0.9,0.1,-34.96,14.3,38.56,0.92
1800430367.6417978,-0.22,-1.07,0.14,6.62,-83.65,-2.2,1.1
1800430367.7434053,-0.33,-1.43,0.23,94.23,-140.08,57.92,1.49
1800430367.845013,-0.2,-0.97,0.21,-46.98,-99.08,127.7,1.01
1800430367.9466205,-0.2,-0.94,0.14,6.51,-91.02,49.63,0.97
1800430368.0482283,-0.22,-0.68,0.1,-21.43,-85.53,45.67,0.72
0.0,0.0,0.0,0.0,0.0,0.0,0.0,0.0
1800430370.0,0.36,-0.88,0.21,-19.28,1.67,-41.73,0.98
1800430370.0975041,0.41,-0.95,0.1,-19.61,-26.41,-22.13,1.04
1800430370.1950083,0.41,-0.9,0.22,20.59,-72.5,8.49,1.01
1800430370.2925127,0.37,-0.94,0.27,51.67,-100.91,-1.58,1.05
1800430370.3900168,0.25,-0.93,0.21,61.73,-96.4,29.36,0.98
1800430370.487521,0.28,-0.96,0.24,24.03,-89.6,8.79,1.02
1800430370.585025,0.33,-0.94,0.25,10.13,-93.63,-18.19,1.03
1800430370.6825294,0.4,-0.95,0.23,4.7,-79.54,20.44,1.06
1800430370.7800336,0.44,-1.02,0.28,-4.23,-55.75,71.53,1.15
1800430370.8775377,0.37,-0.71,0.22,-71.25,-41.79,-16.25,0.83
1800430370.9750419,0.47,-0.81,0.14,-4.85,108.11,77.78,0.94
1800430371.0725462,0.35,-0.79,0.32,-62.61,56.11,-37.26,0.92
1800430371.1700504,0.24,-0.82,0.18,-0.08,96.37,-17.77,0.87
1800430371.2675545,0.29,-0.92,0.19,-54.63,159.56,-96.1,0.98
1800430371.3650587,0.5,-1.27,0.21,-77.31,151.46,-10.21,1.38
1800430371.4625628,0.59,-0.88,0.48,-111.76,77.47,-31.34,1.16
1800430371.5600672,0.3,-0.58,0.41,-61.96,57.21,42.8,0.78
1800430371.6575713,0.38,-0.76,0.5,-69.76,111.84,-56.21,0.99
1800430371.7550755,0.19,-0.81,0.18,-27.19,57.41,-35.92,0.85
1800430371.8525796,0.27,-0.93,0.4,-52.28,61.17,-41.46,1.05
1800430371.950084,0.31,-0.94,0.3,-47.58,38.61,-32.58,1.04
1800430372.047588,0.35,-0.98,0.34,-65.65,12.59,-26.72,1.09
1800430372.1450922,0.38,-1.0,0.19,-70.81,-24.43,-23.18,1.09
1800430372.2425964,0.69,-0.75,0.27,-129.1,25.98,-59.91,1.05
1800430372.3401005,0.34,-0.73,0.22,-51.93,62.83,99.07,0.83
1800430372.437605,0.21,-0.78,0.17,-49.86,102.54,-15.22,0.83
1800430372.535109,0.44,-0.84,0.11,-41.68,67.86,-48.48,0.96
1800430372.6326132,0.6,-0.95,0.3,-45.71,90.58,25.22,1.16
1800430372.7301173,0.45,-0.95,0.28,-22.3,141.87,-11.99,1.09
1800430372.8276217,0.33,-0.65,0.24,-97.46,31.22,-53.37,0.77
1800430372.9251258,0.63,-0.94,0.54,-87.44,124.85,-13.17,1.26
1800430373.02263,0.34,-0.64,0.05,-73.73,32.58,-30.35,0.73
1800430373.120134,0.38,-0.86,0.32,-51.92,23.94,29.86,0.99
1800430373.2176385,0.4,-0.92,0.18,-15.07,-2.3,6.91,1.02
1800430373.3151426,0.45,-1.09,0.24,-10.85,59.81,90.9,1.2
1800430373.4126468,0.34,-0.8,0.17,-120.92,-36.32,-8.25,0.88
1800430373.510151,0.43,-0.78,0.07,-35.51,58.89,11.35,0.89
1800430373.607655,0.64,-0.81,0.29,-87.13,87.52,-26.08,1.07
1800430373.7051594,0.39,-0.74,0.07,-49.91,112.12,-5.92,0.84
1800430373.8026636,0.45,-0.91,0.15,-65.11,104.01,-78.66,1.03
1800430373.9001677,0.44,-0.86,0.07,-76.98,110.48,-2.68,0.97
1800430373.9976718,0.48,-0.92,0.19,-49.83,120.0,8.39,1.05
1800430374.0951762,0.6,-1.03,0.26,-37.91,126.83,20.33,1.22
0.0,0.0,0.0,0.0,0.0,0.0,0.0,0.0
1800430375.0,0.06,-0.96,-0.15,-0.26,10.71,9.32,0.97
1800430375.1055696,0.08,-1.02,-0.12,-3.75,3.82,4.16,1.03
1800430375.2111394,0.11,-1.15,-0.13,-1.14,-1.16,23.13,1.17
1800430375.316709,0.2,-1.06,0.03,-25.8,-44.5,22.25,1.08
1800430375.4222786,0.13,-1.08,0.08,4.3,-41.9,43.37,1.09
1800430375.5278485,0.11,-0.71,0.03,28.53,-55.11,-33.25,0.72
1800430375.633418,0.07,-0.75,0.02,4.79,7.91,-4.73,0.75
1800430375.7389877,0.14,-0.86,-0.04,30.43,36.33,29.25,0.87
1800430375.8445575,0.1,-1.08,-0.07,46.66,96.9,66.79,1.09
1800430375.9501271,0.12,-1.3,-0.15,48.1,75.16,-110.05,1.32
1800430376.0556967,0.05,-1.65,0.05,-2.9,50.01,-79.26,1.65
1800430376.1612666,0.01,-0.45,0.26,-12.78,20.01,-41.38,0.51
1800430376.2668362,0.02,-0.41,0.02,18.01,24.53,29.38,0.41
1800430376.3724058,-0.0,-0.5,0.01,8.26,45.39,154.26,0.5
1800430376.4779754,0.01,-1.41,0.08,1.88,14.56,102.71,1.41
1800430376.5835452,-0.03,-1.63,-0.27,-21.29,-64.37,-65.27,1.65
1800430376.6891148,0.22,-1.31,0.03,-52.94,-80.69,-55.87,1.33
1800430376.7946844,0.1,-0.62,0.18,28.42,-98.02,-14.28,0.66
1800430376.9002542,0.04,-0.45,0.02,22.48,-48.03,-3.67,0.45
1800430377.0058239,0.09,-0.72,0.05,7.92,52.21,101.99,0.73
1800430377.1113935,0.16,-1.16,-0.07,-6.41,46.93,39.5,1.17
1800430377.2169633,0.29,-1.27,-0.24,0.89,41.3,-57.84,1.33
1800430377.322533,0.1,-1.35,-0.0,63.16,6.89,-37.51,1.36
1800430377.4281025,0.02,-0.71,0.23,11.74,-21.28,-20.29,0.75
0.0,0.0,0.0,0.0,0.0,0.0,0.0,0.0
1800430380.0,-0.1,-0.92,0.33,17.29,39.72,-123.12,0.98
1800430380.1037145,-0.07,-1.2,0.3,-19.47,85.47,-37.85,1.24
1800430380.207429,0.13,-1.14,0.18,-17.22,54.37,-34.08,1.16
1800430380.3111434,0.16,-0.56,-0.0,-70.12,-25.09,2.98,0.58
1800430380.4148579,-0.06,-0.53,-0.11,11.6,-128.07,11.16,0.54
1800430380.5185723,-0.4,-2.06,0.1,-15.46,-228.48,-108.81,2.1
1800430380.622287,-0.04,-0.75,0.37,-45.89,-162.09,142.25,0.84
1800430380.7260015,-0.14,-0.03,0.54,31.83,63.38,-54.2,0.55
1800430380.829716,-0.59,-0.97,0.53,-3.3,308.61,47.34,1.25
1800430380.9334304,-0.29,-2.06,0.17,129.86,446.33,-226.84,2.09
1800430381.037145,0.22,-0.33,-0.35,-229.68,107.9,142.01,0.53
1800430381.1408594,0.51,-0.62,-0.67,55.05,-280.17,-2.71,1.05
1800430381.2445738,-0.42,-2.08,-0.01,-3.26,-366.51,-158.94,2.13
1800430381.3482883,-0.14,-0.54,0.93,-46.8,-277.9,-132.77,1.09
1800430381.4520028,-0.41,-0.36,0.45,-96.93,286.79,-6.49,0.71
1800430381.5557172,-0.99,-1.49,0.39,145.08,497.71,-24.65,1.83
1800430381.659432,-0.34,-1.22,-0.5,-80.44,227.6,-105.29,1.36
1800430381.7631464,0.36,-0.16,-0.62,-45.64,-88.68,183.6,0.73
1800430381.8668609,0.01,-0.63,-0.35,147.35,-424.09,-117.06,0.72
1800430381.9705753,-0.94,-2.12,0.57,-48.65,-331.81,204.79,2.38
1800430382.0742898,0.01,-0.34,0.5,8.58,-198.55,0.82,0.6
1800430382.1780043,-0.12,-0.03,0.49,-49.16,63.68,-34.75,0.5
1800430382.2817187,-0.54,-1.88,0.57,76.39,443.39,-100.24,2.03
1800430382.3854332,-0.17,-1.28,-0.3,-49.78,294.98,-89.1,1.33
1800430382.4891477,0.13,-0.22,-0.54,-9.28,73.79,25.74,0.6
0.0,0.0,0.0,0.0,0.0,0.0,0.0,0.0
1800430385.0,0.37,-0.13,0.83,-37.05,-2.39,-16.39,0.92
1800430385.1081254,0.37,-0.22,0.89,2.58,1.24,10.1,0.99
1800430385.2162511,0.34,-0.16,0.93,-27.66,-17.66,16.92,1.0
1800430385.3243766,0.26,0.15,1.06,9.62,-12.76,16.18,1.1
1800430385.432502,0.11,0.06,0.75,-57.63,4.99,32.11,0.76
1800430385.5406277,0.17,-0.15,0.77,51.51,-4.46,18.23,0.8
1800430385.6487532,0.11,0.02,0.82,-16.62,38.68,11.55,0.83
1800430385.7568786,0.13,-0.15,0.9,2.28,37.16,-2.35,0.92
1800430385.8650043,0.21,-0.14,0.93,-15.7,31.86,-21.57,0.96
1800430385.9731297,0.31,-0.26,0.99,-33.12,7.87,16.09,1.07
1800430386.0812552,0.46,0.39,1.03,-83.57,50.49,-20.44,1.19
1800430386.189381,0.41,-0.12,0.63,-29.36,31.02,13.83,0.76
1800430386.2975063,0.26,-0.06,0.7,60.97,-26.86,28.3,0.75
1800430386.4056318,0.33,-0.1,0.82,11.76,5.63,-32.85,0.89
1800430386.5137572,0.38,-0.16,0.83,-3.02,-38.12,19.05,0.93
1800430386.621883,0.38,-0.19,1.0,18.25,-4.78,20.99,1.09
1800430386.7300084,0.33,0.23,1.14,0.48,1.05,22.14,1.21
1800430386.8381338,0.13,0.11,0.85,-38.79,16.15,46.42,0.87
1800430386.9462595,0.18,-0.16,0.75,32.2,1.96,-41.18,0.79
1800430387.054385,0.07,-0.06,0.81,-3.86,16.59,-13.52,0.82
1800430387.1625104,0.15,-0.08,0.93,-4.33,34.91,-30.81,0.94
1800430387.270636,0.14,-0.13,1.01,-44.78,50.79,-43.32,1.02
1800430387.3787615,0.33,0.06,1.15,8.95,48.35,6.05,1.19
1800430387.486887,0.34,0.16,0.77,-98.95,5.03,-56.8,0.86
1800430387.5950127,0.35,-0.04,0.75,56.12,-4.0,39.37,0.82
1800430387.703138,0.25,-0.13,0.76,-10.68,3.34,3.19,0.81
1800430387.8112636,0.32,-0.21,0.86,21.33,-10.25,-19.46,0.94
1800430387.9193892,0.34,-0.16,0.87,-30.83,0.4,-7.76,0.95
1800430388.0275147,0.29,-0.29,0.97,4.42,-31.76,43.93,1.06
1800430388.1356401,0.32,0.32,0.98,-93.98,8.91,-8.95,1.08
1800430388.2437658,0.32,0.0,0.78,41.67,29.72,-42.03,0.84
1800430388.3518913,0.17,-0.09,0.76,16.76,19.97,22.43,0.78
1800430388.4600167,0.1,-0.09,0.88,-10.53,29.42,23.24,0.89
1800430388.5681424,0.12,-0.13,0.86,-31.95,14.36,2.04,0.88
1800430388.6762679,0.31,-0.24,1.05,-0.84,-4.33,16.71,1.12
1800430388.7843933,0.36,0.09,0.98,-72.29,-2.67,4.34,1.05
1800430388.892519,0.43,0.04,0.74,-46.45,57.56,-67.43,0.86
1800430389.0006444,0.35,-0.08,0.8,80.32,-23.26,13.97,0.88
1800430389.10877,0.29,-0.15,0.77,3.33,-3.07,6.92,0.84
1800430389.2168956,0.35,-0.16,0.73,5.59,-12.86,23.33,0.82
1800430389.325021,0.33,-0.14,0.99,-23.66,-4.8,35.46,1.05
1800430389.4331465,0.39,0.04,1.17,68.15,-25.22,40.07,1.24
1800430389.541272,0.03,-0.01,0.83,-65.03,13.12,43.5,0.83
1800430389.6493976,0.22,-0.07,0.85,63.96,-4.16,-14.41,0.88
1800430389.757523,0.12,-0.06,0.75,-11.73,4.0,31.19,0.76
1800430389.8656485,0.14,-0.07,0.86,1.25,14.08,7.37,0.87
1800430389.9737742,0.17,-0.11,0.97,-60.59,41.06,-3.19,0.99
1800430390.0818996,0.33,-0.07,1.11,49.83,18.91,44.78,1.16
0.0,0.0,0.0,0.0,0.0,0.0,0.0,0.0
1800430390.0,0.12,-1.03,0.0,108.36,-283.01,60.59,1.04
1800430390.1142342,0.12,-0.88,0.14,71.73,-219.02,-19.39,0.9
1800430390.2284684,0.18,-0.98,0.18,21.8,-66.02,37.69,1.01
1800430390.3427026,0.19,-1.16,0.13,39.73,30.14,25.79,1.18
1800430390.4569368,0.32,-1.14,0.16,-88.86,-14.19,-7.63,1.19
1800430390.571171,0.11,-0.78,0.05,-53.28,-38.79,38.41,0.79
1800430390.6854053,0.08,-0.95,0.17,104.06,-80.08,27.53,0.97
1800430390.7996395,0.2,-0.75,0.21,90.61,-121.32,-53.51,0.8
1800430390.9138737,0.13,-0.75,0.16,-11.44,-69.32,63.69,0.77
1800430391.028108,0.09,-1.4,0.05,-41.67,-119.86,52.03,1.4
1800430391.1423423,0.26,-1.42,0.02,23.83,-238.1,-10.32,1.44
1800430391.2565765,0.22,-0.91,0.01,50.69,-223.9,149.28,0.94
1800430391.3708107,0.15,-0.73,0.11,32.24,-205.89,46.26,0.75
1800430391.485045,0.12,-0.47,0.21,-3.41,-157.5,-62.35,0.53
1800430391.5992792,0.23,-0.84,0.26,-48.98,-29.42,-59.24,0.91
1800430391.7135134,0.36,-1.8,0.37,-28.64,85.27,-90.06,1.87
1800430391.8277476,0.3,-0.93,0.22,-37.0,81.67,72.55,1.0
1800430391.9419818,0.19,-0.5,0.1,-42.01,55.96,145.32,0.55
1800430392.056216,0.05,-0.57,-0.01,-25.92,3.05,83.09,0.58
1800430392.1704502,-0.13,-1.13,-0.0,-68.14,-64.75,-90.59,1.14
1800430392.2846844,0.1,-1.23,0.03,-75.6,-118.63,-125.31,1.24
1800430392.3989186,0.39,-1.35,-0.05,41.91,-131.13,49.49,1.4
1800430392.5131528,0.19,-0.81,0.01,24.91,-151.88,59.83,0.83
1800430392.627387,0.16,-0.58,0.12,90.36,-139.9,11.03,0.62
1800430392.7416213,0.22,-0.8,0.33,37.07,-80.31,-97.34,0.89
1800430392.8558555,0.35,-1.16,0.31,-25.07,94.56,-6.17,1.26
1800430392.9700897,0.34,-1.53,0.28,-17.29,155.99,-102.1,1.59
1800430393.084324,0.24,-0.72,0.15,-28.34,153.92,14.3,0.77
1800430393.1985583,0.15,-0.64,0.09,-61.01,126.44,51.43,0.66
0.0,0.0,0.0,0.0,0.0,0.0,0.0,0.0
1800430395.0,-0.01,-1.47,0.61,66.22,-154.42,17.13,1.59
1800430395.1044724,-0.03,-1.07,0.38,120.69,-222.93,-45.99,1.13
1800430395.2089446,-0.08,-0.59,0.34,34.56,-271.61,28.87,0.69
1800430395.313417,-0.27,-0.44,0.34,38.22,-142.45,45.37,0.62
1800430395.4178894,-0.44,-0.89,0.21,-79.65,-123.55,-2.57,1.02
1800430395.5223615,-0.44,-1.12,0.29,-109.44,132.49,-44.48,1.24
1800430395.626834,-0.26,-1.01,0.49,5.75,239.06,2.96,1.15
1800430395.7313063,-0.03,-0.9,0.23,64.04,211.87,-87.11,0.93
1800430395.8357787,0.11,-0.51,0.08,16.13,129.8,5.62,0.52
1800430395.9402509,-0.03,-0.75,0.11,-33.49,-44.92,-22.59,0.76
1800430396.0447233,-0.01,-1.43,0.17,-30.86,-152.07,-100.74,1.44
1800430396.1491957,0.04,-1.32,0.25,40.52,-196.08,-32.18,1.35
1800430396.2536678,-0.09,-0.67,0.23,67.95,-179.11,110.92,0.72
1800430396.3581402,-0.23,-0.39,0.16,32.28,-195.97,70.82,0.48
1800430396.4626126,-0.44,-0.77,0.33,-69.66,-149.7,8.06,0.95
1800430396.5670848,-0.56,-1.08,0.46,-85.03,67.09,-46.52,1.3
1800430396.6715572,-0.26,-1.23,0.49,-36.72,262.29,-39.18,1.35
1800430396.7760296,-0.0,-0.68,0.33,27.1,265.74,-30.03,0.76
1800430396.8805017,0.14,-0.5,0.05,27.93,145.66,-39.68,0.52
1800430396.9849741,0.14,-0.95,-0.05,-71.39,-49.4,-135.35,0.96
1800430397.0894465,-0.02,-1.37,0.28,-19.65,-196.47,-50.75,1.4
1800430397.193919,-0.01,-1.51,0.44,139.12,-170.37,13.21,1.57
1800430397.298391,-0.12,-0.76,0.38,118.75,-189.72,82.84,0.86
1800430397.4028635,-0.13,-0.11,0.17,87.46,-105.95,44.7,0.24
1800430397.507336,-0.26,-0.36,0.08,-18.82,-100.96,-46.35,0.45
0.0,0.0,0.0,0.0,0.0,0.0,0.0,0.0
1800430400.0,0.15,-0.74,0.3,10.2,95.73,-1.9,0.81
1800430400.1038444,0.22,-0.96,0.16,8.52,83.12,95.44,0.99
1800430400.207689,0.11,-0.98,0.09,-17.78,-23.98,89.16,0.99
1800430400.3115335,0.2,-0.92,0.05,36.24,-84.45,-62.36,0.94
1800430400.415378,0.04,-1.45,0.23,-10.49,-120.8,-1.48,1.46
1800430400.5192225,0.38,-1.33,0.3,-39.25,-115.03,9.26,1.42
1800430400.6230671,0.3,-0.87,0.16,99.27,-95.07,36.06,0.93
1800430400.7269115,0.18,-0.85,0.09,103.66,-145.67,-90.24,0.87
1800430400.8307562,0.21,-0.72,0.22,2.22,-121.27,-119.12,0.78
1800430400.9346006,0.29,-0.83,0.46,-113.34,-54.54,-36.77,0.99
1800430401.0384452,0.41,-1.06,0.46,-90.82,89.81,83.03,1.23
1800430401.1422896,0.55,-1.18,0.43,-189.7,152.1,38.88,1.37
1800430401.2461343,0.3,-0.59,0.36,-56.95,162.92,67.78,0.75
1800430401.3499787,0.16,-0.79,0.23,-9.36,122.61,85.54,0.84
1800430401.4538233,0.15,-0.99,0.23,-31.9,31.65,85.79,1.02
1800430401.5576677,0.22,-1.11,0.28,-55.43,-51.46,-19.61,1.17
1800430401.6615124,0.41,-1.42,0.47,-80.85,-65.12,-104.21,1.55
1800430401.7653568,0.29,-0.76,0.28,156.77,22.92,68.05,0.86
1800430401.8692014,0.13,-0.83,0.33,49.21,22.22,-11.98,0.91
1800430401.9730458,0.33,-0.72,0.45,-101.16,13.51,-4.32,0.91
1800430402.0768905,0.28,-0.78,0.39,-136.2,89.46,45.5,0.91
1800430402.1807349,0.46,-1.19,0.6,-153.27,126.59,3.62,1.41
1800430402.2845795,0.51,-1.21,0.55,-86.82,184.31,30.75,1.42
1800430402.388424,0.3,-0.74,0.34,-9.15,231.33,91.38,0.87
0.0,0.0,0.0,0.0,0.0,0.0,0.0,0.0
1800430405.0,-0.05,-0.81,0.36,24.06,-56.15,18.95,0.89
1800430405.1012845,-0.21,-1.02,0.22,31.33,-0.03,-35.29,1.07
1800430405.202569,-0.18,-1.0,0.27,-1.09,-22.88,29.62,1.05
1800430405.3038533,-0.05,-0.91,0.35,23.63,-32.08,16.78,0.97
1800430405.4051378,-0.15,-1.01,0.35,9.87,-7.31,-0.93,1.08
1800430405.5064223,-0.21,-1.06,0.52,-42.19,-44.18,-41.52,1.2
1800430405.6077068,-0.22,-1.19,0.54,-52.12,-9.51,-44.74,1.33
1800430405.708991,0.11,-0.57,0.35,-40.6,-116.66,-20.63,0.68
1800430405.8102756,-0.0,-1.0,0.37,72.98,-16.24,-8.39,1.06
1800430405.91156,0.02,-0.77,0.41,3.68,-71.49,31.11,0.88
1800430406.0128446,0.05,-1.0,0.28,57.94,-26.24,6.95,1.04
1800430406.1141288,-0.07,-1.08,0.56,10.64,-17.66,-27.85,1.22
1800430406.2154133,-0.1,-1.09,0.46,-9.8,5.22,-72.82,1.19
1800430406.3166978,-0.34,-0.77,0.44,-60.65,-26.73,-16.27,0.95
1800430406.4179823,-0.02,-0.9,0.18,34.46,4.21,0.61,0.92
1800430406.5192668,-0.22,-0.82,0.51,-21.44,-38.7,56.05,0.99
1800430406.620551,-0.08,-0.85,0.24,14.01,10.24,14.69,0.89
1800430406.7218356,-0.16,-1.08,0.37,-12.89,-16.48,14.68,1.15
1800430406.82312,-0.08,-1.01,0.38,-18.8,-42.61,-16.19,1.08
1800430406.9244046,-0.22,-1.33,0.87,58.36,76.97,-10.3,1.61
1800430407.025689,0.01,-0.52,0.54,-41.31,-143.06,49.16,0.75
1800430407.1269734,-0.14,-0.84,0.43,45.24,20.79,-105.63,0.96
1800430407.228258,-0.13,-0.86,0.43,7.82,-42.33,20.08,0.97
1800430407.3295424,-0.04,-0.99,0.28,-37.34,2.34,-1.57,1.03
1800430407.430827,-0.22,-1.04,0.59,-40.17,33.82,-52.06,1.22
1800430407.5321112,-0.54,-1.18,0.7,-30.57,189.36,-50.15,1.47
1800430407.6333957,-0.06,-0.7,0.12,-60.93,34.03,18.01,0.71
1800430407.7346802,-0.23,-0.87,0.6,-38.89,71.58,85.19,1.08
1800430407.8359647,-0.02,-0.81,0.37,-15.99,10.51,20.16,0.89
1800430407.937249,-0.12,-0.98,0.48,14.27,-40.84,-23.43,1.1
1800430408.0385334,-0.11,-1.09,0.53,4.2,-102.02,-63.28,1.22
0.0,0.0,0.0,0.0,0.0,0.0,0.0,0.0
1800430410.0,0.17,0.93,-0.27,22.34,127.76,94.08,0.98
1800430410.0949264,0.27,0.9,-0.15,7.35,164.64,57.32,0.95
1800430410.1898527,0.25,1.0,-0.16,-2.88,182.82,58.02,1.05
1800430410.2847788,0.28,0.92,0.03,-2.47,180.55,50.24,0.97
1800430410.3797052,0.4,0.99,-0.03,66.15,173.42,81.86,1.07
1800430410.4746315,0.25,0.89,0.09,52.11,87.44,66.94,0.93
1800430410.569558,0.24,0.96,0.06,56.18,79.09,58.93,0.99
1800430410.664484,0.33,1.02,-0.01,37.12,45.84,36.09,1.07
1800430410.7594104,0.27,1.0,0.01,4.63,41.57,12.77,1.04
1800430410.8543367,0.25,1.02,0.03,-0.79,22.43,10.35,1.05
1800430410.949263,0.4,1.01,-0.03,-13.23,35.39,2.56,1.08
1800430411.0441892,0.4,0.83,-0.17,-54.68,9.33,35.09,0.94
1800430411.1391156,0.12,0.9,-0.05,2.61,24.55,9.4,0.91
1800430411.234042,0.41,0.88,-0.25,31.93,47.66,50.48,1.01
1800430411.3289683,0.15,0.89,-0.05,36.55,-22.89,-8.7,0.91
1800430411.4238944,0.34,0.98,-0.16,-14.75,-45.51,9.91,1.05
1800430411.5188208,0.35,1.1,-0.1,-25.18,-86.77,3.84,1.16
1800430411.6137471,0.53,0.97,0.04,-1.33,-113.69,-29.1,1.11
1800430411.7086735,0.23,0.71,0.17,5.71,-172.26,-38.05,0.77
1800430411.8035996,0.45,0.92,0.14,42.08,-117.29,-97.75,1.04
1800430411.898526,0.29,0.87,0.16,12.31,-159.44,-65.49,0.94
1800430411.9934523,0.34,0.97,0.09,4.16,-137.8,-87.37,1.03
1800430412.0883787,0.5,1.06,-0.08,-57.61,-71.34,-74.95,1.17
1800430412.1833048,0.31,0.98,0.0,-41.33,-81.41,-37.0,1.02
1800430412.2782311,0.42,0.96,-0.18,-35.46,-66.95,-24.77,1.06
1800430412.3731575,0.23,0.93,0.02,-69.22,-41.18,3.99,0.95
0.0,0.0,0.0,0.0,0.0,0.0,0.0,0.0
1800430415.0,-0.08,-0.89,0.19,10.39,-10.35,7.07,0.91
1800430415.096954,-0.07,-0.87,0.21,-0.03,-23.95,3.76,0.9
1800430415.1939085,-0.01,-0.88,0.17,-7.37,-39.81,20.91,0.89
1800430415.2908626,-0.05,-0.88,0.18,-2.59,-32.07,9.94,0.9
1800430415.387817,-0.07,-0.88,0.18,4.21,-33.23,-0.64,0.9
1800430415.484771,-0.03,-0.88,0.18,11.14,-26.56,8.08,0.9
1800430415.5817251,-0.08,-0.89,0.26,12.29,-41.28,3.47,0.93
1800430415.6786795,0.04,-0.83,0.32,-0.71,-53.15,-7.78,0.89
1800430415.7756336,0.07,-0.84,0.36,-1.32,-48.81,-26.41,0.92
1800430415.872588,0.02,-0.74,0.15,21.97,-53.62,-39.15,0.75
1800430415.969542,0.01,-0.66,0.24,9.41,-36.46,-42.77,0.71
1800430416.0664961,-0.01,-0.71,0.31,-14.16,-32.93,-57.67,0.77
1800430416.1634505,-0.16,-0.75,0.37,-33.98,-66.32,-46.48,0.85
1800430416.2604046,-0.39,-0.9,0.4,-42.04,-42.37,-33.01,1.06
1800430416.357359,-0.38,-1.07,0.42,-63.57,-71.73,7.59,1.21
1800430416.454313,-0.09,-1.0,0.07,-95.77,-48.85,66.03,1.01
1800430416.5512671,-0.02,-1.32,-0.08,62.07,103.9,-71.49,1.32
1800430416.6482215,0.1,-0.64,0.26,100.98,5.47,25.93,0.7
1800430416.7451756,0.03,-0.87,0.1,-71.02,65.53,127.24,0.87
1800430416.8421297,0.11,-0.88,0.29,81.92,0.41,7.63,0.94
1800430416.939084,0.06,-0.92,0.14,-52.59,0.39,12.57,0.94
1800430417.0360382,0.04,-0.81,0.21,26.73,-2.26,-39.27,0.84
1800430417.1329925,-0.02,-0.9,0.18,-1.2,-4.45,-9.1,0.92
1800430417.2299466,-0.08,-0.92,0.25,-10.35,-44.25,-15.22,0.95
1800430417.3269007,0.02,-0.92,0.22,-16.45,-32.54,1.15,0.95
1800430417.423855,-0.01,-0.87,0.15,-10.71,-35.34,-12.79,0.88
1800430417.5208092,-0.08,-0.89,0.21,0.11,-23.89,-17.54,0.92
1800430417.6177635,-0.12,-0.86,0.14,-10.49,-15.82,-4.55,0.88
1800430417.7147176,-0.03,-0.85,0.19,13.13,-8.63,2.37,0.87
1800430417.8116717,-0.05,-0.89,0.23,7.56,-26.59,-31.18,0.92
1800430417.908626,-0.03,-0.9,0.16,-24.82,-29.26,-36.84,0.92
1800430418.0055802,-0.09,-0.92,0.18,5.19,-32.17,-40.05,0.95
1800430418.1025345,-0.07,-0.86,0.18,-1.69,-26.26,-17.07,0.88
1800430418.1994886,-0.11,-0.96,0.22,-5.49,-7.59,25.25,0.99
1800430418.2964427,-0.13,-0.9,0.16,4.79,8.22,40.3,0.93
1800430418.393397,-0.07,-0.91,0.15,-2.11,34.39,48.35,0.92
1800430418.4903512,0.06,-0.87,0.2,1.49,14.36,34.69,0.9
1800430418.5873055,0.0,-0.82,0.13,-30.95,70.21,16.37,0.83
1800430418.6842597,0.09,-0.82,0.06,2.05,85.13,58.23,0.83
1800430418.7812138,0.15,-0.71,0.11,-9.69,72.97,55.1,0.73
1800430418.878168,0.27,-0.88,0.3,19.49,-15.81,-8.48,0.97
1800430418.9751222,0.07,-0.89,0.24,-37.23,-78.21,-2.02,0.92
1800430419.0720766,0.17,-0.92,0.11,14.63,-32.82,5.95,0.94
1800430419.1690307,0.14,-1.02,0.22,14.39,-19.73,-31.11,1.05
1800430419.2659848,0.16,-0.96,0.17,-32.0,-48.45,-18.63,0.99
1800430419.3629391,-0.01,-0.91,0.2,-16.17,-47.72,-27.24,0.93
1800430419.4598932,0.06,-0.87,0.27,20.88,-75.85,-20.01,0.91
1800430419.5568476,-0.01,-0.85,0.28,0.61,-88.49,-55.33,0.9
1800430419.6538017,-0.05,-0.84,0.2,-16.78,-82.05,-59.14,0.86
1800430419.7507558,-0.08,-0.91,0.22,-5.63,-77.27,-33.33,0.94
1800430419.8477101,-0.1,-1.0,0.16,-3.47,-47.07,-1.12,1.01
1800430419.9446642,-0.08,-0.83,0.15,16.49,-14.95,25.92,0.85
1800430420.0416183,-0.06,-0.83,0.18,-22.13,-4.98,14.51,0.85
1800430420.1385727,-0.05,-0.84,0.11,-18.85,-0.8,13.7,0.85
1800430420.2355268,0.0,-0.92,0.14,-29.67,16.13,-1.96,0.93
1800430420.3324811,0.0,-0.88,0.16,-46.51,-41.8,13.99,0.89
1800430420.4294353,0.13,-0.91,0.08,24.62,0.81,-16.63,0.93
1800430420.5263894,-0.31,-0.86,0.43,7.86,52.54,-13.32,1.01
1800430420.6233437,-0.51,-1.2,0.76,49.73,193.62,-96.13,1.51
1800430420.7202978,-0.44,-0.85,0.33,-49.4,-8.69,2.84,1.02
1800430420.8172522,-0.54,-0.87,0.2,-18.35,-24.44,33.59,1.05
1800430420.9142063,-0.38,-0.81,0.23,-0.04,-39.93,44.52,0.93
1800430421.0111604,-0.36,-0.79,0.28,39.68,-42.04,35.71,0.91
1800430421.1081147,-0.25,-0.85,0.48,30.69,-61.17,62.75,1.01
1800430421.2050688,-0.22,-0.78,0.39,-39.47,-70.34,65.58,0.91
1800430421.3020232,-0.03,-0.63,0.28,-32.81,-82.27,78.8,0.69
1800430421.3989773,-0.11,-0.59,0.16,-42.51,-41.22,48.87,0.62
1800430421.4959314,-0.03,-0.82,0.01,-48.45,6.44,36.12,0.82
1800430421.5928857,-0.12,-0.91,0.05,-10.76,103.82,15.04,0.92
1800430421.6898398,-0.14,-0.9,0.28,84.79,82.48,-9.67,0.95
1800430421.7867942,-0.04,-0.82,0.3,-28.1,63.57,49.55,0.88
1800430421.8837483,-0.18,-0.89,0.17,-29.76,114.23,35.68,0.93
1800430421.9807024,0.2,-0.86,0.28,41.03,80.15,59.37,0.93
1800430422.0776567,-0.07,-0.9,0.39,38.65,143.98,46.86,0.99
1800430422.1746109,0.02,-0.76,0.43,35.5,88.43,36.0,0.88
1800430422.2715652,-0.01,-0.81,0.48,-5.68,131.72,85.65,0.94
1800430422.3685193,0.01,-0.78,0.41,12.51,187.62,96.57,0.88
1800430422.4654734,-0.0,-0.87,0.37,21.54,175.23,36.14,0.94
1800430422.5624278,-0.07,-0.88,0.34,-24.46,123.07,18.56,0.94
1800430422.6593819,-0.1,-0.97,0.21,10.18,132.0,44.36,1.0
1800430422.7563362,-0.1,-0.84,0.41,16.97,63.31,40.83,0.94
1800430422.8532903,0.04,-0.91,0.28,-53.28,61.03,65.03,0.95
1800430422.9502444,0.01,-0.93,0.25,-13.33,32.92,47.28,0.96
1800430423.0471988,-0.0,-0.9,0.32,-22.65,55.01,11.06,0.96
1800430423.1441529,0.14,-0.79,0.2,-37.07,16.55,19.35,0.83
1800430423.241107,-0.05,-0.93,0.36,33.23,-14.99,12.0,1.0
0.0,0.0,0.0,0.0,0.0,0.0,0.0,0.0
1800430420.0,0.15,0.96,0.11,25.95,57.2,-12.66,0.98
1800430420.0967321,0.23,0.91,0.13,64.48,24.39,-100.98,0.94
1800430420.1934645,0.66,1.02,0.41,30.3,-68.17,-232.1,1.29
1800430420.2901967,0.29,1.33,0.2,-77.0,-140.33,83.26,1.37
1800430420.386929,-0.15,0.91,-0.17,-30.05,-25.6,11.94,0.94
1800430420.4836612,-0.34,0.49,-0.08,-37.02,153.62,3.0,0.6
1800430420.5803936,-0.39,2.11,0.21,-26.86,294.36,85.76,2.16
1800430420.6771257,0.16,1.71,0.69,72.81,355.52,150.2,1.85
1800430420.773858,0.49,0.15,0.11,2.91,157.39,16.4,0.52
1800430420.8705902,0.6,-0.18,0.36,-62.03,23.13,-23.67,0.72
1800430420.9673226,0.75,1.86,0.52,-3.82,-288.38,-129.24,2.07
1800430421.0640547,-0.31,1.61,0.35,62.62,-362.52,-13.24,1.68
1800430421.160787,-0.75,0.13,-0.18,-51.22,-49.05,201.0,0.78
1800430421.2575192,-0.43,0.26,-0.37,-53.44,247.28,-144.96,0.62
1800430421.3542516,0.02,2.22,1.08,26.52,365.05,-42.48,2.46
1800430421.4509838,0.51,1.16,0.21,-50.88,275.42,114.99,1.28
1800430421.5477161,0.46,-0.11,0.09,-21.23,99.22,9.47,0.48
1800430421.6444483,0.75,0.3,0.4,85.98,-88.76,-96.57,0.9
1800430421.7411807,0.31,2.21,0.95,6.35,-407.53,-105.48,2.43
1800430421.8379128,-0.63,0.72,-0.01,-133.09,-257.9,142.44,0.95
1800430421.9346452,-0.63,-0.02,-0.46,90.27,-33.24,53.95,0.78
1800430422.0313773,-0.25,0.82,0.09,-94.84,286.4,43.77,0.87
1800430422.1281097,0.07,2.22,0.45,25.72,289.42,186.41,2.26
1800430422.2248418,0.35,0.36,0.26,-31.97,191.97,-68.61,0.57
0.0,0.0,0.0,0.0,0.0,0.0,0.0,0.0
1800430425.0,0.06,-0.92,0.14,39.43,-8.71,-5.44,0.93
1800430425.0960078,0.07,-0.86,0.07,12.33,-25.42,6.99,0.87
1800430425.1920156,0.03,-0.89,0.04,5.06,17.21,7.85,0.89
1800430425.2880237,-0.02,-0.87,0.11,31.75,17.09,7.99,0.88
1800430425.3840315,-0.03,-0.81,0.24,34.19,-8.54,16.23,0.85
1800430425.4800394,-0.08,-0.81,0.16,15.68,-5.43,47.48,0.83
1800430425.5760472,-0.11,-0.92,0.13,53.94,22.28,51.64,0.93
1800430425.672055,-0.1,-0.85,0.27,65.74,0.23,48.84,0.9
1800430425.7680628,-0.14,-0.91,0.32,41.41,14.02,47.9,0.98
1800430425.864071,-0.39,-1.08,0.56,51.67,17.84,34.78,1.27
1800430425.9600787,-0.52,-0.88,0.37,-5.44,-43.95,-55.73,1.08
1800430426.0560865,-0.57,-1.04,0.51,28.92,1.64,-4.9,1.29
1800430426.1520944,-0.42,-0.97,0.44,-7.39,-6.98,-66.36,1.15
1800430426.2481022,-0.26,-0.86,0.43,-17.85,12.63,-74.94,1.0
1800430426.34411,-0.06,-0.55,0.26,-11.82,2.79,-72.52,0.61
1800430426.440118,-0.02,-0.3,0.11,-6.86,-42.26,-59.15,0.32
1800430426.536126,0.04,-0.65,0.32,-102.22,10.82,-30.94,0.73
1800430426.6321337,-0.17,-1.0,0.2,-52.54,-9.15,-35.63,1.03
1800430426.7281415,0.06,-0.77,0.21,12.61,-30.04,43.47,0.8
1800430426.8241494,-0.06,-0.97,0.22,-7.76,14.63,-23.88,0.99
1800430426.9201574,-0.03,-0.88,0.2,-2.43,-8.41,-37.89,0.91
1800430427.0161653,0.01,-0.88,0.17,-20.03,13.51,1.6,0.9
1800430427.112173,-0.01,-0.88,0.27,-4.36,-7.45,-14.47,0.92
0.0,0.0,0.0,0.0,0.0,0.0,0.0,0.0
1800430430.0,0.12,-0.87,0.12,-8.76,-120.81,54.2,0.89
1800430430.1028388,0.24,-1.11,0.23,-24.13,-80.2,-2.85,1.16
1800430430.2056777,0.27,-0.87,0.08,9.55,-44.4,9.84,0.92
1800430430.3085165,0.3,-0.97,0.04,-36.57,-14.94,3.61,1.02
1800430430.4113553,0.28,-1.0,-0.05,-6.87,-5.05,10.93,1.04
1800430430.514194,0.39,-1.17,-0.05,-31.74,-43.91,10.12,1.24
1800430430.617033,0.09,-1.39,0.12,5.68,-66.86,23.1,1.4
1800430430.7198718,-0.06,-1.01,0.2,4.37,-112.53,2.04,1.03
1800430430.8227105,0.1,-0.87,0.05,35.45,-142.67,2.03,0.88
1800430430.9255495,0.14,-0.75,0.06,2.43,-131.14,15.49,0.76
1800430431.0283883,0.2,-0.96,-0.07,-12.12,-83.32,34.24,0.98
1800430431.131227,0.27,-1.58,0.03,24.87,-60.07,-19.87,1.6
1800430431.234066,-0.11,-1.3,0.73,-59.04,-101.55,-25.65,1.5
1800430431.3369048,0.05,-1.12,0.37,28.97,-68.49,48.73,1.19
1800430431.4397435,0.09,-0.7,-0.1,44.96,-77.1,91.51,0.71
1800430431.5425823,0.18,-0.69,0.01,-41.18,-128.3,55.02,0.71
1800430431.6454213,0.28,-1.17,0.06,-16.76,-67.11,60.47,1.2
1800430431.74826,0.37,-1.34,-0.02,68.15,62.62,61.63,1.39
1800430431.8510988,-0.0,-1.31,0.05,-11.16,-85.79,-38.0,1.31
1800430431.9539378,0.15,-0.8,0.01,15.73,-119.99,-67.72,0.82
1800430432.0567765,0.11,-0.51,-0.02,-15.59,-64.32,-18.37,0.53
1800430432.1596153,0.2,-1.04,-0.03,-39.95,-37.89,-44.61,1.06
1800430432.262454,0.36,-1.31,0.19,77.52,-4.18,2.16,1.37
1800430432.365293,-0.12,-1.66,0.9,-69.93,-48.33,-57.47,1.89
1800430432.4681318,0.22,-0.79,0.38,-31.99,56.98,-54.95,0.9
1800430432.5709705,0.16,-0.6,0.06,-44.22,96.7,-2.06,0.62
1800430432.6738095,0.31,-0.75,0.16,-51.5,87.68,25.29,0.82
1800430432.7766483,0.3,-1.18,0.21,-23.99,38.92,12.75,1.23
0.0,0.0,0.0,0.0,0.0,0.0,0.0,0.0
1800430435.0,-0.04,-0.69,0.19,-62.72,-54.02,40.94,0.71
1800430435.0892658,0.35,-1.35,0.14,-66.43,-25.53,2.19,1.4
1800430435.1785316,-0.15,-0.84,-0.24,-164.58,65.26,-48.61,0.89
1800430435.2677977,-0.92,-0.59,1.13,-254.1,-7.66,-81.58,1.57
1800430435.3570635,-0.61,-1.39,-0.0,56.64,-75.62,117.01,1.51
1800430435.4463294,-0.56,-1.36,-0.1,117.41,-146.7,-39.51,1.48
1800430435.5355952,-0.03,-0.16,0.37,135.87,-20.52,115.49,0.4
1800430435.624861,-0.19,0.1,0.51,12.21,118.51,142.2,0.56
1800430435.714127,-0.19,-1.94,1.17,-13.11,321.32,226.92,2.27
1800430435.803393,-0.07,-1.33,0.5,-85.87,332.1,-225.66,1.42
1800430435.8926587,-0.11,-0.7,0.08,-173.57,77.42,-13.53,0.71
1800430435.9819245,0.08,0.04,-0.09,144.34,26.14,-257.39,0.13
1800430436.0711904,-0.29,-1.02,0.16,133.12,-240.25,-72.61,1.07
1800430436.1604564,0.01,-1.31,1.0,226.71,-261.14,-64.46,1.65
1800430436.2497222,0.34,-0.25,-0.34,-81.74,-89.54,-89.54,0.54
1800430436.338988,-0.12,0.14,0.35,8.64,-52.93,106.08,0.4
1800430436.428254,0.6,-1.55,0.9,11.14,272.95,208.4,1.89
1800430436.5175197,-0.29,-1.05,0.77,-87.08,464.26,74.24,1.34
1800430436.6067858,-0.08,-0.78,0.38,-161.45,301.5,169.65,0.87
1800430436.6960516,-0.09,-0.21,0.02,56.13,241.09,-35.43,0.23
0.0,0.0,0.0,0.0,0.0,0.0,0.0,0.0
1800430440.0,0.57,2.05,0.96,-4.9,-63.62,-98.25,2.34
1800430440.1084304,-0.02,1.2,0.18,-58.19,50.42,107.13,1.22
1800430440.2168608,-0.44,0.43,-0.32,-21.54,-131.27,100.21,0.7
1800430440.3252912,0.3,0.62,-0.48,3.48,-343.85,47.65,0.84
1800430440.4337215,0.62,2.17,-0.15,-17.97,-447.51,102.34,2.26
1800430440.542152,0.2,0.55,0.46,-62.68,-370.79,-57.08,0.74
1800430440.6505823,0.12,0.02,0.47,-74.24,-110.84,-136.21,0.48
1800430440.7590127,0.4,1.27,0.66,101.48,279.05,-85.78,1.49
1800430440.867443,0.65,1.59,-0.12,56.18,369.43,47.19,1.72
1800430440.9758735,-0.01,0.53,-0.32,-68.56,11.05,85.55,0.63
1800430441.0843039,-0.17,0.26,-0.49,-1.32,-242.17,176.07,0.58
1800430441.1927342,0.45,2.07,-0.01,117.32,-520.0,60.25,2.12
1800430441.3011646,0.36,1.58,0.63,-57.18,-353.43,106.8,1.74
1800430441.409595,0.04,-0.46,0.85,-42.27,-92.36,-55.07,0.97
1800430441.5180254,0.44,0.62,0.51,4.97,266.94,61.14,0.92
1800430441.6264558,1.05,2.08,0.38,-4.63,499.63,-14.31,2.36
1800430441.7348862,0.03,0.71,-0.47,-259.42,139.42,60.39,0.85
1800430441.8433166,-0.33,0.01,-0.41,-2.76,-27.61,54.83,0.53
1800430441.951747,0.11,1.23,-0.1,69.83,-342.96,85.53,1.24
1800430442.0601773,0.56,1.97,0.49,-61.68,-357.62,107.75,2.11
1800430442.1686077,-0.02,0.36,0.51,-23.16,-245.62,13.07,0.63
0.0,0.0,0.0,0.0,0.0,0.0,0.0,0.0
1800430445.0,-0.44,-0.83,-0.09,14.31,-162.14,95.2,0.94
1800430445.0976627,-0.43,-0.89,-0.08,-42.95,-185.18,83.07,0.99
1800430445.1953256,-0.43,-0.8,-0.09,-17.45,-208.81,103.67,0.91
1800430445.2929883,-0.33,-0.74,-0.03,-15.15,-203.55,87.59,0.81
1800430445.390651,-0.44,-0.93,-0.2,22.34,-128.95,74.81,1.05
1800430445.488314,-0.26,-0.72,-0.18,-41.64,-147.94,64.17,0.79
1800430445.5859766,-0.25,-0.99,-0.3,-12.85,-34.4,58.44,1.06
1800430445.6836393,-0.15,-0.84,-0.25,44.25,-37.12,56.27,0.88
1800430445.7813022,-0.18,-0.99,-0.14,17.23,4.78,55.63,1.02
1800430445.878965,-0.39,-1.07,-0.19,6.11,-27.08,20.04,1.15
1800430445.9766276,-0.42,-0.8,-0.04,-3.62,-114.01,17.01,0.91
1800430446.0742905,-0.58,-0.86,-0.03,50.01,-276.38,24.45,1.04
1800430446.1719532,-0.63,-0.87,-0.26,-136.19,-39.69,124.6,1.11
1800430446.269616,0.18,-0.72,-0.47,-106.66,19.02,-80.74,0.88
1800430446.3672788,-0.1,-0.61,-0.18,-40.84,18.66,-140.22,0.65
1800430446.4649415,-0.66,-1.38,-0.61,15.1,254.29,-129.46,1.64
1800430446.5626042,-0.54,-0.68,-0.02,3.94,136.96,52.53,0.87
1800430446.660267,-0.45,-0.47,0.15,-71.49,-148.8,-72.09,0.66
1800430446.7579298,-0.5,-1.11,0.11,-15.53,-70.4,128.41,1.22
1800430446.8555925,-0.17,-0.68,-0.21,-32.62,-130.26,64.29,0.73
1800430446.9532554,-0.08,-0.51,-0.31,-107.08,-95.27,-103.3,0.6
1800430447.050918,0.15,-1.41,0.11,-30.23,140.33,69.03,1.42
1800430447.1485808,-0.0,-0.92,-0.1,146.65,-21.97,-81.72,0.93
1800430447.2462437,-0.41,-0.8,-0.09,74.93,-2.08,-74.01,0.9
1800430447.3439064,-0.13,-0.59,0.02,-30.33,-43.28,-93.61,0.6
1800430447.4415693,-0.56,-1.01,0.07,-82.6,-166.88,-16.69,1.16
1800430447.539232,-0.74,-1.11,-0.34,21.23,-147.52,36.77,1.38
1800430447.6368947,-0.37,-0.81,-0.13,-53.95,-92.01,108.05,0.9
1800430447.7345576,-0.23,-0.73,-0.15,-76.32,-114.45,36.22,0.78
1800430447.8322203,-0.11,-0.94,-0.16,-73.98,-22.1,-4.38,0.96
1800430447.929883,-0.12,-0.99,-0.18,-110.0,62.4,-112.52,1.02
1800430448.027546,0.15,-1.1,0.09,-12.97,85.8,6.76,1.11
1800430448.1252086,-0.04,-0.84,-0.19,-13.37,0.19,-106.76,0.86
1800430448.2228713,0.06,-0.96,-0.14,37.71,178.13,-22.76,0.98
1800430448.3205342,-0.23,-0.95,-0.26,9.99,183.89,-66.05,1.01
0.0,0.0,0.0,0.0,0.0,0.0,0.0,0.0
1800430450.0,-0.19,-0.96,-0.07,31.58,-16.59,5.44,0.99
1800430450.1030247,-0.08,-1.09,0.09,4.94,-61.02,24.74,1.1
1800430450.2060497,0.03,-0.8,0.07,0.28,-48.72,4.72,0.81
1800430450.3090744,-0.1,-1.05,0.16,19.98,-39.0,7.22,1.07
1800430450.4120994,-0.13,-0.92,0.25,7.83,-45.27,-23.12,0.96
1800430450.515124,-0.11,-1.23,0.4,40.46,-49.33,-51.97,1.3
1800430450.618149,0.06,-1.27,-0.01,1.71,-7.61,-26.82,1.27
1800430450.7211738,0.18,-1.09,-0.02,15.89,-38.17,33.65,1.1
1800430450.8241987,0.06,-0.82,0.25,25.39,-58.48,22.94,0.86
1800430450.9272234,0.06,-0.94,0.21,-20.68,-61.76,20.18,0.97
1800430451.0302482,-0.01,-0.92,0.22,-4.27,-41.69,21.98,0.95
1800430451.1332731,-0.02,-1.07,0.24,-47.12,-22.99,16.0,1.09
1800430451.2362978,-0.17,-1.22,0.42,6.37,-42.73,-32.11,1.3
1800430451.3393228,0.15,-1.37,-0.31,-137.74,-2.03,-1.37,1.41
1800430451.4423475,-0.19,-0.99,0.13,93.41,-100.22,68.1,1.01
1800430451.5453725,-0.04,-0.8,0.09,-4.29,-74.35,-14.63,0.81
1800430451.6483972,-0.13,-0.95,0.09,34.66,-50.12,35.63,0.96
1800430451.7514222,-0.13,-0.92,0.2,12.65,-66.13,7.61,0.95
1800430451.854447,-0.17,-1.31,0.25,62.14,-72.39,40.71,1.35
1800430451.9574716,0.26,-1.34,0.01,-8.53,-37.92,-36.01,1.37
1800430452.0604966,0.15,-0.95,-0.17,-8.89,-38.79,38.4,0.97
1800430452.1635213,0.07,-1.0,0.09,-11.37,-34.77,-16.94,1.0
1800430452.2665462,0.06,-0.78,0.1,-26.48,-55.26,-18.24,0.79
1800430452.369571,0.06,-1.02,0.2,-12.75,-46.18,12.89,1.04
1800430452.472596,0.04,-0.98,0.3,-14.02,-28.44,2.51,1.03
1800430452.5756207,-0.06,-1.19,0.3,-17.97,-1.82,-1.88,1.23
1800430452.6786456,0.07,-1.39,-0.27,-96.53,40.48,1.92,1.42
1800430452.7816703,-0.03,-0.95,-0.09,41.29,-9.27,27.33,0.96
1800430452.884695,-0.01,-0.85,0.07,15.85,-32.5,-4.7,0.86
1800430452.98772,-0.17,-0.93,0.08,7.63,2.9,16.77,0.94
1800430453.0907447,-0.11,-0.95,0.19,12.69,-10.5,-9.74,0.98
1800430453.1937697,-0.12,-1.14,0.21,-27.19,-8.19,11.25,1.17
1800430453.2967944,0.09,-1.25,0.17,37.33,-22.57,-57.6,1.26
1800430453.3998194,0.08,-0.96,0.03,87.57,33.33,24.96,0.96
1800430453.502844,0.02,-1.1,0.11,16.54,76.5,8.73,1.1
1800430453.605869,0.08,-0.85,0.15,13.28,65.88,15.69,0.87
1800430453.7088938,0.04,-1.0,0.21,-4.24,50.93,32.86,1.02
1800430453.8119185,0.0,-1.01,0.3,-10.71,25.04,28.57,1.05
1800430453.9149435,-0.09,-1.29,0.38,-1.43,36.57,25.07,1.35
1800430454.0179682,0.05,-1.17,0.05,-20.03,25.35,-24.94,1.18
1800430454.1209931,-0.22,-0.99,-0.15,3.21,45.31,13.63,1.03
1800430454.2240179,0.01,-0.94,0.12,40.78,-11.81,-9.32,0.95
0.0,0.0,0.0,0.0,0.0,0.0,0.0,0.0
1800430455.0,0.58,-1.96,-0.99,3.15,55.98,-119.42,2.27
1800430455.1020422,0.01,-1.12,-0.09,64.24,-31.41,126.08,1.12
1800430455.2040842,-0.43,-0.43,0.3,34.03,133.98,107.64,0.67
1800430455.3061264,0.3,-0.6,0.48,-1.41,309.57,48.07,0.82
1800430455.4081683,0.68,-1.99,0.14,34.34,413.94,121.79,2.1
1800430455.5102105,0.22,-0.5,-0.42,67.79,351.73,-80.08,0.69
1800430455.6122527,0.19,-0.04,-0.47,81.47,112.18,-176.88,0.51
1800430455.7142947,0.49,-1.17,-0.72,-113.17,-244.37,-119.38,1.46
1800430455.8163369,0.76,-1.49,0.13,-63.7,-326.98,47.9,1.68
1800430455.918379,0.04,-0.5,0.32,86.6,11.13,93.82,0.6
1800430456.020421,-0.13,-0.24,0.53,10.17,222.22,193.8,0.59
1800430456.1224632,0.5,-1.94,0.03,-115.05,494.43,58.16,2.0
1800430456.2245052,0.42,-1.46,-0.65,59.1,324.52,113.65,1.65
1800430456.3265474,0.09,0.35,-0.77,50.57,100.74,-64.01,0.85
1800430456.4285896,0.46,-0.67,-0.52,-0.3,-222.66,63.65,0.96
1800430456.5306315,1.11,-1.9,-0.32,8.88,-435.95,-31.63,2.22
1800430456.6326737,0.07,-0.65,0.5,269.07,-121.48,74.49,0.83
1800430456.734716,-0.33,-0.04,0.48,5.18,39.17,58.64,0.59
1800430456.836758,0.16,-1.13,0.09,-65.24,324.16,80.53,1.15
1800430456.9388,0.59,-1.81,-0.49,66.67,329.69,104.88,1.96
1800430457.040842,0.03,-0.37,-0.46,32.22,225.9,1.76,0.59
0.0,0.0,0.0,0.0,0.0,0.0,0.0,0.0
1800430460.0,0.03,-0.87,0.44,18.78,-30.3,-39.36,0.97
1800430460.1017,0.07,-0.93,0.36,-12.08,-66.92,-38.03,1.0
1800430460.2034,-0.11,-0.91,0.46,-3.01,-10.75,-70.73,1.02
1800430460.3051,-0.06,-0.78,0.36,-39.94,-53.34,-50.51,0.86
1800430460.4068,-0.14,-0.81,0.36,-15.35,-20.1,-67.84,0.89
1800430460.5084999,-0.22,-0.88,0.31,4.74,-25.03,-17.4,0.96
1800430460.6102,-0.18,-0.82,0.42,25.7,-61.5,-43.73,0.94
1800430460.7119,-0.2,-0.92,0.43,-10.46,-94.33,-5.6,1.03
1800430460.8135998,-0.18,-0.81,0.34,-13.44,-119.91,-4.16,0.9
1800430460.9153,-0.14,-0.85,0.28,-14.2,-151.03,-65.58,0.91
1800430461.017,-0.02,-0.94,0.42,-32.28,-257.71,-61.16,1.03
1800430461.1186998,0.01,-0.56,0.5,23.68,-287.06,-79.79,0.75
1800430461.2203999,0.03,-0.78,0.5,-42.36,-213.77,-115.85,0.93
1800430461.3221,0.02,-0.78,0.49,-54.55,-192.65,-106.94,0.92
1800430461.4237998,-0.07,-0.79,0.35,-1.51,-208.33,-126.64,0.87
1800430461.5254998,-0.23,-0.7,0.43,7.62,-209.41,-124.64,0.86
1800430461.6271996,-0.15,-0.77,0.42,-27.04,-208.43,-135.76,0.89
1800430461.7288997,-0.34,-0.85,0.54,-25.24,-142.34,-120.47,1.07
1800430461.8305998,-0.42,-0.76,0.28,-43.49,-183.39,-45.02,0.91
1800430461.9322996,-0.35,-0.88,0.43,-51.28,-116.04,-32.43,1.04
1800430462.0339997,-0.49,-1.01,0.49,-72.08,-19.58,21.34,1.22
1800430462.1356997,-0.34,-0.99,0.2,-41.36,-19.32,61.21,1.07
1800430462.2373996,-0.09,-0.91,0.3,10.56,6.97,12.1,0.96
1800430462.3390996,0.04,-1.02,0.19,-39.3,24.05,42.09,1.04
1800430462.4407997,0.14,-1.01,0.33,31.42,-36.35,-1.8,1.08
1800430462.5424995,0.01,-0.84,0.23,-85.48,-18.03,60.31,0.87
1800430462.6441996,0.07,-0.93,0.14,34.84,-13.01,36.05,0.94
1800430462.7458997,-0.05,-0.91,0.27,-17.68,7.4,-35.43,0.95
1800430462.8475995,-0.0,-0.9,0.19,-8.96,27.16,-24.11,0.92
1800430462.9492996,-0.12,-0.95,0.39,24.92,92.45,-94.86,1.03
1800430463.0509996,-0.44,-1.03,0.4,25.32,10.46,-72.96,1.19
1800430463.1526995,-0.42,-1.04,0.47,21.24,-94.2,-99.22,1.22
1800430463.2543995,-0.65,-1.02,0.22,-35.45,-65.91,-9.99,1.23
1800430463.3560996,-0.46,-0.91,0.24,24.77,-40.13,21.81,1.05
1800430463.4577994,-0.25,-0.76,0.25,-5.9,-64.2,57.98,0.84
1800430463.5594995,-0.02,-0.51,0.16,-20.1,-79.42,91.17,0.54
1800430463.6611996,0.12,-0.68,0.18,1.25,-62.81,26.82,0.72
1800430463.7628994,-0.02,-0.95,0.38,21.99,-47.78,-29.87,1.02
1800430463.8645995,-0.02,-0.88,0.37,-68.59,-63.35,-27.0,0.96
1800430463.9662995,0.01,-0.85,0.28,-69.58,-69.48,49.01,0.89
1800430464.0679994,-0.28,-0.94,0.22,39.88,13.26,-7.95,1.01
1800430464.1696994,-0.32,-0.82,0.1,-51.16,77.71,33.0,0.89
1800430464.2713993,-0.34,-0.91,0.01,74.63,122.94,33.38,0.97
1800430464.3730993,-0.12,-0.9,0.28,28.9,99.62,68.45,0.95
1800430464.4747994,-0.12,-0.95,0.27,9.04,84.93,78.29,0.99
1800430464.5764992,-0.04,-1.01,0.3,-32.89,22.61,66.95,1.06
1800430464.6781993,-0.25,-0.68,0.29,59.13,3.43,29.48,0.78
1800430464.7798994,0.11,-0.89,0.2,-48.03,45.16,50.08,0.92
1800430464.8815992,-0.11,-0.81,0.39,115.06,-7.14,-29.26,0.9
1800430464.9832993,0.04,-0.85,0.28,-39.3,50.68,3.01,0.9
1800430465.0849993,-0.02,-0.89,0.4,40.0,48.05,22.99,0.98
1800430465.1866992,0.07,-1.0,0.38,-20.35,48.0,67.4,1.07
1800430465.2883992,-0.35,-0.8,0.29,35.23,10.29,-91.0,0.92
1800430465.3900993,-0.18,-0.81,0.14,-83.7,49.42,74.97,0.84
1800430465.491799,-0.42,-0.84,0.14,101.3,-6.82,-79.7,0.95
1800430465.5934992,-0.15,-0.78,0.3,-38.4,-11.75,-6.09,0.85
1800430465.6951993,-0.33,-0.92,0.14,-24.0,-34.15,-5.3,0.99
1800430465.796899,-0.12,-0.9,0.35,-40.38,-109.33,35.46,0.97
1800430465.8985991,-0.08,-0.76,0.24,65.12,122.65,41.58,0.8
1800430466.0002992,-0.21,-0.89,0.33,-22.16,87.82,-26.77,0.98
1800430466.101999,-0.32,-0.87,0.21,30.29,102.92,10.4,0.95
1800430466.203699,-0.37,-0.86,0.43,79.26,20.55,-11.56,1.03
1800430466.3053992,-0.25,-0.81,0.24,-44.9,71.37,27.64,0.88
1800430466.407099,-0.47,-0.91,0.28,17.02,44.2,76.88,1.06
1800430466.508799,-0.33,-0.83,0.28,18.11,63.08,67.08,0.94
1800430466.6104991,-0.36,-0.87,0.23,14.44,79.28,64.64,0.97
1800430466.712199,-0.46,-0.76,0.28,26.58,186.95,75.24,0.93
1800430466.813899,-0.45,-0.86,0.37,44.36,177.05,81.75,1.04
1800430466.9155989,0.05,-0.75,0.49,19.06,148.88,115.44,0.89
1800430467.017299,-0.09,-0.98,0.52,46.64,140.16,81.41,1.11
1800430467.118999,0.05,-0.79,0.54,-48.91,85.94,110.83,0.96
1800430467.2206988,0.21,-0.77,0.27,-25.24,41.49,70.48,0.84
1800430467.322399,0.12,-0.85,0.28,25.84,39.9,12.98,0.9
1800430467.424099,0.05,-1.02,0.37,-36.22,81.55,36.86,1.08
1800430467.5257988,-0.01,-0.95,0.32,-70.49,108.97,60.49,1.0
1800430467.6274989,-0.17,-0.87,0.32,22.37,155.62,43.86,0.94
1800430467.729199,0.02,-0.75,0.24,-40.29,96.92,53.69,0.79
1800430467.8308988,-0.31,-0.97,0.14,41.15,204.59,-22.15,1.03
1800430467.9325988,0.12,-0.83,0.32,63.4,5.51,11.69,0.9
1800430468.034299,-0.01,-0.9,0.19,-20.13,-60.49,22.16,0.92
1800430468.1359987,0.03,-1.17,0.36,-17.69,-146.82,10.82,1.22
1800430468.2376988,0.04,-0.85,0.35,13.56,-228.55,-37.95,0.92
1800430468.3393989,0.01,-0.71,0.36,-17.09,-245.57,-34.99,0.79
1800430468.4410987,0.16,-0.94,0.53,18.6,-228.94,-91.44,1.09
1800430468.5427988,-0.02,-0.77,0.46,-3.38,-186.75,-53.53,0.9
1800430468.6444988,0.08,-0.8,0.22,-10.69,-129.49,-10.75,0.84
1800430468.7461987,0.04,-0.89,0.49,-46.9,-80.31,-24.18,1.02
1800430468.8478987,0.17,-1.09,0.2,-67.5,-75.06,-5.79,1.12
1800430468.9495988,-0.05,-0.7,0.25,29.08,-206.41,6.36,0.74
1800430469.0512986,0.08,-0.96,0.15,-82.12,-79.17,-35.2,0.97
1800430469.1529987,-0.22,-1.02,0.25,64.37,-80.83,1.11,1.07
1800430469.2546988,0.04,-0.79,0.31,9.78,-158.19,-80.26,0.85
1800430469.3563986,0.03,-0.92,0.3,14.1,-29.42,-21.9,0.97
1800430469.4580986,0.06,-0.91,0.27,-8.41,-54.85,-44.67,0.95
1800430469.5597985,0.02,-0.82,0.29,27.72,-81.78,-24.52,0.88
1800430469.6614985,0.06,-0.93,0.34,23.23,-89.31,-12.0,0.99
1800430469.7631986,0.15,-0.93,0.42,5.96,-94.05,-21.14,1.03
1800430469.8648984,0.06,-0.9,0.45,-35.26,-53.31,-30.24,1.01
1800430469.9665985,0.18,-0.86,0.4,-23.17,-82.16,-40.82,0.97
1800430470.0682986,0.08,-0.88,0.44,-55.29,-98.49,-54.08,0.98
1800430470.1699984,0.06,-0.87,0.26,-36.88,-120.22,-13.23,0.91
1800430470.2716985,0.04,-0.86,0.17,-63.31,-131.49,-16.99,0.88
1800430470.3733985,-0.03,-0.92,0.16,-41.02,-143.16,-24.41,0.93
1800430470.4750984,-0.03,-0.91,0.12,-26.7,-181.74,6.41,0.92
1800430470.5767984,-0.06,-1.05,0.02,6.21,-140.55,-52.94,1.05
1800430470.6784985,-0.09,-0.87,-0.03,-22.11,-141.91,-24.36,0.87
1800430470.7801983,0.03,-0.96,-0.04,-13.44,-101.51,-36.58,0.96
1800430470.8818984,-0.03,-0.92,-0.0,1.16,-83.1,-22.22,0.92
1800430470.9835985,0.02,-0.92,-0.01,-21.14,-82.14,28.83,0.92
1800430471.0852983,0.07,-1.22,0.05,7.38,-58.57,32.78,1.22
1800430471.1869984,0.01,-0.51,0.26,5.73,-180.22,61.48,0.58
1800430471.2886984,0.01,-1.01,-0.03,-58.31,-77.85,6.17,1.01
1800430471.3903983,0.02,-0.9,0.27,77.54,-85.56,-24.21,0.94
1800430471.4920983,0.01,-0.91,-0.1,-45.55,5.46,-8.06,0.91
1800430471.5937984,0.14,-0.89,0.08,-11.95,-3.33,-6.38,0.91
1800430471.6954982,0.11,-1.22,0.01,-58.84,136.64,-26.85,1.23
1800430471.7971983,-0.26,-0.84,-0.04,-22.18,105.94,40.16,0.88
1800430471.8988984,-0.07,-0.88,-0.12,-5.09,128.08,-11.64,0.89
1800430472.0005982,-0.12,-0.79,0.06,51.91,86.93,9.9,0.8
1800430472.1022983,-0.06,-0.99,0.02,-28.48,89.21,15.92,0.99
1800430472.203998,-0.08,-0.94,0.04,-1.69,67.79,7.02,0.95
1800430472.3056982,0.03,-1.05,0.01,-22.37,1.65,44.96,1.05
1800430472.4073982,0.12,-0.75,0.26,-0.67,-55.7,15.35,0.81
1800430472.509098,0.13,-0.93,0.26,25.79,-80.62,-90.25,0.97
1800430472.6107981,0.03,-0.85,0.28,0.88,-185.75,-10.89,0.89
1800430472.7124982,-0.16,-0.9,0.2,16.36,-125.03,-35.65,0.94
1800430472.814198,-0.22,-0.94,0.14,20.67,-78.52,-34.05,0.98
1800430472.915898,-0.19,-0.98,0.21,32.24,-54.72,-42.51,1.03
1800430473.0175982,-0.13,-0.88,0.17,-28.01,21.47,10.7,0.91
1800430473.119298,-0.15,-0.91,0.16,-7.43,19.38,10.06,0.93
1800430473.220998,-0.16,-1.01,0.23,-62.69,36.92,12.92,1.05
1800430473.322698,-0.17,-1.09,0.24,-15.94,68.94,16.64,1.13
1800430473.424398,-0.23,-0.65,0.3,-13.96,30.56,75.39,0.75
1800430473.526098,-0.0,-0.92,0.12,-53.19,96.79,40.93,0.93
1800430473.627798,0.0,-0.77,0.28,82.48,44.07,5.5,0.82
1800430473.729498,-0.07,-0.91,0.03,-11.93,83.05,9.13,0.91
1800430473.831198,0.06,-0.88,0.18,21.84,33.51,29.72,0.9
1800430473.932898,-0.05,-0.93,0.34,-50.95,53.24,39.43,0.99
1800430474.0345979,-0.08,-1.19,0.11,-34.4,110.28,-3.9,1.2
1800430474.136298,-0.29,-0.6,0.26,73.37,7.37,28.24,0.71
1800430474.237998,-0.19,-1.03,0.22,-10.87,154.62,24.13,1.07
1800430474.3396978,-0.26,-0.79,0.37,90.5,51.27,43.54,0.91
1800430474.441398,-0.22,-0.92,0.27,14.69,112.27,-17.9,0.98
1800430474.543098,-0.26,-1.07,0.37,-33.13,71.8,85.26,1.16
1800430474.6447978,-0.19,-0.68,0.36,27.59,77.52,112.46,0.79
1800430474.7464979,-0.07,-0.79,0.3,-79.79,169.41,89.68,0.84
1800430474.8481977,-0.07,-0.97,0.34,58.48,175.82,63.87,1.03
1800430474.9498978,-0.06,-0.87,0.35,33.19,206.82,75.79,0.94
1800430475.0515978,-0.02,-0.89,0.43,15.26,205.37,72.47,0.99
1800430475.1532977,0.02,-0.86,0.44,-15.22,170.01,68.82,0.97
1800430475.2549977,-0.15,-0.88,0.34,33.01,166.08,48.99,0.96
1800430475.3566978,-0.07,-0.74,0.24,-58.36,105.2,53.5,0.79
0.0,0.0,0.0,0.0,0.0,0.0,0.0,0.0
1800430465.0,0.13,-1.05,-0.02,-28.32,-22.96,29.5,1.06
1800430465.0993376,0.01,-0.94,-0.05,2.54,-17.55,-15.33,0.94
1800430465.1986754,-0.04,-1.05,0.01,-0.65,-36.73,-41.26,1.05
1800430465.298013,-0.05,-1.0,-0.16,-22.25,-30.85,-45.47,1.02
1800430465.3973505,-0.06,-0.97,-0.13,-42.81,-36.72,32.18,0.98
1800430465.4966884,-0.0,-0.99,-0.14,-38.47,-31.15,13.32,1.0
1800430465.596026,0.02,-1.15,-0.09,-21.92,15.69,31.95,1.16
1800430465.6953635,0.14,-1.24,-0.06,-13.33,0.03,84.06,1.25
1800430465.7947013,0.16,-1.27,0.22,-33.57,51.44,51.36,1.3
1800430465.894039,0.15,-0.76,0.2,-22.62,69.35,-53.94,0.8
1800430465.9933767,0.08,-0.63,0.16,47.97,9.45,-46.62,0.66
1800430466.0927143,-0.11,-0.7,-0.13,4.47,-76.48,-57.21,0.72
1800430466.192052,-0.01,-1.51,-0.14,-119.05,-140.09,47.95,1.52
1800430466.2913897,0.21,-1.46,-0.12,77.48,-60.19,51.13,1.48
1800430466.3907273,0.21,-1.55,0.3,62.54,-29.25,24.49,1.6
1800430466.4900649,-0.01,-0.78,0.38,91.78,-13.2,-86.44,0.86
1800430466.5894027,-0.0,-0.42,-0.12,37.02,-28.97,2.16,0.44
1800430466.6887403,0.06,-0.45,-0.02,-151.13,-64.67,32.77,0.46
1800430466.7880778,0.17,-1.06,0.14,-121.86,-6.15,7.05,1.08
1800430466.8874156,0.29,-1.71,-0.19,29.68,64.52,40.14,1.74
1800430466.9867532,0.26,-1.32,0.31,10.45,102.63,11.73,1.38
1800430467.0860908,0.14,-0.78,0.18,35.76,106.86,-14.72,0.82
1800430467.1854286,0.02,-0.47,0.1,86.98,39.15,-1.39,0.48
1800430467.2847662,-0.02,-0.74,-0.1,14.93,-57.1,-57.63,0.75
1800430467.3841038,0.05,-1.17,-0.22,-59.46,-138.58,-35.7,1.19
1800430467.4834416,0.47,-2.04,-0.09,-65.55,-102.42,44.46,2.1
1800430467.5827792,0.11,-0.76,0.33,59.81,-9.67,-69.99,0.83
0.0,0.0,0.0,0.0,0.0,0.0,0.0,0.0
1800430470.0,0.23,-0.95,0.24,-52.22,-102.33,141.96,1.01
1800430470.102103,0.24,-0.97,0.17,41.61,-41.68,37.71,1.01
1800430470.2042058,0.26,-0.95,0.18,55.94,-38.67,-1.44,1.0
1800430470.3063087,0.27,-0.84,0.21,36.82,-160.02,17.62,0.91
1800430470.4084117,0.38,-0.76,0.22,125.79,-188.06,25.01,0.88
1800430470.5105145,0.11,-0.58,0.21,-3.89,-243.83,86.12,0.62
1800430470.6126175,0.26,-0.75,0.36,-43.5,-215.29,79.77,0.87
1800430470.7147202,0.22,-0.93,0.31,36.18,-185.76,14.15,1.0
1800430470.8168232,0.16,-0.97,0.29,77.45,-166.17,5.9,1.02
1800430470.9189262,0.29,-1.16,0.32,100.65,-171.98,-0.21,1.24
1800430471.021029,0.5,-1.05,0.18,140.15,-80.02,-89.66,1.17
1800430471.123132,0.17,-0.59,-0.13,147.0,-175.55,-66.97,0.63
1800430471.225235,0.61,-0.98,0.17,-58.19,-243.15,150.14,1.17
1800430471.3273377,0.18,-0.38,0.18,30.99,-167.59,-31.36,0.46
1800430471.4294407,-0.0,-0.51,0.22,-193.61,-120.91,31.61,0.55
1800430471.5315437,0.67,-1.48,0.61,-138.96,27.02,5.79,1.74
1800430471.6336465,0.08,-1.44,0.37,263.76,244.46,132.47,1.49
1800430471.7357495,0.25,-0.45,0.15,103.43,197.56,-118.21,0.54
1800430471.8378522,0.23,-0.52,0.13,-57.47,66.28,-80.78,0.58
1800430471.9399552,0.22,-0.65,0.2,-76.97,19.98,-37.07,0.72
1800430472.0420582,0.07,-0.71,0.16,-93.9,-62.83,-38.81,0.74
1800430472.144161,0.02,-1.62,0.21,-20.59,-208.38,48.82,1.63
1800430472.246264,0.2,-1.21,0.51,111.91,-29.68,96.55,1.32
1800430472.348367,0.23,-0.62,0.12,147.83,24.19,-132.72,0.67
1800430472.4504697,0.13,-0.77,0.01,35.27,-41.36,-6.62,0.78
1800430472.5525727,0.27,-0.46,0.18,-93.85,-95.37,31.15,0.57
1800430472.6546757,0.13,-0.85,0.28,-135.04,-56.41,-24.81,0.91
1800430472.7567785,0.12,-1.24,0.4,-5.15,64.62,14.57,1.31
1800430472.8588815,0.11,-1.22,0.52,-66.89,103.85,85.99,1.33
1800430472.9609842,0.32,-0.63,0.35,118.72,198.52,-123.3,0.79
0.0,0.0,0.0,0.0,0.0,0.0,0.0,0.0
1800430475.0,0.28,-0.93,-0.34,20.25,119.14,-91.23,1.03
1800430475.103427,0.09,-0.73,-0.38,23.41,109.0,-79.41,0.83
1800430475.2068539,0.05,-0.84,-0.44,35.77,125.88,-73.93,0.96
1800430475.3102808,0.01,-0.86,-0.46,-6.69,67.37,-72.86,0.97
1800430475.4137077,-0.08,-0.82,-0.23,-13.25,21.19,-16.48,0.86
1800430475.5171344,-0.09,-0.93,-0.23,-17.01,-15.2,7.43,0.96
1800430475.6205614,0.02,-0.98,-0.38,0.08,-5.95,-6.01,1.05
1800430475.7239883,0.01,-1.13,-0.19,47.88,-7.86,36.52,1.15
1800430475.8274152,0.06,-0.99,-0.26,69.0,53.73,-0.95,1.03
1800430475.9308422,0.48,-1.13,-0.34,78.4,119.16,0.97,1.28
1800430476.034269,0.08,-0.66,-0.04,-65.48,22.76,-65.58,0.66
1800430476.137696,0.24,-0.91,-0.41,-23.75,110.11,-32.61,1.03
1800430476.241123,-0.02,-0.81,-0.08,-53.43,-2.68,-32.42,0.82
1800430476.3445497,0.05,-0.96,-0.23,-18.25,-23.29,11.81,0.99
1800430476.4479766,0.09,-1.05,-0.33,41.37,-116.76,-16.44,1.11
1800430476.5514035,0.13,-1.2,-0.58,8.34,-42.66,38.58,1.34
1800430476.6548305,-0.25,-0.49,-0.21,-38.35,-172.77,2.67,0.59
1800430476.7582574,0.06,-0.93,-0.28,66.8,-58.95,84.75,0.97
1800430476.8616843,-0.02,-0.73,-0.23,-30.05,-176.26,48.41,0.77
1800430476.9651113,0.02,-0.95,-0.1,72.68,-38.21,20.65,0.95
1800430477.0685382,0.09,-1.11,-0.25,31.41,-60.01,-1.46,1.14
1800430477.171965,0.41,-1.09,-0.39,20.57,104.16,-37.89,1.23
1800430477.2753918,-0.18,-0.68,-0.0,-84.21,-107.38,19.35,0.71
1800430477.3788188,0.09,-0.82,-0.55,-110.13,-15.73,-5.61,0.99
1800430477.4822457,-0.06,-0.73,-0.21,-22.52,-57.26,-3.04,0.76
1800430477.5856726,0.1,-0.93,-0.4,23.88,-51.98,41.79,1.02
1800430477.6890996,-0.04,-1.02,-0.56,14.77,-118.06,56.69,1.16
1800430477.7925265,0.09,-0.7,-0.51,2.72,-233.15,3.04,0.87
1800430477.8959534,-0.07,-0.77,-0.34,16.03,-103.47,127.77,0.84
1800430477.99938,0.17,-0.81,-0.63,-7.25,-143.22,36.62,1.04
1800430478.102807,-0.01,-0.82,-0.18,63.21,-86.86,66.19,0.84
1800430478.206234,0.15,-0.98,-0.32,54.0,-1.48,23.14,1.04
0.0,0.0,0.0,0.0,0.0,0.0,0.0,0.0
1800430480.0,-0.36,-0.74,0.18,10.29,-90.25,6.47,0.84
1800430480.1088886,-0.23,-0.88,0.15,-83.26,-74.26,12.59,0.93
1800430480.2177773,-0.1,-0.88,0.09,-73.58,17.22,-14.34,0.89
1800430480.3266659,-0.04,-0.79,0.18,68.33,83.8,35.91,0.81
1800430480.4355545,-0.31,-1.37,-0.03,-3.51,106.52,-15.64,1.4
1800430480.5444431,-0.38,-1.23,0.41,-10.94,98.25,-37.89,1.35
1800430480.6533318,-0.16,-0.75,0.26,-34.19,87.93,106.33,0.81
1800430480.7622204,-0.12,-0.73,0.18,76.11,125.65,102.77,0.76
1800430480.871109,-0.28,-0.63,0.15,90.62,111.33,6.18,0.7
1800430480.9799976,-0.51,-0.8,0.37,30.8,58.7,-95.33,1.02
1800430481.0888863,-0.62,-0.96,0.35,-53.42,-83.43,-94.8,1.19
1800430481.197775,-0.46,-1.09,0.5,-25.41,-137.82,-174.36,1.29
1800430481.3066635,-0.46,-0.54,0.29,-44.26,-153.72,-50.68,0.77
1800430481.4155521,-0.32,-0.74,0.16,-66.38,-112.91,-2.02,0.82
1800430481.5244408,-0.28,-0.88,0.15,-73.67,-21.71,-29.84,0.94
1800430481.6333294,-0.31,-1.02,0.16,17.97,42.89,-51.31,1.08
1800430481.742218,-0.54,-1.27,0.39,85.65,50.3,-72.62,1.43
1800430481.8511066,-0.3,-0.66,0.26,-50.26,-20.14,148.95,0.77
1800430481.9599953,-0.38,-0.76,0.15,24.26,-20.03,48.62,0.86
1800430482.068884,-0.45,-0.69,0.31,9.08,-26.67,-89.21,0.88
1800430482.1777725,-0.48,-0.67,0.26,-26.8,-86.28,-123.09,0.87
1800430482.2866611,-0.67,-1.1,0.44,-3.76,-112.88,-135.54,1.36
1800430482.3955498,-0.6,-1.15,0.46,-29.87,-173.4,-90.2,1.38
1800430482.5044384,-0.41,-0.68,0.23,-80.51,-236.87,-0.98,0.83
0.0,0.0,0.0,0.0,0.0,0.0,0.0,0.0
1800430485.0,-0.16,-0.93,0.38,50.38,-65.41,-32.78,1.02
1800430485.0930488,-0.2,-0.85,0.47,20.46,-70.39,25.48,0.99
1800430485.1860976,-0.24,-1.04,0.3,-11.09,-24.71,27.79,1.11
1800430485.2791467,-0.35,-0.99,0.32,3.69,-7.12,4.13,1.1
1800430485.3721955,-0.18,-0.94,0.3,15.29,31.24,-13.52,1.0
1800430485.4652443,-0.25,-1.02,0.35,53.95,33.4,-48.25,1.11
1800430485.558293,-0.21,-0.89,0.4,56.9,14.92,-54.89,1.0
1800430485.651342,-0.24,-1.01,0.42,-30.26,-2.81,-21.72,1.12
1800430485.744391,-0.17,-1.15,0.39,-22.97,87.3,-20.4,1.22
1800430485.8374398,-0.23,-0.82,0.4,-28.18,7.7,-102.07,0.94
1800430485.9304886,0.04,-0.73,0.43,-16.52,49.01,-87.08,0.85
1800430486.0235374,-0.08,-0.8,0.63,91.87,67.54,-39.07,1.02
1800430486.1165862,0.07,-0.78,0.42,11.73,-5.3,-24.81,0.89
1800430486.2096353,0.14,-0.95,0.34,33.66,-41.49,-16.92,1.02
1800430486.302684,-0.03,-1.17,0.69,5.25,3.32,1.43,1.36
1800430486.3957329,0.1,-1.02,0.44,-52.42,-51.41,-17.98,1.12
1800430486.4887817,-0.27,-0.94,0.64,-50.09,-7.7,-43.46,1.17
1800430486.5818305,0.05,-0.66,0.35,-59.55,-22.65,-63.19,0.75
1800430486.6748796,-0.04,-0.85,0.44,51.42,3.32,-61.71,0.96
1800430486.7679284,0.16,-0.85,0.3,4.41,3.14,26.9,0.91
1800430486.8609772,-0.01,-1.0,0.51,11.73,-6.49,68.12,1.12
1800430486.954026,-0.04,-1.11,0.55,-32.94,-36.87,45.43,1.23
1800430487.0470748,0.05,-1.05,0.51,-33.96,-58.6,43.43,1.17
1800430487.1401238,0.07,-0.63,0.48,12.6,-135.52,-9.36,0.79
1800430487.2331727,0.11,-0.74,0.37,-57.67,-19.39,159.79,0.84
1800430487.3262215,-0.23,-0.96,0.59,16.18,-77.22,51.46,1.15
1800430487.4192703,-0.08,-0.9,0.28,-16.87,-46.0,31.06,0.95
1800430487.512319,-0.26,-1.11,0.44,-48.11,17.04,46.02,1.22
1800430487.6053681,-0.39,-1.24,0.43,-66.17,83.91,2.96,1.37
0.0,0.0,0.0,0.0,0.0,0.0,0.0,0.0
1800430490.0,0.01,-1.01,0.09,9.06,-36.26,-1.93,1.02
1800430490.1032586,0.01,-0.92,0.1,19.76,-8.48,3.34,0.93
1800430490.2065175,-0.03,-0.93,0.07,2.65,-16.36,28.0,0.93
1800430490.309776,0.01,-0.94,0.05,-16.77,-10.14,37.57,0.94
1800430490.413035,0.09,-0.97,-0.01,-26.54,-6.9,27.45,0.98
1800430490.5162935,0.03,-1.0,-0.03,-31.14,-15.92,32.95,1.0
1800430490.6195521,0.11,-1.01,-0.13,-6.76,-2.8,31.28,1.02
1800430490.722811,0.22,-1.19,-0.16,12.73,16.72,32.87,1.22
1800430490.8260696,0.34,-1.1,-0.4,33.37,-8.12,2.64,1.22
1800430490.9293282,0.08,-1.03,-0.22,33.83,-37.28,2.76,1.06
1800430491.032587,0.11,-1.14,-0.31,15.58,-23.8,26.13,1.19
1800430491.1358457,0.08,-1.06,-0.3,11.31,-17.96,-11.23,1.1
1800430491.2391045,0.13,-0.97,-0.1,-2.69,-33.13,-29.87,0.99
1800430491.342363,0.15,-0.93,-0.12,18.97,-27.99,-55.76,0.95
1800430491.4456217,0.15,-0.98,-0.04,6.85,-24.2,-36.34,0.99
1800430491.5488806,0.04,-0.72,-0.11,25.14,-40.6,-28.52,0.73
1800430491.6521392,0.05,-0.53,0.13,7.29,-116.47,-45.56,0.54
1800430491.7553978,0.12,-1.26,-0.2,34.64,25.41,31.18,1.28
1800430491.8586566,0.12,-0.84,0.05,-16.47,-103.15,29.16,0.85
1800430491.9619153,0.04,-1.04,-0.03,53.34,-28.61,4.86,1.04
0.0,0.0,0.0,0.0,0.0,0.0,0.0,0.0
1800430495.0,1.11,0.28,-0.26,132.68,33.1,25.29,1.18
1800430495.0990336,0.75,-0.13,-0.06,153.86,-33.07,8.28,0.76
1800430495.198067,0.77,0.0,-0.05,81.63,-46.25,16.48,0.77
1800430495.2971005,0.91,-0.11,-0.05,59.78,-54.05,99.39,0.92
1800430495.3961341,0.95,-0.08,0.01,11.5,-24.86,-15.75,0.95
1800430495.4951675,0.95,-0.21,-0.1,-13.34,-39.4,-73.86,0.98
1800430495.594201,1.13,-0.2,-0.18,15.75,-30.37,-29.51,1.16
1800430495.6932344,0.99,0.24,-0.43,11.97,-24.58,-67.71,1.1
1800430495.792268,0.8,-0.07,-0.3,-2.05,-30.77,-30.03,0.86
1800430495.8913016,0.65,-0.11,-0.17,48.54,15.41,38.97,0.68
1800430495.990335,0.79,-0.15,-0.25,11.66,-11.03,70.75,0.84
1800430496.0893686,0.93,-0.21,-0.24,21.88,6.07,-8.96,0.98
1800430496.1884022,1.18,-0.15,-0.23,32.39,-11.94,0.54,1.21
1800430496.2874355,1.17,0.42,-0.17,-3.6,-19.59,-57.55,1.25
1800430496.3864691,0.8,-0.04,-0.05,-45.66,-60.56,-10.86,0.8
1800430496.4855025,0.73,-0.03,-0.12,-51.86,-38.45,13.49,0.74
1800430496.584536,0.81,-0.12,-0.05,-26.93,-47.44,-31.18,0.82
1800430496.6835697,0.97,-0.14,-0.04,-31.76,-31.27,-9.49,0.98
1800430496.782603,1.15,-0.25,-0.18,-30.09,-27.2,-71.6,1.19
1800430496.8816366,0.96,0.19,-0.34,-17.74,-46.69,-110.36,1.03
1800430496.9806702,0.84,-0.01,-0.27,-52.18,-43.1,6.6,0.88
1800430497.0797036,0.7,-0.14,-0.23,-22.34,14.78,31.24,0.74
1800430497.1787372,0.78,-0.18,-0.29,-31.13,11.31,24.74,0.85
1800430497.2777705,0.79,-0.17,-0.32,-11.63,-0.75,-27.56,0.87
1800430497.376804,1.03,-0.23,-0.21,-8.45,7.8,19.72,1.08
1800430497.4758377,1.3,0.38,-0.32,-35.5,-18.93,-60.44,1.39
1800430497.574871,0.78,-0.02,-0.01,-13.4,-49.55,14.37,0.78
1800430497.6739047,0.76,-0.02,-0.14,-32.84,-0.25,-23.87,0.78
1800430497.7729383,0.72,-0.11,-0.07,-31.24,-35.95,-23.56,0.73
1800430497.8719716,0.97,-0.08,-0.02,-61.19,-35.53,3.44,0.97
1800430497.9710052,1.05,-0.2,-0.23,-75.24,-50.03,-81.59,1.1
1800430498.0700386,1.1,0.09,-0.25,-85.69,-41.6,3.15,1.13
0.0,0.0,0.0,0.0,0.0,0.0,0.0,0.0
1800430500.0,-0.43,-0.83,-0.0,-7.93,-22.7,-24.23,0.94
1800430500.1014342,-0.42,-0.81,0.06,19.41,-76.79,-35.81,0.91
1800430500.2028685,-0.39,-0.76,0.15,5.84,-132.03,-71.54,0.87
1800430500.3043027,-0.48,-0.78,0.05,26.44,-196.58,-68.68,0.91
1800430500.405737,-0.43,-0.81,0.25,4.84,-200.02,-126.32,0.95
1800430500.5071712,-0.45,-0.99,-0.07,-51.78,-128.09,-61.3,1.09
1800430500.6086056,-0.26,-0.82,-0.01,21.0,-117.22,7.52,0.86
1800430500.7100399,-0.52,-0.83,-0.32,-57.31,-27.17,-51.6,1.03
1800430500.811474,-0.22,-0.78,-0.02,-32.52,-10.9,-34.11,0.81
1800430500.9129083,-0.52,-0.99,-0.19,44.89,1.42,-37.66,1.14
1800430501.0143425,-0.33,-0.91,-0.1,6.36,-37.28,-34.98,0.97
1800430501.1157768,-0.47,-0.72,0.08,9.97,-158.91,-15.6,0.86
1800430501.217211,-0.82,-0.92,0.11,-11.18,-252.73,-65.44,1.23
1800430501.3186452,-0.93,-1.0,-0.04,-48.13,-175.2,-152.89,1.36
1800430501.4200795,-0.05,-0.62,-0.29,-66.51,-142.4,-14.32,0.69
1800430501.5215137,-0.07,-0.43,-0.3,-113.77,-50.01,82.45,0.52
1800430501.6229482,-0.3,-1.47,-0.55,-136.74,324.25,-48.91,1.59
1800430501.7243824,-0.34,-0.87,-0.06,118.16,140.18,-29.32,0.93
1800430501.8258166,-0.4,-0.21,0.21,-1.08,-7.54,40.96,0.5
1800430501.9272509,-0.26,-0.81,0.8,-21.24,-377.62,-50.5,1.17
1800430502.028685,-0.99,-1.14,-0.2,85.91,-164.94,-138.41,1.52
1800430502.1301193,-0.12,-0.58,-0.57,-129.14,-80.91,-25.36,0.83
1800430502.2315536,-0.0,-0.48,-0.27,-85.02,-19.48,91.21,0.55
1800430502.3329878,-0.86,-1.63,-0.94,-58.09,520.0,-48.49,2.07
1800430502.434422,-0.28,-0.63,0.11,195.58,163.93,-20.27,0.7
1800430502.5358562,-0.36,-0.37,0.31,75.14,56.61,78.73,0.6
1800430502.6372907,-0.45,-0.88,0.13,-51.42,-138.63,60.45,1.0
1800430502.738725,-1.22,-1.15,-0.98,-160.82,9.67,-31.44,1.94
1800430502.8401592,-0.2,-0.55,-0.07,14.02,-141.79,-114.87,0.59
1800430502.9415934,-0.19,-0.71,-0.08,-21.34,-88.21,-64.14,0.74
1800430503.0430276,-0.31,-0.87,-0.08,-34.81,-23.72,-33.44,0.93
1800430503.1444619,-0.24,-1.16,-0.24,-54.51,-0.67,29.42,1.2
1800430503.245896,-0.32,-0.95,-0.05,23.1,-22.93,51.58,1.0
1800430503.3473303,-0.48,-0.98,-0.47,-53.29,1.67,55.07,1.19
1800430503.4487646,-0.23,-0.66,-0.08,50.32,46.45,5.59,0.7
0.0,0.0,0.0,0.0,0.0,0.0,0.0,0.0
1800430505.0,-0.05,-0.95,0.21,1.89,-36.61,18.6,0.97
1800430505.0991223,-0.02,-0.89,0.23,4.15,-43.98,-0.52,0.92
1800430505.1982448,0.05,-0.8,0.24,14.29,-35.55,-21.38,0.84
1800430505.297367,0.02,-0.87,0.23,6.07,-26.38,-27.96,0.9
1800430505.3964896,0.05,-0.89,0.26,0.73,-60.68,-16.54,0.93
1800430505.495612,-0.12,-0.85,0.24,12.87,-86.18,-13.52,0.89
1800430505.5947344,-0.03,-0.86,0.3,51.14,-124.79,-4.32,0.91
1800430505.6938567,-0.03,-0.99,0.37,46.46,-137.69,0.75,1.06
1800430505.7929792,0.02,-1.19,0.22,87.59,-93.26,20.07,1.21
1800430505.8921015,-0.06,-0.79,0.04,17.97,-98.94,-15.45,0.8
1800430505.991224,-0.18,-0.91,0.07,-29.51,-111.71,-67.7,0.93
1800430506.0903463,0.03,-0.73,0.16,-17.4,-78.59,-23.84,0.75
1800430506.1894689,-0.2,-0.91,0.19,13.31,-39.19,-15.52,0.96
1800430506.2885911,-0.12,-0.88,0.19,-2.62,-27.83,-19.07,0.91
1800430506.3877137,-0.17,-1.03,0.31,-64.35,-56.59,17.42,1.09
1800430506.486836,0.16,-0.87,-0.06,18.12,20.28,13.17,0.89
1800430506.5859585,0.04,-0.9,0.08,-17.83,-25.57,-15.13,0.9
1800430506.6850808,-0.02,-0.7,0.15,-2.95,-12.26,-26.26,0.71
1800430506.7842033,-0.03,-0.81,0.17,30.47,-23.98,-22.2,0.83
1800430506.8833256,-0.02,-0.88,0.27,33.33,-11.59,3.94,0.92
1800430506.982448,-0.08,-1.29,0.28,25.26,-49.95,43.07,1.32
1800430507.0815704,-0.04,-0.91,-0.13,30.46,-35.42,28.35,0.92
1800430507.180693,-0.22,-0.9,0.02,-20.49,-78.16,-60.69,0.92
1800430507.2798152,-0.07,-0.65,0.15,-16.57,-60.88,-9.45,0.67
1800430507.3789377,-0.21,-0.84,0.17,-14.34,-48.76,-14.4,0.88
1800430507.47806,-0.14,-0.94,0.24,-14.37,-40.64,46.27,0.98
1800430507.5771825,0.01,-1.26,0.17,23.01,-20.63,41.9,1.27
1800430507.6763048,0.2,-0.71,0.01,1.83,-13.69,-42.84,0.73
1800430507.7754273,-0.02,-0.91,0.19,-11.93,-14.84,-44.96,0.93
1800430507.8745496,-0.01,-0.72,0.2,3.47,-34.12,-23.91,0.75
1800430507.973672,0.04,-0.83,0.33,6.5,-20.38,-27.49,0.9
1800430508.0727944,0.0,-0.99,0.26,33.54,13.33,-13.3,1.02
0.0,0.0,0.0,0.0,0.0,0.0,0.0,0.0
1800430510.0,0.12,-0.75,0.02,-44.49,-71.7,-57.18,0.76
1800430510.103856,0.05,-0.66,-0.04,-83.26,-139.2,-28.73,0.66
1800430510.2077124,0.07,-0.67,-0.09,-89.87,-144.41,8.61,0.68
1800430510.3115685,0.12,-0.89,-0.16,-131.46,-108.8,-22.53,0.91
1800430510.4154248,0.18,-1.22,-0.2,-82.04,-104.98,-28.91,1.25
1800430510.519281,0.28,-0.96,-0.18,84.6,-149.8,-15.48,1.01
1800430510.6231372,0.43,-1.35,0.18,190.44,-100.45,-21.19,1.42
1800430510.7269933,-0.38,-1.28,0.62,142.78,-94.3,169.13,1.47
1800430510.8308496,0.3,-1.5,0.28,-62.8,42.81,-65.57,1.56
1800430510.9347057,0.08,-1.17,0.14,-104.76,75.47,-105.09,1.18
1800430511.038562,0.2,-0.83,-0.04,-27.0,-32.89,81.21,0.85
1800430511.1424181,0.06,-0.93,-0.12,103.25,-32.54,-23.85,0.93
1800430511.2462745,-0.02,-1.0,0.21,140.57,-58.88,77.98,1.02
1800430511.3501306,-0.08,-1.07,0.18,14.97,-2.07,-21.54,1.09
1800430511.4539866,0.05,-1.12,0.18,-128.97,2.04,-11.25,1.13
1800430511.557843,0.17,-0.9,0.05,-97.57,-61.3,6.43,0.92
1800430511.661699,0.15,-0.92,0.14,61.39,-26.9,-42.9,0.94
1800430511.7655554,-0.01,-1.06,0.19,57.49,-24.19,2.71,1.08
0.0,0.0,0.0,0.0,0.0,0.0,0.0,0.0
1800430515.0,-0.02,0.85,0.14,-37.47,19.88,19.27,0.86
1800430515.0994825,-0.02,0.69,0.07,-66.84,-9.17,-16.16,0.69
1800430515.198965,0.08,0.6,0.01,-41.89,-4.05,-8.28,0.6
1800430515.2984476,0.09,0.55,-0.03,-73.62,14.54,-2.81,0.56
1800430515.3979301,0.18,0.9,0.11,-66.16,-24.34,-35.14,0.92
1800430515.4974127,0.2,1.12,0.04,-12.41,-8.06,-22.21,1.14
1800430515.5968952,0.33,1.23,0.03,19.84,8.46,51.86,1.27
1800430515.6963778,0.39,1.06,0.11,8.74,8.36,9.47,1.13
1800430515.7958603,0.4,1.13,0.32,55.86,36.64,-5.12,1.24
1800430515.8953428,0.67,0.51,0.34,-21.3,97.19,-40.99,0.91
1800430515.9948254,0.48,0.92,0.02,-456.44,-142.83,91.21,1.04
1800430516.0943077,0.07,1.41,0.01,242.02,-10.41,-134.02,1.41
1800430516.1937902,0.21,1.09,-0.07,35.27,-23.85,41.81,1.11
1800430516.2932727,0.41,0.6,0.07,21.88,45.47,67.07,0.73
1800430516.3927553,0.09,1.06,0.07,13.72,-9.4,-10.96,1.06
1800430516.4922378,0.23,1.05,0.15,-51.36,-17.4,17.54,1.08
1800430516.5917203,0.18,0.92,0.2,-22.72,-3.42,16.17,0.96
1800430516.6912029,0.2,0.91,0.2,-7.59,-3.98,-0.49,0.95
0.0,0.0,0.0,0.0,0.0,0.0,0.0,0.0
1800430520.0,0.57,0.77,-0.05,34.69,-63.8,-15.72,0.96
1800430520.1020107,0.5,0.78,-0.01,23.45,-69.72,-9.3,0.92
1800430520.2040212,0.39,0.78,-0.05,30.27,-51.43,-7.65,0.87
1800430520.306032,0.36,0.86,-0.03,22.79,-9.34,-28.56,0.94
1800430520.4080427,0.43,0.75,0.04,-7.15,-48.65,-24.4,0.87
1800430520.5100534,0.35,0.9,-0.01,33.13,-22.46,-31.4,0.96
1800430520.612064,0.44,0.91,-0.06,-6.46,-11.26,4.78,1.01
1800430520.7140746,0.43,0.87,0.03,-4.38,-26.45,36.02,0.97
1800430520.8160853,0.51,0.75,-0.04,-52.66,-14.31,71.58,0.91
1800430520.9180958,0.39,0.75,0.1,-17.6,-37.14,20.59,0.86
1800430521.0201066,0.72,0.77,-0.01,-17.57,62.09,-41.05,1.05
1800430521.1221173,0.46,0.73,0.17,18.59,5.31,-0.61,0.88
1800430521.224128,0.43,0.79,0.06,24.27,46.39,3.01,0.9
1800430521.3261385,0.65,0.79,-0.02,80.42,44.13,54.47,1.02
1800430521.4281492,0.57,1.09,-0.14,60.98,131.56,14.46,1.24
1800430521.53016,0.24,0.52,0.02,-9.19,-6.99,96.04,0.57
1800430521.6321704,0.42,0.89,-0.07,-17.41,144.63,-32.37,0.99
1800430521.7341812,0.36,0.79,-0.03,-33.84,-1.97,81.1,0.87
1800430521.836192,0.43,0.89,-0.05,-28.6,33.02,-46.91,0.98
1800430521.9382026,0.49,0.79,-0.04,17.54,-53.68,16.03,0.93
1800430522.040213,0.51,1.03,0.06,3.94,-51.72,-18.02,1.15
1800430522.1422238,0.62,0.62,-0.08,-47.61,-125.17,63.16,0.88
1800430522.2442346,0.54,0.73,0.1,14.29,-8.03,-82.68,0.92
1800430522.346245,0.69,0.71,-0.06,-23.63,-41.11,11.23,0.99
1800430522.4482558,0.32,0.74,0.12,43.77,-17.81,-46.8,0.81
1800430522.5502665,0.61,0.84,0.09,22.48,4.34,22.61,1.04
1800430522.6522772,0.48,1.05,0.07,67.66,0.36,-11.75,1.15
0.0,0.0,0.0,0.0,0.0,0.0,0.0,0.0
1800430525.0,-0.03,-0.97,0.09,32.1,-49.77,0.86,0.97
1800430525.104202,-0.06,-0.91,0.13,23.99,-39.26,7.65,0.92
1800430525.2084043,-0.04,-0.98,0.06,5.19,7.9,-30.02,0.99
1800430525.3126063,0.04,-0.97,-0.01,25.52,-23.24,21.7,0.97
1800430525.4168086,0.0,-0.96,0.08,10.91,-3.86,-5.53,0.96
1800430525.5210106,-0.01,-1.0,-0.02,-22.8,-22.78,-2.33,1.0
1800430525.625213,-0.15,-0.98,0.05,9.47,-14.4,-2.28,0.99
1800430525.729415,-0.05,-1.0,-0.03,4.64,-17.98,-24.34,1.0
1800430525.8336172,0.02,-1.06,-0.03,-28.06,-10.45,9.86,1.06
1800430525.9378192,-0.08,-0.98,-0.03,13.58,-19.98,13.69,0.98
1800430526.0420215,0.12,-1.34,-0.3,-12.41,44.58,-20.68,1.37
1800430526.1462235,0.15,-0.99,0.03,-33.5,-91.4,40.98,1.0
1800430526.2504258,0.11,-1.17,0.1,24.17,-4.16,16.6,1.18
1800430526.3546278,0.12,-1.01,-0.06,8.07,30.12,-6.92,1.02
1800430526.45883,-0.01,-1.04,-0.08,15.07,13.95,21.31,1.04
1800430526.5630322,-0.14,-0.87,-0.06,-14.77,-5.89,32.65,0.88
1800430526.6672344,-0.14,-0.93,-0.16,-34.39,-4.6,43.0,0.95
1800430526.7714365,-0.22,-0.88,0.02,-11.43,-12.32,8.44,0.9
1800430526.8756387,-0.06,-0.91,-0.01,-12.47,-34.62,-2.09,0.91
1800430526.9798408,-0.1,-0.6,-0.03,8.09,-119.0,-3.82,0.61
1800430527.0840428,-0.31,-0.87,0.12,-51.84,-102.57,-31.72,0.93
1800430527.188245,-0.04,-1.05,-0.09,117.64,-96.21,-38.65,1.06
1800430527.292447,-0.1,-0.95,-0.01,-22.7,-103.27,-82.89,0.96
1800430527.3966494,0.14,-1.0,0.01,-26.9,-46.09,-37.75,1.01
1800430527.5008514,0.05,-0.94,0.02,19.93,-15.38,-24.63,0.94
1800430527.6050537,0.13,-0.99,0.02,4.59,4.15,-22.87,1.0
1800430527.7092557,0.13,-1.01,0.0,22.78,28.2,-1.23,1.02
1800430527.813458,0.07,-0.99,-0.06,11.35,23.9,12.8,1.0
1800430527.91766,0.12,-1.03,-0.07,-31.98,24.11,8.73,1.04
1800430528.0218623,0.07,-0.95,-0.0,-20.06,3.04,22.37,0.96
1800430528.1260643,0.11,-0.96,0.05,-3.68,-0.74,13.1,0.97
1800430528.2302666,0.07,-0.98,-0.03,8.38,-7.08,8.19,0.98
1800430528.3344686,0.05,-1.01,0.03,0.5,-17.56,-9.64,1.02
1800430528.4386709,0.05,-0.94,0.07,-2.31,-26.32,4.73,0.95
1800430528.542873,0.05,-0.98,0.01,-0.47,-22.3,0.05,0.98
1800430528.6470752,0.09,-0.96,0.01,7.28,-31.17,3.66,0.96
1800430528.7512772,0.07,-0.93,-0.04,-0.15,-42.81,11.91,0.93
1800430528.8554792,0.01,-0.92,-0.06,3.88,-30.02,4.47,0.93
1800430528.9596815,0.01,-0.89,-0.03,24.77,-48.17,-0.14,0.89
1800430529.0638835,0.05,-0.86,-0.02,10.0,-34.85,-1.61,0.86
1800430529.1680858,0.06,-0.9,0.01,-5.54,13.16,-7.71,0.9
1800430529.2722878,0.11,-0.96,-0.14,4.67,5.17,-12.14,0.97
1800430529.37649,0.14,-0.87,-0.07,-10.59,-14.0,25.45,0.89
1800430529.4806921,0.06,-0.85,-0.06,13.21,-43.63,18.72,0.85
1800430529.5848944,0.21,-0.88,-0.23,-24.59,-41.78,32.89,0.93
1800430529.6890965,0.12,-0.98,-0.04,-20.68,-61.73,48.65,0.99
1800430529.7932987,-0.35,-1.78,0.34,-79.65,-98.0,-22.72,1.84
1800430529.8975008,0.08,-0.92,-0.2,126.63,-83.27,134.85,0.94
1800430530.001703,-0.24,-0.96,0.13,-90.57,-44.82,48.42,1.0
1800430530.105905,-0.08,-1.15,-0.12,-9.1,71.64,75.72,1.16
1800430530.2101073,-0.25,-0.8,-0.08,-70.59,-8.38,36.55,0.84
1800430530.3143094,-0.26,-1.05,0.08,-36.31,11.46,23.87,1.09
1800430530.4185116,-0.33,-0.89,0.01,-13.36,-9.78,20.29,0.95
1800430530.5227137,-0.3,-0.93,0.14,-30.96,-34.22,8.49,0.99
1800430530.626916,-0.24,-0.96,0.07,-10.29,-16.27,10.09,0.99
1800430530.731118,-0.28,-0.94,0.18,-1.7,-24.96,12.44,1.0
1800430530.83532,-0.22,-0.97,0.06,6.83,7.56,3.43,1.0
1800430530.9395223,-0.26,-0.95,0.1,8.43,2.59,-10.74,0.99
1800430531.0437243,-0.26,-0.95,0.12,-2.31,-11.14,-0.72,0.99
1800430531.1479266,-0.3,-0.9,0.08,-34.55,-13.19,15.31,0.95
1800430531.2521286,-0.14,-0.98,0.07,10.86,-16.92,-12.33,0.99
1800430531.3563309,-0.11,-1.0,-0.0,8.96,-12.01,-21.96,1.01
1800430531.460533,-0.11,-0.96,0.04,7.54,1.07,-34.66,0.97
1800430531.5647352,-0.14,-0.96,0.01,13.15,9.89,-30.0,0.97
1800430531.6689372,-0.16,-0.99,0.0,17.17,-7.99,-40.58,1.0
1800430531.7731395,-0.05,-0.99,0.02,24.67,5.12,-52.03,0.99
1800430531.8773415,-0.04,-0.99,-0.16,11.54,12.93,-55.8,1.0
1800430531.9815438,0.03,-1.01,-0.09,-4.84,31.78,-63.03,1.01
1800430532.0857458,0.25,-0.92,-0.14,21.88,44.46,-32.37,0.97
1800430532.189948,0.27,-0.99,-0.12,88.36,15.2,-30.28,1.03
1800430532.29415,0.35,-1.01,-0.32,39.4,4.21,0.06,1.12
1800430532.3983524,0.3,-1.09,-0.3,6.47,-13.42,-11.46,1.18
1800430532.5025544,0.36,-1.12,-0.28,-3.77,-5.56,12.83,1.21
1800430532.6067567,0.2,-0.91,-0.28,16.75,-12.38,45.81,0.98
1800430532.7109587,0.21,-0.85,-0.28,-10.22,-0.58,69.38,0.92
1800430532.8151608,0.06,-0.86,-0.25,-7.4,-3.01,63.64,0.9
1800430532.919363,-0.0,-0.8,-0.18,-60.4,-15.12,42.09,0.82
1800430533.023565,0.02,-0.78,-0.15,-60.08,-1.95,35.25,0.8
1800430533.1277673,-0.07,-0.79,-0.04,-99.28,-43.22,10.53,0.8
1800430533.2319694,-0.09,-1.0,0.06,-80.2,-17.18,-20.71,1.0
1800430533.3361716,0.07,-0.93,0.08,-48.33,-27.67,-1.35,0.93
1800430533.4403737,-0.07,-0.95,0.24,-52.23,-20.75,29.45,0.98
1800430533.544576,-0.07,-0.9,0.16,-2.86,-21.71,11.21,0.91
1800430533.648778,-0.04,-0.98,0.18,-1.06,-23.31,-7.66,1.0
1800430533.7529802,0.01,-0.96,0.16,23.45,-35.87,-7.59,0.97
1800430533.8571823,0.03,-1.04,0.12,11.91,-22.69,0.2,1.05
1800430533.9613845,0.01,-0.94,0.09,-7.79,-43.01,14.72,0.94
0.0,0.0,0.0,0.0,0.0,0.0,0.0,0.0
1800430530.0,0.36,-0.83,0.24,125.26,241.63,-172.23,0.94
1800430530.1017697,0.38,-1.68,0.41,-138.61,62.49,0.62,1.77
1800430530.2035394,-0.01,-1.49,0.15,170.59,-120.57,39.12,1.49
1800430530.305309,-0.38,-0.54,-0.48,89.16,68.57,-53.12,0.81
1800430530.407079,0.07,-0.71,-0.48,-17.46,366.38,105.87,0.86
1800430530.5088487,0.49,-2.15,-0.3,-20.78,520.0,-60.76,2.23
1800430530.6106184,0.69,-1.19,0.39,-112.99,320.6,172.95,1.43
1800430530.712388,0.12,-0.03,0.6,-66.79,219.59,-100.9,0.62
1800430530.8141577,0.47,-0.36,0.52,82.37,-224.1,-154.9,0.79
1800430530.9159274,1.53,-2.14,0.32,21.99,-455.31,-33.35,2.65
1800430531.017697,0.2,-0.86,-0.59,-70.91,-216.55,35.68,1.06
1800430531.1194668,-0.56,-0.12,-0.52,46.92,-18.45,120.08,0.77
1800430531.2212367,0.38,-1.36,-0.31,29.53,467.73,64.15,1.44
1800430531.3230064,0.53,-2.12,0.53,61.18,263.73,240.72,2.25
1800430531.424776,0.03,0.25,0.69,-113.47,150.26,10.06,0.73
1800430531.5265458,0.06,-0.2,0.23,32.3,-176.88,26.69,0.31
1800430531.6283154,1.32,-2.12,0.71,55.42,-449.12,-160.29,2.59
1800430531.7300851,0.32,-1.14,-0.33,-274.13,-263.15,15.08,1.23
1800430531.8318548,-0.41,-0.13,-0.58,-23.43,22.09,103.09,0.72
0.0,0.0,0.0,0.0,0.0,0.0,0.0,0.0
1800430535.0,0.12,-1.11,-0.0,3.05,8.58,16.61,1.11
1800430535.1016245,0.17,-0.96,0.05,-14.39,-10.43,12.41,0.98
1800430535.2032487,0.11,-1.01,0.05,9.84,-5.19,5.29,1.02
1800430535.3048732,0.09,-1.0,0.04,30.27,-2.3,39.55,1.0
1800430535.4064977,0.12,-0.99,0.1,30.8,-9.22,20.47,1.01
1800430535.5081222,0.08,-0.97,0.06,22.53,-7.8,30.7,0.97
1800430535.6097465,0.06,-0.98,0.18,48.99,0.7,41.39,1.0
1800430535.711371,-0.05,-1.03,0.24,59.69,5.12,37.68,1.05
1800430535.8129954,-0.12,-1.09,0.33,55.59,23.62,16.71,1.14
1800430535.9146197,-0.38,-1.15,0.48,38.46,40.05,29.81,1.3
1800430536.0162442,-0.31,-0.92,0.27,-0.56,-20.23,9.57,1.01
1800430536.1178687,-0.42,-1.14,0.34,13.27,5.23,29.66,1.26
1800430536.2194932,-0.36,-1.06,0.41,-11.65,-20.22,-6.8,1.19
1800430536.3211174,-0.25,-0.99,0.34,-41.4,-21.47,-31.43,1.08
1800430536.422742,-0.28,-0.94,0.27,-36.78,-16.16,-38.43,1.02
1800430536.5243664,-0.12,-0.78,0.22,-59.18,-12.01,-53.19,0.82
1800430536.6259906,-0.08,-0.63,0.18,-93.22,-31.97,-24.18,0.66
1800430536.727615,0.05,-0.71,0.1,-88.61,-26.28,-12.94,0.72
1800430536.8292396,-0.01,-1.07,0.2,-36.48,13.37,-28.59,1.09
1800430536.930864,0.11,-0.96,0.17,-27.81,-7.81,-32.32,0.99
1800430537.0324883,0.19,-0.93,0.12,-53.03,7.47,-47.13,0.95
1800430537.1341128,0.12,-1.0,0.06,-12.47,21.94,-26.54,1.01
1800430537.2357373,0.22,-0.97,0.08,8.79,-6.02,-8.09,1.0
1800430537.3373616,0.16,-1.06,0.07,18.35,16.53,-10.96,1.08
1800430537.438986,0.1,-1.04,0.06,-10.93,-17.13,-20.16,1.05
1800430537.5406106,0.16,-0.99,0.0,8.54,-16.19,-24.67,1.0
1800430537.642235,0.18,-1.01,-0.01,0.63,-0.76,-59.76,1.03
0.0,0.0,0.0,0.0,0.0,0.0,0.0,0.0
1800430540.0,-0.07,-0.84,0.5,60.25,-56.72,-30.28,0.98
1800430540.1071162,-0.02,-0.82,0.36,-23.8,-1.28,-33.18,0.9
1800430540.2142324,-0.09,-0.89,0.22,-63.36,19.49,-16.35,0.92
1800430540.3213484,-0.06,-1.16,0.14,-5.93,-36.43,9.05,1.17
1800430540.4284647,0.0,-1.3,0.08,-28.92,-129.99,73.26,1.3
1800430540.5355809,-0.1,-1.21,0.01,74.06,-111.98,52.53,1.21
1800430540.642697,-0.41,-0.72,0.19,11.05,-108.06,67.13,0.85
1800430540.749813,-0.34,-0.84,0.2,20.98,-139.24,-1.75,0.93
1800430540.8569293,-0.04,-0.4,0.14,-16.83,-139.13,-3.22,0.43
1800430540.9640455,-0.13,-0.91,0.45,46.59,-191.47,-216.08,1.02
1800430541.0711617,-0.23,-1.64,0.49,51.78,90.74,13.19,1.72
1800430541.1782777,-0.11,-1.33,0.43,85.53,145.68,109.03,1.4
1800430541.285394,-0.51,-0.56,0.22,-182.83,153.72,66.93,0.79
1800430541.3925102,-0.12,-0.62,0.01,-133.68,67.61,61.39,0.63
1800430541.4996264,0.1,-0.67,0.07,44.5,-52.7,-85.6,0.69
1800430541.6067424,-0.12,-0.97,0.11,59.64,-102.9,-86.23,0.98
1800430541.7138586,0.16,-1.56,0.18,-3.82,-113.9,51.38,1.57
1800430541.8209748,-0.31,-1.34,0.35,56.36,-62.9,59.59,1.42
1800430541.928091,-0.22,-0.72,-0.04,-158.6,-48.53,220.23,0.75
1800430542.0352073,-0.08,-0.65,0.04,45.3,-101.25,-79.25,0.66
1800430542.1423233,-0.15,-0.62,0.23,69.76,-86.12,-198.11,0.67
1800430542.2494395,-0.05,-0.91,0.33,-57.61,-26.18,-20.28,0.97
1800430542.3565557,0.7,-1.5,0.29,199.39,99.2,148.87,1.68
1800430542.463672,-0.25,-1.13,0.69,-51.31,179.08,-181.71,1.35
1800430542.570788,-0.43,-0.75,0.11,-260.28,117.73,39.75,0.87
1800430542.6779041,0.08,-0.65,-0.04,-6.04,28.38,153.08,0.66
0.0,0.0,0.0,0.0,0.0,0.0,0.0,0.0
1800430545.0,-0.42,-0.91,0.31,-45.41,20.86,39.79,1.05
1800430545.0980883,-0.61,-0.77,0.48,-109.82,43.62,57.66,1.09
1800430545.1961765,-0.38,-0.63,0.32,37.34,-37.59,3.35,0.8
1800430545.2942648,-0.3,-0.63,0.16,12.25,18.98,14.84,0.72
1800430545.3923528,-0.34,-1.09,0.27,6.63,65.77,-39.84,1.18
1800430545.490441,-0.22,-1.04,0.1,102.55,105.73,-57.87,1.06
1800430545.5885293,-0.2,-1.33,-0.06,70.24,178.13,2.13,1.34
1800430545.6866176,-0.3,-1.04,0.41,162.48,119.12,-7.0,1.16
1800430545.7847059,-0.29,-0.71,0.32,198.88,49.17,48.89,0.83
1800430545.8827941,-0.24,-0.32,0.07,28.46,155.99,-42.62,0.41
1800430545.9808824,-0.27,-0.36,0.15,-263.5,153.39,-14.58,0.47
1800430546.0789704,-0.65,-1.18,0.54,-272.59,-26.13,3.97,1.46
1800430546.1770587,-0.69,-1.7,0.19,26.97,-136.24,97.52,1.85
1800430546.275147,-0.36,-0.44,0.35,72.91,-173.72,-101.45,0.67
1800430546.3732352,-0.12,-0.65,0.24,52.09,-83.72,-141.22,0.7
1800430546.4713235,-0.0,-0.51,0.22,-22.33,-9.89,-43.28,0.56
1800430546.5694118,-0.19,-0.77,0.07,-68.28,99.66,3.47,0.8
1800430546.6674998,-0.41,-1.39,0.07,-56.64,192.81,37.2,1.45
1800430546.765588,-0.42,-1.18,0.48,162.51,26.42,2.39,1.35
1800430546.8636763,-0.05,-0.82,0.17,112.19,67.57,-25.33,0.84
1800430546.9617646,-0.18,-0.55,0.16,3.56,75.68,63.01,0.6
1800430547.0598528,-0.34,-0.45,0.24,-74.41,23.31,31.58,0.61
1800430547.157941,-0.41,-0.83,0.07,-87.25,10.12,-68.32,0.92
1800430547.2560294,-0.44,-1.64,-0.2,56.71,-68.94,126.56,1.71
1800430547.3541174,-0.48,-0.98,0.49,36.92,-184.07,-124.26,1.2
1800430547.4522057,-0.06,-0.54,0.11,64.24,-17.58,-84.72,0.55
1800430547.550294,-0.04,-0.72,-0.01,30.27,68.13,4.9,0.72
0.0,0.0,0.0,0.0,0.0,0.0,0.0,0.0
1800430550.0,-0.13,-0.96,0.02,-9.04,-11.68,-5.78,0.97
1800430550.1006887,-0.11,-0.94,0.03,23.9,-3.74,-8.61,0.95
1800430550.2013776,-0.03,-0.95,-0.0,14.83,-6.73,-20.64,0.95
1800430550.3020663,-0.05,-1.02,0.01,15.22,-16.61,-10.64,1.03
1800430550.402755,-0.05,-0.97,0.03,7.02,-27.92,-10.29,0.97
1800430550.5034437,-0.02,-0.94,-0.03,-6.51,-17.55,-9.28,0.94
1800430550.6041327,-0.05,-0.94,0.06,-9.18,-30.21,-7.65,0.95
1800430550.7048213,-0.09,-0.95,0.01,-8.82,-14.42,-6.43,0.95
1800430550.80551,-0.08,-0.94,0.05,3.35,-24.29,-2.94,0.94
1800430550.906199,-0.07,-0.82,-0.06,6.48,-33.0,15.51,0.83
1800430551.0068877,-0.13,-1.01,-0.07,14.45,-23.57,-4.36,1.02
1800430551.1075764,0.05,-0.92,-0.06,-15.65,-55.03,13.0,0.92
1800430551.208265,-0.12,-0.85,-0.07,-5.67,-58.68,11.42,0.86
1800430551.308954,-0.16,-0.72,-0.06,-8.21,-25.3,-56.27,0.74
1800430551.4096427,0.02,-0.85,-0.06,47.8,-40.79,-26.57,0.85
1800430551.5103314,0.13,-0.91,-0.11,2.06,-77.26,-18.63,0.93
1800430551.6110203,0.11,-1.05,-0.03,-15.4,-49.86,3.33,1.06
1800430551.711709,-0.57,-1.64,0.12,27.1,-67.3,18.2,1.74
1800430551.8123977,-0.06,-0.89,-0.03,-65.51,-157.59,121.75,0.89
1800430551.9130864,-0.47,-0.72,0.35,-142.32,-47.17,-165.39,0.93
1800430552.0137753,-0.19,-1.04,0.14,-2.56,99.52,15.1,1.06
1800430552.114464,-0.38,-0.94,-0.09,-0.37,-12.73,-52.58,1.02
1800430552.2151527,-0.19,-0.95,-0.09,54.49,-22.81,-12.77,0.97
1800430552.3158417,-0.21,-0.96,-0.04,18.54,-16.52,-31.73,0.99
1800430552.4165304,-0.23,-1.0,-0.04,-9.7,0.54,-7.69,1.02
1800430552.517219,-0.27,-0.91,0.02,6.92,-21.66,-24.72,0.95
1800430552.6179078,-0.19,-0.92,-0.02,0.95,-32.79,-24.71,0.94
0.0,0.0,0.0,0.0,0.0,0.0,0.0,0.0
1800430555.0,0.04,-0.99,0.29,21.65,-34.01,-4.08,1.04
1800430555.1093256,0.11,-0.95,0.16,8.48,-60.3,-36.14,0.97
1800430555.218651,0.1,-0.94,0.27,17.5,-68.42,-42.62,0.98
1800430555.3279767,0.08,-0.89,0.17,-29.37,-53.14,-25.88,0.91
1800430555.4373024,0.06,-0.96,0.24,-2.94,-87.81,-36.06,1.0
1800430555.5466278,-0.02,-0.98,0.37,-34.07,-101.36,-40.72,1.05
1800430555.6559534,-0.14,-1.05,0.34,-40.88,-89.49,-17.56,1.11
1800430555.7652788,-0.15,-0.86,0.15,-52.41,-52.87,-0.82,0.89
1800430555.8746045,-0.24,-1.03,0.19,70.06,35.59,-26.28,1.08
1800430555.98393,-0.12,-0.84,0.28,21.04,21.26,2.94,0.89
1800430556.0932555,-0.13,-0.91,0.17,9.26,57.38,2.5,0.94
1800430556.2025812,-0.11,-1.06,0.29,-30.47,17.43,11.65,1.11
1800430556.3119068,-0.14,-1.22,0.34,-66.5,16.79,59.27,1.28
1800430556.4212322,-0.14,-0.76,0.46,20.84,-93.01,32.89,0.9
1800430556.5305579,0.16,-0.81,0.19,-47.66,-18.2,-36.76,0.85
1800430556.6398835,-0.09,-0.84,0.42,71.4,-42.65,-47.08,0.94
1800430556.749209,0.03,-0.95,0.14,-61.37,-0.2,2.96,0.96
1800430556.8585346,-0.0,-1.02,0.27,-47.88,-1.65,-10.65,1.06
1800430556.9678602,-0.07,-1.26,0.19,-77.22,125.39,-36.62,1.27
1800430557.0771856,-0.34,-0.68,0.29,35.17,1.68,32.41,0.82
1800430557.1865113,-0.03,-0.88,0.04,-30.76,117.53,15.9,0.88
1800430557.2958367,-0.32,-0.86,0.34,106.14,109.86,46.15,0.98
1800430557.4051623,-0.06,-1.02,0.13,-31.46,85.33,5.34,1.03
1800430557.514488,-0.13,-0.99,0.17,-22.86,34.49,51.33,1.01
1800430557.6238134,-0.11,-1.09,0.18,-57.75,-34.45,43.31,1.11
1800430557.733139,-0.12,-0.95,0.39,14.5,-30.77,-45.67,1.04
1800430557.8424647,0.1,-0.79,0.06,-80.52,-79.07,26.94,0.8
1800430557.95179,-0.15,-0.98,0.27,94.37,-70.54,-47.5,1.03
1800430558.0611157,-0.03,-0.86,0.09,-36.69,-44.5,3.41,0.87
1800430558.1704414,0.0,-0.94,0.19,13.52,-32.98,3.18,0.96
1800430558.2797668,-0.05,-1.15,0.25,-67.54,23.85,32.11,1.18
1800430558.3890924,-0.57,-0.97,0.36,107.71,68.25,-15.64,1.18
1800430558.498418,-0.02,-0.79,0.15,-90.76,67.97,78.71,0.8
1800430558.6077435,-0.4,-0.95,0.41,100.71,148.6,-6.81,1.11
1800430558.7170691,0.03,-0.87,0.22,-24.31,41.85,33.93,0.89
1800430558.8263946,-0.16,-0.95,0.25,3.09,17.5,0.91,1.0
1800430558.9357202,-0.08,-1.09,0.3,-45.23,-30.4,14.86,1.13
1800430559.0450459,-0.17,-1.04,0.18,23.11,4.2,2.18,1.06
1800430559.1543713,-0.2,-1.02,0.09,-1.17,19.86,16.44,1.04
1800430559.263697,-0.13,-0.92,0.09,-14.08,25.44,22.12,0.94
1800430559.3730226,-0.04,-0.9,0.11,5.05,15.03,21.13,0.91
1800430559.482348,-0.05,-0.92,0.26,35.91,-31.23,7.53,0.95
1800430559.5916736,0.03,-1.0,0.23,19.37,-30.44,-23.36,1.03
1800430559.7009993,-0.08,-0.95,0.19,29.84,-47.06,-0.13,0.97
1800430559.8103247,-0.08,-1.01,0.15,-6.52,-3.76,-12.22,1.02
1800430559.9196503,-0.08,-1.02,0.24,-28.41,12.44,28.61,1.05
1800430560.028976,-0.06,-1.12,0.23,-77.57,70.97,7.76,1.14
1800430560.1383014,-0.43,-0.85,0.31,14.19,86.41,21.67,1.01
1800430560.247627,-0.15,-0.78,0.01,-66.65,88.78,27.04,0.8
1800430560.3569524,-0.46,-0.95,0.36,156.91,119.55,-13.2,1.11
1800430560.466278,-0.12,-0.91,0.14,-26.62,72.5,25.17,0.93
1800430560.5756037,-0.32,-0.97,0.16,-0.58,59.05,37.92,1.04
1800430560.6849291,-0.13,-1.09,0.16,-42.54,33.36,47.92,1.11
1800430560.7942548,-0.36,-0.99,0.46,50.04,77.67,-25.31,1.15
1800430560.9035804,-0.0,-0.73,0.12,-81.67,10.87,64.35,0.74
1800430561.0129058,-0.24,-1.12,0.32,87.49,123.21,-7.76,1.19
1800430561.1222315,-0.03,-0.77,0.21,-16.81,57.23,4.37,0.8
1800430561.2315571,-0.17,-0.99,0.17,19.01,116.76,23.42,1.02
1800430561.3408825,-0.17,-1.0,0.47,30.98,104.32,18.64,1.12
1800430561.4502082,-0.24,-1.04,0.35,-0.98,129.32,17.09,1.13
1800430561.5595338,-0.33,-0.76,0.29,-4.89,48.46,51.8,0.88
1800430561.6688592,-0.28,-0.93,0.16,35.23,152.35,30.04,0.99
1800430561.778185,-0.24,-0.81,0.26,25.76,86.11,48.22,0.89
1800430561.8875103,-0.23,-0.87,0.15,8.1,103.78,14.33,0.91
1800430561.996836,-0.17,-1.0,0.3,21.85,42.56,41.14,1.06
1800430562.1061616,-0.14,-1.14,0.36,-20.25,-2.71,20.41,1.2
1800430562.215487,-0.28,-0.76,0.45,12.15,-1.97,19.32,0.92
1800430562.3248127,0.01,-0.9,0.2,-109.16,66.04,22.61,0.92
1800430562.4341383,-0.17,-0.95,0.39,127.89,3.95,-10.83,1.04
1800430562.5434637,-0.09,-0.97,0.15,-57.91,67.88,28.94,0.99
1800430562.6527894,-0.05,-0.96,0.31,25.05,41.09,41.6,1.01
1800430562.762115,-0.16,-1.0,0.43,-47.04,130.31,29.71,1.1
1800430562.8714404,-0.25,-1.1,0.43,68.23,148.39,4.96,1.21
1800430562.980766,-0.06,-0.71,0.26,-57.58,47.78,59.56,0.76
1800430563.0900915,-0.11,-0.92,0.16,8.19,-37.87,-23.25,0.94
1800430563.199417,-0.08,-0.92,0.27,-8.34,-62.69,-35.45,0.96
1800430563.3087428,-0.22,-0.93,0.18,-8.55,-50.75,-31.55,0.97
1800430563.4180682,-0.3,-0.87,0.09,-9.25,40.27,-38.04,0.93
1800430563.5273938,-0.4,-1.06,0.17,51.35,45.24,-23.52,1.15
1800430563.6367195,-0.26,-0.94,0.15,12.68,20.36,20.44,0.99
1800430563.7460449,-0.29,-0.93,0.14,9.75,41.02,65.68,0.98
1800430563.8553705,-0.21,-0.99,0.18,31.13,27.29,49.44,1.03
1800430563.9646962,-0.25,-1.03,0.29,27.88,-8.03,42.68,1.1
1800430564.0740216,-0.16,-1.1,0.35,16.94,11.52,50.46,1.16
1800430564.1833472,-0.22,-0.66,0.42,13.62,-4.57,67.6,0.82
1800430564.2926729,0.08,-0.89,0.35,-19.97,50.46,44.42,0.96
1800430564.4019983,-0.04,-0.82,0.47,84.31,-22.37,6.57,0.95
1800430564.511324,0.0,-0.89,0.3,-20.24,-4.08,-12.41,0.94
1800430564.6206493,-0.0,-0.97,0.34,15.44,-17.5,-16.12,1.03
1800430564.729975,-0.18,-0.92,0.51,-61.09,83.61,1.83,1.07
1800430564.8393006,-0.2,-1.07,0.33,-70.96,177.91,4.31,1.14
1800430564.948626,-0.31,-0.73,0.22,-58.82,-8.06,86.35,0.83
1800430565.0579517,-0.14,-1.0,0.23,49.7,158.88,-10.03,1.04
1800430565.1672773,-0.15,-0.82,0.24,-5.51,79.78,95.36,0.86
1800430565.2766027,-0.11,-0.97,0.26,18.81,78.33,-10.33,1.01
1800430565.3859284,-0.1,-1.07,0.4,-16.68,-55.77,42.23,1.15
1800430565.495254,-0.04,-0.93,0.64,67.83,-68.72,-35.24,1.13
1800430565.6045794,0.18,-0.68,0.27,-86.63,-135.6,-26.06,0.76
1800430565.713905,-0.15,-0.93,0.41,97.27,-145.93,-75.93,1.03
1800430565.8232307,-0.01,-0.89,0.25,-45.29,-85.42,-33.03,0.93
1800430565.9325562,-0.02,-0.94,0.38,23.95,-54.6,12.24,1.01
1800430566.0418818,-0.04,-1.01,0.42,-88.6,54.37,32.61,1.09
1800430566.1512072,-0.25,-0.95,0.42,27.11,151.19,10.74,1.07
1800430566.2605329,-0.15,-0.79,0.28,-84.2,161.69,81.96,0.85
1800430566.3698585,-0.12,-0.86,0.44,110.31,141.03,56.47,0.97
1800430566.479184,-0.04,-0.88,0.23,-15.23,93.55,75.96,0.91
1800430566.5885096,-0.03,-0.89,0.3,19.76,45.55,51.75,0.94
1800430566.6978352,0.1,-0.98,0.35,-37.55,-74.24,40.65,1.05
1800430566.8071606,0.1,-0.92,0.57,49.46,-13.37,0.29,1.08
1800430566.9164863,-0.03,-0.81,0.32,-126.48,-48.06,-51.05,0.87
1800430567.025812,-0.05,-0.91,0.18,14.81,-22.72,-47.78,0.93
1800430567.1351373,-0.01,-0.9,0.28,13.71,-98.08,-49.2,0.95
1800430567.244463,-0.1,-0.86,0.28,-6.43,-60.11,-26.28,0.91
1800430567.3537886,-0.13,-1.14,0.28,-57.45,87.11,-38.9,1.19
1800430567.463114,-0.41,-0.7,0.35,64.97,53.3,71.09,0.89
1800430567.5724397,-0.2,-0.92,0.25,4.13,110.28,4.45,0.98
1800430567.681765,-0.36,-0.88,0.35,29.82,88.79,60.99,1.01
1800430567.7910907,-0.18,-0.93,0.3,-2.32,127.69,56.23,0.99
1800430567.9004164,-0.19,-0.94,0.37,26.53,58.31,70.54,1.03
1800430568.0097418,-0.12,-0.93,0.34,-43.89,-46.48,47.56,1.0
1800430568.1190674,-0.07,-0.91,0.42,-13.25,13.55,-21.43,1.0
1800430568.228393,0.04,-0.73,0.4,-4.27,-87.54,-5.43,0.84
1800430568.3377185,-0.07,-0.87,0.4,46.76,-59.27,-51.92,0.96
1800430568.4470441,-0.07,-0.8,0.31,7.17,-85.21,-68.09,0.86
1800430568.5563698,-0.22,-1.13,0.47,17.18,-27.24,-33.17,1.24
1800430568.6656952,-0.17,-0.95,0.49,-97.12,27.54,58.63,1.08
1800430568.7750208,-0.14,-0.97,0.27,-100.96,145.14,60.25,1.01
1800430568.8843462,-0.31,-0.79,0.3,-14.6,113.88,128.74,0.9
1800430568.993672,-0.14,-0.87,0.38,45.14,115.57,30.43,0.96
1800430569.1029975,-0.06,-0.96,0.24,-47.43,80.79,48.41,0.99
1800430569.212323,-0.01,-0.94,0.2,-62.97,19.86,25.17,0.96
1800430569.3216486,-0.05,-0.95,0.15,-70.49,-95.86,21.13,0.97
1800430569.4309742,0.09,-1.07,0.36,95.7,-146.36,-19.01,1.13
1800430569.5402997,0.19,-0.68,0.25,-43.07,-207.71,-21.51,0.75
1800430569.6496253,-0.21,-1.07,0.32,47.39,-111.07,-92.6,1.14
1800430569.758951,-0.04,-0.8,0.22,1.82,-142.03,-64.28,0.83
1800430569.8682764,-0.04,-1.04,0.27,23.82,-93.36,-21.53,1.07
1800430569.977602,-0.05,-1.16,0.28,-79.94,-1.64,-7.61,1.19
1800430570.0869277,-0.33,-0.91,0.36,31.74,0.48,15.72,1.03
1800430570.196253,-0.07,-0.77,0.16,-105.64,59.98,48.05,0.79
0.0,0.0,0.0,0.0,0.0,0.0,0.0,0.0
1800430560.0,0.07,0.91,0.2,2.78,10.75,-9.08,0.93
1800430560.1057484,-0.05,0.92,0.22,24.76,0.29,-11.31,0.95
1800430560.211497,0.1,0.95,0.19,23.88,21.25,-1.19,0.98
1800430560.3172455,0.07,1.02,0.28,28.57,18.38,3.16,1.06
1800430560.4229941,0.1,0.92,0.45,-47.86,38.49,6.72,1.03
1800430560.5287426,0.08,1.1,0.11,-125.77,32.41,48.47,1.11
1800430560.6344912,0.26,0.75,0.21,10.42,7.6,54.09,0.82
1800430560.7402396,-0.02,1.02,-0.02,-73.02,53.09,25.5,1.02
1800430560.8459883,0.15,0.89,0.16,60.44,8.14,50.26,0.92
1800430560.9517367,-0.11,0.91,-0.01,-18.88,15.31,15.72,0.92
1800430561.0574853,-0.06,1.0,0.07,-0.03,-49.96,10.05,1.01
1800430561.1632338,-0.14,1.07,0.14,-7.71,-115.13,-9.27,1.09
1800430561.2689824,0.04,0.89,0.41,41.61,-106.15,-49.61,0.98
1800430561.3747308,-0.17,0.87,0.1,-66.77,-113.2,-44.72,0.9
1800430561.4804795,-0.04,0.92,0.31,96.79,-110.71,-46.45,0.97
1800430561.586228,-0.08,0.89,0.22,-66.35,-121.09,-28.92,0.92
1800430561.6919765,-0.04,0.96,0.16,-46.08,-83.58,-27.58,0.97
1800430561.797725,-0.04,1.17,0.14,-85.06,-53.04,23.81,1.18
1800430561.9034736,0.27,0.83,0.17,67.32,-68.34,14.56,0.89
1800430562.009222,-0.16,0.88,0.08,-99.77,-37.72,-7.21,0.9
1800430562.1149707,0.22,1.04,0.31,164.55,-82.47,-26.36,1.11
1800430562.220719,-0.16,0.86,0.17,13.74,-163.64,-26.71,0.89
1800430562.3264678,0.11,0.87,0.27,9.02,-170.77,-37.17,0.92
1800430562.4322162,0.04,1.1,0.23,-8.88,-174.52,-17.42,1.12
1800430562.5379648,-0.27,0.74,0.23,6.13,-257.9,-6.8,0.82
1800430562.6437132,-0.23,0.91,0.3,15.46,-177.0,-65.23,0.98
0.0,0.0,0.0,0.0,0.0,0.0,0.0,0.0
1800430565.0,0.31,0.86,-0.38,24.03,-67.48,100.67,0.99
1800430565.1032202,0.64,0.77,-0.23,59.96,-83.09,130.3,1.02
1800430565.2064404,0.48,0.68,0.12,-38.4,-126.78,71.67,0.84
1800430565.3096607,0.59,0.72,-0.15,81.37,-85.47,117.22,0.94
1800430565.412881,0.37,0.65,0.08,40.83,-45.54,-4.69,0.75
1800430565.5161011,0.66,0.89,-0.11,35.69,-70.55,22.25,1.12
1800430565.6193213,0.44,0.74,-0.07,4.11,-25.5,6.03,0.87
1800430565.7225416,0.48,1.0,-0.19,-57.73,-34.38,-22.33,1.13
1800430565.8257618,0.49,1.04,-0.38,-90.49,-72.51,8.61,1.21
1800430565.928982,0.52,0.86,-0.63,-33.22,-114.24,72.37,1.19
1800430566.0322022,0.14,0.5,-0.28,-4.11,-109.71,80.52,0.59
1800430566.1354225,0.45,1.02,-0.57,25.37,-147.2,100.8,1.25
1800430566.2386427,0.22,0.78,-0.17,71.81,-37.5,39.64,0.83
1800430566.341863,0.25,0.9,-0.19,-72.97,-71.36,31.21,0.96
1800430566.4450831,0.36,1.13,-0.3,-7.91,13.71,19.26,1.22
1800430566.5483034,0.52,0.94,-0.16,14.01,15.82,-13.97,1.09
1800430566.6515236,0.23,0.57,0.06,76.51,137.82,-4.33,0.62
1800430566.7547438,0.54,0.83,-0.13,-68.25,8.76,-77.7,1.0
1800430566.857964,0.48,0.69,-0.22,27.86,95.08,-74.46,0.87
1800430566.9611843,0.27,1.1,-0.15,-52.59,33.68,-47.0,1.14
1800430567.0644045,0.32,1.02,-0.3,-113.79,15.16,21.54,1.11
1800430567.1676247,0.29,1.05,-0.45,-92.35,-82.48,2.0,1.18
1800430567.270845,0.01,0.64,-0.15,3.52,-28.39,77.25,0.66
1800430567.3740652,0.26,0.9,-0.13,79.13,-83.92,32.16,0.94
1800430567.4772854,0.21,0.85,0.06,41.75,-16.02,38.08,0.87
1800430567.5805058,0.33,0.93,-0.07,-25.62,11.85,-9.42,0.99
1800430567.683726,0.43,1.24,0.0,6.39,21.0,-46.9,1.31
1800430567.7869463,0.44,0.54,-0.04,115.63,164.6,55.45,0.7
1800430567.8901665,0.35,0.75,0.07,-73.15,10.88,-109.41,0.83
1800430567.9933867,0.43,0.74,-0.09,40.77,93.55,-8.45,0.86
1800430568.096607,0.16,0.86,-0.03,-44.46,41.83,-35.29,0.88
0.0,0.0,0.0,0.0,0.0,0.0,0.0,0.0
1800430570.0,0.35,-1.11,0.18,39.09,-72.22,-46.26,1.18
1800430570.1029327,-0.12,-1.19,-0.34,-2.59,-19.22,49.83,1.24
1800430570.2058654,0.01,-0.81,-0.13,-33.89,-4.5,-22.04,0.82
1800430570.3087983,0.2,-0.91,0.02,-37.24,24.91,-3.48,0.93
1800430570.411731,0.14,-0.88,0.04,-24.22,17.3,29.27,0.89
1800430570.5146637,0.22,-0.99,0.01,-17.86,11.5,20.08,1.02
1800430570.6175964,0.3,-1.28,0.13,20.73,-10.9,18.78,1.32
1800430570.7205293,0.07,-1.22,0.04,26.44,-8.66,18.49,1.22
1800430570.823462,-0.09,-0.79,0.26,-27.75,-26.54,-21.01,0.84
1800430570.9263947,0.09,-1.02,0.05,-38.45,-76.75,-16.93,1.02
1800430571.0293274,0.1,-0.84,0.18,-27.67,-42.04,-18.66,0.86
1800430571.1322603,0.15,-0.89,0.18,-2.09,-50.32,-12.37,0.92
1800430571.235193,0.15,-1.14,0.24,4.26,-40.07,7.27,1.17
1800430571.3381257,0.18,-1.26,-0.13,54.24,-48.37,0.05,1.28
1800430571.4410584,-0.07,-0.72,-0.08,-30.57,-22.24,-19.43,0.73
1800430571.543991,0.19,-0.99,0.05,-18.52,-27.26,-6.02,1.01
1800430571.646924,0.13,-0.77,0.01,-5.43,-42.28,20.13,0.78
1800430571.7498567,0.2,-0.98,-0.0,-37.9,-53.19,1.16,1.0
1800430571.8527894,0.27,-1.0,0.02,-23.22,-56.83,21.88,1.04
1800430571.955722,0.13,-1.3,-0.03,22.54,-14.48,41.78,1.3
1800430572.058655,-0.08,-0.95,0.12,-3.44,-8.11,3.57,0.96
1800430572.1615877,0.09,-0.89,0.16,-64.22,-71.76,-47.15,0.91
1800430572.2645204,0.17,-0.78,0.15,-13.25,-41.93,1.92,0.81
1800430572.367453,0.15,-0.94,0.25,-32.16,-17.09,-20.45,0.98
1800430572.470386,0.19,-0.92,0.11,27.83,-46.94,2.71,0.95
1800430572.5733187,0.27,-1.24,0.05,27.29,-89.67,-16.46,1.27
1800430572.6762514,0.09,-0.96,0.03,-22.06,-3.61,1.34,0.96
1800430572.779184,0.06,-0.92,0.03,-34.68,-17.68,-13.1,0.92
1800430572.8821168,0.1,-0.79,0.06,-7.08,9.17,-5.11,0.8
1800430572.9850497,0.21,-0.94,-0.0,-17.71,7.26,9.24,0.96
1800430573.0879824,0.32,-0.87,0.09,6.25,23.47,-7.93,0.93
1800430573.190915,0.31,-1.1,0.17,49.32,2.91,27.19,1.15
1800430573.2938478,-0.06,-1.29,-0.06,49.21,18.19,61.44,1.29
1800430573.3967807,-0.07,-0.96,0.26,-42.37,5.82,-37.15,1.0
1800430573.4997134,0.19,-0.78,0.15,-31.07,-13.62,-32.51,0.82
1800430573.602646,0.13,-0.9,0.16,-33.43,-2.19,-6.48,0.92
1800430573.7055788,0.19,-0.82,0.24,25.72,-29.24,-37.74,0.88
1800430573.8085117,0.23,-1.17,0.25,19.72,-56.4,10.4,1.22
1800430573.9114444,0.02,-1.36,-0.21,76.09,-54.52,1.5,1.38
1800430574.014377,0.02,-0.9,-0.06,-35.75,-48.46,-10.31,0.9
1800430574.1173098,0.24,-0.86,0.17,-79.26,-51.72,-55.76,0.91
1800430574.2202425,0.26,-0.87,-0.01,-4.38,-80.94,67.25,0.91
1800430574.3231754,0.24,-0.95,0.02,-26.54,-102.57,-0.49,0.98
1800430574.4261081,0.25,-0.95,0.06,-10.54,-136.94,45.46,0.98
0.0,0.0,0.0,0.0,0.0,0.0,0.0,0.0
1800430575.0,-0.13,-0.91,0.05,9.34,-17.79,-6.35,0.92
1800430575.1028264,-0.05,-0.9,0.03,5.88,-0.13,22.35,0.9
1800430575.2056525,-0.07,-0.87,0.04,17.86,-7.33,10.26,0.87
1800430575.3084788,-0.02,-0.95,-0.0,18.19,-2.23,9.77,0.95
1800430575.411305,-0.01,-0.9,0.05,12.73,-9.26,10.91,0.9
1800430575.5141313,-0.02,-0.98,0.01,-3.72,-17.88,-15.2,0.98
1800430575.6169574,-0.05,-0.92,0.06,-0.11,-17.34,-16.03,0.93
1800430575.7197838,-0.05,-0.9,0.03,-3.58,-17.61,-2.31,0.9
1800430575.82261,-0.06,-0.87,0.03,5.94,-15.98,9.6,0.87
1800430575.9254363,-0.03,-0.83,-0.11,-8.5,-35.04,-10.69,0.84
1800430576.0282624,-0.13,-0.91,0.03,4.16,-12.32,2.31,0.92
1800430576.1310887,-0.02,-0.91,-0.01,-18.54,-46.5,-15.58,0.91
1800430576.2339149,-0.07,-0.81,-0.03,-6.44,-49.38,5.62,0.82
1800430576.3367412,-0.11,-0.69,-0.13,44.28,-20.01,-13.05,0.71
1800430576.4395673,-0.02,-0.8,-0.04,26.14,-23.46,38.42,0.81
1800430576.5423937,0.07,-0.84,-0.14,20.51,-72.65,-8.72,0.86
1800430576.6452198,0.16,-1.01,-0.01,-10.65,-45.43,-24.02,1.02
1800430576.7480462,-0.68,-1.57,0.12,-4.85,-59.53,29.74,1.72
1800430576.8508723,-0.04,-0.84,-0.07,-103.79,-128.69,-68.3,0.85
1800430576.9536986,-0.49,-0.62,0.3,163.17,-50.38,-145.05,0.85
1800430577.0565248,-0.2,-0.94,0.16,-8.29,103.95,-5.73,0.98
1800430577.159351,-0.39,-0.88,-0.15,46.6,-10.56,-4.93,0.98
1800430577.2621772,-0.23,-0.9,-0.04,12.88,-14.09,52.39,0.93
1800430577.3650036,-0.17,-0.98,-0.07,27.08,-20.31,25.3,0.99
1800430577.4678297,-0.21,-0.91,-0.03,12.7,-3.64,-12.44,0.93
1800430577.570656,-0.26,-0.88,0.02,25.08,-21.68,7.24,0.92
1800430577.6734824,-0.21,-0.9,-0.0,24.31,-34.22,-7.56,0.93
0.0,0.0,0.0,0.0,0.0,0.0,0.0,0.0
1800430580.0,0.23,-0.25,-1.07,-5.22,-2.05,79.74,1.12
1800430580.1022544,0.18,0.37,-0.9,102.48,2.76,-46.34,0.99
1800430580.2045085,0.27,0.04,-0.69,-51.33,-23.47,-64.5,0.75
1800430580.306763,0.09,-0.04,-0.68,3.49,-45.19,-2.03,0.69
1800430580.4090173,0.07,-0.02,-0.74,-8.71,-46.07,-9.77,0.75
1800430580.5112717,0.07,-0.16,-0.8,20.93,-17.82,-5.22,0.82
1800430580.6135259,0.3,-0.12,-1.06,0.24,-12.68,25.02,1.11
1800430580.7157803,0.35,0.32,-0.82,128.96,-35.7,-0.8,0.94
1800430580.8180346,0.31,-0.06,-0.78,-10.49,-40.3,29.96,0.84
1800430580.920289,0.15,-0.07,-0.76,-13.71,16.12,40.2,0.77
1800430581.0225432,0.29,-0.15,-0.69,-16.85,6.74,-5.5,0.77
1800430581.1247976,0.25,-0.09,-0.73,29.01,9.08,-12.8,0.78
1800430581.227052,0.3,-0.26,-0.94,-19.06,-8.7,31.71,1.02
1800430581.3293064,0.22,0.25,-1.1,-23.42,10.06,42.53,1.15
1800430581.4315605,0.14,0.08,-0.73,46.62,-16.81,-6.24,0.75
1800430581.533815,0.3,-0.05,-0.71,-39.97,5.27,-33.99,0.77
1800430581.6360693,0.11,0.01,-0.78,-14.55,-6.81,66.86,0.79
1800430581.7383237,0.16,-0.08,-0.87,-3.2,-36.29,27.88,0.89
1800430581.8405778,0.15,-0.21,-1.0,10.86,-51.53,11.08,1.03
1800430581.9428322,0.24,0.11,-1.1,-15.08,6.98,35.07,1.14
1800430582.0450866,0.4,-0.06,-0.62,141.19,-27.81,-22.72,0.74
1800430582.1473408,0.44,0.06,-0.7,-84.68,-21.7,84.89,0.83
1800430582.2495952,0.25,-0.12,-0.69,-64.16,-11.49,66.49,0.74
1800430582.3518496,0.37,-0.07,-0.83,-68.12,-12.11,23.92,0.91
1800430582.454104,0.22,-0.25,-0.74,-14.61,0.85,27.62,0.81
1800430582.556358,0.31,-0.08,-1.03,-20.95,39.08,17.45,1.08
1800430582.6586125,0.35,0.39,-1.04,19.16,29.18,40.26,1.17
1800430582.7608669,0.21,0.17,-0.73,59.02,-34.99,9.47,0.78
1800430582.8631213,0.18,-0.01,-0.69,-17.9,-19.15,50.18,0.71
1800430582.9653754,0.09,0.1,-0.75,30.55,-14.83,13.05,0.76
1800430583.0676298,0.15,-0.12,-0.82,17.49,-29.79,-13.25,0.84
1800430583.1698842,0.16,-0.1,-0.98,28.36,-34.28,1.22,1.0
1800430583.2721386,0.31,-0.01,-1.12,-29.07,-6.91,61.72,1.16
1800430583.3743927,0.29,0.09,-0.7,99.74,-14.18,-45.49,0.76
1800430583.4766471,0.44,-0.03,-0.72,-62.76,-17.04,26.27,0.84
1800430583.5789015,0.14,-0.08,-0.67,-14.2,-10.27,-9.73,0.69
1800430583.681156,0.26,-0.11,-0.76,-15.41,5.43,-31.14,0.81
1800430583.78341,0.27,-0.09,-0.78,26.1,17.84,-63.61,0.83
1800430583.8856645,0.27,-0.2,-1.03,-12.22,59.05,16.59,1.09
0.0,0.0,0.0,0.0,0.0,0.0,0.0,0.0
1800430585.0,-0.14,0.32,-0.96,20.65,-24.11,222.46,1.02
1800430585.1008766,-0.02,0.09,-0.83,1.11,-63.22,193.71,0.83
1800430585.2017534,0.0,0.09,-0.87,35.76,-44.43,142.36,0.87
1800430585.30263,-0.08,0.03,-0.89,40.33,-21.83,85.92,0.9
1800430585.4035065,-0.09,0.14,-0.91,-4.36,-32.49,68.37,0.93
1800430585.504383,-0.03,-0.06,-0.83,-25.85,-45.32,28.58,0.83
1800430585.60526,-0.12,-0.01,-0.95,1.56,-50.62,39.38,0.96
1800430585.7061365,-0.21,0.06,-1.04,-34.98,-34.92,25.61,1.06
1800430585.807013,-0.34,0.33,-0.8,-116.61,-18.57,-55.25,0.93
1800430585.9078896,-0.37,0.02,-0.71,-33.02,-55.12,3.94,0.8
1800430586.0087664,-0.25,0.04,-0.74,75.79,1.44,107.75,0.78
1800430586.109643,-0.24,-0.04,-0.74,6.96,-20.11,51.54,0.77
1800430586.2105196,-0.27,-0.06,-0.79,33.2,2.38,79.35,0.84
1800430586.3113961,-0.3,-0.06,-0.87,-9.95,13.52,41.1,0.92
1800430586.412273,-0.3,-0.21,-0.99,23.79,17.3,92.16,1.06
1800430586.5131495,-0.29,0.38,-0.96,-108.67,-14.24,-17.47,1.07
1800430586.614026,-0.26,0.14,-0.81,22.54,-64.78,-26.11,0.86
1800430586.7149026,-0.17,-0.03,-0.83,12.5,-38.63,34.57,0.85
1800430586.8157794,-0.05,0.05,-0.84,-3.32,-33.61,7.19,0.84
1800430586.916656,-0.06,-0.04,-0.88,-20.44,-18.31,9.94,0.88
1800430587.0175326,-0.2,-0.07,-0.88,-65.99,-43.53,-42.16,0.91
1800430587.1184092,-0.2,0.06,-1.11,-2.43,-43.56,12.72,1.13
1800430587.219286,-0.15,0.01,-0.7,-109.4,-15.87,-39.04,0.71
1800430587.3201625,-0.38,0.0,-0.73,33.22,7.26,-90.65,0.82
1800430587.421039,-0.1,-0.04,-0.7,5.68,-2.77,-83.38,0.71
1800430587.521916,-0.32,-0.17,-0.82,-0.58,13.28,-122.45,0.9
1800430587.6227925,-0.21,-0.12,-0.79,-61.97,13.03,-83.69,0.83
1800430587.723669,-0.21,-0.28,-0.93,-8.36,21.67,-45.42,0.99
1800430587.8245456,-0.22,0.57,-1.17,-24.8,-60.25,-66.54,1.32
1800430587.9254224,-0.15,-0.04,-0.82,45.0,-23.45,-84.45,0.84
1800430588.026299,-0.15,0.1,-0.8,-45.8,7.71,-37.11,0.82
1800430588.1271756,-0.13,0.01,-0.68,-24.35,-43.31,-4.57,0.69
1800430588.2280521,-0.07,0.02,-0.87,26.92,-12.02,-7.28,0.87
1800430588.328929,-0.13,-0.08,-0.97,-15.54,-39.26,-31.32,0.98
1800430588.4298055,-0.17,-0.17,-0.93,-20.1,-49.35,-36.65,0.96
1800430588.530682,-0.37,0.49,-1.05,-66.36,-29.56,-23.6,1.21
1800430588.6315587,-0.26,0.09,-0.67,-78.98,-15.29,-0.01,0.73
1800430588.7324355,-0.29,0.05,-0.72,61.28,-15.08,-13.89,0.78
1800430588.833312,-0.2,-0.12,-0.79,39.04,0.85,18.28,0.82
1800430588.9341886,-0.19,-0.13,-0.83,-33.32,-6.11,11.44,0.86
1800430589.0350652,-0.24,-0.02,-1.03,-40.89,21.51,-18.66,1.06
1800430589.135942,-0.33,0.31,-1.03,-38.4,26.25,12.04,1.13
1800430589.2368186,0.01,0.17,-0.72,-1.14,-61.78,0.21,0.74
1800430589.3376951,-0.1,-0.0,-0.76,61.22,-9.52,-47.17,0.77
1800430589.4385717,-0.05,0.01,-0.77,1.96,-30.84,-11.58,0.77
1800430589.5394485,-0.08,-0.0,-0.91,3.03,-20.3,4.45,0.92
1800430589.640325,-0.04,-0.04,-0.89,-54.9,-51.7,-4.17,0.89
1800430589.7412016,-0.17,-0.14,-1.01,-21.28,-1.74,28.93,1.04
1800430589.8420784,-0.42,0.29,-0.91,-104.41,-21.89,-16.69,1.04
1800430589.942955,-0.24,0.03,-0.56,-38.69,-16.42,-56.63,0.61
1800430590.0438316,-0.14,0.08,-0.76,79.89,12.38,-7.81,0.77
1800430590.1447082,-0.21,-0.13,-0.85,18.55,2.27,-35.95,0.88
0.0,0.0,0.0,0.0,0.0,0.0,0.0,0.0
1800430590.0,0.28,0.43,1.04,-31.38,-36.1,-38.88,1.16
1800430590.1037295,0.34,-0.14,0.68,-54.55,-0.82,-84.24,0.77
1800430590.207459,0.27,-0.02,0.74,6.12,-12.6,59.94,0.79
1800430590.3111885,0.21,-0.11,0.77,0.09,-1.08,51.02,0.81
1800430590.414918,0.25,-0.1,0.82,-13.58,-12.9,11.85,0.87
1800430590.5186474,0.27,-0.21,0.85,-23.17,43.05,-16.11,0.92
1800430590.622377,0.27,-0.22,0.98,127.04,17.86,11.61,1.04
1800430590.7261064,0.17,0.45,0.89,-12.35,-9.91,-63.58,1.01
1800430590.829836,0.25,0.06,0.76,-62.65,-37.34,51.96,0.8
1800430590.9335654,0.07,0.05,0.77,16.48,-42.76,-15.2,0.77
1800430591.0372949,0.1,0.01,0.88,-3.56,-62.39,10.92,0.89
1800430591.1410244,0.06,-0.1,0.84,-59.97,-65.74,-26.5,0.85
1800430591.2447538,0.2,-0.07,0.95,-70.18,-52.57,-44.5,0.97
1800430591.3484833,0.26,0.0,0.95,41.76,-10.12,-6.21,0.99
1800430591.4522128,0.52,0.13,0.82,-96.71,-22.95,-97.5,0.98
1800430591.5559423,0.35,-0.06,0.66,41.69,-20.92,46.0,0.75
1800430591.6596715,0.23,-0.07,0.66,35.4,-25.12,38.52,0.7
1800430591.763401,0.32,-0.1,0.73,16.98,-23.17,57.83,0.8
1800430591.8671305,0.21,-0.06,0.84,7.65,-26.56,25.35,0.87
1800430591.97086,0.4,-0.19,0.98,14.2,16.96,-5.6,1.07
1800430592.0745895,0.29,0.33,1.06,51.22,34.58,-4.46,1.14
1800430592.178319,0.2,0.23,0.91,-96.73,-54.95,39.91,0.96
1800430592.2820485,0.17,-0.02,0.69,-3.0,-25.68,-39.48,0.71
1800430592.385778,0.18,0.06,0.76,-42.17,-46.83,-47.72,0.78
1800430592.4895074,0.22,-0.08,0.83,-2.01,17.77,18.04,0.86
1800430592.593237,0.27,-0.04,0.96,-15.38,-24.84,-18.22,0.99
1800430592.6969664,0.31,0.13,1.08,68.64,-56.78,33.56,1.13
1800430592.800696,0.33,0.35,0.81,-2.61,-9.32,-46.48,0.94
1800430592.9044254,0.37,-0.09,0.61,37.22,-12.83,1.52,0.72
1800430593.0081549,0.17,-0.09,0.66,18.42,-6.07,8.11,0.69
1800430593.1118844,0.3,-0.11,0.78,16.48,4.6,34.64,0.84
1800430593.2156138,0.24,-0.18,0.79,3.74,3.5,-20.88,0.84
1800430593.3193433,0.25,-0.22,0.89,30.91,8.06,-34.0,0.95
1800430593.4230728,0.37,0.24,1.03,-1.27,7.18,-14.28,1.12
1800430593.5268023,0.12,0.06,0.82,-27.62,-13.54,10.24,0.83
1800430593.6305318,0.22,-0.09,0.7,-30.57,-17.92,-3.67,0.74
1800430593.7342613,0.13,-0.04,0.74,0.41,-32.09,1.6,0.75
1800430593.8379908,0.19,-0.05,0.87,21.63,-27.84,46.28,0.89
1800430593.9417202,0.27,-0.08,0.93,12.3,-32.12,4.41,0.98
1800430594.0454497,0.32,0.13,1.08,58.82,-18.29,18.24,1.14
1800430594.1491792,0.45,0.18,0.81,-53.92,2.45,-73.95,0.94
1800430594.2529087,0.32,0.0,0.64,15.97,-5.29,16.62,0.72
1800430594.3566382,0.22,-0.05,0.69,-32.42,-21.06,9.54,0.72
1800430594.4603677,0.39,-0.09,0.86,-47.32,1.25,32.46,0.95
1800430594.5640972,0.29,-0.07,0.81,-30.79,2.77,-43.48,0.87
0.0,0.0,0.0,0.0,0.0,0.0,0.0,0.0
1800430595.0,0.02,0.98,0.12,-29.9,-84.46,1.65,0.99
1800430595.0901704,0.02,0.88,0.04,24.01,-64.25,15.84,0.88
1800430595.1803405,0.06,0.95,0.17,-8.15,-64.16,14.09,0.97
1800430595.270511,0.03,0.97,0.24,-76.5,-16.92,75.79,1.0
1800430595.360681,0.05,1.32,0.46,-39.46,48.1,38.35,1.4
1800430595.4508514,0.21,0.81,0.15,130.28,139.75,-83.92,0.85
1800430595.5410216,0.06,0.69,0.18,-1.56,52.35,-39.47,0.72
1800430595.631192,0.21,0.74,0.17,-30.9,21.93,-2.8,0.79
1800430595.721362,0.0,0.8,0.03,-36.1,-61.65,-41.75,0.8
1800430595.8115325,-0.03,1.18,0.12,-143.27,-145.11,101.59,1.19
1800430595.9017026,0.13,1.36,0.28,35.43,-186.63,-38.18,1.4
1800430595.991873,0.21,1.05,0.03,165.79,-88.39,16.78,1.07
1800430596.0820432,0.28,0.97,-0.04,161.89,-153.22,-31.88,1.01
1800430596.1722136,0.17,0.78,0.17,110.88,-81.69,34.9,0.82
1800430596.2623837,-0.04,0.26,0.1,-42.81,-70.14,-66.42,0.28
1800430596.352554,0.09,0.85,0.3,-235.44,-16.72,48.92,0.91
1800430596.4427245,0.15,1.49,0.4,-92.85,85.76,43.12,1.55
1800430596.5328946,0.25,1.32,0.44,14.15,166.5,110.5,1.42
1800430596.623065,0.22,0.54,0.24,22.79,146.71,-154.3,0.63
1800430596.7132351,0.13,0.64,0.08,29.69,112.05,-76.15,0.66
1800430596.8034055,0.05,0.64,0.08,-53.35,18.39,-24.94,0.65
1800430596.8935757,0.08,0.97,0.19,-86.41,-73.54,46.21,1.0
1800430596.983746,0.01,1.4,0.39,80.27,-59.07,76.01,1.46
1800430597.0739162,0.37,0.89,0.24,55.33,-16.6,-81.7,0.99
1800430597.1640866,0.11,0.83,0.1,115.11,17.58,-59.07,0.84
1800430597.2542567,0.19,0.7,0.22,-8.24,-36.84,12.61,0.76
1800430597.344427,0.1,0.7,0.22,-29.52,9.43,-20.86,0.74
0.0,0.0,0.0,0.0,0.0,0.0,0.0,0.0
1800430600.0,0.02,0.95,0.04,20.75,-4.27,-15.63,0.95
1800430600.0960276,0.06,0.96,0.01,15.56,-2.24,-25.23,0.96
1800430600.192055,0.02,0.93,-0.07,24.91,8.87,-27.23,0.93
1800430600.2880826,0.04,0.96,-0.09,24.88,-5.41,1.79,0.97
1800430600.38411,0.07,0.98,-0.12,14.9,-8.18,-3.03,0.99
1800430600.4801376,0.0,0.95,-0.04,2.15,-19.98,-1.5,0.95
1800430600.5761652,0.05,0.92,-0.01,3.55,-25.8,-2.35,0.92
1800430600.6721926,-0.04,0.95,-0.0,-10.69,-27.84,5.85,0.95
1800430600.7682202,0.04,0.98,-0.1,-0.67,-30.65,9.64,0.99
1800430600.8642476,-0.01,0.91,-0.09,-6.31,-26.23,11.25,0.92
1800430600.9602752,0.03,0.81,-0.02,31.32,-35.54,18.63,0.81
1800430601.0563025,-0.0,0.92,-0.01,27.92,4.98,18.04,0.92
1800430601.1523302,-0.05,1.01,-0.06,4.56,1.48,-4.07,1.01
1800430601.2483578,-0.03,0.88,-0.04,26.6,4.58,15.5,0.88
1800430601.3443851,0.11,0.79,-0.01,18.47,17.9,9.2,0.79
1800430601.4404128,0.08,0.78,-0.0,15.23,-3.21,9.93,0.79
1800430601.5364401,-0.13,0.98,-0.2,47.74,14.87,6.39,1.01
1800430601.6324677,0.17,0.74,-0.02,-4.6,-59.29,44.21,0.76
1800430601.7284954,0.13,0.87,0.03,28.76,-18.35,36.12,0.88
1800430601.8245227,0.03,1.04,-0.01,59.11,-10.6,25.63,1.04
1800430601.9205503,0.26,1.72,-0.05,70.13,170.56,-94.33,1.74
1800430602.0165777,0.11,0.68,0.2,-156.11,-73.9,52.04,0.72
1800430602.1126053,0.03,1.03,0.36,67.06,-18.32,79.55,1.09
1800430602.208633,-0.05,0.85,0.24,-11.2,-44.5,85.41,0.88
1800430602.3046603,0.08,0.84,0.34,83.77,-0.96,23.26,0.91
1800430602.400688,-0.05,0.99,0.23,26.17,-4.2,-72.01,1.02
1800430602.4967153,0.09,0.93,0.22,36.82,-12.59,20.31,0.96
1800430602.592743,0.11,0.9,0.12,22.49,-21.66,23.36,0.91
0.0,0.0,0.0,0.0,0.0,0.0,0.0,0.0
1800430605.0,0.1,0.56,-0.23,80.27,-245.72,125.97,0.61
1800430605.1037014,-0.06,0.64,-0.16,134.72,-195.7,172.89,0.67
1800430605.2074027,-0.26,0.98,-0.41,101.12,-168.91,-22.92,1.09
1800430605.311104,-0.62,0.88,-0.65,-136.95,-18.03,-97.6,1.26
1800430605.4148057,-0.27,0.96,-1.1,-149.68,103.02,-182.93,1.49
1800430605.518507,0.08,0.75,-0.74,-40.26,209.05,-58.0,1.05
1800430605.6222084,-0.07,0.45,-0.4,-17.38,185.9,-67.43,0.61
1800430605.7259097,-0.18,0.59,-0.31,2.68,109.96,-118.15,0.69
1800430605.829611,-0.52,1.13,-0.37,-3.89,56.24,-78.5,1.3
1800430605.9333124,-0.24,1.11,-0.5,6.28,56.41,23.35,1.24
1800430606.0370138,-0.06,0.78,-0.51,-15.19,58.82,-8.33,0.94
1800430606.1407154,-0.17,0.56,-0.28,5.01,-23.41,37.99,0.65
1800430606.2444167,-0.21,0.61,-0.16,30.15,-10.69,-14.41,0.67
1800430606.348118,-0.26,0.93,-0.41,-15.32,-26.6,-85.42,1.04
1800430606.4518194,-0.53,1.25,-0.47,32.58,82.7,111.24,1.43
1800430606.5555208,-0.47,0.58,-0.9,-263.55,77.65,-97.17,1.17
1800430606.6592221,0.01,0.36,-0.56,42.07,182.3,-68.98,0.66
1800430606.7629235,-0.18,0.54,-0.32,52.98,109.73,-186.86,0.65
1800430606.8666248,-0.39,0.97,-0.58,-139.58,54.25,-109.08,1.2
1800430606.9703264,-0.32,0.98,-0.86,-68.56,26.37,15.31,1.34
1800430607.0740278,0.01,0.78,-0.84,10.04,64.58,-1.22,1.15
1800430607.1777291,0.01,0.64,-0.46,94.04,-29.63,-115.98,0.78
1800430607.2814305,-0.15,0.67,-0.17,234.7,-21.47,61.0,0.71
1800430607.3851318,-0.4,0.98,0.13,47.95,25.83,-57.62,1.06
1800430607.4888332,-0.38,0.99,-0.03,20.54,41.68,101.74,1.06
1800430607.5925345,-0.35,1.29,-0.41,-102.48,32.82,106.28,1.4
1800430607.6962361,-0.22,0.58,-0.74,-46.24,51.12,-32.84,0.97
1800430607.7999375,-0.17,0.75,-0.07,-23.72,120.01,-2.99,0.77
1800430607.9036388,-0.32,0.47,-0.2,-13.59,72.23,-62.06,0.61
1800430608.0073402,-0.58,1.08,-0.15,-25.41,81.48,-21.56,1.24
1800430608.1110415,-0.55,1.03,-0.06,52.28,55.8,10.91,1.17
1800430608.214743,0.01,1.11,-0.39,-30.32,-7.78,-47.77,1.18
1800430608.3184443,-0.09,0.87,-0.21,-28.33,8.8,-88.53,0.9
1800430608.4221458,-0.3,0.58,-0.1,-61.44,22.19,49.46,0.66
1800430608.5258472,-0.33,0.92,-0.24,-120.18,92.94,-103.84,1.01
0.0,0.0,0.0,0.0,0.0,0.0,0.0,0.0
1800430610.0,0.44,-0.74,-0.08,14.02,-120.46,60.19,0.86
1800430610.10065,0.37,-0.79,0.06,17.95,-76.1,62.79,0.88
1800430610.2013001,0.37,-0.82,0.07,31.07,-42.39,13.13,0.9
1800430610.3019502,0.49,-1.0,0.07,-54.66,34.67,6.73,1.11
1800430610.4026003,0.52,-1.09,0.42,-57.16,154.83,-33.25,1.27
1800430610.5032504,0.12,-0.64,0.1,4.38,-15.39,-52.19,0.66
1800430610.6039007,0.6,-0.82,0.33,28.53,168.19,-82.43,1.07
1800430610.7045507,0.26,-0.68,0.03,106.29,48.87,-47.3,0.73
1800430610.8052008,0.52,-0.8,0.01,38.7,73.04,6.83,0.96
1800430610.905851,0.55,-0.87,0.05,43.79,-29.41,16.33,1.04
1800430611.006501,0.67,-0.87,-0.05,25.32,-95.68,60.53,1.1
1800430611.107151,0.71,-0.53,0.12,-35.24,-182.05,13.62,0.89
1800430611.207801,0.43,-0.57,-0.02,-131.9,-89.12,117.49,0.72
1800430611.3084512,0.64,-0.84,0.26,-14.26,-109.98,47.31,1.09
1800430611.4091012,0.14,-0.66,0.07,-12.09,-65.33,67.97,0.68
1800430611.5097513,0.44,-0.93,0.15,-8.7,51.69,25.95,1.04
1800430611.6104014,0.36,-0.99,0.23,-2.66,111.66,-15.05,1.08
1800430611.7110515,0.37,-0.6,0.36,60.12,39.08,-153.5,0.79
1800430611.8117018,0.33,-0.78,0.24,-30.07,171.01,-56.16,0.88
1800430611.9123518,0.4,-0.67,0.22,81.18,70.75,-119.71,0.81
1800430612.013002,0.37,-0.77,0.04,32.33,71.81,-48.95,0.85
1800430612.113652,0.49,-0.87,0.02,15.37,-0.27,-31.24,1.0
1800430612.214302,0.62,-0.84,0.08,-36.18,-40.16,-10.97,1.05
1800430612.3149521,0.59,-0.69,0.25,-51.17,-102.64,-43.94,0.94
1800430612.4156022,0.37,-0.66,0.01,-86.07,-11.92,72.41,0.75
1800430612.5162523,0.43,-0.79,0.11,10.19,-70.62,18.74,0.9
1800430612.6169024,0.19,-0.71,-0.05,9.39,-52.1,58.86,0.74
1800430612.7175524,0.48,-0.93,0.14,-25.38,16.52,3.38,1.05
1800430612.8182025,0.38,-1.02,0.12,-55.94,7.35,-37.68,1.1
1800430612.9188526,0.58,-0.95,0.41,-68.01,135.57,-26.41,1.19
1800430613.0195029,0.15,-0.47,0.02,70.79,-55.23,-45.8,0.5
1800430613.120153,0.61,-0.91,0.23,-11.15,64.13,33.98,1.12
1800430613.220803,0.26,-0.57,-0.05,83.24,-154.51,34.06,0.63
0.0,0.0,0.0,0.0,0.0,0.0,0.0,0.0
1800430615.0,-0.19,-0.84,-0.03,39.69,52.67,-36.35,0.86
1800430615.0981252,-0.25,-0.92,-0.16,-17.79,81.28,-5.51,0.97
1800430615.1962504,-0.28,-0.82,-0.09,-1.97,59.67,-26.95,0.87
1800430615.2943757,-0.37,-1.02,0.17,-35.24,64.09,-41.29,1.1
1800430615.3925009,-0.34,-0.92,0.12,-37.61,-1.4,-17.27,0.99
1800430615.490626,-0.24,-0.76,0.12,26.07,-35.15,-21.16,0.81
1800430615.5887513,-0.33,-0.9,0.03,-37.76,-47.28,31.7,0.96
1800430615.6868765,-0.41,-0.95,-0.0,27.37,-58.78,46.45,1.03
1800430615.7850018,-0.38,-1.01,-0.15,57.45,-16.93,74.96,1.09
1800430615.883127,-0.33,-0.73,-0.15,61.43,-33.75,12.03,0.82
1800430615.9812522,-0.25,-0.86,-0.11,35.66,-2.65,30.11,0.9
1800430616.0793774,-0.3,-0.83,-0.28,-29.11,-56.02,6.52,0.92
1800430616.1775026,-0.27,-0.86,-0.17,24.25,-77.34,76.66,0.92
1800430616.2756279,-0.2,-0.87,-0.3,-1.38,-126.18,7.9,0.95
1800430616.373753,-0.27,-0.85,-0.28,41.72,-130.66,32.83,0.94
1800430616.4718783,-0.28,-0.89,-0.31,48.9,-137.47,37.51,0.99
1800430616.5700035,-0.31,-0.96,-0.16,4.18,-183.05,31.5,1.02
1800430616.6681287,-0.44,-0.75,0.22,-0.13,-207.94,70.92,0.9
1800430616.766254,-0.46,-0.92,-0.05,-3.25,-145.05,68.63,1.03
1800430616.8643792,-0.38,-0.67,-0.12,30.39,-142.52,126.1,0.78
1800430616.9625044,-0.21,-0.66,-0.02,-10.93,-139.13,90.09,0.7
1800430617.0606296,-0.41,-0.75,-0.28,-34.56,-112.75,118.8,0.9
1800430617.1587548,-0.62,-0.65,-0.28,35.76,-97.44,101.14,0.95
1800430617.25688,-0.45,-0.72,-0.42,89.9,-61.95,46.54,0.94
1800430617.3550053,-0.48,-0.67,-0.33,78.0,-25.1,-24.27,0.89
1800430617.4531305,-0.5,-0.82,-0.42,93.0,1.23,22.83,1.05
1800430617.5512557,-0.35,-0.89,-0.42,74.56,-42.5,-16.56,1.05
1800430617.649381,-0.43,-0.84,-0.24,-19.66,-95.46,-34.26,0.98
1800430617.7475061,-0.33,-1.07,-0.08,105.84,-67.8,14.9,1.13
1800430617.8456314,-0.02,-1.26,-0.15,-36.48,-28.28,9.44,1.27
1800430617.9437563,-0.35,-0.79,-0.04,38.09,18.48,-117.56,0.87
1800430618.0418816,-0.29,-0.99,-0.21,0.79,36.04,-117.27,1.06
1800430618.1400068,-0.38,-0.72,0.05,44.25,-21.04,-22.32,0.82
1800430618.238132,-0.2,-0.85,0.01,57.85,30.52,-27.06,0.87
1800430618.3362572,-0.18,-0.91,0.05,-7.99,-7.85,-14.13,0.93
1800430618.4343824,-0.17,-0.91,-0.0,120.58,-35.21,-25.97,0.93
1800430618.5325077,-0.19,-0.95,-0.04,-19.03,17.47,26.32,0.97
1800430618.6306329,-0.24,-0.95,-0.04,-29.32,-29.32,-0.56,0.98
1800430618.728758,-0.23,-0.91,-0.08,-16.63,-20.32,16.46,0.94
1800430618.8268833,-0.34,-0.89,-0.18,11.14,-36.97,3.03,0.97
1800430618.9250085,-0.3,-0.9,-0.22,15.88,-27.41,49.45,0.97
1800430619.0231338,-0.3,-0.94,-0.19,28.3,-43.55,109.63,1.0
1800430619.121259,-0.34,-0.89,-0.27,57.81,8.54,56.05,0.99
1800430619.2193842,-0.05,-0.78,-0.27,37.53,38.62,16.92,0.83
1800430619.3175094,-0.29,-0.89,-0.15,-22.27,17.1,-114.1,0.95
1800430619.4156346,-0.06,-0.97,0.02,45.83,-62.65,-67.49,0.97
1800430619.5137599,-0.18,-0.98,-0.15,-58.99,-17.04,-33.11,1.01
1800430619.611885,-0.06,-0.9,-0.03,32.06,2.76,-22.62,0.9
1800430619.7100103,-0.24,-0.91,-0.02,-50.33,21.3,14.36,0.95
1800430619.8081355,-0.29,-0.83,-0.03,21.2,-3.44,21.38,0.88
1800430619.9062607,-0.28,-0.83,-0.18,-14.24,25.84,23.68,0.89
1800430620.004386,-0.4,-0.89,-0.27,-14.54,5.32,40.71,1.01
1800430620.1025112,-0.22,-0.88,-0.18,45.32,19.32,16.83,0.92
1800430620.2006364,-0.29,-0.87,-0.24,-2.64,47.28,-8.16,0.95
1800430620.2987616,-0.48,-1.11,-0.64,-66.99,17.74,32.71,1.37
1800430620.3968868,-0.43,-0.91,-0.42,-20.33,-47.25,4.55,1.09
1800430620.495012,-0.39,-0.95,-0.46,-12.51,-45.58,-5.05,1.13
1800430620.5931373,-0.33,-0.86,-0.48,20.34,-30.36,-44.21,1.04
1800430620.6912625,-0.28,-0.76,-0.34,0.22,9.72,-37.62,0.87
1800430620.7893877,-0.32,-0.7,-0.25,24.69,-8.95,-58.02,0.81
1800430620.887513,-0.38,-0.69,-0.27,-4.27,9.06,-32.69,0.83
1800430620.9856381,-0.25,-0.57,-0.11,84.87,-49.59,-87.39,0.63
1800430621.0837634,-0.22,-0.93,-0.04,29.6,2.01,-84.02,0.96
1800430621.1818886,-0.26,-0.79,-0.05,23.16,-45.06,2.76,0.83
1800430621.2800138,-0.2,-0.91,-0.02,78.51,11.03,13.98,0.93
1800430621.378139,-0.18,-0.95,-0.08,29.6,-37.14,16.99,0.97
0.0,0.0,0.0,0.0,0.0,0.0,0.0,0.0
1800430620.0,0.09,0.98,-0.02,33.89,-35.43,-49.29,0.99
1800430620.1017396,0.09,0.85,0.1,-10.34,-42.77,3.32,0.86
1800430620.2034793,0.01,0.91,0.08,-36.43,-43.03,8.74,0.91
1800430620.305219,-0.03,0.87,0.14,-37.26,-43.66,-31.16,0.88
1800430620.4069588,-0.01,0.85,0.12,13.45,-52.7,-48.72,0.86
1800430620.5086985,0.03,0.93,0.11,10.28,-54.86,-62.28,0.94
1800430620.610438,0.04,1.05,0.14,25.66,22.91,-15.78,1.06
1800430620.7121778,0.2,1.1,0.13,85.63,-8.33,-9.09,1.13
1800430620.8139174,0.17,1.09,-0.21,58.95,69.24,-47.87,1.13
1800430620.915657,0.12,0.67,-0.18,-62.65,75.54,-18.94,0.7
1800430621.017397,0.12,0.56,-0.09,-45.4,7.92,59.12,0.58
1800430621.1191366,-0.08,0.61,0.15,-57.75,-113.37,3.03,0.63
1800430621.2208762,0.01,1.34,0.07,40.4,-197.6,-126.65,1.34
1800430621.3226159,0.2,1.3,0.15,43.74,-97.53,86.04,1.33
1800430621.4243555,0.23,1.45,-0.23,15.98,-52.28,58.9,1.48
1800430621.5260952,-0.01,0.67,-0.36,-68.78,-24.39,98.95,0.76
1800430621.6278348,0.02,0.34,0.07,4.81,-48.18,43.28,0.35
1800430621.7295747,0.09,0.34,0.09,52.54,-77.0,-176.51,0.37
1800430621.8313143,0.21,0.93,-0.16,27.84,-17.14,-136.29,0.97
1800430621.933054,0.32,1.52,0.16,25.96,92.28,30.84,1.56
1800430622.0347936,0.33,1.2,-0.28,12.92,133.34,19.82,1.28
1800430622.1365333,0.18,0.68,-0.18,-12.0,124.14,46.92,0.73
1800430622.238273,0.06,0.38,-0.11,14.96,45.53,93.2,0.4
1800430622.3400128,0.02,0.62,0.08,-43.73,-77.54,29.34,0.63
1800430622.4417524,0.11,1.02,0.21,-34.84,-193.1,-66.31,1.05
1800430622.543492,0.51,1.89,0.08,40.02,-143.45,-77.85,1.96
1800430622.6452317,0.09,0.72,-0.28,-77.68,-17.86,66.52,0.78
0.0,0.0,0.0,0.0,0.0,0.0,0.0,0.0
1800430625.0,0.06,0.92,-0.33,-153.63,-48.44,-25.25,0.98
1800430625.1043646,0.04,0.73,-0.14,-149.77,-22.43,-32.89,0.74
1800430625.2087293,0.07,0.95,-0.06,-83.76,0.04,-85.61,0.96
1800430625.3130941,0.01,0.98,-0.03,-50.69,27.73,6.57,0.98
1800430625.4174588,0.03,1.06,0.06,-18.93,25.85,8.47,1.06
1800430625.5218234,-0.14,0.98,0.12,-10.52,36.27,12.06,0.99
1800430625.626188,-0.09,1.05,0.02,16.32,41.4,23.63,1.05
1800430625.7305527,0.0,1.05,0.04,1.69,64.22,1.68,1.05
1800430625.8349173,-0.04,1.02,0.05,-6.12,22.03,8.95,1.02
1800430625.9392822,-0.02,1.07,-0.05,0.38,7.41,8.99,1.07
1800430626.0436468,-0.07,1.04,0.02,-15.25,-20.31,-1.29,1.04
1800430626.1480114,-0.02,1.06,0.08,-4.66,-43.65,11.67,1.06
1800430626.252376,-0.06,1.05,0.06,-11.64,-28.84,2.18,1.06
1800430626.3567407,-0.03,1.06,0.03,-7.94,-37.45,-3.88,1.06
1800430626.4611053,-0.08,1.06,0.05,-11.72,-25.71,-4.61,1.06
1800430626.5654702,-0.02,1.01,0.07,12.24,-30.27,-6.88,1.02
1800430626.6698349,-0.01,1.02,0.06,9.98,-27.56,6.01,1.03
1800430626.7741995,-0.03,1.05,0.01,12.32,-31.38,-4.33,1.05
1800430626.8785641,-0.02,0.97,0.01,22.23,-28.44,-5.67,0.97
1800430626.9829288,0.03,0.88,-0.0,18.39,-44.29,16.1,0.88
1800430627.0872934,0.01,0.68,-0.06,49.12,-25.7,33.97,0.68
1800430627.1916583,0.06,0.6,-0.08,62.08,-26.45,78.6,0.61
1800430627.296023,0.09,1.05,-0.12,-53.59,-26.36,-41.49,1.07
1800430627.4003875,0.24,0.96,-0.14,-68.21,71.49,17.48,1.0
1800430627.5047522,-0.63,2.1,-0.38,136.6,2.08,-14.9,2.23
1800430627.6091168,0.01,0.61,0.15,-172.37,-98.5,57.01,0.63
1800430627.7134814,-0.46,1.05,0.25,-62.17,-19.66,-89.64,1.17
1800430627.8178463,-0.16,1.02,0.15,-55.65,-21.21,5.11,1.05
1800430627.922211,-0.16,0.85,0.16,-3.44,18.96,29.39,0.88
1800430628.0265756,-0.24,1.09,0.23,-25.2,-20.18,41.96,1.14
1800430628.1309402,-0.11,1.02,0.19,-0.38,-41.77,-2.44,1.05
1800430628.2353048,-0.08,1.01,0.23,18.7,-16.32,10.98,1.04
1800430628.3396697,-0.15,1.0,0.17,5.55,-25.76,24.4,1.03
0.0,0.0,0.0,0.0,0.0,0.0,0.0,0.0
1800430630.0,-0.01,1.03,-0.0,-14.78,-62.88,78.24,1.03
1800430630.1020372,-0.02,1.15,0.07,-15.77,-62.75,22.13,1.15
1800430630.2040744,-0.14,1.24,0.08,-91.66,-32.48,35.88,1.25
1800430630.3061116,-0.41,1.21,0.32,-162.06,50.54,130.36,1.32
1800430630.4081488,-0.14,0.79,0.35,113.37,192.71,-158.89,0.88
1800430630.510186,0.09,0.98,0.09,108.08,121.52,-96.09,0.99
1800430630.6122231,0.16,0.8,0.04,40.29,-14.29,-22.55,0.81
1800430630.7142603,0.09,0.77,-0.08,-33.42,-114.45,52.4,0.77
1800430630.8162975,0.01,1.38,-0.03,-23.62,-132.75,36.65,1.38
1800430630.9183347,-0.08,1.56,0.0,-8.11,-192.91,5.65,1.56
1800430631.020372,0.16,0.84,0.09,34.81,-163.1,-131.42,0.86
1800430631.122409,0.02,0.85,0.07,-77.61,-213.15,-12.05,0.85
1800430631.2244463,-0.16,0.73,0.15,-53.24,-169.61,63.71,0.76
1800430631.3264835,-0.36,1.08,0.28,20.72,13.92,87.72,1.18
1800430631.4285207,-0.27,1.28,0.26,41.92,116.01,65.64,1.33
1800430631.5305579,-0.23,1.22,0.38,27.49,124.82,43.5,1.3
1800430631.632595,-0.15,0.71,0.24,22.94,127.4,-2.98,0.76
1800430631.7346323,-0.02,0.82,0.27,75.2,85.47,-66.74,0.87
1800430631.8366694,0.06,0.94,-0.03,90.73,-14.17,-41.45,0.95
1800430631.9387066,0.07,1.19,0.12,-35.82,-96.57,45.53,1.19
1800430632.0407438,0.01,1.49,0.21,-107.2,-208.71,-34.17,1.51
1800430632.142781,0.04,0.94,0.25,27.21,-153.71,-89.56,0.98
1800430632.2448182,-0.0,0.9,0.05,-0.23,-85.14,-58.58,0.9
0.0,0.0,0.0,0.0,0.0,0.0,0.0,0.0
1800430635.0,-0.52,-1.24,0.35,-25.08,-71.38,-65.93,1.39
1800430635.1040103,-1.21,-1.42,-0.07,-47.96,-28.39,-36.18,1.86
1800430635.2080207,-0.91,-0.74,-0.14,-22.32,-2.69,15.85,1.18
1800430635.312031,-0.18,-0.24,0.12,117.25,43.26,136.68,0.32
1800430635.4160414,-0.29,-0.65,0.14,-3.65,-64.69,-23.21,0.73
1800430635.5200517,-0.61,-1.27,0.2,-3.39,0.79,93.41,1.42
1800430635.624062,-0.81,-1.1,0.39,-15.65,39.12,4.82,1.42
1800430635.7280724,-1.4,-0.84,0.17,-65.77,-32.02,-30.0,1.64
1800430635.8320827,-0.33,-0.56,0.11,-24.94,115.28,-135.73,0.66
1800430635.9360929,-0.17,-0.5,0.04,50.56,102.78,34.82,0.53
1800430636.0401032,-0.15,-0.84,0.23,-13.07,-20.5,-68.81,0.88
1800430636.1441135,-0.85,-1.41,0.41,-4.74,-160.93,-37.58,1.69
1800430636.248124,-0.91,-1.23,-0.07,31.16,-40.56,-0.98,1.53
1800430636.3521342,-0.66,-0.66,0.06,-41.73,-82.76,16.14,0.93
1800430636.4561446,-0.12,-0.5,0.16,25.33,-23.21,58.62,0.54
1800430636.560155,-0.23,-0.74,0.18,-3.5,-65.73,14.03,0.8
1800430636.6641653,-0.4,-1.23,0.36,35.85,-24.62,22.41,1.35
1800430636.7681756,-1.08,-1.27,0.46,-145.46,-45.89,-24.8,1.73
1800430636.872186,-1.23,-0.78,0.19,-24.69,77.2,6.54,1.47
1800430636.9761963,-0.26,-0.65,0.01,46.29,135.32,-116.43,0.7
1800430637.0802066,-0.16,-0.5,0.1,-55.66,91.48,9.92,0.54
1800430637.184217,-0.24,-0.62,0.33,13.33,23.56,-45.34,0.74
1800430637.2882273,-0.66,-1.36,0.25,-6.45,-136.7,-3.74,1.53
1800430637.3922377,-1.33,-1.1,0.1,-28.49,67.9,-33.1,1.73
1800430637.496248,-0.39,-0.49,0.08,4.54,78.97,-116.66,0.63
1800430637.600258,-0.19,-0.52,0.14,-17.05,48.11,-23.61,0.58
1800430637.7042685,-0.29,-0.54,0.24,-12.64,33.49,-8.77,0.67
1800430637.8082788,-0.38,-1.06,0.43,-47.31,-48.83,-38.17,1.21
1800430637.9122891,-0.64,-1.43,0.41,67.83,-98.47,143.05,1.61
1800430638.0162995,-1.18,-1.17,-0.07,22.51,-26.9,3.57,1.66
1800430638.1203098,-0.57,-0.58,-0.01,58.25,-62.41,52.65,0.82
1800430638.2243202,-0.26,-0.51,0.15,28.11,-47.05,-2.02,0.59
1800430638.3283305,-0.32,-0.52,0.15,-62.35,-32.65,18.83,0.63
1800430638.4323409,-0.51,-1.01,0.48,0.42,-37.65,-35.94,1.23
1800430638.5363512,-0.68,-1.15,0.51,-51.86,-11.51,1.43,1.43
1800430638.6403615,-1.22,-1.26,0.13,1.37,69.42,-38.04,1.76
1800430638.744372,-0.79,-0.59,-0.0,31.56,76.43,-73.34,0.99
1800430638.8483822,-0.12,-0.44,0.09,88.59,37.98,-44.44,0.47
1800430638.9523926,-0.21,-0.72,0.06,33.0,-43.58,61.7,0.75
1800430639.056403,-0.35,-1.38,0.29,116.62,-72.54,-3.91,1.46
1800430639.1604133,-0.49,-1.97,0.1,97.22,-144.25,-68.42,2.03
1800430639.2644236,-0.7,-1.11,-0.17,62.66,-93.74,81.57,1.32
1800430639.3684337,-0.21,-0.48,0.06,55.6,-69.66,3.46,0.53
1800430639.472444,-0.06,-0.42,0.16,-45.13,-49.14,47.05,0.45
1800430639.5764544,-0.34,-1.03,0.2,-117.63,-97.07,-8.0,1.11
1800430639.6804647,-0.54,-1.35,0.33,-83.96,33.51,33.75,1.49
1800430639.784475,-1.08,-1.25,0.26,-41.93,69.35,1.2,1.67
1800430639.8884854,-0.67,-0.61,0.11,-12.55,107.22,-31.91,0.91
1800430639.9924958,-0.21,-0.54,0.1,41.78,100.49,-58.1,0.59
1800430640.096506,-0.29,-0.65,0.21,-24.29,11.42,-30.9,0.74
1800430640.2005165,-0.25,-1.06,0.4,-33.19,-48.1,-25.59,1.16
1800430640.3045268,-0.52,-1.4,0.45,32.45,-74.73,61.84,1.56
1800430640.4085371,-1.03,-1.33,-0.03,88.65,-71.81,-29.25,1.68
0.0,0.0,0.0,0.0,0.0,0.0,0.0,0.0
1800430640.0,0.0,-0.89,-0.02,-20.33,-10.57,6.76,0.89
1800430640.10024,-0.01,-0.91,0.01,-8.1,-6.35,38.85,0.91
1800430640.2004797,-0.09,-0.9,0.0,-7.97,7.19,28.28,0.91
1800430640.3007197,-0.15,-0.97,-0.01,-17.83,-9.93,7.89,0.98
1800430640.4009597,-0.09,-0.94,-0.04,-10.95,-12.81,4.33,0.94
1800430640.5011997,-0.08,-0.89,0.03,4.76,-25.56,10.9,0.9
1800430640.6014395,-0.08,-0.89,0.04,-1.24,-16.16,-4.94,0.89
1800430640.7016795,-0.05,-0.88,0.09,13.41,-27.55,-6.85,0.89
1800430640.8019195,-0.05,-0.94,0.04,10.67,-18.08,-12.24,0.94
1800430640.9021592,-0.08,-0.9,0.06,27.19,-22.47,-8.09,0.9
1800430641.0023992,0.0,-0.79,0.06,-21.09,-42.66,-21.8,0.79
1800430641.1026392,-0.04,-0.91,0.06,-23.86,2.42,-27.15,0.91
1800430641.2028792,-0.07,-1.02,0.08,5.49,11.63,2.62,1.02
1800430641.303119,-0.08,-0.93,0.06,-14.9,3.88,1.93,0.93
1800430641.403359,-0.03,-0.78,0.02,-11.23,20.67,-19.63,0.78
1800430641.503599,0.06,-0.8,0.03,-3.34,6.81,-12.2,0.8
1800430641.6038387,-0.2,-0.95,0.16,-29.27,14.34,-16.35,0.98
1800430641.7040787,-0.03,-0.74,-0.16,9.85,-67.5,-30.11,0.76
1800430641.8043187,0.03,-0.84,-0.09,-2.83,-7.28,-35.92,0.85
1800430641.9045584,-0.02,-1.0,0.02,-38.53,-19.45,-28.23,1.0
1800430642.0047984,-0.09,-1.78,-0.25,-54.47,174.04,108.18,1.8
1800430642.1050384,0.16,-0.7,-0.03,135.9,-88.11,-48.45,0.72
1800430642.2052784,0.33,-1.02,-0.01,-34.62,-23.26,-86.29,1.07
1800430642.3055182,0.17,-0.81,0.1,27.72,-54.2,-98.72,0.84
1800430642.4057581,0.26,-0.79,-0.05,-60.1,-2.88,-17.29,0.83
1800430642.5059981,0.16,-1.03,0.06,-10.87,-12.07,64.48,1.05
1800430642.606238,0.24,-0.91,0.0,-31.52,-14.72,-0.08,0.95
1800430642.7064779,0.17,-0.94,-0.08,-24.38,-34.68,-21.79,0.96
0.0,0.0,0.0,0.0,0.0,0.0,0.0,0.0
1800430645.0,-0.13,-0.81,0.33,-14.7,140.97,35.83,0.89
1800430645.106644,-0.01,-0.84,0.31,-28.3,114.33,73.53,0.89
1800430645.2132878,-0.06,-1.03,0.39,-5.89,44.11,18.47,1.1
1800430645.3199317,0.05,-0.88,0.21,-39.41,18.42,6.71,0.91
1800430645.4265757,-0.06,-1.01,0.34,-25.27,11.8,-7.63,1.06
1800430645.5332196,-0.09,-0.97,0.31,-25.67,40.4,-55.43,1.02
1800430645.6398635,0.07,-0.84,0.18,-27.29,45.69,10.01,0.86
1800430645.7465074,-0.08,-0.89,0.29,-12.97,71.35,19.22,0.94
1800430645.8531516,-0.12,-0.96,0.16,-26.89,66.69,48.07,0.98
1800430645.9597955,-0.07,-0.9,0.22,-10.53,96.53,37.61,0.93
1800430646.0664394,-0.16,-0.9,0.18,-12.79,97.77,46.51,0.93
1800430646.1730833,-0.15,-0.86,0.23,-12.57,113.89,44.27,0.9
1800430646.2797272,-0.2,-0.89,0.23,-30.98,117.78,77.09,0.94
1800430646.3863711,-0.2,-0.81,0.22,-12.2,116.03,56.56,0.86
1800430646.493015,-0.26,-0.68,0.22,-41.14,84.96,46.08,0.76
1800430646.599659,-0.3,-0.81,0.29,-42.47,54.33,12.06,0.91
1800430646.706303,-0.24,-0.93,0.24,-29.95,54.55,-35.9,0.99
1800430646.8129468,-0.27,-0.89,0.26,-34.13,60.73,-28.86,0.96
1800430646.9195907,-0.39,-1.09,0.3,-33.12,19.97,-63.21,1.19
1800430647.0262346,-0.21,-1.42,0.55,75.01,-78.38,42.42,1.53
1800430647.1328785,0.02,-1.14,0.09,-123.73,25.06,12.22,1.14
1800430647.2395225,-0.02,-0.93,-0.05,-12.54,-46.5,-83.24,0.93
1800430647.3461664,-0.03,-0.96,0.2,5.84,-89.22,-110.06,0.98
1800430647.4528103,0.09,-0.87,0.27,27.18,-0.12,-32.15,0.92
1800430647.5594544,0.12,-0.95,0.12,17.25,30.4,65.15,0.96
1800430647.6660984,-0.09,-1.01,0.25,-20.73,29.92,29.37,1.04
1800430647.7727423,-0.08,-1.05,0.22,16.39,38.72,23.56,1.08
1800430647.8793862,-0.07,-0.91,0.23,6.71,35.9,-13.62,0.94
1800430647.98603,-0.1,-0.95,0.25,-13.39,14.36,-15.9,0.99
1800430648.092674,-0.06,-0.9,0.26,-60.27,24.02,-8.67,0.93
0.0,0.0,0.0,0.0,0.0,0.0,0.0,0.0
1800430650.0,-0.13,-1.11,0.08,-79.14,-107.51,-48.17,1.12
1800430650.0957763,-0.22,-0.89,0.29,-71.63,-38.58,-48.98,0.96
1800430650.1915526,-0.53,-1.15,0.5,4.22,65.5,-83.17,1.36
1800430650.2873292,-0.43,-1.43,0.31,28.6,133.85,-27.5,1.52
1800430650.3831055,0.09,-0.83,-0.05,8.37,53.65,31.71,0.84
1800430650.4788818,0.07,-0.34,-0.35,56.41,-245.85,53.82,0.49
1800430650.5746582,-0.54,-1.72,-0.11,-97.67,-329.82,169.5,1.81
1800430650.6704347,-0.75,-1.56,0.46,-114.55,-227.99,237.3,1.79
1800430650.766211,-0.09,-0.04,0.46,13.74,-149.55,-2.75,0.47
1800430650.8619874,-0.16,-0.15,0.75,143.44,53.74,-126.11,0.78
1800430650.9577637,-0.7,-1.29,0.68,-34.62,323.08,-195.61,1.62
1800430651.05354,-0.63,-1.58,-0.1,-5.17,312.39,-11.58,1.71
1800430651.1493165,0.17,-0.48,-0.34,98.51,32.29,76.28,0.61
1800430651.2450929,0.34,0.03,-0.41,55.82,-121.43,181.9,0.53
1800430651.3408692,-0.51,-2.19,0.1,0.12,-349.39,-28.09,2.26
1800430651.4366455,-0.36,-1.41,0.44,4.38,-270.46,53.58,1.52
1800430651.532422,0.01,0.29,0.41,-55.44,-115.23,-91.7,0.51
1800430651.6281984,-0.73,-0.46,0.6,-42.4,148.64,-99.58,1.05
1800430651.7239747,-1.03,-2.2,0.28,131.26,361.44,-3.92,2.45
1800430651.819751,-0.01,-1.0,-0.36,121.44,178.77,-14.51,1.06
1800430651.9155276,0.36,-0.15,-0.57,-35.33,-45.43,69.58,0.69
1800430652.011304,-0.04,-0.57,-0.39,-77.38,-303.1,115.88,0.69
1800430652.1070802,-0.98,-2.17,0.36,-56.89,-334.23,226.38,2.4
1800430652.2028565,-0.34,-0.72,0.18,-67.11,-326.2,-53.78,0.81
1800430652.2986329,-0.24,0.1,0.45,-36.3,-94.06,111.46,0.52
1800430652.3944094,-0.25,-0.97,0.67,-54.35,-35.7,30.6,1.2
0.0,0.0,0.0,0.0,0.0,0.0,0.0,0.0
1800430655.0,0.14,-0.68,0.01,61.91,-48.05,-52.18,0.7
1800430655.0937274,0.09,-1.34,-0.38,58.05,-46.43,4.04,1.39
1800430655.1874545,-0.28,-0.86,0.06,160.16,62.08,54.34,0.9
1800430655.2811818,1.2,-0.61,0.92,240.51,-29.56,66.57,1.62
1800430655.374909,-0.05,-1.47,0.63,-40.57,-84.85,-115.23,1.59
1800430655.4686363,-0.16,-1.39,0.54,-98.42,-166.55,46.38,1.5
1800430655.5623636,0.41,-0.07,-0.02,-124.14,-31.63,-115.83,0.42
1800430655.6560907,0.43,0.12,0.21,-4.74,124.15,-133.48,0.5
1800430655.749818,1.19,-2.0,0.17,17.31,344.36,-238.71,2.34
1800430655.8435452,0.46,-1.32,0.08,75.87,366.59,238.89,1.4
1800430655.9372725,0.05,-0.67,0.03,161.67,81.46,31.48,0.68
1800430656.031,-0.17,0.03,-0.03,-129.92,27.25,263.21,0.17
1800430656.124727,0.19,-1.03,0.28,-117.16,-263.06,74.89,1.09
1800430656.2184544,1.06,-1.4,0.0,-228.68,-292.82,80.63,1.76
1800430656.3121815,-0.36,-0.34,-0.28,79.4,-110.26,97.9,0.57
1800430656.4059088,0.34,0.26,0.12,-7.46,-73.82,-92.5,0.44
1800430656.4996362,0.94,-1.65,-0.64,7.34,311.96,-221.27,2.0
1800430656.5933633,0.79,-1.11,0.26,75.39,503.6,-70.55,1.38
1800430656.6870906,0.39,-0.76,0.07,146.82,328.01,-175.37,0.86
1800430656.7808177,-0.01,-0.11,0.16,-52.69,252.77,39.78,0.2
0.0,0.0,0.0,0.0,0.0,0.0,0.0,0.0
1800430660.0,0.04,-0.91,-0.12,0.1,-0.98,-4.56,0.92
1800430660.0984514,0.06,-0.95,-0.1,-16.15,-14.4,-11.04,0.96
1800430660.196903,0.03,-0.92,-0.07,-10.91,-12.94,10.15,0.92
1800430660.2953544,0.05,-0.93,-0.07,-4.88,-2.46,-4.38,0.94
1800430660.3938057,0.02,-0.92,-0.07,-23.28,-18.69,-12.57,0.92
1800430660.4922574,-0.0,-0.88,-0.06,-33.29,-12.15,-6.48,0.88
1800430660.5907087,-0.2,-0.48,-0.06,-113.84,12.3,-44.07,0.52
1800430660.68916,-0.1,-0.07,0.01,-171.49,-23.09,-149.11,0.12
1800430660.7876117,-0.48,-1.01,0.04,-206.71,43.21,64.6,1.12
1800430660.886063,-0.77,-1.16,0.02,-331.67,47.66,-128.95,1.39
1800430660.9845145,-0.57,-1.73,0.12,-12.55,-57.45,-69.6,1.82
1800430661.082966,-1.69,-1.67,0.87,169.38,-10.21,100.59,2.53
1800430661.1814175,-0.93,-1.13,0.29,-151.43,56.81,57.77,1.49
1800430661.2798688,-0.4,-0.76,0.05,-70.29,38.75,-45.8,0.85
1800430661.3783205,-0.61,-0.53,0.27,-43.27,-69.83,-8.37,0.85
1800430661.4767718,-0.81,-0.63,0.46,-33.21,-70.95,-29.12,1.12
1800430661.5752232,-0.96,-0.64,0.39,-4.64,2.77,1.29,1.21
1800430661.6736748,-0.71,-0.58,0.27,-28.68,25.2,-13.49,0.95
0.0,0.0,0.0,0.0,0.0,0.0,0.0,0.0
1800430665.0,-0.12,-0.75,0.33,132.5,71.87,41.33,0.83
1800430665.1036034,-0.18,-0.77,0.17,-50.92,71.87,85.15,0.8
1800430665.2072065,-0.17,-0.85,0.1,31.18,111.83,90.39,0.87
1800430665.3108099,-0.13,-0.82,0.26,-10.94,85.57,51.82,0.87
1800430665.414413,-0.11,-0.78,0.3,-62.64,88.14,72.21,0.85
1800430665.5180163,-0.08,-0.76,0.21,-60.37,120.45,68.94,0.79
1800430665.6216197,0.04,-0.69,0.15,-36.93,112.36,53.66,0.71
1800430665.7252228,0.13,-0.91,0.1,25.21,156.0,33.66,0.93
1800430665.8288262,-0.02,-0.75,0.29,77.03,97.28,62.75,0.81
1800430665.9324293,0.19,-0.79,0.12,17.86,61.26,19.8,0.82
1800430666.0360327,0.07,-0.84,0.25,5.04,63.21,7.07,0.88
1800430666.1396358,0.05,-0.8,0.24,-15.99,33.79,-0.54,0.84
1800430666.2432392,-0.04,-0.77,0.21,-75.14,34.74,-0.45,0.8
1800430666.3468425,-0.07,-0.82,0.15,-9.44,49.04,0.06,0.84
1800430666.4504457,-0.14,-0.66,0.17,33.67,9.65,38.31,0.7
1800430666.554049,-0.14,-0.79,0.1,-18.37,90.42,11.87,0.81
1800430666.6576521,-0.4,-0.91,0.19,33.71,96.15,35.96,1.01
1800430666.7612555,-0.0,-0.72,0.11,57.66,62.99,47.61,0.73
1800430666.8648589,-0.13,-0.85,0.12,32.79,72.36,59.98,0.87
1800430666.968462,-0.04,-0.87,0.26,23.59,2.74,43.08,0.9
1800430667.0720654,0.03,-0.92,0.41,-40.57,-21.23,41.21,1.0
1800430667.1756685,-0.04,-0.69,0.36,-48.07,-79.1,42.89,0.78
1800430667.2792718,0.19,-0.65,0.11,-43.4,-99.16,-30.2,0.68
1800430667.3828752,0.1,-0.79,0.38,102.61,-58.25,-58.44,0.88
1800430667.4864783,-0.03,-0.66,0.22,-12.7,-89.56,-70.61,0.69
1800430667.5900817,0.04,-0.91,0.18,-16.44,-55.07,-31.49,0.93
1800430667.6936848,0.01,-0.89,0.29,-55.81,-9.8,26.97,0.93
1800430667.7972882,-0.03,-0.89,0.17,-31.99,45.53,34.04,0.91
1800430667.9008915,-0.29,-0.74,0.44,-42.9,109.26,69.36,0.91
1800430668.0044947,0.01,-0.74,0.07,-62.98,88.42,58.49,0.74
1800430668.108098,-0.16,-0.84,0.29,50.55,106.8,70.65,0.91
1800430668.2117012,0.2,-0.75,0.07,-0.38,25.7,12.15,0.78
1800430668.3153045,0.03,-0.81,0.2,2.46,-12.25,38.77,0.83
1800430668.4189076,0.1,-0.86,0.29,-9.6,-73.65,1.99,0.92
1800430668.522511,0.14,-0.91,0.25,-42.77,-102.56,-69.37,0.96
0.0,0.0,0.0,0.0,0.0,0.0,0.0,0.0
1800430670.0,0.11,-0.97,0.02,-7.95,40.14,-6.18,0.97
1800430670.0986624,0.07,-0.91,0.05,2.63,78.36,-35.15,0.92
1800430670.1973245,0.03,-1.0,0.03,-35.09,103.89,-4.38,1.0
1800430670.295987,-0.02,-0.91,0.1,-33.68,108.85,16.53,0.92
1800430670.3946493,0.02,-1.01,0.2,-32.25,72.03,35.59,1.03
1800430670.4933114,0.12,-1.05,0.22,-23.54,-2.29,48.78,1.08
1800430670.5919738,0.22,-1.08,0.26,-87.6,-74.87,62.0,1.13
1800430670.6906362,0.4,-1.06,0.19,-23.15,-99.93,-41.15,1.15
1800430670.7892983,0.15,-0.66,0.13,43.26,-116.67,-37.67,0.69
1800430670.8879607,0.29,-0.85,0.17,-15.21,-48.21,-21.47,0.92
1800430670.986623,0.13,-0.81,0.05,43.89,13.44,-37.31,0.82
1800430671.0852854,0.03,-0.85,0.0,-32.04,119.97,30.49,0.85
1800430671.1839476,0.06,-1.19,0.12,-15.43,199.35,1.29,1.19
1800430671.28261,-0.16,-1.46,0.2,101.07,171.68,45.12,1.48
1800430671.3812723,0.57,-0.97,0.2,129.47,39.59,-69.51,1.14
1800430671.4799345,0.19,-0.96,0.1,175.12,110.35,-105.61,0.98
1800430671.5785968,0.02,-0.33,0.09,5.81,128.75,14.99,0.34
1800430671.6772592,0.17,-0.54,0.02,-210.95,55.4,36.7,0.56
1800430671.7759213,0.23,-1.3,0.22,-167.79,-52.76,-12.5,1.34
1800430671.8745837,0.12,-1.82,0.25,56.74,-105.32,139.36,1.84
1800430671.973246,0.31,-0.61,0.38,62.61,-178.07,-85.96,0.78
1800430672.0719082,0.32,-0.71,0.08,-9.57,-114.04,-140.53,0.78
1800430672.1705706,0.04,-0.59,0.01,42.71,-51.6,-89.82,0.59
1800430672.269233,0.02,-0.75,-0.08,-60.06,86.85,58.42,0.75
1800430672.3678951,-0.13,-1.14,0.09,-63.5,200.79,34.91,1.15
0.0,0.0,0.0,0.0,0.0,0.0,0.0,0.0
1800430675.0,0.08,-0.81,-0.21,-39.77,70.03,28.45,0.84
1800430675.0995893,0.01,-0.96,-0.29,-34.47,32.14,0.06,1.0
1800430675.1991787,-0.03,-1.0,-0.31,-27.42,9.11,-46.19,1.05
1800430675.2987678,-0.3,-0.92,-0.49,36.97,-8.59,18.99,1.09
1800430675.3983572,-0.06,-0.65,-0.2,50.25,-22.0,-22.44,0.68
1800430675.4979465,-0.28,-0.76,-0.34,18.97,-128.03,-56.26,0.88
1800430675.5975358,-0.1,-0.7,-0.24,17.9,-34.45,48.43,0.75
1800430675.697125,-0.01,-0.85,-0.27,-0.93,-19.72,14.25,0.89
1800430675.7967143,-0.11,-0.97,-0.34,-6.95,31.96,-8.22,1.03
1800430675.8963037,0.05,-0.93,-0.36,-1.09,82.74,-29.52,1.0
1800430675.995893,-0.18,-0.88,-0.49,-0.03,93.28,-6.16,1.02
1800430676.0954823,0.14,-0.56,-0.22,-69.46,65.16,-16.07,0.62
1800430676.1950715,-0.15,-0.92,-0.44,-36.91,47.19,5.64,1.04
1800430676.2946608,0.06,-0.78,-0.13,-41.71,94.82,-35.24,0.79
1800430676.3942502,-0.06,-1.01,-0.25,-29.97,17.15,-26.83,1.04
1800430676.4938395,-0.1,-0.98,-0.14,20.36,13.81,-50.17,0.99
1800430676.5934289,-0.44,-0.99,-0.43,29.51,-144.97,12.35,1.16
1800430676.693018,-0.0,-0.57,-0.03,66.48,-8.37,29.21,0.57
1800430676.7926073,-0.38,-0.9,-0.45,61.64,-112.05,96.99,1.07
1800430676.8921967,0.04,-0.76,-0.15,32.97,-15.03,59.96,0.78
1800430676.991786,-0.08,-0.89,-0.41,5.5,13.65,7.84,0.98
1800430677.091375,-0.02,-0.93,-0.49,-4.58,71.85,-40.07,1.05
1800430677.1909645,-0.29,-1.04,-0.58,-20.97,55.22,-87.6,1.23
1800430677.2905538,0.18,-0.54,-0.23,-112.25,75.88,2.5,0.62
1800430677.3901432,-0.22,-0.95,-0.41,-13.75,66.76,-38.33,1.06
1800430677.4897325,-0.03,-0.78,-0.14,-24.19,102.93,-23.92,0.79
1800430677.5893216,-0.1,-0.99,-0.25,33.99,-25.87,-4.59,1.02
1800430677.688911,-0.06,-0.92,-0.26,40.18,-54.85,-63.18,0.96
1800430677.7885003,-0.35,-0.86,-0.43,97.22,-31.4,12.78,1.02
1800430677.8880897,0.0,-0.83,-0.13,7.71,-63.45,29.52,0.84
1800430677.987679,-0.11,-0.73,-0.32,52.36,-3.28,35.2,0.81
1800430678.087268,-0.02,-0.84,-0.18,-14.14,3.32,-7.05,0.86
1800430678.1868575,-0.13,-0.99,-0.3,-38.37,71.51,-33.14,1.04
0.0,0.0,0.0,0.0,0.0,0.0,0.0,0.0
1800430680.0,-0.87,-0.79,0.13,150.22,256.37,-83.12,1.18
1800430680.1022062,-1.03,-0.16,-0.28,4.69,125.97,69.88,1.08
1800430680.2044122,-0.93,-0.22,-0.09,19.63,-0.12,-163.11,0.96
1800430680.3066185,-0.86,0.31,-0.06,-66.05,-44.8,-14.1,0.91
1800430680.4088247,-0.97,-0.16,-0.2,6.26,-10.52,49.84,1.0
1800430680.5110307,-0.93,0.13,-0.21,0.0,-4.48,-13.62,0.97
1800430680.613237,-0.95,0.21,-0.14,35.67,-0.91,0.51,0.98
1800430680.715443,-1.03,0.04,-0.17,-14.33,-20.18,18.48,1.04
1800430680.8176491,-0.95,-0.0,-0.11,-21.45,-8.84,11.35,0.96
1800430680.9198554,-0.98,0.04,-0.23,4.56,3.62,33.07,1.0
1800430681.0220613,-0.99,0.14,-0.19,12.57,-17.44,6.71,1.01
1800430681.1242676,-0.96,0.03,-0.07,-3.69,-11.82,17.55,0.96
1800430681.2264738,-0.96,-0.04,-0.15,-14.36,-8.35,17.93,0.97
1800430681.3286798,-0.91,0.08,-0.13,2.49,-8.59,-2.13,0.92
1800430681.430886,-0.94,0.08,-0.11,12.5,-9.08,-1.29,0.95
1800430681.533092,-0.95,-0.02,-0.16,-4.11,0.77,13.71,0.96
1800430681.6352983,-0.98,0.0,-0.17,4.78,2.14,14.06,0.99
1800430681.7375045,-0.96,0.01,-0.16,3.81,-9.46,2.94,0.97
1800430681.8397105,-0.99,0.02,-0.12,5.58,-8.99,0.48,1.0
1800430681.9419167,-0.94,-0.0,-0.12,9.07,-13.93,-12.93,0.95
1800430682.044123,-0.97,0.06,-0.19,8.85,-1.53,16.31,0.99
1800430682.146329,-0.97,0.03,-0.18,6.48,-12.2,-4.96,0.99
0.0,0.0,0.0,0.0,0.0,0.0,0.0,0.0
1800430685.0,-0.11,-0.77,0.24,-2.31,1.39,-27.41,0.81
1800430685.1006074,-0.06,-0.75,0.1,-19.1,0.12,-1.86,0.75
1800430685.2012146,0.06,-0.73,0.06,-26.49,-24.29,-34.25,0.74
1800430685.301822,0.14,-0.68,0.06,-6.1,-13.59,14.29,0.69
1800430685.4024293,-0.02,-0.82,0.02,-32.99,-4.46,36.57,0.82
1800430685.5030365,0.07,-0.89,0.03,-36.81,-23.91,14.38,0.9
1800430685.603644,-0.03,-0.8,-0.0,-65.78,-37.8,12.61,0.8
1800430685.7042513,-0.14,-0.78,-0.12,-47.06,26.87,31.1,0.8
1800430685.8048584,-0.46,-1.11,-0.12,18.97,-39.82,125.84,1.21
1800430685.9054658,0.26,-1.22,-0.04,115.11,-44.66,-32.09,1.25
1800430686.0060732,0.22,-0.71,0.01,-69.78,-40.79,328.34,0.75
1800430686.1066804,-0.4,-0.82,0.31,310.57,-251.2,213.16,0.96
1800430686.2072878,-0.84,-0.98,0.4,-163.57,-27.77,-238.4,1.35
1800430686.307895,-0.34,-0.8,0.02,26.34,45.85,123.3,0.87
1800430686.4085023,-0.42,-0.73,-0.01,-40.78,-23.13,-2.71,0.84
1800430686.5091097,-0.56,-0.75,0.07,-2.96,2.03,22.04,0.94
1800430686.609717,-0.64,-0.9,0.12,-29.57,15.74,42.76,1.11
1800430686.7103243,-0.55,-0.83,0.04,0.62,-34.86,-11.17,1.0
1800430686.8109317,-0.4,-0.77,0.05,71.0,-52.49,-57.35,0.87
1800430686.9115388,-0.38,-0.71,0.19,38.85,-13.4,-60.6,0.83
1800430687.0121462,-0.49,-0.84,0.2,-4.16,-19.23,-26.04,1.0
1800430687.1127536,-0.36,-0.83,0.14,-5.39,-17.6,-22.82,0.91
1800430687.2133608,-0.3,-0.81,0.19,7.42,-34.07,-17.45,0.89
1800430687.3139682,-0.34,-0.85,0.12,10.25,-41.26,-56.38,0.93
0.0,0.0,0.0,0.0,0.0,0.0,0.0,0.0
1800430690.0,-0.01,0.9,-0.26,101.82,-34.35,40.16,0.94
1800430690.107437,-0.04,0.76,-0.2,128.63,-38.3,27.48,0.79
1800430690.2148738,-0.06,0.76,-0.13,110.35,-22.04,49.43,0.78
1800430690.3223107,0.0,0.72,-0.11,69.43,-21.72,45.21,0.73
1800430690.4297476,0.1,0.92,-0.01,49.08,-12.65,27.35,0.92
1800430690.5371845,0.05,0.99,0.06,28.54,-17.35,-8.44,0.99
1800430690.6446214,0.1,0.94,0.12,29.95,-22.22,-14.38,0.95
1800430690.7520583,0.08,1.0,0.13,0.72,-31.5,-3.13,1.02
1800430690.8594952,0.04,0.92,0.13,-15.82,-22.88,-6.81,0.93
1800430690.966932,0.07,0.94,0.13,-5.66,-9.08,-15.89,0.95
1800430691.074369,0.05,0.97,0.11,-13.43,-4.83,-14.19,0.98
1800430691.1818058,0.04,0.96,0.12,3.12,-0.07,-11.23,0.97
1800430691.2892427,0.06,0.97,0.1,1.92,-4.11,-10.59,0.97
1800430691.3966796,0.07,0.93,0.16,-13.24,-13.21,-5.01,0.94
1800430691.5041165,0.04,0.94,0.11,-7.87,-18.93,-6.4,0.95
1800430691.6115534,0.05,0.94,0.11,-7.93,-9.03,-14.35,0.94
1800430691.7189903,0.06,0.97,0.12,-5.89,-7.2,-5.89,0.98
1800430691.826427,0.07,0.95,0.14,-22.44,-6.88,-16.4,0.96
1800430691.9338639,0.05,0.85,0.08,-50.24,3.22,-11.52,0.86
1800430692.0413008,-0.02,0.75,0.02,-97.52,13.79,-28.32,0.75
1800430692.1487377,-0.01,0.18,-0.03,-165.8,12.86,-65.58,0.18
1800430692.2561746,0.05,0.18,-0.09,-181.85,-2.88,-59.04,0.2
1800430692.3636115,-0.17,0.46,-0.33,-178.58,54.96,-21.54,0.59
1800430692.4710484,0.6,1.99,-0.41,-150.01,109.9,-19.6,2.12
1800430692.5784853,-0.28,1.98,-0.78,-30.16,-96.21,-212.43,2.15
1800430692.6859221,-0.16,1.12,-0.62,-202.33,179.33,2.95,1.29
1800430692.793359,-0.17,0.43,-0.13,-71.68,22.96,-23.12,0.48
1800430692.900796,-0.14,0.28,-0.27,0.48,-43.08,-14.76,0.42
1800430693.0082328,-0.39,0.92,-0.95,50.46,-92.8,71.16,1.38
1800430693.1156697,-0.44,0.87,-0.89,-59.62,45.4,-23.04,1.32
0.0,0.0,0.0,0.0,0.0,0.0,0.0,0.0
1800430695.0,0.18,-0.91,-0.0,11.29,46.32,-9.65,0.93
1800430695.1029637,0.3,-0.92,-0.07,4.38,58.04,-11.53,0.97
1800430695.2059271,0.25,-0.88,-0.0,32.56,31.73,7.57,0.91
1800430695.3088908,0.29,-0.97,-0.02,5.37,-16.43,30.78,1.01
1800430695.4118543,0.23,-0.91,-0.11,25.9,-45.0,-9.23,0.95
1800430695.514818,0.19,-0.89,-0.15,13.95,-30.69,-27.39,0.92
1800430695.6177814,0.24,-0.91,-0.26,-10.18,-7.2,-19.35,0.98
1800430695.720745,0.18,-1.05,-0.15,-11.57,31.37,-32.4,1.08
1800430695.8237085,0.33,-1.02,-0.33,-48.11,47.69,24.7,1.12
1800430695.9266722,0.28,-0.81,-0.01,5.54,-42.17,-10.12,0.86
1800430696.0296357,0.38,-0.9,-0.2,-31.94,-25.78,-58.59,0.99
1800430696.1325994,0.24,-0.88,-0.18,15.11,-86.85,24.08,0.93
1800430696.2355628,0.35,-0.89,-0.15,47.71,-165.22,25.79,0.97
1800430696.3385265,0.31,-0.95,-0.18,64.6,-138.81,-4.6,1.02
1800430696.44149,0.37,-0.86,-0.24,28.35,-180.23,-34.31,0.97
1800430696.5444536,0.3,-0.95,-0.25,37.76,-167.99,-74.89,1.03
1800430696.647417,0.26,-0.8,-0.03,75.91,-202.86,16.29,0.84
1800430696.7503808,0.35,-0.91,0.18,98.43,-195.26,27.26,0.99
1800430696.8533442,0.63,-0.9,0.0,31.25,-150.49,5.4,1.1
1800430696.956308,0.21,-0.84,-0.08,47.54,-185.71,-49.59,0.87
1800430697.0592713,0.45,-0.82,-0.1,102.35,-127.57,17.5,0.94
1800430697.162235,0.36,-0.73,-0.27,35.68,-178.12,-38.79,0.86
1800430697.2651985,0.28,-0.93,-0.22,67.56,-99.28,37.35,0.99
1800430697.3681622,0.43,-0.63,-0.24,24.7,-204.31,27.73,0.8
1800430697.4711256,0.33,-0.69,-0.03,46.84,-78.87,-69.1,0.77
1800430697.5740893,0.38,-0.81,-0.36,3.3,-19.56,-65.99,0.96
1800430697.6770527,0.36,-0.83,-0.22,3.22,-14.87,-18.26,0.93
1800430697.7800164,0.51,-0.91,-0.35,-1.33,28.42,-43.19,1.1
1800430697.8829799,0.49,-1.0,-0.36,-51.43,-28.99,-48.09,1.17
1800430697.9859436,0.46,-1.02,-0.11,-49.05,-57.6,-32.47,1.13
1800430698.088907,0.18,-1.25,0.09,-27.64,12.44,2.53,1.27
1800430698.1918707,0.25,-0.89,0.01,11.1,20.15,30.64,0.93
1800430698.2948341,0.27,-0.92,-0.04,49.11,33.03,57.26,0.96
1800430698.3977978,0.37,-0.93,-0.06,36.84,25.43,74.37,1.0
1800430698.5007613,0.47,-1.0,-0.18,-29.16,60.18,11.38,1.12
1800430698.603725,0.61,-1.17,-0.27,-27.15,76.54,-28.04,1.34
1800430698.7066884,0.47,-0.82,-0.39,-12.73,-18.36,-17.74,1.02
1800430698.809652,0.39,-0.93,-0.29,39.2,7.6,36.06,1.05
1800430698.9126155,0.53,-0.92,-0.36,14.36,-7.3,29.04,1.12
1800430699.0155792,0.42,-0.88,-0.24,-43.93,8.53,25.8,1.0
1800430699.1185427,0.4,-0.74,-0.18,-67.45,7.24,2.63,0.86
1800430699.2215064,0.43,-0.59,-0.0,-46.34,-19.48,-28.74,0.73
1800430699.3244698,0.44,-0.71,0.17,-33.46,-28.08,-72.8,0.85
1800430699.4274335,0.42,-0.85,0.07,10.03,-3.11,-61.57,0.95
1800430699.530397,0.34,-0.81,0.12,2.37,-79.92,-41.35,0.89
1800430699.6333606,0.22,-0.78,-0.03,-17.83,-100.17,-19.87,0.81
1800430699.736324,0.25,-0.94,-0.13,52.83,-25.57,-0.83,0.99
1800430699.8392878,0.23,-0.95,-0.29,18.52,-37.31,-21.79,1.02
1800430699.9422514,0.12,-1.04,-0.2,-20.3,67.41,1.86,1.06
1800430700.045215,0.2,-0.88,-0.13,-35.43,50.23,10.18,0.91
1800430700.1481786,0.27,-0.84,-0.15,-65.1,46.01,-65.47,0.9
1800430700.251142,0.27,-1.13,-0.11,-40.36,129.61,11.2,1.17
1800430700.3541057,0.28,-0.62,0.0,-21.36,-27.35,-8.63,0.68
1800430700.4570692,0.11,-1.15,-0.05,-4.87,203.51,-56.42,1.16
1800430700.5600328,0.46,-0.75,-0.16,-62.24,105.03,85.31,0.9
1800430700.6629963,0.24,-0.84,0.08,-30.07,167.33,4.22,0.88
1800430700.76596,0.49,-0.89,-0.06,-61.42,172.26,9.71,1.02
1800430700.8689234,0.3,-0.92,-0.05,-74.95,126.78,52.86,0.97
1800430700.971887,0.27,-0.8,-0.29,-43.78,125.16,-33.25,0.89
1800430701.0748506,0.13,-1.03,-0.15,11.12,88.7,27.63,1.04
1800430701.1778142,0.31,-0.93,-0.28,-9.93,24.24,-5.05,1.02
1800430701.2807777,0.08,-0.92,-0.15,4.84,12.56,-7.75,0.94
1800430701.3837414,0.19,-0.9,-0.1,-16.42,19.82,-14.0,0.92
1800430701.4867048,0.07,-0.93,-0.0,-2.15,3.88,15.98,0.93
1800430701.5896685,0.27,-0.97,0.02,0.91,-21.46,27.22,1.0
1800430701.692632,0.23,-0.94,-0.04,-8.06,-38.74,-7.97,0.97
1800430701.7955956,0.17,-0.96,-0.11,1.19,-14.26,15.85,0.98
1800430701.898559,0.2,-0.92,-0.06,-9.87,-26.67,-13.51,0.94
1800430702.0015228,0.16,-0.94,-0.07,7.96,2.83,-65.29,0.96
1800430702.1044862,0.21,-1.13,-0.17,21.33,98.68,-11.87,1.16
1800430702.20745,0.21,-0.75,-0.03,12.76,-52.72,0.56,0.78
1800430702.3104134,0.22,-0.94,-0.13,0.88,21.73,-27.27,0.97
1800430702.413377,0.35,-0.91,-0.23,-32.8,-68.93,67.61,1.0
1800430702.5163405,0.28,-0.82,-0.1,39.46,-110.48,5.85,0.87
1800430702.6193042,0.3,-0.97,-0.25,29.21,-111.91,-9.42,1.04
1800430702.7222676,0.38,-0.92,-0.17,43.18,-180.34,-12.72,1.01
1800430702.8252313,0.31,-0.94,-0.16,43.56,-186.51,-62.01,1.0
1800430702.9281948,0.25,-0.86,-0.05,70.64,-265.36,20.92,0.9
1800430703.0311584,0.33,-0.87,0.2,112.9,-254.78,17.0,0.95
1800430703.134122,0.49,-0.85,0.06,77.42,-204.15,-2.19,0.99
1800430703.2370856,0.26,-0.75,-0.05,76.39,-184.91,-45.45,0.79
1800430703.340049,0.4,-0.72,-0.18,77.5,-160.95,21.43,0.84
1800430703.4430127,0.37,-0.66,-0.14,75.1,-192.97,-25.29,0.77
1800430703.5459762,0.44,-0.86,-0.25,59.41,-100.43,-28.67,1.0
1800430703.6489398,0.43,-0.79,-0.29,32.2,-95.12,-9.76,0.95
1800430703.7519033,0.41,-0.91,-0.28,-7.32,-10.64,-41.34,1.03
1800430703.854867,0.51,-0.86,-0.37,-13.4,-5.3,-39.73,1.06
1800430703.9578304,0.51,-0.98,-0.42,-39.33,-17.61,-42.31,1.18
1800430704.060794,0.36,-1.09,-0.01,-34.1,-65.07,-26.97,1.15
1800430704.1637576,0.14,-1.13,0.04,-57.73,97.43,-71.83,1.14
1800430704.2667212,0.03,-0.77,0.05,-64.1,-7.89,12.52,0.77
1800430704.3696847,-0.05,-0.99,0.23,-67.51,66.86,-40.93,1.02
1800430704.4726484,0.25,-0.95,0.09,16.37,-5.28,14.91,0.99
1800430704.5756118,0.2,-0.96,0.03,14.75,44.23,-24.5,0.98
1800430704.6785755,0.33,-1.1,-0.01,21.76,87.22,-5.97,1.15
1800430704.7815392,0.49,-1.17,-0.28,-11.78,27.83,-47.35,1.3
1800430704.8845026,0.42,-1.02,-0.37,-90.66,-43.24,-1.43,1.16
1800430704.9874663,0.21,-0.85,-0.22,-1.26,-117.81,104.84,0.91
1800430705.0904298,0.36,-1.02,-0.32,0.94,18.89,-61.96,1.13
1800430705.1933935,0.37,-0.99,-0.09,-10.76,30.88,23.08,1.06
1800430705.296357,0.27,-0.9,-0.01,-11.21,14.24,-20.6,0.94
1800430705.3993206,0.24,-0.77,0.05,-6.74,-0.45,-6.04,0.81
1800430705.502284,0.18,-0.76,-0.01,-35.95,-48.09,-0.18,0.79
1800430705.6052477,0.17,-0.85,0.11,-16.23,-34.29,-26.49,0.87
1800430705.7082112,0.3,-0.94,0.03,3.9,-49.48,-16.14,0.98
1800430705.8111749,0.24,-0.89,0.06,24.39,-78.31,-22.69,0.92
1800430705.9141383,0.24,-0.96,0.11,39.19,-114.56,-42.76,1.0
1800430706.017102,0.25,-0.93,-0.1,-14.66,-110.98,-8.25,0.97
1800430706.1200655,0.24,-0.92,-0.09,-16.17,-87.39,-5.83,0.96
1800430706.2230291,0.11,-0.87,-0.16,-0.7,-11.06,-6.08,0.89
1800430706.3259926,0.25,-1.09,-0.31,-32.65,61.3,19.02,1.16
1800430706.4289563,0.19,-0.88,-0.06,6.73,26.0,14.57,0.9
1800430706.5319197,0.25,-0.93,-0.12,-36.41,17.34,-3.6,0.97
1800430706.6348834,0.23,-1.04,0.03,-53.63,-33.13,-19.89,1.07
1800430706.7378469,0.63,-0.84,-0.33,-68.81,99.99,-74.71,1.1
1800430706.8408105,0.05,-0.79,0.14,7.55,39.44,17.72,0.8
1800430706.943774,0.34,-0.97,-0.12,-29.37,160.51,25.6,1.03
1800430707.0467377,0.21,-0.82,0.02,13.11,102.7,16.43,0.85
1800430707.149701,0.38,-0.91,-0.07,-46.63,142.4,29.34,0.99
1800430707.2526648,0.45,-0.99,-0.02,-66.68,137.81,-2.31,1.08
1800430707.3556283,0.51,-0.76,-0.21,-113.49,126.92,79.27,0.94
1800430707.458592,0.28,-0.86,-0.33,-68.57,127.25,-35.37,0.96
1800430707.5615554,0.49,-0.88,-0.34,-36.98,126.33,-17.43,1.06
1800430707.664519,0.36,-0.84,-0.16,-14.77,62.44,-7.01,0.93
1800430707.7674825,0.3,-0.79,-0.21,-32.99,92.81,-27.98,0.87
1800430707.8704462,0.2,-0.91,-0.27,-57.64,140.69,-5.78,0.97
0.0,0.0,0.0,0.0,0.0,0.0,0.0,0.0
1800430700.0,0.1,-1.01,-0.03,-10.35,-17.93,-13.75,1.01
1800430700.101973,0.05,-0.98,-0.02,2.42,-4.63,15.91,0.98
1800430700.2039459,0.03,-1.04,-0.03,-16.26,-11.91,7.64,1.04
1800430700.305919,0.04,-1.07,-0.01,-10.96,-13.5,5.9,1.07
1800430700.4078918,0.07,-0.92,-0.05,-1.64,-28.32,12.28,0.92
1800430700.5098648,0.02,-1.01,-0.04,-1.35,-17.03,-5.27,1.01
1800430700.6118376,-0.03,-0.98,-0.06,7.29,-35.1,-19.06,0.98
1800430700.7138107,0.03,-0.99,-0.02,-1.61,-22.3,-8.66,0.99
1800430700.8157835,0.02,-0.95,0.01,20.93,-17.68,0.52,0.95
1800430700.9177566,0.07,-0.87,0.07,29.97,-39.07,-4.28,0.88
1800430701.0197294,0.15,-0.97,0.03,2.1,-14.02,2.38,0.98
1800430701.1217024,-0.02,-0.95,0.06,22.51,-66.03,-14.39,0.95
1800430701.2236753,0.06,-0.87,0.08,11.53,-49.29,-6.43,0.88
1800430701.3256483,0.1,-0.72,0.06,-42.15,-23.2,-17.41,0.73
1800430701.4276211,-0.09,-0.89,0.1,-22.7,-29.17,28.46,0.9
1800430701.5295942,-0.1,-0.91,0.14,-12.84,-84.12,-1.01,0.93
1800430701.631567,-0.14,-1.08,0.01,12.13,-45.81,-29.43,1.09
1800430701.73354,0.54,-1.7,-0.1,12.45,-63.56,17.79,1.79
1800430701.8355129,0.05,-0.89,0.06,117.74,-145.82,-70.99,0.9
1800430701.937486,0.36,-0.7,-0.3,-153.42,-50.88,-140.45,0.84
1800430702.0394588,0.2,-1.03,-0.07,21.96,91.0,-6.16,1.05
1800430702.1414318,0.32,-0.89,0.16,-39.71,-16.18,-9.64,0.96
1800430702.2434046,0.15,-0.93,0.06,-10.14,-21.61,54.92,0.94
1800430702.3453777,0.19,-1.01,0.04,-19.86,-23.62,13.16,1.03
1800430702.4473505,0.17,-0.99,0.01,-13.08,-9.09,-19.05,1.01
1800430702.5493236,0.19,-0.9,-0.01,-13.72,-20.75,2.84,0.92
1800430702.6512964,0.13,-1.01,-0.03,-18.21,-33.18,-5.3,1.02
0.0,0.0,0.0,0.0,0.0,0.0,0.0,0.0
1800430705.0,0.17,0.96,0.06,29.3,219.61,24.56,0.97
1800430705.1023383,0.17,0.89,0.02,30.1,179.18,22.68,0.91
1800430705.2046766,0.11,0.87,-0.06,16.98,140.33,-23.05,0.88
1800430705.307015,0.22,0.9,-0.06,-3.2,82.1,-93.74,0.93
1800430705.4093533,-0.03,1.18,-0.47,1.88,40.83,-24.09,1.27
1800430705.5116916,-0.13,0.87,-0.38,-43.84,89.96,31.93,0.96
1800430705.61403,0.11,0.49,-0.16,27.8,108.04,2.57,0.52
1800430705.7163682,0.2,0.99,-0.23,-26.05,96.5,62.26,1.04
1800430705.8187065,0.26,1.19,-0.18,-38.86,37.38,12.85,1.23
1800430705.9210448,-0.45,1.15,-0.5,-0.66,90.24,-147.93,1.33
1800430706.0233831,-0.31,1.26,-0.14,-35.52,67.84,68.86,1.31
1800430706.1257215,-0.05,0.61,-0.14,44.93,108.86,-65.78,0.62
1800430706.2280598,-0.03,0.32,-0.14,43.92,23.04,26.55,0.35
1800430706.330398,0.09,1.13,-0.1,-38.21,70.84,-92.55,1.14
1800430706.4327364,0.3,1.41,-0.22,104.16,192.05,-248.22,1.45
1800430706.5350747,-0.52,1.18,-0.78,-207.25,-115.16,268.95,1.51
1800430706.637413,-0.14,0.68,-0.24,-12.64,-33.97,13.75,0.73
1800430706.7397513,-0.03,0.29,-0.04,29.51,-11.69,40.16,0.29
1800430706.8420897,0.16,0.68,-0.13,-9.35,104.01,50.51,0.71
1800430706.944428,0.43,1.16,0.12,18.79,123.99,-39.33,1.24
1800430707.0467663,-0.8,1.83,-0.23,-132.56,-50.41,122.33,2.01
1800430707.1491046,-0.2,0.78,-0.13,-55.68,-18.39,-112.64,0.81
1800430707.251443,-0.12,0.01,-0.17,81.88,-195.12,-69.41,0.21
1800430707.3537812,-0.06,0.45,0.11,-51.28,-166.09,35.74,0.46
1800430707.4561195,0.3,1.6,0.18,14.36,-23.46,-11.6,1.64
1800430707.5584579,-1.01,1.07,-1.04,112.01,-111.23,-46.63,1.8
1800430707.6607962,-0.33,1.4,-0.58,-31.7,133.53,-26.73,1.54
1800430707.7631345,0.03,0.54,-0.12,24.81,119.24,16.12,0.55
1800430707.8654728,-0.14,0.3,-0.15,10.48,85.15,138.85,0.37
1800430707.9678109,0.24,0.89,-0.11,25.67,135.34,-57.88,0.93
0.0,0.0,0.0,0.0,0.0,0.0,0.0,0.0
1800430710.0,-0.53,-0.77,0.07,180.15,159.1,48.01,0.94
1800430710.103669,-0.5,-0.71,0.15,175.48,155.89,44.19,0.88
1800430710.207338,-0.5,-0.63,0.23,163.7,130.53,16.59,0.83
1800430710.311007,-1.12,-0.79,0.48,129.87,110.29,18.36,1.45
1800430710.4146762,-1.24,-0.41,0.42,55.29,33.81,44.29,1.38
1800430710.518345,-0.56,-0.39,0.27,-15.7,38.62,16.46,0.73
1800430710.6220143,-0.36,-0.33,0.24,-9.82,26.01,21.84,0.54
1800430710.7256832,-0.52,-0.53,0.28,-26.04,24.83,15.58,0.79
1800430710.8293521,-0.7,-1.02,0.28,32.17,24.35,17.4,1.27
1800430710.9330213,-0.79,-1.2,0.18,62.53,62.5,96.58,1.44
1800430711.0366902,-0.88,-0.64,0.07,120.95,95.7,13.15,1.09
1800430711.1403594,-0.38,-0.37,0.19,87.39,93.12,67.76,0.57
1800430711.2440283,-0.23,-0.38,0.21,108.83,42.3,4.19,0.49
1800430711.3476973,-0.47,-0.69,0.44,5.92,51.48,5.87,0.95
1800430711.4513664,-0.86,-0.91,0.5,10.08,-20.63,-72.72,1.35
1800430711.5550354,-1.26,-0.87,0.27,-51.59,-79.14,8.51,1.55
1800430711.6587045,-0.64,-0.55,0.17,1.06,-33.82,-3.87,0.86
1800430711.7623734,-0.23,-0.29,0.15,-78.68,-73.31,37.44,0.4
1800430711.8660426,-0.19,-0.52,0.23,-12.96,-55.0,-7.48,0.61
1800430711.9697115,-0.56,-1.0,0.43,-39.87,31.11,-12.45,1.22
1800430712.0733805,-0.81,-1.0,0.16,32.25,98.25,36.85,1.29
1800430712.1770496,-1.05,-0.97,0.17,86.67,98.66,-18.08,1.44
1800430712.2807186,-0.5,-0.57,0.25,28.46,87.76,17.17,0.79
1800430712.3843877,-0.31,-0.32,0.2,73.02,27.52,61.31,0.49
1800430712.4880567,-0.31,-0.4,0.21,-28.39,20.78,28.59,0.55
1800430712.5917256,-0.75,-1.33,0.15,-11.73,67.68,35.53,1.54
1800430712.6953948,-0.59,-0.74,0.09,6.31,24.18,-46.65,0.95
1800430712.7990637,-0.31,-0.56,0.09,19.24,11.81,-40.4,0.64
1800430712.9027328,-0.22,-0.61,0.2,-18.23,-6.54,-39.99,0.68
1800430713.0064018,-0.29,-0.7,0.26,-14.81,-18.33,-49.03,0.8
1800430713.110071,-0.59,-0.81,0.42,-68.89,48.65,-137.4,1.09
1800430713.2137399,-1.36,-1.06,0.07,-35.05,2.28,-148.38,1.72
1800430713.3174088,-1.15,-0.61,0.11,-2.8,-24.55,-3.59,1.3
1800430713.421078,-0.29,-0.35,0.1,-57.63,-79.08,75.43,0.46
1800430713.524747,-0.09,-0.42,0.21,11.89,-20.11,-8.83,0.48
1800430713.628416,-0.56,-0.61,0.23,-77.42,37.53,9.41,0.86
1800430713.732085,-0.95,-1.02,0.14,22.47,85.82,-9.64,1.4
1800430713.8357542,-1.29,-0.89,-0.18,-15.14,76.88,28.21,1.57
1800430713.939423,-0.61,-0.52,-0.03,25.66,23.62,-60.42,0.81
1800430714.043092,-0.21,-0.22,0.2,113.42,-23.15,48.93,0.36
1800430714.1467612,-0.26,-0.72,0.15,-36.76,20.13,-15.45,0.78
1800430714.25043,-0.72,-0.99,0.33,72.66,0.73,-66.42,1.26
1800430714.3540993,-1.42,-0.96,0.25,96.55,-70.21,-7.69,1.73
1800430714.4577682,-1.23,-0.52,0.21,-85.59,-41.32,-10.89,1.35
1800430714.5614371,-0.34,-0.3,0.05,-41.72,-60.29,99.56,0.46
1800430714.6651063,-0.18,-0.41,0.13,-68.76,-7.66,52.75,0.46
1800430714.7687752,-0.29,-0.71,0.32,-0.94,50.1,26.59,0.84
1800430714.8724444,-0.48,-1.03,0.32,38.69,51.51,-8.61,1.18
1800430714.9761133,-1.11,-0.96,0.3,-35.27,39.56,-46.07,1.5
1800430715.0797825,-0.79,-0.75,0.16,11.75,-49.92,21.13,1.1
1800430715.1834514,-0.29,-0.49,0.11,-66.73,-48.43,-7.55,0.58
1800430715.2871203,-0.29,-0.53,0.28,-44.34,-35.25,-12.79,0.67
1800430715.3907895,-0.61,-0.91,0.41,-42.77,-10.13,-14.55,1.17
1800430715.4944584,-0.42,-0.96,0.34,-7.31,-12.11,-18.86,1.1
1800430715.5981276,-0.71,-1.08,0.02,68.08,25.57,35.75,1.29
1800430715.7017965,-0.59,-0.9,-0.1,78.49,52.18,-8.2,1.09
1800430715.8054655,-0.19,-0.34,0.15,71.2,104.88,-24.86,0.42
1800430715.9091346,-0.27,-0.52,0.21,68.72,92.92,-11.21,0.63
1800430716.0128036,-0.64,-0.8,0.33,58.23,76.75,-18.11,1.08
1800430716.1164727,-0.92,-0.65,0.45,-50.8,42.33,-67.56,1.22
1800430716.2201416,-1.44,-0.57,0.14,-9.61,-72.15,-66.93,1.55
1800430716.3238108,-0.64,-0.41,0.1,-108.27,-139.37,-46.63,0.76
1800430716.4274797,-0.37,-0.35,0.03,-160.93,-122.38,-15.55,0.51
1800430716.5311487,-0.36,-0.63,0.25,-137.07,-41.37,-32.84,0.77
1800430716.6348178,-0.68,-1.04,0.26,-8.88,7.76,-3.95,1.27
1800430716.7384868,-0.81,-1.06,0.18,124.64,3.73,63.56,1.34
1800430716.842156,-0.79,-0.87,0.02,102.4,64.02,65.98,1.17
1800430716.9458249,-0.38,-0.39,0.15,71.96,41.46,50.23,0.57
1800430717.049494,-0.35,-0.32,0.28,40.59,53.21,-3.37,0.55
1800430717.153163,-0.53,-0.82,0.4,29.79,62.44,9.1,1.06
1800430717.256832,-0.66,-0.87,0.43,-66.44,13.62,-12.47,1.17
1800430717.360501,-0.61,-1.33,0.39,100.7,82.31,43.45,1.51
1800430717.46417,-0.82,-0.84,0.13,-26.29,8.44,-46.31,1.18
1800430717.5678391,-0.25,-0.56,0.14,-35.91,2.55,35.81,0.63
1800430717.671508,-0.19,-0.54,0.23,62.11,22.93,-41.46,0.61
1800430717.775177,-0.34,-0.84,0.21,-17.43,10.18,-33.8,0.93
1800430717.8788462,-0.27,-0.93,0.34,8.77,-1.45,-33.96,1.03
1800430717.982515,-0.62,-0.87,0.36,91.68,-21.91,-52.04,1.13
1800430718.0861843,-1.14,-0.7,0.16,48.92,37.54,-124.14,1.35
1800430718.1898532,-0.71,-0.52,0.19,-48.05,-18.97,31.05,0.9
1800430718.2935224,-0.27,-0.53,0.08,-27.75,26.63,72.5,0.6
1800430718.3971913,-0.22,-0.66,0.23,63.24,91.87,36.1,0.73
1800430718.5008602,-0.52,-0.68,0.46,64.8,83.77,11.1,0.97
1800430718.6045294,-0.48,-0.83,0.51,46.87,22.63,8.43,1.08
1800430718.7081983,-0.54,-0.91,0.15,211.42,-85.03,153.08,1.07
1800430718.8118675,-1.06,-1.37,-0.08,-35.55,112.53,-47.51,1.73
1800430718.9155364,-0.25,-0.33,0.2,46.21,101.61,138.01,0.46
1800430719.0192053,-0.09,-0.43,0.16,85.29,103.75,47.81,0.46
1800430719.1228745,-0.31,-0.86,0.37,63.84,64.99,3.65,0.99
1800430719.2265434,-0.69,-1.19,0.45,95.3,37.93,-42.69,1.45
1800430719.3302126,-1.1,-0.8,0.17,26.95,88.39,-9.41,1.37
1800430719.4338815,-0.67,-0.69,0.06,49.36,71.73,89.21,0.97
1800430719.5375507,-0.17,-0.49,0.09,48.4,78.07,100.5,0.53
1800430719.6412196,-0.52,-0.66,0.2,126.59,192.3,75.11,0.86
1800430719.7448885,-0.47,-0.48,0.3,114.59,145.06,24.61,0.73
1800430719.8485577,-0.83,-1.06,0.25,108.31,123.04,13.6,1.36
1800430719.9522266,-1.52,-0.91,0.34,68.22,183.22,-79.21,1.8
1800430720.0558958,-0.98,-0.42,0.14,-39.78,46.62,26.02,1.07
1800430720.1595647,-0.44,-0.43,0.12,-75.56,14.79,-7.14,0.62
1800430720.263234,-0.45,-0.65,0.21,-79.43,-43.16,25.67,0.82
1800430720.3669028,-0.41,-0.7,0.18,-8.29,-12.26,45.23,0.83
1800430720.4705718,-0.45,-1.02,0.1,-75.77,90.18,45.44,1.12
1800430720.574241,-1.41,-0.82,-0.03,-6.75,32.94,-79.2,1.63
1800430720.6779099,-1.25,-0.67,-0.15,45.31,-63.52,-61.82,1.43
1800430720.781579,-0.34,-0.34,0.06,-41.37,-87.3,-26.55,0.48
1800430720.885248,-0.12,-0.45,0.04,-4.61,-61.55,18.65,0.46
1800430720.9889169,-0.34,-0.57,0.12,-1.99,-34.51,53.02,0.68
1800430721.092586,-0.94,-1.07,0.34,38.78,33.78,-5.78,1.46
1800430721.196255,-1.37,-0.79,0.24,-85.24,-30.14,-109.06,1.6
1800430721.2999241,-0.84,-0.27,0.09,-68.27,-73.66,-48.13,0.88
1800430721.403593,-0.16,-0.35,0.05,-95.84,-143.61,80.79,0.39
1800430721.5072622,-0.3,-0.49,0.27,-52.73,-64.11,-19.05,0.64
1800430721.6109312,-0.69,-0.94,0.33,-120.57,-51.6,-38.83,1.21
1800430721.7146,-0.99,-1.22,-0.14,11.23,7.65,13.0,1.58
1800430721.8182693,-1.09,-0.69,-0.06,90.65,117.71,37.65,1.29
1800430721.9219382,-0.2,-0.4,0.02,51.21,50.14,114.62,0.45
0.0,0.0,0.0,0.0,0.0,0.0,0.0,0.0
1800430715.0,0.07,-0.94,-0.08,-2.0,18.3,-1.65,0.95
1800430715.1016,0.01,-0.94,-0.06,4.91,32.34,7.55,0.95
1800430715.2031999,0.02,-0.94,-0.03,3.36,24.77,-3.74,0.94
1800430715.3048,0.01,-0.95,-0.06,-1.18,24.42,0.65,0.96
1800430715.4064,0.05,-0.98,-0.01,-2.26,10.53,-1.07,0.98
1800430715.508,0.03,-0.93,-0.05,-4.31,16.57,1.72,0.93
1800430715.6095998,-0.01,-0.83,-0.03,-8.18,33.22,-14.46,0.83
1800430715.7111998,0.01,-0.8,-0.03,-13.59,68.06,-18.31,0.8
1800430715.8128,0.16,-0.94,0.01,2.19,-9.64,20.05,0.95
1800430715.9143999,0.13,-1.01,-0.04,10.9,15.24,-20.17,1.02
1800430716.0159998,0.11,-0.91,0.03,-8.13,52.62,-18.11,0.92
1800430716.1175997,0.05,-0.82,0.04,-23.66,48.11,-6.48,0.82
1800430716.2191997,0.11,-0.78,0.02,-19.14,27.71,0.28,0.78
1800430716.3207998,0.31,-0.92,0.19,-11.9,33.77,41.93,0.99
1800430716.4223998,0.02,-1.42,-0.4,15.35,138.25,-15.1,1.47
1800430716.5239997,0.41,-1.3,0.06,-17.19,56.79,-155.98,1.36
1800430716.6255996,-0.24,-0.92,-0.29,-12.8,92.88,200.32,1.0
1800430716.7271996,-0.23,-1.1,-0.12,-110.6,-84.22,180.54,1.13
1800430716.8287997,-0.06,-0.8,-0.16,-54.03,-34.35,-6.87,0.81
1800430716.9303997,-0.14,-0.87,-0.27,-10.48,12.87,-2.87,0.92
1800430717.0319996,-0.08,-0.95,-0.12,-5.1,-12.68,-0.85,0.96
1800430717.1335995,-0.03,-0.88,-0.23,-23.81,7.48,-8.47,0.91
1800430717.2351995,0.02,-0.97,-0.26,-2.43,1.52,-4.37,1.0
1800430717.3367994,-0.03,-0.95,-0.16,0.76,7.22,-1.0,0.97
1800430717.4383996,-0.03,-0.93,-0.17,4.92,13.72,-6.7,0.94
1800430717.5399995,-0.04,-0.92,-0.16,-6.84,14.36,10.28,0.93
1800430717.6415994,-0.01,-1.02,-0.06,24.11,9.5,-26.36,1.02
1800430717.7431993,0.09,-1.0,-0.04,9.87,17.26,-16.86,1.01
1800430717.8447993,0.09,-0.94,-0.08,6.56,16.39,-1.03,0.95
1800430717.9463995,0.08,-0.94,-0.0,-7.96,24.05,4.01,0.94
1800430718.0479994,0.01,-0.96,0.0,0.76,11.95,-18.52,0.96
1800430718.1495993,0.04,-0.87,-0.1,8.75,7.53,-21.46,0.88
1800430718.2511992,0.13,-0.94,-0.08,17.7,-8.56,-27.12,0.95
1800430718.3527992,0.12,-0.89,-0.06,29.35,-19.96,-29.85,0.9
1800430718.4543993,0.21,-0.94,0.03,29.06,-29.16,-51.14,0.96
1800430718.5559993,0.25,-1.02,0.09,41.73,-32.12,-28.97,1.05
1800430718.6575992,0.35,-1.17,0.26,40.83,-55.2,-22.54,1.24
1800430718.7591991,0.39,-1.01,0.48,7.17,-4.25,14.79,1.19
1800430718.860799,0.26,-1.14,0.37,-10.57,13.47,23.45,1.22
1800430718.9623992,0.22,-1.04,0.28,-40.95,-4.81,-13.96,1.1
1800430719.0639992,0.23,-1.0,0.13,-73.97,11.27,-6.48,1.03
1800430719.165599,0.16,-0.79,0.16,-83.62,15.76,23.53,0.82
1800430719.267199,0.15,-0.59,0.05,-88.59,22.35,41.19,0.62
1800430719.368799,0.03,-0.5,-0.02,-92.3,35.19,19.05,0.5
1800430719.4703991,0.18,-1.02,-0.08,-30.03,-12.38,12.94,1.04
1800430719.571999,0.15,-1.0,-0.09,-25.62,48.12,17.48,1.01
1800430719.673599,0.04,-0.83,-0.14,-25.36,29.99,69.85,0.84
1800430719.775199,0.09,-0.94,-0.06,12.82,7.68,-15.98,0.95
1800430719.8767989,0.03,-0.94,-0.08,24.45,29.83,33.12,0.94
1800430719.978399,-0.05,-0.95,-0.04,-21.18,28.23,50.47,0.95
0.0,0.0,0.0,0.0,0.0,0.0,0.0,0.0
1800430720.0,0.31,-0.74,-0.31,97.64,166.27,-155.85,0.86
1800430720.1074083,0.36,-0.66,-0.21,84.65,187.4,-123.66,0.78
1800430720.2148168,0.51,-0.82,-0.37,16.64,152.25,-106.35,1.03
1800430720.322225,0.28,-0.83,-0.28,72.88,109.66,-110.05,0.92
1800430720.4296336,0.67,-0.99,-0.24,86.74,125.99,-146.78,1.22
1800430720.537042,0.65,-0.64,-0.0,22.53,83.96,-95.86,0.91
1800430720.6444502,0.83,-0.65,-0.17,-8.7,159.32,-107.03,1.07
1800430720.7518587,0.33,-0.52,0.1,17.93,58.96,-40.23,0.62
1800430720.859267,0.56,-0.82,0.05,79.6,87.5,-5.21,0.99
1800430720.9666755,0.52,-0.82,0.01,11.74,6.81,-33.44,0.97
1800430721.0740838,0.37,-0.79,0.01,-42.8,5.2,-9.28,0.87
1800430721.1814923,0.43,-0.83,-0.07,-56.5,25.13,-19.74,0.94
1800430721.2889006,0.63,-0.95,-0.17,-64.02,106.53,15.03,1.16
1800430721.396309,0.42,-0.66,-0.4,-43.72,-55.31,-118.21,0.88
1800430721.5037174,0.15,-0.75,-0.03,4.07,37.86,1.13,0.76
1800430721.6111257,0.47,-0.75,-0.16,35.35,-30.89,-77.68,0.9
1800430721.7185342,0.38,-0.74,-0.01,41.41,1.93,22.81,0.83
1800430721.8259425,0.45,-0.88,-0.03,8.66,-74.68,5.43,0.99
1800430721.9333508,0.55,-0.96,-0.01,-30.0,-132.45,14.79,1.11
1800430722.0407593,0.67,-0.85,-0.19,-26.9,-131.6,13.25,1.1
1800430722.1481676,0.29,-0.5,0.19,-12.52,-125.05,95.91,0.61
1800430722.2555761,0.76,-0.94,-0.23,-28.52,-26.0,66.05,1.23
1800430722.3629844,0.16,-0.67,0.03,-32.62,-93.6,76.32,0.69
1800430722.4703927,0.37,-0.93,-0.1,8.0,12.15,22.2,1.0
1800430722.5778012,0.34,-1.01,-0.19,-24.38,-23.24,-48.85,1.08
1800430722.6852095,0.47,-0.91,-0.31,-6.31,152.0,-34.94,1.08
1800430722.792618,0.23,-0.57,-0.1,-3.29,18.53,-90.2,0.62
1800430722.9000263,0.48,-0.89,-0.23,45.29,99.12,-77.08,1.04
1800430723.0074346,0.22,-0.62,0.13,-22.19,8.9,-53.08,0.67
0.0,0.0,0.0,0.0,0.0,0.0,0.0,0.0
1800430725.0,0.25,-1.03,0.24,153.86,-79.6,57.97,1.08
1800430725.1063974,0.17,-1.1,0.25,44.79,-18.08,-53.0,1.14
1800430725.2127945,0.15,-1.01,0.25,2.84,-43.55,-61.83,1.05
1800430725.319192,0.21,-0.86,0.29,11.94,-129.64,-28.89,0.93
1800430725.425589,0.21,-0.76,0.38,27.07,-154.25,-125.26,0.88
1800430725.5319865,0.16,-0.64,0.16,107.38,-193.33,11.11,0.68
1800430725.6383839,0.3,-0.77,0.33,97.37,-179.19,44.65,0.89
1800430725.744781,0.32,-0.97,0.22,25.48,-160.11,-39.85,1.04
1800430725.8511784,0.25,-1.04,0.2,12.82,-135.65,-81.29,1.09
1800430725.9575756,0.31,-1.17,0.26,1.32,-142.74,-118.79,1.24
1800430726.063973,0.16,-1.1,0.52,-84.56,-60.56,-146.32,1.23
1800430726.1703703,-0.16,-0.61,0.2,-65.75,-138.0,-153.74,0.66
1800430726.2767675,0.15,-1.0,0.63,172.27,-194.02,71.23,1.19
1800430726.383165,0.23,-0.39,0.22,-39.66,-133.21,-31.71,0.51
1800430726.489562,0.15,-0.51,-0.07,40.74,-90.11,210.15,0.54
1800430726.5959594,0.56,-1.55,0.61,0.91,20.37,142.54,1.76
1800430726.7023568,0.4,-1.48,0.09,157.56,205.05,-274.83,1.54
1800430726.808754,0.16,-0.53,0.29,-132.99,161.08,-114.36,0.63
1800430726.9151514,0.15,-0.46,0.19,-83.51,63.29,72.7,0.52
1800430727.0215485,0.18,-0.61,0.27,-30.29,19.43,80.08,0.69
1800430727.127946,0.13,-0.74,0.13,-44.53,-45.45,99.35,0.76
1800430727.2343433,0.22,-1.73,0.03,73.15,-150.26,21.27,1.74
1800430727.3407404,0.46,-1.27,0.28,113.55,-20.22,-110.8,1.38
1800430727.4471378,0.12,-0.66,0.28,-146.46,16.27,-151.41,0.73
1800430727.553535,0.08,-0.79,0.16,-6.0,-40.99,-31.31,0.81
1800430727.6599324,0.11,-0.51,0.21,41.71,-84.55,112.43,0.56
1800430727.7663298,0.27,-0.88,0.12,-30.35,-52.73,146.93,0.93
1800430727.872727,0.34,-1.32,0.12,19.39,64.18,7.39,1.37
1800430727.9791243,0.52,-1.31,0.19,103.85,98.49,60.89,1.42
1800430728.0855215,0.28,-0.62,0.34,-131.68,167.35,-123.05,0.76
0.0,0.0,0.0,0.0,0.0,0.0,0.0,0.0
1800430730.0,0.45,-0.76,-0.26,1.19,-20.66,-30.07,0.92
1800430730.0997612,0.32,-0.8,-0.2,-20.54,-12.7,-38.39,0.89
1800430730.1995225,0.42,-0.91,-0.22,-8.34,-30.67,-44.29,1.02
1800430730.2992837,0.37,-0.84,-0.09,13.93,13.81,-52.76,0.93
1800430730.3990448,0.36,-0.82,0.01,-9.37,35.94,-48.28,0.89
1800430730.498806,0.32,-0.82,-0.03,-23.01,47.93,-11.61,0.88
1800430730.5985672,0.35,-0.78,-0.07,-43.48,69.52,11.21,0.86
1800430730.6983285,0.3,-0.88,0.12,-24.66,58.28,73.55,0.94
1800430730.7980897,0.48,-0.78,0.01,61.87,167.23,10.76,0.92
1800430730.897851,0.49,-0.88,0.12,-63.9,31.99,112.69,1.01
1800430730.997612,0.41,-0.71,-0.16,25.9,166.63,20.05,0.83
1800430731.0973732,0.22,-0.87,0.03,-35.31,69.62,68.31,0.9
1800430731.1971345,0.4,-0.94,-0.14,-15.92,38.45,-17.28,1.03
1800430731.2968957,0.37,-1.03,-0.07,-12.42,-36.01,-1.02,1.1
1800430731.396657,0.45,-0.67,-0.18,45.29,31.8,-122.3,0.83
1800430731.4964182,0.35,-0.67,0.05,-39.85,-69.72,-2.91,0.76
1800430731.5961792,0.57,-0.73,-0.19,74.29,13.62,-58.88,0.95
1800430731.6959405,0.36,-0.75,0.02,20.61,-32.34,7.7,0.83
1800430731.7957017,0.59,-0.78,-0.04,0.77,10.88,-18.9,0.98
1800430731.895463,0.69,-0.81,-0.05,-3.48,58.92,-31.47,1.06
1800430731.9952242,0.93,-0.86,-0.13,-62.76,-34.69,33.25,1.27
1800430732.0949855,0.32,-0.55,0.28,-36.68,113.86,101.01,0.7
1800430732.1947465,0.62,-0.84,-0.19,-105.75,66.06,50.2,1.06
1800430732.2945077,0.26,-0.67,-0.03,9.75,77.66,18.18,0.72
1800430732.394269,0.52,-0.86,-0.07,-23.21,-22.3,-10.27,1.01
1800430732.4940302,0.53,-0.97,0.04,-22.54,-28.16,-12.92,1.11
1800430732.5937915,0.43,-0.71,-0.34,8.75,-0.94,-134.91,0.9
1800430732.6935527,0.26,-0.77,-0.04,-23.68,-87.2,17.37,0.81
1800430732.7933137,0.51,-0.69,-0.15,69.65,-0.7,-102.88,0.87
1800430732.893075,0.39,-0.75,-0.01,-15.81,-47.4,14.62,0.84
1800430732.9928362,0.5,-0.91,-0.11,-57.79,1.4,-17.53,1.05
1800430733.0925975,0.45,-1.04,-0.08,-65.01,-42.18,28.36,1.13
1800430733.1923587,0.33,-0.55,0.05,26.97,96.84,-90.59,0.64
1800430733.29212,0.63,-0.94,-0.31,-27.11,-98.22,-23.91,1.17
1800430733.3918812,0.4,-0.55,-0.04,37.39,-30.94,-60.63,0.69
1800430733.4916422,0.33,-0.86,0.03,-46.88,-98.06,-19.74,0.92
0.0,0.0,0.0,0.0,0.0,0.0,0.0,0.0
1800430735.0,0.18,-0.9,-0.29,-34.47,95.56,-12.26,0.97
1800430735.101552,0.23,-0.89,-0.4,-34.31,81.04,-20.22,1.01
1800430735.2031038,0.07,-0.79,-0.32,-22.03,59.75,-16.99,0.85
1800430735.3046558,0.11,-0.74,-0.39,-45.06,35.03,-37.32,0.84
1800430735.4062076,0.11,-0.8,-0.39,-15.36,18.95,-30.69,0.89
1800430735.5077596,0.16,-0.98,-0.61,-6.04,26.29,-10.33,1.17
1800430735.6093113,0.23,-0.79,-0.58,-46.0,-24.87,25.06,1.0
1800430735.7108634,-0.05,-0.56,-0.31,-20.81,-18.44,40.59,0.64
1800430735.8124151,0.09,-0.85,-0.67,3.01,59.3,-30.86,1.09
1800430735.9139671,0.03,-0.58,-0.33,32.94,-30.24,8.61,0.66
1800430736.015519,0.04,-0.9,-0.29,36.41,9.04,-13.91,0.95
1800430736.117071,0.19,-1.0,-0.57,-24.51,14.46,33.16,1.17
1800430736.218623,0.13,-0.91,-0.37,-31.5,48.17,26.43,0.99
1800430736.3201747,0.48,-0.87,-0.61,-35.08,135.54,29.72,1.17
1800430736.4217267,0.15,-0.47,-0.17,-57.78,38.91,-16.11,0.53
1800430736.5232785,0.46,-0.97,-0.61,-13.08,164.56,-36.14,1.23
1800430736.6248305,0.17,-0.62,-0.27,-36.81,59.12,-44.74,0.7
1800430736.7263823,0.31,-0.91,-0.28,-39.51,84.57,-56.78,1.0
1800430736.8279343,0.16,-0.84,-0.38,-55.58,36.54,-76.44,0.93
1800430736.929486,0.12,-0.9,-0.6,-41.51,16.53,-47.39,1.09
1800430737.031038,0.39,-0.89,-0.83,-71.55,23.03,90.42,1.28
1800430737.13259,-0.09,-0.39,-0.4,-19.86,-11.8,-8.75,0.57
1800430737.2341418,0.32,-0.88,-0.74,-38.32,109.6,75.39,1.19
1800430737.3356938,0.09,-0.63,-0.23,-22.27,-27.14,-26.94,0.68
1800430737.4372456,0.03,-0.86,-0.44,-45.48,43.27,-64.8,0.96
1800430737.5387976,0.14,-0.87,-0.61,-46.08,43.2,18.98,1.07
1800430737.6403494,0.07,-0.78,-0.35,-4.36,119.31,-1.68,0.86
1800430737.7419014,0.51,-0.84,-0.48,-126.31,63.71,6.32,1.09
1800430737.8434532,0.2,-0.66,-0.37,-66.69,107.36,-56.6,0.78
1800430737.9450052,0.2,-0.55,-0.58,-98.0,27.65,-90.8,0.82
1800430738.046557,0.04,-0.78,-0.43,-15.26,38.93,3.66,0.89
1800430738.148109,0.24,-0.76,-0.75,-55.02,8.97,-73.14,1.09
1800430738.249661,0.07,-0.78,-0.69,-14.72,3.84,38.96,1.04
1800430738.3512127,0.27,-0.74,-0.9,-62.18,-40.84,-1.57,1.2
1800430738.4527647,-0.08,-0.47,-0.55,15.32,19.03,85.98,0.72
1800430738.5543165,0.09,-0.66,-0.82,11.2,-16.67,-38.01,1.06
1800430738.6558685,-0.05,-0.7,-0.46,25.09,-44.04,68.25,0.84
1800430738.7574203,0.03,-0.78,-0.57,7.45,-28.16,3.0,0.97
1800430738.8589723,0.12,-0.76,-0.64,13.08,33.17,95.68,1.0
1800430738.960524,0.4,-0.93,-0.71,-20.26,16.92,48.51,1.24
0.0,0.0,0.0,0.0,0.0,0.0,0.0,0.0
1800430740.0,0.12,-0.99,-0.07,104.17,-58.91,-20.61,1.0
1800430740.1032553,0.08,-1.15,-0.08,30.18,-61.65,-11.18,1.15
1800430740.2065105,0.21,-1.23,-0.12,47.86,-27.81,-93.6,1.26
1800430740.3097658,0.52,-1.26,-0.4,151.4,43.65,-176.01,1.42
1800430740.4130208,0.15,-0.85,-0.41,-177.08,164.65,142.09,0.95
1800430740.5162761,-0.07,-1.01,-0.12,-109.5,108.96,134.97,1.02
1800430740.6195314,-0.07,-0.76,0.01,-10.4,-13.02,51.2,0.77
1800430740.7227867,-0.03,-0.78,-0.01,66.2,-102.51,-38.3,0.78
1800430740.826042,0.0,-1.44,-0.03,42.11,-120.86,-13.73,1.44
1800430740.9292972,0.11,-1.52,-0.01,-4.82,-178.07,-2.92,1.53
1800430741.0325522,-0.15,-0.84,-0.14,-152.81,-148.87,31.04,0.86
1800430741.1358075,-0.02,-0.86,-0.06,-13.16,-192.0,-84.6,0.86
1800430741.2390628,0.24,-0.69,-0.18,74.38,-154.35,-52.51,0.75
1800430741.342318,0.4,-1.14,-0.25,98.3,12.51,29.0,1.23
1800430741.4455733,0.31,-1.28,-0.3,81.34,114.88,49.02,1.35
1800430741.5488286,0.26,-1.21,-0.4,66.4,111.81,29.44,1.3
1800430741.6520836,0.25,-0.73,-0.22,-1.47,121.03,29.96,0.8
1800430741.755339,0.13,-0.81,-0.3,-83.04,80.3,95.46,0.87
1800430741.8585942,-0.14,-0.96,-0.05,-40.88,-12.13,107.59,0.97
1800430741.9618495,-0.08,-1.14,-0.17,66.92,-97.62,-20.71,1.15
1800430742.0651047,0.03,-1.52,-0.24,-35.79,-191.96,-109.16,1.54
1800430742.16836,-0.02,-0.91,-0.29,-113.42,-129.1,40.67,0.96
1800430742.271615,0.09,-0.91,-0.15,-43.43,-80.1,9.56,0.92
0.0,0.0,0.0,0.0,0.0,0.0,0.0,0.0
1800430745.0,0.61,2.01,1.07,-1.6,-61.35,-95.21,2.36
1800430745.100094,-0.08,1.17,0.15,-68.03,36.69,110.77,1.18
1800430745.2001882,-0.52,0.44,-0.28,-22.34,-143.0,100.69,0.73
1800430745.3002822,0.29,0.6,-0.44,-1.75,-332.83,41.77,0.79
1800430745.4003766,0.61,2.11,-0.13,-23.59,-429.11,108.93,2.2
1800430745.5004706,0.2,0.55,0.52,-64.52,-354.22,-58.46,0.78
1800430745.6005647,0.13,0.07,0.5,-79.86,-129.08,-137.93,0.52
1800430745.7006588,0.48,1.18,0.8,104.54,256.61,-102.11,1.51
1800430745.8007529,0.76,1.52,-0.16,58.5,339.58,55.69,1.71
1800430745.900847,-0.05,0.46,-0.33,-87.44,-3.49,87.05,0.57
1800430746.000941,-0.19,0.26,-0.51,-17.68,-225.86,173.83,0.6
1800430746.1010354,0.46,2.03,-0.04,106.84,-511.92,54.97,2.08
1800430746.2011294,0.38,1.47,0.71,-59.95,-350.06,103.32,1.68
1800430746.3012235,0.07,-0.4,0.9,-47.22,-96.35,-48.34,0.98
1800430746.4013176,0.43,0.66,0.58,-8.78,236.33,53.74,0.98
1800430746.5014117,1.16,1.96,0.34,-9.45,465.51,-27.48,2.31
1800430746.6015058,-0.04,0.68,-0.5,-265.6,124.04,65.78,0.85
1800430746.7015998,-0.42,0.03,-0.5,-2.59,-36.81,60.19,0.65
1800430746.8016942,0.07,1.15,-0.1,60.49,-322.85,78.1,1.16
1800430746.9017882,0.6,1.87,0.56,-56.64,-352.54,96.54,2.04
1800430747.0018823,-0.02,0.33,0.53,-23.15,-228.11,10.91,0.63
0.0,0.0,0.0,0.0,0.0,0.0,0.0,0.0
1800430750.0,0.03,-0.62,0.13,-73.75,-62.45,-47.37,0.63
1800430750.1064687,0.41,-1.22,0.12,-75.59,-47.98,-12.14,1.29
1800430750.2129374,-0.14,-0.76,-0.24,-172.78,67.2,27.74,0.81
1800430750.319406,-0.96,-0.56,1.08,-252.11,-37.33,52.96,1.55
1800430750.4258745,-0.58,-1.25,-0.03,46.14,-93.92,-105.58,1.38
1800430750.5323431,-0.51,-1.25,-0.16,107.65,-176.56,28.79,1.36
1800430750.6388118,0.04,-0.12,0.42,130.92,-36.94,-96.9,0.44
1800430750.7452805,-0.2,0.12,0.45,-3.39,136.89,-117.47,0.5
1800430750.8517492,-0.1,-1.79,1.15,-15.15,370.14,-202.96,2.13
1800430750.9582179,-0.03,-1.21,0.48,-91.55,396.44,183.05,1.31
1800430751.0646865,-0.04,-0.63,0.01,-182.21,74.6,16.17,0.63
1800430751.1711552,0.09,0.02,-0.09,137.82,19.81,209.19,0.13
1800430751.2776237,-0.21,-0.99,0.13,132.5,-295.37,56.5,1.02
1800430751.3840923,-0.03,-1.26,0.99,226.23,-327.72,49.96,1.6
1800430751.490561,0.3,-0.25,-0.3,-83.47,-138.04,66.37,0.5
1800430751.5970297,-0.12,0.17,0.33,1.59,-67.44,-97.3,0.39
1800430751.7034984,0.62,-1.44,0.9,-10.96,329.08,-188.84,1.8
1800430751.809967,-0.25,-1.0,0.78,-85.06,520.0,-68.07,1.3
1800430751.9164357,-0.03,-0.71,0.34,-176.27,357.42,-150.28,0.79
1800430752.0229044,-0.09,-0.17,-0.08,58.37,269.58,26.09,0.2
0.0,0.0,0.0,0.0,0.0,0.0,0.0,0.0
1800430755.0,-0.2,0.83,0.07,-96.23,36.99,-12.95,0.86
1800430755.1023986,-0.12,0.92,0.1,-86.84,73.82,18.75,0.93
1800430755.204797,-0.05,0.83,0.11,-25.19,80.06,-16.16,0.84
1800430755.3071957,0.02,0.96,0.14,-7.91,55.4,1.8,0.97
1800430755.409594,0.0,1.04,0.17,-8.02,114.62,8.51,1.06
1800430755.5119927,0.07,1.0,0.02,-43.1,105.04,-17.98,1.01
1800430755.6143913,0.06,1.01,0.03,17.73,59.01,-44.14,1.01
1800430755.7167897,0.02,0.98,-0.01,25.32,0.77,-5.19,0.98
1800430755.8191884,0.04,0.98,-0.03,29.32,-50.07,6.16,0.98
1800430755.921587,-0.03,0.97,-0.01,39.06,-87.75,25.18,0.97
1800430756.0239854,-0.06,1.0,0.04,44.3,-124.42,8.67,1.0
1800430756.126384,-0.11,1.02,0.13,49.77,-104.12,18.06,1.04
1800430756.2287824,-0.05,0.98,0.01,19.96,-108.84,19.2,0.98
1800430756.331181,-0.14,0.91,0.03,24.95,-81.78,-19.87,0.92
1800430756.4335797,-0.18,0.64,-0.05,61.12,-61.72,-9.18,0.66
1800430756.535978,-0.19,0.5,0.15,92.81,-53.1,67.59,0.56
1800430756.6383767,-0.39,1.12,0.1,84.99,40.95,-34.85,1.19
1800430756.7407753,0.01,1.44,-0.36,-15.79,19.36,-4.83,1.48
1800430756.8431737,-0.45,1.53,-0.25,123.44,75.13,149.63,1.62
1800430756.9455724,-0.29,0.71,0.11,-95.54,-85.16,-111.12,0.77
1800430757.0479708,-0.12,1.21,-0.3,-57.5,-75.07,-5.9,1.25
1800430757.1503694,-0.06,0.84,-0.14,1.73,-20.54,16.69,0.85
1800430757.252768,-0.06,0.99,-0.11,-7.12,11.76,-21.13,1.0
1800430757.3551664,-0.05,1.03,-0.15,15.71,-0.68,12.89,1.04
0.0,0.0,0.0,0.0,0.0,0.0,0.0,0.0
1800430760.0,-0.16,0.83,0.47,19.83,-9.62,46.48,0.96
1800430760.105382,-0.07,0.9,0.53,19.12,-4.38,47.68,1.05
1800430760.210764,-0.12,0.92,0.41,2.89,-35.8,-34.58,1.01
1800430760.3161457,-0.03,0.89,0.26,-35.39,-54.59,15.81,0.92
1800430760.4215276,-0.23,0.84,0.3,-19.85,-183.63,63.43,0.92
1800430760.5269096,-0.22,0.74,0.31,-65.08,-131.57,91.76,0.83
1800430760.6322916,-0.61,1.07,0.28,1.15,-286.62,-0.02,1.26
1800430760.7376735,-0.31,0.88,0.35,-67.32,-70.84,123.14,1.0
1800430760.8430555,-0.31,0.83,0.46,-77.86,-92.93,14.84,1.0
1800430760.9484372,-0.23,0.84,0.28,-82.02,-68.75,-8.97,0.91
1800430761.0538192,-0.37,0.91,0.34,-70.05,-40.78,28.36,1.04
1800430761.1592011,-0.37,0.92,0.32,-59.05,-71.03,1.59,1.04
1800430761.264583,-0.37,0.83,0.31,-69.64,-89.87,-2.12,0.96
1800430761.369965,-0.31,0.79,0.31,-68.83,-100.97,33.16,0.9
1800430761.4753468,-0.26,0.91,0.49,-59.32,-97.31,90.89,1.07
1800430761.5807288,0.1,0.86,0.4,-43.17,-87.35,8.58,0.95
1800430761.6861107,-0.11,0.96,0.61,-23.41,-41.19,108.58,1.14
1800430761.7914927,0.07,0.79,0.46,-23.59,57.6,1.24,0.92
1800430761.8968747,-0.08,1.01,0.43,8.73,29.37,15.36,1.1
1800430762.0022564,-0.2,0.9,0.42,-31.69,9.93,9.47,1.02
1800430762.1076384,-0.15,0.91,0.39,-24.95,-53.63,-18.97,1.0
1800430762.2130203,-0.24,1.02,0.54,-13.62,-106.9,-66.21,1.18
1800430762.3184023,-0.23,0.62,0.47,-106.5,4.09,-2.76,0.81
1800430762.4237843,-0.04,0.8,0.33,-58.3,-14.28,-89.56,0.87
1800430762.5291662,-0.16,0.83,0.52,-4.72,50.42,89.85,0.99
1800430762.634548,0.04,0.78,0.3,38.65,52.84,-1.21,0.83
1800430762.73993,-0.13,1.0,0.5,36.71,84.79,-10.89,1.12
1800430762.8453119,-0.09,0.97,0.62,74.49,124.77,-36.47,1.16
1800430762.9506938,-0.04,0.75,0.6,56.62,164.81,-15.83,0.96
1800430763.0560758,0.08,0.68,0.34,54.48,206.9,-56.14,0.77
1800430763.1614575,0.07,0.77,0.76,109.3,134.98,71.81,1.08
1800430763.2668395,0.03,0.79,0.48,67.37,111.27,-24.82,0.92
1800430763.3722215,-0.0,0.81,0.49,63.13,128.53,-31.65,0.94
1800430763.4776034,0.07,1.1,0.5,43.33,56.08,-52.9,1.21
0.0,0.0,0.0,0.0,0.0,0.0,0.0,0.0
1800430765.0,0.07,-1.02,-0.05,65.01,-162.8,-16.63,1.02
1800430765.1043136,0.13,-0.86,0.12,5.9,-197.04,-16.15,0.88
1800430765.2086272,0.1,-0.88,0.13,32.07,-170.54,-17.32,0.9
1800430765.312941,0.22,-0.84,0.24,-51.85,-132.65,-23.04,0.9
1800430765.4172547,0.32,-0.85,0.38,-90.91,-42.63,45.9,0.99
1800430765.5215683,0.28,-1.06,0.3,-52.85,68.05,37.55,1.14
1800430765.625882,0.08,-0.95,0.15,8.31,129.61,-17.72,0.97
1800430765.7301955,-0.2,-0.71,-0.1,2.9,-11.06,54.92,0.74
1800430765.8345091,-0.17,-0.58,-0.34,73.67,-205.56,113.29,0.69
1800430765.938823,0.29,-1.92,-0.27,17.18,-347.09,-38.54,1.96
1800430766.0431366,0.55,-1.64,0.22,197.56,-258.81,-10.42,1.74
1800430766.1474502,0.06,-0.2,0.35,-43.31,-96.14,28.6,0.41
1800430766.2517638,0.3,-0.03,0.46,-111.7,49.68,-9.49,0.55
1800430766.3560774,0.92,-1.44,0.76,-247.12,421.31,-172.81,1.87
1800430766.4603913,0.32,-1.87,-0.19,-61.69,331.33,44.64,1.91
1800430766.564705,-0.33,-0.16,-0.6,116.71,35.69,121.85,0.7
1800430766.6690185,-0.26,0.09,-0.38,-27.73,-204.21,-86.6,0.47
1800430766.773332,0.44,-2.01,0.07,146.88,-393.27,65.87,2.06
1800430766.8776457,0.33,-1.18,0.29,74.33,-293.04,37.61,1.26
1800430766.9819596,0.08,0.11,0.44,-1.91,-53.8,23.65,0.46
1800430767.0862732,0.19,-0.14,0.2,-36.52,166.38,-90.04,0.31
1800430767.1905868,1.06,-2.0,0.52,-4.94,347.45,25.61,2.32
1800430767.2949004,0.17,-0.96,-0.35,-54.61,229.37,194.09,1.04
1800430767.399214,-0.28,-0.26,-0.53,44.43,19.12,-43.33,0.66
1800430767.5035276,-0.0,-0.44,-0.27,-34.45,-221.29,-79.69,0.52
1800430767.6078415,0.64,-1.96,-0.15,99.67,-304.89,7.43,2.07
1800430767.712155,0.29,-0.75,0.16,-8.13,-288.69,83.48,0.82
1800430767.8164687,0.22,-0.08,0.2,-48.94,-180.77,18.47,0.31
0.0,0.0,0.0,0.0,0.0,0.0,0.0,0.0
1800430770.0,0.03,1.06,-0.06,-26.48,-11.39,-6.04,1.06
1800430770.1063938,-0.01,1.0,-0.01,8.57,-10.8,10.65,1.0
1800430770.2127876,0.05,1.02,-0.0,1.7,-3.47,-0.78,1.02
1800430770.3191817,0.07,1.03,-0.07,3.8,-16.45,22.95,1.03
1800430770.4255755,-0.07,0.94,-0.0,-16.87,-9.1,6.94,0.95
1800430770.5319693,0.14,1.0,-0.05,-7.77,-50.09,-11.53,1.01
1800430770.6383631,-0.08,0.97,0.09,2.6,-8.73,-34.3,0.98
1800430770.744757,0.1,0.97,-0.04,-7.95,-43.46,7.24,0.97
1800430770.851151,0.04,0.91,-0.0,16.87,-35.4,-11.01,0.91
1800430770.9575448,0.04,0.97,0.02,-9.88,-13.27,-4.91,0.97
1800430771.0639386,0.07,0.94,-0.03,-32.57,-4.91,15.5,0.94
1800430771.1703324,-0.16,1.08,0.08,-58.37,36.2,-12.4,1.1
1800430771.2767262,-0.15,1.15,0.15,-1.54,-37.67,-45.59,1.17
1800430771.3831203,0.22,1.91,-0.18,2.83,31.0,36.75,1.93
1800430771.489514,0.36,0.67,-0.0,30.4,-88.87,-80.33,0.76
1800430771.595908,0.37,1.07,-0.3,-74.57,11.28,-82.77,1.17
1800430771.7023017,0.36,0.96,-0.05,-8.29,40.67,-68.71,1.02
1800430771.8086956,0.41,0.99,0.09,-9.75,0.15,-78.2,1.07
1800430771.9150896,0.48,0.91,0.03,-12.61,-29.83,19.5,1.03
1800430772.0214834,0.34,1.0,-0.03,-35.47,-25.3,37.45,1.05
1800430772.1278772,0.28,1.04,-0.02,-8.16,-7.91,-3.36,1.08
1800430772.234271,0.28,1.03,-0.0,-18.42,-24.62,19.58,1.07
1800430772.3406649,0.24,0.96,-0.08,-24.7,-20.57,9.42,0.99
1800430772.447059,0.25,1.02,-0.08,-1.65,3.41,8.41,1.05
1800430772.5534527,0.25,1.04,-0.01,-5.07,0.55,-1.74,1.07
1800430772.6598465,0.23,1.02,-0.07,-6.73,-11.01,4.22,1.05
1800430772.7662404,0.24,1.11,-0.02,18.82,-2.16,16.33,1.14
1800430772.8726342,0.22,1.12,0.01,20.07,-8.25,7.18,1.14
1800430772.9790282,0.18,0.97,-0.07,29.03,-23.09,31.96,0.99
1800430773.085422,0.05,1.02,0.03,-15.71,0.08,39.75,1.02
1800430773.1918159,0.04,1.04,-0.0,2.81,-6.72,18.48,1.04
1800430773.2982097,0.01,0.99,0.03,17.18,6.91,4.76,0.99
1800430773.4046035,0.01,1.07,0.04,7.96,1.99,20.86,1.07
1800430773.5109975,0.0,1.08,0.04,13.82,-5.85,11.91,1.08
1800430773.6173913,0.05,1.02,0.09,8.91,-1.1,27.49,1.03
1800430773.7237852,-0.05,1.07,0.1,10.4,-0.91,16.3,1.07
1800430773.830179,-0.07,1.01,0.1,-14.67,25.87,31.67,1.02
1800430773.9365728,-0.07,1.07,0.07,-1.3,63.28,36.81,1.07
1800430774.0429668,-0.1,1.12,0.13,-15.49,86.49,5.89,1.13
1800430774.1493607,-0.44,1.35,0.27,-18.43,92.14,-25.43,1.44
1800430774.2557545,-0.21,0.94,-0.05,-16.18,-11.93,2.19,0.97
1800430774.3621483,-0.34,1.08,0.05,15.24,-3.73,13.24,1.13
1800430774.468542,-0.36,1.07,0.13,-29.66,25.98,7.22,1.13
1800430774.5749362,-0.32,1.04,0.07,-12.83,4.7,-42.18,1.09
1800430774.68133,-0.12,0.97,0.06,-14.16,-25.51,-53.39,0.98
1800430774.7877238,-0.09,0.98,0.01,-25.66,-12.68,-73.06,0.98
1800430774.8941176,-0.03,0.88,0.01,-2.03,-43.67,-69.25,0.88
1800430775.0005114,-0.02,0.71,-0.01,16.46,-63.74,-43.66,0.71
1800430775.1069055,0.07,0.77,-0.04,6.47,-58.91,-32.9,0.78
1800430775.2132993,0.06,1.14,0.02,12.75,-0.04,33.65,1.14
1800430775.319693,-0.01,1.11,0.13,-20.11,-55.61,19.01,1.11
1800430775.426087,0.13,1.11,-0.06,-39.54,-37.94,-17.03,1.12
1800430775.5324807,0.01,0.99,0.05,-22.18,-39.39,-2.46,0.99
1800430775.6388748,0.06,1.06,-0.02,-39.64,-33.03,-15.54,1.06
0.0,0.0,0.0,0.0,0.0,0.0,0.0,0.0
1800430775.0,0.49,-1.06,-0.29,54.7,-80.66,-31.11,1.2
1800430775.108019,1.19,-1.22,0.06,34.99,-34.13,-41.84,1.71
1800430775.2160385,0.85,-0.6,0.13,-1.21,-3.82,-20.81,1.04
1800430775.3240576,0.16,-0.21,-0.17,-106.59,51.27,113.69,0.31
1800430775.432077,0.24,-0.56,-0.11,24.84,-77.97,3.62,0.61
1800430775.540096,0.57,-1.07,-0.23,-79.38,4.98,-9.15,1.23
1800430775.6481152,0.78,-0.97,-0.38,-3.72,46.95,-10.36,1.3
1800430775.7561345,1.32,-0.67,-0.18,30.54,-38.08,-48.37,1.49
1800430775.8641536,0.31,-0.46,-0.1,106.5,148.78,-15.2,0.56
1800430775.972173,0.11,-0.37,-0.08,-34.38,124.39,50.02,0.39
1800430776.080192,0.11,-0.68,-0.21,60.37,-25.54,-15.09,0.72
1800430776.1882112,0.87,-1.25,-0.38,29.86,-210.43,7.04,1.57
1800430776.2962306,0.93,-1.08,0.05,7.81,-43.78,39.29,1.43
1800430776.4042497,0.65,-0.59,-0.06,-2.69,-102.42,-41.03,0.88
1800430776.5122688,0.09,-0.34,-0.12,-51.49,-36.17,30.79,0.38
1800430776.6202881,0.17,-0.63,-0.09,-16.92,-89.65,-6.06,0.66
1800430776.7283072,0.36,-1.12,-0.34,-24.86,-29.44,30.56,1.23
1800430776.8363266,1.07,-1.11,-0.46,28.87,-65.1,-131.73,1.61
1800430776.9443457,1.27,-0.68,-0.16,-1.68,104.71,-12.89,1.44
1800430777.0523648,0.28,-0.5,-0.03,101.4,181.64,35.59,0.58
1800430777.1603842,0.1,-0.38,-0.12,-8.29,110.76,-47.19,0.41
1800430777.2684033,0.2,-0.55,-0.34,43.32,23.82,17.72,0.68
1800430777.3764226,0.66,-1.2,-0.26,11.64,-166.21,3.84,1.4
1800430777.4844418,1.3,-0.96,-0.09,30.49,80.23,-12.78,1.62
1800430777.5924609,0.34,-0.36,-0.1,104.32,91.62,2.42,0.5
1800430777.7004802,0.2,-0.39,-0.18,27.34,76.49,-13.27,0.47
1800430777.8084993,0.28,-0.44,-0.2,18.71,48.32,-18.84,0.56
1800430777.9165187,0.41,-0.98,-0.43,45.7,-51.14,-47.05,1.15
1800430778.0245378,0.63,-1.27,-0.35,-113.21,-112.4,64.46,1.46
1800430778.132557,1.18,-1.03,0.1,17.7,-37.04,18.09,1.57
1800430778.2405763,0.5,-0.48,-0.01,-57.56,-83.27,51.78,0.69
1800430778.3485954,0.21,-0.38,-0.21,9.78,-61.15,32.04,0.48
1800430778.4566147,0.29,-0.45,-0.17,-16.32,-50.57,-56.6,0.56
1800430778.5646338,0.44,-0.87,-0.45,28.65,-29.56,4.63,1.07
1800430778.672653,0.7,-1.03,-0.46,5.36,-11.26,-47.69,1.32
1800430778.7806723,1.2,-1.12,-0.06,31.16,89.75,-1.28,1.64
1800430778.8886914,0.71,-0.47,0.02,68.17,101.61,28.76,0.85
1800430778.9967108,0.07,-0.33,-0.05,32.78,58.55,72.84,0.34
1800430779.10473,0.16,-0.54,-0.09,-60.29,-56.77,29.33,0.57
1800430779.212749,0.3,-1.21,-0.29,8.42,-83.15,112.92,1.28
1800430779.3207684,0.41,-1.75,-0.1,55.41,-174.77,88.95,1.8
1800430779.4287875,0.61,-0.97,0.16,-77.75,-114.75,67.35,1.16
1800430779.5368066,0.24,-0.41,-0.05,1.17,-84.44,62.35,0.48
1800430779.644826,0.03,-0.37,-0.14,-32.56,-57.0,-45.29,0.39
1800430779.752845,0.3,-0.89,-0.13,7.08,-113.26,-109.83,0.95
1800430779.8608644,0.54,-1.14,-0.35,-22.16,48.19,-75.13,1.31
1800430779.9688835,1.03,-1.04,-0.18,-1.96,84.24,-45.03,1.48
1800430780.0769026,0.66,-0.46,-0.09,36.93,122.34,-9.44,0.81
1800430780.184922,0.2,-0.45,-0.11,43.86,141.63,44.69,0.5
1800430780.292941,0.18,-0.54,-0.16,29.48,16.07,-16.38,0.59
1800430780.4009604,0.33,-0.98,-0.39,28.02,-67.93,-23.49,1.1
1800430780.5089796,0.5,-1.21,-0.42,-54.31,-82.59,15.91,1.38
1800430780.6169987,1.02,-1.19,0.03,19.27,-94.54,83.55,1.57
0.0,0.0,0.0,0.0,0.0,0.0,0.0,0.0
1800430780.0,-0.05,0.94,0.16,28.75,-32.14,-1.56,0.96
1800430780.1063273,-0.16,0.91,0.15,19.81,-65.7,27.5,0.94
1800430780.2126544,-0.09,0.9,0.22,13.79,-62.94,38.44,0.93
1800430780.3189816,-0.1,0.91,0.13,-17.71,-57.78,33.35,0.92
1800430780.4253087,-0.11,0.96,0.2,-11.19,-78.28,34.68,0.99
1800430780.531636,-0.03,0.92,0.24,-32.31,-100.23,46.13,0.96
1800430780.637963,0.12,1.02,0.24,-56.27,-79.14,6.33,1.06
1800430780.7442904,0.16,0.81,0.1,-44.86,-28.89,15.1,0.83
1800430780.8506176,0.19,0.98,0.19,42.46,41.35,21.35,1.02
1800430780.9569447,0.12,0.86,0.22,22.8,22.81,-1.22,0.89
1800430781.063272,0.0,0.93,0.07,11.0,49.95,-5.68,0.93
1800430781.169599,0.03,1.06,0.17,-19.78,21.27,-16.34,1.08
1800430781.2759264,0.06,1.2,0.28,-63.13,18.24,-49.15,1.23
1800430781.3822534,0.07,0.78,0.39,16.29,-91.94,-35.81,0.87
1800430781.4885807,-0.13,0.75,0.08,-58.57,-10.11,31.57,0.77
1800430781.594908,0.0,0.83,0.39,69.3,-37.19,53.31,0.91
1800430781.701235,0.03,0.97,0.09,-47.87,-2.69,4.83,0.97
1800430781.8075624,-0.02,0.95,0.13,-30.68,4.26,-2.19,0.96
1800430781.9138894,0.06,1.22,0.11,-71.44,121.82,41.49,1.23
1800430782.0202167,0.28,0.66,0.19,34.45,6.27,-34.93,0.74
1800430782.1265438,0.01,0.93,-0.03,-40.33,96.09,-14.14,0.93
1800430782.232871,0.3,0.87,0.26,86.51,109.34,-46.75,0.96
1800430782.3391984,0.06,1.03,0.01,-27.65,84.25,-19.86,1.03
1800430782.4455254,0.06,0.96,0.16,-21.15,23.8,-50.48,0.98
1800430782.5518527,0.02,1.12,0.11,-60.37,-16.23,-35.76,1.12
1800430782.6581798,0.08,0.95,0.34,14.87,-24.45,49.4,1.02
1800430782.764507,-0.15,0.72,0.03,-74.16,-69.49,-20.06,0.73
1800430782.8708344,0.15,0.96,0.21,82.3,-57.4,47.93,0.99
1800430782.9771614,0.01,0.87,0.09,-28.54,-43.09,1.76,0.88
1800430783.0834887,-0.02,0.92,0.13,8.34,-22.62,-6.54,0.93
1800430783.1898158,-0.02,1.15,0.22,-62.5,15.43,-34.31,1.17
1800430783.296143,0.48,1.01,0.32,92.38,61.27,22.87,1.16
1800430783.40247,-0.07,0.73,0.1,-86.5,58.63,-54.58,0.74
1800430783.5087974,0.36,0.99,0.37,101.29,138.24,5.3,1.12
1800430783.6151247,-0.04,0.83,0.15,-14.11,40.37,-30.79,0.84
1800430783.7214518,0.17,0.93,0.2,5.81,24.2,1.16,0.96
1800430783.827779,0.08,1.04,0.2,-45.59,-27.47,-9.74,1.06
1800430783.934106,0.14,0.95,0.13,15.07,0.67,-0.59,0.97
1800430784.0404334,0.21,0.99,0.05,-1.09,18.68,-17.62,1.02
1800430784.1467605,0.1,0.95,0.06,-8.49,30.14,-11.06,0.96
1800430784.2530878,0.01,0.89,0.04,1.87,15.05,-19.34,0.9
1800430784.359415,0.05,0.97,0.21,31.84,-25.81,2.45,0.99
1800430784.465742,-0.03,1.02,0.19,22.43,-20.74,22.41,1.04
1800430784.5720694,0.08,0.93,0.11,25.82,-45.32,17.11,0.94
1800430784.6783965,0.07,1.01,0.07,-19.02,-0.71,23.19,1.01
1800430784.7847238,0.11,1.03,0.19,-22.38,16.12,-19.81,1.05
1800430784.8910508,0.04,1.12,0.19,-69.11,62.26,-0.18,1.14
1800430784.997378,0.41,0.8,0.26,6.08,82.09,-12.59,0.93
1800430785.1037054,0.07,0.77,-0.07,-59.32,69.16,-18.7,0.78
1800430785.2100325,0.36,0.91,0.27,136.54,120.81,12.71,1.01
1800430785.3163598,0.11,0.95,0.09,-10.86,62.93,-19.67,0.96
1800430785.4226868,0.3,0.9,0.11,-5.53,51.24,-48.21,0.96
1800430785.529014,0.13,1.05,0.16,-30.43,35.85,-39.35,1.07
1800430785.6353412,0.24,1.0,0.4,47.67,76.09,14.73,1.1
1800430785.7416685,-0.01,0.7,0.09,-80.23,7.25,-58.97,0.71
1800430785.8479958,0.21,1.05,0.2,78.7,121.18,5.59,1.09
1800430785.9543228,0.04,0.77,0.15,-4.6,54.51,1.49,0.78
1800430786.06065,0.14,0.95,0.06,25.46,102.61,-22.75,0.96
1800430786.1669772,0.09,1.01,0.38,28.52,101.65,-24.08,1.09
1800430786.2733045,0.16,1.1,0.23,0.56,118.91,-20.18,1.13
1800430786.3796315,0.31,0.74,0.25,-6.61,38.1,-56.48,0.84
1800430786.4859588,0.25,0.92,0.1,24.09,128.58,-21.56,0.95
1800430786.592286,0.17,0.8,0.15,14.77,88.29,-39.68,0.83
1800430786.6986132,0.18,0.88,0.11,8.86,105.11,-11.95,0.91
1800430786.8049405,0.18,1.01,0.24,26.22,43.67,-33.61,1.05
1800430786.9112675,0.13,1.1,0.27,-25.89,-0.94,-24.5,1.14
1800430787.0175948,0.22,0.76,0.41,16.08,-9.23,-15.63,0.89
1800430787.1239219,-0.06,0.86,0.1,-96.14,54.31,-26.91,0.87
1800430787.2302492,0.13,0.89,0.3,125.09,15.48,7.46,0.95
1800430787.3365765,0.03,0.89,0.12,-52.2,55.39,-23.62,0.9
1800430787.4429035,0.0,0.95,0.18,21.02,43.32,-43.02,0.96
1800430787.5492308,0.14,0.98,0.38,-38.76,115.94,-41.06,1.06
1800430787.6555579,0.23,1.11,0.37,63.78,138.16,-1.11,1.19
1800430787.7618852,0.07,0.7,0.26,-57.44,45.24,-66.19,0.75
1800430787.8682122,0.06,0.89,0.11,5.08,-32.76,25.03,0.9
1800430787.9745395,0.06,0.97,0.19,-14.03,-53.65,40.81,0.99
1800430788.0808668,0.21,0.91,0.18,-8.84,-38.83,38.96,0.95
1800430788.1871939,0.3,0.85,0.07,-12.74,37.32,38.2,0.9
1800430788.2935212,0.35,1.02,0.08,49.74,44.57,31.83,1.08
1800430788.3998482,0.2,0.91,0.09,18.58,19.87,-14.01,0.94
1800430788.5061755,0.24,0.89,0.1,20.72,36.93,-64.04,0.93
1800430788.6125028,0.16,0.96,0.05,32.54,20.06,-41.94,0.97
1800430788.7188299,0.2,1.06,0.23,8.15,3.14,-42.99,1.1
1800430788.8251572,0.17,1.07,0.31,28.73,2.89,-59.19,1.13
1800430788.9314842,0.2,0.71,0.3,13.14,3.81,-75.7,0.8
1800430789.0378115,-0.07,0.79,0.32,-16.6,50.58,-36.68,0.86
1800430789.1441386,0.0,0.74,0.42,86.49,-25.13,6.09,0.86
1800430789.2504659,-0.01,0.85,0.22,-14.46,2.46,6.67,0.88
1800430789.3567932,-0.01,0.98,0.33,9.05,-17.84,8.76,1.04
1800430789.4631202,0.08,0.93,0.51,-55.22,74.01,-12.41,1.06
1800430789.5694475,0.1,1.06,0.28,-62.88,160.2,-5.77,1.11
1800430789.6757746,0.26,0.7,0.12,-47.03,-2.42,-90.97,0.76
1800430789.7821019,0.12,0.99,0.15,41.51,136.05,4.42,1.01
1800430789.888429,0.09,0.8,0.13,2.19,67.37,-95.17,0.81
1800430789.9947562,0.11,0.96,0.15,8.91,74.96,19.82,0.97
1800430790.1010835,0.09,1.07,0.33,-14.8,-54.35,-48.17,1.13
1800430790.2074106,0.07,0.95,0.58,65.0,-61.99,46.54,1.11
1800430790.3137379,-0.18,0.67,0.17,-73.74,-113.02,15.03,0.72
1800430790.420065,0.09,0.93,0.43,80.31,-135.3,75.28,1.03
1800430790.5263922,-0.04,0.84,0.11,-25.01,-81.68,29.54,0.85
1800430790.6327193,0.07,0.92,0.32,18.03,-46.97,-12.15,0.98
1800430790.7390466,0.08,1.08,0.31,-74.99,43.72,-27.74,1.13
1800430790.8453739,0.23,0.98,0.38,25.37,138.0,-20.33,1.07
1800430790.951701,0.09,0.71,0.21,-76.38,139.65,-89.49,0.75
1800430791.0580282,0.19,0.85,0.3,107.07,128.97,-48.74,0.93
1800430791.1643553,0.05,0.9,0.13,-21.79,90.71,-62.05,0.92
1800430791.2706826,-0.01,0.91,0.21,12.35,40.3,-59.11,0.93
1800430791.3770096,-0.11,1.01,0.25,-31.06,-74.02,-58.1,1.04
1800430791.483337,-0.12,0.87,0.53,42.01,-26.63,-11.71,1.03
1800430791.5896642,-0.01,0.78,0.28,-125.12,-48.41,48.4,0.82
1800430791.6959913,0.06,0.9,0.18,24.12,-11.78,59.56,0.92
1800430791.8023186,-0.06,0.83,0.22,10.98,-84.75,58.64,0.86
1800430791.9086456,0.09,0.85,0.24,-15.0,-48.0,27.38,0.89
1800430792.014973,0.09,1.13,0.17,-51.21,78.21,45.02,1.14
1800430792.1213,0.33,0.72,0.25,47.39,60.21,-79.34,0.83
1800430792.2276273,0.16,0.93,0.23,1.85,114.02,-3.48,0.98
1800430792.3339546,0.3,0.88,0.29,19.22,82.87,-66.85,0.97
1800430792.4402816,0.08,0.94,0.14,-4.78,120.32,-47.37,0.95
1800430792.546609,0.15,0.94,0.27,22.26,60.9,-64.61,0.99
1800430792.652936,0.14,0.95,0.32,-46.9,-30.87,-50.03,1.01
1800430792.7592633,0.01,0.95,0.36,-8.75,10.77,11.32,1.02
1800430792.8655903,-0.08,0.73,0.29,-6.69,-81.47,4.25,0.79
1800430792.9719176,0.07,0.85,0.32,45.53,-44.4,41.95,0.91
1800430793.078245,0.07,0.84,0.26,4.49,-74.85,69.26,0.88
1800430793.184572,0.18,1.09,0.37,-9.12,-18.84,23.08,1.16
1800430793.2908993,0.16,0.98,0.46,-83.0,29.84,-53.94,1.09
1800430793.3972263,0.15,0.95,0.2,-100.66,146.44,-51.77,0.98
1800430793.5035536,0.31,0.79,0.27,-14.69,107.87,-121.69,0.89
1800430793.6098807,0.06,0.84,0.31,31.29,117.51,-29.62,0.9
1800430793.716208,0.06,0.93,0.18,-44.22,60.45,-42.38,0.95
1800430793.8225353,0.01,0.94,0.11,-57.78,14.55,-14.48,0.94
1800430793.9288623,0.03,0.93,0.07,-59.64,-72.07,-22.73,0.93
1800430794.0351896,-0.12,1.04,0.31,90.57,-137.99,28.71,1.09
1800430794.1415167,-0.21,0.67,0.18,-35.35,-188.62,27.59,0.72
1800430794.247844,0.18,1.05,0.22,46.83,-106.06,89.08,1.09
1800430794.3541713,-0.0,0.8,0.17,-1.61,-118.46,64.27,0.82
1800430794.4604983,0.01,0.99,0.16,19.01,-86.55,24.68,1.01
1800430794.5668256,0.04,1.1,0.22,-73.71,6.61,5.11,1.12
1800430794.6731527,0.29,0.9,0.26,18.83,2.1,-4.8,0.98
1800430794.77948,0.01,0.81,0.05,-95.46,58.28,-42.83,0.82
0.0,0.0,0.0,0.0,0.0,0.0,0.0,0.0
1800430785.0,0.16,-0.65,0.23,42.33,18.68,78.41,0.7
1800430785.1035843,0.26,-0.9,0.18,36.88,24.33,-22.31,0.95
1800430785.2071686,0.17,-0.69,0.12,50.98,-16.61,17.33,0.72
1800430785.3107526,0.33,-0.73,0.05,60.86,-10.25,4.65,0.8
1800430785.414337,0.53,-1.49,0.06,22.48,-36.27,31.4,1.58
1800430785.5179212,-0.35,-1.24,0.55,63.96,-42.9,-28.29,1.4
1800430785.6215055,0.06,-1.14,0.08,-38.31,-17.69,95.96,1.15
1800430785.7250898,0.13,-0.45,0.16,-33.29,66.87,-28.65,0.49
1800430785.828674,0.11,-0.84,-0.01,107.9,100.94,-107.8,0.84
1800430785.9322581,0.17,-1.04,-0.21,-101.7,61.05,-47.61,1.07
1800430786.0358424,0.28,-1.33,0.07,-149.84,-39.22,95.09,1.37
1800430786.1394267,0.09,-1.2,0.36,136.62,74.65,34.08,1.26
1800430786.243011,-0.06,-0.69,0.13,-13.84,54.66,-7.42,0.71
1800430786.3465953,0.17,-0.55,-0.06,-59.04,-9.22,-53.5,0.58
1800430786.4501793,0.48,-0.91,-0.02,-65.19,-39.94,8.38,1.03
1800430786.5537636,0.54,-1.63,-0.15,-20.59,15.33,-10.79,1.73
1800430786.657348,-0.27,-1.02,0.6,-12.33,-103.89,37.03,1.21
1800430786.7609322,-0.04,-1.09,0.19,67.65,-92.12,14.11,1.11
1800430786.8645165,0.19,-0.41,0.06,-92.41,-22.84,27.86,0.45
1800430786.9681008,0.2,-0.58,-0.09,33.74,45.27,-34.24,0.62
1800430787.0716848,0.54,-1.39,-0.19,55.44,-17.65,40.21,1.51
1800430787.1752691,0.21,-1.47,0.62,-86.08,-48.69,5.5,1.61
1800430787.2788534,0.04,-1.02,0.56,136.06,38.98,-65.91,1.17
1800430787.3824377,0.11,-0.6,-0.11,-40.05,36.82,7.09,0.62
1800430787.486022,0.06,-0.61,0.05,53.39,-52.12,-13.88,0.62
1800430787.589606,0.47,-0.91,0.05,-9.85,-56.94,-38.71,1.03
1800430787.6931903,0.42,-1.36,-0.02,8.54,-84.63,-10.19,1.43
0.0,0.0,0.0,0.0,0.0,0.0,0.0,0.0
1800430790.0,-0.0,1.11,-0.06,-14.52,-6.02,-34.86,1.11
1800430790.1053245,0.03,1.02,-0.1,-21.61,-6.32,-27.93,1.02
1800430790.210649,0.1,1.03,-0.06,-26.61,-9.32,-16.22,1.04
1800430790.3159735,0.16,1.01,-0.08,-2.24,2.85,9.53,1.03
1800430790.421298,0.16,1.0,-0.02,10.15,-11.08,40.63,1.02
1800430790.5266223,0.11,1.06,0.02,29.58,-24.11,35.4,1.07
1800430790.6319468,0.08,0.98,0.03,36.8,-9.05,10.13,0.98
1800430790.7372713,0.07,0.97,0.05,47.16,-23.09,-9.73,0.98
1800430790.8425958,-0.01,0.99,0.01,41.51,-12.35,8.16,0.99
1800430790.9479203,-0.08,1.0,0.04,32.07,-7.99,49.23,1.01
1800430791.0532448,-0.28,1.21,0.23,102.94,48.47,14.02,1.26
1800430791.1585693,-0.61,1.07,0.43,69.15,53.64,41.96,1.3
1800430791.2638938,-0.63,1.04,0.2,23.33,24.06,27.0,1.24
1800430791.3692183,-0.57,1.07,0.27,5.2,-19.37,12.39,1.24
1800430791.4745426,-0.47,1.0,0.24,-40.02,-8.48,34.23,1.13
1800430791.5798671,-0.3,0.95,0.3,-71.57,-10.83,-3.49,1.04
1800430791.6851916,-0.29,0.86,0.22,-86.84,-43.37,-15.49,0.94
1800430791.7905161,-0.17,0.92,0.18,-88.47,-60.63,-57.42,0.95
1800430791.8958406,-0.14,0.83,0.18,-82.92,-70.66,-38.63,0.87
1800430792.0011652,-0.03,0.82,0.2,-43.06,-61.93,-30.16,0.84
1800430792.1064897,0.03,0.88,0.09,-5.02,-90.1,-46.02,0.89
1800430792.2118142,0.04,1.02,0.08,18.84,-85.67,-61.75,1.03
1800430792.3171384,-0.04,1.09,0.11,13.59,-92.91,-31.48,1.1
1800430792.422463,-0.06,0.98,0.09,4.09,-109.4,-29.14,0.99
1800430792.5277874,-0.1,1.0,-0.01,-6.49,-90.95,-22.1,1.0
1800430792.633112,-0.12,1.08,0.13,-5.63,-39.65,3.79,1.09
1800430792.7384365,-0.05,1.08,0.06,-22.08,-9.87,-11.15,1.09
1800430792.843761,0.06,1.0,0.1,-31.63,-0.81,-7.06,1.01
1800430792.9490855,-0.03,1.09,0.07,-31.89,22.14,-8.24,1.09
1800430793.05441,0.04,1.04,0.04,-36.01,19.41,-24.26,1.04
0.0,0.0,0.0,0.0,0.0,0.0,0.0,0.0
1800430795.0,-0.01,-0.76,-0.52,-0.21,-150.72,83.49,0.92
1800430795.1066809,-0.06,-0.83,-0.44,-27.15,-173.36,88.27,0.94
1800430795.213362,-0.04,-0.77,-0.45,-24.05,-195.31,105.53,0.89
1800430795.3200428,-0.01,-0.72,-0.37,-9.63,-193.85,88.21,0.81
1800430795.4267237,-0.24,-0.87,-0.5,11.41,-128.2,77.59,1.03
1800430795.5334048,-0.16,-0.68,-0.3,-26.17,-135.79,57.9,0.76
1800430795.6400857,-0.39,-0.95,-0.27,-4.83,-27.77,50.86,1.07
1800430795.7467666,-0.19,-0.81,-0.2,35.27,-35.65,47.66,0.86
1800430795.8534477,-0.16,-0.99,-0.26,13.72,11.62,63.22,1.04
1800430795.9601285,-0.22,-1.01,-0.39,6.04,-16.58,27.8,1.1
1800430796.0668097,-0.0,-0.74,-0.46,-8.66,-107.8,30.92,0.87
1800430796.1734905,0.0,-0.85,-0.64,40.84,-262.69,33.89,1.06
1800430796.2801714,-0.26,-0.86,-0.77,-102.1,-28.01,135.39,1.18
1800430796.3868525,-0.46,-0.68,0.1,-89.99,10.72,-72.12,0.83
1800430796.4935334,-0.19,-0.57,-0.14,-34.82,23.82,-129.53,0.62
1800430796.6002142,-0.61,-1.36,-0.7,21.81,247.56,-96.41,1.65
1800430796.7068954,-0.03,-0.67,-0.62,3.47,138.31,39.43,0.91
1800430796.8135762,0.19,-0.37,-0.46,-53.05,-127.22,-64.7,0.62
1800430796.920257,0.18,-1.1,-0.61,-12.91,-65.41,128.47,1.27
1800430797.0269382,-0.22,-0.69,-0.19,-30.16,-114.27,76.64,0.75
1800430797.133619,-0.34,-0.43,-0.14,-89.73,-85.71,-87.63,0.56
1800430797.2403,0.12,-1.34,0.12,-23.72,132.54,70.32,1.35
1800430797.346981,-0.12,-0.86,-0.06,120.31,-26.43,-70.48,0.87
1800430797.453662,-0.02,-0.72,-0.45,48.8,6.22,-45.51,0.85
1800430797.5603428,0.07,-0.55,-0.16,-12.55,-34.86,-75.08,0.57
1800430797.667024,0.09,-0.96,-0.61,-52.76,-129.64,-7.71,1.14
1800430797.7737048,-0.39,-1.01,-0.76,22.38,-118.63,45.25,1.32
1800430797.8803859,-0.19,-0.78,-0.44,-46.33,-86.64,104.39,0.91
1800430797.9870667,-0.06,-0.7,-0.29,-67.35,-101.2,38.21,0.76
1800430798.0937476,-0.12,-0.87,-0.12,-63.11,-14.36,6.55,0.89
1800430798.2004287,-0.16,-0.99,-0.14,-84.49,63.63,-106.47,1.01
1800430798.3071096,0.16,-1.09,0.13,-13.59,85.84,14.64,1.11
1800430798.4137905,-0.19,-0.81,-0.11,-1.36,5.34,-92.76,0.84
1800430798.5204716,-0.09,-0.89,0.02,35.51,179.31,-11.64,0.9
1800430798.6271524,-0.23,-0.94,-0.3,13.23,182.18,-52.31,1.02
0.0,0.0,0.0,0.0,0.0,0.0,0.0,0.0
1800430800.0,0.28,1.21,0.45,24.5,91.86,-68.03,1.32
1800430800.100342,-0.1,1.46,1.12,37.33,50.69,-33.75,1.84
1800430800.2006843,-0.17,0.72,0.81,21.9,13.83,18.01,1.1
1800430800.3010263,0.12,0.22,0.12,-112.51,-36.22,127.78,0.28
1800430800.4013684,0.13,0.66,0.23,6.28,75.72,-27.8,0.71
1800430800.5017104,0.22,1.24,0.6,-3.45,2.53,86.5,1.39
1800430800.6020527,0.36,1.15,0.74,7.79,-35.58,4.12,1.41
1800430800.7023947,0.16,0.79,1.32,46.96,44.45,-26.99,1.54
1800430800.8027368,0.06,0.53,0.29,9.62,-129.12,-123.14,0.6
1800430800.9030788,0.03,0.5,0.07,-57.59,-101.89,45.58,0.51
1800430801.003421,0.24,0.77,0.12,7.23,28.12,-74.55,0.82
1800430801.103763,0.4,1.31,0.77,-6.96,207.82,-31.93,1.57
1800430801.2041051,-0.06,1.16,0.86,-44.9,39.39,13.44,1.44
1800430801.3044472,-0.01,0.67,0.62,19.49,98.37,10.65,0.91
1800430801.4047894,0.08,0.4,0.1,-18.84,36.58,68.73,0.43
1800430801.5051315,0.09,0.75,0.2,-9.77,86.41,21.17,0.78
1800430801.6054735,0.37,1.26,0.33,-43.59,32.93,18.05,1.35
1800430801.7058156,0.39,1.25,1.02,129.56,54.11,-32.27,1.66
1800430801.8061578,0.18,0.82,1.15,13.4,-86.92,-5.82,1.42
1800430801.9064999,0.03,0.6,0.26,-46.23,-157.31,-110.38,0.65
1800430802.006842,0.05,0.5,0.11,37.46,-88.64,14.97,0.52
1800430802.107184,0.28,0.57,0.21,-26.54,-10.98,-44.31,0.67
1800430802.2075262,0.24,1.37,0.63,-7.55,160.56,-7.18,1.53
1800430802.3078682,0.1,1.08,1.27,12.92,-80.55,-44.52,1.67
1800430802.4082103,0.08,0.45,0.32,-18.97,-75.9,-123.1,0.56
1800430802.5085526,0.12,0.48,0.2,12.76,-46.08,-8.72,0.54
1800430802.6088946,0.23,0.52,0.27,14.71,-43.08,-10.4,0.63
1800430802.7092366,0.42,1.04,0.4,45.87,68.98,-46.85,1.19
1800430802.8095787,0.38,1.39,0.6,-61.28,110.54,120.17,1.56
1800430802.909921,-0.12,1.2,1.12,-26.71,37.04,-1.42,1.64
1800430803.010263,-0.01,0.57,0.43,-45.19,74.96,62.79,0.71
1800430803.110605,0.14,0.46,0.21,-32.41,64.83,-3.95,0.52
1800430803.210947,0.14,0.51,0.29,51.17,51.43,14.34,0.6
1800430803.3112893,0.43,0.98,0.44,-8.89,35.94,-30.13,1.15
1800430803.4116313,0.44,1.11,0.66,41.6,18.03,-17.52,1.36
1800430803.5119734,0.02,1.33,1.13,-2.66,-77.28,-44.97,1.75
1800430803.6123154,-0.08,0.54,0.73,-36.27,-80.7,-71.18,0.91
1800430803.7126577,0.06,0.41,0.06,-89.27,-36.07,-42.0,0.42
1800430803.8129997,0.05,0.64,0.14,-47.33,56.4,73.71,0.65
1800430803.9133418,0.29,1.35,0.31,-127.06,91.89,-12.14,1.42
1800430804.0136838,0.1,1.93,0.46,-95.8,158.63,-57.05,1.99
1800430804.114026,-0.18,1.08,0.61,-69.48,117.01,87.33,1.26
1800430804.214368,0.01,0.46,0.26,-53.16,96.18,12.17,0.52
1800430804.3147101,0.11,0.36,0.07,32.37,54.7,48.3,0.38
1800430804.4150522,0.15,0.96,0.29,105.66,109.43,-17.36,1.02
1800430804.5153944,0.4,1.31,0.47,71.83,-29.02,32.5,1.44
1800430804.6157365,0.19,1.21,1.07,32.74,-68.39,2.21,1.62
1800430804.7160785,0.09,0.54,0.59,0.03,-118.29,-33.95,0.8
1800430804.8164208,0.05,0.49,0.17,-48.58,-113.22,-59.67,0.52
1800430804.9167628,0.1,0.61,0.15,3.78,-9.11,-40.04,0.64
1800430805.0171049,0.37,1.04,0.26,23.8,62.6,-36.31,1.13
1800430805.117447,0.46,1.37,0.53,-33.5,73.3,63.33,1.54
1800430805.2177892,-0.06,1.35,0.95,-96.04,87.45,-19.15,1.65
0.0,0.0,0.0,0.0,0.0,0.0,0.0,0.0
1800430805.0,0.22,0.86,0.25,-23.92,-83.4,13.86,0.92
1800430805.1009715,0.23,0.91,0.28,-30.55,-78.65,34.59,0.98
1800430805.2019427,0.13,0.76,0.21,-27.18,-54.42,25.84,0.8
1800430805.3029141,0.12,0.75,0.29,-32.77,-33.14,43.81,0.81
1800430805.4038856,0.09,0.8,0.34,-4.53,8.06,41.22,0.87
1800430805.504857,0.19,0.97,0.52,2.56,-11.68,26.9,1.12
1800430805.6058283,0.25,0.78,0.53,-37.77,28.79,-36.94,0.98
1800430805.7067997,-0.01,0.61,0.32,-16.88,19.46,-44.93,0.68
1800430805.8077712,0.12,0.84,0.6,-2.41,-44.94,26.12,1.04
1800430805.9087424,0.0,0.55,0.24,42.54,40.36,-10.61,0.61
1800430806.009714,0.08,0.9,0.24,42.02,-4.46,8.35,0.94
1800430806.1106853,0.22,1.0,0.47,-21.17,-14.77,-34.99,1.13
1800430806.2116566,0.11,0.91,0.35,-26.26,-40.42,-37.24,0.98
1800430806.312628,0.45,0.89,0.62,-30.64,-127.82,-38.19,1.18
1800430806.4135995,0.15,0.44,0.13,-56.89,-40.63,14.85,0.49
1800430806.514571,0.48,0.95,0.51,-21.21,-157.69,42.89,1.19
1800430806.6155422,0.18,0.59,0.24,-41.97,-59.47,35.12,0.66
1800430806.7165136,0.3,0.83,0.21,-40.8,-81.94,44.56,0.9
1800430806.817485,0.2,0.83,0.29,-55.2,-37.72,84.57,0.9
1800430806.9184563,0.13,0.89,0.53,-52.1,-15.09,36.66,1.05
1800430807.0194278,0.35,0.87,0.69,-63.36,-21.97,-100.62,1.17
1800430807.1203992,-0.0,0.4,0.37,-13.33,8.23,13.2,0.54
1800430807.2213705,0.3,0.87,0.64,-25.74,-103.75,-76.51,1.12
1800430807.322342,0.13,0.66,0.19,-16.52,32.67,25.17,0.7
1800430807.4233134,0.09,0.81,0.34,-35.05,-41.67,79.33,0.88
1800430807.5242848,0.13,0.88,0.47,-51.67,-39.02,-13.74,1.01
1800430807.625256,0.07,0.8,0.3,-5.62,-112.41,7.72,0.85
1800430807.7262275,0.49,0.85,0.39,-140.59,-65.94,-13.63,1.05
1800430807.827199,0.2,0.68,0.3,-68.15,-103.61,66.69,0.77
1800430807.9281702,0.24,0.54,0.54,-100.79,-27.97,97.25,0.8
1800430808.0291417,0.06,0.73,0.37,-21.3,-41.98,7.75,0.82
1800430808.1301131,0.22,0.77,0.64,-60.64,-7.91,74.46,1.02
1800430808.2310846,0.09,0.79,0.63,-3.36,-4.19,-38.84,1.02
1800430808.3320558,0.35,0.74,0.81,-63.29,30.03,1.96,1.15
1800430808.4330273,-0.12,0.41,0.47,13.09,-9.29,-88.46,0.63
1800430808.5339987,0.07,0.63,0.71,14.37,7.64,39.14,0.96
1800430808.63497,-0.05,0.69,0.39,32.09,42.96,-66.78,0.79
1800430808.7359414,0.08,0.71,0.53,3.64,27.9,0.08,0.89
1800430808.8369129,0.12,0.72,0.61,20.48,-24.66,-86.27,0.95
1800430808.937884,0.4,0.9,0.64,-21.65,-15.97,-44.99,1.18
0.0,0.0,0.0,0.0,0.0,0.0,0.0,0.0
1800430810.0,0.07,-0.99,0.08,-19.98,-9.63,-23.7,1.0
1800430810.1074193,0.03,-0.95,0.03,-0.8,0.69,-23.86,0.95
1800430810.2148387,0.06,-0.89,0.02,-14.27,-0.23,-33.81,0.9
1800430810.322258,0.1,-0.98,-0.09,-31.58,-12.42,-26.22,0.99
1800430810.4296772,0.03,-0.96,-0.07,-46.93,-12.33,-12.6,0.96
1800430810.5370967,0.01,-0.88,-0.12,-19.91,-4.2,-13.37,0.89
1800430810.644516,-0.0,-0.89,-0.03,-11.82,-7.73,-8.45,0.89
1800430810.7519352,-0.02,-0.92,-0.05,-4.58,0.92,-40.05,0.92
1800430810.8593545,-0.04,-1.01,-0.12,-5.24,-12.61,-30.87,1.02
1800430810.966774,-0.01,-0.89,-0.08,2.39,-54.12,-29.74,0.89
1800430811.0741932,0.08,-0.99,-0.17,-4.31,-33.68,-19.7,1.01
1800430811.1816125,0.01,-0.85,-0.13,-2.39,-58.2,-17.0,0.86
1800430811.289032,0.03,-0.8,-0.18,27.41,-43.59,16.18,0.82
1800430811.3964512,0.03,-0.86,-0.24,24.64,18.67,8.08,0.89
1800430811.5038705,-0.03,-0.89,-0.24,-15.54,18.51,-9.3,0.92
1800430811.61129,0.12,-0.9,-0.26,17.84,17.12,25.16,0.95
1800430811.7187092,0.14,-0.83,-0.21,-22.09,-25.16,18.63,0.86
1800430811.8261285,0.14,-0.82,-0.19,-52.83,-48.66,26.47,0.86
1800430811.9335477,0.15,-0.82,-0.31,-74.06,-45.61,50.23,0.89
1800430812.0409672,0.05,-1.0,-0.28,-16.1,-34.27,47.94,1.04
1800430812.1483865,-0.18,-1.45,0.25,-35.94,-81.81,34.25,1.48
1800430812.2558057,0.08,-0.95,-0.31,25.83,-5.48,11.8,1.01
1800430812.3632252,-0.09,-0.71,0.21,-68.96,31.0,87.72,0.75
1800430812.4706445,-0.09,-0.96,0.09,6.57,88.95,14.26,0.97
1800430812.5780637,0.13,-0.94,0.17,-6.1,-9.8,24.43,0.97
1800430812.6854832,-0.08,-0.89,0.13,-11.52,-31.74,15.04,0.9
1800430812.7929025,-0.03,-1.0,0.11,1.46,-26.18,-6.69,1.01
0.0,0.0,0.0,0.0,0.0,0.0,0.0,0.0
1800430815.0,0.39,-1.12,-0.29,-66.45,-73.2,-20.31,1.22
1800430815.1059434,1.11,-1.34,0.15,-28.06,-37.2,-45.73,1.75
1800430815.2118866,0.78,-0.64,0.12,19.23,-15.29,-20.69,1.02
1800430815.31783,0.08,-0.21,-0.1,129.7,39.85,114.78,0.25
1800430815.4237733,0.21,-0.53,-0.09,-20.58,-65.23,-3.4,0.57
1800430815.5297167,0.56,-1.17,-0.2,87.25,6.55,-5.28,1.31
1800430815.63566,0.75,-1.02,-0.33,6.74,31.08,-26.15,1.31
1800430815.7416034,1.24,-0.73,-0.16,-33.72,-39.28,-64.04,1.45
1800430815.8475468,0.3,-0.41,-0.01,-134.18,114.92,-14.03,0.51
1800430815.95349,0.08,-0.41,-0.09,29.45,99.22,54.34,0.43
1800430816.0594335,0.07,-0.72,-0.22,-67.99,-18.43,-20.66,0.75
1800430816.1653767,0.8,-1.31,-0.43,-41.66,-174.99,-2.5,1.59
1800430816.27132,0.79,-1.09,0.09,4.93,-40.22,34.79,1.35
1800430816.3772635,0.54,-0.6,0.03,16.57,-83.55,-32.68,0.81
1800430816.4832067,0.09,-0.38,-0.07,62.28,-25.42,21.25,0.4
1800430816.5891502,0.13,-0.66,-0.11,15.7,-76.9,-14.59,0.68
1800430816.6950934,0.31,-1.15,-0.37,20.71,-24.99,33.63,1.25
1800430816.8010368,0.98,-1.1,-0.39,-23.95,-48.3,-142.92,1.53
1800430816.90698,1.09,-0.75,-0.14,-1.83,74.42,-11.59,1.33
1800430817.0129235,0.22,-0.53,0.03,-113.91,134.13,43.85,0.58
1800430817.118867,0.09,-0.4,-0.03,16.8,91.02,-50.8,0.41
1800430817.2248101,0.17,-0.56,-0.25,-48.09,16.04,11.87,0.64
1800430817.3307536,0.57,-1.24,-0.23,-5.62,-145.05,-5.72,1.38
1800430817.4366968,1.21,-1.02,-0.07,-43.7,66.79,-25.5,1.58
1800430817.5426402,0.3,-0.38,-0.09,-123.95,67.55,6.42,0.49
1800430817.6485834,0.16,-0.38,-0.12,-18.97,51.35,-3.11,0.43
1800430817.7545269,0.22,-0.46,-0.28,-10.58,27.71,-13.71,0.58
1800430817.8604703,0.33,-0.98,-0.41,-44.29,-51.5,-52.34,1.12
1800430817.9664135,0.56,-1.32,-0.33,138.76,-99.03,69.34,1.48
1800430818.072357,1.11,-1.11,0.15,-7.22,-16.77,24.9,1.58
1800430818.1783001,0.49,-0.55,0.03,72.96,-68.02,47.51,0.74
1800430818.2842436,0.2,-0.39,-0.16,-4.34,-71.01,38.22,0.46
1800430818.390187,0.23,-0.43,-0.21,22.35,-43.06,-60.87,0.53
1800430818.4961302,0.43,-0.87,-0.43,-24.22,-42.65,5.08,1.06
1800430818.6020737,0.63,-1.02,-0.47,1.32,-18.45,-37.16,1.29
1800430818.7080169,1.12,-1.2,-0.09,-31.59,66.89,-0.68,1.65
1800430818.8139603,0.59,-0.51,0.05,-76.92,76.29,29.45,0.78
1800430818.9199035,0.07,-0.36,-0.04,-35.56,39.3,88.75,0.37
1800430819.025847,0.13,-0.54,-0.04,67.49,-51.61,33.77,0.56
1800430819.1317904,0.28,-1.26,-0.28,-21.78,-74.92,124.36,1.32
1800430819.2377336,0.41,-1.82,-0.09,-55.82,-149.77,102.08,1.87
1800430819.343677,0.55,-1.01,0.19,88.13,-95.26,73.31,1.17
1800430819.4496202,0.15,-0.37,-0.03,2.37,-81.31,58.02,0.4
1800430819.5555637,-0.01,-0.32,-0.14,54.07,-53.26,-42.78,0.35
1800430819.661507,0.28,-0.9,-0.2,-27.72,-101.41,-126.2,0.96
1800430819.7674503,0.48,-1.19,-0.34,42.94,25.57,-84.33,1.33
1800430819.8733938,1.02,-1.13,-0.17,2.6,54.84,-42.27,1.53
1800430819.979337,0.57,-0.51,-0.12,-33.71,106.05,-7.38,0.78
1800430820.0852804,0.14,-0.45,-0.04,-54.26,99.3,56.52,0.47
1800430820.1912236,0.15,-0.56,-0.13,-26.04,16.23,-13.85,0.59
1800430820.297167,0.22,-0.93,-0.33,-23.04,-65.09,-24.73,1.01
1800430820.4031103,0.47,-1.28,-0.44,66.85,-76.61,30.1,1.44
1800430820.5090537,0.9,-1.23,0.06,-24.93,-78.78,83.41,1.52
0.0,0.0,0.0,0.0,0.0,0.0,0.0,0.0
1800430820.0,0.16,1.22,-0.48,-35.41,-24.07,-18.59,1.32
1800430820.0968814,0.16,1.26,-0.47,38.09,-5.15,9.97,1.36
1800430820.1937625,0.12,1.03,-0.4,13.29,0.06,-0.77,1.11
1800430820.290644,0.03,0.94,-0.23,61.96,12.16,56.98,0.97
1800430820.387525,-0.05,0.87,-0.11,104.44,-6.68,67.64,0.88
1800430820.4844065,-0.08,0.75,-0.03,80.34,4.27,48.95,0.76
1800430820.5812876,0.07,0.62,-0.11,79.34,-0.82,27.19,0.63
1800430820.678169,-0.1,1.13,-0.05,22.82,23.24,48.0,1.14
1800430820.7750502,-0.15,0.88,0.08,-10.19,-4.96,-8.69,0.9
1800430820.8719316,-0.04,0.98,0.09,-14.97,-19.28,4.65,0.98
1800430820.9688127,-0.14,0.96,0.06,-17.76,-25.39,-15.48,0.97
1800430821.065694,-0.07,1.03,0.06,-12.14,-45.48,-7.55,1.03
1800430821.1625752,-0.17,0.96,0.06,-19.64,-48.92,-4.9,0.98
1800430821.2594566,-0.1,0.96,0.07,-28.04,-37.22,-10.04,0.97
1800430821.3563378,-0.09,1.01,0.04,-31.99,-35.75,-10.96,1.02
1800430821.4532192,-0.11,0.95,0.07,-7.34,-39.34,-5.23,0.95
1800430821.5501003,-0.13,0.93,-0.0,-3.33,-55.41,3.74,0.94
1800430821.6469817,-0.11,1.02,0.04,-3.43,-50.02,11.54,1.02
1800430821.7438629,-0.11,0.97,0.04,1.78,-35.77,-2.05,0.97
1800430821.8407443,-0.12,0.95,0.05,-15.88,-37.47,-2.0,0.96
1800430821.9376254,-0.1,0.8,-0.01,-40.72,-18.82,-3.04,0.81
1800430822.0345068,-0.09,0.86,-0.15,-59.67,-23.78,-33.33,0.88
0.0,0.0,0.0,0.0,0.0,0.0,0.0,0.0
1800430825.0,0.12,0.87,-0.4,-4.66,4.73,2.88,0.96
1800430825.099651,0.05,0.87,-0.35,-24.83,14.25,-10.18,0.94
1800430825.1993024,0.06,0.84,-0.34,5.0,34.46,2.94,0.91
1800430825.2989535,0.03,0.87,-0.43,12.35,59.68,-21.96,0.97
1800430825.3986049,0.08,0.97,-0.5,46.14,23.98,-72.51,1.1
1800430825.498256,-0.09,0.71,-0.27,-67.65,113.86,-48.6,0.76
1800430825.597907,-0.09,0.75,-0.32,42.94,90.58,-42.88,0.82
1800430825.6975584,0.09,0.82,-0.6,31.31,39.3,-25.53,1.02
1800430825.7972095,-0.14,0.8,-0.16,19.76,111.93,-25.23,0.83
1800430825.8968608,-0.01,1.08,-0.26,-6.3,-4.64,29.68,1.11
1800430825.996512,0.05,0.92,-0.23,-38.08,6.62,-45.9,0.95
1800430826.096163,0.14,1.05,-0.4,19.91,-189.74,-50.83,1.14
1800430826.1958144,-0.03,0.6,-0.1,-130.39,49.6,92.31,0.61
1800430826.2954655,0.14,0.96,-0.37,-9.35,-189.14,-20.38,1.04
1800430826.3951168,-0.05,0.75,-0.19,-46.14,-6.91,6.34,0.77
1800430826.494768,0.02,0.92,-0.26,43.27,-22.75,18.02,0.96
1800430826.594419,-0.09,0.92,-0.36,23.38,84.9,6.23,0.99
1800430826.6940703,-0.15,0.99,-0.4,67.34,84.06,-38.11,1.08
1800430826.7937214,-0.05,0.69,-0.38,-18.97,202.58,50.21,0.79
1800430826.8933728,0.06,0.77,-0.45,106.12,15.45,-95.95,0.9
1800430826.9930239,0.07,0.79,-0.2,1.59,102.68,32.19,0.82
1800430827.092675,-0.09,0.88,-0.07,3.98,15.59,-38.87,0.89
1800430827.1923263,0.2,0.98,-0.38,-12.77,-56.63,-32.34,1.07
1800430827.2919774,0.35,1.08,-0.3,8.74,-187.38,-34.15,1.18
1800430827.3916287,0.04,0.63,-0.12,-103.8,21.12,91.18,0.64
1800430827.4912798,0.06,0.8,-0.48,-49.59,-132.32,114.26,0.94
1800430827.590931,-0.01,0.65,-0.29,-77.39,6.94,22.46,0.71
1800430827.6905823,0.04,0.85,-0.4,10.8,-3.62,-0.49,0.94
1800430827.7902334,-0.03,0.92,-0.6,-0.48,44.21,-27.35,1.1
1800430827.8898847,-0.05,0.96,-0.46,62.06,6.76,-79.68,1.07
1800430827.9895358,-0.09,0.62,-0.24,-60.63,130.13,6.78,0.67
1800430828.089187,0.09,0.9,-0.44,48.77,-9.28,-45.77,1.0
1800430828.1888382,0.04,0.72,-0.32,-32.94,35.51,-13.14,0.79
1800430828.2884893,-0.12,0.82,-0.25,6.26,-24.0,-44.66,0.87
0.0,0.0,0.0,0.0,0.0,0.0,0.0,0.0
1800430830.0,-0.23,-0.91,0.03,-7.19,-10.23,-4.9,0.93
1800430830.0960414,-0.31,-1.03,0.1,18.15,-4.62,4.03,1.08
1800430830.1920826,-0.22,-0.97,0.0,16.64,-33.65,2.4,0.99
1800430830.288124,-0.26,-1.05,0.01,21.55,-13.66,6.65,1.08
1800430830.3841655,-0.43,-0.97,-0.06,-42.46,-34.81,-12.77,1.06
1800430830.4802067,-0.13,-1.11,-0.06,-112.98,-30.81,-49.15,1.12
1800430830.5762482,-0.2,-0.8,-0.2,8.63,0.4,-68.58,0.85
1800430830.6722896,-0.03,-1.04,0.01,-67.98,-54.89,-19.76,1.04
1800430830.7683308,-0.21,-0.9,-0.04,45.26,-14.46,-50.77,0.93
1800430830.8643723,-0.05,-0.99,0.12,-26.34,-8.27,-16.83,1.0
1800430830.9604137,-0.13,-0.97,0.1,-13.13,52.41,-14.72,0.99
1800430831.056455,-0.17,-1.13,0.15,-4.7,123.83,18.3,1.16
1800430831.1524963,-0.34,-0.87,0.02,33.65,123.59,48.17,0.94
1800430831.2485378,-0.22,-0.91,0.17,-62.73,111.53,30.86,0.95
1800430831.344579,-0.35,-0.96,0.07,83.96,118.18,43.8,1.02
1800430831.4406204,-0.2,-0.91,0.11,-57.85,128.72,23.33,0.94
1800430831.5366619,-0.25,-1.02,0.1,-38.68,86.45,22.19,1.06
1800430831.632703,-0.2,-1.23,0.09,-77.55,36.26,-16.71,1.25
1800430831.7287445,-0.21,-0.87,-0.14,61.38,76.4,-15.68,0.91
1800430831.824786,-0.13,-0.88,0.2,-81.0,41.49,1.53,0.91
1800430831.9208272,-0.34,-1.13,-0.15,140.19,89.28,21.2,1.19
1800430832.0168686,-0.21,-0.89,0.18,0.51,177.89,23.71,0.93
1800430832.11291,-0.28,-0.95,-0.04,9.65,204.18,22.84,0.99
1800430832.2089512,-0.29,-1.18,0.02,-21.02,185.12,24.46,1.22
1800430832.3049927,-0.27,-0.72,0.26,1.46,288.2,4.29,0.81
1800430832.401034,-0.3,-0.94,0.24,-6.62,175.88,65.05,1.02
0.0,0.0,0.0,0.0,0.0,0.0,0.0,0.0
1800430835.0,0.07,0.99,-0.12,-8.26,-1.42,-2.12,1.0
1800430835.1017237,-0.05,0.96,-0.03,8.62,-6.54,4.32,0.97
1800430835.2034476,0.04,0.95,-0.0,-2.33,-8.91,4.3,0.95
1800430835.3051713,0.02,0.99,-0.04,-2.02,-21.15,24.64,0.99
1800430835.406895,-0.09,0.96,-0.01,-12.2,-13.42,12.64,0.96
1800430835.5086188,0.1,0.91,-0.11,-0.85,-51.43,-0.64,0.92
1800430835.6103425,-0.08,0.98,0.12,5.9,-13.4,-32.91,0.99
1800430835.7120662,0.04,0.95,-0.07,-5.45,-44.44,16.5,0.95
1800430835.8137898,0.04,0.83,-0.02,13.6,-41.54,-12.0,0.83
1800430835.9155138,0.02,0.91,0.06,-4.42,-15.69,3.29,0.91
1800430836.0172374,0.1,0.88,0.01,-32.17,-14.83,14.03,0.89
1800430836.118961,-0.22,1.02,0.08,-53.45,33.9,-5.99,1.05
1800430836.220685,-0.18,1.07,0.18,-5.05,-40.33,-51.75,1.1
1800430836.3224087,0.27,1.82,-0.16,15.33,28.98,53.82,1.85
1800430836.4241323,0.41,0.62,0.02,28.66,-93.0,-86.97,0.75
1800430836.5258563,0.37,0.99,-0.31,-85.7,-2.58,-70.98,1.11
1800430836.62758,0.36,0.92,-0.02,-5.57,26.55,-74.03,0.98
1800430836.7293036,0.41,0.99,0.11,-13.91,-5.48,-58.9,1.08
1800430836.8310273,0.48,0.86,0.07,-13.26,-34.3,20.04,0.99
1800430836.9327512,0.38,1.02,-0.03,-38.17,-23.31,38.04,1.09
1800430837.0344748,0.27,0.97,-0.07,1.39,-9.75,4.23,1.01
1800430837.1361985,0.31,0.98,-0.01,-26.96,-23.83,27.47,1.03
1800430837.2379224,0.22,0.94,-0.1,-18.65,-17.72,20.83,0.97
1800430837.339646,0.24,1.01,-0.06,7.32,4.45,11.37,1.04
1800430837.4413698,0.24,0.98,-0.05,-15.69,-8.92,-1.78,1.01
1800430837.5430937,0.24,0.98,-0.01,-7.78,-13.67,1.99,1.01
1800430837.6448174,0.22,1.05,-0.05,15.35,-4.64,16.23,1.08
1800430837.746541,0.23,1.0,-0.03,19.98,-15.48,8.34,1.03
1800430837.8482647,0.22,0.89,-0.09,25.92,-15.06,31.45,0.92
1800430837.9499886,0.11,1.03,0.01,-24.09,-0.68,57.51,1.03
1800430838.0517123,0.05,0.96,0.0,7.84,-8.79,16.13,0.96
1800430838.153436,0.02,0.97,0.04,14.01,2.19,20.34,0.97
1800430838.2551599,-0.0,1.03,0.07,12.17,3.71,23.24,1.03
1800430838.3568835,0.04,1.0,0.07,3.93,-0.68,25.02,1.0
1800430838.4586072,0.02,0.96,0.12,13.1,-3.32,29.64,0.97
1800430838.560331,-0.05,0.99,0.07,3.25,-6.7,24.25,0.99
1800430838.6620548,-0.1,1.0,0.09,-20.92,28.73,23.22,1.01
1800430838.7637784,-0.11,1.01,0.06,5.52,62.31,27.14,1.02
1800430838.865502,-0.17,1.14,0.18,0.12,77.38,9.82,1.17
1800430838.967226,-0.48,1.29,0.35,-8.37,93.03,-24.23,1.42
1800430839.0689497,-0.21,0.95,-0.05,-16.15,-11.09,-5.69,0.97
1800430839.1706734,-0.36,1.04,0.02,26.3,-8.42,14.61,1.1
1800430839.2723973,-0.35,1.03,0.16,-49.44,27.43,5.29,1.1
1800430839.374121,-0.27,0.98,0.08,-17.18,10.91,-45.86,1.02
1800430839.4758446,-0.1,0.94,0.09,-9.3,-14.67,-59.67,0.95
1800430839.5775685,-0.1,0.96,0.05,-38.76,-15.93,-68.8,0.97
1800430839.6792922,-0.09,0.89,0.03,-0.18,-45.91,-60.64,0.9
1800430839.7810159,-0.0,0.72,0.02,-6.12,-61.64,-31.3,0.72
1800430839.8827398,0.07,0.72,-0.04,1.95,-53.21,-50.93,0.73
1800430839.9844635,0.08,1.09,0.01,4.29,-5.35,31.77,1.1
1800430840.0861871,0.02,1.0,0.18,-18.89,-63.61,22.51,1.02
1800430840.1879108,0.07,1.04,-0.03,-46.57,-41.16,-14.27,1.04
1800430840.2896347,0.06,0.98,0.02,-19.98,-37.09,-9.72,0.98
1800430840.3913584,0.03,0.97,-0.01,-35.96,-41.68,-2.47,0.97
0.0,0.0,0.0,0.0,0.0,0.0,0.0,0.0
1800430840.0,-0.05,0.92,-0.36,-43.42,-206.17,-57.84,0.99
1800430840.1046407,0.23,0.92,-0.56,-56.54,-117.21,-27.13,1.1
1800430840.2092814,0.06,0.79,-0.13,-38.69,-177.58,-35.95,0.8
1800430840.3139222,0.1,1.01,-0.32,-20.9,-56.76,-28.61,1.07
1800430840.418563,0.15,0.76,-0.25,-8.07,-140.65,-4.46,0.82
1800430840.5232036,0.1,0.97,-0.09,-24.42,-62.34,-52.23,0.98
1800430840.6278443,0.22,0.93,-0.34,8.53,-116.66,2.44,1.02
1800430840.732485,0.14,0.93,-0.16,-16.76,-84.88,-15.47,0.96
1800430840.8371258,0.11,0.98,-0.22,-8.68,-31.28,-23.17,1.01
1800430840.9417665,-0.25,0.76,-0.27,64.02,-103.84,-35.39,0.84
1800430841.0464072,-0.19,0.99,-0.37,20.46,-50.41,-36.41,1.07
1800430841.1510482,-0.12,0.72,-0.38,21.48,-69.26,-8.75,0.82
1800430841.255689,-0.1,0.71,-0.26,-22.59,-100.78,-34.0,0.76
1800430841.3603296,-0.06,0.7,-0.31,-20.81,-68.41,-49.48,0.76
1800430841.4649704,0.04,0.83,-0.41,-73.58,-46.09,-16.71,0.93
1800430841.569611,0.24,0.98,-0.49,-19.74,-92.3,-26.78,1.12
1800430841.6742518,0.25,0.94,-0.34,-71.27,-61.92,-27.66,1.03
1800430841.7788925,0.31,0.97,-0.33,10.55,-40.11,50.19,1.07
1800430841.8835332,-0.02,0.98,-0.36,-26.37,-74.19,-54.73,1.05
1800430841.988174,0.1,1.4,-0.12,-39.84,-1.97,-15.86,1.41
1800430842.0928147,-0.15,0.82,0.03,45.43,-57.3,54.19,0.83
1800430842.1974554,-0.14,0.94,-0.11,-37.84,63.22,53.36,0.96
1800430842.3020961,-0.1,0.89,-0.33,-5.92,52.32,51.92,0.96
1800430842.4067369,-0.13,0.94,-0.18,45.15,5.42,-26.62,0.96
1800430842.5113776,-0.01,0.87,-0.17,46.16,14.57,-44.31,0.88
1800430842.6160183,0.02,0.9,-0.31,1.24,-0.99,-52.07,0.95
1800430842.720659,0.27,1.1,-0.53,-29.26,53.8,-42.79,1.25
1800430842.8252997,0.69,0.93,-0.48,-34.08,76.93,-36.29,1.25
1800430842.9299405,0.46,0.88,-0.22,89.11,-25.7,-8.71,1.01
1800430843.0345812,0.48,1.01,-0.38,-12.79,3.53,-10.37,1.18
1800430843.139222,0.4,0.93,-0.33,35.88,-1.11,17.74,1.06
1800430843.2438626,0.27,0.79,-0.28,49.49,4.04,44.12,0.88
1800430843.3485036,0.19,0.62,-0.27,17.53,-14.15,73.04,0.7
1800430843.4531443,0.02,0.64,-0.39,4.26,-25.16,68.26,0.75
1800430843.557785,-0.05,0.7,-0.35,-43.1,1.04,28.7,0.79
1800430843.6624258,-0.11,0.83,-0.37,-52.59,12.7,-15.29,0.92
1800430843.7670665,-0.09,0.87,-0.37,-41.51,13.15,-1.25,0.95
1800430843.8717072,0.06,0.95,-0.34,-38.99,8.55,4.76,1.01
1800430843.976348,0.08,0.93,-0.11,42.52,-14.68,6.6,0.94
1800430844.0809886,0.41,0.89,-0.22,-31.1,123.67,15.28,1.0
1800430844.1856294,0.31,0.96,-0.09,45.69,105.66,-3.45,1.02
1800430844.29027,0.21,0.88,-0.22,16.79,109.66,46.09,0.93
1800430844.3949108,0.22,0.85,-0.28,-35.27,60.95,61.47,0.92
1800430844.4995515,0.19,1.11,-0.23,65.27,100.15,73.8,1.15
1800430844.6041923,-0.04,0.67,-0.4,30.94,22.81,31.82,0.78
1800430844.708833,0.05,1.01,-0.37,-24.89,123.86,46.77,1.08
1800430844.8134737,-0.02,0.78,-0.4,64.22,78.97,39.16,0.88
1800430844.9181144,-0.06,0.9,-0.42,-29.95,122.41,45.82,0.99
1800430845.0227551,-0.02,0.9,-0.43,-27.93,128.7,52.9,1.0
0.0,0.0,0.0,0.0,0.0,0.0,0.0,0.0
1800430845.0,0.16,-0.71,0.34,8.85,91.6,7.89,0.8
1800430845.1054988,0.15,-0.89,0.21,-83.65,76.03,6.78,0.93
1800430845.2109976,0.09,-0.87,0.15,-75.63,-27.19,-8.64,0.88
1800430845.3164966,0.15,-0.82,0.06,74.58,-100.93,44.45,0.83
1800430845.4219954,-0.0,-1.33,0.39,-3.81,-140.0,-12.04,1.39
1800430845.5274942,0.42,-1.21,0.37,-2.57,-106.64,-36.44,1.33
1800430845.632993,0.26,-0.73,0.13,-30.26,-107.19,87.03,0.79
1800430845.7384918,0.18,-0.78,0.1,99.67,-141.5,102.45,0.8
1800430845.8439908,0.12,-0.56,0.23,115.05,-132.21,13.91,0.62
1800430845.9494896,0.36,-0.79,0.47,29.58,-55.6,-95.53,0.99
1800430846.0549884,0.32,-0.9,0.62,-65.03,84.01,-92.7,1.14
1800430846.1604872,0.47,-1.02,0.48,-34.04,149.04,-163.6,1.22
1800430846.265986,0.28,-0.53,0.39,-68.87,173.67,-51.74,0.71
1800430846.371485,0.12,-0.71,0.29,-81.73,120.05,-6.33,0.77
1800430846.4769838,0.15,-0.83,0.24,-75.42,35.19,-27.24,0.88
1800430846.5824826,0.15,-0.99,0.31,23.87,-41.06,-42.81,1.05
1800430846.6879814,0.35,-1.31,0.49,105.81,-55.83,-80.34,1.44
1800430846.7934804,0.27,-0.62,0.29,-58.83,14.54,141.92,0.74
1800430846.8989792,0.12,-0.71,0.39,15.27,23.95,48.78,0.82
1800430847.004478,0.32,-0.64,0.49,14.07,20.5,-103.12,0.87
1800430847.1099768,0.26,-0.68,0.45,-52.85,87.46,-124.19,0.85
1800430847.2154756,0.42,-1.13,0.65,4.06,128.18,-138.02,1.37
1800430847.3209746,0.43,-1.13,0.63,-31.2,205.17,-80.09,1.36
1800430847.4264734,0.2,-0.63,0.36,-87.82,239.83,-11.03,0.75
0.0,0.0,0.0,0.0,0.0,0.0,0.0,0.0
1800430850.0,0.04,0.98,0.14,-12.43,-25.3,44.15,0.99
1800430850.1017907,0.09,0.94,0.06,8.53,-42.42,4.64,0.95
1800430850.203581,0.08,0.93,0.1,7.7,-47.8,19.52,0.94
1800430850.3053718,0.04,0.9,0.08,-1.79,-33.74,-1.86,0.9
1800430850.4071622,0.03,0.91,0.11,-5.19,-30.96,0.31,0.91
1800430850.5089529,0.06,0.96,0.11,3.66,-47.99,0.22,0.97
1800430850.6107433,0.04,0.99,0.07,4.4,-34.75,0.7,0.99
1800430850.712534,0.14,0.96,0.16,5.36,-14.32,-5.54,0.99
1800430850.8143244,0.03,0.91,0.11,9.49,-46.29,-0.07,0.92
1800430850.916115,0.1,0.84,0.13,-3.89,-52.99,10.92,0.85
1800430851.0179055,0.07,1.0,0.14,29.0,-20.63,5.07,1.01
1800430851.1196961,0.06,0.92,0.15,19.09,-63.81,-3.9,0.93
1800430851.2214866,0.09,1.04,0.1,12.74,-37.47,-6.37,1.05
1800430851.3232772,0.09,0.96,0.12,8.33,-55.77,21.62,0.98
1800430851.4250677,0.12,0.96,0.12,10.55,-45.69,1.2,0.97
1800430851.5268583,0.08,0.9,0.1,30.21,-62.94,5.75,0.91
1800430851.6286488,0.09,0.88,0.19,7.22,-58.35,-1.92,0.9
1800430851.7304394,0.11,0.76,0.19,14.43,-56.68,24.95,0.79
1800430851.8322299,0.1,0.85,0.29,29.02,-36.22,-12.81,0.9
1800430851.9340205,0.11,0.82,0.08,42.24,-94.95,25.4,0.83
1800430852.035811,0.24,0.87,0.25,60.95,-79.62,18.87,0.94
1800430852.1376016,0.21,0.78,0.11,21.78,-76.03,46.48,0.81
1800430852.239392,0.47,1.04,0.39,-13.25,-0.48,-15.77,1.2
1800430852.3411827,0.28,0.98,0.2,-20.3,-71.27,-48.28,1.04
1800430852.4429731,0.06,1.54,0.37,6.01,58.52,-49.78,1.59
1800430852.5447638,-0.07,0.8,0.16,-53.96,1.9,-44.57,0.81
1800430852.6465542,-0.01,0.9,0.13,-71.24,56.1,44.71,0.91
1800430852.748345,-0.11,0.95,0.22,-55.41,14.79,-34.28,0.98
1800430852.8501353,0.0,0.85,0.37,-24.12,16.74,43.93,0.93
1800430852.951926,-0.1,0.84,0.16,20.11,-7.17,7.51,0.86
1800430853.0537164,0.06,0.99,0.37,22.31,-32.8,43.97,1.06
0.0,0.0,0.0,0.0,0.0,0.0,0.0,0.0
1800430855.0,0.2,-0.28,-1.09,74.89,2.21,2.27,1.14
1800430855.1084044,0.17,0.44,-0.86,-43.19,13.19,-86.82,0.98
1800430855.2168088,0.28,0.03,-0.7,-68.49,-16.73,46.44,0.75
1800430855.3252134,0.03,-0.07,-0.66,-9.72,-37.75,1.91,0.67
1800430855.4336178,0.08,-0.07,-0.79,1.32,-48.91,15.06,0.8
1800430855.5420222,0.09,-0.18,-0.81,-14.83,-30.43,-15.53,0.83
1800430855.6504266,0.29,-0.16,-1.06,29.48,-6.29,4.45,1.12
1800430855.758831,0.34,0.28,-0.81,-0.89,-23.5,-101.97,0.92
1800430855.8672354,0.25,-0.11,-0.75,23.05,-41.51,10.63,0.8
1800430855.97564,0.16,-0.1,-0.67,37.53,8.67,0.8,0.69
1800430856.0840445,0.23,-0.21,-0.7,-7.27,8.34,16.9,0.77
1800430856.1924489,0.3,-0.12,-0.76,-6.63,12.51,-19.62,0.82
1800430856.3008533,0.3,-0.27,-0.96,23.02,-15.97,10.26,1.04
1800430856.4092577,0.17,0.23,-1.04,31.43,10.13,15.9,1.07
1800430856.5176623,0.14,0.06,-0.7,-12.12,-17.44,-41.88,0.71
1800430856.6260667,0.21,-0.1,-0.75,-27.58,4.64,39.61,0.79
1800430856.734471,0.09,-0.07,-0.72,58.75,-16.24,20.15,0.72
1800430856.8428755,0.16,-0.09,-0.83,28.71,-29.95,27.71,0.85
1800430856.9512799,0.15,-0.22,-0.94,17.86,-52.18,-1.69,0.98
1800430857.0596845,0.22,0.04,-1.11,35.1,4.23,10.15,1.14
1800430857.168089,0.34,-0.04,-0.63,-4.65,-37.98,-121.47,0.72
1800430857.2764933,0.44,-0.01,-0.68,68.53,-15.66,79.4,0.8
1800430857.3848977,0.21,-0.16,-0.65,66.35,-15.29,59.67,0.7
1800430857.493302,0.31,-0.08,-0.87,17.91,-4.91,66.4,0.93
1800430857.6017065,0.19,-0.25,-0.7,36.94,4.02,18.05,0.76
1800430857.7101111,0.32,-0.08,-1.01,20.77,28.84,21.23,1.06
1800430857.8185155,0.3,0.34,-1.0,32.37,36.19,-10.78,1.1
1800430857.92692,0.19,0.1,-0.68,21.08,-46.42,-38.82,0.71
1800430858.0353243,0.17,-0.04,-0.71,34.16,-9.3,27.49,0.73
1800430858.1437287,0.03,0.01,-0.68,16.68,-21.86,-17.59,0.68
1800430858.2521334,0.14,-0.12,-0.77,-15.47,-30.09,-12.16,0.79
1800430858.3605378,0.19,-0.16,-0.9,21.05,-38.02,-29.02,0.94
1800430858.4689422,0.29,-0.04,-1.01,59.35,-3.57,24.69,1.05
1800430858.5773466,0.26,0.1,-0.63,-39.79,-15.64,-84.92,0.69
1800430858.685751,0.39,-0.04,-0.73,31.65,-23.8,59.3,0.83
1800430858.7941554,0.17,-0.13,-0.75,-8.75,-7.62,12.97,0.78
1800430858.90256,0.3,-0.12,-0.82,-32.26,14.33,15.07,0.88
1800430859.0109644,0.21,-0.13,-0.77,-57.79,14.89,-19.1,0.81
1800430859.1193688,0.29,-0.24,-0.99,12.57,45.02,22.5,1.06
0.0,0.0,0.0,0.0,0.0,0.0,0.0,0.0
1800430860.0,0.3,0.85,-0.44,26.67,-108.3,-69.81,1.0
1800430860.0968778,0.25,0.88,-0.59,41.55,-130.63,-36.27,1.09
1800430860.1937559,0.25,0.89,-0.61,83.64,-118.59,-55.2,1.11
1800430860.2906337,0.29,0.83,-0.44,131.73,-94.48,-124.68,0.98
1800430860.3875117,0.36,0.77,-0.41,111.15,-97.14,-75.94,0.95
1800430860.4843895,0.33,0.86,-0.56,111.9,-104.22,-14.0,1.08
1800430860.5812674,0.59,1.04,-0.48,106.54,-181.04,-32.15,1.29
1800430860.6781454,0.52,0.7,-0.12,100.97,-106.21,-40.83,0.88
1800430860.7750232,0.72,0.96,-0.26,82.17,-160.07,-57.34,1.22
1800430860.8719013,0.4,0.64,0.02,75.06,-12.54,-83.27,0.76
1800430860.968779,0.47,0.85,0.05,-3.09,-21.16,-52.23,0.97
1800430861.0656571,0.58,0.9,-0.02,16.98,44.27,-21.28,1.08
1800430861.162535,0.45,0.92,0.05,-11.87,69.96,-6.39,1.03
1800430861.2594128,0.63,0.92,-0.24,-20.59,26.86,72.88,1.14
1800430861.3562908,0.48,1.04,-0.28,-18.76,-50.08,120.41,1.18
1800430861.4531686,0.3,0.88,-0.46,118.7,-8.29,53.12,1.03
1800430861.5500467,0.22,0.87,-0.07,36.38,-83.74,-73.25,0.9
1800430861.6469245,0.48,0.8,-0.18,99.97,-5.16,-58.37,0.95
1800430861.7438023,0.31,0.85,-0.05,0.5,-43.33,-26.3,0.91
1800430861.8406804,0.45,1.03,-0.15,-10.42,36.56,-14.57,1.13
1800430861.9375582,0.51,0.99,-0.1,-12.62,94.5,15.71,1.12
1800430862.0344362,0.63,1.0,-0.27,-69.17,51.13,78.35,1.22
1800430862.131314,0.37,0.67,0.11,-70.4,161.04,21.68,0.77
1800430862.228192,0.58,1.0,-0.3,-50.2,80.92,68.99,1.2
1800430862.32507,0.22,0.84,-0.02,-31.02,137.13,36.17,0.87
1800430862.4219477,0.29,1.05,-0.09,-28.66,50.22,27.06,1.09
1800430862.5188258,0.24,1.15,-0.32,19.0,40.7,52.8,1.22
1800430862.6157036,0.18,1.11,-0.37,16.43,-127.01,24.49,1.18
1800430862.7125816,0.22,0.69,-0.12,70.99,2.72,-50.98,0.74
1800430862.8094594,0.37,1.01,-0.18,34.18,-83.42,-32.08,1.09
1800430862.9063373,0.26,0.89,-0.04,46.79,-5.63,-41.08,0.92
1800430863.0032153,0.35,0.93,-0.07,-24.79,10.02,11.79,0.99
1800430863.1000931,0.44,1.03,-0.11,-17.6,101.03,26.09,1.12
1800430863.1969712,0.32,1.18,0.01,-50.87,132.26,34.08,1.22
1800430863.293849,0.43,0.74,-0.07,16.0,258.08,-24.34,0.86
1800430863.390727,0.34,0.86,-0.03,-89.2,108.86,53.42,0.93
1800430863.4876049,0.34,0.89,-0.13,-40.59,140.72,-6.82,0.96
1800430863.5844827,0.16,0.98,-0.03,-55.5,94.12,39.82,1.0
1800430863.6813607,0.39,1.12,-0.21,-19.02,5.56,53.95,1.21
1800430863.7782385,0.18,1.23,-0.14,-20.57,-10.49,29.37,1.25
1800430863.8751166,0.22,0.79,-0.05,35.03,98.3,-51.89,0.82
1800430863.9719944,0.47,1.09,-0.14,-30.62,-1.47,-54.41,1.2
1800430864.0688722,0.35,0.85,-0.05,17.34,94.95,-49.88,0.92
1800430864.1657503,0.38,0.94,-0.14,-40.22,71.49,35.73,1.03
1800430864.262628,0.36,1.12,-0.23,29.52,99.74,72.67,1.2
0.0,0.0,0.0,0.0,0.0,0.0,0.0,0.0
1800430865.0,-0.09,0.92,0.42,25.45,8.75,-4.6,1.02
1800430865.1059608,0.03,0.93,0.36,36.2,52.74,-1.08,1.0
1800430865.2119217,0.16,0.84,0.35,72.8,101.52,2.32,0.92
1800430865.3178825,0.09,0.82,0.45,63.04,159.63,38.16,0.94
1800430865.4238434,0.17,0.93,0.39,113.34,166.64,11.9,1.02
1800430865.5298042,-0.08,1.04,0.41,60.76,108.46,-55.49,1.12
1800430865.635765,0.0,0.9,0.2,-5.66,98.15,27.53,0.92
1800430865.741726,-0.34,0.92,0.5,47.87,30.03,-63.27,1.11
1800430865.8476868,-0.03,0.93,0.17,41.83,3.78,-46.13,0.94
1800430865.9536476,-0.2,1.09,0.51,25.03,-5.29,44.8,1.22
1800430866.0596085,-0.03,0.92,0.32,26.58,32.49,9.72,0.98
1800430866.1655693,0.08,0.85,0.41,13.27,122.45,8.66,0.95
1800430866.2715302,0.05,1.04,0.71,77.93,209.7,-8.39,1.26
1800430866.377491,-0.03,1.14,0.86,174.2,143.86,-73.95,1.43
1800430866.4834518,-0.26,0.71,0.08,11.17,104.66,-82.28,0.76
1800430866.5894127,-0.33,0.53,-0.01,-90.9,33.17,-138.29,0.62
1800430866.6953735,-0.58,1.56,0.27,60.54,-288.43,-162.65,1.69
1800430866.8013344,-0.03,0.98,0.33,26.54,-119.28,137.05,1.04
1800430866.9072952,0.19,0.26,0.37,-37.71,-3.97,3.94,0.49
1800430867.013256,0.83,0.92,0.23,39.18,316.04,-29.67,1.26
1800430867.119217,-0.28,1.25,0.97,136.69,127.16,104.15,1.6
1800430867.2251778,-0.5,0.72,0.08,13.17,68.52,-157.78,0.89
1800430867.3311386,-0.35,0.58,-0.06,-114.42,15.28,-104.21,0.68
1800430867.4370995,-1.0,1.81,0.81,48.88,-437.93,-72.36,2.22
1800430867.5430603,0.04,0.71,0.32,15.7,-147.79,218.97,0.78
1800430867.6490211,0.29,0.46,0.3,-92.74,-54.6,85.93,0.62
1800430867.754982,0.14,0.93,0.41,-71.24,134.42,-68.64,1.03
1800430867.8609428,-0.99,1.26,1.19,27.49,-24.44,-196.7,2.0
1800430867.9669037,-0.11,0.64,0.2,114.3,122.52,11.82,0.68
1800430868.0728645,-0.13,0.76,0.14,66.12,81.24,-17.48,0.79
1800430868.1788254,-0.07,0.94,0.26,17.92,16.91,-38.61,0.98
1800430868.2847862,-0.27,1.23,0.2,-24.19,-0.2,-65.99,1.27
1800430868.390747,-0.03,1.07,0.32,-72.09,11.78,27.66,1.11
1800430868.496708,-0.48,1.04,0.46,-62.18,6.33,-73.33,1.23
1800430868.6026688,-0.04,0.77,0.2,-18.34,-37.92,56.46,0.8
0.0,0.0,0.0,0.0,0.0,0.0,0.0,0.0
1800430870.0,-0.08,-0.95,-0.15,4.09,-2.75,15.24,0.97
1800430870.107529,-0.12,-1.0,-0.13,5.48,-0.43,5.94,1.01
1800430870.2150578,-0.1,-1.09,-0.03,6.35,-15.85,33.59,1.09
1800430870.3225868,-0.25,-1.06,0.04,33.54,-50.72,34.57,1.09
1800430870.430116,-0.15,-1.04,0.11,5.57,-43.02,49.75,1.05
1800430870.5376449,-0.14,-0.69,0.03,-25.37,-47.56,-43.08,0.71
1800430870.6451738,-0.14,-0.73,0.05,7.64,13.25,-4.36,0.75
1800430870.7527027,-0.1,-0.83,0.03,-26.75,41.03,22.62,0.83
1800430870.8602316,-0.11,-1.04,-0.03,-35.4,82.58,73.87,1.05
1800430870.9677606,-0.08,-1.25,-0.12,-38.71,77.73,-131.14,1.26
1800430871.0752895,-0.1,-1.59,0.1,10.18,50.45,-100.3,1.6
1800430871.1828187,-0.06,-0.46,0.37,22.64,18.02,-47.25,0.59
1800430871.2903476,-0.0,-0.45,0.01,-10.55,26.69,41.7,0.45
1800430871.3978765,0.0,-0.46,0.05,-3.93,39.15,171.99,0.46
1800430871.5054054,-0.03,-1.37,0.15,13.03,17.88,107.59,1.38
1800430871.6129344,-0.01,-1.62,-0.25,35.15,-69.93,-67.97,1.64
1800430871.7204633,-0.24,-1.29,0.11,62.14,-87.44,-62.38,1.32
1800430871.8279922,-0.14,-0.64,0.26,-14.02,-96.94,-22.46,0.71
1800430871.9355211,-0.15,-0.46,0.01,-12.52,-39.4,-10.11,0.48
1800430872.0430503,-0.09,-0.68,0.15,3.58,52.89,118.1,0.7
1800430872.1505792,-0.19,-1.14,-0.0,27.45,56.46,35.19,1.15
1800430872.2581081,-0.34,-1.26,-0.21,14.43,47.42,-75.86,1.32
1800430872.365637,-0.12,-1.33,0.02,-61.44,-9.67,-37.08,1.33
1800430872.473166,-0.08,-0.71,0.26,4.87,-16.51,-49.6,0.76
0.0,0.0,0.0,0.0,0.0,0.0,0.0,0.0
1800430875.0,0.97,0.29,0.23,23.93,14.89,-177.28,1.04
1800430875.103154,0.9,0.07,0.08,7.64,52.16,-150.84,0.91
1800430875.2063081,0.9,0.03,0.1,41.08,33.45,-116.87,0.9
1800430875.309462,0.95,-0.0,0.15,65.35,25.08,-77.11,0.96
1800430875.4126163,0.97,0.11,0.18,6.66,27.55,-45.97,0.99
1800430875.5157702,0.89,-0.09,0.12,-17.68,43.54,-27.16,0.9
1800430875.6189241,0.99,-0.03,0.19,0.84,31.61,-24.33,1.01
1800430875.7220783,1.04,0.05,0.3,-28.72,22.97,-29.09,1.08
1800430875.8252323,0.84,0.19,0.47,-92.62,5.02,48.14,0.98
1800430875.9283862,0.76,-0.01,0.43,-27.08,47.31,-0.34,0.87
1800430876.0315404,0.74,0.02,0.31,64.38,0.68,-74.6,0.8
1800430876.1346943,0.74,-0.11,0.35,23.61,13.13,-42.9,0.83
1800430876.2378485,0.82,-0.11,0.37,35.54,-5.58,-72.79,0.91
1800430876.3410025,0.89,-0.05,0.35,-3.97,-9.1,-33.69,0.96
1800430876.4441564,1.02,-0.26,0.37,29.08,-28.43,-80.16,1.12
1800430876.5473106,0.99,0.32,0.39,-99.76,-0.13,9.3,1.11
1800430876.6504645,0.87,0.05,0.32,30.28,52.53,30.12,0.93
1800430876.7536185,0.85,-0.04,0.19,13.45,31.74,-21.64,0.88
1800430876.8567727,0.82,-0.0,0.18,-5.28,30.41,1.8,0.84
1800430876.9599266,0.84,-0.03,0.13,-8.42,27.04,5.08,0.85
1800430877.0630808,0.9,-0.08,0.24,-59.52,42.01,45.31,0.93
1800430877.1662347,1.11,0.06,0.32,2.11,32.93,-11.16,1.15
1800430877.2693887,0.76,-0.02,0.22,-105.19,-1.31,33.89,0.79
1800430877.3725429,0.83,-0.08,0.47,41.52,-9.57,68.14,0.96
1800430877.4756968,0.73,-0.09,0.19,6.4,-1.52,67.01,0.76
1800430877.5788507,0.85,-0.12,0.36,-3.94,-18.52,97.5,0.93
1800430877.682005,0.78,-0.16,0.25,-52.04,-24.28,64.89,0.83
1800430877.7851589,0.94,-0.24,0.33,1.23,-19.43,42.38,1.03
1800430877.888313,1.22,0.48,0.25,-12.5,52.36,61.12,1.33
1800430877.991467,0.83,-0.07,0.21,45.59,11.29,72.48,0.86
1800430878.094621,0.78,0.11,0.2,-35.89,-12.55,31.69,0.81
1800430878.1977751,0.78,-0.03,0.13,-25.83,31.9,0.66,0.79
1800430878.300929,0.89,0.04,0.13,31.46,8.44,4.91,0.9
1800430878.404083,0.98,-0.09,0.18,2.97,34.87,26.91,1.0
1800430878.5072372,0.96,-0.17,0.29,-11.94,41.73,33.36,1.02
1800430878.6103911,1.03,0.39,0.42,-65.46,21.4,35.33,1.18
1800430878.7135453,0.71,0.0,0.39,-72.92,4.57,-2.06,0.81
1800430878.8166993,0.74,-0.05,0.39,76.61,1.36,13.96,0.84
1800430878.9198532,0.81,-0.15,0.28,52.25,-6.88,-1.99,0.87
1800430879.0230074,0.84,-0.14,0.27,-15.31,-4.26,-6.93,0.89
1800430879.1261613,1.06,-0.06,0.38,-27.59,-26.31,15.78,1.13
1800430879.2293153,1.12,0.28,0.41,-36.94,-25.29,-4.39,1.22
1800430879.3324695,0.81,0.15,0.07,-5.88,36.04,10.85,0.82
1800430879.4356234,0.79,-0.07,0.13,69.03,12.78,34.96,0.81
1800430879.5387776,0.86,0.01,0.12,4.42,20.63,2.63,0.87
1800430879.6419315,0.91,-0.12,0.19,3.17,15.19,-8.94,0.94
1800430879.7450855,0.92,-0.09,0.19,-42.13,44.61,11.76,0.94
1800430879.8482397,1.05,-0.17,0.28,-9.24,12.78,-24.12,1.1
1800430879.9513936,0.91,0.24,0.49,-99.86,21.97,20.48,1.06
1800430880.0545475,0.6,-0.03,0.34,-28.28,8.13,61.34,0.69
1800430880.1577017,0.79,0.01,0.29,89.27,-9.35,-3.4,0.84
1800430880.2608557,0.87,-0.13,0.32,28.2,-5.4,25.8,0.93
0.0,0.0,0.0,0.0,0.0,0.0,0.0,0.0
1800430880.0,-0.37,-1.29,0.15,-10.22,-22.06,31.26,1.35
1800430880.1003115,-0.38,-1.25,0.11,11.1,-16.09,-28.79,1.31
1800430880.200623,-0.27,-1.03,0.16,6.34,-2.33,-13.0,1.08
1800430880.3009348,-0.1,-0.96,0.09,66.53,23.6,-56.69,0.97
1800430880.4012463,-0.05,-0.9,0.02,62.62,-3.29,-111.33,0.9
1800430880.5015578,0.03,-0.75,-0.06,51.86,3.25,-92.57,0.75
1800430880.6018693,-0.05,-0.66,0.09,16.35,6.07,-71.78,0.67
1800430880.7021809,0.1,-1.08,-0.06,48.0,26.22,-27.61,1.09
1800430880.8024926,0.09,-0.91,-0.17,-4.96,-1.17,-2.92,0.93
1800430880.9028041,0.15,-1.02,-0.13,12.53,-15.86,4.62,1.04
1800430881.0031157,0.1,-0.98,-0.16,-14.72,-34.46,24.08,0.99
1800430881.1034272,0.08,-1.01,-0.13,-0.61,-49.95,27.55,1.03
1800430881.2037387,0.13,-1.01,-0.15,-6.06,-54.33,30.51,1.03
1800430881.3040504,0.14,-0.97,-0.1,-19.2,-50.28,18.28,0.99
1800430881.404362,0.08,-1.01,-0.12,-1.82,-34.25,21.89,1.02
1800430881.5046735,0.06,-0.96,-0.13,-4.81,-54.53,14.71,0.97
1800430881.604985,0.05,-0.98,-0.11,1.71,-45.66,-4.2,0.99
1800430881.7052965,0.09,-1.0,-0.14,10.67,-50.22,5.25,1.01
1800430881.8056083,0.1,-0.97,-0.14,6.46,-39.23,-6.31,0.99
1800430881.9059198,0.13,-0.92,-0.14,-1.66,-45.14,17.09,0.94
1800430882.0062313,0.04,-0.86,-0.13,5.18,-20.24,33.55,0.87
1800430882.1065428,-0.03,-0.9,-0.08,-24.6,-15.0,57.11,0.9
0.0,0.0,0.0,0.0,0.0,0.0,0.0,0.0
1800430885.0,-0.02,-0.75,-0.59,-21.26,-76.64,-32.18,0.96
1800430885.1047926,-0.02,-0.78,-0.51,-3.6,-72.01,-28.32,0.94
1800430885.2095852,-0.05,-0.81,-0.41,-8.59,-52.55,-35.38,0.9
1800430885.314378,-0.03,-0.9,-0.42,-34.29,-24.98,-17.84,0.99
1800430885.4191706,0.05,-0.85,-0.37,-18.87,-49.06,18.01,0.93
1800430885.5239632,-0.01,-0.93,-0.34,-30.85,-30.05,-28.96,0.99
1800430885.6287558,-0.07,-0.94,-0.43,-9.85,-15.18,12.86,1.04
1800430885.7335484,-0.02,-0.94,-0.46,13.3,-23.67,-0.01,1.05
1800430885.8383412,-0.02,-0.8,-0.53,59.71,-10.25,48.03,0.96
1800430885.9431338,0.12,-0.72,-0.44,17.66,-33.79,29.68,0.86
1800430886.0479264,-0.03,-0.83,-0.71,-32.09,68.44,9.8,1.09
1800430886.152719,0.13,-0.71,-0.45,6.03,-6.75,-9.75,0.85
1800430886.2575116,0.09,-0.84,-0.46,-3.26,39.94,-11.66,0.97
1800430886.3623044,-0.05,-0.86,-0.65,48.3,31.91,-81.91,1.08
1800430886.467097,-0.15,-1.18,-0.59,5.72,130.18,-59.42,1.33
1800430886.5718896,-0.02,-0.52,-0.25,64.81,-15.58,16.36,0.57
1800430886.6766822,-0.11,-0.9,-0.41,-33.88,148.65,21.21,0.99
1800430886.7814748,-0.06,-0.74,-0.31,56.08,-2.38,48.2,0.81
1800430886.8862677,-0.03,-0.91,-0.46,-48.96,24.21,27.49,1.02
1800430886.9910603,0.02,-0.85,-0.43,16.9,-60.88,-13.37,0.95
1800430887.0958529,0.11,-1.01,-0.46,-25.48,-63.01,-13.08,1.12
1800430887.2006454,-0.06,-0.61,-0.56,50.33,-136.4,45.36,0.83
1800430887.305438,0.14,-0.73,-0.49,-70.0,-10.93,-7.58,0.89
1800430887.4102309,-0.04,-0.75,-0.74,3.57,-45.26,25.33,1.06
1800430887.5150235,0.12,-0.8,-0.34,-59.61,-27.52,-43.57,0.87
1800430887.619816,0.1,-0.86,-0.64,10.16,-4.25,-34.12,1.08
1800430887.7246087,0.11,-1.08,-0.49,-12.22,-11.71,-83.59,1.19
0.0,0.0,0.0,0.0,0.0,0.0,0.0,0.0
1800430890.0,-0.2,-0.72,0.11,16.11,22.91,97.71,0.75
1800430890.0998943,-0.1,-0.86,0.18,-12.84,56.56,87.82,0.88
1800430890.1997888,0.01,-0.76,0.13,15.9,69.75,29.01,0.77
1800430890.299683,-0.04,-0.91,0.15,8.57,47.91,1.62,0.93
1800430890.3995774,0.06,-0.89,0.13,-2.33,103.97,2.54,0.9
1800430890.499472,0.13,-0.83,-0.02,32.06,90.27,32.82,0.84
1800430890.5993662,0.1,-0.92,0.0,59.86,60.98,-6.72,0.92
1800430890.6992605,0.07,-0.89,-0.02,12.62,2.55,-10.73,0.89
1800430890.799155,0.02,-0.89,-0.04,3.06,-42.01,-34.37,0.89
1800430890.8990493,0.03,-0.91,0.01,-15.79,-80.15,-26.37,0.91
1800430890.9989436,-0.06,-0.9,0.06,-19.4,-101.16,-37.34,0.9
1800430891.098838,-0.06,-0.91,0.13,-9.99,-87.39,-27.93,0.92
1800430891.1987324,0.02,-0.87,0.04,-10.98,-89.8,-26.78,0.88
1800430891.2986267,-0.13,-0.82,0.05,30.64,-65.47,-15.3,0.83
1800430891.3985212,-0.17,-0.64,0.01,9.1,-47.23,-48.79,0.66
1800430891.4984155,-0.22,-0.43,0.14,-61.13,-50.17,-75.27,0.5
1800430891.5983098,-0.36,-1.01,0.12,27.43,27.36,-76.56,1.07
1800430891.6982043,0.04,-1.34,-0.35,-3.98,18.88,22.06,1.39
1800430891.7980986,-0.52,-1.34,-0.23,-140.02,61.14,-120.27,1.46
1800430891.8979928,-0.26,-0.7,0.17,113.25,-68.83,95.99,0.77
1800430891.9978874,-0.08,-1.1,-0.23,15.49,-57.36,67.28,1.12
1800430892.0977817,0.05,-0.8,-0.1,-13.18,-28.91,6.97,0.81
1800430892.197676,-0.04,-0.86,-0.14,21.94,7.92,2.85,0.88
1800430892.2975705,-0.08,-0.92,-0.11,-13.84,-19.03,-9.09,0.93
0.0,0.0,0.0,0.0,0.0,0.0,0.0,0.0
1800430895.0,0.3,-0.92,0.34,51.1,-269.36,-117.19,1.03
1800430895.098763,0.34,-0.82,0.43,90.17,-269.29,-8.27,0.99
1800430895.1975262,0.22,-0.68,0.44,33.06,-202.67,-59.03,0.84
1800430895.2962892,0.31,-0.77,0.49,-22.55,-127.13,-69.95,0.97
1800430895.3950524,0.36,-1.06,0.59,25.47,-64.84,66.39,1.27
1800430895.4938154,0.35,-1.31,0.36,33.89,-54.01,52.73,1.4
1800430895.5925786,0.38,-0.79,0.17,191.39,-94.22,34.33,0.9
1800430895.6913416,0.37,-0.96,0.32,122.54,-176.56,-35.02,1.08
1800430895.7901049,0.32,-0.74,0.39,134.88,-136.81,-44.95,0.9
1800430895.8888679,0.05,-0.37,0.3,24.35,-99.87,25.86,0.49
1800430895.987631,0.29,-0.96,0.48,-170.8,-5.39,-44.94,1.12
1800430896.086394,0.18,-1.24,0.52,-64.11,78.21,24.7,1.36
1800430896.1851573,0.3,-0.92,0.6,10.98,183.53,-61.2,1.14
1800430896.2839203,0.21,-0.65,0.4,-47.94,115.19,134.57,0.79
1800430896.3826833,0.16,-0.67,0.22,-12.44,100.11,150.31,0.73
1800430896.4814465,0.08,-0.71,0.13,-57.75,-8.79,80.12,0.72
1800430896.5802095,0.16,-1.36,0.12,-50.17,-131.38,-55.59,1.38
1800430896.6789727,0.3,-1.67,0.4,35.94,-96.56,-143.69,1.75
1800430896.7777357,0.3,-0.77,0.18,217.54,-55.01,115.5,0.84
1800430896.876499,0.11,-0.81,0.17,93.44,-53.41,-27.57,0.83
1800430896.975262,0.12,-0.27,0.22,-41.02,-120.33,-56.86,0.37
1800430897.0740252,0.38,-0.66,0.56,-240.97,-61.43,-60.1,0.94
1800430897.1727881,0.3,-1.42,0.63,-108.02,93.74,59.18,1.58
1800430897.2715514,0.37,-1.13,0.52,47.42,175.33,-64.37,1.3
1800430897.3703144,0.21,-0.77,0.43,-5.99,73.61,195.13,0.91
1800430897.4690776,0.18,-0.72,0.14,99.99,89.57,121.04,0.75
0.0,0.0,0.0,0.0,0.0,0.0,0.0,0.0
1800430900.0,0.16,-0.93,0.08,29.43,153.44,-69.64,0.95
1800430900.1049564,0.09,-0.81,0.23,2.23,140.27,-21.91,0.85
1800430900.2099125,0.15,-0.99,0.12,-33.4,148.76,-13.17,1.01
1800430900.314869,0.04,-0.95,0.13,-3.67,55.59,-53.53,0.96
1800430900.4198253,0.08,-1.06,0.13,1.74,31.72,11.38,1.07
1800430900.5247815,0.08,-1.04,0.05,-12.48,42.48,10.17,1.04
1800430900.6297379,-0.06,-1.12,0.01,30.53,124.84,-31.47,1.12
1800430900.7346942,0.18,-1.02,-0.15,59.37,116.9,-61.73,1.05
1800430900.8396504,0.23,-0.92,-0.01,0.99,168.06,-13.26,0.95
1800430900.9446068,0.1,-0.79,0.06,-2.82,91.44,12.7,0.8
1800430901.0495632,0.18,-0.92,0.05,-13.63,-11.68,-23.97,0.94
1800430901.1545193,0.14,-0.89,0.36,22.04,-188.42,-13.49,0.97
1800430901.2594757,0.46,-0.97,0.12,-50.06,-164.51,-72.95,1.08
1800430901.364432,-0.04,-0.9,-0.15,13.46,-168.17,0.67,0.91
1800430901.4693882,-0.03,-0.66,-0.23,66.62,5.77,28.37,0.7
1800430901.5743446,0.06,-0.76,-0.1,113.24,140.05,16.58,0.77
1800430901.679301,0.54,-1.58,-0.56,19.83,269.75,83.36,1.76
1800430901.7842572,0.14,-0.76,0.34,-68.63,88.47,-91.1,0.84
1800430901.8892136,0.35,-0.64,0.24,-8.64,-41.8,-9.15,0.77
1800430901.9941697,0.36,-1.09,0.43,34.06,-268.76,32.7,1.23
1800430902.099126,0.85,-1.47,-0.05,-170.11,-125.1,-8.14,1.7
1800430902.2040825,-0.02,-0.52,-0.14,-9.64,-232.65,22.11,0.54
1800430902.3090386,0.05,-0.51,-0.25,51.94,-111.9,46.32,0.57
1800430902.413995,-0.06,-1.28,0.17,-144.14,204.25,40.96,1.29
1800430902.5189514,0.3,-1.09,-0.37,47.7,64.03,-91.34,1.19
1800430902.6239076,0.07,-0.61,0.1,0.88,-26.93,-51.38,0.62
1800430902.728864,0.28,-0.8,0.22,2.27,-148.2,68.53,0.87
1800430902.8338203,1.03,-1.52,-0.35,-67.4,-185.81,-9.67,1.86
1800430902.9387765,0.43,-0.81,-0.13,-37.6,-231.0,15.99,0.93
1800430903.043733,0.09,-0.61,-0.18,-4.85,-124.94,79.22,0.64
1800430903.1486893,0.22,-0.76,-0.06,14.29,-89.86,60.27,0.79
1800430903.2536454,0.18,-1.11,0.14,-10.96,-91.09,45.72,1.14
1800430903.3586018,0.47,-1.1,-0.37,23.55,-110.05,-15.59,1.25
1800430903.4635582,0.01,-0.64,0.09,20.97,-110.92,44.23,0.65
1800430903.5685143,0.35,-0.83,0.09,-2.23,-100.7,-26.86,0.91
1800430903.6734707,0.3,-1.05,-0.16,19.38,-80.77,55.49,1.1
1800430903.7784271,0.26,-0.84,0.05,-26.99,-121.77,8.43,0.89
1800430903.8833833,0.2,-0.88,0.06,-53.35,-112.26,42.26,0.91
1800430903.9883397,0.27,-0.89,0.09,-50.01,-145.4,35.1,0.93
1800430904.093296,0.21,-0.84,0.07,-6.43,-234.19,-16.24,0.87
1800430904.1982522,0.58,-0.85,-0.3,-27.0,-219.33,11.04,1.08
1800430904.3032086,0.26,-0.98,-0.22,-55.87,-139.42,55.27,1.04
1800430904.408165,0.05,-0.84,-0.18,-30.61,-79.86,33.17,0.86
1800430904.5131211,0.18,-1.03,-0.16,-27.24,-26.09,13.34,1.06
1800430904.6180775,0.16,-0.95,-0.05,-40.55,-40.89,18.52,0.97
1800430904.723034,0.14,-0.98,-0.05,-8.25,-45.33,29.48,0.99
1800430904.82799,0.36,-1.05,-0.03,40.45,-106.59,9.79,1.11
1800430904.9329464,0.23,-0.81,-0.1,30.47,-116.02,27.25,0.85
1800430905.0379028,0.01,-0.89,-0.09,-16.6,-58.85,41.92,0.89
1800430905.142859,0.14,-0.94,-0.1,9.66,-42.03,12.93,0.95
1800430905.2478154,0.08,-0.9,-0.01,18.4,3.32,51.61,0.9
1800430905.3527718,-0.03,-1.16,-0.14,-14.05,103.77,29.94,1.17
1800430905.457728,-0.08,-0.87,-0.08,-10.58,90.26,-16.15,0.88
1800430905.5626843,0.13,-0.94,-0.07,23.71,75.84,-10.25,0.95
1800430905.6676404,-0.01,-0.9,0.07,14.88,21.55,7.49,0.91
1800430905.7725968,0.02,-0.88,0.01,25.12,-89.07,32.6,0.88
1800430905.8775532,0.49,-1.28,-0.38,-36.85,-7.32,15.41,1.42
1800430905.9825094,0.13,-0.85,0.07,-40.24,-110.04,15.65,0.86
1800430906.0874658,0.01,-0.8,0.06,10.01,-138.21,-4.16,0.8
1800430906.1924222,-0.02,-0.82,-0.08,19.43,-67.05,5.72,0.83
1800430906.2973783,-0.06,-1.0,-0.17,59.95,38.6,38.49,1.01
1800430906.4023347,0.18,-1.34,-0.42,32.56,155.95,-10.94,1.42
1800430906.507291,0.16,-0.91,-0.23,39.41,115.65,-36.01,0.95
1800430906.6122472,0.06,-0.69,0.1,16.07,91.39,-30.82,0.7
1800430906.7172036,0.1,-0.94,0.04,30.64,29.63,-10.91,0.95
1800430906.82216,0.25,-1.24,-0.08,-104.31,107.59,61.7,1.27
1800430906.9271162,0.09,-0.79,0.1,-46.91,-48.82,-42.84,0.8
1800430907.0320725,-0.06,-0.83,0.02,14.78,-58.67,3.58,0.83
1800430907.137029,0.02,-0.76,-0.1,35.92,-5.53,2.67,0.77
1800430907.241985,0.07,-0.89,-0.21,102.16,87.37,46.16,0.92
0.0,0.0,0.0,0.0,0.0,0.0,0.0,0.0
1800430905.0,-0.12,-0.78,-0.1,193.51,-59.7,-31.44,0.8
1800430905.1010547,-0.12,-0.82,-0.02,54.82,-233.16,38.07,0.83
1800430905.2021096,0.09,-1.04,-0.16,-43.64,-287.71,101.68,1.05
1800430905.3031642,0.3,-1.23,-0.33,-38.88,-234.09,-39.36,1.3
1800430905.4042192,0.11,-1.26,-0.6,3.24,-258.64,-39.5,1.4
1800430905.5052738,-0.1,-0.91,-0.34,118.0,-276.17,140.27,0.98
1800430905.6063287,0.0,-0.85,-0.37,91.27,-285.66,252.63,0.92
1800430905.7073834,0.14,-0.82,-0.32,35.46,-208.21,188.29,0.89
1800430905.8084383,0.44,-1.0,-0.32,-112.46,-78.69,22.45,1.14
1800430905.909493,0.44,-1.09,-0.46,-140.77,35.66,-35.27,1.27
1800430906.0105479,0.27,-1.09,-0.64,46.76,50.67,-136.39,1.29
1800430906.1116025,0.16,-0.89,-0.37,188.14,-1.72,-36.54,0.98
1800430906.2126575,0.02,-0.74,-0.3,135.39,-70.99,90.75,0.79
1800430906.3137121,0.18,-0.69,-0.33,2.05,-139.45,83.59,0.79
1800430906.414767,0.31,-1.02,-0.29,-34.1,-76.39,-40.09,1.1
1800430906.5158217,0.27,-1.34,-0.25,-13.58,-114.02,-98.72,1.39
1800430906.6168766,0.08,-1.5,-0.29,89.94,-129.49,119.72,1.53
1800430906.7179313,-0.01,-0.91,-0.33,269.72,-129.45,-12.51,0.97
1800430906.8189862,0.03,-0.78,-0.15,132.93,-144.92,90.53,0.8
1800430906.9200408,0.19,-0.63,-0.28,-51.11,-137.09,56.84,0.71
1800430907.0210958,0.37,-0.91,-0.34,-80.56,-44.05,-43.0,1.04
1800430907.1221504,0.39,-1.28,-0.27,-129.33,88.08,14.13,1.37
1800430907.2232053,0.37,-1.11,-0.4,-155.93,90.05,-0.62,1.23
1800430907.32426,0.28,-0.87,-0.25,-2.19,116.24,-78.91,0.95
1800430907.425315,0.14,-0.74,-0.21,47.55,64.34,-97.49,0.78
1800430907.5263696,0.03,-0.98,-0.16,33.01,6.85,-30.27,1.0
1800430907.6274245,0.1,-1.14,-0.17,0.91,-67.03,-4.12,1.15
1800430907.7284791,0.34,-1.48,-0.24,61.07,-120.65,103.04,1.54
1800430907.829534,0.15,-0.99,-0.19,135.69,-74.33,-50.64,1.02
1800430907.9305887,0.15,-0.98,-0.16,68.21,-79.26,12.72,1.0
1800430908.0316434,0.18,-0.71,-0.05,42.77,-64.18,-23.21,0.73
0.0,0.0,0.0,0.0,0.0,0.0,0.0,0.0
1800430910.0,0.3,1.42,0.34,92.41,46.74,-32.27,1.49
1800430910.04,0.06,1.13,0.25,3.94,3.63,32.56,1.16
1800430910.08,0.16,0.61,-0.13,-14.04,84.46,13.0,0.64
1800430910.12,-0.01,0.7,0.07,-61.18,107.3,57.6,0.7
1800430910.16,-0.16,0.95,0.03,21.61,113.39,6.64,0.96
1800430910.2,-0.28,1.39,0.02,32.06,60.93,31.08,1.42
1800430910.24,0.63,1.79,-0.14,31.57,-60.2,93.8,1.91
1800430910.28,0.14,0.67,-0.05,-31.7,13.42,-143.96,0.69
1800430910.32,0.22,0.72,-0.02,-38.39,43.46,15.62,0.75
1800430910.36,0.02,0.8,0.0,10.28,31.74,-23.87,0.8
1800430910.4,-0.08,0.94,-0.06,5.65,-6.29,0.42,0.94
1800430910.44,-0.19,1.05,-0.03,-21.24,-31.85,-103.17,1.07
1800430910.48,0.35,1.84,0.51,21.99,-73.35,-7.75,1.94
1800430910.52,0.08,1.36,0.12,12.56,22.52,-32.93,1.36
1800430910.56,0.03,0.66,0.1,9.42,-5.63,72.13,0.67
1800430910.6,-0.02,0.62,0.06,45.92,56.56,4.76,0.62
1800430910.64,-0.13,1.01,0.04,57.59,34.58,41.47,1.02
1800430910.68,-0.17,1.36,-0.04,22.55,40.1,27.77,1.37
1800430910.72,0.18,1.33,0.26,-36.5,20.97,83.79,1.37
1800430910.76,0.2,1.18,-0.06,31.53,46.62,-105.21,1.2
1800430910.8,0.03,0.64,0.06,-36.13,58.34,-49.5,0.65
1800430910.84,0.12,0.78,-0.06,-47.64,16.65,24.22,0.79
1800430910.88,-0.11,1.06,-0.09,31.38,25.76,-25.69,1.07
1800430910.92,-0.14,0.99,-0.04,27.04,-3.92,-31.17,1.0
1800430910.96,-0.19,0.88,-0.01,26.61,-6.75,-71.49,0.9
1800430911.0,0.65,1.51,0.62,29.01,-50.85,52.17,1.76
0.0,0.0,0.0,0.0,0.0,0.0,0.0,0.0
1800430915.0,0.05,0.67,-0.04,-26.47,-65.01,-168.47,0.67
1800430915.103851,0.07,0.75,-0.06,48.3,-278.82,-44.1,0.75
1800430915.2077024,0.19,1.0,0.13,85.45,-340.6,51.53,1.03
1800430915.3115535,0.32,1.12,0.37,-33.67,-282.31,35.52,1.22
1800430915.4154046,0.69,1.15,0.14,-45.62,-316.6,-14.2,1.35
1800430915.5192559,0.41,0.83,-0.02,136.8,-317.16,-118.29,0.93
1800430915.623107,0.39,0.75,0.05,232.53,-328.78,-75.7,0.85
1800430915.726958,0.38,0.68,0.22,176.57,-249.91,-33.69,0.81
1800430915.8308094,0.37,0.95,0.42,22.13,-90.3,98.13,1.1
1800430915.9346604,0.54,1.05,0.49,-34.15,47.82,119.6,1.28
1800430916.0385115,0.69,0.93,0.3,-118.5,69.95,-34.82,1.2
1800430916.1423628,0.35,0.8,0.19,-38.43,-8.79,-169.37,0.89
1800430916.246214,0.34,0.69,0.12,73.95,-89.37,-126.64,0.78
1800430916.350065,0.31,0.61,0.22,75.18,-167.74,-1.03,0.71
1800430916.4539163,0.31,0.96,0.36,-44.15,-89.18,22.47,1.07
1800430916.5577674,0.32,1.19,0.3,-94.4,-124.63,13.18,1.26
1800430916.6616185,0.32,1.35,0.18,106.55,-156.15,-85.42,1.4
1800430916.7654698,0.43,0.8,0.03,-3.63,-159.05,-250.51,0.9
1800430916.8693209,0.15,0.69,0.08,70.78,-170.58,-111.89,0.72
1800430916.973172,0.31,0.6,0.27,53.67,-154.79,43.38,0.73
1800430917.0770233,0.35,0.84,0.46,-42.19,-53.53,64.2,1.02
1800430917.1808743,0.26,1.16,0.42,11.74,86.28,102.8,1.26
1800430917.2847254,0.45,1.0,0.44,-14.65,102.06,138.3,1.19
1800430917.3885767,0.24,0.78,0.32,-75.23,135.04,-1.3,0.88
1800430917.4924278,0.24,0.64,0.17,-95.1,87.13,-52.04,0.71
1800430917.596279,0.2,0.86,0.15,-22.39,3.82,-32.09,0.89
1800430917.7001302,0.19,1.09,0.19,3.2,-86.2,-0.73,1.12
1800430917.8039813,0.25,1.36,0.36,85.33,-138.65,-57.66,1.42
1800430917.9078324,0.18,0.88,0.22,-47.15,-88.55,-124.31,0.92
1800430918.0116837,0.18,0.84,0.15,5.57,-92.37,-63.46,0.87
1800430918.1155348,0.15,0.62,0.2,-22.14,-78.33,-49.28,0.66
0.0,0.0,0.0,0.0,0.0,0.0,0.0,0.0
1800430920.0,0.31,-0.8,-0.32,-21.04,61.26,111.1,0.92
1800430920.1011348,0.59,-0.78,-0.21,-58.22,75.88,133.36,1.0
1800430920.2022693,0.55,-0.71,0.14,39.89,130.77,79.75,0.9
1800430920.303404,0.61,-0.73,-0.13,-64.87,92.13,124.97,0.96
1800430920.4045386,0.31,-0.63,0.15,-36.49,38.66,14.78,0.72
1800430920.5056734,0.71,-0.86,-0.14,-31.06,65.64,21.54,1.13
1800430920.606808,0.42,-0.72,0.03,-8.22,13.2,8.81,0.84
1800430920.7079427,0.44,-0.98,-0.1,44.35,29.09,-20.03,1.08
1800430920.8090773,0.49,-1.06,-0.3,74.68,67.29,9.25,1.2
1800430920.910212,0.56,-0.86,-0.55,27.59,109.96,79.11,1.16
1800430921.0113466,0.07,-0.47,-0.17,5.55,98.63,100.11,0.51
1800430921.1124814,0.39,-1.04,-0.48,-22.38,135.92,120.56,1.2
1800430921.213616,0.23,-0.75,-0.03,-61.49,25.83,60.15,0.79
1800430921.3147507,0.3,-0.91,-0.15,68.15,58.23,34.15,0.97
1800430921.4158852,0.32,-1.11,-0.22,6.41,-16.53,34.74,1.18
1800430921.51702,0.58,-0.93,-0.06,-13.44,-22.02,4.36,1.1
1800430921.6181545,0.26,-0.59,0.11,-75.22,-149.58,7.83,0.65
1800430921.7192893,0.48,-0.79,-0.08,63.33,-20.05,-66.85,0.93
1800430921.8204238,0.44,-0.69,-0.15,-32.65,-110.01,-67.48,0.83
1800430921.9215586,0.3,-1.06,-0.12,54.39,-52.39,-56.62,1.11
1800430922.0226932,0.33,-1.01,-0.24,87.41,-14.36,35.62,1.09
1800430922.123828,0.27,-1.02,-0.41,84.52,64.86,11.78,1.13
1800430922.2249625,-0.04,-0.66,-0.08,-8.36,23.7,83.12,0.67
1800430922.3260972,0.25,-0.89,-0.04,-79.73,79.25,45.84,0.93
1800430922.4272318,0.16,-0.82,0.07,-30.69,3.82,34.05,0.84
1800430922.5283666,0.3,-0.96,0.01,8.12,-27.32,6.55,1.0
1800430922.629501,0.46,-1.26,0.13,-9.27,-29.95,-39.11,1.34
1800430922.730636,0.42,-0.59,0.0,-102.5,-183.77,42.25,0.73
1800430922.8317704,0.34,-0.74,0.14,71.43,-21.38,-111.41,0.83
1800430922.9329052,0.42,-0.8,-0.06,-34.8,-110.81,-13.94,0.9
1800430923.0340397,0.16,-0.82,0.02,25.13,-44.98,-40.39,0.84
0.0,0.0,0.0,0.0,0.0,0.0,0.0,0.0
1800430925.0,-0.05,-0.93,0.26,-23.66,-30.63,33.1,0.96
1800430925.0952573,0.12,-0.88,0.24,6.54,-88.05,34.5,0.92
1800430925.1905143,0.02,-1.02,0.26,-46.81,-87.32,47.47,1.05
1800430925.2857716,0.03,-0.98,0.15,7.48,-67.07,30.55,0.99
1800430925.3810287,-0.02,-0.98,0.2,-7.22,-39.2,13.54,1.0
1800430925.476286,0.01,-1.02,0.37,52.51,-3.85,-17.92,1.08
1800430925.5715432,-0.22,-1.03,0.35,-10.98,42.45,-6.29,1.11
1800430925.6668003,0.02,-0.72,0.19,76.53,-27.05,-13.16,0.75
1800430925.7620575,-0.29,-1.0,0.37,-25.59,32.42,26.61,1.1
1800430925.8573148,0.02,-0.87,0.12,-30.9,-35.32,-49.49,0.88
1800430925.9525719,-0.17,-1.0,0.22,13.25,-5.74,17.81,1.04
1800430926.0478292,-0.06,-1.02,0.17,31.99,-35.92,-20.64,1.04
1800430926.1430862,-0.06,-1.14,0.24,-13.15,-72.74,7.25,1.17
1800430926.2383435,0.03,-0.71,0.39,-18.86,-68.45,13.85,0.81
1800430926.3336008,0.1,-0.84,0.28,21.14,-115.68,9.96,0.89
1800430926.4288578,0.15,-0.94,0.46,-94.86,-117.03,122.76,1.06
1800430926.524115,0.11,-0.81,0.3,-10.94,-130.27,-14.08,0.87
1800430926.6193724,0.18,-0.9,0.36,-14.83,-109.26,65.96,0.98
1800430926.7146294,0.04,-1.0,0.46,27.56,-66.68,54.07,1.1
1800430926.8098867,0.06,-1.06,0.28,57.26,-33.59,32.62,1.1
1800430926.9051437,-0.25,-0.87,0.46,13.57,-43.64,48.84,1.02
1800430927.000401,0.15,-0.79,0.28,75.64,-48.23,28.09,0.85
1800430927.0956583,-0.25,-1.11,0.43,-2.68,-37.84,51.76,1.21
1800430927.1909153,0.02,-0.79,0.25,-37.62,-141.68,42.55,0.83
1800430927.2861726,0.04,-0.89,0.31,3.18,-59.5,63.92,0.94
1800430927.38143,0.03,-0.9,0.24,-3.82,-81.78,53.01,0.93
1800430927.476687,0.09,-0.91,0.35,-36.94,-130.48,55.35,0.98
1800430927.5719442,0.08,-0.8,0.43,-61.3,-181.98,74.32,0.91
1800430927.6672013,0.1,-0.94,0.41,-55.01,-126.16,83.03,1.03
1800430927.7624586,-0.03,-0.87,0.42,-8.5,-132.17,61.46,0.97
1800430927.8577158,0.06,-0.93,0.38,33.48,-126.14,63.76,1.0
1800430927.952973,-0.18,-0.94,0.59,21.53,-53.03,100.83,1.12
1800430928.0482302,0.01,-0.74,0.26,94.69,-93.04,70.63,0.79
1800430928.1434872,-0.16,-0.92,0.34,47.04,-76.55,126.34,0.99
1800430928.2387445,-0.23,-0.96,0.22,54.8,-78.67,46.47,1.01
1800430928.3340018,-0.28,-0.92,0.24,-10.94,-104.64,87.33,0.99
1800430928.4292588,-0.33,-0.88,0.14,33.58,-89.8,53.77,0.95
1800430928.524516,-0.28,-0.98,0.25,-44.51,-137.86,18.45,1.05
1800430928.6197734,-0.29,-0.94,0.33,37.35,-114.91,40.39,1.04
1800430928.7150304,-0.35,-0.88,0.22,44.18,-87.68,65.52,0.97
1800430928.8102877,-0.13,-0.91,0.17,-11.38,-84.71,49.85,0.94
1800430928.9055448,0.06,-0.86,0.34,-32.75,-118.87,-6.3,0.92
1800430929.000802,0.09,-0.89,0.54,-50.91,-114.22,8.94,1.05
1800430929.0960593,-0.15,-0.67,0.35,43.79,-97.17,33.8,0.77
1800430929.1913164,-0.2,-0.59,0.11,35.08,-62.17,84.43,0.64
1800430929.2865736,-0.34,-0.85,0.43,-5.19,-39.59,42.66,1.01
1800430929.381831,-0.2,-0.8,0.44,18.56,-73.65,42.69,0.93
1800430929.477088,-0.39,-0.84,0.27,69.88,-28.49,57.16,0.97
1800430929.5723453,-0.51,-0.96,0.52,-9.65,-76.23,24.65,1.21
1800430929.6676023,-0.35,-0.99,0.27,57.85,-6.15,16.71,1.08
1800430929.7628596,0.09,-1.43,0.03,28.33,44.83,-35.74,1.43
1800430929.8581169,-0.01,-0.84,0.2,-125.6,-31.01,-30.77,0.86
1800430929.953374,-0.04,-1.04,0.18,116.74,50.48,-94.13,1.05
1800430930.0486312,-0.01,-0.89,0.3,-45.87,6.7,-80.65,0.94
1800430930.1438885,0.04,-0.87,0.22,46.88,-3.63,-33.33,0.9
1800430930.2391455,-0.1,-0.97,0.18,-55.02,-41.92,58.17,0.99
1800430930.3344028,-0.07,-0.98,0.26,0.19,-29.9,44.44,1.01
1800430930.4296598,-0.23,-1.06,0.31,-4.64,10.07,18.2,1.13
1800430930.5249171,-0.52,-1.02,0.42,-34.46,-1.5,49.98,1.22
1800430930.6201744,-0.57,-0.94,0.55,-68.74,-95.71,30.46,1.23
1800430930.7154315,-0.37,-0.84,0.27,-6.76,-115.12,-10.59,0.96
1800430930.8106887,-0.59,-0.87,0.42,-30.43,-17.35,10.07,1.13
1800430930.9059458,-0.36,-0.91,0.33,19.67,-9.66,-83.2,1.04
1800430931.001203,-0.2,-0.64,0.29,13.85,15.31,-73.97,0.73
1800430931.0964603,0.02,-0.59,0.26,41.67,-36.37,-93.41,0.65
1800430931.1917174,-0.04,-0.91,0.26,40.94,52.28,-53.3,0.95
1800430931.2869747,-0.03,-0.9,0.35,15.71,44.03,-31.05,0.96
1800430931.382232,0.03,-0.88,0.25,35.27,19.43,-83.43,0.92
1800430931.477489,0.04,-0.76,0.2,-6.26,-63.17,-23.47,0.79
1800430931.5727463,-0.18,-0.91,0.15,33.73,8.98,45.59,0.94
1800430931.6680033,-0.3,-0.99,0.15,-26.76,-33.13,5.95,1.04
1800430931.7632606,-0.16,-1.06,0.04,3.84,20.98,-1.84,1.07
1800430931.858518,-0.1,-0.99,0.09,6.36,28.24,-6.87,1.0
1800430931.953775,-0.12,-1.04,0.16,-14.26,-9.96,-19.61,1.06
1800430932.0490322,0.08,-0.98,0.2,-25.08,-81.89,-42.64,1.0
1800430932.1442895,-0.09,-1.05,0.21,14.9,-65.94,7.97,1.08
1800430932.2395465,-0.13,-1.06,0.28,-9.67,-30.22,26.94,1.1
1800430932.3348038,-0.03,-0.74,0.2,58.93,-59.51,-7.76,0.77
1800430932.4300609,-0.04,-1.08,0.22,-17.5,62.1,27.68,1.1
1800430932.5253181,-0.21,-0.86,0.19,-27.45,14.2,19.88,0.9
1800430932.6205754,0.03,-0.98,0.23,-10.97,45.25,-34.94,1.01
1800430932.7158325,-0.05,-0.92,0.24,-7.88,38.96,-38.85,0.95
1800430932.8110898,-0.03,-1.01,0.36,12.92,49.5,-34.49,1.07
1800430932.906347,0.01,-1.15,0.23,68.27,38.69,-32.99,1.18
1800430933.001604,-0.25,-0.69,0.19,77.42,-24.62,-48.27,0.76
0.0,0.0,0.0,0.0,0.0,0.0,0.0,0.0
1800430930.0,-0.11,-0.68,-0.01,39.16,-78.63,56.26,0.69
1800430930.1019921,-0.03,-0.64,-0.03,79.06,-150.97,30.84,0.64
1800430930.2039845,-0.03,-0.63,-0.08,96.3,-159.44,-19.56,0.64
1800430930.3059766,-0.11,-0.87,-0.15,136.91,-129.52,21.84,0.89
1800430930.407969,-0.14,-1.22,-0.22,94.68,-116.3,29.99,1.25
1800430930.5099611,-0.27,-0.99,-0.22,-98.84,-165.99,10.16,1.05
1800430930.6119535,-0.39,-1.35,0.14,-210.12,-134.51,19.57,1.41
1800430930.7139456,0.41,-1.31,0.59,-162.62,-111.07,-225.72,1.49
1800430930.815938,-0.32,-1.47,0.33,67.62,57.09,77.46,1.54
1800430930.9179301,-0.07,-1.15,0.11,114.1,84.47,120.22,1.15
1800430931.0199225,-0.21,-0.83,-0.04,22.86,-31.38,-112.86,0.86
1800430931.1219146,-0.06,-0.93,-0.09,-115.55,-38.48,13.84,0.94
1800430931.223907,0.1,-0.97,0.22,-170.99,-47.06,-97.69,1.0
1800430931.3258991,0.04,-1.06,0.17,-24.04,6.13,0.88,1.08
1800430931.4278915,0.0,-1.1,0.19,127.06,9.19,3.6,1.11
1800430931.5298836,-0.17,-0.91,0.07,94.77,-62.66,-18.8,0.92
1800430931.631876,-0.11,-0.86,0.17,-71.46,-23.15,50.02,0.88
1800430931.7338681,-0.0,-1.03,0.16,-68.7,-14.24,-25.96,1.04
0.0,0.0,0.0,0.0,0.0,0.0,0.0,0.0
1800430935.0,-0.36,-0.77,0.29,41.8,-17.66,-48.04,0.89
1800430935.1012163,-0.63,-0.64,0.54,60.63,-47.48,-110.48,1.05
1800430935.2024326,-0.42,-0.58,0.38,1.65,35.46,56.83,0.81
1800430935.303649,-0.31,-0.54,0.18,18.83,-11.86,21.53,0.65
1800430935.4048653,-0.37,-0.92,0.23,-31.77,-63.55,16.34,1.01
1800430935.5060816,-0.21,-0.9,0.14,-55.91,-99.08,119.84,0.93
1800430935.607298,-0.26,-1.25,-0.09,-4.64,-160.42,79.23,1.28
1800430935.7085142,-0.26,-0.93,0.44,-8.06,-124.8,177.71,1.07
1800430935.8097305,-0.26,-0.61,0.33,48.05,-50.91,215.94,0.74
1800430935.9109468,-0.23,-0.18,0.11,-51.14,-131.9,33.74,0.31
1800430936.0121632,-0.28,-0.34,0.14,-20.36,-156.9,-281.23,0.47
1800430936.1133795,-0.62,-1.09,0.58,8.75,34.33,-287.34,1.38
1800430936.2145958,-0.73,-1.56,0.23,104.03,138.94,30.22,1.73
1800430936.315812,-0.39,-0.36,0.38,-107.17,159.47,90.33,0.65
1800430936.4170284,-0.12,-0.5,0.35,-144.44,67.48,61.19,0.62
1800430936.5182447,-0.01,-0.42,0.17,-56.87,10.21,-14.87,0.45
1800430936.6194613,-0.2,-0.68,0.02,0.56,-103.53,-63.36,0.71
1800430936.7206776,-0.41,-1.28,0.09,43.72,-187.34,-64.31,1.34
1800430936.821894,-0.42,-1.09,0.5,-5.14,-15.76,200.09,1.27
1800430936.9231102,-0.1,-0.73,0.2,-18.29,-61.3,129.31,0.76
1800430937.0243266,-0.27,-0.47,0.19,67.52,-76.48,21.8,0.57
1800430937.1255429,-0.35,-0.38,0.25,33.52,-2.92,-67.73,0.58
1800430937.2267592,-0.38,-0.71,0.03,-73.4,-2.47,-95.99,0.8
1800430937.3279755,-0.45,-1.51,-0.18,134.09,63.28,61.68,1.58
1800430937.4291918,-0.47,-0.82,0.5,-124.59,170.39,45.15,1.07
1800430937.5304081,-0.03,-0.48,0.13,-86.34,15.87,86.9,0.5
1800430937.6316245,-0.1,-0.58,0.04,15.51,-59.56,33.88,0.59
0.0,0.0,0.0,0.0,0.0,0.0,0.0,0.0
1800430940.0,0.14,-0.7,-0.12,26.63,-79.15,45.8,0.73
1800430940.1085916,0.03,-0.62,0.02,69.18,-141.83,9.08,0.62
1800430940.2171834,0.09,-0.6,0.06,71.37,-144.46,-14.8,0.61
1800430940.325775,0.11,-0.82,0.13,115.56,-106.93,13.3,0.83
1800430940.4343665,0.18,-1.14,0.2,76.24,-98.93,28.67,1.17
1800430940.5429583,0.27,-0.92,0.14,-107.02,-152.36,22.15,0.97
1800430940.6515498,0.44,-1.19,-0.08,-211.81,-111.3,19.36,1.27
1800430940.7601416,-0.39,-1.16,-0.64,-162.28,-107.7,-209.26,1.38
1800430940.8687332,0.31,-1.34,-0.38,46.46,55.82,72.93,1.43
1800430940.9773247,0.09,-1.0,-0.13,82.19,73.36,100.96,1.02
1800430941.0859165,0.26,-0.76,0.01,21.66,-33.21,-91.91,0.8
1800430941.194508,0.13,-0.89,0.13,-106.74,-26.3,18.3,0.91
1800430941.3030996,0.01,-0.94,-0.22,-159.43,-34.12,-82.93,0.96
1800430941.4116914,0.0,-0.99,-0.17,-28.44,5.39,4.36,1.0
1800430941.520283,0.1,-1.01,-0.21,121.31,-6.56,-0.28,1.03
1800430941.6288745,0.19,-0.8,-0.07,94.55,-56.46,-11.78,0.83
1800430941.7374663,0.16,-0.8,-0.12,-67.39,-26.62,35.68,0.82
1800430941.846058,0.02,-0.97,-0.2,-67.03,-11.73,-17.86,0.99
0.0,0.0,0.0,0.0,0.0,0.0,0.0,0.0
1800430945.0,-0.22,-0.95,-0.15,-26.83,-3.65,8.52,0.99
1800430945.1031103,-0.12,-0.93,-0.11,-21.87,8.38,-15.36,0.94
1800430945.2062204,-0.06,-0.87,-0.04,-27.58,11.57,-13.82,0.87
1800430945.3093307,-0.09,-0.82,0.03,2.97,10.54,-6.25,0.83
1800430945.4124408,-0.06,-0.98,-0.05,38.58,16.28,-29.97,0.98
1800430945.515551,-0.02,-1.06,0.05,4.17,21.25,-32.7,1.06
1800430945.6186612,-0.01,-0.99,-0.04,20.46,30.83,-62.39,1.0
1800430945.7217715,0.09,-0.96,-0.14,31.59,-23.82,-47.11,0.97
1800430945.8248818,0.05,-1.3,-0.49,106.02,39.49,20.08,1.39
1800430945.9279919,0.01,-1.35,0.22,-37.82,53.56,113.61,1.37
1800430946.0311022,-0.06,-0.9,0.3,285.4,45.03,-77.49,0.95
1800430946.1342123,-0.39,-0.92,-0.44,188.43,226.52,299.44,1.09
1800430946.2373226,-0.44,-1.17,-0.81,-211.57,21.68,-162.26,1.5
1800430946.3404326,-0.08,-1.0,-0.39,109.24,-26.66,19.74,1.07
1800430946.443543,0.05,-0.88,-0.43,-8.69,16.36,-30.46,0.98
1800430946.5466533,-0.09,-0.88,-0.52,24.16,3.26,3.69,1.02
1800430946.6497633,-0.1,-0.98,-0.61,41.85,1.51,-27.3,1.16
1800430946.7528737,-0.02,-0.99,-0.54,-14.21,41.01,10.4,1.13
1800430946.8559837,-0.06,-0.91,-0.48,-53.65,55.55,65.41,1.03
1800430946.959094,-0.17,-0.84,-0.4,-48.31,12.45,32.34,0.95
1800430947.0622041,-0.18,-0.99,-0.49,-16.52,18.72,-9.31,1.11
1800430947.1653144,-0.17,-0.98,-0.39,-21.1,19.55,-1.6,1.07
1800430947.2684247,-0.2,-0.93,-0.33,-21.52,29.96,5.47,1.01
1800430947.3715348,-0.13,-1.03,-0.39,-54.15,41.99,9.71,1.11
0.0,0.0,0.0,0.0,0.0,0.0,0.0,0.0
1800430950.0,0.45,-1.46,0.0,13.37,-139.62,81.64,1.53
1800430950.106321,0.24,-1.15,0.06,-51.05,-182.83,148.27,1.18
1800430950.2126422,0.19,-0.62,0.07,18.73,-229.94,50.74,0.65
1800430950.3189633,0.16,-0.47,0.29,52.38,-119.6,42.1,0.58
1800430950.4252844,0.03,-0.94,0.49,-7.27,-109.39,-106.81,1.06
1800430950.5316055,0.19,-1.18,0.53,-40.99,105.59,-133.76,1.31
1800430950.6379266,0.3,-1.03,0.33,4.93,194.92,10.57,1.12
1800430950.7442477,0.1,-0.94,0.05,-82.15,184.8,86.17,0.95
1800430950.8505688,-0.06,-0.53,-0.06,4.59,115.07,32.46,0.54
1800430950.9568899,0.04,-0.76,0.01,-30.39,-32.18,-40.88,0.76
1800430951.063211,0.08,-1.55,0.06,-103.47,-139.48,-32.91,1.55
1800430951.1695323,0.12,-1.4,-0.05,-32.04,-178.58,56.19,1.41
1800430951.2758534,0.04,-0.72,0.11,105.73,-151.38,83.66,0.73
1800430951.3821745,-0.0,-0.37,0.26,59.63,-178.69,36.2,0.45
1800430951.4884956,0.26,-0.82,0.47,2.23,-129.59,-84.99,0.98
1800430951.5948167,0.34,-1.06,0.58,-42.29,62.13,-110.91,1.26
1800430951.7011378,0.36,-1.27,0.26,-35.25,220.92,-53.8,1.35
1800430951.8074589,0.19,-0.73,0.07,-26.34,220.9,28.19,0.76
1800430951.91378,-0.05,-0.47,-0.13,-41.71,129.23,34.01,0.49
1800430952.020101,-0.16,-0.98,-0.15,-124.09,-36.69,-79.48,1.01
1800430952.1264222,0.14,-1.42,0.05,-59.49,-166.12,-31.97,1.43
1800430952.2327433,0.29,-1.59,0.0,5.15,-152.58,184.56,1.62
1800430952.3390644,0.21,-0.8,0.13,68.8,-165.16,152.27,0.83
1800430952.4453855,0.01,-0.14,0.15,53.39,-81.82,112.38,0.21
1800430952.5517066,-0.09,-0.38,0.32,-38.04,-88.51,-11.63,0.5
0.0,0.0,0.0,0.0,0.0,0.0,0.0,0.0
1800430955.0,0.1,0.8,0.16,1.47,-36.15,-143.28,0.82
1800430955.1064055,0.15,1.22,0.22,-7.56,64.87,-111.39,1.25
1800430955.212811,0.31,1.11,0.13,202.1,42.05,-47.12,1.16
1800430955.3192165,0.51,0.73,-0.08,-28.45,-59.53,142.35,0.89
1800430955.4256217,0.17,0.76,-0.23,-39.17,-206.58,243.47,0.81
1800430955.5320272,-0.18,0.54,0.09,185.26,-505.96,-274.1,0.57
1800430955.6384327,0.61,1.01,0.61,-103.89,-183.21,95.58,1.33
1800430955.7448382,0.1,1.21,0.15,69.28,-115.07,101.14,1.22
1800430955.8512437,0.74,0.6,0.19,102.49,-99.28,29.46,0.97
1800430955.9576492,0.3,0.73,0.15,-50.07,69.43,108.94,0.8
1800430956.0640547,0.0,0.26,0.08,-140.1,24.44,-29.97,0.27
1800430956.1704602,0.4,0.91,0.12,-74.44,73.72,-222.67,1.0
1800430956.2768655,0.28,1.52,0.14,-35.32,193.6,-30.88,1.55
1800430956.383271,0.21,1.11,0.16,160.67,230.32,61.38,1.14
1800430956.4896765,0.31,0.43,0.16,-66.57,116.49,-32.65,0.55
1800430956.596082,0.21,0.53,0.13,-136.31,79.57,9.08,0.59
1800430956.7024875,0.17,0.64,-0.04,-65.48,-18.78,-34.73,0.66
1800430956.808893,0.12,0.87,-0.05,45.2,-112.52,-6.28,0.88
1800430956.9152985,0.21,1.26,0.06,80.43,-196.54,-0.58,1.27
1800430957.021704,0.24,1.0,0.07,-10.29,-154.37,50.76,1.03
1800430957.1281092,0.15,0.82,0.04,4.03,-197.81,95.66,0.83
1800430957.2345147,0.15,0.56,0.11,81.41,-158.4,86.14,0.59
1800430957.3409202,0.2,0.62,0.22,8.84,-121.77,14.44,0.69
0.0,0.0,0.0,0.0,0.0,0.0,0.0,0.0
1800430960.0,0.53,-0.84,-0.22,17.19,-8.89,47.6,1.02
1800430960.0991461,0.5,-0.94,-0.02,37.0,-14.57,41.45,1.06
1800430960.198292,0.42,-0.91,-0.17,17.13,-53.12,-32.35,1.02
1800430960.2974381,0.31,-0.91,-0.11,-32.08,-72.14,11.94,0.96
1800430960.396584,0.32,-0.9,-0.16,-18.31,-224.49,67.7,0.97
1800430960.4957302,0.28,-0.82,-0.25,-69.97,-150.37,93.42,0.9
1800430960.5948763,0.3,-1.16,-0.58,16.72,-311.93,-0.42,1.33
1800430960.6940222,0.38,-0.92,-0.34,-73.89,-76.8,130.02,1.05
1800430960.7931683,0.44,-0.83,-0.32,-90.33,-108.03,20.32,1.0
1800430960.8923144,0.36,-0.9,-0.29,-79.82,-70.82,-7.05,1.01
1800430960.9914603,0.37,-0.94,-0.38,-69.54,-64.71,30.39,1.08
1800430961.0906065,0.36,-0.95,-0.38,-62.53,-83.95,1.08,1.09
1800430961.1897523,0.28,-0.86,-0.35,-77.03,-111.82,4.77,0.97
1800430961.2888985,0.32,-0.88,-0.35,-62.39,-134.86,23.39,1.0
1800430961.3880446,0.57,-0.96,-0.29,-48.28,-108.85,75.33,1.15
1800430961.4871905,0.47,-0.92,0.1,-47.2,-93.09,23.84,1.04
1800430961.5863366,0.62,-1.03,-0.16,-23.4,-57.34,104.39,1.21
1800430961.6854825,0.52,-0.84,0.05,-24.69,63.82,-0.88,0.99
1800430961.7846286,0.46,-0.99,-0.11,21.95,20.58,21.56,1.1
1800430961.8837748,0.47,-0.94,-0.19,-32.71,8.68,4.56,1.07
1800430961.9829206,0.46,-0.98,-0.21,-31.11,-58.89,-13.16,1.1
1800430962.0820668,0.56,-1.05,-0.33,-23.78,-131.53,-58.32,1.23
1800430962.181213,0.52,-0.7,-0.17,-118.12,10.12,-3.11,0.89
1800430962.2803588,0.39,-0.86,-0.01,-57.46,-23.21,-77.47,0.95
1800430962.379505,0.58,-0.82,-0.27,-11.76,37.9,97.1,1.04
1800430962.4786508,0.32,-0.84,0.04,46.75,63.01,7.76,0.9
1800430962.577797,0.5,-1.02,-0.19,51.66,94.58,-13.24,1.16
1800430962.676943,0.65,-1.07,-0.13,75.48,138.32,-24.55,1.26
1800430962.776089,0.58,-0.8,-0.09,69.1,192.78,-10.26,1.0
1800430962.875235,0.38,-0.71,0.04,54.02,240.88,-53.59,0.81
1800430962.974381,0.77,-0.81,0.0,115.69,146.53,68.44,1.12
1800430963.073527,0.51,-0.8,-0.01,70.83,126.97,-17.75,0.95
1800430963.1726732,0.58,-0.84,-0.03,67.66,136.38,-8.59,1.02
1800430963.271819,0.61,-1.18,0.04,63.03,63.48,-44.45,1.32
0.0,0.0,0.0,0.0,0.0,0.0,0.0,0.0
1800430965.0,0.34,-0.73,0.1,41.78,-30.81,2.46,0.81
1800430965.1030498,0.34,-0.81,0.02,51.7,-16.68,9.09,0.88
1800430965.2060997,0.55,-0.97,-0.15,17.15,-19.97,-37.01,1.12
1800430965.3091495,0.33,-0.97,-0.1,-17.92,-4.26,-71.69,1.03
1800430965.4121995,0.31,-0.93,-0.33,-32.17,139.08,-100.12,1.04
1800430965.5152493,0.13,-0.57,-0.04,-94.13,-32.28,49.03,0.59
1800430965.6182992,0.46,-0.85,-0.15,-38.35,79.02,36.94,0.97
1800430965.721349,0.25,-0.68,0.17,-12.23,-44.76,65.82,0.75
1800430965.824399,0.42,-0.83,0.1,49.24,-67.62,-9.81,0.93
1800430965.9274487,0.59,-0.95,0.0,40.32,-146.71,-45.82,1.12
1800430966.0304987,0.57,-0.94,-0.09,95.28,-57.97,-106.63,1.1
1800430966.1335485,0.19,-0.57,-0.0,13.56,-230.8,24.03,0.6
1800430966.2365983,0.39,-0.76,0.05,56.96,-46.47,55.94,0.85
1800430966.3396482,0.4,-0.72,0.17,49.68,-113.11,55.88,0.84
1800430966.442698,0.35,-1.0,0.06,65.43,-62.37,-89.43,1.06
1800430966.545748,0.43,-0.96,-0.15,19.78,-7.46,-73.7,1.07
1800430966.6487978,0.28,-0.98,-0.07,-30.02,53.47,-17.6,1.02
1800430966.7518477,0.39,-0.7,-0.16,-98.78,-16.02,15.53,0.82
1800430966.8548975,0.28,-0.8,0.12,3.78,87.23,-51.68,0.86
1800430966.9579475,0.42,-0.65,0.01,-58.48,-37.84,70.0,0.77
1800430967.0609972,0.31,-0.8,0.11,45.36,27.05,-75.14,0.87
1800430967.164047,0.31,-0.95,-0.02,18.37,-48.02,-1.1,1.0
1800430967.267097,0.34,-1.02,0.17,11.09,-110.09,20.33,1.09
1800430967.3701468,0.6,-0.88,-0.14,-6.79,-142.79,-3.64,1.07
1800430967.4731967,0.35,-0.73,0.2,97.17,-69.92,-29.4,0.83
1800430967.5762465,0.47,-0.92,-0.18,27.66,-112.01,18.76,1.05
1800430967.6792965,0.15,-0.79,0.14,43.37,-84.6,-29.0,0.82
1800430967.7823462,0.43,-0.99,-0.07,25.21,-40.16,-52.24,1.09
1800430967.8853962,0.2,-1.05,-0.04,2.73,-24.08,-64.06,1.07
1800430967.988446,0.5,-0.89,-0.4,-48.99,26.06,-45.76,1.1
1800430968.091496,0.08,-0.8,0.06,4.43,30.37,-31.01,0.8
1800430968.1945457,0.39,-0.88,-0.1,-54.83,-12.97,54.82,0.96
1800430968.2975955,0.15,-0.75,0.12,29.68,-9.87,-13.27,0.77
1800430968.4006455,0.29,-0.93,-0.01,2.38,-44.66,-26.01,0.98
1800430968.5036952,0.33,-1.07,0.07,64.02,-16.46,9.91,1.12
1800430968.6067452,0.38,-0.79,0.01,20.0,-122.63,44.79,0.88
0.0,0.0,0.0,0.0,0.0,0.0,0.0,0.0
1800430970.0,-0.35,-0.7,-0.32,102.63,161.24,-162.31,0.84
1800430970.1092684,-0.31,-0.62,-0.32,86.79,189.15,-127.91,0.77
1800430970.218537,-0.48,-0.81,-0.47,-0.41,156.5,-93.6,1.05
1800430970.3278055,-0.35,-0.79,-0.31,75.79,103.61,-118.32,0.92
1800430970.4370742,-0.28,-0.96,-0.59,89.42,124.08,-136.28,1.16
1800430970.5463426,-0.04,-0.57,-0.61,25.26,79.99,-108.34,0.84
1800430970.6556113,-0.25,-0.63,-0.78,-27.84,146.46,-119.29,1.04
1800430970.7648797,0.02,-0.55,-0.32,17.48,51.73,-46.89,0.64
1800430970.8741484,0.01,-0.8,-0.53,69.65,84.36,-9.18,0.96
1800430970.9834168,0.01,-0.86,-0.48,18.19,5.36,-37.58,0.99
1800430971.0926855,-0.11,-0.8,-0.38,-37.11,5.4,-5.96,0.9
1800430971.201954,-0.12,-0.81,-0.4,-69.17,40.53,-12.75,0.91
1800430971.3112226,-0.29,-0.95,-0.6,-76.99,106.01,25.31,1.16
1800430971.420491,-0.41,-0.66,-0.39,-67.13,-60.27,-101.64,0.87
1800430971.5297596,-0.09,-0.74,-0.1,0.62,43.46,12.18,0.75
1800430971.639028,-0.21,-0.73,-0.43,36.14,-27.4,-85.53,0.87
1800430971.7482967,-0.08,-0.73,-0.31,29.58,7.3,15.98,0.79
1800430971.8575652,-0.06,-0.9,-0.42,-13.41,-62.42,3.78,1.0
1800430971.9668338,-0.07,-0.95,-0.52,-33.94,-131.7,9.86,1.09
1800430972.0761023,-0.3,-0.87,-0.66,-32.63,-130.8,5.37,1.13
1800430972.185371,0.13,-0.49,-0.29,-25.37,-121.67,106.07,0.58
1800430972.2946393,-0.3,-0.87,-0.71,-32.64,-24.59,65.62,1.16
1800430972.403908,-0.1,-0.65,-0.17,-38.53,-97.56,68.75,0.68
1800430972.5131764,-0.19,-0.94,-0.37,-3.63,19.63,35.23,1.03
1800430972.622445,-0.19,-1.01,-0.34,-51.01,-26.47,-46.55,1.08
1800430972.7317135,-0.4,-0.91,-0.46,-19.27,156.17,-34.31,1.1
1800430972.8409822,-0.18,-0.57,-0.23,0.62,14.13,-94.21,0.64
1800430972.9502506,-0.38,-0.92,-0.44,36.64,106.0,-70.03,1.08
1800430973.0595193,0.0,-0.58,-0.25,-37.64,10.4,-54.49,0.63
0.0,0.0,0.0,0.0,0.0,0.0,0.0,0.0
1800430975.0,0.11,-0.51,0.05,14.74,-7.4,18.38,0.53
1800430975.1138647,0.09,-0.66,-0.03,163.48,14.29,-93.86,0.67
1800430975.227729,0.07,-1.15,-0.09,-6.49,72.65,-17.92,1.15
1800430975.3415937,0.18,-1.26,-0.18,111.45,20.75,16.72,1.29
1800430975.4554584,0.34,-1.46,-0.0,-199.51,-74.1,18.01,1.5
1800430975.5693228,0.4,-1.22,0.16,-16.14,-38.77,-102.78,1.29
1800430975.6831875,0.45,-0.81,-0.12,-99.69,-168.16,136.57,0.93
1800430975.7970521,-0.4,-1.24,0.3,174.79,65.98,-147.69,1.34
1800430975.9109166,0.12,-1.02,-0.09,3.78,-53.47,41.76,1.03
1800430976.0247812,0.2,-0.94,-0.03,-76.44,8.36,99.26,0.96
1800430976.138646,0.22,-0.91,0.2,-109.0,-12.24,68.33,0.95
1800430976.2525103,0.18,-1.01,0.26,48.62,-43.5,-112.67,1.06
1800430976.366375,-0.02,-1.26,0.15,141.71,-13.12,4.3,1.27
1800430976.4802396,0.5,-1.4,0.17,27.7,-27.99,102.01,1.5
1800430976.594104,0.78,-1.08,0.11,39.63,-6.54,-62.71,1.34
1800430976.7079687,0.12,-1.02,-0.09,95.03,19.16,52.12,1.03
1800430976.8218331,0.15,-1.18,-0.08,22.79,7.88,77.56,1.19
1800430976.9356978,0.09,-1.12,-0.03,-10.68,41.17,24.01,1.12
1800430977.0495625,0.16,-0.72,-0.09,35.74,-15.66,-49.86,0.74
0.0,0.0,0.0,0.0,0.0,0.0,0.0,0.0
1800430980.0,-0.36,-0.93,0.01,-0.93,-12.71,17.31,1.0
1800430980.090045,-0.33,-0.91,0.01,-0.22,-67.54,36.63,0.96
1800430980.1800897,-0.33,-0.91,-0.11,4.03,-116.55,54.38,0.97
1800430980.2701347,-0.4,-0.87,-0.12,-33.47,-182.23,69.45,0.96
1800430980.3601794,-0.38,-0.92,-0.2,-20.46,-185.23,115.4,1.01
1800430980.4502244,-0.39,-1.05,0.08,66.01,-124.74,53.83,1.12
1800430980.5402691,-0.19,-0.9,0.02,-16.92,-122.76,-12.0,0.92
1800430980.630314,-0.48,-0.89,0.34,63.1,-29.71,43.72,1.06
1800430980.7203588,-0.15,-0.86,0.05,45.88,-11.63,34.26,0.88
1800430980.8104038,-0.49,-1.15,0.16,-32.22,3.11,24.97,1.26
1800430980.9004486,-0.26,-0.97,-0.02,-8.7,-38.71,29.0,1.0
1800430980.9904935,-0.42,-0.87,-0.06,1.08,-147.86,11.43,0.97
1800430981.0805383,-0.76,-1.08,-0.08,6.47,-233.67,61.6,1.32
1800430981.1705832,-0.9,-1.17,0.0,61.87,-165.11,171.84,1.48
1800430981.2606282,0.01,-0.66,0.23,88.65,-121.1,5.65,0.7
1800430981.350673,-0.01,-0.49,0.28,137.4,-44.23,-100.04,0.57
1800430981.440718,-0.28,-1.62,0.54,152.66,309.75,47.18,1.73
1800430981.5307627,-0.31,-1.01,0.01,-131.55,122.44,16.06,1.06
1800430981.6208076,-0.34,-0.29,-0.22,9.77,4.65,-46.65,0.49
1800430981.7108524,-0.19,-0.94,-0.77,36.82,-362.76,31.36,1.23
1800430981.8008974,-0.9,-1.23,0.21,-93.22,-154.24,139.77,1.54
1800430981.890942,-0.03,-0.69,0.5,150.2,-80.84,15.17,0.85
1800430981.980987,0.06,-0.6,0.29,104.46,-20.79,-113.62,0.67
1800430982.0710318,-0.78,-1.87,0.91,68.43,489.52,46.62,2.22
1800430982.1610768,-0.24,-0.68,-0.06,-197.16,162.06,6.48,0.72
1800430982.2511215,-0.32,-0.44,-0.22,-72.22,53.67,-95.74,0.59
1800430982.3411665,-0.41,-0.9,-0.15,67.36,-128.38,-69.62,1.0
1800430982.4312115,-1.18,-1.27,0.86,180.95,5.86,16.5,1.94
1800430982.5212562,-0.17,-0.63,0.1,-12.12,-136.68,108.26,0.66
1800430982.6113012,-0.1,-0.71,0.12,19.37,-86.69,46.59,0.73
1800430982.701346,-0.2,-0.95,0.04,48.28,-20.27,26.87,0.97
1800430982.791391,-0.23,-1.31,0.24,54.27,4.19,-37.03,1.36
1800430982.8814356,-0.28,-1.07,0.02,-23.75,-20.35,-67.93,1.11
1800430982.9714806,-0.43,-1.07,0.42,74.13,-5.48,-57.28,1.23
1800430983.0615253,-0.1,-0.8,-0.0,-48.85,43.01,-17.36,0.8
0.0,0.0,0.0,0.0,0.0,0.0,0.0,0.0
1800430985.0,0.05,-1.02,-0.11,26.32,17.28,-19.91,1.02
1800430985.1008368,0.06,-0.94,-0.12,17.62,-1.82,-23.06,0.95
1800430985.2016737,0.08,-0.97,-0.07,13.36,5.5,-15.53,0.98
1800430985.3025105,0.11,-0.94,-0.15,-13.04,9.87,12.58,0.96
1800430985.4033473,0.15,-0.98,-0.04,-34.54,9.87,3.83,1.0
1800430985.5041842,0.11,-1.0,-0.04,-25.86,17.5,25.11,1.01
1800430985.605021,0.09,-1.02,0.04,-16.71,12.62,40.22,1.03
1800430985.7058578,0.04,-0.93,-0.01,-0.62,16.69,52.7,0.93
1800430985.8066947,-0.02,-0.92,-0.01,-12.91,7.52,45.86,0.92
1800430985.9075315,-0.11,-0.94,0.06,-48.02,3.14,43.92,0.95
1800430986.0083683,-0.29,-1.15,0.21,-13.61,-42.8,108.54,1.21
1800430986.1092052,-0.53,-1.03,0.39,-54.39,-50.06,64.13,1.22
1800430986.210042,-0.57,-1.02,0.24,-22.14,-30.75,26.56,1.19
1800430986.3108788,-0.52,-1.03,0.27,-20.26,1.74,9.04,1.19
1800430986.4117157,-0.47,-0.97,0.28,-29.6,-2.49,-41.81,1.12
1800430986.5125525,-0.33,-0.93,0.3,-3.47,17.05,-49.89,1.04
1800430986.6133893,-0.29,-0.82,0.26,12.13,28.05,-76.61,0.91
1800430986.7142262,-0.19,-0.84,0.22,33.82,51.13,-81.81,0.89
1800430986.815063,-0.09,-0.78,0.16,34.22,61.13,-76.21,0.8
1800430986.9158998,-0.03,-0.78,0.14,27.33,54.87,-39.87,0.79
1800430987.0167367,0.03,-0.84,0.09,36.12,79.46,-0.85,0.85
1800430987.1175735,0.04,-0.95,0.05,40.48,72.76,15.1,0.95
1800430987.2184105,0.02,-1.06,0.07,24.32,71.16,15.59,1.06
1800430987.3192472,-0.08,-1.0,0.1,24.88,97.58,6.3,1.0
1800430987.420084,-0.04,-0.97,-0.04,4.35,75.07,-7.07,0.97
1800430987.520921,-0.11,-1.04,0.09,-4.48,31.46,-2.82,1.05
1800430987.6217577,-0.05,-1.02,0.03,2.96,2.95,-20.92,1.02
1800430987.7225945,0.02,-0.98,0.09,-1.27,3.36,-36.02,0.98
1800430987.8234315,0.01,-1.04,0.03,5.57,-29.95,-35.26,1.04
1800430987.9242682,0.02,-0.98,0.06,20.43,-16.2,-35.92,0.99
0.0,0.0,0.0,0.0,0.0,0.0,0.0,0.0
1800430990.0,0.06,-0.93,0.17,-13.25,-6.45,-1.01,0.95
1800430990.0989716,0.1,-0.95,0.26,-5.5,-20.6,3.54,0.99
1800430990.1979434,0.01,-0.89,0.07,33.87,34.34,-18.99,0.9
1800430990.296915,0.09,-0.86,0.18,33.91,45.67,27.0,0.89
1800430990.3958867,-0.05,-0.94,0.26,71.84,140.32,65.3,0.98
1800430990.4948583,0.09,-1.07,0.45,60.32,77.74,-10.06,1.17
1800430990.59383,0.09,-0.86,0.07,26.97,126.7,11.43,0.86
1800430990.6928017,0.03,-0.93,0.36,25.54,70.87,13.98,1.0
1800430990.7917733,0.06,-0.92,0.34,-6.13,36.82,-24.16,0.98
1800430990.8907452,0.26,-1.0,0.41,-4.45,-40.06,-35.05,1.11
1800430990.9897168,0.23,-0.67,0.4,-26.03,72.26,5.64,0.82
1800430991.0886884,0.12,-0.9,0.22,14.55,-6.13,-44.43,0.94
1800430991.1876602,0.18,-0.77,0.34,16.63,89.77,64.82,0.86
1800430991.2866318,0.17,-0.83,0.35,81.49,84.15,10.31,0.92
1800430991.3856034,0.3,-0.91,0.39,35.38,118.24,-45.97,1.03
1800430991.484575,0.19,-0.91,0.45,15.26,116.93,-38.26,1.03
1800430991.5835469,0.16,-0.78,0.3,33.45,172.15,-22.21,0.85
1800430991.6825185,0.07,-0.91,0.42,37.29,156.02,19.6,1.01
1800430991.78149,-0.03,-0.72,0.45,50.23,154.12,-0.87,0.85
1800430991.880462,0.03,-0.88,0.45,64.02,163.77,-25.5,0.99
1800430991.9794335,-0.02,-0.85,0.25,56.48,139.12,15.54,0.88
1800430992.0784051,0.02,-0.88,0.25,57.1,128.1,-14.19,0.92
1800430992.1773767,0.07,-0.93,0.38,37.48,81.86,-21.88,1.01
1800430992.2763486,0.06,-0.97,0.27,51.54,97.22,-40.83,1.01
1800430992.3753202,0.29,-0.92,0.42,0.09,80.57,-21.07,1.06
1800430992.4742918,0.15,-0.75,0.23,13.97,97.16,-35.56,0.8
1800430992.5732636,0.25,-0.91,0.31,16.26,-7.23,-6.46,1.0
1800430992.6722353,0.16,-0.9,0.26,14.33,104.9,31.29,0.95
1800430992.7712069,0.07,-0.94,0.34,25.03,98.02,17.38,1.0
1800430992.8701787,0.03,-0.81,0.34,50.87,184.47,42.99,0.88
1800430992.9691503,-0.06,-0.96,0.46,81.71,173.73,36.75,1.07
1800430993.068122,0.03,-0.87,0.44,65.74,120.92,-55.03,0.98
1800430993.1670935,0.06,-0.84,0.25,33.85,81.28,-30.15,0.88
1800430993.2660654,-0.0,-0.88,0.3,46.13,77.37,-13.89,0.93
1800430993.365037,-0.04,-1.02,0.3,57.58,87.31,-26.83,1.07
1800430993.4640086,0.29,-0.66,0.26,-9.6,187.53,-14.64,0.77
1800430993.5629804,0.2,-0.99,0.1,85.14,139.9,-35.05,1.02
1800430993.661952,0.33,-0.76,0.33,50.07,168.18,-5.92,0.9
1800430993.7609236,0.27,-0.83,0.01,71.29,112.22,-16.97,0.87
1800430993.8598952,0.4,-1.02,0.25,37.63,50.8,1.85,1.13
1800430993.958867,0.25,-0.87,0.25,10.94,90.56,19.47,0.94
1800430994.0578387,0.16,-0.9,0.21,-11.8,52.37,-22.66,0.93
1800430994.1568103,0.32,-1.05,0.23,-43.83,42.81,-42.49,1.12
1800430994.2557821,0.32,-0.95,0.44,-49.78,-29.37,-5.1,1.09
1800430994.3547537,0.04,-0.74,0.11,-17.69,46.06,-40.38,0.75
1800430994.4537253,0.09,-1.1,0.22,5.56,-56.06,7.28,1.12
1800430994.5526972,0.2,-0.85,0.31,-17.3,44.24,-13.09,0.93
1800430994.6516688,-0.01,-0.87,-0.05,0.08,5.79,-18.37,0.87
1800430994.7506404,0.07,-0.9,0.15,-9.53,-65.55,-32.86,0.92
1800430994.849612,0.17,-0.98,0.23,-30.4,-55.84,-23.46,1.02
1800430994.9485838,0.07,-1.06,0.07,3.93,-90.26,-12.05,1.06
1800430995.0475554,0.3,-0.7,0.19,-61.85,-38.22,-15.63,0.78
1800430995.146527,0.09,-0.91,0.05,-19.78,-106.47,16.51,0.91
1800430995.245499,0.25,-0.86,0.26,-39.63,-43.56,51.12,0.93
0.0,0.0,0.0,0.0,0.0,0.0,0.0,0.0
1800430995.0,-0.11,-0.96,0.14,-52.21,104.56,62.42,0.98
1800430995.1002905,-0.29,-0.82,0.23,-44.42,19.55,72.43,0.9
1800430995.2005813,-0.48,-1.05,0.5,-75.07,-64.48,-12.04,1.26
1800430995.3008718,-0.28,-1.25,0.41,-26.42,-139.78,-29.46,1.35
1800430995.4011624,0.0,-0.7,-0.13,10.89,-50.86,-3.64,0.71
1800430995.501453,0.28,-0.34,-0.12,53.32,254.58,-59.67,0.45
1800430995.6017437,0.05,-1.52,0.52,162.55,342.12,84.34,1.61
1800430995.7020342,-0.44,-1.44,0.75,218.6,238.58,106.53,1.68
1800430995.8023248,-0.45,-0.05,0.07,1.92,156.35,-18.89,0.46
1800430995.9026153,-0.69,-0.16,0.09,-131.52,-56.86,-136.23,0.71
1800430996.002906,-0.66,-1.16,0.63,-181.82,-332.53,35.99,1.48
1800430996.1031966,0.07,-1.39,0.57,-4.14,-324.87,-6.85,1.5
1800430996.2034872,0.3,-0.43,-0.19,72.79,-36.14,-100.95,0.56
1800430996.3037777,0.4,-0.01,-0.36,183.94,119.02,-48.63,0.54
1800430996.4040685,-0.08,-1.89,0.37,-33.13,364.99,-13.94,1.93
1800430996.504359,-0.44,-1.23,0.35,55.85,273.91,-14.61,1.35
1800430996.6046495,-0.48,0.25,-0.05,-91.99,116.46,53.41,0.55
1800430996.70494,-0.62,-0.4,0.64,-81.91,-162.95,36.65,0.98
1800430996.8052309,-0.35,-1.93,0.99,5.35,-389.93,-134.84,2.2
1800430996.9055214,0.24,-0.89,0.0,-7.18,-176.08,-117.05,0.92
1800430997.005812,0.46,-0.11,-0.39,75.11,31.77,19.21,0.61
1800430997.1061025,0.28,-0.52,0.01,111.71,320.91,71.35,0.59
1800430997.2063932,-0.39,-1.99,0.89,222.83,350.15,58.8,2.21
1800430997.3066838,-0.2,-0.69,0.26,-54.61,349.3,68.41,0.77
1800430997.4069743,-0.4,0.1,0.19,99.62,109.77,29.52,0.46
1800430997.5072649,-0.64,-0.85,0.23,47.23,48.66,50.17,1.09
0.0,0.0,0.0,0.0,0.0,0.0,0.0,0.0
1800431000.0,0.09,-0.99,-0.11,-0.96,16.71,-1.16,1.0
1800431000.0992367,0.13,-1.02,-0.09,-0.94,15.92,13.36,1.03
1800431000.1984735,0.1,-1.03,-0.09,8.03,12.74,-3.39,1.04
1800431000.2977102,0.12,-1.01,-0.11,-0.22,27.18,3.41,1.02
1800431000.396947,0.1,-0.98,-0.13,9.78,12.95,-0.58,1.0
1800431000.4961836,0.05,-0.95,-0.13,16.85,9.15,-5.55,0.96
1800431000.5954204,-0.19,-0.5,-0.07,97.84,-1.73,55.23,0.54
1800431000.694657,0.0,-0.08,-0.02,154.12,33.04,147.93,0.08
1800431000.7938938,-0.53,-1.07,-0.02,185.63,-36.76,-72.89,1.2
1800431000.8931305,-0.77,-1.25,-0.02,309.2,-37.25,135.11,1.47
1800431000.9923673,-0.63,-1.87,0.11,11.74,60.87,71.8,1.98
1800431001.0916042,-1.82,-1.79,0.9,-176.53,10.76,-106.67,2.7
1800431001.190841,-0.97,-1.19,0.29,138.03,-56.4,-63.75,1.56
1800431001.2900777,-0.39,-0.83,0.1,57.59,-37.83,39.0,0.92
1800431001.3893144,-0.6,-0.62,0.27,34.42,65.81,-0.48,0.9
1800431001.4885511,-0.87,-0.72,0.41,9.54,63.9,31.16,1.2
1800431001.5877879,-1.0,-0.71,0.38,-11.23,-1.03,8.09,1.28
1800431001.6870246,-0.72,-0.67,0.21,30.38,-20.26,0.94,1.0
0.0,0.0,0.0,0.0,0.0,0.0,0.0,0.0
1800431005.0,0.42,0.76,-0.14,-30.93,-12.89,-17.34,0.88
1800431005.097206,0.46,0.83,-0.06,-19.78,-33.15,-17.91,0.95
1800431005.1944122,0.42,0.81,-0.17,0.03,-69.59,17.06,0.93
1800431005.291618,0.43,0.86,-0.28,3.67,-110.17,51.44,1.0
1800431005.3888242,0.29,0.8,-0.15,27.31,-98.89,59.58,0.87
1800431005.4860303,0.26,0.91,-0.23,4.77,-97.9,9.92,0.98
1800431005.5832365,0.36,0.84,-0.18,-9.39,-86.94,1.63,0.93
1800431005.6804423,0.39,0.85,-0.22,22.33,-82.87,4.97,0.96
1800431005.7776484,0.41,0.91,-0.18,57.33,-46.77,1.32,1.01
1800431005.8748546,0.43,0.64,-0.22,-2.3,-60.33,-78.08,0.8
1800431005.9720607,0.5,0.7,-0.11,72.57,97.08,-11.48,0.87
1800431006.0692666,0.44,0.69,-0.22,-29.08,53.21,-56.64,0.85
1800431006.1664727,0.26,0.77,-0.14,-14.19,88.3,-4.91,0.82
1800431006.2636788,0.38,0.79,-0.21,-79.41,146.86,-56.51,0.9
1800431006.360885,0.53,1.14,-0.2,-12.13,154.75,-76.68,1.28
1800431006.458091,0.59,0.8,-0.39,-29.33,72.12,-112.64,1.07
1800431006.555297,0.26,0.6,-0.31,34.52,69.13,-73.36,0.72
1800431006.652503,0.4,0.68,-0.38,-61.83,97.24,-64.47,0.88
1800431006.7497091,0.2,0.7,-0.18,-33.44,56.98,-25.72,0.75
1800431006.8469152,0.3,0.83,-0.3,-35.53,54.58,-54.34,0.93
1800431006.9441211,0.33,0.84,-0.23,-27.0,36.97,-48.96,0.93
1800431007.0413272,0.36,0.82,-0.26,-17.77,12.87,-68.24,0.93
1800431007.1385334,0.45,0.9,-0.11,-28.16,-31.09,-83.17,1.01
1800431007.2357395,0.72,0.63,-0.26,-50.17,32.31,-137.63,0.99
1800431007.3329453,0.4,0.62,-0.16,85.55,71.94,-45.07,0.75
1800431007.4301515,0.27,0.76,-0.09,-3.0,84.79,-50.67,0.81
1800431007.5273576,0.44,0.78,-0.08,-39.38,74.05,-54.08,0.9
1800431007.6245637,0.55,0.86,-0.24,14.03,87.37,-42.14,1.05
1800431007.7217696,0.47,0.91,-0.17,-19.09,139.51,-28.39,1.04
1800431007.8189757,0.32,0.55,-0.19,-52.4,28.56,-98.98,0.66
1800431007.9161818,0.68,0.94,-0.51,-4.92,124.78,-96.16,1.26
1800431008.013388,0.33,0.58,-0.09,-23.51,22.04,-85.41,0.67
1800431008.110594,0.39,0.82,-0.22,25.38,41.01,-61.81,0.93
1800431008.2078,0.41,0.82,-0.09,3.93,-8.98,-22.19,0.93
1800431008.305006,0.49,0.96,-0.2,77.62,70.05,1.84,1.09
1800431008.4022121,0.41,0.7,-0.11,-13.23,-45.62,-126.95,0.82
1800431008.4994183,0.37,0.61,-0.02,20.48,59.43,-40.6,0.71
1800431008.5966241,0.69,0.66,-0.27,-18.67,74.69,-97.45,0.99
1800431008.6938303,0.36,0.69,-0.07,-10.59,108.12,-58.29,0.78
1800431008.7910364,0.49,0.81,-0.12,-68.25,98.19,-54.03,0.95
1800431008.8882425,0.52,0.75,-0.07,6.88,108.35,-82.61,0.92
1800431008.9854484,0.49,0.88,-0.13,-0.98,119.98,-47.87,1.01
1800431009.0826545,0.64,0.92,-0.2,15.68,127.76,-53.99,1.13
0.0,0.0,0.0,0.0,0.0,0.0,0.0,0.0
1800431010.0,0.45,-1.42,0.02,57.69,-133.48,3.42,1.49
1800431010.1100183,0.22,-1.1,0.09,118.46,-199.86,-52.0,1.13
1800431010.2200365,0.25,-0.59,0.09,54.95,-259.04,15.31,0.65
1800431010.3300548,0.22,-0.47,0.29,40.16,-125.11,51.6,0.59
1800431010.440073,0.06,-0.9,0.56,-81.65,-104.43,-12.22,1.06
1800431010.5500913,0.16,-1.1,0.54,-119.59,120.94,-43.65,1.24
1800431010.6601095,0.34,-1.05,0.36,5.41,236.03,4.46,1.16
1800431010.7701278,0.05,-0.96,0.09,63.54,215.59,-75.19,0.96
1800431010.880146,-0.01,-0.48,-0.05,21.96,130.25,-1.06,0.48
1800431010.990164,0.03,-0.75,0.0,-32.44,-28.47,-30.91,0.75
1800431011.1001823,0.08,-1.46,0.08,-25.01,-150.61,-101.45,1.46
1800431011.2102005,0.11,-1.38,-0.02,45.26,-193.17,-29.29,1.38
1800431011.3202188,0.14,-0.73,0.14,75.75,-170.25,109.97,0.76
1800431011.430237,0.09,-0.38,0.31,34.04,-189.59,59.82,0.5
1800431011.5402553,0.28,-0.74,0.46,-67.69,-140.11,5.07,0.92
1800431011.6502736,0.37,-0.99,0.59,-87.71,64.47,-48.01,1.21
1800431011.7602918,0.35,-1.21,0.28,-40.81,251.63,-42.65,1.29
1800431011.87031,0.25,-0.73,0.1,26.67,249.65,-41.73,0.78
1800431011.9803283,-0.08,-0.45,-0.09,18.68,155.4,-38.47,0.46
1800431012.0903466,-0.13,-0.97,-0.14,-61.49,-48.36,-127.54,0.99
1800431012.2003648,0.11,-1.41,0.06,-12.33,-178.0,-53.08,1.41
1800431012.310383,0.35,-1.54,0.04,141.01,-160.69,9.64,1.58
1800431012.4204013,0.24,-0.77,0.09,121.2,-165.94,74.94,0.81
1800431012.5304196,0.05,-0.17,0.18,92.2,-97.11,48.13,0.25
1800431012.6404378,-0.04,-0.38,0.29,-14.71,-82.74,-51.23,0.48
0.0,0.0,0.0,0.0,0.0,0.0,0.0,0.0
1800431015.0,-0.46,-0.9,0.19,-142.28,-22.89,25.7,1.03
1800431015.1063113,-0.6,-1.03,0.42,-93.69,21.17,9.29,1.26
1800431015.2126226,-0.68,-0.93,0.43,-114.84,87.31,32.04,1.23
1800431015.3189337,-0.46,-0.73,0.48,17.03,192.36,-78.84,0.99
1800431015.425245,-0.38,-0.46,0.33,26.5,135.77,-98.3,0.69
1800431015.5315564,-0.29,-0.56,0.27,29.85,62.12,-138.51,0.68
1800431015.6378677,-0.09,-0.66,0.18,-40.3,-33.19,-7.2,0.69
1800431015.7441788,-0.34,-0.99,0.29,-45.55,-119.18,57.06,1.09
1800431015.85049,-0.47,-1.26,0.11,101.12,-190.27,23.15,1.35
1800431015.9568014,-0.53,-0.97,0.47,114.3,-20.83,33.3,1.2
1800431016.0631127,-0.27,-0.69,0.3,139.63,-71.42,-74.23,0.8
1800431016.169424,-0.32,-0.57,0.27,99.62,-90.3,43.39,0.7
1800431016.2757351,-0.34,-0.27,0.19,-42.59,-155.61,46.39,0.48
1800431016.3820465,-0.67,-0.82,0.42,-154.13,-96.86,-7.11,1.14
1800431016.4883578,-0.83,-1.41,0.27,-70.46,14.06,33.48,1.66
1800431016.594669,-0.64,-0.65,0.37,21.48,211.92,91.22,0.99
1800431016.7009802,-0.47,-0.57,0.32,-98.65,137.2,-177.87,0.81
1800431016.8072915,-0.3,-0.52,0.39,20.71,140.43,-190.28,0.72
1800431016.9136028,-0.11,-0.64,0.1,-25.47,16.03,-54.51,0.66
1800431017.0199142,-0.28,-1.02,0.08,-21.92,-95.35,122.75,1.06
1800431017.1262255,-0.47,-1.37,0.25,-57.2,-151.11,74.02,1.47
1800431017.2325366,-0.17,-0.74,0.38,100.09,-109.24,-78.42,0.85
0.0,0.0,0.0,0.0,0.0,0.0,0.0,0.0
1800431020.0,0.14,0.9,0.31,40.89,-67.86,-13.75,0.96
1800431020.0992265,0.08,1.03,0.16,72.25,-81.49,5.74,1.04
1800431020.198453,-0.21,0.78,0.44,43.33,-99.27,-23.36,0.92
1800431020.2976794,-0.29,0.91,0.13,3.79,-92.56,-65.61,0.96
1800431020.3969057,-0.27,0.91,0.3,44.74,-31.63,48.51,0.99
1800431020.4961321,-0.28,0.88,0.18,13.68,10.93,7.52,0.94
1800431020.5953586,-0.28,0.98,0.13,-34.91,46.18,0.12,1.03
1800431020.694585,-0.24,0.95,0.19,-76.39,17.28,-5.54,1.0
1800431020.7938116,-0.18,0.99,0.23,-66.53,21.01,-24.74,1.04
1800431020.893038,-0.08,1.15,0.24,-54.49,23.76,27.02,1.18
1800431020.9922645,-0.1,0.57,0.26,-75.84,-4.91,-79.47,0.63
1800431021.091491,-0.02,1.1,0.02,-17.27,95.19,-1.23,1.11
1800431021.1907172,-0.13,0.75,0.48,-77.74,141.03,43.89,0.9
1800431021.2899437,-0.11,0.97,0.13,-31.57,117.84,22.99,0.98
1800431021.3891702,-0.02,0.96,0.29,-52.45,132.26,26.78,1.0
1800431021.4883966,-0.29,1.12,0.36,-82.04,219.85,-41.03,1.21
1800431021.5876231,-0.24,0.89,0.21,-118.76,169.77,44.99,0.95
1800431021.6868496,-0.21,0.81,0.34,-116.68,231.2,24.82,0.91
1800431021.786076,-0.19,0.98,0.27,-165.94,145.74,-40.13,1.04
1800431021.8853023,-0.09,0.94,0.27,-106.99,127.53,-100.68,0.98
1800431021.9845288,-0.01,0.93,0.23,-51.7,69.4,-78.82,0.96
1800431022.0837553,0.22,1.0,0.14,38.52,66.52,-133.56,1.03
1800431022.1829817,0.22,0.98,0.05,58.21,-2.6,54.16,1.01
1800431022.2822082,0.3,1.04,0.1,-15.42,-33.49,6.6,1.09
1800431022.3814347,0.31,0.84,0.08,-5.53,-46.49,4.41,0.89
1800431022.4806612,0.19,0.98,0.04,3.47,-75.01,-1.59,1.0
1800431022.5798876,0.15,1.03,0.12,-5.41,-53.7,-60.25,1.05
1800431022.6791139,0.26,1.14,-0.06,32.22,-10.05,-81.43,1.18
1800431022.7783403,-0.04,0.93,0.12,-34.88,-71.51,-16.37,0.93
1800431022.8775668,0.29,0.84,-0.06,-10.5,-85.24,-71.65,0.89
1800431022.9767933,-0.04,1.1,0.13,-23.78,-91.53,17.95,1.1
1800431023.0760198,0.19,0.86,-0.06,16.51,-162.34,36.78,0.88
1800431023.1752462,0.05,0.99,0.02,16.47,-185.63,4.46,0.99
1800431023.2744727,0.03,1.13,0.02,-15.34,-224.97,-16.34,1.13
1800431023.373699,0.01,1.02,0.16,-9.3,-232.58,-3.19,1.04
1800431023.4729254,0.22,0.93,0.06,42.22,-200.75,-2.28,0.96
1800431023.572152,0.26,0.9,0.15,-28.5,-242.25,14.46,0.95
1800431023.6713784,0.11,0.93,0.06,-40.86,-98.32,41.62,0.94
1800431023.7706048,0.16,1.0,0.29,4.73,-115.6,58.97,1.05
1800431023.8698313,0.23,0.93,0.19,5.93,-111.78,9.62,0.98
1800431023.9690578,0.13,1.0,0.16,25.67,-47.18,-11.16,1.02
1800431024.0682843,0.11,0.95,0.15,21.92,-13.08,-12.9,0.97
1800431024.1675105,0.15,0.94,0.26,9.16,3.8,-6.68,0.99
1800431024.266737,0.18,0.95,0.18,16.23,4.6,-30.13,0.98
1800431024.3659635,0.01,0.83,0.16,6.18,11.01,28.69,0.84
1800431024.46519,-0.3,0.99,0.02,11.37,71.72,-22.43,1.04
1800431024.5644164,-0.26,1.14,0.03,14.45,65.04,15.96,1.17
1800431024.663643,-0.11,0.96,0.15,-12.95,45.23,2.98,0.98
1800431024.7628694,-0.12,0.93,0.0,-20.34,12.52,-18.34,0.94
1800431024.8620958,-0.15,0.96,0.09,-1.05,-11.93,-9.69,0.98
1800431024.961322,-0.11,0.99,0.07,-12.31,-44.65,-19.55,1.0
1800431025.0605485,-0.12,0.98,0.0,-10.89,-55.69,-43.76,0.98
1800431025.159775,0.0,0.97,0.25,-1.25,-51.75,-13.22,1.0
1800431025.2590015,0.1,0.86,0.13,40.61,-93.46,-14.94,0.88
1800431025.358228,0.13,0.88,0.23,13.1,-128.12,55.78,0.92
1800431025.4574544,0.09,0.88,0.26,45.48,-124.46,21.32,0.92
1800431025.556681,0.01,1.05,0.22,46.82,-112.52,31.44,1.07
1800431025.6559072,-0.05,0.98,0.24,28.08,-132.46,-67.88,1.01
1800431025.7551336,-0.25,0.98,0.37,52.82,-16.79,-106.79,1.08
1800431025.85436,-0.3,0.83,0.02,16.46,-98.8,-63.59,0.89
1800431025.9535866,-0.1,1.0,0.12,19.72,-51.1,24.73,1.01
1800431026.052813,-0.14,0.83,0.23,-6.7,-98.75,63.5,0.87
1800431026.1520395,-0.13,0.82,0.22,24.12,-158.44,33.8,0.85
1800431026.251266,0.04,0.81,0.33,12.06,-204.18,15.81,0.87
1800431026.3504925,0.03,0.79,0.37,88.66,-122.77,-46.62,0.87
1800431026.4497187,-0.13,0.78,0.16,42.98,-129.01,-54.61,0.8
1800431026.5489452,-0.13,0.86,0.2,41.5,-29.99,-28.4,0.89
1800431026.6481717,-0.27,1.03,0.39,22.75,-90.49,-19.35,1.13
1800431026.7473981,-0.25,1.07,0.24,-16.34,-61.89,-68.02,1.12
1800431026.8466246,-0.33,1.04,0.29,-15.32,-112.62,-18.89,1.13
1800431026.945851,-0.04,1.06,0.16,-36.24,-148.77,-20.01,1.08
1800431027.0450776,-0.02,1.16,0.12,-26.05,79.89,-96.48,1.17
0.0,0.0,0.0,0.0,0.0,0.0,0.0,0.0
1800431025.0,0.02,0.92,0.48,98.25,147.78,10.42,1.04
1800431025.10594,-0.03,0.93,0.46,93.55,160.87,-48.84,1.04
1800431025.2118802,-0.04,0.89,0.43,106.25,178.55,-33.13,0.99
1800431025.3178203,0.05,0.76,0.39,98.65,178.15,-18.55,0.86
1800431025.4237604,-0.2,1.02,0.45,91.3,127.08,16.23,1.13
1800431025.5297005,-0.16,0.87,0.32,60.24,125.06,-45.36,0.94
1800431025.6356406,-0.34,1.11,0.32,65.78,33.39,-5.47,1.21
1800431025.7415807,-0.15,0.95,0.12,71.83,42.82,36.44,0.97
1800431025.8475208,-0.14,1.05,0.26,72.79,2.24,11.8,1.09
1800431025.9534607,-0.2,1.18,0.38,25.38,20.57,2.08,1.26
1800431026.0594008,0.11,0.93,0.45,20.18,101.32,-12.21,1.04
1800431026.165341,0.05,0.96,0.65,43.0,246.81,45.17,1.16
1800431026.271281,-0.27,1.0,0.76,129.94,27.35,-116.68,1.29
1800431026.377221,-0.45,0.78,-0.16,-62.76,-19.43,-115.18,0.92
1800431026.4831612,-0.19,0.66,0.13,-131.66,-22.52,-35.9,0.7
1800431026.5891013,-0.59,1.52,0.73,-88.33,-211.71,12.13,1.78
1800431026.6950414,-0.01,0.69,0.6,53.05,-128.99,4.38,0.91
1800431026.8009815,0.22,0.53,0.42,-47.42,126.76,-64.05,0.71
1800431026.9069216,0.18,1.19,0.58,135.77,72.81,-6.99,1.34
1800431027.0128617,-0.2,0.77,0.2,77.64,112.93,-35.69,0.82
1800431027.1188018,-0.34,0.54,0.02,-76.13,92.91,-89.76,0.63
1800431027.224742,0.15,1.56,-0.1,73.73,-126.7,-40.85,1.57
1800431027.330682,-0.08,1.01,0.01,-58.35,34.36,127.31,1.01
1800431027.4366221,-0.05,0.8,0.42,-46.33,7.42,50.06,0.91
1800431027.5425622,0.06,0.67,0.12,-73.05,43.9,-19.09,0.68
1800431027.648502,0.11,1.17,0.59,9.28,140.89,-86.26,1.32
1800431027.7544422,-0.36,1.12,0.79,58.37,121.09,29.16,1.42
1800431027.8603823,-0.14,0.89,0.43,105.91,84.06,-59.41,1.0
1800431027.9663224,-0.02,0.85,0.27,43.65,101.19,-73.64,0.89
1800431028.0722625,-0.1,1.0,0.09,11.67,24.86,-71.1,1.01
1800431028.1782026,-0.24,1.15,0.16,-95.67,-61.32,-95.21,1.18
1800431028.2841427,0.18,1.26,-0.19,17.85,-78.38,-28.43,1.29
1800431028.3900828,-0.18,0.93,0.07,-93.51,6.93,-18.46,0.95
1800431028.496023,-0.06,1.08,-0.05,0.25,-156.82,39.49,1.08
1800431028.601963,-0.21,1.06,0.27,-46.11,-160.65,5.31,1.12
0.0,0.0,0.0,0.0,0.0,0.0,0.0,0.0
1800431030.0,0.26,-1.01,-0.03,-2.48,3.13,21.96,1.05
1800431030.0993352,0.12,-1.07,0.08,-34.79,58.41,5.36,1.07
1800431030.1986706,0.02,-0.75,0.15,-5.57,41.7,-4.53,0.76
1800431030.2980058,0.17,-1.0,0.16,-1.73,32.22,22.8,1.03
1800431030.397341,0.14,-0.96,0.21,17.87,37.28,10.35,0.99
1800431030.4966764,0.16,-1.19,0.39,44.05,51.14,36.92,1.26
1800431030.5960116,-0.1,-1.27,0.03,17.65,-1.04,-7.18,1.28
1800431030.6953468,-0.05,-1.1,0.01,-41.19,31.59,10.96,1.1
1800431030.7946823,-0.06,-0.81,0.21,-24.56,60.81,15.51,0.84
1800431030.8940175,-0.07,-0.92,0.22,-15.54,55.3,-20.21,0.95
1800431030.9933527,0.05,-0.92,0.27,-16.65,30.93,-7.19,0.96
1800431031.092688,0.0,-1.0,0.28,-9.62,12.88,-49.73,1.04
1800431031.1920233,0.18,-1.19,0.44,19.99,35.65,9.93,1.28
1800431031.2913585,-0.13,-1.4,-0.27,0.69,-7.48,-120.37,1.43
1800431031.390694,0.23,-0.95,0.21,-68.8,94.6,83.98,1.0
1800431031.490029,0.06,-0.86,0.08,16.25,61.79,-13.73,0.86
1800431031.5893643,0.22,-0.93,0.12,-39.58,41.8,23.5,0.96
1800431031.6886997,0.19,-0.96,0.2,-10.14,63.47,6.29,1.0
1800431031.788035,0.18,-1.28,0.27,-34.53,62.58,43.01,1.32
1800431031.88737,-0.24,-1.39,0.0,39.14,10.67,-11.52,1.41
1800431031.9867055,-0.2,-0.92,-0.06,-24.08,30.58,-19.37,0.95
1800431032.0860407,-0.07,-0.98,0.05,18.02,39.31,-22.11,0.99
1800431032.185376,-0.05,-0.73,0.1,12.45,39.16,-27.13,0.74
1800431032.2847114,-0.05,-1.03,0.24,-16.37,40.88,-12.27,1.05
1800431032.3840466,-0.01,-1.01,0.34,-15.54,21.18,-23.36,1.06
1800431032.4833817,0.09,-1.21,0.31,3.46,-2.15,-4.73,1.26
1800431032.5827172,-0.04,-1.37,-0.2,-1.54,-49.36,-75.48,1.38
1800431032.6820524,0.06,-0.97,-0.09,-16.02,-7.08,26.72,0.98
1800431032.7813876,0.05,-0.8,0.08,11.07,14.21,13.45,0.8
1800431032.880723,0.18,-0.95,0.12,-3.02,0.72,10.93,0.98
1800431032.9800582,0.15,-0.98,0.22,6.6,8.82,11.56,1.02
1800431033.0793934,0.18,-1.12,0.19,-19.66,0.29,-23.08,1.15
1800431033.1787288,-0.13,-1.22,0.22,56.79,18.2,32.23,1.24
1800431033.278064,-0.04,-0.94,0.06,-27.44,-41.12,66.4,0.94
1800431033.3773994,0.04,-1.04,0.11,-4.2,-72.06,15.43,1.05
1800431033.4767346,-0.04,-0.83,0.18,-13.19,-73.57,7.32,0.85
1800431033.5760698,-0.03,-1.04,0.19,-41.17,-44.78,2.02,1.05
1800431033.6754053,-0.06,-1.03,0.29,-35.74,-37.31,-11.71,1.07
1800431033.7747405,0.11,-1.26,0.38,-22.63,-40.65,-3.87,1.32
1800431033.8740757,-0.04,-1.19,0.08,30.82,-37.49,-23.37,1.2
1800431033.973411,0.24,-1.01,-0.17,-17.62,-37.38,-10.55,1.06
1800431034.0727463,0.04,-0.92,0.1,12.44,-0.4,36.28,0.93
0.0,0.0,0.0,0.0,0.0,0.0,0.0,0.0
1800431035.0,-0.01,-0.7,-0.13,-82.81,-48.16,-33.67,0.71
1800431035.1043518,0.33,-1.27,-0.06,-74.65,-38.43,6.27,1.32
1800431035.2087035,-0.11,-0.82,0.31,-192.81,64.0,55.18,0.89
1800431035.3130555,-0.84,-0.53,-1.09,-275.11,-23.67,77.91,1.47
1800431035.4174073,-0.59,-1.34,0.08,55.21,-81.41,-115.65,1.46
1800431035.521759,-0.48,-1.3,0.17,125.77,-151.32,49.76,1.39
1800431035.6261108,0.01,-0.06,-0.34,140.28,-31.37,-112.28,0.35
1800431035.7304626,-0.12,0.17,-0.4,-0.13,123.62,-126.19,0.46
1800431035.8348143,-0.13,-1.91,-1.11,-15.27,324.88,-230.39,2.21
1800431035.9391663,-0.08,-1.27,-0.49,-101.76,340.29,235.54,1.37
1800431036.043518,-0.09,-0.66,-0.01,-184.0,69.22,32.02,0.67
1800431036.1478698,0.08,0.02,0.15,156.28,19.21,259.48,0.17
1800431036.2522216,-0.24,-1.06,-0.09,148.21,-246.5,83.64,1.09
1800431036.3565733,0.01,-1.31,-0.98,254.86,-262.37,91.31,1.63
1800431036.460925,0.32,-0.22,0.39,-93.21,-100.46,103.84,0.55
1800431036.565277,-0.13,0.17,-0.22,16.03,-63.8,-92.37,0.31
1800431036.6696289,0.58,-1.52,-0.88,1.59,287.11,-208.87,1.85
1800431036.7739806,-0.29,-1.04,-0.78,-91.35,471.71,-70.61,1.33
1800431036.8783324,-0.05,-0.75,-0.32,-173.28,309.36,-164.82,0.82
1800431036.9826841,-0.12,-0.13,0.07,65.38,230.53,41.91,0.19
0.0,0.0,0.0,0.0,0.0,0.0,0.0,0.0
1800431040.0,-0.05,0.67,0.37,-1.42,-42.91,42.74,0.77
1800431040.1036177,0.0,0.87,0.32,-22.55,-20.51,72.94,0.92
1800431040.207235,0.09,0.86,0.52,20.46,-9.17,30.46,1.01
1800431040.3108528,0.09,0.91,0.34,67.53,-14.31,-17.85,0.98
1800431040.4144704,0.28,0.93,0.39,99.29,151.58,-12.27,1.05
1800431040.518088,0.1,0.6,0.15,-53.9,-26.86,-91.15,0.63
1800431040.6217055,0.1,0.84,0.43,-29.75,88.64,-36.49,0.95
1800431040.7253232,-0.14,0.66,0.29,-73.73,-50.42,3.92,0.74
1800431040.8289409,-0.02,0.81,0.46,14.79,-80.83,60.91,0.93
1800431040.9325583,-0.01,0.99,0.57,37.86,-157.82,62.41,1.14
1800431041.036176,0.17,0.87,0.61,109.31,-71.11,96.6,1.07
1800431041.1397936,0.05,0.47,0.26,-20.16,-242.19,31.59,0.54
1800431041.2434113,0.01,0.76,0.42,-60.46,-68.12,67.75,0.87
1800431041.3470287,-0.15,0.63,0.41,-78.51,-137.56,53.55,0.77
1800431041.4506464,-0.01,0.95,0.4,80.46,-74.02,68.19,1.03
1800431041.554264,0.18,0.93,0.46,73.89,-8.89,25.52,1.05
1800431041.6578815,0.08,0.93,0.31,17.83,47.48,-22.55,0.98
1800431041.7614992,0.22,0.63,0.43,-21.15,-4.36,-88.35,0.8
1800431041.8651168,-0.04,0.79,0.31,42.26,81.49,3.75,0.85
1800431041.9687345,0.02,0.73,0.44,-67.35,-38.21,-48.81,0.86
1800431042.072352,-0.06,0.69,0.3,61.42,30.69,49.32,0.76
1800431042.1759696,-0.0,0.91,0.32,6.65,-55.86,29.97,0.97
1800431042.2795873,-0.14,0.98,0.39,-24.51,-127.61,19.42,1.07
1800431042.3832047,0.14,0.87,0.63,9.11,-161.2,-10.34,1.09
1800431042.4868224,-0.09,0.73,0.35,30.85,-83.7,97.37,0.82
1800431042.59044,0.1,0.89,0.52,-25.76,-118.85,44.68,1.03
1800431042.6940575,-0.15,0.77,0.19,25.16,-98.25,65.2,0.81
1800431042.7976751,0.14,0.94,0.47,50.16,-32.34,34.55,1.06
1800431042.9012928,0.03,1.02,0.23,58.21,-29.46,8.91,1.05
1800431043.0049105,0.35,0.86,0.57,40.61,21.63,-43.99,1.09
1800431043.108528,-0.07,0.75,0.15,22.47,12.68,19.14,0.77
1800431043.2121456,0.14,0.84,0.41,-59.77,-2.04,-38.49,0.94
1800431043.3157632,-0.04,0.76,0.16,6.62,-14.21,35.23,0.78
1800431043.4193807,0.08,0.89,0.27,27.95,-49.31,17.2,0.93
1800431043.5229983,-0.04,0.99,0.37,-12.36,-29.47,78.13,1.06
1800431043.626616,-0.03,0.7,0.39,-47.35,-135.83,16.77,0.8
0.0,0.0,0.0,0.0,0.0,0.0,0.0,0.0
1800431045.0,0.04,-0.97,-0.02,-24.19,58.72,16.53,0.97
1800431045.099256,0.16,-0.89,-0.06,-6.48,42.48,3.21,0.9
1800431045.1985123,0.17,-0.91,0.03,-0.42,30.93,33.5,0.93
1800431045.2977684,0.17,-0.97,-0.01,22.27,-24.63,11.49,0.99
1800431045.3970246,0.13,-0.95,-0.08,-12.36,-51.33,16.44,0.96
1800431045.4962807,0.09,-0.93,-0.16,-27.11,-30.55,19.5,0.95
1800431045.595537,0.15,-0.93,-0.21,-26.77,-7.04,-1.18,0.96
1800431045.694793,0.1,-1.07,-0.11,-25.99,31.0,-10.39,1.08
1800431045.794049,0.28,-1.05,-0.29,20.23,47.45,-24.83,1.12
1800431045.8933053,0.21,-0.77,-0.07,-4.67,-45.75,4.25,0.81
1800431045.9925613,0.33,-0.85,-0.19,-59.81,-20.4,-17.5,0.93
1800431046.0918176,0.12,-0.88,-0.11,19.84,-80.81,14.5,0.9
1800431046.1910737,0.26,-0.88,-0.1,29.95,-160.16,40.79,0.92
1800431046.29033,0.17,-0.93,-0.15,-3.73,-145.69,60.69,0.96
1800431046.389586,0.26,-0.91,-0.2,-40.36,-189.37,26.07,0.97
1800431046.488842,0.23,-1.0,-0.21,-84.71,-177.62,36.78,1.04
1800431046.5880983,0.21,-0.86,-0.01,21.82,-209.63,72.86,0.89
1800431046.6873543,0.2,-0.88,0.12,20.47,-199.84,88.59,0.91
1800431046.7866106,0.55,-0.88,0.0,3.12,-145.99,34.19,1.04
1800431046.8858666,0.22,-0.85,-0.09,-57.71,-185.2,40.67,0.88
1800431046.985123,0.28,-0.88,-0.09,4.92,-140.9,87.2,0.93
1800431047.084379,0.25,-0.72,-0.28,-58.2,-185.08,39.0,0.81
1800431047.1836352,0.2,-0.92,-0.2,31.45,-108.21,51.8,0.96
1800431047.2828913,0.33,-0.66,-0.26,29.68,-214.46,33.39,0.78
1800431047.3821473,0.23,-0.69,-0.02,-89.59,-85.91,45.87,0.73
1800431047.4814036,0.29,-0.86,-0.29,-69.54,-39.16,5.6,0.95
1800431047.5806596,0.22,-0.83,-0.12,-25.75,-19.48,6.71,0.87
1800431047.679916,0.43,-0.9,-0.31,-43.16,16.04,-2.45,1.04
1800431047.779172,0.37,-0.99,-0.31,-53.39,-40.37,-51.32,1.1
1800431047.8784282,0.34,-1.04,-0.11,-42.77,-62.6,-42.79,1.1
1800431047.9776843,0.07,-1.21,0.05,-12.53,1.94,-25.95,1.22
1800431048.0769403,0.21,-0.86,0.01,34.9,11.66,19.65,0.89
1800431048.1761966,0.23,-0.95,0.04,78.26,28.16,26.7,0.98
1800431048.2754526,0.33,-0.89,-0.02,72.31,18.65,22.53,0.95
1800431048.374709,0.34,-0.96,-0.19,6.1,42.07,-27.65,1.04
1800431048.473965,0.45,-1.08,-0.23,-28.7,75.4,-21.84,1.19
1800431048.5732212,0.42,-0.82,-0.33,-12.96,-26.28,-11.07,0.98
1800431048.6724772,0.28,-0.99,-0.27,32.94,0.99,34.98,1.06
1800431048.7717333,0.42,-0.95,-0.27,44.58,-10.77,9.13,1.07
1800431048.8709896,0.39,-0.89,-0.22,16.04,3.31,-29.44,1.0
1800431048.9702456,0.31,-0.69,-0.15,6.74,12.4,-52.92,0.77
1800431049.0695019,0.26,-0.62,-0.03,-32.9,-21.67,-42.79,0.67
1800431049.168758,0.27,-0.75,0.13,-96.04,-44.75,-23.34,0.81
1800431049.2680142,0.3,-0.86,0.08,-73.89,-15.91,3.8,0.91
1800431049.3672702,0.23,-0.77,0.05,-57.0,-91.9,2.36,0.81
1800431049.4665263,0.15,-0.81,-0.04,-16.38,-104.28,-14.37,0.83
1800431049.5657825,0.18,-0.94,-0.13,-7.52,-40.6,37.86,0.97
1800431049.6650386,0.11,-0.92,-0.22,-23.41,-36.46,15.69,0.95
1800431049.7642949,0.02,-1.04,-0.19,2.78,53.8,-13.05,1.06
1800431049.863551,0.14,-0.89,-0.1,19.54,38.89,-22.99,0.91
1800431049.9628072,0.18,-0.89,-0.1,-60.21,48.07,-46.71,0.91
1800431050.0620632,0.2,-1.16,-0.07,21.59,132.87,-45.46,1.18
1800431050.1613195,0.23,-0.56,0.0,-10.16,-24.54,-23.12,0.61
1800431050.2605755,0.04,-1.21,-0.0,-61.82,186.85,-1.74,1.21
1800431050.3598316,0.33,-0.72,-0.18,100.68,88.0,-47.52,0.81
1800431050.4590878,0.19,-0.89,0.11,3.87,155.62,-26.92,0.92
1800431050.558344,0.4,-0.92,-0.08,-2.51,159.66,-53.76,1.01
1800431050.6576002,0.23,-0.86,-0.05,52.07,119.14,-67.83,0.9
1800431050.7568562,0.15,-0.86,-0.27,-52.04,118.51,-43.81,0.91
1800431050.8561125,0.05,-1.04,-0.16,23.17,78.93,14.63,1.05
1800431050.9553685,0.19,-0.91,-0.25,-11.94,23.82,0.15,0.96
1800431051.0546246,0.07,-0.92,-0.13,-18.21,4.34,-2.62,0.93
1800431051.1538808,0.06,-0.89,-0.1,-23.81,15.97,-12.2,0.9
1800431051.2531369,0.04,-0.94,0.01,28.55,12.42,4.59,0.94
1800431051.3523932,0.13,-0.99,0.06,32.23,-25.29,7.03,1.0
1800431051.4516492,0.1,-0.93,0.02,-0.19,-38.02,1.25,0.94
1800431051.5509055,0.04,-1.02,-0.12,6.56,-17.64,-5.74,1.03
1800431051.6501615,0.13,-0.9,-0.08,-4.51,-40.63,-4.73,0.91
1800431051.7494175,0.14,-0.98,-0.08,-78.22,-5.7,10.27,0.99
1800431051.8486738,0.13,-1.15,-0.18,-12.56,90.64,21.73,1.17
1800431051.9479299,0.17,-0.79,-0.05,4.2,-69.89,-3.11,0.81
1800431052.0471861,0.14,-0.95,-0.11,-39.88,17.12,-5.64,0.97
1800431052.1464422,0.28,-0.89,-0.22,68.76,-73.96,-25.28,0.96
1800431052.2456985,0.19,-0.87,-0.07,12.19,-121.97,49.16,0.89
1800431052.3449545,0.19,-0.89,-0.24,-13.17,-120.34,34.27,0.94
1800431052.4442105,0.25,-0.9,-0.18,-11.96,-200.46,28.81,0.95
1800431052.5434668,0.25,-0.96,-0.14,-64.92,-194.74,46.38,1.0
1800431052.6427228,0.17,-0.82,-0.07,31.7,-272.48,52.61,0.84
1800431052.7419791,0.27,-0.88,0.17,24.96,-279.86,92.2,0.94
1800431052.8412352,0.35,-0.87,0.1,-12.4,-217.01,65.26,0.95
1800431052.9404914,0.23,-0.82,-0.05,-58.36,-187.69,67.36,0.85
1800431053.0397475,0.28,-0.75,-0.14,16.32,-169.22,70.2,0.81
1800431053.1390038,0.19,-0.69,-0.12,-22.2,-198.66,79.1,0.72
1800431053.2382598,0.31,-0.8,-0.22,-29.39,-107.3,57.54,0.89
1800431053.3375158,0.29,-0.79,-0.26,-28.8,-103.7,39.92,0.88
1800431053.436772,0.34,-0.87,-0.28,-63.58,-21.03,-1.76,0.98
1800431053.5360281,0.43,-0.86,-0.35,-62.32,-12.36,-13.56,1.02
1800431053.6352844,0.4,-0.98,-0.31,-52.13,-18.05,-30.3,1.1
1800431053.7345405,0.25,-1.09,-0.04,-40.39,-73.29,-21.4,1.12
1800431053.8337967,0.07,-1.14,0.03,-91.94,86.45,-50.55,1.14
1800431053.9330528,-0.02,-0.77,0.09,18.09,-9.16,-51.13,0.77
1800431054.0323088,-0.07,-0.97,0.22,-51.96,59.11,-52.05,0.99
1800431054.131565,0.18,-0.96,0.08,16.34,-6.05,4.97,0.98
1800431054.2308211,0.13,-0.96,0.01,-29.49,29.43,12.47,0.97
1800431054.3300774,0.2,-1.09,-0.05,-5.44,89.88,17.34,1.11
1800431054.4293334,0.39,-1.18,-0.23,-44.52,10.44,-4.82,1.27
1800431054.5285897,0.26,-1.02,-0.3,5.32,-45.58,-68.89,1.09
1800431054.6278458,0.15,-0.84,-0.19,106.37,-127.61,3.64,0.88
1800431054.7271018,0.32,-1.04,-0.31,-63.68,4.08,-0.64,1.13
1800431054.826358,0.23,-0.93,-0.08,17.4,18.53,-0.52,0.96
1800431054.925614,0.18,-0.83,-0.03,-23.56,1.78,-0.04,0.85
1800431055.0248704,0.14,-0.76,0.03,-9.26,2.82,5.73,0.77
1800431055.1241264,0.14,-0.7,0.06,5.64,-48.48,-31.12,0.72
1800431055.2233827,0.13,-0.85,0.13,-28.06,-29.79,-12.36,0.87
1800431055.3226388,0.24,-0.97,0.14,-17.31,-55.98,9.83,1.01
1800431055.4218948,0.22,-0.86,0.04,-30.23,-73.17,32.53,0.89
1800431055.521151,0.17,-0.95,0.11,-52.25,-111.68,39.33,0.97
1800431055.620407,0.2,-0.87,-0.09,-22.65,-115.12,-16.22,0.9
1800431055.7196634,0.13,-0.9,-0.11,-6.73,-98.87,-2.09,0.92
1800431055.8189194,-0.01,-0.88,-0.12,-3.47,-14.12,2.36,0.89
1800431055.9181757,0.15,-1.05,-0.29,9.56,60.77,-24.56,1.1
1800431056.0174317,0.13,-0.9,-0.05,18.03,22.66,13.4,0.91
1800431056.1166878,0.18,-0.96,-0.02,-8.22,9.04,-34.38,0.98
1800431056.215944,0.2,-1.11,0.03,-35.73,-33.87,-48.43,1.13
1800431056.3152,0.51,-0.87,-0.23,-82.67,89.06,-60.62,1.04
1800431056.4144564,-0.0,-0.79,0.07,28.5,43.49,8.34,0.79
1800431056.5137124,0.27,-0.98,-0.13,28.48,154.72,-18.59,1.03
1800431056.6129687,0.13,-0.84,0.06,22.48,101.94,27.04,0.85
1800431056.7122247,0.24,-0.92,-0.03,28.26,148.62,-32.47,0.95
1800431056.811481,0.31,-0.97,-0.04,-7.32,133.12,-64.16,1.02
1800431056.910737,0.43,-0.78,-0.25,87.46,110.84,-99.1,0.92
1800431057.009993,0.18,-0.83,-0.28,-59.37,128.05,-58.72,0.9
1800431057.1092494,0.39,-0.85,-0.29,-18.01,114.99,-27.08,0.98
1800431057.2085054,0.25,-0.82,-0.18,-13.52,69.49,-12.9,0.87
1800431057.3077617,0.25,-0.8,-0.14,-31.01,84.16,-29.79,0.85
1800431057.4070177,0.15,-0.9,-0.27,-17.62,136.3,-33.74,0.95
0.0,0.0,0.0,0.0,0.0,0.0,0.0,0.0
1800431050.0,0.27,-0.0,1.11,29.89,-16.62,197.72,1.15
1800431050.106644,0.06,0.17,0.98,-31.48,-72.03,183.75,0.99
1800431050.2132876,0.07,0.07,0.85,6.47,-30.57,92.64,0.85
1800431050.3199315,0.14,-0.08,0.84,73.6,2.52,104.65,0.86
1800431050.4265752,0.16,-0.15,1.05,81.21,13.02,115.06,1.07
1800431050.533219,0.06,-0.1,1.02,-11.35,-28.46,67.98,1.02
1800431050.639863,0.1,-0.2,0.89,-28.4,-16.81,23.99,0.92
1800431050.7465067,0.3,0.01,1.3,76.74,-18.83,67.85,1.33
1800431050.8531506,0.29,0.11,0.71,-117.73,-31.08,67.46,0.78
1800431050.9597943,0.28,-0.06,0.75,74.84,8.47,112.04,0.81
1800431051.0664382,0.19,-0.13,0.8,39.96,24.36,70.95,0.83
1800431051.173082,0.26,-0.11,0.88,16.79,3.82,33.06,0.92
1800431051.2797258,0.26,-0.2,0.86,-4.2,1.14,30.66,0.92
1800431051.3863697,0.25,-0.29,1.11,-16.75,36.74,105.57,1.17
1800431051.4930134,0.28,0.35,1.31,-80.33,-0.55,-14.85,1.38
1800431051.5996573,0.29,-0.04,0.81,-24.83,-29.31,-20.19,0.86
1800431051.7063012,0.14,-0.15,0.79,54.24,3.76,24.23,0.82
1800431051.812945,0.01,-0.09,0.9,18.44,-24.18,-7.01,0.9
1800431051.9195888,0.05,-0.23,0.91,-40.41,2.6,-30.2,0.94
1800431052.0262325,0.21,-0.31,1.04,-68.79,-21.69,-85.22,1.1
1800431052.1328764,0.23,0.12,1.18,-13.6,1.76,-24.8,1.21
1800431052.2395203,0.26,-0.22,0.77,-43.55,26.22,-125.45,0.84
1800431052.346164,0.22,-0.1,0.77,11.41,54.96,-54.91,0.81
1800431052.452808,0.24,-0.3,0.76,-4.28,15.22,-89.43,0.85
1800431052.5594516,0.29,-0.19,0.88,18.25,26.9,-35.88,0.95
1800431052.6660955,0.2,-0.25,1.06,18.18,-4.2,-9.82,1.1
1800431052.7727394,0.18,0.22,1.46,-25.87,21.83,36.73,1.49
1800431052.879383,-0.01,0.14,0.91,-42.45,-33.26,-82.83,0.92
1800431052.986027,0.05,-0.18,0.73,-2.94,1.33,-130.09,0.76
1800431053.0926707,0.01,-0.03,0.84,-48.22,-28.19,-108.82,0.84
1800431053.1993146,0.11,-0.27,0.91,2.36,-18.42,-76.36,0.95
1800431053.3059585,0.08,-0.19,1.15,21.81,-43.51,-77.27,1.17
1800431053.4126022,0.13,-0.23,1.16,-31.32,-16.71,9.8,1.19
1800431053.519246,0.45,0.35,0.94,-56.28,-14.45,-99.44,1.1
1800431053.6258898,0.27,-0.16,0.73,-0.66,-0.14,-11.66,0.8
1800431053.7325337,0.2,-0.11,0.8,-27.41,14.14,-83.68,0.83
1800431053.8391774,0.27,-0.18,0.88,-14.42,17.17,-100.04,0.94
1800431053.9458213,0.18,-0.26,0.86,-0.04,17.08,-50.44,0.92
1800431054.0524652,0.23,-0.28,0.97,12.39,14.62,-29.24,1.04
1800431054.1591089,0.18,-0.4,1.21,74.07,12.69,77.28,1.28
1800431054.2657528,0.14,0.41,1.06,-114.32,1.63,-66.22,1.14
1800431054.3723965,0.19,-0.07,0.72,15.24,30.96,-82.15,0.75
1800431054.4790404,0.07,0.02,0.8,-10.64,-3.73,44.1,0.81
1800431054.5856843,0.03,-0.03,0.95,36.05,-14.07,-7.64,0.96
1800431054.692328,0.06,-0.19,0.91,-12.15,-3.25,-0.57,0.94
1800431054.798972,-0.0,-0.17,0.94,-3.8,24.92,-19.61,0.95
1800431054.9056156,0.26,-0.1,1.23,54.16,1.2,21.13,1.27
1800431055.0122595,0.36,0.24,0.98,-88.82,1.52,-6.8,1.07
1800431055.1189034,0.14,-0.11,0.78,36.17,-46.19,77.94,0.8
1800431055.225547,0.0,-0.14,0.81,4.33,9.24,19.91,0.82
1800431055.332191,0.18,-0.11,0.9,9.12,9.76,29.53,0.93
0.0,0.0,0.0,0.0,0.0,0.0,0.0,0.0
1800431055.0,-0.01,-1.03,0.14,1.1,18.21,-6.39,1.04
1800431055.0966985,-0.05,-1.05,0.08,-6.51,11.92,-13.51,1.05
1800431055.193397,-0.06,-0.97,0.09,-14.82,15.98,-11.37,0.98
1800431055.2900956,-0.01,-1.02,0.11,1.17,19.69,-0.15,1.03
1800431055.3867939,-0.04,-1.02,0.07,-6.92,14.78,-9.6,1.03
1800431055.4834924,-0.01,-0.9,-0.01,-29.63,9.67,4.16,0.9
1800431055.580191,-0.04,-0.48,-0.18,-101.19,4.46,-60.34,0.51
1800431055.6768894,0.12,-0.07,0.01,-151.88,35.38,-140.57,0.14
1800431055.773588,0.1,-1.13,-0.47,-181.56,-34.89,67.18,1.23
1800431055.8702865,0.06,-1.27,-0.76,-291.08,-40.28,-128.77,1.48
1800431055.9669847,0.14,-1.93,-0.58,-12.33,56.0,-68.94,2.02
1800431056.0636833,0.96,-1.78,-1.72,150.17,15.23,87.58,2.66
1800431056.1603818,0.37,-1.24,-0.94,-129.99,-48.55,49.74,1.6
1800431056.2570803,0.14,-0.87,-0.39,-65.32,-20.07,-31.08,0.96
1800431056.3537788,0.3,-0.59,-0.59,-35.75,64.75,-4.46,0.89
1800431056.4504774,0.44,-0.69,-0.84,-35.85,67.94,-29.78,1.17
1800431056.5471756,0.39,-0.7,-0.98,-2.71,6.06,-9.07,1.26
1800431056.6438742,0.3,-0.67,-0.69,-22.21,-22.55,-8.08,1.01
0.0,0.0,0.0,0.0,0.0,0.0,0.0,0.0
1800431060.0,0.2,0.93,0.12,29.23,47.91,-5.14,0.96
1800431060.1029115,0.25,0.84,0.03,10.48,-2.72,-8.64,0.87
1800431060.205823,0.23,0.89,0.03,9.93,-24.11,-2.62,0.92
1800431060.3087347,0.32,1.36,0.41,-58.11,-46.7,24.45,1.46
1800431060.4116461,0.23,1.2,0.67,-25.77,-0.37,-5.81,1.39
1800431060.5145576,0.13,0.6,0.22,59.99,42.95,15.8,0.65
1800431060.617469,0.14,0.52,0.01,0.01,-14.35,10.86,0.54
1800431060.7203808,0.21,0.75,0.19,6.22,-81.57,-35.3,0.8
1800431060.8232923,0.28,1.3,0.21,80.28,-21.64,22.55,1.35
1800431060.9262037,0.09,1.45,0.32,-14.29,-38.43,106.57,1.49
1800431061.0291152,-0.12,0.97,0.47,32.44,-131.68,-31.65,1.08
1800431061.132027,0.04,0.57,0.11,-106.93,-132.0,55.79,0.58
1800431061.2349384,0.1,0.55,0.06,-28.46,-133.79,7.46,0.56
1800431061.3378499,0.19,1.08,0.14,17.25,-53.2,-14.22,1.11
1800431061.4407613,0.41,1.3,0.23,-98.13,34.29,-10.43,1.38
1800431061.543673,0.21,0.89,0.75,37.63,-15.42,-15.75,1.18
1800431061.6465845,0.17,0.89,0.29,-50.31,10.17,36.72,0.95
1800431061.749496,0.15,0.4,0.01,-36.8,-42.42,56.01,0.43
1800431061.8524075,0.32,0.68,0.12,100.9,-115.49,-10.33,0.76
1800431061.955319,0.35,1.35,0.1,11.9,-43.18,56.07,1.39
1800431062.0582306,0.24,1.47,0.22,-31.47,-35.09,69.71,1.5
1800431062.161142,-0.01,1.01,0.5,45.01,-119.37,-45.55,1.13
1800431062.2640536,0.16,0.45,0.12,-80.99,-35.12,-9.75,0.49
1800431062.366965,0.21,0.41,0.1,29.37,-34.86,1.93,0.47
1800431062.4698768,0.26,1.07,0.26,54.7,-63.04,-44.96,1.13
1800431062.5727882,0.6,1.11,0.33,-91.85,32.83,31.91,1.31
1800431062.6756997,0.2,0.85,1.03,18.89,2.61,-26.94,1.35
1800431062.7786112,0.06,0.55,0.43,40.35,31.93,61.2,0.7
1800431062.881523,0.09,0.51,-0.03,40.88,20.73,93.02,0.52
1800431062.9844344,0.35,0.69,0.06,-3.04,-58.96,-3.02,0.77
0.0,0.0,0.0,0.0,0.0,0.0,0.0,0.0
1800431065.0,0.28,-1.03,-0.21,-1.76,81.86,-38.43,1.09
1800431065.0981522,0.36,-1.07,-0.25,26.66,76.89,-49.23,1.15
1800431065.1963046,0.29,-0.92,-0.16,11.35,60.77,-41.36,0.98
1800431065.2944567,0.33,-0.85,-0.19,29.49,42.0,-52.34,0.94
1800431065.3926091,0.42,-0.95,-0.15,17.2,2.21,-20.98,1.05
1800431065.4907613,0.62,-1.1,-0.2,20.76,-0.65,-24.33,1.28
1800431065.5889137,0.57,-0.97,-0.24,-31.02,-31.81,-72.33,1.14
1800431065.6870658,0.36,-0.74,0.06,-40.48,-21.78,-34.94,0.83
1800431065.7852182,0.65,-1.03,-0.11,27.04,40.46,-6.2,1.22
1800431065.8833704,0.3,-0.7,-0.03,-9.43,-30.46,26.17,0.76
1800431065.9815228,0.27,-1.09,-0.05,20.03,-5.44,25.11,1.12
1800431066.079675,0.52,-1.13,-0.21,-28.97,16.72,-36.31,1.26
1800431066.1778274,0.37,-1.03,-0.15,-29.89,41.56,-44.87,1.11
1800431066.2759795,0.57,-1.06,-0.47,-31.58,123.34,-57.27,1.3
1800431066.374132,0.15,-0.6,-0.18,18.08,39.94,-84.89,0.64
1800431066.472284,0.52,-1.14,-0.48,29.87,162.07,-27.23,1.34
1800431066.5704365,0.27,-0.77,-0.23,29.93,68.19,-54.33,0.85
1800431066.6685886,0.27,-1.05,-0.32,48.39,75.09,-45.36,1.13
1800431066.766741,0.37,-0.96,-0.19,68.58,40.78,-68.32,1.05
1800431066.8648932,0.63,-1.07,-0.18,46.18,21.54,-58.2,1.25
1800431066.9630456,0.83,-1.14,-0.39,-91.24,19.16,-93.68,1.46
1800431067.0611978,0.42,-0.52,0.02,6.71,-2.72,-28.88,0.67
1800431067.1593502,0.74,-1.04,-0.31,-73.84,109.57,-43.19,1.31
1800431067.2575023,0.23,-0.76,-0.15,31.47,-34.86,-40.74,0.81
1800431067.3556547,0.44,-1.06,-0.1,66.88,34.24,-46.4,1.15
1800431067.4538069,0.57,-1.0,-0.11,-9.01,33.69,-62.16,1.16
1800431067.5519593,0.34,-0.96,-0.03,1.79,102.52,-16.46,1.02
1800431067.6501114,0.53,-1.08,-0.47,-10.73,58.28,-159.85,1.29
1800431067.7482638,0.39,-0.81,-0.27,53.91,107.92,-83.75,0.94
1800431067.846416,0.52,-0.71,-0.21,89.01,22.35,-113.21,0.91
1800431067.9445684,0.38,-0.88,-0.07,-10.18,43.67,-30.22,0.96
1800431068.0427206,0.76,-0.9,-0.25,67.05,7.38,-83.55,1.2
1800431068.140873,0.68,-0.94,-0.05,-28.65,5.94,-13.97,1.16
1800431068.239025,0.84,-0.88,-0.31,1.23,-34.35,-82.54,1.26
1800431068.3371773,0.54,-0.54,0.11,-81.52,21.22,11.11,0.77
1800431068.4353297,0.81,-0.81,-0.09,35.83,-11.39,0.32,1.15
1800431068.5334818,0.45,-0.82,0.07,-60.95,-47.9,5.59,0.94
1800431068.6316342,0.61,-0.91,-0.06,-8.75,-33.04,2.08,1.09
1800431068.7297864,0.7,-0.91,-0.06,-92.59,31.26,-8.58,1.15
1800431068.8279388,0.72,-1.1,-0.45,-44.82,20.26,-25.61,1.39
0.0,0.0,0.0,0.0,0.0,0.0,0.0,0.0
1800431070.0,-0.2,-1.04,-0.17,13.51,-77.26,28.17,1.07
1800431070.1039822,-0.16,-1.03,-0.23,-22.94,-89.38,-9.12,1.07
1800431070.2079642,-0.21,-0.98,-0.22,-21.48,-119.5,-28.24,1.02
1800431070.3119464,-0.01,-1.18,-0.22,-20.32,-107.86,34.76,1.2
1800431070.4159286,0.27,-1.32,0.05,-31.96,-59.24,-2.9,1.35
1800431070.5199108,0.19,-1.09,-0.06,-34.64,12.73,-10.69,1.11
1800431070.6238928,0.11,-0.7,-0.13,-2.62,42.52,-11.68,0.72
1800431070.727875,0.23,-0.85,-0.17,16.96,-4.07,-60.91,0.9
1800431070.8318572,0.03,-1.14,-0.2,-6.91,16.74,-30.09,1.16
1800431070.9358392,0.24,-1.49,-0.19,38.66,1.56,17.64,1.52
1800431071.0398214,0.05,-1.1,0.18,2.6,1.81,4.26,1.12
1800431071.1438036,-0.0,-0.96,-0.04,-37.69,-64.39,-17.72,0.96
1800431071.2477856,0.14,-0.63,-0.04,3.0,-4.54,32.43,0.65
1800431071.3517678,-0.07,-0.92,-0.11,5.39,25.08,-21.53,0.93
1800431071.45575,-0.01,-1.28,-0.19,-8.38,-6.1,-31.6,1.29
1800431071.5597322,0.45,-1.4,-0.16,-40.41,-16.32,124.44,1.48
1800431071.6637142,0.36,-0.78,0.06,41.21,50.5,-39.33,0.86
1800431071.7676964,-0.08,-1.06,-0.05,-40.59,-15.85,19.8,1.07
1800431071.8716786,0.09,-0.6,-0.08,47.59,5.08,-27.48,0.61
1800431071.9756606,0.03,-1.16,-0.26,-34.52,-46.73,-27.97,1.19
1800431072.0796428,-0.1,-1.4,-0.33,0.59,-82.96,-9.57,1.44
1800431072.183625,0.14,-1.5,0.32,125.12,-22.99,29.8,1.54
1800431072.2876072,0.01,-1.16,0.02,-56.91,-83.76,-27.53,1.16
1800431072.3915892,0.1,-0.63,-0.03,-10.14,-42.65,12.59,0.63
1800431072.4955714,-0.06,-0.94,-0.01,12.82,11.49,-48.64,0.94
1800431072.5995536,-0.02,-1.17,-0.14,-18.68,-7.58,-16.68,1.18
1800431072.7035356,0.02,-1.38,-0.31,-85.01,-5.55,76.47,1.41
1800431072.8075178,0.32,-1.4,0.28,120.44,70.65,-25.29,1.46
1800431072.9115,0.46,-1.28,0.11,14.66,13.73,-66.82,1.37
1800431073.0154822,0.25,-1.62,0.4,-23.76,29.81,-5.24,1.69
1800431073.1194642,0.11,-1.0,0.12,-47.87,-18.47,24.29,1.02
1800431073.2234464,-0.01,-0.7,0.09,11.45,1.46,67.8,0.71
1800431073.3274286,0.03,-0.81,-0.02,9.99,-7.76,7.95,0.81
1800431073.4314106,-0.05,-0.99,-0.08,-5.3,-6.18,-8.1,1.0
1800431073.5353928,0.03,-1.48,-0.31,-87.24,-58.07,-34.94,1.51
1800431073.639375,0.42,-1.11,0.26,-24.07,-1.26,-72.12,1.22
1800431073.743357,0.17,-1.34,0.1,9.14,48.92,5.2,1.35
1800431073.8473392,0.11,-0.65,0.02,30.68,24.91,17.97,0.66
1800431073.9513214,0.05,-0.73,0.02,-12.37,-41.65,-7.25,0.73
1800431074.0553036,0.12,-1.12,-0.18,47.26,-32.29,5.82,1.14
1800431074.1592855,0.32,-1.44,0.13,41.78,-44.2,30.74,1.48
1800431074.2632678,0.2,-1.42,0.21,-15.67,-9.94,-20.26,1.45
1800431074.36725,0.05,-0.93,0.07,-59.95,-53.62,9.28,0.93
1800431074.471232,0.09,-0.61,0.1,27.63,-36.85,20.17,0.63
1800431074.5752141,-0.02,-0.66,-0.11,-29.5,-7.44,-20.89,0.67
1800431074.6791964,0.03,-1.36,-0.12,16.3,15.33,16.46,1.37
1800431074.7831786,0.57,-1.72,0.41,69.19,29.78,61.72,1.86
1800431074.8871605,0.16,-1.43,0.11,-73.69,58.7,42.45,1.44
1800431074.9911427,-0.0,-0.69,-0.0,72.64,4.15,1.58,0.69
1800431075.095125,0.04,-0.66,-0.01,21.92,-128.33,11.43,0.66
1800431075.199107,0.05,-0.91,-0.14,23.61,-135.0,-17.95,0.92
1800431075.3030891,-0.07,-1.19,-0.19,58.76,-104.2,-53.52,1.21
1800431075.4070714,0.48,-1.51,0.49,194.4,-49.16,-14.82,1.66
1800431075.5110533,0.14,-1.34,0.04,-139.66,-65.7,-50.89,1.35
0.0,0.0,0.0,0.0,0.0,0.0,0.0,0.0
1800431075.0,0.09,-0.95,0.25,-23.3,27.35,-24.41,0.98
1800431075.100754,-0.02,-0.88,0.29,0.95,-4.47,-29.18,0.93
1800431075.2015078,0.01,-0.93,0.33,-14.11,-33.9,-10.33,0.99
1800431075.3022618,0.45,-1.42,0.39,66.14,-44.17,6.15,1.54
1800431075.4030156,0.71,-1.29,0.2,16.97,-12.69,-14.4,1.49
1800431075.5037696,0.31,-0.64,0.19,-63.51,34.88,0.03,0.74
1800431075.6045237,-0.02,-0.57,0.2,-3.96,-16.92,-4.38,0.6
1800431075.7052774,0.2,-0.76,0.25,-1.46,-76.92,-62.52,0.83
1800431075.8060315,0.2,-1.35,0.33,-87.14,-18.0,16.86,1.4
1800431075.9067852,0.28,-1.47,0.15,22.15,-34.4,105.96,1.51
1800431076.0075393,0.52,-0.92,-0.06,-16.61,-129.18,-47.65,1.06
1800431076.1082933,0.12,-0.55,0.09,128.29,-110.23,45.15,0.57
1800431076.209047,0.04,-0.51,0.12,36.81,-107.93,-5.66,0.53
1800431076.309801,0.13,-1.14,0.17,-16.79,-45.93,-20.92,1.16
1800431076.410555,0.22,-1.33,0.42,114.39,25.55,-36.29,1.42
1800431076.511309,0.86,-0.92,0.27,-31.06,-16.42,-31.02,1.29
1800431076.612063,0.39,-0.9,0.19,53.45,-1.7,35.66,1.0
1800431076.7128167,-0.06,-0.39,0.2,49.42,-30.3,47.6,0.44
1800431076.8135707,0.14,-0.71,0.38,-103.67,-94.17,-32.55,0.82
1800431076.9143245,0.15,-1.41,0.41,-13.92,-43.69,62.63,1.48
1800431077.0150785,0.23,-1.53,0.28,27.32,-43.52,68.18,1.57
1800431077.1158326,0.51,-1.04,0.05,-30.76,-102.15,-66.04,1.16
1800431077.2165864,0.09,-0.5,0.22,94.65,-40.94,-23.17,0.55
1800431077.3173404,0.05,-0.45,0.2,-27.24,-38.33,-18.41,0.5
1800431077.4180942,0.25,-1.11,0.28,-60.5,-59.57,-71.62,1.17
1800431077.5188482,0.33,-1.17,0.68,109.61,19.55,9.1,1.39
1800431077.6196022,1.13,-0.88,0.22,-20.19,3.63,-48.71,1.44
1800431077.720356,0.46,-0.53,0.07,-44.02,13.28,45.31,0.71
1800431077.82111,-0.03,-0.49,0.19,-46.91,18.33,76.14,0.53
1800431077.9218638,0.06,-0.72,0.44,-2.87,-64.8,-14.32,0.85
0.0,0.0,0.0,0.0,0.0,0.0,0.0,0.0
1800431080.0,0.06,-0.85,0.14,28.56,-56.45,-4.6,0.86
1800431080.1018198,0.11,-0.78,0.2,62.8,-16.37,-111.37,0.81
1800431080.2036395,0.37,-0.96,0.61,41.67,72.41,-212.68,1.19
1800431080.3054593,0.2,-1.23,0.26,-80.77,156.46,83.02,1.28
1800431080.407279,-0.18,-0.77,-0.17,-25.16,38.41,11.01,0.81
1800431080.5090988,-0.05,-0.41,-0.31,-37.39,-152.77,3.44,0.52
1800431080.6109185,0.22,-1.91,-0.34,-29.48,-302.86,78.85,1.95
1800431080.712738,0.72,-1.52,0.14,69.19,-367.67,144.67,1.69
1800431080.8145578,0.13,-0.16,0.4,5.87,-169.12,13.37,0.45
1800431080.9163775,0.35,0.12,0.51,-71.09,-23.89,-21.66,0.63
1800431081.0181973,0.54,-1.66,0.65,7.93,298.8,-121.56,1.87
1800431081.120017,0.38,-1.47,-0.31,73.81,392.27,-12.53,1.55
1800431081.2218368,-0.25,-0.07,-0.66,-57.57,56.97,197.39,0.71
1800431081.3236566,-0.37,-0.24,-0.44,-54.26,-259.0,-138.46,0.62
1800431081.4254763,1.1,-1.96,-0.01,25.88,-379.06,-36.63,2.25
1800431081.527296,0.22,-1.04,0.4,-62.5,-295.92,114.72,1.14
1800431081.6291158,0.13,0.13,0.39,-29.95,-109.44,5.32,0.43
1800431081.7309356,0.41,-0.26,0.63,116.38,99.69,-89.5,0.8
1800431081.8327553,0.88,-1.99,0.21,-14.0,426.37,-102.94,2.18
1800431081.9345748,-0.07,-0.6,-0.52,-153.11,266.65,141.92,0.8
1800431082.0363946,-0.41,0.07,-0.54,98.28,43.58,56.03,0.68
1800431082.1382143,0.11,-0.71,-0.27,-95.23,-284.02,52.57,0.77
1800431082.240034,0.45,-2.0,0.01,30.28,-292.19,178.76,2.05
1800431082.3418539,0.25,-0.36,0.23,-36.73,-193.64,-63.02,0.5
0.0,0.0,0.0,0.0,0.0,0.0,0.0,0.0
1800431085.0,0.28,-0.79,-0.04,25.63,-75.3,34.67,0.84
1800431085.0954497,0.3,-0.95,-0.01,-5.97,-31.37,26.81,0.99
1800431085.1908996,0.29,-1.09,0.01,-49.69,-10.65,33.77,1.12
1800431085.2863493,0.46,-0.95,0.29,8.46,12.79,-28.51,1.09
1800431085.3817992,0.24,-0.62,0.09,-23.16,17.66,-37.08,0.67
1800431085.477249,0.36,-0.83,0.31,-55.4,132.35,-11.07,0.96
1800431085.5726988,0.19,-0.79,0.15,28.74,29.48,-1.8,0.82
1800431085.6681485,0.3,-0.93,0.05,10.05,19.7,8.06,0.98
1800431085.7635982,0.35,-1.03,0.14,-13.39,-41.11,7.01,1.1
1800431085.8590481,0.38,-0.93,0.01,-36.91,-85.08,6.42,1.01
1800431085.9544978,0.5,-0.95,0.21,-7.24,-92.0,13.48,1.09
1800431086.0499477,0.25,-0.64,-0.1,-14.55,-65.43,76.18,0.7
1800431086.1453974,0.48,-1.0,0.18,1.99,-63.34,41.67,1.12
1800431086.2408473,0.11,-0.87,-0.08,-39.66,-104.56,40.35,0.88
1800431086.336297,0.26,-1.02,0.08,-35.7,-10.64,37.54,1.06
1800431086.4317467,0.12,-1.05,0.14,-47.77,-15.49,-20.87,1.07
1800431086.5271966,0.43,-1.05,0.43,-1.83,154.17,-17.47,1.21
1800431086.6226463,0.07,-0.57,0.11,27.1,10.67,-47.85,0.58
1800431086.7180963,0.5,-0.96,0.36,82.39,116.84,-42.12,1.14
1800431086.813546,0.22,-0.79,-0.0,64.26,22.37,-26.93,0.82
1800431086.9089959,0.35,-0.92,0.09,-8.91,-7.97,-1.86,0.98
1800431087.0044456,0.51,-0.95,0.06,-46.98,-58.17,18.59,1.08
1800431087.0998952,0.59,-1.11,0.26,-93.77,-55.96,16.62,1.28
1800431087.1953452,0.16,-0.59,-0.15,-4.97,-78.12,89.42,0.63
1800431087.2907948,0.4,-1.06,0.27,-36.94,-72.53,29.44,1.17
1800431087.3862448,0.16,-0.82,0.08,-23.9,-95.35,26.91,0.84
1800431087.4816945,0.27,-1.04,0.09,0.13,26.58,-26.57,1.08
1800431087.5771444,0.23,-1.01,0.09,-69.87,70.76,-15.82,1.04
1800431087.672594,0.38,-0.95,0.35,14.88,39.83,-77.22,1.08
1800431087.768044,0.15,-0.84,0.04,29.28,69.52,-5.71,0.85
1800431087.8634937,0.35,-0.77,0.17,36.54,2.98,-30.86,0.86
1800431087.9589434,0.16,-0.88,0.01,-4.67,-0.62,10.99,0.89
1800431088.0543933,0.28,-1.05,0.18,-35.06,-65.42,40.03,1.1
0.0,0.0,0.0,0.0,0.0,0.0,0.0,0.0
1800431090.0,-0.24,-1.04,-0.33,7.78,82.61,-28.96,1.11
1800431090.101808,-0.29,-1.04,-0.41,24.53,82.1,-36.02,1.15
1800431090.2036161,-0.15,-0.9,-0.36,19.64,57.12,-39.55,0.98
1800431090.3054242,-0.13,-0.9,-0.35,30.95,38.85,-48.98,0.97
1800431090.4072323,-0.18,-0.95,-0.38,42.25,7.81,-6.22,1.04
1800431090.50904,-0.23,-1.14,-0.64,23.12,10.61,-7.08,1.33
1800431090.6108482,-0.27,-0.95,-0.55,-24.72,-21.58,-50.04,1.13
1800431090.7126563,0.05,-0.75,-0.32,-40.17,-5.78,-31.21,0.82
1800431090.8144643,-0.08,-1.02,-0.68,40.25,47.25,2.6,1.23
1800431090.9162724,0.02,-0.64,-0.25,-3.19,-34.85,21.55,0.69
1800431091.0180805,-0.06,-1.01,-0.3,25.49,7.23,31.5,1.06
1800431091.1198885,-0.22,-1.19,-0.55,-16.69,21.36,-21.43,1.33
1800431091.2216966,-0.1,-1.03,-0.4,-19.47,29.22,-44.61,1.1
1800431091.3235047,-0.5,-1.07,-0.57,-28.05,133.28,-39.04,1.32
1800431091.4253125,-0.17,-0.55,-0.19,38.61,40.44,-59.44,0.61
1800431091.5271206,-0.52,-1.16,-0.51,36.68,165.81,-17.24,1.37
1800431091.6289287,-0.16,-0.76,-0.26,40.64,58.8,-41.64,0.82
1800431091.7307367,-0.36,-1.02,-0.26,55.56,76.49,-34.72,1.11
1800431091.8325448,-0.19,-0.99,-0.36,79.08,40.74,-56.86,1.07
1800431091.9343529,-0.19,-1.07,-0.61,33.5,27.21,-54.69,1.24
1800431092.036161,-0.42,-1.03,-0.85,-81.12,19.81,-73.55,1.4
1800431092.137969,0.07,-0.48,-0.43,7.99,-7.17,-19.75,0.65
1800431092.2397768,-0.34,-0.99,-0.71,-58.72,106.25,-29.93,1.27
1800431092.341585,-0.08,-0.78,-0.25,25.75,-40.73,-22.53,0.82
1800431092.443393,-0.03,-1.04,-0.39,71.85,35.41,-37.91,1.11
1800431092.545201,-0.16,-1.02,-0.56,-11.02,39.94,-50.07,1.18
1800431092.6470091,-0.07,-0.97,-0.29,0.64,112.92,-6.18,1.01
1800431092.7488172,-0.49,-1.06,-0.49,-3.9,68.81,-139.47,1.27
1800431092.8506253,-0.2,-0.78,-0.38,66.37,115.06,-66.04,0.89
1800431092.9524333,-0.2,-0.72,-0.62,77.88,16.3,-83.35,0.97
1800431093.0542414,-0.04,-0.88,-0.43,9.87,41.71,-2.42,0.98
1800431093.1560493,-0.25,-0.98,-0.67,65.93,11.1,-62.02,1.21
1800431093.2578573,-0.06,-0.93,-0.7,-26.68,-0.77,-10.55,1.16
1800431093.3596654,-0.33,-0.87,-0.94,4.64,-40.56,-76.85,1.32
1800431093.4614735,0.14,-0.52,-0.5,-71.79,9.54,22.97,0.74
1800431093.5632815,-0.07,-0.84,-0.8,42.41,-19.05,7.96,1.16
1800431093.6650896,0.04,-0.76,-0.46,-43.32,-41.96,17.9,0.89
1800431093.7668977,-0.06,-0.89,-0.58,8.45,-37.16,15.14,1.06
1800431093.8687057,-0.1,-0.92,-0.71,-80.9,27.04,6.55,1.17
1800431093.9705138,-0.48,-1.04,-0.73,-30.35,26.19,-30.28,1.36
0.0,0.0,0.0,0.0,0.0,0.0,0.0,0.0
1800431095.0,-0.16,-1.02,0.23,28.78,-50.6,2.19,1.06
1800431095.101083,-0.14,-1.22,0.11,47.91,-49.58,-51.08,1.23
1800431095.2021663,-0.24,-0.91,-0.18,32.51,16.06,0.13,0.96
1800431095.3032494,-0.26,-1.07,0.09,-10.06,-56.98,23.1,1.1
1800431095.4043326,-0.2,-0.81,0.07,-13.18,11.96,-15.02,0.84
1800431095.5054157,-0.28,-1.01,0.07,-16.08,-18.35,7.42,1.05
1800431095.606499,-0.31,-0.93,0.11,-30.84,-37.01,14.5,0.98
1800431095.707582,-0.26,-1.02,0.14,-8.19,-58.75,-2.94,1.06
1800431095.8086653,-0.23,-1.09,0.28,-35.72,-54.01,-30.0,1.15
1800431095.9097483,-0.0,-1.26,-0.11,56.66,56.1,-20.32,1.27
1800431096.0108316,-0.05,-0.9,-0.0,-38.09,-26.28,11.85,0.9
1800431096.1119146,-0.13,-0.89,0.05,4.59,-4.52,14.59,0.91
1800431096.2129977,-0.15,-0.86,0.18,-6.83,-59.65,25.13,0.89
1800431096.314081,-0.21,-1.0,0.19,16.33,-7.74,24.73,1.04
1800431096.415164,-0.13,-0.96,0.16,26.74,-12.69,-6.47,0.98
1800431096.5162473,-0.27,-1.32,0.34,11.3,4.78,-28.19,1.39
1800431096.6173303,-0.02,-1.14,-0.19,102.23,36.31,-12.68,1.16
1800431096.7184136,-0.2,-0.82,-0.09,-45.78,-24.37,18.67,0.85
1800431096.8194966,-0.22,-0.95,0.04,-13.17,-53.24,15.85,0.97
1800431096.92058,-0.29,-0.91,-0.02,-34.56,-2.16,-17.86,0.95
1800431097.021663,-0.34,-1.01,0.1,-29.25,-29.41,-10.13,1.07
1800431097.1227462,-0.29,-1.02,0.1,-27.11,-45.27,-20.4,1.06
1800431097.2238293,-0.31,-1.03,0.28,-51.75,-70.53,-39.77,1.11
1800431097.3249125,0.11,-1.29,-0.11,50.22,-24.99,-23.2,1.3
1800431097.4259956,-0.06,-0.75,0.07,-61.85,-28.16,16.57,0.76
1800431097.5270786,-0.04,-0.82,0.15,0.27,-10.65,9.83,0.83
1800431097.628162,-0.17,-0.86,0.19,-3.78,-21.28,37.36,0.89
1800431097.729245,-0.1,-0.97,0.15,18.08,-43.51,18.06,0.99
1800431097.8303282,-0.11,-1.09,0.25,35.34,-35.37,13.28,1.12
1800431097.9314113,-0.09,-1.07,0.25,-9.64,-55.69,-54.4,1.1
1800431098.0324945,-0.16,-1.08,-0.2,45.75,22.33,-1.21,1.11
1800431098.1335776,-0.18,-0.88,0.01,-52.73,-66.36,19.6,0.9
1800431098.2346609,-0.11,-0.78,0.01,-2.93,-10.97,6.19,0.79
1800431098.335744,-0.17,-0.97,0.06,-28.77,-1.23,7.62,0.98
1800431098.4368272,-0.22,-0.9,0.17,-25.77,-17.95,-28.61,0.95
1800431098.5379102,-0.26,-1.26,0.19,-32.37,-53.86,-17.85,1.3
1800431098.6389933,0.2,-1.41,-0.1,15.95,-24.58,-25.07,1.42
1800431098.7400765,0.21,-0.87,-0.11,-33.44,-18.22,14.2,0.9
1800431098.8411596,-0.01,-0.82,0.1,-20.21,-3.1,11.12,0.83
1800431098.9422429,-0.02,-0.86,0.14,21.81,-18.81,6.94,0.87
1800431099.043326,-0.01,-0.98,0.26,-8.97,-47.87,29.64,1.01
1800431099.1444092,0.01,-0.96,0.26,33.13,-21.62,8.61,1.0
1800431099.2454922,0.01,-1.08,0.23,-2.31,4.62,19.96,1.1
1800431099.3465755,-0.0,-1.28,-0.05,8.27,50.46,-4.5,1.28
1800431099.4476585,-0.06,-1.05,-0.16,-30.38,-0.66,3.67,1.06
0.0,0.0,0.0,0.0,0.0,0.0,0.0,0.0
1800431100.0,0.26,-0.4,1.15,53.11,-52.31,-28.5,1.25
1800431100.1062734,0.24,0.12,0.72,74.71,-10.62,-53.19,0.77
1800431100.2125468,0.21,0.02,0.78,-49.8,-14.07,-3.08,0.81
1800431100.3188202,0.2,0.12,0.83,-38.13,-8.04,-9.71,0.87
1800431100.4250937,0.17,0.12,0.88,-9.96,-8.21,-9.67,0.9
1800431100.5313673,0.17,0.18,0.91,9.95,40.8,-20.93,0.95
1800431100.6376407,0.17,0.19,1.1,1.24,22.74,113.54,1.12
1800431100.7439141,0.13,-0.41,1.02,61.91,-10.76,-7.72,1.11
1800431100.8501875,0.1,-0.0,0.85,-51.86,-39.05,-53.73,0.85
1800431100.956461,0.04,-0.02,0.83,9.92,-43.53,15.44,0.83
1800431101.0627344,0.04,0.02,0.93,-20.38,-56.06,-13.34,0.93
1800431101.1690078,-0.04,0.08,0.9,45.99,-68.67,-54.27,0.91
1800431101.2752812,0.15,0.06,1.03,51.97,-56.46,-77.1,1.04
1800431101.3815546,0.2,-0.02,1.07,3.8,-16.88,41.93,1.09
1800431101.487828,0.42,-0.15,0.88,91.63,-23.84,-93.72,0.98
1800431101.5941017,0.29,0.07,0.75,-30.39,-22.06,42.17,0.81
1800431101.700375,0.2,0.1,0.74,-32.46,-15.44,28.15,0.77
1800431101.8066485,0.23,0.16,0.86,-50.43,-16.02,12.32,0.91
1800431101.912922,0.2,0.05,0.92,-11.11,-27.69,11.86,0.94
1800431102.0191953,0.25,0.2,0.98,18.69,18.21,4.73,1.03
1800431102.1254687,0.22,-0.33,1.13,-0.44,37.1,46.98,1.19
1800431102.2317421,0.1,-0.23,1.01,-24.78,-44.75,-82.69,1.04
1800431102.3380156,0.17,0.03,0.77,55.51,-13.71,-2.47,0.79
1800431102.444289,0.06,-0.04,0.79,54.74,-49.83,-49.09,0.79
1800431102.5505624,0.14,0.09,0.95,-11.27,20.51,-6.84,0.96
1800431102.656836,0.22,0.08,1.02,27.8,-31.84,-21.93,1.05
1800431102.7631094,0.19,-0.08,1.17,-19.39,-61.84,63.29,1.18
1800431102.8693829,0.25,-0.3,0.9,47.32,-12.1,0.67,0.97
1800431102.9756563,0.26,0.08,0.65,-13.42,-14.51,22.05,0.71
1800431103.0819297,0.1,0.05,0.77,-6.49,-9.47,14.98,0.77
1800431103.188203,0.27,0.12,0.88,-16.08,2.02,18.15,0.93
1800431103.2944765,0.17,0.11,0.91,28.62,2.15,1.86,0.93
1800431103.40075,0.21,0.24,0.99,40.54,12.06,21.66,1.04
1800431103.5070233,0.26,-0.21,1.18,20.16,14.8,-10.37,1.23
1800431103.613297,0.09,-0.04,0.87,-4.65,-15.95,-30.5,0.88
1800431103.7195704,0.13,0.07,0.74,11.98,-10.12,-20.28,0.75
1800431103.8258438,0.11,0.07,0.83,-0.54,-32.8,-3.44,0.84
1800431103.9321172,0.1,0.05,1.0,-27.1,-29.45,12.83,1.0
1800431104.0383906,0.18,0.05,1.0,8.26,-36.96,4.87,1.02
1800431104.144664,0.24,-0.11,1.2,-20.12,-21.8,39.63,1.23
1800431104.2509375,0.31,-0.19,0.87,81.44,3.33,-46.22,0.94
1800431104.3572109,0.25,-0.02,0.73,-13.69,3.91,9.36,0.77
1800431104.4634843,0.16,0.02,0.78,-10.06,-18.4,-31.43,0.8
1800431104.5697577,0.25,0.1,0.91,-15.78,-1.42,-42.36,0.95
1800431104.6760314,0.25,0.14,0.86,49.11,-0.36,-32.02,0.9
0.0,0.0,0.0,0.0,0.0,0.0,0.0,0.0
1800431105.0,0.1,-0.92,0.08,5.24,-56.58,2.93,0.92
1800431105.105607,0.04,-0.92,0.02,1.16,-91.58,-25.88,0.92
1800431105.2112143,0.09,-0.93,0.09,-29.36,-99.08,1.27,0.93
1800431105.3168213,-0.04,-0.88,0.17,-13.46,-94.55,34.74,0.9
1800431105.4224284,0.03,-0.99,0.21,-28.76,-72.6,43.18,1.01
1800431105.5280356,0.16,-0.94,0.34,-13.07,-2.24,66.42,1.01
1800431105.6336427,0.17,-1.06,0.32,-81.15,63.67,69.85,1.12
1800431105.73925,0.4,-1.01,0.23,-25.69,91.03,-25.43,1.11
1800431105.844857,0.12,-0.63,0.19,47.75,92.94,-28.55,0.67
1800431105.950464,0.25,-0.81,0.3,7.71,41.06,-11.55,0.9
1800431106.0560713,0.08,-0.81,0.13,41.85,-25.67,-40.02,0.82
1800431106.1616783,0.02,-0.82,0.06,-16.13,-111.55,47.31,0.82
1800431106.2672853,0.03,-1.08,0.17,-5.3,-201.93,-0.68,1.1
1800431106.3728926,-0.15,-1.34,0.27,116.69,-177.37,62.8,1.37
1800431106.4784997,0.57,-0.9,0.29,130.59,-47.44,-75.36,1.11
1800431106.5841067,0.19,-0.94,0.1,178.33,-110.5,-98.83,0.96
1800431106.689714,-0.0,-0.37,0.1,15.58,-128.54,31.7,0.38
1800431106.795321,0.1,-0.5,0.05,-192.47,-62.13,36.43,0.51
1800431106.9009283,0.22,-1.24,0.26,-141.17,31.71,3.56,1.29
1800431107.0065353,0.07,-1.67,0.34,65.02,93.08,144.57,1.71
1800431107.1121423,0.31,-0.64,0.36,63.52,174.08,-87.86,0.8
1800431107.2177496,0.3,-0.67,0.1,6.2,93.84,-152.28,0.74
1800431107.3233566,0.09,-0.68,-0.0,60.82,36.06,-77.61,0.68
1800431107.4289637,0.04,-0.73,0.02,-53.63,-91.71,80.67,0.74
1800431107.534571,-0.05,-1.13,0.16,-40.05,-211.53,44.1,1.14
0.0,0.0,0.0,0.0,0.0,0.0,0.0,0.0
1800431110.0,0.19,-0.71,0.24,-8.52,98.27,-13.02,0.77
1800431110.1000519,0.19,-0.89,0.15,88.73,74.71,-8.34,0.92
1800431110.2001038,0.09,-0.9,0.08,73.62,-26.34,14.16,0.9
1800431110.3001556,0.19,-0.87,0.01,-66.04,-79.96,-40.06,0.89
1800431110.4002075,-0.02,-1.45,0.3,3.48,-119.38,8.2,1.48
1800431110.5002594,0.43,-1.26,0.32,7.54,-83.64,26.36,1.37
1800431110.6003113,0.35,-0.78,0.1,34.39,-88.58,-110.7,0.86
1800431110.7003632,0.18,-0.87,0.07,-91.39,-134.4,-100.44,0.89
1800431110.8004153,0.21,-0.64,0.25,-116.35,-111.68,-7.24,0.72
1800431110.9004672,0.28,-0.82,0.49,-25.83,-50.62,103.2,0.99
1800431111.000519,0.39,-1.0,0.57,69.42,88.5,102.24,1.21
1800431111.100571,0.52,-1.14,0.5,33.21,137.5,173.36,1.35
1800431111.2006228,0.32,-0.61,0.43,61.81,163.93,63.75,0.82
1800431111.3006747,0.17,-0.73,0.26,81.4,122.37,4.46,0.8
1800431111.4007266,0.14,-0.91,0.24,83.49,26.87,39.78,0.95
1800431111.5007784,0.18,-1.1,0.28,-11.99,-33.78,51.82,1.15
1800431111.6008303,0.31,-1.34,0.5,-90.77,-54.84,82.53,1.46
1800431111.7008822,0.35,-0.66,0.27,62.74,18.65,-160.03,0.79
1800431111.800934,0.16,-0.74,0.35,-11.39,30.29,-55.45,0.83
1800431111.900986,0.31,-0.67,0.46,-8.34,22.16,100.92,0.87
1800431112.0010378,0.25,-0.76,0.4,39.68,94.47,130.6,0.89
1800431112.1010897,0.43,-1.18,0.64,8.97,121.14,143.96,1.41
1800431112.2011416,0.48,-1.18,0.62,41.3,183.3,78.44,1.42
1800431112.3011935,0.27,-0.71,0.46,91.55,227.78,17.47,0.89
0.0,0.0,0.0,0.0,0.0,0.0,0.0,0.0
1800431115.0,-0.17,-0.81,-0.35,33.44,139.98,-25.96,0.9
1800431115.101369,-0.08,-0.84,-0.28,62.66,111.01,-24.68,0.88
1800431115.2027378,-0.07,-1.01,-0.39,18.35,48.01,0.18,1.08
1800431115.304107,0.01,-0.85,-0.23,1.3,25.72,-46.55,0.88
1800431115.4054759,-0.07,-0.95,-0.35,-6.5,10.42,-28.81,1.02
1800431115.5068448,-0.13,-0.92,-0.37,-50.46,35.88,-31.04,1.0
1800431115.6082137,0.1,-0.86,-0.18,11.85,50.77,-14.55,0.89
1800431115.7095828,-0.07,-0.83,-0.31,11.56,67.38,-7.88,0.89
1800431115.8109517,-0.14,-0.91,-0.17,32.59,67.14,-18.43,0.94
1800431115.9123206,-0.12,-0.9,-0.23,24.74,89.46,-10.22,0.94
1800431116.0136895,-0.19,-0.81,-0.2,29.92,95.11,-12.45,0.86
1800431116.1150587,-0.18,-0.81,-0.24,43.57,111.3,-2.29,0.86
1800431116.2164276,-0.21,-0.82,-0.26,53.8,99.13,-24.14,0.89
1800431116.3177965,-0.27,-0.73,-0.21,42.57,122.16,-18.96,0.8
1800431116.4191654,-0.3,-0.67,-0.25,32.19,86.29,-38.91,0.77
1800431116.5205345,-0.37,-0.83,-0.31,-5.89,45.04,-53.66,0.96
1800431116.6219034,-0.3,-0.85,-0.24,-43.84,47.95,-28.08,0.94
1800431116.7232723,-0.28,-0.87,-0.31,-31.4,61.78,-29.34,0.96
1800431116.8246412,-0.41,-1.03,-0.31,-56.86,20.48,-17.09,1.15
1800431116.9260104,-0.17,-1.41,-0.6,39.22,-65.17,79.88,1.54
1800431117.0273793,-0.04,-1.11,-0.12,1.7,34.34,-111.81,1.11
1800431117.1287482,0.0,-0.93,0.0,-77.83,-48.12,-17.5,0.93
1800431117.230117,-0.04,-0.88,-0.18,-111.41,-88.48,15.53,0.9
1800431117.3314862,0.12,-0.82,-0.25,-39.07,2.91,35.82,0.87
1800431117.4328551,0.13,-0.92,-0.18,51.74,28.84,16.48,0.94
1800431117.534224,-0.15,-1.04,-0.25,15.51,32.64,-19.2,1.08
1800431117.635593,-0.07,-0.97,-0.23,13.7,33.11,13.76,1.0
1800431117.736962,-0.1,-0.89,-0.24,-16.42,35.09,3.45,0.93
1800431117.838331,-0.07,-0.87,-0.28,-2.66,14.63,-25.5,0.92
1800431117.9397,-0.12,-0.85,-0.19,-20.66,34.71,-53.07,0.88
0.0,0.0,0.0,0.0,0.0,0.0,0.0,0.0
1800431120.0,0.35,-0.74,0.2,-122.07,-238.56,-209.25,0.84
1800431120.10474,0.34,-1.63,0.37,135.75,-56.93,3.78,1.7
1800431120.20948,-0.0,-1.45,0.13,-154.81,123.82,43.76,1.45
1800431120.31422,-0.3,-0.45,-0.45,-78.41,-68.49,-55.26,0.71
1800431120.4189599,0.03,-0.61,-0.44,30.14,-352.68,121.58,0.76
1800431120.5237,0.47,-2.04,-0.27,34.25,-514.81,-71.62,2.11
1800431120.62844,0.6,-1.07,0.35,112.25,-311.56,203.73,1.28
1800431120.73318,0.12,-0.03,0.56,71.1,-205.11,-133.12,0.58
1800431120.83792,0.47,-0.23,0.49,-73.44,222.17,-186.59,0.72
1800431120.9426599,1.39,-2.06,0.27,-12.82,458.01,-40.39,2.5
1800431121.0474,0.11,-0.78,-0.57,71.07,201.48,45.44,0.97
1800431121.15214,-0.6,-0.06,-0.49,-39.62,18.62,146.89,0.78
1800431121.2568798,0.38,-1.23,-0.29,-25.48,-443.42,78.76,1.32
1800431121.36162,0.48,-1.99,0.44,-39.6,-254.1,271.65,2.1
1800431121.4663599,0.0,0.37,0.58,121.44,-158.56,12.07,0.69
1800431121.5710998,0.01,-0.15,0.31,-13.29,164.68,24.89,0.34
1800431121.67584,1.22,-1.99,0.64,-46.35,447.26,-180.31,2.42
1800431121.7805798,0.3,-1.04,-0.23,258.03,245.13,20.19,1.11
1800431121.88532,-0.44,-0.1,-0.55,27.19,-10.08,126.09,0.71
0.0,0.0,0.0,0.0,0.0,0.0,0.0,0.0
1800431125.0,-0.19,-1.1,0.04,-3.79,-41.02,-23.72,1.12
1800431125.10566,-0.16,-0.99,0.07,23.48,-36.81,-2.32,1.01
1800431125.21132,-0.24,-1.0,0.07,-1.08,-31.56,19.94,1.03
1800431125.31698,-0.21,-0.98,0.04,0.28,-38.07,26.5,1.0
1800431125.4226398,-0.24,-0.98,0.06,1.47,-53.72,16.57,1.02
1800431125.5282998,-0.23,-1.01,-0.02,29.52,-85.29,20.5,1.03
1800431125.6339598,-0.26,-1.05,-0.01,58.34,-119.78,9.98,1.08
1800431125.7396197,-0.32,-1.12,-0.01,49.34,-113.31,5.67,1.17
1800431125.8452797,-0.23,-1.38,0.07,89.94,-92.23,-15.35,1.4
1800431125.9509397,0.02,-0.96,-0.03,28.86,-95.89,8.49,0.96
1800431126.0565996,-0.03,-1.08,-0.15,-25.4,-104.94,60.51,1.09
1800431126.1622596,-0.13,-0.85,0.06,-10.62,-77.43,20.25,0.86
1800431126.2679195,-0.13,-1.0,-0.15,7.19,-41.57,2.36,1.02
1800431126.3735795,-0.2,-0.99,-0.06,-2.42,-29.92,8.85,1.02
1800431126.4792395,-0.34,-1.23,-0.1,-60.97,-49.51,-12.13,1.28
1800431126.5848994,0.07,-1.07,0.22,26.0,8.4,-8.88,1.1
1800431126.6905594,-0.09,-1.1,0.12,-1.15,-21.3,33.0,1.11
1800431126.7962193,-0.13,-0.81,0.04,0.75,-13.92,29.24,0.82
1800431126.9018793,-0.2,-1.0,0.04,40.21,-20.11,24.22,1.02
1800431127.0075393,-0.21,-1.04,-0.01,52.34,-12.96,11.86,1.07
1800431127.1131992,-0.36,-1.42,-0.01,34.21,-49.34,-39.88,1.46
1800431127.2188592,0.08,-1.03,-0.02,33.54,-24.89,-20.29,1.04
1800431127.3245192,-0.01,-1.02,-0.2,-23.56,-76.01,47.39,1.04
1800431127.430179,-0.14,-0.82,-0.01,-15.5,-67.05,23.67,0.83
1800431127.535839,-0.21,-1.04,-0.2,-4.63,-46.82,17.72,1.08
1800431127.641499,-0.21,-1.11,-0.09,-4.81,-42.52,-46.24,1.13
1800431127.747159,-0.18,-1.49,0.09,29.92,-16.49,-27.22,1.5
1800431127.8528187,-0.06,-0.85,0.29,4.6,-15.92,46.09,0.89
1800431127.9584787,-0.17,-1.09,0.08,-22.85,-13.18,48.49,1.11
1800431128.0641387,-0.22,-0.82,0.05,7.07,-36.08,25.58,0.85
1800431128.1697986,-0.28,-1.01,0.14,9.73,-20.41,18.35,1.06
1800431128.2754586,-0.23,-1.09,0.06,43.25,-0.56,2.15,1.12
0.0,0.0,0.0,0.0,0.0,0.0,0.0,0.0
1800431130.0,-0.28,-0.95,0.06,22.39,-23.41,15.92,1.0
1800431130.099659,-0.3,-1.01,0.09,15.63,-7.81,-10.93,1.06
1800431130.1993177,-0.38,-0.97,0.1,12.56,-13.28,-8.01,1.05
1800431130.2989767,-0.53,-0.93,0.2,9.39,32.75,-44.47,1.09
1800431130.3986354,-0.28,-0.73,0.04,-6.23,3.03,-0.75,0.79
1800431130.4982944,-0.41,-0.97,0.03,-23.65,-16.69,34.45,1.06
1800431130.597953,-0.47,-0.97,0.03,-17.48,-40.84,5.14,1.07
1800431130.697612,-0.22,-0.89,0.05,-44.73,-16.7,-24.33,0.91
1800431130.7972708,-0.31,-1.11,0.19,-16.56,34.55,-67.76,1.17
1800431130.8969297,-0.33,-1.11,0.15,26.67,47.92,-28.24,1.17
1800431130.9965885,-0.64,-1.0,0.63,90.95,44.15,-1.64,1.35
1800431131.0962474,-0.02,-0.64,0.09,12.83,45.93,9.88,0.65
1800431131.1959062,-0.54,-1.13,0.35,60.2,63.9,41.48,1.3
1800431131.2955651,-0.12,-0.82,0.11,17.33,34.14,12.66,0.84
1800431131.3952239,-0.47,-1.06,0.18,-11.9,-24.59,11.54,1.17
1800431131.4948828,-0.37,-1.17,0.09,-37.74,-72.5,-24.02,1.22
1800431131.5945415,-0.57,-0.9,0.23,67.31,-108.11,2.52,1.09
1800431131.6942005,-0.2,-0.6,-0.12,-98.58,-14.77,-51.6,0.65
1800431131.7938592,-0.61,-1.02,0.3,21.3,-59.11,42.67,1.22
1800431131.8935182,-0.04,-0.78,-0.06,-25.01,-27.69,-40.12,0.78
1800431131.993177,-0.44,-1.05,0.18,-44.13,33.32,63.19,1.15
1800431132.092836,-0.32,-1.07,0.09,16.32,3.28,-1.1,1.12
1800431132.1924946,-0.72,-1.24,0.63,16.52,154.4,-69.77,1.56
1800431132.2921536,-0.02,-0.66,0.14,53.57,0.52,46.72,0.67
1800431132.3918123,-0.62,-0.88,0.33,46.52,103.96,108.25,1.13
1800431132.4914713,-0.26,-0.67,0.04,43.85,18.73,36.99,0.72
1800431132.59113,-0.45,-0.92,0.14,3.23,20.67,-12.44,1.04
1800431132.690789,-0.46,-1.09,0.18,24.68,-8.87,-39.42,1.19
1800431132.7904477,-0.42,-1.23,0.05,23.74,67.5,18.26,1.3
1800431132.8901067,-0.33,-0.54,0.05,60.95,-11.98,-50.09,0.64
1800431132.9897654,-0.24,-0.94,0.14,-11.43,94.35,-95.67,0.98
1800431133.0894244,-0.55,-0.76,0.21,99.83,38.27,97.01,0.96
1800431133.189083,-0.28,-0.79,0.03,13.78,121.71,-4.19,0.84
1800431133.288742,-0.56,-0.99,0.14,59.12,134.54,39.33,1.14
1800431133.3884008,-0.62,-1.1,0.19,62.51,126.97,12.24,1.27
1800431133.4880598,-0.62,-0.93,0.34,108.35,103.87,39.49,1.16
1800431133.5877185,-0.4,-0.77,0.22,62.67,67.01,2.14,0.9
0.0,0.0,0.0,0.0,0.0,0.0,0.0,0.0
1800431135.0,0.02,-0.96,-0.03,-57.94,-7.43,27.38,0.96
1800431135.0983272,0.01,-0.95,-0.09,-80.45,0.43,34.75,0.95
1800431135.1966546,-0.06,-1.01,-0.23,-100.97,8.09,59.26,1.04
1800431135.2949817,0.17,-1.18,-0.37,-71.09,-0.17,57.31,1.25
1800431135.3933089,0.23,-1.24,-0.59,-47.16,-33.86,11.35,1.39
1800431135.491636,0.25,-1.06,-0.64,-15.53,18.16,-41.98,1.26
1800431135.5899634,0.19,-0.94,-0.42,16.37,-11.45,-41.86,1.05
1800431135.6882906,0.11,-0.9,-0.46,49.26,1.39,-75.42,1.02
1800431135.7866178,0.04,-0.86,-0.34,24.7,-15.65,-57.7,0.92
1800431135.884945,-0.09,-0.82,-0.18,-0.69,24.22,-0.23,0.84
1800431135.9832723,0.14,-0.69,-0.31,114.06,23.04,-18.92,0.77
1800431136.0815995,-0.05,-1.0,-0.27,48.59,17.09,-39.51,1.04
1800431136.1799266,-0.09,-0.95,-0.16,46.47,16.98,7.5,0.97
1800431136.2782538,-0.02,-0.96,-0.09,20.32,16.26,9.49,0.97
1800431136.3765812,-0.05,-1.02,-0.09,13.15,19.4,-2.89,1.02
1800431136.4749084,-0.04,-1.02,-0.1,5.16,34.78,20.56,1.02
1800431136.5732355,-0.08,-0.97,-0.07,-5.46,30.95,11.05,0.98
1800431136.6715627,-0.09,-1.0,0.01,-21.45,26.1,11.86,1.01
1800431136.76989,-0.01,-0.99,-0.07,23.68,35.91,13.07,0.99
1800431136.8682172,-0.02,-0.99,-0.01,14.01,17.11,1.22,0.99
1800431136.9665444,-0.0,-0.98,0.05,11.5,26.57,9.76,0.99
1800431137.0648715,-0.05,-1.0,-0.0,2.48,34.59,-6.07,1.0
1800431137.163199,-0.06,-0.95,0.03,7.67,29.49,-4.88,0.95
1800431137.261526,-0.09,-0.97,0.04,-0.96,30.55,-16.25,0.98
1800431137.3598533,-0.06,-0.95,-0.01,-8.93,34.35,-6.5,0.95
1800431137.4581804,-0.04,-1.04,-0.02,-11.77,44.61,-11.01,1.04
1800431137.5565078,-0.02,-0.94,0.02,-10.8,46.49,-14.61,0.94
1800431137.654835,-0.09,-0.75,-0.07,-39.84,48.63,3.69,0.76
1800431137.7531621,-0.04,-0.58,-0.13,-91.25,38.15,55.02,0.59
1800431137.8514893,0.18,-0.64,-0.3,-44.93,5.7,-23.17,0.73
1800431137.9498167,-0.0,-1.2,-0.49,-30.76,-18.85,-12.22,1.3
1800431138.0481439,-0.13,-2.05,-0.57,131.48,-40.02,-387.72,2.13
1800431138.146471,0.06,0.15,0.25,109.6,120.5,221.23,0.3
1800431138.2447982,-0.17,-1.15,0.05,91.18,21.02,-62.67,1.17
1800431138.3431256,-0.19,-1.04,0.06,74.59,57.47,7.6,1.06
1800431138.4414527,-0.07,-0.8,0.06,-20.6,-7.93,13.13,0.8
1800431138.53978,-0.14,-0.99,0.05,-2.69,-10.88,25.71,1.0
1800431138.6381073,-0.19,-0.97,0.03,9.6,11.3,16.52,0.99
1800431138.7364345,-0.12,-1.03,0.08,-23.57,22.29,8.07,1.04
0.0,0.0,0.0,0.0,0.0,0.0,0.0,0.0
1800431140.0,0.14,-0.92,0.14,-42.3,-81.37,74.83,0.94
1800431140.0988007,0.2,-0.77,0.34,-50.7,-23.33,68.5,0.86
1800431140.1976013,0.47,-1.0,0.45,-78.75,69.27,-8.75,1.19
1800431140.2964022,0.41,-1.21,0.37,-30.15,130.93,-19.28,1.33
1800431140.3952029,-0.12,-0.7,-0.04,33.74,39.81,0.73,0.71
1800431140.4940035,-0.14,-0.27,-0.27,51.53,-227.43,-45.16,0.4
1800431140.5928042,0.52,-1.48,-0.06,166.05,-287.65,89.45,1.57
1800431140.6916049,0.77,-1.32,0.46,230.58,-203.93,109.09,1.6
1800431140.7904058,0.08,0.0,0.47,11.49,-128.62,-6.4,0.47
1800431140.8892064,0.18,-0.06,0.71,-131.52,64.06,-131.55,0.74
1800431140.988007,0.62,-1.13,0.63,-172.86,306.92,41.19,1.43
1800431141.0868077,0.63,-1.33,-0.07,0.5,295.93,0.15,1.47
1800431141.1856084,-0.18,-0.43,-0.29,71.88,34.49,-83.34,0.55
1800431141.2844093,-0.33,0.06,-0.37,178.7,-102.46,-42.14,0.5
1800431141.38321,0.45,-1.89,0.18,-25.47,-316.56,-6.63,1.95
1800431141.4820106,0.37,-1.22,0.49,66.16,-240.46,-16.93,1.37
1800431141.5808113,-0.01,0.27,0.44,-84.53,-95.15,64.98,0.51
1800431141.679612,0.7,-0.38,0.58,-75.24,153.82,40.31,0.99
1800431141.7784128,0.99,-1.9,0.34,10.77,354.47,-124.07,2.17
1800431141.8772135,0.03,-0.85,-0.2,3.39,180.88,-108.54,0.87
1800431141.9760141,-0.37,-0.11,-0.44,82.36,-32.24,24.07,0.58
1800431142.0748148,0.01,-0.43,-0.3,113.9,-272.19,67.26,0.52
1800431142.1736155,0.91,-1.9,0.42,216.55,-299.85,64.33,2.15
1800431142.2724164,0.31,-0.62,0.23,-53.4,-303.46,68.66,0.73
1800431142.371217,0.2,0.1,0.43,111.7,-84.62,32.87,0.49
1800431142.4700177,0.23,-0.79,0.69,41.72,-25.76,58.59,1.07
0.0,0.0,0.0,0.0,0.0,0.0,0.0,0.0
1800431145.0,0.25,-0.9,-0.14,-14.7,-2.22,34.39,0.94
1800431145.1029236,0.14,-0.82,-0.07,-26.91,1.77,13.12,0.84
1800431145.2058473,0.14,-0.82,-0.0,-20.29,-10.85,19.45,0.83
1800431145.308771,0.08,-0.77,0.1,-30.34,-6.82,-6.13,0.78
1800431145.4116945,0.04,-0.92,-0.05,-34.82,-11.59,-41.82,0.92
1800431145.5146182,0.08,-0.9,0.02,-40.6,-18.4,-11.85,0.91
1800431145.6175418,0.01,-0.92,-0.03,-76.84,-25.88,-20.96,0.93
1800431145.7204654,-0.09,-0.94,-0.16,-58.99,21.77,-29.05,0.96
1800431145.823389,-0.03,-1.2,-0.45,23.49,-28.38,-122.32,1.28
1800431145.9263127,-0.01,-1.28,0.26,109.1,-42.94,43.19,1.3
1800431146.0292363,0.1,-0.85,0.26,-81.79,-40.54,-335.46,0.89
1800431146.13216,0.35,-0.89,-0.38,305.96,-201.84,-207.87,1.03
1800431146.2350836,0.47,-1.11,-0.78,-179.27,-14.27,253.38,1.43
1800431146.338007,0.08,-0.9,-0.3,22.55,27.49,-117.48,0.96
1800431146.4409306,0.03,-0.79,-0.4,-34.08,-11.76,6.86,0.89
1800431146.5438542,0.07,-0.79,-0.52,-7.08,9.48,-16.58,0.95
1800431146.6467779,0.12,-0.98,-0.6,-35.71,0.85,-35.5,1.16
1800431146.7497015,0.03,-0.94,-0.46,19.23,-36.51,14.87,1.04
1800431146.8526251,0.09,-0.86,-0.37,54.47,-45.39,73.72,0.94
1800431146.9555488,0.22,-0.81,-0.35,17.28,-6.68,58.06,0.91
1800431147.0584724,0.21,-0.98,-0.44,-19.04,-20.78,31.28,1.1
1800431147.161396,0.19,-0.95,-0.38,-6.96,-10.35,24.67,1.04
1800431147.2643197,0.17,-0.87,-0.3,6.18,-25.26,21.22,0.93
1800431147.3672433,0.14,-1.0,-0.35,6.16,-46.52,58.76,1.07
0.0,0.0,0.0,0.0,0.0,0.0,0.0,0.0
1800431150.0,-0.1,-0.72,0.24,40.22,80.91,9.34,0.77
1800431150.0965278,-0.21,-0.81,0.27,34.98,62.99,-11.71,0.88
1800431150.1930556,-0.1,-0.82,0.36,73.04,-35.3,-19.55,0.9
1800431150.2895837,-0.67,-1.03,0.27,-43.24,-32.74,67.66,1.26
1800431150.3861115,-0.79,-0.92,0.2,-165.8,52.41,-29.17,1.23
1800431150.4826393,-0.19,-0.45,0.21,-88.6,-9.58,-36.33,0.53
1800431150.5791671,-0.26,-0.56,0.0,10.16,-3.21,26.84,0.62
1800431150.6756952,-0.21,-0.59,0.42,50.77,-21.09,-40.21,0.75
1800431150.772223,-0.47,-1.08,0.33,52.59,95.37,-6.26,1.23
1800431150.8687508,-0.78,-1.5,0.15,-23.4,94.88,7.57,1.7
1800431150.9652786,-0.6,-0.7,-0.14,-11.23,61.82,146.35,0.93
1800431151.0618064,-0.18,-0.15,0.02,-13.72,17.06,52.94,0.24
1800431151.1583345,-0.11,-0.21,0.23,-74.15,71.4,-0.19,0.33
1800431151.2548623,-0.5,-0.84,0.36,-74.15,170.08,11.11,1.04
1800431151.3513901,-0.96,-0.69,0.59,-64.81,70.89,-3.07,1.32
1800431151.447918,-1.21,-0.6,0.36,-84.04,-85.82,-73.66,1.4
1800431151.5444458,-0.5,-0.24,0.16,-184.15,-124.97,-94.17,0.58
1800431151.6409738,-0.24,-0.17,0.04,-188.31,-225.68,-69.14,0.29
1800431151.7375016,-0.36,-0.34,0.34,13.87,-149.7,-84.71,0.61
1800431151.8340294,-0.94,-0.8,0.39,-31.52,114.6,120.7,1.29
1800431151.9305573,-1.37,-0.59,0.36,71.37,107.76,125.06,1.54
1800431152.0270853,-0.97,-0.39,-0.12,233.61,338.77,201.94,1.05
1800431152.123613,-0.3,-0.2,0.22,180.75,98.66,38.47,0.42
1800431152.220141,-0.26,-0.27,0.21,20.49,15.16,42.44,0.43
1800431152.3166687,-0.41,-0.76,0.61,50.53,25.18,-20.64,1.06
1800431152.4131966,-1.3,-0.84,0.39,-83.01,43.66,-14.49,1.6
1800431152.5097246,-0.88,-0.84,0.17,69.15,-94.56,2.01,1.22
1800431152.6062524,-0.42,-0.54,-0.03,55.61,-87.41,-13.89,0.69
1800431152.7027802,-0.12,-0.42,0.0,81.52,-18.68,-1.06,0.44
1800431152.799308,-0.14,-0.5,0.25,84.02,69.52,47.87,0.58
0.0,0.0,0.0,0.0,0.0,0.0,0.0,0.0
1800431155.0,0.34,-0.73,0.52,57.5,184.33,-104.28,0.96
1800431155.0993145,0.52,-0.77,0.61,-38.93,168.55,-109.02,1.11
1800431155.1986287,0.35,-0.73,0.28,19.39,120.2,-74.91,0.86
1800431155.297943,0.44,-0.7,0.49,16.05,117.46,-90.32,0.97
1800431155.3972573,0.39,-0.71,0.33,43.43,96.08,-132.69,0.87
1800431155.4965718,0.41,-0.86,0.35,40.29,85.71,-83.41,1.01
1800431155.595886,0.45,-0.83,0.35,36.5,47.11,-127.29,1.01
1800431155.6952004,0.33,-1.0,0.66,16.82,76.39,-111.89,1.25
1800431155.7945147,0.01,-0.64,0.55,-45.67,36.49,-89.62,0.84
1800431155.893829,0.22,-0.8,0.58,-32.02,111.53,-109.37,1.02
1800431155.9931433,0.02,-0.71,0.35,11.14,19.88,-78.65,0.8
1800431156.0924578,-0.0,-0.86,0.46,30.85,66.09,-50.82,0.97
1800431156.191772,-0.07,-0.85,0.36,-5.53,-2.08,-28.06,0.93
1800431156.2910864,0.0,-0.88,0.25,-39.09,-7.71,19.08,0.91
1800431156.3904006,0.02,-0.96,0.33,-36.5,-0.8,-9.49,1.02
1800431156.489715,0.13,-1.0,0.33,-41.0,12.55,1.31,1.06
1800431156.5890293,0.33,-0.78,0.47,-9.27,-44.96,-76.03,0.97
1800431156.6883438,0.05,-0.72,0.16,-55.72,16.28,8.49,0.74
1800431156.7876582,0.36,-0.92,0.5,14.1,-6.17,-43.09,1.11
1800431156.8869724,0.06,-0.81,0.19,1.79,-36.85,16.11,0.83
1800431156.9862869,0.18,-0.93,0.31,54.88,-58.47,17.39,0.99
1800431157.085601,0.09,-0.99,0.44,13.17,-109.05,12.78,1.09
1800431157.1849155,0.08,-1.1,0.61,-45.87,-77.14,47.04,1.26
1800431157.2842298,0.08,-0.74,0.46,-1.24,-173.48,-40.76,0.87
1800431157.3835442,-0.18,-0.66,0.36,-31.22,-126.38,97.08,0.78
1800431157.4828584,0.18,-0.97,0.66,-40.56,-79.54,54.61,1.18
1800431157.5821729,-0.15,-0.77,0.17,-39.3,-105.18,69.29,0.8
1800431157.681487,0.09,-0.94,0.34,-16.84,-58.49,77.76,1.0
1800431157.7808015,0.23,-0.99,0.27,-76.66,-26.89,26.1,1.05
1800431157.8801157,0.09,-0.93,0.14,-39.3,22.42,47.57,0.95
1800431157.9794302,0.21,-0.8,0.28,29.79,-55.29,-61.39,0.87
1800431158.0787444,0.13,-1.05,0.24,10.1,43.03,23.01,1.08
1800431158.1780589,0.05,-0.69,0.23,56.02,-71.44,-48.34,0.73
1800431158.277373,0.1,-0.87,0.31,-22.82,-32.77,29.2,0.93
1800431158.3766875,0.2,-1.02,0.34,0.54,-82.2,-9.57,1.09
1800431158.476002,-0.03,-0.96,0.37,-16.51,-108.05,44.51,1.03
1800431158.5753162,0.18,-0.83,0.52,28.96,-129.28,-37.51,1.0
0.0,0.0,0.0,0.0,0.0,0.0,0.0,0.0
1800431160.0,-0.06,0.74,0.88,-91.02,335.82,-160.2,1.15
1800431160.1010287,0.37,0.16,1.07,55.28,159.61,0.39,1.15
1800431160.2020571,0.13,0.22,0.93,-171.42,-3.01,-25.05,0.97
1800431160.3030858,0.15,-0.24,0.9,-23.87,-63.61,71.99,0.94
1800431160.4041145,0.24,0.15,0.99,42.3,-16.5,0.18,1.03
1800431160.505143,0.26,-0.09,1.01,-24.35,0.32,-0.06,1.05
1800431160.6061716,0.14,-0.15,0.93,-9.97,5.99,-30.77,0.95
1800431160.7072,0.17,0.05,1.06,9.68,-33.68,5.64,1.08
1800431160.8082287,0.12,-0.0,0.98,-7.63,-12.87,15.07,0.99
1800431160.9092574,0.26,0.02,0.99,25.25,5.75,-10.85,1.03
1800431161.0102859,0.2,-0.08,0.95,-5.64,-15.02,-17.27,0.98
1800431161.1113145,0.14,0.0,1.03,12.48,-15.98,-9.76,1.04
1800431161.2123432,0.16,0.07,0.94,8.34,-18.97,16.15,0.95
1800431161.3133717,0.19,-0.05,0.95,-9.1,-12.59,-3.58,0.97
1800431161.4144003,0.17,-0.01,0.95,-1.55,-18.26,-8.88,0.97
1800431161.5154288,0.16,-0.02,1.0,13.09,-14.21,4.88,1.02
1800431161.6164575,0.23,0.03,1.01,-12.08,-10.59,-9.44,1.04
1800431161.7174861,0.2,0.01,0.97,2.63,-2.57,-1.43,0.99
1800431161.8185146,0.23,-0.01,0.97,-4.71,-21.93,-7.95,1.0
1800431161.9195433,0.19,0.02,1.0,-12.95,-20.5,-4.21,1.02
1800431162.020572,0.17,-0.02,0.98,-3.94,2.79,-13.49,1.0
1800431162.1216004,0.19,-0.03,0.98,-8.38,-23.08,-9.04,1.0
0.0,0.0,0.0,0.0,0.0,0.0,0.0,0.0
1800431165.0,0.1,-0.93,-0.05,101.63,-279.63,60.24,0.94
1800431165.102369,0.27,-0.79,-0.11,66.1,-213.85,-15.84,0.84
1800431165.2047381,0.24,-0.92,-0.09,11.09,-55.26,33.17,0.95
1800431165.3071072,0.19,-1.09,-0.14,23.01,33.39,25.68,1.12
1800431165.4094763,0.2,-1.04,-0.25,-92.0,-19.43,-24.04,1.09
1800431165.5118454,0.18,-0.75,-0.14,-59.22,-47.54,42.5,0.78
1800431165.6142144,0.25,-0.92,-0.01,106.4,-81.6,22.27,0.95
1800431165.7165835,0.29,-0.68,-0.15,95.36,-113.73,-57.09,0.76
1800431165.8189526,0.22,-0.74,-0.11,-27.69,-75.84,84.45,0.78
1800431165.9213216,0.16,-1.28,-0.07,-36.35,-110.05,71.79,1.29
1800431166.0236907,0.1,-1.4,-0.21,6.6,-226.39,-20.94,1.42
1800431166.1260598,0.07,-0.85,-0.18,48.27,-207.22,159.47,0.87
1800431166.2284288,0.17,-0.77,-0.12,19.07,-190.98,38.95,0.8
1800431166.3307981,0.33,-0.49,-0.12,-13.21,-150.95,-76.04,0.6
1800431166.4331672,0.33,-0.88,-0.21,-61.08,-24.92,-73.61,0.97
1800431166.5355363,0.42,-1.65,-0.3,-41.6,68.31,-111.1,1.73
1800431166.6379054,0.35,-0.86,-0.24,-45.94,75.99,63.71,0.96
1800431166.7402744,0.16,-0.41,-0.1,-45.32,58.71,150.83,0.45
1800431166.8426435,-0.01,-0.52,0.02,-41.12,-5.52,95.47,0.52
1800431166.9450126,0.03,-1.04,0.11,-74.69,-63.85,-113.36,1.05
1800431167.0473816,0.16,-1.11,-0.1,-109.02,-118.91,-129.22,1.13
1800431167.1497507,-0.02,-1.29,-0.32,33.19,-142.38,50.45,1.33
1800431167.2521198,0.07,-0.77,-0.12,27.2,-157.67,54.0,0.78
1800431167.3544888,0.17,-0.59,-0.17,83.99,-145.62,22.32,0.63
1800431167.456858,0.39,-0.78,-0.16,38.66,-85.04,-116.26,0.89
1800431167.559227,0.34,-1.05,-0.2,-31.0,89.31,3.37,1.13
1800431167.661596,0.3,-1.47,-0.22,-18.34,138.39,-111.76,1.51
1800431167.7639651,0.2,-0.66,-0.13,-44.19,152.22,16.7,0.71
1800431167.8663342,0.09,-0.57,-0.08,-55.61,109.58,54.37,0.58
0.0,0.0,0.0,0.0,0.0,0.0,0.0,0.0
1800431170.0,0.03,-0.91,0.29,12.3,-26.51,8.0,0.96
1800431170.1058357,0.09,-0.95,0.27,27.99,-10.34,-22.54,0.99
1800431170.2116714,-0.02,-1.01,0.24,12.96,-8.45,31.3,1.04
1800431170.3175068,0.01,-1.01,0.22,45.29,-28.96,49.25,1.04
1800431170.4233425,-0.05,-1.01,0.19,15.29,-30.25,10.09,1.03
1800431170.5291781,-0.02,-1.05,0.21,7.09,-25.93,-6.22,1.07
1800431170.6350138,-0.0,-1.01,0.11,11.54,24.15,3.39,1.02
1800431170.7408493,-0.02,-0.97,0.16,13.37,1.53,-7.62,0.98
1800431170.846685,-0.06,-0.97,0.11,5.06,-15.34,0.99,0.97
1800431170.9525206,-0.09,-1.02,0.14,34.76,-28.19,13.77,1.03
1800431171.0583563,-0.05,-1.07,0.11,16.25,-63.63,6.92,1.08
1800431171.164192,-0.08,-1.06,0.15,13.76,-100.99,-5.22,1.07
1800431171.2700274,-0.07,-1.05,0.07,22.08,-108.85,-12.28,1.05
1800431171.375863,-0.06,-1.04,-0.01,29.84,-105.62,0.1,1.04
1800431171.4816988,-0.07,-1.06,-0.06,-2.5,-74.25,7.65,1.07
1800431171.5875344,-0.02,-1.06,-0.04,-3.67,-78.51,-1.19,1.06
1800431171.69337,-0.04,-1.06,-0.19,1.97,-46.27,3.04,1.08
1800431171.7992055,-0.17,-1.21,-0.11,-0.74,-68.46,18.46,1.22
1800431171.9050412,-0.01,-0.94,0.07,-18.84,-141.03,-29.57,0.95
1800431172.010877,0.06,-1.02,0.1,59.02,-43.06,-22.65,1.02
1800431172.1167126,0.08,-1.65,0.18,-28.39,-47.06,118.05,1.67
1800431172.222548,0.07,0.11,0.07,-47.8,-45.19,30.82,0.14
1800431172.3283837,0.1,-0.93,0.03,97.66,-91.51,-170.64,0.93
1800431172.4342194,-0.04,-2.14,0.27,-15.01,-59.82,69.7,2.16
1800431172.540055,-0.11,-0.77,0.06,-28.27,-26.64,67.27,0.78
1800431172.6458907,-0.03,0.11,-0.1,24.8,-46.11,-111.16,0.15
1800431172.7517262,-0.11,-0.97,0.05,24.46,-126.48,-149.82,0.98
1800431172.8575618,-0.18,-2.11,0.43,-32.79,-78.9,144.95,2.16
1800431172.9633975,0.01,-1.4,0.12,41.6,-8.49,100.5,1.41
1800431173.0692332,-0.02,0.05,-0.13,-10.86,-10.46,-44.19,0.14
1800431173.1750686,0.1,-0.77,-0.19,87.29,-102.41,-167.33,0.8
1800431173.2809043,0.23,-2.13,0.21,-17.97,-10.68,22.02,2.15
1800431173.38674,-0.23,-0.66,-0.03,-5.26,2.97,18.48,0.7
1800431173.4925756,-0.03,0.01,-0.01,-54.44,-20.58,-62.63,0.03
1800431173.5984113,0.07,-1.87,0.3,23.61,-18.21,-37.71,1.9
1800431173.7042468,0.03,-1.93,0.38,-31.38,75.44,125.15,1.97
1800431173.8100824,0.13,-0.54,0.01,24.31,70.05,-15.58,0.56
1800431173.915918,0.0,-0.19,-0.05,19.79,2.19,-10.93,0.2
1800431174.0217538,0.04,-0.99,0.01,-54.91,-101.96,-114.96,0.99
1800431174.1275895,-0.09,-1.58,0.37,11.76,-83.55,87.03,1.63
1800431174.233425,-0.08,-1.33,0.3,92.83,-1.04,132.26,1.37
1800431174.3392606,0.1,-0.87,0.01,-11.28,14.12,-25.95,0.88
0.0,0.0,0.0,0.0,0.0,0.0,0.0,0.0
